rebalance_month,ticker,Date,rank,stage1_rank,stage1_score,rank_score,trade_return_20d,trade_excess_return_20d,month,candidate_size
2024-01,1591,2024-01-31,1,1,0.11224723270468581,0.20987555624555637,0.2766798436641693,0.17402110993862152,2024-01,80
2024-01,6919,2024-01-31,2,3,0.06792571483996353,0.19738265498716367,0.101789690554142,-0.0008690375252626836,2024-01,80
2024-01,6547,2024-01-31,3,6,0.06099045181871107,0.1861017812086797,-0.0830564796924591,-0.1857152134180069,2024-01,80
2024-01,3176,2024-01-31,4,47,0.02910059361948939,0.15185745321419036,-0.021039659157395363,-0.12369838356971741,2024-01,80
2024-01,5314,2024-01-31,5,2,0.07048043186782,0.14821603761038735,0.35329341888427734,0.25063470005989075,2024-01,80
2024-01,5272,2024-01-31,6,57,0.027364281763425535,0.1225678155360587,0.10670319199562073,0.004044463858008385,2024-01,80
2024-01,2516,2024-01-31,7,22,0.03452153382127634,0.10657166080278856,0.08860752731561661,-0.014051200821995735,2024-01,80
2024-01,6231,2024-01-31,8,20,0.03700336174704802,0.0887923338364,0.05158722400665283,-0.05107150226831436,2024-01,80
2024-01,4966,2024-01-31,9,78,0.024544335390056144,0.06273007095530996,-0.06787117570638657,-0.17052990198135376,2024-01,80
2024-01,3228,2024-01-31,10,24,0.033634503111080225,0.059399708517851174,0.11258278042078018,0.009924052283167839,2024-01,80
2024-01,4128,2024-01-31,11,28,0.03226705109585068,0.056861378117312754,-0.017391324043273926,-0.12005005031824112,2024-01,80
2024-01,2377,2024-01-31,12,66,0.025920297035743348,0.05206202935543053,0.024657422676682472,-0.07800130546092987,2024-01,80
2024-01,3555,2024-01-31,13,13,0.04040496067085361,0.05122534225977312,-0.12992702424526215,-0.23258575797080994,2024-01,80
2024-01,5203,2024-01-31,14,80,0.024226507983722258,0.03803430830955494,-0.06399119645357132,-0.1666499227285385,2024-01,80
2024-01,4129,2024-01-31,15,46,0.029106721233296506,0.037980701348186915,0.04747162386775017,-0.055187102407217026,2024-01,80
2024-01,3086,2024-01-31,16,10,0.04919855030421672,0.03581775889165016,-0.0363636389374733,-0.1390223652124405,2024-01,80
2024-01,2451,2024-01-31,17,74,0.024936511200759265,0.03455544595201905,0.050125304609537125,-0.05253342166543007,2024-01,80
2024-01,6854,2024-01-31,18,38,0.02990231515260794,0.02491489196315217,-0.007608662359416485,-0.11026739329099655,2024-01,80
2024-01,2454,2024-01-31,19,58,0.02720350859963452,0.020175704250254223,0.2881177067756653,0.1854589730501175,2024-01,80
2024-01,1802,2024-01-31,20,73,0.024940509367083082,0.009240677124978813,-0.011080269701778889,-0.1137389987707138,2024-01,80
2024-01,5213,2024-01-31,21,44,0.029194473138239682,0.009076661582099929,0.12076600641012192,0.018107278272509575,2024-01,80
2024-01,2913,2024-01-31,22,17,0.038077951828987835,0.005727040922418065,-0.004901979584246874,-0.10756070911884308,2024-01,80
2024-01,6021,2024-01-31,23,59,0.0267165907830609,0.003445864795449982,0.026666613295674324,-0.07599211484193802,2024-01,80
2024-01,6121,2024-01-31,24,71,0.024985317787529188,-0.00011328208217188315,0.18952623009681702,0.08686750382184982,2024-01,80
2024-01,5236,2024-01-31,25,7,0.05914784460544062,-0.0017420319593852568,-0.08950609713792801,-0.1921648234128952,2024-01,80
2024-01,6278,2024-01-31,26,11,0.04755780297153735,-0.007709323944400874,0.10270276665687561,4.403859929880127e-05,2024-01,80
2024-01,2851,2024-01-31,27,21,0.03513878151850113,-0.009462082092353158,0.04595188796520233,-0.05670683830976486,2024-01,80
2024-01,2385,2024-01-31,28,79,0.02424113841378612,-0.011170541958920102,0.33030304312705994,0.22764430940151215,2024-01,80
2024-01,3122,2024-01-31,29,12,0.042209703358804175,-0.012545548125402331,0.022891584783792496,-0.079767145216465,2024-01,80
2024-01,8039,2024-01-31,30,45,0.02917920462239581,-0.02009659619494706,-0.06995879113674164,-0.17261752486228943,2024-01,80
2024-02,3303,2024-02-29,1,55,0.034305404215076184,0.04934326917688834,0.017295561730861664,-0.04490697756409645,2024-02,80
2024-02,2850,2024-02-29,2,66,0.031197680884435107,0.04934326917688834,0.2231883406639099,0.1609857976436615,2024-02,80
2024-02,2527,2024-02-29,3,24,0.04201147696361016,0.04934326917688834,0.2583200931549072,0.1961175501346588,2024-02,80
2024-02,5314,2024-02-29,4,1,0.2744147684888826,0.029120376233913944,0.771844744682312,0.709642231464386,2024-02,80
2024-02,5272,2024-02-29,5,46,0.03553219940697872,0.029120376233913944,-0.15012109279632568,-0.2123236358165741,2024-02,80
2024-02,1591,2024-02-29,6,8,0.05619522093997003,0.029120376233913944,0.03144654259085655,-0.03075599856674671,2024-02,80
2024-02,3349,2024-02-29,7,9,0.05571192295133852,0.029120376233913944,-0.09774437546730042,-0.15994691848754883,2024-02,80
2024-02,8176,2024-02-29,8,60,0.03302951755342046,0.029120376233913944,-0.07284770905971527,-0.13505025207996368,2024-02,80
2024-02,6419,2024-02-29,9,40,0.036998776594700425,0.029120376233913944,0.09346743673086166,0.03126489743590355,2024-02,80
2024-02,6735,2024-02-29,10,48,0.03542372035888356,0.029120376233913944,0.19419647753238678,0.13199393451213837,2024-02,80
2024-02,1570,2024-02-29,11,61,0.032412873166448766,0.029120376233913944,0.23471392691135406,0.17251138389110565,2024-02,80
2024-02,1436,2024-02-29,12,13,0.04817507346239689,0.024555027578634238,0.21991242468357086,0.15770988166332245,2024-02,80
2024-02,2347,2024-02-29,13,74,0.029616278103514613,0.024555027578634238,0.02083323337137699,-0.04136930778622627,2024-02,80
2024-02,1907,2024-02-29,14,77,0.0291616246892462,0.024555027578634238,-0.009966790676116943,-0.07216933369636536,2024-02,80
2024-02,3702,2024-02-29,15,69,0.030248665455080426,0.024555027578634238,0.04461367428302765,-0.017588866874575615,2024-02,80
2024-02,2362,2024-02-29,16,50,0.035289145485912034,0.024555027578634238,0.01995013654232025,-0.04225240275263786,2024-02,80
2024-02,2597,2024-02-29,17,37,0.037698481693523384,0.024555027578634238,0.27868834137916565,0.21648579835891724,2024-02,80
2024-02,5213,2024-02-29,18,31,0.039461802893607116,0.024555027578634238,0.11522040516138077,0.05301786586642265,2024-02,80
2024-02,2348,2024-02-29,19,41,0.036652619841356315,0.024555027578634238,0.2669902741909027,0.2047877311706543,2024-02,80
2024-02,3293,2024-02-29,20,58,0.033765845991991554,0.01317768222680536,0.30813947319984436,0.24593693017959595,2024-02,80
2024-02,8045,2024-02-29,21,29,0.040341072914957976,0.01317768222680536,0.08074527978897095,0.018542738631367683,2024-02,80
2024-02,4772,2024-02-29,22,21,0.044019252291621916,0.01317768222680536,-0.023195911198854446,-0.08539845049381256,2024-02,80
2024-02,6186,2024-02-29,23,33,0.038998026953007754,0.01317768222680536,0.1377459615468979,0.07554341852664948,2024-02,80
2024-02,6919,2024-02-29,24,25,0.04199645775267365,0.01317768222680536,0.47058823704719543,0.408385694026947,2024-02,80
2024-02,1316,2024-02-29,25,78,0.029113200316461644,0.01317768222680536,-0.11467890441417694,-0.17688144743442535,2024-02,80
2024-02,3167,2024-02-29,26,54,0.034685231752445325,0.01317768222680536,-0.04472843185067177,-0.10693097114562988,2024-02,80
2024-02,3135,2024-02-29,27,64,0.031787200139280464,0.01317768222680536,-0.09358976036310196,-0.15579229593276978,2024-02,80
2024-02,3228,2024-02-29,28,3,0.10764029862233984,0.005491117504567805,0.051080550998449326,-0.011121989227831364,2024-02,80
2024-02,5490,2024-02-29,29,18,0.044327911701339665,0.005491117504567805,-0.056285176426172256,-0.11848771572113037,2024-02,80
2024-02,4416,2024-02-29,30,79,0.029058049058520115,0.005491117504567805,0.010000010021030903,-0.052202530205249786,2024-02,80
2024-03,6919,2024-03-29,1,12,0.06813809277889593,0.05151357217475025,0.48837220668792725,0.4833388030529022,2024-03,80
2024-03,7728,2024-03-29,2,51,0.032826274855971754,0.05151357217475025,0.36086955666542053,0.3558361530303955,2024-03,80
2024-03,2379,2024-03-29,3,66,0.0289047481909132,0.05151357217475025,-0.07500002533197403,-0.08003344386816025,2024-03,80
2024-03,8089,2024-03-29,4,57,0.0317550119515682,0.05151357217475025,0.123328298330307,0.11829487979412079,2024-03,80
2024-03,3691,2024-03-29,5,28,0.042956301631477546,0.01727253089199863,0.33898305892944336,0.33394965529441833,2024-03,80
2024-03,2636,2024-03-29,6,45,0.034742860562972024,0.01727253089199863,0.07368424534797668,0.06865082681179047,2024-03,80
2024-03,1432,2024-03-29,7,34,0.04058001823856432,0.01727253089199863,-0.03703697770833969,-0.04207039251923561,2024-03,80
2024-03,6829,2024-03-29,8,62,0.030417177137065706,0.01727253089199863,-0.08438825607299805,-0.08942167460918427,2024-03,80
2024-03,2049,2024-03-29,9,70,0.027575314666680097,0.01727253089199863,-0.16726620495319366,-0.17229962348937988,2024-03,80
2024-03,4772,2024-03-29,10,4,0.13878171662908567,0.014686470662963746,-0.03243241086602211,-0.03746582567691803,2024-03,80
2024-03,4749,2024-03-29,11,9,0.08007424045632962,0.014686470662963746,0.0017152156215161085,-0.0033181996550410986,2024-03,80
2024-03,2465,2024-03-29,12,5,0.11491925473080754,0.014686470662963746,0.08677686005830765,0.08174344152212143,2024-03,80
2024-03,6113,2024-03-29,13,14,0.06094885691896661,0.014686470662963746,0.16326525807380676,0.15823183953762054,2024-03,80
2024-03,4534,2024-03-29,14,55,0.03215221897784833,0.014686470662963746,-0.01801808550953865,-0.02305150032043457,2024-03,80
2024-03,3230,2024-03-29,15,64,0.02941732972880577,0.014686470662963746,0.11872143298387527,0.11368801444768906,2024-03,80
2024-03,6425,2024-03-29,16,3,0.17951063690678343,0.011645347807516224,0.2584574520587921,0.2534240484237671,2024-03,80
2024-03,8176,2024-03-29,17,54,0.03235178470483098,0.011645347807516224,0.0361010804772377,0.03106766566634178,2024-03,80
2024-03,6419,2024-03-29,18,65,0.0289680229555141,0.011645347807516224,0.22328238189220428,0.21824896335601807,2024-03,80
2024-03,3167,2024-03-29,19,69,0.02848664558594873,0.011645347807516224,0.019736843183636665,0.014703428372740746,2024-03,80
2024-03,1436,2024-03-29,20,17,0.05155674453566313,0.011645347807516224,0.30493277311325073,0.2998993694782257,2024-03,80
2024-03,3228,2024-03-29,21,31,0.041847168380665045,0.011645347807516224,-0.375,-0.380033403635025,2024-03,80
2024-03,6735,2024-03-29,22,41,0.03742586537344695,0.011645347807516224,-0.15115205943584442,-0.15618547797203064,2024-03,80
2024-03,3349,2024-03-29,23,27,0.04296249026390686,0.011645347807516224,-0.06967208534479141,-0.07470550388097763,2024-03,80
2024-03,1591,2024-03-29,24,18,0.05048056330145863,0.011645347807516224,-0.08035711199045181,-0.08539053052663803,2024-03,80
2024-03,8054,2024-03-29,25,38,0.03961596414127715,0.011645347807516224,0.06462576985359192,0.059592355042696,2024-03,80
2024-03,6462,2024-03-29,26,2,0.20502285456197455,0.011645347807516224,-0.12720848619937897,-0.13224190473556519,2024-03,80
2024-03,6805,2024-03-29,27,16,0.05480852176620935,0.0,0.0025348642375320196,-0.0024985510390251875,2024-03,80
2024-03,2637,2024-03-29,28,43,0.03542959273179036,0.0,0.16609585285186768,0.16106243431568146,2024-03,80
2024-03,2230,2024-03-29,29,46,0.03434239682495117,0.0,0.01169599313288927,0.006662577856332064,2024-03,80
2024-03,8086,2024-03-29,30,58,0.03163825372220334,0.0,-0.048275817185640335,-0.053309231996536255,2024-03,80
2024-04,4967,2024-04-30,1,72,0.04288907920173396,0.17753290618056505,0.3885776996612549,0.326513409614563,2024-04,80
2024-04,4912,2024-04-30,2,24,0.059189952625751746,0.15484355275437853,0.019230738282203674,-0.04283354803919792,2024-04,80
2024-04,6823,2024-04-30,3,11,0.07286914882294716,0.1399054199164005,-0.10918771475553513,-0.17125199735164642,2024-04,80
2024-04,6239,2024-04-30,4,60,0.044216466285999866,0.1399054199164005,0.07386359572410583,0.011799309402704239,2024-04,80
2024-04,6735,2024-04-30,5,52,0.04706059895893342,0.1370381054800058,-0.033658985048532486,-0.09572327136993408,2024-04,80
2024-04,3188,2024-04-30,6,13,0.07142034494317127,0.1370381054800058,0.004886015318334103,-0.05717827007174492,2024-04,80
2024-04,6643,2024-04-30,7,29,0.056686856597084494,0.10491717370078844,-0.06722690910100937,-0.12929119169712067,2024-04,80
2024-04,5519,2024-04-30,8,14,0.06577698206170009,0.0927420652976367,-0.15204085409641266,-0.21410514414310455,2024-04,80
2024-04,9958,2024-04-30,9,44,0.05036027504770896,0.09245262013027904,0.29777777194976807,0.23571348190307617,2024-04,80
2024-04,3044,2024-04-30,10,56,0.04548029676062873,0.08871986414912048,0.06565655767917633,0.003592271823436022,2024-04,80
2024-04,6913,2024-04-30,11,28,0.056979220559814615,0.08853054765752659,0.18735086917877197,0.12528657913208008,2024-04,80
2024-04,5490,2024-04-30,12,5,0.08890495813616203,0.08651953472660025,-0.03723413124680519,-0.09929841756820679,2024-04,80
2024-04,2305,2024-04-30,13,40,0.05170822545632342,0.07896118758546716,0.12641088664531708,0.06434660404920578,2024-04,80
2024-04,1436,2024-04-30,14,7,0.0832747764278317,0.04803574695696733,-0.06484649330377579,-0.12691077589988708,2024-04,80
2024-04,1442,2024-04-30,15,17,0.0636452871103219,0.04803574695696733,0.015624982304871082,-0.04643930494785309,2024-04,80
2024-04,2536,2024-04-30,16,59,0.04493494687414676,0.04803574695696733,-0.08377642184495926,-0.14584070444107056,2024-04,80
2024-04,4966,2024-04-30,17,74,0.04231354118727761,0.045551746980485266,0.07352942228317261,0.011465135961771011,2024-04,80
2024-04,6278,2024-04-30,18,36,0.05255440393002499,0.040645540551108944,-0.004201648756861687,-0.06626593321561813,2024-04,80
2024-04,1591,2024-04-30,19,8,0.08087663905685888,0.039036988188427615,0.16935484111309052,0.10729055851697922,2024-04,80
2024-04,2327,2024-04-30,20,57,0.04499351834585234,0.0390002860197817,0.07223113626241684,0.010166849941015244,2024-04,80
2024-04,6265,2024-04-30,21,26,0.057800275818580896,0.03673991776436301,0.2972972095012665,0.23523291945457458,2024-04,80
2024-04,8358,2024-04-30,22,49,0.04959138010114272,0.03308719340997586,0.06278716027736664,0.0007228743052110076,2024-04,80
2024-04,5213,2024-04-30,23,16,0.0648652106411284,0.030902362608845102,-0.07931027561426163,-0.14137455821037292,2024-04,80
2024-04,3037,2024-04-30,24,55,0.045577007019043485,0.029210221124629288,0.058171819895505905,-0.0038924659602344036,2024-04,80
2024-04,3228,2024-04-30,25,15,0.0651233391291151,0.010289879766706193,0.22514620423316956,0.16308191418647766,2024-04,80
2024-04,2543,2024-04-30,26,10,0.07469741924854621,0.009966862225621041,0.16666674613952637,0.10460246354341507,2024-04,80
2024-04,3592,2024-04-30,27,22,0.059853810651109694,0.007452993789724267,-0.02718680165708065,-0.0892510861158371,2024-04,80
2024-04,6412,2024-04-30,28,32,0.05389237693826243,0.007240557473273582,-0.10144925862550735,-0.16351354122161865,2024-04,80
2024-04,3711,2024-04-30,29,50,0.04928902670537399,0.004996936349116483,0.12802766263484955,0.06596338003873825,2024-04,80
2024-04,6640,2024-04-30,30,3,0.10210352745378824,0.0026159503479782405,0.07274971157312393,0.010685425251722336,2024-04,80
2024-05,4113,2024-05-31,1,7,0.05252427972728996,0.749065001764479,-0.05656931549310684,-0.14556194841861725,2024-05,80
2024-05,5314,2024-05-31,2,10,0.04473902481303302,0.48472993732595737,0.014150897040963173,-0.07484173029661179,2024-05,80
2024-05,6180,2024-05-31,3,28,0.03187077974367728,0.3374425511706815,-0.026066364720463753,-0.11505899578332901,2024-05,80
2024-05,6757,2024-05-31,4,16,0.04216301572796348,0.24791698513083477,0.3051742613315582,0.21618163585662842,2024-05,80
2024-05,6913,2024-05-31,5,1,0.08811663244022382,0.2190383004393446,0.3060028553009033,0.2170102298259735,2024-05,80
2024-05,2327,2024-05-31,6,52,0.02695029753362038,0.21550249349313266,0.1998094618320465,0.1108168289065361,2024-05,80
2024-05,3691,2024-05-31,7,50,0.027393455645111822,0.17426479937133588,0.12595419585704803,0.03696156665682793,2024-05,80
2024-05,6877,2024-05-31,8,19,0.03839889475835535,0.17152186475724204,0.5215311646461487,0.43253853917121887,2024-05,80
2024-05,4991,2024-05-31,9,22,0.03721468799587845,0.1631677837191896,0.10807608813047409,0.019083457067608833,2024-05,80
2024-05,6472,2024-05-31,10,53,0.02690572397397784,0.1501274057934817,0.15334203839302063,0.06434940546751022,2024-05,80
2024-05,8415,2024-05-31,11,70,0.023660598154847133,0.13289976832545,-0.0641200914978981,-0.1531127244234085,2024-05,80
2024-05,1591,2024-05-31,12,18,0.03939150733274616,0.1274017861566561,-0.05972226336598396,-0.14871490001678467,2024-05,80
2024-05,5490,2024-05-31,13,13,0.04303556644475971,0.11223585449110357,0.29357802867889404,0.20458540320396423,2024-05,80
2024-05,6446,2024-05-31,14,62,0.025317302596263077,0.1075355612810811,0.38902145624160767,0.30002883076667786,2024-05,80
2024-05,3228,2024-05-31,15,11,0.04429750356312801,0.09804983376737758,-0.10185185074806213,-0.19084447622299194,2024-05,80
2024-05,3066,2024-05-31,16,2,0.06667857355937234,0.09731422470022921,0.1195402443408966,0.03054761327803135,2024-05,80
2024-05,4949,2024-05-31,17,67,0.024344295659949104,0.09466790680789261,0.047933921217918396,-0.04105870798230171,2024-05,80
2024-05,3303,2024-05-31,18,31,0.0313422759715138,0.0897225286573406,0.06285068392753601,-0.026141947135329247,2024-05,80
2024-05,6727,2024-05-31,19,27,0.03201497416111717,0.08294077769424757,-0.04270993173122406,-0.13170255720615387,2024-05,80
2024-05,7728,2024-05-31,20,42,0.028920352599852147,0.05411110055296703,0.04277724400162697,-0.04621538519859314,2024-05,80
2024-05,8255,2024-05-31,21,56,0.02597864209531143,0.04468499341225636,0.06265059858560562,-0.026342032477259636,2024-05,80
2024-05,5324,2024-05-31,22,24,0.036205728390566266,0.0370614481490519,-0.11627906560897827,-0.20527169108390808,2024-05,80
2024-05,2351,2024-05-31,23,29,0.03135674535219927,0.03254667468581904,0.019607828930020332,-0.06938479840755463,2024-05,80
2024-05,3455,2024-05-31,24,78,0.023042001016839696,0.024528051791370464,0.09193406254053116,0.002941431477665901,2024-05,80
2024-05,6994,2024-05-31,25,54,0.02679932203397135,0.018880095173526505,0.22767849266529083,0.13868586719036102,2024-05,80
2024-05,3430,2024-05-31,26,36,0.03055406695816738,0.015531898455130899,-0.07911398261785507,-0.16810661554336548,2024-05,80
2024-05,1519,2024-05-31,27,46,0.02806146257544195,0.010376359298317228,0.310924232006073,0.2219316065311432,2024-05,80
2024-05,9918,2024-05-31,28,77,0.023046488571927388,0.0047640229583504196,-0.016587773337960243,-0.1055804044008255,2024-05,80
2024-05,4534,2024-05-31,29,14,0.04282689954433145,-0.001738024933870633,0.4501718282699585,0.3611792027950287,2024-05,80
2024-05,1560,2024-05-31,30,32,0.03130059553578943,-0.021269893429096527,0.20209065079689026,0.11309801787137985,2024-05,80
2024-06,7751,2024-06-28,1,1,0.11944779185384129,0.07711347047934144,0.2368381917476654,0.2719489336013794,2024-06,80
2024-06,6913,2024-06-28,2,6,0.06443816119326704,0.07711347047934144,-0.011494296602904797,0.023616459220647812,2024-06,80
2024-06,7721,2024-06-28,3,64,0.038914647002600826,0.06962674485870768,-0.07843879610300064,-0.04332803934812546,2024-06,80
2024-06,2534,2024-06-28,4,18,0.04960249416783306,0.06284110506163325,0.1753537654876709,0.21046452224254608,2024-06,80
2024-06,3360,2024-06-28,5,50,0.041199558891195726,0.06284110506163325,-0.04907970875501633,-0.013968953862786293,2024-06,80
2024-06,3685,2024-06-28,6,10,0.05446476812896814,0.05386466611553646,0.013477089814841747,0.04858784377574921,2024-06,80
2024-06,1436,2024-06-28,7,20,0.049057742266922645,0.04815007073996083,0.2740868628025055,0.3091976046562195,2024-06,80
2024-06,3483,2024-06-28,8,46,0.04178523026540816,0.044981683511955514,-0.18872547149658203,-0.15361471474170685,2024-06,80
2024-06,8476,2024-06-28,9,58,0.0397263036337,0.04369382160258678,-0.008494028821587563,0.02661672607064247,2024-06,80
2024-06,1312,2024-06-28,10,49,0.04122314832010206,0.037982159585419284,0.035587187856435776,0.07069794088602066,2024-06,80
2024-06,4416,2024-06-28,11,39,0.04302525708438145,0.037848415118830414,0.06199184060096741,0.09710259735584259,2024-06,80
2024-06,4534,2024-06-28,12,31,0.045364433915565404,0.036380233107799954,0.1865285187959671,0.22163927555084229,2024-06,80
2024-06,3162,2024-06-28,13,26,0.047168340428830606,0.032904790348258176,0.044585954397916794,0.07969670742750168,2024-06,80
2024-06,1316,2024-06-28,14,3,0.08092789745483188,0.032904790348258176,0.11640215665102005,0.15151290595531464,2024-06,80
2024-06,8935,2024-06-28,15,34,0.04451554507547633,0.031543786237725205,0.35125452280044556,0.38636526465415955,2024-06,80
2024-06,4716,2024-06-28,16,17,0.04991187280294281,0.025829190862149576,0.01511331181973219,0.05022406578063965,2024-06,80
2024-06,3518,2024-06-28,17,79,0.0367720584128104,0.02222008084224807,0.20949268341064453,0.24460344016551971,2024-06,80
2024-06,6177,2024-06-28,18,27,0.04664965841219561,0.02222008084224807,0.20065464079380035,0.23576539754867554,2024-06,80
2024-06,2431,2024-06-28,19,36,0.04345562269530814,0.02222008084224807,0.07723575830459595,0.11234651505947113,2024-06,80
2024-06,4741,2024-06-28,20,56,0.04017572363105319,0.02222008084224807,0.024602174758911133,0.059712931513786316,2024-06,80
2024-06,2528,2024-06-28,21,38,0.043284794880422736,0.02222008084224807,0.10253579914569855,0.13764655590057373,2024-06,80
2024-06,3213,2024-06-28,22,23,0.04775627881663616,0.020813652891529588,-0.13676588237285614,-0.10165512561798096,2024-06,80
2024-06,3025,2024-06-28,23,78,0.03681736667639231,0.015527535241019162,-0.13975569605827332,-0.10464493930339813,2024-06,80
2024-06,6712,2024-06-28,24,72,0.037482626068345744,0.01493900281117019,-0.019900532439351082,0.015210222452878952,2024-06,80
2024-06,6683,2024-06-28,25,66,0.038500184634112755,0.011255190435829631,-0.13939370214939117,-0.10428294539451599,2024-06,80
2024-06,3056,2024-06-28,26,4,0.07081748211409,0.009250192305060481,0.10678206384181976,0.14189282059669495,2024-06,80
2024-06,6219,2024-06-28,27,21,0.048531327338917574,0.008735172965628165,0.34558817744255066,0.38069891929626465,2024-06,80
2024-06,2505,2024-06-28,28,30,0.04540204765969989,0.006787223187450311,0.06972479075193405,0.10483554750680923,2024-06,80
2024-06,5386,2024-06-28,29,70,0.037857730813922345,0.0063375524070146275,-0.06166224554181099,-0.026551490649580956,2024-06,80
2024-06,6596,2024-06-28,30,52,0.04077658646176843,0.0063375524070146275,-0.05405404046177864,-0.018943285569548607,2024-06,80
2024-07,4562,2024-07-31,1,5,0.08603730625235104,0.05529202407014993,0.33508768677711487,0.3273707628250122,2024-07,80
2024-07,8104,2024-07-31,2,44,0.05442880458791196,0.05529202407014993,-0.00561797758564353,-0.013334894552826881,2024-07,80
2024-07,6695,2024-07-31,3,25,0.06266887530362489,0.05529202407014993,-0.09955430030822754,-0.1072712168097496,2024-07,80
2024-07,6243,2024-07-31,4,69,0.04639891344176836,0.05529202407014993,-0.09132842719554901,-0.09904534369707108,2024-07,80
2024-07,7709,2024-07-31,5,77,0.04536191298653397,0.05529202407014993,-0.05217389017343521,-0.059890806674957275,2024-07,80
2024-07,3219,2024-07-31,6,20,0.06692490118034072,0.05529202407014993,0.1330646127462387,0.12534768879413605,2024-07,80
2024-07,7712,2024-07-31,7,41,0.05585267947960802,0.025886869797760243,-0.17000000178813934,-0.177716925740242,2024-07,80
2024-07,6913,2024-07-31,8,11,0.07584374991285167,0.025886869797760243,-0.019305013120174408,-0.027021929621696472,2024-07,80
2024-07,1519,2024-07-31,9,30,0.06035167131611152,0.025886869797760243,-0.059405867010354996,-0.06712278723716736,2024-07,80
2024-07,4991,2024-07-31,10,46,0.054042818311998135,0.025886869797760243,0.10863503068685532,0.10091811418533325,2024-07,80
2024-07,6418,2024-07-31,11,56,0.05105944489337346,0.025886869797760243,0.029953837394714355,0.02223692089319229,2024-07,80
2024-07,3066,2024-07-31,12,21,0.066601159456082,0.025886869797760243,0.07096772640943527,0.06325080990791321,2024-07,80
2024-07,3339,2024-07-31,13,68,0.046399471733962104,0.025886869797760243,0.016949152573943138,0.0092322351410985,2024-07,80
2024-07,3349,2024-07-31,14,35,0.057979994205531966,0.025886869797760243,-0.109375,-0.11709191650152206,2024-07,80
2024-07,1595,2024-07-31,15,59,0.048840820917809405,0.025886869797760243,0.05710485205054283,0.04938793554902077,2024-07,80
2024-07,3379,2024-07-31,16,7,0.08255940063472551,0.02281259947824364,-0.032332487404346466,-0.04004940390586853,2024-07,80
2024-07,8404,2024-07-31,17,53,0.05175666750724597,0.02281259947824364,-0.041884783655405045,-0.04960170015692711,2024-07,80
2024-07,3430,2024-07-31,18,74,0.045765299683154494,0.018512150625657392,0.06942147016525269,0.06170455366373062,2024-07,80
2024-07,8027,2024-07-31,19,51,0.05222047888060485,0.016711500067652416,0.013953488320112228,0.00623657088726759,2024-07,80
2024-07,6684,2024-07-31,20,79,0.04505993847367542,0.016711500067652416,-0.11378002911806107,-0.12149694561958313,2024-07,80
2024-07,6841,2024-07-31,21,3,0.10181588023738562,0.016711500067652416,-0.10199993848800659,-0.10971685498952866,2024-07,80
2024-07,6533,2024-07-31,22,32,0.05879041507970561,0.016711500067652416,-0.038208167999982834,-0.0459250845015049,2024-07,80
2024-07,8040,2024-07-31,23,34,0.058265512618832234,0.016711500067652416,0.09162303805351257,0.08390612155199051,2024-07,80
2024-07,6643,2024-07-31,24,17,0.06804219126901354,0.016711500067652416,-0.176419198513031,-0.18413612246513367,2024-07,80
2024-07,6669,2024-07-31,25,47,0.05393178824750958,0.010638393557951369,-0.10465116053819656,-0.11236807703971863,2024-07,80
2024-07,3354,2024-07-31,26,63,0.04744615806314742,-0.000989171866883223,-0.004866101313382387,-0.012583018280565739,2024-07,80
2024-07,5484,2024-07-31,27,1,0.16380795592554778,-0.005658366679676515,0.046451594680547714,0.03873467817902565,2024-07,80
2024-07,3535,2024-07-31,28,6,0.08458725281921027,-0.005658366679676515,-0.0716845840215683,-0.07940150052309036,2024-07,80
2024-07,3625,2024-07-31,29,14,0.07352019919551374,-0.005658366679676515,-0.07749078422784805,-0.08520770072937012,2024-07,80
2024-07,5490,2024-07-31,30,9,0.07735944423265664,-0.006427125757927402,-0.07317071408033371,-0.08088763058185577,2024-07,80
2024-08,8045,2024-08-30,1,50,0.04093587753656038,0.06277734120265141,-0.038135599344968796,-0.03617985174059868,2024-08,80
2024-08,3094,2024-08-30,2,53,0.03906374089508594,0.06277734120265141,0.004511368926614523,0.006467117462307215,2024-08,80
2024-08,6218,2024-08-30,3,74,0.032517094975913235,0.06119752460943956,-0.033762093633413315,-0.0318063460290432,2024-08,80
2024-08,2465,2024-08-30,4,54,0.03869701046940446,0.057771944635360666,-0.07851245999336243,-0.07655671238899231,2024-08,80
2024-08,2498,2024-08-30,5,62,0.035094418202486426,0.03582945030938013,0.05456563085317612,0.056521378457546234,2024-08,80
2024-08,2431,2024-08-30,6,46,0.0415580295042408,0.03178938122557719,0.019157087430357933,0.02111283503472805,2024-08,80
2024-08,7751,2024-08-30,7,44,0.04393693413385445,0.030608454525662313,-0.1533980816602707,-0.15144233405590057,2024-08,80
2024-08,3002,2024-08-30,8,31,0.04807415475794804,0.02517274929475681,0.064846470952034,0.06680221855640411,2024-08,80
2024-08,3057,2024-08-30,9,71,0.033260273299516155,0.02517274929475681,-0.046153876930475235,-0.04419812932610512,2024-08,80
2024-08,3056,2024-08-30,10,60,0.036124396817344,0.02238870201607098,-0.1347423940896988,-0.13278664648532867,2024-08,80
2024-08,3379,2024-08-30,11,6,0.07134031463742786,0.01489945621268543,-0.16219522058963776,-0.16023947298526764,2024-08,80
2024-08,5484,2024-08-30,12,40,0.04524906991749034,0.01489945621268543,-0.15558336675167084,-0.15362761914730072,2024-08,80
2024-08,3466,2024-08-30,13,34,0.047088560615146845,0.01489945621268543,-0.10975605249404907,-0.10780030488967896,2024-08,80
2024-08,5278,2024-08-30,14,9,0.06680492113267646,0.013567041049119308,0.06026794761419296,0.06222369521856308,2024-08,80
2024-08,6994,2024-08-30,15,48,0.04123639740408306,0.013567041049119308,-0.04230770468711853,-0.04035195708274841,2024-08,80
2024-08,6219,2024-08-30,16,69,0.03377009558740276,0.012858063512015929,-0.21696248650550842,-0.2150067389011383,2024-08,80
2024-08,5328,2024-08-30,17,77,0.032039469438078345,0.012370792460326716,-0.03594636544585228,-0.03399061784148216,2024-08,80
2024-08,4977,2024-08-30,18,41,0.044472462477196585,0.011463877309286916,0.39182060956954956,0.3937763571739197,2024-08,80
2024-08,3625,2024-08-30,19,45,0.04299046223521857,0.010098749670270999,0.028000030666589737,0.029955778270959854,2024-08,80
2024-08,2102,2024-08-30,20,13,0.06403587901925836,-0.0001369046822434339,0.023148147389292717,0.025103894993662834,2024-08,80
2024-08,6418,2024-08-30,21,80,0.031815115001946205,-0.004724094592176573,-0.02428245358169079,-0.02232670597732067,2024-08,80
2024-08,3349,2024-08-30,22,22,0.0535213035030014,-0.0051062331452140335,-0.08529940247535706,-0.08334365487098694,2024-08,80
2024-08,1569,2024-08-30,23,78,0.03200678108235051,-0.005815210682317412,0.2815884053707123,0.2835441529750824,2024-08,80
2024-08,6167,2024-08-30,24,33,0.04754684257562728,-0.006648640780789913,0.06143344193696976,0.06338918954133987,2024-08,80
2024-08,6706,2024-08-30,25,4,0.07411236179216067,-0.006648640780789913,0.2142857164144516,0.21624146401882172,2024-08,80
2024-08,4716,2024-08-30,26,30,0.04828967082741991,-0.007293415000177571,0.19028334319591522,0.19223909080028534,2024-08,80
2024-08,3498,2024-08-30,27,59,0.03653884973242133,-0.011248113998987671,-0.023339303210377693,-0.021383555606007576,2024-08,80
2024-08,6405,2024-08-30,28,16,0.05867155094574835,-0.011248113998987671,0.3233333230018616,0.3252890706062317,2024-08,80
2024-08,3230,2024-08-30,29,21,0.05409172464253846,-0.013242212185101354,0.1875000149011612,0.1894557625055313,2024-08,80
2024-08,6609,2024-08-30,30,67,0.03393518936060642,-0.013242212185101354,0.15570461750030518,0.1576603651046753,2024-08,80
2024-09,8404,2024-09-30,1,53,0.03708472934760449,0.15210706193645207,0.2035573124885559,0.17856056988239288,2024-09,80
2024-09,8937,2024-09-30,2,9,0.0732096239356844,0.12068567490470952,0.3160839080810547,0.29108718037605286,2024-09,80
2024-09,1595,2024-09-30,3,11,0.06804590925651165,0.1089469040194989,0.5489549040794373,0.523958146572113,2024-09,80
2024-09,2444,2024-09-30,4,35,0.05017582372848732,0.09463763618772453,-0.0371621735394001,-0.06215891242027283,2024-09,80
2024-09,6919,2024-09-30,5,15,0.0644317881653523,0.08425352765478054,-0.09693878889083862,-0.12193553149700165,2024-09,80
2024-09,2429,2024-09-30,6,77,0.030342629252272622,0.08425352765478054,-0.02891157753765583,-0.053908318281173706,2024-09,80
2024-09,6698,2024-09-30,7,33,0.05061223235521313,0.07740710162684439,-0.0960698202252388,-0.12106656283140182,2024-09,80
2024-09,3581,2024-09-30,8,43,0.03926072406206986,0.07740710162684439,0.18032783269882202,0.155331090092659,2024-09,80
2024-09,3025,2024-09-30,9,65,0.034390221651185,0.06821119366069457,0.16049373149871826,0.13549698889255524,2024-09,80
2024-09,8034,2024-09-30,10,54,0.03676114936671346,0.06491741683238023,0.15749995410442352,0.1325032114982605,2024-09,80
2024-09,6757,2024-09-30,11,51,0.037426540378845775,0.06046759885398508,0.0893760398030281,0.06437929719686508,2024-09,80
2024-09,7721,2024-09-30,12,63,0.03477518784384002,0.058864848406205164,0.155049666762352,0.13005292415618896,2024-09,80
2024-09,6109,2024-09-30,13,46,0.03842440946058018,0.058864848406205164,-0.05211727321147919,-0.07711401581764221,2024-09,80
2024-09,4971,2024-09-30,14,70,0.03272515751589142,0.05259276612137449,-0.05584419518709183,-0.08084093779325485,2024-09,80
2024-09,6854,2024-09-30,15,50,0.03775851817308742,0.05100845623462681,0.5361139178276062,0.511117160320282,2024-09,80
2024-09,1569,2024-09-30,16,6,0.07592955501584397,0.04790627417837274,0.052197735756635666,0.02720099687576294,2024-09,80
2024-09,7728,2024-09-30,17,40,0.04388337091185122,0.035326362320736146,0.03020136058330536,0.005204620771110058,2024-09,80
2024-09,6180,2024-09-30,18,78,0.03030025413283341,0.03303445117485386,0.025575533509254456,0.0005787939298897982,2024-09,80
2024-09,5278,2024-09-30,19,21,0.05890942166183904,0.03167715548767028,0.23012562096118927,0.20512887835502625,2024-09,80
2024-09,7547,2024-09-30,20,2,0.09235491308344679,0.031424897501450846,0.07187888026237488,0.04688214138150215,2024-09,80
2024-09,3455,2024-09-30,21,25,0.056072742475736646,0.026055037841163038,0.08076926320791245,0.05577252432703972,2024-09,80
2024-09,1527,2024-09-30,22,56,0.036515947704838576,0.024256481635811462,-0.07545163482427597,-0.100448377430439,2024-09,80
2024-09,4513,2024-09-30,23,4,0.08876269179867546,0.020400018592049866,-0.287522554397583,-0.31251928210258484,2024-09,80
2024-09,6122,2024-09-30,24,76,0.030447417095129384,0.019044457280702785,0.04761900007724762,0.022622261196374893,2024-09,80
2024-09,7734,2024-09-30,25,67,0.03352437282895161,0.018838216155853228,0.18439717590808868,0.15940043330192566,2024-09,80
2024-09,4903,2024-09-30,26,20,0.060375670056595956,0.018282882864644807,0.20909088850021362,0.1840941458940506,2024-09,80
2024-09,8927,2024-09-30,27,66,0.033837635272407095,0.015213601039926021,-0.0765766054391861,-0.10157334804534912,2024-09,80
2024-09,4716,2024-09-30,28,37,0.04966815306360678,0.014952955400006566,0.0,-0.024996738880872726,2024-09,80
2024-09,3049,2024-09-30,29,27,0.05505937171584107,0.014952955400006566,0.03271031752228737,0.007713577710092068,2024-09,80
2024-09,6609,2024-09-30,30,12,0.06603793846536457,0.014039083412272217,0.2312137931585312,0.20621705055236816,2024-09,80
2024-10,7721,2024-10-30,1,14,0.05390107445230882,0.5591646403628884,-0.040391646325588226,-0.017538031563162804,2024-10,80
2024-10,6862,2024-10-30,2,1,0.11172910539016315,0.48927564212593583,-0.28863635659217834,-0.26578274369239807,2024-10,80
2024-10,3455,2024-10-30,3,49,0.032090344440542456,0.4472513656841468,-0.07251911610364914,-0.049665503203868866,2024-10,80
2024-10,6890,2024-10-30,4,37,0.03835191696581587,0.4116795352346486,-0.00639386847615242,0.016459746286273003,2024-10,80
2024-10,2061,2024-10-30,5,10,0.05828419394288789,0.31055838255030344,-0.020833412185311317,0.002020202111452818,2024-10,80
2024-10,5278,2024-10-30,6,48,0.032590790810471185,0.30841249286999534,0.08858605474233627,0.11143966764211655,2024-10,80
2024-10,3230,2024-10-30,7,72,0.026809350008174256,0.3006521240569068,0.17595621943473816,0.19880983233451843,2024-10,80
2024-10,6609,2024-10-30,8,16,0.05207353169268326,0.26323844358604287,-0.2212560623884201,-0.19840244948863983,2024-10,80
2024-10,8059,2024-10-30,9,3,0.08830849364473733,0.24402864402241145,-0.07571432739496231,-0.05286071449518204,2024-10,80
2024-10,7547,2024-10-30,10,2,0.08895809803198046,0.24023945449426617,-0.0960383489727974,-0.07318473607301712,2024-10,80
2024-10,8476,2024-10-30,11,20,0.0479332187753268,0.22022604057076808,-0.17492255568504333,-0.15206894278526306,2024-10,80
2024-10,2646,2024-10-30,12,40,0.03495751535680075,0.2143542312990605,-0.04070794954895973,-0.01785433478653431,2024-10,80
2024-10,6913,2024-10-30,13,66,0.02781661141343209,0.1526195947179647,0.03643723949790001,0.05929085239768028,2024-10,80
2024-10,6425,2024-10-30,14,35,0.0394176078346249,0.14016170472657782,-0.05489269271492958,-0.03203907981514931,2024-10,80
2024-10,4991,2024-10-30,15,11,0.054576031612291506,0.1334337989901899,0.40273553133010864,0.4255891442298889,2024-10,80
2024-10,1595,2024-10-30,16,12,0.054196302297396554,0.12783452684901744,-0.33379122614860535,-0.3109376132488251,2024-10,80
2024-10,8034,2024-10-30,17,21,0.0475126693225259,0.1251080393371573,-0.153191477060318,-0.13033786416053772,2024-10,80
2024-10,6821,2024-10-30,18,64,0.028644888021282438,0.11128267977875014,-0.08931854367256165,-0.06646493077278137,2024-10,80
2024-10,6546,2024-10-30,19,9,0.06281980900082328,0.09842309080631843,0.12500004470348358,0.14785365760326385,2024-10,80
2024-10,4113,2024-10-30,20,19,0.05077474304333071,0.09651506673832277,0.12099642306566238,0.14385004341602325,2024-10,80
2024-10,3580,2024-10-30,21,58,0.029892614404510062,0.0929373078761851,0.03351346030831337,0.05636707320809364,2024-10,80
2024-10,6640,2024-10-30,22,53,0.030407035780835725,0.05439462744794782,0.09999993443489075,0.12285354733467102,2024-10,80
2024-10,1786,2024-10-30,23,67,0.027799509752532,0.05322324100048686,-0.10198021680116653,-0.07912660390138626,2024-10,80
2024-10,6727,2024-10-30,24,62,0.029180173609041016,0.05021107652473758,0.09638554602861404,0.11923915892839432,2024-10,80
2024-10,3066,2024-10-30,25,18,0.05082252651096142,0.028002157471415552,-0.07042253762483597,-0.047568924725055695,2024-10,80
2024-10,6706,2024-10-30,26,15,0.05368418201310315,0.025404039770062205,-0.07255520671606064,-0.049701593816280365,2024-10,80
2024-10,2070,2024-10-30,27,8,0.06593593020765984,0.017833085731755006,0.058096375316381454,0.08094999194145203,2024-10,80
2024-10,6187,2024-10-30,28,51,0.03090346446075685,0.0045449229941028286,0.0,0.022853614762425423,2024-10,80
2024-10,6919,2024-10-30,29,41,0.034446313806322126,0.003973004680844588,0.22083330154418945,0.24368691444396973,2024-10,80
2024-10,3665,2024-10-30,30,47,0.03261584979723763,-0.011302719948575008,0.311617910861969,0.33447152376174927,2024-10,80
2024-11,6962,2024-11-29,1,2,0.113462866553822,1.0554215385773198,-0.043243229389190674,-0.0887538269162178,2024-11,80
2024-11,4716,2024-11-29,2,66,0.027820661552429415,0.393754259577278,0.03363228961825371,-0.011878307908773422,2024-11,80
2024-11,2527,2024-11-29,3,55,0.03202972137537317,0.37596705822186954,-0.019556693732738495,-0.06506729125976562,2024-11,80
2024-11,6558,2024-11-29,4,4,0.10168390576347637,0.33764150658720016,0.0074720014818012714,-0.038038596510887146,2024-11,80
2024-11,6609,2024-11-29,5,47,0.03593149101854091,0.31850863884225716,-0.009557888843119144,-0.0550684854388237,2024-11,80
2024-11,3498,2024-11-29,6,13,0.06509841623820044,0.2674426351670822,0.09532707184553146,0.049816474318504333,2024-11,80
2024-11,7721,2024-11-29,7,38,0.03883918779661837,0.24775773736840112,-0.0012611314887180924,-0.04677173122763634,2024-11,80
2024-11,1595,2024-11-29,8,6,0.09841281275612065,0.22069506560389307,0.07331980764865875,0.027809210121631622,2024-11,80
2024-11,6199,2024-11-29,9,62,0.028974796138293155,0.2052800184107257,0.3680258095264435,0.32251521944999695,2024-11,80
2024-11,6151,2024-11-29,10,56,0.03150655677400724,0.20148774533316133,-0.16804979741573334,-0.21356040239334106,2024-11,80
2024-11,7547,2024-11-29,11,59,0.029660077317986446,0.17896558610545077,-0.11125316470861435,-0.15676376223564148,2024-11,80
2024-11,8476,2024-11-29,12,51,0.032918384076417465,0.13298807986389805,-0.13708268105983734,-0.18259328603744507,2024-11,80
2024-11,8935,2024-11-29,13,71,0.02582554741262731,0.10923737626736195,0.006880803965032101,-0.038629792630672455,2024-11,80
2024-11,8045,2024-11-29,14,43,0.0379461613833576,0.10110781343701364,-0.1387614607810974,-0.18427206575870514,2024-11,80
2024-11,1569,2024-11-29,15,57,0.031019015965887894,0.07789133927716574,-0.19999998807907104,-0.24551059305667877,2024-11,80
2024-11,6223,2024-11-29,16,61,0.0291179775242521,0.03634800189630312,0.19354838132858276,0.14803777635097504,2024-11,80
2024-11,3040,2024-11-29,17,68,0.027562118748024837,0.03186470945932071,0.09368640929460526,0.048175811767578125,2024-11,80
2024-11,3032,2024-11-29,18,49,0.03370053941985111,0.016294140678357407,0.11552342027425766,0.07001282274723053,2024-11,80
2024-11,4903,2024-11-29,19,75,0.025150783762527534,0.003263412355803576,-0.11464092135429382,-0.16015152633190155,2024-11,80
2024-11,6442,2024-11-29,20,25,0.05116026941726902,0.0023214546840962125,0.2826087474822998,0.23709814250469208,2024-11,80
2024-11,8104,2024-11-29,21,39,0.03848436219524865,-0.0027448977976928385,-0.20603449642658234,-0.25154510140419006,2024-11,80
2024-11,8038,2024-11-29,22,18,0.05985965412937188,-0.0028017904181796144,-0.1379845142364502,-0.18349511921405792,2024-11,80
2024-11,2332,2024-11-29,23,34,0.04058490506444796,-0.015301919557009156,0.18636372685432434,0.1408531218767166,2024-11,80
2024-11,6862,2024-11-29,24,37,0.03946420312196601,-0.038017564766001925,-0.00892865750938654,-0.054439254105091095,2024-11,80
2024-11,3511,2024-11-29,25,10,0.07119572948699524,-0.038311558663855876,-0.10943392664194107,-0.1549445241689682,2024-11,80
2024-11,7751,2024-11-29,26,52,0.03279271877334869,-0.03989923732984366,-0.011002441868185997,-0.056513041257858276,2024-11,80
2024-11,6109,2024-11-29,27,36,0.039734375898823567,-0.040211218972806204,-0.054687485098838806,-0.10019808262586594,2024-11,80
2024-11,4971,2024-11-29,28,20,0.05903228297754878,-0.041486171067968494,0.026106731966137886,-0.019403865560889244,2024-11,80
2024-11,3081,2024-11-29,29,29,0.044104285447029656,-0.06743499718429789,0.12316712737083435,0.07765652984380722,2024-11,80
2024-11,3625,2024-11-29,30,22,0.05440376591917979,-0.07553235863165605,0.18437504768371582,0.1388644427061081,2024-11,80
2024-12,1225,2024-12-31,1,64,0.061493804959878454,0.29178787481922663,0.1846344769001007,0.1653955727815628,2024-12,80
2024-12,1342,2024-12-31,2,28,0.07329873482310395,0.245374875778664,0.1111111044883728,0.0918722078204155,2024-12,80
2024-12,6691,2024-12-31,3,16,0.08351345876641587,0.23689089141795025,0.07109559327363968,0.05185669660568237,2024-12,80
2024-12,5274,2024-12-31,4,1,0.1352007485207457,0.2278728123780821,0.12574847042560577,0.10650957375764847,2024-12,80
2024-12,8935,2024-12-31,5,30,0.0725801571825416,0.20345472886648017,0.0939597487449646,0.0747208520770073,2024-12,80
2024-12,6640,2024-12-31,6,33,0.0705511658527703,0.18801283953193676,-0.22031253576278687,-0.23955143988132477,2024-12,80
2024-12,6669,2024-12-31,7,52,0.06437975926072195,0.17298728135463187,-0.1576923280954361,-0.176931232213974,2024-12,80
2024-12,3543,2024-12-31,8,58,0.06263378393476338,0.15162487721459256,-0.015151584520936012,-0.03439048305153847,2024-12,80
2024-12,5284,2024-12-31,9,19,0.08193706198958675,0.14740697996087934,-0.028301933780312538,-0.04754083231091499,2024-12,80
2024-12,6706,2024-12-31,10,15,0.08412569345194579,0.14420172971648232,-0.19123506546020508,-0.21047396957874298,2024-12,80
2024-12,4526,2024-12-31,11,70,0.05999425266031029,0.10219727164757156,-0.04153847321867943,-0.060777369886636734,2024-12,80
2024-12,3349,2024-12-31,12,2,0.11521511984423502,0.10093004582111502,0.32456135749816895,0.30532246828079224,2024-12,80
2024-12,6166,2024-12-31,13,35,0.06991830150629164,0.09898915765961322,0.08171219378709793,0.062473297119140625,2024-12,80
2024-12,4562,2024-12-31,14,7,0.08805379439667954,0.08489115610957301,-0.12816689908504486,-0.14740580320358276,2024-12,80
2024-12,3054,2024-12-31,15,76,0.05785994673121434,0.07716916100673119,-0.0602409653365612,-0.07947986572980881,2024-12,80
2024-12,2528,2024-12-31,16,26,0.07353539712185089,0.06572395041101857,-0.0508875697851181,-0.07012646645307541,2024-12,80
2024-12,7709,2024-12-31,17,80,0.056824403311511826,0.06456214598418766,-0.01628660224378109,-0.035525500774383545,2024-12,80
2024-12,4556,2024-12-31,18,57,0.06280385591699471,0.05498928799620156,-0.02187502756714821,-0.041113924235105515,2024-12,80
2024-12,4766,2024-12-31,19,53,0.06428087840881658,0.04819486394033912,0.07301584631204605,0.053776949644088745,2024-12,80
2024-12,2404,2024-12-31,20,31,0.07210582174777216,0.04541483765445469,0.020876847207546234,0.0016379496082663536,2024-12,80
2024-12,8234,2024-12-31,21,60,0.062070520403385156,0.0415941147860389,0.0015243670204654336,-0.01771453022956848,2024-12,80
2024-12,6885,2024-12-31,22,17,0.08263438049859488,0.029788286154861815,-0.03381640091538429,-0.0530552975833416,2024-12,80
2024-12,3363,2024-12-31,23,78,0.0575692117467785,0.009256560908393809,0.3562752902507782,0.3370364010334015,2024-12,80
2024-12,1569,2024-12-31,24,46,0.06701844797916354,0.0038778567428923126,0.10453647375106812,0.08529757708311081,2024-12,80
2024-12,4147,2024-12-31,25,55,0.0637615135495618,0.0019177686087426885,0.041618481278419495,0.02237958461046219,2024-12,80
2024-12,4577,2024-12-31,26,3,0.10182161871656605,-0.006476351862937477,-0.024561429396271706,-0.04380032792687416,2024-12,80
2024-12,6419,2024-12-31,27,47,0.06588156043343929,-0.007208492365933961,-0.019230790436267853,-0.03846968710422516,2024-12,80
2024-12,1432,2024-12-31,28,44,0.06707182144195757,-0.007368534679238115,0.01913873851299286,-0.00010015905718319118,2024-12,80
2024-12,4564,2024-12-31,29,23,0.07719200133857716,-0.032518208002220925,0.06666669994592667,0.04742780327796936,2024-12,80
2024-12,1528,2024-12-31,30,43,0.0670929912486561,-0.03448802387850532,-0.003424670547246933,-0.02266356721520424,2024-12,80
2025-01,2387,2025-01-22,1,43,0.03032623813764781,0.08006691808567853,0.15737707912921906,0.1900719404220581,2025-01,80
2025-01,6672,2025-01-22,2,6,0.05906817954638021,0.07687492665769823,0.03205128014087677,0.06474614888429642,2025-01,80
2025-01,3011,2025-01-22,3,4,0.06739427090822962,0.07277939733002985,-0.013550135307013988,0.019144732505083084,2025-01,80
2025-01,3686,2025-01-22,4,65,0.024107247043487802,0.05356621021858993,0.040114544332027435,0.07280941307544708,2025-01,80
2025-01,3349,2025-01-22,5,75,0.021828608534087565,0.0534797656767924,0.23225809633731842,0.26495295763015747,2025-01,80
2025-01,6854,2025-01-22,6,12,0.0471648034007734,0.047145134219177674,0.05707196146249771,0.08976683020591736,2025-01,80
2025-01,2505,2025-01-22,7,76,0.021759408875699538,0.04328711139574096,0.0311750415712595,0.063869908452034,2025-01,80
2025-01,3406,2025-01-22,8,27,0.03512758825519242,0.04269841984330575,0.09318181872367859,0.12587668001651764,2025-01,80
2025-01,6191,2025-01-22,9,72,0.02276153492077867,0.03976087645352695,0.12421384453773499,0.15690870583057404,2025-01,80
2025-01,5434,2025-01-22,10,28,0.03489069258065871,0.03976087645352695,-0.0035087023861706257,0.02918616496026516,2025-01,80
2025-01,2258,2025-01-22,11,55,0.02555923324629521,0.03976087645352695,0.06666667014360428,0.09936153888702393,2025-01,80
2025-01,1598,2025-01-22,12,10,0.049618793629898725,0.03976087645352695,-0.027570005506277084,0.005124861374497414,2025-01,80
2025-01,3526,2025-01-22,13,46,0.029911553190258473,0.02374448785455771,0.07750480622053146,0.11019967496395111,2025-01,80
2025-01,6176,2025-01-22,14,53,0.026606684156670817,0.02374448785455771,-0.002551076700910926,0.03014378994703293,2025-01,80
2025-01,4563,2025-01-22,15,20,0.03799846467320568,0.017775842350102575,0.14955633878707886,0.1822512000799179,2025-01,80
2025-01,6220,2025-01-22,16,60,0.024964224320356998,0.011589465103263363,0.03271978721022606,0.06541465222835541,2025-01,80
2025-01,5536,2025-01-22,17,44,0.030324813781329462,0.008582713455105282,-0.11009175330400467,-0.07739688456058502,2025-01,80
2025-01,6691,2025-01-22,18,33,0.03286624379644156,0.008582713455105282,-0.06638114154338837,-0.03368627279996872,2025-01,80
2025-01,2404,2025-01-22,19,14,0.04444886414879971,0.008582713455105282,-0.13469389081001282,-0.10199902206659317,2025-01,80
2025-01,2480,2025-01-22,20,13,0.04712980456648903,0.008582713455105282,0.13194452226161957,0.16463938355445862,2025-01,80
2025-01,3088,2025-01-22,21,17,0.039156953783800345,0.008582713455105282,0.11290322244167328,0.14559808373451233,2025-01,80
2025-01,6199,2025-01-22,22,2,0.08698633487773638,0.008452281721094926,-0.1853281855583191,-0.15263332426548004,2025-01,80
2025-01,6805,2025-01-22,23,24,0.03694810647567182,0.005164555931170694,0.00756429135799408,0.04025916010141373,2025-01,80
2025-01,2324,2025-01-22,24,31,0.03439372922756169,0.004593526793831631,0.02060442417860031,0.05329929292201996,2025-01,80
2025-01,5314,2025-01-22,25,1,0.12493607983092879,0.004356752393426547,0.06524635851383209,0.09794122725725174,2025-01,80
2025-01,3689,2025-01-22,26,9,0.05132983464228295,-0.0006024505953832504,0.1744186282157898,0.20711348950862885,2025-01,80
2025-01,3376,2025-01-22,27,68,0.023623028265602808,-0.00107867229889453,0.297619104385376,0.3303139805793762,2025-01,80
2025-01,2484,2025-01-22,28,30,0.03457390065523166,-0.0024999986438341247,0.10855938494205475,0.1412542462348938,2025-01,80
2025-01,6153,2025-01-22,29,35,0.03216177046588248,-0.0024999986438341247,0.02380955033004284,0.05650441721081734,2025-01,80
2025-01,6414,2025-01-22,30,67,0.023790057089857836,-0.0025119747698834575,0.10573483258485794,0.1384297013282776,2025-01,80
2025-02,6854,2025-02-27,1,5,0.041891731949095054,1.082146900612968,-0.18501171469688416,-0.12210112810134888,2025-02,80
2025-02,4414,2025-02-27,2,43,-0.009941395218191752,0.48009484600245017,-0.07455017417669296,-0.011639587581157684,2025-02,80
2025-02,6199,2025-02-27,3,16,0.00254085523829068,0.24576780185618632,0.2075471729040146,0.27045777440071106,2025-02,80
2025-02,5314,2025-02-27,4,1,0.3422432812871859,0.2152563567778529,0.7820512652397156,0.8449618816375732,2025-02,80
2025-02,8045,2025-02-27,5,10,0.018149026462605737,0.2101676564825866,-0.0724637359380722,-0.009553149342536926,2025-02,80
2025-02,6596,2025-02-27,6,39,-0.00801300034930635,0.11432240472087438,0.08888881653547287,0.15179941058158875,2025-02,80
2025-02,6515,2025-02-27,7,42,-0.009458058107473188,0.08140831429267198,-0.22388063371181488,-0.1609700471162796,2025-02,80
2025-02,3661,2025-02-27,8,80,-0.017181347728457096,0.0519115905426079,-0.06497623026371002,-0.0020656434353441,2025-02,80
2025-02,3044,2025-02-27,9,38,-0.007641476921281411,0.025941021539877922,-0.04245281592011452,0.02045777067542076,2025-02,80
2025-02,6191,2025-02-27,10,67,-0.015420441733860512,0.016767904928903024,-0.046767447143793106,0.016143139451742172,2025-02,80
2025-02,6919,2025-02-27,11,4,0.05331033691533765,-0.007758308683694676,-0.09139785170555115,-0.02848726511001587,2025-02,80
2025-02,2357,2025-02-27,12,18,0.0015261073954241486,-0.019564060830310967,-0.04179108515381813,0.021119501441717148,2025-02,80
2025-02,6873,2025-02-27,13,71,-0.01608123875790571,-0.07550682740198403,-0.07865171134471893,-0.015741124749183655,2025-02,80
2025-02,2466,2025-02-27,14,3,0.05811613136284965,-0.09652392589147417,0.008641937747597694,0.07155252248048782,2025-02,80
2025-02,8176,2025-02-27,15,53,-0.014087906516215363,-0.10384192228283508,0.007017570547759533,0.06992815434932709,2025-02,80
2025-02,5474,2025-02-27,16,33,-0.0068216844941784115,-0.10562271052984551,-0.15189872682094574,-0.08898814022541046,2025-02,80
2025-02,2258,2025-02-27,17,41,-0.00912444392348328,-0.11201838436214624,-0.05555558577179909,0.007355001289397478,2025-02,80
2025-02,7728,2025-02-27,18,31,-0.0055946660457026984,-0.11745431765271966,-0.1418539136648178,-0.07894332706928253,2025-02,80
2025-02,2528,2025-02-27,19,9,0.01924274307145324,-0.11917968598321405,-0.14445576071739197,-0.08154517412185669,2025-02,80
2025-02,6442,2025-02-27,20,7,0.03848179343591784,-0.1254406485201235,-0.07015707343816757,-0.007246486376971006,2025-02,80
2025-02,4540,2025-02-27,21,8,0.021668566160442108,-0.13346447598565225,-0.180242657661438,-0.11733207106590271,2025-02,80
2025-02,4912,2025-02-27,22,73,-0.016152176619317647,-0.18489935899144225,-0.1927272081375122,-0.12981662154197693,2025-02,80
2025-02,2516,2025-02-27,23,45,-0.011204620984762645,-0.18595437035362924,-0.06521739065647125,-0.0023068038281053305,2025-02,80
2025-02,4536,2025-02-27,24,56,-0.014479562515220774,-0.19498098593555044,-0.0779816284775734,-0.015071041882038116,2025-02,80
2025-02,3689,2025-02-27,25,69,-0.01582869166799688,-0.19704224449999597,-0.10344825685024261,-0.040537670254707336,2025-02,80
2025-02,1436,2025-02-27,26,62,-0.015149277393329445,-0.2136777377032484,-0.06810034811496735,-0.0051897610537707806,2025-02,80
2025-02,8422,2025-02-27,27,77,-0.017019646335008243,-0.23978896789774606,0.04582209140062332,0.1087326779961586,2025-02,80
2025-02,6739,2025-02-27,28,6,0.04052339984237393,-0.25278709054564247,-0.24657537043094635,-0.18366478383541107,2025-02,80
2025-02,6657,2025-02-27,29,2,0.05885122125882955,-0.2691093767360395,0.020408185198903084,0.08331876993179321,2025-02,80
2025-02,3665,2025-02-27,30,61,-0.01479308112418895,-0.27833662686798427,-0.08135603368282318,-0.018445447087287903,2025-02,80
2025-03,6112,2025-03-31,1,76,0.05132468122680259,0.05169823399462251,0.05197501927614212,0.07424373179674149,2025-03,80
2025-03,3054,2025-03-31,2,18,0.06886970474495152,0.05169823399462251,0.02991456352174282,0.052183277904987335,2025-03,80
2025-03,3349,2025-03-31,3,3,0.10656181685590793,0.033757982901599974,-0.10209427773952484,-0.07982556521892548,2025-03,80
2025-03,2465,2025-03-31,4,50,0.05468549483873647,0.033757982901599974,-0.15145984292030334,-0.12919113039970398,2025-03,80
2025-03,2331,2025-03-31,5,68,0.052273314577772345,0.033757982901599974,-0.0964912697672844,-0.07422255724668503,2025-03,80
2025-03,2495,2025-03-31,6,77,0.05124826697932385,0.033757982901599974,-0.06261863559484482,-0.04034992307424545,2025-03,80
2025-03,6121,2025-03-31,7,56,0.053703192722917105,0.033757982901599974,-0.06434310972690582,-0.04207439720630646,2025-03,80
2025-03,6933,2025-03-31,8,52,0.05441170684791978,0.033757982901599974,0.03236246109008789,0.054631173610687256,2025-03,80
2025-03,4540,2025-03-31,9,30,0.06367653754421942,0.033757982901599974,-0.10236218571662903,-0.08009347319602966,2025-03,80
2025-03,1540,2025-03-31,10,35,0.06032680283541978,0.033757982901599974,-0.01234570425003767,0.009923010133206844,2025-03,80
2025-03,5386,2025-03-31,11,44,0.05529818781884705,0.033757982901599974,-0.0015456252731382847,0.020723089575767517,2025-03,80
2025-03,3057,2025-03-31,12,41,0.055879072777082525,0.033757982901599974,-0.1418367624282837,-0.11956804990768433,2025-03,80
2025-03,3625,2025-03-31,13,21,0.06663907568079595,0.033757982901599974,-0.10130719840526581,-0.07903848588466644,2025-03,80
2025-03,4562,2025-03-31,14,29,0.06371702198572138,0.033757982901599974,0.058510638773441315,0.08077935129404068,2025-03,80
2025-03,5474,2025-03-31,15,66,0.05250025930546784,0.033757982901599974,-0.10094638168811798,-0.07867766916751862,2025-03,80
2025-03,6591,2025-03-31,16,48,0.05478077018631645,0.033757982901599974,-0.0661323219537735,-0.04386360943317413,2025-03,80
2025-03,8114,2025-03-31,17,57,0.05353908886711487,0.033757982901599974,-0.050185881555080414,-0.0279171671718359,2025-03,80
2025-03,1519,2025-03-31,18,36,0.060303967900218115,0.033757982901599974,-0.07064015418291092,-0.048371441662311554,2025-03,80
2025-03,2208,2025-03-31,19,34,0.06125451631569692,0.024981577543291295,-0.011764750815927982,0.010503963567316532,2025-03,80
2025-03,3081,2025-03-31,20,32,0.0627464445081155,0.024981577543291295,-0.09482764452695847,-0.0725589320063591,2025-03,80
2025-03,2362,2025-03-31,21,49,0.05477733523957961,0.024981577543291295,0.03114933893084526,0.053418051451444626,2025-03,80
2025-03,3479,2025-03-31,22,74,0.051460209087291896,0.024981577543291295,-0.1427312195301056,-0.12046250700950623,2025-03,80
2025-03,5314,2025-03-31,23,7,0.08981843025570697,0.024981577543291295,-0.22589166462421417,-0.2036229521036148,2025-03,80
2025-03,4564,2025-03-31,24,61,0.053330871159535345,0.024981577543291295,-0.20128482580184937,-0.17901611328125,2025-03,80
2025-03,6442,2025-03-31,25,11,0.07723482285130574,0.024981577543291295,-0.16470588743686676,-0.1424371749162674,2025-03,80
2025-03,8043,2025-03-31,26,46,0.05507145689128787,0.004615102347740662,-0.015267197042703629,0.007001517340540886,2025-03,80
2025-03,6269,2025-03-31,27,63,0.0530713525872181,0.004615102347740662,-0.15920396149158478,-0.1369352489709854,2025-03,80
2025-03,5475,2025-03-31,28,43,0.055669555920152464,0.004615102347740662,-0.12800003588199615,-0.10573132336139679,2025-03,80
2025-03,2314,2025-03-31,29,15,0.0735958853477306,0.004615102347740662,-0.05603453144431114,-0.03376581892371178,2025-03,80
2025-03,6141,2025-03-31,30,26,0.065261601175786,0.004615102347740662,-0.25839996337890625,-0.23613125085830688,2025-03,80
2025-04,8937,2025-04-30,1,13,0.0723552402570375,0.2781720021716309,0.09125475585460663,0.036287132650613785,2025-04,80
2025-04,5314,2025-04-30,2,1,0.13490144136860505,0.24218039762499105,-0.06456956267356873,-0.11953718960285187,2025-04,80
2025-04,3059,2025-04-30,3,48,0.04932663862210752,0.21065214357687903,0.09349584579467773,0.03852822259068489,2025-04,80
2025-04,6219,2025-04-30,4,31,0.05717488478117878,0.18464150450867828,-0.02120133303105831,-0.076168954372406,2025-04,80
2025-04,2221,2025-04-30,5,67,0.04458370853199205,0.17470240099241224,0.08253363519906998,0.027566011995077133,2025-04,80
2025-04,5530,2025-04-30,6,39,0.053377068846259555,0.17298004937841166,-0.09620989114046097,-0.1511775106191635,2025-04,80
2025-04,3230,2025-04-30,7,36,0.0551752891128072,0.15654063591161715,-0.15356262028217316,-0.2085302472114563,2025-04,80
2025-04,5278,2025-04-30,8,14,0.07140321729006112,0.14360874544496166,0.022222209721803665,-0.03274541348218918,2025-04,80
2025-04,3622,2025-04-30,9,23,0.06152200789539698,0.13912310381702003,0.06299211829900742,0.008024494163691998,2025-04,80
2025-04,2614,2025-04-30,10,54,0.0479044734067655,0.12363313387613156,0.09785933047533035,0.04289170727133751,2025-04,80
2025-04,2466,2025-04-30,11,79,0.04237161805640131,0.11925193742604485,-0.04222225770354271,-0.09718988090753555,2025-04,80
2025-04,3038,2025-04-30,12,41,0.05304069675096825,0.11623440378651952,-0.03726706653833389,-0.09223469346761703,2025-04,80
2025-04,4949,2025-04-30,13,3,0.11805502955573553,0.10163387593724417,-0.062193114310503006,-0.11716073751449585,2025-04,80
2025-04,1584,2025-04-30,14,17,0.06691971666436136,0.09914034021453767,-0.09948541224002838,-0.15445303916931152,2025-04,80
2025-04,3441,2025-04-30,15,77,0.04283034207427646,0.08150601850223009,-0.011764748953282833,-0.06673236936330795,2025-04,80
2025-04,6199,2025-04-30,16,55,0.0478097191592391,0.07874835974686106,-0.0223214291036129,-0.07728905230760574,2025-04,80
2025-04,3356,2025-04-30,17,32,0.056457297532420785,0.07838097445640588,-0.19043760001659393,-0.24540522694587708,2025-04,80
2025-04,8935,2025-04-30,18,2,0.12494811768177302,0.07677389817608248,0.17301045358181,0.11804282665252686,2025-04,80
2025-04,3443,2025-04-30,19,78,0.042379370681917945,0.07345184882564407,0.10426540672779083,0.04929778352379799,2025-04,80
2025-04,3455,2025-04-30,20,34,0.05560381824667876,0.07310427726265112,-0.09322034567594528,-0.14818796515464783,2025-04,80
2025-04,8942,2025-04-30,21,59,0.04679770604743862,0.061358804658872716,-0.03320314362645149,-0.08817076683044434,2025-04,80
2025-04,8089,2025-04-30,22,7,0.08108317800055537,0.0479264490845589,-0.22204971313476562,-0.2770173251628876,2025-04,80
2025-04,2323,2025-04-30,23,72,0.044182591459317716,0.042406531760101306,0.03647798299789429,-0.018489640206098557,2025-04,80
2025-04,2258,2025-04-30,24,50,0.04893996046357055,0.03859342963644379,0.10874996334314346,0.05378234013915062,2025-04,80
2025-04,3054,2025-04-30,25,20,0.0646318226327776,0.03549311810957311,-0.04980079457163811,-0.10476841777563095,2025-04,80
2025-04,6209,2025-04-30,26,40,0.05310292558774795,0.032663856876919695,0.0541081540286541,-0.0008594701066613197,2025-04,80
2025-04,3555,2025-04-30,27,18,0.06570459396908637,0.028054079684561535,-0.11297712475061417,-0.1679447442293167,2025-04,80
2025-04,5245,2025-04-30,28,5,0.0875801178332244,0.025152904144797646,0.09133484214544296,0.03636721894145012,2025-04,80
2025-04,1569,2025-04-30,29,42,0.05222966210811501,0.024513019630267925,-0.014014028944075108,-0.06898165494203568,2025-04,80
2025-04,6668,2025-04-30,30,51,0.048476786160453235,0.020629987483192218,0.223011314868927,0.16804368793964386,2025-04,80
2025-05,6944,2025-05-29,1,47,0.03107618960108905,0.33752878119091206,0.10953610390424728,0.05178738385438919,2025-05,80
2025-05,3147,2025-05-29,2,69,0.019618078574185786,0.1141785771667731,0.02222222089767456,-0.03552649915218353,2025-05,80
2025-05,5475,2025-05-29,3,66,0.021745991914367237,0.11235860304739814,0.5029411315917969,0.4451923966407776,2025-05,80
2025-05,2101,2025-05-29,4,26,0.04677050246648032,0.0982510539270022,-0.05256408452987671,-0.1103128045797348,2025-05,80
2025-05,6657,2025-05-29,5,27,0.04523437610294114,0.06609492078111574,0.008683046326041222,-0.04906567558646202,2025-05,80
2025-05,3528,2025-05-29,6,55,0.026284248281787083,0.06602631945075736,-0.058679740875959396,-0.11642846465110779,2025-05,80
2025-05,8431,2025-05-29,7,37,0.03790658308651517,0.044484832140391666,-0.051918718963861465,-0.10966744273900986,2025-05,80
2025-05,3207,2025-05-29,8,12,0.054949630847542494,0.03502806265325991,0.13513512909412384,0.07738640904426575,2025-05,80
2025-05,3025,2025-05-29,9,41,0.036898102396100044,0.030597832622000748,-0.031434230506420135,-0.08918295055627823,2025-05,80
2025-05,2314,2025-05-29,10,20,0.04782260930404069,0.023752043137716644,0.37575763463974,0.3180088996887207,2025-05,80
2025-05,4416,2025-05-29,11,42,0.03680204590529025,0.02285133212328569,-0.021909257397055626,-0.07965797930955887,2025-05,80
2025-05,3066,2025-05-29,12,23,0.047578682005444996,0.02095987252835484,-0.04968945309519768,-0.10743817687034607,2025-05,80
2025-05,3354,2025-05-29,13,64,0.022626654395179215,0.017248609264279666,-0.033802855759859085,-0.09155157953500748,2025-05,80
2025-05,4737,2025-05-29,14,62,0.02301941955854173,0.006323401766474691,-0.010581950657069683,-0.06833066791296005,2025-05,80
2025-05,2548,2025-05-29,15,67,0.020557250382246237,-7.83832413052965e-05,-0.04000008851289749,-0.09774880856275558,2025-05,80
2025-05,2498,2025-05-29,16,58,0.024730921293470348,-0.0006743745932865485,0.01940491423010826,-0.03834380581974983,2025-05,80
2025-05,1325,2025-05-29,17,24,0.047332841377010756,-0.002242469134932949,-0.24146339297294617,-0.29921212792396545,2025-05,80
2025-05,6684,2025-05-29,18,35,0.038303297392361046,-0.007525829082859661,0.06170601770281792,0.003957297652959824,2025-05,80
2025-05,8034,2025-05-29,19,11,0.057563835812801466,-0.014316979533005874,0.1949685961008072,0.1372198760509491,2025-05,80
2025-05,6108,2025-05-29,20,1,0.12287734829870907,-0.026817316172597375,-0.03135893866419792,-0.08910766243934631,2025-05,80
2025-05,3054,2025-05-29,21,10,0.06520837290880264,-0.03392667142318861,0.03463200107216835,-0.023116718977689743,2025-05,80
2025-05,3040,2025-05-29,22,60,0.024057320523698928,-0.034957749645222747,0.4898296296596527,0.4320808947086334,2025-05,80
2025-05,6442,2025-05-29,23,48,0.031036713725700805,-0.0382077166518519,0.0576496496796608,-9.907038474921137e-05,2025-05,80
2025-05,6919,2025-05-29,24,39,0.03757076332120205,-0.04201309020416055,0.5222349166870117,0.46448618173599243,2025-05,80
2025-05,6534,2025-05-29,25,79,0.017458764040327788,-0.04808312714563061,6.92464219298472e-09,-0.057748712599277496,2025-05,80
2025-05,2535,2025-05-29,26,73,0.01875175749797374,-0.04991532127935637,-0.0807754397392273,-0.1385241597890854,2025-05,80
2025-05,5228,2025-05-29,27,33,0.04035400288598661,-0.05932422341009467,0.05182929337024689,-0.005919426679611206,2025-05,80
2025-05,6141,2025-05-29,28,57,0.025556974949330374,-0.06973985845693495,0.04621850326657295,-0.011530216783285141,2025-05,80
2025-05,6533,2025-05-29,29,19,0.05012158381788486,-0.07172409455325929,0.11985018849372864,0.062101468443870544,2025-05,80
2025-05,5263,2025-05-29,30,77,0.017860820634802207,-0.07288968966840648,-0.11111114174127579,-0.16885986924171448,2025-05,80
2025-06,6442,2025-06-30,1,66,0.023029845796529738,0.4843184938365971,0.35128509998321533,0.2993009090423584,2025-06,80
2025-06,7547,2025-06-30,2,39,0.03423224749264011,0.37955825129427084,0.32945412397384644,0.2774699330329895,2025-06,80
2025-06,2348,2025-06-30,3,58,0.026366044402408573,0.36180222699384046,-0.03361347317695618,-0.08559765666723251,2025-06,80
2025-06,3147,2025-06-30,4,49,0.029501397992962274,0.3264612037908639,-0.10576926171779633,-0.15775343775749207,2025-06,80
2025-06,7749,2025-06-30,5,1,0.07720665272054048,0.28477248298311836,-0.16565349698066711,-0.21763767302036285,2025-06,80
2025-06,7740,2025-06-30,6,26,0.04043546552805117,0.2794721092570645,0.0748792290687561,0.022895049303770065,2025-06,80
2025-06,5278,2025-06-30,7,46,0.03113478189803654,0.2614160939839545,0.35353535413742065,0.3015511631965637,2025-06,80
2025-06,1519,2025-06-30,8,57,0.027297443221180055,0.2539748801205793,0.2539251744747162,0.20194099843502045,2025-06,80
2025-06,2615,2025-06-30,9,43,0.03272931654084728,0.23590083717300245,0.01893092319369316,-0.03305325657129288,2025-06,80
2025-06,6625,2025-06-30,10,18,0.04691663423480023,0.21171386346117094,-0.08502025902271271,-0.13700443506240845,2025-06,80
2025-06,8937,2025-06-30,11,4,0.06966996566100722,0.20433058560848194,-0.06711409240961075,-0.11909827589988708,2025-06,80
2025-06,3293,2025-06-30,12,64,0.024093035715201945,0.20304509779783678,-0.03803122788667679,-0.09001541137695312,2025-06,80
2025-06,7751,2025-06-30,13,3,0.06979331317247535,0.19738117688210582,0.06459054350852966,0.01260636281222105,2025-06,80
2025-06,6944,2025-06-30,14,15,0.05004763510715558,0.16541494978138355,0.01897250860929489,-0.03301167115569115,2025-06,80
2025-06,6510,2025-06-30,15,12,0.05327583898305782,0.16426673581358806,-0.02295047789812088,-0.07493466138839722,2025-06,80
2025-06,1570,2025-06-30,16,72,0.021183848937841615,0.1217813160874148,-0.016563156619668007,-0.0685473382472992,2025-06,80
2025-06,6716,2025-06-30,17,76,0.02039678038428686,0.11375636017018904,-0.0776699036359787,-0.12965407967567444,2025-06,80
2025-06,8422,2025-06-30,18,51,0.02910618000706276,0.09298353580644377,0.0357142873108387,-0.01626989245414734,2025-06,80
2025-06,6669,2025-06-30,19,50,0.02921753480171759,0.08494569405246918,0.02161100134253502,-0.03037317842245102,2025-06,80
2025-06,8942,2025-06-30,20,20,0.04403089776666352,0.08237659776325812,0.017017221078276634,-0.03496696054935455,2025-06,80
2025-06,6461,2025-06-30,21,24,0.041509180106285404,0.07965634834082339,0.10764870792627335,0.05566452816128731,2025-06,80
2025-06,2480,2025-06-30,22,61,0.025208296381297377,0.07772330969665817,0.04207119718194008,-0.009912983514368534,2025-06,80
2025-06,2376,2025-06-30,23,77,0.01991450884122582,0.06874409843779575,0.015817204490303993,-0.036166977137327194,2025-06,80
2025-06,2547,2025-06-30,24,30,0.039553633552898426,0.04174930714598776,-0.014795147813856602,-0.06677933037281036,2025-06,80
2025-06,8027,2025-06-30,25,80,0.01931010202808693,0.03746706698032731,-0.018867995589971542,-0.07085217535495758,2025-06,80
2025-06,3057,2025-06-30,26,32,0.03838736707450401,0.03174800590168324,-0.014150996692478657,-0.06613517552614212,2025-06,80
2025-06,6152,2025-06-30,27,53,0.02851355051007099,0.006923686595616882,0.005868454929441214,-0.046115726232528687,2025-06,80
2025-06,3528,2025-06-30,28,69,0.022004044385066184,-0.011235372720206738,0.10239367932081223,0.05040949955582619,2025-06,80
2025-06,3167,2025-06-30,29,70,0.021915297168376098,-0.016088160729846413,0.2889733910560608,0.23698921501636505,2025-06,80
2025-06,3555,2025-06-30,30,63,0.024297516532821996,-0.019112689372541916,0.33085501194000244,0.2788708209991455,2025-06,80
2025-07,6274,2025-07-31,1,25,0.032268797796360375,0.3886325017459741,0.3808630406856537,0.3513874411582947,2025-07,80
2025-07,6805,2025-07-31,2,18,0.037102840303960244,0.28181555124442226,0.27631717920303345,0.24684159457683563,2025-07,80
2025-07,2404,2025-07-31,3,23,0.03454215823728012,0.2566209120409716,0.5,0.470524400472641,2025-07,80
2025-07,6442,2025-07-31,4,7,0.05790841420141247,0.2468781080190816,0.5400000214576721,0.5105244517326355,2025-07,80
2025-07,2059,2025-07-31,5,37,0.027334044673633536,0.2422489418826197,0.16346153616905212,0.1339859515428543,2025-07,80
2025-07,2383,2025-07-31,6,5,0.06577637930804184,0.23812515121609282,0.09417040646076202,0.06469481438398361,2025-07,80
2025-07,7751,2025-07-31,7,1,0.09964635742530148,0.21083466932606904,0.08342362195253372,0.05394802987575531,2025-07,80
2025-07,3665,2025-07-31,8,32,0.029402344110177798,0.18617562367461268,0.21468926966190338,0.18521368503570557,2025-07,80
2025-07,6727,2025-07-31,9,46,0.021599604256726402,0.1527743093567488,1.53125,1.5017744302749634,2025-07,80
2025-07,6510,2025-07-31,10,9,0.05569509803129225,0.14923860557914484,0.45614033937454224,0.4266647398471832,2025-07,80
2025-07,4991,2025-07-31,11,73,0.013383668651031995,0.11518838609020314,-0.03021148033440113,-0.05968707054853439,2025-07,80
2025-07,2368,2025-07-31,12,33,0.028937775346471583,0.09865796253228175,0.3538874089717865,0.3244118094444275,2025-07,80
2025-07,1519,2025-07-31,13,22,0.03476495775313305,0.09052711404899984,-0.0030816642101854086,-0.032557256519794464,2025-07,80
2025-07,3624,2025-07-31,14,59,0.017540903838542492,0.08775812980629703,-0.09280742704868317,-0.12228301912546158,2025-07,80
2025-07,1570,2025-07-31,15,75,0.012742081782197523,0.08649103616921432,-0.0528634674847126,-0.08233905583620071,2025-07,80
2025-07,8210,2025-07-31,16,16,0.03808276451171415,0.08082140757170034,0.15340909361839294,0.12393350154161453,2025-07,80
2025-07,6691,2025-07-31,17,29,0.03126689590532104,0.07919168816022065,0.14953270554542542,0.120057113468647,2025-07,80
2025-07,6735,2025-07-31,18,52,0.02006672104478447,0.0774532885750242,0.19999998807907104,0.17052440345287323,2025-07,80
2025-07,3596,2025-07-31,19,48,0.020829991981428413,0.062224359439248075,0.028199566528201103,-0.0012760249665006995,2025-07,80
2025-07,6534,2025-07-31,20,11,0.053794202422283395,0.061875460748840455,0.28158193826675415,0.25210633873939514,2025-07,80
2025-07,8422,2025-07-31,21,30,0.03086136316526261,0.06159303465600837,0.04736842215061188,0.017892830073833466,2025-07,80
2025-07,3017,2025-07-31,22,4,0.07942126605295882,0.06046757823776674,0.12578582763671875,0.09631023555994034,2025-07,80
2025-07,3147,2025-07-31,23,41,0.025933626051656188,0.04970174491488391,0.1639440804719925,0.13446849584579468,2025-07,80
2025-07,9918,2025-07-31,24,14,0.04281488195577646,0.025055888346500285,-0.014869851060211658,-0.044345442205667496,2025-07,80
2025-07,6944,2025-07-31,25,6,0.06311200303978645,0.002498410287205311,0.4016686677932739,0.3721930682659149,2025-07,80
2025-07,3131,2025-07-31,26,50,0.020666342420655216,-0.007002204554270107,0.03767123445868492,0.008195643313229084,2025-07,80
2025-07,5439,2025-07-31,27,60,0.01684947638560229,-0.009263503410998217,0.24277456104755402,0.2132989764213562,2025-07,80
2025-07,2330,2025-07-31,28,69,0.013675481932447942,-0.03635896580362259,0.02654867246747017,-0.002926918910816312,2025-07,80
2025-07,6919,2025-07-31,29,20,0.03626676429347668,-0.11046730944507456,0.5679012537002563,0.5384256839752197,2025-07,80
2025-07,6894,2025-07-31,30,28,0.03130273073271157,-0.11734441412709437,0.046341463923454285,0.016865871846675873,2025-07,80
2025-08,6418,2025-08-29,1,21,0.045783987106135675,0.3021334663720253,1.2658611536026,1.2102669477462769,2025-08,80
2025-08,3717,2025-08-29,2,13,0.05504150691489458,0.24003722131917835,-0.015345229767262936,-0.07093946635723114,2025-08,80
2025-08,3694,2025-08-29,3,54,0.0313003424623356,0.2257803639812328,-0.21515154838562012,-0.27074578404426575,2025-08,80
2025-08,2368,2025-08-29,4,37,0.035348457428790406,0.1636630313914975,-0.17417417466640472,-0.22976841032505035,2025-08,80
2025-08,3665,2025-08-29,5,15,0.05233774617373564,0.1021289828902499,-0.05837320536375046,-0.11396744102239609,2025-08,80
2025-08,3211,2025-08-29,6,70,0.026660173597704513,0.07477768914960452,-0.008403361774981022,-0.06399759650230408,2025-08,80
2025-08,1436,2025-08-29,7,35,0.03608456154213157,0.06772234045688298,0.012552322819828987,-0.04304191470146179,2025-08,80
2025-08,5536,2025-08-29,8,23,0.04302248960534575,0.05064109984533877,-0.22833843529224396,-0.2839326858520508,2025-08,80
2025-08,4207,2025-08-29,9,25,0.0422401876186771,0.04073587670765855,0.030303094536066055,-0.025291142985224724,2025-08,80
2025-08,2483,2025-08-29,10,66,0.02736092067624979,0.025656467541877913,0.0854271724820137,0.029832934960722923,2025-08,80
2025-08,1595,2025-08-29,11,55,0.031202366656784004,0.02257077966073852,-0.08374378830194473,-0.13933803141117096,2025-08,80
2025-08,3357,2025-08-29,12,58,0.030612104519793466,0.015213181332925138,0.036437246948480606,-0.019156990572810173,2025-08,80
2025-08,3081,2025-08-29,13,5,0.06452101332965195,0.014264985007342985,-0.07306889444589615,-0.12866313755512238,2025-08,80
2025-08,1815,2025-08-29,14,45,0.0335313636333346,0.013823216252505932,-0.1505376398563385,-0.20613187551498413,2025-08,80
2025-08,3402,2025-08-29,15,52,0.03152779814626832,0.010572812822273703,-0.07857143133878708,-0.1341656744480133,2025-08,80
2025-08,3071,2025-08-29,16,12,0.05574395083627398,0.010165296653554257,-0.16483516991138458,-0.2204294055700302,2025-08,80
2025-08,6442,2025-08-29,17,27,0.04111182462253605,0.005664923789231369,-0.16301968693733215,-0.21861392259597778,2025-08,80
2025-08,1108,2025-08-29,18,53,0.03138972213394624,0.003186704399644965,-0.02272723615169525,-0.07832147181034088,2025-08,80
2025-08,2059,2025-08-29,19,68,0.027065033364872933,-0.0032749136258431143,0.026490066200494766,-0.029104171320796013,2025-08,80
2025-08,2385,2025-08-29,20,46,0.03344886744951273,-0.02023614449220839,-0.003636363660916686,-0.05923060327768326,2025-08,80
2025-08,3653,2025-08-29,21,9,0.0598662185261119,-0.029343285231856062,0.011520737782120705,-0.044073499739170074,2025-08,80
2025-08,2371,2025-08-29,22,33,0.03657873357164748,-0.03365659075880786,-0.015037651173770428,-0.07063189148902893,2025-08,80
2025-08,7728,2025-08-29,23,56,0.030942222962143218,-0.03455595510658517,-0.08749999850988388,-0.1430942416191101,2025-08,80
2025-08,3044,2025-08-29,24,79,0.02537112969448343,-0.03523108619099244,-0.09937888383865356,-0.1549731194972992,2025-08,80
2025-08,2308,2025-08-29,25,57,0.03092948285260099,-0.04350825188883056,0.2011331468820572,0.14553891122341156,2025-08,80
2025-08,5439,2025-08-29,26,22,0.0430955781985282,-0.0452619581229297,-0.04334365203976631,-0.09893789142370224,2025-08,80
2025-08,2392,2025-08-29,27,64,0.028462150926301933,-0.05265058903856814,-0.01787588745355606,-0.07347012311220169,2025-08,80
2025-08,2383,2025-08-29,28,44,0.0336785121851312,-0.057496843419269694,0.012396694160997868,-0.04319754242897034,2025-08,80
2025-08,2421,2025-08-29,29,24,0.04238500821760029,-0.07017897422888911,-0.11355311423540115,-0.16914735734462738,2025-08,80
2025-08,6197,2025-08-29,30,49,0.03232785374047448,-0.07333802327778118,-0.13725490868091583,-0.19284914433956146,2025-08,80
2025-09,2344,2025-09-30,1,34,0.04238448499722222,0.35006341036978694,0.6227544546127319,0.5293090343475342,2025-09,80
2025-09,2404,2025-09-30,2,68,0.03545612539314778,0.33195297289708775,-0.049614112824201584,-0.14305950701236725,2025-09,80
2025-09,2330,2025-09-30,3,32,0.04318683010933464,0.3168101541642798,0.12831442058086395,0.03486902266740799,2025-09,80
2025-09,2327,2025-09-30,4,37,0.041810965829210074,0.0977971014385618,0.4434782564640045,0.35003286600112915,2025-09,80
2025-09,3630,2025-09-30,5,18,0.053540384747764146,0.054554660476724616,-0.08766718208789825,-0.18111257255077362,2025-09,80
2025-09,2451,2025-09-30,6,49,0.03978565637719746,0.043699541014518915,0.17777778208255768,0.08433238416910172,2025-09,80
2025-09,2449,2025-09-30,7,65,0.036678861217336434,0.014121191788080141,0.3231707215309143,0.22972533106803894,2025-09,80
2025-09,2429,2025-09-30,8,58,0.03733824802262944,-0.018717419419065247,-0.2522449195384979,-0.3456903100013733,2025-09,80
2025-09,1504,2025-09-30,9,74,0.03348587645385895,-0.0428866435686353,0.22502630949020386,0.1315809190273285,2025-09,80
2025-09,2301,2025-09-30,10,40,0.041587070552780346,-0.05483518543116678,0.03757225349545479,-0.055873144418001175,2025-09,80
2025-09,3189,2025-09-30,11,51,0.03906995184825101,-0.11159663124443919,0.2697674334049225,0.17632204294204712,2025-09,80
2025-09,3017,2025-09-30,12,42,0.041169777763085884,-0.12884538730512374,0.4423076808452606,0.34886229038238525,2025-09,80
2025-09,2441,2025-09-30,13,27,0.045545420213981135,-0.14364603953956373,0.1172741949558258,0.023828797042369843,2025-09,80
2025-09,2308,2025-09-30,14,15,0.058072984862048184,-0.15936607856001456,0.14367815852165222,0.05023276060819626,2025-09,80
2025-09,2478,2025-09-30,15,41,0.04142525855641128,-0.16045127135727702,0.19502869248390198,0.10158329457044601,2025-09,80
2025-09,2481,2025-09-30,16,77,0.0325857097252676,-0.1694812042875608,0.180672287940979,0.08722689002752304,2025-09,80
2025-09,2360,2025-09-30,17,24,0.04852536051945619,-0.1723879049637109,0.4120689630508423,0.3186235725879669,2025-09,80
2025-09,2382,2025-09-30,18,43,0.041116108410252754,-0.1881269329144094,0.02559726871550083,-0.06784813106060028,2025-09,80
2025-09,2903,2025-09-30,19,33,0.04289608375316462,-0.21378175758605958,-0.03563479334115982,-0.12908019125461578,2025-09,80
2025-09,3040,2025-09-30,20,7,0.06401996256178559,-0.22276057562227147,-0.0663580670952797,-0.15980346500873566,2025-09,80
2025-09,2376,2025-09-30,21,19,0.053244078532816395,-0.2472877250091526,-0.09076175093650818,-0.18420714139938354,2025-09,80
2025-09,8081,2025-09-30,22,59,0.03710758625783043,-0.25560296250561765,0.0021459227427840233,-0.09129947423934937,2025-09,80
2025-09,8016,2025-09-30,23,80,0.03191147442738905,-0.2571375367966402,-0.08027523010969162,-0.17372062802314758,2025-09,80
2025-09,2480,2025-09-30,24,75,0.03330111808605552,-0.2613313966445974,-0.10112359374761581,-0.19456899166107178,2025-09,80
2025-09,2379,2025-09-30,25,5,0.06543742646848891,-0.27910451480964943,-0.06021897867321968,-0.15366438031196594,2025-09,80
2025-09,1570,2025-09-30,26,62,0.03697961322680462,-0.2828305521257983,0.1284722536802292,0.035026855766773224,2025-09,80
2025-09,3005,2025-09-30,27,26,0.045613315884532345,-0.2834039817716331,-0.11538461595773697,-0.20883001387119293,2025-09,80
2025-09,3653,2025-09-30,28,38,0.041755146677266,-0.28959381863465405,-0.12345679104328156,-0.21690218150615692,2025-09,80
2025-09,3044,2025-09-30,29,4,0.0704980936639651,-0.3159934117819492,0.1307947039604187,0.03734930604696274,2025-09,80
2025-09,2428,2025-09-30,30,29,0.04399908101288738,-0.3300178924107161,0.09883721172809601,0.005391813814640045,2025-09,80
2025-10,8932,2025-10-31,1,6,0.051547455571499264,0.27683338666899354,-0.05135134980082512,-0.029856586828827858,2025-10,80
2025-10,7402,2025-10-31,2,49,0.004441106399827854,0.1996699353203156,0.14410480856895447,0.16559956967830658,2025-10,80
2025-10,6691,2025-10-31,3,15,0.02852804738275968,0.1865690796037878,0.09110628813505173,0.11260104924440384,2025-10,80
2025-10,2308,2025-10-31,4,14,0.03490981361682367,0.14295939214378592,-0.060483869165182114,-0.03898910805583,2025-10,80
2025-10,3717,2025-10-31,5,69,-0.0006691129358626833,0.12925195576355336,-0.08730156719684601,-0.0658068060874939,2025-10,80
2025-10,2466,2025-10-31,6,58,0.0019987875919077244,0.11977390216726876,0.055336032062768936,0.07683079689741135,2025-10,80
2025-10,3324,2025-10-31,7,32,0.009473874751450872,0.11721983707741016,-0.1605633795261383,-0.1390686184167862,2025-10,80
2025-10,6944,2025-10-31,8,42,0.006664475992811741,0.10942279074574085,-0.06655289977788925,-0.04505813866853714,2025-10,80
2025-10,2314,2025-10-31,9,1,0.29804510731969913,0.09374466839540502,0.10849052667617798,0.1299852877855301,2025-10,80
2025-10,2208,2025-10-31,10,9,0.04045079542201915,0.0924448448634922,0.08883248269557953,0.11032724380493164,2025-10,80
2025-10,3017,2025-10-31,11,40,0.007174789660668348,0.07720682438308335,-0.0517241396009922,-0.03022937662899494,2025-10,80
2025-10,6418,2025-10-31,12,65,4.224721221527777e-06,0.07681383646581692,-0.17142854630947113,-0.14993378520011902,2025-10,80
2025-10,2360,2025-10-31,13,8,0.04575914226888592,0.07227938399053536,0.012360939756035805,0.033855702728033066,2025-10,80
2025-10,2301,2025-10-31,14,50,0.0028592766359321333,0.07068025273309109,-0.11666666716337204,-0.09517190605401993,2025-10,80
2025-10,6669,2025-10-31,15,24,0.013902451675353523,0.05599457412200016,0.05420991778373718,0.0757046788930893,2025-10,80
2025-10,8422,2025-10-31,16,16,0.027157030457724926,0.04410665951535768,0.014492769725620747,0.03598753362894058,2025-10,80
2025-10,6409,2025-10-31,17,11,0.03763942422554873,0.03676126586024991,-0.04918032884597778,-0.027685565873980522,2025-10,80
2025-10,6510,2025-10-31,18,25,0.013739152509238482,0.028900087710379496,0.19254659116268158,0.2140413522720337,2025-10,80
2025-10,6805,2025-10-31,19,55,0.0022415074977988,0.027927435717668904,0.07167235761880875,0.09316711872816086,2025-10,80
2025-10,2852,2025-10-31,20,23,0.014668407146250288,0.021837320071099238,0.062499985098838806,0.08399474620819092,2025-10,80
2025-10,6739,2025-10-31,21,41,0.007137589774529344,0.019013335001758724,-0.1426701545715332,-0.12117539346218109,2025-10,80
2025-10,3653,2025-10-31,22,45,0.005260066111169983,0.015195250038720468,0.3574766218662262,0.3789713978767395,2025-10,80
2025-10,2603,2025-10-31,23,59,0.0019605469358328536,0.01267459107842895,-0.08184143155813217,-0.06034667044878006,2025-10,80
2025-10,3693,2025-10-31,24,80,-0.002786543739295659,0.000609690557184326,-0.21307189762592316,-0.19157713651657104,2025-10,80
2025-10,2614,2025-10-31,25,67,-0.000271084946871314,-0.00308668272687556,0.1043689101934433,0.1258636713027954,2025-10,80
2025-10,3665,2025-10-31,26,10,0.03973007623038153,-0.003681039190681889,0.15412186086177826,0.17561662197113037,2025-10,80
2025-10,2882,2025-10-31,27,53,0.0026440115674971135,-0.012221074806732216,0.006269556470215321,0.027764318510890007,2025-10,80
2025-10,2850,2025-10-31,28,18,0.02236902403062214,-0.02174877263131119,0.0398230105638504,0.061317771673202515,2025-10,80
2025-10,2887,2025-10-31,29,22,0.015229417834315254,-0.03130854472850803,-0.037333372980356216,-0.015838610008358955,2025-10,80
2025-10,6168,2025-10-31,30,60,0.0017252426919123869,-0.038998456579531354,-0.041769061237573624,-0.020274298265576363,2025-10,80
2025-11,6425,2025-11-28,1,31,0.04723334558479381,0.1385409164908895,0.156962051987648,0.11408977210521698,2025-11,80
2025-11,3017,2025-11-28,2,33,0.046065097153960455,0.1162052728744196,0.1195652186870575,0.07669293880462646,2025-11,80
2025-11,2413,2025-11-28,3,2,0.11068555343902214,0.09309763831846493,0.6363635659217834,0.5934913158416748,2025-11,80
2025-11,2316,2025-11-28,4,49,0.04070511615057976,0.07571010434948086,-0.14107884466648102,-0.18395112454891205,2025-11,80
2025-11,2368,2025-11-28,5,23,0.05540890026645905,0.06545661835925368,0.10987260937690735,0.06700032949447632,2025-11,80
2025-11,2345,2025-11-28,6,53,0.03895058352955023,0.06015507341366831,0.17391304671764374,0.1310407668352127,2025-11,80
2025-11,4745,2025-11-28,7,71,0.033548856106514396,0.05986686966334933,0.04828969016671181,0.005417412146925926,2025-11,80
2025-11,3715,2025-11-28,8,52,0.038982274672141465,0.057509085053906145,0.014450923539698124,-0.02842135541141033,2025-11,80
2025-11,2360,2025-11-28,9,54,0.038343832358618817,0.0452469592363964,-0.04756097495555878,-0.09043325483798981,2025-11,80
2025-11,2483,2025-11-28,10,72,0.0333858172224756,0.03224107083789028,-0.005376364570111036,-0.048248641192913055,2025-11,80
2025-11,8935,2025-11-28,11,16,0.06515992954170134,0.03018839655338383,0.07512957602739334,0.03225729614496231,2025-11,80
2025-11,8043,2025-11-28,12,11,0.07716122076675729,0.026348511571648484,0.13917529582977295,0.09630301594734192,2025-11,80
2025-11,5291,2025-11-28,13,1,0.12480953595683011,0.018004700359546558,-0.06712561100721359,-0.10999789088964462,2025-11,80
2025-11,3037,2025-11-28,14,4,0.09493005492695394,0.017944971938277453,0.1605263203382492,0.11765404045581818,2025-11,80
2025-11,7721,2025-11-28,15,35,0.045594433337896756,0.016141666080802385,0.037578269839286804,-0.005294008180499077,2025-11,80
2025-11,1595,2025-11-28,16,79,0.03241258009844714,0.014569977179997154,0.11917804181575775,0.07630576193332672,2025-11,80
2025-11,6155,2025-11-28,17,19,0.05949007840815096,0.011663835759929957,0.1342104822397232,0.09133820235729218,2025-11,80
2025-11,2527,2025-11-28,18,68,0.034296151078374096,0.011218596828817198,0.0357142873108387,-0.007157990708947182,2025-11,80
2025-11,1808,2025-11-28,19,62,0.03508118680640532,0.007901682117485063,0.09828398376703262,0.05541170388460159,2025-11,80
2025-11,2392,2025-11-28,20,20,0.05877674635753267,0.006250724166108803,-0.05102040618658066,-0.09389268606901169,2025-11,80
2025-11,2059,2025-11-28,21,8,0.07950464085498225,0.004229533705818932,-0.01310615986585617,-0.0559784397482872,2025-11,80
2025-11,8110,2025-11-28,22,43,0.04177416068656645,0.003594974233258111,0.452091783285141,0.40921950340270996,2025-11,80
2025-11,2308,2025-11-28,23,9,0.07887028926598336,0.0025295260500963258,0.02777777798473835,-0.015094500035047531,2025-11,80
2025-11,4533,2025-11-28,24,57,0.03707731489225231,3.359812023429054e-05,0.016128960996866226,-0.026743317022919655,2025-11,80
2025-11,2498,2025-11-28,25,59,0.03614732392683638,-0.0067725160927606665,-0.011999969370663166,-0.05487224832177162,2025-11,80
2025-11,3324,2025-11-28,26,80,0.0322867574870632,-0.007128768132146291,0.13333334028720856,0.09046106040477753,2025-11,80
2025-11,1727,2025-11-28,27,55,0.03801298581400549,-0.011299922741224731,0.08585862815380096,0.042986348271369934,2025-11,80
2025-11,4939,2025-11-28,28,10,0.07753765083483143,-0.014494286661112347,0.21875,0.17587772011756897,2025-11,80
2025-11,2467,2025-11-28,29,13,0.07055415318302037,-0.014494286661112347,0.17961165308952332,0.13673937320709229,2025-11,80
2025-11,6220,2025-11-28,30,3,0.10540772983409293,-0.018273825412157624,0.011718720197677612,-0.03115355782210827,2025-11,80
2025-12,4523,2025-12-31,1,13,0.05815994009691596,0.052104437929538054,0.029513902962207794,-0.09383644163608551,2025-12,80
2025-12,1519,2025-12-31,2,48,0.038603332810904674,0.052104437929538054,0.3181818127632141,0.1948314756155014,2025-12,80
2025-12,4973,2025-12-31,3,46,0.039119270341991946,0.052104437929538054,0.31274136900901794,0.18939103186130524,2025-12,80
2025-12,3092,2025-12-31,4,5,0.06779642159528776,0.03156891138802858,0.015624985098838806,-0.1077253594994545,2025-12,80
2025-12,6205,2025-12-31,5,41,0.04199921458279561,0.03156891138802858,-0.12437810748815536,-0.24772845208644867,2025-12,80
2025-12,4542,2025-12-31,6,29,0.046916298173485096,0.03156891138802858,0.18087553977966309,0.05752519890666008,2025-12,80
2025-12,2613,2025-12-31,7,77,0.029858467385551313,0.021688677988512886,0.03333330154418945,-0.09001704305410385,2025-12,80
2025-12,2316,2025-12-31,8,10,0.061617059898069815,0.01935395821194553,-0.07246376574039459,-0.1958141028881073,2025-12,80
2025-12,5488,2025-12-31,9,55,0.03629364894498256,0.01935395821194553,0.06349210441112518,-0.05985823646187782,2025-12,80
2025-12,8213,2025-12-31,10,58,0.03565874847514609,0.01935395821194553,0.11864402145147324,-0.004706320818513632,2025-12,80
2025-12,8210,2025-12-31,11,14,0.05718084655189596,0.01935395821194553,-0.07000000029802322,-0.19335034489631653,2025-12,80
2025-12,4130,2025-12-31,12,44,0.04027001994068608,0.016984019123317217,0.0849909707903862,-0.038359370082616806,2025-12,80
2025-12,5475,2025-12-31,13,47,0.03874495493537341,0.016984019123317217,0.11518324911594391,-0.008167092688381672,2025-12,80
2025-12,8937,2025-12-31,14,37,0.04375724885175804,0.00807382439352986,-0.13114753365516663,-0.2544978857040405,2025-12,80
2025-12,3548,2025-12-31,15,74,0.030865926850414928,0.005472882627820448,0.03333333507180214,-0.09001700580120087,2025-12,80
2025-12,3607,2025-12-31,16,33,0.044478866613132675,0.005472882627820448,-0.013468064367771149,-0.13681840896606445,2025-12,80
2025-12,6664,2025-12-31,17,67,0.03234423189964828,0.005472882627820448,-0.04026845470070839,-0.163618803024292,2025-12,80
2025-12,2415,2025-12-31,18,45,0.03987807032361726,0.005472882627820448,-0.0056818039156496525,-0.12903214991092682,2025-12,80
2025-12,5228,2025-12-31,19,28,0.046916625237591554,0.005472882627820448,0.25549447536468506,0.13214413821697235,2025-12,80
2025-12,2392,2025-12-31,20,1,0.08403044428964018,-0.008430796121727894,0.08086253702640533,-0.04248780384659767,2025-12,80
2025-12,2355,2025-12-31,21,64,0.03265176498507835,-0.008430796121727894,0.2087378352880478,0.08538749068975449,2025-12,80
2025-12,2308,2025-12-31,22,26,0.04868063541864886,-0.008430796121727894,0.29381442070007324,0.17046408355236053,2025-12,80
2025-12,6220,2025-12-31,23,17,0.05389885292118231,-0.008430796121727894,0.09765625,-0.025694092735648155,2025-12,80
2025-12,2383,2025-12-31,24,60,0.034884083970764826,-0.013670047376952932,0.08157099783420563,-0.04177934303879738,2025-12,80
2025-12,6217,2025-12-31,25,31,0.044934846977283546,-0.013670047376952932,0.20776700973510742,0.08441666513681412,2025-12,80
2025-12,1815,2025-12-31,26,8,0.06497971458901741,-0.013670047376952932,-0.015053779818117619,-0.13840411603450775,2025-12,80
2025-12,3017,2025-12-31,27,11,0.06064357911445626,-0.013670047376952932,-0.026058631017804146,-0.1494089663028717,2025-12,80
2025-12,3390,2025-12-31,28,66,0.032618287195699466,-0.013670047376952932,-0.0784708559513092,-0.2018211930990219,2025-12,80
2025-12,3207,2025-12-31,29,27,0.04719926928919751,-0.013670047376952932,-0.016949215903878212,-0.14029955863952637,2025-12,80
2025-12,6805,2025-12-31,30,22,0.050325709734061023,-0.013670047376952932,-0.0917431190609932,-0.2150934636592865,2025-12,80
2026-01,6443,2026-01-30,1,53,0.05395325548998061,0.05281851515750124,0.281862735748291,0.21791383624076843,2026-01,80
2026-01,4768,2026-01-30,2,45,0.056456727297247045,0.05281851515750124,0.11237373948097229,0.048424843698740005,2026-01,80
2026-01,4542,2026-01-30,3,20,0.08322361709962495,0.017388346356810493,0.6009852290153503,0.5370363593101501,2026-01,80
2026-01,6021,2026-01-30,4,75,0.04399314185934091,0.017388346356810493,0.03955690190196037,-0.02439199388027191,2026-01,80
2026-01,6805,2026-01-30,5,15,0.0898621138218275,0.0073121795343053285,0.3226950466632843,0.2587461471557617,2026-01,80
2026-01,2383,2026-01-30,6,46,0.05581779273710094,0.0073121795343053285,0.4244185984134674,0.3604696989059448,2026-01,80
2026-01,3711,2026-01-30,7,68,0.04750733521774105,0.0073121795343053285,0.17517006397247314,0.11122117191553116,2026-01,80
2026-01,2316,2026-01-30,8,78,0.04349638956192721,0.0073121795343053285,-0.03163263574242592,-0.0955815315246582,2026-01,80
2026-01,2368,2026-01-30,9,27,0.06921223546025931,0.0073121795343053285,0.27738264203071594,0.21343374252319336,2026-01,80
2026-01,6706,2026-01-30,10,10,0.09478372290515229,0.0064342063003499554,0.008928571827709675,-0.055020324885845184,2026-01,80
2026-01,3349,2026-01-30,11,43,0.056965653561512564,0.0064342063003499554,-0.00698076281696558,-0.07092966139316559,2026-01,80
2026-01,2466,2026-01-30,12,23,0.07868995002835737,0.0064342063003499554,-0.2327302247285843,-0.2966791093349457,2026-01,80
2026-01,2305,2026-01-30,13,77,0.04381862586286552,0.0064342063003499554,0.09363295882940292,0.02968406304717064,2026-01,80
2026-01,2349,2026-01-30,14,51,0.05422007181286158,0.0064342063003499554,0.003703717840835452,-0.06024517863988876,2026-01,80
2026-01,6226,2026-01-30,15,64,0.049300307300200304,0.0064342063003499554,-0.0045611076056957245,-0.06851000338792801,2026-01,80
2026-01,6405,2026-01-30,16,80,0.04275512230257747,0.0064342063003499554,0.020100515335798264,-0.04384838044643402,2026-01,80
2026-01,3057,2026-01-30,17,18,0.08650793506652614,0.0064342063003499554,-0.10919538140296936,-0.17314428091049194,2026-01,80
2026-01,3017,2026-01-30,18,7,0.11132866349398703,-0.00032298355945056334,0.2916666567325592,0.22771775722503662,2026-01,80
2026-01,6669,2026-01-30,19,38,0.05914573490205034,-0.00032298355945056334,0.16875872015953064,0.10480982810258865,2026-01,80
2026-01,4523,2026-01-30,20,76,0.04388502280751757,-0.001926100393117173,0.21968364715576172,0.15573474764823914,2026-01,80
2026-01,2038,2026-01-30,21,59,0.05177491830582008,-0.001926100393117173,-0.07668706029653549,-0.14063595235347748,2026-01,80
2026-01,4967,2026-01-30,22,79,0.04302366915213022,-0.001926100393117173,-0.21074379980564117,-0.27469268441200256,2026-01,80
2026-01,6461,2026-01-30,23,71,0.04651657471575514,-0.001926100393117173,0.046153824776411057,-0.017795071005821228,2026-01,80
2026-01,6220,2026-01-30,24,70,0.04715489454205573,-0.001926100393117173,0.5792253017425537,0.5152764320373535,2026-01,80
2026-01,3011,2026-01-30,25,14,0.0902517613396235,-0.001926100393117173,-0.06367044150829315,-0.12761934101581573,2026-01,80
2026-01,5475,2026-01-30,26,13,0.09294246944473199,-0.001926100393117173,0.725321888923645,0.6613730192184448,2026-01,80
2026-01,5228,2026-01-30,27,11,0.0933255374115204,-0.001926100393117173,-0.055084794759750366,-0.11903368681669235,2026-01,80
2026-01,4939,2026-01-30,28,9,0.09800059295488925,-0.001926100393117173,-0.11564625799655914,-0.17959515750408173,2026-01,80
2026-01,4764,2026-01-30,29,5,0.14873236049502997,-0.001926100393117173,0.3185840845108032,0.25463518500328064,2026-01,80
2026-01,3322,2026-01-30,30,61,0.05158468314045998,-0.001926100393117173,-0.06885246932506561,-0.1328013688325882,2026-01,80
2026-02,2313,2026-02-26,1,65,0.03360352608381384,0.5129835295191701,0.37755101919174194,0.44254979491233826,2026-02,80
2026-02,2337,2026-02-26,2,7,0.11248635151590335,0.5095802662680468,0.18483412265777588,0.2498328983783722,2026-02,80
2026-02,4542,2026-02-26,3,13,0.09527147523240753,0.5006480206365471,0.15460526943206787,0.21960404515266418,2026-02,80
2026-02,4534,2026-02-26,4,18,0.08367667258545891,0.48269977117849566,-0.1195840835571289,-0.05458530783653259,2026-02,80
2026-02,2367,2026-02-26,5,20,0.07830762822462789,0.385387498278957,0.2819671630859375,0.3469659388065338,2026-02,80
2026-02,6265,2026-02-26,6,1,0.356229640469104,0.34695516940950394,0.023936212062835693,0.088934987783432,2026-02,80
2026-02,5475,2026-02-26,7,39,0.05051155746475026,0.34266061585788626,0.03140096738934517,0.09639974683523178,2026-02,80
2026-02,6568,2026-02-26,8,69,0.03328813541256509,0.3403832712808921,0.40584415197372437,0.4708429276943207,2026-02,80
2026-02,6485,2026-02-26,9,70,0.03262118434070398,0.23753195770253047,-0.03930637612938881,0.025692401453852654,2026-02,80
2026-02,3149,2026-02-26,10,49,0.04254027065975146,0.22857105156712107,-0.07999999821186066,-0.015001220628619194,2026-02,80
2026-02,2485,2026-02-26,11,64,0.03373864707677968,0.22836711383930344,0.8939929604530334,0.9589917659759521,2026-02,80
2026-02,5291,2026-02-26,12,60,0.03441238417963466,0.19134033537376416,0.40110915899276733,0.46610793471336365,2026-02,80
2026-02,2431,2026-02-26,13,57,0.03844518510715266,0.18467578166087328,-0.20655734837055206,-0.14155857264995575,2026-02,80
2026-02,3260,2026-02-26,14,68,0.03335248609585418,0.18091962446368604,0.4876190423965454,0.5526178479194641,2026-02,80
2026-02,3049,2026-02-26,15,43,0.04868559320814075,0.16506738774713542,0.23786406219005585,0.30286285281181335,2026-02,80
2026-02,1528,2026-02-26,16,6,0.1228019854554829,0.1478492205118298,0.14898425340652466,0.21398302912712097,2026-02,80
2026-02,6163,2026-02-26,17,59,0.036577861269381236,0.14169553270643281,0.19807690382003784,0.26307567954063416,2026-02,80
2026-02,2368,2026-02-26,18,76,0.03018145017687739,0.14131475562293475,0.1785714328289032,0.2435702085494995,2026-02,80
2026-02,6727,2026-02-26,19,33,0.05635821163047675,0.11844246584467708,0.511335015296936,0.5763338208198547,2026-02,80
2026-02,2491,2026-02-26,20,15,0.09083856920417677,0.11538418666383321,-0.09428568929433823,-0.029286911711096764,2026-02,80
2026-02,3011,2026-02-26,21,11,0.10015734538145239,0.09570457610841421,-0.04230770841240883,0.022691069170832634,2026-02,80
2026-02,6217,2026-02-26,22,75,0.03019427540047597,0.05236728661422479,0.7864077687263489,0.8514065742492676,2026-02,80
2026-02,7728,2026-02-26,23,32,0.05817177860397338,0.04718454367128063,-0.07125306874513626,-0.006254291627556086,2026-02,80
2026-02,2349,2026-02-26,24,22,0.07476104089627475,0.029318607962752537,-0.017985612154006958,0.047013163566589355,2026-02,80
2026-02,2460,2026-02-26,25,46,0.0433556835571595,0.024307671966198287,-0.15878380835056305,-0.09378503262996674,2026-02,80
2026-02,8299,2026-02-26,26,41,0.04918091352160315,0.004571000148786225,-0.14713896811008453,-0.08214019238948822,2026-02,80
2026-02,6443,2026-02-26,27,2,0.16611602043676646,-0.019842321292739572,0.0044643026776611805,0.0694630816578865,2026-02,80
2026-02,6461,2026-02-26,28,23,0.07448420133944521,-0.030286662791693172,-0.21757318079471588,-0.15257440507411957,2026-02,80
2026-02,3550,2026-02-26,29,55,0.040139564579691395,-0.04778517999070047,0.0845070406794548,0.1495058238506317,2026-02,80
2026-02,7751,2026-02-26,30,51,0.04101920436466194,-0.06043057800340729,0.37552741169929504,0.44052618741989136,2026-02,80
2026-03,6141,2026-03-31,1,29,0.07703125366012181,0.17317989797976685,0.5853658318519592,0.3582863509654999,2026-03,80
2026-03,5475,2026-03-31,2,1,0.2790780467560679,0.14613688518080623,0.642201840877533,0.4151223599910736,2026-03,80
2026-03,3550,2026-03-31,3,38,0.06375865331425458,0.12470124340179758,0.16393443942070007,-0.06314502656459808,2026-03,80
2026-03,6550,2026-03-31,4,68,0.04427835392589249,0.1242237025511912,-0.09326421469449997,-0.32034367322921753,2026-03,80
2026-03,4542,2026-03-31,5,11,0.10156556978280439,0.11059195539915523,0.18100890517234802,-0.04607056453824043,2026-03,80
2026-03,3092,2026-03-31,6,18,0.09040885812586937,0.10517823533633447,0.11498254537582397,-0.11209692060947418,2026-03,80
2026-03,6226,2026-03-31,7,57,0.051219567861280464,0.09608648845390001,-0.011810993775725365,-0.23889046907424927,2026-03,80
2026-03,4989,2026-03-31,8,59,0.04969872456406223,0.09574330236389281,0.6715976595878601,0.44451817870140076,2026-03,80
2026-03,8289,2026-03-31,9,79,0.03596595167790633,0.08998918978518053,0.16881442070007324,-0.05826504901051521,2026-03,80
2026-03,3081,2026-03-31,10,28,0.07839754850143318,0.08396297857571561,0.5575221180915833,0.3304426372051239,2026-03,80
2026-03,3037,2026-03-31,11,17,0.09163217843992502,0.08061754398236348,0.8243801593780518,0.5973007082939148,2026-03,80
2026-03,6426,2026-03-31,12,6,0.11788032638716925,0.07429121399842534,0.5629370808601379,0.3358575999736786,2026-03,80
2026-03,4768,2026-03-31,13,33,0.0734778154104241,0.06760116121713676,0.08043478429317474,-0.1466446816921234,2026-03,80
2026-03,6152,2026-03-31,14,20,0.08909971415096034,0.06570679862248968,-0.17431195080280304,-0.4013914167881012,2026-03,80
2026-03,6919,2026-03-31,15,9,0.11206748167267848,0.06436176764552817,0.10286317020654678,-0.12421629577875137,2026-03,80
2026-03,1710,2026-03-31,16,49,0.057469235444197346,0.05691944668334102,-0.09090910106897354,-0.3179885745048523,2026-03,80
2026-03,3135,2026-03-31,17,4,0.14785495731902168,0.05376261087764529,0.31018519401550293,0.08310572803020477,2026-03,80
2026-03,6446,2026-03-31,18,61,0.04962739822452649,0.05335000635004146,0.06612902879714966,-0.1609504371881485,2026-03,80
2026-03,2489,2026-03-31,19,7,0.11639570006496346,0.05162429589908497,0.2757575213909149,0.04867805168032646,2026-03,80
2026-03,6443,2026-03-31,20,13,0.10018375854333045,0.0509016804344226,-0.17406544089317322,-0.40114492177963257,2026-03,80
2026-03,8046,2026-03-31,21,30,0.07485110145896932,0.04747750391980998,0.7914438247680664,0.5643643736839294,2026-03,80
2026-03,5351,2026-03-31,22,10,0.10240256187462642,0.0473634237061044,0.02496335655450821,-0.20211611688137054,2026-03,80
2026-03,2314,2026-03-31,23,56,0.05186156933247418,0.04561844098549063,-0.269430011510849,-0.49650949239730835,2026-03,80
2026-03,2344,2026-03-31,24,25,0.08248195695285473,0.04359763880078053,-0.07518018037080765,-0.3022596538066864,2026-03,80
2026-03,2243,2026-03-31,25,36,0.06772890801678516,0.04204217121174385,0.2853773236274719,0.05829785391688347,2026-03,80
2026-03,2409,2026-03-31,26,80,0.035692006500254676,0.041557993020132085,0.13531361520290375,-0.09176585078239441,2026-03,80
2026-03,3138,2026-03-31,27,60,0.04968562768137517,0.035935289497439404,-0.13636364042758942,-0.3634431064128876,2026-03,80
2026-03,6739,2026-03-31,28,42,0.06140206028135103,0.03359760153740531,0.19831223785877228,-0.028767229989171028,2026-03,80
2026-03,2337,2026-03-31,29,16,0.0918991130586563,0.03325413570346203,0.23199999332427979,0.004920524545013905,2026-03,80
2026-03,7751,2026-03-31,30,67,0.04457206534375599,0.033147486217984974,0.5973597168922424,0.3702802360057831,2026-03,80
2026-04,4991,2026-04-09,1,28,0.10075929318188341,0.41465573870844546,0.21739129722118378,0.02397318370640278,2026-04,80
2026-04,3189,2026-04-09,2,55,0.07843691631666809,0.3359255043606267,0.1464330404996872,-0.04698507487773895,2026-04,80
2026-04,1309,2026-04-09,3,17,0.11506378924047597,0.31389955303573547,-0.27213820815086365,-0.4655563235282898,2026-04,80
2026-04,6187,2026-04-09,4,35,0.09201006114410162,0.2909702231738055,0.1505376398563385,-0.042880475521087646,2026-04,80
2026-04,7751,2026-04-09,5,20,0.11187498307495565,0.26652938793675535,-0.017721518874168396,-0.21113963425159454,2026-04,80
2026-04,5291,2026-04-09,6,53,0.0786925082531544,0.253941048176592,-0.0014184180181473494,-0.19483652710914612,2026-04,80
2026-04,4741,2026-04-09,7,25,0.10322106086847521,0.2170438175231505,0.2319999635219574,0.03858184814453125,2026-04,80
2026-04,6217,2026-04-09,8,23,0.10472666373715618,0.1879872837308125,0.156521737575531,-0.03689637780189514,2026-04,80
2026-04,3491,2026-04-09,9,12,0.12574184665540658,0.1802537510370571,-0.07022471725940704,-0.263642817735672,2026-04,80
2026-04,4764,2026-04-09,10,73,0.06621097553881454,0.17387064165120664,1.2442244291305542,1.0508062839508057,2026-04,80
2026-04,7728,2026-04-09,11,40,0.08833027884740727,0.14836307527323828,-0.06323184818029404,-0.2566499710083008,2026-04,80
2026-04,6168,2026-04-09,12,26,0.102353648197156,0.14207994173371033,-0.05263153836131096,-0.2460496574640274,2026-04,80
2026-04,4906,2026-04-09,13,27,0.10212730167695096,0.13581268824072315,-0.013563483022153378,-0.2069815993309021,2026-04,80
2026-04,3363,2026-04-09,14,47,0.08170838699990093,0.13389854382494631,0.05331599339842796,-0.14010211825370789,2026-04,80
2026-04,6821,2026-04-09,15,38,0.09168357080047145,0.13015887464135237,-0.072727270424366,-0.26614537835121155,2026-04,80
2026-04,6727,2026-04-09,16,44,0.08381829297412234,0.12022815414823596,0.20000000298023224,0.006581888999789953,2026-04,80
2026-04,5289,2026-04-09,17,34,0.09204106143692997,0.1088904099179901,0.3445378243923187,0.15111970901489258,2026-04,80
2026-04,4971,2026-04-09,18,43,0.08467930953681377,0.09063716603346857,0.07500000298023224,-0.11841811239719391,2026-04,80
2026-04,4768,2026-04-09,19,33,0.0922826753156956,0.07997845074243325,0.06624605506658554,-0.12717205286026,2026-04,80
2026-04,6426,2026-04-09,20,6,0.14674282011952053,0.07103251959592025,0.39361703395843506,0.2001989185810089,2026-04,80
2026-04,2360,2026-04-09,21,54,0.07848333627680144,0.06890397494341106,0.15544041991233826,-0.03797769546508789,2026-04,80
2026-04,6443,2026-04-09,22,22,0.10484327538792163,0.05467520365019658,0.08559787273406982,-0.10782024264335632,2026-04,80
2026-04,6588,2026-04-09,23,30,0.09959454192300235,0.03749858196086259,0.10424710065126419,-0.08917101472616196,2026-04,80
2026-04,2426,2026-04-09,24,62,0.07126901989315554,0.03025471859049786,0.4270613193511963,0.23364320397377014,2026-04,80
2026-04,4989,2026-04-09,25,46,0.08217048771387879,0.03024998623573751,0.26604267954826355,0.0726245641708374,2026-04,80
2026-04,3105,2026-04-09,26,9,0.1266270866621622,0.02551717940769002,0.10178970545530319,-0.09162840992212296,2026-04,80
2026-04,3498,2026-04-09,27,21,0.10900480225795656,0.003954885858797941,0.03888889029622078,-0.15452922880649567,2026-04,80
2026-04,2337,2026-04-09,28,70,0.06726812667844366,0.0003162084604146284,0.02684563770890236,-0.1665724813938141,2026-04,80
2026-04,4956,2026-04-09,29,11,0.12575545906344313,-0.005569000053117085,0.33152177929878235,0.1381036639213562,2026-04,80
2026-04,3532,2026-04-09,30,71,0.06710812430511266,-0.021328652227249167,0.6830065250396729,0.4895884096622467,2026-04,80
