ticker,signal_date,entry_date,exit_date,entry_price,exit_price,return_pct,twii_return_pct,alpha_pct,exit_reason,hold_days,foreign_buy_3d_sum,trust_buy_signal,close_vs_ma20_signal,avg_20d_amount_signal
1101,2024-05-07,2024-05-08,2024-05-09,31.0901267181778,30.483264923095703,-0.019519437813268148,-0.006750569718193655,-0.012768868095074493,FOREIGN_FLIP_SELL,2,5209276.0,1906715.0,0.02453327512660297,644658338.1058044
1101,2024-05-17,2024-05-20,2024-05-20,31.69699213312756,31.603626251220703,-0.0029455754512831556,0.0,-0.0029455754512831556,FOREIGN_FLIP_SELL,1,22437226.0,243000.0,0.03495650871089717,659251076.6690196
1101,2024-06-17,2024-06-18,2024-06-18,31.7436728353732,31.650310516357425,-0.002941131591796653,0.0,-0.002941131591796653,FOREIGN_FLIP_SELL,1,14558779.0,28403.0,0.018192734307608482,561432791.4823961
1101,2024-06-21,2024-06-24,2024-06-26,32.39722271053754,32.117130279541016,-0.008645569205085635,0.007582734948693659,-0.016228304153779294,FOREIGN_FLIP_SELL,3,29231238.0,510814.0,0.03579705713329173,525417391.6993141
1101,2024-07-04,2024-07-05,2024-07-10,32.89216290966282,32.5555419921875,-0.010234076682638316,0.019123745727335217,-0.029357822409973533,FOREIGN_FLIP_SELL,4,15574320.0,34733.0,0.03333046943082607,571042340.8234771
1101,2024-07-19,2024-07-22,2024-07-26,33.22877527808594,33.56539535522461,0.010130378695018205,-0.006190383130159516,0.01632076182517772,FOREIGN_FLIP_SELL,3,15760963.0,268000.0,0.018647001221433923,620381535.4146404
1101,2024-09-20,2024-09-23,2024-09-23,31.064817629193115,30.96864318847656,-0.003095928064492326,0.0,-0.003095928064492326,FOREIGN_FLIP_SELL,1,2192317.0,1314436.0,0.0026384858806742795,319431282.335079
1101,2024-09-26,2024-09-27,2024-10-07,31.64187556074972,32.218929290771484,0.01823702671840266,-0.005267915121843991,0.02350494184024665,FOREIGN_FLIP_SELL,5,7706430.0,40508.0,0.015497165842605742,341771987.21145463
1101,2024-11-19,2024-11-20,2024-11-21,32.218929290771484,31.930402755737305,-0.008955186947097626,-0.005848779832719808,-0.0031064071143778182,FOREIGN_FLIP_SELL,2,23038618.0,318404.0,0.03554867302639653,381986535.06063026
1101,2025-01-21,2025-01-22,2025-01-22,30.58393761833357,30.63202667236328,0.0015723630694590707,0.0,0.0015723630694590707,FOREIGN_FLIP_SELL,1,3372568.0,211639.0,0.011048383192547417,285557604.2871307
1101,2025-03-10,2025-03-11,2025-03-12,33.03642307145551,33.180686950683594,0.004366812923906727,0.009390996671090779,-0.005024183747184052,FOREIGN_FLIP_SELL,2,11511336.0,1518000.0,0.026133153044904933,831643708.8552139
1101,2025-05-13,2025-05-14,2025-05-14,29.1412992207802,29.189388275146484,0.0016502028273328584,0.0,0.0016502028273328584,FOREIGN_FLIP_SELL,1,7639619.0,44341.0,0.04205058253832594,387646504.70722675
1101,2025-11-26,2025-11-27,2025-11-28,21.850000381469727,22.850000381469727,0.0457665895899968,0.00261122848805706,0.04315536110193974,FOREIGN_FLIP_SELL,2,11460810.0,5000.0,0.022714067112677316,579168592.4332769
1101,2025-12-30,2025-12-31,2025-12-31,23.64999961853028,23.200000762939453,-0.01902743606127777,0.0,-0.01902743606127777,FOREIGN_FLIP_SELL,1,23846924.0,69000.0,0.039762107763647636,533310709.40041894
1101,2026-02-24,2026-02-25,2026-02-26,26.450000762939453,26.39999961853028,-0.0018904023806015635,4.004083061670549e-05,-0.001930443211218269,FOREIGN_FLIP_SELL,2,19888303.0,6000.0,0.01975906180964393,1042975924.8892139
1102,2024-02-22,2024-02-23,2024-03-01,36.27410228296164,36.13908767700195,-0.0037220660874385247,0.0024744436224217736,-0.006196509709860298,FOREIGN_FLIP_SELL,5,2702550.0,13246.0,0.014756691485142914,107218157.64039539
1102,2024-04-10,2024-04-11,2024-04-11,38.07430293143338,37.84927749633789,-0.0059101655912316975,0.0,-0.0059101655912316975,FOREIGN_FLIP_SELL,1,3786530.0,382119.0,0.031428258078415316,171121417.5744793
1102,2024-05-07,2024-05-08,2024-05-08,39.78449899148565,39.51446914672852,-0.00678731293851198,0.0,-0.00678731293851198,FOREIGN_FLIP_SELL,1,3882744.0,393299.0,0.03458368438776804,250237752.34892654
1102,2024-08-08,2024-08-09,2024-09-02,40.25699827656735,42.666751861572266,0.05985924654515462,0.035683991307233764,0.024175255237920856,FOREIGN_FLIP_SELL,17,14643049.0,408698.0,0.013593185188966572,565365547.0312078
1102,2024-09-10,2024-09-11,2024-10-01,42.38324640501222,44.84025192260742,0.05797114959331284,0.06463746968760398,-0.006666320094291134,FOREIGN_FLIP_SELL,14,14362067.0,93020.0,0.0036924552698978097,315082827.23018533
1102,2024-10-15,2024-10-16,2024-10-16,43.28099910698522,43.186500549316406,-0.002183372833774566,0.0,-0.002183372833774566,FOREIGN_FLIP_SELL,1,2699784.0,764561.0,0.010857764209715182,375614758.4642098
1102,2024-11-06,2024-11-07,2024-11-11,44.3204992905146,43.8952522277832,-0.009594816609442058,0.0051613157300149926,-0.014756132339457051,FOREIGN_FLIP_SELL,3,5356856.0,110000.0,0.0067401379343563494,263003695.55000612
1102,2025-03-11,2025-03-12,2025-03-12,42.43050241293017,41.67449951171875,-0.01781743930001245,0.0,-0.01781743930001245,FOREIGN_FLIP_SELL,1,4401679.0,744604.0,0.04447605207538374,233602950.40773335
1102,2025-03-28,2025-03-31,2025-04-08,43.469999530310304,41.43824768066406,-0.046739173489743435,-0.10803836168866854,0.0612991881989251,FOREIGN_FLIP_SELL,5,20863944.0,603000.0,0.04747049274357229,392096674.055547
1102,2025-08-04,2025-08-05,2025-08-06,40.54999923706055,40.400001525878906,-0.0036990804933123567,-0.009012052115274116,0.0053129716219617595,FOREIGN_FLIP_SELL,2,4634886.0,85000.0,0.0236333017334458,586936100.7
1102,2025-11-14,2025-11-17,2025-11-21,37.400001525878906,37.400001525878906,0.0,-0.03688416364222846,0.03688416364222846,FOREIGN_FLIP_SELL,5,2398938.0,30062.0,0.020951375233889902,159923887.5647186
1102,2025-12-01,2025-12-02,2025-12-02,39.0,38.900001525878906,-0.0025640634390023953,0.0,-0.0025640634390023953,FOREIGN_FLIP_SELL,1,2220119.0,555000.0,0.04382736168365975,232279756.8
1102,2026-03-30,2026-03-31,2026-03-31,34.75,34.70000076293945,-0.001438826965771134,0.0,-0.001438826965771134,FOREIGN_FLIP_SELL,1,4338117.0,17191.0,0.018176588973474628,325669442.6024712
1104,2024-06-24,2024-06-25,2024-07-02,30.5536187022828,31.7371883392334,0.03873746178753512,0.00014855926964174593,0.038588902517893375,FOREIGN_FLIP_SELL,6,1306650.0,6000.0,0.029052934105732398,22587103.191652678
1104,2024-07-05,2024-07-08,2024-07-10,32.26321694118403,31.38650131225586,-0.027173844149714577,0.0053994838541020496,-0.032573328003816626,FOREIGN_FLIP_SELL,3,1136000.0,7000.0,0.053687917942636165,34098300.069539264
1104,2025-02-21,2025-02-24,2025-03-05,27.94999885559082,28.751264572143555,0.02866782645296806,-0.029425037912006347,0.058092864364974406,FOREIGN_FLIP_SELL,7,239081.0,1000.0,0.034723438766988135,7914377.575946808
1210,2024-04-25,2024-04-26,2024-04-26,52.26030349731445,52.26030349731445,0.0,0.0,0.0,FOREIGN_FLIP_SELL,1,5892000.0,15000.0,0.005342010597958469,121288426.28137054
1210,2024-06-18,2024-06-19,2024-06-19,52.443673682769024,52.26030349731445,-0.0034965167879690284,0.0,-0.0034965167879690284,FOREIGN_FLIP_SELL,1,843000.0,5000.0,0.0019267701972984774,70338530.84551506
1210,2024-07-16,2024-07-17,2024-07-17,53.543891095842845,53.17715072631836,-0.006849341017596711,0.0,-0.006849341017596711,FOREIGN_FLIP_SELL,1,917000.0,50000.0,0.018429576566989736,69823921.37231825
1210,2024-11-19,2024-11-20,2024-11-20,50.451148986816406,50.451148986816406,0.0,0.0,0.0,FOREIGN_FLIP_SELL,1,934000.0,258000.0,0.02689012131108459,37414329.09414063
1210,2024-11-26,2024-11-27,2024-12-03,50.546516611393,51.214115142822266,0.013207607095100826,0.03101358788541586,-0.017805980790315035,FOREIGN_FLIP_SELL,5,783042.0,2000.0,0.02133414236107045,39101307.87525673
1210,2025-02-17,2025-02-18,2025-02-27,52.2631914110505,53.02615737915039,0.014598533834245808,-0.02589904735872961,0.04049758119297542,FOREIGN_FLIP_SELL,8,2654912.0,126000.0,0.0439404185639205,50522488.082019806
1210,2025-03-11,2025-03-12,2025-04-08,53.5030116991958,52.74004364013672,-0.014260282455661355,-0.17139548258364512,0.15713520012798377,FOREIGN_FLIP_SELL,18,811000.0,253000.0,0.014466510869134863,63330450.66094951
1210,2025-04-22,2025-04-23,2025-05-06,56.07802219366605,58.93914413452149,0.05102037891019995,0.04498410778857598,0.006036271121623971,FOREIGN_FLIP_SELL,9,476754.0,93000.0,0.024969472001823645,110541589.0624632
1210,2025-05-09,2025-05-12,2025-05-12,60.27433697183851,59.32062911987305,-0.01582278461911668,0.0,-0.01582278461911668,FOREIGN_FLIP_SELL,1,2553136.0,96000.0,0.059336221424749036,233166055.90000305
1210,2025-05-19,2025-05-20,2025-05-29,59.98822653099406,60.75119400024414,0.01271862019217851,-0.00830290218228713,0.02102152237446564,FOREIGN_FLIP_SELL,8,1446484.0,119000.0,0.03351958923824938,263541047.41521263
1210,2025-06-26,2025-06-27,2025-07-09,61.13267475303645,60.65581893920898,-0.007800342709588071,-0.0023503155133366427,-0.005450027196251428,FOREIGN_FLIP_SELL,9,2156231.0,140000.0,0.039277918105710796,122015949.39770412
1210,2025-11-05,2025-11-06,2025-11-10,53.70000076293945,53.0,-0.013035395772704517,-0.001073119863057359,-0.011962275909647158,FOREIGN_FLIP_SELL,3,2120009.0,53000.0,0.021730816432040445,281755949.5790023
1210,2026-01-26,2026-01-27,2026-01-27,52.400001525878906,51.70000076293945,-0.013358792796861696,0.0,-0.013358792796861696,FOREIGN_FLIP_SELL,1,1186772.0,45000.0,0.011214210499559618,59474599.42739925
1210,2026-04-01,2026-04-02,2026-04-08,54.59999847412109,54.5,-0.0018314739361848797,0.06720251573956215,-0.06903398967574703,FOREIGN_FLIP_SELL,3,328741.0,62000.0,0.026798278779898155,122166969.69586065
1215,2024-03-26,2024-03-27,2024-03-28,96.41145527690922,100.52379608154295,0.04265406836586405,-0.002651883338017913,0.045305951703881964,FOREIGN_FLIP_SELL,2,136967.0,27000.0,0.048726201000222735,56979674.59557228
1215,2024-10-21,2024-10-22,2024-10-22,94.1933605863241,93.71327209472656,-0.005096840038503192,0.0,-0.005096840038503192,FOREIGN_FLIP_SELL,1,214866.0,17000.0,0.004794471634589126,47224628.776145175
1215,2024-11-19,2024-11-20,2024-12-17,94.3853988647461,92.6570816040039,-0.018311277819770155,0.014529494406203547,-0.0328407722259737,FOREIGN_FLIP_SELL,20,216499.0,86000.0,0.009164838862600444,19883860.19907532
1215,2025-03-07,2025-03-10,2025-03-25,98.89822789242392,96.97787475585938,-0.01941746760774521,-0.008279963144893654,-0.011137504462851555,FOREIGN_FLIP_SELL,12,400762.0,175000.0,0.04420114663819752,45393225.10542488
1215,2025-05-06,2025-05-07,2025-05-19,98.89823298883664,109.94026947021484,0.1116504931147213,0.047567240565246305,0.064083252549475,FOREIGN_FLIP_SELL,9,1198709.0,378000.0,0.046163222100233936,69912910.35053481
1215,2025-06-02,2025-06-03,2025-06-10,111.0,112.0,0.009009009009008917,0.0527862284769105,-0.043777219467901585,FOREIGN_FLIP_SELL,6,1228383.0,100000.0,0.039718891415362334,187840282.8
1215,2025-06-27,2025-06-30,2025-07-03,126.0,126.5,0.003968253968253954,0.02053157669247141,-0.016563322724217455,FOREIGN_FLIP_SELL,4,1792429.0,177000.0,0.098901098901099,193286431.25
1215,2025-08-15,2025-08-18,2025-08-19,128.5,135.5,0.054474708171206254,-0.005269863303297595,0.05974457147450385,FOREIGN_FLIP_SELL,2,755921.0,9000.0,0.06198347107438007,106036201.82499999
1215,2025-09-03,2025-09-04,2025-09-04,136.0,134.0,-0.014705882352941124,0.0,-0.014705882352941124,FOREIGN_FLIP_SELL,1,24000.0,8000.0,0.03250478011472269,113478489.0
1215,2025-09-12,2025-09-15,2025-09-15,136.5,133.5,-0.02197802197802201,0.0,-0.02197802197802201,FOREIGN_FLIP_SELL,1,548746.0,41000.0,0.012799109627156247,99745313.85000001
1215,2025-12-15,2025-12-16,2025-12-16,142.0,141.0,-0.007042253521126751,0.0,-0.007042253521126751,FOREIGN_FLIP_SELL,1,990001.0,167000.0,0.013824884792626557,158006877.6
1215,2026-01-07,2026-01-08,2026-01-08,136.5,136.5,0.0,0.0,0.0,FOREIGN_FLIP_SELL,1,580000.0,248000.0,0.005116959064327409,340839853.75
1215,2026-01-13,2026-01-14,2026-01-14,150.0,148.5,-0.010000000000000009,0.0,-0.010000000000000009,FOREIGN_FLIP_SELL,1,3642950.0,377000.0,0.10907759882869694,422642526.97499996
1215,2026-02-26,2026-03-02,2026-03-04,151.0,156.5,0.036423841059602724,-0.06457344738507864,0.10099728844468137,FOREIGN_FLIP_SELL,3,740452.0,26000.0,0.016327890703098813,114604588.75
1216,2024-02-16,2024-02-19,2024-02-27,68.858503091835,69.97362518310547,0.016194399256447056,0.011730613434113746,0.0044637858223333104,FOREIGN_FLIP_SELL,7,659636.0,523164.0,0.02090423411724096,353205527.9201912
1216,2024-05-15,2024-05-16,2024-05-28,74.24824425754845,72.94727325439453,-0.017521909321399964,0.02601124830063961,-0.043533157622039576,FOREIGN_FLIP_SELL,9,13389617.0,186970.0,0.026206544216249794,630938622.6894665
1216,2024-06-17,2024-06-18,2024-06-20,75.92091172163094,75.27043151855469,-0.008567866063849294,0.02850365488468576,-0.03707152094853505,FOREIGN_FLIP_SELL,3,3309731.0,38149.0,0.026188476867644583,958027625.6842201
1216,2024-06-25,2024-06-26,2024-06-26,76.66432387971055,76.85017395019531,0.0024242054332386243,0.0,0.0024242054332386243,FOREIGN_FLIP_SELL,1,4693815.0,3638000.0,0.03508332837393269,825918669.1568688
1216,2024-07-29,2024-07-30,2024-07-30,80.6601666586712,79.63796997070312,-0.012672880931348662,0.0,-0.012672880931348662,FOREIGN_FLIP_SELL,1,2854534.0,323000.0,0.016231466837335562,817088051.8418556
1216,2024-08-12,2024-08-13,2024-09-02,79.89274622049739,79.410888671875,-0.006031305361471784,0.020119188045997882,-0.026150493407469666,FOREIGN_FLIP_SELL,15,13333912.0,1110000.0,0.0026602108278113157,1178198628.8455079
1216,2025-05-05,2025-05-06,2025-05-08,78.54353491511708,77.77255249023438,-0.009815988365126538,0.0010140312228350545,-0.010830019587961592,FOREIGN_FLIP_SELL,3,1937431.0,2151583.0,0.05407347163823073,1294980727.7833893
1216,2025-05-19,2025-05-20,2025-05-20,79.98911982811302,78.54353332519531,-0.01807228915662651,0.0,-0.01807228915662651,FOREIGN_FLIP_SELL,1,10987684.0,5928978.0,0.05571104969215779,984325975.4081634
1227,2025-03-07,2025-03-10,2025-03-10,35.415899888164745,35.03302383422852,-0.010810852050781028,0.0,-0.010810852050781028,FOREIGN_FLIP_SELL,1,549083.0,1000.0,0.030332814088597004,16177276.48858414
1227,2025-03-14,2025-03-17,2025-03-17,34.79372930899659,34.602294921875,-0.005501979549863645,0.0,-0.005501979549863645,FOREIGN_FLIP_SELL,1,398000.0,1000.0,0.01401766369351587,18313687.365309715
1227,2025-04-28,2025-04-29,2025-04-29,32.64006042480469,32.64006042480469,0.0,0.0,0.0,FOREIGN_FLIP_SELL,1,124324.0,4000.0,0.005785516972665716,22440001.443548586
1227,2025-07-01,2025-07-02,2025-07-04,31.58715566362595,31.87430953979492,0.009090843101762447,-0.0013393826867118541,0.010430225788474301,FOREIGN_FLIP_SELL,3,417253.0,2000.0,0.004781026367158381,20212201.15923405
1227,2026-03-16,2026-03-17,2026-03-17,30.299999237060547,30.299999237060547,0.0,0.0,0.0,FOREIGN_FLIP_SELL,1,963185.0,5000.0,0.024860455738006992,29082066.527727507
1227,2026-03-30,2026-03-31,2026-04-02,30.299999237060547,30.75,0.014851510701988646,0.02677677756255603,-0.011925266860567385,FOREIGN_FLIP_SELL,3,1185000.0,2000.0,0.012869780006285803,30826208.718810845
1229,2024-05-10,2024-05-13,2024-05-14,56.61751251284259,56.53350830078125,-0.0014837142843794338,0.006143467624945442,-0.007627181909324876,FOREIGN_FLIP_SELL,2,375767.0,2866.0,0.012620189171057117,59147448.27653007
1229,2024-06-27,2024-06-28,2024-07-02,57.03752243175166,56.70151519775391,-0.005890985787466496,-0.006637686694743294,0.0007467009072767983,FOREIGN_FLIP_SELL,3,623617.0,1000.0,0.00512975300700802,54252691.443854526
1229,2025-02-17,2025-02-18,2025-02-18,48.873366523498895,48.78080368041992,-0.0018939322101837464,0.0,-0.0018939322101837464,FOREIGN_FLIP_SELL,1,770887.0,1458.0,0.057057051705307726,100937845.38389969
1229,2025-02-26,2025-02-27,2025-02-27,48.59568003343612,48.13286209106445,-0.00952384948730467,0.0,-0.00952384948730467,FOREIGN_FLIP_SELL,1,150634.0,1430.0,0.02153133265765117,65606534.94360447
1229,2025-07-11,2025-07-14,2025-07-14,44.24520644048676,44.19892501831055,-0.0010460211602463243,0.0,-0.0010460211602463243,FOREIGN_FLIP_SELL,1,1015089.0,42000.0,0.08077547370967175,87262656.29637623
1229,2026-01-26,2026-01-27,2026-01-28,47.20000076293945,46.54999923706055,-0.013771218546023256,0.015035014375913036,-0.028806232921936292,FOREIGN_FLIP_SELL,2,1030717.0,7000.0,0.003262238357291558,71834436.58211403
1231,2025-02-12,2025-02-13,2025-02-14,150.9292696059155,150.0308837890625,-0.005952363111533798,-0.010547307799725902,0.004594944688192104,FOREIGN_FLIP_SELL,2,382149.0,2000.0,0.1278952435570102,63783338.18815842
1231,2025-07-01,2025-07-02,2025-07-07,129.81714335049986,126.67279052734376,-0.024221398977071207,-0.006600285489294255,-0.01762111348777695,FOREIGN_FLIP_SELL,4,484514.0,1000.0,0.05982276937175657,32174803.38874817
1231,2026-03-30,2026-03-31,2026-04-08,91.0,93.0,0.0219780219780219,0.09577876011772068,-0.07380073813969878,FOREIGN_FLIP_SELL,5,69002.0,1000.0,0.03938789849517965,43081098.726269536
1301,2025-05-19,2025-05-20,2025-05-22,36.53109086932721,35.49580001831055,-0.02833999276725485,0.006732855308621222,-0.03507284807587607,FOREIGN_FLIP_SELL,3,2909325.0,47326.0,0.03598535130066516,466638134.8297073
1301,2025-07-03,2025-07-04,2025-07-07,35.791595458984375,34.70700454711914,-0.0303029495599918,-0.00526795861514584,-0.02503499094484596,FOREIGN_FLIP_SELL,2,11165192.0,16000.0,0.020307747034982615,534794934.112616
1301,2025-08-18,2025-08-19,2025-08-19,40.79999923706055,39.20000076293945,-0.03921564960882995,0.0,-0.03921564960882995,FOREIGN_FLIP_SELL,1,10355101.0,107815.0,0.026553200675892175,1431189817.7350068
1301,2025-11-10,2025-11-11,2025-11-21,39.25,40.0,0.019108280254777066,-0.04858780755712089,0.06769608781189795,FOREIGN_FLIP_SELL,9,16065942.0,5918.0,0.01476614642761942,695355146.8499999
1301,2025-11-28,2025-12-01,2025-12-04,41.650001525878906,42.79999923706055,0.027610988452595908,0.016574239921425038,0.01103674853117087,FOREIGN_FLIP_SELL,4,10880462.0,5000.0,0.039106883173336326,1276777714.675705
1301,2026-01-27,2026-01-28,2026-01-29,51.29999923706055,49.29999923706055,-0.03898635535563799,-0.008156086050381428,-0.030830269305256564,FOREIGN_FLIP_SELL,2,34009300.0,2635000.0,0.21399666635776504,2240473018.5
1301,2026-04-07,2026-04-08,2026-04-10,47.20000076293945,46.95000076293945,-0.005296610083877273,0.018884441279513497,-0.02418105136339077,FOREIGN_FLIP_SELL,3,21378495.0,3774.0,0.0176209061051551,1906418568.125
1303,2024-09-19,2024-09-20,2024-09-23,41.98993391237294,41.84345245361328,-0.003488489862007005,0.0056910052449301585,-0.009179495106937163,FOREIGN_FLIP_SELL,2,10011512.0,75410.0,0.0028018108990273127,543728540.7065792
1303,2024-09-26,2024-09-27,2024-10-04,42.91761593941712,45.0171127319336,0.048919231568690824,-0.022787667343188045,0.07170689891187887,FOREIGN_FLIP_SELL,4,7580299.0,106036.0,0.03399096344022623,599436580.623037
1303,2024-11-07,2024-11-08,2024-11-08,42.7223129529675,41.84345245361328,-0.020571463448660787,0.0,-0.020571463448660787,FOREIGN_FLIP_SELL,1,3839436.0,507688.0,0.024791382077295365,319516609.3337181
1303,2025-04-15,2025-04-16,2025-04-16,30.76006616264901,30.41828727722168,-0.011111123221260955,0.0,-0.011111123221260955,FOREIGN_FLIP_SELL,1,2794320.0,189099.0,0.012074985868021582,491211016.45200807
1303,2025-07-03,2025-07-04,2025-07-07,28.123487687767543,27.78171157836914,-0.012152692908961593,-0.00526795861514584,-0.006884734293815753,FOREIGN_FLIP_SELL,2,20737399.0,1000.0,0.015939710919236072,794171235.7887549
1303,2025-07-24,2025-07-25,2025-07-25,32.349998474121094,33.650001525878906,0.04018556763759262,0.0,0.04018556763759262,FOREIGN_FLIP_SELL,1,14223351.0,1809000.0,0.15701640489908608,711372048.8620849
1303,2025-08-11,2025-08-12,2025-08-12,40.650001525878906,41.400001525878906,0.01845018380928054,0.0,0.01845018380928054,FOREIGN_FLIP_SELL,1,8353715.0,2185792.0,0.18649118865343972,3123379704.20653
1303,2025-08-26,2025-08-27,2025-08-27,45.29999923706055,44.84999847412109,-0.009933791843672046,0.0,-0.009933791843672046,FOREIGN_FLIP_SELL,1,21896807.0,1768221.0,0.09731236393892884,5393372179.032084
1303,2025-10-23,2025-10-27,2025-10-27,44.09999847412109,43.0,-0.024943276920215585,0.0,-0.024943276920215585,FOREIGN_FLIP_SELL,1,27459338.0,3655000.0,0.06300903468683128,2267162153.040018
1303,2025-11-12,2025-11-13,2025-11-24,51.59999847412109,54.79999923706055,0.062015520495496856,-0.0501484500570919,0.11216397055258875,FOREIGN_FLIP_SELL,8,30370200.0,1283231.0,0.171144669113644,2569012832.372545
1303,2026-01-07,2026-01-08,2026-01-09,66.19999694824219,61.900001525878906,-0.06495461662521207,-0.002357988966201874,-0.0625966276590102,FOREIGN_FLIP_SELL,2,94121385.0,884798.0,0.09097035365298933,4706256087.34116
1303,2026-01-16,2026-01-19,2026-01-19,75.5,79.4000015258789,0.051655649349389376,0.0,0.051655649349389376,FOREIGN_FLIP_SELL,1,114659407.0,3141906.0,0.20175872017447238,8510294377.275397
1303,2026-01-26,2026-01-27,2026-01-27,82.0,79.5999984741211,-0.029268311291206217,0.0,-0.029268311291206217,FOREIGN_FLIP_SELL,1,62181822.0,1414230.0,0.21740421895400575,12647622317.220604
1303,2026-01-30,2026-02-02,2026-02-02,74.5999984741211,70.5999984741211,-0.05361930404579851,0.0,-0.05361930404579851,FOREIGN_FLIP_SELL,1,31270485.0,648322.0,0.06818664149061293,12147097726.997896
1303,2026-02-25,2026-02-26,2026-02-26,95.5,91.8000030517578,-0.03874342354180316,0.0,-0.03874342354180316,FOREIGN_FLIP_SELL,1,83924945.0,2740980.0,0.21053640453501266,11532714163.412298
1304,2024-07-05,2024-07-08,2024-07-08,15.513671875,15.513671875,0.0,0.0,0.0,FOREIGN_FLIP_SELL,1,3667226.0,2000.0,0.04662532152990395,33954713.54310351
1304,2024-09-20,2024-09-23,2024-09-23,15.311111627713188,15.212963104248049,-0.00641028070669214,0.0,-0.00641028070669214,FOREIGN_FLIP_SELL,1,1658235.0,2000.0,0.07149009008624185,34097560.77591219
1307,2024-07-26,2024-07-29,2024-07-30,28.091711663268143,27.91503524780273,-0.006289271995356116,0.0026655283970109522,-0.008954800392367068,FOREIGN_FLIP_SELL,2,482000.0,5000.0,0.018645553998628772,14693708.086833954
1307,2024-09-11,2024-09-12,2024-09-19,33.65740471062842,35.50925827026367,0.05502068788596959,0.01798526563564362,0.03703542225032597,FOREIGN_FLIP_SELL,5,879000.0,1000.0,0.10941398788154522,43399963.40780602
1307,2024-09-27,2024-09-30,2024-09-30,36.38888803805505,35.60185241699219,-0.021628460321178045,0.0,-0.021628460321178045,FOREIGN_FLIP_SELL,1,767000.0,8000.0,0.08565869108210755,64004666.036616705
1307,2024-11-01,2024-11-04,2024-11-04,43.42592832357286,43.61111068725586,0.004264327115891975,0.0,0.004264327115891975,FOREIGN_FLIP_SELL,1,1990000.0,2000.0,0.162143756337485,342010463.5291123
1307,2025-03-03,2025-03-04,2025-03-05,47.129628631159264,47.12963104248047,5.116359447221441e-08,0.012170685545562776,-0.012170634381968304,FOREIGN_FLIP_SELL,2,3814499.0,1000.0,0.11262019187726757,253027044.7421639
1308,2024-05-20,2024-05-21,2024-05-21,18.288933979953462,17.905920028686523,-0.020942387986460087,0.0,-0.020942387986460087,FOREIGN_FLIP_SELL,1,844593.0,2000.0,0.005956314664121054,18001928.758907795
1308,2024-07-05,2024-07-08,2024-07-08,17.283519140417322,17.187767028808594,-0.0055400819029275405,0.0,-0.0055400819029275405,FOREIGN_FLIP_SELL,1,859000.0,5000.0,0.036909374197454436,17163462.36749325
1313,2024-08-30,2024-09-02,2024-09-02,11.76868555718912,11.474468231201172,-0.025000015894572014,0.0,-0.025000015894572014,FOREIGN_FLIP_SELL,1,521000.0,2000.0,0.025091138461414086,18792856.144487385
1319,2024-01-25,2024-01-26,2024-02-02,80.15907313693236,76.38579559326172,-0.047072369926544844,0.0036065732127632533,-0.0506789431393081,FOREIGN_FLIP_SELL,6,9823815.0,1044000.0,0.12870647535221647,424690174.9575439
1319,2024-04-16,2024-04-17,2024-04-18,118.72009666177756,116.87947082519533,-0.015503911202380594,0.004347088791672782,-0.019850999994053375,FOREIGN_FLIP_SELL,2,1313556.0,102000.0,0.026785718791682234,1072167742.0254835
1319,2024-06-04,2024-06-05,2024-06-05,108.59667928944462,105.83574676513672,-0.025423728813559254,0.0,-0.025423728813559254,FOREIGN_FLIP_SELL,1,7164067.0,69000.0,0.006884632773295873,575178990.4613113
1319,2024-11-21,2024-11-22,2024-11-22,105.60275095159356,104.65137481689452,-0.009009009009009028,0.0,-0.009009009009009028,FOREIGN_FLIP_SELL,1,409403.0,14000.0,0.011080356254851376,315808243.91113126
1319,2025-01-16,2025-01-17,2025-01-17,108.93256617661548,106.07843780517578,-0.026200873362445365,0.0,-0.026200873362445365,FOREIGN_FLIP_SELL,1,3588997.0,2000.0,0.020499138801679972,307353016.03148264
1319,2025-03-06,2025-03-07,2025-03-17,114.16513411725154,122.2518310546875,0.07083333278556525,-0.020262138042320132,0.09109547082788538,FOREIGN_FLIP_SELL,7,1870449.0,126000.0,0.052173948910629875,334589066.5311096
1319,2025-03-21,2025-03-24,2025-04-01,133.66834875694792,124.6302719116211,-0.06761568411203278,-0.03738563073171597,-0.030230053380316813,FOREIGN_FLIP_SELL,7,1778607.0,149000.0,0.14844233485410818,607990550.0527099
1319,2025-12-29,2025-12-30,2026-01-09,98.0,94.6999969482422,-0.033673500528140776,0.05510233975919654,-0.08877584028733732,FOREIGN_FLIP_SELL,8,1307690.0,342000.0,0.042941527553461256,299383899.5
1319,2026-01-14,2026-01-15,2026-01-19,100.0,110.0,0.10000000000000009,0.02689689652949334,0.07310310347050675,FOREIGN_FLIP_SELL,3,2141170.0,88936.0,0.032622923112845204,293889413.3919304
1326,2024-02-19,2024-02-20,2024-02-20,55.462010493989766,55.17612457275391,-0.005154625998760598,0.0,-0.005154625998760598,FOREIGN_FLIP_SELL,1,3693586.0,1234.0,0.016889758597251614,265597109.15703452
1326,2024-07-26,2024-07-29,2024-08-02,49.39738009810576,48.02794647216797,-0.027722798723697983,-0.02374971790727687,-0.003973080816421115,FOREIGN_FLIP_SELL,5,2513862.0,82000.0,0.026400384320458103,527514901.3290024
1326,2024-09-26,2024-09-27,2024-09-30,41.27860152563349,42.50130844116211,0.029620841558048783,-0.026212834827579523,0.055833676385628306,FOREIGN_FLIP_SELL,2,9808641.0,31261.0,0.03717464942032267,477987424.6937656
1326,2024-10-07,2024-10-08,2024-10-08,41.81659163673353,41.180782318115234,-0.01520471405564694,0.0,-0.01520471405564694,FOREIGN_FLIP_SELL,1,1751766.0,103165.0,0.0647977272001361,501303088.690567
1326,2025-06-11,2025-06-12,2025-06-16,24.40524047298153,24.454147338867188,0.0020039493542300946,-0.010674885140812274,0.012678834495042368,FOREIGN_FLIP_SELL,3,5517448.0,6269.0,0.013376541802447628,197390179.8522583
1326,2025-07-03,2025-07-04,2025-07-08,23.75,23.200000762939453,-0.02315786261307562,-0.008215122241933659,-0.01494274037114196,FOREIGN_FLIP_SELL,3,9017055.0,131000.0,0.019732824847110475,251807849.0625
1326,2025-08-12,2025-08-13,2025-08-13,29.5,28.75,-0.025423728813559365,0.0,-0.025423728813559365,FOREIGN_FLIP_SELL,1,10520660.0,1453000.0,0.10022610813246002,776580432.6105423
1326,2026-01-26,2026-01-27,2026-01-29,40.95000076293945,44.0,0.07448105446241793,0.006756301454513114,0.06772475300790481,FOREIGN_FLIP_SELL,3,23419562.0,7000.0,0.17549421210496186,843689339.1834017
1326,2026-04-09,2026-04-10,2026-04-10,46.09999847412109,45.45000076293945,-0.014099733897963596,0.0,-0.014099733897963596,FOREIGN_FLIP_SELL,1,25230681.0,13000.0,0.020134202757749575,2222807598.4998384
1342,2024-03-28,2024-03-29,2024-03-29,123.198471591744,119.29429626464844,-0.03169012794276571,0.0,-0.03169012794276571,FOREIGN_FLIP_SELL,1,849000.0,90000.0,0.0754687240731382,163825652.2222702
1402,2024-01-02,2024-01-03,2024-01-03,28.67511985820869,28.81254196166992,0.004792381135309887,0.0,0.004792381135309887,FOREIGN_FLIP_SELL,1,6327974.0,1890959.0,0.011785432385866157,293768646.397532
1402,2024-02-01,2024-02-02,2024-02-02,28.675119482437463,28.44608497619629,-0.007987220641973214,0.0,-0.007987220641973214,FOREIGN_FLIP_SELL,1,2350190.0,298000.0,0.008863806371323113,100389136.99550885
1402,2024-02-19,2024-02-20,2024-03-01,28.67511826436683,29.22480201721192,0.01916936306163919,0.009746065715174224,0.009423297346464965,FOREIGN_FLIP_SELL,8,1672351.0,666722.0,0.01596045803632773,101337589.3964588
1402,2024-03-11,2024-03-12,2024-03-12,29.545449673233136,29.637062072753903,0.003100727879723708,0.0,0.003100727879723708,FOREIGN_FLIP_SELL,1,3956578.0,10331.0,0.026856273432176003,133936819.29575482
1402,2024-03-15,2024-03-18,2024-03-19,30.14094307020445,29.041576385498047,-0.03647419664825191,-0.001139364284441946,-0.035334832363809965,FOREIGN_FLIP_SELL,2,7428083.0,1159775.0,0.02788412224259207,177760810.24612787
1402,2024-05-06,2024-05-07,2024-05-09,30.69062157830436,30.59901237487793,-0.0029849249938681544,-0.004491230737936669,0.0015063057440685146,FOREIGN_FLIP_SELL,3,4722090.0,1007000.0,0.030610696522344272,162505890.11510333
1402,2024-05-17,2024-05-20,2024-05-22,31.88160195221796,31.057079315185547,-0.025862020304630584,0.013172437064293385,-0.03903445736892397,FOREIGN_FLIP_SELL,3,10968588.0,464000.0,0.040713811194861504,198320580.89697075
1402,2024-06-12,2024-06-13,2024-06-21,31.973220373394568,33.25580978393555,0.04011448942466367,0.04219029734857971,-0.00207580792391604,FOREIGN_FLIP_SELL,7,6852438.0,2203830.0,0.021544712343695593,232484079.5546502
1402,2024-08-01,2024-08-02,2024-08-05,32.79366188049317,31.557960510253903,-0.03768110358466259,-0.08351980222953914,0.04583869864487655,FOREIGN_FLIP_SELL,2,15663469.0,188000.0,0.004479493323566119,535806643.89463884
1402,2024-08-09,2024-08-12,2024-08-23,33.3639851395726,34.21947479248047,0.02564111119607193,0.017672641568925673,0.007968469627146257,FOREIGN_FLIP_SELL,10,13885009.0,804371.0,0.010491045575145685,586341855.8956556
1402,2024-09-10,2024-09-11,2024-09-23,34.50463800936604,34.88485336303711,0.011019253515074157,0.0596514334494318,-0.048632179934357644,FOREIGN_FLIP_SELL,8,4472406.0,174000.0,0.0023470514726766645,264284907.18943518
1402,2024-09-27,2024-09-30,2024-10-01,36.35819178886446,37.07109832763672,0.019607865619725384,0.007462542284165874,0.01214532333555951,FOREIGN_FLIP_SELL,2,6680597.0,14468.0,0.04214978560660576,291143535.36494404
1402,2025-05-05,2025-05-06,2025-05-07,33.934312062366,32.93624496459961,-0.029411738064178072,0.0011645894015797076,-0.03057632746575778,FOREIGN_FLIP_SELL,2,5487014.0,1411790.0,0.09635841040398163,261020334.37900543
1402,2025-12-01,2025-12-02,2025-12-03,28.64999961853028,29.049999237060547,0.01396159245571349,0.008299495511413513,0.005662096944299977,FOREIGN_FLIP_SELL,2,9290681.0,828000.0,0.03417104549333727,286144319.41662216
1402,2026-01-09,2026-01-12,2026-01-13,28.350000381469727,28.049999237060547,-0.010582050806788312,0.004577823055845309,-0.015159873862633622,FOREIGN_FLIP_SELL,2,6533081.0,73451.0,0.013314285412370674,131402319.80811311
1409,2024-09-18,2024-09-19,2024-09-20,15.488607392776816,15.536707878112791,0.003105539711621086,0.005295654552418982,-0.0021901148407978965,FOREIGN_FLIP_SELL,2,2782000.0,3000.0,0.005768345785187812,90952346.00604135
1409,2024-09-26,2024-09-27,2024-10-01,15.536707732956438,15.584810256958008,0.003096056437975836,-0.018945906931702394,0.02204196336967823,FOREIGN_FLIP_SELL,3,1639000.0,2000.0,0.004394226998947648,46956685.03555298
1409,2025-11-19,2025-11-20,2025-12-01,15.899999618530272,16.049999237060547,0.009433938498681682,-0.0030565514357481227,0.012490489934429805,FOREIGN_FLIP_SELL,8,10354260.0,11000.0,0.09940285416332939,131603860.19964762
1409,2026-01-19,2026-01-20,2026-01-20,15.850000381469728,15.449999809265137,-0.025236628553790608,0.0,-0.025236628553790608,FOREIGN_FLIP_SELL,1,6159880.0,542000.0,0.03994718187018598,71784667.23750001
1434,2024-05-16,2024-05-17,2024-05-17,22.31698330847714,22.2703914642334,-0.002087730388992348,0.0,-0.002087730388992348,FOREIGN_FLIP_SELL,1,1940000.0,9000.0,0.04162128494903716,28722837.637468245
1434,2024-07-31,2024-08-01,2024-08-02,21.29513314036141,21.24749183654785,-0.0022371921086167257,-0.04434260881041652,0.04210541670179979,FOREIGN_FLIP_SELL,2,1709000.0,7000.0,0.00490584725065446,25167768.927081298
1434,2024-09-26,2024-09-27,2024-10-01,19.43716821406525,19.72300910949707,0.014705891942890181,-0.018945906931702394,0.033651798874592576,FOREIGN_FLIP_SELL,3,547000.0,1000.0,0.01189734987404889,30976690.198103905
1434,2025-03-11,2025-03-12,2025-03-13,18.532006213785905,18.19852638244629,-0.017994804636507267,-0.014214677219695382,-0.003780127416811885,FOREIGN_FLIP_SELL,2,1338000.0,4000.0,0.0213213790358584,24376348.452278998
1434,2025-07-01,2025-07-02,2025-07-02,15.101918220432411,15.29247760772705,0.012618224023807745,0.0,0.012618224023807745,FOREIGN_FLIP_SELL,1,857109.0,500000.0,0.017762804837603285,26600740.716571424
1434,2026-01-14,2026-01-15,2026-01-20,16.200000762939453,16.399999618530273,0.012345607788387003,0.03081442004151258,-0.018468812253125577,FOREIGN_FLIP_SELL,4,4571971.0,14000.0,0.01694919617393409,41431955.55123901
1434,2026-02-05,2026-02-06,2026-02-06,17.5,17.100000381469727,-0.02285712105887272,0.0,-0.02285712105887272,FOREIGN_FLIP_SELL,1,3806548.0,16000.0,0.048061090580657995,78976996.875
1440,2024-09-20,2024-09-23,2024-09-23,15.683839536686438,15.537261962890623,-0.0093457710691921,0.0,-0.0093457710691921,FOREIGN_FLIP_SELL,1,658000.0,3000.0,0.005814860625287244,14672708.259958362
1440,2025-02-14,2025-02-17,2025-02-17,14.071482586103524,14.022624015808104,-0.0034721693322971037,0.0,-0.0034721693322971037,FOREIGN_FLIP_SELL,1,508000.0,5000.0,0.045512726220845234,8695077.093717575
1440,2025-02-21,2025-02-24,2025-02-24,14.218060757289278,14.364638328552246,0.01030925199752164,0.0,0.01030925199752164,FOREIGN_FLIP_SELL,1,391849.0,5000.0,0.0514983220116807,7339957.213244295
1440,2025-07-01,2025-07-02,2025-07-02,13.094296383525998,13.045437812805176,-0.0037312864540237634,0.0,-0.0037312864540237634,FOREIGN_FLIP_SELL,1,1052149.0,5000.0,0.023308713222100597,20202811.445038654
1442,2024-04-18,2024-04-19,2024-04-22,44.22905197661106,44.1848258972168,-0.0009999327911810463,-0.0059352553064973,0.004935322515316254,FOREIGN_FLIP_SELL,2,1306304.0,58000.0,0.09031204596262254,74329187.82654266
1442,2024-07-10,2024-07-11,2024-07-12,57.851602931204816,56.170894622802734,-0.029052061191817358,-0.019397254657484875,-0.009654806534332483,FOREIGN_FLIP_SELL,2,2548984.0,4000.0,0.058388338338349666,77019465.21983871
1442,2024-11-19,2024-11-20,2024-12-12,71.83060455322266,70.99320220947266,-0.011658016091588452,0.01579847182097094,-0.02745648791255939,FOREIGN_FLIP_SELL,17,3181023.0,1000.0,0.19311376587657336,142507779.23270798
1442,2025-02-05,2025-02-06,2025-02-07,77.97156733283893,78.25069427490234,0.0035798554731099053,0.006933683495169651,-0.003353828022059746,FOREIGN_FLIP_SELL,2,1509893.0,100000.0,0.08985140742306741,175958428.60492706
1442,2025-02-12,2025-02-13,2025-02-19,78.62287433456359,78.15765380859375,-0.005917114197455886,0.00874679833843306,-0.014663912535888945,FOREIGN_FLIP_SELL,5,650578.0,2000.0,0.05901470312609791,146878540.19859007
1442,2025-02-24,2025-02-25,2025-02-25,79.73941453773506,79.36724090576172,-0.004667373520747531,0.0,-0.004667373520747531,FOREIGN_FLIP_SELL,1,528056.0,130000.0,0.03146748637048358,110022630.34762572
1442,2025-03-31,2025-04-01,2025-04-02,75.92457397472644,75.3663101196289,-0.00735287438403498,0.0008482442253172628,-0.008201118609352243,FOREIGN_FLIP_SELL,2,1391179.0,2000.0,0.01923557910236995,85518443.16675568
1442,2025-04-14,2025-04-15,2025-04-15,74.99412787101741,74.15672302246094,-0.011166272244631292,0.0,-0.011166272244631292,FOREIGN_FLIP_SELL,1,380932.0,1000.0,0.017933789602998518,137599974.91288376
1447,2024-07-23,2024-07-26,2024-07-29,10.149999618530272,10.399999618530272,0.02463054279761634,0.0020470575104574174,0.022583485287158922,FOREIGN_FLIP_SELL,2,4122000.0,5000.0,0.011887247381471067,60300142.41163488
1455,2024-04-25,2024-04-26,2024-05-02,14.850000381469728,14.449999809265137,-0.026936064776383772,0.005065959495426986,-0.03200202427181076,FOREIGN_FLIP_SELL,4,4185000.0,10000.0,0.052631578947368585,68667165.4875
1473,2024-06-07,2024-06-11,2024-06-17,50.05047013327862,43.49840927124024,-0.1309090772692244,0.03232407787899949,-0.1632331551482239,FOREIGN_FLIP_SELL,5,739000.0,244000.0,0.2951080278330698,170739741.10560897
1476,2024-06-11,2024-06-12,2024-06-12,518.0119834258178,513.215576171875,-0.0092592592592593,0.0,-0.0092592592592593,FOREIGN_FLIP_SELL,1,1386526.0,53729.0,0.0944717461370903,536254639.4381012
1476,2024-06-18,2024-06-19,2024-06-20,506.5006121872063,512.2562866210938,0.011363608049816287,0.008468955214737006,0.002894652835079281,FOREIGN_FLIP_SELL,2,424215.0,8275.0,0.04568678782116686,562873472.8624299
1476,2024-06-27,2024-06-28,2024-07-01,506.50058796815927,492.11138916015625,-0.028409046602938193,0.0011427590660921805,-0.029551805669030373,FOREIGN_FLIP_SELL,2,1053834.0,495.0,0.01795260803458132,484110159.7529907
1476,2024-07-19,2024-07-22,2024-07-23,521.84911744986,518.011962890625,-0.007352996164842085,0.027625011418902057,-0.03497800758374414,FOREIGN_FLIP_SELL,2,325598.0,20000.0,0.021863759770174518,508356367.5375702
1476,2024-09-26,2024-09-27,2024-09-27,539.1161661350981,541.0347290039062,0.003558718861210064,0.0,0.003558718861210064,FOREIGN_FLIP_SELL,1,471436.0,107520.0,0.05890011773783499,335362649.3587006
1476,2024-10-14,2024-10-15,2024-10-21,537.1976118607955,532.4011840820312,-0.008928609645433738,0.010754328279411363,-0.0196829379248451,FOREIGN_FLIP_SELL,5,290794.0,6365.0,0.019886919597002395,318510238.9007935
1476,2024-11-25,2024-11-26,2024-11-27,522.8084061111228,518.9712524414062,-0.007339502626323546,-0.015167516755981714,0.007828014129658167,FOREIGN_FLIP_SELL,2,714984.0,10051.0,0.003768669930443558,272958702.99144596
1476,2025-02-13,2025-02-14,2025-02-17,532.4012290030233,514.1748657226562,-0.034234262220802614,0.015234598287045209,-0.04946886050784782,FOREIGN_FLIP_SELL,2,576391.0,234.0,0.04166664303185352,209787202.85532838
1476,2025-08-14,2025-08-15,2025-08-19,418.0,406.0,-0.028708133971291905,0.0007815877258783299,-0.029489721697170235,FOREIGN_FLIP_SELL,3,1250858.0,18483.0,0.04486233232783521,353317249.45
1476,2025-08-26,2025-08-27,2025-08-27,401.0,409.0,0.01995012468827939,0.0,0.01995012468827939,FOREIGN_FLIP_SELL,1,141635.0,8.0,0.014611929913340482,366779181.3
1476,2025-09-05,2025-09-08,2025-09-09,414.5,404.5,-0.024125452352231624,0.012538968205540568,-0.03666442055777219,FOREIGN_FLIP_SELL,2,245108.0,18986.0,0.02034467740932011,315630033.5
1476,2025-09-16,2025-09-17,2025-09-22,423.0,437.5,0.03427895981087481,0.01738915253112938,0.016889807279745428,FOREIGN_FLIP_SELL,4,744554.0,107752.0,0.036781041718094265,268766589.0
1476,2025-09-25,2025-09-26,2025-09-30,445.0,438.5,-0.014606741573033655,0.009390763957033643,-0.023997505530067298,FOREIGN_FLIP_SELL,2,259928.0,31215.0,0.0693970420932879,372407008.625
1476,2026-01-19,2026-01-20,2026-01-21,419.5,416.0,-0.008343265792610244,-0.01617195376823788,0.007828687975627635,FOREIGN_FLIP_SELL,2,1275471.0,87703.0,0.062227005127555746,395710616.45
1476,2026-02-10,2026-02-11,2026-02-11,431.0,426.0,-0.011600928074245953,0.0,-0.011600928074245953,FOREIGN_FLIP_SELL,1,485368.0,1113.0,0.04094631483166511,333712922.4
1477,2024-01-08,2024-01-09,2024-01-10,315.03815127675296,321.1639099121094,0.019444497787111104,-0.003983884913753566,0.02342838270086467,FOREIGN_FLIP_SELL,2,1972916.0,114000.0,0.026523229064842946,584213072.3516846
1477,2024-04-02,2024-04-03,2024-04-08,345.5001961409205,336.3720397949219,-0.026420119143074183,0.003938498687823255,-0.03035861783089744,FOREIGN_FLIP_SELL,2,2282800.0,26000.0,0.017195846573009987,754101897.7529908
1477,2024-04-23,2024-04-24,2024-04-30,357.8231811523437,357.8231811523437,0.0,0.013156307995060956,-0.013156307995060956,FOREIGN_FLIP_SELL,5,1630280.0,373000.0,0.025769496492922705,718588658.4085388
1477,2024-05-09,2024-05-10,2024-05-10,353.71551730350006,346.8694152832031,-0.019354825234943696,0.0,-0.019354825234943696,FOREIGN_FLIP_SELL,1,668842.0,19000.0,0.004341269639357437,552307646.2823929
1477,2024-06-03,2024-06-04,2024-06-12,351.8898498320663,360.5616455078125,0.024643494775096864,0.032418136612176296,-0.007774641837079432,FOREIGN_FLIP_SELL,6,539644.0,7000.0,0.02584497974946509,414713212.5275879
1477,2024-06-26,2024-06-27,2024-06-27,365.1256713867188,365.1256713867188,0.0,0.0,0.0,FOREIGN_FLIP_SELL,1,792039.0,199623.0,0.0273139034375125,519420777.7178833
1477,2024-08-01,2024-08-02,2024-08-05,408.0279528975245,348.6950378417969,-0.14541384881694353,-0.08351980222953914,-0.06189404658740438,FOREIGN_FLIP_SELL,2,150557.0,309000.0,0.025027092144235485,923782719.6563537
1477,2025-04-25,2025-04-28,2025-04-28,276.19887955815284,277.17657470703125,0.003539823008849474,0.0,0.003539823008849474,FOREIGN_FLIP_SELL,1,1510918.0,64097.0,0.01777491806364262,678633999.0626037
1477,2025-06-27,2025-06-30,2025-07-03,239.535309743073,245.8903350830078,0.026530641126568222,0.02053157669247141,0.0059990644340968124,FOREIGN_FLIP_SELL,4,1100430.0,248181.0,0.006573511437410584,566499460.3988694
1477,2025-07-10,2025-07-11,2025-07-14,244.42379760742188,239.53530883789065,-0.02000005243917702,-0.005980326954644122,-0.014019725484532897,FOREIGN_FLIP_SELL,2,470263.0,67730.0,0.02532299028663121,571216365.2634522
1477,2025-09-05,2025-09-08,2025-09-09,283.5,279.5,-0.014109347442680775,0.012538968205540568,-0.026648315648221343,FOREIGN_FLIP_SELL,2,1729702.0,16748.0,0.057093191052565606,429483591.75
1477,2025-11-07,2025-11-10,2025-11-10,290.5,283.0,-0.025817555938037917,0.0,-0.025817555938037917,FOREIGN_FLIP_SELL,1,2329838.0,99869.0,0.05536177443878021,294588194.75
1503,2024-01-23,2024-01-24,2024-01-24,118.72422647281569,118.24160766601562,-0.004065040650406471,0.0,-0.004065040650406471,FOREIGN_FLIP_SELL,1,1501000.0,1312000.0,0.03529414103880346,790662236.7340542
1503,2024-09-18,2024-09-19,2024-09-20,211.1469814793593,215.048080444336,0.01847575057736761,0.005295654552418982,0.013180096024948629,FOREIGN_FLIP_SELL,2,575609.0,30000.0,0.0022039451709272573,799459323.1122239
1503,2025-12-30,2025-12-31,2025-12-31,172.5,170.0,-0.01449275362318836,0.0,-0.01449275362318836,FOREIGN_FLIP_SELL,1,742080.0,6850.0,0.016649476941211105,204869987.25000003
1504,2024-02-02,2024-02-05,2024-02-15,42.57690449047692,42.25434875488281,-0.007575838108809796,0.030310448098840537,-0.03788628620765033,FOREIGN_FLIP_SELL,2,3367329.0,117408.0,0.02263943627263454,262653271.6627899
1504,2024-03-20,2024-03-21,2024-03-21,52.52994018738372,53.54367446899414,0.019298218844229442,0.0,0.019298218844229442,FOREIGN_FLIP_SELL,1,9466188.0,10630469.0,0.11804348225102101,986145139.5717912
1504,2024-04-08,2024-04-09,2024-04-10,52.161308983787634,51.79268264770508,-0.007067045349592904,-0.0015709563815653471,-0.005496088968027557,FOREIGN_FLIP_SELL,2,8188147.0,1376043.0,0.0359738682726527,1394483066.6309006
1504,2024-05-31,2024-06-03,2024-06-13,52.161312508207,52.80641555786133,0.012367461987326855,0.03599795444217335,-0.023630492454846497,FOREIGN_FLIP_SELL,8,11415491.0,10115906.0,0.028738828128467286,608431628.6551507
1504,2024-09-19,2024-09-20,2024-09-23,47.42965737018577,46.95056915283203,-0.01010102631807952,0.0056910052449301585,-0.01579203156300968,FOREIGN_FLIP_SELL,2,1407859.0,154000.0,0.026522845706619558,152518558.69084167
1504,2024-10-07,2024-10-08,2024-10-08,48.57946855930464,47.71710968017578,-0.017751509119044995,0.0,-0.017751509119044995,FOREIGN_FLIP_SELL,1,7505170.0,23649.0,0.048549727118915476,191327695.54849243
1504,2024-10-22,2024-10-23,2024-11-01,47.23802243218599,47.62129211425781,0.008113584403793173,-0.023770533447578623,0.031884117851371796,FOREIGN_FLIP_SELL,7,2278000.0,89291.0,0.003751393076013576,220075415.46836856
1504,2024-11-29,2024-12-02,2024-12-05,51.54980982710932,49.9209098815918,-0.031598563621876075,0.023354506211844983,-0.05495306983372106,FOREIGN_FLIP_SELL,4,13223471.0,149941.0,0.0340294869010358,357002803.7944815
1504,2025-02-03,2025-02-04,2025-02-05,52.50798131898481,52.22053146362305,-0.0054744030934176235,0.016127918339116087,-0.02160232143253371,FOREIGN_FLIP_SELL,2,6129440.0,183000.0,0.026605256220031848,288873217.34169316
1504,2025-02-26,2025-02-27,2025-02-27,52.795434935108666,52.22053146362305,-0.010889264804660459,0.0,-0.010889264804660459,FOREIGN_FLIP_SELL,1,835816.0,44858.0,0.016980379565497472,252412169.86725733
1504,2025-07-21,2025-07-22,2025-07-22,48.75,46.59999847412109,-0.044102595402644384,0.0,-0.044102595402644384,FOREIGN_FLIP_SELL,1,857448.0,379181.0,0.012764209343226529,237578236.72999188
1504,2025-08-22,2025-08-25,2025-08-25,71.80000305175781,74.19999694824219,0.033426097416100475,0.0,0.033426097416100475,FOREIGN_FLIP_SELL,1,21912813.0,704965.0,0.23762375891370735,2138109075.0
1504,2025-09-09,2025-09-10,2025-09-12,82.5,89.4000015258789,0.08363638213186553,0.011195783482339072,0.07244059864952646,FOREIGN_FLIP_SELL,3,30001490.0,56242.0,0.21563834805430915,4499639607.004909
1504,2025-09-25,2025-09-26,2025-09-26,98.5999984741211,94.5999984741211,-0.0405679519462655,0.0,-0.0405679519462655,FOREIGN_FLIP_SELL,1,50905791.0,1921278.0,0.21267858032492115,8171126512.788244
1504,2025-10-03,2025-10-07,2025-10-07,116.5,113.0,-0.030042918454935674,0.0,-0.030042918454935674,FOREIGN_FLIP_SELL,1,35621714.0,1090000.0,0.24855618607620333,11788372945.45
1513,2024-02-27,2024-02-29,2024-03-01,153.99361058285362,167.72552490234375,0.08917197452229297,-0.0016259934881998062,0.09079796801049278,FOREIGN_FLIP_SELL,2,11662773.0,54424.0,0.21889084830541394,5065519458.398578
1513,2024-04-23,2024-04-24,2024-04-25,189.30425138890283,187.3425445556641,-0.010362719372892681,-0.013626259295338894,0.0032635399224462125,FOREIGN_FLIP_SELL,2,2799516.0,50000.0,0.00026533452259203116,11517127118.90027
1513,2024-06-28,2024-07-01,2024-07-01,190.5,185.5,-0.026246719160105014,0.0,-0.026246719160105014,FOREIGN_FLIP_SELL,1,3326107.0,4000.0,0.04314050181729878,3440922206.2477927
1513,2024-07-11,2024-07-12,2024-07-16,228.5,228.5,0.0,0.00335830365977019,-0.00335830365977019,FOREIGN_FLIP_SELL,3,26038543.0,172000.0,0.18455307061003778,6649714791.0
1513,2024-11-25,2024-11-26,2024-11-27,164.5,161.0,-0.021276595744680882,-0.015167516755981714,-0.006109078988699168,FOREIGN_FLIP_SELL,2,4150347.0,1209.0,0.02128972539339702,715458419.8
1513,2025-01-02,2025-01-03,2025-01-03,158.0,157.5,-0.0031645569620253333,0.0,-0.0031645569620253333,FOREIGN_FLIP_SELL,1,1727514.0,399487.0,0.01672892642520707,519051241.27500004
1513,2025-05-08,2025-05-09,2025-05-09,137.0,136.5,-0.0036496350364964014,0.0,-0.0036496350364964014,FOREIGN_FLIP_SELL,1,1326199.0,221000.0,0.08372456964006258,1049444886.9000001
1513,2025-05-16,2025-05-19,2025-05-22,152.5,151.5,-0.006557377049180357,0.006835719239603799,-0.013393096288784156,FOREIGN_FLIP_SELL,4,5665765.0,1905000.0,0.1359789354899379,1322248593.1999998
1513,2025-06-05,2025-06-06,2025-06-09,157.0,157.5,0.0031847133757962887,0.0059845316493087886,-0.0027998182735125,FOREIGN_FLIP_SELL,2,5663149.0,752000.0,0.0409297625063163,1374595260.1499999
1513,2025-06-17,2025-06-18,2025-06-30,164.0,162.0,-0.012195121951219523,-0.004504725663744602,-0.007690396287474921,FOREIGN_FLIP_SELL,9,4295777.0,886722.0,0.05534105534105538,1170123657.3999999
1513,2025-08-05,2025-08-06,2025-08-07,170.0,168.5,-0.008823529411764675,0.023730184169192814,-0.03255371358095749,FOREIGN_FLIP_SELL,2,5029813.0,199297.0,0.02970297029702973,780005709.6
1513,2026-03-17,2026-03-18,2026-03-19,164.0,159.5,-0.027439024390243927,-0.019182699065508957,-0.00825632532473497,FOREIGN_FLIP_SELL,2,1640568.0,34000.0,0.000926784059314123,996613713.0
1514,2024-04-10,2024-04-11,2024-04-11,139.8356271933332,148.06124877929688,0.05882350407447401,0.0,0.05882350407447401,FOREIGN_FLIP_SELL,1,11326969.0,91000.0,0.2502780361783066,4280525221.87381
1514,2025-09-11,2025-09-12,2025-09-12,109.5,107.5,-0.0182648401826484,0.0,-0.0182648401826484,FOREIGN_FLIP_SELL,1,1596770.0,192000.0,0.005047166028007144,250171635.0
1514,2025-10-21,2025-10-22,2025-10-23,101.5,99.5999984741211,-0.018719226855949844,-0.004218986931701196,-0.014500239924248648,FOREIGN_FLIP_SELL,2,805435.0,20000.0,0.0011342915891006111,163836971.025
1514,2025-10-31,2025-11-03,2025-11-03,115.0,116.5,0.01304347826086949,0.0,0.01304347826086949,FOREIGN_FLIP_SELL,1,2058736.0,25000.0,0.0965565140055511,262076728.55
1519,2024-01-09,2024-01-10,2024-01-11,289.78103596398563,284.93115234375,-0.016736373393455573,0.004562643844165715,-0.021299017237621287,FOREIGN_FLIP_SELL,2,5192000.0,771000.0,0.0729900306505944,5315315445.101815
1519,2024-01-24,2024-01-25,2024-01-25,316.8596086694609,307.56396484375,-0.029336790084241504,0.0,-0.029336790084241504,FOREIGN_FLIP_SELL,1,3265628.0,461000.0,0.10259475240718108,6695929282.887123
1519,2024-01-31,2024-02-01,2024-02-01,359.7002599605772,394.4578247070313,0.09662924555646257,0.0,0.09662924555646257,FOREIGN_FLIP_SELL,1,5121673.0,516000.0,0.19066769323804733,7048397304.947747
1519,2024-02-22,2024-02-23,2024-02-23,426.7904876286427,452.6565551757813,0.06060600762415547,0.0,0.06060600762415547,FOREIGN_FLIP_SELL,1,1557194.0,171000.0,0.18232232173168073,7124764757.440956
1519,2024-03-15,2024-03-18,2024-03-19,535.1047270150829,533.4880981445312,-0.0030211448132209107,-0.001139364284441946,-0.0018817805287789646,FOREIGN_FLIP_SELL,2,1319688.0,180000.0,0.2288644731568159,5650839442.689026
1519,2024-04-18,2024-04-19,2024-04-19,771.9411425600221,739.6085205078125,-0.0418848280906281,0.0,-0.0418848280906281,FOREIGN_FLIP_SELL,1,1547669.0,215000.0,0.1940485425120373,4224919138.656143
1519,2024-05-08,2024-05-09,2024-05-09,722.6338222209656,674.9432373046875,-0.06599550622984174,0.0,-0.06599550622984174,FOREIGN_FLIP_SELL,1,2039996.0,188000.0,0.028670688342855133,8855920326.937733
1519,2024-06-21,2024-06-24,2024-07-05,766.2828472078313,756.5830688476562,-0.0126582219548812,0.03256335668655774,-0.04522157864143894,FOREIGN_FLIP_SELL,10,272317.0,1000.0,0.19382285045282788,7660395527.587189
1519,2024-11-05,2024-11-06,2024-11-06,538.1557701329058,522.9334106445312,-0.028286158642534143,0.0,-0.028286158642534143,FOREIGN_FLIP_SELL,1,3702573.0,17000.0,0.005792939330136804,2399974203.531238
1519,2024-11-11,2024-11-12,2024-11-13,573.077663956629,567.705078125,-0.009374969868020444,-0.005288498883201043,-0.004086470984819401,FOREIGN_FLIP_SELL,2,2721362.0,542000.0,0.0851279184060818,2662339641.7256503
1519,2025-01-22,2025-02-03,2025-02-03,482.6388393096422,481.743408203125,-0.0018552819076849136,0.0,-0.0018552819076849136,FOREIGN_FLIP_SELL,1,4173653.0,125000.0,0.07882244254837456,1980956621.4123535
1519,2025-02-19,2025-02-20,2025-02-25,510.3972873063012,572.1822509765625,0.1210526881840237,-0.008589273864545444,0.12964196204856915,FOREIGN_FLIP_SELL,4,2211270.0,190000.0,0.0838191114713156,1627739844.1435912
1519,2025-06-10,2025-06-11,2025-06-11,435.1808536061347,432.9422607421875,-0.005144051824424345,0.0,-0.005144051824424345,FOREIGN_FLIP_SELL,1,1219756.0,264000.0,0.02588535500445377,2014946542.8215182
1519,2025-07-01,2025-07-02,2025-07-02,517.5607436462235,513.0836181640625,-0.008650434827455422,0.0,-0.008650434827455422,FOREIGN_FLIP_SELL,1,1304288.0,49541.0,0.08580275838190832,3565146958.9915466
1519,2025-08-05,2025-08-06,2025-08-11,648.0,675.0,0.04166666666666674,0.029348320806380723,0.012318345860286017,FOREIGN_FLIP_SELL,4,789681.0,433.0,0.11231967622048389,4384624867.2
1519,2025-11-03,2025-11-04,2025-11-05,800.0,785.0,-0.018750000000000044,-0.014208708043573326,-0.0045412919564267185,FOREIGN_FLIP_SELL,2,7843107.0,488200.0,0.30586476158830367,2976405739.5
1519,2025-11-12,2025-11-13,2025-11-20,769.0,739.0,-0.03901170351105332,-0.017101802154364965,-0.021909901356688355,FOREIGN_FLIP_SELL,6,680216.0,108437.0,0.1367013372956909,3785516475.75
1519,2025-12-23,2025-12-24,2025-12-24,798.0,783.0,-0.018796992481203034,0.0,-0.018796992481203034,FOREIGN_FLIP_SELL,1,550650.0,114000.0,0.058705132505870505,4240112076.45
1519,2026-01-13,2026-01-14,2026-01-16,830.0,965.0,0.16265060240963858,0.015090273813767263,0.14756032859587132,FOREIGN_FLIP_SELL,3,3229702.0,289450.0,0.04997737117734524,3849480271.0
1522,2025-01-17,2025-01-20,2025-02-10,59.08935546875,60.769622802734375,0.028436040986654643,-0.0006309279610550167,0.02906696894770966,FOREIGN_FLIP_SELL,9,795982.0,2000.0,0.005586616958087598,112659010.58824502
1522,2025-05-06,2025-05-07,2025-05-07,43.826939207628925,45.273834228515625,0.03301382772892425,0.0,0.03301382772892425,FOREIGN_FLIP_SELL,1,707000.0,231480.0,0.013864363192011453,97492649.39739762
1524,2024-11-19,2024-11-20,2024-11-20,35.23715591430664,35.23715591430664,0.0,0.0,0.0,FOREIGN_FLIP_SELL,1,1248000.0,5000.0,0.03921301870666638,309245481.05824125
1528,2026-01-23,2026-01-26,2026-01-27,29.450000762939453,28.14999961853028,-0.04414265231684211,0.007902828245345717,-0.05204548056218783,FOREIGN_FLIP_SELL,2,2355700.0,103000.0,0.17360903425473673,552623899.7161809
1532,2024-04-11,2024-04-12,2024-04-18,36.242529259316136,38.81195831298828,0.07089541227345975,-0.020995327924963503,0.09189074019842325,FOREIGN_FLIP_SELL,5,1836065.0,246000.0,0.05992930735010682,81960808.95606633
1532,2024-04-24,2024-04-25,2024-04-26,38.76688254963268,39.803672790527344,0.02674422529506404,0.013248943960749937,0.013495281334314102,FOREIGN_FLIP_SELL,2,1962000.0,50000.0,0.09388788773242185,188302986.32679597
1532,2025-11-20,2025-11-21,2025-11-25,26.100000381469727,27.100000381469727,0.03831417568522233,0.018053019171700324,0.020261156513522005,FOREIGN_FLIP_SELL,3,594000.0,1808.0,0.001242019790599791,15665750.73618393
1535,2024-08-26,2024-08-27,2024-08-29,58.95478396513844,58.76521682739258,-0.003215466582965676,0.0007595045920667509,-0.003974971175032427,FOREIGN_FLIP_SELL,3,94000.0,1052.0,0.03563107181429759,12887303.631153869
1535,2024-09-16,2024-09-18,2024-09-20,57.81739087523158,58.10173797607422,0.0049180202796810235,0.022168164052540407,-0.017250143772859383,FOREIGN_FLIP_SELL,3,51000.0,2943.0,0.005687891218420615,5235249.069732666
1535,2024-12-18,2024-12-19,2024-12-27,58.95478523738235,58.8599967956543,-0.001607815910894872,0.014975839156646131,-0.016583655067541003,FOREIGN_FLIP_SELL,7,46000.0,1131.0,0.0152284171777326,3682366.0349395755
1536,2024-08-14,2024-08-15,2024-08-15,68.02835472123327,66.16053009033203,-0.02745656040860045,0.0,-0.02745656040860045,FOREIGN_FLIP_SELL,1,2687938.0,50000.0,0.024790927850764977,708642195.5061989
1536,2024-11-25,2024-11-26,2024-11-27,64.8825354775455,62.03163909912109,-0.043939349124404226,-0.015167516755981714,-0.028771832368422512,FOREIGN_FLIP_SELL,2,1943830.0,6000.0,0.03628720936209717,243475526.47699088
1536,2025-02-18,2025-02-19,2025-02-19,81.6930151011464,80.61164093017578,-0.01323704565967776,0.0,-0.01323704565967776,FOREIGN_FLIP_SELL,1,16993252.0,30000.0,0.27959847935650606,1341101851.4960766
1536,2025-02-27,2025-03-03,2025-03-04,81.59470957630086,77.95735931396484,-0.04457826103216478,-0.007003312963471564,-0.037574948068693215,FOREIGN_FLIP_SELL,2,4856277.0,17000.0,0.15504032405538992,2742484932.7234383
1536,2025-08-20,2025-08-21,2025-08-22,63.5,62.0,-0.023622047244094446,-0.008248855555042067,-0.015373191689052379,FOREIGN_FLIP_SELL,2,1787791.0,25000.0,0.0338037420321049,335500911.9
1536,2026-01-15,2026-01-16,2026-01-19,60.09999847412109,63.70000076293945,0.05990020599365775,0.007341591644532297,0.052558614349125454,FOREIGN_FLIP_SELL,2,3228000.0,15000.0,0.04614302935226111,113952850.0672432
1537,2024-07-16,2024-07-17,2024-07-17,130.25914806209198,128.93447875976562,-0.01016949152542368,0.0,-0.01016949152542368,FOREIGN_FLIP_SELL,1,32000.0,23000.0,0.020124809554135092,20699828.7348938
1537,2024-11-26,2024-11-27,2024-12-02,152.1241302965586,146.55862426757812,-0.036585293984135125,0.018005568144623174,-0.0545908621287583,FOREIGN_FLIP_SELL,4,1223221.0,1000.0,0.0920019725052863,76411286.60004273
1560,2024-01-15,2024-01-16,2024-01-16,192.15102593473685,189.2174224853516,-0.015267175572518887,0.0,-0.015267175572518887,FOREIGN_FLIP_SELL,1,214990.0,181000.0,0.07210883473341134,730880202.8237731
1560,2024-04-25,2024-04-26,2024-04-26,251.8009538948536,250.3341522216797,-0.005825242718446644,0.0,-0.005825242718446644,FOREIGN_FLIP_SELL,1,2501000.0,34000.0,0.013480241666308235,1155644862.3958206
1560,2024-05-20,2024-05-21,2024-05-30,247.4005416957644,288.9599609375,0.16798435022362423,0.006014595865657446,0.1619697543579668,FOREIGN_FLIP_SELL,8,1053970.0,54000.0,0.013376527019134166,690750490.1037217
1560,2024-06-26,2024-06-27,2024-06-27,318.29595246630936,317.3180847167969,-0.003072196620583778,0.0,-0.003072196620583778,FOREIGN_FLIP_SELL,1,2681984.0,107000.0,0.12325023565239035,1639844281.04198
1560,2024-08-14,2024-08-15,2024-08-15,324.8922578550083,320.9361877441406,-0.012176560121765712,0.0,-0.012176560121765712,FOREIGN_FLIP_SELL,1,1175378.0,159000.0,0.0538261687253514,1071862979.994348
1560,2024-10-15,2024-10-16,2024-10-16,358.02436082628043,356.0463256835937,-0.005524861878453358,0.0,-0.005524861878453358,FOREIGN_FLIP_SELL,1,4545751.0,1501000.0,0.12472072956162572,1009893387.6592958
1560,2024-11-25,2024-11-26,2024-11-26,304.12289474563727,296.21075439453125,-0.026016260162601612,0.0,-0.026016260162601612,FOREIGN_FLIP_SELL,1,531553.0,24000.0,0.005559632125185177,1043200988.7020996
1560,2025-01-07,2025-01-08,2025-01-09,300.66132166838844,295.7162475585937,-0.016447323793942648,-0.013935772156041248,-0.002511551637901399,FOREIGN_FLIP_SELL,2,2422869.0,153000.0,0.04515911235988579,470971181.7241974
1560,2025-05-28,2025-05-29,2025-06-03,281.87000877692054,267.5292358398437,-0.05087725721265546,-0.010323136213247097,-0.04055412099940836,FOREIGN_FLIP_SELL,3,688581.0,25000.0,0.025827607471730296,927161929.2860779
1560,2025-06-16,2025-06-17,2025-06-17,309.0679879282035,302.6393737792969,-0.02079999999999993,0.0,-0.02079999999999993,FOREIGN_FLIP_SELL,1,1209932.0,170000.0,0.057276502870715396,694369208.3296784
1560,2025-07-25,2025-07-28,2025-07-30,354.0,346.5,-0.021186440677966156,0.0020817612025114673,-0.023268201880477624,FOREIGN_FLIP_SELL,3,1110200.0,257000.0,0.03011834190431495,1231247727.5
1560,2025-09-04,2025-09-05,2025-09-09,341.5,333.5,-0.02342606149341142,0.01472160813636636,-0.03814766962977778,FOREIGN_FLIP_SELL,3,1751622.0,181000.0,0.04545806551537224,1431366373.125
1560,2025-12-01,2025-12-02,2025-12-09,319.0,352.0,0.10344827586206895,0.02243230416187858,0.08101597170019037,FOREIGN_FLIP_SELL,6,774100.0,1000.0,0.025641025641025772,488022815.54999995
1560,2025-12-15,2025-12-16,2025-12-19,376.0,365.0,-0.0292553191489362,0.005799158366297297,-0.035054477515233495,FOREIGN_FLIP_SELL,4,3367842.0,47600.0,0.14389744367746338,1349790027.3
1560,2026-01-09,2026-01-12,2026-01-12,419.5,416.5,-0.007151370679380209,0.0,-0.007151370679380209,FOREIGN_FLIP_SELL,1,803311.0,13000.0,0.05964549100789229,1570309486.2
1560,2026-01-29,2026-01-30,2026-02-04,428.0,406.5,-0.050233644859813076,0.007050346477720071,-0.05728399133753315,FOREIGN_FLIP_SELL,4,2391953.0,30000.0,0.014064531379269551,1457462013.15
1560,2026-02-23,2026-02-24,2026-02-25,465.0,494.5,0.0634408602150538,0.02052545137509143,0.042915408839962366,FOREIGN_FLIP_SELL,2,4416995.0,13000.0,0.10972642573141056,1319872273.5
1560,2026-03-05,2026-03-06,2026-03-06,483.0,486.5,0.007246376811594235,0.0,0.007246376811594235,FOREIGN_FLIP_SELL,1,2109761.0,6000.0,0.07477421888147195,1368817774.85
1582,2024-08-29,2024-08-30,2024-09-02,103.07142748640256,104.46427917480467,0.013513460736593208,-0.0014815026617228666,0.014994963398316075,FOREIGN_FLIP_SELL,2,678000.0,5000.0,0.058682632543382685,213881909.55395392
1582,2024-10-23,2024-10-24,2024-10-24,98.89285148062358,95.1785659790039,-0.03755868544600949,0.0,-0.03755868544600949,FOREIGN_FLIP_SELL,1,841000.0,100000.0,0.02242582002805249,180002239.08404806
1582,2025-02-03,2025-02-04,2025-02-14,89.79285484901357,97.5,0.08583249930015002,0.01573436220599822,0.0700981370941518,FOREIGN_FLIP_SELL,9,917961.0,1000.0,0.051029826837205805,53508558.58346481
1582,2026-03-27,2026-03-30,2026-03-30,107.0,102.0,-0.04672897196261683,0.0,-0.04672897196261683,FOREIGN_FLIP_SELL,1,2912800.0,510876.0,0.16604744212632183,982207786.1999999
1590,2024-04-01,2024-04-02,2024-04-11,1121.451837565104,1131.24609375,0.008733550435978898,0.014005785348897737,-0.005272234912918838,FOREIGN_FLIP_SELL,6,335506.0,10560.0,0.05625719866009815,669557374.0251832
1590,2024-05-10,2024-05-13,2024-05-21,1145.9376693400932,1111.657470703125,-0.029914540340321483,0.018172610773818265,-0.04808715111413975,FOREIGN_FLIP_SELL,7,296238.0,367.0,0.045077410397136086,586962771.7749511
1590,2024-12-17,2024-12-18,2024-12-19,846.0,828.0,-0.021276595744680882,-0.010204294103727585,-0.011072301640953297,FOREIGN_FLIP_SELL,2,113976.0,2482.0,0.03227380879751096,524037780.0
1590,2025-01-14,2025-01-15,2025-01-15,862.0,839.0,-0.026682134570765625,0.0,-0.026682134570765625,FOREIGN_FLIP_SELL,1,96217.0,13000.0,0.021690174232547044,545255514.0
1590,2025-01-20,2025-01-21,2025-01-22,890.0,871.0,-0.02134831460674158,0.009673832452960607,-0.031022147059702188,FOREIGN_FLIP_SELL,2,269321.0,4000.0,0.04792181796773809,401084107.0
1590,2025-02-06,2025-02-07,2025-02-12,940.0,932.0,-0.008510638297872353,-0.008029532627993552,-0.00048110566987880077,FOREIGN_FLIP_SELL,4,1267134.0,1173.0,0.08846688281611859,591589094.0
1590,2025-02-17,2025-02-18,2025-02-25,983.0,951.0,-0.03255340793489314,-0.016073139266263525,-0.016480268668629616,FOREIGN_FLIP_SELL,6,1036821.0,22856.0,0.09771077610273582,917156939.75
1590,2025-03-18,2025-03-19,2025-03-27,990.0,942.0,-0.048484848484848464,-0.0004130222977789533,-0.04807182618706951,FOREIGN_FLIP_SELL,7,512140.0,152565.0,0.02706381196670682,848996247.6
1590,2025-06-02,2025-06-03,2025-06-05,933.0,927.0,-0.006430868167202619,0.025914792546686716,-0.032345660713889335,FOREIGN_FLIP_SELL,3,141998.0,45734.0,0.005714285714285783,729051477.0
1590,2025-10-08,2025-10-09,2025-10-15,878.0,902.0,0.02733485193621865,-0.0009599685461680885,0.02829482048238674,FOREIGN_FLIP_SELL,4,2723294.0,3000.0,0.14070481268544244,962016829.6999999
1590,2025-10-22,2025-10-23,2025-11-20,906.0,902.0,-0.004415011037527616,-0.003846411138297534,-0.0005685998992300823,FOREIGN_FLIP_SELL,20,567787.0,1176.0,0.09536363607115117,1116702757.5
1590,2026-01-27,2026-01-28,2026-01-28,1015.0,1025.0,0.009852216748768461,0.0,0.009852216748768461,FOREIGN_FLIP_SELL,1,203313.0,47000.0,0.03279762204645076,526687435.0
1590,2026-02-03,2026-02-04,2026-02-04,1195.0,1210.0,0.012552301255230214,0.0,0.012552301255230214,FOREIGN_FLIP_SELL,1,791955.0,45169.0,0.13862105722176454,915403313.75
1590,2026-02-09,2026-02-10,2026-03-03,1200.0,1185.0,-0.012499999999999956,0.037815767219264274,-0.05031576721926423,FOREIGN_FLIP_SELL,8,554742.0,10000.0,0.1264602262191732,1109324463.75
1597,2025-02-24,2025-02-25,2025-02-25,110.08588542413274,108.10235595703124,-0.018018018018018167,0.0,-0.018018018018018167,FOREIGN_FLIP_SELL,1,788880.0,1000.0,0.06494249085113979,557920780.3678398
1603,2026-01-15,2026-01-16,2026-01-19,39.79999923706055,39.900001525878906,0.002512620370234586,0.007341591644532297,-0.004828971274297711,FOREIGN_FLIP_SELL,2,164000.0,1000.0,0.04753696532204721,16617855.4
1605,2024-02-19,2024-02-20,2024-02-20,34.659413275364486,34.37532043457031,-0.008196700807861168,0.0,-0.008196700807861168,FOREIGN_FLIP_SELL,1,7674741.0,5033.0,0.019152820104249457,268258382.82145995
1605,2024-03-14,2024-03-15,2024-03-19,34.47001836658067,34.6594123840332,0.005494456528521985,0.008875865299123653,-0.0033814087706016682,FOREIGN_FLIP_SELL,3,9868610.0,1087032.0,0.00973575445268815,340649829.63589245
1605,2024-06-20,2024-06-21,2024-06-21,35.23055000556288,35.035369873046875,-0.005540081902927652,0.0,-0.005540081902927652,FOREIGN_FLIP_SELL,1,5408441.0,62378.0,0.0034845645561352168,465627120.9444462
1605,2024-08-22,2024-08-23,2024-08-27,33.03474063060404,33.91306686401367,0.02658795609237896,0.0012162269603968046,0.025371729131982157,FOREIGN_FLIP_SELL,3,3655059.0,202079.0,0.014978731983345428,321420747.52462864
1605,2024-08-30,2024-09-02,2024-09-03,34.35222777984531,33.96186065673828,-0.011363662514372819,-0.00642626632600074,-0.0049373961883720785,FOREIGN_FLIP_SELL,2,5191431.0,4000.0,0.05003736386404567,288635831.67265016
1605,2024-09-27,2024-09-30,2024-10-01,35.03536892076954,34.15704345703125,-0.025069679321047644,0.007462542284165874,-0.03253222160521352,FOREIGN_FLIP_SELL,2,30860715.0,2872000.0,0.0803829168284016,394665839.6714535
1605,2025-01-21,2025-01-22,2025-02-03,23.81233925473068,22.982810974121094,-0.03483606846583909,-0.035310722033439546,0.0004746535676004582,FOREIGN_FLIP_SELL,2,11130916.0,23456.0,0.03356421545210031,579832399.7882224
1605,2025-11-06,2025-11-07,2025-11-07,30.100000381469727,29.64999961853028,-0.014950191270312274,0.0,-0.014950191270312274,FOREIGN_FLIP_SELL,1,18451015.0,638810.0,0.02078447011295781,3955443200.768037
1605,2025-11-12,2025-11-13,2025-11-14,31.700000762939453,32.79999923706055,0.03470026648728375,-0.018136056365454567,0.052836322852738316,FOREIGN_FLIP_SELL,2,24873935.0,740000.0,0.05113161043507142,2883856929.71854
1605,2025-12-23,2025-12-24,2025-12-29,31.450000762939453,32.29999923706055,0.027026977853772616,0.015469845565889706,0.01155713228788291,FOREIGN_FLIP_SELL,3,14513401.0,1650000.0,0.014865847653499076,1585073344.7902203
1605,2026-01-06,2026-01-07,2026-01-09,37.29999923706055,37.59999847412109,0.00804287515272839,-0.004813783465157928,0.012856658617886318,FOREIGN_FLIP_SELL,3,109700697.0,1012428.0,0.14946191619551308,3261270142.2355347
1608,2024-02-19,2024-02-20,2024-02-23,20.375960450614944,20.14121437072754,-0.011520736922137065,0.007253673287147988,-0.018774410209285053,FOREIGN_FLIP_SELL,4,2851000.0,7000.0,0.04995149361297235,25409090.357487485
1608,2024-03-07,2024-03-08,2024-03-08,21.31494437877228,20.986299514770508,-0.015418518489265898,0.0,-0.015418518489265898,FOREIGN_FLIP_SELL,1,1546000.0,8000.0,0.051656214444206094,62885534.80845702
1608,2024-04-10,2024-04-11,2024-04-11,33.00530257028499,32.44190979003906,-0.01706976565496343,0.0,-0.01706976565496343,FOREIGN_FLIP_SELL,1,6521640.0,43000.0,0.23948097840661609,1029773680.862915
1608,2024-09-27,2024-09-30,2024-09-30,32.58929019339017,31.9635009765625,-0.019202296616898762,0.0,-0.019202296616898762,FOREIGN_FLIP_SELL,1,1826000.0,8000.0,0.06379653525482953,69526395.39231147
1608,2025-07-22,2025-07-23,2025-07-24,27.25,27.299999237060547,0.0018348343875429496,0.0023612215902308886,-0.000526387202687939,FOREIGN_FLIP_SELL,2,1915332.0,107000.0,0.05402774183131909,92123814.02858937
1609,2024-02-19,2024-02-20,2024-02-20,32.90748902876137,32.278114318847656,-0.019125576836434788,0.0,-0.019125576836434788,FOREIGN_FLIP_SELL,1,15813521.0,15520.0,0.032569999834417995,438446382.2893677
1609,2024-04-24,2024-04-25,2024-04-25,54.84581582148522,54.75590515136719,-0.0016393350845700372,0.0,-0.0016393350845700372,FOREIGN_FLIP_SELL,1,21457886.0,1074000.0,0.20350103425538468,6835988775.591542
1609,2024-08-09,2024-08-12,2024-08-16,51.69892691717355,52.23272705078125,0.01032516853711285,0.026457697134054436,-0.016132528596941587,FOREIGN_FLIP_SELL,5,12792395.0,10804.0,0.01716239477855952,1951449512.4802883
1609,2024-09-23,2024-09-24,2024-09-24,49.14317817821755,48.46734237670898,-0.013752382864975932,0.0,-0.013752382864975932,FOREIGN_FLIP_SELL,1,1536050.0,18000.0,0.0028185934552467096,389541248.5402756
1609,2024-11-22,2024-11-25,2024-11-25,45.13641626168703,45.1846923828125,0.0010695603489114802,0.0,0.0010695603489114802,FOREIGN_FLIP_SELL,1,2735008.0,1000.0,0.02172119794430727,151074553.6395279
1609,2025-10-08,2025-10-09,2025-10-15,41.5,41.34999847412109,-0.003614494599491924,-0.0009599685461680885,-0.0026545260533238357,FOREIGN_FLIP_SELL,4,8056608.0,11000.0,0.022467025192018042,319797757.51734066
1609,2025-12-04,2025-12-05,2025-12-05,40.29999923706055,39.29999923706055,-0.024813896251401957,0.0,-0.024813896251401957,FOREIGN_FLIP_SELL,1,2472742.0,46000.0,0.022282138420380182,237130958.57435763
1612,2024-04-12,2024-04-15,2024-04-15,34.322676393908644,34.85896682739258,0.015624959642690062,0.0,0.015624959642690062,FOREIGN_FLIP_SELL,1,4745001.0,12000.0,0.22593625559776354,374164818.8635761
1612,2024-11-05,2024-11-06,2024-11-13,32.31296654282535,32.45427703857422,0.0043731823743755616,-0.015382888913621162,0.019756071287996724,FOREIGN_FLIP_SELL,6,641000.0,1000.0,0.013980856257481022,23644386.660643388
1612,2024-11-26,2024-11-27,2024-11-27,33.01951830510451,32.360069274902344,-0.01997149153142619,0.0,-0.01997149153142619,FOREIGN_FLIP_SELL,1,600657.0,1000.0,0.018680677019303316,21543122.046751976
1612,2025-07-18,2025-07-21,2025-07-24,36.400001525878906,36.0,-0.010989052448102776,0.0014211279034359592,-0.012410180351538735,FOREIGN_FLIP_SELL,4,1067000.0,109000.0,0.020137375101185517,100274638.73246612
1612,2025-08-06,2025-08-07,2025-08-15,38.0,38.150001525878906,0.0039474085757607025,0.013777458455825231,-0.009830049880064529,FOREIGN_FLIP_SELL,7,1985026.0,1000.0,0.0387811634349029,94753406.25
1615,2024-04-24,2024-04-25,2024-04-25,47.71691702464194,47.091121673583984,-0.013114748187414982,0.0,-0.013114748187414982,FOREIGN_FLIP_SELL,1,319000.0,46000.0,0.023372332560874565,121279205.95965843
1616,2025-05-28,2025-05-29,2025-06-04,24.881661208853167,25.87692642211914,0.03999995036150761,0.012684932173619101,0.027315018187888507,FOREIGN_FLIP_SELL,4,922105.0,1000.0,0.014111863536313773,92931256.80257453
1617,2025-05-15,2025-05-16,2025-05-16,17.62222358005584,17.234920501708984,-0.021978104896205775,0.0,-0.021978104896205775,FOREIGN_FLIP_SELL,1,62693.0,1000.0,0.03987143659111814,5382403.62696991
1702,2024-07-26,2024-07-29,2024-07-30,55.439265011420304,55.53387451171875,0.0017065431924279117,0.0026655283970109522,-0.0009589852045830405,FOREIGN_FLIP_SELL,2,539000.0,4000.0,0.006798063897145434,48120127.304963484
1702,2024-08-02,2024-08-05,2024-08-05,55.62847888988769,52.69568634033203,-0.052721063169116955,0.0,-0.052721063169116955,FOREIGN_FLIP_SELL,1,1166198.0,209000.0,0.017676316053246488,46678149.83198089
1702,2025-04-29,2025-04-30,2025-04-30,44.46493911743164,44.46493911743164,0.0,0.0,0.0,FOREIGN_FLIP_SELL,1,207002.0,80000.0,0.034180520076584564,28954676.443605807
1707,2024-09-10,2024-09-11,2024-09-11,134.8435252598354,132.94432067871094,-0.014084507042253613,0.0,-0.014084507042253613,FOREIGN_FLIP_SELL,1,105349.0,6000.0,0.0019403363920571515,28894600.071826935
1707,2024-10-16,2024-10-17,2024-10-17,146.71354414287367,144.33953857421875,-0.016181229773462813,0.0,-0.016181229773462813,FOREIGN_FLIP_SELL,1,693579.0,2000.0,0.057479086963108994,53971239.24830933
1707,2024-10-24,2024-10-25,2024-11-01,143.86476135253906,144.81434631347656,0.0066005389506784695,-0.024342907543879688,0.030943446494558158,FOREIGN_FLIP_SELL,5,154286.0,1000.0,0.01797422360649148,56509064.01270981
1707,2024-11-18,2024-11-19,2024-12-09,144.33955825656557,147.6631622314453,0.023026286175630295,0.01857643308345125,0.004449853092179046,FOREIGN_FLIP_SELL,15,251000.0,50000.0,0.005273517529208904,43968234.95828781
1708,2025-03-03,2025-03-04,2025-03-05,38.103812586263565,39.38024520874024,0.03349881641336938,0.012170685545562776,0.021328130867806605,FOREIGN_FLIP_SELL,2,1100500.0,1000.0,0.05784910453663472,100196876.53540248
1709,2024-09-26,2024-09-27,2024-09-30,24.5,24.64999961853028,0.006122433409399219,-0.026212834827579523,0.03233526823697874,FOREIGN_FLIP_SELL,2,1394969.0,1000.0,0.02008623245711627,62644450.275
1710,2024-07-26,2024-07-29,2024-08-02,18.0,17.950000762939453,-0.002777735392252567,-0.02374971790727687,0.0209719825150243,FOREIGN_FLIP_SELL,5,495776.0,201000.0,0.021543711056269066,28972585.857560635
1710,2024-08-21,2024-08-22,2024-08-22,17.049999237060547,17.75,0.04105576505938502,0.0,0.04105576505938502,FOREIGN_FLIP_SELL,1,645330.0,2000.0,0.0024626542767494097,27189590.51092415
1710,2024-08-30,2024-09-02,2024-09-06,18.0,17.899999618530273,-0.005555576748318192,-0.03597511008732934,0.03041953333901115,FOREIGN_FLIP_SELL,5,686956.0,1000.0,0.045447944246241434,32923413.900000002
1710,2024-10-01,2024-10-04,2024-10-07,18.850000381469727,18.549999237060547,-0.015915179752680086,0.01792829627283954,-0.033843476025519625,FOREIGN_FLIP_SELL,2,2538126.0,3000.0,0.027808098075077003,44656651.83872204
1711,2024-10-04,2024-10-07,2024-10-08,25.925749137268543,25.041915893554688,-0.03409094329480089,-0.004015843133057917,-0.030075100161742974,FOREIGN_FLIP_SELL,2,2474497.0,1000.0,0.008177004258595133,875235340.6642289
1712,2024-04-15,2024-04-16,2024-04-16,36.99653732232857,36.5712890625,-0.01149427191316954,0.0,-0.01149427191316954,FOREIGN_FLIP_SELL,1,557000.0,5000.0,0.005651187249533951,29994386.820602417
1712,2024-04-19,2024-04-22,2024-04-26,37.421779795046845,37.51628112792969,0.0025253030027008183,0.036540157538150764,-0.034014854535449945,FOREIGN_FLIP_SELL,5,1782000.0,3000.0,0.002438670786417907,28059238.917233855
1712,2024-05-02,2024-05-03,2024-05-03,38.98102264998583,38.69752502441406,-0.007272708777225301,0.0,-0.007272708777225301,FOREIGN_FLIP_SELL,1,1619976.0,15000.0,0.04916369966436451,41364896.3364029
1712,2024-05-14,2024-05-15,2024-05-17,39.68977052812516,39.12277221679688,-0.014285754333764333,0.0052612028108021125,-0.019546957144566446,FOREIGN_FLIP_SELL,3,630000.0,27000.0,0.035678902083485786,46954184.79275322
1712,2024-06-12,2024-06-13,2024-06-17,40.9655087081748,39.92601776123047,-0.025374784293522024,0.008268640703712027,-0.03364342499723405,FOREIGN_FLIP_SELL,3,1100000.0,16856.0,0.048050753708059,42124870.11311932
1712,2024-06-24,2024-06-25,2024-07-08,41.67425553425095,42.33575439453125,0.015873081637574282,0.043809274828416234,-0.02793619319084195,FOREIGN_FLIP_SELL,10,829900.0,3000.0,0.04239550391255742,43359139.73870659
1712,2024-11-26,2024-11-27,2024-12-05,43.280747514886585,42.855499267578125,-0.009825344332654917,0.04178058550954944,-0.05160592984220436,FOREIGN_FLIP_SELL,7,1450306.0,38910.0,0.039213443475220044,31970808.032911297
1712,2025-05-20,2025-05-21,2025-06-03,42.5,42.34999847412109,-0.003529447667739105,-0.031048580915012947,0.02751913324727384,FOREIGN_FLIP_SELL,9,230800.0,126918.0,0.022885060279956404,24913023.969878767
1717,2024-05-06,2024-05-07,2024-05-07,30.556391513080985,30.269926071166992,-0.0093749761581422,0.0,-0.0093749761581422,FOREIGN_FLIP_SELL,1,1398000.0,1000.0,0.027680353034398086,70861709.39124393
1717,2024-05-17,2024-05-20,2024-05-21,30.36541333760308,29.84022521972656,-0.017295602468422655,-0.0016397830333553243,-0.01565581943506733,FOREIGN_FLIP_SELL,2,1123450.0,42188.0,0.013026643983970576,57034789.12175989
1717,2024-07-05,2024-07-08,2024-07-09,30.556391590274988,30.5563907623291,-2.7095669485888152e-08,0.0009183997563149138,-0.0009184268519843997,FOREIGN_FLIP_SELL,2,5560126.0,2000.0,0.02572368142079373,59928118.411823556
1717,2024-09-18,2024-09-19,2024-09-30,30.651877741052665,32.609397888183594,0.0638629764762888,0.008249883017302118,0.055613093458986684,FOREIGN_FLIP_SELL,8,4281650.0,2000.0,0.04604232707856082,129239191.36661433
1717,2025-03-18,2025-03-19,2025-03-21,28.21691596644056,28.26466178894043,0.001692099255519386,0.011305106881970728,-0.009613007626451342,FOREIGN_FLIP_SELL,3,1430193.0,11000.0,0.018502555190555325,34496904.79782257
1717,2025-05-06,2025-05-07,2025-05-08,26.600000381469727,26.14999961853028,-0.016917321672406005,-0.00015038304424519477,-0.01676693862816081,FOREIGN_FLIP_SELL,2,1447434.0,12000.0,0.04368635451152669,38550152.00559168
1717,2025-08-06,2025-08-07,2025-08-12,28.25,29.0,0.026548672566371723,0.006440231962264953,0.02010844060410677,FOREIGN_FLIP_SELL,4,562784.0,19000.0,0.08123624296741627,62338361.1125
1717,2025-08-25,2025-08-26,2025-08-26,42.0,42.79999923706055,0.019047600882393878,0.0,0.019047600882393878,FOREIGN_FLIP_SELL,1,2732090.0,2000.0,0.2501882820860206,1013078604.9749999
1717,2026-01-06,2026-01-07,2026-01-08,51.20000076293945,51.79999923706055,0.011718720023055074,-0.002461598922053443,0.014180318945108517,FOREIGN_FLIP_SELL,2,4152867.0,442000.0,0.232227498697271,677233293.6060846
1720,2024-05-13,2024-05-14,2024-05-20,62.3795023758358,64.76460266113281,0.03823532080982006,0.013617807013747596,0.024617513796072465,FOREIGN_FLIP_SELL,5,1247000.0,1000.0,0.07021837494069594,37447935.538836285
1720,2024-06-04,2024-06-05,2024-06-06,65.03981018066406,64.3059310913086,-0.01128353676489735,0.01944708756402913,-0.03073062432892648,FOREIGN_FLIP_SELL,2,252260.0,1000.0,0.02412254615612608,81785805.22731018
1720,2025-08-18,2025-08-19,2025-08-20,55.70000076293945,55.79999923706055,0.0017953047172600822,-0.02989552002278928,0.03169082474004936,FOREIGN_FLIP_SELL,2,482000.0,2000.0,0.01714407148517827,18053970.38781166
1722,2024-01-29,2024-01-30,2024-02-02,66.24825548176146,64.04317474365234,-0.03328511403166212,0.0014027915693017867,-0.03468790560096391,FOREIGN_FLIP_SELL,4,2055878.0,93000.0,0.04925543621882489,114051759.9615776
1722,2024-05-02,2024-05-03,2024-05-03,64.33079101290802,62.98856735229492,-0.020864404734954767,0.0,-0.020864404734954767,FOREIGN_FLIP_SELL,1,1822340.0,3000.0,0.050650828328594466,227854769.09614563
1722,2024-06-21,2024-06-24,2024-06-26,62.70095385595017,62.31745910644531,-0.006116250645658461,0.007582734948693659,-0.01369898559435212,FOREIGN_FLIP_SELL,3,1448996.0,711000.0,0.017688834191186054,196861900.94504225
1722,2024-11-19,2024-11-20,2024-11-20,56.400001525878906,56.400001525878906,0.0,0.0,0.0,FOREIGN_FLIP_SELL,1,1965412.0,269000.0,0.00872940375450848,73436258.1595003
1722,2025-06-16,2025-06-17,2025-06-20,54.20000076293945,52.70000076293945,-0.027675276363199997,-0.007466804967212526,-0.02020847139598747,FOREIGN_FLIP_SELL,4,834844.0,6000.0,0.006736506201815207,109949552.040802
1722,2025-08-20,2025-08-21,2025-08-22,54.09999847412109,54.09999847412109,0.0,-0.008248855555042067,0.008248855555042067,FOREIGN_FLIP_SELL,2,1729999.0,82000.0,0.018291534559484735,75803763.6
1722,2026-04-09,2026-04-10,2026-04-10,46.79999923706055,46.29999923706055,-0.01068376085792866,0.0,-0.01068376085792866,FOREIGN_FLIP_SELL,1,3271000.0,1000.0,0.007279602498055926,225187620.83389762
1723,2024-03-21,2024-03-22,2024-03-22,112.51843705961976,108.40190887451172,-0.03658536585365857,0.0,-0.03658536585365857,FOREIGN_FLIP_SELL,1,639098.0,468000.0,0.066433546168569,102403416.09662019
1723,2024-09-19,2024-09-20,2024-09-24,97.44243621826172,96.49177551269533,-0.009756126206009519,0.01229090725119275,-0.02204703345720227,FOREIGN_FLIP_SELL,3,629622.0,1000.0,0.03790388586350146,51552685.070352554
1723,2025-07-03,2025-07-04,2025-07-04,87.93585445569909,87.46052551269531,-0.00540540540540535,0.0,-0.00540540540540535,FOREIGN_FLIP_SELL,1,117000.0,2000.0,0.01642771061802062,15339874.312462615
1723,2026-03-30,2026-03-31,2026-04-08,91.3000030517578,78.0999984741211,-0.1445783585588014,0.09577876011772068,-0.2403571186765221,FOREIGN_FLIP_SELL,5,983996.0,420000.0,0.20524489130808043,124587275.06852645
1725,2024-05-07,2024-05-08,2024-05-08,39.03362675636684,40.49150848388672,0.03734937920627823,0.0,0.03734937920627823,FOREIGN_FLIP_SELL,1,218000.0,3000.0,0.08610308359588004,64758291.203365505
1733,2024-02-19,2024-02-20,2024-02-22,32.59904240013644,31.57450485229492,-0.031428455329020166,0.005312125518844857,-0.03674058084786502,FOREIGN_FLIP_SELL,3,1097000.0,4000.0,0.04105461127255494,39861716.260668755
1736,2024-04-24,2024-04-25,2024-04-30,77.18018488799328,80.56104278564453,0.043804739552745,0.02715255504598746,0.01665218450675754,FOREIGN_FLIP_SELL,4,937000.0,250000.0,0.05567120405932968,139026814.72653198
1736,2024-05-15,2024-05-16,2024-05-16,87.99893708948709,94.56746673583984,0.0746432839259541,0.0,0.0746432839259541,FOREIGN_FLIP_SELL,1,1432000.0,24000.0,0.0879808488878071,194737331.0179306
1736,2024-07-11,2024-07-12,2024-07-16,104.80663729385591,108.67047119140624,0.036866309208232195,0.00335830365977019,0.033508005548462005,FOREIGN_FLIP_SELL,3,2212000.0,210000.0,0.19411270175177053,111489527.58024216
1736,2024-09-30,2024-10-01,2024-10-01,154.90996377774982,147.60289001464844,-0.047169811320754595,0.0,-0.047169811320754595,FOREIGN_FLIP_SELL,1,1007700.0,147000.0,0.233118076692846,162833653.17788315
1736,2024-12-18,2024-12-19,2024-12-19,178.29260827164623,176.34405517578125,-0.010928961748633892,0.0,-0.010928961748633892,FOREIGN_FLIP_SELL,1,475268.0,1000.0,0.06352402120651024,199738014.21366116
1736,2025-03-11,2025-03-12,2025-03-12,197.77813185307016,194.3681640625,-0.01724137931034475,0.0,-0.01724137931034475,FOREIGN_FLIP_SELL,1,465100.0,17000.0,0.11651161354030881,257838490.93640137
1736,2025-03-18,2025-03-19,2025-03-19,188.5225070791041,183.1639862060547,-0.028423772609818765,0.0,-0.028423772609818765,FOREIGN_FLIP_SELL,1,546607.0,3000.0,0.033151347374731355,271843894.7820679
1773,2024-04-02,2024-04-03,2024-04-10,145.67103403979883,150.473388671875,0.032967121183227865,0.020942967492764364,0.012024153690463502,FOREIGN_FLIP_SELL,4,215039.0,4000.0,0.019444483837876225,397449539.66121596
1773,2024-09-03,2024-09-04,2024-09-05,126.19205379914725,128.6423797607422,0.01941743467853363,0.004502065283094936,0.014915369395438693,FOREIGN_FLIP_SELL,2,186859.0,178000.0,0.0757701204482566,75332761.51683044
1773,2024-10-01,2024-10-04,2024-10-04,144.5695331532343,142.93597412109375,-0.011299469511387827,0.0,-0.011299469511387827,FOREIGN_FLIP_SELL,1,414069.0,151000.0,0.021662827856703926,202905859.0335846
1773,2024-10-25,2024-10-28,2024-10-28,146.20309175054447,142.11920166015625,-0.027932994039252312,0.0,-0.027932994039252312,FOREIGN_FLIP_SELL,1,508373.0,35000.0,0.019090070945651183,99700927.75415802
1773,2025-04-28,2025-04-29,2025-04-29,109.85651361959962,109.4481201171875,-0.0037175174139083556,0.0,-0.0037175174139083556,FOREIGN_FLIP_SELL,1,125000.0,1000.0,0.0406629172324986,47318957.9836647
1773,2025-10-08,2025-10-09,2025-10-21,143.5,144.0,0.0034843205574912606,0.016500313372249442,-0.013015992814758182,FOREIGN_FLIP_SELL,8,330450.0,4000.0,0.027124773960216952,91886233.3
1773,2026-01-02,2026-01-05,2026-01-07,147.0,169.0,0.14965986394557818,0.010975957876653286,0.1386839060689249,FOREIGN_FLIP_SELL,3,777450.0,28000.0,0.05071805126340667,49782092.375
1786,2024-08-16,2024-08-19,2024-08-19,118.80998597662132,120.2588882446289,0.012195121951219523,0.0,0.012195121951219523,FOREIGN_FLIP_SELL,1,287000.0,2000.0,0.08681378901740211,69499324.4053402
1789,2024-04-25,2024-04-26,2024-04-26,27.82746763775953,27.294187545776367,-0.019163802431650168,0.0,-0.019163802431650168,FOREIGN_FLIP_SELL,1,688006.0,106000.0,0.019338481893109938,53499283.19661293
1789,2024-06-06,2024-06-07,2024-06-12,27.68202934228313,27.924427032470703,0.008756500009098778,0.008718856138114184,3.7643870984593875e-05,FOREIGN_FLIP_SELL,3,877400.0,4000.0,0.0074231262999604475,34923990.457159996
1789,2024-06-27,2024-06-28,2024-07-02,28.06986799880316,27.972909927368164,-0.0034541691268064056,-0.006637686694743294,0.0031835175679368888,FOREIGN_FLIP_SELL,3,584000.0,1000.0,0.012237769434577661,29900200.327260017
1789,2025-03-18,2025-03-19,2025-03-19,22.53468257813688,22.485694885253903,-0.002173879872197748,0.0,-0.002173879872197748,FOREIGN_FLIP_SELL,1,158198.0,2000.0,0.0019646538244277867,12337484.79818344
1789,2025-07-01,2025-07-02,2025-07-02,16.85202347428084,16.94999885559082,0.005813864516596823,0.0,0.005813864516596823,FOREIGN_FLIP_SELL,1,401000.0,1000.0,0.013582609219788377,17000436.56914692
1795,2024-01-08,2024-01-09,2024-01-10,272.12510930167304,277.3858947753906,0.019332230999255406,-0.003983884913753566,0.023316115913008972,FOREIGN_FLIP_SELL,2,1952937.0,237000.0,0.048364757424210314,1475144934.9359207
1795,2024-07-08,2024-07-09,2024-07-09,298.9071932705966,289.3421630859375,-0.03200000000000014,0.0,-0.03200000000000014,FOREIGN_FLIP_SELL,1,811518.0,95500.0,0.038044791209731255,1449420015.1441221
1795,2024-08-16,2024-08-19,2024-08-21,272.2082559527358,274.1560974121094,0.007155703094147814,-0.007663679756828912,0.014819382850976726,FOREIGN_FLIP_SELL,3,1163150.0,44000.0,0.03115311014209632,853201393.1105713
1795,2024-09-02,2024-09-03,2024-09-09,280.48650599277585,277.07781982421875,-0.012152763486757201,-0.04290070772256771,0.03074794423581051,FOREIGN_FLIP_SELL,5,1211404.0,37000.0,0.044953102894630614,753065493.1202881
1795,2024-11-12,2024-11-13,2024-11-13,281.9473897009082,274.1560974121094,-0.02763385146804831,0.0,-0.02763385146804831,FOREIGN_FLIP_SELL,1,5092823.0,15000.0,0.08851333103879977,554984064.2961807
1795,2024-11-19,2024-11-20,2024-11-20,280.48651123046875,280.48651123046875,0.0,0.0,0.0,FOREIGN_FLIP_SELL,1,596990.0,62000.0,0.06539784464234599,731161276.9352036
1795,2024-11-27,2024-11-28,2024-12-02,273.1821889498604,278.5386962890625,0.019607820552990818,0.019643537986256954,-3.5717433266135856e-05,FOREIGN_FLIP_SELL,3,692952.0,10000.0,0.013875078584525413,811205820.1975815
1795,2025-04-28,2025-04-29,2025-04-29,213.2866190777824,213.7735748291016,0.0022831050228313554,0.0,0.0022831050228313554,FOREIGN_FLIP_SELL,1,224687.0,1000.0,0.030395466133888105,444462582.33256537
1795,2025-05-27,2025-05-28,2025-05-28,231.30398243983416,228.3822479248047,-0.012631578947368327,0.0,-0.012631578947368327,FOREIGN_FLIP_SELL,1,1449696.0,25000.0,0.03832981466046115,376193165.02830505
1795,2025-07-02,2025-07-03,2025-07-03,223.5126910359336,217.1822662353516,-0.028322440087146128,0.0,-0.028322440087146128,FOREIGN_FLIP_SELL,1,420830.0,14000.0,0.009081757600825302,250034265.93546292
1795,2025-07-18,2025-07-21,2025-07-22,217.6692219892425,208.4170684814453,-0.042505566121123106,-0.015108489973571504,-0.027397076147551602,FOREIGN_FLIP_SELL,2,671125.0,1000.0,0.019283745367459026,186704414.7817734
1795,2025-11-27,2025-11-28,2025-11-28,321.0,312.0,-0.028037383177570097,0.0,-0.028037383177570097,FOREIGN_FLIP_SELL,1,3534996.0,440000.0,0.09690792883054078,1280343880.125
1795,2026-01-16,2026-01-19,2026-01-19,340.0,319.5,-0.06029411764705883,0.0,-0.06029411764705883,FOREIGN_FLIP_SELL,1,9058000.0,552136.0,0.17096018735362994,1146428285.625
1795,2026-01-27,2026-01-28,2026-02-04,348.0,363.0,0.0431034482758621,-0.015669204401450032,0.05877265267731213,FOREIGN_FLIP_SELL,6,4075904.0,278000.0,0.1426678810962987,1819559635.5000002
1802,2024-02-19,2024-02-20,2024-02-23,18.799999237060547,18.25,-0.02925527975428477,0.007253673287147988,-0.03650895304143276,FOREIGN_FLIP_SELL,4,4440000.0,28599.0,0.03624083318833926,45609388.469084926
1802,2024-09-20,2024-09-23,2024-10-01,16.25,18.75,0.15384615384615374,0.004705355063732153,0.1491407987824216,FOREIGN_FLIP_SELL,7,2897986.0,1000.0,0.020053661098771824,51501874.781004235
1802,2024-11-25,2024-11-26,2024-11-26,20.950000762939453,20.700000762939453,-0.011933173789771434,0.0,-0.011933173789771434,FOREIGN_FLIP_SELL,1,15935172.0,2000.0,0.09867223954773308,460773449.5653848
1802,2025-05-06,2025-05-07,2025-05-08,14.5,14.449999809265137,-0.0034482890161974256,-0.00015038304424519477,-0.003297905971952231,FOREIGN_FLIP_SELL,2,3779950.0,19000.0,0.03262815620122561,101284600.5168743
1802,2025-05-16,2025-05-19,2025-05-19,14.699999809265137,14.25,-0.0306122323199971,0.0,-0.0306122323199971,FOREIGN_FLIP_SELL,1,2069950.0,1000.0,0.02179596293149233,56982440.741240494
1802,2025-07-25,2025-07-28,2025-07-29,20.64999961853028,21.549999237060547,0.04358351744097133,-0.009031782082688844,0.052615299523660175,FOREIGN_FLIP_SELL,2,41671311.0,200000.0,0.2191539310802546,787277402.7375
1802,2026-02-25,2026-02-26,2026-02-26,62.0,61.09999847412109,-0.01451615364320824,0.0,-0.01451615364320824,FOREIGN_FLIP_SELL,1,41213050.0,2824000.0,0.21290066313160816,7455433254.894719
1802,2026-04-09,2026-04-10,2026-04-10,62.09999847412109,57.70000076293945,-0.07085342704179365,0.0,-0.07085342704179365,FOREIGN_FLIP_SELL,1,20005466.0,2000.0,0.05571326396389442,3829873824.35
1806,2024-01-31,2024-02-01,2024-02-02,9.938235496677713,10.12142848968506,0.01843315074075158,0.005110182189104195,0.013322968551647385,FOREIGN_FLIP_SELL,2,67000.0,28000.0,0.0023094631134625843,13147038.527657747
1806,2025-06-25,2025-06-26,2025-06-27,10.716806785361118,10.899999618530272,0.017093975550570795,0.0039008940370151013,0.013193081513555693,FOREIGN_FLIP_SELL,2,291000.0,380000.0,0.015971571973788512,13412111.357105253
1808,2024-05-03,2024-05-06,2024-05-06,52.06827406181347,51.62514114379883,-0.00851061276754761,0.0,-0.00851061276754761,FOREIGN_FLIP_SELL,1,460000.0,20000.0,0.04645919486873584,554161621.6336269
1808,2024-09-18,2024-09-19,2024-09-20,58.49372378648098,53.61924743652344,-0.08333332252449488,0.005295654552418982,-0.08862897707691386,FOREIGN_FLIP_SELL,2,3520550.0,1000.0,0.06542440292522111,493345712.4368071
1808,2025-06-05,2025-06-06,2025-06-09,31.75,31.25,-0.015748031496062964,0.0059845316493087886,-0.021732563145371753,FOREIGN_FLIP_SELL,2,655965.0,101000.0,0.011947698570127008,33280251.67521973
1904,2025-03-18,2025-03-19,2025-03-19,20.021570062484496,19.972856521606445,-0.0024330529886529284,0.0,-0.0024330529886529284,FOREIGN_FLIP_SELL,1,777892.0,5000.0,0.01119441307247615,18025387.62166901
1905,2024-09-26,2024-09-27,2024-09-30,21.200000762939453,21.700000762939453,0.023584904811610574,-0.026212834827579523,0.0497977396391901,FOREIGN_FLIP_SELL,2,1213441.0,1000.0,0.06775137578704316,44651254.2
1905,2025-02-14,2025-02-17,2025-02-17,17.399999618530273,17.299999237060547,-0.005747148486326958,0.0,-0.005747148486326958,FOREIGN_FLIP_SELL,1,861818.0,4000.0,0.05149547497713747,15777602.976496696
1907,2024-07-03,2024-07-04,2024-07-05,29.83700942993164,29.649356842041016,-0.006289255909889491,0.0014479967883183065,-0.007737252698207797,FOREIGN_FLIP_SELL,2,1369000.0,475067.0,0.046473283413301925,51523979.373867035
1907,2024-08-28,2024-08-29,2024-09-02,29.558298160317904,29.751489639282227,0.0065359472969821475,0.001497622972185253,0.0050383243247968945,FOREIGN_FLIP_SELL,3,1130404.0,9304.0,0.03404578164462091,37529104.05692654
1907,2024-09-16,2024-09-18,2024-09-18,29.606595596417257,29.46170234680176,-0.004893951725845502,0.0,-0.004893951725845502,FOREIGN_FLIP_SELL,1,1005499.0,9716.0,0.023030705421319242,25488613.07603998
1907,2026-04-07,2026-04-08,2026-04-16,26.14999961853028,25.950000762939453,-0.007648139904717466,0.06819754277853929,-0.07584568268325675,FOREIGN_FLIP_SELL,7,784000.0,3251.0,0.04359970621312437,52795424.05483343
1909,2024-04-24,2024-04-25,2024-04-26,15.449999809265137,15.449999809265137,0.0,0.013248943960749937,-0.013248943960749937,FOREIGN_FLIP_SELL,2,3344700.0,640000.0,0.02408622467456567,32689841.589796543
1909,2024-08-21,2024-08-22,2024-08-23,13.649999618530272,13.600000381469728,-0.0036629478723697595,0.00041630655400193284,-0.004079254426371692,FOREIGN_FLIP_SELL,2,360000.0,3000.0,0.009838523412343259,22808077.83974934
1909,2024-09-27,2024-09-30,2024-09-30,14.699999809265137,14.649999618530272,-0.003401373563511889,0.0,-0.003401373563511889,FOREIGN_FLIP_SELL,1,7240000.0,18000.0,0.08238796516289626,29998972.87075429
2002,2024-04-09,2024-04-10,2024-04-10,25.32969170247559,24.79694557189941,-0.02103247591142654,0.0,-0.02103247591142654,FOREIGN_FLIP_SELL,1,69398246.0,126801.0,0.08046448410717777,652234660.4403511
2002,2024-05-02,2024-05-03,2024-05-07,24.21576630385508,24.11890411376953,-0.0039999638611530886,0.015897879591020292,-0.01989784345217338,FOREIGN_FLIP_SELL,3,15929500.0,11000.0,0.005136474194493701,763028755.2595584
2002,2024-07-08,2024-07-09,2024-07-09,22.665957848710875,22.47223281860352,-0.008546959779966778,0.0,-0.008546959779966778,FOREIGN_FLIP_SELL,1,15381506.0,90104.0,0.007610680059875419,614293096.7499295
2002,2024-08-14,2024-08-15,2024-08-15,22.620499533768708,21.932048797607425,-0.030434815779975977,0.0,-0.030434815779975977,FOREIGN_FLIP_SELL,1,12330165.0,205601.0,0.001124255969219723,559987354.819659
2002,2024-09-26,2024-09-27,2024-10-09,21.587826429092537,22.3254508972168,0.03416853802058606,-0.007173049004952192,0.04134158702553825,FOREIGN_FLIP_SELL,7,14962997.0,95000.0,0.02028848080448853,532564119.6115723
2002,2024-11-05,2024-11-06,2024-11-12,22.472976081747,21.932048797607425,-0.024070122362606305,-0.01014805802394636,-0.013922064338659945,FOREIGN_FLIP_SELL,5,10153589.0,1705000.0,0.010145556696365965,469654194.33016264
2002,2025-01-21,2025-01-22,2025-01-22,19.965048576146746,19.817523956298828,-0.007389144047671992,0.0,-0.007389144047671992,FOREIGN_FLIP_SELL,1,19446787.0,106000.0,0.04429148038826369,545890845.3048333
2002,2025-02-14,2025-02-17,2025-02-18,23.013899012477985,22.03039932250977,-0.042735031097293374,0.006840120787098725,-0.0495751518843921,FOREIGN_FLIP_SELL,2,102704399.0,10214136.0,0.179454665115228,1024713086.4057004
2002,2025-02-21,2025-02-24,2025-03-17,22.571326605069228,23.70235061645508,0.05010888509901945,-0.06139022376226844,0.11149910886128789,FOREIGN_FLIP_SELL,15,17816510.0,72612.0,0.10723315187037197,1114836474.7254667
2002,2025-08-08,2025-08-11,2025-08-26,19.14999961853028,20.100000381469727,0.04960839591976751,0.007026977248244304,0.04258141867152321,FOREIGN_FLIP_SELL,12,2399150.0,104555.0,0.0018017157573655407,382063209.81676644
2002,2025-12-02,2025-12-03,2025-12-04,18.850000381469727,18.89999961853028,0.0026524793659794543,9.613468300440076e-05,0.0025563446829750536,FOREIGN_FLIP_SELL,2,16856393.0,267000.0,0.04215620630102168,523017866.4318755
2002,2026-01-30,2026-02-02,2026-02-03,21.049999237060547,20.64999961853028,-0.01900235786355886,0.018066327752278566,-0.03706868561583743,FOREIGN_FLIP_SELL,2,54222569.0,9822000.0,0.07027723522529516,1493622057.4250002
2002,2026-03-27,2026-03-30,2026-03-30,19.25,19.14999961853028,-0.005194825011413995,0.0,-0.005194825011413995,FOREIGN_FLIP_SELL,1,38303488.0,22000.0,0.010700036538869417,989014335.6089296
2002,2026-04-08,2026-04-09,2026-04-15,20.0,20.100000381469727,0.005000019073486239,0.05338263157074996,-0.04838261249726372,FOREIGN_FLIP_SELL,5,55609958.0,8028.0,0.03234156599945437,962362253.4232132
2006,2024-01-02,2024-01-03,2024-01-03,64.10327041510598,63.38602828979492,-0.011188853870738535,0.0,-0.011188853870738535,FOREIGN_FLIP_SELL,1,3372000.0,289313.0,0.0010530772052881332,177064273.58682325
2006,2024-01-24,2024-01-25,2024-02-01,64.91017011387692,65.89636993408203,0.015193302043038148,-0.0019169302730581705,0.01711023231609632,FOREIGN_FLIP_SELL,6,622390.0,6000.0,0.016568480934064267,95193590.11009979
2006,2024-05-03,2024-05-06,2024-05-06,69.09321073238105,69.3775405883789,0.00411516345794305,0.0,0.00411516345794305,FOREIGN_FLIP_SELL,1,1089000.0,16938.0,0.0053860377234862256,195546904.57968178
2006,2024-08-06,2024-08-07,2024-08-16,69.5671055247926,72.41044616699219,0.04087191238948806,0.049496922137324484,-0.00862500974783642,FOREIGN_FLIP_SELL,8,784000.0,506658.0,0.009961261205135408,138144535.82290038
2006,2024-08-23,2024-08-26,2024-08-26,74.40078266593639,73.6425552368164,-0.010191121678443493,0.0,-0.010191121678443493,FOREIGN_FLIP_SELL,1,658715.0,37713.0,0.028413250434260018,123174253.69347152
2006,2024-08-29,2024-08-30,2024-08-30,74.59033779618014,74.11644744873047,-0.006353240398838,0.0,-0.006353240398838,FOREIGN_FLIP_SELL,1,861431.0,24716.0,0.026142428420528274,113712073.55668946
2006,2025-03-11,2025-03-12,2025-03-14,74.02166602455131,73.35822296142578,-0.008962822626897848,-0.01392870042747485,0.004965877800577001,FOREIGN_FLIP_SELL,3,1443400.0,80498.0,0.05433677491572175,124517750.09687805
2006,2025-04-01,2025-04-02,2025-04-02,75.0,71.9000015258789,-0.041333312988281246,0.0,-0.041333312988281246,FOREIGN_FLIP_SELL,1,4534010.0,105000.0,0.02872535885082339,243717566.25
2006,2025-11-26,2025-11-27,2025-12-10,67.30000305175781,70.30000305175781,0.04457652100985521,0.03071005723806608,0.013866463771789128,FOREIGN_FLIP_SELL,10,7262778.0,1000.0,0.07930402890514587,142070188.6672554
2009,2024-07-03,2024-07-04,2024-07-08,51.240876442473706,50.45255661010742,-0.015384589161961393,0.015118318666404784,-0.030502907828366177,FOREIGN_FLIP_SELL,3,1073203.0,1000.0,0.014017306504577665,163340779.11181527
2010,2024-01-26,2024-01-29,2024-01-30,15.798066023195716,15.665310859680176,-0.00840325412747489,-0.00469104479333371,-0.003712209334141181,FOREIGN_FLIP_SELL,2,212000.0,26000.0,0.0022396260336596807,8102557.775229216
2010,2024-03-27,2024-03-28,2024-03-28,17.125636398625517,16.99287986755371,-0.007751918117475665,0.0,-0.007751918117475665,FOREIGN_FLIP_SELL,1,916633.0,6000.0,0.06400675338730344,17962932.858740903
2010,2024-04-02,2024-04-03,2024-04-09,18.408950600168968,19.38250160217285,0.05288465503269624,0.022549347916339224,0.030335307116357013,FOREIGN_FLIP_SELL,3,1150000.0,81000.0,0.06934459861582076,20180131.705325317
2010,2024-04-15,2024-04-16,2024-04-18,18.807222065823705,19.38250160217285,0.030588224796608277,0.020060248460127328,0.010527976336480949,FOREIGN_FLIP_SELL,3,738000.0,43000.0,0.0779962054983463,44168371.47746897
2010,2025-05-15,2025-05-16,2025-05-16,20.25,20.200000762939453,-0.0024690981264468004,0.0,-0.0024690981264468004,FOREIGN_FLIP_SELL,1,2235079.0,5000.0,0.10054346685260818,36454769.8875
2014,2024-07-05,2024-07-08,2024-07-09,21.84719017606548,21.29976463317871,-0.025057022824221065,0.0009183997563149138,-0.02597542258053598,FOREIGN_FLIP_SELL,2,3124813.0,2000.0,0.004461815416823223,79229377.26828387
2014,2024-09-16,2024-09-18,2024-09-26,18.700000762939453,19.5,0.04278070611879459,0.05442960562602184,-0.01164889950722725,FOREIGN_FLIP_SELL,7,2261999.0,100000.0,0.006374559300415195,44523622.838796236
2014,2025-02-25,2025-02-26,2025-03-12,24.299999237060547,24.5,0.008230484329992294,-0.04803713136905985,0.05626761569905214,FOREIGN_FLIP_SELL,10,8821195.0,2393376.0,0.19249167801867872,522525021.9944458
2015,2024-02-19,2024-02-20,2024-02-20,63.21430867300849,62.67091369628906,-0.008596075605766251,0.0,-0.008596075605766251,FOREIGN_FLIP_SELL,1,175000.0,22000.0,0.03206779312357777,10728361.32931137
2015,2024-05-06,2024-05-07,2024-05-14,67.64374822860579,66.88264465332031,-0.01125164697723846,0.016090243353724665,-0.027341890330963126,FOREIGN_FLIP_SELL,6,206000.0,66000.0,0.022555216749026608,29242015.686880495
2015,2024-05-20,2024-05-21,2024-05-21,68.21457840247398,67.73888397216797,-0.006973500994162163,0.0,-0.006973500994162163,FOREIGN_FLIP_SELL,1,314981.0,21000.0,0.021513062430472463,17536707.66672516
2015,2024-06-12,2024-06-13,2024-06-19,68.78541787933109,70.49791717529297,0.024896254885971247,0.040224920612855763,-0.015328665726884516,FOREIGN_FLIP_SELL,5,82067.0,64000.0,0.012994258802598635,14908116.532864379
2015,2024-08-26,2024-08-27,2024-08-28,77.63333271504085,79.06041717529297,0.018382367603492433,0.008368724645030357,0.010013642958462077,FOREIGN_FLIP_SELL,2,242876.0,106000.0,0.02541795929059254,27230521.535938647
2015,2024-09-02,2024-09-03,2024-09-05,78.29930929952519,77.72846984863281,-0.007290478753889107,-0.040942031676181156,0.03365155292229205,FOREIGN_FLIP_SELL,3,104918.0,106000.0,0.020157327369056732,25691377.0903862
2015,2024-09-12,2024-09-13,2024-09-24,78.29930708975287,78.58472442626953,0.003645208969595304,0.030888773219425625,-0.02724356424983032,FOREIGN_FLIP_SELL,7,118000.0,106000.0,0.005006747394501021,25429286.086286545
2015,2024-10-01,2024-10-04,2024-10-07,80.67777790910377,82.00971984863281,0.01650940288699676,0.01792829627283954,-0.0014188933858427788,FOREIGN_FLIP_SELL,2,626080.0,54000.0,0.005674271753287163,34878638.691460036
2015,2025-12-15,2025-12-16,2025-12-16,63.09999847412109,64.30000305175781,0.019017505652220823,0.0,0.019017505652220823,FOREIGN_FLIP_SELL,1,102000.0,43000.0,0.01851114362118289,14719994.15959549
2020,2024-04-19,2024-04-22,2024-04-22,28.63204702950568,28.30378150939941,-0.011464968598577263,0.0,-0.011464968598577263,FOREIGN_FLIP_SELL,1,1619000.0,1000.0,0.015294526913588014,65089770.324766636
2023,2024-07-03,2024-07-04,2024-07-09,15.143227037617455,14.949702262878418,-0.01277962578638625,0.01605060308289885,-0.0288302288692851,FOREIGN_FLIP_SELL,4,779000.0,5000.0,0.01134521973267466,32700954.617310334
2023,2025-02-27,2025-03-03,2025-03-04,16.850000381469727,16.899999618530273,0.002967313704961727,-0.007003312963471564,0.009970626668433291,FOREIGN_FLIP_SELL,2,848479.0,13000.0,0.05246963171695307,78194184.0643692
2023,2025-03-07,2025-03-10,2025-03-12,16.850000381469727,17.299999237060547,0.02670616293194228,-0.008049770916555565,0.034755933848497844,FOREIGN_FLIP_SELL,3,1612616.0,3000.0,0.018588503156814706,79118926.56868544
2023,2025-04-28,2025-04-29,2025-04-30,15.800000190734863,15.800000190734863,0.0,0.00011854303657643506,-0.00011854303657643506,FOREIGN_FLIP_SELL,2,1612911.0,10000.0,0.03521704447972929,39915018.291847184
2023,2025-05-06,2025-05-07,2025-05-08,15.899999618530272,15.800000190734863,-0.006289272339281449,-0.00015038304424519477,-0.006138889295036254,FOREIGN_FLIP_SELL,2,460159.0,24000.0,0.0316946811066694,40124500.58517924
2023,2025-09-03,2025-09-04,2025-09-05,15.199999809265137,15.149999618530272,-0.0032894862738345187,0.013016229374229527,-0.016305715648064045,FOREIGN_FLIP_SELL,2,803000.0,74000.0,0.005493614935339508,18873484.436798863
2023,2025-09-15,2025-09-16,2025-09-22,15.149999618530272,15.350000381469728,0.013201370823457514,0.009791748079768459,0.003409622743689056,FOREIGN_FLIP_SELL,5,1240900.0,6000.0,0.0018184641180500893,14401318.452381704
2023,2025-12-02,2025-12-03,2025-12-03,15.25,15.149999618530272,-0.006557402063588791,0.0,-0.006557402063588791,FOREIGN_FLIP_SELL,1,1412100.0,50000.0,0.02737410461978773,20580233.5417521
2027,2024-05-07,2024-05-08,2024-05-08,34.84475003820686,34.79791641235352,-0.0013440654848143607,0.0,-0.0013440654848143607,FOREIGN_FLIP_SELL,1,1104015.0,8000.0,0.0018852429271527527,290103402.4706745
2027,2024-05-29,2024-05-30,2024-05-30,35.87510689349922,35.54726791381836,-0.009138341542900608,0.0,-0.009138341542900608,FOREIGN_FLIP_SELL,1,3460055.0,10129.0,0.009887956749971227,496435634.70817417
2027,2024-07-05,2024-07-08,2024-07-08,34.704247110574805,34.657413482666016,-0.0013495071009483883,0.0,-0.0013495071009483883,FOREIGN_FLIP_SELL,1,6198960.0,1805000.0,0.006314916435579576,247203485.9327526
2027,2024-08-28,2024-08-29,2024-09-02,34.52425243034919,34.47589874267578,-0.0014005716060315754,0.001497622972185253,-0.0028981945782168284,FOREIGN_FLIP_SELL,3,5039478.0,4000.0,0.012947701067777206,190261827.4889145
2027,2024-11-08,2024-11-11,2024-11-12,34.13742334433892,33.557186126708984,-0.01699710056547543,-0.023284295008224376,0.006287194442748945,FOREIGN_FLIP_SELL,2,1815256.0,12000.0,0.05365994475370628,222979977.05212364
2027,2024-11-26,2024-11-27,2024-11-27,35.00778391215876,34.04071807861328,-0.02762430881006439,0.0,-0.02762430881006439,FOREIGN_FLIP_SELL,1,20061162.0,2215000.0,0.044997033558401345,487442897.1071861
2027,2025-02-12,2025-02-13,2025-02-14,41.39041722673053,42.06736373901367,0.01635515072425897,-0.010547307799725902,0.026902458523984873,FOREIGN_FLIP_SELL,2,41348308.0,6582936.0,0.20516503098885552,1432187882.7956448
2027,2025-02-25,2025-02-26,2025-02-26,47.19281443302857,45.83892440795898,-0.028688478136664308,0.0,-0.028688478136664308,FOREIGN_FLIP_SELL,1,27253881.0,15295393.0,0.18187381524026702,2701284595.266467
2027,2025-03-05,2025-03-06,2025-03-07,47.62799289142085,49.03023910522461,0.029441639856638613,-0.006135009415062398,0.03557664927170101,FOREIGN_FLIP_SELL,2,14921573.0,1687849.0,0.12270361196286017,3143473791.7904644
2027,2025-03-19,2025-03-20,2025-03-31,50.77095697510917,47.62799453735352,-0.0619047310708859,-0.07513696460649011,0.01323223353560421,FOREIGN_FLIP_SELL,8,23904233.0,8000.0,0.07857290453152488,3014912701.23188
2027,2025-11-14,2025-11-17,2025-11-18,39.0,36.900001525878906,-0.05384611472105372,-0.02518248208944085,-0.028663632631612868,FOREIGN_FLIP_SELL,2,22713494.0,133000.0,0.03409010819284686,415477705.4059406
2027,2026-01-14,2026-01-15,2026-01-16,37.0,36.5,-0.013513513513513487,0.01941278415104075,-0.03292629766455424,FOREIGN_FLIP_SELL,2,12179460.0,11000.0,0.022814529908065095,882595646.4858124
2027,2026-01-27,2026-01-28,2026-01-30,38.09999847412109,39.29999923706055,0.0314960842781804,-0.0225604915967057,0.054056575874886104,FOREIGN_FLIP_SELL,3,23308501.0,100000.0,0.04313073262478162,772238541.6230963
2027,2026-03-20,2026-03-23,2026-03-23,37.5,36.59999847412109,-0.024000040690104307,0.0,-0.024000040690104307,FOREIGN_FLIP_SELL,1,19083341.0,39160.0,0.012897556031228108,667328773.125
2030,2024-11-13,2024-11-14,2024-11-14,18.00342478053345,17.19374656677246,-0.04497356606485614,0.0,-0.04497356606485614,FOREIGN_FLIP_SELL,1,472000.0,8000.0,0.011024428928301466,12790177.11609993
2031,2024-02-19,2024-02-20,2024-02-20,55.55946187504003,54.6633415222168,-0.016129032258064613,0.0,-0.016129032258064613,FOREIGN_FLIP_SELL,1,3078980.0,189000.0,0.10386706018031999,96865592.93311673
2031,2024-09-27,2024-09-30,2024-10-08,57.34730405119576,56.50119400024414,-0.014754138227601299,0.01740650554830836,-0.03216064377590966,FOREIGN_FLIP_SELL,5,1738000.0,3000.0,0.058885196712527454,48642537.15001374
2031,2025-03-10,2025-03-11,2025-03-11,50.48443169626375,50.860477447509766,0.007448746843551124,0.0,0.007448746843551124,FOREIGN_FLIP_SELL,1,506053.0,40000.0,0.04981771321406381,116853181.27668762
2033,2024-12-16,2024-12-17,2024-12-17,25.28000104628533,23.403751373291016,-0.07421873399289336,0.0,-0.07421873399289336,FOREIGN_FLIP_SELL,1,205000.0,2000.0,0.08476015383100344,7090322.226963999
2049,2024-02-22,2024-02-23,2024-02-27,255.88673251282933,248.5617218017578,-0.028625988690930915,-0.0018412275953559876,-0.026784761095574927,FOREIGN_FLIP_SELL,3,4753706.0,3689.0,0.14140071453810643,501084696.91314685
2049,2024-05-16,2024-05-17,2024-05-20,231.470043062414,230.49337768554688,-0.004219402925517146,0.0006190547021835968,-0.004838457627700743,FOREIGN_FLIP_SELL,2,1069007.0,13953.0,0.013795298534821088,546579689.0991043
2049,2024-08-21,2024-08-22,2024-08-22,209.03591472080777,207.5533905029297,-0.007092198581560294,0.0,-0.007092198581560294,FOREIGN_FLIP_SELL,1,1214616.0,3965.0,0.03857564171375638,417498356.4586075
2049,2024-11-08,2024-11-11,2024-11-11,251.53494538201224,249.06407165527344,-0.009823182711198308,0.0,-0.009823182711198308,FOREIGN_FLIP_SELL,1,2427437.0,126000.0,0.050668328762636605,1284081254.54312
2049,2024-11-25,2024-11-26,2024-11-26,235.2271783525852,230.28543090820312,-0.021008403361344685,0.0,-0.021008403361344685,FOREIGN_FLIP_SELL,1,436777.0,1000.0,0.010079812313134262,669482549.625824
2049,2024-12-11,2024-12-12,2024-12-18,252.0291266383895,281.6795959472656,0.1176469946325629,0.005287898384757517,0.11235909624780538,FOREIGN_FLIP_SELL,5,2276455.0,219492.0,0.07127702480609033,499750338.5765854
2049,2025-02-10,2025-02-11,2025-02-11,321.2135746793927,340.48638916015625,0.05999999999999983,0.0,0.05999999999999983,FOREIGN_FLIP_SELL,1,1060815.0,306409.0,0.08062756713174823,3066067157.2531004
2049,2025-02-26,2025-02-27,2025-02-27,341.96892706045327,309.3533935546875,-0.09537572254335258,0.0,-0.09537572254335258,FOREIGN_FLIP_SELL,1,2050081.0,148862.0,0.03598203795801491,4267471053.4952545
2049,2026-03-11,2026-03-12,2026-03-13,238.5,238.5,0.0,-0.005405866913823942,0.005405866913823942,FOREIGN_FLIP_SELL,2,2836117.0,43721.0,0.0185086123890017,1547067008.8999999
2049,2026-03-26,2026-03-27,2026-03-31,234.5,228.5,-0.02558635394456288,-0.04196589925258554,0.01637954530802266,FOREIGN_FLIP_SELL,3,1986989.0,90000.0,0.009605122732123883,1352755675.9750001
2059,2024-01-22,2024-01-23,2024-01-24,1062.8935198917568,1028.28759765625,-0.032558221108574426,6.938533336109387e-05,-0.03262760644193552,FOREIGN_FLIP_SELL,2,487951.0,129734.0,0.17236485416121727,1830299780.5885437
2059,2024-02-15,2024-02-16,2024-02-19,1122.2177237817796,1181.5419921875,0.05286342137406508,0.0015343901570623597,0.05132903121700272,FOREIGN_FLIP_SELL,2,1552051.0,28744.0,0.1113335558852353,2018432688.3633912
2059,2024-03-11,2024-03-12,2024-03-18,1305.134329526479,1275.47216796875,-0.02272728629281462,-0.0017425033713375226,-0.020984782921477096,FOREIGN_FLIP_SELL,5,705165.0,16000.0,0.03149607703827928,3244430015.657117
2059,2024-05-09,2024-05-10,2024-05-10,1300.1906378961378,1226.0352783203125,-0.057034220532319324,0.0,-0.057034220532319324,FOREIGN_FLIP_SELL,1,222655.0,73000.0,0.06374169296177157,1869887529.7924805
2059,2024-05-15,2024-05-16,2024-05-16,1300.1906208363614,1275.47216796875,-0.019011406844106404,0.0,-0.019011406844106404,FOREIGN_FLIP_SELL,1,500170.0,36723.0,0.061139940474076004,1802686325.3547912
2059,2024-05-23,2024-05-24,2024-05-24,1260.64111328125,1260.64111328125,0.0,0.0,0.0,FOREIGN_FLIP_SELL,1,458058.0,22436.0,0.03859362417247891,1376653269.1710083
2059,2024-07-05,2024-07-08,2024-07-08,1354.571202059659,1359.514892578125,0.0036496350364962904,0.0,0.0036496350364962904,FOREIGN_FLIP_SELL,1,568458.0,2735.0,0.1217621779527418,1193183819.482251
2059,2024-11-12,2024-11-13,2024-11-14,1395.0,1385.0,-0.007168458781361964,-0.006336314481737659,-0.0008321442996243045,FOREIGN_FLIP_SELL,2,253446.0,12000.0,0.11111111111111116,1947266250.0
2059,2024-11-19,2024-11-20,2024-11-20,1395.0,1395.0,0.0,0.0,0.0,FOREIGN_FLIP_SELL,1,248492.0,28300.0,0.04800152992924067,2063346656.5
2059,2024-11-27,2024-11-28,2024-12-02,1425.0,1495.0,0.04912280701754379,0.019643537986256954,0.029479269031286837,FOREIGN_FLIP_SELL,3,658833.0,31600.0,0.03668552655594093,2025955890.0
2059,2024-12-05,2024-12-06,2024-12-20,1615.0,1450.0,-0.10216718266253866,-0.0294490403920723,-0.07271814227046636,FOREIGN_FLIP_SELL,11,438544.0,49700.0,0.11616515045486353,2301127474.25
2059,2025-01-07,2025-01-08,2025-01-10,1535.0,1475.0,-0.039087947882736174,-0.016895164967771437,-0.022192782914964737,FOREIGN_FLIP_SELL,3,526330.0,20000.0,0.009831694717546968,1414777674.75
2059,2025-02-07,2025-02-10,2025-02-10,1595.0,1570.0,-0.01567398119122254,0.0,-0.01567398119122254,FOREIGN_FLIP_SELL,1,820757.0,25000.0,0.07838070628768312,1506563604.25
2059,2025-02-25,2025-02-26,2025-02-26,1955.0,2050.0,0.04859335038363177,0.0,0.04859335038363177,FOREIGN_FLIP_SELL,1,1112129.0,36000.0,0.1893536121673003,2598711511.0
2059,2025-05-12,2025-05-13,2025-05-19,1945.0,1965.0,0.010282776349614497,0.009080552094344219,0.0012022242552702789,FOREIGN_FLIP_SELL,5,230694.0,33410.0,0.08045977011494254,2384305206.0
2059,2025-05-29,2025-06-02,2025-06-06,2020.0,2135.0,0.05693069306930698,0.0313268711219199,0.025603821947387084,FOREIGN_FLIP_SELL,5,92048.0,3000.0,0.03929024081115329,1977819602.5
2059,2025-07-17,2025-07-18,2025-07-22,2255.0,2495.0,0.10643015521064303,-0.016901540682331184,0.12333169589297421,FOREIGN_FLIP_SELL,3,337791.0,42932.0,0.07010629404036783,1453925536.0
2059,2025-07-28,2025-07-29,2025-08-04,2540.0,2600.0,0.023622047244094446,0.007646909575729888,0.01597513766836456,FOREIGN_FLIP_SELL,4,232812.0,81909.0,0.16100278551532043,2015922883.75
2059,2025-08-13,2025-08-14,2025-08-15,3035.0,3130.0,0.0313014827018121,0.003976419807175002,0.027325062894637098,FOREIGN_FLIP_SELL,2,165708.0,25998.0,0.1537009063444108,2936150265.75
2059,2025-08-29,2025-09-01,2025-09-04,3020.0,2995.0,-0.008278145695364225,0.004491540014763817,-0.012769685710128043,FOREIGN_FLIP_SELL,4,142220.0,6000.0,0.02165227262942282,3123027696.25
2059,2025-10-08,2025-10-09,2025-10-13,3635.0,3720.0,0.023383768913342484,-0.013863493889187506,0.03724726280252999,FOREIGN_FLIP_SELL,2,265639.0,11000.0,0.06836010459469555,2428590450.0
2059,2026-03-13,2026-03-16,2026-03-16,3385.0,3320.0,-0.019202363367799125,0.0,-0.019202363367799125,FOREIGN_FLIP_SELL,1,151526.0,62000.0,0.06235201262825574,2470422321.25
2059,2026-03-19,2026-03-20,2026-03-20,3575.0,3405.0,-0.047552447552447585,0.0,-0.047552447552447585,FOREIGN_FLIP_SELL,1,264991.0,90878.0,0.09923898839265122,2497299447.5
2062,2024-02-19,2024-02-20,2024-02-20,29.28393082612292,27.97270965576172,-0.04477613262190594,0.0,-0.04477613262190594,FOREIGN_FLIP_SELL,1,748000.0,350000.0,0.11306733584623951,12148547.477210902
2062,2024-03-29,2024-04-01,2024-04-01,28.9925495049206,28.45834732055664,-0.01842549873971222,0.0,-0.01842549873971222,FOREIGN_FLIP_SELL,1,421000.0,15000.0,0.03460512413623085,16182522.041112326
2103,2024-08-15,2024-08-16,2024-08-19,22.096267374033964,21.90328788757324,-0.008733578535870756,0.002698102405719105,-0.011431680941589861,FOREIGN_FLIP_SELL,2,1483120.0,1000.0,0.0026502020928069747,51849928.53233098
2103,2024-08-30,2024-09-02,2024-09-02,22.578717765427065,22.38573837280273,-0.008546959779967112,0.0,-0.008546959779967112,FOREIGN_FLIP_SELL,1,626824.0,1000.0,0.030336460572515156,33166023.251819134
2103,2024-09-18,2024-09-19,2024-09-23,21.99977723018036,22.192758560180664,0.008771967460450503,0.011016797395182243,-0.00224482993473174,FOREIGN_FLIP_SELL,3,632000.0,2000.0,0.006178261245753047,17611416.454551604
2103,2024-09-26,2024-09-27,2024-10-09,22.433983331156217,23.543621063232425,0.049462358766004355,-0.007173049004952192,0.05663540777095655,FOREIGN_FLIP_SELL,7,759968.0,1000.0,0.019980170762219363,18037380.06233692
2104,2024-05-13,2024-05-14,2024-05-16,18.100000381469727,18.049999237060547,-0.0027624941080316434,0.01517261212563703,-0.017935106233668674,FOREIGN_FLIP_SELL,3,757000.0,4000.0,0.019830028328611915,25877113.2
2104,2024-07-05,2024-07-08,2024-07-08,17.799999237060547,17.649999618530273,-0.008426945222445026,0.0,-0.008426945222445026,FOREIGN_FLIP_SELL,1,1862103.0,1000.0,0.02179250823848533,20680943.73642979
2105,2024-01-30,2024-01-31,2024-02-01,41.40998053266111,41.18043518066406,-0.005543237380080335,0.004390763424243049,-0.009934000804323384,FOREIGN_FLIP_SELL,2,2484774.0,78194.0,0.023429989088004755,150831399.25509337
2105,2024-02-16,2024-02-19,2024-03-01,42.970889082523925,42.83316421508789,-0.003205073722620466,0.016104964298178537,-0.019310038020799003,FOREIGN_FLIP_SELL,9,3562867.0,582049.0,0.05108658782184672,168111877.9876091
2105,2024-03-06,2024-03-07,2024-03-11,41.96088665769407,42.328163146972656,0.008752829564225628,0.001653363525160323,0.007099466039065305,FOREIGN_FLIP_SELL,3,1703373.0,688570.0,0.0019582275376122116,158075150.90567896
2105,2024-05-07,2024-05-08,2024-05-09,44.89907094296476,44.715431213378906,-0.004090056335890213,-0.006750569718193655,0.002660513382303442,FOREIGN_FLIP_SELL,2,1682710.0,176000.0,0.02451290965239683,223094112.06973496
2105,2024-05-23,2024-05-24,2024-05-24,54.0808842896341,53.897247314453125,-0.0033955986037043084,0.0,-0.0033955986037043084,FOREIGN_FLIP_SELL,1,26465294.0,7146511.0,0.1550992375063378,558315476.3389075
2105,2024-08-13,2024-08-14,2024-08-15,45.88630590474448,45.601593017578125,-0.006204746308351661,-0.005996212787569899,-0.0002085335207817618,FOREIGN_FLIP_SELL,2,955336.0,116143.0,0.02123141893588598,228966096.19304314
2105,2024-08-22,2024-08-23,2024-08-23,46.360825877025896,46.64554214477539,0.00614131138441576,0.0,0.00614131138441576,FOREIGN_FLIP_SELL,1,2262074.0,164000.0,0.03314449968780675,227633448.65504858
2105,2025-02-03,2025-02-04,2025-02-04,48.401274545262886,48.11656188964844,-0.005882337981579333,0.0,-0.005882337981579333,FOREIGN_FLIP_SELL,1,1020918.0,716000.0,0.02791942884833709,176905959.4891262
2105,2025-02-17,2025-02-18,2025-02-25,49.445221604473566,47.92675018310547,-0.030710175262531614,-0.016073139266263525,-0.014637035996268088,FOREIGN_FLIP_SELL,6,1754058.0,152685.0,0.03669131249661528,188255771.30646056
2106,2024-09-26,2024-09-27,2024-10-01,29.05146210973786,29.337682723999023,0.00985219309031704,-0.018945906931702394,0.028798100022019435,FOREIGN_FLIP_SELL,3,582336.0,1000.0,0.0017414532779942427,27479210.5031559
2106,2025-02-21,2025-02-24,2025-02-25,27.191022880446244,27.000207901000977,-0.007017572685082296,-0.011864466763289783,0.0048468940782074865,FOREIGN_FLIP_SELL,2,149279.0,3000.0,0.04877824386255747,8333824.586566543
2108,2024-06-17,2024-06-18,2024-06-18,35.080987853932186,34.93562316894531,-0.004143688472859841,0.0,-0.004143688472859841,FOREIGN_FLIP_SELL,1,340000.0,5000.0,0.04130554773282791,21154899.78591156
2201,2024-06-20,2024-06-21,2024-06-24,65.7074028153569,64.48886108398438,-0.018544968742665535,-0.018908700814464607,0.0003637320717990722,FOREIGN_FLIP_SELL,2,2330694.0,495000.0,0.002209724441070149,334258489.02121925
2201,2025-04-24,2025-04-25,2025-04-25,38.76138066259651,38.23237991333008,-0.013647624006770664,0.0,-0.013647624006770664,FOREIGN_FLIP_SELL,1,3409287.0,4000.0,0.03115481962953326,157442986.48680878
2201,2025-07-03,2025-07-04,2025-07-04,33.952273332985506,32.55763244628906,-0.04107650975292765,0.0,-0.04107650975292765,FOREIGN_FLIP_SELL,1,1506281.0,1000.0,0.011431069567129803,60579194.69091836
2201,2025-08-06,2025-08-07,2025-08-15,32.60572749651328,33.61563873291016,0.03097343055771029,0.013777458455825231,0.01719597210188506,FOREIGN_FLIP_SELL,7,1175061.0,322000.0,0.0069366341615291205,82734450.38490772
2204,2024-01-30,2024-01-31,2024-02-15,101.65575718775588,102.53971862792967,0.008695635787170808,0.04220393025567559,-0.033508294468504785,FOREIGN_FLIP_SELL,5,1660328.0,6000.0,0.05966367680158613,240330292.47905275
2204,2024-04-12,2024-04-15,2024-04-15,130.82655516744882,129.5006103515625,-0.010135135135135198,0.0,-0.010135135135135198,FOREIGN_FLIP_SELL,1,1820656.0,722839.0,0.11467966082366754,397120868.00891876
2204,2024-07-02,2024-07-03,2024-07-03,114.91520237278294,114.47322082519533,-0.0038461538461537215,0.0,-0.0038461538461537215,FOREIGN_FLIP_SELL,1,1588990.0,617544.0,0.028298139686472767,277144440.6921875
2204,2025-02-03,2025-02-04,2025-02-04,77.41146050774546,76.39167022705078,-0.013173634420611924,0.0,-0.013173634420611924,FOREIGN_FLIP_SELL,1,2019726.0,171709.0,0.0359210497746989,212443941.65314484
2204,2025-04-30,2025-05-02,2025-05-06,67.12083176627101,66.1937484741211,-0.013812154405032029,-0.01275040231988811,-0.0010617520851439188,FOREIGN_FLIP_SELL,3,2222444.0,134000.0,0.07664503275675871,152352615.11261064
2204,2025-08-08,2025-08-11,2025-08-15,56.79999923706055,56.400001525878906,-0.007042213319620072,0.008244306881978858,-0.01528652020159893,FOREIGN_FLIP_SELL,5,781495.0,3304.0,0.024452575156577394,91503589.075
2204,2025-08-21,2025-08-22,2025-08-22,61.79999923706055,60.29999923706055,-0.024271844959837363,0.0,-0.024271844959837363,FOREIGN_FLIP_SELL,1,1472647.0,256000.0,0.07025783780953043,67413036.64304848
2204,2025-10-08,2025-10-09,2025-10-09,63.29999923706055,61.400001525878906,-0.030015761991814327,0.0,-0.030015761991814327,FOREIGN_FLIP_SELL,1,763744.0,7637.0,0.007459674569882724,85870307.43678589
2204,2025-11-14,2025-11-17,2025-11-17,61.29999923706055,58.70000076293945,-0.04241433126395855,0.0,-0.04241433126395855,FOREIGN_FLIP_SELL,1,1152160.0,79912.0,0.02784812701905337,60952728.74720001
2204,2026-04-01,2026-04-02,2026-04-07,56.59999847412109,54.400001525878906,-0.03886920508042191,0.020182425176967334,-0.05905163025738924,FOREIGN_FLIP_SELL,2,1366100.0,60000.0,0.014544802275126667,80844123.925
2206,2024-01-02,2024-01-03,2024-01-04,67.42806804098896,67.24483489990234,-0.0027174609388961324,-0.0005501443934380346,-0.002167316545458098,FOREIGN_FLIP_SELL,2,3194700.0,1240721.0,0.01793908371760411,171835249.26560137
2206,2024-01-26,2024-01-29,2024-01-31,65.59578382784012,64.67963409423828,-0.013966594804421084,-0.01269729578298573,-0.001269299021435355,FOREIGN_FLIP_SELL,3,2300000.0,5000.0,0.007436571744894982,234910171.47521552
2206,2024-02-05,2024-02-15,2024-02-15,66.23708446862005,65.04609680175781,-0.01798067768859113,0.0,-0.01798067768859113,FOREIGN_FLIP_SELL,1,2205000.0,2323.0,0.015658113935824725,129410623.62814483
2206,2024-04-24,2024-04-25,2024-04-26,75.85657683437093,76.58949279785156,0.009661864456142366,0.013248943960749937,-0.003587079504607571,FOREIGN_FLIP_SELL,2,8052538.0,2401000.0,0.07444571280533885,652821781.5001168
2206,2024-06-18,2024-06-19,2024-06-19,74.20752085581309,73.6578369140625,-0.007407388569396267,0.0,-0.007407388569396267,FOREIGN_FLIP_SELL,1,2639020.0,1301449.0,0.03921322024454876,423989455.442276
2206,2024-07-05,2024-07-08,2024-07-09,72.92491688135514,72.28362274169922,-0.00879389606572023,0.0009183997563149138,-0.009712295822035144,FOREIGN_FLIP_SELL,2,4918274.0,1153000.0,0.005947095139428482,388209620.2680874
2206,2024-07-16,2024-07-17,2024-07-17,75.85657471088064,75.21527099609375,-0.00845416125406595,0.0,-0.00845416125406595,FOREIGN_FLIP_SELL,1,3660820.0,1188000.0,0.02976972033277292,415478069.5528614
2206,2024-08-26,2024-08-27,2024-08-27,71.64231974365258,71.73759460449219,0.0013298684517826231,0.0,0.0013298684517826231,FOREIGN_FLIP_SELL,1,2729990.0,1000.0,0.021719973999455577,157776349.23153573
2206,2024-08-30,2024-09-02,2024-09-09,72.59500591907374,71.4517822265625,-0.015747966103696776,-0.04905128267516934,0.03330331657147256,FOREIGN_FLIP_SELL,6,982784.0,77000.0,0.03287020629934512,141346369.69386408
2206,2024-09-18,2024-09-19,2024-09-20,71.92813010633918,72.21393585205078,0.003973490556324233,0.005295654552418982,-0.0013221639960947495,FOREIGN_FLIP_SELL,2,1315020.0,591401.0,0.011944778008579515,101005064.81994171
2206,2025-01-15,2025-01-16,2025-01-16,66.68832725748447,66.11671447753906,-0.008571406773158485,0.0,-0.008571406773158485,FOREIGN_FLIP_SELL,1,360068.0,241000.0,0.005214359913498168,88907777.37257004
2206,2025-02-03,2025-02-04,2025-02-07,67.54574979486584,67.1646728515625,-0.0056417605024839945,0.030021486639656203,-0.0356632471421402,FOREIGN_FLIP_SELL,4,1398660.0,111000.0,0.020511006072273963,63570800.714545436
2206,2025-03-21,2025-03-24,2025-03-31,68.5937095054173,66.97413635253906,-0.023611103183599158,-0.06381522449772936,0.0402041213141302,FOREIGN_FLIP_SELL,6,1496266.0,340563.0,0.034928880658258166,51866648.20231247
2206,2025-05-06,2025-05-07,2025-05-13,66.97413834080727,67.45048522949219,0.00711240040537664,0.038140353008511596,-0.031027952603134956,FOREIGN_FLIP_SELL,5,816007.0,68000.0,0.01189189388859524,103739637.78586121
2206,2025-09-05,2025-09-08,2025-09-11,66.5999984741211,64.0,-0.039039017022371,0.027226125750591246,-0.06626514277296225,FOREIGN_FLIP_SELL,4,579596.0,1000.0,0.03453641367292093,50586137.7
2207,2024-06-20,2024-06-21,2024-06-21,611.3219458807649,619.0479736328125,0.012638230647709303,0.0,0.012638230647709303,FOREIGN_FLIP_SELL,1,299470.0,4000.0,0.06258791113769235,253631860.00329897
2207,2024-07-26,2024-07-29,2024-07-30,627.7397144113788,626.7739868164062,-0.0015384204198043427,0.0026655283970109522,-0.004203948816815295,FOREIGN_FLIP_SELL,2,234131.0,10000.0,0.03688295644526929,179694949.9405029
2207,2024-08-02,2024-08-05,2024-08-06,617.1164547818378,586.2123413085938,-0.050078252222539144,0.03379268306975858,-0.08387093529229772,FOREIGN_FLIP_SELL,2,253125.0,12000.0,0.029075769255739514,173676175.1151123
2207,2024-08-23,2024-08-26,2024-08-27,626.774004228276,629.6712646484375,0.0046224961479197635,-0.0024783653485163093,0.007100861496436073,FOREIGN_FLIP_SELL,2,145590.0,2000.0,0.024586922619286966,225121524.3364563
2207,2024-09-16,2024-09-18,2024-10-04,623.8767322716346,646.0890502929688,0.03560369680795028,0.028777881946014716,0.006825814861935564,FOREIGN_FLIP_SELL,11,217976.0,2000.0,0.007374892329380378,158451546.60105896
2207,2024-12-25,2024-12-26,2024-12-30,591.0410883900397,590.0753784179688,-0.0016339134301162073,-0.0024407614812870237,0.0008068480511708165,FOREIGN_FLIP_SELL,3,50077.0,1000.0,0.0017157903576148215,126147895.03710938
2207,2025-03-18,2025-03-19,2025-03-21,593.9383603380873,593.9383544921875,-9.842603398979577e-09,0.011305106881970728,-0.011305116724574127,FOREIGN_FLIP_SELL,3,232226.0,4000.0,0.005421355204085376,138180320.76988524
2207,2025-03-27,2025-03-28,2025-03-28,592.972621315404,587.1781005859375,-0.009771986970684043,0.0,-0.009771986970684043,FOREIGN_FLIP_SELL,1,55261.0,4000.0,0.01458780384800984,155896828.8769348
2207,2025-04-23,2025-04-24,2025-04-24,586.2123354669452,585.24658203125,-0.0016474464579901982,0.0,-0.0016474464579901982,FOREIGN_FLIP_SELL,1,167486.0,4584.0,0.028532991054807333,187224190.71270752
2207,2025-05-05,2025-05-06,2025-05-13,618.0822115384616,623.876708984375,0.009374962323362102,0.03934936026097757,-0.02997439793761547,FOREIGN_FLIP_SELL,6,355944.0,168.0,0.05050841649372084,198140158.0883026
2207,2025-08-14,2025-08-15,2025-08-15,560.0,558.0,-0.0035714285714285587,0.0,-0.0035714285714285587,FOREIGN_FLIP_SELL,1,100173.0,61.0,0.006198903961908364,101879064.0
2207,2025-11-24,2025-11-25,2025-11-25,621.0,602.0,-0.03059581320450888,0.0,-0.03059581320450888,FOREIGN_FLIP_SELL,1,452367.0,3981.0,0.05397799948836024,182661703.79999998
2207,2025-12-15,2025-12-16,2025-12-16,591.0,597.0,0.010152284263959421,0.0,0.010152284263959421,FOREIGN_FLIP_SELL,1,138997.0,62000.0,0.005847953216374213,169525517.7
2207,2026-02-24,2026-02-25,2026-03-02,559.0,575.0,0.028622540250447193,-0.008979183842123928,0.03760172409257112,FOREIGN_FLIP_SELL,3,595760.0,1000.0,0.043884220354808656,189089100.85000002
2208,2025-03-06,2025-03-07,2025-03-12,17.149999618530273,16.75,-0.023323593436006873,-0.013187013212621057,-0.010136580223385816,FOREIGN_FLIP_SELL,4,1912000.0,12000.0,0.07355240819481756,33798271.71072054
2208,2025-06-12,2025-06-13,2025-06-19,17.899999618530273,18.350000381469727,0.02513970796254128,-0.003146349772372381,0.02828605773491366,FOREIGN_FLIP_SELL,5,4334951.0,9000.0,0.08627158767725507,46410660.76313601
2208,2026-01-12,2026-01-13,2026-01-22,21.25,22.5,0.05882352941176472,0.033831110442837264,0.024992418968927455,FOREIGN_FLIP_SELL,8,4581423.0,3000.0,0.02736316510100889,63385394.78407462
2211,2024-01-24,2024-01-25,2024-01-26,94.48389649726974,95.37947845458984,0.009478672985782088,-0.0004215966405062277,0.009900269626288316,FOREIGN_FLIP_SELL,2,451000.0,117159.0,0.01596517576148715,125060761.90984917
2211,2024-03-20,2024-03-21,2024-03-21,114.63450105826692,112.39554595947266,-0.01953124999999989,0.0,-0.01953124999999989,FOREIGN_FLIP_SELL,1,503356.0,293744.0,0.08784804073234764,285976307.57329905
2211,2024-04-11,2024-04-12,2024-04-18,120.4557810748065,129.41159057617188,0.07434935394095832,-0.020995327924963503,0.09534468186592182,FOREIGN_FLIP_SELL,5,915502.0,220000.0,0.0607559986473305,270036898.20587087
2211,2025-02-03,2025-02-04,2025-02-04,84.60609343942306,81.9768295288086,-0.031076531296141074,0.0,-0.031076531296141074,FOREIGN_FLIP_SELL,1,754350.0,11000.0,0.007081008806606226,317811460.6186104
2211,2025-02-07,2025-02-10,2025-02-11,83.10365672687908,85.7329330444336,0.03163851533267237,0.005673032792007815,0.025965482540664553,FOREIGN_FLIP_SELL,2,334000.0,10000.0,0.022877085965505417,148516456.34963152
2211,2025-05-07,2025-05-08,2025-05-08,79.91097342907226,79.53536224365234,-0.00470037054114103,0.0,-0.00470037054114103,FOREIGN_FLIP_SELL,1,126364.0,257785.0,0.049432456101460076,62585896.45598678
2211,2025-07-25,2025-07-28,2025-07-29,81.4000015258789,81.0,-0.0049140235673305055,-0.009031782082688844,0.0041177585153583385,FOREIGN_FLIP_SELL,2,801957.0,297824.0,0.015889415446160404,126263861.96889496
2211,2025-08-07,2025-08-08,2025-08-13,84.5,86.19999694824219,0.020118307079789233,0.014518795809538743,0.00559951127025049,FOREIGN_FLIP_SELL,4,625783.0,15000.0,0.050899155378970606,126571317.67853737
2211,2025-10-14,2025-10-15,2025-10-23,110.5,112.0,0.013574660633484115,0.009405761364492449,0.004168899268991666,FOREIGN_FLIP_SELL,7,2250309.0,6017.0,0.13119833819177873,137529300.82500002
2227,2025-11-20,2025-11-21,2025-12-01,56.400001525878906,55.400001525878906,-0.017730495974209393,0.03433296472493752,-0.05206346069914691,FOREIGN_FLIP_SELL,7,13775.0,1000.0,0.03972719411680781,3051846.382566452
2228,2024-09-03,2024-09-04,2024-09-05,99.61175439564605,102.32843780517578,0.027272719228891296,0.004502065283094936,0.02277065394579636,FOREIGN_FLIP_SELL,2,551000.0,30000.0,0.16883788219771234,56262059.25416566
2231,2024-06-06,2024-06-07,2024-06-12,123.24734753324783,128.46165466308594,0.04230766206495007,0.008718856138114184,0.033588805926835885,FOREIGN_FLIP_SELL,3,424137.0,1000.0,0.10595184952183745,86907559.65834045
2231,2024-09-27,2024-09-30,2024-10-01,95.7040535536321,100.94544982910156,0.05476671134449096,0.007462542284165874,0.047304169060325085,FOREIGN_FLIP_SELL,2,167942.0,1000.0,0.0017270641342739257,30531663.354642108
2231,2025-09-03,2025-09-04,2025-09-04,124.5,129.5,0.04016064257028118,0.0,0.04016064257028118,FOREIGN_FLIP_SELL,1,920900.0,244000.0,0.3295774647887324,274212948.9
2233,2024-07-04,2024-07-05,2024-07-08,130.9475394295646,131.40863037109375,0.0035211882830157304,0.013650555916959961,-0.01012936763394423,FOREIGN_FLIP_SELL,2,95390.0,1000.0,0.02517660043997938,38088151.104026794
2233,2024-11-21,2024-11-22,2024-11-26,176.80447007196247,185.4525146484375,0.04891304259985696,-0.009847947627238729,0.05876099022709569,FOREIGN_FLIP_SELL,3,686000.0,45000.0,0.10887407599663779,205445804.20000002
2233,2025-07-21,2025-07-22,2025-07-23,188.3351914426113,182.08938598632807,-0.0331632416036618,0.014387991654924104,-0.0475512332585859,FOREIGN_FLIP_SELL,2,323000.0,23000.0,0.048365275580684264,265748733.80448762
2233,2025-08-19,2025-08-20,2025-08-20,243.5,246.0,0.010266940451745477,0.0,0.010266940451745477,FOREIGN_FLIP_SELL,1,1517900.0,157000.0,0.21497793848042623,507220388.09999996
2247,2024-10-28,2024-10-29,2024-10-29,276.0413595265356,274.1506652832031,-0.006849315068493289,0.0,-0.006849315068493289,FOREIGN_FLIP_SELL,1,9013.0,1000.0,0.0009475782890255857,18637821.840127565
2247,2024-11-05,2024-11-06,2024-11-12,274.1506743390196,275.5686950683594,0.005172413793103514,-0.01014805802394636,0.015320471817049874,FOREIGN_FLIP_SELL,5,39000.0,1000.0,0.0005166545401631417,15599443.99770813
2247,2025-03-07,2025-03-10,2025-03-13,301.56572164059435,298.7297058105469,-0.009404304357334858,-0.02215002324097959,0.01274571888364473,FOREIGN_FLIP_SELL,4,103546.0,48000.0,0.05367465574218855,25433888.217214964
2301,2024-05-13,2024-05-14,2024-05-16,99.57736644652732,94.85806274414062,-0.04739333716885297,0.01517261212563703,-0.06256594929449,FOREIGN_FLIP_SELL,3,27571254.0,381665.0,0.05543550076300807,1812148330.1719437
2301,2024-05-27,2024-05-28,2024-05-28,113.2633611981961,109.95984649658205,-0.029166666666666674,0.0,-0.029166666666666674,FOREIGN_FLIP_SELL,1,54515228.0,2453133.0,0.1677845691304518,3316723494.8282104
2301,2024-08-23,2024-08-26,2024-08-28,103.86036689226016,102.41786193847656,-0.013888887522224724,0.005869618539342536,-0.01975850606156726,FOREIGN_FLIP_SELL,3,2563398.0,64907.0,0.041771328676143415,1858267290.7193213
2301,2024-09-02,2024-09-03,2024-09-03,102.41786215645926,100.97535705566406,-0.014084507042253502,0.0,-0.014084507042253502,FOREIGN_FLIP_SELL,1,2143138.0,676814.0,0.015430030613129198,1165882906.5803108
2301,2024-10-01,2024-10-04,2024-10-04,96.64784416862766,95.97467803955078,-0.006965143763603909,0.0,-0.006965143763603909,FOREIGN_FLIP_SELL,1,5350420.0,1066680.0,0.00959865209598032,826464670.1708755
2301,2024-10-14,2024-10-15,2024-10-18,98.0903473652055,100.49452209472656,0.024509799323779946,0.008381853912666548,0.016127945411113398,FOREIGN_FLIP_SELL,4,2530598.0,302594.0,0.011711938355216667,734597144.7749969
2301,2024-10-28,2024-10-29,2024-10-29,100.97535735195125,99.05201721191406,-0.019047619047619202,0.0,-0.019047619047619202,FOREIGN_FLIP_SELL,1,1376803.0,78683.0,0.02325581431480961,592962003.4678565
2301,2024-11-06,2024-11-07,2024-11-07,100.97535705566406,100.97535705566406,0.0,0.0,0.0,FOREIGN_FLIP_SELL,1,5827352.0,47000.0,0.02566595213758749,619128290.2131401
2301,2025-01-20,2025-01-21,2025-02-04,103.86036696389458,102.41786193847656,-0.013888888202363892,-0.02171882472219322,0.007829936519829328,FOREIGN_FLIP_SELL,4,15659222.0,830553.0,0.05468749561174291,697109530.587072
2301,2025-02-11,2025-02-12,2025-02-14,104.3412018528691,104.82203674316406,0.004608293576807476,-0.005888454148284095,0.01049674772509157,FOREIGN_FLIP_SELL,3,4793996.0,30000.0,0.022485203722867775,788519573.6194389
2301,2025-02-25,2025-02-26,2025-02-27,107.22621147973196,102.89869689941406,-0.0403587380417324,-0.014928761271182256,-0.025429976770550144,FOREIGN_FLIP_SELL,2,6285351.0,446689.0,0.019661634092632996,809074044.2679802
2301,2025-04-28,2025-04-29,2025-04-29,91.80895074681028,92.4000015258789,0.00643783393951014,0.0,0.00643783393951014,FOREIGN_FLIP_SELL,1,2785124.0,27242.0,0.061595200959835505,852104324.2291054
2301,2025-05-14,2025-05-15,2025-05-19,101.46268463134766,99.49253845214844,-0.019417445796526156,-0.009499196828154255,-0.009918248968371901,FOREIGN_FLIP_SELL,3,3983088.0,17000.0,0.08221692515725842,694734076.6555481
2301,2025-06-13,2025-06-16,2025-06-19,105.89552532143308,105.40298461914062,-0.004651194663772729,-0.002104335611635144,-0.0025468590521375845,FOREIGN_FLIP_SELL,4,7372849.0,810270.0,0.045279390150733345,896357598.5946007
2301,2025-06-24,2025-06-25,2025-06-25,107.37313194797464,107.86566925048828,0.004587155963302614,0.0,0.004587155963302614,FOREIGN_FLIP_SELL,1,7701762.0,944541.0,0.030245764750721937,912580549.0531586
2301,2025-07-03,2025-07-04,2025-07-11,113.28358116654049,116.23880767822266,0.026086979959943468,0.009026690181838326,0.017060289778105142,FOREIGN_FLIP_SELL,6,16149889.0,123547.0,0.05747126796966162,844587566.154979
2301,2025-07-25,2025-07-28,2025-07-30,116.7313444758036,124.1194076538086,0.06329116837625737,0.0020817612025114673,0.0612094071737459,FOREIGN_FLIP_SELL,3,2593804.0,474000.0,0.019301663945628933,1006986095.1996499
2301,2025-09-11,2025-09-12,2025-09-12,169.0,163.0,-0.035502958579881616,0.0,-0.035502958579881616,FOREIGN_FLIP_SELL,1,20198089.0,1129413.0,0.2580767768909158,4378822583.75
2301,2025-10-27,2025-10-28,2025-10-28,181.0,188.5,0.04143646408839774,0.0,0.04143646408839774,FOREIGN_FLIP_SELL,1,7034002.0,307877.0,0.07533234859675031,5666007629.1
2301,2026-02-11,2026-02-23,2026-02-26,184.5,173.0,-0.06233062330623307,0.04859544145210104,-0.11092606475833411,FOREIGN_FLIP_SELL,4,35092298.0,180000.0,0.06512386886218668,4866512078.05
2303,2024-01-25,2024-01-26,2024-01-26,45.2033365531497,44.313507080078125,-0.01968503966571844,0.0,-0.01968503966571844,FOREIGN_FLIP_SELL,1,112504537.0,171829.0,0.03461921029559356,3329109604.494134
2303,2024-03-14,2024-03-15,2024-03-15,46.53808155304845,46.1821517944336,-0.007648139904717133,0.0,-0.007648139904717133,FOREIGN_FLIP_SELL,1,30857377.0,8878987.0,0.058776162590958636,3398434681.3311462
2303,2024-05-07,2024-05-08,2024-05-09,46.1821517944336,46.1821517944336,0.0,-0.006750569718193655,0.006750569718193655,FOREIGN_FLIP_SELL,2,21351918.0,7301625.0,0.016448286278136104,2748460483.304866
2303,2024-05-17,2024-05-20,2024-05-24,47.16096119166836,48.58468627929688,0.030188635932213437,0.013807544250682424,0.016381091681531013,FOREIGN_FLIP_SELL,5,45571704.0,20658104.0,0.035801874522777055,2472112530.6114902
2303,2024-06-17,2024-06-18,2024-06-19,50.45333103388992,50.54231262207031,0.001763641495159618,0.01986645158123146,-0.01810281008607184,FOREIGN_FLIP_SELL,2,54233408.0,3252482.0,0.02735999948360268,4195040942.635978
2303,2024-07-05,2024-07-08,2024-07-12,50.72534531116099,49.78598785400391,-0.018518502957344918,0.001624049444391762,-0.02014255240173668,FOREIGN_FLIP_SELL,5,72074523.0,7972542.0,0.002402243995077713,3982369011.031721
2303,2024-08-13,2024-08-14,2024-08-23,52.1343818180436,52.22831726074219,0.0018017945053312445,0.005938134867039757,-0.004136340361708513,FOREIGN_FLIP_SELL,8,101519193.0,6538331.0,0.04935607609438164,3767690400.4156594
2303,2024-09-27,2024-09-30,2024-10-01,51.47682999592264,50.44353866577149,-0.02007294019917305,0.007462542284165874,-0.027535482483338924,FOREIGN_FLIP_SELL,2,14122667.0,4374030.0,0.012238900509815576,2173965504.594936
2303,2025-01-20,2025-01-21,2025-01-21,40.15756373630717,40.345436096191406,0.004678380419636419,0.0,0.004678380419636419,FOREIGN_FLIP_SELL,1,26060617.0,713206.0,0.002756138290410437,1832421928.0965831
2303,2025-04-14,2025-04-15,2025-04-17,41.80144266386365,41.42569732666016,-0.00898881266431284,-0.026132947881933655,0.017144135217620815,FOREIGN_FLIP_SELL,3,27337958.0,260888.0,0.004535099094496786,2303515566.860195
2303,2025-05-16,2025-05-19,2025-05-20,44.71344969251208,44.94829177856445,0.0052521576319284335,0.00010217599479345196,0.005149981637134982,FOREIGN_FLIP_SELL,2,45656914.0,673025.0,0.05234185295516558,1373730743.4224288
2303,2025-07-02,2025-07-03,2025-07-11,44.54999923706055,43.25,-0.02918067922163048,0.0016756325822568918,-0.03085631180388737,FOREIGN_FLIP_SELL,7,31334703.0,2178870.0,0.006994407484028908,2604708708.1521993
2303,2025-10-13,2025-10-14,2025-10-15,46.0,44.5,-0.03260869565217395,0.018010593746521364,-0.05061928939869531,FOREIGN_FLIP_SELL,2,66591835.0,362929.0,0.04548854844944161,2547993324.7789984
2303,2025-11-04,2025-11-05,2025-11-06,47.09999847412109,45.79999923706055,-0.02760083395278279,0.006580375706382924,-0.03418120965916571,FOREIGN_FLIP_SELL,2,64889206.0,57212.0,0.040500529146368036,2095516547.9878988
2303,2026-01-08,2026-01-09,2026-01-12,54.400001525878906,55.29999923706055,0.01654407510914302,0.00918909452108041,0.00735498058806261,FOREIGN_FLIP_SELL,2,136210761.0,13413985.0,0.05763932084703516,4685535287.015838
2303,2026-01-27,2026-01-28,2026-01-28,79.5999984741211,75.9000015258789,-0.046482374612671684,0.0,-0.046482374612671684,FOREIGN_FLIP_SELL,1,163174344.0,340421.0,0.3124918675066797,18047887990.844418
2308,2024-03-08,2024-03-11,2024-03-11,301.429389359115,297.0888061523437,-0.01440000000000019,0.0,-0.01440000000000019,FOREIGN_FLIP_SELL,1,13401514.0,1068213.0,0.06922551408235877,2797274013.146988
2308,2024-04-30,2024-05-02,2024-05-02,298.5356750488281,298.5356750488281,0.0,0.0,0.0,FOREIGN_FLIP_SELL,1,5585731.0,74772.0,0.01584787897385298,3095704040.8302736
2308,2024-06-05,2024-06-06,2024-06-11,339.0477769492329,328.4374694824219,-0.031294431605725426,-0.005048696373930794,-0.02624573523179463,FOREIGN_FLIP_SELL,3,5953873.0,103000.0,0.05391406590940351,3098550838.8100033
2308,2024-06-14,2024-06-17,2024-06-24,345.79982211373067,369.9194641113281,0.06975030192370868,0.014098615732652586,0.05565168619105609,FOREIGN_FLIP_SELL,6,13242262.0,440610.0,0.04989604667267944,3696019879.081061
2308,2024-07-04,2024-07-05,2024-07-09,378.2709181832405,402.8339538574219,0.06493503595822991,0.014581492340502544,0.05035354361772737,FOREIGN_FLIP_SELL,3,2284887.0,120590.0,0.04456530822883087,5031768895.8784485
2308,2024-08-22,2024-08-23,2024-08-26,393.0087416919309,388.09613037109375,-0.012500005215375087,0.0037037716081256278,-0.016203776823500715,FOREIGN_FLIP_SELL,2,6730513.0,32414.0,0.015536204035500045,5111036499.555716
2308,2024-08-30,2024-09-02,2024-09-11,397.92133751930845,358.12921142578125,-0.09999998075397587,-0.05415310165137799,-0.04584687910259788,FOREIGN_FLIP_SELL,8,1771849.0,108000.0,0.011520472791520797,3750281418.381007
2308,2024-09-19,2024-09-20,2024-09-25,388.09613683735057,391.043701171875,0.007594933457840014,0.02717488497546583,-0.019579951517625815,FOREIGN_FLIP_SELL,4,2955967.0,72000.0,0.013329848494949559,2514785200.3528595
2308,2024-10-14,2024-10-15,2024-10-16,381.2184635865943,382.2009887695313,0.0025773284265750984,-0.012066723441250926,0.014644051867826025,FOREIGN_FLIP_SELL,2,3460496.0,56166.0,0.0066895959565573815,3040042414.0779386
2308,2024-10-29,2024-10-30,2024-11-01,399.8863776934029,383.6747741699219,-0.04054052457848567,-0.0017681353912938347,-0.038772389187191836,FOREIGN_FLIP_SELL,2,6819643.0,309515.0,0.037633391479558576,3403589625.9994817
2308,2024-12-06,2024-12-09,2024-12-10,392.02622499819154,395.956298828125,0.010025027866315872,-0.006366533332259117,0.01639156119857499,FOREIGN_FLIP_SELL,2,3194076.0,576000.0,0.02314252029164443,2328232045.3285065
2308,2024-12-25,2024-12-26,2024-12-31,415.6067389372353,422.97564697265625,0.017730482557295035,-0.009112590677889165,0.0268430732351842,FOREIGN_FLIP_SELL,4,2243822.0,256000.0,0.03553922370962881,2789952359.317822
2308,2025-01-07,2025-01-08,2025-01-09,432.8008711627711,410.2028503417969,-0.05221343654013899,-0.013935772156041248,-0.03827766438409774,FOREIGN_FLIP_SELL,2,8940068.0,47000.0,0.02478946905836632,2993692950.2387576
2308,2025-01-17,2025-01-20,2025-01-20,417.57179099447,419.5368347167969,0.004705882352941115,0.0,0.004705882352941115,FOREIGN_FLIP_SELL,1,2213175.0,577370.0,0.004462939600482274,2708245688.559806
2308,2025-05-08,2025-05-09,2025-05-12,370.9019916962812,363.5330810546875,-0.019867541308939196,0.010255778120184855,-0.03012331942912405,FOREIGN_FLIP_SELL,2,4101436.0,452020.0,0.11235699685617173,3092400031.7391725
2308,2025-05-22,2025-05-23,2025-05-27,371.39324142272216,361.0767822265625,-0.02777772464743755,-0.01458053155043948,-0.013197193096998072,FOREIGN_FLIP_SELL,3,3187459.0,230927.0,0.05175291540403815,2649056091.7985115
2308,2025-06-05,2025-06-06,2025-06-06,388.09612197105326,389.0786437988281,0.0025316455696202667,0.0,0.0025316455696202667,FOREIGN_FLIP_SELL,1,6163521.0,522935.0,0.06531052406051074,2826109469.1639404
2308,2025-06-17,2025-06-18,2025-06-30,395.0,413.0,0.04556962025316458,-0.004504725663744602,0.05007434591690918,FOREIGN_FLIP_SELL,9,3882449.0,91743.0,0.04300244840492673,2760679885.0
2308,2025-07-03,2025-07-04,2025-07-11,451.5,483.0,0.06976744186046502,0.009026690181838326,0.06074075167862669,FOREIGN_FLIP_SELL,6,7468643.0,3405426.0,0.12498072208453692,3877253026.6499996
2308,2025-07-22,2025-07-23,2025-07-24,517.0,518.0,0.0019342359767891004,0.0023612215902308886,-0.0004269856134417882,FOREIGN_FLIP_SELL,2,5928580.0,84820.0,0.10619946091644206,6091586437.5
2308,2025-07-30,2025-07-31,2025-08-05,581.0,632.0,0.08777969018932885,0.005015194416352786,0.08276449577297607,FOREIGN_FLIP_SELL,3,1818904.0,4000.0,0.07407032120782242,6344399662.0
2308,2025-09-03,2025-09-04,2025-09-04,689.0,691.0,0.002902757619738683,0.0,0.002902757619738683,FOREIGN_FLIP_SELL,1,5602816.0,126000.0,0.014092908806203841,8826003560.0
2308,2025-10-03,2025-10-07,2025-10-07,942.0,987.0,0.047770700636942776,0.0,0.047770700636942776,FOREIGN_FLIP_SELL,1,7060210.0,623751.0,0.10706310964860744,15528071607.9
2308,2026-01-05,2026-01-06,2026-01-07,1005.0,1030.0,0.02487562189054726,-0.004605857298844995,0.029481479189392257,FOREIGN_FLIP_SELL,2,8783567.0,161851.0,0.06354972884747023,8517075732.5
2308,2026-01-12,2026-01-13,2026-01-13,1070.0,1030.0,-0.03738317757009346,0.0,-0.03738317757009346,FOREIGN_FLIP_SELL,1,5219931.0,462118.0,0.0926414996634044,10059964632.5
2308,2026-01-22,2026-01-23,2026-01-23,1280.0,1260.0,-0.015625,0.0,-0.015625,FOREIGN_FLIP_SELL,1,5899701.0,778976.0,0.1941300594667179,13846588212.0
2308,2026-02-24,2026-02-25,2026-02-26,1425.0,1430.0,0.0035087719298245723,4.004083061670549e-05,0.003468731099207867,FOREIGN_FLIP_SELL,2,5104552.0,312369.0,0.1375770020533882,17253427811.0
2312,2024-06-24,2024-06-25,2024-06-25,17.704767580941205,17.51388168334961,-0.010781609909247258,0.0,-0.010781609909247258,FOREIGN_FLIP_SELL,1,5584636.0,5000.0,0.04752392236414482,610920412.6982496
2312,2024-06-28,2024-07-01,2024-07-01,17.179828052789393,16.941219329833984,-0.01388888888888895,0.0,-0.01388888888888895,FOREIGN_FLIP_SELL,1,2939015.0,5000.0,0.0067492147187160345,611478672.2006143
2312,2024-08-15,2024-08-16,2024-08-19,23.288987972861843,23.43454360961914,0.006249976895814857,0.002698102405719105,0.003551874490095752,FOREIGN_FLIP_SELL,2,2397280.0,1000.0,0.0010626623099612154,996306870.2451797
2312,2025-02-27,2025-03-03,2025-03-03,25.22973648861443,24.84158706665039,-0.015384600712702756,0.0,-0.015384600712702756,FOREIGN_FLIP_SELL,1,1217278.0,11000.0,0.023591359376268217,320922529.593436
2312,2025-03-06,2025-03-07,2025-03-07,25.22973617998142,24.98714256286621,-0.009615384615384692,0.0,-0.009615384615384692,FOREIGN_FLIP_SELL,1,3503117.0,4000.0,0.011755649414577851,315776194.26899016
2312,2025-12-16,2025-12-17,2025-12-17,24.200000762939453,23.200000762939453,-0.04132231274684206,0.0,-0.04132231274684206,FOREIGN_FLIP_SELL,1,6006740.0,1143000.0,0.03930711780114349,540501133.148683
2313,2024-01-23,2024-01-24,2024-01-24,65.9396872810543,66.22188568115234,0.004279644198117438,0.0,0.004279644198117438,FOREIGN_FLIP_SELL,1,5867490.0,1060000.0,0.012566260137050422,1166176407.720463
2313,2024-01-29,2024-01-30,2024-01-30,66.97440184179217,66.31594848632812,-0.009831418233782085,0.0,-0.009831418233782085,FOREIGN_FLIP_SELL,1,4613468.0,73000.0,0.03642067087507517,1230797417.0083504
2313,2024-03-29,2024-04-01,2024-04-01,76.3809142789476,74.4996109008789,-0.02463054279761645,0.0,-0.02463054279761645,FOREIGN_FLIP_SELL,1,12133239.0,254000.0,0.015788435455521777,2827093011.4449162
2313,2024-06-19,2024-06-20,2024-06-21,72.40893266407309,74.52165222167969,0.029177609445068642,-0.006524324296809936,0.03570193374187858,FOREIGN_FLIP_SELL,2,9414529.0,1863000.0,0.02685199995471721,1388036178.9545746
2313,2024-12-12,2024-12-13,2024-12-13,65.8786760910985,64.15008544921875,-0.026239000909632937,0.0,-0.026239000909632937,FOREIGN_FLIP_SELL,1,10401907.0,7385000.0,0.08686966967395571,932317030.2286663
2313,2025-01-02,2025-01-03,2025-01-06,67.12710949929405,67.22314453125,0.001430644529047731,0.0279117234558639,-0.02648107892681617,FOREIGN_FLIP_SELL,2,4963030.0,282000.0,0.021639899450743183,1887962460.490216
2313,2025-02-17,2025-02-18,2025-02-18,65.9747063525507,66.64694213867188,0.010189295614730476,0.0,0.010189295614730476,FOREIGN_FLIP_SELL,1,3703676.0,26000.0,0.011426447638767323,523602611.0785866
2313,2025-04-25,2025-04-28,2025-04-29,52.72215337719152,54.64281463623047,0.036429871240234,0.009894012430566201,0.0265358588096678,FOREIGN_FLIP_SELL,2,5441483.0,1000.0,0.00639418479848608,533069420.9538536
2313,2025-05-14,2025-05-15,2025-05-19,61.65322113037109,59.44446563720703,-0.035825467877719674,-0.009499196828154255,-0.02632627104956542,FOREIGN_FLIP_SELL,3,1687648.0,23000.0,0.13340373949635786,656693459.7726951
2313,2025-08-11,2025-08-12,2025-08-15,69.30000305175781,76.19999694824219,0.09956700710865785,0.007290275428730286,0.09227673167992756,FOREIGN_FLIP_SELL,4,14190608.0,144000.0,0.08057317488749804,997668612.6
2313,2025-08-21,2025-08-22,2025-08-28,76.5,79.30000305175781,0.036601347081801405,0.019860678637497964,0.01674066844430344,FOREIGN_FLIP_SELL,5,15881619.0,83000.0,0.09445492577857073,2508527081.7992363
2313,2025-09-10,2025-09-11,2025-09-17,77.80000305175781,75.0999984741211,-0.034704427657162085,0.008825412975727254,-0.04352984063288934,FOREIGN_FLIP_SELL,5,11336620.0,657000.0,0.011331597410775274,3317531526.4561768
2313,2025-10-08,2025-10-09,2025-10-17,85.0,85.9000015258789,0.010588253245634283,1.6453742128330617e-05,0.010571799503505952,FOREIGN_FLIP_SELL,6,41875276.0,136000.0,0.10120609496812971,2086572772.2
2313,2025-10-22,2025-10-23,2025-10-23,90.5999984741211,88.69999694824219,-0.020971319623384166,0.0,-0.020971319623384166,FOREIGN_FLIP_SELL,1,5994448.0,310000.0,0.11200145535534634,3469712923.138383
2313,2025-10-29,2025-10-30,2025-11-05,87.5999984741211,84.4000015258789,-0.03652964616417809,-0.020166793077365797,-0.01636285308681229,FOREIGN_FLIP_SELL,5,7944986.0,9000.0,0.039303921596724356,3362738166.7190614
2313,2025-11-27,2025-11-28,2025-11-28,85.5999984741211,83.30000305175781,-0.02686910588040048,0.0,-0.02686910588040048,FOREIGN_FLIP_SELL,1,4950730.0,46000.0,0.03657798636730414,1200559686.812137
2313,2025-12-11,2025-12-12,2025-12-12,84.0,85.4000015258789,0.01666668483189171,0.0,0.01666668483189171,FOREIGN_FLIP_SELL,1,3736861.0,15000.0,0.01405008690495535,823206752.95
2313,2026-01-07,2026-01-08,2026-01-08,111.0,105.0,-0.05405405405405406,0.0,-0.05405405405405406,FOREIGN_FLIP_SELL,1,24364514.0,3873000.0,0.17923268972077455,6485902320.3
2313,2026-02-23,2026-02-24,2026-02-24,209.0,225.5,0.07894736842105265,0.0,0.07894736842105265,FOREIGN_FLIP_SELL,1,26244048.0,1064000.0,0.20093731693028705,18631425953.25
2313,2026-03-17,2026-03-18,2026-03-18,243.5,230.0,-0.05544147843942504,0.0,-0.05544147843942504,FOREIGN_FLIP_SELL,1,14323518.0,994000.0,0.1611636185098808,21120489145.524998
2313,2026-03-27,2026-03-30,2026-03-30,269.0,263.0,-0.022304832713754608,0.0,-0.022304832713754608,FOREIGN_FLIP_SELL,1,55996589.0,2814163.0,0.23810615613894304,25728939090.0
2316,2024-08-16,2024-08-19,2024-08-19,49.7436363459115,49.04999923706055,-0.013944238093642314,0.0,-0.013944238093642314,FOREIGN_FLIP_SELL,1,794000.0,3000.0,0.012362049105979489,141406906.27056274
2316,2026-02-25,2026-02-26,2026-03-02,107.5,106.5,-0.009302325581395321,-0.00901886354995296,-0.0002834620314423608,FOREIGN_FLIP_SELL,2,1998016.0,38000.0,0.05042016478209854,337058365.75
2317,2024-01-02,2024-01-03,2024-01-05,98.31683349609376,97.84642028808594,-0.0047846659750948595,-0.002287670792527119,-0.0024969951825677406,FOREIGN_FLIP_SELL,3,25641849.0,3206000.0,0.023641215305200802,2387010660.1098623
2317,2024-01-25,2024-01-26,2024-02-02,95.96475755645008,95.96475982666016,2.3656706149566276e-08,0.0036065732127632533,-0.0036065495560571037,FOREIGN_FLIP_SELL,6,14838504.0,113447.0,0.003986446929712839,2269573349.8107944
2317,2024-03-13,2024-03-14,2024-03-18,113.84054565429688,127.95301055908205,0.12396694713358913,-0.0029125562108556213,0.12687950334444476,FOREIGN_FLIP_SELL,3,75024661.0,27303787.0,0.1405584938378457,8366449757.188854
2317,2024-03-21,2024-03-22,2024-03-25,135.47965326997422,136.89089965820312,0.01041666666666674,-0.0017885564059555437,0.012205223072622284,FOREIGN_FLIP_SELL,2,35058741.0,2965122.0,0.23644248032488702,18159688793.871746
2317,2024-03-28,2024-03-29,2024-03-29,147.71045888768563,142.535888671875,-0.03503184713375784,0.0,-0.03503184713375784,FOREIGN_FLIP_SELL,1,54080743.0,7291310.0,0.2314394243970299,25529446006.753128
2317,2024-04-24,2024-04-25,2024-04-25,143.9471350943688,142.535888671875,-0.009803921568627416,0.0,-0.009803921568627416,FOREIGN_FLIP_SELL,1,26594961.0,1921801.0,0.038442302538526985,18867689109.165974
2317,2024-05-06,2024-05-07,2024-05-07,159.47085571289062,159.47085571289062,0.0,0.0,0.0,FOREIGN_FLIP_SELL,1,62833950.0,1929935.0,0.10306225936984492,17466268631.221554
2317,2024-05-16,2024-05-17,2024-05-17,162.76374637379365,159.94125366210938,-0.01734104046242768,0.0,-0.01734104046242768,FOREIGN_FLIP_SELL,1,21044847.0,32999.0,0.07355240995195977,17211907609.177883
2317,2024-05-27,2024-05-28,2024-05-28,174.52413940429688,174.52413940429688,0.0,0.0,0.0,FOREIGN_FLIP_SELL,1,55304560.0,1850009.0,0.10086283427733589,16693769711.9376
2317,2024-06-11,2024-06-12,2024-06-17,173.11289908854167,188.1661834716797,0.08695645710051192,0.020298841321533256,0.06665761577897866,FOREIGN_FLIP_SELL,4,34637190.0,469185.0,0.0333476895073348,16112425331.913431
2317,2024-09-24,2024-09-25,2024-09-26,179.96407231095617,182.8589324951172,0.01608576727003075,0.004270830660774827,0.011814936609255922,FOREIGN_FLIP_SELL,2,14644896.0,1796155.0,0.025353705886046463,10025005373.796312
2317,2024-10-28,2024-10-29,2024-10-29,205.5353771564784,202.1580352783203,-0.016431924882629123,0.0,-0.016431924882629123,FOREIGN_FLIP_SELL,1,24643515.0,977546.0,0.061597366287809985,15306829441.588303
2317,2024-11-08,2024-11-11,2024-11-12,211.8075769251043,206.5003204345703,-0.02505697184010869,-0.023284295008224376,-0.0017726768318843122,FOREIGN_FLIP_SELL,2,29260908.0,601920.0,0.03403293860243539,15263838724.268959
2317,2025-04-29,2025-04-30,2025-04-30,137.98853940930047,136.54110717773438,-0.010489510489510523,0.0,-0.010489510489510523,FOREIGN_FLIP_SELL,1,15862735.0,1854632.0,0.044558110038333654,13831739355.960434
2317,2025-05-09,2025-05-12,2025-05-13,143.77825778138404,152.46286010742188,0.06040275115339644,0.009493892029855955,0.050908859123540484,FOREIGN_FLIP_SELL,2,9900879.0,183283.0,0.04906336382952703,9780773765.920256
2317,2025-06-13,2025-06-16,2025-06-17,150.53294795866935,149.5679931640625,-0.0064102564102563875,0.007332888142830063,-0.01374314455308645,FOREIGN_FLIP_SELL,2,10718329.0,94050.0,0.013108928930376074,5477667504.153951
2317,2025-07-24,2025-07-25,2025-07-29,175.5,171.5,-0.022792022792022748,-0.006970496205537247,-0.0158215265864855,FOREIGN_FLIP_SELL,3,82325234.0,923000.0,0.07150270443398687,7427950127.7
2317,2025-08-07,2025-08-08,2025-08-27,197.0,208.0,0.055837563451776706,0.020758304512970005,0.0350792589388067,FOREIGN_FLIP_SELL,14,67118425.0,2489888.0,0.1367621274108708,8966239551.0
2317,2025-09-09,2025-09-10,2025-09-26,211.0,219.5,0.04028436018957349,0.015390655393303643,0.024893704796269844,FOREIGN_FLIP_SELL,13,51393509.0,724896.0,0.016533986527862865,12872353696.25
2317,2025-10-22,2025-10-23,2025-10-23,240.0,239.0,-0.004166666666666652,0.0,-0.004166666666666652,FOREIGN_FLIP_SELL,1,58866429.0,1562567.0,0.08586141273928138,21297304055.625
2317,2025-10-29,2025-10-30,2025-10-30,262.5,262.0,-0.0019047619047618536,0.0,-0.0019047619047618536,FOREIGN_FLIP_SELL,1,37757755.0,893697.0,0.13735783027121617,22775803882.0
2317,2026-02-11,2026-02-23,2026-02-26,229.5,243.0,0.05882352941176472,0.04859544145210104,0.010228087959663679,FOREIGN_FLIP_SELL,4,56438433.0,1784000.0,0.019880939009322862,11359022410.099998
2323,2024-07-05,2024-07-08,2024-07-09,13.59356633893373,12.40945816040039,-0.08710798542556863,0.0009183997563149138,-0.08802638518188355,FOREIGN_FLIP_SELL,2,25682466.0,5000.0,0.111547467428456,264424667.77308118
2324,2024-03-21,2024-03-22,2024-03-22,35.583835415964195,36.00301742553711,0.011780124449003448,0.0,0.011780124449003448,FOREIGN_FLIP_SELL,1,14318440.0,6139.0,0.03776775248671238,1507831196.698683
2324,2024-04-11,2024-04-12,2024-04-12,35.388492924180426,35.00383758544922,-0.010869503246587198,0.0,-0.010869503246587198,FOREIGN_FLIP_SELL,1,10572581.0,351000.0,0.00954712856598805,973063971.7006531
2324,2024-05-13,2024-05-14,2024-05-17,35.86931508629802,35.67698287963867,-0.005362026183009627,0.012990710351236556,-0.018352736534246183,FOREIGN_FLIP_SELL,4,15286421.0,45328.0,0.02398651406591279,659086939.4979515
2324,2024-08-22,2024-08-23,2024-08-23,31.926575785670867,31.58999824523925,-0.010542237372749397,0.0,-0.010542237372749397,FOREIGN_FLIP_SELL,1,7259128.0,389628.0,0.052047853824659596,632587410.8469849
2324,2024-09-16,2024-09-18,2024-09-18,32.88822034110587,32.02273941040039,-0.0263158335029684,0.0,-0.0263158335029684,FOREIGN_FLIP_SELL,1,7032288.0,1500056.0,0.032736110845278166,405808902.2831497
2324,2024-09-27,2024-09-30,2024-09-30,32.3112318311755,32.02273941040039,-0.008928549127512841,0.0,-0.008928549127512841,FOREIGN_FLIP_SELL,1,4873345.0,8484.0,0.00827692458504714,379748235.21503067
2324,2024-10-21,2024-10-22,2024-10-29,34.76342671978333,34.619178771972656,-0.0041494168274437415,-0.025869077039768817,0.021719660212325076,FOREIGN_FLIP_SELL,6,20565538.0,790455.0,0.04902749772088888,502317479.5817356
2324,2024-11-04,2024-11-05,2024-11-15,34.667260037131726,36.061641693115234,0.040221859313080977,-0.015753791245741167,0.05597565055882214,FOREIGN_FLIP_SELL,9,2462063.0,1302000.0,0.01879326400644077,473983503.02304417
2324,2025-02-14,2025-02-17,2025-02-17,37.21561550131156,36.78287506103516,-0.011627926461706517,0.0,-0.011627926461706517,FOREIGN_FLIP_SELL,1,8817019.0,40000.0,0.039083543779115715,457869835.5913252
2324,2025-02-26,2025-02-27,2025-02-27,38.08109333505405,37.3117790222168,-0.020202001714301865,0.0,-0.020202001714301865,FOREIGN_FLIP_SELL,1,10315585.0,29339.0,0.03959095635480603,449211188.3010721
2324,2025-06-25,2025-06-26,2025-06-26,28.299999237060547,28.0,-0.01060068004057324,0.0,-0.01060068004057324,FOREIGN_FLIP_SELL,1,14342207.0,519562.0,0.0027460075758287683,1030305979.6339895
2324,2025-12-29,2025-12-30,2026-01-06,30.64999961853028,30.799999237060547,0.00489395172584528,0.06511169406066153,-0.06021774233481625,FOREIGN_FLIP_SELL,5,20091097.0,1463731.0,0.015364050008795926,588260688.9383012
2324,2026-03-09,2026-03-10,2026-03-12,31.700000762939453,32.650001525878906,0.029968477604899624,0.024715960798603165,0.005252516806296459,FOREIGN_FLIP_SELL,3,10377270.0,6710000.0,0.009189081792739806,1211783411.132703
2327,2024-03-12,2024-03-13,2024-03-18,91.58841031155602,91.74496459960938,0.0017093242203987113,-0.002441735825823521,0.0041510600462222325,FOREIGN_FLIP_SELL,4,341749.0,101496.0,0.04275669299735463,970744781.1689448
2327,2024-04-24,2024-04-25,2024-04-30,97.0680583156404,97.85086059570312,0.008064468308588646,0.02715255504598746,-0.019088086737398813,FOREIGN_FLIP_SELL,4,2706818.0,38000.0,0.03413988068566631,1421295613.1590042
2327,2024-05-24,2024-05-27,2024-05-30,103.1739542148377,102.86082458496094,-0.0030349678100418664,-0.0201473906551064,0.017112422845064534,FOREIGN_FLIP_SELL,4,698753.0,76000.0,0.01822166746028464,1354819585.1058962
2327,2024-06-07,2024-06-11,2024-06-11,105.83549190030556,104.26988220214844,-0.014792860788438333,0.0,-0.014792860788438333,FOREIGN_FLIP_SELL,1,1032173.0,154000.0,0.03764916591176748,1163940112.8838487
2327,2024-06-14,2024-06-17,2024-06-19,108.96671847011912,112.25450897216795,0.03017242831764655,0.031694211858895205,-0.0015217835412486558,FOREIGN_FLIP_SELL,3,2404498.0,98000.0,0.05207464480052315,1254719778.5166738
2327,2024-07-31,2024-08-01,2024-08-05,138.8477191410481,116.98882293701172,-0.15743071862657732,-0.12415892512176785,-0.033271793504809466,FOREIGN_FLIP_SELL,3,1585210.0,271515.0,0.04299725938099175,2192945531.014576
2327,2024-09-25,2024-09-26,2024-09-26,137.90203913589198,136.23049926757812,-0.0121212121212122,0.0,-0.0121212121212122,FOREIGN_FLIP_SELL,1,926874.0,42514.0,0.044449866260314996,1199298990.210022
2327,2025-02-19,2025-02-20,2025-02-21,123.0671154374836,124.94760131835938,0.01528016541373356,0.010336965036197743,0.004943200377535817,FOREIGN_FLIP_SELL,2,904900.0,3000.0,0.060388221420810906,1489863030.0453494
2327,2025-05-16,2025-05-19,2025-05-19,103.63546854654948,100.29238891601562,-0.032258064516129004,0.0,-0.032258064516129004,FOREIGN_FLIP_SELL,1,1039102.0,17066.0,0.07617504831984179,935722059.2890183
2327,2025-06-24,2025-06-25,2025-06-30,119.75,121.25,0.012526096033402823,-0.007783553305715785,0.020309649339118607,FOREIGN_FLIP_SELL,4,2647942.0,178991.0,0.09163732871692631,1390487060.45
2327,2025-07-03,2025-07-04,2025-07-24,125.5,133.25,0.06175298804780871,0.036643994622463705,0.025108993425345005,FOREIGN_FLIP_SELL,15,2096247.0,52558.0,0.08239525802939651,1452705964.875
2327,2025-10-07,2025-10-08,2025-10-08,184.5,185.5,0.005420054200542035,0.0,0.005420054200542035,FOREIGN_FLIP_SELL,1,8564514.0,381000.0,0.14012050054070757,8948787033.375
2327,2025-10-21,2025-10-22,2025-10-27,206.5,248.5,0.20338983050847448,0.01246778629526113,0.19092204421321335,FOREIGN_FLIP_SELL,3,20415417.0,4217000.0,0.14749510215505168,12097645012.5
2327,2026-01-06,2026-01-07,2026-01-08,257.0,237.5,-0.07587548638132291,-0.002461598922053443,-0.07341388745926947,FOREIGN_FLIP_SELL,2,30904063.0,1186969.0,0.09669046073977938,6763989477.375
2327,2026-01-13,2026-01-14,2026-01-14,268.0,278.5,0.03917910447761197,0.0,0.03917910447761197,FOREIGN_FLIP_SELL,1,32965500.0,1389598.0,0.11622924477771823,7973698918.45
2327,2026-02-24,2026-02-25,2026-02-25,306.0,300.0,-0.019607843137254943,0.0,-0.019607843137254943,FOREIGN_FLIP_SELL,1,52158512.0,2175406.0,0.09206349206349196,11661993138.25
2328,2024-06-28,2024-07-01,2024-07-08,37.909834161198766,38.05058288574219,0.00371272329878658,0.035543403906559856,-0.031830680607773276,FOREIGN_FLIP_SELL,6,2503084.0,2000.0,0.006407780747541336,480570873.64098984
2328,2024-09-25,2024-09-26,2024-09-30,34.7491518173678,34.31113815307617,-0.012605017428733656,-0.027747352954972992,0.015142335526239337,FOREIGN_FLIP_SELL,3,439975.0,2000.0,0.022217878873281194,40946807.0599863
2328,2024-11-19,2024-11-20,2024-11-20,37.717918395996094,37.717918395996094,0.0,0.0,0.0,FOREIGN_FLIP_SELL,1,3785000.0,194000.0,0.04470710970836422,333822709.3688021
2328,2025-02-12,2025-02-13,2025-02-13,40.19999806499701,39.85932159423828,-0.008474539481517107,0.0,-0.008474539481517107,FOREIGN_FLIP_SELL,1,2629954.0,4000.0,0.027883366782188723,184461153.7071865
2328,2025-02-18,2025-02-19,2025-02-21,40.2973369491572,40.15133285522461,-0.003623169792008829,0.005345259016975135,-0.008968428808983964,FOREIGN_FLIP_SELL,3,898772.0,8000.0,0.03971294173951412,183186276.67352754
2329,2024-06-19,2024-06-20,2024-06-21,58.00397808582983,60.01402282714844,0.03465356700784028,-0.006524324296809936,0.041177891304650216,FOREIGN_FLIP_SELL,2,1304781.0,1000.0,8.280674841376623e-05,421193292.4675428
2329,2025-03-17,2025-03-18,2025-03-18,38.2655544924067,37.77747344970703,-0.012755101792567003,0.0,-0.012755101792567003,FOREIGN_FLIP_SELL,1,3052000.0,1000.0,0.03588848028272884,217616697.66386184
2329,2026-01-09,2026-01-12,2026-01-12,59.59999847412109,59.900001525878906,0.005033608379840571,0.0,0.005033608379840571,FOREIGN_FLIP_SELL,1,5145605.0,14000.0,0.07970603268674425,1539673529.9145167
2329,2026-01-20,2026-01-21,2026-01-21,70.0,63.79999923706055,-0.08857143947056356,0.0,-0.08857143947056356,FOREIGN_FLIP_SELL,1,16921038.0,712000.0,0.21417406583418686,2251382859.7564597
2330,2024-01-02,2024-01-03,2024-01-03,569.1911156466263,563.34326171875,-0.010273972602739656,0.0,-0.010273972602739656,FOREIGN_FLIP_SELL,1,27179645.0,759315.0,0.022133836232166137,15510605214.587515
2330,2024-01-26,2024-01-29,2024-01-31,629.6188917748722,612.0753173828125,-0.027863799230364528,-0.01269729578298573,-0.015166503447378799,FOREIGN_FLIP_SELL,3,60543772.0,441115.0,0.07593353531244307,22420122108.43408
2330,2024-04-02,2024-04-03,2024-04-03,766.7083930382362,763.7708129882812,-0.003831417624521105,0.0,-0.003831417624521105,FOREIGN_FLIP_SELL,1,20451503.0,14468.0,0.02587384217227995,32682120097.968018
2330,2024-05-07,2024-05-08,2024-05-09,777.4795026898087,779.4378662109375,0.002518861930576488,-0.006750569718193655,0.009269431648770143,FOREIGN_FLIP_SELL,2,40100705.0,22100.0,0.01432740443183933,32069535989.12948
2330,2024-05-17,2024-05-20,2024-05-20,816.6472714726797,817.62646484375,0.0011990407673860837,0.0,0.0011990407673860837,FOREIGN_FLIP_SELL,1,22352664.0,117392.0,0.053029872414223966,30788636841.300877
2330,2024-08-14,2024-08-15,2024-08-21,928.9140758332368,941.6928100585938,0.013756637516655568,0.015652799423246044,-0.0018961619065904767,FOREIGN_FLIP_SELL,5,22212895.0,645629.0,0.005462177794456791,56552484820.721375
2330,2024-09-16,2024-09-18,2024-09-18,933.0565624662718,929.1071166992188,-0.004232804232804255,0.0,-0.004232804232804255,FOREIGN_FLIP_SELL,1,29250306.0,372315.0,0.016175070502270517,29295994111.726955
2330,2024-09-23,2024-09-24,2024-09-30,963.6647808225684,944.9049072265624,-0.0194672192751435,-0.009238689077324835,-0.010228530197818664,FOREIGN_FLIP_SELL,5,28879573.0,71000.0,0.04628898307690976,31673677087.73771
2330,2024-10-07,2024-10-08,2024-10-14,987.361492496906,1031.792724609375,0.04499996450145982,0.016093589445032253,0.02890637505642757,FOREIGN_FLIP_SELL,4,15532122.0,732000.0,0.05197516229779309,33037034271.742996
2330,2024-10-28,2024-10-29,2024-10-29,1021.9191495455228,1026.85595703125,0.004830917874396157,0.0,0.004830917874396157,FOREIGN_FLIP_SELL,1,14994741.0,398556.0,0.015670278153817385,43801791342.621925
2330,2024-12-04,2024-12-05,2024-12-06,1056.4767668968022,1051.5399169921875,-0.004672937502559371,-0.003209133409747267,-0.0014638040928121043,FOREIGN_FLIP_SELL,2,31808201.0,51821.0,0.032021623156203605,39173640731.88391
2330,2024-12-25,2024-12-26,2024-12-31,1075.4031982421875,1065.4915771484375,-0.009216655771482896,-0.009112590677889165,-0.0001040650935937304,FOREIGN_FLIP_SELL,4,27612509.0,50500.0,0.025235653151504556,34957556800.93885
2330,2025-01-21,2025-01-22,2025-02-03,1129.9167125550662,1060.535888671875,-0.06140348497572112,-0.035310722033439546,-0.026092762942281578,FOREIGN_FLIP_SELL,2,19877874.0,344302.0,0.022831079091649054,38804814341.585396
2330,2025-04-25,2025-04-28,2025-05-06,894.2056134924575,916.1126708984376,0.02449890391586651,0.0243670606567723,0.0001318432590942109,FOREIGN_FLIP_SELL,6,33214134.0,806293.0,0.016192698640004055,38208225956.656586
2330,2025-05-13,2025-05-14,2025-05-19,985.8168978304476,979.8422241210938,-0.0060606322761384,-0.01189187066348818,0.00583123838734978,FOREIGN_FLIP_SELL,4,25836452.0,267634.0,0.08020736546621587,31698628304.90999
2330,2025-05-23,2025-05-26,2025-05-27,970.88026296897,960.9224853515624,-0.010256442526657694,-0.009287980727548772,-0.0009684617991089217,FOREIGN_FLIP_SELL,2,14292124.0,18300.0,0.03404790321120932,29550964779.864212
2330,2025-06-06,2025-06-09,2025-06-16,1000.7534790039062,1025.0,0.024228265506733404,0.011914083717768476,0.012314181788964929,FOREIGN_FLIP_SELL,6,26654794.0,237750.0,0.01858014859254742,26931684615.370773
2330,2025-06-26,2025-06-27,2025-06-30,1070.0,1060.0,-0.009345794392523366,-0.014351611940869091,0.005005817548345726,FOREIGN_FLIP_SELL,2,53906268.0,18419.0,0.05246996106193391,34989917645.0
2330,2025-07-04,2025-07-07,2025-07-07,1080.0,1080.0,0.0,0.0,0.0,FOREIGN_FLIP_SELL,1,6007384.0,80482.0,0.028833999660611953,35684524095.5
2330,2025-07-16,2025-07-17,2025-07-17,1130.0,1130.0,0.0,0.0,0.0,FOREIGN_FLIP_SELL,1,22422818.0,127681.0,0.04750869061413665,35600867751.0
2330,2025-09-08,2025-09-09,2025-09-15,1190.2390365600586,1250.0,0.050209211430888745,0.020196211617108162,0.030012999813780583,FOREIGN_FLIP_SELL,5,31140044.0,30943.0,0.005590419841724925,30820644154.00117
2330,2025-09-23,2025-09-24,2025-09-24,1350.0,1340.0,-0.007407407407407418,0.0,-0.007407407407407418,FOREIGN_FLIP_SELL,1,16870815.0,41664.0,0.09855527803767905,36818041536.0
2330,2025-10-02,2025-10-03,2025-10-07,1365.0,1435.0,0.05128205128205132,0.01684868471805201,0.03443336656399931,FOREIGN_FLIP_SELL,2,16045684.0,2297.0,0.07668194917593008,42927204479.25
2330,2025-12-04,2025-12-05,2025-12-09,1440.1993696656946,1475.0831298828125,0.024221479992186934,0.0072088121524902515,0.017012667839696682,FOREIGN_FLIP_SELL,3,11175078.0,327000.0,0.0073196121346066345,43260750285.4411
2330,2025-12-23,2025-12-24,2025-12-24,1495.0,1495.0,0.0,0.0,0.0,FOREIGN_FLIP_SELL,1,13890088.0,250000.0,0.026988528000806644,38346365318.5
2331,2024-07-05,2024-07-08,2024-07-08,33.6513992719376,32.790992736816406,-0.02556822461283803,0.0,-0.02556822461283803,FOREIGN_FLIP_SELL,1,6252000.0,1000.0,0.047190954264591634,252531120.57478312
2332,2024-09-18,2024-09-19,2024-09-24,19.182315959866354,19.281707763671875,0.0051814287708256135,0.017651650202549884,-0.012470221431724271,FOREIGN_FLIP_SELL,4,4739000.0,2000.0,0.026875287507915013,45453710.41684629
2332,2024-10-29,2024-10-30,2024-11-04,19.480488912034136,19.331403732299805,-0.0076530512353945035,0.006352243997377549,-0.014005295232772053,FOREIGN_FLIP_SELL,3,1945000.0,2000.0,0.002850448367988312,60338216.67118864
2332,2024-11-26,2024-11-27,2024-11-28,22.66097405139296,21.21981811523437,-0.06359638084798036,-0.0016064141835966383,-0.06198996666438372,FOREIGN_FLIP_SELL,2,2864750.0,900000.0,0.09376924769328632,190510277.1768362
2337,2024-07-18,2024-07-19,2024-07-19,27.600000381469727,26.350000381469727,-0.045289854446496025,0.0,-0.045289854446496025,FOREIGN_FLIP_SELL,1,5516700.0,65000.0,0.01719855193347941,611679660.738539
2337,2024-08-12,2024-08-13,2024-08-16,27.850000381469727,27.799999237060547,-0.0017953732037450099,0.025359942307437322,-0.027155315511182332,FOREIGN_FLIP_SELL,4,8118030.0,5000.0,0.011174222412762003,954120401.8672479
2337,2025-05-06,2025-05-07,2025-05-08,20.450000762939453,20.200000762939453,-0.01222493841922312,-0.00015038304424519477,-0.012074555374977924,FOREIGN_FLIP_SELL,2,11486868.0,21000.0,0.05195798808569574,361226907.3815867
2337,2025-05-16,2025-05-19,2025-05-23,21.39999961853028,21.100000381469727,-0.014018656187301248,0.005965952889606996,-0.019984609076908244,FOREIGN_FLIP_SELL,5,6477552.0,1000.0,0.04979149760116908,283537065.06575674
2337,2025-10-28,2025-10-29,2025-10-30,38.0,34.650001525878906,-0.0881578545821341,-0.0002548508111497316,-0.08790300377098437,FOREIGN_FLIP_SELL,2,98374260.0,5301000.0,0.3262985823064348,2957054759.4119773
2337,2026-01-02,2026-01-05,2026-01-05,47.650001525878906,47.650001525878906,0.0,0.0,0.0,FOREIGN_FLIP_SELL,1,60675183.0,55000.0,0.14462994984472655,5485850823.230744
2337,2026-01-13,2026-01-14,2026-01-19,60.0,73.69999694824219,0.22833328247070317,0.02254265208644446,0.2057906303842587,FOREIGN_FLIP_SELL,4,33204402.0,75000.0,0.34660034837695974,11541015132.7757
2337,2026-03-30,2026-03-31,2026-04-01,120.5,127.0,0.053941908713692976,0.045765864674125245,0.008176044039567731,FOREIGN_FLIP_SELL,2,18575095.0,3000.0,0.05754533945857476,15154125203.2
2338,2024-06-24,2024-06-25,2024-06-26,76.87259412620406,74.82135772705078,-0.02668358499500756,0.004839958550256096,-0.031523543545263655,FOREIGN_FLIP_SELL,2,1879397.0,1000.0,0.06284782931963928,296810971.42720944
2338,2024-07-05,2024-07-08,2024-07-08,79.90062262331192,78.04473876953125,-0.023227401650299462,0.0,-0.023227401650299462,FOREIGN_FLIP_SELL,1,2357970.0,8000.0,0.06299212618603023,357367252.925058
2338,2024-08-30,2024-09-02,2024-09-02,63.79999923706055,63.29999923706055,-0.007836990689328416,0.0,-0.007836990689328416,FOREIGN_FLIP_SELL,1,422000.0,156000.0,0.02612976493908148,112837231.39637946
2344,2024-05-22,2024-05-23,2024-05-27,25.89999961853028,26.0,0.0038610186464316243,0.009086682062123375,-0.00522566341569175,FOREIGN_FLIP_SELL,3,5161377.0,7138.0,0.014421670061128378,498257044.7903037
2344,2024-07-05,2024-07-08,2024-07-09,26.100000381469727,25.549999237060547,-0.021072840473966625,0.0009183997563149138,-0.02199124023028154,FOREIGN_FLIP_SELL,2,13676272.0,9655.0,0.015597460090053916,904334943.600276
2344,2024-08-14,2024-08-15,2024-08-15,24.39999961853028,23.799999237060547,-0.024590179952874713,0.0,-0.024590179952874713,FOREIGN_FLIP_SELL,1,18405933.0,3654.0,0.024663941809081047,752199969.7941742
2344,2025-03-12,2025-03-13,2025-03-13,21.39999961853028,20.700000762939453,-0.032710227479849974,0.0,-0.032710227479849974,FOREIGN_FLIP_SELL,1,57884034.0,284014.0,0.13882862692690434,2949573418.05
2344,2025-06-05,2025-06-06,2025-06-13,18.100000381469727,18.450000762939453,0.019337037242719957,0.019034002635466285,0.0003030346072536716,FOREIGN_FLIP_SELL,6,26613376.0,60000.0,0.036952180592706885,1255273505.2457366
2344,2025-06-23,2025-06-24,2025-06-27,20.100000381469727,21.14999961853028,0.05223876702154451,0.017635970492872577,0.03460279652867193,FOREIGN_FLIP_SELL,4,24587483.0,159000.0,0.07162385566708118,1333583336.0351868
2344,2025-08-27,2025-08-28,2025-08-28,19.89999961853028,19.600000381469727,-0.01507533883474066,0.0,-0.01507533883474066,FOREIGN_FLIP_SELL,1,40942802.0,210000.0,0.09771304961189031,972534268.6760206
2344,2025-09-05,2025-09-08,2025-09-09,24.64999961853028,24.549999237060547,-0.004056810670072353,0.012538968205540568,-0.01659577887561292,FOREIGN_FLIP_SELL,2,81182535.0,228000.0,0.17970176142074124,1531055220.621947
2344,2025-09-18,2025-09-19,2025-09-30,34.0,34.04999923706055,0.0014705657958984375,0.009467762410636738,-0.0079971966147383,FOREIGN_FLIP_SELL,7,107679916.0,36569000.0,0.4078674603991548,7083352096.5982685
2344,2025-10-27,2025-10-28,2025-10-28,50.900001525878906,54.0,0.060903701005686095,0.0,0.060903701005686095,FOREIGN_FLIP_SELL,1,53057312.0,62793.0,0.24869675330987806,18158018207.155594
2344,2025-11-05,2025-11-06,2025-11-18,58.59999847412109,61.400001525878906,0.0477816232878292,-0.04098038169716334,0.08876200498499254,FOREIGN_FLIP_SELL,9,21924187.0,39000.0,0.17167067497873467,13355016760.4
2344,2025-12-05,2025-12-08,2025-12-10,63.5,67.5,0.06299212598425208,0.003425379022995223,0.059566746961256856,FOREIGN_FLIP_SELL,3,55723817.0,715000.0,0.042949953852978284,10708187677.124224
2344,2025-12-24,2025-12-26,2025-12-26,78.0,76.5,-0.019230769230769273,0.0,-0.019230769230769273,FOREIGN_FLIP_SELL,1,107162640.0,168000.0,0.14896162250695788,24609542540.94185
2344,2026-03-18,2026-03-19,2026-03-19,123.5,122.0,-0.012145748987854255,0.0,-0.012145748987854255,FOREIGN_FLIP_SELL,1,78443188.0,604000.0,0.13249281132492796,23711158163.2
2345,2024-05-22,2024-05-23,2024-05-30,489.67797803691786,508.0651245117188,0.03754946577036944,-0.011243781526247276,0.048793247296616715,FOREIGN_FLIP_SELL,6,385683.0,7261.0,0.09832859057088261,2143184454.9365602
2345,2024-06-04,2024-06-05,2024-06-05,513.8715518604625,510.9683227539063,-0.005649717514124242,0.0,-0.005649717514124242,FOREIGN_FLIP_SELL,1,1383300.0,130000.0,0.08058967835179076,2020303871.5797455
2345,2024-06-14,2024-06-17,2024-06-17,539.0329003096944,525.4844970703125,-0.025134649910233287,0.0,-0.025134649910233287,FOREIGN_FLIP_SELL,1,944378.0,182000.0,0.066001984205589,2195291476.185269
2345,2024-07-10,2024-07-11,2024-07-17,557.4200435229238,509.0328369140625,-0.08680564534969293,-0.02542879210294613,-0.0613768532467468,FOREIGN_FLIP_SELL,5,794338.0,89000.0,0.04384136742974798,1309402277.6683533
2345,2024-09-16,2024-09-18,2024-09-18,538.9507297508547,514.2734985351562,-0.04578754578754585,0.0,-0.04578754578754585,FOREIGN_FLIP_SELL,1,1346179.0,1013926.0,0.0614174363102602,1193304946.740216
2345,2024-09-23,2024-09-24,2024-09-27,542.899077182945,535.0023803710938,-0.01454542316193741,0.017431063334305996,-0.031976486496243406,FOREIGN_FLIP_SELL,4,1242578.0,444000.0,0.058434364738674915,1311248788.5548432
2345,2024-10-22,2024-10-23,2024-10-23,572.5117209105365,557.7053833007812,-0.025862068965517238,0.0,-0.025862068965517238,FOREIGN_FLIP_SELL,1,2551731.0,151500.0,0.07780023596061314,2258150424.2403474
2345,2024-11-20,2024-11-21,2024-11-21,608.0469618055556,621.8662109375,0.022727272727272707,0.0,0.022727272727272707,FOREIGN_FLIP_SELL,1,450492.0,229569.0,0.08047371464300057,2648523934.5227237
2345,2025-02-07,2025-02-10,2025-02-10,770.916700754734,745.2523803710938,-0.033290653008962834,0.0,-0.033290653008962834,FOREIGN_FLIP_SELL,1,2468604.0,83800.0,0.03843834999121287,4398849418.078699
2345,2025-05-07,2025-05-08,2025-06-03,638.646699881848,714.652587890625,0.11901085220175478,0.02840470836275455,0.09060614383900023,FOREIGN_FLIP_SELL,18,751923.0,7854.0,0.1620317217120637,3389381625.005554
2345,2025-06-13,2025-06-16,2025-06-23,779.8005011242257,704.7816772460938,-0.09620258485340605,-0.01441643062977982,-0.08178615422362623,FOREIGN_FLIP_SELL,6,1393064.0,46500.0,0.07586390642411667,3384530229.475525
2345,2025-07-01,2025-07-02,2025-07-07,753.1490875085195,728.4718627929688,-0.03276539150725799,-0.006600285489294255,-0.026165106017963735,FOREIGN_FLIP_SELL,4,1716290.0,411334.0,0.02066748440207067,3525293819.8320556
2345,2025-08-13,2025-08-14,2025-08-18,1055.0,1080.0,0.023696682464454888,0.010084120694860976,0.013612561769593912,FOREIGN_FLIP_SELL,3,967195.0,211000.0,0.2075688878183959,5393446894.0
2345,2025-11-03,2025-11-04,2025-11-05,1145.0,1045.0,-0.0873362445414847,-0.014208708043573326,-0.07312753649791137,FOREIGN_FLIP_SELL,2,1578909.0,156044.0,0.06630957694787476,5477641913.75
2345,2025-11-26,2025-11-27,2025-11-28,1025.0,1025.0,0.0,0.00261122848805706,-0.00261122848805706,FOREIGN_FLIP_SELL,2,1008188.0,206108.0,0.0017046024265516824,6065032546.35
2345,2025-12-11,2025-12-12,2025-12-12,1160.0,1155.0,-0.004310344827586188,0.0,-0.004310344827586188,FOREIGN_FLIP_SELL,1,9056161.0,776627.0,0.14421089772669982,7293486392.0
2345,2026-02-10,2026-02-11,2026-02-23,1355.0,1400.0,0.03321033210332103,0.004985782968901065,0.028224549134419963,FOREIGN_FLIP_SELL,2,3873893.0,885041.0,0.16855821773854562,6569099064.5
2347,2024-01-12,2024-01-15,2024-01-16,63.7109292329468,63.98397445678711,0.004285688925395714,-0.011395293752028635,0.01568098267742435,FOREIGN_FLIP_SELL,2,1119460.0,1051777.0,0.001006733316458952,219432842.2340393
2347,2024-01-26,2024-01-29,2024-02-02,65.80429330996941,65.80429077148438,-3.85762829457903e-08,-0.0032948337821192553,0.0032947952058363095,FOREIGN_FLIP_SELL,5,2811379.0,70776.0,0.03274382841193613,210298536.78483504
2347,2024-02-22,2024-02-23,2024-03-01,69.44491380590112,69.80897521972656,0.00524244892639647,0.0024744436224217736,0.0027680053039746966,FOREIGN_FLIP_SELL,5,4704554.0,550690.0,0.0503131251059028,219458232.72795373
2347,2024-03-07,2024-03-08,2024-03-12,68.98984005596371,68.53475189208984,-0.006596451934150038,0.006531633893657851,-0.01312808582780789,FOREIGN_FLIP_SELL,3,4494104.0,407883.0,0.015567624710070449,248305501.78550148
2347,2024-05-02,2024-05-03,2024-05-08,74.54178395978747,74.26873016357422,-0.0036630971477762397,0.01820873687353508,-0.02187183402131132,FOREIGN_FLIP_SELL,4,3414071.0,1747000.0,0.051409460218781344,425202358.95283586
2347,2024-11-13,2024-11-14,2024-11-14,69.45934765116425,69.36497497558594,-0.0013586749482915605,0.0,-0.0013586749482915605,FOREIGN_FLIP_SELL,1,2037438.0,243194.0,0.023294523839240577,203414072.0162201
2347,2024-12-09,2024-12-10,2024-12-11,71.25245712898874,69.83684539794922,-0.019867549668874274,-0.00957614927178041,-0.010291400397093864,FOREIGN_FLIP_SELL,2,6024676.0,182132.0,0.011288474923794478,510457335.6671013
2347,2025-03-20,2025-03-21,2025-03-28,70.02559661865234,70.40309143066406,0.005390811792257866,-0.027295522782882387,0.03268633457514025,FOREIGN_FLIP_SELL,6,2263729.0,44436.0,0.050701570595505396,236792562.3011841
2347,2025-05-06,2025-05-07,2025-05-08,68.98748193672884,68.13811492919922,-0.012311900415623356,-0.00015038304424519477,-0.012161517371378161,FOREIGN_FLIP_SELL,2,2463714.0,501928.0,0.056466248187338586,367510454.8857056
2347,2025-07-15,2025-07-16,2025-07-24,66.9000015258789,68.69999694824219,0.026905760557673464,0.014357137014730847,0.012548623542942616,FOREIGN_FLIP_SELL,7,1041754.0,353000.0,0.023203343766121876,597271496.3017204
2347,2025-11-26,2025-11-27,2025-12-01,62.20000076293945,60.70000076293945,-0.024115755331208022,-0.007693834930580512,-0.01642192040062751,FOREIGN_FLIP_SELL,3,2280370.0,207000.0,0.058723417241522746,786026538.0313287
2347,2026-02-11,2026-02-23,2026-03-02,70.0,70.30000305175781,0.004285757882254382,0.03913830224654191,-0.03485254436428753,FOREIGN_FLIP_SELL,5,3892357.0,65000.0,0.0373725533253062,339484648.5395782
2347,2026-03-23,2026-03-24,2026-03-27,79.4000015258789,79.80000305175781,0.005037802496118848,0.015342386962046373,-0.010304584465927524,FOREIGN_FLIP_SELL,4,7303328.0,6987.0,0.06670360540071929,505279994.45
2348,2024-04-23,2024-04-24,2024-04-24,130.78626093654017,126.66700744628906,-0.031496071993753594,0.0,-0.031496071993753594,FOREIGN_FLIP_SELL,1,1078991.0,32000.0,0.19547662048171754,257020986.33870623
2348,2024-05-03,2024-05-06,2024-05-07,137.99495852839425,136.62188720703125,-0.00995015568688673,0.006344919339527744,-0.016295075026414474,FOREIGN_FLIP_SELL,2,330000.0,1000.0,0.10844058623893904,338437173.121936
2348,2024-05-31,2024-06-03,2024-06-03,167.859548084554,160.99412536621094,-0.04089980460858167,0.0,-0.04089980460858167,FOREIGN_FLIP_SELL,1,2043717.0,60000.0,0.17918798760551358,615469354.7877433
2348,2024-07-03,2024-07-04,2024-07-05,170.26243080580548,171.63552856445312,0.008064596236228683,0.0014479967883183065,0.006616599447910376,FOREIGN_FLIP_SELL,2,1571909.0,279000.0,0.039016058770400486,438236999.9183288
2348,2025-02-24,2025-02-25,2025-02-25,176.21738866432426,177.13043212890625,0.005181347150259086,0.0,0.005181347150259086,FOREIGN_FLIP_SELL,1,165238.0,191000.0,0.06817556360227872,160346546.38854066
2348,2025-10-27,2025-10-28,2025-10-28,87.5999984741211,84.9000015258789,-0.03082188350767867,0.0,-0.03082188350767867,FOREIGN_FLIP_SELL,1,330741.0,2000.0,0.004271029786699909,48076195.65
2351,2024-04-15,2024-04-16,2024-04-16,97.0796550403942,93.76473999023438,-0.034146341463414887,0.0,-0.034146341463414887,FOREIGN_FLIP_SELL,1,275000.0,85000.0,0.03180995138373888,61168533.75766906
2351,2024-04-30,2024-05-02,2024-05-02,103.23592934785066,102.28881072998048,-0.009174311926605339,0.0,-0.009174311926605339,FOREIGN_FLIP_SELL,1,1046000.0,388000.0,0.05016921899463411,101722496.04080887
2351,2024-05-08,2024-05-09,2024-05-13,106.07728015988371,103.70948028564452,-0.02232146102040289,0.014442134852914013,-0.0367635958733169,FOREIGN_FLIP_SELL,3,674990.0,325000.0,0.09161794244679933,143142546.07844242
2351,2024-05-21,2024-05-22,2024-05-22,113.180662497496,110.8128662109375,-0.02092050209205032,0.0,-0.02092050209205032,FOREIGN_FLIP_SELL,1,1521000.0,359000.0,0.09372839049356085,248556844.10274047
2351,2024-05-27,2024-05-28,2024-05-28,112.23354436134804,116.0220184326172,0.03375527426160363,0.0,0.03375527426160363,FOREIGN_FLIP_SELL,1,768000.0,679000.0,0.047237077848620634,262027606.1181297
2351,2024-06-03,2024-06-04,2024-06-05,138.75287142191848,137.3321990966797,-0.010238867928857753,0.006005712697569221,-0.016244580626426974,FOREIGN_FLIP_SELL,2,1286000.0,2107000.0,0.22205665305549083,500222613.72991484
2351,2024-08-22,2024-08-23,2024-08-26,133.13768330742332,130.71701049804688,-0.01818172548328756,0.0037037716081256278,-0.021885497091413186,FOREIGN_FLIP_SELL,2,3634382.0,340000.0,0.12574813921414263,493173918.7183754
2352,2024-01-15,2024-01-16,2024-01-16,42.36323278832303,41.99203109741211,-0.008762355148052792,0.0,-0.008762355148052792,FOREIGN_FLIP_SELL,1,2088702.0,712000.0,0.00796051655714658,739281859.7117014
2352,2024-08-23,2024-08-26,2024-08-28,34.072078704833984,34.119998931884766,0.001406436850123427,0.005869618539342536,-0.004463181689219109,FOREIGN_FLIP_SELL,3,2714579.0,63827.0,0.03579809737488682,268310160.4574549
2352,2024-09-10,2024-09-11,2024-09-11,34.55129202852479,34.599212646484375,0.0013869414179945583,0.0,0.0013869414179945583,FOREIGN_FLIP_SELL,1,1487103.0,10833.0,0.00792036916111849,250826566.29830933
2352,2024-09-23,2024-09-24,2024-09-26,35.941010299070214,35.893089294433594,-0.0013333238058101937,0.019036887103266453,-0.020370210909076647,FOREIGN_FLIP_SELL,3,2270349.0,25000.0,0.024795642360578185,198680249.09185773
2352,2024-10-15,2024-10-16,2024-10-16,36.13269602716532,35.893089294433594,-0.006631299600549867,0.0,-0.006631299600549867,FOREIGN_FLIP_SELL,1,4574000.0,63280.0,0.01325118918145285,156371607.1212082
2352,2024-11-19,2024-11-20,2024-11-27,35.3659553527832,35.7014045715332,0.009485088566216326,-0.015584206521102817,0.025069295087319143,FOREIGN_FLIP_SELL,6,3300000.0,117829.0,0.011335108508996994,124505487.08384724
2352,2025-01-21,2025-01-22,2025-02-03,33.35325622558594,32.586517333984375,-0.022988426869499534,-0.035310722033439546,0.012322295163940011,FOREIGN_FLIP_SELL,2,932500.0,9973.0,0.010445183312774775,67025879.75076371
2352,2025-04-28,2025-04-29,2025-05-02,25.110786560278004,25.54207801818848,0.01717554553200351,0.02743141855760345,-0.010255873025599938,FOREIGN_FLIP_SELL,3,1980880.0,6000.0,0.007124954941475803,119421296.49995756
2352,2025-07-03,2025-07-04,2025-07-04,25.92544894663524,25.7337646484375,-0.007393673243317855,0.0,-0.007393673243317855,FOREIGN_FLIP_SELL,1,3538895.0,60000.0,0.006667301260453229,66613107.877415955
2352,2025-08-06,2025-08-07,2025-08-12,27.5,27.700000762939453,0.007272755015980126,0.006440231962264953,0.0008325230537151729,FOREIGN_FLIP_SELL,4,5247257.0,14000.0,0.04864205050987147,101975480.76014215
2352,2025-09-15,2025-09-16,2025-10-08,36.35058659810129,34.099998474121094,-0.061913392178869264,0.05595236716277596,-0.11786575934164523,FOREIGN_FLIP_SELL,15,6078775.0,18000.0,0.12717442407496526,633341187.7635404
2352,2026-01-14,2026-01-15,2026-01-15,25.350000381469727,25.39999961853028,0.001972356461860336,0.0,0.001972356461860336,FOREIGN_FLIP_SELL,1,3540020.0,1000.0,0.03568499093586963,194267702.60000002
2353,2024-01-02,2024-01-03,2024-01-03,47.796910380366086,46.41549682617188,-0.028901733254324657,0.0,-0.028901733254324657,FOREIGN_FLIP_SELL,1,41986392.0,66000.0,0.2295756606842425,4026303593.3706684
2353,2024-05-07,2024-05-08,2024-05-13,43.42243576049805,43.97499847412109,0.01272528138842266,0.007594072496516224,0.005131208891906436,FOREIGN_FLIP_SELL,4,24523677.0,669998.0,0.02880213801979936,1803391784.7055125
2353,2024-05-24,2024-05-27,2024-05-27,53.78303686615068,53.87512969970703,0.0017123025943206471,0.0,0.0017123025943206471,FOREIGN_FLIP_SELL,1,53375886.0,2380641.0,0.19362701212444455,3123081020.248262
2353,2025-02-14,2025-02-17,2025-02-18,37.87784161164616,37.54474639892578,-0.008793933301045498,0.006840120787098725,-0.015634054088144222,FOREIGN_FLIP_SELL,2,9811786.0,116000.0,0.04253493593989899,390457903.3809494
2353,2025-04-28,2025-04-29,2025-05-02,31.54900848648771,32.405540466308594,0.027149251938859864,0.02743141855760345,-0.0002821666187435845,FOREIGN_FLIP_SELL,3,3651854.0,189000.0,0.022235893036255616,519564905.14393836
2353,2025-05-19,2025-05-20,2025-05-20,34.7372162931279,34.3089485168457,-0.012328788025738335,0.0,-0.012328788025738335,FOREIGN_FLIP_SELL,1,5278428.0,107000.0,0.07092874593899379,382089339.84513474
2353,2025-07-24,2025-07-25,2025-07-29,31.5,31.850000381469727,0.011111123221261066,-0.006970496205537247,0.018081619426798312,FOREIGN_FLIP_SELL,3,9006810.0,95000.0,0.03405827160001573,572058657.45
2353,2025-08-04,2025-08-05,2025-08-06,32.099998474121094,32.150001525878906,0.0015577275431375437,-0.009012052115274116,0.01056977965841166,FOREIGN_FLIP_SELL,2,3395924.0,30000.0,0.03359172680880529,375738329.6
2353,2026-02-11,2026-02-23,2026-02-23,26.950000762939453,26.549999237060547,-0.014842356755290775,0.0,-0.014842356755290775,FOREIGN_FLIP_SELL,1,14375605.0,30000.0,0.022545055106470313,1209127557.060131
2354,2024-04-26,2024-04-29,2024-05-03,59.37204949373956,58.12714767456055,-0.02096780942874943,-0.00806026012163863,-0.0129075493071108,FOREIGN_FLIP_SELL,4,6185824.0,494000.0,0.01647219166958247,1690181441.4682956
2354,2024-05-16,2024-05-17,2024-05-20,58.70171693655183,59.46780776977539,0.013050569441632964,0.0006190547021835968,0.012431514739449367,FOREIGN_FLIP_SELL,2,5301174.0,69000.0,0.011589376123766426,828618894.0123291
2354,2024-07-05,2024-07-08,2024-07-08,70.74277363907086,70.05784606933594,-0.009681943956981631,0.0,-0.009681943956981631,FOREIGN_FLIP_SELL,1,3495414.0,3000.0,0.04514090570810114,1657695637.0466652
2354,2024-08-26,2024-08-27,2024-09-02,66.24184549130018,66.14399719238281,-0.0014771372716392284,0.0022582650157765283,-0.0037354022874157566,FOREIGN_FLIP_SELL,5,4180626.0,3000.0,0.0643119379330761,853104484.517961
2354,2024-10-16,2024-10-17,2024-10-28,66.14399951492275,70.2535400390625,0.06213020915393219,0.006256244934793376,0.055873964219138816,FOREIGN_FLIP_SELL,8,3797682.0,2000.0,0.025406999373964956,370633595.7837982
2354,2025-09-12,2025-09-15,2025-09-15,72.0,70.80000305175781,-0.016666624281141518,0.0,-0.016666624281141518,FOREIGN_FLIP_SELL,1,13287381.0,363000.0,0.012694157905699388,1447464788.3435564
2354,2025-10-22,2025-10-23,2025-10-31,69.0999984741211,71.5,0.03473229491861329,0.02546430440938008,0.009267990509233215,FOREIGN_FLIP_SELL,6,6371558.0,19000.0,0.004262704424752295,922163238.1
2354,2025-11-12,2025-11-13,2025-11-13,70.9000015258789,68.69999694824219,-0.031029683078831916,0.0,-0.031029683078831916,FOREIGN_FLIP_SELL,1,4307826.0,64000.0,0.01933724379979096,964568571.359024
2354,2025-12-04,2025-12-05,2025-12-11,66.5,63.59999847412109,-0.04360904550193856,0.0015674760173935987,-0.04517652151933216,FOREIGN_FLIP_SELL,5,2721495.0,5000.0,0.0009058408670243878,500649459.409658
2354,2026-02-11,2026-02-23,2026-02-23,59.20000076293945,58.70000076293945,-0.0084459458370989,0.0,-0.0084459458370989,FOREIGN_FLIP_SELL,1,4696412.0,10000.0,0.003418816460503571,312868526.92643505
2355,2025-05-07,2025-05-08,2025-05-08,30.74430527050928,31.027231216430664,0.009202548030668112,0.0,0.009202548030668112,FOREIGN_FLIP_SELL,1,565614.0,568605.0,0.05695737245588739,51011207.85119132
2355,2025-05-29,2025-06-02,2025-06-02,31.4044604280912,30.64999961853028,-0.024024001663345063,0.0,-0.024024001663345063,FOREIGN_FLIP_SELL,1,496307.0,366587.0,0.015536187694424664,36823042.01344776
2356,2024-01-23,2024-01-24,2024-01-25,54.01092386684783,52.60683059692383,-0.02599646829566349,0.00709276503221834,-0.03308923332788183,FOREIGN_FLIP_SELL,2,55245818.0,976000.0,0.1119210779007298,3763881205.653488
2356,2024-06-20,2024-06-21,2024-06-21,53.35567800179952,52.98125076293945,-0.007017570629454628,0.0,-0.007017570629454628,FOREIGN_FLIP_SELL,1,37878240.0,86000.0,0.04455805655428402,2014851134.0539315
2356,2024-07-12,2024-07-15,2024-07-15,57.681815148931584,54.413177490234375,-0.05666669209798181,0.0,-0.05666669209798181,FOREIGN_FLIP_SELL,1,47437153.0,1010000.0,0.07259895348980683,2129071990.0090132
2356,2024-11-06,2024-11-07,2024-11-07,49.99090634300595,50.471588134765625,0.009615384615384581,0.0,0.009615384615384581,FOREIGN_FLIP_SELL,1,42538661.0,26000.0,0.1387355774144019,1602230791.5637505
2356,2025-01-03,2025-01-06,2025-01-09,50.85613503509778,48.83727264404297,-0.03969751908322394,-0.01981424348903338,-0.019883275594190564,FOREIGN_FLIP_SELL,4,19193433.0,554000.0,0.036941056337624234,791979992.6448157
2356,2025-07-01,2025-07-02,2025-07-03,41.14636216076939,42.636474609375,0.03621492570311213,0.0059895484378065245,0.03022537726530561,FOREIGN_FLIP_SELL,2,3697980.0,15000.0,0.019958305787580732,501478939.69713134
2356,2025-07-25,2025-07-28,2025-07-29,43.650001525878906,43.650001525878906,0.0,-0.009031782082688844,0.009031782082688844,FOREIGN_FLIP_SELL,2,8677889.0,1976000.0,0.023560632443601515,706626039.1043558
2356,2025-09-16,2025-09-17,2025-09-17,43.25,42.75,-0.011560693641618491,0.0,-0.011560693641618491,FOREIGN_FLIP_SELL,1,21423822.0,2020.0,0.03928870943622598,583445255.025
2356,2025-10-21,2025-10-22,2025-10-31,44.79999923706055,45.900001525878906,0.024553622936412722,0.021137883910150812,0.0034157390262619103,FOREIGN_FLIP_SELL,7,4897444.0,873000.0,0.00609421663997578,1044273776.0476933
2356,2025-12-05,2025-12-08,2025-12-09,47.84999847412109,45.400001525878906,-0.051201609746491905,-0.0042813960011827135,-0.04692021374530919,FOREIGN_FLIP_SELL,2,30788717.0,93000.0,0.0970709557775713,926821031.7791674
2357,2024-01-02,2024-01-03,2024-01-05,439.004673717868,416.9625854492188,-0.05020923372404651,-0.002287670792527119,-0.04792156293151939,FOREIGN_FLIP_SELL,3,1815280.0,188000.0,0.11475035053306049,2809497262.2418857
2357,2024-05-08,2024-05-09,2024-05-13,422.93233260305306,427.983642578125,0.011943541757572174,0.014442134852914013,-0.002498593095341839,FOREIGN_FLIP_SELL,3,2412437.0,285044.0,0.06368169654062994,1492535590.3149796
2357,2024-05-16,2024-05-17,2024-05-17,468.3941135850064,473.9046325683594,0.0117647058823529,0.0,0.0117647058823529,FOREIGN_FLIP_SELL,1,8055260.0,650297.0,0.155396319047034,2488772757.0394697
2357,2024-07-08,2024-07-09,2024-07-09,465.72428080136336,462.8699951171875,-0.006128702757916216,0.0,-0.006128702757916216,FOREIGN_FLIP_SELL,1,1652033.0,64911.0,0.010482888922746847,1894757116.2380981
2357,2024-07-12,2024-07-15,2024-07-15,488.0828540920613,474.2871398925781,-0.02826510721247555,0.0,-0.02826510721247555,FOREIGN_FLIP_SELL,1,5023764.0,470000.0,0.0429733812110491,2062823434.044315
2357,2024-08-15,2024-08-16,2024-08-20,496.6457286680365,493.79144287109375,-0.005747126436781658,0.0035692135277054504,-0.009316339964487108,FOREIGN_FLIP_SELL,3,2800718.0,350000.0,0.074064359416536,2498938924.661035
2357,2024-09-16,2024-09-18,2024-09-20,514.7228857734303,562.2943115234375,0.09242143115227064,0.022168164052540407,0.07025326709973023,FOREIGN_FLIP_SELL,3,1353686.0,154865.0,0.016727391264307334,1774345920.725879
2357,2024-10-15,2024-10-16,2024-10-16,561.3428829083387,562.2943115234375,0.0016949152542371504,0.0,0.0016949152542371504,FOREIGN_FLIP_SELL,1,1783876.0,30056.0,0.04793557504826862,2060130005.0599365
2357,2024-10-28,2024-10-29,2024-10-29,563.2457058005137,555.63427734375,-0.013513513513513598,0.0,-0.013513513513513598,FOREIGN_FLIP_SELL,1,444045.0,58289.0,0.020233231024010756,1749301817.0725892
2357,2024-11-06,2024-11-07,2024-11-15,572.7600079556863,577.5171508789062,0.00830564784053145,-0.02845298363430715,0.0367586314748386,FOREIGN_FLIP_SELL,7,942946.0,25221.0,0.027554053702146808,1623415527.4295197
2357,2025-01-03,2025-01-06,2025-01-08,599.4000370286417,614.6228637695312,0.025396773107243087,-0.005961550137403848,0.031358323244646935,FOREIGN_FLIP_SELL,3,2492924.0,198000.0,0.02223311973364206,1620206395.722461
2357,2025-06-06,2025-06-09,2025-06-09,613.6714351878446,614.6228637695312,0.0015503875968994052,0.0,0.0015503875968994052,FOREIGN_FLIP_SELL,1,1200990.0,15504.0,0.03233037059047428,2156511732.7879944
2357,2025-07-01,2025-07-02,2025-07-03,650.0,639.0,-0.01692307692307693,0.0059895484378065245,-0.022912625360883454,FOREIGN_FLIP_SELL,2,7654637.0,559689.0,0.006423396017437799,4122546480.0
2357,2025-07-25,2025-07-28,2025-07-29,658.0,651.0,-0.010638297872340385,-0.009031782082688844,-0.0016065157896515414,FOREIGN_FLIP_SELL,2,3714499.0,275654.0,0.02351746230174223,2912812870.25
2357,2025-09-09,2025-09-10,2025-09-24,667.0,684.0,0.025487256371814038,0.03985857076338317,-0.014371314391569134,FOREIGN_FLIP_SELL,11,2664017.0,58283.0,0.04324494949494939,1653528681.25
2357,2026-03-09,2026-03-10,2026-03-12,524.0,581.0,0.10877862595419852,0.024715960798603165,0.08406266515559535,FOREIGN_FLIP_SELL,3,1056231.0,271693.0,0.007649953710471058,2121207649.55
2359,2025-03-03,2025-03-04,2025-03-04,153.8301942287347,154.82264709472656,0.006451612903225934,0.0,0.006451612903225934,FOREIGN_FLIP_SELL,1,1258796.0,20000.0,0.04931100796071841,1183138860.8950653
2360,2024-03-01,2024-03-04,2024-03-04,222.60912435562884,232.619384765625,0.04496788008565322,0.0,0.04496788008565322,FOREIGN_FLIP_SELL,1,1681582.0,98395.0,0.08396060047060305,773573614.5702484
2360,2024-03-13,2024-03-14,2024-03-14,247.3964391693356,242.1529693603516,-0.021194605009633993,0.0,-0.021194605009633993,FOREIGN_FLIP_SELL,1,1422994.0,237615.0,0.07760856425281526,1283697116.6343405
2360,2024-04-29,2024-04-30,2024-04-30,249.77981962450897,254.06993103027344,0.01717557251908386,0.0,0.01717557251908386,FOREIGN_FLIP_SELL,1,422847.0,141000.0,0.03797973276281419,377216510.09769285
2360,2024-05-17,2024-05-20,2024-06-03,253.1165813885925,271.2303771972656,0.07156305489470993,0.012463967055593717,0.059099087839116216,FOREIGN_FLIP_SELL,11,946656.0,15973.0,0.04144107689512322,417995921.06461644
2360,2024-06-11,2024-06-12,2024-06-13,289.6160156883583,279.8646545410156,-0.03366996512318443,0.01193154297591259,-0.04560150809909702,FOREIGN_FLIP_SELL,2,836047.0,167000.0,0.06505683761518499,628074455.7490845
2360,2024-08-27,2024-08-28,2024-08-28,325.20856643699915,321.3080139160156,-0.011994002998500841,0.0,-0.011994002998500841,FOREIGN_FLIP_SELL,1,82398.0,57000.0,0.07711143186999747,571998730.4359771
2360,2024-10-28,2024-10-29,2024-10-29,392.980672401957,393.955810546875,0.002481389578163684,0.0,0.002481389578163684,FOREIGN_FLIP_SELL,1,1099000.0,50000.0,0.03079826008008002,1709792369.3128908
2360,2025-05-27,2025-05-28,2025-05-28,326.1836948624576,323.745849609375,-0.007473841554558991,0.0,-0.007473841554558991,FOREIGN_FLIP_SELL,1,344667.0,17422.0,0.028908932922100616,599215468.4448715
2360,2025-07-04,2025-07-07,2025-07-14,434.0,424.5,-0.02188940092165903,0.008304084859108718,-0.030193485780767748,FOREIGN_FLIP_SELL,6,558303.0,175436.0,0.14196991396441838,1517040989.25
2360,2025-08-11,2025-08-12,2025-08-15,519.0,521.0,0.003853564547206201,0.007290275428730286,-0.0034367108815240854,FOREIGN_FLIP_SELL,4,838419.0,235772.0,0.16679806284491505,1673638471.3999999
2360,2026-01-08,2026-01-09,2026-01-22,920.0,1010.0,0.09782608695652173,0.04810726731866777,0.04971881963785396,FOREIGN_FLIP_SELL,10,1959565.0,40947.0,0.16645649432534682,3226584167.5
2360,2026-01-27,2026-01-28,2026-01-28,1045.0,1035.0,-0.009569377990430672,0.0,-0.009569377990430672,FOREIGN_FLIP_SELL,1,556805.0,56876.0,0.104589114194237,2909356227.0
2362,2024-04-08,2024-04-09,2024-04-11,39.50321941804058,39.5949821472168,0.002322917740074315,-0.0020666524287885624,0.004389570168862877,FOREIGN_FLIP_SELL,3,1407105.0,58000.0,0.06435640469687032,144970261.12635043
2362,2025-02-03,2025-02-04,2025-02-04,49.51821187104685,48.57320785522461,-0.01908396890992714,0.0,-0.01908396890992714,FOREIGN_FLIP_SELL,1,753943.0,2000.0,0.026744227350806282,48794220.89729805
2362,2025-03-20,2025-03-21,2025-03-24,50.27421441917961,48.762203216552734,-0.030075282529925307,-0.004613378578019911,-0.025461903951905396,FOREIGN_FLIP_SELL,2,796070.0,1000.0,0.037638909856768654,107393158.84585647
2363,2024-04-25,2024-04-26,2024-04-29,108.37244884821595,88.26651000976562,-0.1855262942946898,0.01863818412124374,-0.20416447841593355,FOREIGN_FLIP_SELL,2,5499765.0,81000.0,0.31617105031863546,3951308060.356713
2363,2024-07-05,2024-07-08,2024-07-08,94.4719364614932,89.31110382080078,-0.05462820848174288,0.0,-0.05462820848174288,FOREIGN_FLIP_SELL,1,34595210.0,1000.0,0.11121726457768699,1490024842.0502925
2363,2026-03-02,2026-03-03,2026-03-04,54.0,48.400001525878906,-0.1037036754466869,-0.0435492612031565,-0.06015441424353041,FOREIGN_FLIP_SELL,2,2806786.0,7000.0,0.0009767747128017756,861214664.7370882
2364,2025-07-16,2025-07-17,2025-07-17,97.4000015258789,96.1999969482422,-0.012320375347405599,0.0,-0.012320375347405599,FOREIGN_FLIP_SELL,1,71535.0,17000.0,0.06045477614630834,72387946.00461043
2365,2024-02-23,2024-02-26,2024-03-04,22.93525818501105,24.54903793334961,0.07036239728895732,0.018854697496299977,0.05150769979265735,FOREIGN_FLIP_SELL,5,2790030.0,3000.0,0.23755719722856017,626887775.975838
2365,2025-02-03,2025-02-04,2025-02-04,44.21852678571429,42.990234375,-0.0277777777777779,0.0,-0.0277777777777779,FOREIGN_FLIP_SELL,1,1039005.0,168000.0,0.006500805723690162,301478641.9746502
2368,2024-02-23,2024-02-26,2024-02-26,251.7063688493368,251.2260131835937,-0.001908396946565305,0.0,-0.001908396946565305,FOREIGN_FLIP_SELL,1,5881401.0,215000.0,0.10003141850982522,2937179382.534727
2368,2024-03-22,2024-03-25,2024-03-25,240.17782500295928,237.7760467529297,-0.010000000000000009,0.0,-0.010000000000000009,FOREIGN_FLIP_SELL,1,3050879.0,795000.0,0.0008087352851855467,2333192426.7652655
2368,2024-08-29,2024-08-30,2024-08-30,209.72449189678755,206.3024139404297,-0.01631701631701643,0.0,-0.01631701631701643,FOREIGN_FLIP_SELL,1,1119003.0,83000.0,0.02385805567198851,1475428238.353016
2368,2024-10-22,2024-10-23,2024-10-23,199.4582565193461,196.0361785888672,-0.017156862745097645,0.0,-0.017156862745097645,FOREIGN_FLIP_SELL,1,4868190.0,9000.0,0.037699681418542186,817821344.9602318
2368,2024-12-13,2024-12-16,2024-12-16,230.7458156022609,235.1456298828125,0.019067796610169552,0.0,0.019067796610169552,FOREIGN_FLIP_SELL,1,11083493.0,3789500.0,0.1903539980437432,2034521344.7287745
2368,2024-12-25,2024-12-26,2024-12-26,230.7458262838376,230.2569580078125,-0.0021186440677967155,0.0,-0.0021186440677967155,FOREIGN_FLIP_SELL,1,3974022.0,1011000.0,0.09099406271690103,3182065900.9784775
2368,2025-05-12,2025-05-13,2025-06-03,231.23469199453083,262.5222473144531,0.1353064933728123,-0.00952693847980668,0.144833431852619,FOREIGN_FLIP_SELL,15,4802071.0,926000.0,0.15346041540933153,1835439679.1827037
2368,2025-06-09,2025-06-10,2025-06-23,271.3219027747905,263.5,-0.02882886598832024,-0.02293489202997967,-0.00589397395834057,FOREIGN_FLIP_SELL,10,5050188.0,266000.0,0.13039065950163353,4211497535.7726197
2368,2025-06-30,2025-07-01,2025-07-02,296.0,290.5,-0.01858108108108103,0.0010649919614669212,-0.01964607304254795,FOREIGN_FLIP_SELL,2,4538613.0,13000.0,0.094155500507356,3461766413.0
2368,2025-07-18,2025-07-21,2025-07-21,330.5,332.5,0.00605143721633894,0.0,0.00605143721633894,FOREIGN_FLIP_SELL,1,2975789.0,362000.0,0.10303334168964651,3982272690.0
2368,2025-07-28,2025-07-29,2025-08-04,345.0,362.0,0.049275362318840665,0.007646909575729888,0.04162845274311078,FOREIGN_FLIP_SELL,4,1851428.0,10000.0,0.08961705487564142,4211827533.75
2368,2025-11-12,2025-11-13,2025-11-14,560.0,544.0,-0.02857142857142858,-0.018136056365454567,-0.010435372205974014,FOREIGN_FLIP_SELL,2,1844600.0,48000.0,0.22945762521734236,5791957357.0
2368,2025-12-22,2025-12-23,2025-12-23,656.0,651.0,-0.007621951219512146,0.0,-0.007621951219512146,FOREIGN_FLIP_SELL,1,2080531.0,1168000.0,0.07402511566424308,7456683877.5
2368,2026-01-28,2026-01-29,2026-02-05,731.0,760.0,0.039671682626539084,-0.0225901743066782,0.062261856933217286,FOREIGN_FLIP_SELL,6,6611785.0,190171.0,0.10125420617925984,6574696560.0
2371,2024-01-09,2024-01-10,2024-01-10,43.78399434321027,42.05757141113281,-0.03943045759015307,0.0,-0.03943045759015307,FOREIGN_FLIP_SELL,1,14343559.0,1159000.0,0.06742230327259091,567038860.3703812
2371,2024-11-05,2024-11-06,2024-11-08,45.270636305547,44.55129623413086,-0.01588977160738514,0.014493872830152688,-0.030383644437537827,FOREIGN_FLIP_SELL,3,6429283.0,80000.0,0.020866465209842033,290839216.267852
2371,2025-01-06,2025-01-07,2025-01-07,46.51749559894974,43.6401252746582,-0.061855658548318426,0.0,-0.061855658548318426,FOREIGN_FLIP_SELL,1,10510737.0,1000.0,0.01977789274336539,536075526.64817506
2371,2025-08-13,2025-08-14,2025-08-18,40.04999923706055,43.0,0.07365794804334591,0.010084120694860976,0.06357382734848493,FOREIGN_FLIP_SELL,3,13833335.0,75100.0,0.075880773922262,542109715.5280575
2371,2025-08-28,2025-08-29,2025-09-02,40.900001525878906,39.0,-0.046454803300599035,-0.008926646445851838,-0.0375281568547472,FOREIGN_FLIP_SELL,3,7941140.0,33900.0,0.018559027953247487,769083450.125
2371,2025-12-09,2025-12-10,2025-12-12,32.54999923706055,35.099998474121094,0.07834099222211921,-0.00713752548453106,0.08547851770665027,FOREIGN_FLIP_SELL,3,7765695.0,3401.0,0.0040160648486278205,522663085.75
2374,2024-06-06,2024-06-07,2024-06-11,60.97977412911916,54.685089111328125,-0.10322578441275632,-0.0030314102026263168,-0.10019437421013,FOREIGN_FLIP_SELL,2,1269000.0,2000.0,0.0815548421532244,2118778139.2372267
2374,2024-07-17,2024-07-18,2024-07-18,53.900001525878906,52.70000076293945,-0.022263464359334018,0.0,-0.022263464359334018,FOREIGN_FLIP_SELL,1,1611055.0,2000.0,0.026218309627487724,922746034.8676419
2374,2026-03-26,2026-03-27,2026-03-27,70.9000015258789,72.19999694824219,0.018335619102755274,0.0,0.018335619102755274,FOREIGN_FLIP_SELL,1,1373828.0,2089.0,0.003529654971787144,295208392.75
2376,2024-01-22,2024-01-23,2024-01-23,279.5478213595361,273.900390625,-0.02020202020202022,0.0,-0.02020202020202022,FOREIGN_FLIP_SELL,1,11188490.0,3882500.0,0.147651658323116,4194860120.717541
2376,2024-02-19,2024-02-20,2024-02-20,343.08141358960575,336.0221252441406,-0.020576131687242705,0.0,-0.020576131687242705,FOREIGN_FLIP_SELL,1,8579345.0,102000.0,0.21438033793327138,8023148459.513622
2376,2024-05-20,2024-05-21,2024-05-22,307.7849578857422,309.1968078613281,0.004587131175234571,0.014836548818675244,-0.010249417643440673,FOREIGN_FLIP_SELL,2,3963208.0,203529.0,0.07225341226758997,3493763939.9505568
2376,2024-09-27,2024-09-30,2024-09-30,254.65485787898936,249.3495483398437,-0.020833333333333592,0.0,-0.020833333333333592,FOREIGN_FLIP_SELL,1,2268147.0,44000.0,0.048069375803924785,1355750589.3040102
2376,2024-10-07,2024-10-08,2024-10-08,257.06636366934146,255.6194610595703,-0.0056285178236397115,0.0,-0.0056285178236397115,FOREIGN_FLIP_SELL,1,960125.0,258000.0,0.05046547272722979,1324009267.8345063
2376,2024-11-07,2024-11-08,2024-11-11,294.6858215332031,292.2743225097656,-0.008183288258969745,-0.001029553901989333,-0.007153734356980412,FOREIGN_FLIP_SELL,2,8883701.0,1207000.0,0.11030077415437756,2880620980.7823396
2376,2025-01-08,2025-01-09,2025-01-09,274.42918547756204,266.7123718261719,-0.02811950790861173,0.0,-0.02811950790861173,FOREIGN_FLIP_SELL,1,3446117.0,132000.0,0.03529840397296646,1187023220.9028807
2376,2025-03-05,2025-03-06,2025-03-07,260.44246904565654,255.6194610595703,-0.01851851583099806,-0.006135009415062398,-0.012383506415935663,FOREIGN_FLIP_SELL,2,1641533.0,15000.0,0.027705887658238115,829026842.4991211
2376,2025-06-05,2025-06-06,2025-06-10,278.2875987158881,276.8406982421875,-0.005199299143681224,0.02684500216315988,-0.032044301306841105,FOREIGN_FLIP_SELL,3,6520181.0,382000.0,0.09649120359384966,1800513671.7056274
2376,2025-07-01,2025-07-02,2025-07-02,274.4292057233848,271.535400390625,-0.010544815465729607,0.0,-0.010544815465729607,FOREIGN_FLIP_SELL,1,1555030.0,1000.0,0.008004209798104789,1608874043.851123
2376,2025-07-11,2025-07-14,2025-07-14,271.0530795050788,266.7123718261719,-0.016014234875444733,0.0,-0.016014234875444733,FOREIGN_FLIP_SELL,1,1116395.0,78000.0,0.0007135478542115159,1101313989.79751
2376,2025-07-17,2025-07-18,2025-07-22,277.3229938302839,270.0885009765625,-0.026086884299787894,-0.016901540682331184,-0.00918534361745671,FOREIGN_FLIP_SELL,3,2186841.0,137000.0,0.02381162811177795,1143712073.5421937
2376,2025-08-07,2025-08-08,2025-08-12,286.5,285.5,-0.003490401396160525,0.005707427949769528,-0.009197829345930053,FOREIGN_FLIP_SELL,3,2944048.0,737000.0,0.033821881334951565,1146920070.75
2376,2025-09-30,2025-10-01,2025-10-01,308.5,293.0,-0.05024311183144248,0.0,-0.05024311183144248,FOREIGN_FLIP_SELL,1,7961676.0,73000.0,0.07786589762076424,1596353838.95
2376,2026-03-11,2026-03-12,2026-03-12,231.5,228.0,-0.015118790496760237,0.0,-0.015118790496760237,FOREIGN_FLIP_SELL,1,6652151.0,3000.0,0.02383053839364524,1210665714.4
2376,2026-03-27,2026-03-30,2026-03-30,231.0,228.0,-0.012987012987012991,0.0,-0.012987012987012991,FOREIGN_FLIP_SELL,1,5311704.0,272.0,0.011731783446345956,1587664641.25
2377,2024-01-02,2024-01-03,2024-01-04,182.18491079919625,175.1778106689453,-0.038461473562836024,-0.0005501443934380346,-0.03791132916939799,FOREIGN_FLIP_SELL,2,2510249.0,11000.0,0.06738546728882167,1554988095.9237945
2377,2024-11-05,2024-11-06,2024-11-11,180.7553881690616,176.41726684570312,-0.023999955781683346,0.013449396704835914,-0.03744935248651926,FOREIGN_FLIP_SELL,4,2684287.0,105000.0,0.0594351432749316,514362582.7407654
2377,2024-12-25,2024-12-26,2024-12-31,178.34532165527344,176.89927673339844,-0.008108118051282975,-0.009112590677889165,0.0010044726266061899,FOREIGN_FLIP_SELL,4,4607528.0,122000.0,0.059583653695179484,407025008.3464432
2377,2025-01-08,2025-01-09,2025-01-10,187.9856129910084,177.86331176757812,-0.05384614844921365,-0.0030012170892772527,-0.050844931359936396,FOREIGN_FLIP_SELL,2,1690281.0,4033644.0,0.08348381615843325,843810852.1369746
2377,2025-02-19,2025-02-20,2025-02-24,192.32373495437392,190.8777008056641,-0.0075187503458835625,0.0033145178860396474,-0.01083326823192321,FOREIGN_FLIP_SELL,3,7683435.0,1000.0,0.04736839125976244,1298095764.9326088
2377,2025-07-25,2025-07-28,2025-07-29,138.8201401654412,137.85610961914062,-0.006944457375937407,-0.009031782082688844,0.0020873247067514367,FOREIGN_FLIP_SELL,2,1110401.0,96000.0,0.00523560290413827,476521809.4060951
2377,2025-11-07,2025-11-10,2025-11-10,115.0,112.0,-0.02608695652173909,0.0,-0.02608695652173909,FOREIGN_FLIP_SELL,1,5065196.0,9048.0,0.04056841622736651,828521619.325
2377,2026-04-08,2026-04-09,2026-04-09,93.0,91.5999984741211,-0.015053779848160254,0.0,-0.015053779848160254,FOREIGN_FLIP_SELL,1,3678610.0,1000.0,0.007099916247081728,586902680.9839165
2379,2024-02-15,2024-02-16,2024-02-19,455.7156865120941,455.7156677246094,-4.122632879521859e-08,0.0015343901570623597,-0.001534431383391155,FOREIGN_FLIP_SELL,2,2091822.0,107332.0,0.030712575418198718,1279158202.5904968
2379,2024-02-27,2024-02-29,2024-03-07,548.7980246920996,582.7343139648438,0.06183748436737524,0.03831701538855059,0.02352046897882465,FOREIGN_FLIP_SELL,6,1318510.0,1202119.0,0.17738670058312644,2732972616.43255
2379,2024-03-12,2024-03-13,2024-03-18,579.8254559212953,572.068603515625,-0.013377909380238084,-0.002441735825823521,-0.010936173554414563,FOREIGN_FLIP_SELL,4,1701734.0,173950.0,0.11141934335287362,3681286270.081079
2379,2024-06-13,2024-06-14,2024-06-17,562.3725341367806,543.9500122070312,-0.032758573385926804,-0.0003639861324233884,-0.032394587253503415,FOREIGN_FLIP_SELL,2,9701311.0,236254.0,0.060227552803863604,3070532866.924585
2379,2024-08-27,2024-08-28,2024-08-28,519.7097911404487,515.8313598632812,-0.00746268656716409,0.0,-0.00746268656716409,FOREIGN_FLIP_SELL,1,231463.0,34000.0,0.03652035384330188,1033539814.7639374
2379,2024-12-06,2024-12-09,2024-12-12,528.0,525.0,-0.005681818181818232,-0.009730021322763238,0.004048203140945006,FOREIGN_FLIP_SELL,4,2711668.0,896862.0,0.06277253828212137,1351366551.1999998
2379,2024-12-17,2024-12-18,2024-12-19,539.0,535.0,-0.007421150278293154,-0.010204294103727585,0.002783143825434431,FOREIGN_FLIP_SELL,2,1902498.0,226765.0,0.07856718780922223,1559873793.75
2379,2024-12-25,2024-12-26,2024-12-30,538.0,564.0,0.048327137546468446,-0.0024407614812870237,0.05076789902775547,FOREIGN_FLIP_SELL,3,1340746.0,12000.0,0.02939054307566491,1355258709.75
2379,2025-02-11,2025-02-12,2025-02-13,560.0,555.0,-0.008928571428571397,0.004708515817043901,-0.013637087245615298,FOREIGN_FLIP_SELL,2,1345015.0,138836.0,0.03633667037449029,1660938308.9
2379,2025-02-25,2025-02-26,2025-03-03,559.0,555.0,-0.007155635062611854,-0.02761668107426185,0.020461046011649997,FOREIGN_FLIP_SELL,3,1014897.0,58788.0,0.013116236996834063,1620780644.0
2379,2025-12-10,2025-12-11,2025-12-11,542.0,532.0,-0.01845018450184499,0.0,-0.01845018450184499,FOREIGN_FLIP_SELL,1,946456.0,57238.0,0.042553191489361764,1101839188.45
2379,2026-01-06,2026-01-07,2026-01-14,523.0,532.0,0.017208413001912115,0.016635477686172795,0.0005729353157393202,FOREIGN_FLIP_SELL,6,2324443.0,73383.0,0.011058451816745807,896913843.2
2379,2026-03-27,2026-03-30,2026-03-31,488.0,478.0,-0.020491803278688492,-0.024453103067768933,0.003961299789080441,FOREIGN_FLIP_SELL,2,1211820.0,92624.0,0.04258907864220962,1811223644.3
2379,2026-04-07,2026-04-08,2026-04-08,510.0,505.0,-0.009803921568627416,0.0,-0.009803921568627416,FOREIGN_FLIP_SELL,1,485907.0,354351.0,0.037529888761825614,1793235816.0500002
2382,2024-02-15,2024-02-16,2024-02-16,238.92428321761625,229.6815643310547,-0.03868471953578334,0.0,-0.03868471953578334,FOREIGN_FLIP_SELL,1,30710680.0,773198.0,0.10409114811170772,10316969310.465021
2382,2024-03-12,2024-03-13,2024-03-14,236.61360092315368,225.06021118164065,-0.04882808805764838,0.00047219568149703406,-0.04930028373914541,FOREIGN_FLIP_SELL,2,17812074.0,646010.0,0.041645346293187835,8558412191.843054
2382,2024-05-09,2024-05-10,2024-05-16,262.47811026582,264.3870544433594,0.00727277476817445,0.028751969031944657,-0.021479194263770207,FOREIGN_FLIP_SELL,5,16121875.0,699456.0,0.06395350773586617,8626637851.720436
2382,2024-06-19,2024-06-20,2024-06-21,304.47460021972654,304.95184326171875,0.0015674313773557103,-0.006524324296809936,0.008091755674165646,FOREIGN_FLIP_SELL,2,43099916.0,456606.0,0.1113064576379994,8809129208.79115
2382,2024-10-14,2024-10-15,2024-10-16,275.84064929013323,281.56744384765625,0.020761242305152416,-0.012066723441250926,0.03282796574640334,FOREIGN_FLIP_SELL,2,20718584.0,386068.0,0.07722994935822114,6249099611.44314
2382,2024-10-21,2024-10-22,2024-11-01,297.793348354232,291.1120910644531,-0.02243588490711146,-0.03209414994348614,0.00965826503637468,FOREIGN_FLIP_SELL,8,21687329.0,489482.0,0.12017403855968212,8019977196.616852
2382,2024-11-06,2024-11-07,2024-11-12,308.29248515655,298.747802734375,-0.030959828350432428,-0.018243156876297628,-0.0127166714741348,FOREIGN_FLIP_SELL,4,13224716.0,548185.0,0.06196156304133105,8580161176.29202
2382,2024-12-24,2024-12-25,2024-12-30,279.6585064195607,274.8861694335937,-0.017064873323778817,-0.0012890384126718057,-0.015775834911107012,FOREIGN_FLIP_SELL,4,8570459.0,1355000.0,0.013584121687230333,4761963166.385147
2382,2025-05-06,2025-05-07,2025-05-08,243.38879202294527,240.0481719970703,-0.013725447248861045,-0.00015038304424519477,-0.01357506420461585,FOREIGN_FLIP_SELL,2,24698905.0,874418.0,0.11452388961947246,7005986192.968994
2382,2025-05-13,2025-05-14,2025-05-20,255.7968604310296,254.3651580810547,-0.0055970286248330225,-0.011790909732409594,0.006193881107576571,FOREIGN_FLIP_SELL,5,6553388.0,48623.0,0.08466154106679324,5209933241.445536
2382,2025-05-29,2025-06-02,2025-06-06,257.7057819436837,263.4325866699219,0.022222259365098918,0.0313268711219199,-0.00910461175682098,FOREIGN_FLIP_SELL,5,6287826.0,395484.0,0.030165041295445505,5307535357.52238
2382,2025-08-04,2025-08-05,2025-08-12,284.0,283.0,-0.0035211267605633756,0.02103791725130999,-0.024559044011873365,FOREIGN_FLIP_SELL,6,30132964.0,235578.0,0.03346818683339481,4201061585.1
2382,2025-09-23,2025-09-24,2025-09-24,283.0,283.5,0.0017667844522968323,0.0,0.0017667844522968323,FOREIGN_FLIP_SELL,1,29480928.0,334851.0,0.06783451360417447,5194205993.025001
2382,2025-09-30,2025-10-01,2025-10-14,293.0,284.0,-0.030716723549488067,0.031183582959051437,-0.061900306508539504,FOREIGN_FLIP_SELL,8,9449978.0,1739132.0,0.06304985337243396,6159369261.5
2382,2025-10-27,2025-10-28,2025-10-28,308.0,304.0,-0.012987012987012991,0.0,-0.012987012987012991,FOREIGN_FLIP_SELL,1,31083057.0,2747.0,0.056133765569015504,8613740801.2
2382,2025-12-03,2025-12-04,2025-12-16,293.0,273.0,-0.06825938566552903,-0.00931981131306514,-0.058939574352463886,FOREIGN_FLIP_SELL,9,17894684.0,1084238.0,0.03898410443122291,4023427546.125
2382,2026-02-11,2026-02-23,2026-02-26,288.0,291.5,0.012152777777777679,0.04859544145210104,-0.03644266367432336,FOREIGN_FLIP_SELL,4,17938630.0,42000.0,0.0160760280664356,4237087411.7
2382,2026-03-27,2026-03-30,2026-03-30,282.0,281.0,-0.0035460992907800915,0.0,-0.0035460992907800915,FOREIGN_FLIP_SELL,1,5311770.0,67236.0,0.005304809113835907,4847025938.45
2382,2026-04-09,2026-04-10,2026-04-13,315.0,319.0,0.012698412698412653,0.0011141546387523071,0.011584258059660346,FOREIGN_FLIP_SELL,2,48968954.0,419627.0,0.08417041912019396,5409199033.650001
2383,2024-01-30,2024-01-31,2024-02-19,458.1450539876479,503.6172790527344,0.09925289964237494,0.04171372641712856,0.057539173225246376,FOREIGN_FLIP_SELL,7,1878634.0,1324000.0,0.19046110893836943,2389061735.589331
2383,2024-05-15,2024-05-16,2024-05-20,418.5402029492864,422.4517822265625,0.00934576714426183,-0.0015315672362692379,0.010877334380531067,FOREIGN_FLIP_SELL,3,1463328.0,23630.0,0.04628017687142649,2712159631.550601
2383,2024-07-04,2024-07-05,2024-07-08,486.9930267333984,489.9267272949219,0.006024112051874475,0.013650555916959961,-0.007626443865085486,FOREIGN_FLIP_SELL,2,3348871.0,63969.0,0.07216491549555237,3093496393.817731
2383,2024-07-11,2024-07-12,2024-07-12,481.1256248961104,459.6118774414063,-0.04471544715447151,0.0,-0.04471544715447151,FOREIGN_FLIP_SELL,1,1819967.0,25639.0,0.04904274462837077,2655209563.565254
2383,2024-08-23,2024-08-26,2024-08-26,441.0318296254361,429.2970581054688,-0.02660753880266087,0.0,-0.02660753880266087,FOREIGN_FLIP_SELL,1,1444497.0,269994.0,0.035703885771613875,2622646911.807581
2383,2024-10-23,2024-10-24,2024-10-24,446.0,428.5,-0.039237668161434924,0.0,-0.039237668161434924,FOREIGN_FLIP_SELL,1,2401894.0,244000.0,0.014683197166200035,2504829196.8
2383,2024-11-22,2024-11-25,2024-11-25,490.0,478.0,-0.024489795918367308,0.0,-0.024489795918367308,FOREIGN_FLIP_SELL,1,6438834.0,1289000.0,0.1045545688914351,2351184938.1
2383,2024-12-04,2024-12-05,2024-12-30,533.0,619.0,0.16135084427767366,-0.003341088046563523,0.16469193232423718,FOREIGN_FLIP_SELL,18,9250269.0,536000.0,0.15948322657691882,3447143576.7
2383,2025-01-20,2025-01-21,2025-02-03,607.0,553.0,-0.08896210873146626,-0.025978479589223613,-0.06298362914224265,FOREIGN_FLIP_SELL,3,1184632.0,315000.0,0.007434633698103932,3188412910.7999997
2383,2025-05-02,2025-05-05,2025-05-09,611.0,679.0,0.1112929623567922,0.01860658500121426,0.09268637735557794,FOREIGN_FLIP_SELL,5,2729121.0,432000.0,0.18399379905047963,3190199727.65
2383,2025-05-14,2025-05-15,2025-05-29,683.0,749.0,0.09663250366032217,-0.017622863002036304,0.11425536666235847,FOREIGN_FLIP_SELL,11,1801484.0,142000.0,0.17466016927417272,3919161738.6
2383,2025-06-20,2025-06-23,2025-07-03,825.0,928.0,0.12484848484848476,0.04513851878627384,0.07970996606221092,FOREIGN_FLIP_SELL,9,2981179.0,1493052.0,0.043131885230596856,5423331109.0
2383,2025-08-05,2025-08-06,2025-08-06,1115.0,1110.0,-0.004484304932735439,0.0,-0.004484304932735439,FOREIGN_FLIP_SELL,1,2720909.0,38198.0,0.12230646448523541,5147055056.25
2383,2025-10-31,2025-11-03,2025-11-03,1385.0,1410.0,0.018050541516245522,0.0,0.018050541516245522,FOREIGN_FLIP_SELL,1,1017017.0,351191.0,0.13121231025161162,5323950112.0
2383,2025-11-06,2025-11-07,2025-11-07,1420.0,1370.0,-0.035211267605633756,0.0,-0.035211267605633756,FOREIGN_FLIP_SELL,1,519680.0,66326.0,0.1717171717171717,6297008960.0
2383,2025-11-26,2025-11-27,2025-12-02,1500.0,1440.0,-0.040000000000000036,0.0003534894125774013,-0.04035348941257744,FOREIGN_FLIP_SELL,4,998836.0,294061.0,0.06271462136273276,7298935213.5
2383,2025-12-19,2025-12-22,2025-12-23,1575.0,1615.0,0.025396825396825307,0.00571339720700248,0.019683428189822827,FOREIGN_FLIP_SELL,2,70330.0,109941.0,0.034885661826072445,5377814590.0
2383,2026-01-23,2026-01-26,2026-01-29,1790.0,1790.0,0.0,0.014712523589827553,-0.014712523589827553,FOREIGN_FLIP_SELL,4,3382984.0,8427.0,0.1068408916218293,6519144060.0
2383,2026-02-04,2026-02-05,2026-02-05,1980.0,1950.0,-0.015151515151515138,0.0,-0.015151515151515138,FOREIGN_FLIP_SELL,1,1377182.0,167500.0,0.1961301671064204,7634001810.0
2385,2024-01-05,2024-01-08,2024-01-10,161.47119038616384,165.95651245117188,0.027777847269728095,-0.006090671299810779,0.033868518569538875,FOREIGN_FLIP_SELL,3,2241413.0,1055619.0,0.017139651258968547,805049008.0231476
2385,2024-02-23,2024-02-26,2024-02-26,165.9565139494509,173.58154296875,0.04594594594594592,0.0,0.04594594594594592,FOREIGN_FLIP_SELL,1,4070898.0,63313.0,0.08702020071157501,638957804.8063965
2385,2024-03-01,2024-03-04,2024-03-05,171.3388859851105,183.44921875,0.0706805854097936,0.004227301850537213,0.0664532835592564,FOREIGN_FLIP_SELL,2,808940.0,256259.0,0.08955012590430678,661889998.2232361
2385,2024-03-11,2024-03-12,2024-03-12,186.1404040001876,203.18458557128903,0.09156626506024046,0.0,0.09156626506024046,FOREIGN_FLIP_SELL,1,706865.0,404000.0,0.16461070147587598,1204557122.8734741
2385,2025-03-27,2025-03-28,2025-03-28,162.1601241799288,160.75816345214844,-0.008645533141210415,0.0,-0.008645533141210415,FOREIGN_FLIP_SELL,1,1545482.0,260022.0,0.026700139794828326,780790137.3925393
2385,2025-07-24,2025-07-25,2025-07-25,133.0,133.0,0.0,0.0,0.0,FOREIGN_FLIP_SELL,1,2772192.0,7685.0,0.0035842293906809264,651005859.7
2385,2026-02-10,2026-02-11,2026-03-04,120.0,124.0,0.03333333333333344,-0.0231160719288086,0.05644940526214204,FOREIGN_FLIP_SELL,8,440036.0,268708.0,0.012017710309930374,420804492.0
2387,2024-11-15,2024-11-18,2024-12-04,57.26349462798534,58.5523796081543,0.022507969318712684,0.03143679895438489,-0.008928829635672209,FOREIGN_FLIP_SELL,13,952000.0,66930.0,0.08437934382921042,70049760.49542353
2388,2024-01-05,2024-01-08,2024-01-08,161.3543633582608,148.4061737060547,-0.08024691358024694,0.0,-0.08024691358024694,FOREIGN_FLIP_SELL,1,2897416.0,2000.0,0.015389499995603018,3342173603.048279
2388,2024-06-19,2024-06-20,2024-06-21,126.59553855657578,122.10987091064452,-0.03543306262666279,-0.006524324296809936,-0.028908738329852857,FOREIGN_FLIP_SELL,2,6520382.0,128000.0,0.0620601266243177,660719369.9390167
2388,2024-08-19,2024-08-20,2024-08-26,126.09712568676198,135.06846618652344,0.0711462727710952,-0.008425682352001695,0.0795719551230969,FOREIGN_FLIP_SELL,5,7078000.0,488000.0,0.1290540501087496,1047057274.5381657
2388,2024-09-19,2024-09-20,2024-09-20,142.54457722539487,137.5605010986328,-0.034965034965035,0.0,-0.034965034965035,FOREIGN_FLIP_SELL,1,591000.0,2000.0,0.07415905961151381,1524892626.3908203
2388,2025-03-19,2025-03-20,2025-03-20,93.30191087544728,92.50446319580078,-0.008546959779966778,0.0,-0.008546959779966778,FOREIGN_FLIP_SELL,1,1840811.0,1000.0,0.035361943471416524,288109745.700156
2388,2025-04-28,2025-04-29,2025-04-30,73.16624360679415,72.26910400390625,-0.01226166000415796,0.00011854303657643506,-0.012380203040734394,FOREIGN_FLIP_SELL,2,2059869.0,2000.0,0.03369504106832366,199642196.44188535
2388,2025-05-06,2025-05-07,2025-05-09,71.87038074259098,73.16624450683594,0.01803056768108946,0.017937313084665174,9.325459642428591e-05,FOREIGN_FLIP_SELL,3,754488.0,3000.0,0.03756455212755361,168918522.34854126
2392,2024-05-15,2024-05-16,2024-05-21,49.035224180955154,56.69406127929688,0.15619051867853706,-0.0031688388316560845,0.15935935751019314,FOREIGN_FLIP_SELL,4,6187931.0,44000.0,0.08660169298968934,259963387.6356182
2392,2025-02-21,2025-02-24,2025-02-25,67.65257961908684,67.26982879638672,-0.005657593913715786,-0.011864466763289783,0.006206872849573997,FOREIGN_FLIP_SELL,2,1225536.0,1000.0,0.030763578883513443,130851081.44831085
2393,2024-02-19,2024-02-20,2024-02-20,44.73140831050655,44.41891479492188,-0.006985997700217128,0.0,-0.006985997700217128,FOREIGN_FLIP_SELL,1,1343293.0,17000.0,0.02740785439049276,48521826.865753554
2393,2024-02-26,2024-02-27,2024-02-27,44.90997695922852,44.90997695922852,0.0,0.0,0.0,FOREIGN_FLIP_SELL,1,561633.0,7000.0,0.026737988114952316,48843636.365338504
2393,2024-04-29,2024-04-30,2024-05-08,56.249076946012536,61.87398910522461,0.1000000793721616,0.014900040304282491,0.08510003906787911,FOREIGN_FLIP_SELL,6,1223975.0,350000.0,0.056457098996948174,221680051.90717542
2393,2024-05-13,2024-05-14,2024-05-15,62.409694573279936,62.320411682128906,-0.001430593303836769,0.00768905386860852,-0.009119647172445289,FOREIGN_FLIP_SELL,2,2351557.0,35307.0,0.08470828418759058,284443697.87326807
2393,2024-05-30,2024-05-31,2024-05-31,65.62392430287726,64.46322631835938,-0.017687116350446508,0.0,-0.017687116350446508,FOREIGN_FLIP_SELL,1,2909109.0,93000.0,0.04503467473691525,314068749.3189354
2393,2024-06-12,2024-06-13,2024-06-18,65.71321346237791,71.1595458984375,0.08288032420112468,0.019961896971961268,0.06291842722916341,FOREIGN_FLIP_SELL,4,964355.0,130000.0,0.03382797968133411,227520468.4802902
2393,2024-08-14,2024-08-15,2024-08-19,74.94863464791011,73.92449951171875,-0.013664493569529257,0.023496549208600337,-0.037161042778129594,FOREIGN_FLIP_SELL,3,1149992.0,76039.0,0.06768700588227183,323782691.25685424
2393,2024-08-22,2024-08-23,2024-08-26,72.24862095239487,72.52793884277344,0.0038660653545568024,0.0037037716081256278,0.00016229374643117467,FOREIGN_FLIP_SELL,2,531853.0,17771.0,0.02628623740239555,289759850.9883911
2393,2024-08-30,2024-09-02,2024-09-03,74.48312141440321,77.64865112304688,0.04249996037399595,-0.00642626632600074,0.04892622669999669,FOREIGN_FLIP_SELL,2,462850.0,61545.0,0.03436987261475988,172881618.69543535
2393,2024-09-10,2024-09-11,2024-09-11,77.09002943546608,75.13484191894531,-0.02536239161975551,0.0,-0.02536239161975551,FOREIGN_FLIP_SELL,1,1299000.0,3546.0,0.02576899576120084,190320614.68363497
2393,2024-10-18,2024-10-21,2024-11-12,72.80724554326349,76.43830108642578,0.04987217296944224,-0.023819011056702144,0.07369118402614439,FOREIGN_FLIP_SELL,16,1108933.0,4551.0,0.014964220098343972,195119572.84140587
2393,2025-02-06,2025-02-07,2025-02-12,80.16245289974368,79.88314819335938,-0.003484233531796055,-0.008029532627993552,0.004545299096197497,FOREIGN_FLIP_SELL,4,3190230.0,72000.0,0.026956073033225003,291702583.9765652
2393,2025-02-21,2025-02-24,2025-02-24,79.13831427048117,79.04521179199219,-0.0011764526367187278,0.0,-0.0011764526367187278,FOREIGN_FLIP_SELL,1,362119.0,69000.0,0.008304398819019676,144437991.65268213
2393,2025-03-20,2025-03-21,2025-03-24,78.30037917535518,78.207275390625,-0.0011890591809481377,-0.004613378578019911,0.0034243193970717734,FOREIGN_FLIP_SELL,2,646255.0,48000.0,0.025984319177790205,152202925.08092806
2393,2025-08-28,2025-08-29,2025-08-29,68.5999984741211,68.30000305175781,-0.00437311121043904,0.0,-0.00437311121043904,FOREIGN_FLIP_SELL,1,1291830.0,46360.0,0.011627077324825041,120826629.23373489
2393,2026-02-06,2026-02-09,2026-02-09,60.09999847412109,58.29999923706055,-0.029950071260577693,0.0,-0.029950071260577693,FOREIGN_FLIP_SELL,1,1364619.0,5000.0,0.04199892814645212,221357930.28784525
2393,2026-03-09,2026-03-10,2026-03-18,59.400001525878906,66.5999984741211,0.12121206672200757,0.04811159627534045,0.07310047044666712,FOREIGN_FLIP_SELL,7,3085111.0,21796.0,0.01577997207682369,219809519.41944313
2393,2026-03-27,2026-03-30,2026-04-07,68.69999694824219,67.5,-0.01746720526270551,0.021885006803289864,-0.03935221206599537,FOREIGN_FLIP_SELL,5,1016453.0,24198.0,0.08525921363834099,317368625.97499996
2395,2024-02-19,2024-02-20,2024-03-04,365.4797719579829,367.8560791015625,0.006501884169537009,0.029443058451190218,-0.02294117428165321,FOREIGN_FLIP_SELL,9,2347135.0,937.0,0.11603950298506716,466986683.8301087
2395,2024-03-11,2024-03-12,2024-04-03,386.3914680103264,371.1829528808594,-0.039360380310107024,0.02124320215765607,-0.060603582467763095,FOREIGN_FLIP_SELL,17,1697428.0,4000.0,0.056461566632933335,624688977.1973206
2395,2024-04-30,2024-05-02,2024-05-02,348.37016114988523,339.8153686523437,-0.024556616643929163,0.0,-0.024556616643929163,FOREIGN_FLIP_SELL,1,478101.0,631.0,0.004361034332556857,372574439.167543
2395,2024-07-05,2024-07-08,2024-07-08,355.023908203125,356.44970703125,0.004016064257028162,0.0,0.004016064257028162,FOREIGN_FLIP_SELL,1,416500.0,3955.0,0.019212426033913488,369364728.1628677
2395,2024-11-22,2024-11-25,2024-11-25,349.09787122647305,340.8092346191406,-0.023743016759776414,0.0,-0.023743016759776414,FOREIGN_FLIP_SELL,1,526572.0,61000.0,0.06621856075973676,433582397.73568726
2395,2024-12-11,2024-12-12,2024-12-12,343.2470703125,343.2470703125,0.0,0.0,0.0,FOREIGN_FLIP_SELL,1,104970.0,4513.0,0.026604936010995894,402309528.2807602
2395,2025-01-07,2025-01-08,2025-01-08,351.0481480189732,368.6005554199219,0.050000000000000044,0.0,0.050000000000000044,FOREIGN_FLIP_SELL,1,217099.0,13000.0,0.026884374241261888,222866009.70713043
2395,2025-02-18,2025-02-19,2025-02-27,397.3669793948916,395.904296875,-0.0036809362522244315,-0.023339201900757223,0.01965826564853279,FOREIGN_FLIP_SELL,7,1476815.0,560829.0,0.05433380388757181,864396458.0661684
2395,2025-03-06,2025-03-07,2025-03-12,398.8296982390971,380.7897033691406,-0.045232325851375266,-0.013187013212621057,-0.03204531263875421,FOREIGN_FLIP_SELL,4,1688607.0,370500.0,0.006088169202048244,883536067.7432022
2395,2026-02-23,2026-02-24,2026-03-03,314.0,330.0,0.05095541401273884,-0.010869249533681291,0.06182466354642013,FOREIGN_FLIP_SELL,5,1911235.0,65000.0,0.07922912205567445,893438910.0
2395,2026-03-06,2026-03-09,2026-03-10,346.0,345.5,-0.0014450867052022698,0.020599268819414984,-0.022044355524617254,FOREIGN_FLIP_SELL,2,7694507.0,35000.0,0.20105693009848657,1766897156.25
2395,2026-03-17,2026-03-18,2026-03-18,352.0,349.0,-0.008522727272727293,0.0,-0.008522727272727293,FOREIGN_FLIP_SELL,1,690913.0,61000.0,0.05470525837248075,1739663379.6000001
2401,2024-06-20,2024-06-21,2024-06-26,36.20000076293945,36.900001525878906,0.019337037242719957,-0.011469345532271191,0.030806382774991148,FOREIGN_FLIP_SELL,4,5040744.0,39000.0,0.035913595224298156,714650469.1117411
2401,2024-09-30,2024-10-01,2024-10-01,32.150001525878906,31.450000762939453,-0.02177296204406065,0.0,-0.02177296204406065,FOREIGN_FLIP_SELL,1,2315000.0,5000.0,0.06127921793391611,88868459.34139015
2401,2025-02-05,2025-02-06,2025-02-11,29.600000381469727,28.600000381469727,-0.0337837833483956,0.0028928391362812444,-0.036676622484676846,FOREIGN_FLIP_SELL,4,1135000.0,47000.0,0.0394900103045801,90113127.13622417
2401,2026-01-28,2026-01-29,2026-02-02,23.100000381469727,21.0,-0.09090910592167334,-0.028037640685845133,-0.0628714652358282,FOREIGN_FLIP_SELL,3,2552000.0,20000.0,0.060799041808140775,100291174.64434293
2402,2024-07-23,2024-07-26,2024-07-26,37.12665378418446,38.60219955444336,0.03974357018103958,0.0,0.03974357018103958,FOREIGN_FLIP_SELL,1,2109470.0,113000.0,0.04766639761085001,754566500.9578904
2402,2025-06-25,2025-06-26,2025-06-26,38.88778854894659,38.12621688842773,-0.019583825384163922,0.0,-0.019583825384163922,FOREIGN_FLIP_SELL,1,2423980.0,75000.0,0.03929343188675305,99191391.81096192
2402,2025-09-01,2025-09-02,2025-09-02,59.59999847412109,58.09999847412109,-0.02516778587924484,0.0,-0.02516778587924484,FOREIGN_FLIP_SELL,1,9786050.0,200000.0,0.06097336955415544,1807366487.6378791
2404,2024-04-25,2024-04-26,2024-04-29,374.24200282377353,367.8912353515625,-0.016969681180339147,0.01863818412124374,-0.035607865301582886,FOREIGN_FLIP_SELL,2,1066959.0,33000.0,0.008964436142731458,1376108111.6968324
2404,2024-07-03,2024-07-04,2024-07-04,347.4780326067558,352.4679260253906,0.014360313315926687,0.0,0.014360313315926687,FOREIGN_FLIP_SELL,1,452748.0,1008992.0,0.05226767559546208,619696733.9141692
2404,2024-08-14,2024-08-15,2024-08-21,326.8689442111137,328.31103515625,0.004411832236362212,0.015652799423246044,-0.011240967186883832,FOREIGN_FLIP_SELL,5,639000.0,84194.0,0.02728730446698835,487120635.84375
2404,2024-08-30,2024-09-02,2024-09-02,331.67584228515625,331.67584228515625,0.0,0.0,0.0,FOREIGN_FLIP_SELL,1,278805.0,21000.0,0.03624603853893493,320101910.5089173
2404,2024-10-22,2024-10-23,2024-10-25,333.1179126662548,330.2337951660156,-0.008657947803391575,0.0005866549843451807,-0.009244602787736755,FOREIGN_FLIP_SELL,3,817000.0,7860.0,0.05479136485500802,262051192.98289642
2404,2024-11-12,2024-11-13,2024-11-18,347.05791945684524,369.1696472167969,0.06371192391908842,-0.013722145394763907,0.07743406931385233,FOREIGN_FLIP_SELL,4,272553.0,14740.0,0.005171512045801574,210251604.98787233
2404,2024-11-28,2024-11-29,2024-12-09,394.1655027017849,440.79241943359375,0.1182927384872785,0.04540145985401467,0.07289127863326383,FOREIGN_FLIP_SELL,7,599162.0,68251.0,0.0984773238287655,818847091.3748657
2404,2024-12-13,2024-12-16,2024-12-17,447.52204672323694,455.69378662109375,0.018259971676681364,-0.0009501180399593689,0.019210089716640733,FOREIGN_FLIP_SELL,2,622513.0,41723.0,0.07849991257957312,1157450721.171445
2404,2025-01-03,2025-01-06,2025-01-06,461.46204927884617,468.6723937988281,0.015625,0.0,0.015625,FOREIGN_FLIP_SELL,1,1301225.0,204000.0,0.028316721158960334,833461492.9219513
2404,2025-05-21,2025-05-22,2025-06-19,526.8358215771133,569.1365356445312,0.08029202331152874,0.015344915412798699,0.06494710789873004,20D_TIMEOUT,20,1268579.0,38000.0,0.17572287060025849,1272980361.0181916
2404,2025-06-20,2025-06-23,2025-06-25,575.8662047541999,611.437255859375,0.06176964512157479,0.03214564770409156,0.029623997417483228,FOREIGN_FLIP_SELL,3,1106918.0,125000.0,0.08266151192366467,1912335274.0626738
2404,2025-07-24,2025-07-25,2025-07-29,759.0,783.0,0.031620553359683834,-0.006970496205537247,0.03859104956522108,FOREIGN_FLIP_SELL,3,2336296.0,29897.0,0.11206818504598082,2005587500.3999999
2404,2025-08-22,2025-08-25,2025-08-27,1115.0,1190.0,0.06726457399103136,0.009989526162429874,0.05727504782860149,FOREIGN_FLIP_SELL,3,1446955.0,8000.0,0.1500372697263337,2880301194.0
2404,2026-02-25,2026-02-26,2026-03-09,1045.0,1070.0,0.02392344497607657,-0.09329708036821527,0.11722052534429184,FOREIGN_FLIP_SELL,7,1601746.0,201000.0,0.08405341712490189,2788629221.25
2408,2024-06-17,2024-06-18,2024-06-19,68.5,70.69999694824219,0.03211674376995899,0.01986645158123146,0.01225029218872753,FOREIGN_FLIP_SELL,2,14764687.0,6047.0,0.049296882795764274,663802042.7922535
2408,2024-06-24,2024-06-25,2024-06-26,69.5,68.5,-0.014388489208633115,0.004839958550256096,-0.01922844775888921,FOREIGN_FLIP_SELL,2,20282442.0,427233.0,0.03839504986033471,1209896037.5528526
2408,2024-07-01,2024-07-02,2024-07-10,69.9000015258789,72.30000305175781,0.03433478502844323,0.04928942448407003,-0.014954639455626806,FOREIGN_FLIP_SELL,7,4751772.0,3093.0,0.023587015901026076,1216582383.75
2408,2025-01-16,2025-01-17,2025-01-17,29.049999237060547,29.549999237060547,0.017211704410722506,0.0,0.017211704410722506,FOREIGN_FLIP_SELL,1,16433053.0,3000.0,9.916890642003295e-09,584911391.771503
2408,2025-04-21,2025-04-22,2025-04-22,39.20000076293945,39.34999847412109,0.003826472149547566,0.0,0.003826472149547566,FOREIGN_FLIP_SELL,1,32173899.0,109000.0,0.04301073752685647,2457761179.8120875
2408,2025-05-06,2025-05-07,2025-05-07,35.79999923706055,34.650001525878906,-0.03212284177903424,0.0,-0.03212284177903424,FOREIGN_FLIP_SELL,1,8775185.0,26000.0,0.0019813643454293928,3203291239.754416
2408,2025-05-14,2025-05-15,2025-05-19,45.45000076293945,43.95000076293945,-0.03300329977602823,-0.009499196828154255,-0.023504102947873973,FOREIGN_FLIP_SELL,3,42445588.0,17185000.0,0.224962547199407,4636419089.67426
2408,2025-06-06,2025-06-09,2025-06-09,52.79999923706055,51.70000076293945,-0.020833304735144775,0.0,-0.020833304735144775,FOREIGN_FLIP_SELL,1,46030274.0,2538000.0,0.17647058823529393,6704997218.400001
2408,2025-09-05,2025-09-08,2025-09-08,57.79999923706055,53.5,-0.07439445145015589,0.0,-0.07439445145015589,FOREIGN_FLIP_SELL,1,44471696.0,640810.0,0.1313907595149406,2953169865.95
2408,2025-09-11,2025-09-12,2025-09-12,59.29999923706055,57.400001525878906,-0.03204043399032974,0.0,-0.03204043399032974,FOREIGN_FLIP_SELL,1,54941735.0,246000.0,0.1630899042257541,4328068138.35
2408,2025-09-17,2025-09-18,2025-09-18,76.0,80.0,0.05263157894736836,0.0,0.05263157894736836,FOREIGN_FLIP_SELL,1,114905412.0,1998241.0,0.3976547369347647,9361039384.36566
2408,2025-09-25,2025-09-26,2025-09-26,75.0,71.0,-0.053333333333333344,0.0,-0.053333333333333344,FOREIGN_FLIP_SELL,1,19225001.0,50000.0,0.23364332782448471,12475824884.160439
2408,2025-10-21,2025-10-22,2025-10-23,103.0,109.5,0.06310679611650483,-0.004218986931701196,0.06732578304820602,FOREIGN_FLIP_SELL,2,32902721.0,1505000.0,0.21306197965042117,13148610764.075
2408,2025-10-29,2025-10-30,2025-10-30,134.5,134.5,0.0,0.0,0.0,FOREIGN_FLIP_SELL,1,3705745.0,325000.0,0.36529282258882856,17283354881.100002
2408,2025-11-19,2025-11-20,2025-11-20,169.5,155.5,-0.08259587020648973,0.0,-0.08259587020648973,FOREIGN_FLIP_SELL,1,27238433.0,1268000.0,0.11537120948065538,30284888248.0
2408,2025-12-08,2025-12-09,2025-12-16,165.0,158.0,-0.042424242424242475,-0.022919796685828997,-0.01950444573841348,FOREIGN_FLIP_SELL,6,27680245.0,457797.0,0.06705824767498769,29815901676.15
2408,2026-01-09,2026-01-12,2026-01-13,225.5,230.0,0.019955654101995624,0.004577823055845309,0.015377831046150314,FOREIGN_FLIP_SELL,2,9711178.0,67033.0,0.14428515059844815,17744871675.75
2409,2024-01-08,2024-01-09,2024-01-10,17.856041551654563,16.97711944580078,-0.04922267364304711,-0.003983884913753566,-0.045238788729293544,FOREIGN_FLIP_SELL,2,51166239.0,2060000.0,0.11191549347070873,828230799.9350904
2409,2024-03-14,2024-03-15,2024-03-18,16.88460073269211,16.5145263671875,-0.021917862990273096,0.010026653594563673,-0.03194451658483677,FOREIGN_FLIP_SELL,2,19755406.0,834033.0,0.03154306798554818,480882582.7208453
2409,2024-07-12,2024-07-15,2024-07-15,18.3186346191756,17.67100715637207,-0.03535347891734275,0.0,-0.03535347891734275,FOREIGN_FLIP_SELL,1,143857881.0,52000.0,0.0813030312909937,1586606679.7320714
2409,2024-08-16,2024-08-19,2024-08-20,16.275819778442383,16.032169342041016,-0.014970086896887724,0.0008687670993854368,-0.01583885399627316,FOREIGN_FLIP_SELL,2,42678401.0,123107.0,0.013819812443336632,1003543791.8271393
2409,2024-09-19,2024-09-20,2024-09-23,16.470738482535104,16.47073745727539,-6.224734339088656e-08,0.0056910052449301585,-0.005691067492273549,FOREIGN_FLIP_SELL,2,46995294.0,891508.0,0.026505313207376036,630173994.5996246
2409,2024-10-22,2024-10-23,2024-10-24,17.05549823005828,16.616928100585938,-0.02571429597403463,-0.006095637401184573,-0.019618658572850056,FOREIGN_FLIP_SELL,2,39675672.0,745594.0,0.024885882849689178,430179750.87042844
2409,2025-06-27,2025-06-30,2025-06-30,12.27995921938352,12.036309242248535,-0.01984126924056806,0.0,-0.01984126924056806,FOREIGN_FLIP_SELL,1,14736028.0,362323.0,0.010141180282654316,327093492.3322483
2409,2025-07-03,2025-07-04,2025-07-04,12.572337942205255,12.279958724975586,-0.02325575549859782,0.0,-0.02325575549859782,FOREIGN_FLIP_SELL,1,39628148.0,272079.0,0.021548342393239883,350830073.9891058
2409,2025-07-29,2025-07-30,2025-07-31,12.133768186909888,11.695199012756348,-0.036144515652332676,0.0034438577266941994,-0.039588373379026875,FOREIGN_FLIP_SELL,2,21690979.0,12791.0,0.014669877172392987,241379803.4206056
2409,2025-08-15,2025-08-18,2025-08-20,12.399999618530272,12.449999809265137,0.004032273570407696,-0.03500783802218577,0.03904011159259346,FOREIGN_FLIP_SELL,3,36668916.0,48857.0,0.03741693806689228,324071359.99036956
2409,2026-04-02,2026-04-07,2026-04-07,17.5,16.25,-0.0714285714285714,0.0,-0.0714285714285714,FOREIGN_FLIP_SELL,1,219641026.0,37459.0,0.0799551591841352,3287354647.687923
2412,2024-03-27,2024-03-28,2024-03-28,117.17977078502396,116.25344848632812,-0.007905138339920903,0.0,-0.007905138339920903,FOREIGN_FLIP_SELL,1,4813671.0,666000.0,0.037157995366670304,994382893.106859
2412,2024-05-20,2024-05-21,2024-05-24,116.71661027146892,117.64292907714844,0.007936477965946764,0.015472699153589842,-0.007536221187643077,FOREIGN_FLIP_SELL,4,5023615.0,114305.0,0.011191044912441495,1038169728.8217587
2412,2024-06-19,2024-06-20,2024-06-20,117.64293257521076,117.17977142333984,-0.003937007874015852,0.0,-0.003937007874015852,FOREIGN_FLIP_SELL,1,3060074.0,46675.0,0.005322312819131092,1986388341.3578453
2412,2024-07-23,2024-07-26,2024-08-06,116.98327303516622,117.46468353271484,0.004115207969979773,-0.07315773654052848,0.07727294451050826,FOREIGN_FLIP_SELL,8,14442865.0,390930.0,0.0125442815917991,1961540488.9912539
2412,2024-08-09,2024-08-12,2024-08-19,117.46468902713478,118.90892791748048,0.012295089718511676,0.029227185116060816,-0.01693209539754914,FOREIGN_FLIP_SELL,6,10166026.0,294684.0,0.008889778510697388,1721935099.6766155
2412,2024-08-22,2024-08-23,2024-08-27,119.3903350830078,119.87174987792967,0.004032276101638921,0.0012162269603968046,0.0028160491412421162,FOREIGN_FLIP_SELL,3,8911752.0,98911.0,0.013485876912558314,1459021111.0492322
2412,2024-09-03,2024-09-04,2024-09-10,118.42750880757316,119.3903350830078,0.00813008974966345,-0.0013592311042893712,0.00948932085395282,FOREIGN_FLIP_SELL,5,2657136.0,28115.0,0.006289291189912838,1081735241.561596
2412,2024-09-16,2024-09-18,2024-09-30,120.35316467285156,120.8345718383789,0.00399995435795919,0.02517197519254366,-0.02117202083458447,FOREIGN_FLIP_SELL,9,3362448.0,159245.0,0.00928544490333194,813767567.89365
2412,2024-12-25,2024-12-26,2024-12-26,119.3903350830078,119.3903350830078,0.0,0.0,0.0,FOREIGN_FLIP_SELL,1,2234150.0,111000.0,0.0022226426988820602,673485124.5296592
2412,2025-03-14,2025-03-17,2025-03-19,123.24163818359376,123.72305297851562,0.0039062674110570406,-0.0071342924547753706,0.011040559865832411,FOREIGN_FLIP_SELL,3,8210015.0,699291.0,0.009228365728017884,964587042.5338944
2412,2025-03-24,2025-03-25,2025-04-07,124.68587278026018,119.3903350830078,-0.042471032035722,-0.13652467017126546,0.09405363813554346,FOREIGN_FLIP_SELL,8,12425941.0,260747.0,0.007025733672070933,1116368063.8245363
2412,2025-04-11,2025-04-14,2025-04-21,123.24163602941177,122.27881622314452,-0.007812455573354082,-0.020852188364741564,0.013039732791387482,FOREIGN_FLIP_SELL,6,12896588.0,2486976.0,0.00019460667363824236,1930388123.711293
2412,2025-05-21,2025-05-22,2025-05-23,127.09294552910596,128.05577087402344,0.007575757575757569,-0.0008638612371177912,0.00843961881287536,FOREIGN_FLIP_SELL,2,4848089.0,778712.0,0.02139138435354071,1362363832.684126
2412,2025-08-06,2025-08-07,2025-08-11,132.5,134.5,0.015094339622641506,0.005487907579620144,0.009606432043021362,FOREIGN_FLIP_SELL,3,13458887.0,252506.0,0.019622931896883467,1266788344.375
2412,2025-08-14,2025-08-15,2025-08-26,135.5,133.5,-0.014760147601476037,-0.0012073756582857698,-0.013552771943190267,FOREIGN_FLIP_SELL,8,5475441.0,53500.0,0.024761904761904763,1284464118.95
2412,2026-02-24,2026-02-25,2026-03-25,135.0,135.0,0.0,-0.055741027820545574,0.055741027820545574,20D_TIMEOUT,20,14171351.0,118649.0,0.015932521087160367,1404055959.3
2417,2025-02-03,2025-02-04,2025-02-04,48.48334366190361,49.03033447265625,0.011282035632011134,0.0,0.011282035632011134,FOREIGN_FLIP_SELL,1,482000.0,75000.0,0.02049396839151507,203197886.82962954
2417,2025-02-24,2025-02-25,2025-02-25,51.71556556312186,51.51665878295898,-0.0038461685180664062,0.0,-0.0038461685180664062,FOREIGN_FLIP_SELL,1,1168000.0,1000.0,0.0356308348509069,401523696.78343046
2419,2024-09-25,2024-09-26,2024-09-30,31.700000762939453,30.850000381469727,-0.026813891514585242,-0.027747352954972992,0.0009334614403877506,FOREIGN_FLIP_SELL,3,515994.0,1000.0,0.016976654533206625,34813996.94140663
2420,2024-08-30,2024-09-02,2024-09-03,64.32857198615149,69.78333282470703,0.08479530432806492,-0.00642626632600074,0.09122157065406566,FOREIGN_FLIP_SELL,2,950000.0,195000.0,0.08794534418248534,58182191.17852611
2420,2024-09-25,2024-09-26,2024-10-01,71.94643100610743,73.26309204101562,0.018300574698367322,-0.02049187646550743,0.03879245116387475,FOREIGN_FLIP_SELL,4,787985.0,8000.0,0.047156719082773746,259443723.38244936
2420,2025-03-17,2025-03-18,2025-03-18,61.22499919781363,61.50714492797852,0.004608341916890746,0.0,0.004608341916890746,FOREIGN_FLIP_SELL,1,60000.0,1000.0,0.0023166506605465376,16918252.662434768
2420,2025-05-23,2025-05-26,2025-05-28,52.1023805577001,50.8797607421875,-0.023465718887040632,-0.008304461052983658,-0.015161257834056974,FOREIGN_FLIP_SELL,3,131412.0,17701.0,0.01816845337498818,9796841.248226738
2420,2025-12-10,2025-12-11,2025-12-16,51.0,50.09999847412109,-0.017647088742723804,-0.017416385293356762,-0.00023070344936704235,FOREIGN_FLIP_SELL,4,132000.0,36000.0,0.025281621196423743,8394711.165090943
2420,2025-12-30,2025-12-31,2026-01-05,50.79999923706055,50.400001525878906,-0.007873970810807207,0.03940944732420393,-0.047283418135011135,FOREIGN_FLIP_SELL,3,93063.0,92000.0,0.008020628601598467,6407360.907079697
2421,2024-03-25,2024-03-26,2024-03-28,118.1554815011431,122.82565307617188,0.03952564464801056,0.0009967235539527497,0.03852892109405781,FOREIGN_FLIP_SELL,3,1776028.0,200000.0,0.010873969454253674,1456356004.0155017
2421,2024-06-21,2024-06-24,2024-06-24,107.88108739061649,106.94705200195312,-0.008658008658008809,0.0,-0.008658008658008809,FOREIGN_FLIP_SELL,1,1486947.0,1000.0,0.00504718126374093,496538810.24081725
2421,2024-06-28,2024-07-01,2024-07-01,107.4140679253472,105.0789794921875,-0.021739130434782372,0.0,-0.021739130434782372,FOREIGN_FLIP_SELL,1,2025125.0,2000.0,0.0121012141542991,404557667.20948595
2421,2024-12-04,2024-12-05,2024-12-05,101.73418022822408,99.32341766357422,-0.023696682464455,0.0,-0.023696682464455,FOREIGN_FLIP_SELL,1,1760206.0,62000.0,0.04171833454641316,421753537.7457909
2421,2025-03-11,2025-03-12,2025-03-12,103.18063758606236,105.59140014648438,0.02336448598130847,0.0,0.02336448598130847,FOREIGN_FLIP_SELL,1,3124119.0,451000.0,0.10328396266794582,280894948.42740476
2421,2025-03-21,2025-03-24,2025-03-24,104.62709465209376,100.7698745727539,-0.03686635944700456,0.0,-0.03686635944700456,FOREIGN_FLIP_SELL,1,1319955.0,46000.0,0.05778263737765643,509525677.5080143
2421,2025-05-08,2025-05-09,2025-05-12,88.23391354337652,91.5125503540039,0.03715846525401578,0.010255778120184855,0.026902687133830927,FOREIGN_FLIP_SELL,2,1177200.0,20000.0,0.06976742913328726,204597919.85436288
2421,2025-05-19,2025-05-20,2025-05-21,98.8412697498615,100.28772735595705,0.01463414634146365,0.012909062583843056,0.0017250837576205935,FOREIGN_FLIP_SELL,2,1846001.0,460000.0,0.11338837819886449,267844894.72439876
2421,2025-06-12,2025-06-13,2025-06-13,103.66279510351328,100.28772735595705,-0.03255813953488351,0.0,-0.03255813953488351,FOREIGN_FLIP_SELL,1,2408305.0,1190000.0,0.03657061355931801,274576005.93341213
2421,2025-06-25,2025-06-26,2025-06-27,102.5,100.5,-0.019512195121951237,0.0039008940370151013,-0.023413089158966338,FOREIGN_FLIP_SELL,2,860385.0,2000.0,0.008409769190971028,269117866.325
2421,2025-07-02,2025-07-03,2025-07-10,103.0,104.0,0.009708737864077666,-0.0008682573223364187,0.010576995186414084,FOREIGN_FLIP_SELL,6,1425397.0,4000.0,0.014336871856655442,255735778.00000003
2421,2025-08-11,2025-08-12,2025-08-12,136.0,134.5,-0.011029411764705843,0.0,-0.011029411764705843,FOREIGN_FLIP_SELL,1,5572657.0,151000.0,0.15935735996526268,1032821268.1500001
2421,2025-10-13,2025-10-14,2025-10-17,132.5,135.5,0.02264150943396226,0.01900555711351415,0.0036359523204481103,FOREIGN_FLIP_SELL,4,2391520.0,2000.0,0.013931888544891802,525617411.15
2421,2026-02-04,2026-02-05,2026-02-05,151.5,149.5,-0.01320132013201325,0.0,-0.01320132013201325,FOREIGN_FLIP_SELL,1,1262549.0,28000.0,0.0028038924624773642,358893234.40000004
2425,2024-02-23,2024-02-26,2024-02-26,47.56319468525346,46.5794677734375,-0.020682523920558915,0.0,-0.020682523920558915,FOREIGN_FLIP_SELL,1,1926000.0,1000.0,0.04923063396437821,98219833.9613846
2425,2024-04-10,2024-04-11,2024-04-12,44.956321716308594,44.36608123779297,-0.013129198652867213,-0.0008023039345643745,-0.012326894718302839,FOREIGN_FLIP_SELL,2,631000.0,6000.0,0.02772137472269387,43738440.46820583
2428,2024-01-24,2024-01-25,2024-01-29,152.7559532752404,148.56448364257812,-0.027438993654865573,0.006499705283768975,-0.03393869893863455,FOREIGN_FLIP_SELL,3,79000.0,80000.0,0.012854201273983845,84001778.8746521
2428,2024-06-24,2024-06-25,2024-06-27,169.05613597678072,164.8646697998047,-0.024793339518606516,0.0013118466540482654,-0.026105186172654782,FOREIGN_FLIP_SELL,3,394000.0,8000.0,0.044153640144519946,96974970.33307724
2428,2025-10-21,2025-10-22,2025-10-23,186.5,202.0,0.08310991957104563,-0.004218986931701196,0.08732890650274683,FOREIGN_FLIP_SELL,2,383141.0,52000.0,0.09685979655019916,449679682.20000005
2428,2026-02-24,2026-02-25,2026-03-04,189.0,168.5,-0.10846560846560849,-0.07297281437181236,-0.03549279409379613,FOREIGN_FLIP_SELL,5,1489585.0,24000.0,0.07983253933881906,108689290.05
2436,2024-02-15,2024-02-16,2024-02-20,65.07874410139108,65.83988952636719,0.011695760812320932,0.007841575528355849,0.0038541852839650836,FOREIGN_FLIP_SELL,3,1778000.0,25000.0,0.0247190187864903,110684390.24353027
2436,2024-12-17,2024-12-18,2024-12-18,56.176786585439366,54.43035507202149,-0.031088134789655886,0.0,-0.031088134789655886,FOREIGN_FLIP_SELL,1,294000.0,5000.0,0.037710085458174,159578571.06144103
2436,2025-01-16,2025-01-17,2025-01-21,54.52738023822717,53.16904830932617,-0.02491100659827261,0.00656338180044469,-0.0314743883987173,FOREIGN_FLIP_SELL,3,575015.0,1000.0,0.0005497300737400401,42979606.8945259
2436,2025-02-04,2025-02-05,2025-02-12,54.23630888878353,55.20655059814453,0.01788915450257811,0.005533729626505446,0.012355424876072663,FOREIGN_FLIP_SELL,6,905954.0,7000.0,0.012867620633595367,53083784.84407234
2436,2025-02-17,2025-02-18,2025-02-18,57.53511908465109,57.14702606201172,-0.0067453240527473035,0.0,-0.0067453240527473035,FOREIGN_FLIP_SELL,1,792000.0,4000.0,0.04931604478098839,58294292.19531555
2436,2025-02-25,2025-02-26,2025-02-26,56.85595124579866,56.07976150512695,-0.013651864469140462,0.0,-0.013651864469140462,FOREIGN_FLIP_SELL,1,385517.0,2000.0,0.0141881654517233,53405840.15730286
2436,2025-05-19,2025-05-20,2025-05-27,45.84374965904124,45.84375,7.4374100211827e-09,-0.008802841980825038,0.00880284941823506,FOREIGN_FLIP_SELL,6,219098.0,10000.0,0.026889520035749515,27030824.5658844
2436,2025-07-17,2025-07-18,2025-07-18,52.0,51.29999923706055,-0.013461553133450987,0.0,-0.013461553133450987,FOREIGN_FLIP_SELL,1,795000.0,102000.0,0.02780677082564198,85300726.31754683
2439,2024-03-06,2024-03-07,2024-03-11,111.97366189956664,109.54998779296876,-0.02164503746221813,0.001653363525160323,-0.023298400987378454,FOREIGN_FLIP_SELL,3,1133651.0,10000.0,0.04511972687658683,207883513.39739072
2439,2024-03-25,2024-03-26,2024-03-28,118.75994831197876,114.88207244873048,-0.03265306122448974,0.0009967235539527497,-0.03364978477844249,FOREIGN_FLIP_SELL,3,2069001.0,14000.0,0.050583625549741607,275783796.6233745
2439,2024-06-04,2024-06-05,2024-06-06,121.18361575669977,118.75994873046876,-0.019999956356286597,0.01944708756402913,-0.03944704392031573,FOREIGN_FLIP_SELL,2,1399521.0,15000.0,0.004639894622394003,201778701.7417557
2439,2024-06-12,2024-06-13,2024-06-21,120.21414683064616,122.63782501220705,0.02016133912238538,0.04219029734857971,-0.02202895822619433,FOREIGN_FLIP_SELL,7,1549215.0,129000.0,0.0058811587523195374,196193050.28218386
2439,2024-07-12,2024-07-15,2024-07-23,134.27145385742188,127.00043487548828,-0.05415163665133493,-0.04219206702441114,-0.011959569626923794,FOREIGN_FLIP_SELL,7,1163715.0,12000.0,0.01451936293764522,633797801.0662963
2439,2024-08-20,2024-08-21,2024-08-22,133.3019835860641,131.8477783203125,-0.010909104475648856,-0.0040049008413989284,-0.006904203634249928,FOREIGN_FLIP_SELL,2,3023943.0,30000.0,0.09802360272520416,520396319.4965485
2439,2024-12-19,2024-12-20,2024-12-20,107.5,107.0,-0.0046511627906976605,0.0,-0.0046511627906976605,FOREIGN_FLIP_SELL,1,571005.0,43000.0,0.0011695906432749315,168443524.85
2439,2025-03-18,2025-03-19,2025-03-24,123.5,126.0,0.020242914979757165,0.006639573566039392,0.013603341413717773,FOREIGN_FLIP_SELL,4,1122728.0,2000.0,0.036662452591656125,504252177.6
2439,2025-03-27,2025-03-28,2025-04-02,125.0,125.0,0.0,-0.014103201611474159,0.014103201611474159,FOREIGN_FLIP_SELL,4,1101050.0,90000.0,0.02198697068403921,530930542.375
2439,2025-04-30,2025-05-02,2025-05-12,114.5,124.0,0.08296943231441056,0.016447197816611192,0.06652223449779937,FOREIGN_FLIP_SELL,7,1003955.0,13000.0,0.023875321376967573,310908216.95
2439,2025-05-22,2025-05-23,2025-05-28,124.5,122.0,-0.02008032128514059,-0.013602266003977848,-0.006478055281162742,FOREIGN_FLIP_SELL,4,408921.0,55995.0,0.047098402018502794,311753403.3
2439,2025-07-17,2025-07-18,2025-07-22,120.0,117.5,-0.02083333333333337,-0.016901540682331184,-0.003931792651002186,FOREIGN_FLIP_SELL,3,1918109.0,335937.0,0.059897572923625075,289073377.95
2439,2025-11-07,2025-11-10,2025-11-19,111.0,108.0,-0.027027027027026973,-0.04626527828596283,0.019238251258935857,FOREIGN_FLIP_SELL,8,6777272.0,6618.0,0.0723990667349077,279306186.9
2441,2024-06-20,2024-06-21,2024-06-24,61.16417025628987,60.58805465698242,-0.00941916806675236,-0.018908700814464607,0.009489532747712248,FOREIGN_FLIP_SELL,2,618197.0,1000.0,0.01716570020731245,44711258.2701685
2441,2024-10-22,2024-10-23,2024-10-23,59.09999847412109,58.5,-0.010152258707482265,0.0,-0.010152258707482265,FOREIGN_FLIP_SELL,1,109000.0,134980.0,0.01124562535371254,35821476.03300056
2441,2024-11-26,2024-11-27,2024-12-11,57.400001525878906,57.20000076293945,-0.0034843337564944843,0.02546931648344475,-0.028953650239939233,FOREIGN_FLIP_SELL,11,450111.0,1000.0,0.00905337940382478,46637478.279776
2441,2025-02-03,2025-02-04,2025-02-04,61.70000076293945,62.0,0.0048622242034190855,0.0,0.0048622242034190855,FOREIGN_FLIP_SELL,1,1443484.0,282000.0,0.031082901107488903,71572735.11501884
2441,2025-02-12,2025-02-13,2025-02-21,62.79999923706055,65.19999694824219,0.03821652452768376,0.01413881125809624,0.02407771326958752,FOREIGN_FLIP_SELL,7,734862.0,174000.0,0.02257853594608683,74445462.5
2441,2025-07-02,2025-07-03,2025-07-04,59.400001525878906,59.20000076293945,-0.0033670161246093233,-0.007285295494271593,0.00391827936966227,FOREIGN_FLIP_SELL,2,242584.0,91000.0,0.04015566097314838,36271108.80937652
2441,2025-10-09,2025-10-13,2025-10-21,63.09999847412109,68.0,0.07765454270000549,0.030790673576407412,0.04686386912359808,FOREIGN_FLIP_SELL,7,1435253.0,3000.0,0.02887796859310443,111306693.13016738
2441,2025-11-06,2025-11-07,2025-11-11,73.19999694824219,75.4000015258789,0.030054708597765156,0.00482937621428392,0.025225332383481236,FOREIGN_FLIP_SELL,3,2430000.0,10000.0,0.08092279570027783,172858090.35798112
2441,2026-01-09,2026-01-12,2026-01-12,91.5999984741211,93.9000015258789,0.02510920404008088,0.0,0.02510920404008088,FOREIGN_FLIP_SELL,1,5963950.0,8000.0,0.05057695527696593,1646135055.075
2441,2026-01-27,2026-01-28,2026-01-28,97.6999969482422,94.0,-0.0378710037238007,0.0,-0.0378710037238007,FOREIGN_FLIP_SELL,1,3307200.0,29000.0,0.07994758399931423,1675782030.35
2441,2026-02-25,2026-02-26,2026-03-02,94.0,93.9000015258789,-0.001063813554479709,-0.00901886354995296,0.007955049995473251,FOREIGN_FLIP_SELL,2,3922769.0,74000.0,0.0031212689840312002,1078827160.7946856
2449,2024-02-22,2024-02-23,2024-02-26,89.60776624050973,83.97795867919922,-0.0628272280128036,0.0031161383748661287,-0.06594336638766973,FOREIGN_FLIP_SELL,2,8523578.0,231388.0,0.11170565168779056,1158970835.929026
2449,2024-06-14,2024-06-17,2024-06-17,93.83012014417793,93.36096954345705,-0.004999999999999893,0.0,-0.004999999999999893,FOREIGN_FLIP_SELL,1,2451397.0,184516.0,0.06579240865484381,1697428608.683741
2449,2024-06-24,2024-06-25,2024-07-04,106.96633495574302,112.12699127197266,0.04824561221401891,0.028263657185995328,0.01998195502802358,FOREIGN_FLIP_SELL,8,18639559.0,5196537.0,0.199979070560659,3201034567.169023
2449,2024-09-02,2024-09-03,2024-09-03,117.3962292428744,113.54717254638672,-0.032786885245901565,0.0,-0.032786885245901565,FOREIGN_FLIP_SELL,1,1465969.0,169000.0,0.0320269572334857,2656687967.7705736
2449,2024-10-29,2024-10-30,2024-11-04,120.76415252685548,123.65094757080078,0.023904403612680758,0.006352243997377549,0.01755215961530321,FOREIGN_FLIP_SELL,3,7857272.0,640297.0,0.0068190739178499715,3693139710.1569853
2449,2025-02-19,2025-02-20,2025-02-20,110.66038267953056,107.77359008789062,-0.026086956521739202,0.0,-0.026086956521739202,FOREIGN_FLIP_SELL,1,5128044.0,586000.0,0.05186130450813731,1660960825.8351636
2449,2025-06-27,2025-06-30,2025-07-04,101.51887224234788,102.96226501464844,0.014217974849591197,0.013096702595031706,0.001121272254559491,FOREIGN_FLIP_SELL,5,12640076.0,50107.0,0.041253501612044774,1314746926.972048
2449,2025-08-11,2025-08-12,2025-08-14,142.0,139.5,-0.017605633802816878,0.0033007305312926505,-0.02090636433410953,FOREIGN_FLIP_SELL,3,24570034.0,25782.0,0.2139605462822458,4916864008.0
2449,2025-08-29,2025-09-01,2025-09-01,162.0,158.5,-0.021604938271604923,0.0,-0.021604938271604923,FOREIGN_FLIP_SELL,1,9428558.0,8000.0,0.1607142857142856,5794546586.4
2449,2025-09-11,2025-09-12,2025-09-16,169.0,166.0,-0.017751479289940808,0.0060844823007193405,-0.02383596159066015,FOREIGN_FLIP_SELL,3,19619807.0,95000.0,0.11652934252564306,7182937279.0
2449,2025-10-09,2025-10-13,2025-10-14,167.0,161.5,-0.03293413173652693,-0.004838520946744862,-0.028095610789782066,FOREIGN_FLIP_SELL,2,10877967.0,222532.0,0.049962714392244534,4205885772.0
2449,2025-10-28,2025-10-29,2025-10-31,199.0,217.0,0.09045226130653261,-0.002169683287122637,0.09262194459365525,FOREIGN_FLIP_SELL,3,13137573.0,1381000.0,0.09196234612599574,4799668809.0
2449,2025-12-09,2025-12-10,2025-12-11,229.0,221.5,-0.03275109170305679,-0.013238408398111412,-0.019512683304945377,FOREIGN_FLIP_SELL,2,7518237.0,991000.0,0.06316156798883332,7767704633.5
2449,2026-01-26,2026-01-27,2026-01-27,298.0,300.0,0.006711409395973256,0.0,0.006711409395973256,FOREIGN_FLIP_SELL,1,6219723.0,361138.0,0.11214953271028039,8953572866.875
2449,2026-02-10,2026-02-11,2026-02-23,309.0,316.5,0.024271844660194164,0.004985782968901065,0.0192860616912931,FOREIGN_FLIP_SELL,2,3443550.0,1175000.0,0.0544692737430168,6282091338.9
2450,2024-05-31,2024-06-03,2024-06-04,35.81980573654546,35.86480712890625,0.0012563270915473268,-0.008364332748305281,0.009620659839852608,FOREIGN_FLIP_SELL,2,67990.0,1000.0,0.002203327934373389,6546784.692621613
2450,2024-07-05,2024-07-08,2024-07-08,36.13245128493084,35.94302749633789,-0.005242483746790483,0.0,-0.005242483746790483,FOREIGN_FLIP_SELL,1,38000.0,1000.0,0.002427969829751353,9000865.264492035
2451,2024-05-14,2024-05-15,2024-05-27,93.28521728515624,102.79488372802734,0.10194183729884831,0.031047053707954353,0.07089478359089396,FOREIGN_FLIP_SELL,9,976010.0,295000.0,0.07703732302563493,136840164.15112612
2451,2024-06-26,2024-06-27,2024-07-01,111.85169429466372,101.88919830322266,-0.08906879823559688,0.006661572245648895,-0.09573037048124577,FOREIGN_FLIP_SELL,3,1536087.0,19000.0,0.02132901336438997,472020935.07337946
2451,2024-08-14,2024-08-15,2024-08-15,92.62506752533002,90.35669708251952,-0.02448981148856033,0.0,-0.02448981148856033,FOREIGN_FLIP_SELL,1,81863.0,21000.0,0.001545546871813963,110675424.2440445
2451,2024-12-06,2024-12-09,2024-12-09,89.12800190872787,88.74993896484375,-0.0042417975920886475,0.0,-0.0042417975920886475,FOREIGN_FLIP_SELL,1,216000.0,154825.0,0.015797695956659696,71502885.62001686
2451,2025-04-29,2025-04-30,2025-04-30,97.35084228515623,94.515380859375,-0.029126213592232886,0.0,-0.029126213592232886,FOREIGN_FLIP_SELL,1,789020.0,30000.0,0.0590944133922402,171817583.92192802
2451,2025-08-07,2025-08-08,2025-08-08,95.0,93.0,-0.021052631578947323,0.0,-0.021052631578947323,FOREIGN_FLIP_SELL,1,1251663.0,12000.0,0.02586161261295339,177892654.73531076
2451,2025-09-10,2025-09-11,2025-09-22,110.5,121.0,0.09502262443438925,0.026368031959241645,0.0686545924751476,FOREIGN_FLIP_SELL,8,1230100.0,108270.0,0.08722633008094571,120586376.77499999
2451,2026-01-08,2026-01-09,2026-01-12,255.0,237.0,-0.07058823529411762,0.00918909452108041,-0.07977732981519803,FOREIGN_FLIP_SELL,2,3213045.0,32709.0,0.3407966675344962,3081867828.125
2451,2026-03-11,2026-03-12,2026-03-19,230.5,309.0,0.34056399132321036,0.0032106713120318986,0.33735332001117846,FOREIGN_FLIP_SELL,6,1089425.0,60700.0,0.04602032659586608,1810340802.1499999
2453,2025-03-28,2025-03-31,2025-04-01,61.155558936335645,66.60221862792969,0.08906238102188135,0.028231172368546442,0.06083120865333491,FOREIGN_FLIP_SELL,2,1799000.0,2000.0,0.005863835072955403,731744306.6004153
2454,2024-02-26,2024-02-27,2024-03-12,1057.283820592769,1141.8665771484375,0.08000004815002937,0.05622772689330602,0.02377232125672335,FOREIGN_FLIP_SELL,10,17346518.0,721887.0,0.15328909396720314,9468476453.497559
2454,2024-05-10,2024-05-13,2024-05-17,1047.8857421875,1094.876220703125,0.04484313186429145,0.01921398598464963,0.025629145879641824,FOREIGN_FLIP_SELL,5,2088827.0,618268.0,0.05369508739545492,7497109504.0011835
2454,2024-05-24,2024-05-27,2024-05-30,1174.759920469054,1212.352294921875,0.032000048518689095,-0.0201473906551064,0.052147439173795496,FOREIGN_FLIP_SELL,4,2439590.0,86057.0,0.0791529219044731,6640497884.71756
2454,2024-10-28,2024-10-29,2024-10-29,1263.1837200458233,1248.7747802734375,-0.011406844106463865,0.0,-0.011406844106463865,FOREIGN_FLIP_SELL,1,3577663.0,117239.0,0.04829203073172539,8397005688.816943
2454,2025-01-08,2025-01-09,2025-01-13,1441.6216557820635,1363.166015625,-0.054421796344688134,-0.025683350822874318,-0.028738445521813816,FOREIGN_FLIP_SELL,3,7929907.0,41342.0,0.05916304284368801,8444857832.266327
2454,2025-01-22,2025-02-03,2025-02-04,1392.5868815104168,1461.235595703125,0.04929582139841138,0.004373265659709302,0.044922555738702075,FOREIGN_FLIP_SELL,2,1453251.0,180198.0,0.03061630773678714,8541868840.471587
2454,2025-02-13,2025-02-14,2025-02-18,1485.752995386472,1505.3668212890625,0.013201269634653068,0.022178925566570085,-0.008977655931917017,FOREIGN_FLIP_SELL,3,2852366.0,492205.0,0.033661994537218964,11615358125.241528
2454,2025-03-25,2025-03-26,2025-03-27,1505.3668297493812,1456.33203125,-0.03257332201716223,-0.013860075941006245,-0.018713246076155987,FOREIGN_FLIP_SELL,2,3853923.0,6512.0,0.03812120946751807,10951561349.141132
2454,2025-07-11,2025-07-14,2025-07-14,1410.0,1385.0,-0.01773049645390068,0.0,-0.01773049645390068,FOREIGN_FLIP_SELL,1,7468220.0,103751.0,0.11326277117144534,9584242217.0
2454,2025-08-25,2025-08-26,2025-08-26,1405.0,1400.0,-0.003558718861209953,0.0,-0.003558718861209953,FOREIGN_FLIP_SELL,1,2186182.0,29690.0,0.031267142073505116,7616154832.5
2454,2025-09-04,2025-09-05,2025-09-10,1400.0,1490.0,0.06428571428571428,0.02849649854778935,0.03578921573792493,FOREIGN_FLIP_SELL,4,2351360.0,41992.0,0.005627155563623143,6170908911.500001
2454,2025-09-15,2025-09-16,2025-09-17,1500.0,1510.0,0.006666666666666599,-0.007467550083917751,0.01413421675058435,FOREIGN_FLIP_SELL,2,1081814.0,52844.0,0.05114139090426484,7381968264.000001
2454,2025-12-02,2025-12-03,2025-12-09,1378.28199332101,1392.9967041015625,0.010676124952555544,0.01401647894636393,-0.003340353993808387,FOREIGN_FLIP_SELL,5,11696178.0,611894.0,0.12257039419664206,12029229052.607813
2454,2026-01-14,2026-01-15,2026-01-19,1500.0,1485.0,-0.010000000000000009,0.02689689652949334,-0.03689689652949335,FOREIGN_FLIP_SELL,3,4658650.0,40460.0,0.05584386832528865,10531633050.0
2454,2026-01-26,2026-01-27,2026-01-28,1755.0,1780.0,0.014245014245014342,0.015035014375913036,-0.0007900001308986937,FOREIGN_FLIP_SELL,2,11877022.0,981606.0,0.19144398528014706,16291272576.000002
2454,2026-02-26,2026-03-02,2026-03-02,1945.0,1900.0,-0.023136246786632397,0.0,-0.023136246786632397,FOREIGN_FLIP_SELL,1,5432772.0,309820.0,0.10542767831770394,22988937614.0
2455,2024-01-29,2024-01-30,2024-02-01,127.33165712498906,128.29266357421875,0.00754727041906289,-0.0036885415007216205,0.01123581191978451,FOREIGN_FLIP_SELL,3,1106000.0,40000.0,0.014464804393321318,559845294.3848271
2455,2024-02-15,2024-02-16,2024-02-19,140.30507141738215,150.3955078125,0.07191783086087189,0.0015343901570623597,0.07038344070380953,FOREIGN_FLIP_SELL,2,3574199.0,398181.0,0.13821143958734794,495076042.2011933
2455,2024-02-22,2024-02-23,2024-02-29,160.4859490693505,157.12246704101562,-0.0209581090920391,0.004107115253278559,-0.02506522434531766,FOREIGN_FLIP_SELL,4,4503850.0,982000.0,0.2080291308403177,789075963.5845665
2455,2024-03-05,2024-03-06,2024-03-18,179.7058250025699,168.65438842773438,-0.061497375361524775,0.019508263354393707,-0.08100563871591848,FOREIGN_FLIP_SELL,9,4845478.0,229000.0,0.22502029557351166,1293601948.7233577
2455,2024-10-08,2024-10-09,2024-10-09,155.25859642646074,150.3915557861328,-0.031347962382445194,0.0,-0.031347962382445194,FOREIGN_FLIP_SELL,1,2684720.0,293000.0,0.06294632336240524,1325946429.228186
2455,2024-10-15,2024-10-16,2024-10-16,160.12564253287152,156.2320098876953,-0.024316109422492405,0.0,-0.024316109422492405,FOREIGN_FLIP_SELL,1,3724200.0,265000.0,0.08221613578117415,1518483782.6199615
2455,2024-12-09,2024-12-10,2024-12-12,164.01926917684042,160.12564086914062,-0.02373884682720917,-0.0033850389538346848,-0.020353807873374485,FOREIGN_FLIP_SELL,3,1559354.0,6000.0,0.041019263355541735,1160077065.0079148
2455,2025-01-16,2025-01-17,2025-01-20,161.5857586484967,157.20541381835938,-0.027108483239949632,0.005129593209210137,-0.03223807644915977,FOREIGN_FLIP_SELL,2,3264086.0,185000.0,0.014161739532253081,919735755.3476989
2455,2025-05-13,2025-05-14,2025-05-16,104.64137401055852,105.12808227539062,0.004651202924600195,0.0027921166907516337,0.0018590862338485614,FOREIGN_FLIP_SELL,3,1399865.0,149000.0,0.09233308966156062,597286982.8688525
2455,2025-07-25,2025-07-28,2025-07-28,150.0,147.5,-0.01666666666666672,0.0,-0.01666666666666672,FOREIGN_FLIP_SELL,1,1635610.0,3108000.0,0.11406844106463887,1210995450.575
2455,2025-08-26,2025-08-27,2025-08-29,158.5,156.5,-0.012618296529968487,-0.011696653603032403,-0.0009216429269360837,FOREIGN_FLIP_SELL,3,6274455.0,984000.0,0.057839959051356304,1157536187.0
2455,2026-01-30,2026-02-02,2026-02-11,164.5,180.0,0.09422492401215798,0.06266379347241569,0.0315611305397423,FOREIGN_FLIP_SELL,8,2424585.0,16000.0,0.02019128586609975,2409789572.4
2455,2026-03-24,2026-03-25,2026-03-25,266.5,266.5,0.0,0.0,0.0,FOREIGN_FLIP_SELL,1,5394168.0,23000.0,0.0923423423423424,4040908231.75
2457,2024-09-20,2024-09-23,2024-09-24,39.84999847412109,39.75,-0.0025093720941049558,0.006562554474329074,-0.00907192656843403,FOREIGN_FLIP_SELL,2,764700.0,1000.0,0.02169981355482098,44316616.56011009
2458,2024-02-21,2024-02-22,2024-02-22,157.43641184337102,156.03904724121094,-0.008875739644970349,0.0,-0.008875739644970349,FOREIGN_FLIP_SELL,1,4657873.0,942910.0,0.09602489633787226,416109662.7620888
2458,2024-02-27,2024-02-29,2024-02-29,158.36798334696206,154.6416778564453,-0.02352941176470591,0.0,-0.02352941176470591,FOREIGN_FLIP_SELL,1,5771445.0,2920.0,0.08472397227266182,530897318.8644653
2458,2024-04-25,2024-04-26,2024-04-26,156.1416331066633,155.19244384765625,-0.006079027355623046,0.0,-0.006079027355623046,FOREIGN_FLIP_SELL,1,4636197.0,363000.0,0.04016900205808227,482472435.8040115
2458,2024-10-04,2024-10-07,2024-10-07,142.98829830394072,141.03623962402344,-0.013651877133105894,0.0,-0.013651877133105894,FOREIGN_FLIP_SELL,1,814460.0,37442.0,0.020177091783748935,274152398.8130363
2458,2024-10-14,2024-10-15,2024-10-17,142.988297400196,142.01226806640625,-0.0068259385665528916,-0.010226636582174486,0.003400698015621595,FOREIGN_FLIP_SELL,3,1373247.0,24842.0,0.013203945430217745,269341383.5938751
2458,2024-11-11,2024-11-12,2024-11-14,146.8924102783203,144.4523468017578,-0.016611229075343403,-0.011591303772878425,-0.005019925302464978,FOREIGN_FLIP_SELL,3,2459254.0,76919.0,0.026072287489843582,324851836.5010277
2458,2024-12-05,2024-12-06,2024-12-12,150.79653930664062,149.82049560546875,-0.006472586875399866,-0.006315140252332818,-0.00015744662306704793,FOREIGN_FLIP_SELL,5,4981561.0,607104.0,0.055630059922858965,488691819.1940437
2458,2025-11-28,2025-12-01,2025-12-09,132.5,127.5,-0.037735849056603765,0.030723943033171164,-0.06845979208977493,FOREIGN_FLIP_SELL,7,1349218.0,91531.0,0.041707460348541225,203766400.6
2458,2026-03-05,2026-03-06,2026-03-06,134.0,131.5,-0.018656716417910446,0.0,-0.018656716417910446,FOREIGN_FLIP_SELL,1,5901653.0,66495.0,0.13858300436318305,343139269.40000004
2464,2025-02-12,2025-02-13,2025-02-13,79.61746464892205,78.8222885131836,-0.009987458646728231,0.0,-0.009987458646728231,FOREIGN_FLIP_SELL,1,1860000.0,2000.0,0.06469996573831871,357132771.2930363
2464,2025-02-21,2025-02-24,2025-02-24,81.20782502475379,81.10842895507812,-0.0012239715771893422,0.0,-0.0012239715771893422,FOREIGN_FLIP_SELL,1,1396661.0,1000.0,0.07836092815759632,483799108.21775585
2467,2024-01-12,2024-01-15,2024-01-16,65.57756911320038,67.37811279296875,0.027456700577910276,-0.011395293752028635,0.03885199432993891,FOREIGN_FLIP_SELL,2,185050.0,50000.0,0.06191925973222934,114226151.98935509
2467,2024-04-18,2024-04-19,2024-04-19,126.03782563341464,119.87808227539062,-0.048872180451127734,0.0,-0.048872180451127734,FOREIGN_FLIP_SELL,1,3399020.0,25000.0,0.04331082456840929,723707770.147699
2467,2024-06-24,2024-06-25,2024-07-05,138.94445045761583,205.26983642578125,0.4773518175768925,0.02975257965914535,0.44759923791774714,FOREIGN_FLIP_SELL,9,2229700.0,65000.0,0.05456667469859888,382151187.6177063
2467,2024-10-09,2024-10-11,2024-10-14,224.63492723225585,228.9920654296875,0.019396530410993096,0.003215858580000841,0.016180671830992255,FOREIGN_FLIP_SELL,2,2866419.0,2000.0,0.034638901348918116,1112699773.6890562
2467,2024-11-04,2024-11-05,2024-11-07,219.79365579184,220.2777709960937,0.0022025895265702644,0.013071104305451442,-0.010868514778881178,FOREIGN_FLIP_SELL,3,1829100.0,279000.0,0.028184876809214776,1048974968.227838
2467,2025-11-28,2025-12-01,2025-12-10,206.0,221.0,0.07281553398058249,0.03870165632394307,0.034113877656639424,FOREIGN_FLIP_SELL,8,2224383.0,9000.0,0.14015572858731917,238336341.5
2467,2026-03-02,2026-03-03,2026-03-13,366.0,363.5,-0.006830601092896127,-0.02690064043399376,0.020070039341097634,FOREIGN_FLIP_SELL,9,2341418.0,16000.0,0.31458895819756094,1473512191.5
2467,2026-04-08,2026-04-09,2026-04-09,453.0,493.5,0.08940397350993368,0.0,0.08940397350993368,FOREIGN_FLIP_SELL,1,1136238.0,206000.0,0.15721649484536093,1621573153.5
2472,2024-05-07,2024-05-08,2024-05-08,74.23868629274436,74.51742553710938,0.003754636002930578,0.0,0.003754636002930578,FOREIGN_FLIP_SELL,1,1649000.0,45000.0,0.06689926532772805,147352006.91362074
2472,2024-06-20,2024-06-21,2024-06-24,73.588286872922,79.25607299804688,0.0770202210973121,-0.018908700814464607,0.09592892191177671,FOREIGN_FLIP_SELL,2,608000.0,1000.0,0.012269870562318097,106213121.06302413
2472,2024-07-12,2024-07-15,2024-07-15,84.36637383254995,82.97265625,-0.016519823233320463,0.0,-0.016519823233320463,FOREIGN_FLIP_SELL,1,1207000.0,166000.0,0.05025008321929847,302313283.71660465
2472,2025-01-17,2025-01-20,2025-02-06,88.97293876792848,93.30135345458984,0.04864866493790121,0.002139497198431428,0.04650916773946978,FOREIGN_FLIP_SELL,7,3844059.0,1000.0,0.12114194713027371,218894650.1517891
2472,2025-10-22,2025-10-23,2025-10-27,108.0,114.5,0.06018518518518512,0.016757472785653427,0.04342771239953169,FOREIGN_FLIP_SELL,2,3590177.0,580000.0,0.20165436759404365,741250872.125
2474,2024-04-25,2024-04-26,2024-05-24,195.01536220577336,204.06480407714844,0.046403738500490066,0.07180882069864003,-0.025405082198149964,20D_TIMEOUT,20,1923954.0,319000.0,0.023454135296410605,494663773.47340393
2474,2024-05-27,2024-05-28,2024-05-28,204.5172733498872,206.7796325683593,0.011061946902654274,0.0,0.011061946902654274,FOREIGN_FLIP_SELL,1,3203225.0,52370.0,0.009942999050069679,737360164.2746063
2474,2024-06-20,2024-06-21,2024-06-21,210.3994261106545,208.58953857421875,-0.008602150537634468,0.0,-0.008602150537634468,FOREIGN_FLIP_SELL,1,1069897.0,457000.0,0.024906273422538927,536503665.35175693
2474,2024-08-16,2024-08-19,2024-08-23,214.0785932948447,217.777572631836,0.01727860446045071,-0.011226426695902125,0.028505031156352834,FOREIGN_FLIP_SELL,5,1139751.0,248608.0,0.05697585800123117,679661708.6099144
2474,2024-09-10,2024-09-11,2024-09-11,217.3151837365102,218.23992919921875,0.004255319148936287,0.0,0.004255319148936287,FOREIGN_FLIP_SELL,1,2514181.0,225000.0,0.011307867551902051,391528214.5199135
2474,2024-09-30,2024-10-01,2024-10-01,220.089428991266,221.4765472412109,0.006302521008403117,0.0,0.006302521008403117,FOREIGN_FLIP_SELL,1,2896561.0,65000.0,0.0020125121085576847,518685742.079544
2474,2025-03-03,2025-03-04,2025-03-04,198.0770590855525,200.0001373291016,0.009708737864077888,0.0,0.009708737864077888,FOREIGN_FLIP_SELL,1,1236966.0,63117.0,0.03461106716646656,529291197.31836534
2474,2025-03-11,2025-03-12,2025-03-28,197.11551565147303,205.28858947753903,0.04146337135894007,-0.03031950147810203,0.0717828728370421,FOREIGN_FLIP_SELL,13,897530.0,77554.0,0.0071061039993352,483948459.2251054
2474,2025-04-17,2025-04-18,2025-05-16,207.6924437040441,213.94244384765625,0.030092573577295,0.1262519441847163,-0.0961593706074213,20D_TIMEOUT,20,1257403.0,154000.0,0.04400975443238564,682709467.8550849
2474,2025-07-09,2025-07-10,2025-07-16,208.0,211.0,0.014423076923076872,0.015407682488184804,-0.0009846055651079322,FOREIGN_FLIP_SELL,5,3594366.0,116453.0,0.025688806411535037,1003287350.4499999
2474,2025-07-25,2025-07-28,2025-08-06,215.5,214.0,-0.00696055684454755,0.0014683694925508028,-0.008428926337098352,FOREIGN_FLIP_SELL,7,1738883.0,14081.0,0.022526584521734616,683126358.5
2476,2024-08-15,2024-08-16,2024-08-16,100.37963748094512,98.45849609375,-0.019138755980861233,0.0,-0.019138755980861233,FOREIGN_FLIP_SELL,1,663000.0,1000.0,0.04448310501704733,360218811.391626
2477,2024-09-16,2024-09-18,2024-09-18,33.13318718915969,31.33965492248535,-0.05413099127575438,0.0,-0.05413099127575438,FOREIGN_FLIP_SELL,1,3159629.0,67944.0,0.30858470087186807,80569537.42039776
2477,2024-10-28,2024-10-29,2024-10-30,34.59633677962195,35.49310302734375,0.02592084397357408,-0.004630438149480831,0.030551282123054913,FOREIGN_FLIP_SELL,2,2669714.0,464000.0,0.1402788525559635,199247080.93739226
2478,2026-01-19,2026-01-20,2026-01-20,72.30000305175781,71.0999984741211,-0.016597572987343656,0.0,-0.016597572987343656,FOREIGN_FLIP_SELL,1,2463685.0,48000.0,0.16451607981035776,311853414.32854384
2480,2024-08-13,2024-08-14,2024-08-14,111.92757444866632,112.40386199951172,0.004255319148936287,0.0,0.004255319148936287,FOREIGN_FLIP_SELL,1,101467.0,2000.0,0.010318149129523002,31679141.132793427
2480,2024-09-16,2024-09-18,2024-10-01,115.26158204625864,117.16673278808594,0.016528931045408424,0.03282236440595976,-0.016293433360551335,FOREIGN_FLIP_SELL,10,121980.0,5000.0,0.015739778674258798,10198293.531454848
2480,2024-10-08,2024-10-09,2024-10-17,119.54817199707033,123.35847473144533,0.03187253030074255,0.017421703099328445,0.014450827201414107,FOREIGN_FLIP_SELL,6,242696.0,4000.0,0.027215054636349878,13161536.44784546
2480,2024-10-22,2024-10-23,2024-11-13,123.35847473144533,120.97703552246094,-0.019305031244661874,-0.020335726685904887,0.0010306954412430125,FOREIGN_FLIP_SELL,15,67000.0,3000.0,0.023809538944126407,25466331.743056487
2480,2025-02-06,2025-02-07,2025-02-17,147.6491414259661,148.12542724609375,0.0032257947152809496,0.001152578423166295,0.0020732162921146546,FOREIGN_FLIP_SELL,7,823000.0,5000.0,0.07067880189135112,149563442.43400267
2480,2025-02-25,2025-02-26,2025-02-27,150.98315599754497,150.03057861328125,-0.006309163283612973,-0.014928761271182256,0.008619597987569283,FOREIGN_FLIP_SELL,2,231184.0,2000.0,0.03274150934556119,98408494.83012696
2480,2025-05-19,2025-05-20,2025-06-05,156.69859536488852,152.8883056640625,-0.02431604247602459,0.006893997428803367,-0.031210039904827958,FOREIGN_FLIP_SELL,12,348130.0,58000.0,0.07573010283562587,131279847.28584747
2480,2025-06-27,2025-06-30,2025-06-30,157.0,155.5,-0.009554140127388533,0.0,-0.009554140127388533,FOREIGN_FLIP_SELL,1,115125.0,39087.0,0.029374280341546877,50212862.550000004
2480,2025-07-15,2025-07-16,2025-07-16,167.5,166.5,-0.005970149253731294,0.0,-0.005970149253731294,FOREIGN_FLIP_SELL,1,461323.0,15000.0,0.06994570424784397,44590644.0
2480,2025-08-12,2025-08-13,2025-08-25,183.0,180.5,-0.013661202185792365,-0.003801337613053901,-0.009859864572738464,FOREIGN_FLIP_SELL,9,453000.0,105104.0,0.08780341624213372,53877186.0
2481,2025-05-12,2025-05-13,2025-05-15,46.036596649828965,47.83148956298828,0.038988392795669125,0.018757934231856455,0.02023045856381267,FOREIGN_FLIP_SELL,3,1357790.0,102000.0,0.05431309603153922,62659336.804963306
2481,2025-07-25,2025-07-28,2025-07-28,49.45000076293945,49.70000076293945,0.005055611651018754,0.0,0.005055611651018754,FOREIGN_FLIP_SELL,1,941789.0,320000.0,0.040068690408992635,51560420.43749999
2481,2025-10-13,2025-10-14,2025-10-17,75.0,81.69999694824219,0.08933329264322909,0.01900555711351415,0.07032773552971494,FOREIGN_FLIP_SELL,4,4132900.0,1273000.0,0.015565585445886931,1350899084.7032204
2481,2025-10-22,2025-10-23,2025-10-23,99.6999969482422,98.0,-0.017051123372899712,0.0,-0.017051123372899712,FOREIGN_FLIP_SELL,1,23367997.0,2076000.0,0.26356594335635797,3184470676.898435
2481,2026-01-16,2026-01-19,2026-01-19,92.3000030517578,88.80000305175781,-0.03791982539846006,0.0,-0.03791982539846006,FOREIGN_FLIP_SELL,1,20226150.0,1228000.0,0.11429093137639512,1369594632.5249999
2481,2026-01-28,2026-01-29,2026-01-30,93.6999969482422,90.4000015258789,-0.035218735643995136,-0.014522855203057627,-0.02069588044093751,FOREIGN_FLIP_SELL,2,9883245.0,450961.0,0.07995360992204614,2491659167.572655
2481,2026-03-17,2026-03-18,2026-03-20,105.0,94.8000030517578,-0.09714282807849717,-0.023427438999703898,-0.07371538907879327,FOREIGN_FLIP_SELL,3,10172372.0,223000.0,0.15082439251083035,2215845980.4
2482,2024-09-23,2024-09-24,2024-09-24,30.49133958123572,29.71695709228516,-0.02539680117652532,0.0,-0.02539680117652532,FOREIGN_FLIP_SELL,1,182000.0,1000.0,0.024798866965788813,13157072.677791595
2486,2024-01-02,2024-01-03,2024-01-05,49.843490160428566,46.685089111328125,-0.06336637019066416,-0.002287670792527119,-0.06107869939813704,FOREIGN_FLIP_SELL,3,15013500.0,6000.0,0.14465273089368602,465116307.7551701
2486,2024-05-20,2024-05-21,2024-05-22,83.00668727285716,82.11837768554688,-0.01070166292012431,0.014836548818675244,-0.025538211738799554,FOREIGN_FLIP_SELL,2,2328400.0,97000.0,0.07532477547810879,3038323827.362013
2486,2026-01-26,2026-01-27,2026-01-30,122.0,128.0,0.049180327868852514,-0.007864674536276706,0.05704500240512922,FOREIGN_FLIP_SELL,4,20621441.0,985000.0,0.22156696771708817,1213366472.8000002
2486,2026-03-25,2026-03-26,2026-03-30,154.5,146.5,-0.05177993527508096,-0.024580666244767846,-0.02719926903031311,FOREIGN_FLIP_SELL,3,589500.0,130872.0,0.07966457023060802,1924922019.8999999
2489,2026-04-09,2026-04-10,2026-04-10,44.59999847412109,45.29999923706055,0.015695084907808576,0.0,0.015695084907808576,FOREIGN_FLIP_SELL,1,21032247.0,588000.0,0.16931071173008339,2086081849.6875
2492,2024-05-13,2024-05-14,2024-05-14,108.566680775518,109.5190200805664,0.00877192982456143,0.0,0.00877192982456143,FOREIGN_FLIP_SELL,1,246067.0,944.0,0.0357304322423293,378525716.0286942
2492,2024-07-05,2024-07-08,2024-07-08,116.66156816682056,113.80455017089844,-0.024489795918367196,0.0,-0.024489795918367196,FOREIGN_FLIP_SELL,1,2666000.0,944.0,0.03691057444852919,459860878.49053955
2492,2024-07-12,2024-07-15,2024-07-15,121.25630532541582,120.2862548828125,-0.008000000000000007,0.0,-0.008000000000000007,FOREIGN_FLIP_SELL,1,4320000.0,13000.0,0.05208892379849073,532996852.4807174
2492,2024-08-26,2024-08-27,2024-08-27,105.7354965209961,105.7354965209961,0.0,0.0,0.0,FOREIGN_FLIP_SELL,1,654000.0,986.0,0.009960603633763165,230261919.54914132
2492,2024-09-23,2024-09-24,2024-09-24,102.82535031340844,104.28042602539062,0.014150943396226356,0.0,0.014150943396226356,FOREIGN_FLIP_SELL,1,724422.0,2000.0,0.011505288812414749,125535912.43802263
2492,2024-10-21,2024-10-22,2024-10-23,104.28042602539062,102.34032440185548,-0.018604657628295107,-0.00852629098085167,-0.010078366647443437,FOREIGN_FLIP_SELL,2,442270.0,9000.0,0.00377000742025424,131899161.20711058
2492,2025-02-14,2025-02-17,2025-02-17,94.579919638093,94.09489440917967,-0.005128205128205443,0.0,-0.005128205128205443,FOREIGN_FLIP_SELL,1,1001798.0,1000.0,0.04149889564791098,155863149.10246578
2492,2025-03-18,2025-03-19,2025-03-24,94.0948954313123,93.51286315917967,-0.00618558817101289,0.006639573566039392,-0.012825161737052282,FOREIGN_FLIP_SELL,4,987046.0,4000.0,0.0052083516174552535,81322227.37148131
2492,2025-05-06,2025-05-07,2025-05-08,77.3130177992057,80.32018280029297,0.03889597233026598,-0.00015038304424519477,0.03904635537451118,FOREIGN_FLIP_SELL,2,331681.0,5000.0,0.03667740009993614,87161225.10146713
2492,2025-07-01,2025-07-02,2025-07-04,79.73814662924187,79.15611267089844,-0.007299316361712216,-0.0013393826867118541,-0.005959933675000362,FOREIGN_FLIP_SELL,3,840778.0,1000.0,0.004734660834171178,76928769.05599213
2492,2025-10-23,2025-10-27,2025-10-28,134.5,138.0,0.026022304832713727,-0.0015904147839432836,0.02761271961665701,FOREIGN_FLIP_SELL,2,2079199.0,4302000.0,0.17573961497487334,3207401775.6
2492,2026-01-02,2026-01-05,2026-01-08,126.5,122.5,-0.031620553359683834,0.008487340548522182,-0.040107893908206016,FOREIGN_FLIP_SELL,4,3327620.0,1000.0,0.05754937354002987,821819669.4
2492,2026-01-21,2026-01-22,2026-01-23,150.5,153.5,0.019933554817275656,0.006786024824792181,0.013147529992483475,FOREIGN_FLIP_SELL,2,8302866.0,2000.0,0.12681586179819404,2417094620.325
2498,2024-08-16,2024-08-19,2024-09-06,42.150001525878906,44.54999923706055,0.05693944541634499,-0.04348315295172944,0.10042259836807443,FOREIGN_FLIP_SELL,15,4168457.0,807.0,0.005493159522107716,217388149.94094998
2498,2025-01-20,2025-01-21,2025-02-04,55.59999847412109,48.0,-0.13669062378946817,-0.02171882472219322,-0.11497179906727495,FOREIGN_FLIP_SELL,4,21165020.0,179782.0,0.16105451845820973,1724411437.4554834
2498,2025-07-29,2025-07-30,2025-07-31,41.34999847412109,40.34999847412109,-0.02418379774852597,0.0034438577266941994,-0.02762765547522017,FOREIGN_FLIP_SELL,2,1366633.0,1878.0,0.0427263509494038,350553833.5
2501,2024-01-31,2024-02-01,2024-02-02,17.627888404064,17.35245132446289,-0.01562507506784583,0.005110182189104195,-0.020735257256950024,FOREIGN_FLIP_SELL,2,1016400.0,54000.0,0.04345458394572099,38930502.019116215
2501,2025-02-14,2025-02-17,2025-02-18,23.897674033278506,24.37183380126953,0.019841251802612092,0.006840120787098725,0.013001131015513367,FOREIGN_FLIP_SELL,2,1145767.0,2000.0,0.06593055095107658,29416891.23826447
2501,2025-10-08,2025-10-09,2025-10-15,23.600000381469727,24.0,0.016949136104436047,-0.0009599685461680885,0.017909104650604135,FOREIGN_FLIP_SELL,4,2487000.0,39000.0,0.02286273442402864,76440571.15558319
2501,2026-03-02,2026-03-03,2026-03-09,23.549999237060547,21.850000381469727,-0.07218679026178221,-0.06448115559903467,-0.00770563466274754,FOREIGN_FLIP_SELL,5,3345959.0,81000.0,0.0427807378679379,37979486.38085367
2501,2026-04-09,2026-04-10,2026-04-24,23.200000762939453,25.600000381469727,0.1034482560174792,0.09923167225545404,0.004216583762025161,FOREIGN_FLIP_SELL,11,2611687.0,16000.0,0.0046350895206690446,60440690.81591892
2504,2024-01-25,2024-01-26,2024-02-02,25.92349993061816,26.191675186157227,0.010344870725666366,0.0036065732127632533,0.006738297512903113,FOREIGN_FLIP_SELL,6,4490337.0,278000.0,0.03549505398344621,53995218.27403574
2504,2024-02-16,2024-02-19,2024-02-23,26.817414164543152,28.69463157653809,0.06999994110084318,0.013596875972721412,0.056403065128121765,FOREIGN_FLIP_SELL,5,1742100.0,76000.0,0.03900611618068517,77737778.6769826
2504,2024-03-11,2024-03-12,2024-03-12,32.35968165562436,33.03011703491211,0.020718231607548043,0.0,0.020718231607548043,FOREIGN_FLIP_SELL,1,2758447.0,66000.0,0.10728231451935288,210577317.22498417
2504,2024-04-03,2024-04-08,2024-04-08,35.84594286918479,36.91864013671875,0.02992520719704972,0.0,0.02992520719704972,FOREIGN_FLIP_SELL,1,4771892.0,212000.0,0.07070706908155633,202211132.7755123
2504,2024-07-01,2024-07-02,2024-07-03,42.73506313296503,43.06271362304688,0.007667017808360432,0.012808943510362658,-0.005141925702002226,FOREIGN_FLIP_SELL,2,16080941.0,142000.0,0.0018265015138554386,493553479.72289884
2504,2024-07-22,2024-07-23,2024-07-26,45.44988414794352,48.02428817749024,0.05664269728756177,-0.032906356086419675,0.08954905337398145,FOREIGN_FLIP_SELL,2,12444941.0,514000.0,0.053266065396227136,395149731.4938721
2504,2024-08-20,2024-08-21,2024-08-21,48.39874666449273,47.46260070800781,-0.01934235948245555,0.0,-0.01934235948245555,FOREIGN_FLIP_SELL,1,1383200.0,1104000.0,0.02410843214113334,368099656.2013931
2504,2025-06-06,2025-06-09,2025-06-12,42.40741272652355,43.53078842163086,0.026490078570737596,0.02283270536581483,0.0036573732049227647,FOREIGN_FLIP_SELL,4,2701784.0,751442.0,0.04761347936974114,220795516.40883064
2504,2025-11-07,2025-11-10,2025-11-10,36.900001525878906,36.400001525878906,-0.01355013494103352,0.0,-0.01355013494103352,FOREIGN_FLIP_SELL,1,174706.0,48935.0,0.040486985207571546,101912233.5
2505,2024-07-31,2024-08-01,2024-08-02,28.57116405989378,28.177080154418945,-0.013793064386481202,-0.04434260881041652,0.030549544423935315,FOREIGN_FLIP_SELL,2,918000.0,3000.0,0.021962486942701087,32922042.186647125
2511,2024-07-31,2024-08-01,2024-08-02,12.109781870205731,12.109782218933104,2.8797163764693323e-08,-0.04434260881041652,0.04434263760758028,FOREIGN_FLIP_SELL,2,2297000.0,6000.0,0.03037894346220149,46013371.13995467
2515,2024-04-26,2024-04-29,2024-04-29,17.59097231529471,18.02472305297852,0.024657576051477115,0.0,0.024657576051477115,FOREIGN_FLIP_SELL,1,16401107.0,109000.0,0.12027387382505528,1993503193.780611
2515,2024-11-22,2024-11-25,2024-11-26,11.25,11.25,0.0,-0.011748520051593436,0.011748520051593436,FOREIGN_FLIP_SELL,2,8013148.0,2000.0,0.022466735010848726,72521470.16135682
2515,2025-02-03,2025-02-04,2025-02-05,10.649999618530272,10.5,-0.01408447172798788,0.016127918339116087,-0.030212390067103967,FOREIGN_FLIP_SELL,2,3234652.0,6000.0,0.028240370566487982,76642192.41727208
2515,2025-02-14,2025-02-17,2025-02-17,11.300000190734863,11.25,-0.004424795565566408,0.0,-0.004424795565566408,FOREIGN_FLIP_SELL,1,3491100.0,1000.0,0.07383191088027496,62735161.5
2515,2025-03-03,2025-03-04,2025-03-06,11.550000190734863,12.100000381469728,0.047619063346515,0.005246247429579132,0.04237281591693587,FOREIGN_FLIP_SELL,3,1899173.0,3000.0,0.0455160298834858,74125625.27764493
2515,2025-11-03,2025-11-04,2025-11-04,15.995429039001465,15.28134822845459,-0.044642804441552664,0.0,-0.044642804441552664,FOREIGN_FLIP_SELL,1,24098609.0,221000.0,0.28187650579956336,372542302.4908878
2520,2024-04-11,2024-04-12,2024-04-12,37.14052871904579,37.30541610717773,0.004439554142571467,0.0,0.004439554142571467,FOREIGN_FLIP_SELL,1,1592862.0,220000.0,0.10380424130574273,157958130.31766453
2520,2024-04-17,2024-04-18,2024-04-19,37.34663650120663,40.7267951965332,0.09050771400035873,-0.03812977104377491,0.12863748504413364,FOREIGN_FLIP_SELL,2,3192565.0,228000.0,0.07580929231024292,182271052.3576271
2520,2024-04-25,2024-04-26,2024-04-26,43.44741387029745,45.01383209228516,0.03605319816419694,0.0,0.03605319816419694,FOREIGN_FLIP_SELL,1,4219700.0,313000.0,0.16227593529090223,645454732.2117859
2520,2024-05-08,2024-05-09,2024-05-13,48.22910301077162,46.82757568359375,-0.029059784231625585,0.014442134852914013,-0.0435019190845396,FOREIGN_FLIP_SELL,3,7665064.0,31269.0,0.11906932716322105,1241624265.6946776
2520,2024-06-11,2024-06-12,2024-06-12,49.87796170937601,49.05353164672852,-0.016528944535688872,0.0,-0.016528944535688872,FOREIGN_FLIP_SELL,1,6583897.0,92412.0,0.05198878109739802,676594051.064621
2520,2024-07-17,2024-07-18,2024-07-18,53.01079408929589,54.98942565917969,0.03732506942927172,0.0,0.03732506942927172,FOREIGN_FLIP_SELL,1,8792499.0,1256000.0,0.11478264548135342,448985013.63195986
2520,2024-07-31,2024-08-01,2024-08-02,51.47037651409872,47.65461730957031,-0.07413505520953778,-0.04434260881041652,-0.029792446399121264,FOREIGN_FLIP_SELL,2,2999531.0,9795.0,0.027632991016437236,733322556.0942417
2520,2024-11-07,2024-11-08,2024-11-12,41.718988057418265,44.008445739746094,0.05487807324513305,-0.024289876473432948,0.079167949718566,FOREIGN_FLIP_SELL,3,1219812.0,520422.0,0.0362307258075083,143728665.37926525
2520,2024-11-26,2024-11-27,2024-12-02,49.944070965974014,50.70722579956055,0.015280188795712135,0.018005568144623174,-0.002725379348911039,FOREIGN_FLIP_SELL,4,4192691.0,1000.0,0.13836908622417443,296427345.48192674
2520,2025-03-24,2025-03-25,2025-03-25,50.452843589538816,49.18092346191406,-0.025210078107242295,0.0,-0.025210078107242295,FOREIGN_FLIP_SELL,1,3946480.0,189186.0,0.04677847029602722,228619606.76935425
2520,2025-04-28,2025-04-29,2025-05-06,42.0157683010511,44.34762191772461,0.055499487715310325,0.01433125461490059,0.041168233100409735,FOREIGN_FLIP_SELL,5,494000.0,43000.0,0.005070971036913896,115743335.14061622
2520,2026-03-12,2026-03-13,2026-03-17,32.849998474121094,32.70000076293945,-0.0045661405829229285,0.013061251985560629,-0.017627392568483558,FOREIGN_FLIP_SELL,3,2760102.0,82000.0,0.04519771804354167,59850113.60376835
2524,2024-08-07,2024-08-08,2024-08-20,99.5,123.5,0.2412060301507537,0.07470017053965972,0.166505859611094,FOREIGN_FLIP_SELL,9,332787.0,1000.0,0.2252704711253326,973421554.125
2527,2024-07-29,2024-07-30,2024-07-31,41.98927643753749,44.35173416137695,0.056263358749556236,-0.001089865524954714,0.05735322427451095,FOREIGN_FLIP_SELL,2,680000.0,2000.0,0.016290817815812098,52368581.04586715
2530,2024-07-26,2024-07-29,2024-07-31,52.0609299817163,54.910980224609375,0.05474451270643854,0.001572757804550573,0.05317175490188797,FOREIGN_FLIP_SELL,3,2879290.0,158000.0,0.04344471852188758,112429748.32349014
2534,2024-07-23,2024-07-26,2024-07-26,27.93832442470608,28.65838432312012,0.025773195538429716,0.0,0.025773195538429716,FOREIGN_FLIP_SELL,1,3651330.0,76000.0,0.09882308224150926,95218576.13691749
2534,2024-07-31,2024-08-01,2024-08-02,28.94640642660642,27.69830322265625,-0.04311772541143344,-0.04434260881041652,0.0012248833989830787,FOREIGN_FLIP_SELL,2,3019940.0,3000.0,0.07118798355116285,116092189.51313381
2535,2025-05-23,2025-05-26,2025-06-11,63.400001525878906,59.70000076293945,-0.0583596320802795,0.04334623774023916,-0.10170586982051866,FOREIGN_FLIP_SELL,12,916276.0,90000.0,0.06849317332328764,38541663.582466505
2539,2024-04-18,2024-04-19,2024-04-19,65.32330383856295,65.75193786621094,0.006561732222045924,0.0,0.006561732222045924,FOREIGN_FLIP_SELL,1,2143000.0,390000.0,0.05226719762992249,91699816.2618164
2539,2024-05-31,2024-06-03,2024-06-03,63.35161196927571,63.26588439941406,-0.001353202660466235,0.0,-0.001353202660466235,FOREIGN_FLIP_SELL,1,1780490.0,4000.0,0.08312710381695676,86703348.14748344
2539,2024-06-21,2024-06-24,2024-06-24,65.40904110561836,64.46604919433594,-0.014416843533292867,0.0,-0.014416843533292867,FOREIGN_FLIP_SELL,1,2175300.0,1000.0,0.04520547864625257,58160268.141362764
2539,2024-07-02,2024-07-03,2024-07-05,65.58048309647245,65.75193786621094,0.00261441760784642,0.016578328704875966,-0.013963911097029547,FOREIGN_FLIP_SELL,3,1216601.0,1000.0,0.0247822391465069,52409295.10201836
2539,2025-03-21,2025-03-24,2025-04-01,68.0999984741211,63.59999847412109,-0.06607929663478729,-0.03738563073171597,-0.02869366590307132,FOREIGN_FLIP_SELL,7,1509998.0,2000.0,0.16420204094879098,90239689.33804932
2539,2025-06-30,2025-07-01,2025-07-07,66.0,65.4000015258789,-0.009090885971531737,-0.005542322778816722,-0.003548563192715015,FOREIGN_FLIP_SELL,5,1250430.0,180000.0,0.06801573983363962,44837172.8
2539,2025-07-23,2025-07-24,2025-07-31,66.5,65.0999984741211,-0.021052654524494785,0.007221314660304845,-0.02827396918479963,FOREIGN_FLIP_SELL,6,1068819.0,9000.0,0.022982259665142113,45606318.59220543
2540,2024-01-08,2024-01-09,2024-01-09,56.80524347780669,56.86906814575195,0.001123570009345931,0.0,0.001123570009345931,FOREIGN_FLIP_SELL,1,325000.0,8000.0,0.0244604516502287,59537551.1412838
2540,2024-02-15,2024-02-16,2024-02-19,57.1002740388593,56.20207214355469,-0.01573025542212536,0.0015343901570623597,-0.01726464557918772,FOREIGN_FLIP_SELL,2,657000.0,384.0,0.03078157157627781,64376062.38290596
2540,2024-05-07,2024-05-08,2024-05-08,107.784798289837,110.99267578125,0.029761873124138694,0.0,0.029761873124138694,FOREIGN_FLIP_SELL,1,657614.0,648000.0,0.3025048057245334,473206241.86893916
2540,2024-06-03,2024-06-04,2024-06-07,110.67188299197905,116.76686096191406,0.055072506269516985,0.023494435867685626,0.03157807040183136,FOREIGN_FLIP_SELL,4,1217400.0,15000.0,0.05214586994328951,486538741.9974067
2540,2024-06-14,2024-06-17,2024-06-17,126.06971934897828,116.76686096191406,-0.07379137857293572,0.0,-0.07379137857293572,FOREIGN_FLIP_SELL,1,1347000.0,45000.0,0.15805021108368944,418668160.3309681
2542,2024-06-06,2024-06-07,2024-06-12,42.574777145122304,43.4289665222168,0.020063273007463245,0.008718856138114184,0.011344416869349061,FOREIGN_FLIP_SELL,3,3413495.0,52392.0,0.04358365811448772,329321499.23371696
2542,2024-11-25,2024-11-26,2024-12-05,46.0,46.79999923706055,0.017391287762185792,0.02597936102277698,-0.00858807326059119,FOREIGN_FLIP_SELL,8,9221120.0,5940.0,0.08743136708923904,228612069.0899393
2542,2025-08-18,2025-08-19,2025-08-20,42.70000076293945,42.0,-0.01639346019747623,-0.02989552002278928,0.01350205982531305,FOREIGN_FLIP_SELL,2,3964270.0,83000.0,0.01745400227712013,148044062.44516754
2542,2025-09-01,2025-09-02,2025-09-17,42.34999847412109,42.43442153930664,0.0019934608790397323,0.059186566423165665,-0.05719310554412593,FOREIGN_FLIP_SELL,12,1949672.0,168000.0,0.004636786984846264,133246457.175
2542,2026-02-11,2026-02-23,2026-02-24,39.25,37.79999923706055,-0.03694269459718347,0.027464288213389976,-0.06440698281057344,FOREIGN_FLIP_SELL,2,4100080.0,564000.0,0.021897767006619828,155006478.37694013
2543,2024-04-18,2024-04-19,2024-04-22,31.052128703959017,31.84185791015625,0.025432369346599648,-0.0059352553064973,0.03136762465309695,FOREIGN_FLIP_SELL,2,772000.0,37000.0,0.13415190431902002,218708279.55188656
2543,2024-07-17,2024-07-18,2024-07-18,49.061451054038926,48.66896057128906,-0.007999977055663354,0.0,-0.007999977055663354,FOREIGN_FLIP_SELL,1,2540002.0,2000.0,0.18839763811750476,813829528.8997513
2543,2025-08-15,2025-08-18,2025-08-18,86.4000015258789,85.80000305175781,-0.006944426661166014,0.0,-0.006944426661166014,FOREIGN_FLIP_SELL,1,2952405.0,1804000.0,0.11792140039208165,240748356.99346048
2546,2026-01-19,2026-01-20,2026-01-20,89.80000305175781,89.5,-0.003340791108714103,0.0,-0.003340791108714103,FOREIGN_FLIP_SELL,1,107899.0,22000.0,0.020686555235621906,9747579.301261138
2548,2024-01-04,2024-01-05,2024-01-09,79.10277562467205,78.36502838134766,-0.009326439401126319,0.0009332426586992071,-0.010259682059825526,FOREIGN_FLIP_SELL,3,211000.0,7000.0,0.0025946714469018417,34877641.86376419
2548,2024-03-12,2024-03-13,2024-03-18,84.84080117057907,88.11967468261719,0.03864736620586218,-0.002441735825823521,0.0410891020316857,FOREIGN_FLIP_SELL,4,1199000.0,25000.0,0.056607679659679944,86703247.374411
2548,2024-04-17,2024-04-18,2024-04-18,111.07177403688084,122.13796997070312,0.099631036145581,0.0,0.099631036145581,FOREIGN_FLIP_SELL,1,1466681.0,792000.0,0.0773206244861746,274228487.6660156
2548,2024-05-03,2024-05-06,2024-05-06,144.27034996244493,140.99148559570312,-0.02272722265937055,0.0,-0.02272722265937055,FOREIGN_FLIP_SELL,1,710000.0,567000.0,0.1685241890734286,811678911.6440643
2548,2024-05-13,2024-05-14,2024-05-14,132.38444297036293,127.05626678466795,-0.040247751670396736,0.0,-0.040247751670396736,FOREIGN_FLIP_SELL,1,1294570.0,94000.0,0.03271325512939538,951100425.400496
2548,2024-07-19,2024-07-22,2024-07-23,149.68050185234335,148.77879333496094,-0.006024221633569415,0.027625011418902057,-0.03364923305247147,FOREIGN_FLIP_SELL,2,4127613.0,150000.0,0.11826494660824216,582322027.0921952
2548,2024-11-25,2024-11-26,2024-11-26,112.71121666971042,110.9078369140625,-0.016000002563476556,0.0,-0.016000002563476556,FOREIGN_FLIP_SELL,1,163497.0,10000.0,0.03712922504927185,131337444.41242218
2548,2025-09-04,2025-09-05,2025-09-08,109.0,102.0,-0.06422018348623848,0.00215561079559623,-0.06637579428183471,FOREIGN_FLIP_SELL,2,446811.0,15000.0,0.10053236428566015,106899945.75
2548,2026-02-11,2026-02-23,2026-02-23,109.0,109.5,0.004587155963302836,0.0,0.004587155963302836,FOREIGN_FLIP_SELL,1,663825.0,204000.0,0.009537101651546864,77279016.5
2548,2026-03-12,2026-03-13,2026-03-19,115.5,116.5,0.008658008658008587,0.008663371257900954,-5.3625998923667595e-06,FOREIGN_FLIP_SELL,5,1551985.0,254000.0,0.05168133604152558,135288554.975
2548,2026-03-25,2026-03-26,2026-04-20,123.5,128.0,0.036437246963562764,0.10862141834646044,-0.07218417138289768,FOREIGN_FLIP_SELL,16,3850976.0,130000.0,0.0678772157371379,224112096.97500002
2597,2024-06-13,2024-06-14,2024-06-17,102.93003911184032,103.48343658447266,0.005376442848049834,-0.0003639861324233884,0.005740428980473222,FOREIGN_FLIP_SELL,2,411590.0,100.0,0.023424389961502978,94800521.47375794
2597,2024-07-11,2024-07-12,2024-07-12,113.19677299701466,111.7711181640625,-0.012594482998113055,0.0,-0.012594482998113055,FOREIGN_FLIP_SELL,1,984200.0,133000.0,0.11104950940017888,116114662.84235154
2597,2024-07-17,2024-07-18,2024-08-02,116.3332066989946,126.31277465820312,0.0857843451786735,-0.07523486819759939,0.1610192133762729,FOREIGN_FLIP_SELL,10,172000.0,2000.0,0.12224606616057465,114777462.46569061
2597,2024-11-13,2024-11-14,2024-11-15,114.96457908599038,112.96866607666016,-0.017361112659207256,0.0012057324525860391,-0.018566845111793295,FOREIGN_FLIP_SELL,2,347880.0,1000.0,0.03679536898991387,32771742.80763702
2597,2025-02-14,2025-02-17,2025-02-19,132.9277885838559,140.51226806640625,0.057057140296634,0.004201174783412309,0.05285596551322169,FOREIGN_FLIP_SELL,3,190462.0,1000.0,0.05330348953945374,52388569.71507339
2597,2025-10-15,2025-10-16,2025-10-27,173.5,169.5,-0.023054755043227626,0.012505908393567466,-0.03556066343679509,FOREIGN_FLIP_SELL,7,1975056.0,26000.0,0.11702986279257455,79615352.55
2603,2024-02-22,2024-02-23,2024-02-23,134.8708512357036,131.57125854492188,-0.024464831804281273,0.0,-0.024464831804281273,FOREIGN_FLIP_SELL,1,36115969.0,3664609.0,0.06348173222811448,3188399826.3625517
2603,2024-03-11,2024-03-12,2024-03-13,149.30655826822917,157.55555725097656,0.055248738423988586,0.0007009439745004897,0.054547794449488096,FOREIGN_FLIP_SELL,2,8896156.0,3081000.0,0.11128253071012773,4587407899.706813
2603,2024-04-15,2024-04-16,2024-04-16,145.59453074883157,140.6451416015625,-0.03399433427762044,0.0,-0.03399433427762044,FOREIGN_FLIP_SELL,1,18364815.0,160000.0,0.03608850574283817,6677476480.777358
2603,2024-04-30,2024-05-02,2024-05-02,156.73064344842246,149.71900939941406,-0.0447368421052633,0.0,-0.0447368421052633,FOREIGN_FLIP_SELL,1,25721441.0,265000.0,0.0848719252760437,5389312839.553902
2603,2024-08-01,2024-08-02,2024-08-02,149.3225151195861,148.45436096191406,-0.005813953488372214,0.0,-0.005813953488372214,FOREIGN_FLIP_SELL,1,5550074.0,1639788.0,0.008790936490916001,3887682299.6423798
2603,2024-08-16,2024-08-19,2024-08-27,161.91075627944048,159.30628967285156,-0.016085815831123007,-0.010023853618321699,-0.006061962212801308,FOREIGN_FLIP_SELL,7,17482691.0,285233.0,0.08139530546723361,4281015572.02256
2603,2024-09-13,2024-09-16,2024-09-16,160.6085155456047,160.1744384765625,-0.002702702702702786,0.0,-0.002702702702702786,FOREIGN_FLIP_SELL,1,15170623.0,965000.0,0.012761338251671361,2332677686.6386943
2603,2024-09-23,2024-09-24,2024-09-30,171.02637526568245,174.49899291992188,0.02030457377609074,-0.009238689077324835,0.029543262853415575,FOREIGN_FLIP_SELL,5,30027584.0,407000.0,0.0577705937213322,2625800482.0913405
2603,2024-10-17,2024-10-18,2024-10-28,170.59230041503906,178.83975219726562,0.048345979051581445,-0.012313019968762995,0.06065899902034444,FOREIGN_FLIP_SELL,7,10363197.0,721795.0,0.014062744007388384,4259495624.3848834
2603,2024-11-01,2024-11-04,2024-11-07,185.7849996752524,186.2190704345703,0.0023364144579844925,0.019308606360794345,-0.016972191902809852,FOREIGN_FLIP_SELL,4,17452812.0,1504525.0,0.07820806872681674,3567749241.042616
2603,2025-02-17,2025-02-18,2025-02-19,187.0872286525341,188.8235321044922,0.009280716083420293,-0.0026210179244977594,0.011901734007918052,FOREIGN_FLIP_SELL,2,5372409.0,640805.0,0.046258181892078865,2870620578.638776
2603,2025-05-12,2025-05-13,2025-05-15,205.75253414031,213.13185119628903,0.035865011757020726,0.018757934231856455,0.01710707752516427,FOREIGN_FLIP_SELL,3,8200002.0,2510709.0,0.04718345121778933,2840885397.7184715
2603,2025-12-15,2025-12-16,2025-12-18,183.0,183.0,0.0,-0.0024741874645802797,0.0024741874645802797,FOREIGN_FLIP_SELL,3,5953446.0,1095000.0,0.013672144731390556,1347496173.9
2603,2025-12-30,2025-12-31,2025-12-31,191.5,190.0,-0.007832898172323799,0.0,-0.007832898172323799,FOREIGN_FLIP_SELL,1,7368112.0,70000.0,0.03663500678426046,1459265393.45
2603,2026-03-04,2026-03-05,2026-03-09,212.0,210.5,-0.007075471698113178,-0.04640288074403209,0.039327409045918915,FOREIGN_FLIP_SELL,3,14948635.0,3543207.0,0.09171443460135476,3476867939.325
2605,2024-02-20,2024-02-21,2024-02-26,25.183859845584216,25.18385887145996,-3.868049858191114e-08,0.014549995497931345,-0.014550034178429927,FOREIGN_FLIP_SELL,4,6896000.0,2038000.0,0.11635718510251958,135080051.20583656
2605,2024-05-28,2024-05-29,2024-05-30,30.51474942607065,30.468795776367188,-0.0015059487810902272,-0.013757393248701622,0.012251444467611394,FOREIGN_FLIP_SELL,2,15563000.0,120000.0,0.1533984074155943,753642948.5988007
2605,2026-01-08,2026-01-09,2026-01-13,27.25,27.5,0.00917431192660545,0.013808983625686722,-0.004634671699081272,FOREIGN_FLIP_SELL,3,5062000.0,510000.0,0.027547452183291465,257984513.5058973
2605,2026-01-21,2026-01-22,2026-01-23,29.5,28.75,-0.025423728813559365,0.006786024824792181,-0.032209753638351546,FOREIGN_FLIP_SELL,2,10125800.0,200000.0,0.06007717883183772,258946509.15642554
2605,2026-02-24,2026-02-25,2026-03-02,31.39999961853028,37.09999847412109,0.18152862817956938,-0.008979183842123928,0.1905078120216933,FOREIGN_FLIP_SELL,3,10563530.0,450000.0,0.06149088905877442,433137523.327788
2605,2026-03-19,2026-03-20,2026-03-20,46.25,39.79999923706055,-0.1394594759554476,0.0,-0.1394594759554476,FOREIGN_FLIP_SELL,1,24630685.0,1000.0,0.23901389331283052,1623620146.2376077
2606,2024-02-21,2024-02-22,2024-02-26,48.83721307342127,49.65267562866211,0.01669756531796529,0.005053445058405437,0.011644120259559854,FOREIGN_FLIP_SELL,3,8776550.0,1191793.0,0.08781061576066285,267361452.96789363
2606,2024-03-11,2024-03-12,2024-03-12,50.73996164132883,50.28692626953125,-0.008928571428571508,0.0,-0.008928571428571508,FOREIGN_FLIP_SELL,1,7909462.0,206000.0,0.07127596109493872,480729388.9919987
2606,2024-04-15,2024-04-16,2024-04-16,51.01178323727708,49.47146224975586,-0.030195395843280792,0.0,-0.030195395843280792,FOREIGN_FLIP_SELL,1,6239000.0,578017.0,0.04367135982871306,264199700.18173027
2606,2024-05-06,2024-05-07,2024-05-08,50.73996254444023,51.73663711547852,0.01964279280193315,0.0022746944638225575,0.017368098338110594,FOREIGN_FLIP_SELL,2,2393279.0,31023.0,0.0033873295689863525,328739002.32255423
2606,2024-05-28,2024-05-29,2024-05-30,55.36092090994675,53.45817184448242,-0.0343698954820395,-0.013757393248701622,-0.02061250223333788,FOREIGN_FLIP_SELL,2,3314831.0,173000.0,0.04763554823628513,1199601911.9578834
2606,2024-07-03,2024-07-04,2024-07-04,57.08473512711806,55.76157760620117,-0.023178832624351164,0.0,-0.023178832624351164,FOREIGN_FLIP_SELL,1,15837270.0,41000.0,0.09324634874150006,668301478.1634516
2606,2024-08-22,2024-08-23,2024-08-27,50.37444460755961,50.5634651184082,0.003752309575244972,0.0012162269603968046,0.0025360826148481674,FOREIGN_FLIP_SELL,3,584908.0,3086.0,0.021087686062103872,164887868.67559204
2606,2024-08-30,2024-09-02,2024-09-02,51.88662265709038,50.5634651184082,-0.025500937831831716,0.0,-0.025500937831831716,FOREIGN_FLIP_SELL,1,919000.0,4175.0,0.043146638320912034,177536704.95086822
2606,2024-10-01,2024-10-04,2024-10-07,51.792109268009206,52.26466751098633,0.009124135889731155,0.01792829627283954,-0.008804160383108384,FOREIGN_FLIP_SELL,2,4484453.0,1986359.0,0.07573880641854669,249874871.9082737
2606,2024-10-15,2024-10-16,2024-10-17,51.50857733614069,51.60308837890625,0.0018348602825659643,0.001862561878152258,-2.7701595586293593e-05,FOREIGN_FLIP_SELL,2,1196567.0,59000.0,0.014330952136791808,274033076.8954954
2606,2024-10-28,2024-10-29,2024-11-26,51.9811344351055,57.36827087402344,0.1036363768790649,-0.010809722676334288,0.1144460995553992,20D_TIMEOUT,20,1687079.0,9362.0,0.005189826816069942,281903196.1870119
2606,2024-11-27,2024-11-28,2024-12-02,56.2341333486266,55.289024353027344,-0.01680667842322736,0.019643537986256954,-0.036450216409484315,FOREIGN_FLIP_SELL,3,2545996.0,1426940.0,0.011283577662679178,344772639.6405121
2606,2025-02-12,2025-02-13,2025-02-18,58.1243565275715,66.15780639648438,0.13821142028647104,0.011397689812226552,0.1268137304742445,FOREIGN_FLIP_SELL,4,6111749.0,415148.0,0.04862433818255241,228049719.79115373
2606,2025-02-24,2025-02-25,2025-02-25,69.84374284850485,68.3315658569336,-0.021650858472050283,0.0,-0.021650858472050283,FOREIGN_FLIP_SELL,1,10967086.0,8076598.0,0.1779871947662277,1330162047.478467
2606,2025-07-23,2025-07-24,2025-07-25,54.79999923706055,56.70000076293945,0.03467156117392722,-0.00040000501364123586,0.03507156618756846,FOREIGN_FLIP_SELL,2,4792329.0,14239.0,0.07057890644011366,261174078.0
2606,2025-08-18,2025-08-19,2025-08-19,59.70000076293945,59.20000076293945,-0.00837520927320301,0.0,-0.00837520927320301,FOREIGN_FLIP_SELL,1,2418045.0,2496634.0,0.08949414389724342,395527476.4479673
2606,2025-09-10,2025-09-11,2025-09-11,57.09999847412109,56.5,-0.010507854468560396,0.0,-0.010507854468560396,FOREIGN_FLIP_SELL,1,2490000.0,123820.0,0.010406469110450622,343810071.62193185
2606,2025-11-19,2025-11-20,2025-11-21,55.5,54.900001525878906,-0.010810783317497186,-0.03614843327615369,0.025337649958656505,FOREIGN_FLIP_SELL,2,3336070.0,15000.0,0.00036445720474298504,234272462.47631872
2606,2025-11-26,2025-11-27,2025-11-27,62.79999923706055,60.400001525878906,-0.03821652452768365,0.0,-0.03821652452768365,FOREIGN_FLIP_SELL,1,9975259.0,81000.0,0.13714179282239058,404122476.3075439
2606,2026-02-24,2026-02-25,2026-03-02,64.0999984741211,67.69999694824219,0.056162224022119345,-0.008979183842123928,0.06514140786424327,FOREIGN_FLIP_SELL,3,3803550.0,139898.0,0.023836188709406514,495432752.0
2607,2024-01-26,2024-01-29,2024-01-29,31.53533314104413,31.48895835876465,-0.0014705657958984375,0.0,-0.0014705657958984375,FOREIGN_FLIP_SELL,1,3187161.0,336000.0,0.021974723158485032,247694626.20551348
2607,2024-03-06,2024-03-07,2024-03-13,30.886077281584623,30.144067764282227,-0.02402407759773395,0.011932363537259683,-0.03595644113499363,FOREIGN_FLIP_SELL,5,1138000.0,132000.0,0.007335684382673069,61356448.52897502
2607,2024-05-06,2024-05-07,2024-05-08,31.117953176738187,31.025203704833984,-0.0029805775263372913,0.0022746944638225575,-0.005255271990159849,FOREIGN_FLIP_SELL,2,2863000.0,124000.0,0.053209844271384865,157687342.3249569
2607,2024-08-13,2024-08-14,2024-08-15,30.65465573042171,30.36636734008789,-0.009404391713579763,-0.005996212787569899,-0.003408178926009864,FOREIGN_FLIP_SELL,2,417217.0,1000.0,0.028067893574307723,60053285.07242966
2607,2025-03-18,2025-03-19,2025-03-25,30.8948974609375,31.039039611816406,0.004665564954897672,0.014223477613951374,-0.009557912659053702,FOREIGN_FLIP_SELL,5,3341392.0,6000.0,0.04197056799994048,64008623.20466309
2607,2025-05-20,2025-05-21,2025-06-03,32.48048139936808,33.3453483581543,0.026627282648681527,-0.031048580915012947,0.057675863563694474,FOREIGN_FLIP_SELL,9,7219456.0,27000.0,0.1013359029989267,102129790.0232193
2607,2025-07-18,2025-07-21,2025-07-28,34.599998474121094,34.349998474121094,-0.007225433844657125,0.0031027498988105418,-0.010328183743467667,FOREIGN_FLIP_SELL,6,799933.0,16000.0,0.012399730501515771,82868015.66199647
2607,2025-08-06,2025-08-07,2025-08-11,37.09999847412109,37.25,0.004043167979738582,0.005487907579620144,-0.0014447395998815615,FOREIGN_FLIP_SELL,3,2788509.0,72000.0,0.05971646119289287,77381261.64999999
2608,2024-07-29,2024-07-30,2024-08-05,39.09883692944366,37.141510009765625,-0.050061001129270255,-0.10766449402503042,0.05760349289576017,FOREIGN_FLIP_SELL,5,431000.0,1000.0,0.006831234892722193,12745749.202350426
2608,2025-05-06,2025-05-07,2025-05-12,35.80479394636269,35.422874450683594,-0.010666713967164121,0.02837705230791876,-0.03904376627508288,FOREIGN_FLIP_SELL,4,292381.0,2000.0,0.04511063779266822,7588613.6368427295
2609,2024-01-08,2024-01-09,2024-01-09,46.51452067813068,44.94954681396485,-0.03364484555253344,0.0,-0.03364484555253344,FOREIGN_FLIP_SELL,1,43084542.0,1076000.0,0.1110564811296606,7501223657.646941
2609,2024-05-07,2024-05-08,2024-05-23,46.25369238039462,61.99038314819336,0.34022561136046714,0.043811477695154144,0.296414133665313,FOREIGN_FLIP_SELL,12,28256902.0,2174000.0,0.10712775904827998,2491035438.0276446
2609,2024-06-05,2024-06-06,2024-06-06,71.29328013478779,72.77130889892578,0.020731670100514465,0.0,0.020731670100514465,FOREIGN_FLIP_SELL,1,40016952.0,1876000.0,0.11080414130214167,10838934694.372198
2609,2024-06-20,2024-06-21,2024-06-21,68.59804433170181,65.98975372314453,-0.03802281295287435,0.0,-0.03802281295287435,FOREIGN_FLIP_SELL,1,12494584.0,46270.0,0.008480700315769196,9454384836.416725
2609,2024-08-01,2024-08-02,2024-08-06,56.89458937847809,54.74424362182617,-0.03779525927056504,-0.05254947736657234,0.014754218096007299,FOREIGN_FLIP_SELL,3,8774588.0,7000.0,0.01043689750505905,2536196489.28582
2609,2024-09-27,2024-09-30,2024-09-30,65.31678256872354,61.82246780395508,-0.05349796219818226,0.0,-0.05349796219818226,FOREIGN_FLIP_SELL,1,49655081.0,41000.0,0.14209617365943017,3148246654.6997147
2609,2024-10-18,2024-10-21,2024-10-24,59.4929260296728,60.29930877685547,0.013554262682935914,-0.014867126688527077,0.02842138937146299,FOREIGN_FLIP_SELL,4,15780023.0,6000.0,0.0031204929079517996,3568140492.308876
2609,2024-11-19,2024-11-20,2024-11-22,69.07988739013672,69.43827819824219,0.005188063004234689,0.009518578841710479,-0.00433051583747579,FOREIGN_FLIP_SELL,3,60529198.0,1586000.0,0.0687458788861135,3469827051.86873
2609,2025-02-14,2025-02-17,2025-02-27,62.98724268927671,65.31678009033203,0.03698427334797283,-0.01923607918383541,0.05622035253180824,FOREIGN_FLIP_SELL,9,16838177.0,94480.0,0.02239675067132496,1877061180.1682303
2609,2025-03-07,2025-03-10,2025-03-10,67.46713446755736,66.30236053466797,-0.01726431605672374,0.0,-0.01726431605672374,FOREIGN_FLIP_SELL,1,15848264.0,4083.0,0.04732572447171535,1344236611.239109
2609,2025-03-18,2025-03-19,2025-03-21,69.34868346591205,68.81109619140625,-0.0077519463620393525,0.011305106881970728,-0.01905705324401008,FOREIGN_FLIP_SELL,3,50068663.0,824000.0,0.0545678137954726,1862867367.077519
2609,2025-04-01,2025-04-02,2025-04-08,68.9902937149266,56.26740646362305,-0.18441561220010938,-0.13326331452460494,-0.05115229767550444,FOREIGN_FLIP_SELL,3,12065119.0,1616000.0,0.018720611163758782,1928394253.982956
2609,2025-05-13,2025-05-14,2025-05-19,70.3342588538209,74.63495635986328,0.06114655327470975,-0.01189187066348818,0.07303842393819793,FOREIGN_FLIP_SELL,4,52051810.0,1259599.0,0.095813437360726,2287639205.016419
2610,2024-05-06,2024-05-07,2024-05-09,20.10846716264877,19.781118392944336,-0.01627915082023157,-0.004491230737936669,-0.0117879200822949,FOREIGN_FLIP_SELL,3,23779912.0,1000.0,0.06030651436203449,1105844589.0935762
2610,2024-05-16,2024-05-17,2024-05-17,22.44666163489916,22.259605407714844,-0.008333365122477288,0.0,-0.008333365122477288,FOREIGN_FLIP_SELL,1,56518785.0,598938.0,0.11670372966985076,1904609535.5850456
2610,2024-10-22,2024-10-23,2024-11-18,21.00594994601141,22.836746215820312,0.08715608075399284,-0.03377882228237661,0.12093490303636945,FOREIGN_FLIP_SELL,18,22684534.0,28603.0,0.02419544144565733,429311407.5330322
2610,2024-11-27,2024-11-28,2024-12-04,24.04121578124473,25.53475570678711,0.062124142935713556,0.04289133861964367,0.019232804316069885,FOREIGN_FLIP_SELL,5,101180546.0,754321.0,0.05597959170010802,1208114621.596758
2610,2024-12-18,2024-12-19,2024-12-20,24.95661044788088,24.95661163330078,4.749923476765616e-08,-0.01840203207273594,0.01840207957197071,FOREIGN_FLIP_SELL,2,23555623.0,490878.0,0.025092420441652497,1708023780.8888016
2610,2025-03-06,2025-03-07,2025-03-10,23.511247041544934,23.703962326049805,0.008196727471083909,-0.005178931508299844,0.013375658979383753,FOREIGN_FLIP_SELL,2,15440414.0,330829.0,0.014869510287782939,434265082.51913446
2610,2025-03-21,2025-03-24,2025-03-25,23.55942726135254,23.51124763488769,-0.0020450253705395216,0.00753388228226104,-0.009578907652800561,FOREIGN_FLIP_SELL,2,9473845.0,486224.0,0.00866340724264325,443189898.72280836
2610,2025-12-23,2025-12-24,2025-12-30,19.950000762939453,20.200000762939453,0.012531327841571738,0.011812724564439492,0.0007186032771322459,FOREIGN_FLIP_SELL,4,11540214.0,51000.0,0.032157660647181396,513614101.7193603
2610,2026-01-21,2026-01-22,2026-01-23,22.799999237060547,22.350000381469727,-0.019736792572315753,0.006786024824792181,-0.026522817397107934,FOREIGN_FLIP_SELL,2,53512686.0,935345.0,0.07397127438608608,718320366.15
2610,2026-02-04,2026-02-05,2026-02-23,22.700000762939453,21.950000762939453,-0.033039646466640926,0.062009857360008525,-0.09504950382664945,FOREIGN_FLIP_SELL,6,22538639.0,2070000.0,0.03910996581232373,861420805.8870106
2614,2025-10-21,2025-10-22,2025-10-22,21.950000762939453,21.950000762939453,0.0,0.0,0.0,FOREIGN_FLIP_SELL,1,781000.0,205000.0,0.03122040096492351,27066032.122764014
2615,2024-04-23,2024-04-24,2024-04-25,42.786614215320405,43.07059860229492,0.006637225033637506,-0.013626259295338894,0.0202634843289764,FOREIGN_FLIP_SELL,2,8299287.0,20744.0,0.01696834223195176,253492313.72451708
2615,2024-05-08,2024-05-09,2024-05-14,50.92743098945383,64.74788665771484,0.27137547289834796,0.02067432726576346,0.2507011456325845,FOREIGN_FLIP_SELL,4,14817548.0,2599000.0,0.13329044699311265,687752992.6342629
2615,2024-06-06,2024-06-07,2024-06-11,92.4834550209572,83.49069213867188,-0.09723645034938966,-0.0030314102026263168,-0.09420504014676334,FOREIGN_FLIP_SELL,2,10310429.0,598000.0,0.25697962885627756,5516102203.653379
2615,2024-08-01,2024-08-02,2024-08-06,75.38704854867882,76.73668670654297,0.017902785476376026,-0.05254947736657234,0.07045226284294837,FOREIGN_FLIP_SELL,3,5942328.0,1000.0,0.034997707020414826,2120975211.5833797
2615,2024-08-30,2024-09-02,2024-09-02,80.20719291100501,76.64028930664062,-0.04447111879756338,0.0,-0.04447111879756338,FOREIGN_FLIP_SELL,1,19893979.0,2000.0,0.04145727761398721,2629819858.101574
2615,2024-09-13,2024-09-16,2024-09-16,75.67626229448136,75.48345947265625,-0.0025477318247412173,0.0,-0.0025477318247412173,FOREIGN_FLIP_SELL,1,10745519.0,119000.0,0.006097501053387466,1215486276.4088624
2615,2024-09-20,2024-09-23,2024-09-30,78.7611455824466,94.47482299804688,0.19951052386803214,-0.002736764003337,0.20224728787136914,FOREIGN_FLIP_SELL,6,13155929.0,164382.0,0.028861368149767808,1202058005.4967523
2615,2024-11-20,2024-11-21,2024-11-22,92.06474655996344,90.23309326171876,-0.01989527334495711,0.015457767754733176,-0.035353041099690286,FOREIGN_FLIP_SELL,2,20188729.0,89414.0,0.04526162858438565,3947505559.9801273
2615,2025-02-14,2025-02-17,2025-03-10,79.3395700027771,82.9064712524414,0.044957405863675026,-0.04450818959030989,0.08946559545398491,FOREIGN_FLIP_SELL,15,12634658.0,46426.0,0.06980373282968566,885745568.8323181
2615,2025-03-17,2025-03-18,2025-03-21,83.87050528313829,83.00287628173828,-0.010344864365261386,-0.0028094127076903064,-0.0075354516575710795,FOREIGN_FLIP_SELL,4,14097279.0,6000.0,0.017529380863575028,1037173402.4605397
2615,2025-04-28,2025-04-29,2025-05-08,79.8215872238698,81.46043395996094,0.020531372440575346,0.015359818177377749,0.0051715542631975975,FOREIGN_FLIP_SELL,7,5295704.0,23599.0,0.04534486405695293,1538913474.5659056
2615,2025-05-14,2025-05-15,2025-05-22,96.40287644792312,121.94963836669922,0.2649999964739276,-0.0027284114310696106,0.2677284079049972,FOREIGN_FLIP_SELL,6,19171920.0,15217.0,0.16072489538130164,2033278557.5262954
2615,2026-04-01,2026-04-02,2026-04-02,79.5,78.0,-0.018867924528301883,0.0,-0.018867924528301883,FOREIGN_FLIP_SELL,1,10926776.0,1000.0,0.022618097107669044,1529400315.1382103
2617,2025-08-08,2025-08-11,2025-08-13,28.100000381469727,28.0,-0.0035587323883337074,0.009716787771125501,-0.013275520159459209,FOREIGN_FLIP_SELL,3,836000.0,4000.0,0.02451610980069474,23400954.4900446
2617,2025-08-18,2025-08-19,2025-08-20,28.89999961853028,28.89999961853028,0.0,-0.02989552002278928,0.02989552002278928,FOREIGN_FLIP_SELL,2,1309000.0,4000.0,0.04236293821399206,23625607.18489008
2617,2026-03-11,2026-03-12,2026-03-13,32.75,31.64999961853028,-0.03358779790747235,-0.005405866913823942,-0.028181930993648407,FOREIGN_FLIP_SELL,2,2129347.0,669000.0,0.058149824879275336,42882463.16253891
2618,2024-04-24,2024-04-25,2024-04-25,31.09819678086179,30.74023056030273,-0.011510835277090958,0.0,-0.011510835277090958,FOREIGN_FLIP_SELL,1,113166350.0,3796425.0,0.08570978975062205,2618725420.270465
2618,2024-05-03,2024-05-06,2024-05-06,34.14089730160315,33.42496490478516,-0.02096993498716171,0.0,-0.02096993498716171,FOREIGN_FLIP_SELL,1,72703167.0,3233000.0,0.13614110651734257,5037047356.083453
2618,2024-05-16,2024-05-17,2024-05-17,33.55920496612366,33.4697151184082,-0.002666625976562642,0.0,-0.002666625976562642,FOREIGN_FLIP_SELL,1,77308789.0,5357508.0,0.042841113681359344,6064080981.493458
2618,2024-08-13,2024-08-14,2024-08-14,32.531753632750274,32.62577819824219,0.002890239688685403,0.0,0.002890239688685403,FOREIGN_FLIP_SELL,1,20049745.0,1285870.0,0.025221383421989207,1387000181.387448
2618,2024-08-27,2024-08-28,2024-08-28,32.90784467865058,32.81382369995117,-0.0028570992606028467,0.0,-0.0028570992606028467,FOREIGN_FLIP_SELL,1,11824420.0,3577624.0,0.03092779562696113,1096439506.7041905
2618,2024-09-11,2024-09-12,2024-09-12,33.42496871948242,33.42496871948242,0.0,0.0,0.0,FOREIGN_FLIP_SELL,1,51309954.0,10928684.0,0.012495574500326567,1145062207.5566216
2618,2024-09-20,2024-09-23,2024-09-25,35.02334962503618,35.44645309448242,0.012080611191563007,0.02136230673088635,-0.009281695539323342,FOREIGN_FLIP_SELL,3,79547801.0,2125575.0,0.04796118115872616,1526197903.7836747
2618,2024-09-30,2024-10-01,2024-10-01,35.2584073961532,35.54047393798828,0.007999979654947476,0.0,0.007999979654947476,FOREIGN_FLIP_SELL,1,24187099.0,825551.0,0.034696854368330365,1724719802.4917526
2618,2024-10-22,2024-10-23,2024-10-23,35.352426828686966,34.835304260253906,-0.014627639877142329,0.0,-0.014627639877142329,FOREIGN_FLIP_SELL,1,42402740.0,37371.0,0.016903282200663394,1388643314.736951
2618,2024-10-29,2024-10-30,2024-11-06,35.2584056627881,35.54047393798828,0.008000029209995763,0.01739455292081682,-0.009394523710821057,FOREIGN_FLIP_SELL,5,38612079.0,375717.0,0.01371901125111763,1182864509.9194908
2618,2024-11-11,2024-11-12,2024-11-25,36.85678844478665,37.75,0.02423465507721656,-0.0014533428585463692,0.02568799793576293,FOREIGN_FLIP_SELL,10,86035154.0,1430000.0,0.04548173072870987,1251285773.9982417
2618,2024-12-04,2024-12-05,2024-12-10,42.26307678222656,43.438358306884766,0.02780870713020267,-0.006139751879954858,0.03394845901015753,FOREIGN_FLIP_SELL,4,33856244.0,6084139.0,0.09203423850442438,2714084048.633382
2618,2025-01-02,2025-01-03,2025-01-03,43.48536836340072,44.19053649902344,0.016216216216216273,0.0,0.016216216216216273,FOREIGN_FLIP_SELL,1,19955959.0,12683884.0,0.02250159575748034,2717097478.3817053
2618,2025-03-06,2025-03-07,2025-03-07,42.49813263689989,42.545143127441406,0.0011061777924026295,0.0,0.0011061777924026295,FOREIGN_FLIP_SELL,1,16752913.0,1265363.0,0.031610238390604506,1407061474.3097
2618,2025-07-23,2025-07-24,2025-07-28,38.54999923706055,38.650001525878906,0.0025940931464978334,0.0016792355868258113,0.0009148575596720221,FOREIGN_FLIP_SELL,3,20240540.0,201000.0,0.006010259529146245,1336200312.2958279
2618,2025-08-13,2025-08-14,2025-08-19,39.54999923706055,39.5,-0.0012642032370431266,0.004761115453967513,-0.006025318691010639,FOREIGN_FLIP_SELL,4,23242051.0,13409.0,0.02534114535077725,903486345.6203864
2618,2026-02-04,2026-02-05,2026-02-23,38.34999847412109,38.0,-0.009126427328472242,0.062009857360008525,-0.07113628468848077,FOREIGN_FLIP_SELL,6,18965476.0,682000.0,0.01748811777140946,1372099068.2823162
2618,2026-03-24,2026-03-25,2026-03-30,36.0,34.650001525878906,-0.03749995761447478,-0.027541080966663745,-0.009958876647811032,FOREIGN_FLIP_SELL,4,37653526.0,647000.0,0.009075948046598281,1454247238.019331
2630,2024-04-25,2024-04-26,2024-04-29,45.18324076334636,43.80809783935547,-0.030434800619844826,0.01863818412124374,-0.049072984741088566,FOREIGN_FLIP_SELL,2,1195000.0,2000.0,0.10266162720527938,610217847.3477051
2630,2025-04-29,2025-04-30,2025-05-05,38.900001525878906,37.84999847412109,-0.026992365310301802,0.014725006479037628,-0.04171737178933943,FOREIGN_FLIP_SELL,3,1546437.0,77000.0,0.06863901026011954,246264746.02238464
2633,2024-05-06,2024-05-07,2024-05-09,28.445258871599016,28.16592788696289,-0.009819948761831121,-0.004491230737936669,-0.005328718023894452,FOREIGN_FLIP_SELL,3,6196690.0,1000.0,0.019214769877410998,104762829.52638628
2633,2024-07-08,2024-07-09,2024-07-09,28.6314792382932,28.584924697875977,-0.001625991449123565,0.0,-0.001625991449123565,FOREIGN_FLIP_SELL,1,2648569.0,472677.0,0.01998508169467983,125462170.09308442
2633,2024-08-02,2024-08-05,2024-08-05,28.413157392629305,27.835262298583984,-0.0203389959820246,0.0,-0.0203389959820246,FOREIGN_FLIP_SELL,1,3557988.0,1006000.0,0.003971602318753709,144725750.17918566
2633,2024-08-27,2024-08-28,2024-08-28,28.605790734065646,28.413158416748047,-0.006734032249218647,0.0,-0.006734032249218647,FOREIGN_FLIP_SELL,1,1424411.0,141606.0,0.00823220303850114,124801039.55423583
2633,2024-09-27,2024-09-30,2024-10-04,28.653947116182337,28.413158416748047,-0.008403334397804607,0.0035173676619417726,-0.01192070205974638,FOREIGN_FLIP_SELL,3,2752939.0,8684.0,0.0061827721130807145,93317086.04230729
2633,2025-05-05,2025-05-06,2025-05-08,26.48684185789432,26.486841201782227,-2.4771246609489594e-08,0.0010140312228350545,-0.001014055994081664,FOREIGN_FLIP_SELL,3,5407605.0,1995.0,0.02597888078294197,181215936.74916747
2633,2025-06-10,2025-06-11,2025-06-17,27.06473684201335,27.93157958984375,0.0320284934928603,-0.011504611466748638,0.04353310495960894,FOREIGN_FLIP_SELL,5,4306685.0,2000.0,0.014532020363057452,83214991.09917459
2633,2025-09-16,2025-09-17,2025-09-17,27.89999961853028,27.850000381469727,-0.001792087374343443,0.0,-0.001792087374343443,FOREIGN_FLIP_SELL,1,1529387.0,15.0,0.0038610305752833085,61399106.87848569
2634,2024-03-27,2024-03-28,2024-03-28,50.6595439952879,49.52959060668945,-0.02230484721109116,0.0,-0.02230484721109116,FOREIGN_FLIP_SELL,1,6684639.0,1028000.0,0.0879901628123878,373490384.8039492
2634,2025-03-10,2025-03-11,2025-03-11,43.749393463134766,43.749393463134766,0.0,0.0,0.0,FOREIGN_FLIP_SELL,1,5887279.0,898000.0,0.03175508501087809,164302652.1325121
2634,2025-03-17,2025-03-18,2025-03-18,46.70150889458885,45.68520736694336,-0.021761642218871557,0.0,-0.021761642218871557,FOREIGN_FLIP_SELL,1,5547245.0,1677000.0,0.06793936257409672,226829956.53602695
2634,2025-03-31,2025-04-01,2025-04-01,48.153372245609496,52.07339477539063,0.08140701984041332,0.0,0.08140701984041332,FOREIGN_FLIP_SELL,1,4447557.0,1000.0,0.012043250908209568,1150820272.4299295
2634,2025-09-01,2025-09-02,2025-09-02,61.0,61.0,0.0,0.0,0.0,FOREIGN_FLIP_SELL,1,17705021.0,51000.0,0.19021465657817171,2783020599.6691184
2634,2026-02-24,2026-02-25,2026-02-25,56.79999923706055,55.5,-0.022887310819052487,0.0,-0.022887310819052487,FOREIGN_FLIP_SELL,1,6098899.0,13000.0,0.032529234727429523,674706937.05
2636,2024-04-24,2024-04-25,2024-04-25,87.79572698109159,86.62751770019531,-0.013305992456191795,0.0,-0.013305992456191795,FOREIGN_FLIP_SELL,1,1211000.0,22000.0,0.01707311961439384,150532555.41705322
2637,2024-01-25,2024-01-26,2024-01-26,46.5253501519606,45.81503677368164,-0.015267233367593058,0.0,-0.015267233367593058,FOREIGN_FLIP_SELL,1,1470502.0,5000.0,0.0027748978064259244,311856574.0247723
2637,2024-03-14,2024-03-15,2024-03-21,53.27330290988208,53.8060302734375,0.009999893651358338,0.02624614981582618,-0.016246256164467843,FOREIGN_FLIP_SELL,5,2409800.0,165000.0,0.025597279890190672,395825335.6178024
2637,2024-04-11,2024-04-12,2024-04-17,58.156685608993854,56.11454391479492,-0.035114478633271995,-0.025232727808397026,-0.009881750824874969,FOREIGN_FLIP_SELL,4,9008155.0,349000.0,0.06609096253837499,283844685.89285755
2637,2024-04-25,2024-04-26,2024-05-08,59.577304849120665,62.240970611572266,0.044709403508556234,0.028826307422434416,0.015883096086121817,FOREIGN_FLIP_SELL,8,2389100.0,131000.0,0.06288612017503548,457798253.6166619
2637,2024-05-29,2024-05-30,2024-05-31,68.27861438862493,68.98892211914062,0.010403077696814478,-0.008905424398374384,0.019308502095188862,FOREIGN_FLIP_SELL,2,5639430.0,25000.0,0.05650933165547034,821632431.248188
2637,2024-07-02,2024-07-03,2024-07-04,65.11832173868025,67.05801391601562,0.029787195455057258,0.015108454922353465,0.014678740532703793,FOREIGN_FLIP_SELL,2,2823174.0,1257000.0,0.028716327362474203,413354199.5180836
2637,2024-07-31,2024-08-01,2024-08-05,65.9496211758765,58.74503326416016,-0.10924381040041031,-0.12415892512176785,0.014915114721357536,FOREIGN_FLIP_SELL,3,2839500.0,367000.0,0.032877558366709136,325553612.4619644
2637,2024-09-25,2024-09-26,2024-09-30,66.68854691864047,70.47557067871094,0.056786718785320156,-0.027747352954972992,0.08453407174029315,FOREIGN_FLIP_SELL,3,5320122.0,526000.0,0.0805117102685895,190863611.78346634
2637,2024-10-14,2024-10-15,2024-10-17,66.50381633055005,66.68854522705078,0.0027777187339528275,-0.010226636582174486,0.013004355316127314,FOREIGN_FLIP_SELL,3,668034.0,85000.0,0.022654623908750393,431197370.5555069
2637,2024-11-08,2024-11-11,2024-11-18,71.67633595585947,74.2625961303711,0.03608248301230588,-0.04178141001675417,0.07786389302906005,FOREIGN_FLIP_SELL,6,4013691.0,30000.0,0.03385112777398036,271143812.9837643
2637,2025-03-14,2025-03-17,2025-03-17,79.25037945872481,76.0175552368164,-0.04079253934162075,0.0,-0.04079253934162075,FOREIGN_FLIP_SELL,1,5710629.0,9381000.0,0.06649932082858667,2232717055.8623643
2637,2025-06-10,2025-06-11,2025-06-12,60.31526672386476,60.5,0.0030627946483430257,-0.008112082280176014,0.01117487692851904,FOREIGN_FLIP_SELL,2,3689224.0,1300.0,0.01146226506841308,604691515.1563786
2637,2025-08-07,2025-08-08,2025-08-13,59.59999847412109,61.09999847412109,0.025167785879244953,0.014518795809538743,0.01064899006970621,FOREIGN_FLIP_SELL,4,452769.0,26000.0,0.010482888393321899,240232018.5629509
2637,2025-08-21,2025-08-22,2025-08-26,62.20000076293945,60.5,-0.02733120164127656,0.022749461286293515,-0.050080662927570074,FOREIGN_FLIP_SELL,3,528739.0,41000.0,0.019973793629311842,322982502.81468546
2637,2025-10-09,2025-10-13,2025-10-15,60.09999847412109,63.900001525878906,0.06322800579427779,0.013084928164670773,0.050143077629607014,FOREIGN_FLIP_SELL,3,4379157.0,40000.0,0.018730367112184565,185060723.64649314
2637,2025-11-06,2025-11-07,2025-11-07,64.69999694824219,63.09999847412109,-0.024729498448060938,0.0,-0.024729498448060938,FOREIGN_FLIP_SELL,1,2309306.0,190900.0,0.013438711053297858,480479403.2323494
2645,2024-05-14,2024-05-15,2024-05-15,106.50459376935918,104.20923614501952,-0.021551724137931272,0.0,-0.021551724137931272,FOREIGN_FLIP_SELL,1,1526000.0,171000.0,0.036199047980132404,201666054.64151573
2645,2024-06-13,2024-06-14,2024-06-17,102.37295322924588,104.20923614501952,0.017937188074096166,-0.0003639861324233884,0.018301174206519555,FOREIGN_FLIP_SELL,2,375000.0,11000.0,0.0038434956118418295,118137255.65258789
2645,2024-06-24,2024-06-25,2024-07-02,104.20923938582428,103.75016784667967,-0.004405286343612369,0.00014855926964174593,-0.004553845613254115,FOREIGN_FLIP_SELL,6,426000.0,1000.0,0.020776916273288926,89468282.86649321
2645,2024-11-26,2024-11-27,2024-11-27,91.29187013661546,90.62200927734376,-0.007337574071702879,0.0,-0.007337574071702879,FOREIGN_FLIP_SELL,1,334193.0,164000.0,0.020757582673840425,42551044.805157475
2645,2024-12-18,2024-12-19,2024-12-19,88.99521509407839,89.85646057128906,0.009677435762138753,0.0,0.009677435762138753,FOREIGN_FLIP_SELL,1,161295.0,2000.0,0.0020168029862970283,42672346.68056488
2645,2025-01-15,2025-01-16,2025-01-21,96.17224788665771,99.04306030273438,0.0298507363523417,0.011939585969828581,0.01791115038251312,FOREIGN_FLIP_SELL,4,1950028.0,258000.0,0.040474456567875405,108913711.87997818
2645,2025-03-04,2025-03-05,2025-03-05,100.4784698486328,100.4784698486328,0.0,0.0,0.0,FOREIGN_FLIP_SELL,1,393067.0,6000.0,0.007194255057993981,115197169.03072661
2645,2025-03-24,2025-03-25,2025-03-25,103.82774827190649,102.39234161376952,-0.01382488479262689,0.0,-0.01382488479262689,FOREIGN_FLIP_SELL,1,743043.0,73000.0,0.020505460165074485,96783591.19757497
2645,2025-04-28,2025-04-29,2025-05-16,100.4784698486328,109.56937408447266,0.09047614130206183,0.07962674774958889,0.010849393552472941,FOREIGN_FLIP_SELL,13,1285296.0,66000.0,0.07020330188484358,117752410.00000001
2645,2025-05-21,2025-05-22,2025-05-26,108.13397121853298,107.65550231933594,-0.004424778761061843,-0.0062014151281795105,0.0017766363671176677,FOREIGN_FLIP_SELL,3,2730750.0,391000.0,0.06876673315767645,264493381.2718689
2645,2025-05-29,2025-06-02,2025-06-04,107.17702967214794,109.56937408447266,0.02232142857142838,0.029299975040424364,-0.006978546468995983,FOREIGN_FLIP_SELL,3,770757.0,65000.0,0.030082058230314734,283780546.41402596
2645,2025-06-12,2025-06-13,2025-06-13,110.52631775320393,104.7846908569336,-0.051948051948051965,0.0,-0.051948051948051965,FOREIGN_FLIP_SELL,1,832912.0,3000.0,0.0017652532165823853,295026735.00572205
2645,2025-07-29,2025-07-30,2025-07-31,113.0,117.0,0.03539823008849563,0.0034438577266941994,0.03195437236180143,FOREIGN_FLIP_SELL,2,1759000.0,93000.0,0.08468192740739489,120516295.20000002
2645,2025-08-07,2025-08-08,2025-08-08,154.5,151.0,-0.02265372168284785,0.0,-0.02265372168284785,FOREIGN_FLIP_SELL,1,11322854.0,228000.0,0.33158125273762584,900558177.1999999
2645,2025-08-29,2025-09-01,2025-09-02,184.0,195.0,0.059782608695652106,-0.002282809370366512,0.06206541806601862,FOREIGN_FLIP_SELL,2,3241580.0,17000.0,0.0937038131835648,3046691166.5
2645,2026-02-04,2026-02-05,2026-02-05,166.5,161.5,-0.03003003003003002,0.0,-0.03003003003003002,FOREIGN_FLIP_SELL,1,1116940.0,500000.0,0.03839577180164788,881475515.5
2645,2026-02-25,2026-02-26,2026-03-06,173.5,164.0,-0.05475504322766567,-0.05124877717662557,-0.0035062660510400967,FOREIGN_FLIP_SELL,6,1955379.0,27000.0,0.04394780260986941,835259012.1
2646,2025-07-10,2025-07-11,2025-07-22,25.850000381469727,25.799999237060547,-0.0019342802193930142,0.010412303632897135,-0.01234658385229015,FOREIGN_FLIP_SELL,8,2177953.0,3000.0,0.005738750238543755,96358319.24696445
2704,2024-07-26,2024-07-29,2024-07-31,71.25474580006032,70.76060485839844,-0.00693484954740331,0.001572757804550573,-0.008507607351953883,FOREIGN_FLIP_SELL,3,421000.0,5000.0,0.014258348617408156,26808367.15799141
2704,2025-02-12,2025-02-13,2025-02-21,54.25638836591269,56.33176803588867,0.03825134205357217,0.01413881125809624,0.024112530795475928,FOREIGN_FLIP_SELL,7,28000.0,31000.0,0.017740385522810875,6832498.366042328
2704,2025-05-06,2025-05-07,2025-05-08,49.61149078832604,49.36442184448242,-0.004980074976939641,-0.00015038304424519477,-0.0048296919326944465,FOREIGN_FLIP_SELL,2,89010.0,1000.0,0.10335732058482572,5551205.551401902
2707,2024-08-28,2024-08-29,2024-09-05,189.18330524723703,187.785400390625,-0.007389155479576526,-0.04567811645056674,0.038288960970990216,FOREIGN_FLIP_SELL,6,72000.0,1240.0,0.0007340252949801229,32364605.43917084
2707,2025-02-13,2025-02-14,2025-03-07,182.65974008701647,191.97911071777344,0.05102038701203315,-0.024901688322118143,0.0759220753341513,FOREIGN_FLIP_SELL,15,329327.0,30000.0,0.023158438786274438,45232491.51196823
2707,2025-05-06,2025-05-07,2025-05-08,198.0,199.0,0.005050505050504972,-0.00015038304424519477,0.005200888094750167,FOREIGN_FLIP_SELL,2,264248.0,42050.0,0.02269551982472695,88811172.825
2707,2025-05-13,2025-05-14,2025-05-14,199.0,198.0,-0.005025125628140725,0.0,-0.005025125628140725,FOREIGN_FLIP_SELL,1,85985.0,5411.0,0.012109792016400611,64202524.25
2707,2025-11-11,2025-11-12,2025-11-13,192.0,192.5,0.0026041666666667407,-0.001557560988223461,0.004161727654890202,FOREIGN_FLIP_SELL,2,126228.0,1000.0,0.009916492693110568,32490807.525
2707,2026-02-06,2026-02-09,2026-02-09,190.5,190.0,-0.002624671916010457,0.0,-0.002624671916010457,FOREIGN_FLIP_SELL,1,89577.0,1000.0,0.0021152829190904665,21578592.4
2723,2024-10-04,2024-10-07,2024-10-09,89.62503295337879,85.86251831054688,-0.041980622141462476,-0.0019152231159222932,-0.04006539902554018,FOREIGN_FLIP_SELL,3,726950.0,1000.0,0.10964014398957356,38511634.02385254
2723,2025-02-03,2025-02-04,2025-02-06,101.7808484529194,98.88660430908205,-0.028436038683408493,0.0229288219501671,-0.05136486063357559,FOREIGN_FLIP_SELL,3,1242071.0,1000.0,0.08275330849932838,55100952.1135025
2723,2025-03-04,2025-03-05,2025-03-07,100.33372977120536,99.36898040771484,-0.009615404168572872,-0.012934215044337005,0.0033188108757641333,FOREIGN_FLIP_SELL,3,670854.0,7000.0,0.02539065543127106,44529316.41264725
2723,2025-05-06,2025-05-07,2025-05-12,89.62503219350559,88.85323333740234,-0.008611420684757842,0.02837705230791876,-0.0369884729926766,FOREIGN_FLIP_SELL,4,83896.0,3000.0,0.016313926552294022,22052580.37163086
2727,2024-06-21,2024-06-24,2024-06-25,212.86182313153748,211.9804077148437,-0.0041407867494825945,0.0027295654149688264,-0.006870352164451421,FOREIGN_FLIP_SELL,2,98850.0,1000.0,0.01391233585552154,131639642.40855098
2727,2024-09-27,2024-09-30,2024-09-30,208.69588515337776,207.7558135986328,-0.0045045045045044585,0.0,-0.0045045045045044585,FOREIGN_FLIP_SELL,1,341735.0,1000.0,0.0027100222325995293,75882384.38340913
2727,2024-10-16,2024-10-17,2024-11-08,221.38684801420249,220.44677734375,-0.004246280566730709,0.021690563682195796,-0.025936844248926505,FOREIGN_FLIP_SELL,16,1201375.0,1000.0,0.04307384017356619,114580087.78759766
2727,2025-03-04,2025-03-05,2025-03-13,227.49730641557355,219.50669860839844,-0.0351239666661306,-0.039796461491153234,0.004672494825022633,FOREIGN_FLIP_SELL,7,718236.0,2000.0,0.04578000232354795,62877233.90694046
2727,2025-05-20,2025-05-21,2025-06-09,220.9168105412917,232.1976623535156,0.0510637999189989,-0.000624708763354298,0.051688508682353196,FOREIGN_FLIP_SELL,13,570953.0,52000.0,0.04522610624284362,49849597.79288864
2727,2026-03-11,2026-03-12,2026-03-13,230.5,228.0,-0.010845986984815648,-0.005405866913823942,-0.005440120070991705,FOREIGN_FLIP_SELL,2,908198.0,97000.0,0.052871988123786684,116367798.22500001
2731,2024-04-22,2024-04-23,2024-04-23,129.56617668178254,130.92526245117188,0.010489510489510634,0.0,0.010489510489510634,FOREIGN_FLIP_SELL,1,1422900.0,1000.0,0.030777581394009657,222972709.82613066
2731,2024-07-11,2024-07-12,2024-07-12,144.9691375248016,142.70399475097656,-0.01562500000000011,0.0,-0.01562500000000011,FOREIGN_FLIP_SELL,1,2923300.0,8000.0,0.03498778906823974,223570528.37172547
2731,2024-10-22,2024-10-23,2024-10-24,128.671875,131.0546875,0.0185185185185186,-0.006095637401184573,0.024614155919703173,FOREIGN_FLIP_SELL,2,504000.0,3000.0,0.02778835173201366,84140057.390625
2731,2024-10-29,2024-10-30,2024-10-30,131.0546875,129.625,-0.010909090909090868,0.0,-0.010909090909090868,FOREIGN_FLIP_SELL,1,394001.0,1000.0,0.018988531678886922,82848516.01875
2731,2025-02-03,2025-02-04,2025-02-04,120.09375,116.7578125,-0.02777777777777779,0.0,-0.02777777777777779,FOREIGN_FLIP_SELL,1,359214.0,1000.0,0.01653892698668824,103770103.10625
2731,2025-03-04,2025-03-05,2025-03-05,128.671875,129.625,0.007407407407407307,0.0,0.007407407407407307,FOREIGN_FLIP_SELL,1,398000.0,116000.0,0.0692444269086605,94148649.14179687
2731,2025-04-24,2025-04-25,2025-05-06,122.953125,138.6796875,0.12790697674418605,0.03270106118642868,0.09520591555775737,FOREIGN_FLIP_SELL,7,148343.0,120000.0,0.04247896572953014,55273180.60546875
2731,2025-05-21,2025-05-22,2025-06-12,153.453125,164.890625,0.07453416149068315,0.028464791052831062,0.046069370437852086,FOREIGN_FLIP_SELL,15,1452366.0,13000.0,0.127006280530356,442321867.3882812
2731,2025-11-14,2025-11-17,2025-11-18,175.5,176.5,0.005698005698005604,-0.02518248208944085,0.030880487787446453,FOREIGN_FLIP_SELL,2,1259900.0,26000.0,0.05891354246365732,212912336.95
2731,2026-02-05,2026-02-06,2026-02-10,176.0,175.0,-0.005681818181818232,0.04058937414485664,-0.04627119232667487,FOREIGN_FLIP_SELL,3,476197.0,145000.0,0.02893890675241151,108612301.6
2739,2024-05-03,2024-05-06,2024-05-09,74.39250803903236,69.2249984741211,-0.06946276851158151,0.0018251921048235697,-0.07128796061640508,FOREIGN_FLIP_SELL,4,2806990.0,100000.0,0.3586268985816907,204751231.54777527
2739,2024-07-22,2024-07-23,2024-07-26,64.93499998507289,66.88500213623047,0.030030063164793175,-0.032906356086419675,0.06293641925121285,FOREIGN_FLIP_SELL,2,394000.0,300000.0,0.018198959253959757,57331215.67547303
2753,2025-04-01,2025-04-02,2025-04-10,173.9109186836369,171.0124053955078,-0.016666655032751665,-0.10790532403079078,0.09123866899803912,FOREIGN_FLIP_SELL,5,452500.0,30000.0,0.046663721540772585,71507013.51194915
2753,2025-05-05,2025-05-06,2025-05-06,179.7079603407118,182.60647583007807,0.01612903225806428,0.0,0.01612903225806428,FOREIGN_FLIP_SELL,1,350091.0,13000.0,0.02961531854682331,174551457.7150604
2801,2024-02-02,2024-02-05,2024-02-05,15.197562217712402,15.197562217712402,0.0,0.0,0.0,FOREIGN_FLIP_SELL,1,4579933.0,40134.0,0.007153060780133114,122344746.40656324
2801,2024-02-27,2024-02-29,2024-03-01,15.371746804579168,15.458839416503906,0.005665758942815513,-0.0016259934881998062,0.007291752431015319,FOREIGN_FLIP_SELL,2,3678950.0,6000.0,0.006414862205469607,113686063.76422262
2801,2024-05-03,2024-05-06,2024-05-07,15.981392712396811,16.112028121948242,0.008174219350113088,0.006344919339527744,0.001829300010585344,FOREIGN_FLIP_SELL,2,14138527.0,8000.0,0.007452399211689054,233308905.85155842
2801,2024-06-25,2024-06-26,2024-06-26,16.024936498705866,15.937844276428224,-0.005434793597133725,0.0,-0.005434793597133725,FOREIGN_FLIP_SELL,1,86870210.0,38513.0,0.007964924705339715,369059441.6025405
2801,2024-07-02,2024-07-03,2024-07-15,16.112029037802863,16.503944396972656,0.02432439503741346,0.030507361421894474,-0.0061829663844810145,FOREIGN_FLIP_SELL,9,6260183.0,65971.0,0.010681996649620551,356107190.84815466
2801,2024-08-19,2024-08-20,2024-08-27,16.506263732910156,16.691728591918945,0.011236029062046793,-0.010883165781339299,0.022119194843386092,FOREIGN_FLIP_SELL,6,24757508.0,69479.0,0.016069309020296574,497131817.57398987
2801,2024-09-19,2024-09-20,2024-09-24,16.552631378734645,16.645362854003906,0.005602219559386334,0.01229090725119275,-0.006688687691806416,FOREIGN_FLIP_SELL,3,6453811.0,5000.0,0.009588313749795851,216449673.31926584
2801,2024-11-19,2024-11-20,2024-11-21,16.459898046313302,16.413532257080078,-0.0028168940720509905,-0.005848779832719808,0.0030318857606688177,FOREIGN_FLIP_SELL,2,8369914.0,1053000.0,0.009330016338968683,205148561.8682493
2801,2025-01-17,2025-01-20,2025-01-20,16.78446006663362,16.691728591918945,-0.005524841093876964,0.0,-0.005524841093876964,FOREIGN_FLIP_SELL,1,10037551.0,156000.0,0.013721652823588393,348085969.417802
2801,2025-02-03,2025-02-04,2025-02-07,16.83082580510944,16.784460067749023,-0.0027548106015298224,0.030021486639656203,-0.032776297241186025,FOREIGN_FLIP_SELL,4,24626079.0,36440.0,0.009762898767766481,367704347.9354179
2801,2025-02-17,2025-02-18,2025-02-20,16.830825805664062,16.784460067749023,-0.0027548106343917578,-0.0075487032815253485,0.004793892647133591,FOREIGN_FLIP_SELL,3,9689098.0,596362.0,0.005540151100748458,254738686.4272499
2801,2025-03-24,2025-03-25,2025-03-31,16.691728591359688,16.459897994995117,-0.013888950751606122,-0.07081559045773311,0.05692663970612699,FOREIGN_FLIP_SELL,5,18142157.0,84000.0,0.0013947235850284567,406872293.5061348
2801,2025-05-06,2025-05-07,2025-05-16,16.923559189254192,17.248119354248047,0.019178008677981806,0.06313483246787044,-0.04395682378988863,FOREIGN_FLIP_SELL,8,29813494.0,457369.0,0.03399441045456908,397177915.64867157
2801,2025-06-09,2025-06-10,2025-06-20,17.155387878009893,17.10902214050293,-0.0027026924623718696,-0.00883010290854147,0.006127410446169601,FOREIGN_FLIP_SELL,9,27486169.0,323112.0,0.001353180424889855,334616524.21074945
2801,2025-07-01,2025-07-02,2025-07-18,17.758144379183598,19.10275650024414,0.07571805321262737,0.03567188818010125,0.040046165032526115,FOREIGN_FLIP_SELL,13,47392349.0,13000.0,0.02874024301736955,507936343.95221287
2801,2025-07-23,2025-07-24,2025-07-24,18.82456016540528,18.731828689575195,-0.004926089906764575,0.0,-0.004926089906764575,FOREIGN_FLIP_SELL,1,16226828.0,106000.0,0.021897789813071666,508206455.95124865
2801,2025-08-06,2025-08-07,2025-08-07,19.39999961853028,19.25,-0.007731939251535147,0.0,-0.007731939251535147,FOREIGN_FLIP_SELL,1,13832105.0,179000.0,0.028002096724533576,534599926.81670845
2801,2025-08-12,2025-08-13,2025-08-15,19.75,19.5,-0.012658227848101222,-0.0014583107926700034,-0.011199917055431219,FOREIGN_FLIP_SELL,3,8412337.0,96000.0,0.03195128520353441,509601422.0982404
2801,2025-10-02,2025-10-03,2025-10-13,20.14999961853028,20.200000762939453,0.002481446419641209,0.006067000772095987,-0.0035855543524547784,FOREIGN_FLIP_SELL,5,29888355.0,217604.0,0.028659187247212836,353486817.55868244
2801,2025-11-05,2025-11-06,2025-11-12,20.299999237060547,20.39999961853028,0.004926127351136511,0.0017075829929997788,0.0032185443581367323,FOREIGN_FLIP_SELL,5,23352567.0,592.0,0.008049549737937811,370156550.7012477
2801,2025-12-15,2025-12-16,2025-12-16,20.600000381469727,20.600000381469727,0.0,0.0,0.0,FOREIGN_FLIP_SELL,1,8816436.0,1702000.0,0.023244332973067827,485862004.01868725
2801,2026-01-29,2026-01-30,2026-01-30,20.450000762939453,20.39999961853028,-0.0024450436451712854,0.0,-0.0024450436451712854,FOREIGN_FLIP_SELL,1,13299809.0,188000.0,0.002205378281004755,459564846.6552391
2801,2026-02-05,2026-02-06,2026-02-26,20.39999961853028,21.600000381469727,0.05882356791072829,0.114261633868181,-0.05543806595745271,FOREIGN_FLIP_SELL,8,13486271.0,458657.0,0.005518087063151267,335352113.84999996
2812,2024-05-06,2024-05-07,2024-05-07,15.32466599090433,15.239998817443848,-0.005524895192543511,0.0,-0.005524895192543511,FOREIGN_FLIP_SELL,1,4182027.0,1000.0,0.0345321671368326,102837464.81297092
2812,2024-07-10,2024-07-11,2024-07-15,16.382999410191456,16.76399803161621,0.023255730644032413,-0.020937651023667736,0.04419338166770015,FOREIGN_FLIP_SELL,3,8183037.0,56000.0,0.03318042434102675,91313744.82572365
2812,2024-11-29,2024-12-02,2024-12-05,17.116106210287096,17.2076358795166,0.00534757544180775,0.023354506211844983,-0.018006930770037233,FOREIGN_FLIP_SELL,4,4178237.0,8000.0,0.03777494014139071,64700559.51911259
2812,2025-01-08,2025-01-09,2025-01-10,17.253400978162272,17.116106033325195,-0.007957558339416804,-0.0030012170892772527,-0.004956341250139551,FOREIGN_FLIP_SELL,2,616977.0,94000.0,0.00013304611011899503,61927563.584293075
2812,2025-03-03,2025-03-04,2025-03-10,18.16870128441084,18.809410095214844,0.035264425385965525,-0.006095109745770877,0.0413595351317364,FOREIGN_FLIP_SELL,5,13811957.0,55000.0,0.0701354190440211,131735427.32868777
2812,2025-03-17,2025-03-18,2025-03-18,18.99246805325989,18.94670295715332,-0.002409644495819818,0.0,-0.002409644495819818,FOREIGN_FLIP_SELL,1,5584414.0,3000.0,0.0555837921609772,173414133.2911729
2812,2025-05-21,2025-05-22,2025-05-26,18.76364465158201,19.12976455688477,0.01951219563689044,-0.0062014151281795105,0.02571361076506995,FOREIGN_FLIP_SELL,3,3557505.0,220000.0,0.0363864717810487,121806496.00698549
2812,2025-08-06,2025-08-07,2025-08-07,21.92143026917397,21.5095443725586,-0.018789189006274243,0.0,-0.018789189006274243,FOREIGN_FLIP_SELL,1,10526403.0,104000.0,0.06663686150282788,192323224.97713625
2812,2026-03-27,2026-03-30,2026-04-08,20.5,21.0,0.024390243902439046,0.06898356915708992,-0.04459332525465087,FOREIGN_FLIP_SELL,6,10836036.0,3000.0,0.010346926354229957,212623104.45
2820,2026-03-03,2026-03-04,2026-03-04,17.049999237060547,16.799999237060547,-0.014662757254357506,0.0,-0.014662757254357506,FOREIGN_FLIP_SELL,1,1050264.0,8000.0,0.027869318508850327,26783815.536744025
2820,2026-04-07,2026-04-08,2026-04-21,16.899999618530273,17.049999237060547,0.008875717273141515,0.08180718251768493,-0.07293146524454341,FOREIGN_FLIP_SELL,10,421000.0,29000.0,0.0008910326221311937,17109663.09984827
2832,2024-04-19,2024-04-22,2024-04-24,25.18669440794125,25.54586601257324,0.014260370925004873,0.037118713051055297,-0.022858342126050424,FOREIGN_FLIP_SELL,3,721000.0,2000.0,0.047032503550026306,14038860.89902439
2832,2024-07-26,2024-07-29,2024-07-29,26.157458750473385,26.58087158203125,0.016187078247813513,0.0,0.016187078247813513,FOREIGN_FLIP_SELL,1,208000.0,5000.0,0.0026857462067126914,8120122.076721191
2832,2025-09-24,2025-09-25,2025-09-25,37.0,36.650001525878906,-0.009459418219489035,0.0,-0.009459418219489035,FOREIGN_FLIP_SELL,1,637000.0,1000.0,0.07213186015332695,22158282.037499998
2832,2025-11-26,2025-11-27,2025-11-28,53.900001525878906,53.29999923706055,-0.011131767566468054,0.00261122848805706,-0.013742996054525114,FOREIGN_FLIP_SELL,2,634900.0,30000.0,0.07901739659823459,27394929.105535127
2834,2024-05-03,2024-05-06,2024-05-07,14.279474420817191,14.279474258422852,-1.1372571218082328e-08,0.006344919339527744,-0.006344930712098962,FOREIGN_FLIP_SELL,2,19121784.0,717000.0,0.04297293204690411,416741904.5539644
2834,2024-06-18,2024-06-19,2024-06-25,14.69700231403031,15.031024932861328,0.022727261770391527,-0.014372037224726797,0.037099298995118324,FOREIGN_FLIP_SELL,5,36697877.0,21985.0,0.030534323117680673,329566638.1190788
2834,2024-07-01,2024-07-02,2024-07-02,15.239789541012588,15.15628433227539,-0.005479420074173014,0.0,-0.005479420074173014,FOREIGN_FLIP_SELL,1,16258296.0,14777.0,0.044073602115823673,367217491.64750475
2834,2024-07-31,2024-08-01,2024-08-02,15.699071770933836,15.532060623168944,-0.01063828168962866,-0.04434260881041652,0.03370432712078786,FOREIGN_FLIP_SELL,2,24288137.0,19000.0,0.010645499945372228,557143893.1188484
2834,2024-09-18,2024-09-19,2024-09-19,14.61808993767968,14.664644241333008,0.003184704968419272,0.0,0.003184704968419272,FOREIGN_FLIP_SELL,1,10853690.0,13000.0,0.0017546710909273067,216282485.20733663
2834,2024-09-27,2024-09-30,2024-10-01,14.89741679455622,14.757753372192385,-0.009375009391888067,0.007462542284165874,-0.01683755167605394,FOREIGN_FLIP_SELL,2,12000779.0,8000.0,0.01803094797654481,240311751.2033175
2834,2025-01-06,2025-01-07,2025-01-07,14.10599085332728,14.012883186340332,-0.006600576163352967,0.0,-0.006600576163352967,FOREIGN_FLIP_SELL,1,11388514.0,278000.0,0.013208468343312685,149600715.24122444
2834,2025-02-03,2025-02-04,2025-02-04,14.012882911666102,13.966327667236328,-0.0033223173791750993,0.0,-0.0033223173791750993,FOREIGN_FLIP_SELL,1,3261926.0,664000.0,0.009897742545247112,124707038.7512639
2834,2025-07-02,2025-07-03,2025-07-24,14.431871949099902,15.40951442718506,0.06774190358210141,0.0290917367992769,0.03865016678282451,FOREIGN_FLIP_SELL,16,8660723.0,1137.0,0.01873147694580668,198020619.0467063
2834,2025-11-24,2025-11-25,2025-11-25,15.800000190734863,15.649999618530272,-0.009493706986950068,0.0,-0.009493706986950068,FOREIGN_FLIP_SELL,1,20484352.0,3559.0,0.015587353915001101,215277623.81879416
2834,2025-12-30,2025-12-31,2025-12-31,16.100000381469727,16.0,-0.006211203670828613,0.0,-0.006211203670828613,FOREIGN_FLIP_SELL,1,4182477.0,44000.0,0.005307556396676016,198423658.5564048
2836,2024-06-18,2024-06-19,2024-06-21,10.889154434204102,10.751317977905272,-0.012658141376512222,0.0018893767076508805,-0.014547518084163102,FOREIGN_FLIP_SELL,3,1504000.0,8000.0,0.0139036980333338,25465834.993231393
2836,2024-07-01,2024-07-02,2024-07-08,11.210776329040527,11.80807113647461,0.053278630302064034,0.0436542303182017,0.00962439998386233,FOREIGN_FLIP_SELL,5,2441000.0,3000.0,0.03171253150178299,35717286.18670507
2838,2024-06-24,2024-06-25,2024-06-26,14.028014183044434,13.98524570465088,-0.00304879064388508,0.004839958550256096,-0.007888749194141176,FOREIGN_FLIP_SELL,2,1711000.0,14000.0,0.03301217808639456,22921686.947875455
2838,2024-08-21,2024-08-22,2024-08-27,13.774398196003176,14.00320816040039,0.016611249445627863,0.001633039837653616,0.014978209607974247,FOREIGN_FLIP_SELL,4,472403.0,6000.0,0.018822722319698615,48305042.46028748
2838,2024-09-19,2024-09-20,2024-09-26,13.82016015773862,14.094732284545898,0.019867506864855722,0.0315617749681969,-0.011694268103341177,FOREIGN_FLIP_SELL,5,1340001.0,3000.0,0.002489640793444936,19800806.473754887
2838,2024-11-26,2024-11-27,2024-11-28,14.186257018714342,14.186257362365724,2.4224246164550323e-08,-0.0016064141835966383,0.001606438407842803,FOREIGN_FLIP_SELL,2,2350675.0,2000.0,0.01894188517498918,16455354.474370195
2838,2025-02-26,2025-02-27,2025-03-18,14.232018912244705,15.467596054077148,0.0868167158469273,-0.033900302527410275,0.12071701837433757,FOREIGN_FLIP_SELL,13,1254187.0,7000.0,0.011509181509776756,14441536.217936324
2838,2025-03-26,2025-03-27,2025-03-27,16.0167424376272,15.833693504333496,-0.011428599417549368,0.0,-0.011428599417549368,FOREIGN_FLIP_SELL,1,1781000.0,2000.0,0.04774742474909721,54129292.31847592
2838,2025-04-01,2025-04-02,2025-04-07,15.787930601901316,14.415068626403809,-0.08695642323967245,-0.09699735590808689,0.010040932668414437,FOREIGN_FLIP_SELL,2,1629000.0,7000.0,0.030472624264115122,54512412.00317344
2838,2025-08-06,2025-08-07,2025-08-07,17.299999237060547,17.399999618530273,0.005780369125999885,0.0,0.005780369125999885,FOREIGN_FLIP_SELL,1,2001003.0,72000.0,0.030225821536641995,56538439.7716238
2838,2025-08-21,2025-08-22,2025-08-25,17.649999618530273,17.350000381469727,-0.016997124280138,0.021583066698916742,-0.03858019097905474,FOREIGN_FLIP_SELL,2,2196166.0,3000.0,0.03463398977140453,26121864.67595482
2838,2025-09-15,2025-09-16,2025-09-18,17.450000762939453,17.350000381469727,-0.005730680635963603,0.005451451779769245,-0.011182132415732848,FOREIGN_FLIP_SELL,3,2139000.0,4000.0,0.018774556350181992,30014467.0
2838,2025-10-01,2025-10-02,2025-10-15,17.950000762939453,19.549999237060547,0.08913640145489787,0.034017250152083456,0.05511915130281442,FOREIGN_FLIP_SELL,8,4633990.0,2000.0,0.03576538963737663,53656788.67085304
2838,2026-03-12,2026-03-13,2026-03-13,20.049999237060547,19.950000762939453,-0.004987455258165574,0.0,-0.004987455258165574,FOREIGN_FLIP_SELL,1,1317893.0,150000.0,0.028979948138330824,52411418.45777322
2845,2024-05-03,2024-05-06,2024-05-07,14.39976647957044,14.445772171020508,0.0031948914946182683,0.006344919339527744,-0.0031500278449094754,FOREIGN_FLIP_SELL,2,3869198.0,180000.0,0.0572837886956743,110014827.26259518
2845,2024-05-13,2024-05-14,2024-05-14,14.399766216171669,14.26175022125244,-0.009584599697474938,0.0,-0.009584599697474938,FOREIGN_FLIP_SELL,1,6466997.0,311000.0,0.039004103430832604,116600286.95804
2845,2024-05-24,2024-05-27,2024-05-27,14.491778117280326,14.445772171020508,-0.003174623975574109,0.0,-0.003174623975574109,FOREIGN_FLIP_SELL,1,3948179.0,100000.0,0.010749255193618579,104977860.69431338
2845,2024-06-03,2024-06-04,2024-06-04,14.399766216171669,14.26175022125244,-0.009584599697474938,0.0,-0.009584599697474938,FOREIGN_FLIP_SELL,1,3434270.0,227000.0,0.0004779113914883393,90152766.14955235
2845,2024-06-19,2024-06-20,2024-06-24,14.721806307203195,15.273873329162598,0.037499951462429015,-0.02530965861512957,0.06280961007755859,FOREIGN_FLIP_SELL,3,7823000.0,514000.0,0.01608533106041876,67105959.91620025
2845,2025-03-20,2025-03-21,2025-03-21,13.75,13.550000190734863,-0.014545440673828125,0.0,-0.014545440673828125,FOREIGN_FLIP_SELL,1,2244261.0,1000.0,0.004566213545311504,96719994.25
2845,2025-03-26,2025-03-27,2025-03-31,13.75,13.399999618530272,-0.025454573197798425,-0.05720996350217866,0.03175539030438024,FOREIGN_FLIP_SELL,3,3029000.0,309000.0,0.00950989452281803,94892792.27154808
2845,2025-08-06,2025-08-07,2025-08-07,13.850000381469728,13.850000381469728,0.0,0.0,0.0,FOREIGN_FLIP_SELL,1,9669183.0,76000.0,0.02802007350480684,123718669.16007587
2845,2025-08-13,2025-08-14,2025-08-15,13.899999618530272,13.850000381469728,-0.003597067513145036,0.003976419807175002,-0.007573487320320038,FOREIGN_FLIP_SELL,2,1038153.0,86000.0,0.01999630224199822,97075000.1208867
2850,2024-07-23,2024-07-26,2024-07-30,87.38169707205188,87.66087341308594,0.0031949063750027484,0.00471804239739293,-0.0015231360223901813,FOREIGN_FLIP_SELL,3,588453.0,15000.0,0.0049020154957257756,53902153.62799072
2850,2024-08-14,2024-08-15,2024-08-15,87.10252603686163,84.77606964111328,-0.02670940214482187,0.0,-0.02670940214482187,FOREIGN_FLIP_SELL,1,223000.0,13000.0,0.01286433409261667,45072652.91870499
2850,2024-09-20,2024-09-23,2024-09-23,88.21922331550529,86.73028564453125,-0.01687770097055874,0.0,-0.01687770097055874,FOREIGN_FLIP_SELL,1,265000.0,32000.0,0.019074144864697162,25346750.898035433
2850,2024-09-26,2024-09-27,2024-10-01,87.5678133783683,87.1955795288086,-0.004250806719945599,-0.018945906931702394,0.014695100211756795,FOREIGN_FLIP_SELL,3,158611.0,29000.0,0.009625691988071727,25494080.08364906
2850,2024-11-19,2024-11-20,2024-11-20,93.52354431152344,93.52354431152344,0.0,0.0,0.0,FOREIGN_FLIP_SELL,1,226000.0,96000.0,0.009591103522989863,27644363.121907428
2850,2024-11-26,2024-11-27,2024-11-27,93.0582500028812,92.40684509277344,-0.006999969482421875,0.0,-0.006999969482421875,FOREIGN_FLIP_SELL,1,209413.0,30000.0,0.011269884806453856,25426984.82797394
2850,2024-12-04,2024-12-05,2024-12-10,93.98883319723194,95.38471221923828,0.014851541130180168,-0.006139751879954858,0.020991293010135026,FOREIGN_FLIP_SELL,4,120276.0,55000.0,0.012328390180340598,24336628.562318802
2850,2024-12-18,2024-12-19,2024-12-19,99.10703996298967,96.31529235839844,-0.028169014084506783,0.0,-0.028169014084506783,FOREIGN_FLIP_SELL,1,445847.0,57000.0,0.04871113870930466,25971599.32125854
2850,2024-12-30,2024-12-31,2024-12-31,97.71116659674846,99.10704040527344,0.014285714285714235,0.0,0.014285714285714235,FOREIGN_FLIP_SELL,1,330204.0,11000.0,0.017112535391688555,28883222.74518738
2850,2025-03-27,2025-03-28,2025-03-28,106.0864052561532,105.15582275390624,-0.00877192982456143,0.0,-0.00877192982456143,FOREIGN_FLIP_SELL,1,140000.0,34000.0,0.04467356977727177,44680153.60803909
2850,2025-05-02,2025-05-05,2025-05-08,99.5723292860874,98.6417465209961,-0.00934579688718129,0.0005069966006496784,-0.009852793487830969,FOREIGN_FLIP_SELL,4,171030.0,2000.0,0.007058793899014759,42822069.82485046
2850,2025-08-07,2025-08-08,2025-08-08,104.5,102.0,-0.02392344497607657,0.0,-0.02392344497607657,FOREIGN_FLIP_SELL,1,1451436.0,23000.0,0.07670908332539694,41816202.725
2850,2025-08-29,2025-09-01,2025-09-15,108.5,114.5,0.055299539170506895,0.05339997010886899,0.0018995690616379068,FOREIGN_FLIP_SELL,11,449615.0,56000.0,0.04393214518047195,39737746.8
2850,2026-03-02,2026-03-03,2026-03-06,118.0,117.5,-0.004237288135593209,-0.02109651531708623,0.01685922718149302,FOREIGN_FLIP_SELL,4,386099.0,6000.0,0.03169398907103815,34875248.1
2850,2026-04-01,2026-04-02,2026-04-07,117.5,117.0,-0.004255319148936176,0.020182425176967334,-0.02443774432590351,FOREIGN_FLIP_SELL,2,54000.0,2000.0,0.0051325919589391145,37871084.25
2851,2024-04-19,2024-04-22,2024-04-24,21.943237675646177,23.56703758239746,0.07400001452627336,0.037118713051055297,0.036881301475218065,FOREIGN_FLIP_SELL,3,787000.0,368000.0,0.0024057448252208236,59928961.45626831
2851,2024-04-29,2024-04-30,2024-04-30,24.04978860050977,23.786470413208008,-0.01094887741741657,0.0,-0.01094887741741657,FOREIGN_FLIP_SELL,1,2002733.0,23000.0,0.08108106267730975,79589429.57842368
2851,2026-01-09,2026-01-12,2026-01-14,26.700000762939453,27.200000762939453,0.018726591225196376,0.012251339450132237,0.006475251775064139,FOREIGN_FLIP_SELL,3,1552000.0,7000.0,0.011887790203274795,24815056.565871906
2851,2026-03-03,2026-03-04,2026-03-04,27.5,26.75,-0.027272727272727226,0.0,-0.027272727272727226,FOREIGN_FLIP_SELL,1,489684.0,7000.0,0.014452698505530659,28896359.434775922
2851,2026-03-16,2026-03-17,2026-04-14,29.600000381469727,31.799999237060547,0.07432428470399843,0.07268912772584946,0.0016351569781489772,FOREIGN_FLIP_SELL,19,1345540.0,5000.0,0.059961990338399884,47894411.63288269
2855,2024-01-02,2024-01-03,2024-01-03,16.087207643406426,15.882014274597168,-0.012755064356576473,0.0,-0.012755064356576473,FOREIGN_FLIP_SELL,1,695000.0,300000.0,0.013801105822725201,15984551.974427795
2855,2024-04-01,2024-04-02,2024-04-02,21.01186470074707,20.84770965576172,-0.007812492956872807,0.0,-0.007812492956872807,FOREIGN_FLIP_SELL,1,2231655.0,350000.0,0.08177454130922279,145809069.65900898
2855,2024-04-29,2024-04-30,2024-05-07,22.776534487229263,23.06380653381348,0.01261263195001372,0.012596692214417171,1.5939735596548488e-05,FOREIGN_FLIP_SELL,5,4817163.0,45000.0,0.04964534618364902,152730810.23074052
2855,2024-06-06,2024-06-07,2024-06-07,23.1458817259907,22.81757164001465,-0.014184384499268843,0.0,-0.014184384499268843,FOREIGN_FLIP_SELL,1,7418000.0,1200000.0,0.06684162628282153,96802152.28300975
2855,2024-07-10,2024-07-11,2024-07-12,24.86951200594994,24.253931045532227,-0.024752434236362864,-0.019397254657484875,-0.005355179578877989,FOREIGN_FLIP_SELL,2,2311000.0,137000.0,0.023065774288401952,175402306.96817154
2855,2024-08-20,2024-08-21,2024-08-26,23.2312950606659,23.10223197937012,-0.0055555698018016075,0.0001002125454514502,-0.005655782347253058,FOREIGN_FLIP_SELL,4,841000.0,143000.0,0.009460168047328077,84464389.04867668
2855,2024-09-23,2024-09-24,2024-10-01,23.059211303650432,22.973169326782227,-0.0037313495130071317,-0.0018450909010488958,-0.0018862586119582359,FOREIGN_FLIP_SELL,6,1491743.0,29000.0,0.04051829648990135,41266480.280742645
2855,2024-11-08,2024-11-11,2024-11-13,22.887127207317107,22.844106674194336,-0.0018796825277843654,-0.028449654923278334,0.026569972395493968,FOREIGN_FLIP_SELL,3,892000.0,114114.0,0.01565489178358548,50955316.57215966
2855,2024-11-26,2024-11-27,2024-11-27,22.930148201820856,22.62900161743164,-0.013133215788169283,0.0,-0.013133215788169283,FOREIGN_FLIP_SELL,1,774055.0,158678.0,0.016279286272567806,41073448.12873679
2855,2025-10-01,2025-10-02,2025-10-08,23.700000762939453,24.25,0.0232067181162543,0.025979183955617158,-0.0027724658393628587,FOREIGN_FLIP_SELL,4,3204941.0,142000.0,0.04431088143460493,73464192.8751377
2855,2025-10-15,2025-10-16,2025-10-20,23.89999961853028,23.950000762939453,0.002092098125826114,0.001474316828637745,0.0006177812971883689,FOREIGN_FLIP_SELL,3,1563645.0,46000.0,0.013824865953006027,89725616.48524392
2855,2025-12-04,2025-12-05,2025-12-05,24.950000762939453,24.5,-0.018036102171502977,0.0,-0.018036102171502977,FOREIGN_FLIP_SELL,1,4667600.0,57000.0,0.03265303812340736,83131474.9881113
2855,2026-03-17,2026-03-18,2026-03-19,32.54999923706055,32.900001525878906,0.010752758741077173,-0.019182699065508957,0.02993545780658613,FOREIGN_FLIP_SELL,2,5396512.0,2621000.0,0.06375952707885935,259641610.1218889
2855,2026-03-27,2026-03-30,2026-03-30,32.45000076293945,31.799999237060547,-0.02003086319249836,0.0,-0.02003086319249836,FOREIGN_FLIP_SELL,1,5843130.0,4000.0,0.054740764753882676,231594369.12118378
2867,2024-08-21,2024-08-22,2024-08-22,8.0,7.909999847412109,-0.011250019073486328,0.0,-0.011250019073486328,FOREIGN_FLIP_SELL,1,9248865.0,4000.0,0.05275188687839294,181074192.38344184
2867,2024-09-18,2024-09-19,2024-09-23,7.710000038146973,7.739999771118164,0.0038910159303191527,0.011016797395182243,-0.00712578146486309,FOREIGN_FLIP_SELL,3,10412137.0,12000.0,0.002405270437191964,157851287.54650503
2867,2025-02-14,2025-02-17,2025-02-18,7.130000114440918,6.980000019073486,-0.021037881200538178,0.006840120787098725,-0.027878001987636902,FOREIGN_FLIP_SELL,2,6714000.0,7000.0,0.07849831844831079,97217123.23208173
2880,2024-01-29,2024-01-30,2024-01-30,19.49437042251763,19.27029609680176,-0.011494309426738125,0.0,-0.011494309426738125,FOREIGN_FLIP_SELL,1,3599208.0,6000.0,0.0021887623756926544,130875813.38781357
2880,2024-05-06,2024-05-07,2024-05-09,22.94509693682668,22.54176521301269,-0.017578122460081835,-0.004491230737936669,-0.013086891722145166,FOREIGN_FLIP_SELL,3,57535436.0,206000.0,0.09970835965569536,480515990.1163705
2880,2024-07-05,2024-07-08,2024-07-08,24.289536940338536,24.648054122924805,0.01476014892613553,0.0,0.01476014892613553,FOREIGN_FLIP_SELL,1,7055434.0,178833.0,0.03451568629476043,541552359.4944488
2880,2024-07-15,2024-07-16,2024-07-16,24.82731356751984,24.603240966796875,-0.009025245527011339,0.0,-0.009025245527011339,FOREIGN_FLIP_SELL,1,8181969.0,1285000.0,0.03239057220865216,543399439.1284084
2880,2024-08-20,2024-08-21,2024-08-23,24.63524949319747,24.350994110107425,-0.011538563194520735,-0.003590261553865326,-0.007948301640655409,FOREIGN_FLIP_SELL,3,22035013.0,839278.0,0.008525786676939262,638730101.6729736
2880,2024-09-12,2024-09-13,2024-10-01,24.06674078554093,24.256244659423828,0.007874097933391555,0.02898668972396501,-0.021112591790573454,FOREIGN_FLIP_SELL,12,3035278.0,2603289.0,0.003626417671980242,312758735.4832683
2880,2024-12-03,2024-12-04,2024-12-10,25.488006453628746,25.81963539123535,0.013011175990164325,-0.005600866535217186,0.01861204252538151,FOREIGN_FLIP_SELL,5,29972688.0,2114000.0,0.05273421190813288,434207772.3292208
2880,2025-02-03,2025-02-04,2025-02-04,26.625017668685945,26.34076499938965,-0.01067614950846063,0.0,-0.01067614950846063,FOREIGN_FLIP_SELL,1,24169830.0,933162.0,0.03908132978578305,436837832.0288186
2880,2025-03-03,2025-03-04,2025-03-04,26.198639940430265,26.151264190673828,-0.0018083285950781791,0.0,-0.0018083285950781791,FOREIGN_FLIP_SELL,1,1996601.0,1248902.0,0.006018175393728731,231721383.2505743
2880,2025-03-14,2025-03-17,2025-03-21,26.24601350118976,26.672393798828125,0.016245526110814312,0.004090160488466887,0.012155365622347425,FOREIGN_FLIP_SELL,5,3919758.0,200000.0,0.005324399260886903,224189380.01378775
2880,2025-07-07,2025-07-08,2025-07-08,26.95664508021614,26.909269332885746,-0.0017574793595203086,0.0,-0.0017574793595203086,FOREIGN_FLIP_SELL,1,20076068.0,560000.0,0.05399648242403732,605247662.6020247
2880,2025-09-01,2025-09-02,2025-09-16,28.299999237060547,29.299999237060547,0.03533568999855086,0.06715560434595247,-0.03181991434740161,FOREIGN_FLIP_SELL,11,14709995.0,2574295.0,0.014917650070462862,550634309.9238621
2880,2025-10-29,2025-10-30,2025-11-10,29.700000762939453,29.64999961853028,-0.0016835401725499022,-0.014777520046481363,0.01309397987393146,FOREIGN_FLIP_SELL,8,5703151.0,18000.0,0.001694886153609243,293117226.7046251
2880,2025-12-11,2025-12-12,2025-12-16,31.0,31.350000381469727,0.01129033488612019,-0.023454107273989888,0.03474444216011008,FOREIGN_FLIP_SELL,3,5368392.0,229966.0,0.03692462928118001,385332807.15
2880,2026-01-12,2026-01-13,2026-01-13,32.349998474121094,32.0,-0.010819118721167142,0.0,-0.010819118721167142,FOREIGN_FLIP_SELL,1,4606413.0,888870.0,0.012777996214681675,730057444.4615947
2880,2026-01-16,2026-01-19,2026-01-30,32.70000076293945,33.099998474121094,0.012232345622296581,0.013415628166028704,-0.0011832825437321226,FOREIGN_FLIP_SELL,10,8626154.0,425949.0,0.037477551569171874,709683366.01889
2880,2026-02-04,2026-02-05,2026-02-26,33.150001525878906,38.09999847412109,0.1493211680360833,0.11361869520490098,0.03570247283118233,FOREIGN_FLIP_SELL,9,4882284.0,741000.0,0.00844175476712783,344562708.7175587
2881,2024-02-01,2024-02-02,2024-02-21,57.07722429261682,58.39845657348633,0.023148152301449842,0.03412974856716211,-0.010981596265712268,FOREIGN_FLIP_SELL,7,3254558.0,84720.0,0.014481474447294307,743031538.1530925
2881,2024-02-27,2024-02-29,2024-03-01,58.662702379621,59.36735916137695,0.01201200683180148,-0.0016259934881998062,0.013638000320001287,FOREIGN_FLIP_SELL,2,3631356.0,205337.0,0.024580787184510067,702689148.662353
2881,2024-05-02,2024-05-03,2024-05-03,60.8647579798993,60.77667617797852,-0.0014471724663699392,0.0,-0.0014471724663699392,FOREIGN_FLIP_SELL,1,10920055.0,672746.0,0.019654229166023107,1004866533.854678
2881,2024-05-17,2024-05-20,2024-05-20,66.0616044466412,65.0046157836914,-0.01600004528808463,0.0,-0.01600004528808463,FOREIGN_FLIP_SELL,1,28877951.0,1646807.0,0.07237848177101158,1404309618.0154884
2881,2024-05-24,2024-05-27,2024-05-29,64.38804449463663,63.77146530151367,-0.009575988802926316,-0.006479133392394698,-0.003096855410531618,FOREIGN_FLIP_SELL,3,10461857.0,1165331.0,0.02761815471287865,1375916607.3526
2881,2024-06-07,2024-06-11,2024-06-12,68.26365750015653,66.94242095947266,-0.01935490404511131,0.011785994524791121,-0.03114089856990243,FOREIGN_FLIP_SELL,2,16592598.0,11828.0,0.03499925757013056,1433170999.9110124
2881,2024-06-25,2024-06-26,2024-06-26,68.88022789178336,68.52790069580078,-0.0051150701263085185,0.0,-0.0051150701263085185,FOREIGN_FLIP_SELL,1,23892100.0,152385.0,0.03685114331083317,1280816909.111454
2881,2024-07-01,2024-07-02,2024-07-02,70.81803686145952,71.3465347290039,0.007462757949338261,0.0,0.007462757949338261,FOREIGN_FLIP_SELL,1,15057837.0,850339.0,0.045105947636805865,1270047027.819641
2881,2024-07-05,2024-07-08,2024-07-16,74.95789708225531,80.77131652832031,0.0775557969520626,0.004987807155354851,0.07256798979670775,FOREIGN_FLIP_SELL,7,18593114.0,103727.0,0.07816364137438137,1492401062.2209826
2881,2024-07-26,2024-07-29,2024-07-30,77.91741581063962,78.37042236328125,0.005813931942282968,0.0026655283970109522,0.003148403545272016,FOREIGN_FLIP_SELL,2,21445876.0,268836.0,0.010337326407761083,2394997578.9416757
2881,2024-08-02,2024-08-05,2024-08-05,76.64898939184006,71.57530212402344,-0.066193792091364,0.0,-0.066193792091364,FOREIGN_FLIP_SELL,1,9161071.0,733039.0,0.006709195478686869,2405566665.846226
2881,2024-08-16,2024-08-19,2024-08-19,83.71591944737855,81.5414810180664,-0.02597401358864526,0.0,-0.02597401358864526,FOREIGN_FLIP_SELL,1,38655007.0,1037672.0,0.07448113593646677,2433423226.3979983
2881,2024-08-27,2024-08-28,2024-09-03,83.53471822559588,84.89374542236328,0.016269010366410486,-0.012447072049065366,0.028716082415475852,FOREIGN_FLIP_SELL,5,24868378.0,442065.0,0.05437706824251398,2052149225.2921472
2881,2024-09-18,2024-09-19,2024-10-01,83.05000214281361,86.28447723388672,0.03894611688884808,0.015773990402323967,0.023172126486524114,FOREIGN_FLIP_SELL,9,6759943.0,494818.0,0.003282791756080483,1700100324.1355448
2881,2024-12-12,2024-12-13,2024-12-13,88.94816653664364,89.04329681396484,0.0010695023970168638,0.0,0.0010695023970168638,FOREIGN_FLIP_SELL,1,26827294.0,137000.0,0.03699614229787418,1913840498.8012624
2881,2025-07-16,2025-07-17,2025-07-17,84.19999694824219,84.0999984741211,-0.0011876303770244068,0.0,-0.0011876303770244068,FOREIGN_FLIP_SELL,1,13833395.0,1591976.0,0.027310301349114052,2430955684.5295725
2881,2025-08-04,2025-08-05,2025-08-05,83.69999694824219,84.0,0.003584265982032653,0.0,0.003584265982032653,FOREIGN_FLIP_SELL,1,5402627.0,3929141.0,0.013941697418581533,1265153572.2
2881,2025-08-08,2025-08-11,2025-08-19,85.19999694824219,88.0999984741211,0.034037577814006514,0.0090323382569244,0.025005239557082115,FOREIGN_FLIP_SELL,7,5453800.0,1887241.0,0.020664833162530094,1176394868.2630005
2881,2025-09-17,2025-09-18,2025-09-18,86.82926940917969,86.1463394165039,-0.007865204870692866,0.0,-0.007865204870692866,FOREIGN_FLIP_SELL,1,11023096.0,8096.0,0.004437563836006797,1441002060.590855
2881,2025-10-02,2025-10-03,2025-10-03,88.0,86.5,-0.017045454545454586,0.0,-0.017045454545454586,FOREIGN_FLIP_SELL,1,10639989.0,94765.0,0.01333191684794377,1323358094.6839378
2881,2025-10-23,2025-10-27,2025-10-27,92.8000030517578,92.0999984741211,-0.007543152528198593,0.0,-0.007543152528198593,FOREIGN_FLIP_SELL,1,23767619.0,633000.0,0.039667351108698456,1586306057.03353
2881,2025-12-12,2025-12-15,2025-12-30,96.0,97.0,0.01041666666666674,0.030150114176093368,-0.019733447509426627,FOREIGN_FLIP_SELL,11,6935401.0,1313718.0,0.042261136492681484,3881369437.925693
2881,2026-02-05,2026-02-06,2026-02-06,92.6999969482422,92.4000015258789,-0.003236196680036496,0.0,-0.003236196680036496,FOREIGN_FLIP_SELL,1,14493493.0,501992.0,0.002197330227111882,1621255133.8500001
2882,2024-03-14,2024-03-15,2024-03-15,44.44067913777757,43.66182327270508,-0.017525741734455536,0.0,-0.017525741734455536,FOREIGN_FLIP_SELL,1,31928237.0,78984.0,0.0700636435103077,1078789802.5799515
2882,2024-05-07,2024-05-08,2024-05-13,46.63980865478516,50.48827362060547,0.08251459593896637,0.007594072496516224,0.07492052344245015,FOREIGN_FLIP_SELL,4,13569909.0,776262.0,0.03350260960899609,1249893777.19007
2882,2024-06-03,2024-06-04,2024-06-04,51.58784150935022,51.679473876953125,0.001776239612318209,0.0,0.001776239612318209,FOREIGN_FLIP_SELL,1,11177399.0,373000.0,0.029598689491268537,1977333525.4519675
2882,2024-06-07,2024-06-11,2024-06-12,53.87859710140241,53.05392456054688,-0.015306124977668811,0.011785994524791121,-0.027092119502459933,FOREIGN_FLIP_SELL,2,28752389.0,308111.0,0.03835861748925251,1828347574.0011835
2882,2024-06-20,2024-06-21,2024-06-21,55.069786071777344,55.069786071777344,0.0,0.0,0.0,FOREIGN_FLIP_SELL,1,30243803.0,1973208.0,0.05143450145955386,1675777698.3702257
2882,2024-06-26,2024-06-27,2024-07-26,53.97023041555643,58.32989501953125,0.08077906227945597,-0.03434777796669164,0.11512684024614761,20D_TIMEOUT,20,13074746.0,38097.0,0.024537238369026992,1741897575.26223
2882,2024-07-29,2024-07-30,2024-07-30,59.27835063497397,58.51958847045898,-0.012799987792968759,0.0,-0.012799987792968759,FOREIGN_FLIP_SELL,1,16764812.0,2443000.0,0.007876550727977882,2696981437.7112904
2882,2024-09-13,2024-09-16,2024-09-16,60.03711117929501,59.84741973876953,-0.003159569752764768,0.0,-0.003159569752764768,FOREIGN_FLIP_SELL,1,13388066.0,807000.0,0.0067702268605129845,1367266945.1548722
2882,2024-09-20,2024-09-23,2024-10-01,61.55463902241247,63.2618522644043,0.027734924111409542,0.004705355063732153,0.02302956904767739,FOREIGN_FLIP_SELL,7,34346712.0,676637.0,0.023734124460845107,1463902653.0980997
2882,2024-12-04,2024-12-05,2024-12-06,65.63298797607422,65.15876007080078,-0.007225450492156615,-0.003209133409747267,-0.004016317082409349,FOREIGN_FLIP_SELL,2,25890251.0,974284.0,0.022525182969026947,1612795867.8127747
2882,2025-02-12,2025-02-13,2025-02-13,65.06391615708691,65.15876007080078,0.0014577037368130874,0.0,0.0014577037368130874,FOREIGN_FLIP_SELL,1,16133807.0,246013.0,0.032616829370274436,1342884210.625169
2882,2025-02-18,2025-02-19,2025-02-27,65.44329904806919,64.87422943115234,-0.008695613228466015,-0.023339201900757223,0.014643588672291208,FOREIGN_FLIP_SELL,7,18172862.0,237839.0,0.03678176411763112,1061043718.8132488
2882,2025-05-15,2025-05-16,2025-05-19,56.81237392734537,57.38144302368164,0.010016639985226172,-0.014643102104449635,0.024659742089675807,FOREIGN_FLIP_SELL,2,30928572.0,2320141.0,0.07155693891819737,2305947836.6070557
2882,2025-05-22,2025-05-23,2025-05-23,61.64948562550006,62.31340026855469,0.010769183819110628,0.0,0.010769183819110628,FOREIGN_FLIP_SELL,1,57031364.0,26415562.0,0.13220571360392075,3157351581.4824634
2882,2025-07-14,2025-07-15,2025-07-15,63.09999847412109,63.09999847412109,0.0,0.0,0.0,FOREIGN_FLIP_SELL,1,17770917.0,2907262.0,0.008489364651677711,2383063443.487929
2882,2025-09-11,2025-09-12,2025-09-17,64.5,65.69999694824219,0.018604603848715984,-0.0014285039595136606,0.020033107808229644,FOREIGN_FLIP_SELL,4,6885922.0,544940.0,0.010513136375258192,1114435483.3651793
2882,2025-12-03,2025-12-04,2025-12-05,67.5,68.69999694824219,0.017777732566550908,0.006662167696174004,0.011115564870376904,FOREIGN_FLIP_SELL,2,50513177.0,3085624.0,0.03872154817530493,1784694299.9755704
2882,2026-02-04,2026-02-05,2026-02-06,75.80000305175781,75.69999694824219,-0.0013193416819170523,-0.0005770087057992423,-0.0007423329761178099,FOREIGN_FLIP_SELL,2,19845197.0,201000.0,0.002895464692436178,1658062586.4757261
2883,2024-03-13,2024-03-14,2024-03-14,12.866993854591689,13.050153732299805,0.014234861676160282,0.0,0.014234861676160282,FOREIGN_FLIP_SELL,1,68167317.0,54000.0,0.09242034064661087,602217637.472721
2883,2024-05-06,2024-05-07,2024-05-08,12.775413578809314,12.638043403625488,-0.01075269887244057,0.0022746944638225575,-0.013027393336263127,FOREIGN_FLIP_SELL,2,34509296.0,88000.0,0.014466251629347893,550795818.8191224
2883,2024-05-20,2024-05-21,2024-05-21,13.187523406576693,12.958573341369627,-0.017361111571023824,0.0,-0.017361111571023824,FOREIGN_FLIP_SELL,1,46238972.0,45719.0,0.038399143155488424,616844811.571857
2883,2024-06-07,2024-06-11,2024-06-12,14.103323438762994,13.874374389648438,-0.016233694852752945,0.011785994524791121,-0.028019689377544066,FOREIGN_FLIP_SELL,2,224637000.0,36719.0,0.08127077985095221,959032047.7082908
2883,2024-06-20,2024-06-21,2024-06-25,14.240694529644594,14.149113655090332,-0.006430927534020192,-0.016230747935280898,0.009799820401260706,FOREIGN_FLIP_SELL,3,30917535.0,321000.0,0.058543233488984825,1063137418.3358932
2883,2024-07-10,2024-07-11,2024-07-15,15.770946568054615,15.486785888671877,-0.018017985043353724,-0.020937651023667736,0.0029196659803140124,FOREIGN_FLIP_SELL,3,36159504.0,223000.0,0.09198357466671392,1104853926.0660815
2883,2024-07-18,2024-07-19,2024-07-19,15.439424294485852,15.060543060302734,-0.024539855046177728,0.0,-0.024539855046177728,FOREIGN_FLIP_SELL,1,23943409.0,439000.0,0.03540332882086106,1176339839.5844293
2883,2024-11-11,2024-11-12,2024-11-12,16.481349805755194,16.244548797607422,-0.01436781640694762,0.0,-0.01436781640694762,FOREIGN_FLIP_SELL,1,55370809.0,1190000.0,0.028788485189747748,796584463.6437984
2883,2024-12-04,2024-12-05,2024-12-09,17.002311698051926,17.049671173095703,0.0027854726983509437,0.00022823451495135316,0.0025572381833995905,FOREIGN_FLIP_SELL,3,76966245.0,4387000.0,0.03528040120692877,722287732.2749716
2883,2025-02-17,2025-02-18,2025-03-04,17.049671173095703,17.239112854003906,0.011111163317163664,-0.04517973354566229,0.056290896862825957,FOREIGN_FLIP_SELL,10,52297108.0,413000.0,0.04226978387286007,687462446.0041935
2883,2025-03-07,2025-03-10,2025-03-10,17.52327354008311,17.665353775024414,0.008108087488122973,0.0,0.008108087488122973,FOREIGN_FLIP_SELL,1,30397274.0,160000.0,0.01774821917534819,685870905.5799134
2883,2025-03-24,2025-03-25,2025-03-25,17.665353628536987,17.381193161010742,-0.016085750305457003,0.0,-0.016085750305457003,FOREIGN_FLIP_SELL,1,23547035.0,217000.0,0.01200215063057497,814983604.7520294
2883,2025-05-02,2025-05-05,2025-05-07,15.249984621218877,15.060543060302734,-0.012422409964437109,0.0006574785185160525,-0.013079888482953161,FOREIGN_FLIP_SELL,3,32943327.0,264977.0,0.041139311065966355,969804632.2296835
2883,2025-05-13,2025-05-14,2025-05-14,15.72358703613281,15.723587036132812,2.220446049250313e-16,0.0,2.220446049250313e-16,FOREIGN_FLIP_SELL,1,24136125.0,286318.0,0.030540385618685884,676621893.7693206
2883,2025-05-19,2025-05-20,2025-06-02,16.2919101588714,16.14982795715332,-0.008721027818871852,-0.024310956384834603,0.015589928565962752,FOREIGN_FLIP_SELL,9,43661869.0,109475.0,0.053444525003016885,776892473.865596
2883,2025-08-07,2025-08-08,2025-08-22,15.550000190734863,15.899999618530272,0.022508001511404974,-0.010690074750678624,0.0331980762620836,FOREIGN_FLIP_SELL,11,19406163.0,318000.0,0.011914475645455225,421717044.375
2883,2025-10-14,2025-10-15,2025-10-23,15.5,16.149999618530273,0.04193545926001763,0.009405761364492449,0.03252969789552518,FOREIGN_FLIP_SELL,7,58998462.0,5836286.0,0.016104948269445973,714478972.0919312
2883,2025-11-03,2025-11-04,2025-11-05,16.049999237060547,15.75,-0.018691542138383865,-0.014208708043573326,-0.004482834094810539,FOREIGN_FLIP_SELL,2,24285142.0,1779588.0,0.027364339499049706,686959852.4927462
2883,2025-11-12,2025-11-13,2025-11-14,16.049999237060547,16.0,-0.0031152174104217556,-0.018136056365454567,0.015020838955032811,FOREIGN_FLIP_SELL,2,29013223.0,997000.0,0.007691069895035874,575535134.6718391
2883,2025-11-26,2025-11-27,2025-11-28,15.850000381469728,15.75,-0.006309172180628986,0.00261122848805706,-0.008920400668686046,FOREIGN_FLIP_SELL,2,32068272.0,1220448.0,0.0037999090156037862,524034827.79470307
2883,2025-12-11,2025-12-12,2025-12-18,17.0,17.350000381469727,0.02058825773351325,-0.025870264880359928,0.04645852261387318,FOREIGN_FLIP_SELL,5,129846752.0,505551.0,0.06889489089441114,675456922.7456099
2883,2026-01-19,2026-01-20,2026-01-21,18.100000381469727,17.799999237060547,-0.016574648513063672,-0.01617195376823788,-0.00040269474482579337,FOREIGN_FLIP_SELL,2,69481835.0,4317501.0,0.03104530125183458,639525037.4034219
2883,2026-02-02,2026-02-03,2026-03-02,18.100000381469727,21.14999961853028,0.16850824159004207,0.09006672157235385,0.07844152001768823,FOREIGN_FLIP_SELL,12,34391076.0,2324799.0,0.010101016587928724,686524660.1999999
2883,2026-04-07,2026-04-08,2026-04-10,21.0,21.14999961853028,0.00714283897763246,0.018884441279513497,-0.011741602301881038,FOREIGN_FLIP_SELL,3,29471087.0,2019986.0,0.027371552166340685,806960688.8657703
2884,2024-03-15,2024-03-18,2024-03-18,23.97083969708784,23.7912826538086,-0.007490644697818127,0.0,-0.007490644697818127,FOREIGN_FLIP_SELL,1,38148158.0,101369.0,0.04040498826790673,629558398.9188981
2884,2024-05-06,2024-05-07,2024-05-09,25.27262662559251,25.04818153381348,-0.008880956265612028,-0.004491230737936669,-0.004389725527675359,FOREIGN_FLIP_SELL,3,26494594.0,337000.0,0.034800234754256865,654139060.7583753
2884,2024-06-14,2024-06-17,2024-06-26,25.81129862312049,25.856189727783203,0.0017392036455887716,0.021788256747590218,-0.020049053102001446,FOREIGN_FLIP_SELL,8,5455489.0,110000.0,0.0050690963534940625,1133728705.6601686
2884,2024-07-05,2024-07-08,2024-07-16,26.21530125987876,26.933528900146484,0.027397268226970084,0.004987807155354851,0.022409461071615233,FOREIGN_FLIP_SELL,7,31894624.0,1312378.0,0.013425710789951584,559135076.8245375
2884,2024-08-22,2024-08-23,2024-08-29,26.07140459655084,26.6921501159668,0.02380943907786559,0.001976655282424966,0.021832783795440625,FOREIGN_FLIP_SELL,5,15492036.0,396327.0,0.02756423171045186,897265761.1181923
2884,2024-09-16,2024-09-18,2024-10-01,26.40565151682366,27.36064910888672,0.03616640897705592,0.03282236440595976,0.003344044571096161,FOREIGN_FLIP_SELL,10,2620876.0,298007.0,0.000541809813588312,432702992.82252854
2884,2025-01-08,2025-01-09,2025-01-10,26.07140309905271,26.1191520690918,0.0018314691333518596,-0.0030012170892772527,0.004832686222629112,FOREIGN_FLIP_SELL,2,4904605.0,244600.0,0.0011001469931377628,473057986.7732838
2884,2025-01-21,2025-01-22,2025-02-07,26.501149793653365,27.2651481628418,0.028828876299223927,-0.0020038173484289157,0.030832693647652842,FOREIGN_FLIP_SELL,6,17069471.0,117559.0,0.014717948620011523,406393663.798397
2884,2025-02-14,2025-02-17,2025-02-27,27.981396475810783,27.838144302368164,-0.005119550540176099,-0.01923607918383541,0.01411652864365931,FOREIGN_FLIP_SELL,9,27049953.0,725857.0,0.040462482363489816,577867301.5455387
2884,2025-03-13,2025-03-14,2025-03-21,28.36339412031417,28.55439186096192,0.006733952214518668,0.01097269987789451,-0.004238747663375841,FOREIGN_FLIP_SELL,6,22995035.0,34000.0,0.009808106610805112,631981827.4859415
2884,2025-03-26,2025-03-27,2025-03-27,28.60214383501486,28.64989280700684,0.0016694193367954302,0.0,0.0016694193367954302,FOREIGN_FLIP_SELL,1,12280343.0,2992000.0,0.016776816284090224,770364638.4513217
2884,2025-05-07,2025-05-08,2025-05-13,27.551647186279297,28.17239570617676,0.022530359644217457,0.03829649519628853,-0.01576613555207107,FOREIGN_FLIP_SELL,4,29983996.0,465638.0,0.04076479197342486,738704877.4499277
2884,2025-05-20,2025-05-21,2025-05-22,28.745391508777068,28.697643280029297,-0.0016610742189123728,-0.0060974943391927106,0.004436420120280338,FOREIGN_FLIP_SELL,2,30151606.0,426833.0,0.04741188726963652,761740546.3889526
2884,2025-06-19,2025-06-20,2025-06-20,30.55988651430935,30.36888694763184,-0.006250009030238979,0.0,-0.006250009030238979,FOREIGN_FLIP_SELL,1,14552401.0,5731398.0,0.03694104855825464,975342530.3668549
2884,2025-08-06,2025-08-07,2025-08-15,33.25,34.0,0.022556390977443552,0.013777458455825231,0.008778932521618321,FOREIGN_FLIP_SELL,7,20397813.0,2764012.0,0.00018909515258691556,1190691354.4334266
2884,2025-11-21,2025-11-24,2025-11-25,30.25,30.100000381469727,-0.004958665075380897,0.015391110399419539,-0.020349775474800436,FOREIGN_FLIP_SELL,2,15274161.0,460000.0,0.0005826773044248501,2140925643.0190372
2884,2025-12-11,2025-12-12,2025-12-15,32.54999923706055,33.0,0.013824908555668758,-0.011741252883312847,0.025566161438981605,FOREIGN_FLIP_SELL,2,24562067.0,169128.0,0.053231281641887396,1338872033.0783248
2884,2026-02-05,2026-02-06,2026-02-06,33.70000076293945,34.0,0.0089020543106475,0.0,0.0089020543106475,FOREIGN_FLIP_SELL,1,25207098.0,685910.0,0.023283870297603038,1025723301.4380083
2884,2026-02-23,2026-02-24,2026-02-24,34.900001525878906,34.70000076293945,-0.005730680635963603,0.0,-0.005730680635963603,FOREIGN_FLIP_SELL,1,54084590.0,687820.0,0.037897351373703536,1127562437.5005934
2885,2024-01-02,2024-01-03,2024-01-03,24.22756116108729,23.65698432922364,-0.023550733318550954,0.0,-0.023550733318550954,FOREIGN_FLIP_SELL,1,11953007.0,137000.0,0.03380835373794677,522220924.9140203
2885,2024-01-25,2024-01-26,2024-01-30,23.48142114464457,23.569204330444336,0.003738410263119274,0.002200694527731528,0.0015377157353877458,FOREIGN_FLIP_SELL,3,1239124.0,280268.0,0.00102907115649864,360026192.5202568
2885,2024-02-20,2024-02-21,2024-02-21,24.13978068188321,24.00811004638672,-0.005454508358284649,0.0,-0.005454508358284649,FOREIGN_FLIP_SELL,1,11024228.0,3316623.0,0.04044083382008146,357929694.2854656
2885,2024-03-11,2024-03-12,2024-03-18,25.10537211680579,25.763729095458984,0.026223749068132074,-0.0017425033713375226,0.027966252439469597,FOREIGN_FLIP_SELL,5,23871107.0,43000.0,0.04026236578661857,419228468.393056
2885,2024-06-19,2024-06-20,2024-06-25,29.75776687781774,30.19667053222656,0.014749213414128493,-0.022649177568981327,0.03739839098310982,FOREIGN_FLIP_SELL,4,16207770.0,184636.0,0.04895107043856739,550682504.6889158
2885,2024-07-01,2024-07-02,2024-07-05,28.85338007680056,29.94218635559082,0.03773583115365087,0.029599623091115523,0.008136208062535344,FOREIGN_FLIP_SELL,4,34400887.0,28784.0,0.011168091852026274,762303579.3950646
2885,2024-11-27,2024-11-28,2024-11-28,30.81867623849097,30.77239990234375,-0.0015015679385158576,0.0,-0.0015015679385158576,FOREIGN_FLIP_SELL,1,6833115.0,835662.0,0.009932519267933815,655047446.482897
2885,2025-01-06,2025-01-07,2025-01-08,33.03984384274331,32.94729232788086,-0.0028012092097940977,-0.01031401095838369,0.007512801748589593,FOREIGN_FLIP_SELL,2,19989471.0,809000.0,0.02102537270685656,733577423.4326295
2885,2025-02-21,2025-02-24,2025-02-24,33.9653261609644,33.73395538330078,-0.006811969847341892,0.0,-0.006811969847341892,FOREIGN_FLIP_SELL,1,6838348.0,201000.0,0.04000006155269853,559630778.2249358
2885,2025-05-15,2025-05-16,2025-05-16,31.05004716462452,31.00377082824707,-0.001490378939912551,0.0,-0.001490378939912551,FOREIGN_FLIP_SELL,1,18211951.0,719056.0,0.08021222766011626,894363830.7818929
2885,2025-08-06,2025-08-07,2025-08-08,31.84465980529785,31.79611587524414,-0.0015243978221314292,0.0007286453218204869,-0.002253043143951916,FOREIGN_FLIP_SELL,2,13356683.0,3405630.0,0.02339409101137213,678939425.3144052
2885,2025-09-02,2025-09-03,2025-09-08,32.95000076293945,33.599998474121094,0.019726788956943686,0.018550809061803397,0.0011759798951402889,FOREIGN_FLIP_SELL,4,8412366.0,415000.0,0.01889406290599216,549266206.5
2885,2025-10-22,2025-10-23,2025-10-23,34.54999923706055,34.849998474121094,0.008683046126922944,0.0,0.008683046126922944,FOREIGN_FLIP_SELL,1,8349527.0,1025273.0,0.004777788222278145,584731473.8813314
2885,2025-11-04,2025-11-05,2025-11-10,34.849998474121094,34.650001525878906,-0.005738793601115955,0.0055001943114487695,-0.011238987912564724,FOREIGN_FLIP_SELL,4,9427902.0,324573.0,0.009147673994009509,495863905.27500004
2885,2026-04-09,2026-04-10,2026-04-20,48.29999923706055,51.20000076293945,0.06004144040759596,0.04350838935723145,0.01653305105036451,FOREIGN_FLIP_SELL,7,4830700.0,3262173.0,0.0603129222614629,1145911213.6477604
2886,2024-01-02,2024-01-03,2024-01-03,35.05462830713077,34.784629821777344,-0.007702220744942312,0.0,-0.007702220744942312,FOREIGN_FLIP_SELL,1,7304643.0,473000.0,0.007393474645596143,609770550.412302
2886,2024-02-29,2024-03-01,2024-03-04,34.73963146286063,34.91963195800781,0.005181416369935299,0.019506877426717306,-0.014325461056782007,FOREIGN_FLIP_SELL,2,4798254.0,297764.0,0.015614634318673382,440048024.650592
2886,2024-03-07,2024-03-08,2024-03-20,35.32462723488416,36.13461685180664,0.022929884342065776,-4.402727558827646e-05,0.022973911617654053,FOREIGN_FLIP_SELL,9,4497249.0,202472.0,0.024771827653412792,495461478.68450546
2886,2024-05-07,2024-05-08,2024-05-14,36.89960926915848,36.449615478515625,-0.012195082808613145,0.013784194059985433,-0.025979276868598578,FOREIGN_FLIP_SELL,5,12605096.0,1464786.0,0.028959128493036612,861064068.1059666
2886,2024-06-17,2024-06-18,2024-06-20,35.909619425728934,35.99961853027344,0.0025062672894833327,0.02850365488468576,-0.025997387595202426,FOREIGN_FLIP_SELL,3,3970926.0,75893.0,0.004923654465260441,756878464.0969276
2886,2024-07-08,2024-07-09,2024-07-16,37.889599839774704,37.66460037231445,-0.005938290940303292,0.004065673485501797,-0.01000396442580509,FOREIGN_FLIP_SELL,6,11394011.0,29560.0,0.0400197622509153,943110590.2809293
2886,2024-08-26,2024-08-27,2024-08-28,37.93395595990763,37.83767318725586,-0.0025381685146028676,0.008368724645030357,-0.010906893159633224,FOREIGN_FLIP_SELL,2,19890395.0,477883.0,0.012417143250229357,1092444137.8491492
2886,2024-11-19,2024-11-20,2024-11-20,38.4634895324707,38.4634895324707,0.0,0.0,0.0,FOREIGN_FLIP_SELL,1,9406184.0,1434845.0,0.019327674110273918,569952159.0546793
2886,2025-03-31,2025-04-01,2025-04-01,38.46349126703954,38.22279357910156,-0.006257822158339366,0.0,-0.006257822158339366,FOREIGN_FLIP_SELL,1,12877779.0,3318000.0,0.00402621796175362,592290040.593227
2886,2025-05-07,2025-05-08,2025-05-13,37.35628128051758,38.030235290527344,0.018041250009573462,0.03829649519628853,-0.020255245186715065,FOREIGN_FLIP_SELL,4,30558369.0,2114689.0,0.02815504700634186,728760368.1074
2886,2025-05-19,2025-05-20,2025-05-21,39.76325607299805,39.618839263916016,-0.003631916078927433,0.012909062583843056,-0.01654097866277049,FOREIGN_FLIP_SELL,2,29864612.0,13144372.0,0.06508107781006722,679047087.8662682
2886,2025-07-08,2025-07-09,2025-07-09,40.48535002344611,40.38907241821289,-0.0023780850400814124,0.0,-0.0023780850400814124,FOREIGN_FLIP_SELL,1,99843948.0,85387.0,0.03336784093759615,1173085931.335437
2886,2025-08-12,2025-08-13,2025-08-15,41.70000076293945,42.29999923706055,0.014388452353562897,-0.0014583107926700034,0.0158467631462329,FOREIGN_FLIP_SELL,3,32538918.0,67449.0,0.012516152164881555,904394804.8499999
2886,2025-09-25,2025-09-26,2025-10-13,41.95000076293945,41.650001525878906,-0.007151352362443353,0.052505191216025704,-0.05965654357846906,FOREIGN_FLIP_SELL,9,8053252.0,2541933.0,0.015001234792499929,527073275.5358162
2886,2026-02-06,2026-02-09,2026-03-04,39.95000076293945,38.900001525878906,-0.02628283396766795,0.013092570654321234,-0.039375404621989185,FOREIGN_FLIP_SELL,10,10866708.0,463000.0,0.0006914075811290665,792551545.6473153
2886,2026-04-02,2026-04-07,2026-04-10,39.25,39.84999847412109,0.015286585327925817,0.06584470791366104,-0.05055812258573522,FOREIGN_FLIP_SELL,4,26415359.0,798142.0,0.0069266359383894915,880027376.2624999
2887,2024-03-15,2024-03-18,2024-03-18,15.955121331731055,15.911168098449709,-0.0027548040762268577,0.0,-0.0027548040762268577,FOREIGN_FLIP_SELL,1,16062414.0,1366681.0,0.033746316363295614,276534310.2426523
2887,2024-05-17,2024-05-20,2024-05-21,16.614423169843814,16.570470809936523,-0.002645433997796931,-0.0016397830333553243,-0.0010056509644416067,FOREIGN_FLIP_SELL,2,26011721.0,50245.0,0.035616470065477746,376384954.18535185
2887,2024-06-11,2024-06-12,2024-06-12,16.350700665747617,16.306747436523438,-0.002688155701868755,0.0,-0.002688155701868755,FOREIGN_FLIP_SELL,1,16357807.0,30163.0,0.001207864560290206,332639955.64654636
2887,2024-06-17,2024-06-18,2024-06-18,16.48256343701596,16.394655227661133,-0.005333406401907381,0.0,-0.005333406401907381,FOREIGN_FLIP_SELL,1,6174915.0,76582.0,0.005241176108259804,311218010.72291136
2887,2024-06-25,2024-06-26,2024-06-26,16.614424340009613,16.526517868041992,-0.005290973082704431,0.0,-0.005290973082704431,FOREIGN_FLIP_SELL,1,24885145.0,208000.0,0.01936515617847001,339183507.02832246
2887,2024-07-02,2024-07-03,2024-07-16,16.570470827384558,17.58139991760254,0.061007867594643495,0.03559489978493424,0.025412967809709253,FOREIGN_FLIP_SELL,10,4833785.0,17326.0,0.005885605426166007,287793320.91856575
2887,2024-07-29,2024-07-30,2024-07-30,17.88907328668302,17.757213592529297,-0.007370962824098881,0.0,-0.007370962824098881,FOREIGN_FLIP_SELL,1,43189485.0,854000.0,0.03882872007147342,494989085.5112065
2887,2024-08-14,2024-08-15,2024-08-15,17.872205558084158,17.352115631103516,-0.029100489320714518,0.0,-0.029100489320714518,FOREIGN_FLIP_SELL,1,19806814.0,1357084.0,0.024778846986541092,681000484.0415115
2887,2025-04-25,2025-04-28,2025-04-28,15.319034576416016,15.319034576416016,0.0,0.0,0.0,FOREIGN_FLIP_SELL,1,34752616.0,1487468.0,0.006073811412463437,742254720.046923
2887,2025-05-14,2025-05-15,2025-05-19,15.508157306558768,15.886404037475586,0.02439017888713635,-0.009499196828154255,0.033889375715290604,FOREIGN_FLIP_SELL,3,17844914.0,95000.0,0.022284520996229906,488373174.4020297
2887,2025-05-27,2025-05-28,2025-05-29,16.264653035142082,16.217370986938477,-0.0029070431506559302,-0.0004878761184228253,-0.002419167032233105,FOREIGN_FLIP_SELL,2,49724933.0,1495504.0,0.03703699638122626,632753523.8230145
2887,2025-07-09,2025-07-10,2025-07-11,15.271752059322234,17.304832458496094,0.13312686005354712,0.0025461005750608834,0.13058075947848624,FOREIGN_FLIP_SELL,2,33110510.0,11963010.0,0.002158474632108609,759828797.7839693
2887,2025-07-16,2025-07-17,2025-07-18,17.02114762474449,17.021148681640625,6.209311842475529e-08,0.011675174216255968,-0.011675112123137543,FOREIGN_FLIP_SELL,2,28021994.0,30041378.0,0.1008620468285697,1734824197.5971928
2887,2025-08-20,2025-08-21,2025-08-22,16.350000381469727,16.299999237060547,-0.0030581738986287244,-0.008248855555042067,0.005190681656413343,FOREIGN_FLIP_SELL,2,28103012.0,2190417.0,0.028535708769185764,1963470316.272605
2887,2025-09-12,2025-09-15,2025-09-17,17.299999237060547,17.350000381469727,0.002890239688685403,0.0031979071493151157,-0.0003076674606297125,FOREIGN_FLIP_SELL,3,46598050.0,2826998.0,0.037948061571903446,996423254.4421881
2887,2025-09-22,2025-09-23,2025-10-13,17.450000762939453,18.549999237060547,0.06303715908467389,0.025756896915189342,0.037280262169484546,FOREIGN_FLIP_SELL,12,61827723.0,3989957.0,0.028957808113876382,1082907034.125
2887,2025-10-22,2025-10-23,2025-10-23,19.700000762939453,19.5,-0.01015232259867238,0.0,-0.01015232259867238,FOREIGN_FLIP_SELL,1,54116325.0,3028280.0,0.0609723363133432,1773448690.4
2887,2026-01-19,2026-01-20,2026-01-20,22.950000762939453,22.89999961853028,-0.0021786990303684917,0.0,-0.0021786990303684917,FOREIGN_FLIP_SELL,1,126337791.0,9381271.0,0.08693069062501602,3417376586.196452
2887,2026-02-02,2026-02-03,2026-02-24,22.64999961853028,25.299999237060547,0.11699777762301888,0.07782056129013148,0.0391772163328874,FOREIGN_FLIP_SELL,9,22013773.0,945608.0,0.018339229775909516,1652119353.4108672
2889,2024-04-22,2024-04-23,2024-05-13,12.45268726348877,13.875852584838867,0.11428579962196705,0.06420805691695253,0.05007774270501453,FOREIGN_FLIP_SELL,14,12093000.0,1102000.0,0.008159606645239847,102880905.64074582
2889,2024-06-20,2024-06-21,2024-06-26,13.92032698003064,13.964799880981444,0.0031948172636031558,-0.011469345532271191,0.014664162795874347,FOREIGN_FLIP_SELL,4,12722198.0,2000.0,0.020640300528324218,300632779.04930073
2889,2024-08-23,2024-08-26,2024-09-11,14.583550198104996,14.345255851745604,-0.016339940763556826,-0.054366576589797044,0.03802663582624022,FOREIGN_FLIP_SELL,13,780673.0,708000.0,0.011570261273315952,92734808.86470571
2889,2024-12-19,2024-12-20,2024-12-20,14.726525573798789,14.488232612609863,-0.016181207168980305,0.0,-0.016181207168980305,FOREIGN_FLIP_SELL,1,7852627.0,2570000.0,0.04289322650575067,147822391.7997345
2889,2025-05-21,2025-05-22,2025-05-27,11.86700564806086,11.724029541015623,-0.012048204179341604,-0.015431797231534317,0.0033835930521927127,FOREIGN_FLIP_SELL,4,2621000.0,171000.0,0.026272619372692985,29710150.054029465
2889,2025-08-12,2025-08-13,2025-08-18,15.449999809265137,16.049999237060547,0.038834914899843476,0.0046163278554511855,0.03421858704439229,FOREIGN_FLIP_SELL,4,1579268.0,34000.0,0.01079307796945872,150122814.92576924
2890,2024-01-29,2024-01-30,2024-01-30,16.98076727012946,16.804344177246094,-0.010389583113461942,0.0,-0.010389583113461942,FOREIGN_FLIP_SELL,1,5973999.0,16000.0,0.0064043167031690995,269065997.59698373
2890,2024-03-15,2024-03-18,2024-03-18,18.87731959268778,18.48036766052246,-0.021027981764904835,0.0,-0.021027981764904835,FOREIGN_FLIP_SELL,1,12129534.0,2126526.0,0.059947845861777926,308949105.58524936
2890,2024-05-02,2024-05-03,2024-05-09,19.62712003119741,19.71533203125,0.004494393467425528,0.011335247807596538,-0.00684085434017101,FOREIGN_FLIP_SELL,5,14292380.0,2101000.0,0.025937883017334018,440043726.8652459
2890,2024-06-07,2024-06-11,2024-06-24,20.5092376232038,22.40579032897949,0.09247309630027223,0.04687841836458051,0.04559467793569172,FOREIGN_FLIP_SELL,10,20449925.0,221010.0,0.019301695222268878,742989068.5493495
2890,2024-07-15,2024-07-16,2024-07-16,24.081815379410944,23.773073196411133,-0.012820552692376141,0.0,-0.012820552692376141,FOREIGN_FLIP_SELL,1,7300372.0,771000.0,0.0492876624587395,421892381.3854922
2890,2025-08-14,2025-08-15,2025-08-15,24.55595717664029,24.36957359313965,-0.00759015753936676,0.0,-0.00759015753936676,FOREIGN_FLIP_SELL,1,8713734.0,92555.0,0.026790019245304775,562772673.8417171
2890,2025-09-23,2025-09-24,2025-09-24,24.700000762939453,24.799999237060547,0.004048521094425883,0.0,0.004048521094425883,FOREIGN_FLIP_SELL,1,25564806.0,2126351.0,0.009811963536999313,830312055.4018747
2890,2025-10-02,2025-10-03,2025-10-03,25.549999237060547,25.350000381469727,-0.007827744092481992,0.0,-0.007827744092481992,FOREIGN_FLIP_SELL,1,47313286.0,1627012.0,0.0377833713261162,926197502.5374999
2890,2025-10-13,2025-10-14,2025-10-28,26.049999237060547,25.89999961853028,-0.005758142914525144,0.04314382472840794,-0.048901967642933086,FOREIGN_FLIP_SELL,10,31354455.0,244899.0,0.04193643107016887,986666114.1517589
2890,2025-11-05,2025-11-06,2025-11-17,26.5,26.549999237060547,0.0018867636626620499,-0.016206007091033814,0.018092770753695864,FOREIGN_FLIP_SELL,8,39270712.0,1288390.0,0.01445114216869614,729534733.9000001
2890,2026-02-05,2026-02-06,2026-02-26,29.299999237060547,33.20000076293945,0.13310585759148852,0.114261633868181,0.01884422372330752,FOREIGN_FLIP_SELL,8,19800725.0,631411.0,0.013530970882076998,589884186.8961579
2890,2026-03-13,2026-03-16,2026-03-16,31.75,31.5,-0.007874015748031482,0.0,-0.007874015748031482,FOREIGN_FLIP_SELL,1,8900789.0,387000.0,0.00897752504730498,946389852.1999999
2890,2026-04-07,2026-04-08,2026-04-29,32.599998474121094,31.89999961853028,-0.021472358538497938,0.13066573411831306,-0.152138092656811,FOREIGN_FLIP_SELL,16,16568487.0,870900.0,0.022313630608140844,783738580.1577678
2891,2024-01-05,2024-01-08,2024-01-10,25.524066951029635,25.388301849365234,-0.005319101455300124,-0.006090671299810779,0.0007715698445106556,FOREIGN_FLIP_SELL,3,31815389.0,554000.0,0.002765655817226209,1124351630.8624532
2891,2024-01-26,2024-01-29,2024-01-30,25.70508966552197,25.705087661743164,-7.795260914544855e-08,-0.00469104479333371,0.004690966840724564,FOREIGN_FLIP_SELL,2,46451503.0,987417.0,0.013423428644120383,1057462007.3572792
2891,2024-02-29,2024-03-01,2024-03-01,26.519686542354123,26.29340934753418,-0.008532423430365976,0.0,-0.008532423430365976,FOREIGN_FLIP_SELL,1,7994280.0,374366.0,0.027612673934354737,870931518.2786139
2891,2024-03-08,2024-03-11,2024-03-12,27.33428755553304,27.56056404113769,0.008278119016086993,0.009554392072756546,-0.0012762730566695524,FOREIGN_FLIP_SELL,2,20086644.0,3992659.0,0.04236778112356676,936254781.8944921
2891,2024-04-08,2024-04-09,2024-04-10,29.14450363491982,28.827714920043945,-0.010869586898584527,-0.0015709563815653471,-0.00929863051701918,FOREIGN_FLIP_SELL,2,15582933.0,1546156.0,0.012718193296006763,1451042100.8716793
2891,2024-06-19,2024-06-20,2024-06-20,34.303621217592365,34.39413070678711,0.002638482060556502,0.0,0.002638482060556502,FOREIGN_FLIP_SELL,1,39299565.0,4702835.0,0.02584926562563994,2400909287.6230884
2891,2024-10-15,2024-10-16,2024-10-16,34.20615949005092,34.39566802978516,0.005540187573216393,0.0,0.005540187573216393,FOREIGN_FLIP_SELL,1,37413228.0,2845455.0,0.05538206309089366,3167590519.8397536
2891,2024-11-08,2024-11-11,2024-11-13,35.20107881578489,34.63255310058594,-0.016150803734572228,-0.028449654923278334,0.012298851188706106,FOREIGN_FLIP_SELL,3,15394964.0,1791002.0,0.018493024570654937,1717693130.087818
2891,2024-11-25,2024-11-26,2024-11-27,35.62746790809692,35.722225189208984,0.0026596692573408465,-0.015167516755981714,0.01782718601332256,FOREIGN_FLIP_SELL,2,11828364.0,2840309.0,0.01494558329388207,2055659285.3979213
2891,2025-02-07,2025-02-10,2025-02-11,37.56992779414725,37.94894027709961,0.010088187686413619,0.005673032792007815,0.004415154894405804,FOREIGN_FLIP_SELL,2,11069023.0,1355741.0,0.01877367779467609,1252263144.1217022
2891,2025-03-03,2025-03-04,2025-03-04,38.42270871419949,38.84910202026367,0.011097429627771271,0.0,0.011097429627771271,FOREIGN_FLIP_SELL,1,32769614.0,11131424.0,0.02254329781307196,1528526216.2680342
2891,2025-05-06,2025-05-07,2025-05-26,38.09107045847355,39.18074035644531,0.028606964436972415,0.04818730921101855,-0.019580344774046132,FOREIGN_FLIP_SELL,14,103405780.0,1098851.0,0.06894715198180568,2738743690.336961
2891,2025-07-16,2025-07-17,2025-07-17,43.0,42.79999923706055,-0.004651180533475685,0.0,-0.004651180533475685,FOREIGN_FLIP_SELL,1,62323310.0,3955293.0,0.029127810685559252,2566727523.25
2891,2025-08-12,2025-08-13,2025-08-13,42.79999923706055,43.0,0.00467291510524781,0.0,0.00467291510524781,FOREIGN_FLIP_SELL,1,5586839.0,778549.0,0.00475377679654132,1584744959.49083
2892,2024-03-26,2024-03-27,2024-03-27,24.688173088752567,24.59936714172364,-0.0035971048448856235,0.0,-0.0035971048448856235,FOREIGN_FLIP_SELL,1,9432259.0,269608.0,0.019528772552769524,412516871.23949975
2892,2024-05-07,2024-05-08,2024-05-09,24.68817370029744,24.643770217895508,-0.001798572990492131,-0.006750569718193655,0.004951996727701524,FOREIGN_FLIP_SELL,2,12429730.0,1397813.0,0.020464363128311902,376762656.3093993
2892,2024-06-19,2024-06-20,2024-06-26,25.04339769468623,24.865785598754883,-0.0070921724798163055,-0.017918840099356403,0.010826667619540098,FOREIGN_FLIP_SELL,5,14858815.0,639792.0,0.007981334438291743,522306225.80368614
2892,2024-07-05,2024-07-08,2024-07-17,25.398624522332533,25.75385093688965,0.013986049293526648,-0.0045367868261493305,0.01852283611967598,FOREIGN_FLIP_SELL,8,16690714.0,759611.0,0.018881381256154794,329611052.25083274
2892,2024-07-26,2024-07-29,2024-07-30,26.109075750368465,26.064672470092773,-0.001700683727767105,0.0026655283970109522,-0.004366212124778057,FOREIGN_FLIP_SELL,2,14797837.0,1846000.0,0.019662445917358218,406606697.2300186
2892,2024-08-23,2024-08-26,2024-08-27,25.649025423817747,25.649024963378903,-1.795151416406071e-08,-0.0024783653485163093,0.0024783473970021452,FOREIGN_FLIP_SELL,2,11575820.0,346305.0,0.002992985645473789,613491263.5883654
2892,2024-09-26,2024-09-27,2024-10-01,26.310325864104627,25.74349594116211,-0.021544009978069045,-0.018945906931702394,-0.002598103046366651,FOREIGN_FLIP_SELL,3,13344367.0,100310.0,0.021401687696307237,366115414.4823108
2892,2024-11-20,2024-11-21,2024-11-21,25.88520335582144,26.07414627075196,0.007299263302408265,0.0,0.007299263302408265,FOREIGN_FLIP_SELL,1,82661389.0,243253.0,0.019202348555788618,662230229.6189998
2892,2024-12-04,2024-12-05,2024-12-17,26.357562538941703,26.21585273742676,-0.005376438026299835,-0.010741376046791817,0.005364938020491983,FOREIGN_FLIP_SELL,9,16085843.0,169671.0,0.02023996028943542,750063409.7364165
2892,2025-01-06,2025-01-07,2025-01-10,26.121382240196173,25.97967529296875,-0.005424940607061779,-0.02703491900953392,0.02160997840247214,FOREIGN_FLIP_SELL,4,9778441.0,469000.0,0.007991237877094992,353147137.9662302
2892,2025-01-17,2025-01-20,2025-01-22,26.21585345694984,26.21585273742676,-2.7446105499429052e-08,0.011114103271389952,-0.011114130717495452,FOREIGN_FLIP_SELL,3,11166462.0,431000.0,0.0071025145072249884,322160913.81644523
2892,2025-05-21,2025-05-22,2025-06-17,25.74349594116211,26.782684326171875,0.0403670265835252,0.024947158910451517,0.015419867673073684,FOREIGN_FLIP_SELL,18,32099851.0,361726.0,0.06271777091997133,596021646.8359513
2892,2025-07-07,2025-07-08,2025-07-21,27.963577993713525,28.058048248291016,0.0033783321504397,0.04374739398690708,-0.04036906183646738,FOREIGN_FLIP_SELL,10,17563870.0,2363121.0,0.03469368089960989,1048785229.2593199
2892,2025-08-06,2025-08-07,2025-08-07,29.049999237060547,28.350000381469727,-0.024096346780546396,0.0,-0.024096346780546396,FOREIGN_FLIP_SELL,1,8852777.0,443629.0,0.03058235018783173,576339518.1320856
2892,2025-08-13,2025-08-14,2025-08-15,28.850000381469727,29.100000381469727,0.00866551115058467,0.003976419807175002,0.004689091343409668,FOREIGN_FLIP_SELL,2,24430119.0,256092.0,0.018363802028959597,723850850.4245005
2892,2025-11-24,2025-11-25,2025-11-25,28.600000381469727,28.200000762939453,-0.013986000461365,0.0,-0.013986000461365,FOREIGN_FLIP_SELL,1,7304028.0,131304.0,0.009069289134401526,446756950.6340096
2892,2026-02-23,2026-02-24,2026-03-04,29.950000762939453,28.600000381469727,-0.045075136797333104,-0.05394516294981322,0.008870026152480115,FOREIGN_FLIP_SELL,6,31018016.0,9000.0,0.023622036189743234,561950456.8405322
2897,2024-05-13,2024-05-14,2024-05-21,9.575957703010449,9.66672420501709,0.009478582176496664,0.011955693731499739,-0.0024771115550030753,FOREIGN_FLIP_SELL,6,5958600.0,198000.0,0.05568613718117632,97839843.89151101
2897,2024-06-03,2024-06-04,2024-06-04,9.575957298278809,9.575957298278809,0.0,0.0,0.0,FOREIGN_FLIP_SELL,1,7157000.0,178000.0,0.007881512922333744,98294604.18841481
2897,2024-07-11,2024-07-12,2024-07-15,9.893643116787311,9.939027786254885,0.004587255567220394,-0.001570866870910903,0.006158122438131297,FOREIGN_FLIP_SELL,2,5877500.0,4000.0,0.02660701939724386,77744158.15764213
2897,2025-03-24,2025-03-25,2025-03-27,9.46524113393677,9.465240478515623,-6.924505535632619e-08,-0.014431237527811835,0.014431168282756479,FOREIGN_FLIP_SELL,3,444970.0,12000.0,0.0019537849656605655,25314555.65444641
2897,2025-08-12,2025-08-13,2025-08-15,9.140000343322754,9.15999984741211,0.0021881294680656804,-0.0014583107926700034,0.003646440260735684,FOREIGN_FLIP_SELL,3,738061.0,6000.0,0.0008779518232244765,28427768.331278514
2897,2026-03-03,2026-03-04,2026-03-04,9.770000457763672,9.630000114440918,-0.014329614817111258,0.0,-0.014329614817111258,FOREIGN_FLIP_SELL,1,7174174.0,12000.0,0.04422804320598894,49997145.86659698
2897,2026-04-01,2026-04-02,2026-04-16,10.100000381469728,10.300000190734863,0.01980196056547401,0.1399831049600757,-0.1201811443946017,FOREIGN_FLIP_SELL,9,5026000.0,15000.0,0.015715824117646493,49216182.05655389
2903,2024-04-29,2024-04-30,2024-05-03,30.202828789831617,30.69429397583008,0.016272157466386883,-0.003249526790952695,0.019521684257339578,FOREIGN_FLIP_SELL,3,2018928.0,734000.0,0.07552575049948618,130599588.39627647
2903,2025-09-15,2025-09-16,2025-10-01,22.14999961853028,22.450000762939453,0.013544069958276506,0.013783631866667978,-0.0002395619083914724,FOREIGN_FLIP_SELL,11,2468000.0,4000.0,0.04267642014588424,34201865.16910076
2903,2025-10-08,2025-10-09,2025-10-14,22.100000381469727,21.799999237060547,-0.013574712182390813,-0.018634936030354488,0.005060223847963674,FOREIGN_FLIP_SELL,3,1418891.0,41000.0,0.0010191561388552817,44470571.06760979
2903,2025-11-18,2025-11-19,2025-12-04,23.0,23.950000762939453,0.04130438099736744,0.04573312069986524,-0.004428739702497797,FOREIGN_FLIP_SELL,12,8626104.0,232000.0,0.03990053035675234,69424157.95
2912,2024-01-02,2024-01-03,2024-01-03,250.88472970683924,249.483139038086,-0.005586592178770777,0.0,-0.005586592178770777,FOREIGN_FLIP_SELL,1,401020.0,218375.0,0.00652375237909153,259587093.9428833
2912,2024-04-02,2024-04-03,2024-04-03,253.2207283204031,251.8191375732422,-0.005535055350553542,0.0,-0.005535055350553542,FOREIGN_FLIP_SELL,1,414069.0,9547.0,0.014100293144215792,220189895.15882868
2912,2024-04-11,2024-04-12,2024-04-12,256.9582824707031,256.9582824707031,0.0,0.0,0.0,FOREIGN_FLIP_SELL,1,603271.0,2000.0,0.03131094190490935,229309684.82105255
2912,2024-06-18,2024-06-19,2024-06-21,255.5566983745046,256.9582824707031,0.005484434981017694,0.0018893767076508805,0.0035950582733668135,FOREIGN_FLIP_SELL,3,482142.0,5529.0,0.008759831569606025,279629277.9820366
2912,2024-06-26,2024-06-27,2024-06-27,257.4254826335525,256.4910888671875,-0.003629764065335883,0.0,-0.003629764065335883,FOREIGN_FLIP_SELL,1,904349.0,102840.0,0.020839052620437837,297374819.24014896
2912,2024-07-08,2024-07-09,2024-07-10,261.163066168591,261.1630859375,7.569565352305574e-08,0.004476972447382543,-0.00447689675172902,FOREIGN_FLIP_SELL,2,1037403.0,197186.0,0.01966489359282253,264653949.05593872
2912,2024-07-15,2024-07-16,2024-07-16,263.0318363618086,262.0974426269531,-0.003552397868561319,0.0,-0.003552397868561319,FOREIGN_FLIP_SELL,1,840843.0,137000.0,0.020739484865506252,306511527.1907593
2912,2024-07-29,2024-07-30,2024-07-30,263.499059859926,258.3598937988281,-0.019503546099290836,0.0,-0.019503546099290836,FOREIGN_FLIP_SELL,1,2471724.0,605000.0,0.008673859427613673,387288445.7870193
2912,2024-08-02,2024-08-05,2024-08-30,259.29427798209935,271.8485717773437,0.048417164825021786,0.12289968366295811,-0.07448251883793633,FOREIGN_FLIP_SELL,20,1577612.0,71070.0,0.006683561626834589,429160233.2880707
2912,2024-09-11,2024-09-12,2024-09-26,281.98857038582554,291.6457214355469,0.03424660452197803,0.05567573213605348,-0.02142912761407545,FOREIGN_FLIP_SELL,10,1434990.0,78561.0,0.013507575202684308,397212912.456366
2912,2024-10-04,2024-10-07,2024-10-07,285.85142910357604,281.0228576660156,-0.016891891891891886,0.0,-0.016891891891891886,FOREIGN_FLIP_SELL,1,707938.0,75964.0,0.012960426085522503,499156657.37596434
2912,2024-10-29,2024-10-30,2024-11-01,286.3342830851927,266.5371398925781,-0.06913996807963207,-0.0017681353912938347,-0.06737183268833824,FOREIGN_FLIP_SELL,2,427640.0,44037.0,0.0005087408876045529,309839093.30794525
2912,2025-04-11,2025-04-14,2025-04-14,247.22285117265469,241.9114227294922,-0.021484375,0.0,-0.021484375,FOREIGN_FLIP_SELL,1,1789280.0,232096.0,9.805029870335602e-05,584349061.6819519
2912,2025-04-23,2025-04-24,2025-04-25,247.7057094500332,248.6714324951172,0.003898670915693181,0.02022299672390404,-0.01632432580821086,FOREIGN_FLIP_SELL,2,858447.0,206330.0,0.01698264620379364,591849672.0285629
2912,2025-05-05,2025-05-06,2025-05-12,253.01714364338105,253.0171356201172,-3.171035667381972e-08,0.029574689323864423,-0.029574721034221096,FOREIGN_FLIP_SELL,5,910510.0,30686.0,0.01864574708655997,557799312.633792
2912,2025-06-13,2025-06-16,2025-06-16,251.0857071039331,253.0171356201172,0.007692307692307665,0.0,0.007692307692307665,FOREIGN_FLIP_SELL,1,530988.0,119015.0,0.009671159856123435,271392424.16202855
2912,2025-08-05,2025-08-06,2025-08-06,259.0,258.0,-0.0038610038610038533,0.0,-0.0038610038610038533,FOREIGN_FLIP_SELL,1,948677.0,17762.0,0.01701773927600292,317871151.0
2912,2026-02-05,2026-02-06,2026-02-09,221.0,220.5,-0.002262443438914019,0.0195607961848121,-0.02182323962372612,FOREIGN_FLIP_SELL,2,1291873.0,22020.0,0.011080332409972415,690021279.9
2912,2026-04-07,2026-04-08,2026-04-08,231.0,229.0,-0.008658008658008698,0.0,-0.008658008658008698,FOREIGN_FLIP_SELL,1,2794451.0,58186.0,0.051314142678347885,817404403.2
2915,2024-07-01,2024-07-02,2024-07-03,64.17961345180011,66.48823547363281,0.035971267162064,0.012808943510362658,0.023162323651701344,FOREIGN_FLIP_SELL,2,2453820.0,1146000.0,0.0120131151032552,290786554.12152445
2915,2024-07-10,2024-07-11,2024-07-15,67.87340535022162,72.95237731933594,0.07483007435544464,-0.020937651023667736,0.09576772537911238,FOREIGN_FLIP_SELL,3,2874846.0,121000.0,0.04633564816592628,316060159.78109664
2915,2024-08-26,2024-08-27,2024-08-27,76.33589708169215,76.8124008178711,0.006242197372344993,0.0,0.006242197372344993,FOREIGN_FLIP_SELL,1,1907344.0,24000.0,0.03052944384903178,372771600.655249
2915,2024-10-29,2024-10-30,2024-11-13,73.66748507026452,74.33458709716797,0.009055583019661473,0.0017440855319126314,0.0073114974877488415,FOREIGN_FLIP_SELL,10,2617000.0,132000.0,0.014188044238582442,194488251.84073028
3005,2024-06-13,2024-06-14,2024-06-17,108.81207596628288,111.66304779052734,0.026200877052726,-0.0003639861324233884,0.02656486318514939,FOREIGN_FLIP_SELL,2,5799356.0,25000.0,0.006905744336867636,1267610691.1676404
3005,2024-06-20,2024-06-21,2024-06-24,112.61337514537004,112.13821411132812,-0.004219401411497903,-0.018908700814464607,0.014689299402966705,FOREIGN_FLIP_SELL,2,1850680.0,845000.0,0.03599651921273894,1032553245.3188477
3005,2024-08-13,2024-08-14,2024-08-16,102.1598129272461,104.5356216430664,0.023255805269653873,0.01462189234357436,0.008633912926079512,FOREIGN_FLIP_SELL,3,517587.0,214000.0,0.004474916038163856,382952279.7787762
3005,2024-08-21,2024-08-22,2024-08-23,107.38659227159287,107.38658905029295,-2.9997226369538055e-08,0.00041630655400193284,-0.0004163365512283024,FOREIGN_FLIP_SELL,2,1072400.0,1000.0,0.0676325910064266,382704487.42413944
3005,2024-08-29,2024-08-30,2024-08-30,107.8617509487456,107.38658905029295,-0.00440528634361248,0.0,-0.00440528634361248,FOREIGN_FLIP_SELL,1,1445033.0,40000.0,0.05773265187397536,313122152.71277165
3005,2024-12-30,2024-12-31,2024-12-31,102.63496917148804,100.73432159423828,-0.018518518518518268,0.0,-0.018518518518518268,FOREIGN_FLIP_SELL,1,698727.0,100000.0,0.010053760404859613,179243977.53593865
3005,2025-05-07,2025-05-08,2025-05-08,104.53561843250672,105.01078033447266,0.004545454545454408,0.0,0.004545454545454408,FOREIGN_FLIP_SELL,1,796875.0,225615.0,0.07881771082643119,310083554.01470494
3005,2025-06-16,2025-06-17,2025-06-20,122.1166141285616,119.26564025878906,-0.02334632261234404,-0.007466804967212526,-0.015879517645131513,FOREIGN_FLIP_SELL,4,2128729.0,366000.0,0.04153999604124081,414968975.03603214
3005,2025-07-11,2025-07-14,2025-07-14,116.5,115.5,-0.008583690987124415,0.0,-0.008583690987124415,FOREIGN_FLIP_SELL,1,1012694.0,236589.0,0.0030044247870799623,446573030.0
3005,2025-07-30,2025-07-31,2025-08-11,119.0,120.0,0.008403361344537785,0.025187638390312683,-0.016784277045774898,FOREIGN_FLIP_SELL,7,1411167.0,71150.0,0.013628620102214661,294391880.65000004
3005,2025-08-15,2025-08-18,2025-09-12,126.5,158.5,0.25296442687747045,0.04052365168068728,0.21244077519678317,20D_TIMEOUT,20,4046187.0,31000.0,0.04297037964121819,352156418.75
3006,2025-02-06,2025-02-07,2025-02-13,60.57137298583984,63.805763244628906,0.05339800138829931,-0.003358823992332005,0.056756825380631315,FOREIGN_FLIP_SELL,5,479000.0,1000.0,0.0193088697446544,68881826.39421731
3006,2025-02-25,2025-02-26,2025-02-26,66.45209255655428,66.06004333496094,-0.0058997272547841595,0.0,-0.0058997272547841595,FOREIGN_FLIP_SELL,1,379000.0,1000.0,0.07109304303878017,168234435.15594482
3006,2025-03-04,2025-03-05,2025-03-06,64.39383358546053,63.51173400878906,-0.01369851005222078,-0.006841176310348751,-0.006857333741872029,FOREIGN_FLIP_SELL,2,235954.0,2000.0,0.008674279791745843,170529281.99169806
3006,2025-08-18,2025-08-19,2025-08-20,54.09999847412109,52.20000076293945,-0.03512010655768327,-0.02989552002278928,-0.0052245865348939935,FOREIGN_FLIP_SELL,2,1012161.0,30000.0,0.04285922212837834,115072894.23980904
3006,2026-01-07,2026-01-08,2026-01-14,143.5,148.5,0.03484320557491283,0.019144201955122453,0.015699003619790375,FOREIGN_FLIP_SELL,5,2977911.0,20000.0,0.47399135061243447,2722176931.25
3006,2026-02-06,2026-02-09,2026-02-09,169.0,162.0,-0.041420118343195256,0.0,-0.041420118343195256,FOREIGN_FLIP_SELL,1,8335713.0,77000.0,0.005182974713365818,4319495832.0
3006,2026-03-12,2026-03-13,2026-03-13,161.0,161.0,0.0,0.0,0.0,FOREIGN_FLIP_SELL,1,4366237.0,75000.0,0.03958035288507378,3672240411.0
3008,2024-05-07,2024-05-08,2024-05-08,2180.80440021148,2128.427001953125,-0.02401746724890852,0.0,-0.02401746724890852,FOREIGN_FLIP_SELL,1,180054.0,128.0,0.022765433315783845,1295464559.875
3008,2024-06-18,2024-06-19,2024-06-21,2561.7309134843454,2471.260986328125,-0.03531593684567258,0.0018893767076508805,-0.03720531355332346,FOREIGN_FLIP_SELL,3,719744.0,47677.0,0.14581086929957143,2189025408.6221924
3008,2024-06-26,2024-06-27,2024-07-01,2585.539170156106,2571.254150390625,-0.005524967453739538,0.006661572245648895,-0.012186539699388432,FOREIGN_FLIP_SELL,3,302186.0,193000.0,0.11450069907047333,2802599723.3639526
3008,2024-07-08,2024-07-09,2024-07-09,2890.280502294844,2966.4658203125,0.026359143327841617,0.0,0.026359143327841617,FOREIGN_FLIP_SELL,1,414245.0,363255.0,0.1443678890414002,3743674975.118408
3008,2024-12-12,2024-12-13,2024-12-13,2434.1207900159943,2453.439208984375,0.007936507936507908,0.0,0.007936507936507908,FOREIGN_FLIP_SELL,1,182683.0,73953.0,0.03391909879754107,1623317418.971887
3008,2025-01-16,2025-01-17,2025-02-04,2665.941738925137,2680.4306640625,0.005434824372120284,-0.015297991860657278,0.020732816232777562,FOREIGN_FLIP_SELL,6,239724.0,20393.0,0.04803493868893227,2660425527.563086
3008,2025-04-28,2025-04-29,2025-04-30,2204.198261982686,2233.85107421875,0.01345287887551061,0.00011854303657643506,0.013334335838934175,FOREIGN_FLIP_SELL,2,254262.0,656.0,0.017729678373305857,1827147098.3496094
3008,2025-07-22,2025-07-23,2025-07-23,2421.6527647891285,2332.694091796875,-0.036734693877550906,0.0,-0.036734693877550906,FOREIGN_FLIP_SELL,1,423784.0,91995.0,0.05479750571458797,1509140092.8195558
3008,2025-09-04,2025-09-05,2025-09-05,2420.0,2405.0,-0.006198347107438051,0.0,-0.006198347107438051,FOREIGN_FLIP_SELL,1,262769.0,11000.0,0.009406313298382374,795485119.5
3008,2025-11-12,2025-11-13,2025-11-14,2245.0,2200.0,-0.020044543429844075,-0.018136056365454567,-0.001908487064389508,FOREIGN_FLIP_SELL,2,98642.0,1889.0,0.002129806075552132,1006305621.0
3008,2025-11-27,2025-11-28,2025-11-28,2205.0,2205.0,0.0,0.0,0.0,FOREIGN_FLIP_SELL,1,154829.0,3779.0,0.009962212298179285,840953484.0
3008,2026-02-25,2026-02-26,2026-03-02,2430.0,2455.0,0.010288065843621297,-0.00901886354995296,0.019306929393574257,FOREIGN_FLIP_SELL,2,670582.0,13614.0,0.011624253848570465,1699184098.5
3010,2024-03-05,2024-03-06,2024-03-07,101.94142367433771,102.85569763183594,0.008968620650413595,0.009952604831186207,-0.0009839841807726124,FOREIGN_FLIP_SELL,2,176544.0,2000.0,0.06489183213598171,151063152.4506409
3010,2024-03-25,2024-03-26,2024-03-26,104.2271002169648,101.0271453857422,-0.030701754385964897,0.0,-0.030701754385964897,FOREIGN_FLIP_SELL,1,1409459.0,1000.0,0.01930845835165429,219580709.0499035
3010,2024-04-01,2024-04-02,2024-04-02,114.28410614130598,119.31260681152344,0.04399999999999982,0.0,0.04399999999999982,FOREIGN_FLIP_SELL,1,1415049.0,1000.0,0.06535362805732925,195854457.09610444
3010,2024-04-17,2024-04-18,2024-04-24,114.2841066632952,114.28410339355467,-2.8610632085701582e-08,-0.008347240108775855,0.00834721149814377,FOREIGN_FLIP_SELL,5,508639.0,20000.0,0.050218797930356995,376477969.4042953
3010,2024-05-06,2024-05-07,2024-05-13,122.05542755126952,121.1411590576172,-0.007490600885145193,0.009886041155004577,-0.01737664204014977,FOREIGN_FLIP_SELL,5,1323200.0,35000.0,0.04096572118406816,281353947.7287948
3010,2024-06-12,2024-06-13,2024-06-17,125.71251901347986,121.59828186035156,-0.03272734637261654,0.008268640703712027,-0.040995987076328566,FOREIGN_FLIP_SELL,3,5125087.0,175000.0,0.083743825192645,314272070.9485637
3010,2024-06-24,2024-06-25,2024-06-27,121.59829550689122,123.42683410644533,0.015037534793820306,0.0013118466540482654,0.013725688139772041,FOREIGN_FLIP_SELL,3,820400.0,3000.0,0.02435257691471815,209405079.9975174
3010,2024-07-26,2024-07-29,2024-08-05,134.84026563036574,118.75405883789062,-0.11929824312695902,-0.10528594839419292,-0.014012294732766106,FOREIGN_FLIP_SELL,6,1293873.0,27000.0,8.216705967178939e-06,499645805.79383546
3010,2024-09-25,2024-09-26,2024-09-26,126.32403928180074,122.06592559814452,-0.03370786516853941,0.0,-0.03370786516853941,FOREIGN_FLIP_SELL,1,467463.0,37000.0,0.02623905477435451,174037960.7472656
3010,2024-12-11,2024-12-12,2024-12-13,123.4852919145064,121.5927963256836,-0.015325676114796405,-0.0011420375760532453,-0.01418363853874316,FOREIGN_FLIP_SELL,2,609673.0,194000.0,0.044927809640449956,152879036.23578948
3010,2025-07-01,2025-07-02,2025-07-08,95.4000015258789,94.3000030517578,-0.01153038214389035,-0.009543501736145488,-0.001986880407744862,FOREIGN_FLIP_SELL,5,607998.0,7871.0,0.0005607948993240353,161494868.40303573
3010,2025-09-22,2025-09-23,2025-09-23,99.4000015258789,98.8000030517578,-0.006036201860267543,0.0,-0.006036201860267543,FOREIGN_FLIP_SELL,1,572324.0,626.0,0.011962350846647096,54050450.56972274
3010,2025-11-19,2025-11-20,2025-12-09,102.5,118.0,0.15121951219512186,0.027573482285233153,0.12364602990988871,FOREIGN_FLIP_SELL,14,1170085.0,11634.0,0.05531294734221359,122915576.35
3010,2025-12-12,2025-12-15,2025-12-15,117.5,120.0,0.02127659574468077,0.0,0.02127659574468077,FOREIGN_FLIP_SELL,1,1555000.0,13964.0,0.09879963065558628,215029073.0
3010,2026-01-14,2026-01-15,2026-01-15,117.5,118.0,0.004255319148936065,0.0,0.004255319148936065,FOREIGN_FLIP_SELL,1,977999.0,33922.0,0.051689415976728714,183828609.0
3010,2026-01-27,2026-01-28,2026-02-04,123.5,123.5,0.0,-0.015669204401450032,0.015669204401450032,FOREIGN_FLIP_SELL,6,1600000.0,204000.0,0.07988493029431298,209204776.5
3010,2026-02-25,2026-02-26,2026-03-02,129.5,124.0,-0.0424710424710425,-0.00901886354995296,-0.03345217892108954,FOREIGN_FLIP_SELL,2,2460455.0,162496.0,0.05806984914238478,251655353.6
3010,2026-03-11,2026-03-12,2026-03-18,128.0,133.0,0.0390625,0.02283133704534479,0.01623116295465521,FOREIGN_FLIP_SELL,5,1004000.0,2000.0,0.028056522629531067,208259801.575
3013,2024-07-11,2024-07-12,2024-07-12,100.17230938204486,99.67640686035156,-0.004950495049504955,0.0,-0.004950495049504955,FOREIGN_FLIP_SELL,1,9599791.0,45000.0,0.13078496511038518,1798940977.9277573
3013,2024-08-22,2024-08-23,2024-08-26,116.92914685895366,118.91943359375,0.017021305536395692,0.0037037716081256278,0.013317533928270064,FOREIGN_FLIP_SELL,2,4218358.0,15000.0,0.10856444144767607,2580886840.7791805
3013,2024-09-27,2024-09-30,2024-10-01,137.82712747079356,129.86599731445312,-0.057761707019740705,0.007462542284165874,-0.06522424930390658,FOREIGN_FLIP_SELL,2,11417540.0,297000.0,0.17596567766332893,3230745461.8970428
3013,2024-10-18,2024-10-21,2024-10-21,160.21781650977798,157.23239135742188,-0.01863354037267073,0.0,-0.01863354037267073,FOREIGN_FLIP_SELL,1,6262348.0,1407000.0,0.1930219255421295,5614505320.239467
3013,2025-02-19,2025-02-20,2025-02-20,143.7979706128438,143.30039978027344,-0.0034602076124565784,0.0,-0.0034602076124565784,FOREIGN_FLIP_SELL,1,669379.0,567000.0,0.05224015497635892,906790515.8329353
3013,2025-10-21,2025-10-22,2025-10-22,128.0,127.0,-0.0078125,0.0,-0.0078125,FOREIGN_FLIP_SELL,1,2119730.0,194000.0,0.0620203277328355,565001548.8
3013,2025-11-10,2025-11-11,2025-11-12,138.0,135.5,-0.018115942028985477,0.005835555923585645,-0.02395149795257112,FOREIGN_FLIP_SELL,2,11928650.0,141000.0,0.1077664057796508,938663600.7
3014,2024-01-04,2024-01-05,2024-01-05,137.82606266994102,136.48794555664062,-0.009708737864077666,0.0,-0.009708737864077666,FOREIGN_FLIP_SELL,1,1237000.0,250000.0,0.003104053189333378,255536496.47630692
3014,2024-01-11,2024-01-12,2024-01-12,136.04190063476562,136.04190063476562,0.0,0.0,0.0,FOREIGN_FLIP_SELL,1,885000.0,112000.0,0.005290979253888439,245849632.44900513
3014,2024-02-01,2024-02-02,2024-02-19,136.48794555664062,148.08494567871094,0.08496721138833263,0.031886674185037656,0.053080537203294975,FOREIGN_FLIP_SELL,5,299217.0,85000.0,0.010268312134542823,131375425.36966705
3014,2024-03-19,2024-03-20,2024-03-20,158.34384992594175,160.1280059814453,0.011267605633802802,0.0,0.011267605633802802,FOREIGN_FLIP_SELL,1,2729000.0,915000.0,0.04191613896148261,448912469.18068314
3014,2024-05-02,2024-05-03,2024-05-06,151.6532661801293,148.08494567871094,-0.023529466864103066,0.009492729647566867,-0.03302219651166993,FOREIGN_FLIP_SELL,2,719700.0,427000.0,0.027282474936520362,193329948.56885836
3014,2024-06-19,2024-06-20,2024-06-25,156.1136499680473,153.4374237060547,-0.01714280757986486,-0.022649177568981327,0.005506369989116466,FOREIGN_FLIP_SELL,4,593582.0,19000.0,0.008500175973850554,430098234.89388424
3014,2024-10-23,2024-10-24,2024-10-24,133.60584156225758,131.7372283935547,-0.013986013986013957,0.0,-0.013986013986013957,FOREIGN_FLIP_SELL,1,331000.0,198582.0,0.018038934648977323,117101766.13713455
3014,2025-07-30,2025-07-31,2025-07-31,134.0,132.0,-0.014925373134328401,0.0,-0.014925373134328401,FOREIGN_FLIP_SELL,1,272254.0,97807.0,0.017333808295374453,139021827.0
3015,2024-06-11,2024-06-12,2024-06-14,60.69497590009015,60.69497299194336,-4.791412711036003e-08,0.020670351175136936,-0.020670399089264047,FOREIGN_FLIP_SELL,3,653075.0,1000.0,0.06138612733287019,111997192.55047531
3015,2024-07-15,2024-07-16,2024-07-16,58.81448983099627,58.71932220458984,-0.001618098306725102,0.0,-0.001618098306725102,FOREIGN_FLIP_SELL,1,292000.0,108000.0,0.0011768117629618047,36159861.30429268
3015,2024-11-27,2024-11-28,2024-12-02,60.9082109375,61.19372177124024,0.004687559022759968,0.019643537986256954,-0.014955978963496985,FOREIGN_FLIP_SELL,3,629015.0,5563.0,0.009543347747971165,337129239.7197087
3015,2025-12-10,2025-12-11,2025-12-16,55.900001525878906,54.0,-0.03398929291619612,-0.017416385293356762,-0.01657290762283936,FOREIGN_FLIP_SELL,4,538000.0,26817.0,0.02863497867992182,40506597.3
3016,2024-05-16,2024-05-17,2024-05-21,59.58574789256642,59.87879180908203,0.0049180202796812456,-0.0010217434465691344,0.00593976372625038,FOREIGN_FLIP_SELL,3,619000.0,5000.0,0.005457229475671177,60315199.866139986
3016,2024-06-24,2024-06-25,2024-06-25,63.19996485197983,62.12546920776367,-0.01700152281306999,0.0,-0.01700152281306999,FOREIGN_FLIP_SELL,1,830000.0,1000.0,0.002113772327428931,89817202.59183884
3016,2024-07-05,2024-07-08,2024-07-08,70.66031804479621,67.21587371826172,-0.04874651603394753,0.0,-0.04874651603394753,FOREIGN_FLIP_SELL,1,2406300.0,1000.0,0.10382512184009429,146630915.99769974
3016,2024-09-27,2024-09-30,2024-10-01,59.933336239187895,58.9492073059082,-0.016420392973822362,0.007462542284165874,-0.023882935257988236,FOREIGN_FLIP_SELL,2,410000.0,5000.0,0.03845171538935177,26284830.592800904
3017,2024-01-11,2024-01-12,2024-01-15,339.00192313058034,327.24462890625,-0.034682087097781866,0.0019408761589856383,-0.036622963256767505,FOREIGN_FLIP_SELL,2,14838056.0,782500.0,0.09886623092322688,3515333602.4336977
3017,2024-01-23,2024-01-24,2024-02-02,379.1726799552672,468.3321838378906,0.2351422151330682,0.010298800591100221,0.224843414541968,FOREIGN_FLIP_SELL,8,8749882.0,560000.0,0.1535591742685578,5586817246.470814
3017,2024-02-22,2024-02-23,2024-02-23,509.4826912377758,488.4175415039063,-0.0413461538461537,0.0,-0.0413461538461537,FOREIGN_FLIP_SELL,1,5427976.0,103600.0,0.20252068128746425,8155181283.8081045
3017,2024-02-29,2024-03-01,2024-03-06,528.098388671875,617.2578735351562,0.16883120035171895,0.029759274593313956,0.139071925758405,FOREIGN_FLIP_SELL,4,4880319.0,266000.0,0.14624294823273498,7940820388.859777
3017,2024-04-15,2024-04-16,2024-04-17,593.7432861328125,625.0960083007812,0.052805181802014545,0.015645148817386545,0.037160032984628,FOREIGN_FLIP_SELL,2,5896108.0,503000.0,0.0773939383766944,9232692435.862402
3017,2024-05-23,2024-05-24,2024-05-24,688.7814407997023,691.7207641601562,0.004267425320056972,0.0,0.004267425320056972,FOREIGN_FLIP_SELL,1,9406114.0,55295.0,0.08647283316038257,10890877028.462904
3017,2024-06-28,2024-07-01,2024-07-01,749.527387041423,727.9723510742188,-0.02875816993464042,0.0,-0.02875816993464042,FOREIGN_FLIP_SELL,1,3948269.0,303000.0,0.07278088840814712,12708870634.259058
3017,2024-10-15,2024-10-16,2024-10-16,660.223874605619,670.1371459960938,0.01501501501501501,0.0,0.01501501501501501,FOREIGN_FLIP_SELL,1,3028180.0,1399000.0,0.14773494610330462,6765491914.493917
3017,2024-12-04,2024-12-05,2024-12-09,715.7382406168051,701.859619140625,-0.01939063848847855,0.00022823451495135316,-0.019618873003429904,FOREIGN_FLIP_SELL,3,10433431.0,233643.0,0.07546320422277653,5256584478.924072
3017,2025-04-24,2025-04-25,2025-04-25,460.9671370390874,466.91510009765625,0.012903225806451646,0.0,0.012903225806451646,FOREIGN_FLIP_SELL,1,1476933.0,899251.0,0.02000696770076571,3175082880.4057617
3017,2025-05-06,2025-05-07,2025-05-23,515.4901559855537,597.770263671875,0.15961528407659298,0.053816977371154096,0.10579830670543888,FOREIGN_FLIP_SELL,13,5082331.0,341754.0,0.17964933491211754,4252785812.8483033
3017,2025-05-28,2025-05-29,2025-06-26,618.5881725680443,731.5994262695312,0.1826922316220907,0.05363858757757911,0.12905364404451158,20D_TIMEOUT,20,4467943.0,485000.0,0.08365687781708897,4232096042.062857
3017,2025-06-30,2025-07-01,2025-07-02,742.5040632437397,752.4172973632812,0.013351084001121949,0.0010649919614669212,0.012286092039655028,FOREIGN_FLIP_SELL,2,2240182.0,20832.0,0.027165283856460887,6796211082.96579
3017,2025-07-09,2025-07-10,2025-07-11,814.8709231404863,819.8275756835938,0.006082745625533681,0.0025461005750608834,0.0035366450504727975,FOREIGN_FLIP_SELL,2,2068700.0,547000.0,0.07381659179410072,6825365839.873169
3017,2025-07-28,2025-07-29,2025-07-30,866.4199452324174,864.4373168945312,-0.0022882995120273586,0.011214833214890696,-0.013503132726918055,FOREIGN_FLIP_SELL,2,1405574.0,23567.0,0.056580906344466664,6611780693.029139
3017,2025-08-05,2025-08-06,2025-08-11,980.4225786351446,1070.63330078125,0.09201208143501605,0.029348320806380723,0.06266376062863532,FOREIGN_FLIP_SELL,4,4046260.0,476600.0,0.13124526029851613,7053359454.016724
3017,2025-10-02,2025-10-03,2025-10-07,1115.0,1150.0,0.03139013452914807,0.01684868471805201,0.014541449811096063,FOREIGN_FLIP_SELL,2,4691614.0,1178072.0,0.09594500348709767,9411145425.0
3017,2025-10-14,2025-10-15,2025-10-15,1180.0,1220.0,0.03389830508474567,0.0,0.03389830508474567,FOREIGN_FLIP_SELL,1,1705095.0,633833.0,0.089057564471265,9621377939.25
3017,2025-10-28,2025-10-29,2025-10-29,1320.0,1330.0,0.007575757575757569,0.0,0.007575757575757569,FOREIGN_FLIP_SELL,1,1204603.0,541000.0,0.14805493001280534,10149557795.0
3017,2025-11-06,2025-11-07,2025-11-07,1480.0,1465.0,-0.010135135135135087,0.0,-0.010135135135135087,FOREIGN_FLIP_SELL,1,706276.0,62271.0,0.17902208201892744,11060814908.0
3017,2025-12-23,2025-12-24,2025-12-24,1520.0,1500.0,-0.013157894736842146,0.0,-0.013157894736842146,FOREIGN_FLIP_SELL,1,3323235.0,513000.0,0.08594030924128004,8011910812.0
3017,2025-12-31,2026-01-02,2026-01-02,1535.0,1455.0,-0.05211726384364823,0.0,-0.05211726384364823,FOREIGN_FLIP_SELL,1,1412121.0,12581.0,0.05575948260793573,6671103367.5
3017,2026-01-29,2026-01-30,2026-01-30,1490.0,1460.0,-0.020134228187919434,0.0,-0.020134228187919434,FOREIGN_FLIP_SELL,1,7934574.0,154000.0,0.0821570756424177,8525935590.25
3017,2026-02-04,2026-02-05,2026-02-09,1665.0,1600.0,-0.03903903903903905,0.018972500729321773,-0.05801153976836082,FOREIGN_FLIP_SELL,3,7841704.0,556244.0,0.188575483413163,10637410105.0
3017,2026-02-26,2026-03-02,2026-03-05,1720.0,1820.0,0.058139534883721034,-0.040522718244394684,0.09866225312811572,FOREIGN_FLIP_SELL,4,3636308.0,29682.0,0.15434924787442772,11270607121.5
3019,2024-08-07,2024-08-08,2024-08-21,89.27407252534907,122.75184631347656,0.37499996181558304,0.06553830797293259,0.30946165384265045,FOREIGN_FLIP_SELL,10,2682483.0,1000.0,0.055307611029355996,1301246802.1654987
3019,2024-12-17,2024-12-18,2025-01-02,145.0703628010554,172.72592163085938,0.19063548402184582,-0.014528644766188537,0.20516412878803436,FOREIGN_FLIP_SELL,11,14028452.0,504000.0,0.2513531494662018,2541281383.8219175
3019,2025-02-26,2025-02-27,2025-02-27,205.7185169840094,196.9851837158203,-0.04245283018867929,0.0,-0.04245283018867929,FOREIGN_FLIP_SELL,1,5562916.0,373000.0,0.1081724269089046,7715857790.409788
3019,2025-08-04,2025-08-05,2025-08-05,155.0,154.0,-0.006451612903225823,0.0,-0.006451612903225823,FOREIGN_FLIP_SELL,1,4946918.0,236000.0,0.16153846153846163,1183671997.4
3022,2024-05-30,2024-05-31,2024-05-31,80.03438078599169,78.67015838623047,-0.017045454545454475,0.0,-0.017045454545454475,FOREIGN_FLIP_SELL,1,1140700.0,177000.0,0.05065665774566552,78827305.6025566
3022,2025-05-06,2025-05-07,2025-05-09,77.3932626028056,77.58202362060547,0.0024389851448518574,0.017937313084665174,-0.015498327939813317,FOREIGN_FLIP_SELL,3,1090179.0,1000.0,0.03579111801350976,197847542.4077175
3022,2025-05-21,2025-05-22,2025-05-23,80.03596032548083,79.46965789794922,-0.007075599833232915,-0.0008638612371177912,-0.006211738596115124,FOREIGN_FLIP_SELL,2,587584.0,33000.0,0.02554877227550101,181057238.58272362
3022,2026-01-19,2026-01-20,2026-01-23,68.5,66.80000305175781,-0.024817473696966186,0.006345075353073826,-0.03116254905004001,FOREIGN_FLIP_SELL,4,479184.0,54908.0,0.04127080581103093,50124261.925000004
3023,2024-06-03,2024-06-04,2024-06-11,273.7861633300781,270.0800476074219,-0.013536534051168059,0.02039180439246513,-0.03392833844363319,FOREIGN_FLIP_SELL,5,623941.0,67000.0,0.03241510928946956,171980280.6578064
3023,2024-07-15,2024-07-16,2024-07-16,298.338874840226,302.9714660644531,0.01552795031055898,0.0,0.01552795031055898,FOREIGN_FLIP_SELL,1,757841.0,35000.0,0.08153492345891666,249841810.87104493
3023,2024-07-30,2024-07-31,2024-08-19,298.3388725921398,278.9458923339844,-0.06500319616300099,0.009472405890269764,-0.07447560205327075,FOREIGN_FLIP_SELL,14,715451.0,67000.0,0.03663842301621445,440150438.53948826
3023,2024-09-02,2024-09-03,2024-09-03,292.8214306640625,287.079833984375,-0.019607843137254943,0.0,-0.019607843137254943,FOREIGN_FLIP_SELL,1,384563.0,113000.0,0.04387069143129363,294676110.447583
3023,2025-01-03,2025-01-06,2025-01-06,264.1134456350669,263.6349792480469,-0.0018115942028984477,0.0,-0.0018115942028984477,FOREIGN_FLIP_SELL,1,581670.0,373000.0,0.03557389261756394,240052697.7949005
3023,2025-07-11,2025-07-14,2025-07-14,218.659143722771,215.7883453369141,-0.013129102844638751,0.0,-0.013129102844638751,FOREIGN_FLIP_SELL,1,577704.0,6000.0,0.024198096479491005,481857955.87501836
3023,2025-08-12,2025-08-13,2025-08-13,241.62553356539817,237.3193359375,-0.017821782178217727,0.0,-0.017821782178217727,FOREIGN_FLIP_SELL,1,558012.0,2000.0,0.0473079516480408,373124399.2146789
3023,2025-09-25,2025-09-26,2025-09-26,235.5,229.0,-0.027600849256900206,0.0,-0.027600849256900206,FOREIGN_FLIP_SELL,1,497337.0,3000.0,0.041162227602905554,350386988.875
3023,2026-01-29,2026-01-30,2026-02-02,225.0,230.5,0.02444444444444449,-0.013713951210479136,0.03815839565492363,FOREIGN_FLIP_SELL,2,4189057.0,2000.0,0.1314098525891394,504780145.54999995
3023,2026-03-23,2026-03-24,2026-03-25,280.0,256.0,-0.08571428571428574,0.02535456425815963,-0.11106884997244537,FOREIGN_FLIP_SELL,2,1818693.0,113000.0,0.13704741155721556,499933878.8
3023,2026-04-09,2026-04-10,2026-05-08,275.0,302.5,0.10000000000000009,0.174660960383211,-0.0746609603832109,20D_TIMEOUT,20,800644.0,67000.0,0.06687585801137486,673589055.2
3026,2025-11-03,2025-11-04,2025-11-06,114.0,114.5,0.004385964912280604,-0.007721830974419475,0.012107795886700079,FOREIGN_FLIP_SELL,3,1459980.0,29000.0,0.0405156537753224,708749802.95
3026,2025-12-08,2025-12-09,2025-12-10,106.0,108.0,0.018867924528301883,0.007739912655269743,0.01112801187303214,FOREIGN_FLIP_SELL,2,210506.0,400.0,0.0016694490818029983,309531888.75
3026,2026-01-02,2026-01-05,2026-01-05,108.0,104.0,-0.03703703703703709,0.0,-0.03703703703703709,FOREIGN_FLIP_SELL,1,1373410.0,900.0,0.035257347807718276,119421296.0
3026,2026-02-26,2026-03-02,2026-03-02,113.5,115.0,0.013215859030837107,0.0,0.013215859030837107,FOREIGN_FLIP_SELL,1,2455350.0,500.0,0.10185185185185186,259567922.95
3027,2025-02-03,2025-02-04,2025-02-11,29.39999961853028,29.850000381469727,0.015306148597900693,0.02588799047993451,-0.010581841882033816,FOREIGN_FLIP_SELL,6,149000.0,1000.0,0.004652750682184736,8164942.58564997
3027,2025-04-25,2025-04-28,2025-05-05,30.299999237060547,32.0,0.05610563715328909,0.024886187027046702,0.031219450126242387,FOREIGN_FLIP_SELL,5,88494.0,2000.0,0.06778002737344369,15204862.386463737
3029,2024-01-17,2024-01-18,2024-01-18,66.00254026601013,65.0858383178711,-0.01388888888888895,0.0,-0.01388888888888895,FOREIGN_FLIP_SELL,1,2879951.0,26000.0,0.06725701117361371,73937059.39579545
3029,2024-07-04,2024-07-05,2024-07-08,100.46258141859524,101.91156005859376,0.014423067967575864,0.013650555916959961,0.0007725120506159033,FOREIGN_FLIP_SELL,2,649902.0,1000.0,0.1719630622398871,403072423.9407013
3029,2024-11-07,2024-11-08,2024-11-08,102.39455551519626,99.01360321044922,-0.03301886792452824,0.0,-0.03301886792452824,FOREIGN_FLIP_SELL,1,1620050.0,76366.0,0.03337457884629247,484807625.05296135
3029,2024-11-28,2024-11-29,2024-11-29,108.6734655122049,110.60543823242188,0.01777777777777767,0.0,0.01777777777777767,FOREIGN_FLIP_SELL,1,2062000.0,50371.0,0.082220031370136,418438193.60766906
3029,2025-03-12,2025-03-13,2025-03-13,150.21088285224383,145.38095092773438,-0.032154340836012874,0.0,-0.032154340836012874,FOREIGN_FLIP_SELL,1,3422680.0,15000.0,0.0353578008047013,1667592253.3022301
3029,2025-05-09,2025-05-12,2025-05-15,127.5,127.5,0.0,0.028429912064012797,-0.028429912064012797,FOREIGN_FLIP_SELL,4,1101419.0,26000.0,0.05614694218326033,1020832381.8000001
3029,2025-11-13,2025-11-14,2025-11-14,115.5,115.0,-0.0043290043290042934,0.0,-0.0043290043290042934,FOREIGN_FLIP_SELL,1,482000.0,68000.0,0.019332161687170446,102678072.80000001
3030,2024-05-16,2024-05-17,2024-05-20,132.2411709331841,138.3809356689453,0.04642854182577816,0.0006190547021835968,0.04580948712359456,FOREIGN_FLIP_SELL,2,1486112.0,8000.0,0.27158768662610333,681084391.6378853
3030,2024-11-08,2024-11-11,2024-11-11,135.6590913698446,136.14015197753906,0.0035460992907800915,0.0,0.0035460992907800915,FOREIGN_FLIP_SELL,1,143513.0,50000.0,0.017562893643246813,202362414.81677628
3030,2025-07-03,2025-07-04,2025-07-09,146.5,147.0,0.0034129692832765013,-0.000908758592970349,0.00432172787624685,FOREIGN_FLIP_SELL,4,1810875.0,51000.0,0.07202996075627577,1067461094.025
3030,2025-08-08,2025-08-11,2025-08-14,167.0,184.5,0.10479041916167664,0.004250983380290396,0.10053943578138624,FOREIGN_FLIP_SELL,4,1099060.0,22000.0,0.11502938706968924,584716507.6
3030,2025-08-19,2025-08-20,2025-08-21,197.0,197.5,0.002538071065989911,0.014251223005524505,-0.011713151939534594,FOREIGN_FLIP_SELL,2,3307842.0,497000.0,0.2219144352108342,1003546753.2750001
3030,2025-08-29,2025-09-01,2025-09-03,214.0,200.0,-0.06542056074766356,0.0011868823696363773,-0.06660744311729994,FOREIGN_FLIP_SELL,3,989189.0,68000.0,0.15004011767852377,1323040049.75
3030,2026-03-03,2026-03-04,2026-03-04,241.0,237.5,-0.014522821576763434,0.0,-0.014522821576763434,FOREIGN_FLIP_SELL,1,3570878.0,372000.0,0.21813031161473084,1136876217.3999999
3032,2025-07-23,2025-07-24,2025-07-28,107.8694970405708,116.6552505493164,0.08144798807619535,0.0016792355868258113,0.07976875248936954,FOREIGN_FLIP_SELL,3,9028555.0,2000.0,0.20077111468826447,955242931.2500522
3033,2024-01-17,2024-01-18,2024-01-18,28.72956349942447,29.394380569458008,0.023140521088907517,0.0,0.023140521088907517,FOREIGN_FLIP_SELL,1,294000.0,40000.0,0.037955047612705295,74310424.57764645
3033,2024-05-30,2024-05-31,2024-05-31,37.98950503984527,37.08725357055664,-0.023750019073486284,0.0,-0.023750019073486284,FOREIGN_FLIP_SELL,1,3412000.0,1384000.0,0.045952450719912497,748890053.8907032
3033,2024-07-05,2024-07-08,2024-07-09,39.08170241401465,37.182228088378906,-0.048602650557888594,0.0009183997563149138,-0.04952105031420351,FOREIGN_FLIP_SELL,2,6904493.0,16991.0,0.022885570675872824,196328483.8526493
3033,2024-08-22,2024-08-23,2024-08-27,33.20000076293945,35.29999923706055,0.06325296463442509,0.0012162269603968046,0.062036737674028286,FOREIGN_FLIP_SELL,3,574741.0,4977.0,0.016145104231108265,109261688.89084491
3033,2024-10-23,2024-10-24,2024-10-24,36.34999847412109,35.70000076293945,-0.017881643424122573,0.0,-0.017881643424122573,FOREIGN_FLIP_SELL,1,3608000.0,14891.0,0.02789808593346632,160122989.1547001
3033,2024-11-08,2024-11-11,2024-11-12,35.5,34.849998474121094,-0.018309902137433998,-0.023284295008224376,0.004974392870790378,FOREIGN_FLIP_SELL,2,2479043.0,106114.0,0.005003907369440563,115803129.8815651
3033,2024-11-25,2024-11-26,2024-11-27,35.099998474121094,34.400001525878906,-0.019942933865318757,-0.015167516755981714,-0.0047754171093370434,FOREIGN_FLIP_SELL,2,1368382.0,75627.0,0.009577277209580126,71176897.43318005
3033,2025-10-22,2025-10-23,2025-10-27,30.0,30.14999961853028,0.0049999872843427,0.016757472785653427,-0.011757485501310727,FOREIGN_FLIP_SELL,2,1760799.0,49321.0,0.041630662949046826,82389257.76757853
3034,2024-04-11,2024-04-12,2024-04-15,552.7759006076388,554.5706176757812,0.0032467353699203727,-0.013830675802599668,0.01707741117252004,FOREIGN_FLIP_SELL,2,3349554.0,364000.0,0.03762439410433438,2585091787.178009
3034,2024-06-14,2024-06-17,2024-06-18,551.8785507349339,553.6732177734375,0.003251923880922103,0.01159736185000071,-0.008345437969078606,FOREIGN_FLIP_SELL,2,1815158.0,18789.0,0.01136552223394216,3360929195.5426025
3034,2024-10-18,2024-10-21,2024-10-22,500.3146015331848,497.471923828125,-0.00568178041645917,-0.00030156527726787896,-0.005380215139191291,FOREIGN_FLIP_SELL,2,2139255.0,18477.0,0.015484680279872487,1404020712.7062378
3034,2025-02-03,2025-02-04,2025-02-11,508.84269241587793,509.790283203125,0.0018622470193059293,0.02588799047993451,-0.02402574346062858,FOREIGN_FLIP_SELL,6,2703219.0,791065.0,0.06010222245861607,1221459054.2
3034,2025-03-20,2025-03-21,2025-03-21,522.1085974077025,524.9512939453125,0.005444646098003547,0.0,0.005444646098003547,FOREIGN_FLIP_SELL,1,1327175.0,181866.0,0.012588489747387133,1173201014.337024
3034,2025-09-04,2025-09-05,2025-09-05,441.5,438.5,-0.006795016987542479,0.0,-0.006795016987542479,FOREIGN_FLIP_SELL,1,559910.0,45908.0,0.0149461244351754,825868359.6
3034,2026-02-24,2026-02-25,2026-03-02,386.0,386.5,0.0012953367875647714,-0.008979183842123928,0.0102745206296887,FOREIGN_FLIP_SELL,3,1435320.0,17340.0,0.013357899585444422,1556532362.0
3035,2024-01-03,2024-01-04,2024-01-04,361.75191825948735,360.7820739746094,-0.002680965147453085,0.0,-0.002680965147453085,FOREIGN_FLIP_SELL,1,10051736.0,1035000.0,0.02606421189594843,6013075854.192673
3035,2025-02-13,2025-02-14,2025-02-14,240.41364831981545,246.31336975097656,0.024539877300613577,0.0,0.024539877300613577,FOREIGN_FLIP_SELL,1,785738.0,6000.0,0.080902610754642,1131871734.736267
3035,2025-03-20,2025-03-21,2025-03-24,236.4805074718965,239.9220123291016,0.01455301704988976,-0.004613378578019911,0.01916639562790967,FOREIGN_FLIP_SELL,2,3488132.0,858000.0,0.014569826883645831,1334361063.7979164
3035,2025-09-22,2025-09-23,2025-09-23,172.0,174.0,0.011627906976744207,0.0,0.011627906976744207,FOREIGN_FLIP_SELL,1,1240240.0,538000.0,0.08534621578099832,811753965.075
3035,2026-01-07,2026-01-08,2026-01-08,178.0,170.5,-0.042134831460674205,0.0,-0.042134831460674205,FOREIGN_FLIP_SELL,1,3160778.0,16000.0,0.047337278106508895,531758914.05
3036,2024-01-03,2024-01-04,2024-01-04,110.8550048561596,107.56693267822266,-0.029661016949152574,0.0,-0.029661016949152574,FOREIGN_FLIP_SELL,1,1770931.0,1139000.0,0.018418211201959078,629924128.7243881
3036,2024-02-29,2024-03-01,2024-03-05,157.35775555569705,159.2366485595703,0.011940263110884475,0.023816640736298744,-0.01187637762541427,FOREIGN_FLIP_SELL,3,4028981.0,174000.0,0.043981114097102925,3024409440.088156
3036,2025-04-22,2025-04-23,2025-05-02,99.32739734184452,110.78825378417967,0.11538464461010234,0.058480155620353136,0.0569044889897492,FOREIGN_FLIP_SELL,7,1150274.0,204000.0,0.0533346818736824,432198295.66057134
3036,2025-05-07,2025-05-08,2025-05-16,110.78825657621344,115.56360626220705,0.043103392305018806,0.06329473396689411,-0.020191341661875306,FOREIGN_FLIP_SELL,7,2851500.0,9000.0,0.11694190027446805,596174515.7023789
3036,2025-06-12,2025-06-13,2025-06-18,120.3389663696289,123.68171691894533,0.0277777901054006,0.012856517141757395,0.014921272963643206,FOREIGN_FLIP_SELL,4,5976984.0,10000.0,0.02667744968723329,484766185.7457367
3036,2025-07-29,2025-07-30,2025-07-31,136.0,138.0,0.014705882352941124,0.0034438577266941994,0.011262024626246925,FOREIGN_FLIP_SELL,2,2100616.0,414000.0,0.024289211071361283,438440002.79999995
3036,2025-09-18,2025-09-19,2025-10-01,133.5,143.0,0.07116104868913853,0.015815747024406024,0.055345301664732505,FOREIGN_FLIP_SELL,8,6124247.0,218000.0,0.0626865671641792,405001780.20000005
3036,2025-10-14,2025-10-15,2025-10-17,140.0,132.0,-0.05714285714285716,0.000977360523657378,-0.05812021766651454,FOREIGN_FLIP_SELL,3,5388641.0,247000.0,0.02941176470588225,739323494.0
3036,2025-11-05,2025-11-06,2025-11-07,158.0,149.5,-0.05379746835443033,-0.008890464487496197,-0.044907003866934136,FOREIGN_FLIP_SELL,2,4432485.0,467000.0,0.12676056338028174,1007621655.5
3036,2025-12-04,2025-12-05,2025-12-12,148.0,151.0,0.020270270270270174,0.007759899753012167,0.012510370517258007,FOREIGN_FLIP_SELL,6,2721131.0,76000.0,0.05076950291880422,1148341448.925
3036,2026-02-26,2026-03-02,2026-03-05,182.5,211.0,0.15616438356164375,-0.040522718244394684,0.19668710180603843,FOREIGN_FLIP_SELL,4,4329886.0,26244.0,0.13790970933828084,1683485055.2
3036,2026-03-17,2026-03-18,2026-03-23,251.5,241.0,-0.041749502982107334,-0.04734047852235512,0.005590975540247789,FOREIGN_FLIP_SELL,4,3606064.0,491527.0,0.252352867361024,3513890435.3999996
3036,2026-03-26,2026-03-27,2026-04-02,224.0,224.0,0.0,-0.01631283323952859,0.01631283323952859,FOREIGN_FLIP_SELL,5,5291434.0,1386941.0,0.01181190104747043,3368115541.8
3037,2024-01-22,2024-01-23,2024-01-24,169.9022440650743,164.56246948242188,-0.03142851121264323,6.938533336109387e-05,-0.03149789654600432,FOREIGN_FLIP_SELL,2,16798841.0,148345.0,0.04900344562439751,1737439213.6632187
3037,2024-01-31,2024-02-01,2024-02-27,169.9022470393651,173.78573608398438,0.022857196489693754,0.04932632380806612,-0.026469127318372365,FOREIGN_FLIP_SELL,12,13932812.0,139000.0,0.055630539732276274,2383455071.0218544
3037,2024-03-20,2024-03-21,2024-03-26,193.68856098175047,184.46530151367188,-0.047619020046039906,-0.0035942020128924,-0.044024818033147506,FOREIGN_FLIP_SELL,4,26327651.0,2653000.0,0.07981866097695445,4148317351.0222907
3037,2024-03-29,2024-04-01,2024-04-03,186.8924794172376,186.40704345703125,-0.0025974076737599328,0.005700111253484685,-0.008297518927244618,FOREIGN_FLIP_SELL,3,4690490.0,111000.0,0.03983792560696875,3390646340.0068474
3037,2024-07-15,2024-07-16,2024-07-18,190.14277352227103,202.48971557617188,0.06493511073380165,-0.024951996452718506,0.08988710718652015,FOREIGN_FLIP_SELL,3,23152605.0,1003703.0,0.057268092246054,3540888115.936254
3037,2024-11-07,2024-11-08,2024-11-08,176.80809740088452,171.86932373046875,-0.027932960893854775,0.0,-0.027932960893854775,FOREIGN_FLIP_SELL,1,9271763.0,2447664.0,0.12277349732535181,5099703505.846573
3037,2025-07-10,2025-07-11,2025-07-14,126.5,120.0,-0.0513833992094862,-0.005980326954644122,-0.04540307225484208,FOREIGN_FLIP_SELL,2,16838522.0,2666000.0,0.14102067303036336,4072883715.85
3037,2025-07-30,2025-07-31,2025-07-31,139.0,137.5,-0.010791366906474864,0.0,-0.010791366906474864,FOREIGN_FLIP_SELL,1,22376650.0,677000.0,0.1107662172720898,7625769334.900001
3037,2025-08-26,2025-08-27,2025-08-28,145.5,150.0,0.030927835051546282,-0.011560045814190012,0.042487880865736294,FOREIGN_FLIP_SELL,2,20042029.0,2492058.0,0.031040116173534305,4806593968.599999
3037,2025-09-10,2025-09-11,2025-09-17,144.5,147.5,0.02076124567474058,0.008825412975727254,0.011935832699013327,FOREIGN_FLIP_SELL,5,18790803.0,563000.0,0.025176598442311127,4572893131.925
3037,2025-10-08,2025-10-09,2025-10-13,161.0,153.5,-0.04658385093167705,-0.013863493889187506,-0.032720357042489545,FOREIGN_FLIP_SELL,2,5547039.0,6000.0,0.05785123966942152,4421977344.0
3037,2025-11-12,2025-11-13,2025-11-14,169.18319702148438,171.5,0.013694048932184621,-0.018136056365454567,0.03183010529763919,FOREIGN_FLIP_SELL,2,4898358.0,37000.0,0.01846565897425667,4704697887.611389
3037,2025-11-27,2025-11-28,2025-12-17,187.5,212.0,0.1306666666666667,-0.003667153584387961,0.13433382025105467,FOREIGN_FLIP_SELL,14,39107866.0,561691.0,0.10782668988361066,6547934871.5
3037,2026-01-12,2026-01-13,2026-01-14,246.5,250.0,0.014198782961460488,0.007638548470983331,0.006560234490477157,FOREIGN_FLIP_SELL,2,16916923.0,291000.0,0.09932279909706554,5622150400.725
3038,2024-10-23,2024-10-24,2024-10-28,24.408854796336247,24.69322967529297,0.011650480177357814,0.00023933498223516203,0.011411145195122652,FOREIGN_FLIP_SELL,3,173508.0,2524.0,0.002817937834244111,8297003.882728386
3038,2024-11-07,2024-11-08,2024-11-08,25.783334056536354,25.59375,-0.007352969019469913,0.0,-0.007352969019469913,FOREIGN_FLIP_SELL,1,393000.0,5680.0,0.054889312970764825,9568576.856324675
3038,2024-11-19,2024-11-20,2024-11-21,25.925521850585938,25.783334732055664,-0.00548444576544016,-0.005848779832719808,0.000364334067279648,FOREIGN_FLIP_SELL,2,151655.0,18937.0,0.029537510323175198,9395187.831186771
3038,2024-11-26,2024-11-27,2024-11-27,26.11510344346364,25.59375,-0.01996367521929643,0.0,-0.01996367521929643,FOREIGN_FLIP_SELL,1,338000.0,19698.0,0.03528969615326494,8968600.530381203
3038,2025-01-02,2025-01-03,2025-01-06,26.589061796989128,26.209896087646484,-0.01426021392697574,0.0279117234558639,-0.04217193738283964,FOREIGN_FLIP_SELL,2,407000.0,617.0,0.04800227409058233,15792725.052435687
3042,2024-03-12,2024-03-13,2024-03-14,100.56010988023546,106.47541046142578,0.05882352941176472,0.00047219568149703406,0.058351333730267685,FOREIGN_FLIP_SELL,2,2040400.0,1446912.0,0.07243928212406736,327982942.7151795
3042,2024-05-22,2024-05-23,2024-05-24,104.65531320282908,105.56535339355467,0.008695594737382129,-0.0019479338523243905,0.010643528589706519,FOREIGN_FLIP_SELL,2,4776427.0,114369.0,0.03931312228394912,279156379.8171047
3042,2024-08-19,2024-08-20,2024-08-23,106.05714094906112,105.58367156982422,-0.0044642857142859205,-0.012084695009856983,0.007620409295571062,FOREIGN_FLIP_SELL,4,1179054.0,41000.0,0.04269407154800886,291308517.5963028
3042,2024-08-28,2024-08-29,2024-09-02,105.11020100911458,110.31836700439452,0.04954957697044371,0.001497622972185253,0.048051953998258456,FOREIGN_FLIP_SELL,3,777700.0,75496.0,0.028183276228402665,257738963.4527214
3042,2024-10-21,2024-10-22,2024-10-30,108.4244894592547,111.73876953125,0.030567633645540715,-0.030379730028032847,0.06094736367357356,FOREIGN_FLIP_SELL,7,1458139.0,218001.0,0.03199635785828714,196596857.8448822
3042,2025-05-08,2025-05-09,2025-05-09,87.02367038415727,86.73958587646484,-0.0032644509986577974,0.0,-0.0032644509986577974,FOREIGN_FLIP_SELL,1,567696.0,14662.0,0.04859044829657999,60455485.11929322
3042,2025-08-12,2025-08-13,2025-08-14,86.4000015258789,87.0,0.006944426661166014,-0.00541320542258239,0.012357632083748404,FOREIGN_FLIP_SELL,2,405016.0,44000.0,0.017188619857172682,94092897.82174033
3042,2026-03-20,2026-03-23,2026-03-23,91.1999969482422,91.0999984741211,-0.0010964745336324855,0.0,-0.0010964745336324855,FOREIGN_FLIP_SELL,1,985570.0,1059.0,0.014010792621427681,189733006.05
3044,2024-02-16,2024-02-19,2024-02-23,205.41075537985216,198.0085601806641,-0.03603606435066997,0.013596875972721412,-0.049632940323391384,FOREIGN_FLIP_SELL,5,2263031.0,1449000.0,0.18094740966186795,1070424191.1376762
3044,2024-05-08,2024-05-09,2024-05-10,210.0371087338744,208.1865692138672,-0.008810536057949236,0.00720159390313424,-0.016012129961083477,FOREIGN_FLIP_SELL,2,11630280.0,27000.0,0.14437287400442567,864161153.1481867
3044,2024-06-20,2024-06-21,2024-06-24,205.41075228800813,205.41075134277344,-4.601680703153477e-09,-0.018908700814464607,0.018908696212783904,FOREIGN_FLIP_SELL,2,1720066.0,195000.0,0.030042945711706626,1229987110.607921
3044,2024-07-04,2024-07-05,2024-07-08,207.26129557291665,198.933822631836,-0.04017862050925458,0.013650555916959961,-0.05382917642621454,FOREIGN_FLIP_SELL,2,2671965.0,843000.0,0.025287399478914674,873141816.0737977
3044,2024-12-30,2024-12-31,2025-01-03,190.4027656265452,193.759994506836,0.01763224850880385,-0.0055045921344049065,0.023136840643208756,FOREIGN_FLIP_SELL,3,611274.0,96000.0,0.017557384935134923,433556353.61263716
3044,2025-03-05,2025-03-06,2025-03-06,200.9540459277228,201.9132537841797,0.004773269689737347,0.0,0.004773269689737347,FOREIGN_FLIP_SELL,1,1656632.0,22000.0,0.03289883285726214,372426017.1786186
3044,2025-03-14,2025-03-17,2025-03-17,199.99484748106727,199.51524353027344,-0.0023980815347717233,0.0,-0.0023980815347717233,FOREIGN_FLIP_SELL,1,1549335.0,113000.0,0.01670119365560585,455832524.9824035
3044,2025-03-24,2025-03-25,2025-03-28,202.87246660505025,194.71920776367188,-0.04018908518153452,-0.03009442493791359,-0.010094660243620934,FOREIGN_FLIP_SELL,4,430515.0,293000.0,0.0038516962804184818,497488280.763002
3044,2025-05-28,2025-05-29,2025-06-02,200.95405696262824,195.67840576171875,-0.026253021614242034,-0.016142080316433494,-0.01011094129780854,FOREIGN_FLIP_SELL,2,1398183.0,20000.0,0.04956265870040477,295543056.29385376
3044,2025-06-11,2025-06-12,2025-06-13,210.0665291451119,210.0665283203125,-3.926372338369788e-09,-0.009640740581055907,0.009640736654683568,FOREIGN_FLIP_SELL,2,2083401.0,3243.0,0.05934756165138566,491923910.4605812
3044,2025-07-29,2025-07-30,2025-07-31,270.0,280.0,0.03703703703703698,0.0034438577266941994,0.03359317931034278,FOREIGN_FLIP_SELL,2,5140693.0,20000.0,0.07233786322194402,1556896941.225
3044,2025-08-22,2025-08-25,2025-08-25,317.0,311.0,-0.018927444794952675,0.0,-0.018927444794952675,FOREIGN_FLIP_SELL,1,3010986.0,170000.0,0.035141646589681885,1755393753.925
3044,2025-10-15,2025-10-16,2025-10-28,325.5,328.5,0.009216589861751112,0.010895604028028583,-0.0016790141662774705,FOREIGN_FLIP_SELL,8,1236979.0,276000.0,0.054441260744985565,1044624366.0999999
3044,2025-11-05,2025-11-06,2025-11-07,343.0,320.0,-0.06705539358600587,-0.008890464487496197,-0.05816492909850968,FOREIGN_FLIP_SELL,2,641234.0,16030.0,0.04054262370895634,1176730993.125
3044,2026-01-22,2026-01-23,2026-01-23,359.5,360.5,0.0027816411682892728,0.0,0.0027816411682892728,FOREIGN_FLIP_SELL,1,4327851.0,390000.0,0.08842468980681639,1227607989.3
3044,2026-01-28,2026-01-29,2026-02-23,404.0,385.5,-0.04579207920792083,0.038018869566835534,-0.08381094877475637,FOREIGN_FLIP_SELL,11,806028.0,294000.0,0.19450557790088796,1836697038.825
3045,2024-01-02,2024-01-03,2024-01-03,91.25646228016193,91.4413833618164,0.0020263888938272245,0.0,0.0020263888938272245,FOREIGN_FLIP_SELL,1,1827332.0,609754.0,0.009434914433536168,266704937.2266098
3045,2024-01-12,2024-01-15,2024-01-16,92.27351019906244,90.6092529296875,-0.018036132642885505,-0.011395293752028635,-0.0066408388908568705,FOREIGN_FLIP_SELL,2,2877048.0,65443.0,0.012889469149888866,208887042.3544201
3045,2024-01-26,2024-01-29,2024-01-31,90.60925993401736,90.6092529296875,-7.730258322347083e-08,-0.01269729578298573,0.012697218480402506,FOREIGN_FLIP_SELL,3,1909917.0,161106.0,5.087131424286184e-05,204519655.55222932
3045,2024-02-22,2024-02-23,2024-02-27,92.18104994578668,91.62629699707033,-0.006018080169868045,-0.0018412275953559876,-0.004176852574512058,FOREIGN_FLIP_SELL,3,1653428.0,158713.0,0.017778004014335158,232468549.50009766
3045,2024-04-11,2024-04-12,2024-04-16,95.2321802896746,94.30758666992188,-0.009708835993677,-0.04024818773897709,0.030539351745300092,FOREIGN_FLIP_SELL,3,1467661.0,11000.0,0.025337678655360074,446564052.1208622
3045,2024-05-17,2024-05-20,2024-05-21,98.00592803955078,97.54364013671876,-0.004716938169754936,-0.0016397830333553243,-0.003077155136399612,FOREIGN_FLIP_SELL,2,4488939.0,235588.0,0.01678655612761859,539433972.794926
3045,2024-06-07,2024-06-11,2024-06-12,98.46821936491494,98.00592803955078,-0.0046948277154372775,0.011785994524791121,-0.0164808222402284,FOREIGN_FLIP_SELL,2,3618494.0,884681.0,0.011581154840858865,695937486.1799927
3045,2024-06-18,2024-06-19,2024-06-28,98.9305157012223,98.93051147460938,-4.272304554575612e-08,-0.007638629187015966,0.00763858646397042,FOREIGN_FLIP_SELL,8,3874566.0,2355.0,0.012002765270171745,710221435.7134438
3045,2024-07-23,2024-07-26,2024-07-30,100.33849730581608,101.29867553710938,0.009569390184973825,0.00471804239739293,0.004851347787580895,FOREIGN_FLIP_SELL,3,4232028.0,1856000.0,0.017153579735877278,2177891716.912575
3045,2024-08-02,2024-08-05,2024-08-30,100.33849730581608,107.53982543945312,0.07177034066683818,0.12289968366295811,-0.05112934299611993,20D_TIMEOUT,20,6323510.0,1974725.0,0.019434004135096217,1529214374.7084112
3045,2024-09-12,2024-09-13,2024-09-18,110.42035552846406,111.8606185913086,0.013043456126830444,-0.003713779652903648,0.016757235779734092,FOREIGN_FLIP_SELL,3,4767514.0,1038250.0,0.027473762817761038,690475865.4039378
3045,2024-10-25,2024-10-28,2024-10-30,108.98008849557525,108.98008728027344,-1.1151594980773893e-08,-0.01627896716894217,0.01627895601734719,FOREIGN_FLIP_SELL,3,3633411.0,254427.0,0.0004388157149719518,778193871.3402615
3045,2024-11-05,2024-11-06,2024-11-08,110.42035922669528,108.5,-0.01739135101664313,0.014493872830152688,-0.03188522384679582,FOREIGN_FLIP_SELL,3,3373915.0,1270000.0,0.017173046203905695,541357717.2999516
3045,2024-12-09,2024-12-10,2024-12-17,109.4601821899414,111.38053131103516,0.01754381440514563,-0.004630051534449953,0.022173865939595583,FOREIGN_FLIP_SELL,6,5323449.0,654000.0,0.011931083700912115,733006044.9399163
3045,2025-03-03,2025-03-04,2025-03-04,110.9004452580991,110.42035675048828,-0.0043290043290042934,0.0,-0.0043290043290042934,FOREIGN_FLIP_SELL,1,3189718.0,653000.0,0.03394717030118066,546286057.3410931
3045,2025-03-07,2025-03-10,2025-03-10,112.34070708311678,111.8606185913086,-0.004273504273504258,0.0,-0.004273504273504258,FOREIGN_FLIP_SELL,1,6612215.0,145000.0,0.03151859352923747,577276254.1761819
3045,2025-03-20,2025-03-21,2025-03-24,112.8207983346931,113.78097534179688,0.008510638297872353,-0.004613378578019911,0.013124016875892264,FOREIGN_FLIP_SELL,2,3970358.0,278000.0,0.01665589153978697,609975187.1404542
3045,2025-04-10,2025-04-11,2025-04-17,114.2610598181048,109.94026947021484,-0.037815073260902166,-0.009731235866955124,-0.028083837393947042,FOREIGN_FLIP_SELL,5,11022774.0,5709000.0,0.01970865574946057,1008402232.9214722
3045,2025-10-13,2025-10-14,2025-10-27,110.0,111.0,0.009090909090909038,0.04480549884010854,-0.0357145897491995,FOREIGN_FLIP_SELL,9,5920807.0,10000.0,0.026236359414905985,815242689.95
3045,2026-03-02,2026-03-03,2026-03-05,108.0,107.5,-0.00462962962962965,-0.018957979727442842,0.014328350097813192,FOREIGN_FLIP_SELL,3,9464579.0,69060.0,0.019736842105263053,759484875.0999999
3045,2026-03-23,2026-03-24,2026-04-20,109.0,113.5,0.041284403669724856,0.1332800358281887,-0.09199563215846385,FOREIGN_FLIP_SELL,18,6467012.0,61771.0,0.009492938180134303,1024263756.8
3046,2025-07-17,2025-07-18,2025-07-21,47.70000076293945,48.04999923706055,0.007337494099015407,-0.00182055656943525,0.009158050668450657,FOREIGN_FLIP_SELL,2,61000.0,26000.0,0.016533229215647927,10176660.65683937
3056,2025-04-25,2025-04-28,2025-04-28,27.151210797684485,26.73350143432617,-0.015384557486988415,0.0,-0.015384557486988415,FOREIGN_FLIP_SELL,1,4320675.0,5000.0,0.06090638298348949,218346591.7499516
3059,2024-04-01,2024-04-02,2024-04-02,38.57697364899341,37.79269027709961,-0.020330349887730637,0.0,-0.020330349887730637,FOREIGN_FLIP_SELL,1,2760000.0,113000.0,0.1047049031598215,262996588.4870768
3059,2025-02-13,2025-02-14,2025-02-18,40.650001525878906,41.400001525878906,0.01845018380928054,0.022178925566570085,-0.0037287417572895443,FOREIGN_FLIP_SELL,3,3007000.0,6258.0,0.05810360059179054,317159337.13923794
3059,2025-02-24,2025-02-25,2025-02-25,45.650001525878906,49.09999847412109,0.07557495800490566,0.0,0.07557495800490566,FOREIGN_FLIP_SELL,1,5802635.0,3000.0,0.13093742254691731,514294474.5
3062,2025-02-11,2025-02-12,2025-02-13,32.349998474121094,33.25,0.027820759453787147,0.004708515817043901,0.023112243636743246,FOREIGN_FLIP_SELL,2,2162090.0,21000.0,0.023026009424262472,104789525.35381202
3062,2025-05-06,2025-05-07,2025-05-12,21.39999961853028,22.450000762939453,0.049065474912437734,0.02837705230791876,0.020688422604518975,FOREIGN_FLIP_SELL,4,1411611.0,7000.0,0.014854453953076385,51237102.65297556
3090,2024-05-03,2024-05-06,2024-05-10,58.047168382251535,60.20706558227539,0.03720934647148555,0.009039930300292154,0.028169416171193395,FOREIGN_FLIP_SELL,5,834000.0,400000.0,0.04236157704747234,37695440.93155613
3090,2024-06-03,2024-06-04,2024-06-11,61.64699535093445,61.19701766967773,-0.007299263795342514,0.02039180439246513,-0.027691068187807644,FOREIGN_FLIP_SELL,5,319349.0,10000.0,0.00992281853455479,128518648.87207775
3090,2024-08-02,2024-08-05,2024-08-05,58.72040028545791,56.06851196289063,-0.045161278017105455,0.0,-0.045161278017105455,FOREIGN_FLIP_SELL,1,625000.0,3000.0,0.002601082818020517,55074230.71838188
3090,2024-11-15,2024-11-18,2024-11-18,64.40302259976723,61.65642166137695,-0.042647081262925046,0.0,-0.042647081262925046,FOREIGN_FLIP_SELL,1,2753000.0,59859.0,0.08399777161535615,208775827.5435608
3090,2025-05-13,2025-05-14,2025-05-14,70.18035302438047,71.69571685791016,0.02159242249755078,0.0,0.02159242249755078,FOREIGN_FLIP_SELL,1,2493261.0,29154.0,0.14056107643500337,144906096.2133095
3090,2025-06-17,2025-06-18,2025-06-20,74.63173949440942,70.46448516845703,-0.055837561259905355,-0.013910362913293506,-0.04192719834661185,FOREIGN_FLIP_SELL,3,746963.0,197894.0,0.01745701054040083,135710604.57344818
3090,2025-07-14,2025-07-15,2025-07-16,73.69999694824219,81.0,0.09905024903711235,0.009062948249833447,0.0899873007872789,FOREIGN_FLIP_SELL,2,851701.0,222000.0,0.02532029550582915,277631809.343866
3090,2025-12-10,2025-12-11,2025-12-12,103.5,104.5,0.009661835748792313,0.0061827324507801595,0.003479103298012154,FOREIGN_FLIP_SELL,2,5042200.0,1408500.0,0.13596068041439047,892732770.9610938
3090,2026-01-19,2026-01-20,2026-01-20,103.0,101.5,-0.014563106796116498,0.0,-0.014563106796116498,FOREIGN_FLIP_SELL,1,1372557.0,21937.0,0.04380991175244264,1037215946.0
3167,2025-11-17,2025-11-18,2025-11-19,228.0,206.5,-0.0942982456140351,-0.006577934530601293,-0.08772031108343381,FOREIGN_FLIP_SELL,2,7233905.0,106000.0,0.2285480795423589,2691235432.6
3167,2025-12-05,2025-12-08,2025-12-08,222.0,218.5,-0.015765765765765716,0.0,-0.015765765765765716,FOREIGN_FLIP_SELL,1,3709300.0,479000.0,0.08679616424883219,2907883004.65
3167,2026-01-26,2026-01-27,2026-01-27,238.5,233.0,-0.023060796645702264,0.0,-0.023060796645702264,FOREIGN_FLIP_SELL,1,2189757.0,99000.0,0.03361436548779162,2130814665.1999998
3167,2026-02-10,2026-02-11,2026-02-23,279.0,278.0,-0.0035842293906810374,0.004985782968901065,-0.008570012359582102,FOREIGN_FLIP_SELL,2,12190490.0,380000.0,0.2160670933568749,1919360576.7749999
3189,2024-01-23,2024-01-24,2024-01-24,100.43258355743257,99.44309997558594,-0.009852216748768461,0.0,-0.009852216748768461,FOREIGN_FLIP_SELL,1,1399493.0,85000.0,0.03497503131287116,197052425.94394684
3189,2025-02-17,2025-02-18,2025-02-18,100.0,103.5,0.03499999999999992,0.0,0.03499999999999992,FOREIGN_FLIP_SELL,1,6405300.0,7000.0,0.03140633144851357,543001125.0
3189,2025-02-21,2025-02-24,2025-02-26,105.5,104.0,-0.014218009478673022,-0.006906752419037598,-0.007311257059635423,FOREIGN_FLIP_SELL,3,3756650.0,1000.0,0.08684612320160245,670775156.9
3189,2025-05-05,2025-05-06,2025-05-13,74.0,82.0,0.10810810810810811,0.03934936026097757,0.06875874784713054,FOREIGN_FLIP_SELL,6,1755087.0,1000.0,0.04720178680290443,314046771.44809914
3189,2025-09-23,2025-09-24,2025-09-26,112.5,105.0,-0.06666666666666665,-0.023530041544127522,-0.04313662512253913,FOREIGN_FLIP_SELL,3,5540150.0,528000.0,0.037209302325581506,1286738248.5249999
3189,2025-10-08,2025-10-09,2025-10-14,129.0,122.5,-0.050387596899224785,-0.018634936030354488,-0.0317526608688703,FOREIGN_FLIP_SELL,3,10263928.0,253000.0,0.1433798307797851,1368182112.5
3189,2025-11-18,2025-11-19,2025-11-19,144.5,134.5,-0.0692041522491349,0.0,-0.0692041522491349,FOREIGN_FLIP_SELL,1,11818343.0,429863.0,0.054156855642093715,2846587658.925
3189,2025-11-28,2025-12-01,2025-12-01,143.5,141.5,-0.013937282229965153,0.0,-0.013937282229965153,FOREIGN_FLIP_SELL,1,4407092.0,200000.0,0.05011053795136333,2546285239.875
3189,2025-12-04,2025-12-05,2025-12-08,149.0,156.0,0.046979865771812124,0.011539613810094718,0.035440251961717406,FOREIGN_FLIP_SELL,2,6623635.0,85000.0,0.0738255033557047,2849942900.6
3209,2024-05-16,2024-05-17,2024-05-20,31.5225887298584,31.74180030822754,0.006954110915436962,0.0006190547021835968,0.006335056213253365,FOREIGN_FLIP_SELL,2,315000.0,171000.0,0.02909250990519552,18438512.54799757
3209,2024-07-02,2024-07-03,2024-07-09,32.180221102647835,32.53096008300781,0.010899209773643115,0.03140155781840681,-0.020502348044763696,FOREIGN_FLIP_SELL,5,248000.0,23148.0,0.012745894787407064,16281796.071539497
3209,2024-09-03,2024-09-04,2024-09-05,32.285058441669776,32.285057067871094,-4.255215102499932e-08,0.004502065283094936,-0.004502107835245961,FOREIGN_FLIP_SELL,2,376000.0,53574.0,0.027194702338902088,16674876.845378114
3209,2024-09-11,2024-09-12,2024-09-16,34.37846705907907,34.518028259277344,0.004059552741500605,0.009090094010137051,-0.005030541268636446,FOREIGN_FLIP_SELL,3,1345160.0,31250.0,0.02723735932253657,31808338.36012726
3209,2024-10-28,2024-10-29,2024-11-01,37.40228629317184,38.42572784423828,0.027363074627159367,-0.006390386299205297,0.033753460926364665,FOREIGN_FLIP_SELL,3,3979472.0,39372.0,0.005044102927093785,359622331.1631918
3231,2024-01-12,2024-01-15,2024-01-15,96.7718582350146,93.08980560302734,-0.0380487953744284,0.0,-0.0380487953744284,FOREIGN_FLIP_SELL,1,62639032.0,3074000.0,0.04775444790577055,6143144513.78621
3231,2024-01-23,2024-01-24,2024-01-24,111.4056414900155,109.51741027832033,-0.016949152542372836,0.0,-0.016949152542372836,FOREIGN_FLIP_SELL,1,79467927.0,4923000.0,0.1839109774119141,10056352870.926474
3231,2024-02-05,2024-02-15,2024-02-16,125.56738140939296,118.95857238769533,-0.052631574757067257,-0.0020016719009597894,-0.05062990285610747,FOREIGN_FLIP_SELL,2,29054622.0,1677000.0,0.1467256025837662,12962299607.268902
3231,2024-03-18,2024-03-19,2024-03-20,114.23799369967716,113.29388427734376,-0.008264408291477787,-0.0036636586659868353,-0.004600749625490952,FOREIGN_FLIP_SELL,2,22504902.0,557212.0,0.014155978535400404,10004149400.431517
3231,2024-04-08,2024-04-09,2024-04-09,124.6232663109189,118.95857238769533,-0.0454545454545453,0.0,-0.0454545454545453,FOREIGN_FLIP_SELL,1,51334951.0,710652.0,0.08776261267199548,12479676299.528442
3231,2024-08-22,2024-08-23,2024-08-26,97.6632414282822,98.146728515625,0.0049505533532576695,0.0037037716081256278,0.0012467817451320418,FOREIGN_FLIP_SELL,2,9531172.0,363407.0,0.033815464101027315,3501739806.4154663
3231,2024-10-09,2024-10-11,2024-10-14,102.0145778392317,105.3989486694336,0.033175364755568815,0.003215858580000841,0.029959506175567974,FOREIGN_FLIP_SELL,2,24897297.0,60690.0,0.0388839591085528,1880441321.878299
3231,2024-10-18,2024-10-21,2024-10-28,106.36590672833889,109.75028228759766,0.031818236344306694,-0.014631349929793758,0.04644958627410045,FOREIGN_FLIP_SELL,6,17627474.0,129380.0,0.04406131763055221,2522630932.4995885
3231,2024-11-05,2024-11-06,2024-11-11,115.55205535888672,117.96946716308594,0.020920543530715374,0.013449396704835914,0.00747114682587946,FOREIGN_FLIP_SELL,4,44169001.0,5164500.0,0.07142854467656012,4380201215.899216
3231,2024-12-06,2024-12-09,2024-12-09,116.03553482248812,114.58509063720705,-0.012499999999999734,0.0,-0.012499999999999734,FOREIGN_FLIP_SELL,1,18474048.0,1100000.0,0.019271918797329146,5113445686.085023
3231,2025-02-12,2025-02-13,2025-02-14,107.33287239074708,107.81635284423828,0.004504495619301885,-0.010547307799725902,0.015051803419027787,FOREIGN_FLIP_SELL,2,18058067.0,100000.0,0.03112379512655039,3157769253.232468
3231,2025-02-20,2025-02-21,2025-02-24,112.65117070624169,111.20072174072266,-0.012875578268967458,-0.006950599050789652,-0.005924979218177806,FOREIGN_FLIP_SELL,2,39885015.0,109940.0,0.07895347107630268,3885908371.390636
3231,2025-04-15,2025-04-16,2025-04-16,96.6962807580542,96.40618896484376,-0.003000030517577801,0.0,-0.003000030517577801,FOREIGN_FLIP_SELL,1,7887085.0,5179396.0,0.04485215517769214,2715067748.511297
3231,2025-04-29,2025-04-30,2025-05-07,100.08065420066194,102.98153686523438,0.028985448663796376,0.015392166372998561,0.013593282290797815,FOREIGN_FLIP_SELL,5,2880965.0,260453.0,0.07382550663624698,3830734663.9267745
3231,2025-05-29,2025-06-02,2025-06-02,111.68420313959535,111.20072174072266,-0.0043290043290042934,0.0,-0.0043290043290042934,FOREIGN_FLIP_SELL,1,18790803.0,1357174.0,0.05286941601823281,3853177940.4053416
3231,2025-06-12,2025-06-13,2025-06-17,116.0,118.0,0.01724137931034475,0.006281019524216225,0.010960359786128526,FOREIGN_FLIP_SELL,3,8024376.0,90969.0,0.04901299089835787,4848259806.0
3231,2025-06-25,2025-06-26,2025-06-26,127.0,125.0,-0.015748031496062964,0.0,-0.015748031496062964,FOREIGN_FLIP_SELL,1,33902222.0,8445882.0,0.08515383992006154,6303481013.925
3231,2025-07-29,2025-07-30,2025-08-04,121.0,119.5,-0.012396694214875992,-0.0035283537404386944,-0.008868340474437297,FOREIGN_FLIP_SELL,3,21788037.0,1018842.0,0.016234450769555098,3022960382.075
3231,2025-09-10,2025-09-11,2025-09-16,122.0,118.0,-0.032786885245901676,0.016415546978864493,-0.04920243222476617,FOREIGN_FLIP_SELL,4,34043090.0,1622000.0,0.05286246983987719,3762787326.0
3231,2025-09-22,2025-09-23,2025-09-24,122.5,121.5,-0.008163265306122436,-0.0019292856211109433,-0.006233979685011493,FOREIGN_FLIP_SELL,2,16228309.0,546992.0,0.046286329386437064,3401150538.8250003
3231,2025-09-30,2025-10-01,2025-10-07,146.0,156.0,0.06849315068493156,0.04730182474207423,0.02119132594285733,FOREIGN_FLIP_SELL,4,79460209.0,7640000.0,0.17327766179540705,6122650945.4
3231,2026-01-05,2026-01-06,2026-01-08,155.0,151.0,-0.02580645161290318,-0.007056118447536397,-0.018750333165366784,FOREIGN_FLIP_SELL,3,61154264.0,6257333.0,0.060372840773045944,6377874528.0
3257,2026-01-20,2026-01-21,2026-01-21,68.80000305175781,67.5,-0.01889539235601234,0.0,-0.01889539235601234,FOREIGN_FLIP_SELL,1,185000.0,46000.0,0.018047853933947033,71034390.74140549
3296,2024-01-31,2024-02-01,2024-02-01,23.0,23.049999237060547,0.002173879872197748,0.0,0.002173879872197748,FOREIGN_FLIP_SELL,1,496000.0,7000.0,0.06270167722206188,32678344.650868796
3296,2024-02-19,2024-02-20,2024-02-20,23.75,23.350000381469727,-0.016842089201274724,0.0,-0.016842089201274724,FOREIGN_FLIP_SELL,1,704000.0,4000.0,0.062464854659260105,35234266.02952566
3296,2024-02-23,2024-02-26,2024-03-07,24.64999961853028,24.350000381469727,-0.012170354632988878,0.03934276715880869,-0.05151312179179757,FOREIGN_FLIP_SELL,8,302000.0,1000.0,0.059457107072427906,35516228.40217285
3305,2024-09-24,2024-09-25,2024-09-26,70.09500815051685,71.34498596191406,0.01783262238465122,0.004270830660774827,0.013561791723876393,FOREIGN_FLIP_SELL,2,352997.0,3000.0,0.050606630584172585,82916796.96869202
3305,2025-09-12,2025-09-15,2025-09-15,157.0,139.0,-0.1146496815286624,0.0,-0.1146496815286624,FOREIGN_FLIP_SELL,1,8335885.0,30000.0,0.28897258840761664,5800409530.3
3338,2024-03-07,2024-03-08,2024-03-08,73.02291298687672,66.45272827148438,-0.08997428952982334,0.0,-0.08997428952982334,FOREIGN_FLIP_SELL,1,1570040.0,4000.0,0.1435011623986775,443975979.69019777
3338,2024-05-20,2024-05-21,2024-05-21,76.96502209955193,82.2211685180664,0.06829266431854997,0.0,0.06829266431854997,FOREIGN_FLIP_SELL,1,3089680.0,200000.0,0.11833911200919167,411753211.4452473
3376,2024-02-26,2024-02-27,2024-02-27,158.78603957474596,155.91641235351562,-0.018072289156626398,0.0,-0.018072289156626398,FOREIGN_FLIP_SELL,1,2006901.0,94000.0,0.06979781457242051,2319340281.939555
3376,2024-03-05,2024-03-06,2024-03-07,212.3523995336188,210.4393310546875,-0.009008932713418405,0.009952604831186207,-0.018961537544604612,FOREIGN_FLIP_SELL,2,4564905.0,1418762.0,0.3232904660542628,3958920603.76748
3376,2024-06-04,2024-06-05,2024-06-05,209.96104240857977,207.09141540527344,-0.013667425968109326,0.0,-0.013667425968109326,FOREIGN_FLIP_SELL,1,2908982.0,1775000.0,0.1453170141179969,2728762070.619513
3376,2024-08-23,2024-08-26,2024-08-26,226.92175094090152,216.69566345214844,-0.045064377682403456,0.0,-0.045064377682403456,FOREIGN_FLIP_SELL,1,4079022.0,98000.0,0.07419765111828824,2223772185.6
3376,2024-12-19,2024-12-20,2024-12-26,202.57391212788804,204.0347900390625,0.0072115796936980114,0.03272684457635955,-0.025515264882661537,FOREIGN_FLIP_SELL,5,4173268.0,52000.0,0.0655423801533872,1129850955.1681666
3376,2025-01-22,2025-02-03,2025-02-04,204.52174745757003,209.8782653808593,0.026190456466740786,0.004373265659709302,0.021817190807031484,FOREIGN_FLIP_SELL,2,2113013.0,380000.0,0.07700054164469283,638825104.1869324
3376,2025-05-08,2025-05-09,2025-05-09,187.9652268259149,185.04348754882807,-0.01554404145077759,0.0,-0.01554404145077759,FOREIGN_FLIP_SELL,1,3299263.0,1008000.0,0.03874914924162676,2070651358.4407563
3376,2025-08-25,2025-08-26,2025-08-28,240.5,259.0,0.07692307692307687,-0.0028245261993709025,0.07974760312244777,FOREIGN_FLIP_SELL,3,4682699.0,53000.0,0.04093386253333797,1469834476.95
3376,2025-10-01,2025-10-02,2025-10-02,265.0,260.0,-0.018867924528301883,0.0,-0.018867924528301883,FOREIGN_FLIP_SELL,1,4697874.0,384000.0,0.1195385108428586,1288561064.0
3376,2026-03-02,2026-03-03,2026-03-03,220.0,211.0,-0.040909090909090895,0.0,-0.040909090909090895,FOREIGN_FLIP_SELL,1,754859.0,25000.0,0.034069097888675515,1108356410.6000001
3380,2024-05-13,2024-05-14,2024-05-14,30.40711634082788,30.73508071899414,0.010785777069096891,0.0,0.010785777069096891,FOREIGN_FLIP_SELL,1,522000.0,2000.0,0.003789410274074756,43818158.924289316
3380,2024-07-01,2024-07-02,2024-07-04,32.70287785097977,33.49936294555664,0.024355198897365815,0.02811092177834551,-0.003755722880979695,FOREIGN_FLIP_SELL,3,865002.0,1000.0,0.0047366416236878095,64263492.38208904
3380,2024-08-21,2024-08-22,2024-08-29,32.2007180224555,34.032493591308594,0.05688617153119657,0.0023937847309760674,0.054492386800220505,FOREIGN_FLIP_SELL,6,1317000.0,1000.0,0.047589104681201144,48652807.57896118
3380,2024-10-09,2024-10-11,2024-10-11,35.189407714959,34.51454162597656,-0.019178103094231846,0.0,-0.019178103094231846,FOREIGN_FLIP_SELL,1,299000.0,9000.0,0.054701812887715695,74529327.4089117
3380,2025-02-04,2025-02-05,2025-02-20,33.88788291116589,34.321720123291016,0.01280213382648876,0.014069888940037245,-0.0012677551135484855,FOREIGN_FLIP_SELL,12,1327246.0,49000.0,0.04255638800286543,39343304.84296875
3406,2024-05-16,2024-05-17,2024-05-22,491.2758876584611,485.6506042480469,-0.011450355190900319,0.013799646225580942,-0.02525000141648126,FOREIGN_FLIP_SELL,4,3318879.0,8000.0,0.16373328240649454,822100910.3194703
3406,2024-06-14,2024-06-17,2024-06-26,590.6561658336858,626.2830200195312,0.06031741687748182,0.021788256747590218,0.038529160129891604,FOREIGN_FLIP_SELL,8,2493028.0,174000.0,0.15596327727309034,1889960096.397583
3406,2024-07-01,2024-07-02,2024-07-03,617.8450665891711,620.65771484375,0.004552352048558417,0.012808943510362658,-0.008256591461804241,FOREIGN_FLIP_SELL,2,715640.0,105000.0,0.07321060560667592,2096789432.893588
3406,2024-08-20,2024-08-21,2024-08-21,503.130425564748,506.9565124511719,0.0076045627376424285,0.0,0.0076045627376424285,FOREIGN_FLIP_SELL,1,152571.0,47000.0,0.030367722454277768,1017464917.7088089
3406,2024-11-25,2024-11-26,2024-11-27,433.3043649429037,426.1304321289063,-0.016556336364030644,-0.015167516755981714,-0.0013888196080489301,FOREIGN_FLIP_SELL,2,467882.0,242.0,0.010575788569193723,441280459.2180512
3406,2025-02-10,2025-02-11,2025-02-11,465.8260776109932,462.9565124511719,-0.006160164271047264,0.0,-0.006160164271047264,FOREIGN_FLIP_SELL,1,533030.0,760000.0,0.0355297394037879,1065581600.8480773
3406,2025-02-17,2025-02-18,2025-02-18,459.6087077703748,452.9130554199219,-0.014568158168574374,0.0,-0.014568158168574374,FOREIGN_FLIP_SELL,1,812034.0,16000.0,0.022139238012474305,837253367.2362853
3406,2025-02-21,2025-02-24,2025-02-24,455.30436494924726,458.6521911621094,0.007352941176470562,0.0,0.007352941176470562,FOREIGN_FLIP_SELL,1,975730.0,18000.0,0.01208138789704849,829840497.8277038
3406,2025-07-18,2025-07-21,2025-07-21,421.0,420.0,-0.002375296912114022,0.0,-0.002375296912114022,FOREIGN_FLIP_SELL,1,252632.0,119000.0,0.04413460509676059,376072112.90000004
3406,2025-07-28,2025-07-29,2025-07-31,439.0,433.5,-0.01252847380410027,0.014697313231605724,-0.027225787035705995,FOREIGN_FLIP_SELL,3,999459.0,2000.0,0.07034578187509077,424639058.85
3406,2025-10-07,2025-10-08,2025-10-08,449.0,445.5,-0.007795100222717122,0.0,-0.007795100222717122,FOREIGN_FLIP_SELL,1,1597977.0,170000.0,0.04330708661417315,622973406.9250001
3406,2025-11-14,2025-11-17,2025-11-19,440.0,449.5,0.021590909090908994,-0.03159476790153981,0.053185676992448805,FOREIGN_FLIP_SELL,3,2464901.0,2000.0,0.032836172846784306,358683215.09999996
3406,2025-12-31,2026-01-02,2026-01-06,450.0,437.0,-0.028888888888888853,0.041788693402846855,-0.07067758229173571,FOREIGN_FLIP_SELL,3,1952295.0,4000.0,0.044620032535440446,474008605.42499995
3406,2026-03-16,2026-03-17,2026-03-18,440.0,448.0,0.018181818181818077,0.015131788114791656,0.0030500300670264213,FOREIGN_FLIP_SELL,2,399742.0,465000.0,0.02274052478134103,353181910.075
3406,2026-03-24,2026-03-25,2026-03-26,464.0,452.0,-0.025862068965517238,-0.0030350174734580238,-0.022827051492059214,FOREIGN_FLIP_SELL,2,592412.0,450000.0,0.05525888089157194,400144140.675
3413,2024-03-01,2024-03-04,2024-03-04,228.86893394856136,236.2221527099609,0.032128514056224855,0.0,0.032128514056224855,FOREIGN_FLIP_SELL,1,676873.0,99000.0,0.08779256500453059,377748598.2072479
3413,2024-03-14,2024-03-15,2024-03-26,240.8179235387732,275.2861328125,0.14312975034093434,0.02255761383843513,0.1205721365024992,FOREIGN_FLIP_SELL,8,2033000.0,263000.0,0.07577460299962535,610685904.3570557
3413,2024-03-29,2024-04-01,2024-04-12,274.8265406959935,282.63934326171875,0.028428122502067943,0.025429326511254402,0.002998795990813541,FOREIGN_FLIP_SELL,8,1841149.0,29000.0,0.07940560192009394,873823877.4951782
3413,2024-04-17,2024-04-18,2024-04-18,279.8818729945592,270.23077392578125,-0.034482758620689835,0.0,-0.034482758620689835,FOREIGN_FLIP_SELL,1,669470.0,38000.0,0.02551321505439197,719097584.5240631
3413,2024-05-07,2024-05-08,2024-05-08,290.4521193092622,292.75,0.007911392405063333,0.0,0.007911392405063333,FOREIGN_FLIP_SELL,1,1543000.0,132000.0,0.07848108937914877,487538517.00163573
3413,2024-06-11,2024-06-12,2024-06-14,285.85639083079803,283.0989074707031,-0.009646393953553711,0.020670351175136936,-0.030316745128690648,FOREIGN_FLIP_SELL,3,835755.0,6000.0,0.01199274321724264,341290057.76065063
3413,2024-06-20,2024-06-21,2024-06-21,298.7244887024392,301.0223693847656,0.007692307692307665,0.0,0.007692307692307665,FOREIGN_FLIP_SELL,1,1064272.0,318000.0,0.06727405268601516,381329522.6026062
3413,2024-07-12,2024-07-15,2024-07-16,352.3562847199987,343.78546142578125,-0.024324309416045464,0.004936925783839197,-0.02926123519988466,FOREIGN_FLIP_SELL,2,1416513.0,91000.0,0.06594929701650343,997498313.0540711
3413,2025-05-08,2025-05-09,2025-05-09,285.6942888443845,281.40887451171875,-0.015000000000000013,0.0,-0.015000000000000013,FOREIGN_FLIP_SELL,1,452628.0,44000.0,0.1300190948250497,224528191.17219543
3413,2025-06-11,2025-06-12,2025-06-13,299.5028474418922,289.9797058105469,-0.031796497805226864,-0.009640740581055907,-0.022155757224170958,FOREIGN_FLIP_SELL,2,294376.0,47000.0,0.036073079606985026,221708548.31916046
3413,2025-09-09,2025-09-10,2025-09-10,303.5,300.0,-0.011532125205930832,0.0,-0.011532125205930832,FOREIGN_FLIP_SELL,1,744060.0,7000.0,0.03961689159773618,292308483.15000004
3413,2025-10-30,2025-10-31,2025-10-31,375.0,371.0,-0.010666666666666713,0.0,-0.010666666666666713,FOREIGN_FLIP_SELL,1,1686398.0,18000.0,0.12641188302645845,999971954.8000001
3413,2026-01-26,2026-01-27,2026-01-28,286.5,303.5,0.059336823734729593,0.015035014375913036,0.04430180935881656,FOREIGN_FLIP_SELL,2,252568.0,33000.0,0.017761989342806483,398771657.47499996
3416,2024-06-12,2024-06-13,2024-06-17,144.8849860513286,139.31248474121094,-0.03846155120685513,0.008268640703712027,-0.046730191910567154,FOREIGN_FLIP_SELL,3,233000.0,1000.0,0.011914508101091625,67539271.49100952
3443,2024-01-10,2024-01-11,2024-01-15,1756.6321194556451,1717.5958251953125,-0.0222222364193303,8.549288204973138e-05,-0.02230772930138003,FOREIGN_FLIP_SELL,3,1435394.0,179926.0,0.04069762021441159,4664303036.547559
3443,2024-04-29,2024-04-30,2024-05-03,1336.9921875,1312.5946044921875,-0.018248111870745265,-0.003249526790952695,-0.01499858507979257,FOREIGN_FLIP_SELL,3,977420.0,679000.0,0.08691303164648678,4224500917.660712
3443,2024-05-17,2024-05-20,2024-05-21,1405.305717572774,1400.4261474609375,-0.003472248102899922,-0.0016397830333553243,-0.0018324650695445976,FOREIGN_FLIP_SELL,2,639138.0,1012.0,0.09852126498373348,4124769449.136279
3443,2024-06-04,2024-06-05,2024-06-05,1537.2054458811313,1556.9132080078125,0.012820512820512775,0.0,0.012820512820512775,FOREIGN_FLIP_SELL,1,1181753.0,278000.0,0.0795084169433955,4105041647.2587523
3443,2024-12-16,2024-12-17,2024-12-18,1374.6163441051135,1409.10498046875,0.025089645202850397,0.006545316375484278,0.01854432882736612,FOREIGN_FLIP_SELL,2,1040148.0,566846.0,0.10213971225939789,3197846692.3929076
3443,2025-02-13,2025-02-14,2025-02-14,1325.3469825513434,1300.7122802734375,-0.018587360594795488,0.0,-0.018587360594795488,FOREIGN_FLIP_SELL,1,308504.0,111.0,0.031087106132560605,2489778989.781494
3443,2025-04-29,2025-04-30,2025-04-30,1029.7305896293826,1010.0228271484376,-0.019138755980861122,0.0,-0.019138755980861122,FOREIGN_FLIP_SELL,1,1024820.0,40000.0,0.05897853540698783,1902617509.2671814
3443,2025-06-26,2025-06-27,2025-06-27,1240.0,1305.0,0.05241935483870974,0.0,0.05241935483870974,FOREIGN_FLIP_SELL,1,2434350.0,326861.0,0.08086578921287302,1707267152.25
3443,2025-08-05,2025-08-06,2025-08-06,1290.0,1265.0,-0.019379844961240345,0.0,-0.019379844961240345,FOREIGN_FLIP_SELL,1,369162.0,29974.0,0.06361219063203105,1781131430.0000002
3443,2025-08-27,2025-08-28,2025-08-28,1350.0,1350.0,0.0,0.0,0.0,FOREIGN_FLIP_SELL,1,3249365.0,16000.0,0.09061423069126295,3333076645.5
3443,2025-10-02,2025-10-03,2025-10-03,1385.0,1375.0,-0.0072202166064981865,0.0,-0.0072202166064981865,FOREIGN_FLIP_SELL,1,2087146.0,18000.0,0.03700920533533725,3233198067.0
3443,2025-10-09,2025-10-13,2025-10-27,1450.0,1600.0,0.10344827586206895,0.03975018554869636,0.06369809031337259,FOREIGN_FLIP_SELL,10,2693158.0,141929.0,0.12284602556976099,4251930597.75
3443,2025-11-03,2025-11-04,2025-11-05,1615.0,1605.0,-0.006191950464396245,-0.014208708043573326,0.00801675757917708,FOREIGN_FLIP_SELL,2,707511.0,389401.0,0.049659524995847804,7126136777.000001
3443,2025-11-12,2025-11-13,2025-11-13,1880.0,1875.0,-0.0026595744680850686,0.0,-0.0026595744680850686,FOREIGN_FLIP_SELL,1,1438497.0,107000.0,0.1635802469135803,9645720964.75
3443,2025-11-24,2025-11-25,2025-11-25,2055.0,2175.0,0.058394160583941535,0.0,0.058394160583941535,FOREIGN_FLIP_SELL,1,410484.0,38996.0,0.12692088787706313,10339864722.0
3443,2025-12-03,2025-12-04,2025-12-05,2155.0,2220.0,0.030162412993039345,0.006662167696174004,0.02350024529686534,FOREIGN_FLIP_SELL,2,610515.0,5000.0,0.08224016145307766,10009482054.0
3443,2025-12-11,2025-12-12,2025-12-15,2210.0,2200.0,-0.004524886877828038,-0.011741252883312847,0.007216366005484809,FOREIGN_FLIP_SELL,2,502286.0,61958.0,0.05085968498256577,7999258452.25
3443,2026-01-09,2026-01-12,2026-01-12,2375.0,2435.0,0.025263157894736876,0.0,0.025263157894736876,FOREIGN_FLIP_SELL,1,946984.0,55812.0,0.08848233805085726,6589039349.75
3443,2026-02-25,2026-02-26,2026-03-02,2610.0,2645.0,0.013409961685823646,-0.00901886354995296,0.022428825235776606,FOREIGN_FLIP_SELL,2,876888.0,7000.0,0.005270349404645769,8216381713.75
3450,2024-01-16,2024-01-17,2024-01-17,60.5585092004109,59.4610710144043,-0.018121948517173192,0.0,-0.018121948517173192,FOREIGN_FLIP_SELL,1,2200000.0,33000.0,0.01784197540215371,232343573.02772656
3450,2024-03-04,2024-03-05,2024-03-05,77.81818350433184,79.6139907836914,0.023076962202023044,0.0,0.023076962202023044,FOREIGN_FLIP_SELL,1,4977173.0,1437000.0,0.14885634199011877,1172006393.1859555
3450,2024-05-14,2024-05-15,2024-05-23,68.24056243896484,79.4144515991211,0.16374262990798627,0.021762621622310574,0.1419800082856757,FOREIGN_FLIP_SELL,7,1441030.0,100000.0,0.058610096771753994,288269159.3496094
3450,2024-08-19,2024-08-20,2024-08-20,139.17482352687134,138.17715454101562,-0.007168458781362075,0.0,-0.007168458781362075,FOREIGN_FLIP_SELL,1,3287800.0,22000.0,0.09098146276352281,2750136607.239559
3450,2024-08-23,2024-08-26,2024-08-26,143.66432542067307,136.1818084716797,-0.05208333333333326,0.0,-0.05208333333333326,FOREIGN_FLIP_SELL,1,4899227.0,8000.0,0.11219890544932776,2822145931.2082176
3450,2024-11-04,2024-11-05,2024-11-07,235.44988549804685,250.9137420654297,0.06567791075655927,0.013071104305451442,0.052606806451107824,FOREIGN_FLIP_SELL,3,1736275.0,410000.0,0.05310532694909531,8488571679.343608
3450,2024-12-23,2024-12-24,2024-12-26,260.8904535202753,287.32867431640625,0.101338398701033,0.005480013073636769,0.09585838562739624,FOREIGN_FLIP_SELL,3,2202515.0,184000.0,0.04964541380930254,6957654458.643418
3450,2025-01-09,2025-01-10,2025-01-10,313.26807222836345,313.76690673828125,0.0015923566878981443,0.0,0.0015923566878981443,FOREIGN_FLIP_SELL,1,10207820.0,1501000.0,0.14769179195583026,9079758322.34304
3450,2025-09-23,2025-09-24,2025-09-30,278.5,272.0,-0.02333931777378817,-0.01436024265313407,-0.0089790751206541,FOREIGN_FLIP_SELL,4,2399819.0,1545000.0,0.303939962476548,4920838982.7
3450,2025-11-03,2025-11-04,2025-11-04,282.0,266.0,-0.05673758865248224,0.0,-0.05673758865248224,FOREIGN_FLIP_SELL,1,1984200.0,297000.0,0.04531554072838495,4724328981.3
3450,2026-02-04,2026-02-05,2026-02-05,262.5,254.0,-0.0323809523809524,0.0,-0.0323809523809524,FOREIGN_FLIP_SELL,1,2577905.0,170000.0,0.03350034384517153,2029699804.25
3450,2026-02-25,2026-02-26,2026-03-02,286.5,304.0,0.061082024432809856,-0.00901886354995296,0.07010088798276282,FOREIGN_FLIP_SELL,2,16180130.0,160000.0,0.10100713796812344,3181434545.9500003
3454,2025-02-07,2025-02-10,2025-02-10,138.44412740071613,136.48731994628906,-0.014134275618374437,0.0,-0.014134275618374437,FOREIGN_FLIP_SELL,1,289205.0,50000.0,0.15183250710019625,179999052.9434021
3481,2024-01-02,2024-01-03,2024-01-03,13.903864216507117,13.65907859802246,-0.017605581777333512,0.0,-0.017605581777333512,FOREIGN_FLIP_SELL,1,22157392.0,800000.0,0.09111575604517097,775659641.2391853
3481,2024-01-08,2024-01-09,2024-01-09,15.078838897791568,14.491350173950195,-0.03896113804408485,0.0,-0.03896113804408485,FOREIGN_FLIP_SELL,1,63011260.0,9618000.0,0.12263800886479959,1029995226.1599202
3481,2024-01-18,2024-01-19,2024-01-19,15.960069853271763,16.10694122314453,0.009202426507090689,0.0,0.009202426507090689,FOREIGN_FLIP_SELL,1,122187454.0,29279000.0,0.09674080313240752,1540578965.983049
3481,2024-01-25,2024-01-26,2024-01-29,16.302769834552446,16.596511840820312,0.018017920221464534,0.006924221152651233,0.0110936990688133,FOREIGN_FLIP_SELL,2,52472129.0,16740000.0,0.10417351945993558,2002916146.889019
3481,2024-02-05,2024-02-15,2024-02-15,16.253813980143097,15.176753997802734,-0.0662650614591862,0.0,-0.0662650614591862,FOREIGN_FLIP_SELL,1,27220277.0,794000.0,0.01880881719827543,1982957180.7432404
3481,2024-03-25,2024-03-26,2024-03-27,15.27466756309346,15.078839302062988,-0.012820459772468706,0.0036583082987935445,-0.01647876807126225,FOREIGN_FLIP_SELL,2,34589146.0,54769.0,0.03965344828801043,976963406.8176627
3481,2024-06-21,2024-06-24,2024-06-24,15.764241005636514,15.568410873413086,-0.012422426944209253,0.0,-0.012422426944209253,FOREIGN_FLIP_SELL,1,58096494.0,470906.0,0.12290805342127631,1248342687.5680304
3481,2024-07-05,2024-07-08,2024-07-08,14.78509521484375,14.78509521484375,0.0,0.0,0.0,FOREIGN_FLIP_SELL,1,62089624.0,175625.0,0.05465342995192901,2167120135.633264
3481,2024-09-19,2024-09-20,2024-09-23,14.40070835064383,14.632978439331056,0.016129073864400656,0.0056910052449301585,0.010438068619470497,FOREIGN_FLIP_SELL,2,98284811.0,6000.0,0.012305406849394629,1158579496.2143805
3481,2025-03-06,2025-03-07,2025-03-07,13.93616926947462,13.889715194702148,-0.0033333460489909372,0.0,-0.0033333460489909372,FOREIGN_FLIP_SELL,1,38412610.0,14000.0,0.0373443844962853,718030802.942685
3481,2025-03-18,2025-03-19,2025-03-25,14.958155430371336,14.772339820861816,-0.012422361191155695,0.014223477613951374,-0.02664583880510707,FOREIGN_FLIP_SELL,5,165592424.0,305000.0,0.0734463068686253,1068925646.7706151
3481,2025-04-22,2025-04-23,2025-04-23,13.61099167949013,13.378722190856934,-0.017064846860731953,0.0,-0.017064846860731953,FOREIGN_FLIP_SELL,1,5381096.0,10008620.0,0.00017302097951765738,936136204.433398
3481,2025-07-29,2025-07-30,2025-07-31,11.800000190734863,11.550000190734863,-0.021186440335509094,0.0034438577266941994,-0.024630298062203293,FOREIGN_FLIP_SELL,2,19378847.0,7200.0,0.01872005812422861,552960885.3155624
3481,2025-08-12,2025-08-13,2025-08-22,12.25,13.199999809265137,0.0775510048379704,-0.024848105983193647,0.10239911082116404,FOREIGN_FLIP_SELL,8,31241659.0,2340000.0,0.05445115640945075,678730974.4487162
3481,2025-09-25,2025-09-26,2025-09-26,14.649999618530272,14.399999618530272,-0.017064846860731953,0.0,-0.017064846860731953,FOREIGN_FLIP_SELL,1,44419440.0,8300.0,0.07363077264953244,1127682152.4729931
3481,2025-10-08,2025-10-09,2025-10-13,15.449999809265137,15.25,-0.012944971633281122,-0.013863493889187506,0.0009185222559063844,FOREIGN_FLIP_SELL,2,81741869.0,72000.0,0.077738519532903,1290077292.575
3481,2025-12-01,2025-12-02,2025-12-10,13.75,13.850000381469728,0.007272755015980348,0.03034584089201764,-0.02307308587603729,FOREIGN_FLIP_SELL,7,16495822.0,630000.0,0.04094912528940986,608810944.9166867
3481,2026-02-26,2026-03-02,2026-03-03,25.5,25.950000762939453,0.017647088742723582,-0.021981462640061733,0.039628551382785315,FOREIGN_FLIP_SELL,2,251313497.0,98735.0,0.1602987130539144,14756444122.89516
3501,2024-08-16,2024-08-19,2024-08-19,69.7115659214102,67.7544174194336,-0.02807494676253597,0.0,-0.02807494676253597,FOREIGN_FLIP_SELL,1,506000.0,2000.0,0.06234384453265518,38619527.26038322
3515,2024-01-22,2024-01-23,2024-01-23,236.0976283861244,229.44699096679688,-0.028169014084507338,0.0,-0.028169014084507338,FOREIGN_FLIP_SELL,1,743000.0,17000.0,0.017994871483789643,318346027.9694519
3515,2024-04-09,2024-04-10,2024-04-10,249.87395369150104,244.64845275878903,-0.020912547528517123,0.0,-0.020912547528517123,FOREIGN_FLIP_SELL,1,353506.0,5000.0,0.005285913792518526,391847097.7366699
3515,2024-09-16,2024-09-18,2024-09-18,198.1007944107056,195.6551055908203,-0.012345679012345845,0.0,-0.012345679012345845,FOREIGN_FLIP_SELL,1,410000.0,2117.0,0.013254028826964692,129132993.4500763
3515,2024-09-26,2024-09-27,2024-09-30,204.45959365199988,202.013900756836,-0.01196174193384425,-0.026212834827579523,0.014251092893735273,FOREIGN_FLIP_SELL,2,81998.0,8000.0,0.023882459704745118,80119168.76228027
3515,2024-10-22,2024-10-23,2024-10-24,204.9487294324388,202.9921722412109,-0.009546569020682183,-0.006095637401184573,-0.0034509316194976103,FOREIGN_FLIP_SELL,2,210000.0,10383.0,0.0036187990968390427,67547563.43158035
3515,2024-11-25,2024-11-26,2024-11-29,234.78612585126007,230.8730316162109,-0.0166666331788623,-0.018354608890735702,0.0016879757118734018,FOREIGN_FLIP_SELL,4,1052003.0,5000.0,0.07302869590020888,363068208.1648865
3515,2025-01-06,2025-01-07,2025-01-13,245.5471619010672,215.7097625732422,-0.12151392464412492,-0.04917027610667701,-0.0723436485374479,FOREIGN_FLIP_SELL,5,723784.0,7000.0,0.040643612419970054,225379846.01053163
3515,2025-05-29,2025-06-02,2025-06-02,210.3292357246831,207.3944091796875,-0.013953488372093092,0.0,-0.013953488372093092,FOREIGN_FLIP_SELL,1,392282.0,13000.0,0.06607164723779957,137242646.78857118
3515,2025-07-01,2025-07-02,2025-07-08,299.5,274.0,-0.08514190317195325,-0.009543501736145488,-0.07559840143580776,FOREIGN_FLIP_SELL,5,2486282.0,291000.0,0.2967062201670332,532825715.1
3528,2025-04-24,2025-04-25,2025-04-25,76.4000015258789,81.5999984741211,0.06806278592129078,0.0,0.06806278592129078,FOREIGN_FLIP_SELL,1,1982111.0,68000.0,0.10342771438166687,341913619.3274986
3530,2024-08-19,2024-08-20,2024-08-21,91.4000015258789,93.0,0.017505453472755894,-0.008525040581436327,0.02603049405419222,FOREIGN_FLIP_SELL,2,94000.0,10000.0,0.01717676238650534,20720705.342824936
3530,2026-01-19,2026-01-20,2026-01-20,78.30000305175781,77.0,-0.0166028480343543,0.0,-0.0166028480343543,FOREIGN_FLIP_SELL,1,152000.0,37000.0,0.03565934687676853,89945102.13319549
3532,2024-03-22,2024-03-25,2024-03-25,160.07782127743675,159.130615234375,-0.00591715976331364,0.0,-0.00591715976331364,FOREIGN_FLIP_SELL,1,369527.0,62000.0,0.04202199859012867,260004236.27574465
3532,2024-04-02,2024-04-03,2024-04-16,158.18342132568358,156.28900146484375,-0.011976096135507208,-0.021420358362949754,0.009444262227442546,FOREIGN_FLIP_SELL,8,895027.0,11000.0,0.025171605278481834,268878441.469397
3532,2024-04-26,2024-04-29,2024-04-30,169.54989245706352,167.18186950683594,-0.01396652581674307,-0.0048264169017123715,-0.009140108915030698,FOREIGN_FLIP_SELL,2,827000.0,20000.0,0.036102118901989666,221939390.25836408
3532,2024-06-20,2024-06-21,2024-06-21,168.60267422391843,170.0234832763672,0.008426966292134797,0.0,0.008426966292134797,FOREIGN_FLIP_SELL,1,559288.0,133000.0,0.04172742600604784,193023532.67931214
3532,2024-07-05,2024-07-08,2024-07-09,174.28592220767513,170.49708557128906,-0.02173920066746049,0.0009183997563149138,-0.022657600423775404,FOREIGN_FLIP_SELL,2,886305.0,126000.0,0.05113639002921522,342651218.22759706
3532,2026-01-05,2026-01-06,2026-01-09,104.0,110.5,0.0625,-0.009397469164294847,0.07189746916429485,FOREIGN_FLIP_SELL,4,516213.0,14000.0,0.03453681295486266,156083246.54999998
3533,2024-05-06,2024-05-07,2024-05-07,1413.4669189453125,1413.4669189453125,0.0,0.0,0.0,FOREIGN_FLIP_SELL,1,313215.0,9276.0,0.02076130206809501,2148660656.2333984
3533,2024-05-22,2024-05-23,2024-05-24,1594.9254576725748,1642.677734375,0.029940130726929803,-0.0019479338523243905,0.031888064579254194,FOREIGN_FLIP_SELL,2,641514.0,166648.0,0.11259162349507679,1839548676.7965086
3533,2024-06-19,2024-06-20,2024-06-21,1657.003423549107,1618.8016357421875,-0.023054742835169173,-0.006524324296809936,-0.016530418538359237,FOREIGN_FLIP_SELL,2,303791.0,18346.0,0.053430458173582496,1490849471.486206
3533,2024-07-12,2024-07-15,2024-07-23,1585.3750369910038,1413.4669189453125,-0.10843372327343315,-0.04219206702441114,-0.06624165624902201,FOREIGN_FLIP_SELL,7,316608.0,223373.0,0.019186545889090523,1350676981.6865845
3533,2024-10-25,2024-10-28,2024-10-28,1719.7622445913462,1705.18798828125,-0.008474576271186418,0.0,-0.008474576271186418,FOREIGN_FLIP_SELL,1,867462.0,179121.0,0.1060487286829166,2564408965.051538
3533,2024-11-01,2024-11-04,2024-11-06,1622.600601196289,1680.8975830078125,0.035928115500846625,0.010972608238619896,0.024955507262226728,FOREIGN_FLIP_SELL,3,334447.0,3121.0,0.020938423587365307,2461132984.540039
3533,2025-06-04,2025-06-05,2025-06-12,1282.534540042666,1345.689697265625,0.04924246111988362,0.028300196768441532,0.020942264351442086,FOREIGN_FLIP_SELL,6,806217.0,16893.0,0.01826657556338973,1851052930.4608397
3533,2025-08-08,2025-08-11,2025-08-11,1500.0,1475.0,-0.01666666666666672,0.0,-0.01666666666666672,FOREIGN_FLIP_SELL,1,492091.0,2000.0,0.05060797786817939,1026623825.5
3533,2025-09-16,2025-09-17,2025-09-18,1620.0,1660.0,0.024691358024691468,0.013016200996530891,0.011675157028160577,FOREIGN_FLIP_SELL,2,175747.0,1050.0,0.09920027224774541,1341654224.75
3533,2025-09-24,2025-09-25,2025-09-25,1565.0,1560.0,-0.0031948881789137795,0.0,-0.0031948881789137795,FOREIGN_FLIP_SELL,1,253910.0,13000.0,0.022893326838772543,1174221641.25
3533,2025-12-08,2025-12-09,2025-12-10,1290.0,1345.0,0.04263565891472876,0.007739912655269743,0.034895746259459015,FOREIGN_FLIP_SELL,2,86228.0,643.0,0.025227043390514625,1219705968.0
3533,2025-12-17,2025-12-18,2025-12-18,1305.0,1285.0,-0.01532567049808431,0.0,-0.01532567049808431,FOREIGN_FLIP_SELL,1,355142.0,54823.0,0.037066246056782326,1192262831.25
3533,2026-01-08,2026-01-09,2026-01-09,1440.0,1410.0,-0.02083333333333337,0.0,-0.02083333333333337,FOREIGN_FLIP_SELL,1,451701.0,215300.0,0.07580398162327717,1152341730.25
3533,2026-01-26,2026-01-27,2026-02-04,1500.0,1670.0,0.11333333333333329,-0.000869776738971817,0.1142031100723051,FOREIGN_FLIP_SELL,7,1464188.0,219000.0,0.08088369545371554,1931232611.9999998
3533,2026-02-10,2026-02-11,2026-02-25,1635.0,1795.0,0.09785932721712531,0.05378131646616047,0.04407801075096485,FOREIGN_FLIP_SELL,4,743807.0,14000.0,0.09280430396772021,2950609025.0
3533,2026-03-20,2026-03-23,2026-03-25,2010.0,2150.0,0.06965174129353224,0.021899591259836537,0.047752150033695706,FOREIGN_FLIP_SELL,3,1128708.0,474154.0,0.20320466132556447,4219691726.25
3533,2026-04-01,2026-04-02,2026-04-14,2180.0,2225.0,0.020642201834862428,0.11432034521142898,-0.09367814337656655,FOREIGN_FLIP_SELL,7,993405.0,63950.0,0.11812680873454351,4712789618.75
3545,2024-09-27,2024-09-30,2024-10-07,82.19999694824219,86.5,0.05231147459123808,0.02150872434432527,0.030802750246912813,FOREIGN_FLIP_SELL,4,875510.0,12397.0,0.05507247824026651,71016502.78810844
3545,2024-10-15,2024-10-16,2024-10-16,87.0,86.9000015258789,-0.0011494077485183496,0.0,-0.0011494077485183496,FOREIGN_FLIP_SELL,1,1255840.0,17678.0,0.07210219732457013,192002462.83954582
3545,2024-10-23,2024-10-24,2024-10-24,87.80000305175781,87.0,-0.009111651753431205,0.0,-0.009111651753431205,FOREIGN_FLIP_SELL,1,982988.0,3759.0,0.030239112216043917,198398029.8540428
3545,2024-11-07,2024-11-08,2024-11-08,89.30000305175781,87.0,-0.025755912353381927,0.0,-0.025755912353381927,FOREIGN_FLIP_SELL,1,1401990.0,285937.0,0.029829138109852105,126194036.67099342
3545,2024-11-19,2024-11-20,2024-11-26,89.19999694824219,89.69999694824219,0.005605381357693506,-0.000423107251447119,0.006028488609140625,FOREIGN_FLIP_SELL,5,1610000.0,63536.0,0.034063964223183696,118577627.53388251
3545,2024-12-02,2024-12-03,2024-12-06,88.30000305175781,88.0,-0.0033975429375915356,0.007200472262227642,-0.010598015199819177,FOREIGN_FLIP_SELL,4,760900.0,2730.0,0.009662134507144371,143010362.64761582
3545,2025-02-19,2025-02-20,2025-02-20,78.0999984741211,77.5999984741211,-0.006402048780649872,0.0,-0.006402048780649872,FOREIGN_FLIP_SELL,1,314000.0,11862.0,0.037905552050299995,61348942.64668236
3563,2024-04-30,2024-05-02,2024-05-02,445.201707820481,429.127685546875,-0.03610503282275712,0.0,-0.03610503282275712,FOREIGN_FLIP_SELL,1,880050.0,38000.0,0.13792474714204372,940719843.1107421
3563,2025-03-04,2025-03-05,2025-03-12,476.3289675479299,564.0607299804688,0.1841831347863827,-0.025950664592273576,0.21013379937865628,FOREIGN_FLIP_SELL,6,923979.0,1000.0,0.19624073329761393,396472140.2829346
3563,2025-08-29,2025-09-01,2025-09-04,630.0,600.0,-0.04761904761904767,0.004491540014763817,-0.05211058763381149,FOREIGN_FLIP_SELL,4,2338437.0,19000.0,0.28454220566769006,1130663823.3
3563,2025-12-12,2025-12-15,2025-12-15,519.0,511.0,-0.015414258188824692,0.0,-0.015414258188824692,FOREIGN_FLIP_SELL,1,1564431.0,5000.0,0.11064278187565857,525849559.0
3563,2026-03-03,2026-03-04,2026-03-05,622.0,681.0,0.094855305466238,0.025710975461891383,0.06914433000434661,FOREIGN_FLIP_SELL,2,2406705.0,196000.0,0.20175050400747407,863968572.35
3563,2026-04-08,2026-04-09,2026-04-10,850.0,922.0,0.08470588235294119,0.01596814237549693,0.06873773997744426,FOREIGN_FLIP_SELL,2,292433.0,156932.0,0.14526659412404785,2906193901.4
3583,2024-02-15,2024-02-16,2024-02-19,239.64047833067,236.7120819091797,-0.012219957337297305,0.0015343901570623597,-0.013754347494359664,FOREIGN_FLIP_SELL,2,1991250.0,10000.0,0.12276654140015308,871368605.0963633
3583,2024-02-27,2024-02-29,2024-02-29,264.0438132411085,260.6273498535156,-0.012939001848428777,0.0,-0.012939001848428777,FOREIGN_FLIP_SELL,1,3122912.0,6000.0,0.1323561326937941,1673699423.1860168
3583,2024-07-01,2024-07-02,2024-07-03,388.4978808327015,368.7521057128906,-0.05082595322653516,0.012808943510362658,-0.06363489673689782,FOREIGN_FLIP_SELL,2,3106160.0,580000.0,0.13004158482822992,1396060280.6107972
3583,2024-08-01,2024-08-02,2024-08-02,396.88981254218953,388.4978637695313,-0.021144278606965106,0.0,-0.021144278606965106,FOREIGN_FLIP_SELL,1,1405090.0,423000.0,0.012704189201964144,2877805649.6249084
3583,2024-10-07,2024-10-08,2024-10-11,488.7076104205588,481.7966003417969,-0.014141400566311302,0.012836450655055565,-0.026977851221366866,FOREIGN_FLIP_SELL,3,3141689.0,355000.0,0.16815210365390154,3283724873.762732
3583,2025-09-24,2025-09-25,2025-09-26,425.0,378.0,-0.11058823529411765,-0.01704318552145412,-0.09354504977266354,FOREIGN_FLIP_SELL,2,3630024.0,540000.0,0.12845614499272395,906453671.5
3583,2026-03-16,2026-03-17,2026-03-27,415.0,497.5,0.1987951807228916,-0.02139639041615704,0.22019157113904864,FOREIGN_FLIP_SELL,9,989744.0,1000.0,0.1550238553015737,753717184.4250001
3592,2024-02-19,2024-02-20,2024-02-21,394.4769587822518,399.0007934570313,0.011467931330500392,-0.004097955157141175,0.015565886487641567,FOREIGN_FLIP_SELL,2,1863500.0,9000.0,0.10877461475837813,159474532.40512392
3592,2024-03-19,2024-03-20,2024-03-20,452.3818276145242,437.9056091308594,-0.03200000000000003,0.0,-0.03200000000000003,FOREIGN_FLIP_SELL,1,451291.0,467000.0,0.06444370129183885,520106662.98724824
3592,2024-06-13,2024-06-14,2024-06-17,387.2388395715932,384.9769287109375,-0.005841126017106291,-0.0003639861324233884,-0.005477139884682902,FOREIGN_FLIP_SELL,2,1418478.0,4598.0,0.03187566937243358,395652316.0386474
3592,2024-10-15,2024-10-16,2024-10-17,329.7678314336318,338.2234191894531,0.025641032720085333,0.001862561878152258,0.023778470841933075,FOREIGN_FLIP_SELL,2,54253.0,3677.0,0.04090309556631455,90983525.08447266
3592,2024-11-21,2024-11-22,2024-11-22,346.2092426456817,342.92095947265625,-0.009497964721845165,0.0,-0.009497964721845165,FOREIGN_FLIP_SELL,1,327792.0,1000.0,0.05217137134971872,104261890.80139008
3592,2024-11-27,2024-11-28,2024-12-11,335.87464750949954,355.13458251953125,0.05734262812880808,0.027119295487962436,0.030223332640845646,FOREIGN_FLIP_SELL,10,94637.0,916.0,0.03331169338340012,117596000.82997742
3592,2025-02-05,2025-02-06,2025-02-07,379.0921025888746,368.7574768066406,-0.027261516955002008,0.006933683495169651,-0.03419520045017166,FOREIGN_FLIP_SELL,2,406002.0,2032.0,0.030174919398804345,231133828.9276169
3592,2025-04-28,2025-04-29,2025-04-29,308.6288780513868,309.0986328125,0.0015220700152207556,0.0,0.0015220700152207556,FOREIGN_FLIP_SELL,1,131829.0,1000.0,0.014976311020175936,86694914.63085938
3592,2025-05-27,2025-05-28,2025-05-28,324.1307966243586,317.5542297363281,-0.020289855072463836,0.0,-0.020289855072463836,FOREIGN_FLIP_SELL,1,30748.0,9233.0,0.026678677191820377,65436335.201516725
3592,2025-06-16,2025-06-17,2025-06-17,345.7394975511442,338.69317626953125,-0.020380434782608647,0.0,-0.020380434782608647,FOREIGN_FLIP_SELL,1,120957.0,30000.0,0.05444618958651315,86014908.31479493
3592,2025-07-11,2025-07-14,2025-07-18,350.5,359.0,0.024251069900142586,0.03396688708262863,-0.009715817182486042,FOREIGN_FLIP_SELL,5,228076.0,26575.0,0.022516502584747577,139943846.4
3592,2025-12-29,2025-12-30,2025-12-30,230.5,232.5,0.008676789587852562,0.0,0.008676789587852562,FOREIGN_FLIP_SELL,1,1814007.0,3000.0,0.044640833899841414,272984273.27500004
3592,2026-01-20,2026-01-21,2026-01-21,240.0,232.5,-0.03125,0.0,-0.03125,FOREIGN_FLIP_SELL,1,378044.0,40234.0,0.07107218095132506,278865664.875
3592,2026-04-01,2026-04-02,2026-04-02,227.0,218.0,-0.03964757709251099,0.0,-0.03964757709251099,FOREIGN_FLIP_SELL,1,165404.0,29000.0,0.03353238401469927,105809838.75
3596,2024-03-14,2024-03-15,2024-03-18,176.80386624437696,173.11082458496094,-0.020887787907938216,0.010026653594563673,-0.030914441502501888,FOREIGN_FLIP_SELL,2,2329395.0,654151.0,0.06730501519435927,436010245.1198159
3596,2024-10-22,2024-10-23,2024-10-23,151.49765380474295,152.94508361816406,0.009554140127388422,0.0,0.009554140127388422,FOREIGN_FLIP_SELL,1,671600.0,5936.0,0.05544424174590157,160290702.25978088
3596,2024-11-07,2024-11-08,2024-11-22,172.24415226305945,161.14718627929688,-0.06442579233003365,-0.027578047416529472,-0.03684774491350418,FOREIGN_FLIP_SELL,11,4536700.0,20705.0,0.13225500325934014,291955781.96977615
3596,2024-12-26,2024-12-27,2024-12-30,173.69159125741413,171.7616729736328,-0.011111178553952827,-0.003672522989560889,-0.007438655564391938,FOREIGN_FLIP_SELL,2,646850.0,26274.0,0.040278164065335575,250840821.722229
3596,2025-02-04,2025-02-05,2025-02-12,183.8235984066416,187.200927734375,0.018372664647018366,0.005533729626505446,0.01283893502051292,FOREIGN_FLIP_SELL,6,1036365.0,208000.0,0.06651695090078125,327831065.8182495
3596,2025-02-20,2025-02-21,2025-02-24,183.3411200841268,184.3060760498047,0.0052631726327139194,-0.006950599050789652,0.012213771683503571,FOREIGN_FLIP_SELL,2,517878.0,20000.0,0.019430393288163428,254229722.37014008
3596,2025-03-04,2025-03-05,2025-03-24,196.8504656193929,211.80723571777344,0.07598036434061162,-0.03345851252214593,0.10943887686275755,FOREIGN_FLIP_SELL,14,2246805.0,211000.0,0.07026885829667417,287172457.2682266
3596,2025-03-27,2025-03-28,2025-04-10,225.3165784610932,189.61331176757807,-0.15845823213439325,-0.1204867151025073,-0.03797151703188595,FOREIGN_FLIP_SELL,8,932950.0,312000.0,0.10141512545964582,529741348.8029755
3596,2025-04-29,2025-04-30,2025-05-12,226.2815283112607,218.56190490722656,-0.03411512844926268,0.04420600299121591,-0.07832113144047859,FOREIGN_FLIP_SELL,8,937379.0,9000.0,0.07984439547351885,524604409.84798044
3596,2025-07-25,2025-07-28,2025-07-28,218.5,221.5,0.013729977116704761,0.0,0.013729977116704761,FOREIGN_FLIP_SELL,1,238795.0,180000.0,0.09049887189771888,390076571.25
3596,2025-08-22,2025-08-25,2025-08-25,234.5,239.0,0.019189765458422103,0.0,0.019189765458422103,FOREIGN_FLIP_SELL,1,642672.0,58000.0,0.0063443447823232635,269492495.0
3605,2025-03-19,2025-03-20,2025-03-20,68.0,68.80000305175781,0.01176475076114425,0.0,0.01176475076114425,FOREIGN_FLIP_SELL,1,5922000.0,1100000.0,0.06623321041451824,482284563.1818924
3605,2025-05-15,2025-05-16,2025-05-19,56.59999847412109,55.09999847412109,-0.026501767498913198,-0.014643102104449635,-0.011858665394463563,FOREIGN_FLIP_SELL,2,1570328.0,6000.0,0.15310173474728428,244471909.28928372
3605,2025-08-06,2025-08-07,2025-08-11,65.0,67.30000305175781,0.035384662334735584,0.005487907579620144,0.02989675475511544,FOREIGN_FLIP_SELL,3,2300496.0,26000.0,0.07363260339245392,411338506.125
3607,2024-01-23,2024-01-24,2024-01-29,16.20130575965831,16.01667594909668,-0.011395983342365135,0.013638571198343552,-0.025034554540708687,FOREIGN_FLIP_SELL,4,815000.0,33000.0,0.055834466560236384,17071943.453174688
3607,2024-02-01,2024-02-02,2024-02-05,15.970518852985714,16.339778900146484,0.023121355702963697,0.002001149817599579,0.02112020588536412,FOREIGN_FLIP_SELL,2,279000.0,1000.0,0.032567968570969,18875546.476515196
3617,2024-06-27,2024-06-28,2024-06-28,273.3341676880713,269.6652526855469,-0.01342281879194629,0.0,-0.01342281879194629,FOREIGN_FLIP_SELL,1,1121768.0,20000.0,0.05460396432775072,320675329.2028564
3617,2024-11-13,2024-11-14,2024-11-14,304.68817877313893,297.1182861328125,-0.024844720496894346,0.0,-0.024844720496894346,FOREIGN_FLIP_SELL,1,544523.0,2000.0,0.0341194492811141,175722642.27935028
3617,2024-11-21,2024-11-22,2024-11-29,306.5806409215635,336.8601989746094,0.09876539484693914,-0.02802180129090004,0.12678719613783918,FOREIGN_FLIP_SELL,6,347600.0,12000.0,0.02926982101826292,190974782.67046812
3617,2024-12-10,2024-12-11,2024-12-12,327.8709554672241,338.752685546875,0.033189063862470336,0.0062509705449778075,0.02693809331749253,FOREIGN_FLIP_SELL,2,179013.0,8000.0,0.020724284015396277,401065715.0990173
3617,2024-12-30,2024-12-31,2025-01-03,369.0322699233832,351.05377197265625,-0.04871795616805963,-0.0055045921344049065,-0.04321336403365472,FOREIGN_FLIP_SELL,3,899932.0,7000.0,0.06936420264462018,335919663.846405
3617,2025-06-26,2025-06-27,2025-06-27,254.537638587124,239.8709716796875,-0.05762081784386619,0.0,-0.05762081784386619,FOREIGN_FLIP_SELL,1,378109.0,207000.0,0.019691943291645364,150046601.51121825
3622,2024-09-23,2024-09-24,2024-09-26,69.35767364501953,70.7808837890625,0.020519865636311918,0.019036887103266453,0.0014829785330454648,FOREIGN_FLIP_SELL,3,452000.0,41000.0,0.10905747022667178,66617597.263107106
3653,2024-02-23,2024-02-26,2024-02-27,836.1773108643912,885.3063354492188,0.05875431436191558,-0.00494196611994846,0.06369628048186404,FOREIGN_FLIP_SELL,2,608019.0,20000.0,0.09608351581952368,1182032448.4762392
3653,2024-03-12,2024-03-13,2024-03-14,987.4949169449986,895.1322021484375,-0.09353234453327874,0.00047219568149703406,-0.09400454021477578,FOREIGN_FLIP_SELL,2,343773.0,321000.0,0.10573984633530076,1703875149.1354675
3653,2024-04-01,2024-04-02,2024-04-02,922.6444482749948,877.4456787109375,-0.04898828541001077,0.0,-0.04898828541001077,FOREIGN_FLIP_SELL,1,120464.0,4000.0,0.0036229832784444582,1311273641.663397
3653,2024-04-12,2024-04-15,2024-04-15,895.1321619578771,880.3934326171875,-0.016465422612513825,0.0,-0.016465422612513825,FOREIGN_FLIP_SELL,1,132847.0,80000.0,0.017136590471368063,1106906294.2218874
3653,2024-05-09,2024-05-10,2024-05-10,967.8432492136702,925.5922241210938,-0.04365482233502538,0.0,-0.04365482233502538,FOREIGN_FLIP_SELL,1,1567844.0,101000.0,0.06313735890615413,1240928690.5229402
3653,2024-05-21,2024-05-22,2024-05-22,921.6618872621004,914.7838134765624,-0.007462686567164201,0.0,-0.007462686567164201,FOREIGN_FLIP_SELL,1,132445.0,20000.0,0.005808965741917804,1161547554.0096283
3653,2024-05-31,2024-06-03,2024-06-06,1021.8852899861452,971.7735595703124,-0.049038508438175255,0.016991388542536345,-0.0660298969807116,FOREIGN_FLIP_SELL,4,473297.0,1000.0,0.07891170118763857,1203831206.8009186
3653,2024-06-13,2024-06-14,2024-06-18,1036.6240477385345,997.3207397460938,-0.037914717566299494,0.011229154438691102,-0.049143872004990596,FOREIGN_FLIP_SELL,3,210692.0,24865.0,0.05458742567337915,825553833.449231
3653,2024-06-28,2024-07-01,2024-07-01,1179.098432491987,1149.6209716796875,-0.02499999999999991,0.0,-0.02499999999999991,FOREIGN_FLIP_SELL,1,1044138.0,147000.0,0.15712839843253779,952953979.6305054
3653,2024-08-30,2024-09-02,2024-09-05,1351.6717372552894,1203.1363525390625,-0.10989013132570447,-0.047105193602703266,-0.0627849377230012,FOREIGN_FLIP_SELL,4,361947.0,192000.0,0.09318277535339758,1933772563.6193848
3653,2024-09-18,2024-09-19,2024-09-27,1361.5740512279754,1297.208740234375,-0.04727272155014306,0.03539040056949161,-0.08266312211963467,FOREIGN_FLIP_SELL,7,389911.0,36000.0,0.059934497105446294,1238612858.9206238
3653,2024-10-07,2024-10-08,2024-10-09,1386.329997859589,1440.79296875,0.03928571911052825,0.002109089790889307,0.03717662931963894,FOREIGN_FLIP_SELL,2,289728.0,14000.0,0.06777734688149906,1250652254.151947
3653,2024-10-17,2024-10-18,2024-10-23,1480.4023569023568,1465.548828125,-0.010033440373897307,-0.006493294821779294,-0.0035401455521180125,FOREIGN_FLIP_SELL,4,198883.0,21000.0,0.06352604760658775,1401716089.7410157
3653,2024-10-29,2024-10-30,2024-11-01,1445.744120762712,1406.1346435546875,-0.027397294333888267,-0.0017681353912938347,-0.025629158942594432,FOREIGN_FLIP_SELL,2,141903.0,19400.0,0.00846142415598905,1237965985.3923829
3653,2025-05-06,2025-05-07,2025-05-07,1074.40566486484,1054.6009521484375,-0.018433179723502224,0.0,-0.018433179723502224,FOREIGN_FLIP_SELL,1,417417.0,187176.0,0.13290220964805055,1455568926.2735777
3653,2025-06-17,2025-06-18,2025-06-25,1520.0118207377773,1470.5,-0.03257331295867516,0.0033045487735010592,-0.03587786173217622,FOREIGN_FLIP_SELL,6,636109.0,291793.0,0.11654888149392861,2017481003.1388733
3653,2025-07-16,2025-07-17,2025-07-17,1480.0,1460.0,-0.013513513513513487,0.0,-0.013513513513513487,FOREIGN_FLIP_SELL,1,471757.0,89863.0,0.009174312310891608,1695522968.4
3653,2025-07-31,2025-08-04,2025-08-04,1350.0,1300.0,-0.03703703703703709,0.0,-0.03703703703703709,FOREIGN_FLIP_SELL,1,435574.0,67711.0,0.008135943907773058,1362358296.0
3653,2025-08-19,2025-08-20,2025-08-21,1640.0,1570.0,-0.04268292682926833,0.014251223005524505,-0.056934149834792835,FOREIGN_FLIP_SELL,2,1279692.0,46600.0,0.14859020930634848,2585667128.0
3653,2025-12-04,2025-12-05,2025-12-08,2910.0,3020.0,0.037800687285223455,0.011539613810094718,0.026261073475128738,FOREIGN_FLIP_SELL,2,324931.0,9999.0,0.08672324651253538,5860928480.25
3653,2025-12-12,2025-12-15,2025-12-15,2905.0,2915.0,0.0034423407917383297,0.0,0.0034423407917383297,FOREIGN_FLIP_SELL,1,668062.0,51000.0,0.08534154738177202,5546401415.25
3653,2026-02-10,2026-02-11,2026-02-11,3320.0,3205.0,-0.034638554216867457,0.0,-0.034638554216867457,FOREIGN_FLIP_SELL,1,1260518.0,25000.0,0.20579501484747587,6721312867.5
3653,2026-03-02,2026-03-03,2026-03-03,3060.0,3040.0,-0.006535947712418277,0.0,-0.006535947712418277,FOREIGN_FLIP_SELL,1,622945.0,8000.0,0.021383647798742134,5878464002.25
3653,2026-03-09,2026-03-10,2026-03-10,3450.0,3495.0,0.01304347826086949,0.0,0.01304347826086949,FOREIGN_FLIP_SELL,1,1164270.0,128018.0,0.03280285807080219,6076153200.0
3653,2026-03-18,2026-03-19,2026-03-20,3905.0,3850.0,-0.014084507042253502,-0.00432775801380203,-0.009756749028451472,FOREIGN_FLIP_SELL,2,790571.0,198719.0,0.21656732385755761,8007991437.0
3661,2024-02-01,2024-02-02,2024-02-16,3955.819161638861,4143.95556640625,0.047559404785694426,0.030305783132634323,0.017253621653060103,FOREIGN_FLIP_SELL,4,722002.0,8261.0,0.06501712408731364,7051286274.831128
3661,2024-07-11,2024-07-12,2024-07-12,2822.0487233107,2836.901611328125,0.0052631578947368585,0.0,0.0052631578947368585,FOREIGN_FLIP_SELL,1,2303660.0,75000.0,0.10284300106973387,8023751998.920045
3661,2024-08-22,2024-08-23,2024-08-23,2574.5005921904426,2628.961181640625,0.02115384615384608,0.0,0.02115384615384608,FOREIGN_FLIP_SELL,1,663975.0,75000.0,0.09606164593248878,6156840833.412133
3661,2024-11-06,2024-11-07,2024-11-07,2435.0,2410.0,-0.010266940451745366,0.0,-0.010266940451745366,FOREIGN_FLIP_SELL,1,1602794.0,257000.0,0.21151187633530233,6558157793.0
3661,2024-12-13,2024-12-16,2024-12-19,2985.0,3345.0,0.12060301507537696,-0.004672346182052256,0.12527536125742922,FOREIGN_FLIP_SELL,4,1467660.0,193000.0,0.20169895369315238,8193376815.0
3661,2025-01-07,2025-01-08,2025-01-08,3165.0,3075.0,-0.028436018957345932,0.0,-0.028436018957345932,FOREIGN_FLIP_SELL,1,631388.0,1000.0,0.025476686428457018,10508220640.0
3661,2025-02-06,2025-02-07,2025-02-10,3375.0,3480.0,0.03111111111111109,-0.009631412824059216,0.040742523935170305,FOREIGN_FLIP_SELL,2,1042723.0,18094.0,0.09005124867810954,9222191550.0
3661,2025-06-18,2025-06-19,2025-06-20,2830.0,2800.0,-0.010600706713780883,0.0019197052457564645,-0.012520411959537348,FOREIGN_FLIP_SELL,2,891776.0,19902.0,0.0011599892924065713,6002236894.5
3661,2025-07-01,2025-07-02,2025-07-02,3140.0,3190.0,0.015923566878981,0.0,0.015923566878981,FOREIGN_FLIP_SELL,1,928538.0,79035.0,0.12395235994706666,7782442395.0
3661,2025-07-18,2025-07-21,2025-07-21,3880.0,3780.0,-0.02577319587628868,0.0,-0.02577319587628868,FOREIGN_FLIP_SELL,1,1582403.0,274200.0,0.2120277563608326,11245813293.0
3661,2025-08-15,2025-08-18,2025-08-19,4255.0,4035.0,-0.051703877790834296,-0.005269863303297595,-0.0464340144875367,FOREIGN_FLIP_SELL,2,722090.0,28300.0,0.10490856592877762,9463854345.75
3661,2026-01-26,2026-01-27,2026-01-27,3550.0,3430.0,-0.033802816901408406,0.0,-0.033802816901408406,FOREIGN_FLIP_SELL,1,375896.0,982.0,0.006073597713469159,7073051216.0
3665,2024-03-06,2024-03-07,2024-03-07,237.5758859678314,232.31765747070312,-0.022132837580326914,0.0,-0.022132837580326914,FOREIGN_FLIP_SELL,1,1145037.0,1000.0,0.03484247158376519,310236184.7961823
3665,2024-03-26,2024-03-27,2024-03-27,245.7022260218181,240.92202758789065,-0.019455250818537384,0.0,-0.019455250818537384,FOREIGN_FLIP_SELL,1,1026479.0,22000.0,0.032257987703532276,309181155.0460739
3665,2024-10-15,2024-10-16,2024-10-16,456.37793871534615,457.3562316894531,0.002143602683470469,0.0,0.002143602683470469,FOREIGN_FLIP_SELL,1,627188.0,178000.0,0.04926141075802004,1612915959.3736906
3665,2024-11-12,2024-11-13,2024-11-13,560.5670749232606,553.718994140625,-0.012216344999522288,0.0,-0.012216344999522288,FOREIGN_FLIP_SELL,1,2157079.0,128000.0,0.17068171760990536,1947389920.7904816
3665,2024-11-27,2024-11-28,2024-11-29,609.4822493660856,632.9614868164062,0.038523250635668305,-0.001632385004971093,0.0401556356406394,FOREIGN_FLIP_SELL,2,747242.0,61000.0,0.1061472672797914,2439050869.654199
3665,2025-05-21,2025-05-22,2025-05-26,599.6992547084393,616.3303833007812,0.02773244832599908,-0.0062014151281795105,0.03393386345417859,FOREIGN_FLIP_SELL,3,1475491.0,76000.0,0.05407020575712229,2221034237.486487
3665,2025-06-30,2025-07-01,2025-07-01,825.6869875345435,829.6002197265625,0.004739365220837177,0.0,0.004739365220837177,FOREIGN_FLIP_SELL,1,1037127.0,35000.0,0.15783724024120338,4568047144.005524
3665,2025-08-05,2025-08-06,2025-08-08,885.0,973.0,0.09943502824858763,0.024476120378694066,0.07495890786989357,FOREIGN_FLIP_SELL,3,1100595.0,56000.0,0.020693561959575835,3387805178.25
3665,2025-09-08,2025-09-09,2025-09-09,1110.0,1090.0,-0.018018018018018056,0.0,-0.018018018018018056,FOREIGN_FLIP_SELL,1,2052965.0,150000.0,0.1018024879411017,5275082729.0
3665,2025-10-21,2025-10-22,2025-10-23,1300.0,1330.0,0.023076923076922995,-0.004218986931701196,0.02729591000862419,FOREIGN_FLIP_SELL,2,871845.0,116000.0,0.15996762881035886,3958425436.5
3665,2025-11-03,2025-11-04,2025-11-06,1460.0,1370.0,-0.06164383561643838,-0.007721830974419475,-0.053922004642018906,FOREIGN_FLIP_SELL,3,809273.0,175965.0,0.16633266533066138,4709838710.25
3665,2025-11-19,2025-11-20,2025-11-20,1680.0,1680.0,0.0,0.0,0.0,FOREIGN_FLIP_SELL,1,720304.0,94421.0,0.08219178082191791,5025564539.0
3665,2025-11-27,2025-11-28,2025-12-01,1580.0,1600.0,0.012658227848101333,-0.01027822462568817,0.022936452473789504,FOREIGN_FLIP_SELL,2,2323401.0,64000.0,0.016333938294010864,6826716973.999999
3665,2026-01-28,2026-01-29,2026-02-04,1455.0,1340.0,-0.07903780068728528,-0.007574899886364839,-0.07146290080092044,FOREIGN_FLIP_SELL,5,385579.0,119814.0,0.003659174072137894,4485187728.0
3665,2026-03-02,2026-03-03,2026-03-05,1640.0,1725.0,0.05182926829268286,-0.018957979727442842,0.0707872480201257,FOREIGN_FLIP_SELL,3,3706943.0,503000.0,0.1053984575835476,5832862355.25
3679,2024-07-18,2024-07-19,2024-07-19,129.84601726671204,127.51902770996094,-0.017921146953404965,0.0,-0.017921146953404965,FOREIGN_FLIP_SELL,1,57000.0,1000.0,0.0424061535043474,15140033.362443542
3679,2024-07-26,2024-07-29,2024-07-31,130.31141254263866,139.1539764404297,0.06785717171853767,0.001572757804550573,0.0662844139139871,FOREIGN_FLIP_SELL,3,47000.0,1000.0,0.029165874589139662,15466313.720352173
3694,2025-07-16,2025-07-17,2025-07-18,59.49875873233264,58.230751037597656,-0.02131149828586132,0.011675174216255968,-0.03298667250211729,FOREIGN_FLIP_SELL,2,302000.0,55000.0,0.022582025563454122,95853368.71916771
3702,2024-01-10,2024-01-11,2024-01-11,75.419719809775,75.14379119873047,-0.0036585738019245806,0.0,-0.0036585738019245806,FOREIGN_FLIP_SELL,1,6617848.0,25000.0,0.00018287862489851925,688373027.5194596
3702,2024-01-16,2024-01-17,2024-01-26,77.53514842863055,81.85797882080078,0.055753171042798755,0.04855206128804501,0.007201109754753743,FOREIGN_FLIP_SELL,8,3758851.0,1539895.0,0.028174206746958808,607874972.04166
3702,2024-05-07,2024-05-08,2024-05-09,85.99686902331472,82.40982818603516,-0.041711295748535604,-0.006750569718193655,-0.03496072603034195,FOREIGN_FLIP_SELL,2,2990293.0,1700000.0,0.043419741227459285,589628728.5919113
3702,2024-06-18,2024-06-19,2024-06-21,81.39810253529066,80.38638305664062,-0.012429275955313512,0.0018893767076508805,-0.014318652662964393,FOREIGN_FLIP_SELL,3,2816404.0,401550.0,0.017905451312582032,569696710.693832
3702,2024-07-03,2024-07-04,2024-07-08,82.22588464226145,83.88143920898438,0.02013422627103023,0.015118318666404784,0.005015907604625447,FOREIGN_FLIP_SELL,3,2666461.0,7799237.0,0.029059883289629385,558304498.2394295
3702,2025-06-13,2025-06-16,2025-06-19,66.6193383443301,65.28121948242188,-0.02008604250903845,-0.002104335611635144,-0.017981706897403305,FOREIGN_FLIP_SELL,4,826703.0,361974.0,0.0335196366604571,728842071.2580147
3702,2025-11-27,2025-11-28,2025-11-28,68.69999694824219,68.30000305175781,-0.005822327718380094,0.0,-0.005822327718380094,FOREIGN_FLIP_SELL,1,21849397.0,421000.0,0.077872724943719,1476950032.6917996
3702,2026-03-20,2026-03-23,2026-04-01,89.4000015258789,89.9000015258789,0.005592841067852294,0.01382291427916571,-0.008230073211313416,FOREIGN_FLIP_SELL,8,35376820.0,2816701.0,0.22495479201566448,1403741861.554793
3702,2026-04-09,2026-04-10,2026-05-08,93.1999969482422,113.5,0.21781119867451526,0.174660960383211,0.043150238291304266,20D_TIMEOUT,20,16425308.0,60000.0,0.035617091818555435,1902471368.6662557
3703,2024-01-02,2024-01-03,2024-01-03,26.18124992125974,25.95199203491211,-0.008756567659570336,0.0,-0.008756567659570336,FOREIGN_FLIP_SELL,1,806000.0,3000.0,0.013513510265019235,23487785.359358594
3703,2024-06-17,2024-06-18,2024-06-21,33.792610661741925,33.24239730834961,-0.016282061155317495,0.021793363499763574,-0.03807542465508107,FOREIGN_FLIP_SELL,4,1661000.0,805563.0,0.02693957699767502,171747598.58813876
3703,2024-07-29,2024-07-30,2024-07-31,33.72945001029536,33.87277603149414,0.00424928426508675,-0.001089865524954714,0.005339149790041464,FOREIGN_FLIP_SELL,2,2472000.0,2000.0,0.014750622416108694,152688594.80884972
3703,2026-03-19,2026-03-20,2026-03-24,22.549999237060547,22.75,0.008869213734196357,-0.02777373107262837,0.03664294480682473,FOREIGN_FLIP_SELL,3,631541.0,1000.0,0.010304630496448697,35437392.57853832
3704,2024-07-03,2024-07-04,2024-07-05,39.65871736445957,39.71783065795898,0.0014905498066455358,0.0014479967883183065,4.255301832722935e-05,FOREIGN_FLIP_SELL,2,725505.0,3000.0,0.02956734859126553,42412390.55747986
3704,2024-08-30,2024-09-02,2024-09-03,38.03612656956598,38.8275146484375,0.02080622161733836,-0.00642626632600074,0.0272324879433391,FOREIGN_FLIP_SELL,2,641000.0,200000.0,0.08108105135227528,35468244.43991661
3705,2024-07-22,2024-07-23,2024-07-26,50.05483547942261,51.48225402832031,0.028517096005330256,-0.032906356086419675,0.06142345209174993,FOREIGN_FLIP_SELL,2,814606.0,2000.0,0.012804425337636927,22003029.846715927
3705,2024-08-21,2024-08-22,2024-08-30,54.81290290082016,54.81290054321289,-4.301190315025849e-08,0.0053844724621723294,-0.00538451547407548,FOREIGN_FLIP_SELL,7,415272.0,1000.0,0.050018350073281814,40816983.97163983
3705,2025-04-18,2025-04-21,2025-04-28,63.66290225656921,63.75806427001953,0.0014947796923678869,0.04858166330586,-0.047086883613492114,FOREIGN_FLIP_SELL,6,326708.0,9000.0,0.13361011178832927,176319617.0187622
3706,2024-01-22,2024-01-23,2024-01-24,45.72698161042776,45.04302978515625,-0.014957292197819938,6.938533336109387e-05,-0.015026677531181032,FOREIGN_FLIP_SELL,2,7623000.0,277000.0,0.06930923849058024,1275566671.4198642
3706,2024-03-19,2024-03-20,2024-03-22,49.34215198608376,52.761905670166016,0.06930694236941148,0.022440880908083827,0.04686606146132766,FOREIGN_FLIP_SELL,3,18283020.0,7284000.0,0.10682689260645217,945917915.21769
3706,2024-08-21,2024-08-22,2024-08-27,44.09999847412109,44.95000076293945,0.01927442898478038,0.001633039837653616,0.017641389147126763,FOREIGN_FLIP_SELL,4,2853000.0,1000.0,0.03015373847650249,305776307.4781914
3706,2024-09-25,2024-09-26,2024-09-26,46.09999847412109,45.45000076293945,-0.014099733897963596,0.0,-0.014099733897963596,FOREIGN_FLIP_SELL,1,1340000.0,2000.0,0.0315186536273504,215769341.17793846
3706,2024-11-07,2024-11-08,2024-11-13,52.0,63.5,0.22115384615384626,-0.029449918372031147,0.2506037645258774,FOREIGN_FLIP_SELL,4,8502971.0,50000.0,0.0522935598264791,340020413.40105206
3706,2024-11-25,2024-11-26,2024-11-29,85.5,84.0,-0.01754385964912286,-0.018354608890735702,0.0008107492416128403,FOREIGN_FLIP_SELL,4,13657810.0,3390000.0,0.40715111733670595,9907012038.122887
3706,2025-04-28,2025-04-29,2025-04-30,52.29999923706055,52.5,0.0038241064217401366,0.00011854303657643506,0.0037055633851637015,FOREIGN_FLIP_SELL,2,2915985.0,4000.0,0.014337260348287195,808770146.6
3706,2025-07-21,2025-07-22,2025-07-23,76.0,77.80000305175781,0.023684250681023755,0.014387991654924104,0.009296259026099651,FOREIGN_FLIP_SELL,2,50236032.0,1522000.0,0.10459151532252453,5157016558.373519
3706,2025-08-15,2025-08-18,2025-08-18,94.3000030517578,90.5999984741211,-0.03923652659487098,0.0,-0.03923652659487098,FOREIGN_FLIP_SELL,1,86718485.0,4094000.0,0.15929312565985976,10368563002.5
3706,2025-10-31,2025-11-03,2025-11-04,102.5,96.3000030517578,-0.060487775104801966,-0.007694810409372921,-0.052792964695429045,FOREIGN_FLIP_SELL,2,40730165.0,99000.0,0.07480652865424986,7170220609.999999
3706,2025-12-05,2025-12-08,2025-12-10,94.0999984741211,87.9000015258789,-0.06588732251624085,0.003425379022995223,-0.06931270153923608,FOREIGN_FLIP_SELL,3,13933596.0,73000.0,0.028935344904703175,2440606177.065788
3706,2025-12-31,2026-01-02,2026-01-09,88.30000305175781,88.80000305175781,0.0056625139605819275,0.03199851628088268,-0.026336002320300755,FOREIGN_FLIP_SELL,6,6497721.0,144000.0,0.008226872437893995,1559870781.3083086
3706,2026-02-24,2026-02-25,2026-02-26,81.5,80.0,-0.018404907975460127,4.004083061670549e-05,-0.018444948806076833,FOREIGN_FLIP_SELL,2,7520149.0,26000.0,0.00498750736594511,898408128.8217862
3706,2026-03-17,2026-03-18,2026-03-18,84.80000305175781,84.5,-0.0035377717094503547,0.0,-0.0035377717094503547,FOREIGN_FLIP_SELL,1,7982011.0,1000.0,0.04579242467519573,1234137626.6875176
3708,2024-04-08,2024-04-09,2024-04-09,117.95897114661432,115.17253875732422,-0.023622047244094446,0.0,-0.023622047244094446,FOREIGN_FLIP_SELL,1,917980.0,277000.0,0.06906134642800188,626396406.2553955
3708,2024-04-29,2024-04-30,2024-04-30,138.39279876708986,139.3216094970703,0.006711409395973034,0.0,0.006711409395973034,FOREIGN_FLIP_SELL,1,1024000.0,611000.0,0.09360525552102783,1187360608.047258
3708,2024-05-10,2024-05-13,2024-05-13,139.78603161992254,137.46400451660156,-0.01661129568106312,0.0,-0.01661129568106312,FOREIGN_FLIP_SELL,1,1624000.0,16000.0,0.05045632953725043,1367883371.755719
3708,2024-11-25,2024-11-26,2024-12-02,102.096287013252,94.74148559570312,-0.07203789317621534,0.0025649516321069044,-0.07460284480832224,FOREIGN_FLIP_SELL,5,439000.0,2039.0,0.02006289136378392,72950658.3215332
3708,2026-03-09,2026-03-10,2026-03-12,121.0,128.5,0.06198347107438007,0.024715960798603165,0.037267510275776905,FOREIGN_FLIP_SELL,3,938056.0,5000.0,0.04412407164700749,173791461.07500002
3711,2024-01-22,2024-01-23,2024-02-01,126.53671743967276,124.20209503173828,-0.018450157829070668,0.0052319819401449585,-0.023682139769215627,FOREIGN_FLIP_SELL,8,8320251.0,136497.0,0.04263567176523031,1334271570.588968
3711,2024-02-22,2024-02-23,2024-02-26,130.73904084653822,132.1398162841797,0.010714285714285676,0.0031161383748661287,0.0075981473394195476,FOREIGN_FLIP_SELL,2,4835880.0,131581.0,0.032426316983736214,1415050219.399359
3711,2024-03-04,2024-03-05,2024-03-14,132.1398246791536,143.8129425048828,0.08833913510989211,0.02842122432136751,0.0599179107885246,FOREIGN_FLIP_SELL,8,4355339.0,1122447.0,0.034167726395464504,1359668014.1236916
3711,2024-04-09,2024-04-10,2024-04-16,147.08142373840138,142.87908935546875,-0.02857148289784639,-0.041494311831884456,0.012922828934038066,FOREIGN_FLIP_SELL,5,8754209.0,80108.0,0.0006414544994530758,2342168131.7419953
3711,2024-05-27,2024-05-28,2024-06-14,155.9529942768376,155.01914978027344,-0.005987986962959213,0.02956804919731093,-0.035556036160270144,FOREIGN_FLIP_SELL,13,8275689.0,575258.0,0.090968956292653,1627729074.2527144
3711,2024-12-16,2024-12-17,2024-12-17,153.2124866533883,152.24888610839844,-0.0062893081761007386,0.0,-0.0062893081761007386,FOREIGN_FLIP_SELL,1,4141708.0,416408.0,0.030828553903956335,2133019859.888855
3711,2025-02-21,2025-02-24,2025-02-24,171.03910511190242,169.5937042236328,-0.008450704225352101,0.0,-0.008450704225352101,FOREIGN_FLIP_SELL,1,14023463.0,227963.0,0.0636109459690708,3169043745.6879654
3711,2025-05-14,2025-05-15,2025-05-15,144.54008083406873,145.02188110351562,0.0033333333333334103,0.0,0.0033333333333334103,FOREIGN_FLIP_SELL,1,4063473.0,121000.0,0.10152376095577842,1385351424.4242203
3711,2025-09-02,2025-09-03,2025-09-03,156.5,157.0,0.0031948881789136685,0.0,0.0031948881789136685,FOREIGN_FLIP_SELL,1,18963964.0,377000.0,0.05493028725012605,2032626357.8999999
3711,2025-09-18,2025-09-19,2025-09-19,171.5,170.0,-0.008746355685131157,0.0,-0.008746355685131157,FOREIGN_FLIP_SELL,1,5407049.0,457000.0,0.0671688637790333,2892055444.5000005
3711,2025-09-25,2025-09-26,2025-10-13,170.5,173.0,0.014662756598240456,0.052505191216025704,-0.03784243461778525,FOREIGN_FLIP_SELL,9,16933969.0,573000.0,0.039903264812575445,3345126554.4
3711,2025-10-21,2025-10-22,2025-11-19,191.5,209.5,0.09399477806788514,-0.03865580992469608,0.13265058799258123,20D_TIMEOUT,20,13990462.0,1304000.0,0.11000426924718942,4677604483.5
3711,2025-12-03,2025-12-04,2025-12-09,231.0,240.0,0.03896103896103886,0.013919006164114345,0.025042032796924518,FOREIGN_FLIP_SELL,4,4869640.0,687000.0,0.02736653207716455,5892835851.849999
3711,2025-12-12,2025-12-15,2025-12-15,237.5,234.0,-0.01473684210526316,0.0,-0.01473684210526316,FOREIGN_FLIP_SELL,1,9599405.0,465046.0,0.07576761652308384,6122682304.475
3711,2026-01-07,2026-01-08,2026-01-19,275.5,299.0,0.08529945553539009,0.04211841512571368,0.04318104040967641,FOREIGN_FLIP_SELL,8,3012972.0,1141864.0,0.12808942672546397,5470700180.0
3711,2026-01-26,2026-01-27,2026-01-27,314.5,306.5,-0.025437201907790197,0.0,-0.025437201907790197,FOREIGN_FLIP_SELL,1,12346071.0,209334.0,0.10706999024217168,6619278837.6
3711,2026-02-04,2026-02-05,2026-02-05,294.0,284.0,-0.03401360544217691,0.0,-0.03401360544217691,FOREIGN_FLIP_SELL,1,3418012.0,107983.0,0.01817569841804101,5854778690.75
3711,2026-02-11,2026-02-23,2026-02-23,376.0,349.0,-0.07180851063829785,0.0,-0.07180851063829785,FOREIGN_FLIP_SELL,1,15549228.0,352000.0,0.15406527223895172,8084853148.825001
3712,2024-09-24,2024-09-25,2024-09-30,52.824195825011984,50.937618255615234,-0.03571426956780033,-0.0235950265399536,-0.012119243027846727,FOREIGN_FLIP_SELL,4,682000.0,5000.0,0.03536890945619087,95129915.53118134
3712,2024-11-14,2024-11-15,2024-11-29,58.389602797278265,65.93592071533203,0.12924078186066246,-0.02111746023676142,0.15035824209742388,FOREIGN_FLIP_SELL,11,3153000.0,406000.0,0.16786934873509152,191497199.46065196
3714,2024-09-20,2024-09-23,2024-09-23,45.05769282070911,44.96016311645508,-0.002164551670279957,0.0,-0.002164551670279957,FOREIGN_FLIP_SELL,1,2058767.0,1188806.0,0.09787238154552447,105341605.53224392
3714,2025-05-13,2025-05-14,2025-05-14,37.40178459199243,36.42650985717773,-0.026075620333461447,0.0,-0.026075620333461447,FOREIGN_FLIP_SELL,1,922734.0,44632.0,0.04551724642460808,68169886.36012155
3714,2026-04-01,2026-04-02,2026-04-02,51.70000076293945,54.20000076293945,0.04835589870613877,0.0,0.04835589870613877,FOREIGN_FLIP_SELL,1,4350271.0,317000.0,0.09476487322570626,845306118.6185112
3715,2024-08-21,2024-08-22,2024-08-22,59.92873001098633,59.92873001098633,0.0,0.0,0.0,FOREIGN_FLIP_SELL,1,1297285.0,1000.0,0.07735288160784681,713867738.4461815
3715,2024-12-17,2024-12-18,2024-12-19,61.86191534280509,62.92516708374024,0.017187501147405193,-0.010204294103727585,0.027391795251132778,FOREIGN_FLIP_SELL,2,787375.0,9000.0,0.00846987879021932,207995275.639032
3715,2025-02-14,2025-02-17,2025-02-25,61.37862093486483,60.41202545166016,-0.015748080821666233,-0.009342960693173863,-0.00640512012849237,FOREIGN_FLIP_SELL,7,1488000.0,1000.0,0.07268513063394999,157437773.85032654
3715,2025-05-07,2025-05-08,2025-05-15,41.273497757793294,43.49665832519531,0.05386411833686289,0.057772792566347375,-0.003908674229484488,FOREIGN_FLIP_SELL,6,444002.0,1000.0,0.04233715350391387,118698236.20775434
3715,2025-07-30,2025-07-31,2025-08-04,79.4000015258789,82.5,0.03904280119076198,-0.006948282570515274,0.04599108376127725,FOREIGN_FLIP_SELL,2,15567211.0,305000.0,0.2842396171501236,2922487293.95
3715,2025-08-07,2025-08-08,2025-08-12,92.5,98.8000030517578,0.06810814110008434,0.005707427949769528,0.06240071315031481,FOREIGN_FLIP_SELL,3,8046310.0,571000.0,0.3082118734447208,4161093681.7999997
3715,2025-11-12,2025-11-13,2025-11-17,122.0,120.5,-0.012295081967213073,-0.016350959915439778,0.004055877948226705,FOREIGN_FLIP_SELL,3,35611190.0,5103000.0,0.24385910295385904,3943298216.2000003
3715,2026-01-02,2026-01-05,2026-01-05,131.5,119.0,-0.09505703422053235,0.0,-0.09505703422053235,FOREIGN_FLIP_SELL,1,9649282.0,809000.0,0.07086409853727504,3445279463.25
3715,2026-01-12,2026-01-13,2026-01-13,146.5,137.5,-0.061433447098976135,0.0,-0.061433447098976135,FOREIGN_FLIP_SELL,1,29203113.0,2353.0,0.18321392016376659,5183906504.75
3715,2026-03-27,2026-03-30,2026-03-30,199.5,185.0,-0.07268170426065168,0.0,-0.07268170426065168,FOREIGN_FLIP_SELL,1,13746387.0,394000.0,0.2410428418966306,8660335366.925
4119,2024-05-13,2024-05-14,2024-05-23,88.43178932409411,87.95013427734375,-0.005446627852175867,0.02961900946089502,-0.035065637313070885,FOREIGN_FLIP_SELL,8,329000.0,1000.0,0.03734676423923755,17688802.2555706
4164,2025-07-18,2025-07-21,2025-07-25,47.400001525878906,46.59999847412109,-0.01687770097055885,0.0010205544315082804,-0.01789825540206713,FOREIGN_FLIP_SELL,5,2487000.0,170000.0,0.04001883014150742,73621523.62025642
4306,2024-05-03,2024-05-06,2024-05-07,20.113768011046982,18.77603530883789,-0.06650830920762218,0.006344919339527744,-0.07285322854714993,FOREIGN_FLIP_SELL,2,3874000.0,24000.0,0.04453134792023716,146722863.9071724
4306,2024-07-29,2024-07-30,2024-08-02,21.850000381469727,21.850000381469727,0.0,-0.026345022897634407,0.026345022897634407,FOREIGN_FLIP_SELL,4,5106000.0,4000.0,0.047042773144873706,152137617.75
4532,2024-07-31,2024-08-01,2024-08-02,28.398243154065977,27.645971298217773,-0.026490084325533236,-0.04434260881041652,0.01785252448488328,FOREIGN_FLIP_SELL,2,3214675.0,3000.0,0.0375333119295187,125123499.02762756
4532,2024-09-27,2024-09-30,2024-09-30,24.58986888440432,24.26074981689453,-0.013384336006709185,0.0,-0.013384336006709185,FOREIGN_FLIP_SELL,1,1064000.0,1000.0,0.03625917195016859,38717173.42966633
4532,2024-10-09,2024-10-11,2024-10-14,25.57722618486767,26.282480239868164,0.02757351598265756,0.003215858580000841,0.02435765740265672,FOREIGN_FLIP_SELL,2,1178000.0,1000.0,0.05395718487763013,54231090.34455413
4532,2025-05-06,2025-05-07,2025-05-07,31.0,30.950000762939453,-0.0016128786148563723,0.0,-0.0016128786148563723,FOREIGN_FLIP_SELL,1,2843604.0,1166537.0,0.1317569402113521,137103529.85
4536,2024-01-11,2024-01-12,2024-01-17,168.8540628511612,159.3982391357422,-0.055999977470213236,-0.020044790822442815,-0.03595518664777042,FOREIGN_FLIP_SELL,4,116000.0,35000.0,0.028840836646999213,28328365.408148956
4536,2024-05-13,2024-05-14,2024-05-16,185.51433829713667,187.7657165527344,0.012135871956116429,0.01517261212563703,-0.003036740169520602,FOREIGN_FLIP_SELL,3,1014000.0,200000.0,0.05891512262084797,72621911.84893796
4536,2024-08-13,2024-08-14,2024-08-23,182.17818365716315,200.0664825439453,0.09819122426012172,0.005938134867039757,0.09225308939308197,FOREIGN_FLIP_SELL,8,107645.0,2000.0,0.04096253966110508,37694912.5921875
4536,2024-08-30,2024-09-02,2024-09-12,212.77659107555044,211.3643493652344,-0.006637204323922008,-0.026168068486172813,0.019530864162250805,FOREIGN_FLIP_SELL,9,604580.0,191000.0,0.1260588299896317,98827100.83323748
4536,2024-09-20,2024-09-23,2024-10-04,213.71808704576995,196.77127075195312,-0.07929518988342565,0.000770977453401045,-0.0800661673368267,FOREIGN_FLIP_SELL,8,274000.0,22000.0,0.03456171344722225,121487478.51089786
4536,2024-10-29,2024-10-30,2024-11-05,216.5425499589928,212.30584716796875,-0.019565220746806333,0.012548377875498673,-0.032113598622305006,FOREIGN_FLIP_SELL,4,359000.0,85000.0,0.06286906867425257,68468229.47403564
4545,2024-09-25,2024-09-26,2024-09-27,56.66907725665228,53.06200408935547,-0.063651524639452,-0.001575824966969841,-0.062075699672482165,FOREIGN_FLIP_SELL,2,658750.0,1000.0,0.06496865632061866,65308241.69707852
4551,2024-05-20,2024-05-21,2024-05-22,97.28954911796968,105.74951171875,0.08695654032194233,0.014836548818675244,0.07211999150326709,FOREIGN_FLIP_SELL,2,129985.0,32000.0,0.0382184344642178,14284916.602489473
4551,2024-08-14,2024-08-15,2024-08-15,114.51840209960938,114.51840209960938,0.0,0.0,0.0,FOREIGN_FLIP_SELL,1,863896.0,150000.0,0.19940741291219255,57487770.72443237
4551,2024-08-30,2024-09-02,2024-09-02,121.7664031982422,121.7664031982422,0.0,0.0,0.0,FOREIGN_FLIP_SELL,1,154000.0,57000.0,0.11274314083740133,64347576.50560607
4551,2024-09-24,2024-09-25,2024-10-01,134.8128043088046,121.283203125,-0.1003584285125726,-0.01630856313903828,-0.08404986537353432,FOREIGN_FLIP_SELL,5,450067.0,50000.0,0.07128945169934608,119564139.45750733
4551,2024-10-08,2024-10-09,2024-10-14,129.01440521025322,132.3968048095703,0.026217224299913244,0.013955067164455048,0.012262157135458196,FOREIGN_FLIP_SELL,3,340100.0,57000.0,0.00859598957573815,119976254.52516784
4551,2024-10-24,2024-10-25,2024-10-25,133.84640445780664,129.014404296875,-0.03610108303249093,0.0,-0.03610108303249093,FOREIGN_FLIP_SELL,1,50019.0,20000.0,0.022280474456418453,93011906.74581146
4551,2025-07-03,2025-07-04,2025-07-09,121.28320353899817,119.35040283203124,-0.015936260344124653,-0.000908758592970349,-0.015027501751154304,FOREIGN_FLIP_SELL,4,631000.0,228000.0,0.11694553531013074,374814569.07480466
4551,2026-03-23,2026-03-24,2026-03-26,134.0,131.5,-0.018656716417910446,0.022242595239146068,-0.040899311657056514,FOREIGN_FLIP_SELL,3,368085.0,21000.0,0.06786223761972687,57952015.8
4557,2024-11-21,2024-11-22,2024-11-29,132.70588322275694,129.41175842285156,-0.024822748772757364,-0.02802180129090004,0.0031990525181426754,FOREIGN_FLIP_SELL,6,16000.0,1000.0,0.01855222431340131,32638553.35991821
4571,2024-11-13,2024-11-14,2024-11-14,170.58985229136297,166.22817993164062,-0.025568181818181768,0.0,-0.025568181818181768,FOREIGN_FLIP_SELL,1,394058.0,1000.0,0.06918238252390174,157139940.05978394
4572,2025-04-24,2025-04-25,2025-04-25,167.1039041486828,168.05067443847656,0.0056657580480665715,0.0,0.0056657580480665715,FOREIGN_FLIP_SELL,1,738296.0,34000.0,0.03290540031421929,459599298.8999176
4576,2025-02-06,2025-02-07,2025-02-10,166.2013380513389,164.7040252685547,-0.009009029652466971,-0.009631412824059216,0.0006223831715922445,FOREIGN_FLIP_SELL,2,2821519.0,41000.0,0.14334475129638657,1783243005.2591858
4583,2025-01-03,2025-01-06,2025-01-06,884.1312555681195,841.7953491210938,-0.04788418708240538,0.0,-0.04788418708240538,FOREIGN_FLIP_SELL,1,255921.0,3000.0,0.10061909261351043,2346583047.496014
4583,2025-02-24,2025-02-25,2025-02-25,849.6717781163469,777.7991943359375,-0.08458864426419466,0.0,-0.08458864426419466,FOREIGN_FLIP_SELL,1,113897.0,7000.0,0.02723641595325632,1341062603.979065
4583,2025-03-26,2025-03-27,2025-04-01,834.0,725.0,-0.1306954436450839,-0.030593895474460564,-0.10010154817062333,FOREIGN_FLIP_SELL,4,722997.0,6000.0,0.10720723529001486,803734703.8499999
4720,2024-08-02,2024-08-05,2024-08-06,21.379439317421745,19.87912940979004,-0.07017536266300162,0.03379268306975858,-0.1039680457327602,FOREIGN_FLIP_SELL,2,388000.0,2000.0,0.0096485204558876,45849303.1494215
4722,2026-02-24,2026-02-25,2026-03-02,193.0,201.0,0.041450777202072464,-0.008979183842123928,0.05042996104419639,FOREIGN_FLIP_SELL,3,3590154.0,23000.0,0.1431170406306852,348201422.4
4739,2025-09-22,2025-09-23,2025-09-24,64.0999984741211,67.80000305175781,0.05772238168040689,-0.0019292856211109433,0.05965166730151783,FOREIGN_FLIP_SELL,2,387005.0,2000.0,0.0335375458303786,91921561.18683815
4739,2025-12-03,2025-12-04,2025-12-04,70.19999694824219,69.19999694824219,-0.014245014864278316,0.0,-0.014245014864278316,FOREIGN_FLIP_SELL,1,651000.0,14000.0,0.02723506363091155,67578574.19583169
4739,2026-02-24,2026-02-25,2026-03-03,74.5,74.4000015258789,-0.001342261397598521,-0.030763270888021776,0.029421009490423256,FOREIGN_FLIP_SELL,4,1299880.0,9000.0,0.04102273888093322,132337714.08488083
4739,2026-03-13,2026-03-16,2026-03-16,79.0,78.19999694824219,-0.010126620908326722,0.0,-0.010126620908326722,FOREIGN_FLIP_SELL,1,1042321.0,7000.0,0.08973912396247363,140306861.2482834
4746,2024-01-19,2024-01-22,2024-01-22,109.34781164872018,106.54402160644533,-0.02564102564102544,0.0,-0.02564102564102544,FOREIGN_FLIP_SELL,1,3828280.0,763000.0,0.13514569432088064,577094382.1694747
4746,2024-03-29,2024-04-01,2024-04-01,102.33834134089038,104.20753479003906,0.0182648401826484,0.0,0.0182648401826484,FOREIGN_FLIP_SELL,1,1891000.0,100000.0,0.04905292684333906,255803873.8955276
4746,2024-07-30,2024-07-31,2024-07-31,98.13265786786968,97.66535949707033,-0.004761904761904523,0.0,-0.004761904761904523,FOREIGN_FLIP_SELL,1,619000.0,1000.0,0.004501291774218208,230055055.01158673
4755,2024-05-09,2024-05-10,2024-05-10,143.07466192730402,139.75836181640625,-0.023178807947019875,0.0,-0.023178807947019875,FOREIGN_FLIP_SELL,1,307000.0,55000.0,0.02687792949418566,53142136.15474548
4755,2025-06-25,2025-06-26,2025-07-04,110.54545454545456,112.5,0.017680921052631415,0.0024523974221084544,0.015228523630522961,FOREIGN_FLIP_SELL,7,156000.0,20000.0,0.031207570946809815,13239227.802494051
4755,2025-07-14,2025-07-15,2025-07-18,111.0,114.5,0.03153153153153143,0.02396185220989966,0.007569679321631773,FOREIGN_FLIP_SELL,4,29000.0,15000.0,0.002024277486481374,11435075.7
4755,2025-09-22,2025-09-23,2025-09-24,129.5,129.5,0.0,-0.0019292856211109433,0.0019292856211109433,FOREIGN_FLIP_SELL,2,182000.0,5000.0,0.024930747922437657,25330128.775000002
4763,2024-01-08,2024-01-09,2024-01-09,74.14380719207821,72.96290588378906,-0.01592717386672482,0.0,-0.01592717386672482,FOREIGN_FLIP_SELL,1,2371377.0,142000.0,0.08600669440490649,3063089547.6920533
4763,2024-04-02,2024-04-03,2024-04-03,80.04832038964994,81.39791870117188,0.016859795495427266,0.0,0.016859795495427266,FOREIGN_FLIP_SELL,1,552879.0,12664.0,0.04637727544553516,2554653002.5966244
4763,2024-06-13,2024-06-14,2024-06-14,70.6854476928711,70.6854476928711,0.0,0.0,0.0,FOREIGN_FLIP_SELL,1,612247.0,1000.0,0.008180939391879916,1236647837.8958411
4763,2024-06-21,2024-06-24,2024-06-24,78.53002029365787,74.39685821533203,-0.05263161862011689,0.0,-0.05263161862011689,FOREIGN_FLIP_SELL,1,1269313.0,150000.0,0.10177065164239041,1499197469.38845
4763,2024-08-28,2024-08-29,2024-08-29,77.77086639404297,77.77086639404297,0.0,0.0,0.0,FOREIGN_FLIP_SELL,1,1189484.0,332.0,0.08795472166577412,2099284775.4837768
4763,2024-11-25,2024-11-26,2024-11-27,84.27937570916512,83.7944564819336,-0.005753711666124706,-0.015167516755981714,0.009413805089857008,FOREIGN_FLIP_SELL,2,1015465.0,386.0,0.023626671191802506,1262641304.7818375
4763,2024-12-02,2024-12-03,2024-12-04,87.28589248185108,88.83763885498047,0.017777745395133993,0.009895539123634611,0.007882206271499381,FOREIGN_FLIP_SELL,2,644381.0,59386.0,0.04181181990082683,1452840105.7312012
4763,2025-06-17,2025-06-18,2025-06-18,87.47985383524497,85.83112335205078,-0.018846973456303706,0.0,-0.018846973456303706,FOREIGN_FLIP_SELL,1,346695.0,72524.0,0.008044080581499857,2362230897.0322266
4766,2024-01-25,2024-01-26,2024-01-26,263.076039703799,257.6330871582031,-0.020689655172413834,0.0,-0.020689655172413834,FOREIGN_FLIP_SELL,1,199481.0,50000.0,0.03429887642807916,107152477.40772858
4766,2024-02-01,2024-02-02,2024-02-05,265.3439467857624,268.9725646972656,0.013675148634285428,0.002001149817599579,0.011673998816685849,FOREIGN_FLIP_SELL,2,92000.0,1000.0,0.01871468935466991,120936403.16363983
4766,2024-02-23,2024-02-26,2024-02-26,279.40486949573864,274.4154968261719,-0.017857142857142905,0.0,-0.017857142857142905,FOREIGN_FLIP_SELL,1,156000.0,1000.0,0.05774980321417322,174893422.06450197
4766,2024-03-27,2024-03-28,2024-03-28,290.29081937799043,284.394287109375,-0.020312499999999956,0.0,-0.020312499999999956,FOREIGN_FLIP_SELL,1,393016.0,1000.0,0.04132769483889387,311002847.5212311
4766,2024-05-14,2024-05-15,2024-05-17,335.64873928952767,349.2561340332031,0.04054058052617271,0.0052612028108021125,0.0352793777153706,FOREIGN_FLIP_SELL,3,305000.0,87000.0,0.03986876384064475,255596926.43328553
4766,2024-09-16,2024-09-18,2024-09-18,282.6641861246883,277.9452514648437,-0.016694490818030205,0.0,-0.016694490818030205,FOREIGN_FLIP_SELL,1,70000.0,2000.0,0.00673408600591463,128900344.90686643
4766,2024-11-27,2024-11-28,2024-12-03,308.1464540446463,310.0340270996094,0.0061255712346752755,0.032672487616533186,-0.02654691638185791,FOREIGN_FLIP_SELL,4,212286.0,10000.0,0.0641627893142398,192703184.58396602
4766,2025-02-03,2025-02-04,2025-02-04,305.7869867421515,307.2026672363281,0.004629629629629539,0.0,0.004629629629629539,FOREIGN_FLIP_SELL,1,96569.0,5000.0,0.016896113312389494,72329324.9532715
4766,2025-03-20,2025-03-21,2025-03-24,343.5384490435701,347.3135986328125,0.010989016221481629,-0.004613378578019911,0.01560239479950154,FOREIGN_FLIP_SELL,2,1057500.0,199000.0,0.08702149744184151,132325008.61577605
4766,2025-03-27,2025-03-28,2025-04-10,347.78549210921574,292.573974609375,-0.15875164074556214,-0.1204867151025073,-0.03826492564305484,FOREIGN_FLIP_SELL,8,291000.0,107000.0,0.08416127736556267,181057226.90765378
4766,2025-04-30,2025-05-02,2025-05-06,322.3032503796579,328.4378662109375,0.019033676588905868,-0.01275040231988811,0.03178407890879398,FOREIGN_FLIP_SELL,3,215884.0,11000.0,0.03374885164553354,161113928.22905275
4766,2025-05-16,2025-05-19,2025-05-19,332.68490920420817,324.1908264160156,-0.025531914893617058,0.0,-0.025531914893617058,FOREIGN_FLIP_SELL,1,291847.0,1758.0,0.03189081478569622,154934028.74624634
4766,2025-07-23,2025-07-24,2025-07-24,315.0,318.5,0.011111111111111072,0.0,0.011111111111111072,FOREIGN_FLIP_SELL,1,410417.0,9875.0,0.028823385318853534,90355608.0
4766,2025-07-31,2025-08-04,2025-08-04,370.0,379.5,0.025675675675675746,0.0,0.025675675675675746,FOREIGN_FLIP_SELL,1,1097065.0,6000.0,0.21240824058726004,197472883.2
4766,2026-02-26,2026-03-02,2026-03-04,322.0,317.5,-0.013975155279503104,-0.06457344738507864,0.05059829210557554,FOREIGN_FLIP_SELL,3,299946.0,9000.0,0.038406827880512084,106164482.175
4766,2026-03-20,2026-03-23,2026-03-23,343.5,326.0,-0.05094614264919939,0.0,-0.05094614264919939,FOREIGN_FLIP_SELL,1,246904.0,1634.0,0.08380494611985423,154162527.75
4770,2024-03-14,2024-03-15,2024-03-18,355.5411495060116,379.9318542480469,0.06860163662046914,0.010026653594563673,0.05857498302590547,FOREIGN_FLIP_SELL,2,281000.0,6000.0,0.009767657190278278,591664824.5574585
4770,2025-03-19,2025-03-20,2025-03-20,337.31119233059746,333.4562072753906,-0.011428571428571455,0.0,-0.011428571428571455,FOREIGN_FLIP_SELL,1,490000.0,60000.0,0.003130251590902855,581514472.6175308
4770,2025-05-09,2025-05-12,2025-05-14,239.0,250.5,0.04811715481171541,0.03092022387201565,0.01719693093969976,FOREIGN_FLIP_SELL,3,109822.0,45000.0,0.01308928381398311,138063835.70000002
4770,2025-07-17,2025-07-18,2025-07-25,273.0,257.0,-0.05860805860805862,-0.000801860115001829,-0.05780619849305679,FOREIGN_FLIP_SELL,6,572122.0,87000.0,0.035523114355231034,367621216.9
4770,2025-08-18,2025-08-19,2025-08-19,288.0,287.0,-0.00347222222222221,0.0,-0.00347222222222221,FOREIGN_FLIP_SELL,1,946328.0,5000.0,0.03976089122362114,543928082.6
4904,2024-01-09,2024-01-10,2024-01-16,76.99422042397528,76.70549011230469,-0.0037500257822038474,-0.006799738280638845,0.0030497124984349977,FOREIGN_FLIP_SELL,5,1517199.0,766051.0,0.005783241730153987,247668421.67873842
4904,2024-01-31,2024-02-01,2024-02-16,77.57167114047417,76.60924530029297,-0.012406924151967091,0.035570833394929835,-0.047977757546896926,FOREIGN_FLIP_SELL,5,2094708.0,86671.0,0.007761648054294579,201442545.5486374
4904,2024-02-21,2024-02-22,2024-02-22,78.72659044699904,78.24537658691406,-0.006112469209611504,0.0,-0.006112469209611504,FOREIGN_FLIP_SELL,1,2847288.0,352882.0,0.026026031635852487,268990379.60108185
4904,2024-05-03,2024-05-06,2024-05-13,78.53409997629372,80.45895385742188,0.024509784688551806,0.01629368662824815,0.008216098060303656,FOREIGN_FLIP_SELL,6,2050982.0,64430.0,0.0004323240831860531,468868102.90859073
4904,2024-06-21,2024-06-24,2024-06-26,81.03640912444777,81.99884033203125,0.011876528315876822,0.007582734948693659,0.004293793367183163,FOREIGN_FLIP_SELL,3,2032549.0,270889.0,0.0010700122963149816,500484124.9075241
4904,2024-07-18,2024-07-19,2024-07-19,84.0999984741211,85.0,0.010701564116625484,0.0,0.010701564116625484,FOREIGN_FLIP_SELL,1,16974509.0,548096.0,0.02649142110351299,1567092635.75
4904,2024-08-02,2024-08-05,2024-08-05,85.4000015258789,87.4000015258789,0.023419203328631566,0.0,0.023419203328631566,FOREIGN_FLIP_SELL,1,26643112.0,3481455.0,0.03269746223032488,1180794954.6000001
4904,2024-08-08,2024-08-09,2024-08-30,86.4000015258789,90.5,0.047453685205006035,0.03722063644091489,0.010233048764091146,FOREIGN_FLIP_SELL,16,5487862.0,2313224.0,0.0292812823737314,1007530491.75
4904,2024-11-29,2024-12-02,2024-12-02,90.1999969482422,91.5,0.014412451172296059,0.0,0.014412451172296059,FOREIGN_FLIP_SELL,1,2734006.0,56000.0,0.006944471000675856,527236718.7488251
4904,2025-03-03,2025-03-04,2025-03-04,90.4000015258789,90.8000030517578,0.004424795565566297,0.0,0.004424795565566297,FOREIGN_FLIP_SELL,1,5625262.0,20074.0,0.019371434236082452,349146819.40544355
4904,2025-03-07,2025-03-10,2025-03-10,93.0,93.0,0.0,0.0,0.0,FOREIGN_FLIP_SELL,1,1894571.0,295000.0,0.03154728089174341,392864770.15157855
4904,2025-03-20,2025-03-21,2025-03-24,91.8000030517578,93.0,0.013071861746732472,-0.004613378578019911,0.017685240324752383,FOREIGN_FLIP_SELL,2,1326140.0,356000.0,0.013309956526534439,440902901.12499994
4904,2025-04-10,2025-04-11,2025-04-16,91.9000015258789,88.4000015258789,-0.0380848742316332,-0.003111795197990097,-0.034973079033643106,FOREIGN_FLIP_SELL,4,3258512.0,5137075.0,0.0013620433220256078,554470475.5112545
4904,2025-06-17,2025-06-18,2025-06-19,90.1999969482422,91.9000015258789,0.018847058039394238,-0.01579973732043427,0.03464679535982851,FOREIGN_FLIP_SELL,2,3195850.0,476623.0,0.030810409719863374,719383251.1
4904,2025-07-03,2025-07-04,2025-07-04,90.3000030517578,90.9000015258789,0.006644501149985604,0.0,0.006644501149985604,FOREIGN_FLIP_SELL,1,6973712.0,1491605.0,0.014062407258659482,939169786.3499999
4904,2025-08-07,2025-08-08,2025-08-11,83.19999694824219,84.19999694824219,0.012019231210093517,0.004755796968586967,0.00726343424150655,FOREIGN_FLIP_SELL,2,1472103.0,45133.0,0.012996497062606638,449175444.65807337
4904,2025-08-14,2025-08-15,2025-08-18,84.4000015258789,85.0999984741211,0.008293802554346641,0.006083510296844397,0.0022102922575022443,FOREIGN_FLIP_SELL,2,1243781.0,36304.0,0.01969314772338482,357578465.5047088
4904,2025-08-21,2025-08-22,2025-08-22,85.69999694824219,85.30000305175781,-0.004667373520747642,0.0,-0.004667373520747642,FOREIGN_FLIP_SELL,1,4517910.0,646384.0,0.026807123126330046,314578516.8590141
4904,2025-09-26,2025-09-30,2025-10-27,87.4000015258789,92.4000015258789,0.057208236987496,0.08416136439347421,-0.026953127405978217,FOREIGN_FLIP_SELL,17,8905202.0,49000.0,0.023381485605541874,405805320.87081754
4904,2026-02-05,2026-02-06,2026-03-11,91.0,91.5999984741211,0.006593389825506613,0.07334982091341691,-0.0667564310879103,FOREIGN_FLIP_SELL,16,2162312.0,102168.0,0.013686418123767252,390206760.46923405
4904,2026-03-23,2026-03-24,2026-03-31,94.0,91.9000015258789,-0.02234040929916059,-0.027267369356082538,0.004926960056921947,FOREIGN_FLIP_SELL,6,6481021.0,44194.0,0.0014521454669531586,697131187.2542449
4904,2026-04-09,2026-04-10,2026-04-20,94.9000015258789,98.1999969482422,0.03477339693681025,0.04350838935723145,-0.008734992420421195,FOREIGN_FLIP_SELL,7,3902354.0,513150.0,0.02500675506058414,541955712.1098533
4906,2024-05-14,2024-05-15,2024-05-15,31.02039857349427,30.748687744140625,-0.008759101811986691,0.0,-0.008759101811986691,FOREIGN_FLIP_SELL,1,2721000.0,54154.0,0.03125477752535066,67599690.19458713
4906,2024-07-23,2024-07-26,2024-07-26,39.77471327559279,40.010345458984375,0.005924170509009841,0.0,0.005924170509009841,FOREIGN_FLIP_SELL,1,7634821.0,13000.0,0.05801425186012743,1008318193.0057241
4912,2024-12-31,2025-01-02,2025-01-07,151.5129684012419,148.67208862304688,-0.018750076697538476,0.03587976576591223,-0.054629842463450706,FOREIGN_FLIP_SELL,4,392100.0,158000.0,0.17776953163610476,359103990.2808701
4912,2025-02-25,2025-02-26,2025-02-26,133.52081142581682,129.7329864501953,-0.028368798355648095,0.0,-0.028368798355648095,FOREIGN_FLIP_SELL,1,62000.0,1000.0,0.03953959631217274,157292746.2791458
4915,2024-02-16,2024-02-19,2024-02-21,62.407359131861625,62.86355209350586,0.007309922547440895,0.0021737603927252103,0.005136162154715684,FOREIGN_FLIP_SELL,3,1998333.0,69047.0,0.036340237447668455,131670607.97766836
4915,2024-03-04,2024-03-05,2024-03-05,69.7064696681199,70.07142639160156,0.005235621961910741,0.0,0.005235621961910741,FOREIGN_FLIP_SELL,1,3426800.0,2021798.0,0.0952760067458378,255489415.31597212
4915,2024-03-12,2024-03-13,2024-03-20,71.34876039085944,78.00919342041016,0.093350367869937,-0.007228867013603368,0.10057923488354037,FOREIGN_FLIP_SELL,6,2437100.0,94660.0,0.07571664568829317,343170556.49639815
4915,2024-03-26,2024-03-27,2024-03-27,75.4545030806646,77.7354736328125,0.030229747185657407,0.0,0.030229747185657407,FOREIGN_FLIP_SELL,1,1248625.0,222785.0,0.04439633263414011,511473823.2745514
4915,2024-05-27,2024-05-28,2024-06-11,88.50166784411552,98.0817413330078,0.1082473779563835,-0.0030327464418103967,0.1112801243981939,FOREIGN_FLIP_SELL,10,6339501.0,137000.0,0.004263442537744133,530401747.2299328
4915,2024-07-23,2024-07-26,2024-07-30,86.63385521186576,85.49767303466797,-0.013114759517733887,0.00471804239739293,-0.017832801915126817,FOREIGN_FLIP_SELL,3,2862000.0,507000.0,0.020823038084143874,426991615.3987289
4915,2025-01-15,2025-01-16,2025-02-03,76.59758381127668,76.97631072998047,0.0049443716088606315,-0.014349065909815995,0.019293437518676626,FOREIGN_FLIP_SELL,6,1229230.0,486108.0,0.028608161813156396,87239059.11392212
4915,2025-02-24,2025-02-25,2025-02-25,82.65721724492808,83.79339599609375,0.013745669029710639,0.0,0.013745669029710639,FOREIGN_FLIP_SELL,1,1877700.0,452786.0,0.03132703319366903,233424689.59373933
4915,2025-03-20,2025-03-21,2025-03-21,81.42635605755974,80.47953796386719,-0.011627906976744207,0.0,-0.011627906976744207,FOREIGN_FLIP_SELL,1,863193.0,141462.0,0.004379552454475855,176726939.2029896
4915,2025-07-03,2025-07-04,2025-07-08,75.0,71.5,-0.046666666666666634,-0.008215122241933659,-0.038451544424732975,FOREIGN_FLIP_SELL,3,5005155.0,57261.0,0.007355630158139892,363972623.24481815
4915,2025-07-11,2025-07-14,2025-07-15,73.4000015258789,72.80000305175781,-0.008174365962506869,0.009770905870307711,-0.01794527183281458,FOREIGN_FLIP_SELL,2,804008.0,34119.0,0.0008023784788768751,291588652.425
4915,2025-08-25,2025-08-26,2025-09-01,81.19999694824219,81.4000015258789,0.0024631106546002535,-0.009601653331014703,0.012064763985614957,FOREIGN_FLIP_SELL,5,614851.0,266000.0,0.05742345589331799,222468251.12578964
4915,2026-01-16,2026-01-19,2026-01-21,79.80000305175781,78.5,-0.016290764436620808,-0.012418734223099248,-0.00387203021352156,FOREIGN_FLIP_SELL,3,1110298.0,20490.0,0.02504820373452743,238104655.60573578
4916,2025-12-05,2025-12-08,2025-12-09,48.5,50.70000076293945,0.04536084047297839,-0.0042813960011827135,0.049642236474161106,FOREIGN_FLIP_SELL,2,1036000.0,142000.0,0.012188663339897765,153356485.6625
4916,2026-01-19,2026-01-20,2026-01-20,62.09999847412109,62.900001525878906,0.012882497124234282,0.0,0.012882497124234282,FOREIGN_FLIP_SELL,1,2160000.0,88000.0,0.037074598513663126,651780074.7576783
4916,2026-01-27,2026-01-28,2026-01-28,68.5,66.4000015258789,-0.030656912030964878,0.0,-0.030656912030964878,FOREIGN_FLIP_SELL,1,3432920.0,3000.0,0.13601168665818597,942407270.7324623
4919,2024-04-03,2024-04-08,2024-04-08,123.96492125496032,122.02796936035156,-0.015625,0.0,-0.015625,FOREIGN_FLIP_SELL,1,1171000.0,221000.0,0.029590532828951632,249778329.3394741
4919,2024-06-17,2024-06-18,2024-06-18,124.93339598178864,123.96492004394533,-0.007751937984496027,0.0,-0.007751937984496027,FOREIGN_FLIP_SELL,1,1562000.0,2000.0,0.009137806852241637,244901502.16007385
4919,2024-11-14,2024-11-15,2024-11-15,97.24273508426312,96.04956817626952,-0.012269985073534717,0.0,-0.012269985073534717,FOREIGN_FLIP_SELL,1,6284089.0,420000.0,0.059082842045510287,1707552034.1442423
4919,2025-01-09,2025-01-10,2025-01-13,98.83361602110736,87.9957275390625,-0.10965791719823614,-0.022750412660863084,-0.08690750453737306,FOREIGN_FLIP_SELL,2,4394935.0,321000.0,0.08460819525826602,330917694.0283611
4919,2025-04-30,2025-05-02,2025-05-02,69.20341893540272,68.4079818725586,-0.011494187354914143,0.0,-0.011494187354914143,FOREIGN_FLIP_SELL,1,504154.0,20000.0,0.006169262091469729,123208943.85385323
4927,2025-10-02,2025-10-03,2025-10-03,27.950000762939453,26.950000762939453,-0.03577817433643715,0.0,-0.03577817433643715,FOREIGN_FLIP_SELL,1,7680765.0,110000.0,0.06858514262106463,213333879.8270975
4938,2024-01-02,2024-01-03,2024-01-03,78.76644294456821,78.40135955810547,-0.004635011723452709,0.0,-0.004635011723452709,FOREIGN_FLIP_SELL,1,3251352.0,1352000.0,0.027510054802926343,693643146.5811402
4938,2024-04-08,2024-04-09,2024-04-12,92.1832049165792,89.71890258789062,-0.026732660585175316,-0.0028672982799778923,-0.023865362305197424,FOREIGN_FLIP_SELL,4,8411694.0,1212720.0,0.05285101415176041,2204818203.1163683
4938,2024-04-30,2024-05-02,2024-05-02,87.89349499106558,87.9847640991211,0.0010384057212060593,0.0,0.0010384057212060593,FOREIGN_FLIP_SELL,1,2480412.0,124000.0,0.0014350220699237415,957252615.2901542
4938,2024-10-15,2024-10-16,2024-10-23,96.93928184691798,97.4121551513672,0.004878035977158968,0.014070643244198378,-0.00919260726703941,FOREIGN_FLIP_SELL,6,4072309.0,98000.0,0.015228464771043893,549808870.5631591
4938,2025-02-03,2025-02-04,2025-02-04,92.2105352929298,88.9004135131836,-0.03589743589743599,0.0,-0.03589743589743599,FOREIGN_FLIP_SELL,1,3041888.0,842000.0,0.040931965819275495,589297591.9733642
4938,2026-01-08,2026-01-09,2026-01-09,70.5,69.4000015258789,-0.015602815235760237,0.0,-0.015602815235760237,FOREIGN_FLIP_SELL,1,14117970.0,103082.0,0.01621622180404647,865052970.45
4938,2026-03-16,2026-03-17,2026-03-30,77.80000305175781,78.5999984741211,0.010282717107749528,-0.03896406001180763,0.04924677711955716,FOREIGN_FLIP_SELL,10,14573044.0,84117.0,0.07556920555362567,991065221.3000001
4952,2025-02-06,2025-02-07,2025-02-20,51.10714353085314,51.86428451538086,0.014814777978554572,0.00039148567733104933,0.014423292301223523,FOREIGN_FLIP_SELL,10,231000.0,3000.0,0.02162211208457787,20901137.401867293
4958,2024-01-04,2024-01-05,2024-01-05,102.62608406760476,102.16171264648438,-0.004524886877828149,0.0,-0.004524886877828149,FOREIGN_FLIP_SELL,1,2602860.0,737518.0,0.026598213548112648,392342944.5940552
4958,2024-03-13,2024-03-14,2024-03-18,99.37548201938844,98.91111755371094,-0.004672827303488281,-0.0029125562108556213,-0.0017602710926326592,FOREIGN_FLIP_SELL,3,4153463.0,1212682.0,0.07687709201486426,369237317.5801865
4958,2025-07-08,2025-07-09,2025-07-09,108.0,113.5,0.05092592592592582,0.0,0.05092592592592582,FOREIGN_FLIP_SELL,1,6521764.0,453000.0,0.08555567309796697,735650794.9499999
4958,2025-07-15,2025-07-16,2025-07-29,113.0,127.5,0.12831858407079655,0.006883644764160701,0.12143493930663585,FOREIGN_FLIP_SELL,10,2103412.0,502000.0,0.08873687893354121,931892355.0
4958,2025-08-14,2025-08-15,2025-08-15,157.0,161.0,0.02547770700636942,0.0,0.02547770700636942,FOREIGN_FLIP_SELL,1,19732228.0,400963.0,0.22570408568028566,3361849486.2000003
4958,2026-03-24,2026-03-25,2026-03-27,204.0,230.0,0.12745098039215685,-0.009764600115041211,0.13721558050719806,FOREIGN_FLIP_SELL,3,5870527.0,69000.0,0.028317891165340114,5102147758.4
4958,2026-04-09,2026-04-10,2026-04-10,271.0,265.0,-0.022140221402214055,0.0,-0.022140221402214055,FOREIGN_FLIP_SELL,1,5989410.0,658752.0,0.2514842080265969,8496547381.6
4961,2024-02-19,2024-02-20,2024-02-22,218.57666198730467,227.17491149902344,0.03933745457334403,0.005312125518844857,0.034025329054499176,FOREIGN_FLIP_SELL,3,375000.0,56.0,0.009716920076754176,193588387.43100584
4961,2024-05-03,2024-05-06,2024-05-09,242.56127418281807,241.6561889648437,-0.003731367346348158,0.0018251921048235697,-0.0055565594511717276,FOREIGN_FLIP_SELL,4,1918239.0,3000.0,0.04250199239771235,579804495.4960762
4961,2024-06-12,2024-06-13,2024-06-14,247.08667224386463,244.37144470214844,-0.010988968029147173,0.00863577013670791,-0.019624738165855082,FOREIGN_FLIP_SELL,2,2127650.0,234000.0,0.03846161240698076,460006664.730304
4961,2024-06-20,2024-06-21,2024-06-21,256.58997686885573,257.4950561523437,0.0035273368606698607,0.0,0.0035273368606698607,FOREIGN_FLIP_SELL,1,297622.0,523000.0,0.07770838305080496,564355934.5728196
4961,2024-08-19,2024-08-20,2024-08-22,250.332167228512,250.8027191162109,0.001879710038500182,-0.012495799480637726,0.014375509519137908,FOREIGN_FLIP_SELL,3,837000.0,210000.0,0.05043688229044263,299509647.6730957
4961,2024-09-16,2024-09-18,2024-10-01,244.2150318603516,250.8027191162109,0.026974945832271002,0.03282236440595976,-0.005847418573688756,FOREIGN_FLIP_SELL,10,610000.0,302000.0,0.0040784860428046965,158216795.84601972
4961,2024-10-14,2024-10-15,2024-10-16,255.9787729862365,256.9198608398437,0.0036764292703981294,-0.012066723441250926,0.015743152711649055,FOREIGN_FLIP_SELL,2,768010.0,5000.0,0.03010791847616101,300454045.3598633
4961,2025-04-25,2025-04-28,2025-05-06,193.86627139549165,200.45396423339844,0.033980603178093594,0.0243670606567723,0.009613542521321294,FOREIGN_FLIP_SELL,6,279343.0,6000.0,0.030591793645866172,132727154.84848939
4961,2026-04-01,2026-04-02,2026-04-02,153.5,149.0,-0.02931596091205213,0.0,-0.02931596091205213,FOREIGN_FLIP_SELL,1,1048933.0,43000.0,0.05754276827371685,140398935.29999998
4967,2024-02-19,2024-02-20,2024-02-22,83.1836525843344,85.34938049316406,0.02603549906195779,0.005312125518844857,0.020723373543112933,FOREIGN_FLIP_SELL,3,1585000.0,180000.0,0.03628229566923036,239036648.6444111
4967,2024-08-19,2024-08-20,2024-08-20,122.06832300302936,120.59169006347656,-0.012096774193548598,0.0,-0.012096774193548598,FOREIGN_FLIP_SELL,1,1531000.0,3000.0,0.006573536746786068,765379749.765255
4967,2025-10-21,2025-10-22,2025-10-27,126.5,137.0,0.08300395256916993,0.01246778629526113,0.0705361662739088,FOREIGN_FLIP_SELL,3,1100006.0,54000.0,0.24755784992152896,2218492117.8500004
4967,2026-01-19,2026-01-20,2026-01-20,203.5,209.5,0.029484029484029506,0.0,0.029484029484029506,FOREIGN_FLIP_SELL,1,514493.0,16000.0,0.1755168220510741,4838955790.5
4967,2026-01-27,2026-01-28,2026-01-28,253.5,256.5,0.01183431952662728,0.0,0.01183431952662728,FOREIGN_FLIP_SELL,1,933203.0,2000.0,0.21987211018199693,4387810915.599999
4967,2026-02-05,2026-02-06,2026-02-09,223.0,209.5,-0.060538116591928204,0.0195607961848121,-0.0800989127767403,FOREIGN_FLIP_SELL,2,828367.0,2000.0,0.038663921299473714,2671149088.2
4968,2024-02-19,2024-02-20,2024-02-21,222.0,230.0,0.03603603603603611,-0.004097955157141175,0.04013399119317729,FOREIGN_FLIP_SELL,2,3561400.0,85000.0,0.24929656724817106,1318434934.1999998
4968,2024-06-17,2024-06-18,2024-06-19,235.0,222.5,-0.05319148936170215,0.01986645158123146,-0.07305794094293361,FOREIGN_FLIP_SELL,2,1535823.0,1170000.0,0.20082283363332487,776231627.075
4968,2024-07-16,2024-07-17,2024-07-18,238.0,238.0,0.0,-0.015622735237073582,0.015622735237073582,FOREIGN_FLIP_SELL,2,1988460.0,888000.0,0.03106125970664353,1758303497.6000001
4968,2024-09-23,2024-09-24,2024-09-24,182.5,180.0,-0.013698630136986356,0.0,-0.013698630136986356,FOREIGN_FLIP_SELL,1,504010.0,3000.0,0.053840631730079025,396054252.29999995
4968,2024-12-26,2024-12-27,2024-12-27,226.0,215.5,-0.04646017699115046,0.0,-0.04646017699115046,FOREIGN_FLIP_SELL,1,2588718.0,312000.0,0.06455800778944898,1670205516.925
4968,2025-01-21,2025-01-22,2025-01-22,205.0,200.0,-0.024390243902439046,0.0,-0.024390243902439046,FOREIGN_FLIP_SELL,1,1067410.0,147000.0,0.026615969581748944,780728655.375
4968,2025-02-07,2025-02-10,2025-02-12,204.5,197.0,-0.03667481662591687,0.0016174586076416197,-0.03829227523355849,FOREIGN_FLIP_SELL,3,225660.0,58000.0,0.05141388174807204,624291966.0250001
4968,2025-07-11,2025-07-14,2025-07-14,120.0,117.0,-0.025000000000000022,0.0,-0.025000000000000022,FOREIGN_FLIP_SELL,1,361000.0,15000.0,0.015378133558036744,120759370.225
4968,2025-08-07,2025-08-08,2025-08-11,157.5,156.5,-0.006349206349206327,0.004755796968586967,-0.011105003317793294,FOREIGN_FLIP_SELL,2,3357305.0,69000.0,0.22606924643584514,434756017.15
4977,2024-10-15,2024-10-16,2024-10-17,116.54423489379884,118.00713348388672,0.0125523033500623,0.001862561878152258,0.010689741471910041,FOREIGN_FLIP_SELL,2,1329367.0,140000.0,0.0937213957041092,1982433664.2112062
4994,2024-05-20,2024-05-21,2024-05-21,125.99267054143942,121.8542251586914,-0.03284671532846717,0.0,-0.03284671532846717,FOREIGN_FLIP_SELL,1,236380.0,1000.0,0.05571842655949011,139056597.24792138
5203,2025-02-05,2025-02-06,2025-02-11,98.8894697980183,121.93167877197266,0.23300973320028984,0.0028928391362812444,0.2301168940640086,FOREIGN_FLIP_SELL,4,493969.0,5000.0,0.07668067259770983,40663516.91693115
5203,2025-02-25,2025-02-26,2025-02-26,120.01149616544208,120.97158813476562,0.008000000000000007,0.0,0.008000000000000007,FOREIGN_FLIP_SELL,1,694956.0,1000.0,0.07563601615119997,288317834.18411404
5222,2024-11-26,2024-11-27,2024-11-27,124.86680337712204,118.68964385986328,-0.04946999002290897,0.0,-0.04946999002290897,FOREIGN_FLIP_SELL,1,174971.0,16000.0,0.05420568434464368,42147063.4101944
5222,2025-07-31,2025-08-04,2025-08-08,112.2727279663086,124.5454559326172,0.10931174639304642,0.027474313528543792,0.08183743286450262,FOREIGN_FLIP_SELL,5,191572.0,1000.0,0.03339637049691535,42656842.47558861
5222,2025-10-14,2025-10-15,2025-10-15,154.0,157.5,0.022727272727272707,0.0,0.022727272727272707,FOREIGN_FLIP_SELL,1,498365.0,167000.0,0.05706760316066717,241816740.375
5222,2026-02-24,2026-02-25,2026-03-02,144.5,140.5,-0.02768166089965396,-0.008979183842123928,-0.01870247705753003,FOREIGN_FLIP_SELL,3,610200.0,1000.0,0.01616628175519641,195050334.05
5225,2024-05-03,2024-05-06,2024-05-06,111.85298450422088,110.46637725830078,-0.012396694214876103,0.0,-0.012396694214876103,FOREIGN_FLIP_SELL,1,980000.0,2000.0,0.03396060278520863,176955415.88517073
5225,2024-07-09,2024-07-10,2024-07-12,124.33245242083515,116.01280975341795,-0.06691449018681972,-0.003755158492062649,-0.06315933169475707,FOREIGN_FLIP_SELL,3,4910000.0,1000.0,0.173874668891713,202228994.09150165
5234,2024-01-24,2024-01-25,2024-01-25,103.41275826387628,101.9896469116211,-0.013761467889908396,0.0,-0.013761467889908396,FOREIGN_FLIP_SELL,1,626000.0,30000.0,0.08874796474488367,140227973.720322
5234,2024-03-06,2024-03-07,2024-03-11,152.27290704072414,149.4266815185547,-0.018691608228167955,0.001653363525160323,-0.020344971753328278,FOREIGN_FLIP_SELL,3,1087000.0,3000.0,0.27798129484548273,467377476.4196663
5234,2024-08-16,2024-08-19,2024-08-19,145.41826923076923,139.5625,-0.04026845637583887,0.0,-0.04026845637583887,FOREIGN_FLIP_SELL,1,433000.0,183000.0,0.05869647729299032,236084531.31952208
5234,2024-08-23,2024-08-26,2024-08-28,143.46635059221765,162.00961303710938,0.12925164938221823,0.005869618539342536,0.12338203084287569,FOREIGN_FLIP_SELL,3,182504.0,52000.0,0.05933749024913615,180603451.64945984
5234,2024-09-18,2024-09-19,2024-09-25,252.774052166548,238.13462829589844,-0.05791505791505813,0.03261444833121674,-0.09052950624627487,FOREIGN_FLIP_SELL,5,2462519.0,323000.0,0.4083309394066157,982131847.7944404
5234,2024-11-21,2024-11-22,2024-11-22,231.7908713158141,229.35096740722656,-0.010526315789473717,0.0,-0.010526315789473717,FOREIGN_FLIP_SELL,1,489636.0,2000.0,0.008259141498088596,654204598.398819
5234,2025-01-14,2025-01-15,2025-01-21,200.0721224616556,220.079330444336,0.09999997869025878,0.03488582914189253,0.06511414954836625,FOREIGN_FLIP_SELL,5,434458.0,20000.0,0.04603579766002963,290777621.86363226
5234,2025-02-26,2025-02-27,2025-03-04,212.7596213214636,211.29568481445312,-0.006880706488937571,-0.019793314167954712,0.01291260767901714,FOREIGN_FLIP_SELL,3,1179769.0,41000.0,0.067073198585623,402634204.0058441
5234,2025-04-28,2025-04-29,2025-04-30,160.05769463392184,161.03366088867188,0.006097590353167481,0.00011854303657643506,0.005979047316591046,FOREIGN_FLIP_SELL,2,131563.0,1000.0,0.046251971190305996,170869190.53188324
5234,2025-05-21,2025-05-22,2025-05-22,185.4326934814453,185.4326934814453,0.0,0.0,0.0,FOREIGN_FLIP_SELL,1,198706.0,437000.0,0.11514443113850703,153011004.4831176
5234,2025-06-06,2025-06-09,2025-06-10,238.0,255.5,0.07352941176470584,0.02073637303314224,0.0527930387315636,FOREIGN_FLIP_SELL,2,785791.0,22000.0,0.20213621776738866,493767663.90000004
5234,2025-06-13,2025-06-16,2025-06-24,261.0,280.5,0.07471264367816088,0.006297505772816958,0.06841513790534393,FOREIGN_FLIP_SELL,7,1420127.0,139000.0,0.21143659267468218,635016863.55
5234,2026-02-24,2026-02-25,2026-03-02,441.5,391.5,-0.11325028312570784,-0.008979183842123928,-0.10427109928358391,FOREIGN_FLIP_SELL,3,1610850.0,2000.0,0.24602670057215503,582404400.9
5234,2026-03-05,2026-03-06,2026-03-06,399.5,392.0,-0.018773466833541974,0.0,-0.018773466833541974,FOREIGN_FLIP_SELL,1,1622283.0,6000.0,0.07307924174425606,725350876.65
5243,2024-07-16,2024-07-17,2024-07-18,66.20757655679745,64.74711608886719,-0.022058811753627228,-0.015622735237073582,-0.006436076516553646,FOREIGN_FLIP_SELL,2,870000.0,251000.0,0.022804725992163766,460855221.888628
5243,2024-11-18,2024-11-19,2024-11-20,67.9000015258789,70.69999694824219,0.041237045058034605,-0.007021874267539641,0.048258919325574245,FOREIGN_FLIP_SELL,2,588989.0,12000.0,0.010085663804213718,422192338.6971111
5243,2024-12-19,2024-12-20,2024-12-23,70.80000305175781,71.5999984741211,0.011299369885315658,0.02640082018191703,-0.01510145029660137,FOREIGN_FLIP_SELL,2,1304365.0,6000.0,0.03370458137749566,369472427.0
5243,2025-08-07,2025-08-08,2025-08-19,67.0999984741211,71.0999984741211,0.059612519984522994,0.013831091192412881,0.04578142879211011,FOREIGN_FLIP_SELL,8,974000.0,1000.0,0.08177107990049359,102007406.40147324
5243,2025-09-01,2025-09-02,2025-09-03,77.19999694824219,75.5,-0.022020686728549066,0.0034776305075121527,-0.02549831723606122,FOREIGN_FLIP_SELL,2,2880880.0,338000.0,0.06616004361413808,252481201.5040245
5243,2026-01-13,2026-01-14,2026-01-15,85.5999984741211,82.69999694824219,-0.033878523102493396,-0.004240196321329548,-0.02963832678116385,FOREIGN_FLIP_SELL,2,3208000.0,149000.0,0.055273219131936946,163164316.1096077
5269,2024-01-08,2024-01-09,2024-01-11,1756.3751968876009,1858.546630859375,0.05817175860421386,0.0005605818824345743,0.05761117672177929,FOREIGN_FLIP_SELL,3,752069.0,36000.0,0.04289076959411209,1874357293.4565554
5269,2024-05-20,2024-05-21,2024-05-21,1863.4120173326787,1819.624267578125,-0.023498694516971175,0.0,-0.023498694516971175,FOREIGN_FLIP_SELL,1,42514.0,65781.0,0.005249303499273328,1680805980.965393
5269,2024-10-07,2024-10-08,2024-10-15,1549.866943359375,1584.3084716796875,0.02222224847615606,0.03010201578435656,-0.007879767308200503,FOREIGN_FLIP_SELL,5,281045.0,38000.0,0.017221978455213227,1338090315.8498535
5269,2024-12-05,2024-12-06,2024-12-06,1830.3191489361704,1850.0,0.01075268817204278,0.0,0.01075268817204278,FOREIGN_FLIP_SELL,1,456558.0,323000.0,0.12739235523599368,2116913171.088037
5269,2024-12-27,2024-12-30,2025-01-02,1992.686135593849,1879.521240234375,-0.056790125317828455,-0.015443535801341168,-0.04134658951648729,FOREIGN_FLIP_SELL,3,296629.0,63000.0,0.0648874696301045,2451903145.700739
5269,2025-01-14,2025-01-15,2025-01-15,2022.2073685102769,2012.366943359375,-0.0048661800486619056,0.0,-0.0048661800486619056,FOREIGN_FLIP_SELL,1,241884.0,2000.0,0.02084112463465715,1891661350.5994873
5269,2025-06-11,2025-06-12,2025-06-12,1977.925534598932,1913.9627685546875,-0.032338308457711684,0.0,-0.032338308457711684,FOREIGN_FLIP_SELL,1,240804.0,13875.0,0.03909463733839291,1344181944.274292
5284,2024-02-19,2024-02-20,2024-02-21,169.10881278257676,170.064208984375,0.005649594400657154,-0.004097955157141175,0.00974754955779833,FOREIGN_FLIP_SELL,2,1107810.0,502000.0,0.3584319941932057,382976934.70441437
5284,2025-01-13,2025-01-14,2025-01-14,169.78568310836656,167.30343627929688,-0.014619883040935644,0.0,-0.014619883040935644,FOREIGN_FLIP_SELL,1,213620.0,3000.0,0.037221569455881065,229441532.31446534
5288,2024-07-29,2024-07-30,2024-08-02,190.5535889756623,189.1957244873047,-0.00712589301338773,-0.026345022897634407,0.019219129884246677,FOREIGN_FLIP_SELL,4,39000.0,1000.0,0.010269913094882455,7840929.038378906
5306,2024-02-20,2024-02-21,2024-02-21,143.29245655807023,138.99368286132812,-0.030000000000000027,0.0,-0.030000000000000027,FOREIGN_FLIP_SELL,1,237000.0,37000.0,0.16009269535470527,50138823.51101226
5388,2024-01-31,2024-02-01,2024-02-01,120.5632750268076,118.7012939453125,-0.015444015444015524,0.0,-0.015444015444015524,FOREIGN_FLIP_SELL,1,885237.0,13000.0,0.015625001000356464,254440708.4677101
5388,2024-03-19,2024-03-20,2024-03-20,134.52812795605809,133.59713745117188,-0.00692041522491349,0.0,-0.00692041522491349,FOREIGN_FLIP_SELL,1,1628998.0,2692000.0,0.04455813955687904,927488279.1283295
5388,2024-08-20,2024-08-21,2024-08-22,105.61042723222212,105.12818908691406,-0.0045661982244205035,-0.0040049008413989284,-0.0005612973830215751,FOREIGN_FLIP_SELL,2,596000.0,34000.0,0.00022835511546448473,267682756.77834323
5388,2024-08-27,2024-08-28,2024-08-29,107.05714416503906,105.61042785644533,-0.01351349617885833,-0.007546069078691819,-0.005967427100166511,FOREIGN_FLIP_SELL,2,1110600.0,82000.0,0.015697128071252342,218511002.40686035
5388,2025-01-14,2025-01-15,2025-01-15,116.7019323333492,118.63088989257812,0.016528925619834878,0.0,0.016528925619834878,FOREIGN_FLIP_SELL,1,3550100.0,743000.0,0.018151470454305096,923457453.0923126
5388,2025-02-05,2025-02-06,2025-02-14,127.79344051518244,125.8644790649414,-0.015094369808533847,-0.0070331968263959155,-0.008061172982137932,FOREIGN_FLIP_SELL,7,3650592.0,585000.0,0.08097085176805918,652955050.8906884
5388,2025-02-21,2025-02-24,2025-02-24,131.65135010429051,133.0980682373047,0.01098901098901095,0.0,0.01098901098901095,FOREIGN_FLIP_SELL,1,3169890.0,508000.0,0.05934657936109988,659409777.4405823
5388,2025-06-12,2025-06-13,2025-06-13,98.3000030517578,95.9000015258789,-0.024415070715869902,0.0,-0.024415070715869902,FOREIGN_FLIP_SELL,1,1015626.0,152000.0,0.010605737592568776,189750963.96333504
5388,2025-07-03,2025-07-04,2025-07-04,101.0,96.3000030517578,-0.046534623249922746,0.0,-0.046534623249922746,FOREIGN_FLIP_SELL,1,2929754.0,817000.0,0.026588639497177047,258821879.99999997
5388,2025-07-29,2025-07-30,2025-07-30,103.0,100.0,-0.029126213592232997,0.0,-0.029126213592232997,FOREIGN_FLIP_SELL,1,1050587.0,2000.0,0.030221169363846334,166969630.5433983
5434,2024-01-23,2024-01-24,2024-01-24,171.42426813447764,171.8850860595703,0.0026881720430107503,0.0,0.0026881720430107503,FOREIGN_FLIP_SELL,1,280323.0,6000.0,0.018201771395366828,51875041.3838501
5434,2024-02-16,2024-02-19,2024-02-20,178.7973508567907,179.71897888183594,0.005154595527443906,0.006297522514733034,-0.001142926987289128,FOREIGN_FLIP_SELL,2,467533.0,4000.0,0.038127061440940135,84722810.46508408
5434,2024-03-13,2024-03-14,2024-03-20,195.8476202171969,193.5435333251953,-0.011764691801954608,-0.007697428002838902,-0.004067263799115706,FOREIGN_FLIP_SELL,5,743010.0,35837.0,0.05910404565973226,175060341.09731445
5434,2024-04-15,2024-04-16,2024-04-16,231.3305944363118,231.7914123535156,0.0019920318725099584,0.0,0.0019920318725099584,FOREIGN_FLIP_SELL,1,1191224.0,132000.0,0.08843536376927053,335588818.7853081
5434,2024-05-17,2024-05-20,2024-05-20,250.68495120858788,245.15513610839844,-0.022058823529411797,0.0,-0.022058823529411797,FOREIGN_FLIP_SELL,1,1547900.0,62981.0,0.05942144411411099,588323871.3984605
5434,2024-06-05,2024-06-06,2024-06-12,248.84165954589844,258.5188293457031,0.03888886538316849,0.006677794243039825,0.032211071140128666,FOREIGN_FLIP_SELL,4,1357477.0,109880.0,0.013877160385438403,332584147.1851021
5434,2024-06-26,2024-06-27,2024-07-02,256.7764216393396,262.5144348144531,0.02234633981765244,-0.0011617633290705864,0.023508103146723025,FOREIGN_FLIP_SELL,4,2017793.0,41000.0,0.02655469397712107,316860984.04493403
5434,2025-02-17,2025-02-18,2025-02-20,281.16299540884546,285.9446716308594,0.017006776496532705,-0.0075487032815253485,0.024555479778058054,FOREIGN_FLIP_SELL,3,102818.0,2000.0,0.019859485715971514,108664591.03545989
5434,2025-07-03,2025-07-04,2025-07-23,278.5,288.5,0.03590664272890476,0.03420201449717264,0.0017046282317321193,FOREIGN_FLIP_SELL,14,165955.0,147000.0,0.054950555089323005,157290823.79999998
5434,2025-08-29,2025-09-01,2025-09-02,292.0,286.5,-0.018835616438356184,-0.002282809370366512,-0.016552807067989672,FOREIGN_FLIP_SELL,2,569759.0,8000.0,0.004817618719889838,176859596.60000002
5434,2025-09-24,2025-09-25,2025-09-30,319.0,314.0,-0.01567398119122254,-0.007812470096728474,-0.007861511094494067,FOREIGN_FLIP_SELL,3,888811.0,235000.0,0.07452045493125103,246029645.025
5434,2025-10-14,2025-10-15,2025-10-20,320.5,325.5,0.015600624024961096,0.015138740941388118,0.00046188308357297814,FOREIGN_FLIP_SELL,4,493301.0,13000.0,0.027687296416938123,389211085.3
5434,2026-01-26,2026-01-27,2026-02-05,330.0,325.0,-0.015151515151515138,-0.015986498879691058,0.0008349837281759198,FOREIGN_FLIP_SELL,8,878443.0,14000.0,0.053137003841229324,261397557.04999998
5434,2026-02-25,2026-02-26,2026-03-02,348.0,334.5,-0.03879310344827591,-0.00901886354995296,-0.02977423989832295,FOREIGN_FLIP_SELL,2,1155312.0,46000.0,0.057429352780309806,239440860.6
5434,2026-04-02,2026-04-07,2026-04-08,333.0,360.0,0.08108108108108114,0.046089884909003676,0.034991196172077466,FOREIGN_FLIP_SELL,2,571528.0,153000.0,0.02330606575088745,182053385.475
5469,2024-02-02,2024-02-05,2024-02-23,59.50282442895468,58.99771118164063,-0.008488895311467903,0.04382825259455081,-0.05231714790601871,FOREIGN_FLIP_SELL,8,1458520.0,188000.0,0.05634439993241158,183474616.19556582
5469,2024-03-20,2024-03-21,2024-03-22,66.97856348895806,63.03865432739258,-0.05882343478768404,0.0014525329595025394,-0.060275967747186576,FOREIGN_FLIP_SELL,2,5972385.0,76000.0,0.12614961498571575,325934419.3292862
5469,2025-02-10,2025-02-11,2025-02-13,54.01083755493164,53.14896011352539,-0.015957490763398696,0.0006568312369692464,-0.016614322000367943,FOREIGN_FLIP_SELL,3,2710998.0,109000.0,0.059113330607265535,114749542.1790682
5469,2025-05-27,2025-05-28,2025-06-02,62.246530319773264,57.07527923583984,-0.08307693709782127,-0.016622081099368247,-0.06645485599845302,FOREIGN_FLIP_SELL,3,7096363.0,558000.0,0.16381682560762068,244393922.74611342
5469,2025-07-29,2025-07-30,2025-08-07,71.0,66.80000305175781,-0.059154886594960376,0.02310354108225332,-0.0822584276772137,FOREIGN_FLIP_SELL,6,5033938.0,38000.0,0.11685033307167259,539129518.483532
5469,2025-11-27,2025-11-28,2025-12-01,107.0,111.5,0.0420560747663552,-0.01027822462568817,0.05233429939204337,FOREIGN_FLIP_SELL,2,7503540.0,520000.0,0.13642424933106856,1512783084.0
5469,2026-04-09,2026-04-10,2026-04-13,86.69999694824219,88.0,0.014994268714148662,0.0011141546387523071,0.013880114075396355,FOREIGN_FLIP_SELL,2,876000.0,1000.0,0.008114651664929307,179046716.21461678
5471,2024-12-27,2024-12-30,2024-12-30,40.81824809372502,40.38246536254883,-0.010676174297720054,0.0,-0.010676174297720054,FOREIGN_FLIP_SELL,1,65000.0,87989.0,0.03490658399303781,14324732.818722725
5484,2026-01-19,2026-01-20,2026-01-20,40.5,40.150001525878906,-0.008641937632619556,0.0,-0.008641937632619556,FOREIGN_FLIP_SELL,1,164801.0,42000.0,0.036024508854924475,12541332.149037553
5515,2024-02-19,2024-02-20,2024-02-21,20.20804673098446,20.097620010375977,-0.005464492539952848,-0.004097955157141175,-0.0013665373828116723,FOREIGN_FLIP_SELL,2,1321000.0,8000.0,0.05232723741296064,15240924.622363567
5515,2024-02-26,2024-02-27,2024-02-29,19.71112823486328,19.545488357543945,-0.008403368662904143,0.005959315304422619,-0.014362683967326761,FOREIGN_FLIP_SELL,2,417000.0,5000.0,0.01816100137660337,20783906.29536438
5515,2024-03-07,2024-03-08,2024-03-13,20.925819500632908,21.643592834472656,0.034300847038178706,0.0072371561775794735,0.027063690860599232,FOREIGN_FLIP_SELL,4,1450000.0,10000.0,0.06760564025818505,34772011.390397646
5515,2024-04-03,2024-04-08,2024-04-22,23.13434837020446,28.048328399658203,0.2124105659177602,-0.04929441387307387,0.26170497979083407,FOREIGN_FLIP_SELL,11,1174000.0,64000.0,0.045426247644750894,121047938.253763
5515,2026-01-09,2026-01-12,2026-01-12,40.34999847412109,39.150001525878906,-0.02973970244414781,0.0,-0.02973970244414781,FOREIGN_FLIP_SELL,1,560750.0,100000.0,0.11227553592818773,45080406.425838664
5519,2024-04-18,2024-04-19,2024-04-22,38.307257868774606,36.25897216796875,-0.05346991183296035,-0.0059352553064973,-0.04753465652646305,FOREIGN_FLIP_SELL,2,965597.0,35000.0,0.07552497639469546,67607702.01080818
5522,2024-06-03,2024-06-04,2024-06-05,87.68540245957372,86.2965087890625,-0.015839508419335346,0.006005712697569221,-0.021845221116904567,FOREIGN_FLIP_SELL,2,2375382.0,115000.0,0.14943931205393213,470690706.1531132
5522,2024-06-11,2024-06-12,2024-06-12,85.0928112843971,82.2224349975586,-0.033732300572901996,0.0,-0.033732300572901996,FOREIGN_FLIP_SELL,1,1380936.0,17000.0,0.07832203229280998,400029831.72890013
5522,2024-07-29,2024-07-30,2024-08-02,83.7913714691185,79.6923599243164,-0.04891925592019697,-0.026345022897634407,-0.022574233022562562,FOREIGN_FLIP_SELL,4,287000.0,55000.0,0.009046640674772233,211019384.80413666
5522,2024-08-30,2024-09-02,2024-09-03,76.35595650917543,75.21205139160156,-0.014981216526786745,-0.00642626632600074,-0.008554950200786005,FOREIGN_FLIP_SELL,2,383535.0,13000.0,0.0303646645724851,140848623.07816315
5522,2024-12-09,2024-12-10,2024-12-11,68.21527682545425,66.57037353515625,-0.024113415159288998,-0.00957614927178041,-0.014537265887508588,FOREIGN_FLIP_SELL,2,1227565.0,8000.0,0.05412681186882495,116208588.1232895
5522,2025-02-24,2025-02-25,2025-02-25,76.63332795394317,78.084716796875,0.01893939466917227,0.0,0.01893939466917227,FOREIGN_FLIP_SELL,1,631046.0,311497.0,0.04563227868098885,82398978.85520324
5522,2025-12-16,2025-12-17,2026-01-15,66.5,70.4000015258789,0.05864663948690074,0.11936021341830094,-0.0607135739314002,20D_TIMEOUT,20,2705500.0,163000.0,0.0925213744627944,93187136.63004684
5534,2024-03-15,2024-03-18,2024-03-19,80.23769911957103,80.33333587646484,0.0011919179879684716,-0.001139364284441946,0.0023312822724104176,FOREIGN_FLIP_SELL,2,1339000.0,125000.0,0.05556610134949125,51116595.99972916
5534,2024-03-22,2024-03-25,2024-03-29,81.57659118105983,84.3499984741211,0.03399758745625525,0.0050613091037403635,0.028936278352514888,FOREIGN_FLIP_SELL,5,716039.0,120000.0,0.053087466199185585,71388768.91495056
5534,2024-04-26,2024-04-29,2024-04-29,125.2817451742165,123.84722137451172,-0.011450381679389388,0.0,-0.011450381679389388,FOREIGN_FLIP_SELL,1,3148910.0,436000.0,0.20979221846606233,589770067.2019454
5534,2024-07-17,2024-07-18,2024-07-18,124.32539293382052,127.67261505126952,0.026923076923076827,0.0,0.026923076923076827,FOREIGN_FLIP_SELL,1,979500.0,317000.0,0.11299195034418785,240519119.62802276
5534,2024-08-01,2024-08-02,2024-08-02,138.67063960322628,129.10714721679688,-0.06896551724137934,0.0,-0.06896551724137934,FOREIGN_FLIP_SELL,1,460899.0,1150000.0,0.159591213236409,417385182.6526634
5534,2025-02-17,2025-02-18,2025-02-18,93.3000030517578,93.5,0.0021435899431991867,0.0,0.0021435899431991867,FOREIGN_FLIP_SELL,1,280233.0,420000.0,0.09349305525489537,97117905.7982689
5534,2025-03-19,2025-03-20,2025-03-24,97.4000015258789,109.5,0.12422996185381119,-0.012093488812276898,0.1363234506660881,FOREIGN_FLIP_SELL,3,898204.0,100000.0,0.018086492800623022,86222633.31505355
5534,2025-07-01,2025-07-02,2025-07-03,86.4000015258789,86.69999694824219,0.003472169178994955,0.0059895484378065245,-0.0025173792588115695,FOREIGN_FLIP_SELL,2,240844.0,205000.0,0.009087700305206114,77380445.475
5534,2025-09-05,2025-09-08,2025-09-08,84.4000015258789,81.80000305175781,-0.030805668567717714,0.0,-0.030805668567717714,FOREIGN_FLIP_SELL,1,2305963.0,929000.0,0.056885301873419225,172446329.75
5607,2024-06-06,2024-06-07,2024-06-12,49.29809299460313,48.94969177246094,-0.007067235281907003,0.008718856138114184,-0.015786091420021187,FOREIGN_FLIP_SELL,3,329468.0,2000.0,0.009684389849130781,29769567.39342728
5607,2024-06-24,2024-06-25,2024-06-27,49.47229129537145,49.90778732299805,0.008802827122489587,0.0013118466540482654,0.007490980468441322,FOREIGN_FLIP_SELL,3,375000.0,1000.0,0.0028450154881409784,37476061.43036271
5607,2024-07-05,2024-07-08,2024-07-15,52.7820582322484,53.304649353027344,0.00990092350092664,5.063140801198074e-05,0.009850292092914659,FOREIGN_FLIP_SELL,6,976296.0,1000.0,0.03667566195130112,51031270.17225304
5871,2024-03-13,2024-03-14,2024-03-15,154.4519232037934,154.8894805908203,0.002832968201047059,-0.012810760745144978,0.015643728946192037,FOREIGN_FLIP_SELL,2,890617.0,241089.0,0.010187994491463348,700807808.6788377
5871,2024-10-22,2024-10-23,2024-10-23,145.88472796252597,144.0203857421875,-0.012779557163909439,0.0,-0.012779557163909439,FOREIGN_FLIP_SELL,1,6324474.0,356985.0,0.0035267807566246034,1954447046.12352
5871,2025-02-21,2025-02-24,2025-02-24,119.3178652528378,119.78395080566406,0.003906251187436149,0.0,0.003906251187436149,FOREIGN_FLIP_SELL,1,1100184.0,116399.0,0.07142859206473595,876781544.216796
5871,2025-04-25,2025-04-28,2025-04-28,106.73355865478516,106.73355865478516,0.0,0.0,0.0,FOREIGN_FLIP_SELL,1,3114287.0,6394.0,0.01545448369839586,768161536.3100433
5871,2025-05-15,2025-05-16,2025-05-22,116.05526685100192,119.31786346435548,0.02811243902909011,-0.007907478999628847,0.036019918028718956,FOREIGN_FLIP_SELL,5,1584647.0,65407.0,0.06552093577751483,575553209.7169895
5871,2025-07-08,2025-07-09,2025-07-11,119.3178652528378,118.3856964111328,-0.007812483400785886,0.009944485911833834,-0.01775696931261972,FOREIGN_FLIP_SELL,3,4805637.0,2264.0,0.032335812846800094,707867767.1518197
5871,2025-11-21,2025-11-24,2025-11-26,103.5,103.5,0.0,0.03415675454642386,-0.03415675454642386,FOREIGN_FLIP_SELL,3,5091087.0,159000.0,0.0024330900243310083,592980192.75
5871,2025-12-18,2025-12-19,2025-12-29,106.0,108.5,0.02358490566037741,0.04024144088821502,-0.01665653522783761,FOREIGN_FLIP_SELL,6,4828988.0,107676.0,0.038771031455742344,789928322.775
5871,2026-03-24,2026-03-25,2026-03-30,106.0,111.0,0.04716981132075482,-0.027541080966663745,0.07471089228741856,FOREIGN_FLIP_SELL,4,1816849.0,2000.0,0.008443908323281013,701669508.375
5876,2024-01-09,2024-01-10,2024-01-10,42.26625032608517,41.48183441162109,-0.018558918958088255,0.0,-0.018558918958088255,FOREIGN_FLIP_SELL,1,1204733.0,42110.0,0.005112601305130804,159073901.0010063
5876,2024-03-19,2024-03-20,2024-03-20,43.09680938720703,43.09680938720703,0.0,0.0,0.0,FOREIGN_FLIP_SELL,1,4831348.0,2799908.0,0.027944060449344166,166094524.85848084
5876,2024-04-11,2024-04-12,2024-04-17,43.281381870794576,42.8199577331543,-0.010661030625541024,-0.025232727808397026,0.014571697182856003,FOREIGN_FLIP_SELL,4,5550764.0,15000.0,0.011984085918469223,301648215.2100382
5876,2024-05-02,2024-05-03,2024-05-07,43.32751955273667,43.09680938720703,-0.005324795139699301,0.015897879591020292,-0.021222674730719593,FOREIGN_FLIP_SELL,3,6142650.0,877647.0,0.01354638309337819,234813766.94984436
5876,2024-06-20,2024-06-21,2024-06-24,42.450817360276,42.3123893737793,-0.003260902736498039,-0.018908700814464607,0.015647798077966568,FOREIGN_FLIP_SELL,2,1558882.0,228014.0,0.0029948115565368028,441968992.6935242
5876,2024-07-05,2024-07-08,2024-07-09,42.49695859658918,42.4046745300293,-0.0021715452024675397,0.0009183997563149138,-0.0030899449587824535,FOREIGN_FLIP_SELL,2,6256268.0,32000.0,0.0070372592777045995,185953757.0808792
5876,2024-08-16,2024-08-19,2024-08-19,39.986205330131575,39.55366516113281,-0.010817234729518677,0.0,-0.010817234729518677,FOREIGN_FLIP_SELL,1,3695498.0,1302307.0,0.02000974247330989,393516857.5997257
5876,2024-09-19,2024-09-20,2024-10-08,37.53512867680826,37.58318710327149,0.0012803586442191595,0.020396323762917223,-0.019115965118698064,FOREIGN_FLIP_SELL,11,5237717.0,269000.0,0.0029236168720012667,243973482.9683474
5876,2024-10-28,2024-10-29,2024-11-01,37.77543124047339,38.06379318237305,0.007633584380916325,-0.006390386299205297,0.014023970680121622,FOREIGN_FLIP_SELL,3,5406053.0,276744.0,0.004729688545406452,341337817.248044
5876,2024-11-14,2024-11-15,2024-11-18,38.15991607595935,38.06379318237305,-0.0025189492921045,-0.008628257366824488,0.006109308074719988,FOREIGN_FLIP_SELL,2,2139592.0,3758000.0,0.008830490042572192,311328895.18385315
5876,2024-12-10,2024-12-11,2024-12-19,38.544395446777344,38.111854553222656,-0.011221888125134694,0.001249546013063041,-0.012471434138197734,FOREIGN_FLIP_SELL,7,5491270.0,1204848.0,0.03170543766072953,593581216.9487976
5876,2025-02-20,2025-02-21,2025-02-24,42.77370658378976,42.437286376953125,-0.007865117000735444,-0.006950599050789652,-0.0009145179499457923,FOREIGN_FLIP_SELL,2,3253357.0,288948.0,0.024016582814392784,281446778.2073547
5876,2025-03-03,2025-03-04,2025-03-04,41.95668340040238,41.428016662597656,-0.012600298568872459,0.0,-0.012600298568872459,FOREIGN_FLIP_SELL,1,1830808.0,409370.0,0.0059037326655828615,239462641.24727857
5876,2025-04-10,2025-04-11,2025-04-15,45.08060612494155,44.84030532836914,-0.005330469512907943,0.016841838913542073,-0.022172308426450016,FOREIGN_FLIP_SELL,3,8294757.0,3490599.0,0.04675192294267294,416081431.8315264
5876,2025-04-28,2025-04-29,2025-05-08,44.93642455592101,44.40776062011719,-0.011764708497132959,0.015359818177377749,-0.027124526674510707,FOREIGN_FLIP_SELL,7,854804.0,29570.0,0.008439688411653323,449901400.9841528
5876,2025-05-19,2025-05-20,2025-05-20,45.08060635356925,44.31163787841797,-0.017057633810872663,0.0,-0.017057633810872663,FOREIGN_FLIP_SELL,1,4869844.0,340247.0,0.010672323721915067,251464270.28968048
5876,2025-07-03,2025-07-04,2025-07-14,46.650001525878906,45.79999923706055,-0.018220841608050597,0.0029923806685885346,-0.021213222276639132,FOREIGN_FLIP_SELL,7,6977043.0,212782.0,0.038045902527335196,423337642.42675424
5876,2025-08-12,2025-08-13,2025-08-15,44.650001525878906,44.150001525878906,-0.01119820790398407,-0.0014583107926700034,-0.009739897111314066,FOREIGN_FLIP_SELL,3,1641553.0,74179.0,0.004809086865717793,127287984.53446044
5876,2026-01-05,2026-01-06,2026-01-06,40.650001525878906,40.5,-0.0036900742988511537,0.0,-0.0036900742988511537,FOREIGN_FLIP_SELL,1,2275284.0,58743.0,0.00897555413053075,423992541.7125
5880,2024-05-06,2024-05-07,2024-05-09,23.819395908533743,23.3750057220459,-0.018656652259121054,-0.004491230737936669,-0.014165421521184385,FOREIGN_FLIP_SELL,3,20278772.0,65000.0,0.02318447656993783,282619342.64244974
5880,2024-05-17,2024-05-20,2024-05-22,23.81939812865401,23.64164161682129,-0.00746267856444649,0.013172437064293385,-0.020635115628739875,FOREIGN_FLIP_SELL,3,8984593.0,48469.0,0.010062686242350072,270516140.09027094
5880,2024-07-05,2024-07-08,2024-07-09,23.55276457367249,23.46388435363769,-0.003773664011151756,0.0009183997563149138,-0.00469206376746667,FOREIGN_FLIP_SELL,2,14425922.0,128000.0,0.019193943239927735,287831036.1014001
5880,2024-07-15,2024-07-16,2024-07-16,23.64164161682129,23.64164161682129,0.0,0.0,0.0,FOREIGN_FLIP_SELL,1,7029088.0,62000.0,0.013429851855911723,286629316.07315415
5880,2024-08-23,2024-08-26,2024-08-27,24.35258963983697,24.44697952270508,0.0038759690145520054,-0.0024783653485163093,0.006354334363068315,FOREIGN_FLIP_SELL,2,3482224.0,64000.0,0.024763566866707443,375563958.9357145
5880,2024-09-16,2024-09-18,2024-09-18,24.16380908217244,24.21100425720215,0.0019531347425074674,0.0,0.0019531347425074674,FOREIGN_FLIP_SELL,1,5667083.0,156000.0,9.731427043035978e-05,208381377.5908617
5880,2024-09-23,2024-09-24,2024-10-04,24.352589174999515,24.305395126342773,-0.001937947883800084,-0.005753817281582307,0.0038158693977822233,FOREIGN_FLIP_SELL,7,9464020.0,55000.0,0.0073063866131461985,221347167.5154629
5880,2025-04-14,2025-04-15,2025-04-15,22.700765086555563,22.606374740600582,-0.00415802487691852,0.0,-0.00415802487691852,FOREIGN_FLIP_SELL,1,7853734.0,132101.0,0.0012515185591197575,328100682.0293579
5880,2025-04-23,2025-04-24,2025-04-24,22.5119857788086,22.5119857788086,0.0,0.0,0.0,FOREIGN_FLIP_SELL,1,7298581.0,130025.0,0.004930196582338731,302219064.99954045
5880,2025-05-06,2025-05-07,2025-05-13,23.550275021017672,23.45588493347168,-0.004008024851588909,0.038140353008511596,-0.042148377860100505,FOREIGN_FLIP_SELL,5,26923703.0,52776.0,0.03985775160418403,272537753.86963433
5880,2025-08-06,2025-08-07,2025-08-08,24.871732189639538,24.588563919067383,-0.011385144726273277,0.0007286453218204869,-0.012113790048093764,FOREIGN_FLIP_SELL,2,22477904.0,701684.0,0.02789153162231095,225316143.06423247
5880,2025-11-24,2025-11-25,2025-11-25,24.299999237060547,23.850000381469727,-0.018518472004909192,0.0,-0.018518472004909192,FOREIGN_FLIP_SELL,1,16740797.0,121336.0,0.014507849943051765,258287276.1956354
5880,2026-02-11,2026-02-23,2026-02-24,24.100000381469727,24.049999237060547,-0.002074736249698339,0.027464288213389976,-0.029539024463088315,FOREIGN_FLIP_SELL,2,24593814.0,561000.0,0.006421710922764223,415662101.36558545
5880,2026-03-27,2026-03-30,2026-03-30,22.950000762939453,23.200000762939453,0.010893245825233766,0.0,0.010893245825233766,FOREIGN_FLIP_SELL,1,10153038.0,67000.0,0.006992986444150251,399355652.3996542
6005,2024-01-25,2024-01-26,2024-01-30,14.159921903902646,14.204035758972168,0.003115402427280589,0.002200694527731528,0.000914707899549061,FOREIGN_FLIP_SELL,3,793320.0,12000.0,0.0014038060993548651,47985835.29440737
6005,2024-05-02,2024-05-03,2024-05-07,22.93819287895049,22.717634201049805,-0.009615346730434071,0.015897879591020292,-0.025513226321454363,FOREIGN_FLIP_SELL,3,17740853.0,1858000.0,0.1355633695180123,488555296.7393331
6005,2024-05-17,2024-05-20,2024-05-20,23.335201629124143,22.717634201049805,-0.02646505643660546,0.0,-0.02646505643660546,FOREIGN_FLIP_SELL,1,19791088.0,1873000.0,0.05800003365712714,513790786.1239528
6005,2024-09-30,2024-10-01,2024-10-01,20.227150839972293,20.320362091064453,0.004608224451857046,0.0,0.004608224451857046,FOREIGN_FLIP_SELL,1,3048884.0,879000.0,0.021467274737609232,93990421.27544555
6005,2024-11-28,2024-11-29,2024-12-12,20.879637433496843,22.184614181518555,0.06249997166752341,0.035229681358787124,0.02727029030873629,FOREIGN_FLIP_SELL,10,5751000.0,990000.0,0.02499716456208967,86016581.91923083
6005,2025-02-17,2025-02-18,2025-02-20,25.12081580198746,25.540271759033203,0.016697545189299,-0.0075487032815253485,0.02424624847082435,FOREIGN_FLIP_SELL,3,4549900.0,43000.0,0.02188397586491453,168776869.14749986
6005,2025-05-07,2025-05-08,2025-05-08,24.887784494970763,25.027603149414062,0.005617963080303712,0.0,0.005617963080303712,FOREIGN_FLIP_SELL,1,3869730.0,1869225.0,0.06311640329539436,141141730.20032537
6005,2025-08-07,2025-08-08,2025-08-08,21.39999961853028,21.25,-0.007009328093650846,0.0,-0.007009328093650846,FOREIGN_FLIP_SELL,1,2422236.0,5423.0,0.034859684400959434,140728042.7392967
6005,2025-09-11,2025-09-12,2025-09-18,23.950000762939453,23.799999237060547,-0.006263111528205911,0.011569103342355724,-0.017832214870561636,FOREIGN_FLIP_SELL,5,10060000.0,728613.0,0.07207204691630897,130095564.15962009
6005,2026-01-08,2026-01-09,2026-01-30,27.14999961853028,29.700000762939453,0.09392269540470854,0.0585952441934936,0.035327451211214944,FOREIGN_FLIP_SELL,16,33867723.0,302669.0,0.10106654246678892,316831638.27984047
6005,2026-02-24,2026-02-25,2026-03-02,31.049999237060547,30.700000762939453,-0.011272092841256631,-0.008979183842123928,-0.0022929089991327034,FOREIGN_FLIP_SELL,3,17860881.0,188326.0,0.06505814793480114,296352105.6764448
6024,2024-05-02,2024-05-03,2024-05-06,51.054212649946734,53.19261169433594,0.04188486969823901,0.009492729647566867,0.03239214005067215,FOREIGN_FLIP_SELL,2,439000.0,126000.0,0.02620090754991633,21581165.95233708
6024,2024-06-05,2024-06-06,2024-06-06,54.70730711767244,54.35090637207031,-0.006514682670004768,0.0,-0.006514682670004768,FOREIGN_FLIP_SELL,1,282030.0,96961.0,0.017794760219037142,25987426.875160217
6024,2024-06-20,2024-06-21,2024-06-26,55.01990044476568,55.49176788330078,0.008576304840987703,-0.011469345532271191,0.020045650373258894,FOREIGN_FLIP_SELL,4,292750.0,82000.0,0.02291365822648106,35025856.21973343
6024,2024-07-01,2024-07-02,2024-07-03,55.586142664708255,55.77488708496094,0.003395530094455035,0.012808943510362658,-0.009413413415907623,FOREIGN_FLIP_SELL,2,182000.0,3077.0,0.01632480383100643,36027505.76822471
6024,2024-08-22,2024-08-23,2024-08-26,53.41554530418112,52.66055679321289,-0.014134246999985889,0.0037037716081256278,-0.017838018608111517,FOREIGN_FLIP_SELL,2,203849.0,3009.0,0.026903760429186185,21692223.07447014
6024,2024-09-02,2024-09-03,2024-09-03,52.56618200597586,52.37743377685547,-0.003590677921005092,0.0,-0.003590677921005092,FOREIGN_FLIP_SELL,1,68000.0,10173.0,0.005505954527673662,14521687.206356049
6024,2024-09-19,2024-09-20,2024-09-23,53.5099223367454,53.321170806884766,-0.0035274117699665153,0.0056910052449301585,-0.009218417014896674,FOREIGN_FLIP_SELL,2,229000.0,7958.0,0.02096129610562958,10246636.081910133
6024,2024-10-16,2024-10-17,2024-10-23,53.038050782098125,53.50992202758789,0.008896843653406483,0.012185385331856535,-0.003288541678450052,FOREIGN_FLIP_SELL,5,100180.0,39.0,0.004273516269339472,8681352.129550552
6024,2024-10-28,2024-10-29,2024-10-29,53.13242309662778,53.22679901123047,0.001776239612318209,0.0,0.001776239612318209,FOREIGN_FLIP_SELL,1,61001.0,9897.0,0.004873757410925883,8245445.5540828705
6024,2024-11-25,2024-11-26,2024-11-27,55.20864815978609,54.736778259277344,-0.0085470287036018,-0.015167516755981714,0.006620488052379914,FOREIGN_FLIP_SELL,2,149000.0,3414.0,0.016919721285101774,16437727.837070465
6024,2024-12-11,2024-12-12,2024-12-17,55.96363635604397,54.359283447265625,-0.028667774527219025,-0.0012492413111160339,-0.02741853321610299,FOREIGN_FLIP_SELL,4,280001.0,902.0,0.0017950086476730132,13470029.500707626
6024,2025-02-03,2025-02-04,2025-02-04,54.52611097077321,54.432743072509766,-0.0017123520566777461,0.0,-0.0017123520566777461,FOREIGN_FLIP_SELL,1,63000.0,14518.0,0.016126226435356328,18474167.55101204
6112,2025-01-08,2025-01-09,2025-01-13,55.30107358805608,57.18071365356445,0.03398921473948269,-0.025683350822874318,0.059672565562357005,FOREIGN_FLIP_SELL,3,519000.0,103000.0,0.08533914006509824,128751742.63371086
6112,2025-02-06,2025-02-07,2025-02-10,69.94249719205433,73.00928497314453,0.04384727317740933,-0.009631412824059216,0.053478686001468545,FOREIGN_FLIP_SELL,2,1934700.0,92000.0,0.2469685319075663,840878137.2805599
6139,2024-03-25,2024-03-26,2024-03-26,200.2798800022482,200.7613220214844,0.0024038461538462563,0.0,0.0024038461538462563,FOREIGN_FLIP_SELL,1,3842639.0,395000.0,0.15616670254376186,2323449984.358387
6139,2024-04-10,2024-04-11,2024-04-11,292.7167440878378,320.640380859375,0.09539473684210531,0.0,0.09539473684210531,FOREIGN_FLIP_SELL,1,1641936.0,14000.0,0.3704205582650546,4821023498.535964
6139,2024-08-21,2024-08-22,2024-08-22,240.2395556905996,232.53648376464844,-0.03206412825651328,0.0,-0.03206412825651328,FOREIGN_FLIP_SELL,1,2361989.0,57000.0,0.07447842269818472,1025470738.5737121
6139,2024-10-01,2024-10-04,2024-10-04,226.5,221.5,-0.02207505518763797,0.0,-0.02207505518763797,FOREIGN_FLIP_SELL,1,1892411.0,941000.0,0.056182389205536865,613985468.5999999
6139,2025-01-03,2025-01-06,2025-01-15,232.0,225.5,-0.028017241379310387,-0.04387435482549229,0.015857113446181903,FOREIGN_FLIP_SELL,8,1300137.0,295000.0,0.062275310216861834,714512014.1999999
6139,2025-01-22,2025-02-03,2025-02-04,236.0,238.0,0.008474576271186418,0.004373265659709302,0.004101310611477116,FOREIGN_FLIP_SELL,2,4036195.0,169000.0,0.09051254089422023,990041825.0
6139,2025-05-08,2025-05-09,2025-05-09,245.0,243.0,-0.008163265306122436,0.0,-0.008163265306122436,FOREIGN_FLIP_SELL,1,589595.0,107000.0,0.08451174702148978,762128044.55
6139,2025-06-23,2025-06-24,2025-06-26,334.5,334.0,-0.001494768310911776,0.01368170557217474,-0.015176473883086516,FOREIGN_FLIP_SELL,3,5847651.0,1795000.0,0.21886792452830184,2337090854.2000003
6139,2025-07-21,2025-07-22,2025-07-25,343.5,354.0,0.03056768558951961,0.016376468109311926,0.014191217480207685,FOREIGN_FLIP_SELL,4,3309781.0,299000.0,0.08265700102434814,3550667613.75
6139,2025-08-15,2025-08-18,2025-08-18,348.0,330.0,-0.051724137931034475,0.0,-0.051724137931034475,FOREIGN_FLIP_SELL,1,2367495.0,82000.0,0.018305788186466998,2225528771.25
6139,2025-08-25,2025-08-26,2025-08-27,341.0,345.5458068847656,0.013330811978784718,0.008837683642618943,0.004493128336165775,FOREIGN_FLIP_SELL,2,4174205.0,1000.0,0.03422395676973866,1888074623.5
6139,2025-09-11,2025-09-12,2025-09-12,392.0,370.5,-0.05484693877551017,0.0,-0.05484693877551017,FOREIGN_FLIP_SELL,1,2636590.0,17000.0,0.10770909993032118,2649944941.65
6139,2025-10-02,2025-10-03,2025-10-13,380.5,424.0,0.1143232588699079,0.006067000772095987,0.10825625809781192,FOREIGN_FLIP_SELL,5,1678213.0,80000.0,0.03899683064627246,1803565888.8000002
6139,2025-10-31,2025-11-03,2025-11-03,486.0,467.0,-0.039094650205761305,0.0,-0.039094650205761305,FOREIGN_FLIP_SELL,1,1548563.0,202000.0,0.1274076691995052,3621441048.225
6139,2025-11-20,2025-11-21,2025-11-21,448.0,435.0,-0.029017857142857095,0.0,-0.029017857142857095,FOREIGN_FLIP_SELL,1,2354458.0,774000.0,0.038211151995471315,2637600708.0499997
6139,2025-12-09,2025-12-10,2025-12-22,497.0,566.0,0.13883299798792748,-0.008840964285277142,0.14767396227320462,FOREIGN_FLIP_SELL,9,3621724.0,37000.0,0.10791772330233873,2192148242.75
6139,2026-03-23,2026-03-24,2026-03-26,618.0,589.0,-0.046925566343042124,0.022242595239146068,-0.06916816158218819,FOREIGN_FLIP_SELL,3,2380411.0,41000.0,0.08727272727272717,2048628130.8999999
6153,2024-05-13,2024-05-14,2024-05-22,20.14999961853028,21.799999237060547,0.08188583869812582,0.026969623783883456,0.05491621491424237,FOREIGN_FLIP_SELL,7,833600.0,3000.0,0.020929042449309376,24594718.0
6164,2024-02-01,2024-02-02,2024-02-20,14.726527554147385,19.51132202148437,0.3249098913334434,0.03838500374837084,0.28652488758507255,FOREIGN_FLIP_SELL,6,625000.0,1000.0,0.0016390396427279352,45253524.66241694
6164,2024-04-12,2024-04-15,2024-04-15,16.53411661868064,16.05563735961914,-0.02893890675241162,0.0,-0.02893890675241162,FOREIGN_FLIP_SELL,1,1758000.0,6000.0,0.04187606052059256,17660848.184582043
6165,2025-05-15,2025-05-16,2025-05-20,59.09999847412109,58.70000076293945,-0.006768150956159236,-0.014542422283180478,0.007774271327021243,FOREIGN_FLIP_SELL,3,1317979.0,1000.0,0.05962643823353231,268632664.0
6166,2025-05-15,2025-05-16,2025-05-16,74.17077259377157,73.38276672363281,-0.010624210084134056,0.0,-0.010624210084134056,FOREIGN_FLIP_SELL,1,209651.0,1000.0,0.030215079952042423,58393173.503478244
6176,2024-01-12,2024-01-15,2024-01-15,120.27563164704036,121.1600112915039,0.007352941176470784,0.0,0.007352941176470784,FOREIGN_FLIP_SELL,1,499473.0,150289.0,0.005192914241789914,398443268.41074747
6176,2024-01-29,2024-01-30,2024-01-30,123.81314935236632,122.48657989501952,-0.010714285714285898,0.0,-0.010714285714285898,FOREIGN_FLIP_SELL,1,826480.0,112136.0,0.013941647117721834,276423050.0357586
6176,2024-04-26,2024-04-29,2024-05-02,172.45404400402987,183.5087738037109,0.06410246778221507,-0.013323891483142392,0.07742635926535746,FOREIGN_FLIP_SELL,3,6902889.0,721000.0,0.10530036984685087,916358602.6026093
6176,2024-06-04,2024-06-05,2024-06-05,187.48847798192224,190.14161682128903,0.014150943396226134,0.0,0.014150943396226134,FOREIGN_FLIP_SELL,1,3388608.0,2195364.0,0.055389287675617016,495422305.0253357
6176,2024-08-16,2024-08-19,2024-08-22,172.8445951148185,170.52142333984375,-0.013440812386592116,-0.011637888320721435,-0.0018029240658706813,FOREIGN_FLIP_SELL,4,1293104.0,359374.0,0.029615292954930927,590851589.8112732
6176,2024-08-29,2024-08-30,2024-08-30,180.2787824799743,183.5312347412109,0.018041237113401776,0.0,0.018041237113401776,FOREIGN_FLIP_SELL,1,2343860.0,335281.0,0.04084139007123766,402843495.7098289
6176,2024-10-21,2024-10-22,2024-11-04,197.9349483274064,190.0361328125,-0.039906118558916015,-0.02422046548836776,-0.015685653070548256,FOREIGN_FLIP_SELL,9,4429036.0,126924.0,0.08475449555633685,438142173.4995574
6176,2024-12-12,2024-12-13,2024-12-13,183.99587420792665,184.46051025390625,0.002525252525252375,0.0,0.002525252525252375,FOREIGN_FLIP_SELL,1,881730.0,372293.0,0.029775055264777528,283818497.44956213
6176,2025-01-10,2025-01-13,2025-01-17,181.6726815531573,181.6726837158203,1.1904172980692351e-08,0.029337438471776833,-0.029337426567603853,FOREIGN_FLIP_SELL,5,2020941.0,266381.0,0.00012787096729494074,316668050.38275373
6176,2025-02-24,2025-02-25,2025-03-03,182.601956800981,181.6726837158203,-0.005089064221658335,-0.022737999389211283,0.017648935167552948,FOREIGN_FLIP_SELL,4,1039114.0,138043.0,0.009174295802672594,228548623.58734134
6176,2025-07-14,2025-07-15,2025-07-24,140.0,142.0,0.014285714285714235,0.023550203254344648,-0.009264488968630413,FOREIGN_FLIP_SELL,8,776101.0,549087.0,0.016728901839723864,528920427.0
6176,2025-08-25,2025-08-26,2025-08-29,140.5,143.5,0.021352313167259718,-0.00296234128463424,0.024314654451893958,FOREIGN_FLIP_SELL,4,2490776.0,96000.0,0.020519339023061578,198330607.875
6176,2025-09-16,2025-09-17,2025-09-17,142.5,141.0,-0.010526315789473717,0.0,-0.010526315789473717,FOREIGN_FLIP_SELL,1,686267.0,585203.0,0.017312154203105612,233309428.875
6177,2024-04-18,2024-04-19,2024-04-19,37.59859996170557,37.281646728515625,-0.00842992115431851,0.0,-0.00842992115431851,FOREIGN_FLIP_SELL,1,2380000.0,317000.0,0.09193412734993167,142666653.02373582
6177,2024-07-17,2024-07-18,2024-07-22,54.11979302372772,52.85197830200195,-0.023426082231502998,-0.04878440489692126,0.025358322665418265,FOREIGN_FLIP_SELL,3,3515000.0,526000.0,0.10581965536743465,313184411.3578346
6177,2024-08-19,2024-08-20,2024-08-22,62.33704340430137,55.1978874206543,-0.11452509765893804,-0.012495799480637726,-0.10202929817830031,FOREIGN_FLIP_SELL,3,6107542.0,173000.0,0.1387789291633703,744674587.0532999
6177,2025-03-13,2025-03-14,2025-03-14,41.20306657900142,41.15918350219727,-0.0010650439505518472,0.0,-0.0010650439505518472,FOREIGN_FLIP_SELL,1,1149161.0,300000.0,0.01677165396873037,57033931.33232117
6177,2025-05-06,2025-05-07,2025-05-08,45.54715676572991,43.046016693115234,-0.05491319876406764,-0.00015038304424519477,-0.054762815719822444,FOREIGN_FLIP_SELL,2,2591467.0,396000.0,0.13498437391403662,134063803.37155305
6177,2025-09-01,2025-09-02,2025-09-03,43.84999847412109,43.95000076293945,0.002280553986276246,0.0034776305075121527,-0.001197076521235907,FOREIGN_FLIP_SELL,2,764035.0,42000.0,0.026067340774547088,49085998.70688991
6177,2025-09-17,2025-09-18,2025-09-18,54.20000076293945,53.400001525878906,-0.014760133317333168,0.0,-0.014760133317333168,FOREIGN_FLIP_SELL,1,2722123.0,1539000.0,0.1594202539787144,213427738.1641624
6177,2025-10-29,2025-10-30,2025-11-06,49.95000076293945,48.04999923706055,-0.0380380680051684,-0.013719122446224863,-0.02431894555894354,FOREIGN_FLIP_SELL,6,427230.0,59000.0,0.03278093871976706,54811983.80141297
6189,2024-04-17,2024-04-18,2024-04-18,70.0528235650016,69.50492095947266,-0.00782127796776888,0.0,-0.00782127796776888,FOREIGN_FLIP_SELL,1,1745924.0,1000.0,0.02347577625860442,1072591705.9110137
6189,2024-06-28,2024-07-01,2024-07-01,76.15797855546158,77.25377655029297,0.014388485824021524,0.0,0.014388485824021524,FOREIGN_FLIP_SELL,1,2881000.0,1055835.0,0.04012700706151562,369048048.7533539
6189,2024-08-15,2024-08-16,2024-08-19,72.40095472644789,72.24442291259766,-0.002162013117667616,0.002698102405719105,-0.004860115523386721,FOREIGN_FLIP_SELL,2,1954049.0,8000.0,0.04239371824757332,236348780.29306412
6189,2024-10-15,2024-10-16,2024-10-17,64.9651845936103,67.31332397460938,0.03614458106581031,0.001862561878152258,0.03428201918765805,FOREIGN_FLIP_SELL,2,541000.0,17192.0,0.018968855879152313,93926134.02835464
6189,2024-11-08,2024-11-11,2024-11-14,67.00024127400786,66.2957992553711,-0.010514022117559918,-0.03460570344452507,0.024091681326965153,FOREIGN_FLIP_SELL,4,216166.0,13603.0,0.0017762462305659366,83192548.54332276
6189,2024-11-21,2024-11-22,2024-11-27,68.72220801094028,67.15677642822266,-0.022779122324888212,-0.024866095472572236,0.0020869731476840236,FOREIGN_FLIP_SELL,4,1080810.0,1000.0,0.02727226669880678,55996397.76601295
6189,2025-06-30,2025-07-01,2025-07-08,61.52125026254407,61.05162048339844,-0.007633618906336848,-0.008488673527311752,0.0008550546209749044,FOREIGN_FLIP_SELL,6,1441826.0,95310.0,0.03380530942011828,79946737.11225891
6189,2025-07-17,2025-07-18,2025-07-18,62.93013047727199,62.61704635620117,-0.004975106816024977,0.0,-0.004975106816024977,FOREIGN_FLIP_SELL,1,427138.0,25813.0,0.040062587456870746,102723041.47505513
6191,2024-01-17,2024-01-18,2024-01-18,60.36258494641175,60.08568954467773,-0.004587202519240052,0.0,-0.004587202519240052,FOREIGN_FLIP_SELL,1,758500.0,298000.0,0.013602703401961236,222729231.71583402
6191,2024-03-20,2024-03-21,2024-03-21,70.60760649613933,67.93097686767578,-0.037908516678155535,0.0,-0.037908516678155535,FOREIGN_FLIP_SELL,1,10508108.0,1220000.0,0.13573603253842026,397482377.4597725
6191,2024-05-02,2024-05-03,2024-05-07,67.74638975496907,68.48475646972656,0.010898982476085894,0.015897879591020292,-0.0049988971149343975,FOREIGN_FLIP_SELL,3,3921000.0,209000.0,0.029380443935670852,259566282.69586945
6191,2025-01-13,2025-01-14,2025-01-14,61.90373735149734,61.0332145690918,-0.01406252384185791,0.0,-0.01406252384185791,FOREIGN_FLIP_SELL,1,2668071.0,19000.0,0.0587151521654119,1191069310.222872
6191,2025-03-26,2025-03-27,2025-03-27,69.15808083294213,67.61048889160156,-0.022377601036658645,0.0,-0.022377601036658645,FOREIGN_FLIP_SELL,1,2033913.0,76000.0,0.03677962187138162,477678286.0063164
6191,2025-05-26,2025-05-27,2025-05-29,86.47178580037419,83.86021423339844,-0.030201429782018563,0.0005043797739865408,-0.030705809556005104,FOREIGN_FLIP_SELL,3,15286610.0,1380000.0,0.26747573628698285,1522824695.1039276
6191,2025-08-06,2025-08-07,2025-08-07,110.5,105.0,-0.04977375565610864,0.0,-0.04977375565610864,FOREIGN_FLIP_SELL,1,4572665.0,1000.0,0.073321439575186,3809334354.4
6191,2025-08-25,2025-08-26,2025-08-26,110.0,109.0,-0.009090909090909038,0.0,-0.009090909090909038,FOREIGN_FLIP_SELL,1,2433532.0,1573000.0,0.002529317084387195,2478726299.25
6191,2025-08-29,2025-09-01,2025-09-02,144.0,135.0,-0.0625,-0.002282809370366512,-0.06021719062963349,FOREIGN_FLIP_SELL,2,9358037.0,54000.0,0.29846708746618567,3733612992.0
6191,2026-01-23,2026-01-26,2026-01-26,120.5,117.5,-0.024896265560165998,0.0,-0.024896265560165998,FOREIGN_FLIP_SELL,1,6350419.0,1000.0,0.054256726951918965,1151305231.3
6192,2024-12-18,2024-12-19,2024-12-19,102.32884961829338,103.27197265625,0.009216589861751112,0.0,0.009216589861751112,FOREIGN_FLIP_SELL,1,42000.0,1000.0,0.020408177814216666,25098855.676023487
6196,2024-07-05,2024-07-08,2024-07-08,167.09694013323102,163.36293029785156,-0.022346368715083775,0.0,-0.022346368715083775,FOREIGN_FLIP_SELL,1,1440237.0,100000.0,0.057663552097453996,246149618.12414017
6196,2024-08-30,2024-09-02,2024-09-05,152.88949338054965,143.69676208496094,-0.06012663847807742,-0.047105193602703266,-0.013021444875374155,FOREIGN_FLIP_SELL,4,330768.0,66000.0,0.06422635020955969,84022540.13428803
6196,2024-10-15,2024-10-16,2024-10-17,148.0512224469866,150.9541778564453,0.019607777372444124,0.001862561878152258,0.017745215494291866,FOREIGN_FLIP_SELL,2,288000.0,3000.0,0.01889892796666559,44809854.66470947
6196,2025-02-19,2025-02-20,2025-02-21,151.9218292236328,151.9218292236328,0.0,0.010336965036197743,-0.010336965036197743,FOREIGN_FLIP_SELL,2,468570.0,43000.0,0.04662862059994044,56232137.033735655
6196,2025-03-06,2025-03-07,2025-03-24,161.59837966963957,160.1468963623047,-0.00898204122035251,-0.02079324173791597,0.011811200517563458,FOREIGN_FLIP_SELL,12,1670987.0,410000.0,0.08579738126710379,339548761.64086914
6196,2025-04-24,2025-04-25,2025-04-28,157.72776914771046,156.27627563476562,-0.00920252356822171,0.008135756068057276,-0.017338279636278986,FOREIGN_FLIP_SELL,2,516816.0,65000.0,0.043165467904132226,182076423.86597443
6196,2025-06-11,2025-06-12,2025-06-13,168.37197509765625,167.8881378173828,-0.002873621218690392,-0.009640740581055907,0.006767119362365515,FOREIGN_FLIP_SELL,2,570406.0,97000.0,0.011774923024994166,258568900.11583328
6196,2025-06-23,2025-06-24,2025-07-02,178.04852719230448,180.4676513671875,0.013586881133086814,0.017530518733751554,-0.00394363760066474,FOREIGN_FLIP_SELL,7,780828.0,179000.0,0.04385331863897379,222411381.863163
6196,2025-07-09,2025-07-10,2025-07-15,184.5,200.5,0.08672086720867211,0.006287748697299866,0.08043311851137225,FOREIGN_FLIP_SELL,4,948243.0,55000.0,0.03503851969306315,289386165.59999996
6196,2025-09-01,2025-09-02,2025-09-03,272.0,268.5,-0.012867647058823484,0.0034776305075121527,-0.016345277566335636,FOREIGN_FLIP_SELL,2,201997.0,36000.0,0.13879758244088647,747527104.425
6196,2025-09-09,2025-09-10,2025-09-10,275.0,274.0,-0.0036363636363636598,0.0,-0.0036363636363636598,FOREIGN_FLIP_SELL,1,645724.0,22000.0,0.08188585607940446,641551614.125
6196,2026-04-07,2026-04-08,2026-04-16,297.5,340.0,0.1428571428571428,0.06819754277853929,0.0746596000786035,FOREIGN_FLIP_SELL,7,528559.0,220.0,0.034818818109329186,535256775.79999995
6197,2024-02-19,2024-02-20,2024-02-21,87.10638795381632,83.74176788330078,-0.03862655942408566,-0.004097955157141175,-0.034528604266944485,FOREIGN_FLIP_SELL,2,2291500.0,18000.0,0.1370621205233018,88721602.15504761
6197,2024-03-06,2024-03-07,2024-03-08,109.81760463883391,95.79833984375,-0.12765953911661254,0.004661471561968833,-0.13232101067858137,FOREIGN_FLIP_SELL,2,1704000.0,6000.0,0.2896770805921014,348956820.0636753
6197,2024-06-14,2024-06-17,2024-06-17,186.9235884003553,180.8485717773437,-0.032500000000000306,0.0,-0.032500000000000306,FOREIGN_FLIP_SELL,1,2026010.0,65000.0,0.1992619177775632,1864368339.3845947
6197,2024-10-30,2024-11-01,2024-11-01,165.8616357798002,170.64151000976562,0.028818443804034644,0.0,0.028818443804034644,FOREIGN_FLIP_SELL,1,1297415.0,20000.0,0.09058134346592905,895356338.8386108
6197,2025-05-29,2025-06-02,2025-06-05,135.74842834472656,142.44024658203125,0.04929573269394427,0.03198247845237234,0.01731325424157193,FOREIGN_FLIP_SELL,4,544449.0,41000.0,0.040986581904422614,270246177.20370483
6197,2025-06-25,2025-06-26,2025-06-26,137.18239297561374,134.31446838378906,-0.020905923344947674,0.0,-0.020905923344947674,FOREIGN_FLIP_SELL,1,451507.0,21000.0,0.002824891873257851,193202192.69948503
6197,2025-08-12,2025-08-13,2025-08-14,182.0,177.0,-0.027472527472527486,-0.00541320542258239,-0.022059322049945096,FOREIGN_FLIP_SELL,2,3083004.0,166000.0,0.24802804557405778,442867257.4
6197,2026-03-23,2026-03-24,2026-03-24,188.0,173.5,-0.0771276595744681,0.0,-0.0771276595744681,FOREIGN_FLIP_SELL,1,1122000.0,38000.0,0.09339407744874717,713988864.0
6202,2024-05-15,2024-05-16,2024-06-04,58.45816413909799,59.54806137084961,0.018644055074296784,0.0024576951077399656,0.016186359966556818,FOREIGN_FLIP_SELL,14,299300.0,29000.0,0.005318201118593935,84551181.67215309
6202,2024-06-25,2024-06-26,2024-06-27,60.63796065586107,59.25081634521485,-0.022875840408266512,-0.0035111182295121113,-0.0193647221787544,FOREIGN_FLIP_SELL,2,64000.0,6000.0,0.01001736834024558,52754637.592226036
6202,2024-07-18,2024-07-19,2024-07-19,61.52969510526067,59.44898223876953,-0.03381640138036768,0.0,-0.03381640138036768,FOREIGN_FLIP_SELL,1,688000.0,2635.0,0.01471667880466443,89520859.10438043
6202,2025-02-18,2025-02-19,2025-02-26,51.70000076293945,52.5,0.015473872828915214,-0.008537900914078245,0.02401177374299346,FOREIGN_FLIP_SELL,6,744001.0,30000.0,0.06315734699674191,51734659.00059624
6202,2026-01-08,2026-01-09,2026-01-09,39.20000076293945,38.400001525878906,-0.020408143405366563,0.0,-0.020408143405366563,FOREIGN_FLIP_SELL,1,583000.0,2000.0,0.039649925624279936,18237676.874955177
6205,2026-03-11,2026-03-12,2026-03-13,51.59999847412109,57.0,0.10465119545666601,-0.005405866913823942,0.11005706237048996,FOREIGN_FLIP_SELL,2,268700.0,1000.0,0.027698936220307724,39944010.75
6206,2024-03-20,2024-03-21,2024-03-28,72.35454429113743,71.53336334228516,-0.011349403923380907,-0.0026010608847436556,-0.008748343038637252,FOREIGN_FLIP_SELL,6,471000.0,15693.0,0.07218178101162076,54629958.58479538
6206,2024-05-20,2024-05-21,2024-05-30,83.30352698424679,87.40939331054688,0.04928802506857277,0.006014595865657446,0.043273429202915326,FOREIGN_FLIP_SELL,8,292000.0,2268.0,0.046203527108792164,48848843.09847718
6206,2024-10-16,2024-10-17,2024-10-17,84.85333880409641,84.47111511230469,-0.004504521533020389,0.0,-0.004504521533020389,FOREIGN_FLIP_SELL,1,145501.0,2000.0,0.0350290413456078,18466742.23652954
6206,2024-10-22,2024-10-23,2024-10-25,85.80889077281769,84.37555694580078,-0.01670379157809787,0.0005866549843451807,-0.01729044656244305,FOREIGN_FLIP_SELL,3,115000.0,5000.0,0.040348307432595654,20262392.521496963
6206,2025-01-17,2025-01-20,2025-02-06,88.00666537759624,98.42222595214844,0.11834967874153413,0.002139497198431428,0.1162101815431027,FOREIGN_FLIP_SELL,7,200050.0,1000.0,0.03376592696179026,34505044.711961746
6206,2025-02-11,2025-02-12,2025-02-13,125.1777787540422,129.95555114746094,0.03816789561992806,0.004708515817043901,0.03345937980288416,FOREIGN_FLIP_SELL,2,2910200.0,222000.0,0.3201828478982849,387103784.7733021
6206,2025-03-03,2025-03-04,2025-03-05,139.51111479063292,139.9888916015625,0.0034246505136641403,0.012170685545562776,-0.008746035031898636,FOREIGN_FLIP_SELL,2,3847650.0,20000.0,0.08372601455979356,1885695738.8272827
6206,2025-05-29,2025-06-02,2025-06-02,106.54444122314452,106.54444122314452,0.0,0.0,0.0,FOREIGN_FLIP_SELL,1,681773.0,140000.0,0.002897252481655954,311119668.375
6206,2026-03-20,2026-03-23,2026-03-27,98.5,101.5,0.030456852791878264,0.0119211503934602,0.018535702398418064,FOREIGN_FLIP_SELL,5,732152.0,900.0,0.03488908566855975,122280795.94999999
6213,2024-04-01,2024-04-02,2024-04-08,105.86219592804603,107.79576110839844,0.018264926052229624,-0.0023878496984984787,0.020652775750728103,FOREIGN_FLIP_SELL,3,14741510.0,3683000.0,0.230097176190599,677779264.9987953
6213,2024-10-15,2024-10-16,2024-10-16,72.67881567663808,72.77677154541016,0.001347791207934712,0.0,0.001347791207934712,FOREIGN_FLIP_SELL,1,813000.0,4000.0,0.007203983561764549,258286018.69755134
6213,2025-05-21,2025-05-22,2025-06-02,77.77221435375705,85.0205078125,0.09319901097033378,-0.03083619604720167,0.12403520701753545,FOREIGN_FLIP_SELL,7,2068676.0,556000.0,0.1487988090042085,280105613.5552277
6213,2025-06-25,2025-06-26,2025-07-02,86.48975486587577,86.0,-0.005662576644311912,0.0037968655648217275,-0.00945944220913364,FOREIGN_FLIP_SELL,5,1246113.0,3000.0,0.0024632266613910936,1015878534.3424816
6213,2025-07-21,2025-07-22,2025-07-28,92.0,104.0,0.13043478260869557,0.018490604992516868,0.1119441776161787,FOREIGN_FLIP_SELL,5,4127361.0,23000.0,0.046586839894934284,792905405.775
6213,2025-08-20,2025-08-21,2025-08-21,133.0,131.5,-0.011278195488721776,0.0,-0.011278195488721776,FOREIGN_FLIP_SELL,1,13958788.0,10000.0,0.24232610493037865,4231748411.125
6214,2024-01-02,2024-01-03,2024-01-03,107.48653177629436,104.28480529785156,-0.029787234042553012,0.0,-0.029787234042553012,FOREIGN_FLIP_SELL,1,564000.0,829647.0,0.06600133109486639,75945115.85198592
6214,2024-01-31,2024-02-01,2024-02-05,106.1143566313244,104.7421875,-0.012931041330173199,0.007121558246859339,-0.020052599577032537,FOREIGN_FLIP_SELL,3,413400.0,11000.0,0.010940876164186486,81501486.4305687
6214,2024-04-26,2024-04-29,2024-05-09,112.97519829738664,112.51781463623048,-0.0040485316073726185,0.003183622640085426,-0.007232154247458045,FOREIGN_FLIP_SELL,8,969359.0,88000.0,0.015820176068155556,72983273.45343474
6214,2024-06-20,2024-06-21,2024-06-26,126.23950026396017,121.41742706298828,-0.038197815983817884,-0.011469345532271191,-0.026728470451546693,FOREIGN_FLIP_SELL,4,738353.0,281000.0,0.10380546313351524,111053784.22201194
6214,2024-08-28,2024-08-29,2024-08-29,113.79907989501952,113.79907989501952,0.0,0.0,0.0,FOREIGN_FLIP_SELL,1,229230.0,41187.0,0.02881534039751288,53464437.72500153
6214,2024-09-16,2024-09-18,2024-09-20,124.75046168067902,121.8935775756836,-0.022900789836819424,0.022168164052540407,-0.04506895388935983,FOREIGN_FLIP_SELL,3,495000.0,5992.0,0.07984159406488178,58021981.36951905
6214,2024-10-22,2024-10-23,2024-10-25,123.32202169217952,124.75045776367188,0.01158297643755657,0.0005866549843451807,0.010996321453211388,FOREIGN_FLIP_SELL,3,325446.0,420.0,0.015487192658260263,76942255.55308838
6214,2025-04-28,2025-04-29,2025-04-29,117.13211005074638,119.9889907836914,0.024390243902439046,0.0,0.024390243902439046,FOREIGN_FLIP_SELL,1,582978.0,1000.0,0.04801994416801025,191791024.77310106
6214,2026-03-20,2026-03-23,2026-03-23,112.0,109.5,-0.022321428571428603,0.0,-0.022321428571428603,FOREIGN_FLIP_SELL,1,742725.0,4027.0,0.023109715054969726,109323269.7
6216,2024-08-19,2024-08-20,2024-08-21,44.78503050778639,44.64056015014648,-0.0032258626599527274,-0.008525040581436327,0.0052991779214836,FOREIGN_FLIP_SELL,2,1038000.0,3000.0,0.032006655601189316,44790485.471410744
6216,2024-09-11,2024-09-12,2024-09-12,48.54999923706055,47.70000076293945,-0.01750769284198561,0.0,-0.01750769284198561,FOREIGN_FLIP_SELL,1,80000.0,2000.0,0.06548519192157864,64118720.37472858
6235,2024-06-18,2024-06-19,2024-06-21,85.97258836001765,90.28099822998048,0.05011376244624621,0.0018893767076508805,0.04822438573859533,FOREIGN_FLIP_SELL,3,1036000.0,1000.0,0.010438852820846334,188003762.6053299
6235,2024-09-25,2024-09-26,2024-09-30,74.2223505210094,71.57853698730469,-0.03562018064836625,-0.027747352954972992,-0.007872827693393258,FOREIGN_FLIP_SELL,3,722399.0,1000.0,0.06217068362773559,78226705.46034469
6239,2024-01-26,2024-01-29,2024-01-29,132.7115041675376,135.8929443359375,0.023972602739726234,0.0,0.023972602739726234,FOREIGN_FLIP_SELL,1,3112295.0,132837.0,0.07566769862822942,1111151358.272049
6239,2024-02-02,2024-02-05,2024-02-16,132.2570158360368,136.8019256591797,0.03436422479679524,0.028248104625615778,0.006116120171179462,FOREIGN_FLIP_SELL,3,2889391.0,179163.0,0.06526082742362527,1127506395.1390595
6239,2024-02-23,2024-02-26,2024-02-26,136.8019187927246,136.34742736816406,-0.0033222591362125353,0.0,-0.0033222591362125353,FOREIGN_FLIP_SELL,1,4667808.0,78507.0,0.03388662772480111,1024550917.9993591
6239,2024-03-11,2024-03-12,2024-03-15,154.5270769391741,172.7067413330078,0.11764711242800319,-0.01165232315802378,0.12929943558602697,FOREIGN_FLIP_SELL,4,3823280.0,801000.0,0.09430316093025293,1362102488.5777695
6239,2024-03-26,2024-03-27,2024-03-28,170.8887939453125,182.70556640625,0.06914890197375434,-0.002651883338017913,0.07180078531177225,FOREIGN_FLIP_SELL,2,6952270.0,383360.0,0.04291901712020896,2093973137.5397031
6239,2024-06-18,2024-06-19,2024-06-24,175.43370106371145,171.34326171875,-0.02331615487879346,-0.01705504976570449,-0.006261105113088972,FOREIGN_FLIP_SELL,4,1161930.0,344378.0,0.04455108576435696,901187411.6966057
6239,2024-07-08,2024-07-09,2024-07-09,180.43310390080424,181.3420867919922,0.005037783375315019,0.0,0.005037783375315019,FOREIGN_FLIP_SELL,1,2536425.0,53978.0,0.04196813625973239,1077536285.6543198
6239,2025-09-15,2025-09-16,2025-09-16,149.5,148.5,-0.006688963210702337,0.0,-0.006688963210702337,FOREIGN_FLIP_SELL,1,5623138.0,481810.0,0.22391084093211755,892917541.2
6239,2026-01-15,2026-01-16,2026-01-16,258.0,263.0,0.019379844961240345,0.0,0.019379844961240345,FOREIGN_FLIP_SELL,1,8460622.0,338000.0,0.3373149831212672,5496150040.0
6239,2026-01-22,2026-01-23,2026-01-26,257.5,257.5,0.0,0.0032229317820207104,-0.0032229317820207104,FOREIGN_FLIP_SELL,2,10538169.0,1014000.0,0.19586671310809245,5998961406.25
6239,2026-02-03,2026-02-04,2026-02-04,255.0,252.5,-0.009803921568627416,0.0,-0.009803921568627416,FOREIGN_FLIP_SELL,1,7214395.0,370194.0,0.050372943700827566,5962020128.299999
6257,2024-01-23,2024-01-24,2024-01-26,62.54254053450859,61.71599197387695,-0.013215781667448856,0.006668178105802669,-0.019883959773251525,FOREIGN_FLIP_SELL,3,4621898.0,19721.0,0.038584712187106796,148920379.87936252
6257,2024-03-20,2024-03-21,2024-03-21,71.6346341025983,68.60393524169922,-0.04230773143279243,0.0,-0.04230773143279243,FOREIGN_FLIP_SELL,1,13361083.0,2471168.0,0.07699974497806572,578789719.5447483
6257,2024-06-21,2024-06-24,2024-06-24,75.49188447742571,73.37958526611328,-0.02798048062959768,0.0,-0.02798048062959768,FOREIGN_FLIP_SELL,1,1372609.0,66122.0,0.017938059654758698,293589755.02480584
6257,2024-07-10,2024-07-11,2024-07-12,76.74987820500618,76.55989837646484,-0.002475311140349823,-0.019397254657484875,0.016921943517135052,FOREIGN_FLIP_SELL,2,1049170.0,164000.0,0.02932744016206823,347953262.4507996
6257,2024-09-27,2024-09-30,2024-09-30,73.42531522524897,71.90550994873047,-0.020698655114467668,0.0,-0.020698655114467668,FOREIGN_FLIP_SELL,1,3359928.0,8591.0,0.025811204271227517,406832750.627964
6257,2024-10-14,2024-10-15,2024-10-17,75.98997472461599,74.75513458251953,-0.016250040174002667,-0.010226636582174486,-0.00602340359182818,FOREIGN_FLIP_SELL,3,2267000.0,383061.0,0.04705803250301943,375150998.6674187
6257,2025-02-19,2025-02-20,2025-02-20,75.98997458433493,74.09022521972656,-0.02499999999999991,0.0,-0.02499999999999991,FOREIGN_FLIP_SELL,1,3817594.0,2190703.0,0.09547038226113203,362446781.3518238
6257,2025-03-04,2025-03-05,2025-03-05,77.50977352078351,77.69975280761719,0.0024510365364793785,0.0,0.0024510365364793785,FOREIGN_FLIP_SELL,1,8113168.0,3200969.0,0.08544577204980874,608704935.1967789
6257,2025-04-30,2025-05-02,2025-05-02,69.24586470749246,68.86591339111328,-0.005486989266206166,0.0,-0.005486989266206166,FOREIGN_FLIP_SELL,1,2363111.0,35806.0,0.062012038590245844,198256350.5703552
6257,2025-05-07,2025-05-08,2025-05-16,67.72606658935547,71.2406005859375,0.051893372427661566,0.06329473396689411,-0.011401361539232546,FOREIGN_FLIP_SELL,7,1616057.0,400.0,0.04254214596156669,182821656.11415216
6257,2025-05-21,2025-05-22,2025-06-02,71.33558680503292,72.66541290283203,0.018641833022747134,-0.03083619604720167,0.0494780290699488,FOREIGN_FLIP_SELL,7,2075653.0,257000.0,0.044642210115912295,159182415.35604742
6257,2025-06-11,2025-06-12,2025-06-17,75.6100236132629,75.80000305175781,0.0025126223933831238,-0.0034202747366572916,0.005932897130040415,FOREIGN_FLIP_SELL,4,3270231.0,400038.0,0.042438396763905706,175290671.0641243
6257,2025-07-22,2025-07-23,2025-07-24,80.5,80.30000305175781,-0.00248443413965449,0.0023612215902308886,-0.004845655729885379,FOREIGN_FLIP_SELL,2,2419323.0,8950.0,0.028579012046209717,523209353.24303204
6257,2025-08-12,2025-08-13,2025-08-15,80.19999694824219,80.19999694824219,0.0,-0.0014583107926700034,0.0014583107926700034,FOREIGN_FLIP_SELL,3,1565024.0,69155.0,0.003016621915096218,251002730.0989914
6257,2025-09-22,2025-09-23,2025-10-01,94.0999984741211,91.9000015258789,-0.023379351582531793,-0.010075637788995673,-0.01330371379353612,FOREIGN_FLIP_SELL,6,3336320.0,22826.0,0.08204858569729456,512322742.4539277
6257,2025-10-27,2025-10-28,2025-10-28,98.0,96.0999984741211,-0.01938777067223374,0.0,-0.01938777067223374,FOREIGN_FLIP_SELL,1,388500.0,814823.0,0.056702420720954994,345895326.40000004
6257,2026-01-13,2026-01-14,2026-01-14,127.5,129.5,0.015686274509803866,0.0,0.015686274509803866,FOREIGN_FLIP_SELL,1,4938753.0,20000.0,0.17176730244276706,2083376558.25
6257,2026-03-18,2026-03-19,2026-03-20,134.0,132.5,-0.011194029850746245,-0.00432775801380203,-0.0068662718369442155,FOREIGN_FLIP_SELL,2,1252786.0,5000.0,0.03960396039603942,1378176508.8
6257,2026-03-27,2026-03-30,2026-03-30,141.5,148.0,0.04593639575971742,0.0,0.04593639575971742,FOREIGN_FLIP_SELL,1,7152778.0,13381.0,0.10355253212396054,1509003549.5
6269,2024-04-25,2024-04-26,2024-04-26,87.93638148881679,87.65180206298828,-0.003236196680036274,0.0,-0.003236196680036274,FOREIGN_FLIP_SELL,1,1468000.0,95000.0,0.007625317711349888,158660559.9291134
6269,2025-08-27,2025-08-28,2025-08-28,69.80000305175781,68.0,-0.025788008210015145,0.0,-0.025788008210015145,FOREIGN_FLIP_SELL,1,3868662.0,616000.0,0.0664377073994078,228575843.22314912
6269,2025-10-09,2025-10-13,2025-10-13,65.0,66.0999984741211,0.016923053448016923,0.0,0.016923053448016923,FOREIGN_FLIP_SELL,1,3345000.0,325000.0,0.03448273614547781,165768142.1220703
6271,2024-05-24,2024-05-27,2024-05-29,148.34237563304413,151.21353149414062,0.019354927065472483,-0.006479133392394698,0.02583406045786718,FOREIGN_FLIP_SELL,3,922860.0,135000.0,0.03221457207106204,220948684.03032303
6271,2024-12-03,2024-12-04,2024-12-05,125.9193581182838,125.43318176269533,-0.0038610136110428517,0.0005422144066602463,-0.004403228017703098,FOREIGN_FLIP_SELL,2,321978.0,3000.0,0.00609156910778319,140777527.3539467
6271,2024-12-17,2024-12-18,2024-12-20,130.29493831620445,131.7534637451172,0.011194029850746245,-0.028418546429087144,0.03961257627983339,FOREIGN_FLIP_SELL,3,413800.0,10000.0,0.024755346147328217,184425207.4086174
6271,2024-12-26,2024-12-27,2024-12-27,136.61520254011634,135.15667724609375,-0.010676156583629859,0.0,-0.010676156583629859,FOREIGN_FLIP_SELL,1,723508.0,120000.0,0.041393466491155495,224252175.13740236
6271,2025-02-21,2025-02-24,2025-02-24,127.37788472031102,128.35023498535156,0.007633587786259666,0.0,0.007633587786259666,FOREIGN_FLIP_SELL,1,679226.0,9000.0,0.04289653131037596,154586673.3371231
6271,2025-07-25,2025-07-28,2025-07-29,110.5,112.5,0.018099547511312153,-0.009031782082688844,0.027131329594000997,FOREIGN_FLIP_SELL,2,487055.0,3000.0,0.022542412270508905,85566613.0
6271,2025-09-04,2025-09-05,2025-09-05,115.5,113.5,-0.017316017316017285,0.0,-0.017316017316017285,FOREIGN_FLIP_SELL,1,354129.0,16000.0,0.06268934980191099,170999116.5
6271,2025-09-12,2025-09-15,2025-09-15,117.5,115.5,-0.017021276595744705,0.0,-0.017021276595744705,FOREIGN_FLIP_SELL,1,1177000.0,5000.0,0.04548540393754252,199802537.55
6271,2025-10-22,2025-10-23,2025-10-23,117.5,119.0,0.012765957446808418,0.0,0.012765957446808418,FOREIGN_FLIP_SELL,1,1281336.0,16000.0,0.03200522534291306,273488300.775
6271,2025-10-29,2025-10-30,2025-11-06,120.5,127.0,0.053941908713692976,-0.013719122446224863,0.06766103115991784,FOREIGN_FLIP_SELL,6,1677063.0,15000.0,0.04020979020979021,251757078.3
6271,2025-11-12,2025-11-13,2025-11-17,127.0,123.5,-0.027559055118110187,-0.016350959915439778,-0.01120809520267041,FOREIGN_FLIP_SELL,3,898993.0,5000.0,0.0528497409326425,347191622.09999996
6271,2026-01-22,2026-01-23,2026-01-26,143.5,152.5,0.06271777003484313,0.0032229317820207104,0.059494838252822424,FOREIGN_FLIP_SELL,2,2387765.0,11000.0,0.06937523955538527,470695278.15000004
6277,2024-06-04,2024-06-05,2024-06-13,78.15007638855059,76.2215805053711,-0.024676826591842338,0.03849954805609568,-0.06317637464793802,FOREIGN_FLIP_SELL,6,93100.0,1000.0,0.04107912881514775,11762495.668797303
6277,2024-10-22,2024-10-23,2024-11-06,74.30599212646484,74.96691131591797,0.0088945611321396,-0.0050302170422561465,0.013924778174395747,FOREIGN_FLIP_SELL,10,26000.0,4000.0,0.006441753896055724,4322711.342025757
6277,2026-01-27,2026-01-28,2026-01-28,62.70000076293945,61.400001525878906,-0.020733639892217437,0.0,-0.020733639892217437,FOREIGN_FLIP_SELL,1,101000.0,50000.0,0.015972347220000627,6560878.836127281
6278,2024-01-29,2024-01-30,2024-01-30,85.81339819174659,85.26390075683594,-0.006403399078577676,0.0,-0.006403399078577676,FOREIGN_FLIP_SELL,1,772000.0,54000.0,0.0056344942536208364,86250508.89858551
6278,2024-02-19,2024-02-20,2024-03-01,88.28614169150592,87.18714141845703,-0.012448162893889614,0.009746065715174224,-0.022194228609063837,FOREIGN_FLIP_SELL,8,1828810.0,53000.0,0.03281331056664172,84460352.03913689
6278,2024-03-11,2024-03-12,2024-03-19,93.8727193665736,102.57311248779295,0.09268287080556648,-0.002879882309672621,0.0955627531152391,FOREIGN_FLIP_SELL,6,2551250.0,121000.0,0.061008004679710126,143313972.77603528
6278,2024-04-18,2024-04-19,2024-04-19,99.3676974629247,98.45186614990234,-0.009216589861751223,0.0,-0.009216589861751223,FOREIGN_FLIP_SELL,1,1213165.0,386000.0,0.013011122483832072,337812336.63053745
6278,2024-04-25,2024-04-26,2024-05-09,103.94685834592528,107.15226745605467,0.030836998454172537,0.021881143706267592,0.008955854747904946,FOREIGN_FLIP_SELL,9,1943934.0,440000.0,0.025758971756342675,332165650.91529006
6278,2024-06-17,2024-06-18,2024-06-24,112.64725435218033,112.6472625732422,7.298057935756219e-08,0.0024725784951411534,-0.002472505514561796,FOREIGN_FLIP_SELL,5,2343800.0,197535.0,0.04968808611314213,413239973.0939766
6278,2024-09-25,2024-09-26,2024-09-26,107.5956523774436,105.21521759033205,-0.022123893805309436,0.0,-0.022123893805309436,FOREIGN_FLIP_SELL,1,969892.0,80000.0,0.0036003575367726803,221523857.30303192
6278,2024-10-16,2024-10-17,2024-10-23,104.73912556966144,110.4521713256836,0.05454547882608041,0.012185385331856535,0.04236009349422387,FOREIGN_FLIP_SELL,5,2142602.0,163091.0,0.0034364040133580964,173807470.69068336
6278,2024-11-25,2024-11-26,2024-11-27,99.02608741869768,96.6456527709961,-0.024038460063929845,-0.015167516755981714,-0.008870943307948131,FOREIGN_FLIP_SELL,2,629247.0,17000.0,0.001437496892811474,160406858.30082703
6278,2024-12-03,2024-12-04,2024-12-05,99.5021743774414,99.02608489990234,-0.004784714309188032,0.0005422144066602463,-0.005326928715848278,FOREIGN_FLIP_SELL,2,713248.0,102768.0,0.013579075020377251,145792342.1112049
6278,2024-12-18,2024-12-19,2024-12-24,100.4543482222647,102.35869598388672,0.018957345255065317,0.00819763583490496,0.010759709420160357,FOREIGN_FLIP_SELL,4,1520818.0,21676.0,0.021337783826743673,121413951.85403061
6278,2025-01-02,2025-01-03,2025-01-03,105.69129943847656,104.2630386352539,-0.013513513513513487,0.0,-0.013513513513513487,FOREIGN_FLIP_SELL,1,496818.0,378403.0,0.02803738247771781,109654477.78860585
6278,2025-02-21,2025-02-24,2025-02-24,105.69130447932652,106.64347839355467,0.009009009009008917,0.0,0.009009009009008917,FOREIGN_FLIP_SELL,1,992595.0,84796.0,0.04449648731279954,89700641.102211
6278,2025-03-13,2025-03-14,2025-03-14,114.2608694968817,110.92826080322266,-0.029166666666666563,0.0,-0.029166666666666563,FOREIGN_FLIP_SELL,1,3431313.0,375705.0,0.07889411408236913,175939147.2972107
6278,2025-03-20,2025-03-21,2025-03-21,110.92826093766132,108.07173919677734,-0.025751072961373356,0.0,-0.025751072961373356,FOREIGN_FLIP_SELL,1,1252051.0,22897.0,0.030061913819800168,217274119.5239685
6278,2025-07-03,2025-07-04,2025-07-07,107.1195654912826,104.73912811279295,-0.02222224639889303,-0.00526795861514584,-0.01695428778374719,FOREIGN_FLIP_SELL,2,2739562.0,328128.0,0.024702674576455363,219830792.57959896
6278,2025-07-17,2025-07-18,2025-07-31,107.0,106.0,-0.009345794392523366,0.0068163956671822845,-0.01616219005970565,FOREIGN_FLIP_SELL,10,3360319.0,11918.0,0.026933162779681608,296072406.90000004
6278,2025-08-12,2025-08-13,2025-08-13,112.0,105.0,-0.0625,0.0,-0.0625,FOREIGN_FLIP_SELL,1,1254014.0,256724.0,0.0393258426966292,146257812.45
6278,2025-08-29,2025-09-01,2025-09-01,107.5,105.5,-0.018604651162790753,0.0,-0.018604651162790753,FOREIGN_FLIP_SELL,1,2194243.0,14140.0,0.01630820137083422,166610369.25
6278,2025-09-19,2025-09-22,2025-09-25,107.5,106.0,-0.013953488372092981,0.005535034047206011,-0.019488522419298993,FOREIGN_FLIP_SELL,4,1293170.0,68770.0,0.012538443340430527,186041606.20000002
6278,2025-11-28,2025-12-01,2025-12-01,102.5,102.0,-0.004878048780487809,0.0,-0.004878048780487809,FOREIGN_FLIP_SELL,1,490000.0,51000.0,0.0034754470668694193,196801245.375
6281,2024-07-08,2024-07-09,2024-07-10,80.32715973851903,80.13703918457031,-0.0023668277898484247,0.004476972447382543,-0.006843800237230968,FOREIGN_FLIP_SELL,2,37000.0,1000.0,0.0030864320296681846,5607687.493936158
6282,2024-09-27,2024-09-30,2024-09-30,34.20000076293945,34.0,-0.005847975394087768,0.0,-0.005847975394087768,FOREIGN_FLIP_SELL,1,2353000.0,4000.0,0.04365103362599121,68288035.3125
6282,2025-02-21,2025-02-24,2025-02-26,32.650001525878906,32.25,-0.012251194707046498,-0.006906752419037598,-0.005344442288008899,FOREIGN_FLIP_SELL,3,1157938.0,2000.0,0.0472541206030479,86640064.7447218
6282,2025-03-05,2025-03-06,2025-03-06,32.650001525878906,32.0,-0.019908162189937517,0.0,-0.019908162189937517,FOREIGN_FLIP_SELL,1,819520.0,1000.0,0.01689612197081547,87663509.375
6282,2025-03-27,2025-03-28,2025-03-31,31.799999237060547,28.89999961853028,-0.09119495874548733,-0.04198467002028805,-0.04921028872519928,FOREIGN_FLIP_SELL,2,1575001.0,4000.0,0.013861386138613874,58222721.6
6282,2025-05-19,2025-05-20,2025-05-22,28.0,27.850000381469727,-0.005357129233224067,0.006732855308621222,-0.012089984541845289,FOREIGN_FLIP_SELL,3,542700.0,14000.0,0.06525911318268629,48167220.675
6282,2025-07-03,2025-07-04,2025-07-04,26.75,25.600000381469727,-0.04299063994505692,0.0,-0.04299063994505692,FOREIGN_FLIP_SELL,1,1669621.0,7000.0,0.0207975569749983,41331695.175000004
6282,2025-08-04,2025-08-05,2025-08-07,28.799999237060547,29.799999237060547,0.03472222314204698,0.01450427439748081,0.020217948744566172,FOREIGN_FLIP_SELL,3,464083.0,205000.0,0.07801418828586093,54924158.324999996
6282,2025-08-15,2025-08-18,2025-08-18,29.14999961853028,28.75,-0.013722114022807985,0.0,-0.013722114022807985,FOREIGN_FLIP_SELL,1,2825306.0,54000.0,0.04684173455882479,97083448.325
6285,2024-03-13,2024-03-14,2024-03-15,147.68129207696947,142.60475158691406,-0.03437497342188467,-0.012810760745144978,-0.02156421267673969,FOREIGN_FLIP_SELL,2,2732250.0,1461000.0,0.03913407138492353,1212172083.8051758
6285,2024-05-16,2024-05-17,2024-06-06,142.60474961803806,149.52731323242188,0.048543710030175546,0.03030455598719528,0.018239154042980266,FOREIGN_FLIP_SELL,15,5662692.0,727000.0,0.04662871403485802,525026043.70996094
6285,2024-12-20,2024-12-23,2024-12-23,134.83215472277473,130.51368713378906,-0.03202846975088969,0.0,-0.03202846975088969,FOREIGN_FLIP_SELL,1,8234564.0,4973806.0,0.1410788602118942,665618245.3085603
6285,2025-02-03,2025-02-04,2025-02-05,137.7111473725701,141.54977416992188,0.027874481264516415,0.016127918339116087,0.011746562925400328,FOREIGN_FLIP_SELL,2,3944854.0,259000.0,0.06379019572746092,863066825.9519258
6285,2025-02-27,2025-03-03,2025-03-28,141.0699421564738,140.59011840820312,-0.0034013181045927654,-0.05068319143092559,0.047281873326332824,20D_TIMEOUT,20,932405.0,1031000.0,0.010482881683355538,776642856.802185
6285,2025-04-30,2025-05-02,2025-05-12,123.31624980253332,122.3565902709961,-0.0077821011673151474,0.016447197816611192,-0.02422929898392634,FOREIGN_FLIP_SELL,7,1339557.0,283000.0,0.038961040663749724,493635834.30078125
6285,2025-06-30,2025-07-01,2025-07-01,118.03812395624756,114.1994857788086,-0.03252032520325221,0.0,-0.03252032520325221,FOREIGN_FLIP_SELL,1,1198607.0,1653.0,0.005378573699090339,286398394.26049805
6285,2025-07-08,2025-07-09,2025-07-10,117.0,116.0,-0.008547008547008517,0.007379596142790046,-0.015926604689798562,FOREIGN_FLIP_SELL,2,3727234.0,26000.0,0.01922235489409374,424912352.625
6285,2026-01-21,2026-01-22,2026-01-26,141.0,157.5,0.11702127659574457,0.010030827501894546,0.10699044909385003,FOREIGN_FLIP_SELL,3,20009552.0,88000.0,0.19484866715179927,1334698242.375
6409,2024-03-01,2024-03-04,2024-03-21,1537.544153091755,1542.275146484375,0.0030769805101900083,0.04629706912534903,-0.043220088615159025,FOREIGN_FLIP_SELL,14,52123.0,100.0,0.13260150428485962,340387682.8378906
6409,2024-04-15,2024-04-16,2024-04-22,1528.0823974609375,1386.1552734375,-0.0928792349543871,-0.02465788350786724,-0.06822135144651986,FOREIGN_FLIP_SELL,5,122079.0,92.0,0.004886963118018839,219403355.0430176
6409,2024-05-10,2024-05-13,2024-05-13,1494.9659967237903,1466.58056640625,-0.01898734177215189,0.0,-0.01898734177215189,FOREIGN_FLIP_SELL,1,41852.0,136.0,0.034482767303997575,261036963.22007447
6409,2024-05-22,2024-05-23,2024-05-24,1632.162244780725,1660.5477294921875,0.017391337657903128,-0.0019479338523243905,0.019339271510227518,FOREIGN_FLIP_SELL,2,57370.0,641.0,0.1331625647366177,312771159.4890137
6409,2024-06-04,2024-06-05,2024-06-11,1589.5841582436942,1636.8931884765625,0.02976189086153158,0.01430020874963045,0.015461682111901132,FOREIGN_FLIP_SELL,4,63881.0,1678.0,0.012353090464954919,289864953.68739015
6409,2024-08-13,2024-08-14,2024-08-28,1826.9934601070368,1952.65966796875,0.06878306387279065,0.015590241916262793,0.05319282195652786,FOREIGN_FLIP_SELL,11,115792.0,187.0,0.04599633405647441,276004489.00019526
6409,2024-09-23,2024-09-24,2024-09-25,2150.8255404057886,2237.8251953125,0.040449424312814175,0.014703261303304016,0.02574616300951016,FOREIGN_FLIP_SELL,2,76587.0,7000.0,0.09814517987349203,352502340.50039065
6409,2024-10-24,2024-10-25,2024-10-25,2160.492276126391,2116.992431640625,-0.020134228187919323,0.0,-0.020134228187919323,FOREIGN_FLIP_SELL,1,50948.0,1089.0,0.032722259909409246,435256356.19438475
6409,2025-01-22,2025-02-03,2025-02-03,1793.1602409518491,1657.827392578125,-0.07547169811320731,0.0,-0.07547169811320731,FOREIGN_FLIP_SELL,1,33537.0,996.0,0.020900349559663578,226038343.82473144
6409,2025-04-30,2025-05-02,2025-05-07,1483.827928200746,1454.828125,-0.019543912504673355,-0.011600661901715936,-0.007943250602957419,FOREIGN_FLIP_SELL,4,34173.0,1000.0,0.09990830931353356,321623770.71253663
6412,2024-03-05,2024-03-06,2024-03-06,154.52094621930803,160.00689697265625,0.035502958579881616,0.0,0.035502958579881616,FOREIGN_FLIP_SELL,1,838788.0,115074.0,0.08532092323379259,88472288.03240967
6412,2024-03-15,2024-03-18,2024-03-27,171.8931100515014,162.7498779296875,-0.05319138224373543,0.016110259259655813,-0.06930164150339124,FOREIGN_FLIP_SELL,8,1320620.0,18000.0,0.08010251768688792,134285309.60744017
6412,2024-07-23,2024-07-26,2024-07-26,131.71632897675929,127.43673706054688,-0.032490974729242006,0.0,-0.032490974729242006,FOREIGN_FLIP_SELL,1,311050.0,22000.0,0.013525671442254694,108682577.12077561
6412,2025-01-09,2025-01-10,2025-01-13,124.10816361183343,122.20612335205078,-0.015325665970947422,-0.022750412660863084,0.007424746689915662,FOREIGN_FLIP_SELL,2,1059088.0,146000.0,0.06413692170748875,115806885.52294083
6412,2025-05-06,2025-05-07,2025-05-07,97.00408460147416,94.62653350830078,-0.02450980392156854,0.0,-0.02450980392156854,FOREIGN_FLIP_SELL,1,414001.0,81307.0,0.048155849404603046,71633411.12703551
6412,2025-05-20,2025-05-21,2025-05-23,118.87754876929591,116.97550964355467,-0.015999986081749573,-0.006956088187307308,-0.009043897894442265,FOREIGN_FLIP_SELL,3,3548733.0,94000.0,0.16273615198631597,166704420.12899017
6414,2024-02-05,2024-02-15,2024-02-20,258.82634786329504,261.1372985839844,0.00892857601155006,0.005824207366001755,0.0031043686455483055,FOREIGN_FLIP_SELL,4,1344971.0,49000.0,0.03216154163936702,277335655.35205376
6414,2024-02-23,2024-02-26,2024-02-29,259.7507634602309,276.3895874023437,0.06405688176027335,0.0009878984501414667,0.06306898331013189,FOREIGN_FLIP_SELL,3,972100.0,8000.0,0.021804549779215643,406117173.5205963
6414,2024-03-05,2024-03-06,2024-03-06,282.398041972176,281.93585205078125,-0.0016366612111292644,0.0,-0.0016366612111292644,FOREIGN_FLIP_SELL,1,991015.0,151000.0,0.08098587175712124,599126956.0797148
6414,2024-03-15,2024-03-18,2024-03-18,276.38957494405287,269.45672607421875,-0.025083612040133874,0.0,-0.025083612040133874,FOREIGN_FLIP_SELL,1,1472257.0,258000.0,0.005042369818617942,693530095.3132874
6414,2025-02-25,2025-02-26,2025-03-03,307.65892788199494,296.1397399902344,-0.0374414224578552,-0.02761668107426185,-0.00982474138359335,FOREIGN_FLIP_SELL,3,1158481.0,181000.0,0.04461722670410295,280117374.3248749
6414,2025-05-16,2025-05-19,2025-06-02,286.5403942517568,281.74072265625,-0.01675041876046901,-0.02421126438619403,0.007460845625725021,FOREIGN_FLIP_SELL,10,371958.0,112000.0,0.09606701028016218,118371023.71902466
6414,2025-07-03,2025-07-04,2025-07-07,300.5,293.5,-0.02329450915141429,-0.00526795861514584,-0.01802655053626845,FOREIGN_FLIP_SELL,2,2145451.0,35000.0,0.032950836414717743,282557100.0
6414,2025-11-27,2025-11-28,2025-11-28,296.0,298.0,0.006756756756756799,0.0,0.006756756756756799,FOREIGN_FLIP_SELL,1,752777.0,108000.0,0.03288842362383315,228774729.6
6414,2026-01-16,2026-01-19,2026-01-19,305.5,293.5,-0.039279869067103124,0.0,-0.039279869067103124,FOREIGN_FLIP_SELL,1,1752620.0,1000.0,0.039138608784823115,289762737.6
6415,2024-05-14,2024-05-15,2024-05-15,405.2635375232232,407.7498168945313,0.006134969325153339,0.0,0.006134969325153339,FOREIGN_FLIP_SELL,1,919819.0,10000.0,0.05653146084464988,1510152937.4886246
6415,2024-08-22,2024-08-23,2024-08-27,472.3930851105721,479.3546752929688,0.01473685877676889,0.0012162269603968046,0.013520631816372086,FOREIGN_FLIP_SELL,3,931224.0,1181500.0,0.11794630962536301,1411699596.097165
6415,2024-10-08,2024-10-09,2024-10-09,550.9595536665482,546.9815063476562,-0.0072202166064980755,0.0,-0.0072202166064980755,FOREIGN_FLIP_SELL,1,6064237.0,40000.0,0.2203691932066103,2384649583.249054
6415,2025-01-20,2025-01-21,2025-01-21,397.8047248208599,390.3458862304688,-0.018749999999999933,0.0,-0.018749999999999933,FOREIGN_FLIP_SELL,1,915097.0,9000.0,0.0029461666028216538,766620729.9651947
6415,2025-02-17,2025-02-18,2025-02-26,419.6839599609375,446.0385437011719,0.06279626160286744,-0.011136540847242693,0.07393280245011014,FOREIGN_FLIP_SELL,7,3373578.0,119000.0,0.09029622679445892,1202000806.6664064
6415,2025-03-04,2025-03-05,2025-03-05,430.1263427734375,430.1263427734375,0.0,0.0,0.0,FOREIGN_FLIP_SELL,1,189400.0,59000.0,0.04910980819932709,1692136494.5815704
6415,2025-03-18,2025-03-19,2025-03-21,439.5741951712972,436.0934143066406,-0.007918528664541347,0.011305106881970728,-0.019223635546512075,FOREIGN_FLIP_SELL,3,516700.0,33000.0,0.013440108947495366,1475480918.9732788
6415,2026-03-24,2026-03-25,2026-03-27,290.4517362682336,293.0,0.00877344981478445,-0.009764600115041211,0.018538049929825662,FOREIGN_FLIP_SELL,3,2903720.0,47000.0,0.0523374930154592,1812883831.75
6416,2024-09-27,2024-09-30,2024-10-07,150.8178722453567,153.7182159423828,0.019230769230769384,0.02150872434432527,-0.002277955113555885,FOREIGN_FLIP_SELL,4,260000.0,3000.0,0.03318622941625371,163493785.87116393
6438,2024-05-16,2024-05-17,2024-05-17,121.48689331054688,119.10479736328124,-0.019607843137255054,0.0,-0.019607843137255054,FOREIGN_FLIP_SELL,1,375644.0,192000.0,0.020242900333011793,160469139.57957914
6438,2024-08-27,2024-08-28,2024-09-05,124.69230175395256,113.00240325927734,-0.09374996154728266,-0.05287949530713798,-0.040870466240144676,FOREIGN_FLIP_SELL,7,1226000.0,50000.0,0.11776449657433408,120925167.62237549
6438,2024-09-16,2024-09-18,2024-09-19,124.69230710998062,127.61478424072266,0.02343750948616563,0.016783629197754113,0.006653880288411518,FOREIGN_FLIP_SELL,2,1034000.0,4142.0,0.044407855568839416,120810206.6350708
6438,2024-10-01,2024-10-04,2024-10-04,161.7103316976417,156.83953857421875,-0.030120481927710885,0.0,-0.030120481927710885,FOREIGN_FLIP_SELL,1,1881085.0,15032.0,0.24738538630828688,465444573.0821861
6438,2024-10-14,2024-10-15,2024-10-15,180.70641741188624,181.1934967041016,0.0026954177897575704,0.0,0.0026954177897575704,FOREIGN_FLIP_SELL,1,1960410.0,23764.0,0.2403620553224861,1040899467.4803618
6438,2024-10-25,2024-10-28,2024-10-29,210.9053423445499,199.21543884277344,-0.05542725173210172,-0.01170271773009135,-0.04372453400201037,FOREIGN_FLIP_SELL,2,1116743.0,125410.0,0.1515069755986127,1795058713.82388
6438,2024-11-13,2024-11-14,2024-11-14,216.750293209492,209.93118286132807,-0.031460674157304025,0.0,-0.031460674157304025,FOREIGN_FLIP_SELL,1,1845415.0,147919.0,0.05025011201457641,1397241782.8091516
6438,2025-01-22,2025-02-03,2025-02-03,206.4811342538121,204.0230255126953,-0.011904761904761751,0.0,-0.011904761904761751,FOREIGN_FLIP_SELL,1,772224.0,212000.0,0.09374999585602506,719277735.292211
6438,2025-02-07,2025-02-10,2025-02-10,234.4720496727693,219.3290557861328,-0.06458336466018078,0.0,-0.06458336466018078,FOREIGN_FLIP_SELL,1,1330856.0,85000.0,0.14285134885896444,937390934.4361908
6438,2025-06-02,2025-06-03,2025-06-03,175.01733112055535,167.64300537109375,-0.042134831460674205,0.0,-0.042134831460674205,FOREIGN_FLIP_SELL,1,187677.0,40000.0,0.046135751573678,866573398.0044067
6438,2025-08-18,2025-08-19,2025-08-21,187.5,178.0,-0.05066666666666664,-0.016070344739975817,-0.03459632192669082,FOREIGN_FLIP_SELL,3,2677166.0,95000.0,0.14776737762774284,570551109.15
6438,2026-03-03,2026-03-04,2026-03-06,150.0,149.5,-0.0033333333333332993,0.0234750677429707,-0.026808401076304,FOREIGN_FLIP_SELL,3,489615.0,1000.0,0.024016010673782562,208154327.375
6442,2024-01-02,2024-01-03,2024-01-09,67.82574462890625,64.65091705322266,-0.04680859153193184,-0.0013565630858005662,-0.045452028446131276,FOREIGN_FLIP_SELL,5,718000.0,2000.0,0.042224167399055546,42236232.40641022
6442,2024-10-22,2024-10-23,2024-10-24,482.1237723398026,494.3853149414063,0.02543235431453006,-0.006095637401184573,0.03152799171571463,FOREIGN_FLIP_SELL,2,1567040.0,97000.0,0.20859605777074597,3139654682.2968063
6442,2024-11-05,2024-11-06,2024-11-20,515.9656150668275,487.5188598632813,-0.055133044475961346,-0.02278557980244289,-0.032347464673518456,FOREIGN_FLIP_SELL,11,1276980.0,35000.0,0.13116075111393477,4573339811.504874
6442,2024-12-13,2024-12-16,2024-12-17,594.4394706253456,543.4314575195312,-0.0858085904897169,-0.0009501180399593689,-0.08485847244975753,FOREIGN_FLIP_SELL,2,1317901.0,122500.0,0.19337648614530623,3068201005.1386685
6442,2025-07-21,2025-07-22,2025-07-23,551.0,562.0,0.019963702359346636,0.014387991654924104,0.005575710704422532,FOREIGN_FLIP_SELL,2,2409762.0,110000.0,0.19140778637113454,1454666903.25
6442,2025-10-29,2025-10-30,2025-10-30,995.0,943.0,-0.052261306532663365,0.0,-0.052261306532663365,FOREIGN_FLIP_SELL,1,2075975.0,243000.0,0.16938848492072967,4706718219.900001
6442,2025-11-14,2025-11-17,2025-11-18,1020.0,1030.0,0.009803921568627416,-0.02518248208944085,0.034986403658068266,FOREIGN_FLIP_SELL,2,1787656.0,179000.0,0.09871908127208484,5560435314.0
6442,2026-01-23,2026-01-26,2026-01-26,1365.0,1300.0,-0.04761904761904767,0.0,-0.04761904761904767,FOREIGN_FLIP_SELL,1,947211.0,225000.0,0.024381024381024297,4730274444.75
6442,2026-01-29,2026-01-30,2026-02-03,1755.0,1830.0,0.042735042735042805,0.004104615804451983,0.03863042693059082,FOREIGN_FLIP_SELL,3,2390996.0,153000.0,0.270718232044199,5870642130.0
6442,2026-02-09,2026-02-10,2026-03-02,1900.0,2355.0,0.23947368421052628,0.06114120292723957,0.17833248128328671,FOREIGN_FLIP_SELL,7,220154.0,2000.0,0.22557138125207032,6055207897.5
6442,2026-03-20,2026-03-23,2026-03-23,1905.0,1850.0,-0.02887139107611547,0.0,-0.02887139107611547,FOREIGN_FLIP_SELL,1,297336.0,80968.0,0.05534769707134557,3710497693.5
6443,2024-06-28,2024-07-01,2024-07-01,28.524590609366435,28.032787322998047,-0.017241379310344862,0.0,-0.017241379310344862,FOREIGN_FLIP_SELL,1,2795215.0,2000.0,0.05005440962365992,292316342.15082705
6446,2024-05-13,2024-05-14,2024-05-29,323.80113438197543,424.5836181640625,0.31124808742392474,0.032243173529782565,0.27900491389414217,FOREIGN_FLIP_SELL,12,193737.0,114000.0,0.05646027193453995,385279083.59049684
6446,2024-07-15,2024-07-16,2024-07-16,609.6840993833936,603.697021484375,-0.009819967266775698,0.0,-0.009819967266775698,FOREIGN_FLIP_SELL,1,1942963.0,348000.0,0.11374835240202619,2584119423.1364594
6446,2024-07-19,2024-07-22,2024-08-02,650.5957622039012,643.61083984375,-0.010736194063868054,-0.02780701182449785,0.017070817760629797,FOREIGN_FLIP_SELL,8,3335770.0,9000.0,0.12261254773565367,3049954959.600101
6446,2024-11-05,2024-11-06,2024-11-06,636.6259501369397,617.6668701171875,-0.029780564263322984,0.0,-0.029780564263322984,FOREIGN_FLIP_SELL,1,695620.0,4000.0,0.03415710701300845,816791248.224411
6446,2025-01-07,2025-01-08,2025-01-15,719.4472045898438,715.455810546875,-0.0055478623274993755,-0.0381401792791104,0.03259231695161102,FOREIGN_FLIP_SELL,6,3939471.0,462000.0,0.20355749608462737,1280938102.1301482
6446,2025-02-13,2025-02-14,2025-02-17,759.3610664775505,769.3394775390625,0.01314053551336114,0.015234598287045209,-0.002094062773684069,FOREIGN_FLIP_SELL,2,2252441.0,182000.0,0.07021998350710512,2056489678.3457642
6446,2025-06-05,2025-06-06,2025-06-06,520.8757623387133,506.9059143066406,-0.026819923371647403,0.0,-0.026819923371647403,FOREIGN_FLIP_SELL,1,1222793.0,13945.0,0.042210544125298455,1081405343.34729
6446,2025-06-25,2025-06-26,2025-06-27,546.8197720292686,545.8218994140625,-0.0018248656435794208,0.0039008940370151013,-0.005725759680594522,FOREIGN_FLIP_SELL,2,1091855.0,287000.0,0.030440520093893086,1163218045.3877747
6446,2025-09-04,2025-09-05,2025-09-05,525.0,510.0,-0.02857142857142858,0.0,-0.02857142857142858,FOREIGN_FLIP_SELL,1,1569689.0,20000.0,0.033411486483514,741076285.3499999
6446,2025-10-02,2025-10-03,2025-10-07,558.0,554.0,-0.007168458781361964,0.01684868471805201,-0.024017143499413973,FOREIGN_FLIP_SELL,2,2184429.0,95000.0,0.09113781672859744,1792957989.6
6446,2026-01-14,2026-01-15,2026-01-19,529.0,577.0,0.09073724007561434,0.02689689652949334,0.063840343546121,FOREIGN_FLIP_SELL,3,1690271.0,28000.0,0.05542482351174094,892462932.35
6446,2026-01-26,2026-01-27,2026-01-28,677.0,700.0,0.033973412112259904,0.015035014375913036,0.018938397736346868,FOREIGN_FLIP_SELL,2,2466295.0,27000.0,0.23833200431539936,2187172020.0
6446,2026-02-02,2026-02-03,2026-02-04,780.0,762.0,-0.023076923076923106,0.002933689007004636,-0.026010612083927742,FOREIGN_FLIP_SELL,2,2629700.0,169000.0,0.2788066705773904,3781522612.0
6446,2026-02-09,2026-02-10,2026-02-10,734.0,728.0,-0.008174386920980936,0.0,-0.008174386920980936,FOREIGN_FLIP_SELL,1,392551.0,2000.0,0.11534940494354595,3549062566.25
6449,2024-01-02,2024-01-03,2024-01-04,66.3276940993676,66.42298889160156,0.0014367270493558237,-0.0005501443934380346,0.0019868714427938583,FOREIGN_FLIP_SELL,2,74000.0,1000.0,0.01199563101881651,14649223.183281327
6449,2025-07-17,2025-07-18,2025-07-29,112.0,106.0,-0.0535714285714286,-0.007766766957649995,-0.04580466161377861,FOREIGN_FLIP_SELL,8,237000.0,31000.0,0.024087764987579918,25914852.275
6451,2024-02-22,2024-02-23,2024-02-23,227.46850305674027,217.6000213623047,-0.04338394793926248,0.0,-0.04338394793926248,FOREIGN_FLIP_SELL,1,4382810.0,20000.0,0.19164784071503993,1214192323.053026
6451,2024-11-07,2024-11-08,2024-11-08,241.3991665518357,243.89295959472656,0.010330578512396826,0.0,0.010330578512396826,FOREIGN_FLIP_SELL,1,1280208.0,105000.0,0.03362525543980932,1830849962.7282166
6451,2024-12-06,2024-12-09,2024-12-11,245.88800594991423,257.85821533203125,0.048681550512696736,-0.015881715730506007,0.06456326624320274,FOREIGN_FLIP_SELL,3,4552525.0,1320000.0,0.10278493929927546,1049523740.1897309
6451,2026-03-18,2026-03-19,2026-03-23,266.0,280.5,0.05451127819548862,-0.028708485698629382,0.083219763894118,FOREIGN_FLIP_SELL,3,2251742.0,59.0,0.3865076407007082,1500952705.2
6456,2024-08-28,2024-08-29,2024-08-29,60.70000076293945,61.20000076293945,0.008237232186416588,0.0,0.008237232186416588,FOREIGN_FLIP_SELL,1,243000.0,8291.0,0.03143587017281613,42179938.86016045
6472,2024-01-15,2024-01-17,2024-01-17,599.0641423717275,543.0020141601562,-0.09358284738862555,0.0,-0.09358284738862555,FOREIGN_FLIP_SELL,1,2118336.0,137000.0,0.06556127955219537,1271943991.2871583
6472,2024-03-29,2024-04-01,2024-04-12,524.5815745134585,632.7014770507812,0.2061069389209913,0.025429326511254402,0.1806776124097369,FOREIGN_FLIP_SELL,8,497472.0,18000.0,0.02391212747354965,838349872.7112031
6472,2024-05-17,2024-05-20,2024-05-20,649.520204779654,630.2988891601562,-0.029593098841349308,0.0,-0.029593098841349308,FOREIGN_FLIP_SELL,1,1927795.0,176000.0,0.08071600906716858,1958972940.9014008
6472,2024-07-17,2024-07-18,2024-07-18,773.6577760038889,736.0160522460938,-0.04865423049480977,0.0,-0.04865423049480977,FOREIGN_FLIP_SELL,1,2296901.0,26000.0,0.11970926322367936,2817657856.892853
6472,2024-10-24,2024-10-25,2024-10-25,611.9176174887087,602.94287109375,-0.014666592590994232,0.0,-0.014666592590994232,FOREIGN_FLIP_SELL,1,498055.0,16000.0,0.0019500598549908599,571386898.9963531
6472,2024-11-12,2024-11-13,2024-11-13,633.9467163085938,633.9467163085938,0.0,0.0,0.0,FOREIGN_FLIP_SELL,1,1094014.0,729.0,0.043595794925042064,766044232.7348328
6472,2025-01-07,2025-01-08,2025-01-08,628.2354747220425,623.340087890625,-0.007792280169443444,0.0,-0.007792280169443444,FOREIGN_FLIP_SELL,1,310049.0,4000.0,0.02228747717757984,560028685.0812378
6472,2025-01-13,2025-01-14,2025-01-17,654.3439724069946,638.0261840820312,-0.024937630685186174,0.015377135499081929,-0.0403147661842681,FOREIGN_FLIP_SELL,4,706051.0,228000.0,0.05862870110841145,702474849.2168702
6472,2025-02-05,2025-02-06,2025-02-07,706.5608915657614,696.770263671875,-0.013856736214468368,0.006933683495169651,-0.02079041970963802,FOREIGN_FLIP_SELL,2,1128281.0,147000.0,0.09602939224643192,1127830684.966635
6472,2025-06-27,2025-06-30,2025-07-01,684.2855834960938,682.6185913085938,-0.002436105958835366,0.013376209140048223,-0.01581231509888359,FOREIGN_FLIP_SELL,2,146937.0,11000.0,0.02244743365782309,1068676887.3631347
6472,2025-08-13,2025-08-14,2025-08-18,770.0,778.0,0.010389610389610393,0.010084120694860976,0.0003054896947494168,FOREIGN_FLIP_SELL,3,484018.0,73000.0,0.08980000052430337,911357045.9999999
6472,2026-03-18,2026-03-19,2026-03-19,502.0,483.0,-0.03784860557768921,0.0,-0.03784860557768921,FOREIGN_FLIP_SELL,1,639979.0,2000.0,0.051880542248496475,616213082.4
6491,2024-03-14,2024-03-15,2024-03-15,426.2600384549611,411.1041259765625,-0.03555555555555545,0.0,-0.03555555555555545,FOREIGN_FLIP_SELL,1,1484342.0,106924.0,0.1068178788315357,350943115.0713363
6491,2024-04-25,2024-04-26,2024-04-26,496.3561429866093,486.8836975097656,-0.01908396946564883,0.0,-0.01908396946564883,FOREIGN_FLIP_SELL,1,889912.0,10000.0,0.09485205912995043,531896260.3725586
6491,2024-05-02,2024-05-03,2024-05-03,493.514410022728,474.5695190429688,-0.038387715930901956,0.0,-0.038387715930901956,FOREIGN_FLIP_SELL,1,594460.0,66500.0,0.0918420222758436,569151678.002443
6491,2025-01-17,2025-01-20,2025-01-20,360.6601537855926,359.20977783203125,-0.004021447721179627,0.0,-0.004021447721179627,FOREIGN_FLIP_SELL,1,127848.0,37000.0,0.011350543189900142,92145638.02353515
6491,2025-02-03,2025-02-04,2025-02-04,358.24284713304354,351.47442626953125,-0.018893387314439902,0.0,-0.018893387314439902,FOREIGN_FLIP_SELL,1,179793.0,2000.0,0.009391294892556967,99234591.29875183
6491,2025-02-11,2025-02-12,2025-02-13,366.9451005612347,365.0112609863281,-0.005270105996643126,0.004708515817043901,-0.009978621813687027,FOREIGN_FLIP_SELL,2,60000.0,3000.0,0.02470386599122265,82377900.42845
6491,2025-07-11,2025-07-14,2025-07-14,306.5,294.0,-0.04078303425774876,0.0,-0.04078303425774876,FOREIGN_FLIP_SELL,1,157981.0,6000.0,0.015846538782318564,46897658.849999994
6491,2025-11-03,2025-11-04,2025-11-14,352.0,330.5,-0.061079545454545414,-0.025574271279597216,-0.0355052741749482,FOREIGN_FLIP_SELL,9,1181355.0,8000.0,0.10416831448232222,133597095.3
6505,2024-08-02,2024-08-05,2024-08-07,62.11768920484231,62.60680389404297,0.007874000070861253,0.0738443464959706,-0.06597034642510935,FOREIGN_FLIP_SELL,3,3579371.0,23448.0,0.010461010829968309,268016775.64548913
6505,2025-04-15,2025-04-16,2025-04-16,35.75435419631419,35.0695915222168,-0.01915186805885538,0.0,-0.01915186805885538,FOREIGN_FLIP_SELL,1,6749436.0,30345.0,0.0049912545481956005,261591894.65945137
6505,2025-05-08,2025-05-09,2025-05-13,38.00428590654471,38.3466682434082,0.009009045393075787,0.019847037400196,-0.010837992007120212,FOREIGN_FLIP_SELL,3,4847207.0,999709.0,0.08529284640924817,210731834.65395182
6505,2025-07-03,2025-07-04,2025-07-08,38.20000076293945,36.84999847412109,-0.035340373347010456,-0.008215122241933659,-0.027125251105076797,FOREIGN_FLIP_SELL,3,9190830.0,66000.0,0.03869807710980244,366571463.3816622
6505,2025-07-24,2025-07-25,2025-07-25,39.84999847412109,39.34999847412109,-0.012547051923344599,0.0,-0.012547051923344599,FOREIGN_FLIP_SELL,1,4896500.0,1425000.0,0.06549751135726423,268059806.1448299
6505,2025-10-22,2025-10-23,2025-10-31,44.95000076293945,44.70000076293945,-0.005561735167001869,0.02546430440938008,-0.031026039576381947,FOREIGN_FLIP_SELL,6,5198464.0,20000.0,0.07999758684424907,275047881.4084196
6505,2025-11-05,2025-11-06,2025-11-25,45.400001525878906,52.09999847412109,0.1475770203316633,-0.03538705331184433,0.18296407364350764,FOREIGN_FLIP_SELL,14,2583749.0,1000.0,0.03242808283709331,329215528.47460556
6505,2026-01-26,2026-01-27,2026-01-27,53.79999923706055,51.59999847412109,-0.04089220806947469,0.0,-0.04089220806947469,FOREIGN_FLIP_SELL,1,8888056.0,60872.0,0.0890882756886584,400517918.643849
6505,2026-01-30,2026-02-02,2026-02-02,53.5,48.75,-0.08878504672897192,0.0,-0.08878504672897192,FOREIGN_FLIP_SELL,1,6945821.0,2528134.0,0.0939260794347816,571744999.9973335
6515,2024-04-11,2024-04-12,2024-04-19,876.7195172991072,795.25439453125,-0.09292039376381767,-0.05832455192197061,-0.03459584184184705,FOREIGN_FLIP_SELL,6,1204965.0,205000.0,0.207910245209596,682549046.961383
6515,2024-06-25,2024-06-26,2024-06-26,1003.7662952458747,1037.7100830078125,0.033816425120772875,0.0,0.033816425120772875,FOREIGN_FLIP_SELL,1,116640.0,72000.0,0.08282275401940686,793508561.6357849
6515,2024-07-01,2024-07-02,2024-07-02,1032.8609088400135,1003.7662353515624,-0.028169014084507116,0.0,-0.028169014084507116,FOREIGN_FLIP_SELL,1,499070.0,90000.0,0.10247415036656471,924545010.6169189
6515,2024-07-05,2024-07-08,2024-07-08,1057.1065696969415,1023.1627807617188,-0.032110091743119185,0.0,-0.032110091743119185,FOREIGN_FLIP_SELL,1,169304.0,101000.0,0.0772788425036095,848566949.6074951
6515,2024-08-23,2024-08-26,2024-08-26,1108.3527418053668,1127.9696044921875,0.017699115044247815,0.0,0.017699115044247815,FOREIGN_FLIP_SELL,1,225046.0,6000.0,0.10477899012799052,680155147.3255187
6515,2024-10-30,2024-11-01,2024-11-05,1255.479326923077,1299.6171875,0.03515618268689136,0.014341871637612469,0.02081431104927889,FOREIGN_FLIP_SELL,3,231000.0,67000.0,0.03942651423745902,997165725.2913208
6515,2025-02-14,2025-02-17,2025-02-17,1280.000323395231,1314.329833984375,0.026819923371647514,0.0,0.026819923371647514,FOREIGN_FLIP_SELL,1,457062.0,136000.0,0.0732714515774684,1101913583.0115967
6515,2025-03-05,2025-03-06,2025-03-06,1446.7436934490593,1441.8394775390625,-0.003389830508474523,0.0,-0.003389830508474523,FOREIGN_FLIP_SELL,1,375479.0,113000.0,0.1019180393922201,1508917067.9427855
6515,2025-03-11,2025-03-12,2025-03-12,1382.988942081767,1304.521484375,-0.05673758865248224,0.0,-0.05673758865248224,FOREIGN_FLIP_SELL,1,64816.0,40000.0,0.006588606507341277,1622357985.6911132
6515,2025-05-20,2025-05-21,2025-05-21,937.6861159436784,942.59033203125,0.005230125523012719,0.0,0.005230125523012719,FOREIGN_FLIP_SELL,1,456382.0,4000.0,0.06986657136835195,1457986803.5881073
6515,2025-06-09,2025-06-10,2025-06-10,1108.3527800864365,1152.49072265625,0.03982300884955725,0.0,0.03982300884955725,FOREIGN_FLIP_SELL,1,399849.0,4000.0,0.09674886722307674,1936289040.3329468
6515,2025-06-23,2025-06-24,2025-06-24,1221.1497788202196,1235.8624267578125,0.012048192771084265,0.0,0.012048192771084265,FOREIGN_FLIP_SELL,1,536582.0,64000.0,0.07977087960586693,1925940784.5549316
6515,2025-09-02,2025-09-03,2025-09-05,1525.0,1745.0,0.1442622950819672,0.016359932618838835,0.12790236246312836,FOREIGN_FLIP_SELL,3,1366268.0,182000.0,0.26441515650741354,2462331184.25
6515,2025-09-16,2025-09-17,2025-09-18,1740.0,1875.0,0.07758620689655182,0.013016200996530891,0.06457000590002093,FOREIGN_FLIP_SELL,2,132050.0,2000.0,0.17244915399077088,2087829938.25
6515,2025-09-30,2025-10-01,2025-10-01,2295.0,2270.0,-0.01089324618736387,0.0,-0.01089324618736387,FOREIGN_FLIP_SELL,1,310407.0,1000.0,0.253805701632992,2683257391.5
6515,2025-10-07,2025-10-08,2025-10-14,2135.0,2275.0,0.06557377049180335,-0.009996027886775116,0.07556979837857847,FOREIGN_FLIP_SELL,4,462007.0,50000.0,0.10117890918512762,2398700637.5
6515,2025-11-06,2025-11-07,2025-11-13,2450.0,2185.0,-0.10816326530612241,0.009118898067048686,-0.1172821633731711,FOREIGN_FLIP_SELL,5,539996.0,38500.0,0.030396702730551173,2623192750.0
6515,2026-01-16,2026-01-19,2026-01-19,3575.0,3460.0,-0.032167832167832144,0.0,-0.032167832167832144,FOREIGN_FLIP_SELL,1,116297.0,77000.0,0.16215994082353902,3142117095.25
6515,2026-03-17,2026-03-18,2026-03-23,6925.0,7885.0,0.13862815884476531,-0.04734047852235512,0.18596863736712044,FOREIGN_FLIP_SELL,4,123317.0,64500.0,0.2668644148885275,3613619018.0
6525,2024-10-16,2024-10-17,2024-10-17,70.80111266284757,69.01226043701172,-0.025265877308373708,0.0,-0.025265877308373708,FOREIGN_FLIP_SELL,1,91627.0,2000.0,0.11892342456653804,41431967.67227783
6526,2024-01-25,2024-01-26,2024-01-29,559.0816693072552,551.316650390625,-0.013888881254596752,0.006924221152651233,-0.020813102407247985,FOREIGN_FLIP_SELL,2,417600.0,12000.0,0.058899026331988846,406093768.88183594
6526,2024-02-22,2024-02-23,2024-02-29,638.673155318859,671.6744995117188,0.05167172585543178,0.004107115253278559,0.04756461060215322,FOREIGN_FLIP_SELL,4,797990.0,257000.0,0.13507380709214112,741424542.1575714
6526,2024-05-02,2024-05-03,2024-05-03,680.4101836715919,669.7332763671875,-0.015691868758915706,0.0,-0.015691868758915706,FOREIGN_FLIP_SELL,1,224515.0,154000.0,0.0477564688822083,1004752278.8711548
6526,2024-05-17,2024-05-20,2024-05-27,662.9388947990627,736.70654296875,0.11127367657624965,0.025016355134823698,0.08625732144142595,FOREIGN_FLIP_SELL,6,256000.0,41000.0,0.013941700491423958,904315073.4213074
6526,2024-06-14,2024-06-17,2024-06-18,794.9441974142323,786.2085571289062,-0.010988998113001025,0.01159736185000071,-0.022586359963001734,FOREIGN_FLIP_SELL,2,1343061.0,240000.0,0.09985727024328428,1321015741.148157
6526,2024-08-15,2024-08-16,2024-08-16,600.9717339190605,604.8804931640625,0.006504065040650264,0.0,0.006504065040650264,FOREIGN_FLIP_SELL,1,97000.0,1000.0,0.012213503313937002,533268305.64785767
6526,2024-08-21,2024-08-22,2024-08-23,599.0173093668619,584.3594970703125,-0.02446976417433111,0.00041630655400193284,-0.024886070728333043,FOREIGN_FLIP_SELL,2,177210.0,2000.0,0.025293952699044997,417737794.0010376
6526,2024-09-23,2024-09-24,2024-09-25,609.7663950715422,616.6067504882812,0.01121799343490637,0.014703261303304016,-0.0034852678683976457,FOREIGN_FLIP_SELL,2,456948.0,68000.0,0.04122932119857481,465179818.22592777
6526,2024-11-29,2024-12-02,2024-12-05,613.67518115157,664.4890747070312,0.08280258859435752,0.023354506211844983,0.059448082382512535,FOREIGN_FLIP_SELL,4,166980.0,3000.0,0.019691136585369806,199861279.19008484
6526,2024-12-13,2024-12-16,2024-12-16,721.1660801896928,692.8275756835938,-0.03929539295392959,0.0,-0.03929539295392959,FOREIGN_FLIP_SELL,1,736548.0,152000.0,0.12050901191082808,595971000.8931885
6526,2024-12-24,2024-12-25,2024-12-26,679.1468724023981,696.736328125,0.025899339947456967,0.0011545410278845925,0.024744798919572375,FOREIGN_FLIP_SELL,2,193258.0,16000.0,0.016227332645129655,783622940.9958984
6526,2025-07-01,2025-07-02,2025-07-03,527.6824817518249,536.0,0.015762354324445838,0.0059895484378065245,0.009772805886639313,FOREIGN_FLIP_SELL,2,95185.0,30000.0,0.020175141473143032,131231170.77448426
6526,2025-08-27,2025-08-28,2025-09-01,560.0,554.0,-0.010714285714285676,-0.006796323525500969,-0.003917962188784707,FOREIGN_FLIP_SELL,3,566352.0,30000.0,0.02446201949604543,220140519.95
6526,2025-09-08,2025-09-09,2025-09-10,581.0,571.0,-0.01721170395869187,0.013575043934189956,-0.030786747892881827,FOREIGN_FLIP_SELL,2,323449.0,72000.0,0.0511932956822736,225990214.55
6526,2026-02-05,2026-02-06,2026-02-06,448.0,437.0,-0.024553571428571397,0.0,-0.024553571428571397,FOREIGN_FLIP_SELL,1,155008.0,2000.0,0.01755965781179647,236813783.6
6526,2026-02-24,2026-02-25,2026-03-03,467.0,525.0,0.12419700214132767,-0.030763270888021776,0.15496027302934945,FOREIGN_FLIP_SELL,4,208629.0,2000.0,0.0357500835282325,259992660.0
6531,2024-01-11,2024-01-12,2024-01-16,486.5140146337131,522.0189819335938,0.07297830325938648,-0.00947653444701091,0.08245483770639739,FOREIGN_FLIP_SELL,3,842502.0,50000.0,0.06765379506810909,2188373447.463281
6531,2024-01-31,2024-02-01,2024-02-01,501.8675171724833,496.1099548339844,-0.01147227533460815,0.0,-0.01147227533460815,FOREIGN_FLIP_SELL,1,325640.0,192000.0,0.02745439786170567,3052291693.384821
6531,2024-11-06,2024-11-07,2024-11-12,312.7923815763449,302.0401306152344,-0.03437504106373568,-0.018243156876297628,-0.01613188418743805,FOREIGN_FLIP_SELL,4,992850.0,3000.0,0.02842337233047343,514429106.9299469
6531,2024-12-06,2024-12-09,2024-12-10,307.9050033449188,308.39373779296875,0.001587289724884755,-0.006366533332259117,0.007953823057143872,FOREIGN_FLIP_SELL,2,1042709.0,10000.0,0.036142629566849216,339555004.2457062
6531,2025-02-04,2025-02-05,2025-02-25,302.04013248566656,306.9275207519531,0.01618125454410757,0.005359764946142098,0.010821489597965472,FOREIGN_FLIP_SELL,15,400951.0,215000.0,0.01895937137199777,457597421.14732057
6531,2025-06-09,2025-06-10,2025-06-12,307.9049903759058,307.9049987792969,2.7292156090652497e-08,0.0020537451079980507,-0.00205371781584196,FOREIGN_FLIP_SELL,3,527044.0,1000.0,0.1561658842783784,842951566.0874449
6531,2025-06-17,2025-06-18,2025-06-18,305.5,300.5,-0.016366612111292977,0.0,-0.016366612111292977,FOREIGN_FLIP_SELL,1,932941.0,484000.0,0.08159885689115809,1105288915.0407472
6531,2025-06-25,2025-06-26,2025-06-26,295.5,289.5,-0.02030456852791873,0.0,-0.02030456852791873,FOREIGN_FLIP_SELL,1,2535465.0,5000.0,0.0039163704429305835,1009466776.0
6531,2025-09-09,2025-09-10,2025-09-10,335.5,326.5,-0.026825633383010472,0.0,-0.026825633383010472,FOREIGN_FLIP_SELL,1,1808286.0,3587.0,0.11250104244850312,907470091.625
6531,2025-11-06,2025-11-07,2025-11-10,408.0,411.0,0.007352941176470562,0.007887467877500054,-0.0005345267010294918,FOREIGN_FLIP_SELL,2,2941141.0,2000.0,0.07517024620220014,2615369964.7000003
6531,2025-12-30,2025-12-31,2026-01-02,447.5,458.5,0.024581005586592264,0.013334355629436079,0.011246649957156185,FOREIGN_FLIP_SELL,2,6514875.0,61000.0,0.10411078535337781,1421994613.875
6531,2026-01-09,2026-01-12,2026-01-12,489.0,472.0,-0.03476482617586907,0.0,-0.03476482617586907,FOREIGN_FLIP_SELL,1,3100937.0,11000.0,0.13589303673904052,2413426056.0
6531,2026-01-15,2026-01-16,2026-01-20,475.5,506.0,0.06414300736067302,0.011184513347031189,0.05295849401364183,FOREIGN_FLIP_SELL,3,743540.0,245000.0,0.07146928074774883,2539126801.5
6531,2026-03-12,2026-03-13,2026-03-17,485.5,580.0,0.19464469618949543,0.013061251985560629,0.1815834442039348,FOREIGN_FLIP_SELL,3,3204767.0,5000.0,0.14836496954644907,1514464306.2250001
6533,2025-02-10,2025-02-11,2025-02-14,440.0,443.5,0.007954545454545547,-0.009897404363985451,0.017851949818531,FOREIGN_FLIP_SELL,4,898910.0,29000.0,0.10676919198285639,364210643.0
6533,2025-05-06,2025-05-07,2025-05-09,283.0,289.5,0.0229681978798586,0.017937313084665174,0.005030884795193424,FOREIGN_FLIP_SELL,3,331922.0,1000.0,0.016949152542373058,156381576.75
6533,2025-11-24,2025-11-25,2025-12-02,274.0,275.5,0.005474452554744547,0.024230658890309398,-0.01875620633556485,FOREIGN_FLIP_SELL,6,239286.0,10000.0,0.038615179760319585,166353819.45000002
6579,2024-06-18,2024-06-19,2024-06-21,160.69241333007812,156.30191040039062,-0.027322403333808754,0.0018893767076508805,-0.029211780041459634,FOREIGN_FLIP_SELL,3,82000.0,1000.0,0.0002756336505806978,314555082.86743015
6579,2024-07-16,2024-07-17,2024-07-17,168.1562641316086,163.3267059326172,-0.02872065589665762,0.0,-0.02872065589665762,FOREIGN_FLIP_SELL,1,251000.0,49000.0,0.04522893082712831,104874085.19770432
6581,2024-10-24,2024-10-25,2024-10-28,113.524998486784,116.375,0.025104616174452365,-0.0064406378702547284,0.031545254044707094,FOREIGN_FLIP_SELL,2,59000.0,1000.0,0.028770708753889318,22765951.500115205
6585,2024-01-31,2024-02-01,2024-02-02,142.9432753077093,139.27806091308594,-0.025641041082439142,0.005110182189104195,-0.030751223271543338,FOREIGN_FLIP_SELL,2,2134000.0,90000.0,0.16666672606498878,110663862.20922089
6585,2025-01-02,2025-01-03,2025-01-03,140.56165684880438,138.22674560546875,-0.01661129568106312,0.0,-0.01661129568106312,FOREIGN_FLIP_SELL,1,42000.0,8000.0,0.05225862862944286,64572019.22879028
6591,2025-05-15,2025-05-16,2025-05-28,71.69999694824219,78.0,0.08786615508931717,-0.0222475580896192,0.11011371317893637,FOREIGN_FLIP_SELL,9,1581124.0,78000.0,0.4258110089811775,86340117.69561958
6592,2025-02-03,2025-02-04,2025-02-04,76.54755498047822,76.26013946533203,-0.003754731489718943,0.0,-0.003754731489718943,FOREIGN_FLIP_SELL,1,33330.0,2000.0,0.006201745172835338,30479326.38924713
6605,2024-03-19,2024-03-20,2024-03-21,190.87368568799167,196.9110565185547,0.03163018940406426,0.020957905899499973,0.010672283504564284,FOREIGN_FLIP_SELL,2,463971.0,86000.0,0.2095901207599138,211421237.2539787
6605,2025-04-24,2025-04-25,2025-04-30,175.41968919954246,173.03627014160156,-0.013586952917410078,0.018230953652529802,-0.03181790656993988,FOREIGN_FLIP_SELL,4,646937.0,1000.0,0.006429950859782041,113421146.69804762
6605,2025-05-06,2025-05-07,2025-05-08,169.69947814941406,168.74610900878906,-0.005617985105325962,-0.00015038304424519477,-0.005467602061080767,FOREIGN_FLIP_SELL,2,229165.0,2000.0,0.015965201837137677,106886928.95344391
6605,2026-01-19,2026-01-20,2026-01-22,160.5,165.0,0.028037383177569986,-0.0004379773465719161,0.0284753605241419,FOREIGN_FLIP_SELL,3,301039.0,56000.0,0.12198531981824523,137303914.04999998
6669,2024-01-11,2024-01-12,2024-01-15,1805.846352885089,1781.95947265625,-0.013227526356645036,0.0019408761589856383,-0.015168402515630675,FOREIGN_FLIP_SELL,2,2136314.0,230000.0,0.08108114166759095,4086424808.4652166
6669,2024-01-23,2024-01-24,2024-01-24,2140.2622242647058,2030.3826904296875,-0.0513392857142857,0.0,-0.0513392857142857,FOREIGN_FLIP_SELL,1,1223848.0,37500.0,0.19805718127798078,5496588726.313184
6669,2024-01-29,2024-01-30,2024-02-05,2140.262234340045,2164.149169921875,0.011160751798807267,0.003406748582994279,0.007754003215812988,FOREIGN_FLIP_SELL,5,589820.0,25587.0,0.14524768137276545,6063079455.054126
6669,2024-05-09,2024-05-10,2024-05-10,2360.0213524070946,2297.91552734375,-0.02631578947368418,0.0,-0.02631578947368418,FOREIGN_FLIP_SELL,1,1021927.0,148950.0,0.05353695531793501,4310686883.372461
6669,2024-05-23,2024-05-24,2024-05-27,2579.7805407447536,2589.335205078125,0.0037036733095958674,0.01105615256831216,-0.0073524792587162935,FOREIGN_FLIP_SELL,2,437193.0,15843.0,0.12019626771310699,4235301958.6768064
6669,2024-10-11,2024-10-14,2024-10-15,1854.572545343907,1907.9764404296875,0.02879579729563897,0.013786551243744505,0.015009246051894465,FOREIGN_FLIP_SELL,2,857096.0,14892.0,0.06941306125109925,3276025165.694531
6669,2024-12-04,2024-12-05,2024-12-05,2228.400127583165,2257.529541015625,0.013071895424836777,0.0,0.013071895424836777,FOREIGN_FLIP_SELL,1,223019.0,25452.0,0.05529451252522555,5247623738.247766
6669,2025-05-06,2025-05-07,2025-05-07,2063.333312404213,2029.3489990234373,-0.016470588235294237,0.0,-0.016470588235294237,FOREIGN_FLIP_SELL,1,1466570.0,178677.0,0.1322764743625029,5411565813.561694
6669,2025-05-14,2025-05-15,2025-05-27,2286.6588396344864,2257.529541015625,-0.012738803932604847,-0.018118104370635435,0.0053793004380305876,FOREIGN_FLIP_SELL,9,465632.0,390000.0,0.16899297756559162,5196401490.806689
6669,2025-06-12,2025-06-13,2025-06-16,2442.015677825749,2451.7255859375,0.003976185820557809,-0.0010442115322505385,0.005020397352808348,FOREIGN_FLIP_SELL,2,335076.0,80347.0,0.052631567957198255,5008554645.218116
6669,2025-07-10,2025-07-11,2025-07-14,2600.0,2465.0,-0.05192307692307696,-0.005980326954644122,-0.04594274996843284,FOREIGN_FLIP_SELL,2,838844.0,227600.0,0.03596917162480584,5172701211.0
6669,2025-07-28,2025-07-29,2025-07-30,2600.0,2650.0,0.019230769230769162,0.011214833214890696,0.008015936015878466,FOREIGN_FLIP_SELL,2,574270.0,160000.0,0.03792415169660668,4607849740.0
6669,2025-08-05,2025-08-06,2025-08-06,2725.0,2775.0,0.0183486238532109,0.0,0.0183486238532109,FOREIGN_FLIP_SELL,1,646667.0,45999.0,0.07564665690580763,4313842640.5
6669,2025-10-14,2025-10-15,2025-10-15,3580.0,3795.0,0.0600558659217878,0.0,0.0600558659217878,FOREIGN_FLIP_SELL,1,1364659.0,25942.0,0.07355864811133195,6388289680.5
6669,2026-01-07,2026-01-08,2026-01-09,4710.0,4240.0,-0.0997876857749469,-0.002357988966201874,-0.09742969680874503,FOREIGN_FLIP_SELL,2,299846.0,48719.0,0.06578421863410733,5363953594.0
6670,2024-01-04,2024-01-05,2024-01-05,191.9649772734653,188.8253631591797,-0.01635514018691575,0.0,-0.01635514018691575,FOREIGN_FLIP_SELL,1,371000.0,41000.0,0.01606187921430302,71752390.23925324
6670,2024-01-16,2024-01-17,2024-01-17,196.450144734416,192.4134979248047,-0.020547945205479534,0.0,-0.020547945205479534,FOREIGN_FLIP_SELL,1,677500.0,18000.0,0.0387157359216479,75612333.98742676
6670,2024-01-22,2024-01-23,2024-02-15,197.795702130607,199.1412353515625,0.006802641343880422,0.04307681885183112,-0.0362741775079507,FOREIGN_FLIP_SELL,11,204342.0,4000.0,0.03407752086600491,64747740.879809566
6670,2024-02-27,2024-02-29,2024-03-01,201.83233642578125,201.38381958007807,-0.0022222249102691327,-0.0016259934881998062,-0.0005962314220693266,FOREIGN_FLIP_SELL,2,200162.0,20000.0,0.009421241980202222,49400432.20549011
6670,2024-03-08,2024-03-11,2024-03-22,199.58974038946656,209.9056396484375,0.05168551869871241,0.02546626635324656,0.02621925234546585,FOREIGN_FLIP_SELL,10,106529.0,2000.0,0.00044967523741878956,47618825.28385162
6670,2024-04-03,2024-04-08,2024-04-09,226.50073132979463,216.1848602294922,-0.045544537714017785,0.0185378379779646,-0.06408237569198239,FOREIGN_FLIP_SELL,2,338494.0,19000.0,0.06535463710007039,73271619.53590012
6670,2024-04-17,2024-04-18,2024-04-18,216.6333690151092,222.46408081054688,0.026915113871635477,0.0,0.026915113871635477,FOREIGN_FLIP_SELL,1,317004.0,121000.0,0.012078322425313592,80013633.94811249
6670,2024-04-23,2024-04-24,2024-04-26,228.7433019589538,237.7136383056641,0.03921573340022855,-0.0005578488803875681,0.039773582280616115,FOREIGN_FLIP_SELL,3,566000.0,55000.0,0.0458054656173299,99726267.43460084
6670,2024-05-13,2024-05-14,2024-05-22,289.2929899521966,259.242431640625,-0.10387586065095189,0.026969623783883456,-0.13084548443483535,FOREIGN_FLIP_SELL,7,1316408.0,66000.0,0.20067020815179926,279082244.2584198
6670,2024-06-03,2024-06-04,2024-06-04,265.9701642304464,274.4919738769531,0.03204047217537931,0.0,0.03204047217537931,FOREIGN_FLIP_SELL,1,209000.0,10000.0,0.0025402808389587417,216143943.86354676
6670,2024-06-07,2024-06-11,2024-06-14,270.0068048613639,260.58795166015625,-0.0348837623038567,0.03269996634570349,-0.06758372864956019,FOREIGN_FLIP_SELL,4,245000.0,4000.0,0.025210177343386375,135033810.09191895
6670,2024-07-11,2024-07-12,2024-08-02,267.76421949598523,266.43798828125,-0.004952981459702133,-0.09528145433069601,0.09032847287099388,FOREIGN_FLIP_SELL,14,632555.0,83000.0,0.045625769021651275,108274036.44307555
6670,2024-08-21,2024-08-22,2024-08-22,268.3110349947813,265.5014953613281,-0.010471204188481686,0.0,-0.010471204188481686,FOREIGN_FLIP_SELL,1,235629.0,1000.0,0.0121853252454176,102285596.98876953
6670,2024-09-03,2024-09-04,2024-09-09,265.96974141184035,273.4618530273437,0.02816903748423849,0.0024505791385665,0.02571845834567199,FOREIGN_FLIP_SELL,4,250257.0,4000.0,0.023559573278410628,86911007.82832336
6670,2024-11-01,2024-11-04,2024-11-05,284.7000174669716,285.16827392578125,0.0016447363192171327,0.0061570229659440034,-0.004512286646726871,FOREIGN_FLIP_SELL,2,546201.0,12677.0,0.0510848023720476,123628375.29579163
6670,2024-11-22,2024-11-25,2024-11-25,292.1921081542969,292.1921081542969,0.0,0.0,0.0,FOREIGN_FLIP_SELL,1,663297.0,68569.0,0.03688930792612655,140182071.19850007
6670,2024-12-02,2024-12-03,2024-12-03,303.8985233426844,297.8111877441406,-0.02003081664098627,0.0,-0.02003081664098627,FOREIGN_FLIP_SELL,1,318287.0,59000.0,0.0495243889526622,137113569.89734498
6670,2025-01-10,2025-01-13,2025-01-14,315.136682545055,302.4937438964844,-0.040118905061974464,0.013748884512583492,-0.053867789574557956,FOREIGN_FLIP_SELL,2,534723.0,149000.0,0.05578793549678429,170787046.53076172
6670,2025-02-10,2025-02-11,2025-02-27,316.54144769205243,322.1605224609375,0.017751466071361355,-0.014149434451934284,0.03190090052329564,FOREIGN_FLIP_SELL,13,561000.0,1188.0,0.022188251048216978,146979669.87487793
6670,2025-03-05,2025-03-06,2025-03-07,322.628804208261,300.1524658203125,-0.06966624831625301,-0.006135009415062398,-0.06353123890119061,FOREIGN_FLIP_SELL,2,561313.0,11176.0,0.009714488451779246,162344199.28860626
6670,2025-03-17,2025-03-18,2025-04-10,315.604950982752,269.2475280761719,-0.14688433360195785,-0.1468969608689571,1.2627266999243325e-05,FOREIGN_FLIP_SELL,16,816955.0,3869.0,0.006905772763999174,158515256.4314392
6672,2024-01-31,2024-02-01,2024-02-05,84.38626605501294,86.7710952758789,0.028260869124263177,0.007121558246859339,0.02113931087740384,FOREIGN_FLIP_SELL,3,187000.0,50000.0,0.047602578677328866,40859798.68519592
6672,2024-08-30,2024-09-02,2024-09-02,69.63072359218728,69.53520965576172,-0.0013717211526476092,0.0,-0.0013717211526476092,FOREIGN_FLIP_SELL,1,92000.0,50000.0,0.04790851848571376,11814942.728621293
6672,2024-09-16,2024-09-18,2024-09-18,68.00695932921548,67.43386840820312,-0.008426945222445137,0.0,-0.008426945222445137,FOREIGN_FLIP_SELL,1,80600.0,5755.0,0.003948065190813255,12837561.251654053
6689,2024-02-05,2024-02-15,2024-02-19,118.2237444737161,122.531494140625,0.036437262971878104,-0.00047035308955978294,0.03690761606143789,FOREIGN_FLIP_SELL,3,146000.0,2000.0,0.0004133766669098815,31998432.99864349
6689,2024-02-26,2024-02-27,2024-02-27,122.05285837527792,121.0955810546875,-0.007843137254902044,0.0,-0.007843137254902044,FOREIGN_FLIP_SELL,1,128015.0,2000.0,0.01756514464471337,42959274.30516357
6689,2024-06-20,2024-06-21,2024-06-21,104.82186221201484,104.34322357177734,-0.004566210045661934,0.0,-0.004566210045661934,FOREIGN_FLIP_SELL,1,308581.0,57000.0,0.10410889877653462,125627842.44704017
6689,2024-12-30,2024-12-31,2025-01-03,107.774973487854,118.01602935791016,0.09502257842086403,-0.0055045921344049065,0.10052717055526894,FOREIGN_FLIP_SELL,3,163000.0,45000.0,0.017058828960160755,238993162.90290642
6691,2024-01-16,2024-01-17,2024-01-18,212.8082513713284,215.1322021484375,0.01092039787993948,0.003845752896719512,0.007074644983219969,FOREIGN_FLIP_SELL,2,106500.0,6000.0,0.004680204858946269,140405601.13503718
6691,2024-02-23,2024-02-26,2024-03-05,231.39990668701628,260.2834167480469,0.12482075068464682,0.023161703844454706,0.10165904684019211,FOREIGN_FLIP_SELL,6,479000.0,12000.0,0.05508374465918586,110394356.85006103
6691,2024-05-08,2024-05-09,2024-05-09,262.2753536414341,256.2994689941406,-0.02278477395730938,0.0,-0.02278477395730938,FOREIGN_FLIP_SELL,1,250190.0,60000.0,0.022786070620682386,172184324.68877867
6691,2024-05-31,2024-06-03,2024-06-05,264.9313270395808,269.24725341796875,0.016290736269716888,-0.0024088538301292317,0.01869959009984612,FOREIGN_FLIP_SELL,3,531366.0,102000.0,0.05554820348372602,95668226.14993286
6691,2024-06-11,2024-06-12,2024-06-14,276.21913031031585,280.8670349121094,0.016826874360844846,0.020670351175136936,-0.0038434768142920905,FOREIGN_FLIP_SELL,3,408945.0,50000.0,0.08209672590413541,114654982.18743896
6691,2024-10-16,2024-10-17,2024-10-17,269.02661762459684,265.6846618652344,-0.012422398158482117,0.0,-0.012422398158482117,FOREIGN_FLIP_SELL,1,297582.0,1000.0,0.021560989022594068,110954211.26246338
6691,2024-10-23,2024-10-24,2024-10-24,272.3685670092702,269.026611328125,-0.01226997563574006,0.0,-0.01226997563574006,FOREIGN_FLIP_SELL,1,545000.0,14000.0,0.04012124552314589,111672757.75410919
6691,2024-12-20,2024-12-23,2024-12-26,337.11875749074244,350.9042663574219,0.04089214426775989,0.006163308007997692,0.0347288362597622,FOREIGN_FLIP_SELL,4,536398.0,57000.0,0.12805303898595755,365207620.5903808
6691,2025-01-13,2025-01-14,2025-01-21,400.6157195328486,409.8060607910156,0.022940540797759423,0.022041443310804265,0.0008990974869551582,FOREIGN_FLIP_SELL,6,508553.0,10000.0,0.09729166271452327,421462571.49731135
6691,2025-08-11,2025-08-12,2025-08-14,467.0,473.0,0.012847965738758127,0.0033007305312926505,0.009547235207465476,FOREIGN_FLIP_SELL,3,472825.0,11000.0,0.10485100320350083,546323384.375
6691,2025-08-26,2025-08-27,2025-08-28,483.0,476.0,-0.01449275362318836,-0.011560045814190012,-0.002932707808998347,FOREIGN_FLIP_SELL,2,137845.0,1000.0,0.046543351339553674,514621816.625
6691,2025-10-31,2025-11-03,2025-11-03,461.0,452.0,-0.0195227765726681,0.0,-0.0195227765726681,FOREIGN_FLIP_SELL,1,302873.0,6000.0,0.022904158327774038,262819045.0
6691,2025-12-05,2025-12-08,2025-12-10,502.0,570.0,0.1354581673306774,0.003425379022995223,0.13203278830768217,FOREIGN_FLIP_SELL,3,200465.0,18000.0,0.06826528407863464,397698262.4
6691,2026-03-02,2026-03-03,2026-03-03,680.0,656.0,-0.03529411764705881,0.0,-0.03529411764705881,FOREIGN_FLIP_SELL,1,1078778.0,17000.0,0.11321220093726891,569798133.1999999
6706,2024-06-19,2024-06-20,2024-06-20,112.5,112.5,0.0,0.0,0.0,FOREIGN_FLIP_SELL,1,2688950.0,26000.0,0.35379062614753654,564553445.625
6706,2024-09-13,2024-09-16,2024-09-19,166.0,169.5,0.02108433734939763,0.008815042064437506,0.012269295284960124,FOREIGN_FLIP_SELL,3,1721140.0,478000.0,0.20938967136150244,1316499696.75
6706,2024-10-15,2024-10-16,2024-10-16,173.0,172.0,-0.005780346820809301,0.0,-0.005780346820809301,FOREIGN_FLIP_SELL,1,204000.0,4000.0,0.013513513513513598,1449133221.7500002
6715,2024-01-11,2024-01-12,2024-01-12,149.1743621826172,149.1743621826172,0.0,0.0,0.0,FOREIGN_FLIP_SELL,1,242000.0,2000.0,0.009203388775581578,178059072.83924407
6715,2024-01-31,2024-02-01,2024-02-01,151.06265258789062,151.06265258789062,0.0,0.0,0.0,FOREIGN_FLIP_SELL,1,205000.0,2000.0,0.024491795368980496,74395455.99660644
6715,2024-02-26,2024-02-27,2024-02-27,170.8896298828125,177.02655029296875,0.035911602209944826,0.0,0.035911602209944826,FOREIGN_FLIP_SELL,1,180175.0,1000.0,0.08726379850404187,91080252.47419052
6719,2024-02-19,2024-02-20,2024-03-11,294.01119742094966,278.11871337890625,-0.054054009444032824,0.051880318504652134,-0.10593432794868496,FOREIGN_FLIP_SELL,14,2246000.0,343000.0,0.09879965632683918,483834134.44666445
6719,2024-05-21,2024-05-22,2024-05-22,282.5884602511983,286.56158447265625,0.014059753954305698,0.0,0.014059753954305698,FOREIGN_FLIP_SELL,1,624620.0,80000.0,0.04910711287873992,242161987.1885147
6719,2024-06-18,2024-06-19,2024-06-19,299.474256118672,295.9977722167969,-0.011608623548922004,0.0,-0.011608623548922004,FOREIGN_FLIP_SELL,1,350000.0,7000.0,0.013496266997470308,672327494.4046142
6719,2024-08-26,2024-08-27,2024-08-27,261.0,259.0,-0.007662835249042099,0.0,-0.007662835249042099,FOREIGN_FLIP_SELL,1,272000.0,139000.0,0.09204368174726985,232306620.0
6719,2024-09-27,2024-09-30,2024-10-08,253.0,258.0,0.01976284584980248,0.01740650554830836,0.0023563403014941198,FOREIGN_FLIP_SELL,5,291598.0,56000.0,0.044391801421361565,107015278.5
6719,2026-01-28,2026-01-29,2026-01-30,212.0,203.0,-0.04245283018867929,-0.014522855203057627,-0.027929974985621664,FOREIGN_FLIP_SELL,2,634100.0,10000.0,0.10832563662752337,118775485.50000001
6742,2024-04-02,2024-04-03,2024-04-03,82.65904828928325,83.72875213623047,0.012941158519071738,0.0,0.012941158519071738,FOREIGN_FLIP_SELL,1,1242710.0,149000.0,0.08456002419800335,95221229.35434417
6742,2024-06-26,2024-06-27,2024-06-27,72.54546630928932,70.69779205322266,-0.025469189875895526,0.0,-0.025469189875895526,FOREIGN_FLIP_SELL,1,231000.0,80000.0,0.0583890290839324,28125354.3879097
6753,2025-03-04,2025-03-05,2025-03-06,115.5,118.0,0.02164502164502169,-0.006841176310348751,0.02848619795537044,FOREIGN_FLIP_SELL,2,218100.0,3000.0,0.018294026890015358,73333750.875
6753,2025-05-06,2025-05-07,2025-05-08,107.0,104.5,-0.02336448598130836,-0.00015038304424519477,-0.023214102937063164,FOREIGN_FLIP_SELL,2,635039.0,46000.0,0.07359655090279182,268540591.05
6753,2025-09-04,2025-09-05,2025-09-09,178.5,185.0,0.036414565826330625,0.01472160813636636,0.021692957689964265,FOREIGN_FLIP_SELL,3,3109015.0,277000.0,0.34359768872849616,1032439761.9
6757,2025-02-19,2025-02-20,2025-02-20,88.80000305175781,88.69999694824219,-0.0011261948207066386,0.0,-0.0011261948207066386,FOREIGN_FLIP_SELL,1,3849934.0,80000.0,0.02404787190082347,523342775.1
6757,2025-04-17,2025-04-18,2025-04-18,91.0,89.5,-0.016483516483516536,0.0,-0.016483516483516536,FOREIGN_FLIP_SELL,1,3268566.0,658000.0,0.01629478050219424,651778702.1999999
6757,2025-05-06,2025-05-07,2025-05-07,106.5,96.0999984741211,-0.09765259648712588,0.0,-0.09765259648712588,FOREIGN_FLIP_SELL,1,10599703.0,1051000.0,0.19986088781688216,794479320.45
6757,2025-07-08,2025-07-09,2025-07-09,87.5,86.69999694824219,-0.009142892020089333,0.0,-0.009142892020089333,FOREIGN_FLIP_SELL,1,1182715.0,500000.0,0.01866981390615874,458958669.9988792
6768,2024-04-25,2024-04-26,2024-05-02,79.27464987688307,78.55068969726562,-0.009132303715523094,0.005065959495426986,-0.01419826321095008,FOREIGN_FLIP_SELL,4,1996060.0,100000.0,0.1105398825849957,34331675.94238319
6768,2024-05-07,2024-05-08,2024-05-13,79.99862370596504,83.52796936035156,0.044117579664353146,0.007594072496516224,0.03652350716783692,FOREIGN_FLIP_SELL,4,422000.0,224090.0,0.07903569481430806,51362629.388405226
6768,2024-07-26,2024-07-29,2024-08-08,91.91391345758848,85.22755432128906,-0.07274588671914917,-0.058399295960009256,-0.01434659075913991,FOREIGN_FLIP_SELL,9,1273000.0,4564.0,0.12159209492375012,42220938.62554474
6768,2024-09-11,2024-09-12,2024-09-12,85.0392105524843,85.41590118408203,0.004429611107046094,0.0,0.004429611107046094,FOREIGN_FLIP_SELL,1,336716.0,15429.0,0.04513061256742468,26725396.910923008
6768,2024-10-01,2024-10-04,2024-10-09,101.7080194938696,92.85565185546876,-0.0870370663242972,0.01597873646946657,-0.10301580279376377,FOREIGN_FLIP_SELL,4,184321.0,8821.0,0.12401251496967158,67794148.75248872
6768,2024-10-30,2024-11-01,2024-11-05,111.59630251478876,130.90199279785156,0.17299578792500236,0.014341871637612469,0.1586539162873899,FOREIGN_FLIP_SELL,3,242000.0,15439.0,0.09144270357475759,112423733.3016632
6768,2024-11-08,2024-11-11,2024-11-14,132.78546715433686,138.4359130859375,0.04255319541131053,-0.03460570344452507,0.0771588988558356,FOREIGN_FLIP_SELL,4,1329000.0,168000.0,0.16573329417070393,344167768.2186432
6768,2024-11-19,2024-11-20,2024-11-21,140.79026794433594,139.84852600097656,-0.006688970460172028,-0.005848779832719808,-0.0008401906274522197,FOREIGN_FLIP_SELL,2,2902000.0,230000.0,0.11675125140776799,523650219.24331665
6768,2025-02-17,2025-02-18,2025-02-18,131.37285429855874,136.55242919921875,0.03942652329749108,0.0,0.03942652329749108,FOREIGN_FLIP_SELL,1,496000.0,22000.0,0.046315416759520556,288306315.05295414
6768,2025-08-04,2025-08-05,2025-08-18,105.5,106.5,0.009478672985782088,0.03473834308137991,-0.02525967009559782,FOREIGN_FLIP_SELL,10,459000.0,169000.0,0.0033767486734201935,104236756.0
6768,2025-09-22,2025-09-23,2025-09-25,108.0,103.0,-0.04629629629629628,-0.008515883251096645,-0.037780413045199635,FOREIGN_FLIP_SELL,3,1054074.0,40282.0,0.05077953257580892,94170811.625
6768,2025-10-03,2025-10-07,2025-10-08,115.0,123.5,0.07391304347826089,-0.005448692045472381,0.07936173552373327,FOREIGN_FLIP_SELL,2,1808343.0,663660.0,0.12500603626895046,153672738.45000002
6768,2025-10-14,2025-10-15,2025-10-15,117.0,123.0,0.05128205128205132,0.0,0.05128205128205132,FOREIGN_FLIP_SELL,1,1447000.0,4919.0,0.07462133417956252,179730910.39999998
6770,2024-02-19,2024-02-20,2024-02-20,27.850000381469727,27.450000762939453,-0.01436264319753533,0.0,-0.01436264319753533,FOREIGN_FLIP_SELL,1,6018056.0,7794.0,0.005708068674670441,420124899.0
6770,2025-05-06,2025-05-07,2025-05-13,14.25,16.0,0.12280701754385959,0.038140353008511596,0.08466666453534799,FOREIGN_FLIP_SELL,5,4531865.0,27000.0,0.014570994146100524,206124124.66160366
6770,2025-06-10,2025-06-11,2025-06-11,15.850000381469728,15.649999618530272,-0.012618344361258083,0.0,-0.012618344361258083,FOREIGN_FLIP_SELL,1,7517172.0,2000.0,0.023481793731813028,208452143.81639814
6770,2025-07-01,2025-07-02,2025-07-02,15.600000381469728,16.049999237060547,0.02884607978121223,0.0,0.02884607978121223,FOREIGN_FLIP_SELL,1,5972346.0,6000.0,0.009443189402957186,214863865.95000002
6770,2025-07-17,2025-07-18,2025-07-22,16.799999237060547,16.25,-0.03273805131176777,-0.016901540682331184,-0.015836510629436584,FOREIGN_FLIP_SELL,3,7362853.0,64000.0,0.039163668353654923,543804134.0458517
6770,2025-11-06,2025-11-07,2025-11-07,30.799999237060547,30.549999237060547,-0.008116883317944468,0.0,-0.008116883317944468,FOREIGN_FLIP_SELL,1,44106610.0,19000.0,0.03786118094868973,8603525512.5
6770,2025-12-09,2025-12-10,2025-12-10,35.79999923706055,34.70000076293945,-0.03072621501573558,0.0,-0.03072621501573558,FOREIGN_FLIP_SELL,1,65579405.0,23000.0,0.040070688790430964,9825412878.903193
6770,2025-12-19,2025-12-22,2025-12-23,38.79999923706055,39.0,0.005154658940003776,0.00571339720700248,-0.000558738266998704,FOREIGN_FLIP_SELL,2,95234399.0,3165000.0,0.08666763884280915,6955847090.511025
6770,2026-01-12,2026-01-13,2026-01-19,51.0,62.0,0.21568627450980382,0.030353393698054454,0.18533288081174937,FOREIGN_FLIP_SELL,5,58321644.0,17000.0,0.21500455595146195,13769858783.014805
6770,2026-02-25,2026-02-26,2026-02-26,76.80000305175781,76.69999694824219,-0.0013021627544497205,0.0,-0.0013021627544497205,FOREIGN_FLIP_SELL,1,125768274.0,313000.0,0.18527669788639778,22879070890.57256
6781,2024-02-19,2024-02-20,2024-02-22,672.8302205995071,661.1962280273438,-0.01729112667055477,0.005312125518844857,-0.022603252189399625,FOREIGN_FLIP_SELL,3,346278.0,8000.0,0.058615730483453365,297284403.8720703
6781,2024-11-12,2024-11-13,2024-11-13,730.1178158172327,751.8533935546875,0.02976995940460081,0.0,0.02976995940460081,FOREIGN_FLIP_SELL,1,866474.0,364000.0,0.30582956886360635,650549074.0875
6781,2024-11-18,2024-11-19,2024-12-02,790.3845974132774,956.3654174804688,0.2100000690934556,-0.004896147277970164,0.21489621637142575,FOREIGN_FLIP_SELL,10,515442.0,20000.0,0.3240648995540325,829750383.0346437
6781,2025-01-03,2025-01-06,2025-01-07,1081.838907004426,1170.7572021484375,0.0821918074570116,0.004397819984492957,0.07779398747251864,FOREIGN_FLIP_SELL,2,913972.0,6000.0,0.044232097050749264,1885754727.2654848
6781,2025-01-10,2025-01-13,2025-01-14,1116.4183349609375,1096.65869140625,-0.017699139234737538,0.013748884512583492,-0.03144802374732103,FOREIGN_FLIP_SELL,2,721590.0,77000.0,0.06098309502249277,2776525421.433258
6781,2025-03-20,2025-03-21,2025-03-21,1042.3196930216852,1057.139404296875,0.014218009478673022,0.0,0.014218009478673022,FOREIGN_FLIP_SELL,1,295295.0,28000.0,0.054428653580046005,2644297037.594287
6781,2025-05-21,2025-05-22,2025-05-22,939.569697273425,927.7139282226562,-0.012618296529968487,0.0,-0.012618296529968487,FOREIGN_FLIP_SELL,1,143774.0,53000.0,0.06669622624163818,1911704427.440625
6781,2025-07-08,2025-07-09,2025-07-09,1027.5,1027.5,0.0,0.0,0.0,FOREIGN_FLIP_SELL,1,574449.0,9000.0,0.010791548403751294,1651282743.0229187
6781,2025-07-29,2025-07-30,2025-07-30,1205.0,1200.0,-0.004149377593360981,0.0,-0.004149377593360981,FOREIGN_FLIP_SELL,1,1383564.0,331000.0,0.15583233367114868,2304220140.0
6781,2025-09-09,2025-09-10,2025-09-10,1415.0,1420.0,0.0035335689045936647,0.0,0.0035335689045936647,FOREIGN_FLIP_SELL,1,297129.0,98873.0,0.0803484995159729,3004778245.5
6782,2024-01-02,2024-01-03,2024-01-03,210.6666965264371,208.26182556152344,-0.011415525114155223,0.0,-0.011415525114155223,FOREIGN_FLIP_SELL,1,240240.0,107000.0,0.17427768506315555,98754791.89056396
6782,2024-01-09,2024-01-10,2024-01-11,227.98177742336108,228.9437255859375,0.004219408118702805,0.004562643844165715,-0.00034323572546290926,FOREIGN_FLIP_SELL,2,283613.0,70000.0,0.1869287828661279,186519053.66881707
6782,2024-06-17,2024-06-18,2024-06-19,260.68801858616206,268.3836364746094,0.029520412676364627,0.01986645158123146,0.009653961095133168,FOREIGN_FLIP_SELL,2,406259.0,35000.0,0.058823625647178135,267578274.19776917
6782,2024-07-02,2024-07-03,2024-07-03,281.36993326750513,270.3075256347656,-0.03931623931623929,0.0,-0.03931623931623929,FOREIGN_FLIP_SELL,1,80750.0,30000.0,0.04477609087865986,265785086.40563202
6782,2024-09-30,2024-10-01,2024-10-01,246.0911113065832,247.5472717285156,0.005917159763313418,0.0,0.005917159763313418,FOREIGN_FLIP_SELL,1,370660.0,215000.0,0.069438493797644,136242788.0432739
6782,2025-05-19,2025-05-20,2025-05-20,183.96160963715096,177.65158081054688,-0.03430079155672805,0.0,-0.03430079155672805,FOREIGN_FLIP_SELL,1,133020.0,30000.0,0.1102820920372296,56000152.32456358
6782,2025-08-07,2025-08-08,2025-08-08,198.0,197.5,-0.002525252525252486,0.0,-0.002525252525252486,FOREIGN_FLIP_SELL,1,711000.0,10000.0,0.15660680989841547,55200657.6
6782,2025-08-21,2025-08-22,2025-08-22,208.0,205.0,-0.014423076923076872,0.0,-0.014423076923076872,FOREIGN_FLIP_SELL,1,291000.0,10000.0,0.09114754098360667,93974015.2
6782,2026-03-18,2026-03-19,2026-03-25,211.0,203.5,-0.03554502369668244,-0.007437598541281787,-0.028107425155400656,FOREIGN_FLIP_SELL,5,529956.0,20000.0,0.12186712637581221,78175602.89999999
6789,2024-03-22,2024-03-25,2024-03-27,300.1614926896005,302.621826171875,0.00819669925088884,0.0003897109348884875,0.007806988316000352,FOREIGN_FLIP_SELL,3,1402900.0,35000.0,0.02585558645741548,1020425844.6328125
6789,2024-06-04,2024-06-05,2024-06-06,302.1297378172652,302.621826171875,0.0016287319419958646,0.01944708756402913,-0.017818355622033266,FOREIGN_FLIP_SELL,2,2419747.0,198000.0,0.12386379112841683,393413112.4177551
6789,2024-06-14,2024-06-17,2024-06-17,344.9396542677239,329.685546875,-0.0442225392296719,0.0,-0.0442225392296719,FOREIGN_FLIP_SELL,1,5979947.0,399000.0,0.17657134892523918,1078551651.0697234
6789,2024-07-08,2024-07-09,2024-07-09,375.0484089274983,359.25689697265625,-0.04210526315789487,0.0,-0.04210526315789487,FOREIGN_FLIP_SELL,1,1007560.0,309000.0,0.08448859250185836,1659764057.0911286
6789,2024-08-20,2024-08-21,2024-08-21,297.0778229277013,291.156005859375,-0.019933554817275767,0.0,-0.019933554817275767,FOREIGN_FLIP_SELL,1,443969.0,5000.0,0.007784395244741171,474290666.0518707
6789,2024-10-14,2024-10-15,2024-10-16,291.64948707226887,291.156005859375,-0.0016920352504222747,-0.012066723441250926,0.010374688190828651,FOREIGN_FLIP_SELL,2,336891.0,1000.0,0.01957376928601917,289147206.9728118
6789,2025-01-07,2025-01-08,2025-01-10,332.60872165685686,315.8302307128906,-0.05044513222739877,-0.016895164967771437,-0.033549967259627334,FOREIGN_FLIP_SELL,3,893752.0,76000.0,0.1714976026458721,793728916.5230942
6789,2025-09-15,2025-09-16,2025-09-16,295.0,301.5,0.02203389830508473,0.0,0.02203389830508473,FOREIGN_FLIP_SELL,1,1190537.0,60000.0,0.06554375686561698,1452843209.85
6789,2025-11-26,2025-11-27,2025-12-01,244.0,262.0,0.07377049180327866,-0.007693834930580512,0.08146432673385917,FOREIGN_FLIP_SELL,3,368654.0,22000.0,0.007968539790955242,270497271.125
6789,2025-12-12,2025-12-15,2025-12-16,261.5,265.0,0.013384321223709472,-0.011852011859090683,0.025236333082800155,FOREIGN_FLIP_SELL,2,878119.0,2000.0,0.054088796598437794,373635758.27500004
6789,2026-01-28,2026-01-29,2026-02-03,296.0,284.0,-0.04054054054054057,-0.010477850139597789,-0.030062690400942782,FOREIGN_FLIP_SELL,4,538534.0,18000.0,0.05367793240556673,481403067.75
6789,2026-02-26,2026-03-02,2026-03-04,333.5,347.0,0.040479760119940034,-0.06457344738507864,0.10505320750501868,FOREIGN_FLIP_SELL,3,2142577.0,45000.0,0.17910705050853304,986909485.5
6790,2024-03-04,2024-03-05,2024-03-05,40.88790025415825,40.66519927978516,-0.005446622912616661,0.0,-0.005446622912616661,FOREIGN_FLIP_SELL,1,220000.0,1000.0,0.048437579345740334,14170520.596987726
6790,2024-03-13,2024-03-14,2024-03-19,41.42238104343414,42.49134826660156,0.025806513199869707,-0.004048602032774573,0.02985511523264428,FOREIGN_FLIP_SELL,4,307000.0,2000.0,0.0026238386266783653,17709392.654354285
6790,2024-03-27,2024-03-28,2024-03-29,44.00571530510534,43.78301239013672,-0.005060772525217527,0.007341129462103524,-0.012401901987321051,FOREIGN_FLIP_SELL,2,205000.0,1000.0,0.04993041855100677,24408182.180812072
6790,2024-04-08,2024-04-09,2024-04-09,45.34192066509301,44.89651870727539,-0.00982318241671909,0.0,-0.00982318241671909,FOREIGN_FLIP_SELL,1,90000.0,22000.0,0.05925811093344535,26825727.922357175
6790,2024-04-18,2024-04-19,2024-04-30,46.14364258220667,48.72697448730469,0.05598456819909092,0.04452681742188469,0.011457750777206233,FOREIGN_FLIP_SELL,8,553000.0,129000.0,0.03437899441072223,23051422.408864975
6790,2024-06-26,2024-06-27,2024-07-02,47.836168664867664,50.15225982666016,0.04841715435068927,-0.0011617633290705864,0.04957891767975986,FOREIGN_FLIP_SELL,4,176000.0,1000.0,0.0233613689882739,15321905.695651246
6799,2025-05-12,2025-05-13,2025-05-16,108.60934448242188,118.39397430419922,0.09009012869386179,0.024076204519865918,0.06601392417399587,FOREIGN_FLIP_SELL,4,734280.0,23000.0,0.044106167754890624,215506668.65646058
6805,2024-01-04,2024-01-05,2024-01-08,387.1187288914044,406.3269348144531,0.049618384463225196,0.003054917612432817,0.04656346685079238,FOREIGN_FLIP_SELL,2,447414.0,139000.0,0.02816629424933348,411327396.4616989
6805,2024-01-12,2024-01-15,2024-01-18,486.6072909498462,482.6671142578125,-0.008097241379886766,-0.018181712943896033,0.010084471564009267,FOREIGN_FLIP_SELL,4,1374312.0,435000.0,0.21137202773266628,670742602.7989746
6805,2024-01-31,2024-02-01,2024-02-05,538.8140992263268,690.509521484375,0.28153573278031296,0.007121558246859339,0.2744141745334536,FOREIGN_FLIP_SELL,3,331000.0,191000.0,0.15240863850155706,864087478.2912383
6805,2024-03-05,2024-03-06,2024-03-12,793.9381379818487,837.2797241210938,0.05459063378592344,0.02128786089510948,0.03330277289081396,FOREIGN_FLIP_SELL,5,634028.0,308000.0,0.24197483631753158,1100334498.421997
6805,2024-06-11,2024-06-12,2024-06-13,766.3572114300698,790.9830322265625,0.03213360614241423,0.01193154297591259,0.020202063166501638,FOREIGN_FLIP_SELL,2,2219672.0,192000.0,0.104381912610092,1824721715.9108884
6805,2024-06-25,2024-06-26,2024-06-27,773.252482762565,739.7612915039062,-0.04331210310377054,-0.0035111182295121113,-0.03980098487425843,FOREIGN_FLIP_SELL,2,130420.0,7000.0,0.029343549638050526,1799622018.1657774
6805,2024-08-12,2024-08-13,2024-08-14,709.2251771744617,743.2933349609375,0.048035742219703303,0.010583302060494848,0.037452440159208455,FOREIGN_FLIP_SELL,2,661668.0,204000.0,0.000424443055596857,1308965598.90802
6805,2024-09-30,2024-10-01,2024-10-15,836.5771380962353,846.5009765625,0.01186243086781924,0.04026943757261936,-0.02840700670480012,FOREIGN_FLIP_SELL,8,515638.0,142000.0,0.07121988300007653,2025786492.2103426
6805,2024-10-18,2024-10-21,2024-10-21,892.1505286873614,867.3410034179688,-0.027808676307007785,0.0,-0.027808676307007785,FOREIGN_FLIP_SELL,1,477317.0,29000.0,0.06634791276475038,2217873351.889099
6805,2024-12-03,2024-12-04,2024-12-05,1027.1143128301055,1051.923828125,0.02415458044444385,0.0005422144066602463,0.023612366037783605,FOREIGN_FLIP_SELL,2,1069363.0,395000.0,0.1777804022807592,1822985581.8808043
6805,2024-12-10,2024-12-11,2024-12-11,1037.03817512129,1086.6572265625,0.04784688995215314,0.0,0.04784688995215314,FOREIGN_FLIP_SELL,1,630824.0,47000.0,0.1402003716567044,1870539002.9720764
6805,2025-02-14,2025-02-17,2025-02-17,770.0876080370325,756.1942749023438,-0.01804123711340211,0.0,-0.01804123711340211,FOREIGN_FLIP_SELL,1,260057.0,211000.0,0.11527381540256876,1535348262.0582826
6805,2025-07-01,2025-07-02,2025-07-04,809.7828502391782,784.9733276367188,-0.030637253672551434,-0.0013393826867118541,-0.02929787098583958,FOREIGN_FLIP_SELL,3,235580.0,19000.0,0.059880607444595,3029277274.2575107
6805,2025-08-12,2025-08-13,2025-08-13,1055.0,1045.0,-0.009478672985781977,0.0,-0.009478672985781977,FOREIGN_FLIP_SELL,1,662065.0,67000.0,0.14791731625398663,3512127583.7999997
6805,2025-08-22,2025-08-25,2025-08-26,1085.0,1145.0,0.055299539170506895,0.0011417520761634048,0.05415778709434349,FOREIGN_FLIP_SELL,2,1062346.0,3000.0,0.05130886283234837,2725122816.0
6805,2025-10-31,2025-11-03,2025-11-06,1465.0,1460.0,-0.0034129692832765013,-0.015357223358431038,0.011944254075154537,FOREIGN_FLIP_SELL,4,468890.0,85000.0,0.17220543806646527,4270855388.9999995
6805,2026-02-03,2026-02-04,2026-02-04,1540.0,1525.0,-0.009740259740259716,0.0,-0.009740259740259716,FOREIGN_FLIP_SELL,1,449653.0,489700.0,0.11758281761922107,3801162021.7499995
6805,2026-02-26,2026-03-02,2026-03-02,1715.0,1745.0,0.017492711370262315,0.0,0.017492711370262315,FOREIGN_FLIP_SELL,1,1404352.0,411000.0,0.14900050394758946,3976590550.4999995
6806,2024-02-29,2024-03-01,2024-03-05,148.89424118143043,153.7442169189453,0.03257329295634137,0.023816640736298744,0.008756652220042627,FOREIGN_FLIP_SELL,3,5507109.0,99000.0,0.28124344632964604,1413800288.317067
6806,2025-04-28,2025-04-29,2025-04-30,81.81500589128973,84.55850982666016,0.033533016412854666,0.00011854303657643506,0.03341447337627823,FOREIGN_FLIP_SELL,2,337068.0,1000.0,0.024908354968335322,117403013.90015258
6830,2024-07-23,2024-07-26,2024-07-26,144.25641363286465,139.2991485595703,-0.03436426116838498,0.0,-0.03436426116838498,FOREIGN_FLIP_SELL,1,524000.0,88000.0,0.06865379714408615,56046557.19847412
6830,2024-10-15,2024-10-16,2024-10-16,211.17948844216087,218.11965942382807,0.0328638497652578,0.0,0.0328638497652578,FOREIGN_FLIP_SELL,1,1284000.0,283000.0,0.1788896753744964,1219003126.4633446
6830,2024-10-28,2024-10-29,2024-10-30,203.24786789751283,201.26495361328125,-0.009756138181146734,-0.004630438149480831,-0.005125700031665903,FOREIGN_FLIP_SELL,2,821012.0,3000.0,0.02970795232433665,1079992504.9819336
6830,2026-02-24,2026-02-25,2026-03-02,250.0,313.5,0.254,-0.008979183842123928,0.26297918384212393,FOREIGN_FLIP_SELL,3,1387283.0,760000.0,0.20040691759918627,652122846.4
6861,2025-10-22,2025-10-23,2025-10-23,68.30000305175781,66.80000305175781,-0.021961931668777468,0.0,-0.021961931668777468,FOREIGN_FLIP_SELL,1,130000.0,14000.0,0.05085010802601042,26537006.57071762
6863,2024-03-12,2024-03-13,2024-03-14,168.18534452065654,149.6039581298828,-0.11048160256609973,0.00047219568149703406,-0.11095379824759677,FOREIGN_FLIP_SELL,2,666058.0,9000.0,0.05181981092733645,108677834.07916106
6863,2024-05-13,2024-05-14,2024-05-17,182.9551642922794,204.8716735839844,0.11979169528492983,0.012990710351236556,0.10680098493369328,FOREIGN_FLIP_SELL,4,1467041.0,75000.0,0.2693083347887031,89239074.73187256
6873,2024-12-18,2024-12-19,2024-12-19,191.3168029785156,186.9388427734375,-0.022883302129869554,0.0,-0.022883302129869554,FOREIGN_FLIP_SELL,1,252777.0,3000.0,0.03374523007306496,270696179.9481201
6873,2025-02-05,2025-02-06,2025-02-11,192.19239807128903,192.19239807128903,0.0,0.0028928391362812444,-0.0028928391362812444,FOREIGN_FLIP_SELL,4,666018.0,126000.0,0.0736424134250595,178511662.77978516
6873,2025-06-11,2025-06-12,2025-06-12,209.7042236328125,214.51998901367188,0.022964560739089812,0.0,0.022964560739089812,FOREIGN_FLIP_SELL,1,1002769.0,45000.0,0.02038637408123356,362324520.67155075
6890,2024-07-15,2024-07-16,2024-07-29,286.59699376206044,295.3650207519531,0.030593576278654666,-0.07637374139224284,0.10696731767089751,FOREIGN_FLIP_SELL,8,554600.0,30000.0,0.01157520496363218,613107042.3131835
6890,2024-08-19,2024-08-20,2024-08-21,304.09501353567435,285.1800231933594,-0.06220092241037689,-0.008525040581436327,-0.053675881828940564,FOREIGN_FLIP_SELL,2,311000.0,55000.0,0.038306456301969716,309129469.1983566
6890,2024-08-26,2024-08-27,2024-08-29,313.7950012113419,312.3399963378906,-0.004636800675072994,0.0007595045920667509,-0.005396305267139745,FOREIGN_FLIP_SELL,3,596800.0,165576.0,0.11422502422449154,294713297.6402313
6890,2024-09-20,2024-09-23,2024-09-23,390.91,363.75,-0.06947890818858571,0.0,-0.06947890818858571,FOREIGN_FLIP_SELL,1,523033.0,32000.0,0.07198165288449832,483891461.539917
6890,2024-11-22,2024-11-25,2024-11-26,387.9999975463254,374.4200134277344,-0.034999959289869986,-0.011748520051593436,-0.02325143923827655,FOREIGN_FLIP_SELL,2,678824.0,12000.0,0.013397642560994294,277357637.0007065
6890,2024-12-02,2024-12-03,2024-12-10,382.66500120091615,374.4200134277344,-0.021546229070614098,0.0042392489944920175,-0.025785478065106116,FOREIGN_FLIP_SELL,6,621033.0,53000.0,0.0014068191845277855,302041409.0265869
6890,2025-01-03,2025-01-06,2025-01-20,378.2999964024618,467.5400085449219,0.23589747023819796,-0.011928574533020875,0.24782604477121883,FOREIGN_FLIP_SELL,11,151900.0,32000.0,0.0009736763147250027,201699247.6073639
6890,2025-10-09,2025-10-13,2025-10-13,248.0,246.5,-0.006048387096774244,0.0,-0.006048387096774244,FOREIGN_FLIP_SELL,1,351521.0,231000.0,0.15589871692971502,273308797.04999995
6890,2025-11-13,2025-11-14,2025-11-14,245.5,243.0,-0.010183299389002087,0.0,-0.010183299389002087,FOREIGN_FLIP_SELL,1,579632.0,240000.0,0.07252075141983405,165405416.32500002
6890,2026-01-12,2026-01-13,2026-01-13,260.0,252.0,-0.03076923076923077,0.0,-0.03076923076923077,FOREIGN_FLIP_SELL,1,249408.0,20000.0,0.023535302954431625,201665690.1
6906,2024-09-23,2024-09-24,2024-09-30,172.98927068710327,170.55279541015625,-0.014084545632624956,-0.009238689077324835,-0.004845856555300121,FOREIGN_FLIP_SELL,5,39627.0,41000.0,0.1261829258654985,61453783.17512131
6919,2024-12-23,2024-12-24,2025-01-02,62.400001525878906,58.59999847412109,-0.060897483314673595,-0.012464389841050916,-0.04843309347362268,FOREIGN_FLIP_SELL,7,874571.0,50000.0,0.07508085817905696,529111160.25
6919,2025-01-08,2025-01-09,2025-01-13,61.09999847412109,63.5,0.039279895021526734,-0.025683350822874318,0.06496324584440105,FOREIGN_FLIP_SELL,3,385980.0,12000.0,0.04147074686906338,593943768.7815475
6919,2025-06-09,2025-06-10,2025-06-13,99.9000015258789,99.6999969482422,-0.002002047793611794,-0.007606795096863572,0.005604747303251778,FOREIGN_FLIP_SELL,4,911715.0,50000.0,0.14523685984728507,1331250822.0
6919,2025-08-15,2025-08-18,2025-08-22,146.0,190.0,0.3013698630136987,-0.029329041368004072,0.3306989043817028,FOREIGN_FLIP_SELL,5,11644864.0,2000.0,0.11260310761557646,2010178239.0
6919,2026-01-29,2026-01-30,2026-01-30,166.5,165.5,-0.006006006006005982,0.0,-0.006006006006005982,FOREIGN_FLIP_SELL,1,2785432.0,184000.0,0.047770700636942776,1159659849.775
6919,2026-02-26,2026-03-02,2026-03-02,162.0,158.0,-0.024691358024691357,0.0,-0.024691358024691357,FOREIGN_FLIP_SELL,1,2043941.0,1.0,0.004273504273504258,1248740284.575
6937,2024-12-05,2024-12-06,2024-12-10,346.4620846042912,362.7953186035156,0.047142919023532626,-0.0029400534941019796,0.050082972517634605,FOREIGN_FLIP_SELL,3,601903.0,90000.0,0.04365045784768151,490785334.9763489
6937,2026-03-12,2026-03-13,2026-03-16,262.0,265.5,0.013358778625954137,-0.001730779621546441,0.015089558247500579,FOREIGN_FLIP_SELL,2,511639.0,198000.0,0.1289465291803975,206555694.525
6937,2026-03-19,2026-03-20,2026-03-20,283.0,267.0,-0.05653710247349819,0.0,-0.05653710247349819,FOREIGN_FLIP_SELL,1,334749.0,131000.0,0.10775427995971798,257945435.0
6937,2026-03-25,2026-03-26,2026-03-26,272.0,270.0,-0.007352941176470562,0.0,-0.007352941176470562,FOREIGN_FLIP_SELL,1,421000.0,43000.0,0.041095890410958846,263762142.0
6937,2026-04-08,2026-04-09,2026-04-10,265.0,284.5,0.07358490566037745,0.01596814237549693,0.05761676328488052,FOREIGN_FLIP_SELL,2,114000.0,1000.0,0.018090839107005374,238890713.25
6944,2025-07-09,2025-07-10,2025-07-14,447.7201646090535,455.0,0.016259788962829536,-0.0034494528934815305,0.019709241856311066,FOREIGN_FLIP_SELL,3,257300.0,6000.0,0.004089027631898778,372886056.83978426
6944,2025-08-15,2025-08-18,2025-08-27,502.0,609.0,0.21314741035856577,0.001526838744161374,0.2116205716144044,FOREIGN_FLIP_SELL,8,958974.0,23000.0,0.1158223610801159,378430075.0
6944,2025-09-02,2025-09-03,2025-09-03,559.0,554.0,-0.008944543828264706,0.0,-0.008944543828264706,FOREIGN_FLIP_SELL,1,229427.0,25000.0,0.06395127521888089,672523089.55
6944,2025-10-09,2025-10-13,2025-10-17,558.0,556.0,-0.0035842293906810374,0.014075077380571122,-0.01765930677125216,FOREIGN_FLIP_SELL,5,317000.0,1000.0,0.025358324145534628,374367696.3
6944,2025-10-29,2025-10-30,2025-11-05,586.0,600.0,0.023890784982935065,-0.020166793077365797,0.04405757806030086,FOREIGN_FLIP_SELL,5,483482.0,3000.0,0.046070460704606964,402990890.1
6944,2025-12-08,2025-12-09,2025-12-18,616.0,683.0,0.10876623376623384,-0.025337276276758525,0.13410351004299237,FOREIGN_FLIP_SELL,8,1228755.0,15000.0,0.11959287531806617,498744246.0
6944,2026-02-26,2026-03-02,2026-03-04,733.0,667.0,-0.09004092769440653,-0.06457344738507864,-0.025467480309327883,FOREIGN_FLIP_SELL,3,417033.0,2583.0,0.08009024252679064,574128336.8000001
6944,2026-03-13,2026-03-16,2026-03-17,796.0,785.0,-0.013819095477386911,0.014817677741781221,-0.028636773219168132,FOREIGN_FLIP_SELL,2,180559.0,8167.0,0.09914697245140536,877676092.5
6944,2026-03-20,2026-03-23,2026-03-23,806.0,789.0,-0.021091811414392092,0.0,-0.021091811414392092,FOREIGN_FLIP_SELL,1,1037793.0,688.0,0.10346670229109622,1169948878.0
6944,2026-04-09,2026-04-10,2026-04-13,961.0,909.0,-0.054110301768990676,0.0011141546387523071,-0.05522445640774298,FOREIGN_FLIP_SELL,2,508533.0,10000.0,0.17522827504813954,1378676229.7
6962,2026-01-28,2026-01-29,2026-02-02,40.70000076293945,39.0,-0.041769059731503466,-0.028037640685845133,-0.013731419045658333,FOREIGN_FLIP_SELL,3,1994000.0,18000.0,0.0408729725956698,105252706.93240833
7722,2025-01-07,2025-01-08,2025-01-10,542.0,585.0,0.0793357933579335,-0.016895164967771437,0.09623095832570494,FOREIGN_FLIP_SELL,3,159982.0,112000.0,0.16729452963336344,172341427.5
7722,2025-01-15,2025-01-16,2025-01-22,622.0,743.0,0.19453376205787776,0.02172891997701898,0.17280484208085878,FOREIGN_FLIP_SELL,5,162987.0,39000.0,0.22332015810276684,248864709.85000002
7722,2025-02-11,2025-02-12,2025-02-12,912.0,869.0,-0.04714912280701755,0.0,-0.04714912280701755,FOREIGN_FLIP_SELL,1,268319.0,12000.0,0.3085329666353043,587274966.8
7722,2025-06-30,2025-07-01,2025-07-02,737.0,712.0,-0.03392130257801895,0.0010649919614669212,-0.034986294539485874,FOREIGN_FLIP_SELL,2,214958.0,10000.0,0.19744806150826122,504351586.8
7722,2025-07-25,2025-07-28,2025-07-28,731.0,725.0,-0.008207934336525335,0.0,-0.008207934336525335,FOREIGN_FLIP_SELL,1,197414.0,50000.0,0.030471704845500547,649470298.6999999
7722,2025-08-04,2025-08-05,2025-08-07,739.0,747.0,0.010825439783491264,0.01450427439748081,-0.0036788346139895456,FOREIGN_FLIP_SELL,3,246948.0,14000.0,0.039347749025168355,484586409.95
8016,2024-02-19,2024-02-20,2024-02-21,257.24645271947827,262.2108459472656,0.019298198965646884,-0.004097955157141175,0.02339615412278806,FOREIGN_FLIP_SELL,2,353000.0,60749.0,0.016765787484855244,149932176.23369062
8016,2024-10-07,2024-10-08,2024-10-08,224.02482510629747,221.19503784179688,-0.012631578947368438,0.0,-0.012631578947368438,FOREIGN_FLIP_SELL,1,271003.0,55418.0,0.06454507740319926,120589774.75352556
8016,2025-04-29,2025-04-30,2025-05-07,197.14183428596047,196.1985778808593,-0.004784658763664296,0.015392166372998561,-0.020176825136662857,FOREIGN_FLIP_SELL,5,1776609.0,46000.0,0.08919943090272198,204858674.39505768
8016,2025-05-13,2025-05-14,2025-05-19,205.6312076261674,202.3297882080078,-0.016055050477364774,-0.01189187066348818,-0.004163179813876594,FOREIGN_FLIP_SELL,4,732131.0,23364.0,0.05417997165496069,195739024.8349793
8016,2025-06-25,2025-06-26,2025-07-02,206.5,209.5,0.014527845036319542,0.0037968655648217275,0.010730979471497815,FOREIGN_FLIP_SELL,5,379044.0,307.0,0.022214040045682282,119299449.3
8016,2025-08-28,2025-08-29,2025-09-01,211.5,206.0,-0.026004728132387744,-0.006659038390721239,-0.019345689741666505,FOREIGN_FLIP_SELL,2,573069.0,109305.0,0.0319590143937547,70552772.77499999
8021,2024-05-24,2024-05-27,2024-06-04,29.41786023022334,28.70613670349121,-0.024193585840785237,-0.02050793969291076,-0.0036856461478744773,FOREIGN_FLIP_SELL,7,323000.0,3618.0,0.019224370688802006,11450770.798754118
8021,2025-10-02,2025-10-03,2025-10-07,118.5,117.0,-0.012658227848101222,0.01684868471805201,-0.02950691256615323,FOREIGN_FLIP_SELL,2,11847673.0,192000.0,0.25947273229021706,4933636964.5
8021,2025-11-03,2025-11-04,2025-11-04,127.5,117.5,-0.07843137254901966,0.0,-0.07843137254901966,FOREIGN_FLIP_SELL,1,3540608.0,1195000.0,0.09272695024448385,4634352746.075001
8021,2025-12-11,2025-12-12,2025-12-15,167.5,167.0,-0.0029850746268657025,-0.011741252883312847,0.008756178256447145,FOREIGN_FLIP_SELL,2,12237484.0,60000.0,0.24276917335323756,5300590337.099999
8021,2026-01-09,2026-01-12,2026-01-12,217.0777587890625,216.5810089111328,-0.002288349947506041,0.0,-0.002288349947506041,FOREIGN_FLIP_SELL,1,7366856.0,47000.0,0.21587712193670194,7847783211.599971
8021,2026-01-28,2026-01-29,2026-01-29,233.5,221.0,-0.05353319057815842,0.0,-0.05353319057815842,FOREIGN_FLIP_SELL,1,209334.0,5000.0,0.08742276973120156,4755415113.425
8021,2026-02-23,2026-02-24,2026-02-26,227.0,256.0,0.12775330396475781,0.02056631406182996,0.10718698990292785,FOREIGN_FLIP_SELL,3,4870798.0,79080.0,0.03372349055510493,2308854595.15
8021,2026-03-19,2026-03-20,2026-03-23,268.0,238.5,-0.1100746268656716,-0.02448670019784016,-0.08558792666783144,FOREIGN_FLIP_SELL,2,4574740.0,54000.0,0.09554408511534818,3969611594.0
8021,2026-03-27,2026-03-30,2026-03-30,262.5,265.0,0.00952380952380949,0.0,0.00952380952380949,FOREIGN_FLIP_SELL,1,5728327.0,30443.0,0.10163395334497993,4109024025.6
8028,2024-07-16,2024-07-17,2024-07-17,115.26081068098811,109.84256744384766,-0.04700854700854695,0.0,-0.04700854700854695,FOREIGN_FLIP_SELL,1,1855985.0,208000.0,0.13030602101957123,2834252417.1516848
8028,2025-02-14,2025-02-17,2025-02-24,140.8743190370757,168.45811462402344,0.19580428693811935,0.002551781598073344,0.193252505340046,FOREIGN_FLIP_SELL,6,12900984.0,1308000.0,0.13078468810821886,1294058471.5034409
8028,2025-06-12,2025-06-13,2025-06-16,147.27769863482604,141.85946655273438,-0.03678922289196096,-0.0010442115322505385,-0.03574501135971042,FOREIGN_FLIP_SELL,2,3909100.0,96000.0,0.08137233764708562,1276248294.4248893
8028,2025-08-06,2025-08-07,2025-08-11,166.5,149.5,-0.10210210210210213,0.005487907579620144,-0.10759000968172228,FOREIGN_FLIP_SELL,3,17882699.0,22000.0,0.19985412107950395,1409634592.625
8028,2025-09-01,2025-09-02,2025-09-02,156.5,159.5,0.019169329073482455,0.0,0.019169329073482455,FOREIGN_FLIP_SELL,1,3812533.0,3000.0,0.025555369968264463,2408755432.3
8028,2025-09-30,2025-10-01,2025-10-01,182.0,183.5,0.008241758241758212,0.0,0.008241758241758212,FOREIGN_FLIP_SELL,1,2447799.0,51000.0,0.022727272727272707,3579014861.9999995
8028,2025-12-31,2026-01-02,2026-01-07,180.5,196.5,0.08864265927977844,0.03699036334548311,0.05165229593429532,FOREIGN_FLIP_SELL,4,4057972.0,543000.0,0.05873605947955385,1215661030.3
8039,2024-01-26,2024-01-29,2024-01-31,42.93899552262511,43.072898864746094,0.0031184553921488334,-0.01269729578298573,0.015815751175134563,FOREIGN_FLIP_SELL,3,476000.0,10000.0,0.006104003156142124,58366567.91111756
8039,2024-02-19,2024-02-20,2024-02-20,43.96560364166111,43.74242782592773,-0.0050761458332828635,0.0,-0.0050761458332828635,FOREIGN_FLIP_SELL,1,893000.0,7000.0,0.024118348119909205,38466482.785816
8039,2024-04-12,2024-04-15,2024-04-18,42.84972259269637,43.072898864746094,0.005208348118635575,-0.007265133833071591,0.012473481951707166,FOREIGN_FLIP_SELL,4,297000.0,11000.0,0.031814254000953834,25533694.072346877
8039,2025-04-29,2025-04-30,2025-04-30,42.48275236065468,42.245418548583984,-0.005586592178770888,0.0,-0.005586592178770888,FOREIGN_FLIP_SELL,1,493228.0,221000.0,0.07869041228900486,78747823.54987411
8039,2025-05-13,2025-05-14,2025-05-19,42.2454166867241,45.757957458496094,0.08314607943909413,-0.01189187066348818,0.09503795010258231,FOREIGN_FLIP_SELL,4,415667.0,171000.0,0.0414703149984228,50714380.15472489
8039,2026-02-04,2026-02-05,2026-02-05,88.9000015258789,85.80000305175781,-0.03487062340734248,0.0,-0.03487062340734248,FOREIGN_FLIP_SELL,1,2765120.0,2000.0,0.0086798939054058,1401833235.7560544
8045,2025-02-26,2025-02-27,2025-02-27,145.5878192336981,134.42608642578125,-0.07666666666666666,0.0,-0.07666666666666666,FOREIGN_FLIP_SELL,1,191000.0,5000.0,0.06758968710553215,132904912.13320313
8046,2024-05-08,2024-05-09,2024-05-15,180.88457319244304,183.77102661132807,0.01595743278678685,0.028522347150415683,-0.012564914363628832,FOREIGN_FLIP_SELL,5,519432.0,4000.0,0.009750216073074691,618008524.1427376
8046,2025-07-04,2025-07-07,2025-07-07,130.0,125.0,-0.038461538461538436,0.0,-0.038461538461538436,FOREIGN_FLIP_SELL,1,7561027.0,825000.0,0.14172848144835481,496816267.5
8046,2025-08-18,2025-08-19,2025-08-19,194.0,180.0,-0.07216494845360821,0.0,-0.07216494845360821,FOREIGN_FLIP_SELL,1,7375386.0,1249000.0,0.04571428571428582,3573687555.9
8046,2025-08-26,2025-08-27,2025-09-03,196.5,190.5,-0.03053435114503822,-0.01711261476149517,-0.013421736383543048,FOREIGN_FLIP_SELL,6,9626564.0,334000.0,0.06280193236714982,3099472294.05
8046,2025-09-22,2025-09-23,2025-09-26,239.0,219.0,-0.08368200836820083,-0.02541393099442335,-0.05826807737377748,FOREIGN_FLIP_SELL,4,9578987.0,103690.0,0.19452193761095615,6099923284.349999
8046,2025-11-11,2025-11-12,2025-11-12,294.5,284.5,-0.03395585738539897,0.0,-0.03395585738539897,FOREIGN_FLIP_SELL,1,9565565.0,44000.0,0.03612082100923186,8233464127.25
8046,2026-01-13,2026-01-14,2026-01-14,272.0,261.5,-0.03860294117647056,0.0,-0.03860294117647056,FOREIGN_FLIP_SELL,1,8106318.0,469000.0,0.09667519181585682,2333754291.2000003
8046,2026-01-19,2026-01-20,2026-01-30,312.0,388.5,0.2451923076923077,0.009564227299296402,0.2356280803930113,FOREIGN_FLIP_SELL,9,14076244.0,5533000.0,0.26516809230157157,4127543296.2000003
8046,2026-03-05,2026-03-06,2026-03-12,461.0,468.5,0.01626898047722336,-0.0005261883940465006,0.01679516887126986,FOREIGN_FLIP_SELL,5,1632768.0,608000.0,0.05191100969766116,4102260247.25
8046,2026-04-07,2026-04-08,2026-04-08,658.0,637.0,-0.03191489361702127,0.0,-0.03191489361702127,FOREIGN_FLIP_SELL,1,8554510.0,2223000.0,0.17216117216117222,11601365380.8
8070,2024-05-16,2024-05-17,2024-05-22,44.09282902829505,46.88237762451172,0.06326535760330954,0.013799646225580942,0.049465711377728594,FOREIGN_FLIP_SELL,4,8063695.0,1100000.0,0.058777355120758434,210536576.3086279
8070,2024-08-14,2024-08-15,2024-08-15,42.22523699972636,44.14883041381836,0.045555538601345535,0.0,0.045555538601345535,FOREIGN_FLIP_SELL,1,807884.0,30000.0,0.005870390100181755,93242122.69849262
8070,2024-08-26,2024-08-27,2024-08-27,55.643472865830056,56.20647811889648,0.010118082572307507,0.0,0.010118082572307507,FOREIGN_FLIP_SELL,1,6130480.0,267000.0,0.25315168448331793,330859113.158342
8070,2024-08-30,2024-09-02,2024-09-05,58.55232558899291,56.0188102722168,-0.04326925175543117,-0.047105193602703266,0.003835941847272095,FOREIGN_FLIP_SELL,4,585541.0,87000.0,0.2590945954182682,548729622.8475918
8070,2024-12-04,2024-12-05,2024-12-05,49.35660423580355,48.605934143066406,-0.015209111411935483,0.0,-0.015209111411935483,FOREIGN_FLIP_SELL,1,1526473.0,100000.0,0.017771414427156795,201296295.44937727
8070,2025-05-21,2025-05-22,2025-05-29,45.4473459772868,46.01900863647461,0.01257857080308944,-0.014935200943947513,0.027513771747036952,FOREIGN_FLIP_SELL,6,1342778.0,2000.0,0.07998191135628319,224447176.07584476
8070,2025-08-06,2025-08-07,2025-08-08,41.70000076293945,40.20000076293945,-0.03597122236345651,0.0007286453218204869,-0.036699867685277,FOREIGN_FLIP_SELL,2,1669275.0,1188000.0,0.012298399224675238,84881599.74642906
8070,2025-09-08,2025-09-09,2025-09-22,41.75,40.900001525878906,-0.020359244889127992,0.04125578389564799,-0.06161502878477598,FOREIGN_FLIP_SELL,10,663206.0,46670.0,0.030284103739966373,143967447.9375
8070,2025-10-03,2025-10-07,2025-10-08,43.04999923706055,48.150001525878906,0.11846695422070774,-0.005448692045472381,0.12391564626618012,FOREIGN_FLIP_SELL,2,2947490.0,5000.0,0.0448859159429722,94160644.63728294
8070,2026-01-13,2026-01-14,2026-01-20,47.20000076293945,48.04999923706055,0.018008441957240384,0.026443564529678998,-0.008435122572438614,FOREIGN_FLIP_SELL,5,7290300.0,283893.0,0.06662058805898985,181277849.3815422
8070,2026-03-19,2026-03-20,2026-03-20,43.70000076293945,43.29999923706055,-0.009153352835136186,0.0,-0.009153352835136186,FOREIGN_FLIP_SELL,1,1505295.0,1000.0,0.01866980483750802,109164092.39106369
8070,2026-04-09,2026-04-10,2026-04-10,47.04999923706055,47.59999847412109,0.011689675791265675,0.0,0.011689675791265675,FOREIGN_FLIP_SELL,1,1498103.0,4000.0,0.06302111817607026,121963043.26523016
8081,2024-01-11,2024-01-12,2024-01-12,234.70804951790427,231.5963897705078,-0.013257575757575801,0.0,-0.013257575757575801,FOREIGN_FLIP_SELL,1,499000.0,133000.0,0.022661265560392607,244113771.73406067
8081,2024-04-25,2024-04-26,2024-04-26,257.8232303225222,253.8225250244141,-0.01551724137931032,0.0,-0.01551724137931032,FOREIGN_FLIP_SELL,1,648596.0,28000.0,0.04037829268010218,178669826.5695526
8081,2024-05-02,2024-05-03,2024-05-06,269.38084008994224,264.04656982421875,-0.019801966108437652,0.009492729647566867,-0.02929469575600452,FOREIGN_FLIP_SELL,2,1187002.0,322500.0,0.0676919975972321,207157624.5675171
8081,2024-05-23,2024-05-24,2024-05-24,268.93633640550246,272.9370422363281,0.014876033057851235,0.0,0.014876033057851235,FOREIGN_FLIP_SELL,1,648960.0,99000.0,0.04851731100983936,198658254.32510987
8081,2025-02-20,2025-02-21,2025-02-27,229.8586578369141,226.59494018554688,-0.01419880235132509,-0.028531950253368632,0.014333147902043541,FOREIGN_FLIP_SELL,5,220452.0,11268.0,0.04477610482201144,83873357.77652664
8081,2025-03-26,2025-03-27,2025-03-28,232.1898718631629,223.79747009277344,-0.03614456437331326,-0.015892536377484667,-0.020252027995828592,FOREIGN_FLIP_SELL,2,180200.0,49388.0,0.017500997144392905,133118602.50110167
8081,2025-10-27,2025-10-28,2025-11-05,229.5,224.5,-0.02178649237472763,-0.008302548214025207,-0.013483944160702421,FOREIGN_FLIP_SELL,7,528746.0,27394.0,0.007922535211267734,73816054.64999999
8081,2026-03-03,2026-03-04,2026-03-04,237.0,237.5,0.0021097046413502962,0.0,0.0021097046413502962,FOREIGN_FLIP_SELL,1,282751.0,1000.0,0.002301736765013551,202277520.72500002
8103,2024-01-19,2024-01-22,2024-01-25,41.20421116072948,40.88337326049805,-0.007786531793556373,0.010525876102950305,-0.018312407896506677,FOREIGN_FLIP_SELL,4,336000.0,19000.0,0.011318227338247944,24576256.427515414
8103,2024-02-19,2024-02-20,2024-02-29,43.17504588344565,43.17504501342773,-2.015094369145487e-08,0.011390580212626622,-0.011390600363570313,FOREIGN_FLIP_SELL,7,718000.0,3000.0,0.0530491821630783,19776875.262286186
8103,2024-04-08,2024-04-09,2024-04-11,43.54171109762089,40.608375549316406,-0.06736840317845849,-0.0020666524287885624,-0.06530175074966993,FOREIGN_FLIP_SELL,3,310000.0,7000.0,0.055050976399312335,35195254.419699095
8103,2024-07-10,2024-07-11,2024-07-15,65.54174200515499,67.83340454101562,0.03496493174808202,-0.020937651023667736,0.055902582771749754,FOREIGN_FLIP_SELL,3,2315000.0,42000.0,0.14409604975901602,309599521.41072005
8103,2025-08-08,2025-08-11,2025-08-13,55.400001525878906,58.70000076293945,0.059566771591495815,0.009716787771125501,0.049849983820370314,FOREIGN_FLIP_SELL,3,1386910.0,51000.0,0.2198020199951951,55529177.58199997
8103,2026-01-06,2026-01-07,2026-01-07,97.9000015258789,92.9000015258789,-0.05107252218661407,0.0,-0.05107252218661407,FOREIGN_FLIP_SELL,1,1239406.0,225000.0,0.0574345245382879,310308618.68939286
8103,2026-01-14,2026-01-15,2026-01-16,93.4000015258789,93.9000015258789,0.0053533189703585116,0.01941278415104075,-0.01405946518068224,FOREIGN_FLIP_SELL,2,974014.0,76000.0,0.047149743970539504,292651526.475
8112,2024-04-30,2024-05-02,2024-05-03,78.35682073246267,83.42070007324219,0.06462589080878312,0.005334710464831138,0.05929118034395198,FOREIGN_FLIP_SELL,2,4410109.0,68000.0,0.06902604812799695,1041719171.1411304
8112,2024-12-02,2024-12-03,2024-12-03,62.61540390795291,61.96121597290039,-0.010447715645405697,0.0,-0.010447715645405697,FOREIGN_FLIP_SELL,1,2162425.0,620797.0,0.048869547329436935,173792143.46506464
8112,2025-01-20,2025-01-21,2025-02-05,56.91460003285748,57.288421630859375,0.006568114293802996,-0.005941185814618333,0.012509300108421328,FOREIGN_FLIP_SELL,5,872131.0,57394.0,0.009205006337117183,118207389.15807039
8112,2025-10-23,2025-10-27,2025-10-28,69.0,66.0999984741211,-0.04202900762143347,-0.0015904147839432836,-0.040438592837490184,FOREIGN_FLIP_SELL,2,12956920.0,344395.0,0.29969809959250693,1375324040.05
8112,2026-03-11,2026-03-12,2026-03-13,86.4000015258789,87.0,0.006944426661166014,-0.005405866913823942,0.012350293574989957,FOREIGN_FLIP_SELL,2,42539542.0,1955982.0,0.17477133685302126,1724205240.1771238
8114,2024-05-29,2024-05-30,2024-05-30,125.85983580962788,124.90995025634766,-0.007547169811320864,0.0,-0.007547169811320864,FOREIGN_FLIP_SELL,1,189000.0,35000.0,0.06468464736413626,23500919.260139465
8114,2024-06-05,2024-06-06,2024-06-24,139.15821972032532,153.40650939941406,0.10238913452417253,0.04159304708983669,0.060796087434335844,FOREIGN_FLIP_SELL,12,292000.0,55000.0,0.09240411363842593,31330078.036157224
8114,2024-07-04,2024-07-05,2024-07-05,180.0033042177241,178.57847595214844,-0.0079155672823219,0.0,-0.0079155672823219,FOREIGN_FLIP_SELL,1,219000.0,55000.0,0.15548779975657157,224986065.54246825
8114,2024-07-23,2024-07-26,2024-08-02,181.60822127492804,180.6344451904297,-0.005361960365352636,-0.021751277435232863,0.016389317069880227,FOREIGN_FLIP_SELL,6,389000.0,26000.0,0.04898555160485851,204267775.36026764
8114,2024-09-11,2024-09-12,2024-09-12,187.9377237141927,182.5819854736328,-0.02849740932642486,0.0,-0.02849740932642486,FOREIGN_FLIP_SELL,1,450000.0,107000.0,0.022450645900012,76582897.4016426
8114,2024-09-30,2024-10-01,2024-10-01,207.9000333089964,205.46560668945312,-0.011709601873536202,0.0,-0.011709601873536202,FOREIGN_FLIP_SELL,1,330112.0,21000.0,0.06819629569887398,178697783.75494996
8114,2024-12-18,2024-12-19,2024-12-20,331.5689008159022,344.2279052734375,0.03817910674488734,-0.01840203207273594,0.05658113881762328,FOREIGN_FLIP_SELL,2,972221.0,5000.0,0.07330652897962908,506205164.23243713
8114,2025-06-03,2025-06-04,2025-06-06,300.895132686315,277.0377502441406,-0.07928803044828847,0.001969198611333711,-0.08125722905962218,FOREIGN_FLIP_SELL,3,777811.0,2000.0,0.023000921388806717,295947143.2983536
8114,2025-07-02,2025-07-03,2025-07-04,288.0,284.0,-0.01388888888888884,-0.007285295494271593,-0.0066035933946172465,FOREIGN_FLIP_SELL,2,265560.0,1000.0,0.0021450773946007917,266462261.625
8131,2024-05-22,2024-05-23,2024-05-23,36.16227876459992,35.884464263916016,-0.007682438999277341,0.0,-0.007682438999277341,FOREIGN_FLIP_SELL,1,535000.0,4444.0,0.03944563028538295,17007377.119252585
8131,2024-05-28,2024-05-29,2024-05-29,36.3474890315254,36.20858001708984,-0.003821694926851249,0.0,-0.003821694926851249,FOREIGN_FLIP_SELL,1,419000.0,2000.0,0.03026319216295459,18766089.4562357
8131,2024-06-04,2024-06-05,2024-06-05,36.85681909802032,36.16228103637695,-0.018844221466758904,0.0,-0.018844221466758904,FOREIGN_FLIP_SELL,1,529249.0,2000.0,0.03052695177682807,22005225.449546818
8131,2024-06-11,2024-06-12,2024-06-12,35.65295346385355,35.79186248779297,0.0038961435293223268,0.0,0.0038961435293223268,FOREIGN_FLIP_SELL,1,184168.0,8000.0,0.005212719944776234,22038481.99450016
8131,2024-06-19,2024-06-20,2024-06-24,36.30118850732188,36.25488662719727,-0.001275492126525557,-0.02530965861512957,0.024034166488604014,FOREIGN_FLIP_SELL,3,393000.0,2000.0,0.0043022523736413465,17715768.32410354
8131,2024-07-05,2024-07-08,2024-07-09,35.93076675987156,35.74555587768555,-0.005154659888662927,0.0009183997563149138,-0.006073059644977841,FOREIGN_FLIP_SELL,2,393000.0,2000.0,0.007064812792636488,13132865.053420259
8131,2025-08-27,2025-08-28,2025-08-28,26.049999237060547,26.100000381469727,0.0019194297840148256,0.0,0.0019194297840148256,FOREIGN_FLIP_SELL,1,239755.0,1000.0,0.0028818627132369823,10814489.483061314
8150,2024-03-11,2024-03-12,2024-03-22,43.543857439291926,46.7098503112793,0.07270813975085555,0.015761284786073304,0.056946854964782245,FOREIGN_FLIP_SELL,9,4957359.0,23000.0,0.06168657264315747,187442088.8368498
8150,2024-05-28,2024-05-29,2024-05-30,41.47907638549805,41.34142303466797,-0.0033186214068692266,-0.013757393248701622,0.010438771841832395,FOREIGN_FLIP_SELL,2,1661812.0,36623.0,0.009477919795753964,192907575.2942175
8150,2024-07-08,2024-07-09,2024-07-09,41.77350228167669,40.674198150634766,-0.026315823931385318,0.0,-0.026315823931385318,FOREIGN_FLIP_SELL,1,1668479.0,67000.0,0.016565493250706442,123186429.30313721
8150,2025-11-20,2025-11-21,2025-11-24,45.150001525878906,44.29999923706055,-0.01882618516261092,0.002621560052100236,-0.021447745214711156,FOREIGN_FLIP_SELL,2,16197911.0,29000.0,0.2439184577433231,1856488837.5852094
8163,2024-05-02,2024-05-03,2024-05-14,57.50947146549969,60.98678970336914,0.060465139902311726,0.03224392369617268,0.028221216206139044,FOREIGN_FLIP_SELL,8,1255973.0,244000.0,0.0312777973925904,76488784.66492653
8163,2024-06-06,2024-06-07,2024-06-07,63.12667622869776,60.6301383972168,-0.03954806399811717,0.0,-0.03954806399811717,FOREIGN_FLIP_SELL,1,1885588.0,397147.0,0.04877152004879015,133121365.97139588
8163,2024-10-16,2024-10-17,2024-10-17,47.59569705657782,47.69032287597656,0.001988117104078979,0.0,0.001988117104078979,FOREIGN_FLIP_SELL,1,772648.0,20919.0,0.01645450501749246,30398783.126169395
8210,2024-01-10,2024-01-11,2024-01-12,263.85917156774224,263.85919189453125,7.703650739543377e-08,-0.0018517891834584077,0.0018518662199658031,FOREIGN_FLIP_SELL,2,3563130.0,373500.0,0.04025237411787286,1605792293.5650635
8210,2024-03-05,2024-03-06,2024-03-06,274.99454224732546,268.7006530761719,-0.022887323943661997,0.0,-0.022887323943661997,FOREIGN_FLIP_SELL,1,2374892.0,79000.0,0.03709103025090443,1806546296.7550964
8210,2024-05-23,2024-05-24,2024-05-24,290.0030235536637,300.1700744628906,0.035058430717862965,0.0,0.035058430717862965,FOREIGN_FLIP_SELL,1,692837.0,239000.0,0.03653798453606938,1785678190.2381713
8210,2024-07-09,2024-07-10,2024-07-10,298.99593622019773,295.0552978515625,-0.01317957166392092,0.0,-0.01317957166392092,FOREIGN_FLIP_SELL,1,508082.0,2000.0,0.020018126983520235,774212725.8713318
8210,2024-08-14,2024-08-15,2024-08-19,283.7259706439394,294.0701599121094,0.03645838005133273,0.023496549208600337,0.012961830842732391,FOREIGN_FLIP_SELL,3,693605.0,251000.0,0.015409328196777317,1023163346.207666
8210,2024-10-16,2024-10-17,2024-10-18,291.6072560749151,287.1740417480469,-0.015202688666050568,0.01880075902485734,-0.034003447690907906,FOREIGN_FLIP_SELL,2,2756222.0,72000.0,0.05599121928496986,436561296.72919464
8210,2025-02-07,2025-02-10,2025-02-10,261.0673037843208,255.64892578125,-0.02075471698113207,0.0,-0.02075471698113207,FOREIGN_FLIP_SELL,1,586225.0,534000.0,0.033333349226911446,329220564.17765653
8210,2025-02-13,2025-02-14,2025-02-14,286.1888767181233,276.3372802734375,-0.03442340791738374,0.0,-0.03442340791738374,FOREIGN_FLIP_SELL,1,734000.0,476000.0,0.12532970942891364,471579324.36478424
8210,2025-02-25,2025-02-26,2025-02-26,291.1146589743125,291.60723876953125,0.0016920473773265332,0.0,0.0016920473773265332,FOREIGN_FLIP_SELL,1,672066.0,63000.0,0.08019043525849257,706239909.8919754
8210,2025-03-04,2025-03-05,2025-03-05,289.6369320053652,286.1888732910156,-0.011904761904761973,0.0,-0.011904761904761973,FOREIGN_FLIP_SELL,1,380836.0,183000.0,0.04484261758303765,683323083.6672134
8210,2025-05-02,2025-05-05,2025-05-12,260.574728149652,290.6221008300781,0.11531192181910077,0.02905318812874591,0.08625873369035486,FOREIGN_FLIP_SELL,6,356258.0,34000.0,0.12936568626339096,248911732.94545898
8210,2025-05-20,2025-05-21,2025-05-21,298.995945975451,302.93658447265625,0.01317957166392092,0.0,0.01317957166392092,FOREIGN_FLIP_SELL,1,1193706.0,252000.0,0.13501835483887392,488741211.33358765
8210,2025-05-26,2025-05-27,2025-05-27,315.2510944756192,318.2065734863281,0.009374999999999911,0.0,0.009374999999999911,FOREIGN_FLIP_SELL,1,773205.0,438000.0,0.13596028964054163,597854620.1031066
8210,2025-06-02,2025-06-03,2025-06-16,318.2065696426878,414.752197265625,0.30340551337877053,0.04368693022493875,0.2597185831538318,FOREIGN_FLIP_SELL,10,844936.0,1000.0,0.08965171689702855,688498964.9673812
8210,2025-07-04,2025-07-07,2025-07-09,490.5,522.0,0.06422018348623859,0.004382285721998613,0.05983789776423998,FOREIGN_FLIP_SELL,3,678719.0,20000.0,0.09727747711245649,2314092909.375
8210,2025-07-16,2025-07-17,2025-07-21,541.0,540.0,-0.001848428835489857,0.009833362331702178,-0.011681791167192035,FOREIGN_FLIP_SELL,3,666777.0,124000.0,0.06918542932613159,2230705701.0
8210,2025-08-18,2025-08-19,2025-08-19,636.0,608.0,-0.04402515723270439,0.0,-0.04402515723270439,FOREIGN_FLIP_SELL,1,907269.0,102000.0,0.1442694983522519,1520389812.5
8210,2025-11-03,2025-11-04,2025-11-04,980.0,975.0,-0.005102040816326481,0.0,-0.005102040816326481,FOREIGN_FLIP_SELL,1,610291.0,13000.0,0.31872590789206723,3563164605.0
8210,2025-11-17,2025-11-18,2025-11-20,965.0,956.0,-0.00932642487046631,0.025049979440304737,-0.03437640431077105,FOREIGN_FLIP_SELL,3,325508.0,13000.0,0.050238198354265906,3095761596.0
8210,2026-01-23,2026-01-26,2026-01-28,980.0,948.0,-0.03265306122448974,0.023056661757537844,-0.05570972298202759,FOREIGN_FLIP_SELL,3,1597620.0,80000.0,0.020268491708344216,2031578704.05
8213,2024-11-26,2024-11-27,2024-11-27,36.873151992936464,36.20185852050781,-0.01820548111962994,0.0,-0.01820548111962994,FOREIGN_FLIP_SELL,1,317168.0,1000.0,0.02023214090818537,15521704.503450394
8215,2024-06-04,2024-06-05,2024-06-05,31.05273216985634,31.005754470825195,-0.00151283625460652,0.0,-0.00151283625460652,FOREIGN_FLIP_SELL,1,139000.0,1000.0,0.008082942135011706,20257377.341475487
8215,2024-06-11,2024-06-12,2024-06-12,31.05273175711592,30.67690658569336,-0.012102805458860777,0.0,-0.012102805458860777,FOREIGN_FLIP_SELL,1,538000.0,1000.0,0.0063946206917664394,17091105.65968752
8215,2024-10-15,2024-10-16,2024-10-17,31.328210798635205,32.00925827026367,0.021739111627087748,0.001862561878152258,0.01987654974893549,FOREIGN_FLIP_SELL,2,205877.0,47918.0,0.03437200761346704,15685657.657985212
8215,2024-10-24,2024-10-25,2024-10-29,31.62008782214792,31.66873359680176,0.0015384452733799847,-0.018067982633348745,0.01960642790672873,FOREIGN_FLIP_SELL,3,119086.0,27458.0,0.009145376223975266,21892635.84983444
8215,2026-02-24,2026-02-25,2026-03-03,21.0,20.549999237060547,-0.021428607759021556,-0.030763270888021776,0.00933466312900022,FOREIGN_FLIP_SELL,4,716000.0,2000.0,0.03321932771066782,24704737.159415632
8215,2026-03-13,2026-03-16,2026-03-16,23.89999961853028,22.200000762939453,-0.07112966036504764,0.0,-0.07112966036504764,FOREIGN_FLIP_SELL,1,617001.0,19000.0,0.10228519433983019,31854921.55474491
8222,2025-04-24,2025-04-25,2025-04-25,61.49095050912048,58.92882537841797,-0.04166670232756431,0.0,-0.04166670232756431,FOREIGN_FLIP_SELL,1,1243715.0,70000.0,0.13853429229376668,2610234907.6565433
8261,2024-06-28,2024-07-01,2024-07-08,79.89955045195445,82.04388427734375,0.026837870967481026,0.035543403906559856,-0.00870553293907883,FOREIGN_FLIP_SELL,6,178000.0,60995.0,0.02020138650261849,38204901.55314255
8261,2024-08-20,2024-08-21,2024-08-27,73.49848634799591,75.4175033569336,0.026109612650410785,-0.0023784011663651183,0.028488013816775903,FOREIGN_FLIP_SELL,5,140000.0,15000.0,0.015484851945288813,27709497.77863045
8261,2024-09-03,2024-09-04,2024-09-06,72.25112450083226,71.96327209472656,-0.0039840543395609496,0.016234936322907068,-0.020218990662468017,FOREIGN_FLIP_SELL,3,57000.0,23185.0,0.02087860220860982,16466932.086116029
8261,2024-09-13,2024-09-16,2024-09-18,74.84179793349624,74.07418823242188,-0.010256430527717297,-0.007837052942722855,-0.002419377584994442,FOREIGN_FLIP_SELL,2,208000.0,5797.0,0.010641799714989242,15931700.740059663
8261,2024-10-01,2024-10-04,2024-10-04,78.87173871595924,79.35149383544922,0.0060827252866546555,0.0,0.0060827252866546555,FOREIGN_FLIP_SELL,1,179000.0,21042.0,0.052766256454369165,32569958.196688842
8261,2024-11-04,2024-11-05,2024-11-06,80.59886194448002,88.17899322509766,0.09404762173737824,0.0047861170401419795,0.08926150469723626,FOREIGN_FLIP_SELL,2,624000.0,71919.0,0.055435738778121024,34763808.416124724
8261,2025-02-18,2025-02-19,2025-02-27,90.8656209613506,88.27494812011719,-0.028511034358477017,-0.023339201900757223,-0.005171832457719794,FOREIGN_FLIP_SELL,7,964000.0,7301.0,0.08183075373146287,71515460.4152855
8271,2024-11-25,2024-11-26,2024-11-27,48.59999847412109,47.54999923706055,-0.02160492325158514,-0.015167516755981714,-0.006437406495603426,FOREIGN_FLIP_SELL,2,146010.0,17284.0,0.01292202066279513,13867683.944600675
8271,2026-03-11,2026-03-12,2026-03-13,145.0,173.5,0.1965517241379311,-0.005405866913823942,0.20195759105175504,FOREIGN_FLIP_SELL,2,8005918.0,2000.0,0.22241086587436332,1176392109.6000001
8404,2024-10-17,2024-10-18,2024-10-24,30.392637905413547,31.196176528930664,0.02643859430753759,-0.01254935145219127,0.03898794575972886,FOREIGN_FLIP_SELL,5,1055000.0,100000.0,0.29735230243065747,135890813.31178838
8404,2026-01-15,2026-01-16,2026-01-23,24.549999237060547,23.5,-0.04276982768600146,0.017600555280079533,-0.06037038296608099,FOREIGN_FLIP_SELL,6,580000.0,1000.0,0.025963152356565322,16689954.925
8422,2024-05-30,2024-05-31,2024-06-03,171.1274996995926,172.02581787109375,0.005249408616839091,0.017121719263391677,-0.011872310646552586,FOREIGN_FLIP_SELL,2,42900.0,25000.0,0.0005251837160547002,35798478.82159729
8422,2024-06-11,2024-06-12,2024-06-12,172.02581371686847,171.57666015625,-0.0026109660574413773,0.0,-0.0026109660574413773,FOREIGN_FLIP_SELL,1,111676.0,20000.0,0.00906578464385377,33357476.58333206
8422,2024-07-08,2024-07-09,2024-07-11,173.4725343469071,172.99856567382812,-0.002732240437158473,0.020499898625797375,-0.023232139062955848,FOREIGN_FLIP_SELL,3,101093.0,5000.0,0.013039160774899416,77604394.42782593
8422,2024-08-14,2024-08-15,2024-09-03,173.4725343469071,178.68618774414062,0.030054633241290762,0.00899929145688616,0.021055341784404602,FOREIGN_FLIP_SELL,14,264000.0,20000.0,0.00814804295190763,41744562.547023006
8422,2024-11-07,2024-11-08,2024-11-13,174.42047119140625,172.52459716796875,-0.010869561413791806,-0.029449918372031147,0.01858035695823934,FOREIGN_FLIP_SELL,4,51000.0,3058.0,0.00013588798070673924,21846914.024749756
8422,2025-03-04,2025-03-05,2025-03-05,177.26428239019563,176.79031372070312,-0.002673796791443861,0.0,-0.002673796791443861,FOREIGN_FLIP_SELL,1,129878.0,3000.0,0.021520018722664513,27680244.216064453
8422,2025-03-18,2025-03-19,2025-04-08,180.58206176757807,171.57666015625,-0.049868749548992675,-0.1594147783540385,0.10954602880504583,FOREIGN_FLIP_SELL,13,199000.0,1000.0,0.01708488467671887,37518307.015429676
8422,2025-08-04,2025-08-05,2025-08-08,192.0,198.0,0.03125,0.015243488190987309,0.01600651180901269,FOREIGN_FLIP_SELL,4,720257.0,3000.0,0.019462465245597915,55216622.99999999
8454,2024-05-17,2024-05-20,2024-05-20,364.597902366368,364.1797790527344,-0.0011468066901093588,0.0,-0.0011468066901093588,FOREIGN_FLIP_SELL,1,486533.0,190761.0,0.02826538054874206,553502837.1857849
8454,2024-07-26,2024-07-29,2024-07-30,359.93047953976026,361.2298583984375,0.00361008287027742,0.0026655283970109522,0.0009445544732664679,FOREIGN_FLIP_SELL,2,426827.0,10656.0,0.004017551665591146,257850755.85522765
8454,2024-09-24,2024-09-25,2024-10-01,352.9137716703357,354.73291015625,0.005154625950991809,-0.01630856313903828,0.021463189090030088,FOREIGN_FLIP_SELL,5,239235.0,2823.0,0.008425331454531726,102680294.32783203
8454,2025-01-15,2025-01-16,2025-02-04,315.6213500069104,318.3500671386719,0.008645540397383522,-0.010038552527298905,0.018684092924682427,FOREIGN_FLIP_SELL,7,416885.0,13000.0,0.0022546994159453604,101558998.40402833
8454,2025-02-21,2025-02-24,2025-03-12,331.9936273812204,338.3606262207031,0.01917807546399586,-0.05461210321481047,0.07379017867880633,FOREIGN_FLIP_SELL,12,388182.0,1000.0,0.03020035127090015,73845042.50853577
8454,2025-04-28,2025-04-29,2025-05-05,301.5230025683244,289.69854736328125,-0.039215764980861545,0.014845295062595687,-0.05406106004345723,FOREIGN_FLIP_SELL,4,128265.0,1000.0,0.011904743006507346,106003056.92852783
8454,2026-03-30,2026-03-31,2026-04-07,180.0,179.0,-0.005555555555555536,0.04749962304916022,-0.05305517860471576,FOREIGN_FLIP_SELL,4,258516.0,1000.0,0.01524262340931326,87443088.14999999
8464,2024-04-19,2024-04-22,2024-05-02,342.08509670106235,344.8890686035156,0.00819670874146139,0.041791227991622604,-0.033594519250161214,FOREIGN_FLIP_SELL,8,817191.0,57000.0,0.030782293879719314,172219758.63982847
8464,2024-06-11,2024-06-12,2024-06-18,357.03963725449404,340.2157897949219,-0.04712039141911939,0.032131616179475575,-0.07925200759859496,FOREIGN_FLIP_SELL,5,1110478.0,13000.0,0.061390061597364376,208730958.81957397
8464,2024-06-24,2024-06-25,2024-07-01,343.01973974609376,361.7129211425781,0.05449593487045745,0.007982157860958239,0.04651377700949921,FOREIGN_FLIP_SELL,5,456782.0,1000.0,0.011834730291892859,220930051.7987091
8464,2024-07-08,2024-07-09,2024-07-09,378.5367996335968,366.9784240722656,-0.030534351145038108,0.0,-0.030534351145038108,FOREIGN_FLIP_SELL,1,312708.0,23000.0,0.07192480450036687,290806371.79331356
8464,2024-08-15,2024-08-16,2024-08-16,439.6998612435191,425.25189208984375,-0.03285870755750275,0.0,-0.03285870755750275,FOREIGN_FLIP_SELL,1,639473.0,124000.0,0.15503826051686942,470564965.00998694
8464,2024-08-23,2024-08-26,2024-08-26,444.99744937294406,439.21826171875,-0.012987012987012991,0.0,-0.012987012987012991,FOREIGN_FLIP_SELL,1,610696.0,5000.0,0.07566635308637282,523537764.94761354
8464,2025-03-03,2025-03-04,2025-03-04,418.0279110811881,437.2918701171875,0.04608294930875556,0.0,0.04608294930875556,FOREIGN_FLIP_SELL,1,284684.0,4000.0,0.01826039090046172,290691381.6541474
8464,2025-05-20,2025-05-21,2025-05-27,449.5,438.0,-0.025583982202447175,-0.021435196274464108,-0.0041487859279830674,FOREIGN_FLIP_SELL,5,907123.0,201000.0,0.12516686796770715,496403911.875
8464,2025-07-24,2025-07-25,2025-07-29,410.0,406.0,-0.009756097560975618,-0.006970496205537247,-0.002785601355438372,FOREIGN_FLIP_SELL,3,953828.0,3192.0,0.010746085354620849,160173185.875
8464,2026-02-25,2026-02-26,2026-03-02,413.5,390.5,-0.055622732769044725,-0.00901886354995296,-0.046603869219091765,FOREIGN_FLIP_SELL,2,1335297.0,77019.0,0.006961113778204409,493299635.57500005
8467,2024-06-17,2024-06-18,2024-06-18,188.3280909417084,178.9364013671875,-0.04986876640419957,0.0,-0.04986876640419957,FOREIGN_FLIP_SELL,1,320000.0,225000.0,0.08131613705343543,70629002.37127304
8467,2024-07-11,2024-07-12,2024-07-12,195.24829728954336,194.7539978027344,-0.0025316455696201556,0.0,-0.0025316455696201556,FOREIGN_FLIP_SELL,1,291984.0,100000.0,0.12061830794396,87265500.9831833
8467,2024-07-18,2024-07-19,2024-07-22,241.7124439222844,234.7922515869141,-0.028629855472378063,-0.02677259944243182,-0.0018572560299462415,FOREIGN_FLIP_SELL,2,442900.0,90000.0,0.2840878977019474,156952591.02859727
8467,2024-11-25,2024-11-26,2024-11-26,285.21079267629887,279.77349853515625,-0.01906412478336228,0.0,-0.01906412478336228,FOREIGN_FLIP_SELL,1,402000.0,120000.0,0.09934539552736021,128066493.24796142
8478,2024-03-01,2024-03-04,2024-03-05,367.6286259377088,391.7586975097656,0.06563708555205228,0.004227301850537213,0.061409783701515064,FOREIGN_FLIP_SELL,2,361688.0,20000.0,0.09828661686060047,124795774.58318786
8478,2024-03-08,2024-03-11,2024-03-11,363.3703745860927,357.2195739746094,-0.01692708333333326,0.0,-0.01692708333333326,FOREIGN_FLIP_SELL,1,245113.0,2000.0,0.05320903143483635,445203747.82838285
8478,2024-04-03,2024-04-08,2024-04-08,408.3185400301522,388.91986083984375,-0.04750869061413654,0.0,-0.04750869061413654,FOREIGN_FLIP_SELL,1,793208.0,43000.0,0.0826835579953984,287502847.5925598
8478,2024-05-20,2024-05-21,2024-05-21,364.31667720046,354.3807678222656,-0.027272727272727337,0.0,-0.027272727272727337,FOREIGN_FLIP_SELL,1,302889.0,120000.0,0.02251656477790065,131413916.8303589
8478,2025-08-14,2025-08-15,2025-08-18,203.0,198.0,-0.024630541871921152,0.006083510296844397,-0.03071405216876555,FOREIGN_FLIP_SELL,2,208828.0,2000.0,0.004611339184321439,107760455.19999999
8478,2025-09-08,2025-09-09,2025-09-09,201.5,198.0,-0.017369727047146455,0.0,-0.017369727047146455,FOREIGN_FLIP_SELL,1,216673.0,1000.0,0.020822752666328048,67935839.25
8482,2025-02-18,2025-02-19,2025-02-19,116.8146055275612,114.95301818847656,-0.015936254980079667,0.0,-0.015936254980079667,FOREIGN_FLIP_SELL,1,119000.0,15000.0,0.15021853598801127,92294454.82424583
8499,2025-12-08,2025-12-09,2025-12-10,358.0,361.0,0.008379888268156499,0.007739912655269743,0.0006399756128867562,FOREIGN_FLIP_SELL,2,396413.0,22000.0,0.3444122864345067,79314912.0
8926,2024-06-27,2024-06-28,2024-07-01,43.85364636559577,43.8841552734375,0.0006956983140553596,0.0011427590660921805,-0.00044706075203682083,FOREIGN_FLIP_SELL,2,618211.0,1000.0,0.008190221566044542,102048651.56093103
8926,2024-07-05,2024-07-08,2024-07-08,43.931799610541184,43.69355773925781,-0.00542299367190513,0.0,-0.00542299367190513,FOREIGN_FLIP_SELL,1,1548209.0,3000.0,0.006938723406817893,121345879.191156
8926,2024-08-21,2024-08-22,2024-08-30,43.550614918711965,42.45470428466797,-0.02516406797216375,0.0053844724621723294,-0.03054854043433608,FOREIGN_FLIP_SELL,7,1580900.0,1000.0,0.014735435203652392,140491455.68188706
8926,2024-09-18,2024-09-19,2024-09-26,42.88353780139408,42.69294357299805,-0.004444461398654287,0.0370245697779088,-0.04146903117656309,FOREIGN_FLIP_SELL,6,1483396.0,1000.0,0.01106553299746249,36267855.39918594
8926,2024-10-04,2024-10-07,2024-10-08,43.21707421372975,43.45531845092773,0.005512734064775815,-0.004015843133057917,0.009528577197833732,FOREIGN_FLIP_SELL,2,881514.0,5000.0,0.018091943075663197,35857810.50654564
8926,2024-11-27,2024-11-28,2024-11-28,41.02525260108784,40.59641647338867,-0.010452979579894106,0.0,-0.010452979579894106,FOREIGN_FLIP_SELL,1,885510.0,1000.0,0.0015121035707972297,22917894.09243393
8926,2025-02-03,2025-02-04,2025-02-04,39.59579934674054,39.30990982055664,-0.00722019837711485,0.0,-0.00722019837711485,FOREIGN_FLIP_SELL,1,338587.0,3000.0,0.011748876404770847,20058184.207395744
8926,2025-03-18,2025-03-19,2025-03-24,40.40582535609746,41.21584701538086,0.020047150433004646,0.006639573566039392,0.013407576866965254,FOREIGN_FLIP_SELL,4,710000.0,8000.0,0.01760073703641507,20873634.705615234
8926,2025-04-28,2025-04-29,2025-04-30,38.49988768309306,38.9287223815918,0.011138596092244102,0.00011854303657643506,0.011020053055667667,FOREIGN_FLIP_SELL,2,271824.0,5000.0,0.005294303021220914,48740773.184193425
8926,2025-05-06,2025-05-07,2025-05-20,41.26349309676252,43.69355773925781,0.058891394308204115,0.047674276790164116,0.011217117518039998,FOREIGN_FLIP_SELL,10,839532.0,11000.0,0.06297509934054157,51632592.2861229
8926,2025-07-17,2025-07-18,2025-07-28,44.95000076293945,43.59999847412109,-0.030033420821016343,0.0012765445976636869,-0.03130996541868003,FOREIGN_FLIP_SELL,7,2239830.0,16000.0,0.03678028028950675,58705875.09713459
8926,2025-08-15,2025-08-18,2025-08-20,47.0,46.75,-0.005319148936170248,-0.03500783802218577,0.02968868908601552,FOREIGN_FLIP_SELL,3,1660035.0,94000.0,0.04392247789583226,74704885.55
8926,2025-10-01,2025-10-02,2025-10-03,47.79999923706055,47.79999923706055,0.0,0.014506947270404247,-0.014506947270404247,FOREIGN_FLIP_SELL,2,993333.0,70000.0,0.01540093971450962,51727567.43437233
8926,2025-10-09,2025-10-13,2025-10-27,48.09999847412109,48.84999847412109,0.015592516087157726,0.03975018554869636,-0.024157669461538633,FOREIGN_FLIP_SELL,10,2430661.0,5000.0,0.02561379970025368,50609541.37031212
8926,2025-11-05,2025-11-06,2025-11-10,49.650001525878906,49.34999847412109,-0.006042357352223804,-0.001073119863057359,-0.004969237489166445,FOREIGN_FLIP_SELL,3,873000.0,1000.0,0.008231492221575154,87725116.23741473
8996,2024-03-11,2024-03-12,2024-03-12,304.1435726105221,306.57672119140625,0.008000000000000007,0.0,0.008000000000000007,FOREIGN_FLIP_SELL,1,760150.0,336000.0,0.11754742238260918,3131276146.1331544
8996,2024-03-20,2024-03-21,2024-03-21,322.1488666507369,343.0739440917969,0.06495468277945626,0.0,0.06495468277945626,FOREIGN_FLIP_SELL,1,1780301.0,553000.0,0.08579658457890771,3152210607.4048615
8996,2024-04-30,2024-05-02,2024-05-02,425.0126804865844,416.6404724121094,-0.01969872537659323,0.0,-0.01969872537659323,FOREIGN_FLIP_SELL,1,5958451.0,467000.0,0.21003338988289189,3628562820.3873167
8996,2024-05-08,2024-05-09,2024-05-20,415.6554852653952,420.580322265625,0.011848362826452963,0.034573673278355255,-0.022725310451902292,FOREIGN_FLIP_SELL,8,1311516.0,7000.0,0.11456037069750002,3706398021.099042
8996,2024-09-24,2024-09-25,2024-09-25,409.7456985828488,423.53521728515625,0.033653846153846256,0.0,0.033653846153846256,FOREIGN_FLIP_SELL,1,205553.0,174000.0,0.07453250917341436,1670610252.0548952
8996,2024-11-15,2024-11-18,2024-11-18,327.9935646608209,306.8168029785156,-0.06456456456456461,0.0,-0.06456456456456461,FOREIGN_FLIP_SELL,1,2231237.0,10000.0,0.009517872380923054,868483705.796054
8996,2025-02-24,2025-02-25,2025-02-25,325.038661629473,315.6814880371094,-0.028787878787878807,0.0,-0.028787878787878807,FOREIGN_FLIP_SELL,1,329300.0,31000.0,0.08708261755847868,574459485.3010254
8996,2025-05-06,2025-05-07,2025-05-07,214.7225109891736,211.275131225586,-0.01605504587155948,0.0,-0.01605504587155948,FOREIGN_FLIP_SELL,1,604333.0,1000.0,0.06888943163632844,276431625.4618133
8996,2025-07-24,2025-07-25,2025-07-28,287.0,304.5,0.060975609756097615,0.002080072639951913,0.0588955371161457,FOREIGN_FLIP_SELL,2,1187414.0,205000.0,0.05557160743523082,507822722.40000004
8996,2025-08-11,2025-08-12,2025-08-12,343.0,336.5,-0.01895043731778423,0.0,-0.01895043731778423,FOREIGN_FLIP_SELL,1,2909210.0,609000.0,0.18251480320445834,1514759168.3000002
8996,2025-08-15,2025-08-18,2025-08-18,358.0,360.5,0.006983240223463749,0.0,0.006983240223463749,FOREIGN_FLIP_SELL,1,991235.0,13000.0,0.17859487852921863,2335308354.8
8996,2025-10-02,2025-10-03,2025-10-13,392.0,419.0,0.06887755102040827,0.006067000772095987,0.06281055024831228,FOREIGN_FLIP_SELL,5,2865789.0,424000.0,0.17037037037037028,1490952227.0
8996,2025-11-03,2025-11-04,2025-11-04,651.0,644.0,-0.010752688172043001,0.0,-0.010752688172043001,FOREIGN_FLIP_SELL,1,1241504.0,8000.0,0.26612188638377465,3947997720.0499997
8996,2026-01-12,2026-01-13,2026-01-15,712.0,708.0,-0.005617977528089901,0.003365963204526645,-0.008983940732616547,FOREIGN_FLIP_SELL,3,3227237.0,23000.0,0.2521863927882675,2624958793.1
8996,2026-01-20,2026-01-21,2026-01-26,715.0,730.0,0.020979020979021046,0.026183854736622214,-0.005204833757601168,FOREIGN_FLIP_SELL,4,943370.0,150000.0,0.1639449247518412,3912529087.55
8996,2026-03-27,2026-03-30,2026-04-02,854.0,866.0,0.014051522248243575,0.0016688991932272135,0.012382623055016362,FOREIGN_FLIP_SELL,4,423574.0,85000.0,0.023278411272929178,2521081079.0
9802,2024-07-30,2024-07-31,2024-08-06,113.4153311041337,105.72615814208984,-0.06779659228772117,-0.07650359618679003,0.008707003899068866,FOREIGN_FLIP_SELL,5,994883.0,1000.0,0.00620852757187218,73969704.86694717
9802,2024-08-27,2024-08-28,2024-08-28,116.2987781524658,115.33763122558594,-0.008264462809917217,0.0,-0.008264462809917217,FOREIGN_FLIP_SELL,1,464000.0,80000.0,0.03818103917443949,52685467.40045357
9802,2024-09-20,2024-09-23,2024-09-23,120.30170440673828,120.30170440673828,0.0,0.0,0.0,FOREIGN_FLIP_SELL,1,291000.0,149000.0,0.04141556383471934,32826941.45016594
9802,2024-09-26,2024-09-27,2024-10-09,120.79473876953124,116.85042572021484,-0.032653020234944985,-0.007173049004952192,-0.025479971229992793,FOREIGN_FLIP_SELL,7,167000.0,157000.0,0.04715145803587517,35708126.68792419
9802,2024-12-16,2024-12-17,2024-12-27,115.37130640730074,116.85042572021484,0.012820512820512775,0.011194274591880715,0.0016262382286320598,FOREIGN_FLIP_SELL,9,2569645.0,206000.0,0.030835036040705255,178781138.15613785
9802,2025-01-16,2025-01-17,2025-01-20,119.31562241774338,128.19033813476562,0.07438016528925617,0.005129593209210137,0.06925057208004604,FOREIGN_FLIP_SELL,2,1828479.0,18000.0,0.009115935884387527,161460247.63184965
9802,2025-03-03,2025-03-04,2025-03-12,144.95368332830853,131.64161682128906,-0.09183669018515861,-0.014095816425161667,-0.07774087375999694,FOREIGN_FLIP_SELL,7,836696.0,601500.0,0.04653201225621628,585150334.2810333
9802,2025-05-13,2025-05-14,2025-05-14,112.5,111.0,-0.013333333333333308,0.0,-0.013333333333333308,FOREIGN_FLIP_SELL,1,601803.0,111000.0,0.1138871556315395,175788245.6
9802,2025-11-13,2025-11-14,2025-11-17,109.5,113.0,0.03196347031963476,0.0018180690528333265,0.03014540126680143,FOREIGN_FLIP_SELL,2,3670000.0,225000.0,0.1003172093967839,206486134.95
9902,2024-05-17,2024-05-20,2024-05-20,16.12156682826797,16.0250301361084,-0.005988046521030466,0.0,-0.005988046521030466,FOREIGN_FLIP_SELL,1,995000.0,8000.0,0.020003044558983385,43866058.170099355
9904,2024-03-13,2024-03-14,2024-03-22,29.76731856719974,32.39791488647461,0.08837196112697532,0.014570715840134696,0.07380124528684062,FOREIGN_FLIP_SELL,7,20406647.0,4000.0,0.05228757607182177,274304697.88508534
9904,2024-03-27,2024-03-28,2024-03-28,33.32093848037646,33.45939254760742,0.004155167097484425,0.0,0.004155167097484425,FOREIGN_FLIP_SELL,1,7801076.0,4912000.0,0.1037019609241383,514350257.1659996
9904,2024-04-08,2024-04-09,2024-04-22,32.95173313689096,32.582523345947266,-0.011204563638880227,-0.06659767494323166,0.05539311130435143,FOREIGN_FLIP_SELL,10,8225753.0,543207.0,0.04047933739772924,576612274.7468461
9904,2024-05-07,2024-05-08,2024-05-13,33.505543197645146,34.382408142089844,0.026170742532726,0.007594072496516224,0.018576670036209775,FOREIGN_FLIP_SELL,4,8217988.0,1149000.0,0.015000684299354639,436994251.5018921
9904,2024-05-16,2024-05-17,2024-05-24,36.1361436323047,34.19780349731445,-0.05363992778846016,0.014435146578059888,-0.06807507436652005,FOREIGN_FLIP_SELL,6,17592387.0,860000.0,0.06858710471426943,569103919.335907
9904,2024-09-26,2024-09-27,2024-10-07,33.92090117331218,34.491798400878906,0.016830249427921773,-0.005267915121843991,0.022098164549765764,FOREIGN_FLIP_SELL,5,2287957.0,116435.0,0.025863993755381287,267171003.56904888
9904,2024-10-21,2024-10-22,2024-10-29,35.15784696841239,36.25206756591797,0.031123083233415283,-0.025869077039768817,0.0569921602731841,FOREIGN_FLIP_SELL,6,7848411.0,178104.0,0.033616929171921495,299743942.7463682
9904,2024-11-06,2024-11-07,2024-11-08,36.91811658742584,37.2987174987793,0.010309326329043689,0.006197250034959412,0.004112076294084277,FOREIGN_FLIP_SELL,2,7688033.0,853000.0,0.04553115899450089,326621116.71982604
9904,2025-05-15,2025-05-16,2025-05-16,31.49457765524064,31.399429321289062,-0.0030211020764631114,0.0,-0.0030211020764631114,FOREIGN_FLIP_SELL,1,2328864.0,121435.0,0.02960706744336794,237545783.01866493
9904,2025-12-03,2025-12-04,2025-12-04,31.600000381469727,31.39999961853028,-0.006329137991299749,0.0,-0.006329137991299749,FOREIGN_FLIP_SELL,1,7490000.0,801184.0,0.050782218307449334,332520781.990299
9907,2024-01-02,2024-01-03,2024-01-03,15.029830950392853,14.936766624450684,-0.0061919742310698744,0.0,-0.0061919742310698744,FOREIGN_FLIP_SELL,1,608000.0,5000.0,0.0010847373525411097,15127243.77584076
9907,2024-07-05,2024-07-08,2024-07-08,14.517979638497517,14.424915313720703,-0.006410280706692362,0.0,-0.006410280706692362,FOREIGN_FLIP_SELL,1,3041000.0,2000.0,0.019003963763139398,23908852.942252584
9907,2025-08-18,2025-08-19,2025-08-19,18.299999237060547,18.39999961853028,0.005464501947476386,0.0,0.005464501947476386,FOREIGN_FLIP_SELL,1,2464419.0,215000.0,0.006839945423213756,66962735.89172519
9907,2025-11-06,2025-11-07,2025-11-11,19.799999237060547,18.89999961853028,-0.0454545279398646,0.00482937621428392,-0.05028390415414852,FOREIGN_FLIP_SELL,3,4800300.0,669300.0,0.08425510867951669,76827584.39644317
9907,2025-12-15,2025-12-16,2025-12-16,18.299999237060547,18.25,-0.0027321988603852265,0.0,-0.0027321988603852265,FOREIGN_FLIP_SELL,1,1545337.0,739000.0,0.004343111560148882,47457011.225
9907,2026-01-09,2026-01-12,2026-01-12,18.549999237060547,18.600000381469727,0.002695479593836536,0.0,0.002695479593836536,FOREIGN_FLIP_SELL,1,3618072.0,762000.0,0.023947168889567827,104887890.83115883
9907,2026-01-26,2026-01-27,2026-01-27,18.700000762939453,18.450000762939453,-0.01336898341177939,0.0,-0.01336898341177939,FOREIGN_FLIP_SELL,1,1190000.0,78638.0,0.014237329515359942,64223386.405243486
9907,2026-04-01,2026-04-02,2026-04-08,18.75,18.549999237060547,-0.010666707356770888,0.06720251573956215,-0.07786922309633304,FOREIGN_FLIP_SELL,3,4767268.0,37000.0,0.020380230198588256,59142792.067785
9910,2024-08-14,2024-08-15,2024-08-15,136.51851206063375,134.6024627685547,-0.014035087719298178,0.0,-0.014035087719298178,FOREIGN_FLIP_SELL,1,801505.0,209.0,0.02322207391696751,185941753.64456177
9910,2024-08-27,2024-08-28,2024-08-29,138.91357942652783,138.91357421875,-3.748933585789871e-08,-0.007546069078691819,0.0075460315893559615,FOREIGN_FLIP_SELL,2,685042.0,2000.0,0.04035870790799967,112068713.53430176
9910,2024-09-30,2024-10-01,2024-10-01,150.4098813916816,146.09877014160156,-0.0286624203821656,0.0,-0.0286624203821656,FOREIGN_FLIP_SELL,1,636244.0,301468.0,0.07549117177375453,159825983.18099368
9910,2024-12-18,2024-12-19,2024-12-19,133.64443812251517,134.6024627685547,0.007168458781361853,0.0,0.007168458781361853,FOREIGN_FLIP_SELL,1,789895.0,1947.0,0.047427201456125,119330148.75868225
9910,2025-02-21,2025-02-24,2025-02-25,127.4172789397063,130.29135131835938,0.022556378558461265,-0.011864466763289783,0.03442084532175105,FOREIGN_FLIP_SELL,2,969984.0,7000.0,0.057616401750532065,131350274.4979248
9910,2025-03-03,2025-03-04,2025-03-04,128.854312813195,131.24937438964844,0.018587360594795488,0.0,0.018587360594795488,FOREIGN_FLIP_SELL,1,266034.0,4548.0,0.06816857967869994,158961598.90361938
9910,2025-05-06,2025-05-07,2025-05-08,109.6938247680664,111.60987854003906,0.017467289302965927,-0.00015038304424519477,0.017617672347211122,FOREIGN_FLIP_SELL,2,600324.0,1785.0,0.0864903452589838,147567085.68118742
9910,2025-09-18,2025-09-19,2025-09-23,115.5,111.0,-0.038961038961038974,0.026154912235489602,-0.06511595119652858,FOREIGN_FLIP_SELL,3,521064.0,145000.0,0.0004330879168470414,75228083.7
9910,2025-10-01,2025-10-02,2025-10-17,131.5,128.0,-0.026615969581749055,0.035027857793162864,-0.06164382737491192,FOREIGN_FLIP_SELL,10,3025410.0,21701.0,0.1460820490557848,136346357.4
9911,2024-04-18,2024-04-19,2024-04-19,81.62214571851455,80.39118957519531,-0.015081153925606938,0.0,-0.015081153925606938,FOREIGN_FLIP_SELL,1,856000.0,4000.0,0.061181708632129794,48615189.261428446
9911,2024-06-28,2024-07-01,2024-07-01,86.16723325530883,86.8300552368164,0.007692274156507528,0.0,0.007692274156507528,FOREIGN_FLIP_SELL,1,322246.0,2000.0,0.038101781239618715,48164064.26813965
9911,2024-07-05,2024-07-08,2024-07-08,84.74689793812183,84.08407592773438,-0.007821194952426724,0.0,-0.007821194952426724,FOREIGN_FLIP_SELL,1,147000.0,2000.0,0.013966188568876214,34653915.88070411
9911,2024-08-12,2024-08-13,2024-08-13,89.95480406021893,87.87164306640625,-0.02315786261307562,0.0,-0.02315786261307562,FOREIGN_FLIP_SELL,1,154562.0,20000.0,0.042013086777872743,57899188.15847969
9911,2025-02-12,2025-02-13,2025-02-18,81.81152681714524,82.00090789794922,0.002314845941296939,0.011397689812226552,-0.009082843870929613,FOREIGN_FLIP_SELL,4,302677.0,2000.0,0.028919679384518115,21070522.910695266
9911,2025-02-21,2025-02-24,2025-02-24,83.13718196683563,82.85311126708984,-0.0034168911313243733,0.0,-0.0034168911313243733,FOREIGN_FLIP_SELL,1,319663.0,1000.0,0.033975144738839,24003253.367839053
9911,2025-03-06,2025-03-07,2025-03-07,82.37965936468173,82.09558868408203,-0.0034483109397449585,0.0,-0.0034483109397449585,FOREIGN_FLIP_SELL,1,119876.0,1000.0,0.005599464864943116,28459366.214030456
9911,2025-03-24,2025-03-25,2025-04-07,87.39819454997526,80.10711669921875,-0.08342366668212342,-0.13652467017126546,0.05310100348914204,FOREIGN_FLIP_SELL,8,525555.0,1000.0,0.04198451239029488,40308822.69446945
9911,2025-04-28,2025-04-29,2025-04-30,84.5,88.0999984741211,0.042603532238119524,0.00011854303657643506,0.04248498920154309,FOREIGN_FLIP_SELL,2,252000.0,1000.0,0.00860725544329255,63264127.550000004
9911,2025-05-06,2025-05-07,2025-05-15,89.19999694824219,87.0,-0.02466364376131902,0.0576137214736816,-0.08227736523500062,FOREIGN_FLIP_SELL,7,525715.0,4000.0,0.054452971901916,63647004.86243668
9911,2025-10-27,2025-10-28,2025-10-30,86.30000305175781,85.19999694824219,-0.012746304340868986,0.012108433128739104,-0.02485473746960809,FOREIGN_FLIP_SELL,3,40072.0,4000.0,0.007615695555068802,19163625.1
9911,2026-02-06,2026-02-09,2026-02-26,84.80000305175781,86.4000015258789,0.018867905855434186,0.09288395359819512,-0.07401604774276094,FOREIGN_FLIP_SELL,7,548719.0,1000.0,0.004690911080265536,18789245.121109772
9914,2024-03-08,2024-03-11,2024-03-12,203.48550387041288,202.07241821289065,-0.006944404543048566,0.009554392072756546,-0.01649879661580511,FOREIGN_FLIP_SELL,2,2350787.0,20000.0,0.10049674223074101,401623531.34301156
9914,2024-03-20,2024-03-21,2024-03-22,210.0799413532972,204.89859008789065,-0.024663712451694297,0.0014525329595025394,-0.026116245411196837,FOREIGN_FLIP_SELL,2,412000.0,51000.0,0.045657140573638566,425114657.75146866
9914,2024-04-19,2024-04-22,2024-04-24,212.90614359719413,223.2688140869141,0.04867248222449372,0.037118713051055297,0.011553769173438422,FOREIGN_FLIP_SELL,3,329973.0,210000.0,0.03606710430551252,297936845.5391747
9914,2024-04-29,2024-04-30,2024-04-30,219.0295330615754,221.3846893310547,0.010752688172043001,0.0,0.010752688172043001,FOREIGN_FLIP_SELL,1,1053418.0,7000.0,0.07027149050834525,341184156.78920287
9914,2024-07-22,2024-07-23,2024-08-08,217.1454077933911,238.07264709472656,0.0963743120980356,-0.08751986058183248,0.18389417267986807,FOREIGN_FLIP_SELL,11,602700.0,281000.0,0.033516436481749956,229851126.5713943
9914,2025-04-28,2025-04-29,2025-04-29,130.86752734464758,131.35043334960938,0.0036900369003689537,0.0,0.0036900369003689537,FOREIGN_FLIP_SELL,1,1277220.0,2000.0,0.0074349526547241584,196316229.86118773
9917,2024-05-07,2024-05-08,2024-05-09,120.90449538320864,119.98506927490234,-0.007604565118874751,-0.006750569718193655,-0.0008539954006810957,FOREIGN_FLIP_SELL,2,299985.0,1937.0,0.032384714643143075,49738126.50770873
9917,2024-08-16,2024-08-19,2024-08-21,138.63714101363203,139.1151885986328,0.0034481927534395496,-0.007663679756828912,0.011111872510268461,FOREIGN_FLIP_SELL,3,769628.0,37127.0,0.077065908452848,72069167.63361968
9917,2024-11-11,2024-11-12,2024-11-12,133.37848512969748,130.98818969726562,-0.017921146953405076,0.0,-0.017921146953405076,FOREIGN_FLIP_SELL,1,60097.0,83000.0,0.0287991551162039,52934110.355342865
9917,2025-05-06,2025-05-07,2025-05-08,115.21223692315394,114.7341766357422,-0.004149388122119402,-0.00015038304424519477,-0.003999005077874207,FOREIGN_FLIP_SELL,2,464230.0,5000.0,0.04872184349637365,55275243.33603059
9921,2024-02-05,2024-02-15,2024-02-21,172.5592865815034,188.3772125244141,0.09166661647873453,0.0017023848682486964,0.08996423161048583,FOREIGN_FLIP_SELL,5,421827.0,2000.0,0.024619377574890633,222711713.64414215
9921,2024-03-08,2024-03-11,2024-03-18,206.5918145892264,205.15382385253903,-0.006960540714290087,0.007795240141021287,-0.014755780855311373,FOREIGN_FLIP_SELL,6,3983791.0,7000.0,0.090449080800872,580173872.5926223
9921,2024-07-12,2024-07-15,2024-07-26,207.5504769420172,219.054428100586,0.05542724511195707,-0.07371003592930347,0.12913728104126054,FOREIGN_FLIP_SELL,8,1668100.0,36000.0,0.023761660948342644,271143526.8424072
9921,2024-07-31,2024-08-01,2024-08-02,227.6824001454713,218.09576416015625,-0.04210530097710641,-0.04434260881041652,0.0022373078333101093,FOREIGN_FLIP_SELL,2,3060248.0,98000.0,0.09456185032746323,420967494.2703551
9921,2025-05-13,2025-05-14,2025-05-14,131.20569899198267,130.71612548828125,-0.003731343283582045,0.0,-0.003731343283582045,FOREIGN_FLIP_SELL,1,488048.0,50000.0,0.030888069579684707,151727997.57860717
9924,2024-08-26,2024-08-27,2024-08-27,51.55207193453066,51.64580154418945,0.0018181540749289127,0.0,0.0018181540749289127,FOREIGN_FLIP_SELL,1,294000.0,1240.0,0.016447956550574627,16717194.622948073
9924,2024-09-12,2024-09-13,2024-09-18,50.89595547087998,52.395652770996094,0.029465942553611457,-0.003713779652903648,0.033179722206515105,FOREIGN_FLIP_SELL,3,117000.0,3474.0,0.003868107272790633,10138045.38645401
9924,2024-10-04,2024-10-07,2024-10-08,54.176539872267256,55.3950424194336,0.022491332042231305,-0.004015843133057917,0.02650717517528922,FOREIGN_FLIP_SELL,2,108735.0,1000.0,0.030482858714850902,12580027.616729736
9927,2024-08-02,2024-08-05,2024-08-05,65.53049657320764,60.18971633911133,-0.0815006830923346,0.0,-0.0815006830923346,FOREIGN_FLIP_SELL,1,181000.0,2000.0,0.006960304040911636,19641991.880094912
9927,2025-01-10,2025-01-13,2025-01-13,58.9730607818309,59.42739868164063,0.0077041600653990905,0.0,0.0077041600653990905,FOREIGN_FLIP_SELL,1,121814.0,1000.0,0.017898862512329305,9977328.363429261
9930,2024-07-26,2024-07-29,2024-08-02,64.9914900108808,64.61309051513672,-0.005822292975291465,-0.02374971790727687,0.017927424931985403,FOREIGN_FLIP_SELL,5,339649.0,5000.0,0.05138645880787962,15518404.224664306
9930,2025-03-03,2025-03-04,2025-03-13,66.97813954712639,66.97814178466797,3.3407042909772144e-08,-0.02811012616422537,0.02811015957126828,FOREIGN_FLIP_SELL,8,81000.0,1000.0,0.03728421596947684,7417454.346551513
9933,2024-03-21,2024-03-22,2024-03-28,40.188765622406855,41.32453536987305,0.02826087663744903,-0.004047714405661318,0.032308591043110346,FOREIGN_FLIP_SELL,5,2749657.0,1000.0,0.0368611454353005,124882536.53676794
9933,2024-07-05,2024-07-08,2024-07-08,48.13915278255064,47.61495208740234,-0.010889279616452141,0.0,-0.010889279616452141,FOREIGN_FLIP_SELL,1,2771564.0,1110000.0,0.055939660962347704,284442735.8331064
9933,2024-07-22,2024-07-23,2024-08-05,48.08267974853516,42.5836181640625,-0.11436678681870249,-0.13295646546799245,0.018589678649289954,FOREIGN_FLIP_SELL,8,3672196.0,392000.0,0.024940517981077992,248691143.9271454
9933,2025-11-26,2025-11-27,2025-11-28,33.54999923706055,33.400001525878906,-0.004470870777724123,0.00261122848805706,-0.007082099265781183,FOREIGN_FLIP_SELL,2,9358258.0,2000.0,0.06898197865777433,129419210.96445903
9933,2025-12-03,2025-12-04,2025-12-04,35.70000076293945,34.20000076293945,-0.04201680582475409,0.0,-0.04201680582475409,FOREIGN_FLIP_SELL,1,4961416.0,49000.0,0.09302325904616504,166109553.1875
9933,2026-03-03,2026-03-04,2026-03-04,30.89999961853028,30.200000762939453,-0.02265368492661879,0.0,-0.02265368492661879,FOREIGN_FLIP_SELL,1,2973793.0,54000.0,0.0019944004139655913,110681273.0453645
9933,2026-03-13,2026-03-16,2026-03-27,34.20000076293945,36.150001525878906,0.05701756489586263,-0.006895757492399901,0.06391332238826253,FOREIGN_FLIP_SELL,10,18991991.0,19000.0,0.0817288026412224,177875010.90930977
9934,2024-01-02,2024-01-03,2024-01-03,15.472680755577938,14.975020408630373,-0.032163808897056057,0.0,-0.032163808897056057,FOREIGN_FLIP_SELL,1,2141000.0,4064264.0,0.11694030459406735,28998929.498995975
9934,2024-02-19,2024-02-20,2024-02-26,14.52260178733536,14.522602081298828,2.0241790910091595e-08,0.010392415111702968,-0.010392394869912058,FOREIGN_FLIP_SELL,5,1537000.0,37238.0,0.04780612923749805,19511796.32180233
9934,2024-06-04,2024-06-05,2024-06-05,18.09670092743737,17.78000831604004,-0.017500019073486417,0.0,-0.017500019073486417,FOREIGN_FLIP_SELL,1,3291000.0,183555.0,0.040843227782738856,46118088.0417366
9934,2024-06-18,2024-06-19,2024-06-21,18.27766924532329,18.09670066833496,-0.009901075162230044,0.0018893767076508805,-0.011790451869880925,FOREIGN_FLIP_SELL,3,923000.0,275649.0,0.03852166062529805,38108984.72703781
9938,2024-04-23,2024-04-24,2024-04-30,62.161011476741976,62.653568267822266,0.007923886361864918,0.013156307995060956,-0.005232421633196038,FOREIGN_FLIP_SELL,5,2004543.0,500000.0,0.05740436884214328,118241851.45480347
9938,2024-05-10,2024-05-13,2024-05-14,64.62381114847017,66.39702606201172,0.02743903341552656,0.006143467624945442,0.021295565790581117,FOREIGN_FLIP_SELL,2,1307093.0,59817.0,0.03883650619260237,190488503.80686834
9938,2024-07-23,2024-07-26,2024-08-05,65.01785886949271,58.900001525878906,-0.09409502942712855,-0.1034544172751416,0.009359387848013045,FOREIGN_FLIP_SELL,7,2021534.0,16000.0,0.058359582738105154,193719824.78862762
9938,2024-08-28,2024-08-29,2024-08-29,60.79999923706055,61.0,0.0032894862738344077,0.0,0.0032894862738344077,FOREIGN_FLIP_SELL,1,760000.0,8690.0,0.0031296571835373044,115802905.85149765
9938,2024-09-20,2024-09-23,2024-09-23,72.80000305175781,73.5,0.00961534229256178,0.0,0.00961534229256178,FOREIGN_FLIP_SELL,1,5348912.0,1020898.0,0.15811484141466892,181432368.0
9938,2024-10-09,2024-10-11,2024-10-11,77.0,73.4000015258789,-0.046753226936637526,0.0,-0.046753226936637526,FOREIGN_FLIP_SELL,1,2131109.0,52899.0,0.10258801378097604,438278070.43647915
9938,2024-10-30,2024-11-01,2024-11-20,80.0,77.5999984741211,-0.030000019073486373,-0.004026355605882048,-0.025973663467604324,FOREIGN_FLIP_SELL,14,1754000.0,20293.0,0.03869395672021714,476424641.4742149
9938,2024-12-02,2024-12-03,2024-12-03,79.4000015258789,83.9000015258789,0.05667506188313243,0.0,0.05667506188313243,FOREIGN_FLIP_SELL,1,878753.0,290000.0,0.014604113541615282,137480078.98257676
9938,2025-08-21,2025-08-22,2025-08-29,52.0,53.70000076293945,0.03269232236422015,0.019719728333287723,0.012972594030932427,FOREIGN_FLIP_SELL,6,494433.0,10000.0,0.0055333163167701205,91273653.01637135
9938,2025-10-22,2025-10-23,2025-10-23,61.0,59.70000076293945,-0.02131146290263186,0.0,-0.02131146290263186,FOREIGN_FLIP_SELL,1,997706.0,100000.0,0.06619595973799508,126026333.64379005
9939,2024-02-05,2024-02-15,2024-02-15,128.43644106138004,133.08993530273438,0.03623188405797095,0.0,0.03623188405797095,FOREIGN_FLIP_SELL,1,967000.0,3000.0,0.0470207325201657,135279402.79396057
9939,2024-05-03,2024-05-06,2024-05-06,158.68414037903742,155.8920440673828,-0.017595307917888436,0.0,-0.017595307917888436,FOREIGN_FLIP_SELL,1,470000.0,3000.0,0.07606084286083026,191270089.28735963
9939,2024-06-28,2024-07-01,2024-07-01,161.01087744984915,161.47622680664062,0.0028901734104047616,0.0,0.0028901734104047616,FOREIGN_FLIP_SELL,1,498582.0,203000.0,0.04065534641596491,145098203.35369566
9939,2024-07-23,2024-07-26,2024-07-26,162.34730988021238,155.14254760742188,-0.04437869822485219,0.0,-0.04437869822485219,FOREIGN_FLIP_SELL,1,1628101.0,38000.0,0.02096155314137338,219311756.51092073
9939,2024-09-27,2024-09-30,2024-09-30,159.79245659692526,155.965087890625,-0.023952123822432725,0.0,-0.023952123822432725,FOREIGN_FLIP_SELL,1,182285.0,2000.0,0.03533784508076243,104919545.01314849
9939,2024-11-18,2024-11-19,2024-11-19,149.85906710290607,150.8197021484375,0.0064102564102563875,0.0,0.0064102564102563875,FOREIGN_FLIP_SELL,1,243919.0,18000.0,0.009545338947885673,114425615.42280121
9939,2025-01-15,2025-01-16,2025-01-16,145.5362050673541,146.97715759277344,0.00990099009900991,0.0,0.00990099009900991,FOREIGN_FLIP_SELL,1,712967.0,134000.0,0.012442478200318297,96344489.5421875
9939,2026-01-26,2026-01-27,2026-01-30,123.5,120.0,-0.028340080971659964,-0.007864674536276706,-0.02047540643538326,FOREIGN_FLIP_SELL,4,499895.0,46000.0,0.028763384421583105,111720330.75
9940,2024-07-18,2024-07-19,2024-07-19,30.83178725693254,30.41071510314941,-0.013657078983912996,0.0,-0.013657078983912996,FOREIGN_FLIP_SELL,1,464370.0,13602.0,0.022491743324594582,19145189.4978447
9940,2024-07-29,2024-07-30,2024-08-08,31.06571578979492,30.22357177734375,-0.02710846961162927,-0.060902487048344334,0.03379401743671506,FOREIGN_FLIP_SELL,8,493000.0,2000.0,0.00948302709965465,19834699.717238422
9940,2024-08-14,2024-08-15,2024-08-23,31.67392719854303,30.59785842895508,-0.03397332963616351,0.012006340225401146,-0.045979669861564654,FOREIGN_FLIP_SELL,7,486444.0,1000.0,0.015282137932691287,31335707.184022903
9940,2025-02-27,2025-03-03,2025-03-04,27.6503574221878,28.165000915527344,0.01861254397118839,-0.007003312963471564,0.025615856934659953,FOREIGN_FLIP_SELL,2,80111.0,14262.0,0.03306151683138081,5109054.579750729
9941,2024-06-12,2024-06-13,2024-06-19,151.59600402443272,156.8730926513672,0.034810209285489835,0.040224920612855763,-0.005414711327365929,FOREIGN_FLIP_SELL,5,2178588.0,151000.0,0.06281837536663648,285779793.40300214
9941,2024-07-29,2024-07-30,2024-07-30,145.83920706954655,146.79867553710938,0.00657894736842124,0.0,0.00657894736842124,FOREIGN_FLIP_SELL,1,456000.0,61000.0,0.009831684966725929,230016412.86654052
9941,2024-09-19,2024-09-20,2024-10-01,142.0,150.0,0.05633802816901401,0.010423138509009222,0.04591488966000479,FOREIGN_FLIP_SELL,8,725392.0,113000.0,0.01552734641375575,130521042.15
9941,2025-02-21,2025-02-24,2025-02-24,120.0,120.5,0.004166666666666652,0.0,0.004166666666666652,FOREIGN_FLIP_SELL,1,167000.0,39000.0,0.036247334754797356,96331268.925
9941,2025-03-04,2025-03-05,2025-03-07,119.5,118.5,-0.008368200836820106,-0.012934215044337005,0.0045660142075169,FOREIGN_FLIP_SELL,3,282487.0,25000.0,0.015526647083508038,86313643.9
9941,2025-05-20,2025-05-21,2025-05-22,114.0,114.0,0.0,-0.0060974943391927106,0.0060974943391927106,FOREIGN_FLIP_SELL,2,478400.0,1000.0,0.0492700729927007,40671371.5
9941,2025-10-01,2025-10-02,2025-10-02,102.0,98.0999984741211,-0.03823530907724415,0.0,-0.03823530907724415,FOREIGN_FLIP_SELL,1,475390.0,10000.0,0.033995763935111833,83021407.375
9942,2024-10-16,2024-10-17,2024-10-17,112.35042669005313,110.94017028808594,-0.012552301255230103,0.0,-0.012552301255230103,FOREIGN_FLIP_SELL,1,207493.0,1000.0,0.04739230603036937,14591803.857742311
9942,2024-11-28,2024-11-29,2024-12-13,108.1196590935513,107.64957427978516,-0.004347819977488121,0.03404741016282986,-0.03839523014031798,FOREIGN_FLIP_SELL,11,51000.0,1000.0,0.0002164969251479132,5005536.577138901
9942,2025-05-13,2025-05-14,2025-05-16,109.99999935344114,110.94017028808594,0.008547008547008517,0.0027921166907516337,0.005754891856256883,FOREIGN_FLIP_SELL,3,33902.0,13000.0,0.01983002151575297,5603130.5
9943,2024-06-04,2024-06-05,2024-06-06,80.09553733663337,80.18404388427734,0.0011050122214923963,0.01944708756402913,-0.018342075342536734,FOREIGN_FLIP_SELL,2,49000.0,1000.0,5.525018713625762e-05,15811535.471213533
9943,2024-10-04,2024-10-07,2024-11-05,78.61442807826903,75.89064025878906,-0.0346474290542208,0.017805415155280446,-0.05245284420950125,20D_TIMEOUT,20,34000.0,1000.0,0.014554576345785719,4052359.839465332
9945,2024-04-29,2024-04-30,2024-04-30,36.5084121106567,35.90149688720703,-0.016623983031913703,0.0,-0.016623983031913703,FOREIGN_FLIP_SELL,1,4868405.0,128000.0,0.08308287705825124,313086221.9388871
9945,2024-07-18,2024-07-19,2024-07-29,47.85964993021885,49.21052551269531,0.0282257723248307,-0.030817330270975662,0.05904310259580636,FOREIGN_FLIP_SELL,5,17886728.0,23000.0,0.11945845418943102,863025593.5722468
9945,2025-12-04,2025-12-05,2025-12-05,30.0,29.64999961853028,-0.011666679382324019,0.0,-0.011666679382324019,FOREIGN_FLIP_SELL,1,938500.0,7000.0,0.007206284122765361,133308696.0954254
9945,2025-12-19,2025-12-22,2025-12-29,30.450000762939453,30.14999961853028,-0.009852254085139567,0.023490530796074882,-0.03334278488121445,FOREIGN_FLIP_SELL,5,5843668.0,53000.0,0.01623975959270707,125048666.43173905
9946,2024-05-13,2024-05-14,2024-05-14,37.54584939397977,36.51652526855469,-0.027415124229154597,0.0,-0.027415124229154597,FOREIGN_FLIP_SELL,1,621095.0,2000.0,0.08323830863419568,97489675.66550732
9958,2024-01-05,2024-01-08,2024-01-17,181.929411386599,202.143783569336,0.11111107340297788,-0.023381268976732983,0.13449234237971086,FOREIGN_FLIP_SELL,8,2333300.0,105000.0,0.03730923960033161,1165175210.14661
9958,2024-01-31,2024-02-01,2024-02-01,218.41389563775832,213.97659301757807,-0.02031602708803637,0.0,-0.02031602708803637,FOREIGN_FLIP_SELL,1,1082227.0,9000.0,0.08161503565787442,1616973248.621411
9958,2024-05-21,2024-05-22,2024-05-23,280.043083981059,284.4804077148437,0.01584514664923775,0.0025798091936253265,0.013265337455612425,FOREIGN_FLIP_SELL,2,4197937.0,3156000.0,0.2041084194611138,2722257433.7171936
9958,2025-03-04,2025-03-05,2025-03-07,185.0,195.5,0.05675675675675684,-0.012934215044337005,0.06969097180109385,FOREIGN_FLIP_SELL,3,1480524.0,7000.0,0.055211186391811884,511724693.4
9958,2025-05-05,2025-05-06,2025-05-08,178.0,181.0,0.016853932584269593,0.0010140312228350545,0.01583990136143454,FOREIGN_FLIP_SELL,3,352585.0,1000.0,0.05785123966942152,702133071.2
9958,2025-06-06,2025-06-09,2025-06-11,217.0,220.0,0.01382488479262678,0.03119786731259655,-0.01737298251996977,FOREIGN_FLIP_SELL,3,6026316.0,50000.0,0.18241398143091203,1354408671.8
9958,2025-06-20,2025-06-23,2025-06-23,225.0,236.5,0.05111111111111111,0.0,0.05111111111111111,FOREIGN_FLIP_SELL,1,1630547.0,1000.0,0.09900750423626237,2296637417.1499996
9958,2025-07-03,2025-07-04,2025-07-04,247.0,220.5,-0.10728744939271251,0.0,-0.10728744939271251,FOREIGN_FLIP_SELL,1,1830912.0,1000.0,0.05911596239057615,2501221121.0
9958,2025-08-19,2025-08-20,2025-08-25,191.0,192.0,0.005235602094240788,0.02759489014134564,-0.022359288047104853,FOREIGN_FLIP_SELL,4,1157494.0,35000.0,0.003265839320705455,587426054.4000001
9958,2025-12-10,2025-12-11,2025-12-16,140.0,136.5,-0.025000000000000022,-0.017416385293356762,-0.00758361470664326,FOREIGN_FLIP_SELL,4,384957.0,7000.0,0.0009000900090008201,187272990.29999998
9958,2026-01-14,2026-01-15,2026-01-19,143.5,145.5,0.013937282229965264,0.02689689652949334,-0.012959614299528077,FOREIGN_FLIP_SELL,3,1672904.0,1000.0,0.021399028951627264,152898244.4
9958,2026-03-11,2026-03-12,2026-03-12,131.5,128.5,-0.02281368821292773,0.0,-0.02281368821292773,FOREIGN_FLIP_SELL,1,1086235.0,1000.0,0.04994101454974431,203600002.27499998
