prediction_date,variant,ticker,sector,rank_20d,weight,return_to_mark_pct,contribution_pct,entry_date,mark_date,tradability_reason,rescued_from_market_caution,market_regime_state,market_regime_action
2026-04-09,top10_production,4989,電子零組件業,1.0,0.2,0.5106951255310741,0.10213902510621482,2026-04-10,2026-04-30,,False,CAUTION,LIMIT_20D_TOP10_AND_BLOCK_T1
2026-04-09,top10_production,3529,半導體業,6.0,0.2,0.3070469798657718,0.06140939597315436,2026-04-10,2026-04-30,,False,CAUTION,LIMIT_20D_TOP10_AND_BLOCK_T1
2026-04-09,top10_production,4927,電子零組件業,7.0,0.2,0.12987012772547524,0.02597402554509505,2026-04-10,2026-04-30,,False,CAUTION,LIMIT_20D_TOP10_AND_BLOCK_T1
2026-04-09,top10_production,6510,半導體業,9.0,0.2,-0.010071942446043147,-0.0020143884892086295,2026-04-10,2026-04-30,,False,CAUTION,LIMIT_20D_TOP10_AND_BLOCK_T1
2026-04-09,top10_production,3533,電子零組件業,10.0,0.2,0.08958333333333335,0.01791666666666667,2026-04-10,2026-04-30,,False,CAUTION,LIMIT_20D_TOP10_AND_BLOCK_T1
2026-04-09,top15,4989,電子零組件業,1.0,0.1,0.5106951255310741,0.05106951255310741,2026-04-10,2026-04-30,,False,CAUTION,LIMIT_20D_TOP10_AND_BLOCK_T1
2026-04-09,top15,3529,半導體業,6.0,0.1,0.3070469798657718,0.03070469798657718,2026-04-10,2026-04-30,,False,CAUTION,LIMIT_20D_TOP10_AND_BLOCK_T1
2026-04-09,top15,4927,電子零組件業,7.0,0.1,0.12987012772547524,0.012987012772547525,2026-04-10,2026-04-30,,False,CAUTION,LIMIT_20D_TOP10_AND_BLOCK_T1
2026-04-09,top15,6510,半導體業,9.0,0.1,-0.010071942446043147,-0.0010071942446043148,2026-04-10,2026-04-30,,False,CAUTION,LIMIT_20D_TOP10_AND_BLOCK_T1
2026-04-09,top15,3533,電子零組件業,10.0,0.1,0.08958333333333335,0.008958333333333336,2026-04-10,2026-04-30,,False,CAUTION,LIMIT_20D_TOP10_AND_BLOCK_T1
2026-04-09,top15,3665,其他電子業,11.0,0.1,0.25909090909090904,0.025909090909090906,2026-04-10,2026-04-30,MARKET_REGIME_CAUTION,True,CAUTION,LIMIT_20D_TOP10_AND_BLOCK_T1
2026-04-09,top15,8021,其他電子業,12.0,0.1,0.3068181818181819,0.03068181818181819,2026-04-10,2026-04-30,MARKET_REGIME_CAUTION,True,CAUTION,LIMIT_20D_TOP10_AND_BLOCK_T1
2026-04-09,top15,5351,半導體業,13.0,0.1,-0.06308720735895557,-0.006308720735895557,2026-04-10,2026-04-30,MARKET_REGIME_CAUTION,True,CAUTION,LIMIT_20D_TOP10_AND_BLOCK_T1
2026-04-09,top15,6568,半導體業,14.0,0.1,0.07623318385650224,0.007623318385650224,2026-04-10,2026-04-30,MARKET_REGIME_CAUTION,True,CAUTION,LIMIT_20D_TOP10_AND_BLOCK_T1
2026-04-09,top15,8299,半導體業,15.0,0.1,0.14457831325301207,0.014457831325301207,2026-04-10,2026-04-30,MARKET_REGIME_CAUTION,True,CAUTION,LIMIT_20D_TOP10_AND_BLOCK_T1
2026-04-09,top20,4989,電子零組件業,1.0,0.08333333333333333,0.5106951255310741,0.042557927127589504,2026-04-10,2026-04-30,,False,CAUTION,LIMIT_20D_TOP10_AND_BLOCK_T1
2026-04-09,top20,3529,半導體業,6.0,0.08333333333333333,0.3070469798657718,0.02558724832214765,2026-04-10,2026-04-30,,False,CAUTION,LIMIT_20D_TOP10_AND_BLOCK_T1
2026-04-09,top20,4927,電子零組件業,7.0,0.08333333333333333,0.12987012772547524,0.010822510643789602,2026-04-10,2026-04-30,,False,CAUTION,LIMIT_20D_TOP10_AND_BLOCK_T1
2026-04-09,top20,6510,半導體業,9.0,0.08333333333333333,-0.010071942446043147,-0.0008393285371702622,2026-04-10,2026-04-30,,False,CAUTION,LIMIT_20D_TOP10_AND_BLOCK_T1
2026-04-09,top20,3533,電子零組件業,10.0,0.08333333333333333,0.08958333333333335,0.007465277777777779,2026-04-10,2026-04-30,,False,CAUTION,LIMIT_20D_TOP10_AND_BLOCK_T1
2026-04-09,top20,3665,其他電子業,11.0,0.08333333333333333,0.25909090909090904,0.021590909090909084,2026-04-10,2026-04-30,MARKET_REGIME_CAUTION,True,CAUTION,LIMIT_20D_TOP10_AND_BLOCK_T1
2026-04-09,top20,8021,其他電子業,12.0,0.08333333333333333,0.3068181818181819,0.025568181818181823,2026-04-10,2026-04-30,MARKET_REGIME_CAUTION,True,CAUTION,LIMIT_20D_TOP10_AND_BLOCK_T1
2026-04-09,top20,5351,半導體業,13.0,0.08333333333333333,-0.06308720735895557,-0.005257267279912964,2026-04-10,2026-04-30,MARKET_REGIME_CAUTION,True,CAUTION,LIMIT_20D_TOP10_AND_BLOCK_T1
2026-04-09,top20,6568,半導體業,14.0,0.08333333333333333,0.07623318385650224,0.006352765321375187,2026-04-10,2026-04-30,MARKET_REGIME_CAUTION,True,CAUTION,LIMIT_20D_TOP10_AND_BLOCK_T1
2026-04-09,top20,8299,半導體業,15.0,0.08333333333333333,0.14457831325301207,0.012048192771084338,2026-04-10,2026-04-30,MARKET_REGIME_CAUTION,True,CAUTION,LIMIT_20D_TOP10_AND_BLOCK_T1
2026-04-09,top20,2485,通信網路業,16.0,0.08333333333333333,-0.1958904005076787,-0.016324200042306558,2026-04-10,2026-04-30,MARKET_REGIME_CAUTION,True,CAUTION,LIMIT_20D_TOP10_AND_BLOCK_T1
2026-04-09,top20,3443,半導體業,20.0,0.08333333333333333,0.5807050092764379,0.04839208410636982,2026-04-10,2026-04-30,MARKET_REGIME_CAUTION,True,CAUTION,LIMIT_20D_TOP10_AND_BLOCK_T1
2026-04-09,top30_no_prune,4989,電子零組件業,1.0,0.058823529411764705,0.5106951255310741,0.030040889737122007,2026-04-10,2026-04-30,,False,CAUTION,LIMIT_20D_TOP10_AND_BLOCK_T1
2026-04-09,top30_no_prune,3529,半導體業,6.0,0.058823529411764705,0.3070469798657718,0.018061587050927752,2026-04-10,2026-04-30,,False,CAUTION,LIMIT_20D_TOP10_AND_BLOCK_T1
2026-04-09,top30_no_prune,4927,電子零組件業,7.0,0.058823529411764705,0.12987012772547524,0.007639419277969132,2026-04-10,2026-04-30,,False,CAUTION,LIMIT_20D_TOP10_AND_BLOCK_T1
2026-04-09,top30_no_prune,6510,半導體業,9.0,0.058823529411764705,-0.010071942446043147,-0.0005924672027084204,2026-04-10,2026-04-30,,False,CAUTION,LIMIT_20D_TOP10_AND_BLOCK_T1
2026-04-09,top30_no_prune,3533,電子零組件業,10.0,0.058823529411764705,0.08958333333333335,0.005269607843137256,2026-04-10,2026-04-30,,False,CAUTION,LIMIT_20D_TOP10_AND_BLOCK_T1
2026-04-09,top30_no_prune,3665,其他電子業,11.0,0.058823529411764705,0.25909090909090904,0.015240641711229944,2026-04-10,2026-04-30,MARKET_REGIME_CAUTION,True,CAUTION,LIMIT_20D_TOP10_AND_BLOCK_T1
2026-04-09,top30_no_prune,8021,其他電子業,12.0,0.058823529411764705,0.3068181818181819,0.018048128342245992,2026-04-10,2026-04-30,MARKET_REGIME_CAUTION,True,CAUTION,LIMIT_20D_TOP10_AND_BLOCK_T1
2026-04-09,top30_no_prune,5351,半導體業,13.0,0.058823529411764705,-0.06308720735895557,-0.0037110121975856216,2026-04-10,2026-04-30,MARKET_REGIME_CAUTION,True,CAUTION,LIMIT_20D_TOP10_AND_BLOCK_T1
2026-04-09,top30_no_prune,6568,半導體業,14.0,0.058823529411764705,0.07623318385650224,0.004484304932735426,2026-04-10,2026-04-30,MARKET_REGIME_CAUTION,True,CAUTION,LIMIT_20D_TOP10_AND_BLOCK_T1
2026-04-09,top30_no_prune,8299,半導體業,15.0,0.058823529411764705,0.14457831325301207,0.008504606661941886,2026-04-10,2026-04-30,MARKET_REGIME_CAUTION,True,CAUTION,LIMIT_20D_TOP10_AND_BLOCK_T1
2026-04-09,top30_no_prune,2485,通信網路業,16.0,0.058823529411764705,-0.1958904005076787,-0.011522964735745805,2026-04-10,2026-04-30,MARKET_REGIME_CAUTION,True,CAUTION,LIMIT_20D_TOP10_AND_BLOCK_T1
2026-04-09,top30_no_prune,3443,半導體業,20.0,0.058823529411764705,0.5807050092764379,0.03415911819273164,2026-04-10,2026-04-30,MARKET_REGIME_CAUTION,True,CAUTION,LIMIT_20D_TOP10_AND_BLOCK_T1
2026-04-09,top30_no_prune,3017,電腦及週邊設備業,22.0,0.058823529411764705,0.22993492407809102,0.013525583769299472,2026-04-10,2026-04-30,MARKET_REGIME_CAUTION,True,CAUTION,LIMIT_20D_TOP10_AND_BLOCK_T1
2026-04-09,top30_no_prune,3049,光電業,23.0,0.058823529411764705,-0.07924529741395192,-0.0046614880831736425,2026-04-10,2026-04-30,MARKET_REGIME_CAUTION,True,CAUTION,LIMIT_20D_TOP10_AND_BLOCK_T1
2026-04-09,top30_no_prune,3324,其他電子業,25.0,0.058823529411764705,0.1399999999999999,0.008235294117647052,2026-04-10,2026-04-30,MARKET_REGIME_CAUTION,True,CAUTION,LIMIT_20D_TOP10_AND_BLOCK_T1
2026-04-09,top30_no_prune,2345,通信網路業,26.0,0.058823529411764705,0.30285714285714294,0.017815126050420172,2026-04-10,2026-04-30,MARKET_REGIME_CAUTION,True,CAUTION,LIMIT_20D_TOP10_AND_BLOCK_T1
2026-04-09,top30_no_prune,3535,光電業,27.0,0.058823529411764705,0.11739130434782608,0.006905370843989769,2026-04-10,2026-04-30,MARKET_REGIME_CAUTION,True,CAUTION,LIMIT_20D_TOP10_AND_BLOCK_T1
2026-04-10,top10_production,8021,其他電子業,3.0,0.25,0.16329479768786137,0.04082369942196534,2026-04-13,2026-04-30,,False,CAUTION,LIMIT_20D_TOP10_AND_BLOCK_T1
2026-04-10,top10_production,2883,金融保險業,5.0,0.25,0.0165484816918422,0.00413712042296055,2026-04-13,2026-04-30,,False,CAUTION,LIMIT_20D_TOP10_AND_BLOCK_T1
2026-04-10,top10_production,2885,金融保險業,6.0,0.25,0.09433962113259087,0.023584905283147717,2026-04-13,2026-04-30,,False,CAUTION,LIMIT_20D_TOP10_AND_BLOCK_T1
2026-04-10,top10_production,2890,金融保險業,7.0,0.25,-0.04475310785961817,-0.011188276964904542,2026-04-13,2026-04-30,,False,CAUTION,LIMIT_20D_TOP10_AND_BLOCK_T1
2026-04-10,top15,8021,其他電子業,3.0,0.25,0.16329479768786137,0.04082369942196534,2026-04-13,2026-04-30,,False,CAUTION,LIMIT_20D_TOP10_AND_BLOCK_T1
2026-04-10,top15,2883,金融保險業,5.0,0.25,0.0165484816918422,0.00413712042296055,2026-04-13,2026-04-30,,False,CAUTION,LIMIT_20D_TOP10_AND_BLOCK_T1
2026-04-10,top15,2885,金融保險業,6.0,0.25,0.09433962113259087,0.023584905283147717,2026-04-13,2026-04-30,,False,CAUTION,LIMIT_20D_TOP10_AND_BLOCK_T1
2026-04-10,top15,2890,金融保險業,7.0,0.25,-0.04475310785961817,-0.011188276964904542,2026-04-13,2026-04-30,,False,CAUTION,LIMIT_20D_TOP10_AND_BLOCK_T1
2026-04-10,top20,8021,其他電子業,3.0,0.25,0.16329479768786137,0.04082369942196534,2026-04-13,2026-04-30,,False,CAUTION,LIMIT_20D_TOP10_AND_BLOCK_T1
2026-04-10,top20,2883,金融保險業,5.0,0.25,0.0165484816918422,0.00413712042296055,2026-04-13,2026-04-30,,False,CAUTION,LIMIT_20D_TOP10_AND_BLOCK_T1
2026-04-10,top20,2885,金融保險業,6.0,0.25,0.09433962113259087,0.023584905283147717,2026-04-13,2026-04-30,,False,CAUTION,LIMIT_20D_TOP10_AND_BLOCK_T1
2026-04-10,top20,2890,金融保險業,7.0,0.25,-0.04475310785961817,-0.011188276964904542,2026-04-13,2026-04-30,,False,CAUTION,LIMIT_20D_TOP10_AND_BLOCK_T1
2026-04-10,top30_no_prune,8021,其他電子業,3.0,0.25,0.16329479768786137,0.04082369942196534,2026-04-13,2026-04-30,,False,CAUTION,LIMIT_20D_TOP10_AND_BLOCK_T1
2026-04-10,top30_no_prune,2883,金融保險業,5.0,0.25,0.0165484816918422,0.00413712042296055,2026-04-13,2026-04-30,,False,CAUTION,LIMIT_20D_TOP10_AND_BLOCK_T1
2026-04-10,top30_no_prune,2885,金融保險業,6.0,0.25,0.09433962113259087,0.023584905283147717,2026-04-13,2026-04-30,,False,CAUTION,LIMIT_20D_TOP10_AND_BLOCK_T1
2026-04-10,top30_no_prune,2890,金融保險業,7.0,0.25,-0.04475310785961817,-0.011188276964904542,2026-04-13,2026-04-30,,False,CAUTION,LIMIT_20D_TOP10_AND_BLOCK_T1
2026-04-13,top10_production,3576,光電業,2.0,0.05555555555555555,0.038961064696895864,0.002164503594271992,2026-04-14,2026-04-30,,False,OPEN,ALLOW_NEW_POSITIONS
2026-04-13,top10_production,3138,通信網路業,7.0,0.05555555555555555,-0.1648351648351648,-0.009157509157509154,2026-04-14,2026-04-30,,False,OPEN,ALLOW_NEW_POSITIONS
2026-04-13,top10_production,3691,光電業,8.0,0.05555555555555555,0.02164502164502169,0.001202501202501205,2026-04-14,2026-04-30,,False,OPEN,ALLOW_NEW_POSITIONS
2026-04-13,top10_production,3049,光電業,9.0,0.05555555555555555,0.012448100925807948,0.0006915611625448859,2026-04-14,2026-04-30,,False,OPEN,ALLOW_NEW_POSITIONS
2026-04-13,top10_production,2103,橡膠工業,11.0,0.05555555555555555,-2.220446049250313e-16,-1.2335811384723961e-17,2026-04-14,2026-04-30,,False,OPEN,ALLOW_NEW_POSITIONS
2026-04-13,top10_production,3532,半導體業,14.0,0.05555555555555555,0.02717391304347827,0.0015096618357487927,2026-04-14,2026-04-30,,False,OPEN,ALLOW_NEW_POSITIONS
2026-04-13,top10_production,6415,半導體業,16.0,0.05555555555555555,0.5471014492753623,0.030394524959742347,2026-04-14,2026-04-30,,False,OPEN,ALLOW_NEW_POSITIONS
2026-04-13,top10_production,6909,半導體業,18.0,0.05555555555555555,0.23446886954851864,0.013026048308251034,2026-04-14,2026-04-30,,False,OPEN,ALLOW_NEW_POSITIONS
2026-04-13,top10_production,2885,金融保險業,19.0,0.05555555555555555,0.0762886755245249,0.004238259751362494,2026-04-14,2026-04-30,,False,OPEN,ALLOW_NEW_POSITIONS
2026-04-13,top10_production,2883,金融保險業,20.0,0.05555555555555555,0.021377709227997643,0.0011876505126665357,2026-04-14,2026-04-30,,False,OPEN,ALLOW_NEW_POSITIONS
2026-04-13,top10_production,6438,其他電子業,21.0,0.05555555555555555,-0.048648648648648596,-0.0027027027027027,2026-04-14,2026-04-30,,False,OPEN,ALLOW_NEW_POSITIONS
2026-04-13,top10_production,6126,電子零組件業,22.0,0.05555555555555555,-0.03565890290016349,-0.001981050161120194,2026-04-14,2026-04-30,,False,OPEN,ALLOW_NEW_POSITIONS
2026-04-13,top10_production,5521,建材營造業,23.0,0.05555555555555555,-0.06584356067307562,-0.0036579755929486454,2026-04-14,2026-04-30,,False,OPEN,ALLOW_NEW_POSITIONS
2026-04-13,top10_production,3025,通信網路業,24.0,0.05555555555555555,-0.05651494891210174,-0.003139719384005652,2026-04-14,2026-04-30,,False,OPEN,ALLOW_NEW_POSITIONS
2026-04-13,top10_production,2851,金融保險業,27.0,0.05555555555555555,-0.04588609953909151,-0.00254922775217175,2026-04-14,2026-04-30,,False,OPEN,ALLOW_NEW_POSITIONS
2026-04-13,top10_production,2801,金融保險業,28.0,0.05555555555555555,-0.0047059003044575,-0.0002614389058031944,2026-04-14,2026-04-30,,False,OPEN,ALLOW_NEW_POSITIONS
2026-04-13,top10_production,2897,金融保險業,29.0,0.05555555555555555,-0.024154588481715478,-0.0013419215823175265,2026-04-14,2026-04-30,,False,OPEN,ALLOW_NEW_POSITIONS
2026-04-13,top10_production,6133,電子零組件業,30.0,0.05555555555555555,-0.02654868899744267,-0.0014749271665245927,2026-04-14,2026-04-30,,False,OPEN,ALLOW_NEW_POSITIONS
2026-04-13,top15,3576,光電業,2.0,0.05555555555555555,0.038961064696895864,0.002164503594271992,2026-04-14,2026-04-30,,False,OPEN,ALLOW_NEW_POSITIONS
2026-04-13,top15,3138,通信網路業,7.0,0.05555555555555555,-0.1648351648351648,-0.009157509157509154,2026-04-14,2026-04-30,,False,OPEN,ALLOW_NEW_POSITIONS
2026-04-13,top15,3691,光電業,8.0,0.05555555555555555,0.02164502164502169,0.001202501202501205,2026-04-14,2026-04-30,,False,OPEN,ALLOW_NEW_POSITIONS
2026-04-13,top15,3049,光電業,9.0,0.05555555555555555,0.012448100925807948,0.0006915611625448859,2026-04-14,2026-04-30,,False,OPEN,ALLOW_NEW_POSITIONS
2026-04-13,top15,2103,橡膠工業,11.0,0.05555555555555555,-2.220446049250313e-16,-1.2335811384723961e-17,2026-04-14,2026-04-30,,False,OPEN,ALLOW_NEW_POSITIONS
2026-04-13,top15,3532,半導體業,14.0,0.05555555555555555,0.02717391304347827,0.0015096618357487927,2026-04-14,2026-04-30,,False,OPEN,ALLOW_NEW_POSITIONS
2026-04-13,top15,6415,半導體業,16.0,0.05555555555555555,0.5471014492753623,0.030394524959742347,2026-04-14,2026-04-30,,False,OPEN,ALLOW_NEW_POSITIONS
2026-04-13,top15,6909,半導體業,18.0,0.05555555555555555,0.23446886954851864,0.013026048308251034,2026-04-14,2026-04-30,,False,OPEN,ALLOW_NEW_POSITIONS
2026-04-13,top15,2885,金融保險業,19.0,0.05555555555555555,0.0762886755245249,0.004238259751362494,2026-04-14,2026-04-30,,False,OPEN,ALLOW_NEW_POSITIONS
2026-04-13,top15,2883,金融保險業,20.0,0.05555555555555555,0.021377709227997643,0.0011876505126665357,2026-04-14,2026-04-30,,False,OPEN,ALLOW_NEW_POSITIONS
2026-04-13,top15,6438,其他電子業,21.0,0.05555555555555555,-0.048648648648648596,-0.0027027027027027,2026-04-14,2026-04-30,,False,OPEN,ALLOW_NEW_POSITIONS
2026-04-13,top15,6126,電子零組件業,22.0,0.05555555555555555,-0.03565890290016349,-0.001981050161120194,2026-04-14,2026-04-30,,False,OPEN,ALLOW_NEW_POSITIONS
2026-04-13,top15,5521,建材營造業,23.0,0.05555555555555555,-0.06584356067307562,-0.0036579755929486454,2026-04-14,2026-04-30,,False,OPEN,ALLOW_NEW_POSITIONS
2026-04-13,top15,3025,通信網路業,24.0,0.05555555555555555,-0.05651494891210174,-0.003139719384005652,2026-04-14,2026-04-30,,False,OPEN,ALLOW_NEW_POSITIONS
2026-04-13,top15,2851,金融保險業,27.0,0.05555555555555555,-0.04588609953909151,-0.00254922775217175,2026-04-14,2026-04-30,,False,OPEN,ALLOW_NEW_POSITIONS
2026-04-13,top15,2801,金融保險業,28.0,0.05555555555555555,-0.0047059003044575,-0.0002614389058031944,2026-04-14,2026-04-30,,False,OPEN,ALLOW_NEW_POSITIONS
2026-04-13,top15,2897,金融保險業,29.0,0.05555555555555555,-0.024154588481715478,-0.0013419215823175265,2026-04-14,2026-04-30,,False,OPEN,ALLOW_NEW_POSITIONS
2026-04-13,top15,6133,電子零組件業,30.0,0.05555555555555555,-0.02654868899744267,-0.0014749271665245927,2026-04-14,2026-04-30,,False,OPEN,ALLOW_NEW_POSITIONS
2026-04-13,top20,3576,光電業,2.0,0.05555555555555555,0.038961064696895864,0.002164503594271992,2026-04-14,2026-04-30,,False,OPEN,ALLOW_NEW_POSITIONS
2026-04-13,top20,3138,通信網路業,7.0,0.05555555555555555,-0.1648351648351648,-0.009157509157509154,2026-04-14,2026-04-30,,False,OPEN,ALLOW_NEW_POSITIONS
2026-04-13,top20,3691,光電業,8.0,0.05555555555555555,0.02164502164502169,0.001202501202501205,2026-04-14,2026-04-30,,False,OPEN,ALLOW_NEW_POSITIONS
2026-04-13,top20,3049,光電業,9.0,0.05555555555555555,0.012448100925807948,0.0006915611625448859,2026-04-14,2026-04-30,,False,OPEN,ALLOW_NEW_POSITIONS
2026-04-13,top20,2103,橡膠工業,11.0,0.05555555555555555,-2.220446049250313e-16,-1.2335811384723961e-17,2026-04-14,2026-04-30,,False,OPEN,ALLOW_NEW_POSITIONS
2026-04-13,top20,3532,半導體業,14.0,0.05555555555555555,0.02717391304347827,0.0015096618357487927,2026-04-14,2026-04-30,,False,OPEN,ALLOW_NEW_POSITIONS
2026-04-13,top20,6415,半導體業,16.0,0.05555555555555555,0.5471014492753623,0.030394524959742347,2026-04-14,2026-04-30,,False,OPEN,ALLOW_NEW_POSITIONS
2026-04-13,top20,6909,半導體業,18.0,0.05555555555555555,0.23446886954851864,0.013026048308251034,2026-04-14,2026-04-30,,False,OPEN,ALLOW_NEW_POSITIONS
2026-04-13,top20,2885,金融保險業,19.0,0.05555555555555555,0.0762886755245249,0.004238259751362494,2026-04-14,2026-04-30,,False,OPEN,ALLOW_NEW_POSITIONS
2026-04-13,top20,2883,金融保險業,20.0,0.05555555555555555,0.021377709227997643,0.0011876505126665357,2026-04-14,2026-04-30,,False,OPEN,ALLOW_NEW_POSITIONS
2026-04-13,top20,6438,其他電子業,21.0,0.05555555555555555,-0.048648648648648596,-0.0027027027027027,2026-04-14,2026-04-30,,False,OPEN,ALLOW_NEW_POSITIONS
2026-04-13,top20,6126,電子零組件業,22.0,0.05555555555555555,-0.03565890290016349,-0.001981050161120194,2026-04-14,2026-04-30,,False,OPEN,ALLOW_NEW_POSITIONS
2026-04-13,top20,5521,建材營造業,23.0,0.05555555555555555,-0.06584356067307562,-0.0036579755929486454,2026-04-14,2026-04-30,,False,OPEN,ALLOW_NEW_POSITIONS
2026-04-13,top20,3025,通信網路業,24.0,0.05555555555555555,-0.05651494891210174,-0.003139719384005652,2026-04-14,2026-04-30,,False,OPEN,ALLOW_NEW_POSITIONS
2026-04-13,top20,2851,金融保險業,27.0,0.05555555555555555,-0.04588609953909151,-0.00254922775217175,2026-04-14,2026-04-30,,False,OPEN,ALLOW_NEW_POSITIONS
2026-04-13,top20,2801,金融保險業,28.0,0.05555555555555555,-0.0047059003044575,-0.0002614389058031944,2026-04-14,2026-04-30,,False,OPEN,ALLOW_NEW_POSITIONS
2026-04-13,top20,2897,金融保險業,29.0,0.05555555555555555,-0.024154588481715478,-0.0013419215823175265,2026-04-14,2026-04-30,,False,OPEN,ALLOW_NEW_POSITIONS
2026-04-13,top20,6133,電子零組件業,30.0,0.05555555555555555,-0.02654868899744267,-0.0014749271665245927,2026-04-14,2026-04-30,,False,OPEN,ALLOW_NEW_POSITIONS
2026-04-13,top30_no_prune,3576,光電業,2.0,0.05555555555555555,0.038961064696895864,0.002164503594271992,2026-04-14,2026-04-30,,False,OPEN,ALLOW_NEW_POSITIONS
2026-04-13,top30_no_prune,3138,通信網路業,7.0,0.05555555555555555,-0.1648351648351648,-0.009157509157509154,2026-04-14,2026-04-30,,False,OPEN,ALLOW_NEW_POSITIONS
2026-04-13,top30_no_prune,3691,光電業,8.0,0.05555555555555555,0.02164502164502169,0.001202501202501205,2026-04-14,2026-04-30,,False,OPEN,ALLOW_NEW_POSITIONS
2026-04-13,top30_no_prune,3049,光電業,9.0,0.05555555555555555,0.012448100925807948,0.0006915611625448859,2026-04-14,2026-04-30,,False,OPEN,ALLOW_NEW_POSITIONS
2026-04-13,top30_no_prune,2103,橡膠工業,11.0,0.05555555555555555,-2.220446049250313e-16,-1.2335811384723961e-17,2026-04-14,2026-04-30,,False,OPEN,ALLOW_NEW_POSITIONS
2026-04-13,top30_no_prune,3532,半導體業,14.0,0.05555555555555555,0.02717391304347827,0.0015096618357487927,2026-04-14,2026-04-30,,False,OPEN,ALLOW_NEW_POSITIONS
2026-04-13,top30_no_prune,6415,半導體業,16.0,0.05555555555555555,0.5471014492753623,0.030394524959742347,2026-04-14,2026-04-30,,False,OPEN,ALLOW_NEW_POSITIONS
2026-04-13,top30_no_prune,6909,半導體業,18.0,0.05555555555555555,0.23446886954851864,0.013026048308251034,2026-04-14,2026-04-30,,False,OPEN,ALLOW_NEW_POSITIONS
2026-04-13,top30_no_prune,2885,金融保險業,19.0,0.05555555555555555,0.0762886755245249,0.004238259751362494,2026-04-14,2026-04-30,,False,OPEN,ALLOW_NEW_POSITIONS
2026-04-13,top30_no_prune,2883,金融保險業,20.0,0.05555555555555555,0.021377709227997643,0.0011876505126665357,2026-04-14,2026-04-30,,False,OPEN,ALLOW_NEW_POSITIONS
2026-04-13,top30_no_prune,6438,其他電子業,21.0,0.05555555555555555,-0.048648648648648596,-0.0027027027027027,2026-04-14,2026-04-30,,False,OPEN,ALLOW_NEW_POSITIONS
2026-04-13,top30_no_prune,6126,電子零組件業,22.0,0.05555555555555555,-0.03565890290016349,-0.001981050161120194,2026-04-14,2026-04-30,,False,OPEN,ALLOW_NEW_POSITIONS
2026-04-13,top30_no_prune,5521,建材營造業,23.0,0.05555555555555555,-0.06584356067307562,-0.0036579755929486454,2026-04-14,2026-04-30,,False,OPEN,ALLOW_NEW_POSITIONS
2026-04-13,top30_no_prune,3025,通信網路業,24.0,0.05555555555555555,-0.05651494891210174,-0.003139719384005652,2026-04-14,2026-04-30,,False,OPEN,ALLOW_NEW_POSITIONS
2026-04-13,top30_no_prune,2851,金融保險業,27.0,0.05555555555555555,-0.04588609953909151,-0.00254922775217175,2026-04-14,2026-04-30,,False,OPEN,ALLOW_NEW_POSITIONS
2026-04-13,top30_no_prune,2801,金融保險業,28.0,0.05555555555555555,-0.0047059003044575,-0.0002614389058031944,2026-04-14,2026-04-30,,False,OPEN,ALLOW_NEW_POSITIONS
2026-04-13,top30_no_prune,2897,金融保險業,29.0,0.05555555555555555,-0.024154588481715478,-0.0013419215823175265,2026-04-14,2026-04-30,,False,OPEN,ALLOW_NEW_POSITIONS
2026-04-13,top30_no_prune,6133,電子零組件業,30.0,0.05555555555555555,-0.02654868899744267,-0.0014749271665245927,2026-04-14,2026-04-30,,False,OPEN,ALLOW_NEW_POSITIONS
2026-04-14,top10_production,3576,光電業,1.0,1.0,0.11888110395736828,0.11888110395736828,2026-04-15,2026-04-30,,False,OPEN,ALLOW_NEW_POSITIONS
2026-04-14,top15,3576,光電業,1.0,1.0,0.11888110395736828,0.11888110395736828,2026-04-15,2026-04-30,,False,OPEN,ALLOW_NEW_POSITIONS
2026-04-14,top20,3576,光電業,1.0,1.0,0.11888110395736828,0.11888110395736828,2026-04-15,2026-04-30,,False,OPEN,ALLOW_NEW_POSITIONS
2026-04-14,top30_no_prune,3576,光電業,1.0,1.0,0.11888110395736828,0.11888110395736828,2026-04-15,2026-04-30,,False,OPEN,ALLOW_NEW_POSITIONS
2026-04-15,top10_production,3576,光電業,1.0,0.25,-0.05044512535468482,-0.012611281338671204,2026-04-16,2026-04-30,,False,OPEN,ALLOW_NEW_POSITIONS
2026-04-15,top10_production,2885,金融保險業,4.0,0.25,0.03571426949533518,0.008928567373833796,2026-04-16,2026-04-30,,False,OPEN,ALLOW_NEW_POSITIONS
2026-04-15,top10_production,5439,電子零組件業,7.0,0.25,-0.04613466334164584,-0.01153366583541146,2026-04-16,2026-04-30,,False,OPEN,ALLOW_NEW_POSITIONS
2026-04-15,top10_production,3581,半導體業,9.0,0.25,0.6543778801843319,0.16359447004608296,2026-04-16,2026-04-30,,False,OPEN,ALLOW_NEW_POSITIONS
2026-04-15,top15,3576,光電業,1.0,0.25,-0.05044512535468482,-0.012611281338671204,2026-04-16,2026-04-30,,False,OPEN,ALLOW_NEW_POSITIONS
2026-04-15,top15,2885,金融保險業,4.0,0.25,0.03571426949533518,0.008928567373833796,2026-04-16,2026-04-30,,False,OPEN,ALLOW_NEW_POSITIONS
2026-04-15,top15,5439,電子零組件業,7.0,0.25,-0.04613466334164584,-0.01153366583541146,2026-04-16,2026-04-30,,False,OPEN,ALLOW_NEW_POSITIONS
2026-04-15,top15,3581,半導體業,9.0,0.25,0.6543778801843319,0.16359447004608296,2026-04-16,2026-04-30,,False,OPEN,ALLOW_NEW_POSITIONS
2026-04-15,top20,3576,光電業,1.0,0.25,-0.05044512535468482,-0.012611281338671204,2026-04-16,2026-04-30,,False,OPEN,ALLOW_NEW_POSITIONS
2026-04-15,top20,2885,金融保險業,4.0,0.25,0.03571426949533518,0.008928567373833796,2026-04-16,2026-04-30,,False,OPEN,ALLOW_NEW_POSITIONS
2026-04-15,top20,5439,電子零組件業,7.0,0.25,-0.04613466334164584,-0.01153366583541146,2026-04-16,2026-04-30,,False,OPEN,ALLOW_NEW_POSITIONS
2026-04-15,top20,3581,半導體業,9.0,0.25,0.6543778801843319,0.16359447004608296,2026-04-16,2026-04-30,,False,OPEN,ALLOW_NEW_POSITIONS
2026-04-15,top30_no_prune,3576,光電業,1.0,0.25,-0.05044512535468482,-0.012611281338671204,2026-04-16,2026-04-30,,False,OPEN,ALLOW_NEW_POSITIONS
2026-04-15,top30_no_prune,2885,金融保險業,4.0,0.25,0.03571426949533518,0.008928567373833796,2026-04-16,2026-04-30,,False,OPEN,ALLOW_NEW_POSITIONS
2026-04-15,top30_no_prune,5439,電子零組件業,7.0,0.25,-0.04613466334164584,-0.01153366583541146,2026-04-16,2026-04-30,,False,OPEN,ALLOW_NEW_POSITIONS
2026-04-15,top30_no_prune,3581,半導體業,9.0,0.25,0.6543778801843319,0.16359447004608296,2026-04-16,2026-04-30,,False,OPEN,ALLOW_NEW_POSITIONS
2026-04-17,top10_production,2485,通信網路業,1.0,0.07142857142857142,-0.24062097741916444,-0.01718721267279746,2026-04-20,2026-04-30,,False,OPEN,ALLOW_NEW_POSITIONS
2026-04-17,top10_production,8027,電機機械,7.0,0.07142857142857142,0.26058631921824094,0.018613308515588636,2026-04-20,2026-04-30,,False,OPEN,ALLOW_NEW_POSITIONS
2026-04-17,top10_production,3491,通信網路業,8.0,0.07142857142857142,-0.0662650602409639,-0.004733218588640279,2026-04-20,2026-04-30,,False,OPEN,ALLOW_NEW_POSITIONS
2026-04-17,top10_production,6788,半導體業,14.0,0.07142857142857142,-0.06256627783669144,-0.00446901984547796,2026-04-20,2026-04-30,,False,OPEN,ALLOW_NEW_POSITIONS
2026-04-17,top10_production,3498,其他電子業,16.0,0.07142857142857142,0.025730958458972886,0.0018379256042123488,2026-04-20,2026-04-30,,False,OPEN,ALLOW_NEW_POSITIONS
2026-04-17,top10_production,2406,光電業,17.0,0.07142857142857142,-0.11705200623317147,-0.008360857588083677,2026-04-20,2026-04-30,,False,OPEN,ALLOW_NEW_POSITIONS
2026-04-17,top10_production,3189,半導體業,19.0,0.07142857142857142,0.3299748110831233,0.023569629363080234,2026-04-20,2026-04-30,,False,OPEN,ALLOW_NEW_POSITIONS
2026-04-17,top10_production,4768,化學工業,21.0,0.07142857142857142,0.03649635036496357,0.002606882168925969,2026-04-20,2026-04-30,,False,OPEN,ALLOW_NEW_POSITIONS
2026-04-17,top10_production,3017,電腦及週邊設備業,22.0,0.07142857142857142,0.17634854771784236,0.01259632483698874,2026-04-20,2026-04-30,,False,OPEN,ALLOW_NEW_POSITIONS
2026-04-17,top10_production,6510,半導體業,23.0,0.07142857142857142,-0.09829619921363042,-0.007021157086687887,2026-04-20,2026-04-30,,False,OPEN,ALLOW_NEW_POSITIONS
2026-04-17,top10_production,3049,光電業,24.0,0.07142857142857142,-0.12857144219534733,-0.00918367444252481,2026-04-20,2026-04-30,,False,OPEN,ALLOW_NEW_POSITIONS
2026-04-17,top10_production,3576,光電業,25.0,0.07142857142857142,-0.13746627180264093,-0.00981901941447435,2026-04-20,2026-04-30,,False,OPEN,ALLOW_NEW_POSITIONS
2026-04-17,top10_production,6944,綠能環保,26.0,0.07142857142857142,-0.023783783783783763,-0.0016988416988416972,2026-04-20,2026-04-30,,False,OPEN,ALLOW_NEW_POSITIONS
2026-04-17,top10_production,1305,塑膠工業,29.0,0.07142857142857142,-0.019801930337582818,-0.0014144235955416298,2026-04-20,2026-04-30,,False,OPEN,ALLOW_NEW_POSITIONS
2026-04-17,top15,2485,通信網路業,1.0,0.07142857142857142,-0.24062097741916444,-0.01718721267279746,2026-04-20,2026-04-30,,False,OPEN,ALLOW_NEW_POSITIONS
2026-04-17,top15,8027,電機機械,7.0,0.07142857142857142,0.26058631921824094,0.018613308515588636,2026-04-20,2026-04-30,,False,OPEN,ALLOW_NEW_POSITIONS
2026-04-17,top15,3491,通信網路業,8.0,0.07142857142857142,-0.0662650602409639,-0.004733218588640279,2026-04-20,2026-04-30,,False,OPEN,ALLOW_NEW_POSITIONS
2026-04-17,top15,6788,半導體業,14.0,0.07142857142857142,-0.06256627783669144,-0.00446901984547796,2026-04-20,2026-04-30,,False,OPEN,ALLOW_NEW_POSITIONS
2026-04-17,top15,3498,其他電子業,16.0,0.07142857142857142,0.025730958458972886,0.0018379256042123488,2026-04-20,2026-04-30,,False,OPEN,ALLOW_NEW_POSITIONS
2026-04-17,top15,2406,光電業,17.0,0.07142857142857142,-0.11705200623317147,-0.008360857588083677,2026-04-20,2026-04-30,,False,OPEN,ALLOW_NEW_POSITIONS
2026-04-17,top15,3189,半導體業,19.0,0.07142857142857142,0.3299748110831233,0.023569629363080234,2026-04-20,2026-04-30,,False,OPEN,ALLOW_NEW_POSITIONS
2026-04-17,top15,4768,化學工業,21.0,0.07142857142857142,0.03649635036496357,0.002606882168925969,2026-04-20,2026-04-30,,False,OPEN,ALLOW_NEW_POSITIONS
2026-04-17,top15,3017,電腦及週邊設備業,22.0,0.07142857142857142,0.17634854771784236,0.01259632483698874,2026-04-20,2026-04-30,,False,OPEN,ALLOW_NEW_POSITIONS
2026-04-17,top15,6510,半導體業,23.0,0.07142857142857142,-0.09829619921363042,-0.007021157086687887,2026-04-20,2026-04-30,,False,OPEN,ALLOW_NEW_POSITIONS
2026-04-17,top15,3049,光電業,24.0,0.07142857142857142,-0.12857144219534733,-0.00918367444252481,2026-04-20,2026-04-30,,False,OPEN,ALLOW_NEW_POSITIONS
2026-04-17,top15,3576,光電業,25.0,0.07142857142857142,-0.13746627180264093,-0.00981901941447435,2026-04-20,2026-04-30,,False,OPEN,ALLOW_NEW_POSITIONS
2026-04-17,top15,6944,綠能環保,26.0,0.07142857142857142,-0.023783783783783763,-0.0016988416988416972,2026-04-20,2026-04-30,,False,OPEN,ALLOW_NEW_POSITIONS
2026-04-17,top15,1305,塑膠工業,29.0,0.07142857142857142,-0.019801930337582818,-0.0014144235955416298,2026-04-20,2026-04-30,,False,OPEN,ALLOW_NEW_POSITIONS
2026-04-17,top20,2485,通信網路業,1.0,0.07142857142857142,-0.24062097741916444,-0.01718721267279746,2026-04-20,2026-04-30,,False,OPEN,ALLOW_NEW_POSITIONS
2026-04-17,top20,8027,電機機械,7.0,0.07142857142857142,0.26058631921824094,0.018613308515588636,2026-04-20,2026-04-30,,False,OPEN,ALLOW_NEW_POSITIONS
2026-04-17,top20,3491,通信網路業,8.0,0.07142857142857142,-0.0662650602409639,-0.004733218588640279,2026-04-20,2026-04-30,,False,OPEN,ALLOW_NEW_POSITIONS
2026-04-17,top20,6788,半導體業,14.0,0.07142857142857142,-0.06256627783669144,-0.00446901984547796,2026-04-20,2026-04-30,,False,OPEN,ALLOW_NEW_POSITIONS
2026-04-17,top20,3498,其他電子業,16.0,0.07142857142857142,0.025730958458972886,0.0018379256042123488,2026-04-20,2026-04-30,,False,OPEN,ALLOW_NEW_POSITIONS
2026-04-17,top20,2406,光電業,17.0,0.07142857142857142,-0.11705200623317147,-0.008360857588083677,2026-04-20,2026-04-30,,False,OPEN,ALLOW_NEW_POSITIONS
2026-04-17,top20,3189,半導體業,19.0,0.07142857142857142,0.3299748110831233,0.023569629363080234,2026-04-20,2026-04-30,,False,OPEN,ALLOW_NEW_POSITIONS
2026-04-17,top20,4768,化學工業,21.0,0.07142857142857142,0.03649635036496357,0.002606882168925969,2026-04-20,2026-04-30,,False,OPEN,ALLOW_NEW_POSITIONS
2026-04-17,top20,3017,電腦及週邊設備業,22.0,0.07142857142857142,0.17634854771784236,0.01259632483698874,2026-04-20,2026-04-30,,False,OPEN,ALLOW_NEW_POSITIONS
2026-04-17,top20,6510,半導體業,23.0,0.07142857142857142,-0.09829619921363042,-0.007021157086687887,2026-04-20,2026-04-30,,False,OPEN,ALLOW_NEW_POSITIONS
2026-04-17,top20,3049,光電業,24.0,0.07142857142857142,-0.12857144219534733,-0.00918367444252481,2026-04-20,2026-04-30,,False,OPEN,ALLOW_NEW_POSITIONS
2026-04-17,top20,3576,光電業,25.0,0.07142857142857142,-0.13746627180264093,-0.00981901941447435,2026-04-20,2026-04-30,,False,OPEN,ALLOW_NEW_POSITIONS
2026-04-17,top20,6944,綠能環保,26.0,0.07142857142857142,-0.023783783783783763,-0.0016988416988416972,2026-04-20,2026-04-30,,False,OPEN,ALLOW_NEW_POSITIONS
2026-04-17,top20,1305,塑膠工業,29.0,0.07142857142857142,-0.019801930337582818,-0.0014144235955416298,2026-04-20,2026-04-30,,False,OPEN,ALLOW_NEW_POSITIONS
2026-04-17,top30_no_prune,2485,通信網路業,1.0,0.07142857142857142,-0.24062097741916444,-0.01718721267279746,2026-04-20,2026-04-30,,False,OPEN,ALLOW_NEW_POSITIONS
2026-04-17,top30_no_prune,8027,電機機械,7.0,0.07142857142857142,0.26058631921824094,0.018613308515588636,2026-04-20,2026-04-30,,False,OPEN,ALLOW_NEW_POSITIONS
2026-04-17,top30_no_prune,3491,通信網路業,8.0,0.07142857142857142,-0.0662650602409639,-0.004733218588640279,2026-04-20,2026-04-30,,False,OPEN,ALLOW_NEW_POSITIONS
2026-04-17,top30_no_prune,6788,半導體業,14.0,0.07142857142857142,-0.06256627783669144,-0.00446901984547796,2026-04-20,2026-04-30,,False,OPEN,ALLOW_NEW_POSITIONS
2026-04-17,top30_no_prune,3498,其他電子業,16.0,0.07142857142857142,0.025730958458972886,0.0018379256042123488,2026-04-20,2026-04-30,,False,OPEN,ALLOW_NEW_POSITIONS
2026-04-17,top30_no_prune,2406,光電業,17.0,0.07142857142857142,-0.11705200623317147,-0.008360857588083677,2026-04-20,2026-04-30,,False,OPEN,ALLOW_NEW_POSITIONS
2026-04-17,top30_no_prune,3189,半導體業,19.0,0.07142857142857142,0.3299748110831233,0.023569629363080234,2026-04-20,2026-04-30,,False,OPEN,ALLOW_NEW_POSITIONS
2026-04-17,top30_no_prune,4768,化學工業,21.0,0.07142857142857142,0.03649635036496357,0.002606882168925969,2026-04-20,2026-04-30,,False,OPEN,ALLOW_NEW_POSITIONS
2026-04-17,top30_no_prune,3017,電腦及週邊設備業,22.0,0.07142857142857142,0.17634854771784236,0.01259632483698874,2026-04-20,2026-04-30,,False,OPEN,ALLOW_NEW_POSITIONS
2026-04-17,top30_no_prune,6510,半導體業,23.0,0.07142857142857142,-0.09829619921363042,-0.007021157086687887,2026-04-20,2026-04-30,,False,OPEN,ALLOW_NEW_POSITIONS
2026-04-17,top30_no_prune,3049,光電業,24.0,0.07142857142857142,-0.12857144219534733,-0.00918367444252481,2026-04-20,2026-04-30,,False,OPEN,ALLOW_NEW_POSITIONS
2026-04-17,top30_no_prune,3576,光電業,25.0,0.07142857142857142,-0.13746627180264093,-0.00981901941447435,2026-04-20,2026-04-30,,False,OPEN,ALLOW_NEW_POSITIONS
2026-04-17,top30_no_prune,6944,綠能環保,26.0,0.07142857142857142,-0.023783783783783763,-0.0016988416988416972,2026-04-20,2026-04-30,,False,OPEN,ALLOW_NEW_POSITIONS
2026-04-17,top30_no_prune,1305,塑膠工業,29.0,0.07142857142857142,-0.019801930337582818,-0.0014144235955416298,2026-04-20,2026-04-30,,False,OPEN,ALLOW_NEW_POSITIONS
2026-04-20,top10_production,2485,通信網路業,1.0,0.05555555555555555,-0.1790209683504972,-0.009945609352805399,2026-04-21,2026-04-30,,False,OPEN,ALLOW_NEW_POSITIONS
2026-04-20,top10_production,3491,通信網路業,3.0,0.05555555555555555,-0.09883720930232553,-0.005490956072351418,2026-04-21,2026-04-30,,False,OPEN,ALLOW_NEW_POSITIONS
2026-04-20,top10_production,8027,電機機械,5.0,0.05555555555555555,0.29000000000000004,0.01611111111111111,2026-04-21,2026-04-30,,False,OPEN,ALLOW_NEW_POSITIONS
2026-04-20,top10_production,4768,化學工業,8.0,0.05555555555555555,-0.060491493383742934,-0.0033606385213190517,2026-04-21,2026-04-30,,False,OPEN,ALLOW_NEW_POSITIONS
2026-04-20,top10_production,1309,塑膠工業,10.0,0.05555555555555555,0.09186352073943849,0.005103528929968805,2026-04-21,2026-04-30,,False,OPEN,ALLOW_NEW_POSITIONS
2026-04-20,top10_production,6442,通信網路業,11.0,0.05555555555555555,-0.12266112266112261,-0.0068145068145068115,2026-04-21,2026-04-30,,False,OPEN,ALLOW_NEW_POSITIONS
2026-04-20,top10_production,1305,塑膠工業,14.0,0.05555555555555555,0.010204120690535667,0.0005668955939186482,2026-04-21,2026-04-30,,False,OPEN,ALLOW_NEW_POSITIONS
2026-04-20,top10_production,1326,塑膠工業,15.0,0.05555555555555555,0.031558154833217555,0.001753230824067642,2026-04-21,2026-04-30,,False,OPEN,ALLOW_NEW_POSITIONS
2026-04-20,top10_production,1808,建材營造業,17.0,0.05555555555555555,-0.04333330790201828,-0.002407405994556571,2026-04-21,2026-04-30,,False,OPEN,ALLOW_NEW_POSITIONS
2026-04-20,top10_production,3576,光電業,19.0,0.05555555555555555,-0.0804597499553582,-0.004469986108631011,2026-04-21,2026-04-30,,False,OPEN,ALLOW_NEW_POSITIONS
2026-04-20,top10_production,6788,半導體業,21.0,0.05555555555555555,-0.10797174571140267,-0.005998430317300148,2026-04-21,2026-04-30,,False,OPEN,ALLOW_NEW_POSITIONS
2026-04-20,top10_production,6664,電子零組件業,22.0,0.05555555555555555,0.08401400233372236,0.0046674445740956865,2026-04-21,2026-04-30,,False,OPEN,ALLOW_NEW_POSITIONS
2026-04-20,top10_production,6510,半導體業,23.0,0.05555555555555555,-0.12690355329949243,-0.007050197405527357,2026-04-21,2026-04-30,,False,OPEN,ALLOW_NEW_POSITIONS
2026-04-20,top10_production,1528,電機機械,24.0,0.05555555555555555,0.026737968641691756,0.0014854427023162087,2026-04-21,2026-04-30,,False,OPEN,ALLOW_NEW_POSITIONS
2026-04-20,top10_production,3049,光電業,25.0,0.05555555555555555,-0.15862070280930096,-0.008812261267183387,2026-04-21,2026-04-30,,False,OPEN,ALLOW_NEW_POSITIONS
2026-04-20,top10_production,2466,光電業,26.0,0.05555555555555555,-0.11638594079076037,-0.006465885599486687,2026-04-21,2026-04-30,,False,OPEN,ALLOW_NEW_POSITIONS
2026-04-20,top10_production,5291,電子零組件業,27.0,0.05555555555555555,-0.08491951380093743,-0.0047177507667187455,2026-04-21,2026-04-30,,False,OPEN,ALLOW_NEW_POSITIONS
2026-04-20,top10_production,6568,半導體業,29.0,0.05555555555555555,-0.06614785992217898,-0.0036748811067877207,2026-04-21,2026-04-30,,False,OPEN,ALLOW_NEW_POSITIONS
2026-04-20,top15,2485,通信網路業,1.0,0.05555555555555555,-0.1790209683504972,-0.009945609352805399,2026-04-21,2026-04-30,,False,OPEN,ALLOW_NEW_POSITIONS
2026-04-20,top15,3491,通信網路業,3.0,0.05555555555555555,-0.09883720930232553,-0.005490956072351418,2026-04-21,2026-04-30,,False,OPEN,ALLOW_NEW_POSITIONS
2026-04-20,top15,8027,電機機械,5.0,0.05555555555555555,0.29000000000000004,0.01611111111111111,2026-04-21,2026-04-30,,False,OPEN,ALLOW_NEW_POSITIONS
2026-04-20,top15,4768,化學工業,8.0,0.05555555555555555,-0.060491493383742934,-0.0033606385213190517,2026-04-21,2026-04-30,,False,OPEN,ALLOW_NEW_POSITIONS
2026-04-20,top15,1309,塑膠工業,10.0,0.05555555555555555,0.09186352073943849,0.005103528929968805,2026-04-21,2026-04-30,,False,OPEN,ALLOW_NEW_POSITIONS
2026-04-20,top15,6442,通信網路業,11.0,0.05555555555555555,-0.12266112266112261,-0.0068145068145068115,2026-04-21,2026-04-30,,False,OPEN,ALLOW_NEW_POSITIONS
2026-04-20,top15,1305,塑膠工業,14.0,0.05555555555555555,0.010204120690535667,0.0005668955939186482,2026-04-21,2026-04-30,,False,OPEN,ALLOW_NEW_POSITIONS
2026-04-20,top15,1326,塑膠工業,15.0,0.05555555555555555,0.031558154833217555,0.001753230824067642,2026-04-21,2026-04-30,,False,OPEN,ALLOW_NEW_POSITIONS
2026-04-20,top15,1808,建材營造業,17.0,0.05555555555555555,-0.04333330790201828,-0.002407405994556571,2026-04-21,2026-04-30,,False,OPEN,ALLOW_NEW_POSITIONS
2026-04-20,top15,3576,光電業,19.0,0.05555555555555555,-0.0804597499553582,-0.004469986108631011,2026-04-21,2026-04-30,,False,OPEN,ALLOW_NEW_POSITIONS
2026-04-20,top15,6788,半導體業,21.0,0.05555555555555555,-0.10797174571140267,-0.005998430317300148,2026-04-21,2026-04-30,,False,OPEN,ALLOW_NEW_POSITIONS
2026-04-20,top15,6664,電子零組件業,22.0,0.05555555555555555,0.08401400233372236,0.0046674445740956865,2026-04-21,2026-04-30,,False,OPEN,ALLOW_NEW_POSITIONS
2026-04-20,top15,6510,半導體業,23.0,0.05555555555555555,-0.12690355329949243,-0.007050197405527357,2026-04-21,2026-04-30,,False,OPEN,ALLOW_NEW_POSITIONS
2026-04-20,top15,1528,電機機械,24.0,0.05555555555555555,0.026737968641691756,0.0014854427023162087,2026-04-21,2026-04-30,,False,OPEN,ALLOW_NEW_POSITIONS
2026-04-20,top15,3049,光電業,25.0,0.05555555555555555,-0.15862070280930096,-0.008812261267183387,2026-04-21,2026-04-30,,False,OPEN,ALLOW_NEW_POSITIONS
2026-04-20,top15,2466,光電業,26.0,0.05555555555555555,-0.11638594079076037,-0.006465885599486687,2026-04-21,2026-04-30,,False,OPEN,ALLOW_NEW_POSITIONS
2026-04-20,top15,5291,電子零組件業,27.0,0.05555555555555555,-0.08491951380093743,-0.0047177507667187455,2026-04-21,2026-04-30,,False,OPEN,ALLOW_NEW_POSITIONS
2026-04-20,top15,6568,半導體業,29.0,0.05555555555555555,-0.06614785992217898,-0.0036748811067877207,2026-04-21,2026-04-30,,False,OPEN,ALLOW_NEW_POSITIONS
2026-04-20,top20,2485,通信網路業,1.0,0.05555555555555555,-0.1790209683504972,-0.009945609352805399,2026-04-21,2026-04-30,,False,OPEN,ALLOW_NEW_POSITIONS
2026-04-20,top20,3491,通信網路業,3.0,0.05555555555555555,-0.09883720930232553,-0.005490956072351418,2026-04-21,2026-04-30,,False,OPEN,ALLOW_NEW_POSITIONS
2026-04-20,top20,8027,電機機械,5.0,0.05555555555555555,0.29000000000000004,0.01611111111111111,2026-04-21,2026-04-30,,False,OPEN,ALLOW_NEW_POSITIONS
2026-04-20,top20,4768,化學工業,8.0,0.05555555555555555,-0.060491493383742934,-0.0033606385213190517,2026-04-21,2026-04-30,,False,OPEN,ALLOW_NEW_POSITIONS
2026-04-20,top20,1309,塑膠工業,10.0,0.05555555555555555,0.09186352073943849,0.005103528929968805,2026-04-21,2026-04-30,,False,OPEN,ALLOW_NEW_POSITIONS
2026-04-20,top20,6442,通信網路業,11.0,0.05555555555555555,-0.12266112266112261,-0.0068145068145068115,2026-04-21,2026-04-30,,False,OPEN,ALLOW_NEW_POSITIONS
2026-04-20,top20,1305,塑膠工業,14.0,0.05555555555555555,0.010204120690535667,0.0005668955939186482,2026-04-21,2026-04-30,,False,OPEN,ALLOW_NEW_POSITIONS
2026-04-20,top20,1326,塑膠工業,15.0,0.05555555555555555,0.031558154833217555,0.001753230824067642,2026-04-21,2026-04-30,,False,OPEN,ALLOW_NEW_POSITIONS
2026-04-20,top20,1808,建材營造業,17.0,0.05555555555555555,-0.04333330790201828,-0.002407405994556571,2026-04-21,2026-04-30,,False,OPEN,ALLOW_NEW_POSITIONS
2026-04-20,top20,3576,光電業,19.0,0.05555555555555555,-0.0804597499553582,-0.004469986108631011,2026-04-21,2026-04-30,,False,OPEN,ALLOW_NEW_POSITIONS
2026-04-20,top20,6788,半導體業,21.0,0.05555555555555555,-0.10797174571140267,-0.005998430317300148,2026-04-21,2026-04-30,,False,OPEN,ALLOW_NEW_POSITIONS
2026-04-20,top20,6664,電子零組件業,22.0,0.05555555555555555,0.08401400233372236,0.0046674445740956865,2026-04-21,2026-04-30,,False,OPEN,ALLOW_NEW_POSITIONS
2026-04-20,top20,6510,半導體業,23.0,0.05555555555555555,-0.12690355329949243,-0.007050197405527357,2026-04-21,2026-04-30,,False,OPEN,ALLOW_NEW_POSITIONS
2026-04-20,top20,1528,電機機械,24.0,0.05555555555555555,0.026737968641691756,0.0014854427023162087,2026-04-21,2026-04-30,,False,OPEN,ALLOW_NEW_POSITIONS
2026-04-20,top20,3049,光電業,25.0,0.05555555555555555,-0.15862070280930096,-0.008812261267183387,2026-04-21,2026-04-30,,False,OPEN,ALLOW_NEW_POSITIONS
2026-04-20,top20,2466,光電業,26.0,0.05555555555555555,-0.11638594079076037,-0.006465885599486687,2026-04-21,2026-04-30,,False,OPEN,ALLOW_NEW_POSITIONS
2026-04-20,top20,5291,電子零組件業,27.0,0.05555555555555555,-0.08491951380093743,-0.0047177507667187455,2026-04-21,2026-04-30,,False,OPEN,ALLOW_NEW_POSITIONS
2026-04-20,top20,6568,半導體業,29.0,0.05555555555555555,-0.06614785992217898,-0.0036748811067877207,2026-04-21,2026-04-30,,False,OPEN,ALLOW_NEW_POSITIONS
2026-04-20,top30_no_prune,2485,通信網路業,1.0,0.05555555555555555,-0.1790209683504972,-0.009945609352805399,2026-04-21,2026-04-30,,False,OPEN,ALLOW_NEW_POSITIONS
2026-04-20,top30_no_prune,3491,通信網路業,3.0,0.05555555555555555,-0.09883720930232553,-0.005490956072351418,2026-04-21,2026-04-30,,False,OPEN,ALLOW_NEW_POSITIONS
2026-04-20,top30_no_prune,8027,電機機械,5.0,0.05555555555555555,0.29000000000000004,0.01611111111111111,2026-04-21,2026-04-30,,False,OPEN,ALLOW_NEW_POSITIONS
2026-04-20,top30_no_prune,4768,化學工業,8.0,0.05555555555555555,-0.060491493383742934,-0.0033606385213190517,2026-04-21,2026-04-30,,False,OPEN,ALLOW_NEW_POSITIONS
2026-04-20,top30_no_prune,1309,塑膠工業,10.0,0.05555555555555555,0.09186352073943849,0.005103528929968805,2026-04-21,2026-04-30,,False,OPEN,ALLOW_NEW_POSITIONS
2026-04-20,top30_no_prune,6442,通信網路業,11.0,0.05555555555555555,-0.12266112266112261,-0.0068145068145068115,2026-04-21,2026-04-30,,False,OPEN,ALLOW_NEW_POSITIONS
2026-04-20,top30_no_prune,1305,塑膠工業,14.0,0.05555555555555555,0.010204120690535667,0.0005668955939186482,2026-04-21,2026-04-30,,False,OPEN,ALLOW_NEW_POSITIONS
2026-04-20,top30_no_prune,1326,塑膠工業,15.0,0.05555555555555555,0.031558154833217555,0.001753230824067642,2026-04-21,2026-04-30,,False,OPEN,ALLOW_NEW_POSITIONS
2026-04-20,top30_no_prune,1808,建材營造業,17.0,0.05555555555555555,-0.04333330790201828,-0.002407405994556571,2026-04-21,2026-04-30,,False,OPEN,ALLOW_NEW_POSITIONS
2026-04-20,top30_no_prune,3576,光電業,19.0,0.05555555555555555,-0.0804597499553582,-0.004469986108631011,2026-04-21,2026-04-30,,False,OPEN,ALLOW_NEW_POSITIONS
2026-04-20,top30_no_prune,6788,半導體業,21.0,0.05555555555555555,-0.10797174571140267,-0.005998430317300148,2026-04-21,2026-04-30,,False,OPEN,ALLOW_NEW_POSITIONS
2026-04-20,top30_no_prune,6664,電子零組件業,22.0,0.05555555555555555,0.08401400233372236,0.0046674445740956865,2026-04-21,2026-04-30,,False,OPEN,ALLOW_NEW_POSITIONS
2026-04-20,top30_no_prune,6510,半導體業,23.0,0.05555555555555555,-0.12690355329949243,-0.007050197405527357,2026-04-21,2026-04-30,,False,OPEN,ALLOW_NEW_POSITIONS
2026-04-20,top30_no_prune,1528,電機機械,24.0,0.05555555555555555,0.026737968641691756,0.0014854427023162087,2026-04-21,2026-04-30,,False,OPEN,ALLOW_NEW_POSITIONS
2026-04-20,top30_no_prune,3049,光電業,25.0,0.05555555555555555,-0.15862070280930096,-0.008812261267183387,2026-04-21,2026-04-30,,False,OPEN,ALLOW_NEW_POSITIONS
2026-04-20,top30_no_prune,2466,光電業,26.0,0.05555555555555555,-0.11638594079076037,-0.006465885599486687,2026-04-21,2026-04-30,,False,OPEN,ALLOW_NEW_POSITIONS
2026-04-20,top30_no_prune,5291,電子零組件業,27.0,0.05555555555555555,-0.08491951380093743,-0.0047177507667187455,2026-04-21,2026-04-30,,False,OPEN,ALLOW_NEW_POSITIONS
2026-04-20,top30_no_prune,6568,半導體業,29.0,0.05555555555555555,-0.06614785992217898,-0.0036748811067877207,2026-04-21,2026-04-30,,False,OPEN,ALLOW_NEW_POSITIONS
2026-04-21,top10_production,2485,通信網路業,1.0,0.05555555555555555,-0.18810514128308475,-0.010450285626838042,2026-04-22,2026-04-30,,False,OPEN,ALLOW_NEW_POSITIONS
2026-04-21,top10_production,8027,電機機械,3.0,0.05555555555555555,0.2814569536423841,0.015636497424576894,2026-04-22,2026-04-30,,False,OPEN,ALLOW_NEW_POSITIONS
2026-04-21,top10_production,3491,通信網路業,4.0,0.05555555555555555,-0.12676056338028174,-0.007042253521126763,2026-04-22,2026-04-30,,False,OPEN,ALLOW_NEW_POSITIONS
2026-04-21,top10_production,1305,塑膠工業,5.0,0.05555555555555555,0.013651929566365517,0.0007584405314647509,2026-04-22,2026-04-30,,False,OPEN,ALLOW_NEW_POSITIONS
2026-04-21,top10_production,1309,塑膠工業,7.0,0.05555555555555555,0.0666666275415666,0.0037037015300870335,2026-04-22,2026-04-30,,False,OPEN,ALLOW_NEW_POSITIONS
2026-04-21,top10_production,6226,光電業,8.0,0.05555555555555555,-0.13448274546656114,-0.007471263637031174,2026-04-22,2026-04-30,,False,OPEN,ALLOW_NEW_POSITIONS
2026-04-21,top10_production,1808,建材營造業,9.0,0.05555555555555555,-0.04651161464410303,-0.002583978591339057,2026-04-22,2026-04-30,,False,OPEN,ALLOW_NEW_POSITIONS
2026-04-21,top10_production,3580,其他電子業,10.0,0.05555555555555555,0.033694381506273796,0.0018719100836818775,2026-04-22,2026-04-30,,False,OPEN,ALLOW_NEW_POSITIONS
2026-04-21,top10_production,1326,塑膠工業,11.0,0.05555555555555555,0.02952755949857755,0.001640419972143197,2026-04-22,2026-04-30,,False,OPEN,ALLOW_NEW_POSITIONS
2026-04-21,top10_production,6510,半導體業,12.0,0.05555555555555555,-0.18095238095238098,-0.010052910052910053,2026-04-22,2026-04-30,,False,OPEN,ALLOW_NEW_POSITIONS
2026-04-21,top10_production,4768,化學工業,16.0,0.05555555555555555,-0.11722912966252219,-0.006512729425695677,2026-04-22,2026-04-30,,False,OPEN,ALLOW_NEW_POSITIONS
2026-04-21,top10_production,3576,光電業,18.0,0.05555555555555555,-0.05325441649971718,-0.0029585786944287323,2026-04-22,2026-04-30,,False,OPEN,ALLOW_NEW_POSITIONS
2026-04-21,top10_production,3049,光電業,22.0,0.05555555555555555,-0.08270679441313211,-0.004594821911840672,2026-04-22,2026-04-30,,False,OPEN,ALLOW_NEW_POSITIONS
2026-04-21,top10_production,6854,其他,25.0,0.05555555555555555,-0.19638242894056845,-0.010910134941142692,2026-04-22,2026-04-30,,False,OPEN,ALLOW_NEW_POSITIONS
2026-04-21,top10_production,8064,光電業,26.0,0.05555555555555555,0.2606060606060605,0.014478114478114472,2026-04-22,2026-04-30,,False,OPEN,ALLOW_NEW_POSITIONS
2026-04-21,top10_production,1308,塑膠工業,27.0,0.05555555555555555,-0.03833862251887743,-0.002129923473270968,2026-04-22,2026-04-30,,False,OPEN,ALLOW_NEW_POSITIONS
2026-04-21,top10_production,1528,電機機械,28.0,0.05555555555555555,-0.03355704783899316,-0.00186428043549962,2026-04-22,2026-04-30,,False,OPEN,ALLOW_NEW_POSITIONS
2026-04-21,top10_production,3450,半導體業,29.0,0.05555555555555555,-0.20734908136482944,-0.01151939340915719,2026-04-22,2026-04-30,,False,OPEN,ALLOW_NEW_POSITIONS
2026-04-21,top15,2485,通信網路業,1.0,0.05555555555555555,-0.18810514128308475,-0.010450285626838042,2026-04-22,2026-04-30,,False,OPEN,ALLOW_NEW_POSITIONS
2026-04-21,top15,8027,電機機械,3.0,0.05555555555555555,0.2814569536423841,0.015636497424576894,2026-04-22,2026-04-30,,False,OPEN,ALLOW_NEW_POSITIONS
2026-04-21,top15,3491,通信網路業,4.0,0.05555555555555555,-0.12676056338028174,-0.007042253521126763,2026-04-22,2026-04-30,,False,OPEN,ALLOW_NEW_POSITIONS
2026-04-21,top15,1305,塑膠工業,5.0,0.05555555555555555,0.013651929566365517,0.0007584405314647509,2026-04-22,2026-04-30,,False,OPEN,ALLOW_NEW_POSITIONS
2026-04-21,top15,1309,塑膠工業,7.0,0.05555555555555555,0.0666666275415666,0.0037037015300870335,2026-04-22,2026-04-30,,False,OPEN,ALLOW_NEW_POSITIONS
2026-04-21,top15,6226,光電業,8.0,0.05555555555555555,-0.13448274546656114,-0.007471263637031174,2026-04-22,2026-04-30,,False,OPEN,ALLOW_NEW_POSITIONS
2026-04-21,top15,1808,建材營造業,9.0,0.05555555555555555,-0.04651161464410303,-0.002583978591339057,2026-04-22,2026-04-30,,False,OPEN,ALLOW_NEW_POSITIONS
2026-04-21,top15,3580,其他電子業,10.0,0.05555555555555555,0.033694381506273796,0.0018719100836818775,2026-04-22,2026-04-30,,False,OPEN,ALLOW_NEW_POSITIONS
2026-04-21,top15,1326,塑膠工業,11.0,0.05555555555555555,0.02952755949857755,0.001640419972143197,2026-04-22,2026-04-30,,False,OPEN,ALLOW_NEW_POSITIONS
2026-04-21,top15,6510,半導體業,12.0,0.05555555555555555,-0.18095238095238098,-0.010052910052910053,2026-04-22,2026-04-30,,False,OPEN,ALLOW_NEW_POSITIONS
2026-04-21,top15,4768,化學工業,16.0,0.05555555555555555,-0.11722912966252219,-0.006512729425695677,2026-04-22,2026-04-30,,False,OPEN,ALLOW_NEW_POSITIONS
2026-04-21,top15,3576,光電業,18.0,0.05555555555555555,-0.05325441649971718,-0.0029585786944287323,2026-04-22,2026-04-30,,False,OPEN,ALLOW_NEW_POSITIONS
2026-04-21,top15,3049,光電業,22.0,0.05555555555555555,-0.08270679441313211,-0.004594821911840672,2026-04-22,2026-04-30,,False,OPEN,ALLOW_NEW_POSITIONS
2026-04-21,top15,6854,其他,25.0,0.05555555555555555,-0.19638242894056845,-0.010910134941142692,2026-04-22,2026-04-30,,False,OPEN,ALLOW_NEW_POSITIONS
2026-04-21,top15,8064,光電業,26.0,0.05555555555555555,0.2606060606060605,0.014478114478114472,2026-04-22,2026-04-30,,False,OPEN,ALLOW_NEW_POSITIONS
2026-04-21,top15,1308,塑膠工業,27.0,0.05555555555555555,-0.03833862251887743,-0.002129923473270968,2026-04-22,2026-04-30,,False,OPEN,ALLOW_NEW_POSITIONS
2026-04-21,top15,1528,電機機械,28.0,0.05555555555555555,-0.03355704783899316,-0.00186428043549962,2026-04-22,2026-04-30,,False,OPEN,ALLOW_NEW_POSITIONS
2026-04-21,top15,3450,半導體業,29.0,0.05555555555555555,-0.20734908136482944,-0.01151939340915719,2026-04-22,2026-04-30,,False,OPEN,ALLOW_NEW_POSITIONS
2026-04-21,top20,2485,通信網路業,1.0,0.05555555555555555,-0.18810514128308475,-0.010450285626838042,2026-04-22,2026-04-30,,False,OPEN,ALLOW_NEW_POSITIONS
2026-04-21,top20,8027,電機機械,3.0,0.05555555555555555,0.2814569536423841,0.015636497424576894,2026-04-22,2026-04-30,,False,OPEN,ALLOW_NEW_POSITIONS
2026-04-21,top20,3491,通信網路業,4.0,0.05555555555555555,-0.12676056338028174,-0.007042253521126763,2026-04-22,2026-04-30,,False,OPEN,ALLOW_NEW_POSITIONS
2026-04-21,top20,1305,塑膠工業,5.0,0.05555555555555555,0.013651929566365517,0.0007584405314647509,2026-04-22,2026-04-30,,False,OPEN,ALLOW_NEW_POSITIONS
2026-04-21,top20,1309,塑膠工業,7.0,0.05555555555555555,0.0666666275415666,0.0037037015300870335,2026-04-22,2026-04-30,,False,OPEN,ALLOW_NEW_POSITIONS
2026-04-21,top20,6226,光電業,8.0,0.05555555555555555,-0.13448274546656114,-0.007471263637031174,2026-04-22,2026-04-30,,False,OPEN,ALLOW_NEW_POSITIONS
2026-04-21,top20,1808,建材營造業,9.0,0.05555555555555555,-0.04651161464410303,-0.002583978591339057,2026-04-22,2026-04-30,,False,OPEN,ALLOW_NEW_POSITIONS
2026-04-21,top20,3580,其他電子業,10.0,0.05555555555555555,0.033694381506273796,0.0018719100836818775,2026-04-22,2026-04-30,,False,OPEN,ALLOW_NEW_POSITIONS
2026-04-21,top20,1326,塑膠工業,11.0,0.05555555555555555,0.02952755949857755,0.001640419972143197,2026-04-22,2026-04-30,,False,OPEN,ALLOW_NEW_POSITIONS
2026-04-21,top20,6510,半導體業,12.0,0.05555555555555555,-0.18095238095238098,-0.010052910052910053,2026-04-22,2026-04-30,,False,OPEN,ALLOW_NEW_POSITIONS
2026-04-21,top20,4768,化學工業,16.0,0.05555555555555555,-0.11722912966252219,-0.006512729425695677,2026-04-22,2026-04-30,,False,OPEN,ALLOW_NEW_POSITIONS
2026-04-21,top20,3576,光電業,18.0,0.05555555555555555,-0.05325441649971718,-0.0029585786944287323,2026-04-22,2026-04-30,,False,OPEN,ALLOW_NEW_POSITIONS
2026-04-21,top20,3049,光電業,22.0,0.05555555555555555,-0.08270679441313211,-0.004594821911840672,2026-04-22,2026-04-30,,False,OPEN,ALLOW_NEW_POSITIONS
2026-04-21,top20,6854,其他,25.0,0.05555555555555555,-0.19638242894056845,-0.010910134941142692,2026-04-22,2026-04-30,,False,OPEN,ALLOW_NEW_POSITIONS
2026-04-21,top20,8064,光電業,26.0,0.05555555555555555,0.2606060606060605,0.014478114478114472,2026-04-22,2026-04-30,,False,OPEN,ALLOW_NEW_POSITIONS
2026-04-21,top20,1308,塑膠工業,27.0,0.05555555555555555,-0.03833862251887743,-0.002129923473270968,2026-04-22,2026-04-30,,False,OPEN,ALLOW_NEW_POSITIONS
2026-04-21,top20,1528,電機機械,28.0,0.05555555555555555,-0.03355704783899316,-0.00186428043549962,2026-04-22,2026-04-30,,False,OPEN,ALLOW_NEW_POSITIONS
2026-04-21,top20,3450,半導體業,29.0,0.05555555555555555,-0.20734908136482944,-0.01151939340915719,2026-04-22,2026-04-30,,False,OPEN,ALLOW_NEW_POSITIONS
2026-04-21,top30_no_prune,2485,通信網路業,1.0,0.05555555555555555,-0.18810514128308475,-0.010450285626838042,2026-04-22,2026-04-30,,False,OPEN,ALLOW_NEW_POSITIONS
2026-04-21,top30_no_prune,8027,電機機械,3.0,0.05555555555555555,0.2814569536423841,0.015636497424576894,2026-04-22,2026-04-30,,False,OPEN,ALLOW_NEW_POSITIONS
2026-04-21,top30_no_prune,3491,通信網路業,4.0,0.05555555555555555,-0.12676056338028174,-0.007042253521126763,2026-04-22,2026-04-30,,False,OPEN,ALLOW_NEW_POSITIONS
2026-04-21,top30_no_prune,1305,塑膠工業,5.0,0.05555555555555555,0.013651929566365517,0.0007584405314647509,2026-04-22,2026-04-30,,False,OPEN,ALLOW_NEW_POSITIONS
2026-04-21,top30_no_prune,1309,塑膠工業,7.0,0.05555555555555555,0.0666666275415666,0.0037037015300870335,2026-04-22,2026-04-30,,False,OPEN,ALLOW_NEW_POSITIONS
2026-04-21,top30_no_prune,6226,光電業,8.0,0.05555555555555555,-0.13448274546656114,-0.007471263637031174,2026-04-22,2026-04-30,,False,OPEN,ALLOW_NEW_POSITIONS
2026-04-21,top30_no_prune,1808,建材營造業,9.0,0.05555555555555555,-0.04651161464410303,-0.002583978591339057,2026-04-22,2026-04-30,,False,OPEN,ALLOW_NEW_POSITIONS
2026-04-21,top30_no_prune,3580,其他電子業,10.0,0.05555555555555555,0.033694381506273796,0.0018719100836818775,2026-04-22,2026-04-30,,False,OPEN,ALLOW_NEW_POSITIONS
2026-04-21,top30_no_prune,1326,塑膠工業,11.0,0.05555555555555555,0.02952755949857755,0.001640419972143197,2026-04-22,2026-04-30,,False,OPEN,ALLOW_NEW_POSITIONS
2026-04-21,top30_no_prune,6510,半導體業,12.0,0.05555555555555555,-0.18095238095238098,-0.010052910052910053,2026-04-22,2026-04-30,,False,OPEN,ALLOW_NEW_POSITIONS
2026-04-21,top30_no_prune,4768,化學工業,16.0,0.05555555555555555,-0.11722912966252219,-0.006512729425695677,2026-04-22,2026-04-30,,False,OPEN,ALLOW_NEW_POSITIONS
2026-04-21,top30_no_prune,3576,光電業,18.0,0.05555555555555555,-0.05325441649971718,-0.0029585786944287323,2026-04-22,2026-04-30,,False,OPEN,ALLOW_NEW_POSITIONS
2026-04-21,top30_no_prune,3049,光電業,22.0,0.05555555555555555,-0.08270679441313211,-0.004594821911840672,2026-04-22,2026-04-30,,False,OPEN,ALLOW_NEW_POSITIONS
2026-04-21,top30_no_prune,6854,其他,25.0,0.05555555555555555,-0.19638242894056845,-0.010910134941142692,2026-04-22,2026-04-30,,False,OPEN,ALLOW_NEW_POSITIONS
2026-04-21,top30_no_prune,8064,光電業,26.0,0.05555555555555555,0.2606060606060605,0.014478114478114472,2026-04-22,2026-04-30,,False,OPEN,ALLOW_NEW_POSITIONS
2026-04-21,top30_no_prune,1308,塑膠工業,27.0,0.05555555555555555,-0.03833862251887743,-0.002129923473270968,2026-04-22,2026-04-30,,False,OPEN,ALLOW_NEW_POSITIONS
2026-04-21,top30_no_prune,1528,電機機械,28.0,0.05555555555555555,-0.03355704783899316,-0.00186428043549962,2026-04-22,2026-04-30,,False,OPEN,ALLOW_NEW_POSITIONS
2026-04-21,top30_no_prune,3450,半導體業,29.0,0.05555555555555555,-0.20734908136482944,-0.01151939340915719,2026-04-22,2026-04-30,,False,OPEN,ALLOW_NEW_POSITIONS
2026-04-22,top10_production,6664,電子零組件業,3.0,0.07142857142857142,0.10071090047393372,0.007193635748138122,2026-04-23,2026-04-30,,False,OPEN,ALLOW_NEW_POSITIONS
2026-04-22,top10_production,2485,通信網路業,6.0,0.07142857142857142,-0.1778711553435519,-0.012705082524539422,2026-04-23,2026-04-30,,False,OPEN,ALLOW_NEW_POSITIONS
2026-04-22,top10_production,8027,電機機械,9.0,0.07142857142857142,0.2814569536423841,0.020104068117313148,2026-04-23,2026-04-30,,False,OPEN,ALLOW_NEW_POSITIONS
2026-04-22,top10_production,6226,光電業,12.0,0.07142857142857142,-0.10992908856739325,-0.007852077754813802,2026-04-23,2026-04-30,,False,OPEN,ALLOW_NEW_POSITIONS
2026-04-22,top10_production,3576,光電業,13.0,0.07142857142857142,-0.027355668210865325,-0.0019539763007760946,2026-04-23,2026-04-30,,False,OPEN,ALLOW_NEW_POSITIONS
2026-04-22,top10_production,3054,食品工業,17.0,0.07142857142857142,-0.10326085097397619,-0.007375775069569728,2026-04-23,2026-04-30,,False,OPEN,ALLOW_NEW_POSITIONS
2026-04-22,top10_production,3491,通信網路業,18.0,0.07142857142857142,-0.09090909090909094,-0.006493506493506496,2026-04-23,2026-04-30,,False,OPEN,ALLOW_NEW_POSITIONS
2026-04-22,top10_production,1309,塑膠工業,20.0,0.07142857142857142,0.09186352073943849,0.006561680052817034,2026-04-23,2026-04-30,,False,OPEN,ALLOW_NEW_POSITIONS
2026-04-22,top10_production,4768,化學工業,21.0,0.07142857142857142,-0.08302583025830257,-0.0059304164470216116,2026-04-23,2026-04-30,,False,OPEN,ALLOW_NEW_POSITIONS
2026-04-22,top10_production,3498,其他電子業,22.0,0.07142857142857142,0.0034324418435445203,0.00024517441739603713,2026-04-23,2026-04-30,,False,OPEN,ALLOW_NEW_POSITIONS
2026-04-22,top10_production,6465,通信網路業,23.0,0.07142857142857142,-0.1551401726553373,-0.011081440903952664,2026-04-23,2026-04-30,,False,OPEN,ALLOW_NEW_POSITIONS
2026-04-22,top10_production,3049,光電業,24.0,0.07142857142857142,-0.07924529741395192,-0.0056603783867108515,2026-04-23,2026-04-30,,False,OPEN,ALLOW_NEW_POSITIONS
2026-04-22,top10_production,1305,塑膠工業,25.0,0.07142857142857142,0.017123287223834494,0.0012230919445596067,2026-04-23,2026-04-30,,False,OPEN,ALLOW_NEW_POSITIONS
2026-04-22,top10_production,1808,建材營造業,28.0,0.07142857142857142,-0.051239644200348655,-0.0036599745857391897,2026-04-23,2026-04-30,,False,OPEN,ALLOW_NEW_POSITIONS
2026-04-22,top15,6664,電子零組件業,3.0,0.07142857142857142,0.10071090047393372,0.007193635748138122,2026-04-23,2026-04-30,,False,OPEN,ALLOW_NEW_POSITIONS
2026-04-22,top15,2485,通信網路業,6.0,0.07142857142857142,-0.1778711553435519,-0.012705082524539422,2026-04-23,2026-04-30,,False,OPEN,ALLOW_NEW_POSITIONS
2026-04-22,top15,8027,電機機械,9.0,0.07142857142857142,0.2814569536423841,0.020104068117313148,2026-04-23,2026-04-30,,False,OPEN,ALLOW_NEW_POSITIONS
2026-04-22,top15,6226,光電業,12.0,0.07142857142857142,-0.10992908856739325,-0.007852077754813802,2026-04-23,2026-04-30,,False,OPEN,ALLOW_NEW_POSITIONS
2026-04-22,top15,3576,光電業,13.0,0.07142857142857142,-0.027355668210865325,-0.0019539763007760946,2026-04-23,2026-04-30,,False,OPEN,ALLOW_NEW_POSITIONS
2026-04-22,top15,3054,食品工業,17.0,0.07142857142857142,-0.10326085097397619,-0.007375775069569728,2026-04-23,2026-04-30,,False,OPEN,ALLOW_NEW_POSITIONS
2026-04-22,top15,3491,通信網路業,18.0,0.07142857142857142,-0.09090909090909094,-0.006493506493506496,2026-04-23,2026-04-30,,False,OPEN,ALLOW_NEW_POSITIONS
2026-04-22,top15,1309,塑膠工業,20.0,0.07142857142857142,0.09186352073943849,0.006561680052817034,2026-04-23,2026-04-30,,False,OPEN,ALLOW_NEW_POSITIONS
2026-04-22,top15,4768,化學工業,21.0,0.07142857142857142,-0.08302583025830257,-0.0059304164470216116,2026-04-23,2026-04-30,,False,OPEN,ALLOW_NEW_POSITIONS
2026-04-22,top15,3498,其他電子業,22.0,0.07142857142857142,0.0034324418435445203,0.00024517441739603713,2026-04-23,2026-04-30,,False,OPEN,ALLOW_NEW_POSITIONS
2026-04-22,top15,6465,通信網路業,23.0,0.07142857142857142,-0.1551401726553373,-0.011081440903952664,2026-04-23,2026-04-30,,False,OPEN,ALLOW_NEW_POSITIONS
2026-04-22,top15,3049,光電業,24.0,0.07142857142857142,-0.07924529741395192,-0.0056603783867108515,2026-04-23,2026-04-30,,False,OPEN,ALLOW_NEW_POSITIONS
2026-04-22,top15,1305,塑膠工業,25.0,0.07142857142857142,0.017123287223834494,0.0012230919445596067,2026-04-23,2026-04-30,,False,OPEN,ALLOW_NEW_POSITIONS
2026-04-22,top15,1808,建材營造業,28.0,0.07142857142857142,-0.051239644200348655,-0.0036599745857391897,2026-04-23,2026-04-30,,False,OPEN,ALLOW_NEW_POSITIONS
2026-04-22,top20,6664,電子零組件業,3.0,0.07142857142857142,0.10071090047393372,0.007193635748138122,2026-04-23,2026-04-30,,False,OPEN,ALLOW_NEW_POSITIONS
2026-04-22,top20,2485,通信網路業,6.0,0.07142857142857142,-0.1778711553435519,-0.012705082524539422,2026-04-23,2026-04-30,,False,OPEN,ALLOW_NEW_POSITIONS
2026-04-22,top20,8027,電機機械,9.0,0.07142857142857142,0.2814569536423841,0.020104068117313148,2026-04-23,2026-04-30,,False,OPEN,ALLOW_NEW_POSITIONS
2026-04-22,top20,6226,光電業,12.0,0.07142857142857142,-0.10992908856739325,-0.007852077754813802,2026-04-23,2026-04-30,,False,OPEN,ALLOW_NEW_POSITIONS
2026-04-22,top20,3576,光電業,13.0,0.07142857142857142,-0.027355668210865325,-0.0019539763007760946,2026-04-23,2026-04-30,,False,OPEN,ALLOW_NEW_POSITIONS
2026-04-22,top20,3054,食品工業,17.0,0.07142857142857142,-0.10326085097397619,-0.007375775069569728,2026-04-23,2026-04-30,,False,OPEN,ALLOW_NEW_POSITIONS
2026-04-22,top20,3491,通信網路業,18.0,0.07142857142857142,-0.09090909090909094,-0.006493506493506496,2026-04-23,2026-04-30,,False,OPEN,ALLOW_NEW_POSITIONS
2026-04-22,top20,1309,塑膠工業,20.0,0.07142857142857142,0.09186352073943849,0.006561680052817034,2026-04-23,2026-04-30,,False,OPEN,ALLOW_NEW_POSITIONS
2026-04-22,top20,4768,化學工業,21.0,0.07142857142857142,-0.08302583025830257,-0.0059304164470216116,2026-04-23,2026-04-30,,False,OPEN,ALLOW_NEW_POSITIONS
2026-04-22,top20,3498,其他電子業,22.0,0.07142857142857142,0.0034324418435445203,0.00024517441739603713,2026-04-23,2026-04-30,,False,OPEN,ALLOW_NEW_POSITIONS
2026-04-22,top20,6465,通信網路業,23.0,0.07142857142857142,-0.1551401726553373,-0.011081440903952664,2026-04-23,2026-04-30,,False,OPEN,ALLOW_NEW_POSITIONS
2026-04-22,top20,3049,光電業,24.0,0.07142857142857142,-0.07924529741395192,-0.0056603783867108515,2026-04-23,2026-04-30,,False,OPEN,ALLOW_NEW_POSITIONS
2026-04-22,top20,1305,塑膠工業,25.0,0.07142857142857142,0.017123287223834494,0.0012230919445596067,2026-04-23,2026-04-30,,False,OPEN,ALLOW_NEW_POSITIONS
2026-04-22,top20,1808,建材營造業,28.0,0.07142857142857142,-0.051239644200348655,-0.0036599745857391897,2026-04-23,2026-04-30,,False,OPEN,ALLOW_NEW_POSITIONS
2026-04-22,top30_no_prune,6664,電子零組件業,3.0,0.07142857142857142,0.10071090047393372,0.007193635748138122,2026-04-23,2026-04-30,,False,OPEN,ALLOW_NEW_POSITIONS
2026-04-22,top30_no_prune,2485,通信網路業,6.0,0.07142857142857142,-0.1778711553435519,-0.012705082524539422,2026-04-23,2026-04-30,,False,OPEN,ALLOW_NEW_POSITIONS
2026-04-22,top30_no_prune,8027,電機機械,9.0,0.07142857142857142,0.2814569536423841,0.020104068117313148,2026-04-23,2026-04-30,,False,OPEN,ALLOW_NEW_POSITIONS
2026-04-22,top30_no_prune,6226,光電業,12.0,0.07142857142857142,-0.10992908856739325,-0.007852077754813802,2026-04-23,2026-04-30,,False,OPEN,ALLOW_NEW_POSITIONS
2026-04-22,top30_no_prune,3576,光電業,13.0,0.07142857142857142,-0.027355668210865325,-0.0019539763007760946,2026-04-23,2026-04-30,,False,OPEN,ALLOW_NEW_POSITIONS
2026-04-22,top30_no_prune,3054,食品工業,17.0,0.07142857142857142,-0.10326085097397619,-0.007375775069569728,2026-04-23,2026-04-30,,False,OPEN,ALLOW_NEW_POSITIONS
2026-04-22,top30_no_prune,3491,通信網路業,18.0,0.07142857142857142,-0.09090909090909094,-0.006493506493506496,2026-04-23,2026-04-30,,False,OPEN,ALLOW_NEW_POSITIONS
2026-04-22,top30_no_prune,1309,塑膠工業,20.0,0.07142857142857142,0.09186352073943849,0.006561680052817034,2026-04-23,2026-04-30,,False,OPEN,ALLOW_NEW_POSITIONS
2026-04-22,top30_no_prune,4768,化學工業,21.0,0.07142857142857142,-0.08302583025830257,-0.0059304164470216116,2026-04-23,2026-04-30,,False,OPEN,ALLOW_NEW_POSITIONS
2026-04-22,top30_no_prune,3498,其他電子業,22.0,0.07142857142857142,0.0034324418435445203,0.00024517441739603713,2026-04-23,2026-04-30,,False,OPEN,ALLOW_NEW_POSITIONS
2026-04-22,top30_no_prune,6465,通信網路業,23.0,0.07142857142857142,-0.1551401726553373,-0.011081440903952664,2026-04-23,2026-04-30,,False,OPEN,ALLOW_NEW_POSITIONS
2026-04-22,top30_no_prune,3049,光電業,24.0,0.07142857142857142,-0.07924529741395192,-0.0056603783867108515,2026-04-23,2026-04-30,,False,OPEN,ALLOW_NEW_POSITIONS
2026-04-22,top30_no_prune,1305,塑膠工業,25.0,0.07142857142857142,0.017123287223834494,0.0012230919445596067,2026-04-23,2026-04-30,,False,OPEN,ALLOW_NEW_POSITIONS
2026-04-22,top30_no_prune,1808,建材營造業,28.0,0.07142857142857142,-0.051239644200348655,-0.0036599745857391897,2026-04-23,2026-04-30,,False,OPEN,ALLOW_NEW_POSITIONS
2026-04-23,top10_production,2485,通信網路業,1.0,0.047619047619047616,-0.06379585249326358,-0.003037897737774456,2026-04-24,2026-04-30,,False,OPEN,ALLOW_NEW_POSITIONS
2026-04-23,top10_production,6588,通信網路業,2.0,0.047619047619047616,0.03690036900368998,0.001757160428747142,2026-04-24,2026-04-30,,False,OPEN,ALLOW_NEW_POSITIONS
2026-04-23,top10_production,3131,其他電子業,4.0,0.047619047619047616,-0.060509554140127375,-0.0028814073400060653,2026-04-24,2026-04-30,,False,OPEN,ALLOW_NEW_POSITIONS
2026-04-23,top10_production,8027,電機機械,5.0,0.047619047619047616,0.29000000000000004,0.01380952380952381,2026-04-24,2026-04-30,,False,OPEN,ALLOW_NEW_POSITIONS
2026-04-23,top10_production,6739,其他電子業,6.0,0.047619047619047616,-0.08387096774193548,-0.003993855606758832,2026-04-24,2026-04-30,,False,OPEN,ALLOW_NEW_POSITIONS
2026-04-23,top10_production,3576,光電業,8.0,0.047619047619047616,0.025641000560833627,0.0012210000267063631,2026-04-24,2026-04-30,,False,OPEN,ALLOW_NEW_POSITIONS
2026-04-23,top10_production,6226,光電業,9.0,0.047619047619047616,-0.023346317652058524,-0.0011117294120027868,2026-04-24,2026-04-30,,False,OPEN,ALLOW_NEW_POSITIONS
2026-04-23,top10_production,3498,其他電子業,12.0,0.047619047619047616,0.09351621303477353,0.0044531530016558825,2026-04-24,2026-04-30,,False,OPEN,ALLOW_NEW_POSITIONS
2026-04-23,top10_production,3580,其他電子業,13.0,0.047619047619047616,0.09426753536151478,0.004488930255310227,2026-04-24,2026-04-30,,False,OPEN,ALLOW_NEW_POSITIONS
2026-04-23,top10_production,6168,光電業,14.0,0.047619047619047616,-0.04380950927734373,-0.002086167108444939,2026-04-24,2026-04-30,,False,OPEN,ALLOW_NEW_POSITIONS
2026-04-23,top10_production,6510,半導體業,17.0,0.047619047619047616,-0.12020460358056262,-0.005724028741931553,2026-04-24,2026-04-30,,False,OPEN,ALLOW_NEW_POSITIONS
2026-04-23,top10_production,1305,塑膠工業,18.0,0.047619047619047616,-0.023026278433376457,-0.0010964894492084027,2026-04-24,2026-04-30,,False,OPEN,ALLOW_NEW_POSITIONS
2026-04-23,top10_production,3491,通信網路業,19.0,0.047619047619047616,0.0,0.0,2026-04-24,2026-04-30,,False,OPEN,ALLOW_NEW_POSITIONS
2026-04-23,top10_production,3324,其他電子業,20.0,0.047619047619047616,-0.008695652173912993,-0.0004140786749482378,2026-04-24,2026-04-30,,False,OPEN,ALLOW_NEW_POSITIONS
2026-04-23,top10_production,2527,建材營造業,23.0,0.047619047619047616,-0.0087336026313527,-0.00041588583958822377,2026-04-24,2026-04-30,,False,OPEN,ALLOW_NEW_POSITIONS
2026-04-23,top10_production,2367,電子零組件業,25.0,0.047619047619047616,-0.04628097912496776,-0.002203856148807988,2026-04-24,2026-04-30,,False,OPEN,ALLOW_NEW_POSITIONS
2026-04-23,top10_production,4768,化學工業,26.0,0.047619047619047616,-0.05513307984790872,-0.0026253847546623198,2026-04-24,2026-04-30,,False,OPEN,ALLOW_NEW_POSITIONS
2026-04-23,top10_production,6664,電子零組件業,27.0,0.047619047619047616,0.11927710843373496,0.005679862306368331,2026-04-24,2026-04-30,,False,OPEN,ALLOW_NEW_POSITIONS
2026-04-23,top10_production,1309,塑膠工業,28.0,0.047619047619047616,-0.009523845854259694,-0.00045351646925046157,2026-04-24,2026-04-30,,False,OPEN,ALLOW_NEW_POSITIONS
2026-04-23,top10_production,3049,光電業,29.0,0.047619047619047616,-0.02400001525878903,-0.0011428578694661442,2026-04-24,2026-04-30,,False,OPEN,ALLOW_NEW_POSITIONS
2026-04-23,top10_production,1528,電機機械,30.0,0.047619047619047616,0.07865162599680398,0.003745315523657332,2026-04-24,2026-04-30,,False,OPEN,ALLOW_NEW_POSITIONS
2026-04-23,top15,2485,通信網路業,1.0,0.047619047619047616,-0.06379585249326358,-0.003037897737774456,2026-04-24,2026-04-30,,False,OPEN,ALLOW_NEW_POSITIONS
2026-04-23,top15,6588,通信網路業,2.0,0.047619047619047616,0.03690036900368998,0.001757160428747142,2026-04-24,2026-04-30,,False,OPEN,ALLOW_NEW_POSITIONS
2026-04-23,top15,3131,其他電子業,4.0,0.047619047619047616,-0.060509554140127375,-0.0028814073400060653,2026-04-24,2026-04-30,,False,OPEN,ALLOW_NEW_POSITIONS
2026-04-23,top15,8027,電機機械,5.0,0.047619047619047616,0.29000000000000004,0.01380952380952381,2026-04-24,2026-04-30,,False,OPEN,ALLOW_NEW_POSITIONS
2026-04-23,top15,6739,其他電子業,6.0,0.047619047619047616,-0.08387096774193548,-0.003993855606758832,2026-04-24,2026-04-30,,False,OPEN,ALLOW_NEW_POSITIONS
2026-04-23,top15,3576,光電業,8.0,0.047619047619047616,0.025641000560833627,0.0012210000267063631,2026-04-24,2026-04-30,,False,OPEN,ALLOW_NEW_POSITIONS
2026-04-23,top15,6226,光電業,9.0,0.047619047619047616,-0.023346317652058524,-0.0011117294120027868,2026-04-24,2026-04-30,,False,OPEN,ALLOW_NEW_POSITIONS
2026-04-23,top15,3498,其他電子業,12.0,0.047619047619047616,0.09351621303477353,0.0044531530016558825,2026-04-24,2026-04-30,,False,OPEN,ALLOW_NEW_POSITIONS
2026-04-23,top15,3580,其他電子業,13.0,0.047619047619047616,0.09426753536151478,0.004488930255310227,2026-04-24,2026-04-30,,False,OPEN,ALLOW_NEW_POSITIONS
2026-04-23,top15,6168,光電業,14.0,0.047619047619047616,-0.04380950927734373,-0.002086167108444939,2026-04-24,2026-04-30,,False,OPEN,ALLOW_NEW_POSITIONS
2026-04-23,top15,6510,半導體業,17.0,0.047619047619047616,-0.12020460358056262,-0.005724028741931553,2026-04-24,2026-04-30,,False,OPEN,ALLOW_NEW_POSITIONS
2026-04-23,top15,1305,塑膠工業,18.0,0.047619047619047616,-0.023026278433376457,-0.0010964894492084027,2026-04-24,2026-04-30,,False,OPEN,ALLOW_NEW_POSITIONS
2026-04-23,top15,3491,通信網路業,19.0,0.047619047619047616,0.0,0.0,2026-04-24,2026-04-30,,False,OPEN,ALLOW_NEW_POSITIONS
2026-04-23,top15,3324,其他電子業,20.0,0.047619047619047616,-0.008695652173912993,-0.0004140786749482378,2026-04-24,2026-04-30,,False,OPEN,ALLOW_NEW_POSITIONS
2026-04-23,top15,2527,建材營造業,23.0,0.047619047619047616,-0.0087336026313527,-0.00041588583958822377,2026-04-24,2026-04-30,,False,OPEN,ALLOW_NEW_POSITIONS
2026-04-23,top15,2367,電子零組件業,25.0,0.047619047619047616,-0.04628097912496776,-0.002203856148807988,2026-04-24,2026-04-30,,False,OPEN,ALLOW_NEW_POSITIONS
2026-04-23,top15,4768,化學工業,26.0,0.047619047619047616,-0.05513307984790872,-0.0026253847546623198,2026-04-24,2026-04-30,,False,OPEN,ALLOW_NEW_POSITIONS
2026-04-23,top15,6664,電子零組件業,27.0,0.047619047619047616,0.11927710843373496,0.005679862306368331,2026-04-24,2026-04-30,,False,OPEN,ALLOW_NEW_POSITIONS
2026-04-23,top15,1309,塑膠工業,28.0,0.047619047619047616,-0.009523845854259694,-0.00045351646925046157,2026-04-24,2026-04-30,,False,OPEN,ALLOW_NEW_POSITIONS
2026-04-23,top15,3049,光電業,29.0,0.047619047619047616,-0.02400001525878903,-0.0011428578694661442,2026-04-24,2026-04-30,,False,OPEN,ALLOW_NEW_POSITIONS
2026-04-23,top15,1528,電機機械,30.0,0.047619047619047616,0.07865162599680398,0.003745315523657332,2026-04-24,2026-04-30,,False,OPEN,ALLOW_NEW_POSITIONS
2026-04-23,top20,2485,通信網路業,1.0,0.047619047619047616,-0.06379585249326358,-0.003037897737774456,2026-04-24,2026-04-30,,False,OPEN,ALLOW_NEW_POSITIONS
2026-04-23,top20,6588,通信網路業,2.0,0.047619047619047616,0.03690036900368998,0.001757160428747142,2026-04-24,2026-04-30,,False,OPEN,ALLOW_NEW_POSITIONS
2026-04-23,top20,3131,其他電子業,4.0,0.047619047619047616,-0.060509554140127375,-0.0028814073400060653,2026-04-24,2026-04-30,,False,OPEN,ALLOW_NEW_POSITIONS
2026-04-23,top20,8027,電機機械,5.0,0.047619047619047616,0.29000000000000004,0.01380952380952381,2026-04-24,2026-04-30,,False,OPEN,ALLOW_NEW_POSITIONS
2026-04-23,top20,6739,其他電子業,6.0,0.047619047619047616,-0.08387096774193548,-0.003993855606758832,2026-04-24,2026-04-30,,False,OPEN,ALLOW_NEW_POSITIONS
2026-04-23,top20,3576,光電業,8.0,0.047619047619047616,0.025641000560833627,0.0012210000267063631,2026-04-24,2026-04-30,,False,OPEN,ALLOW_NEW_POSITIONS
2026-04-23,top20,6226,光電業,9.0,0.047619047619047616,-0.023346317652058524,-0.0011117294120027868,2026-04-24,2026-04-30,,False,OPEN,ALLOW_NEW_POSITIONS
2026-04-23,top20,3498,其他電子業,12.0,0.047619047619047616,0.09351621303477353,0.0044531530016558825,2026-04-24,2026-04-30,,False,OPEN,ALLOW_NEW_POSITIONS
2026-04-23,top20,3580,其他電子業,13.0,0.047619047619047616,0.09426753536151478,0.004488930255310227,2026-04-24,2026-04-30,,False,OPEN,ALLOW_NEW_POSITIONS
2026-04-23,top20,6168,光電業,14.0,0.047619047619047616,-0.04380950927734373,-0.002086167108444939,2026-04-24,2026-04-30,,False,OPEN,ALLOW_NEW_POSITIONS
2026-04-23,top20,6510,半導體業,17.0,0.047619047619047616,-0.12020460358056262,-0.005724028741931553,2026-04-24,2026-04-30,,False,OPEN,ALLOW_NEW_POSITIONS
2026-04-23,top20,1305,塑膠工業,18.0,0.047619047619047616,-0.023026278433376457,-0.0010964894492084027,2026-04-24,2026-04-30,,False,OPEN,ALLOW_NEW_POSITIONS
2026-04-23,top20,3491,通信網路業,19.0,0.047619047619047616,0.0,0.0,2026-04-24,2026-04-30,,False,OPEN,ALLOW_NEW_POSITIONS
2026-04-23,top20,3324,其他電子業,20.0,0.047619047619047616,-0.008695652173912993,-0.0004140786749482378,2026-04-24,2026-04-30,,False,OPEN,ALLOW_NEW_POSITIONS
2026-04-23,top20,2527,建材營造業,23.0,0.047619047619047616,-0.0087336026313527,-0.00041588583958822377,2026-04-24,2026-04-30,,False,OPEN,ALLOW_NEW_POSITIONS
2026-04-23,top20,2367,電子零組件業,25.0,0.047619047619047616,-0.04628097912496776,-0.002203856148807988,2026-04-24,2026-04-30,,False,OPEN,ALLOW_NEW_POSITIONS
2026-04-23,top20,4768,化學工業,26.0,0.047619047619047616,-0.05513307984790872,-0.0026253847546623198,2026-04-24,2026-04-30,,False,OPEN,ALLOW_NEW_POSITIONS
2026-04-23,top20,6664,電子零組件業,27.0,0.047619047619047616,0.11927710843373496,0.005679862306368331,2026-04-24,2026-04-30,,False,OPEN,ALLOW_NEW_POSITIONS
2026-04-23,top20,1309,塑膠工業,28.0,0.047619047619047616,-0.009523845854259694,-0.00045351646925046157,2026-04-24,2026-04-30,,False,OPEN,ALLOW_NEW_POSITIONS
2026-04-23,top20,3049,光電業,29.0,0.047619047619047616,-0.02400001525878903,-0.0011428578694661442,2026-04-24,2026-04-30,,False,OPEN,ALLOW_NEW_POSITIONS
2026-04-23,top20,1528,電機機械,30.0,0.047619047619047616,0.07865162599680398,0.003745315523657332,2026-04-24,2026-04-30,,False,OPEN,ALLOW_NEW_POSITIONS
2026-04-23,top30_no_prune,2485,通信網路業,1.0,0.047619047619047616,-0.06379585249326358,-0.003037897737774456,2026-04-24,2026-04-30,,False,OPEN,ALLOW_NEW_POSITIONS
2026-04-23,top30_no_prune,6588,通信網路業,2.0,0.047619047619047616,0.03690036900368998,0.001757160428747142,2026-04-24,2026-04-30,,False,OPEN,ALLOW_NEW_POSITIONS
2026-04-23,top30_no_prune,3131,其他電子業,4.0,0.047619047619047616,-0.060509554140127375,-0.0028814073400060653,2026-04-24,2026-04-30,,False,OPEN,ALLOW_NEW_POSITIONS
2026-04-23,top30_no_prune,8027,電機機械,5.0,0.047619047619047616,0.29000000000000004,0.01380952380952381,2026-04-24,2026-04-30,,False,OPEN,ALLOW_NEW_POSITIONS
2026-04-23,top30_no_prune,6739,其他電子業,6.0,0.047619047619047616,-0.08387096774193548,-0.003993855606758832,2026-04-24,2026-04-30,,False,OPEN,ALLOW_NEW_POSITIONS
2026-04-23,top30_no_prune,3576,光電業,8.0,0.047619047619047616,0.025641000560833627,0.0012210000267063631,2026-04-24,2026-04-30,,False,OPEN,ALLOW_NEW_POSITIONS
2026-04-23,top30_no_prune,6226,光電業,9.0,0.047619047619047616,-0.023346317652058524,-0.0011117294120027868,2026-04-24,2026-04-30,,False,OPEN,ALLOW_NEW_POSITIONS
2026-04-23,top30_no_prune,3498,其他電子業,12.0,0.047619047619047616,0.09351621303477353,0.0044531530016558825,2026-04-24,2026-04-30,,False,OPEN,ALLOW_NEW_POSITIONS
2026-04-23,top30_no_prune,3580,其他電子業,13.0,0.047619047619047616,0.09426753536151478,0.004488930255310227,2026-04-24,2026-04-30,,False,OPEN,ALLOW_NEW_POSITIONS
2026-04-23,top30_no_prune,6168,光電業,14.0,0.047619047619047616,-0.04380950927734373,-0.002086167108444939,2026-04-24,2026-04-30,,False,OPEN,ALLOW_NEW_POSITIONS
2026-04-23,top30_no_prune,6510,半導體業,17.0,0.047619047619047616,-0.12020460358056262,-0.005724028741931553,2026-04-24,2026-04-30,,False,OPEN,ALLOW_NEW_POSITIONS
2026-04-23,top30_no_prune,1305,塑膠工業,18.0,0.047619047619047616,-0.023026278433376457,-0.0010964894492084027,2026-04-24,2026-04-30,,False,OPEN,ALLOW_NEW_POSITIONS
2026-04-23,top30_no_prune,3491,通信網路業,19.0,0.047619047619047616,0.0,0.0,2026-04-24,2026-04-30,,False,OPEN,ALLOW_NEW_POSITIONS
2026-04-23,top30_no_prune,3324,其他電子業,20.0,0.047619047619047616,-0.008695652173912993,-0.0004140786749482378,2026-04-24,2026-04-30,,False,OPEN,ALLOW_NEW_POSITIONS
2026-04-23,top30_no_prune,2527,建材營造業,23.0,0.047619047619047616,-0.0087336026313527,-0.00041588583958822377,2026-04-24,2026-04-30,,False,OPEN,ALLOW_NEW_POSITIONS
2026-04-23,top30_no_prune,2367,電子零組件業,25.0,0.047619047619047616,-0.04628097912496776,-0.002203856148807988,2026-04-24,2026-04-30,,False,OPEN,ALLOW_NEW_POSITIONS
2026-04-23,top30_no_prune,4768,化學工業,26.0,0.047619047619047616,-0.05513307984790872,-0.0026253847546623198,2026-04-24,2026-04-30,,False,OPEN,ALLOW_NEW_POSITIONS
2026-04-23,top30_no_prune,6664,電子零組件業,27.0,0.047619047619047616,0.11927710843373496,0.005679862306368331,2026-04-24,2026-04-30,,False,OPEN,ALLOW_NEW_POSITIONS
2026-04-23,top30_no_prune,1309,塑膠工業,28.0,0.047619047619047616,-0.009523845854259694,-0.00045351646925046157,2026-04-24,2026-04-30,,False,OPEN,ALLOW_NEW_POSITIONS
2026-04-23,top30_no_prune,3049,光電業,29.0,0.047619047619047616,-0.02400001525878903,-0.0011428578694661442,2026-04-24,2026-04-30,,False,OPEN,ALLOW_NEW_POSITIONS
2026-04-23,top30_no_prune,1528,電機機械,30.0,0.047619047619047616,0.07865162599680398,0.003745315523657332,2026-04-24,2026-04-30,,False,OPEN,ALLOW_NEW_POSITIONS
2026-04-24,top10_production,3131,其他電子業,1.0,0.25,-0.057507987220447254,-0.014376996805111814,2026-04-27,2026-04-30,,False,CAUTION,LIMIT_20D_TOP10_AND_BLOCK_T1
2026-04-24,top10_production,6588,通信網路業,2.0,0.25,0.15163934426229497,0.03790983606557374,2026-04-27,2026-04-30,,False,CAUTION,LIMIT_20D_TOP10_AND_BLOCK_T1
2026-04-24,top10_production,6693,半導體業,4.0,0.25,-0.037931034482758585,-0.009482758620689646,2026-04-27,2026-04-30,,False,CAUTION,LIMIT_20D_TOP10_AND_BLOCK_T1
2026-04-24,top10_production,3491,通信網路業,8.0,0.25,-0.06060606060606055,-0.015151515151515138,2026-04-27,2026-04-30,,False,CAUTION,LIMIT_20D_TOP10_AND_BLOCK_T1
2026-04-24,top15,3131,其他電子業,1.0,0.16666666666666666,-0.057507987220447254,-0.009584664536741208,2026-04-27,2026-04-30,,False,CAUTION,LIMIT_20D_TOP10_AND_BLOCK_T1
2026-04-24,top15,6588,通信網路業,2.0,0.16666666666666666,0.15163934426229497,0.025273224043715826,2026-04-27,2026-04-30,,False,CAUTION,LIMIT_20D_TOP10_AND_BLOCK_T1
2026-04-24,top15,6693,半導體業,4.0,0.16666666666666666,-0.037931034482758585,-0.006321839080459764,2026-04-27,2026-04-30,,False,CAUTION,LIMIT_20D_TOP10_AND_BLOCK_T1
2026-04-24,top15,3491,通信網路業,8.0,0.16666666666666666,-0.06060606060606055,-0.010101010101010091,2026-04-27,2026-04-30,,False,CAUTION,LIMIT_20D_TOP10_AND_BLOCK_T1
2026-04-24,top15,2485,通信網路業,13.0,0.16666666666666666,-0.05322579414613782,-0.00887096569102297,2026-04-27,2026-04-30,MARKET_REGIME_CAUTION,True,CAUTION,LIMIT_20D_TOP10_AND_BLOCK_T1
2026-04-24,top15,3533,電子零組件業,14.0,0.16666666666666666,0.025490196078431282,0.00424836601307188,2026-04-27,2026-04-30,MARKET_REGIME_CAUTION,True,CAUTION,LIMIT_20D_TOP10_AND_BLOCK_T1
2026-04-24,top20,3131,其他電子業,1.0,0.1111111111111111,-0.057507987220447254,-0.006389776357827472,2026-04-27,2026-04-30,,False,CAUTION,LIMIT_20D_TOP10_AND_BLOCK_T1
2026-04-24,top20,6588,通信網路業,2.0,0.1111111111111111,0.15163934426229497,0.016848816029143884,2026-04-27,2026-04-30,,False,CAUTION,LIMIT_20D_TOP10_AND_BLOCK_T1
2026-04-24,top20,6693,半導體業,4.0,0.1111111111111111,-0.037931034482758585,-0.004214559386973176,2026-04-27,2026-04-30,,False,CAUTION,LIMIT_20D_TOP10_AND_BLOCK_T1
2026-04-24,top20,3491,通信網路業,8.0,0.1111111111111111,-0.06060606060606055,-0.006734006734006728,2026-04-27,2026-04-30,,False,CAUTION,LIMIT_20D_TOP10_AND_BLOCK_T1
2026-04-24,top20,2485,通信網路業,13.0,0.1111111111111111,-0.05322579414613782,-0.005913977127348646,2026-04-27,2026-04-30,MARKET_REGIME_CAUTION,True,CAUTION,LIMIT_20D_TOP10_AND_BLOCK_T1
2026-04-24,top20,3533,電子零組件業,14.0,0.1111111111111111,0.025490196078431282,0.0028322440087145866,2026-04-27,2026-04-30,MARKET_REGIME_CAUTION,True,CAUTION,LIMIT_20D_TOP10_AND_BLOCK_T1
2026-04-24,top20,3580,其他電子業,18.0,0.1111111111111111,0.048840047930109876,0.00542667199223443,2026-04-27,2026-04-30,MARKET_REGIME_CAUTION,True,CAUTION,LIMIT_20D_TOP10_AND_BLOCK_T1
2026-04-24,top20,4760,其他電子業,19.0,0.1111111111111111,0.0387931034482758,0.0043103448275862,2026-04-27,2026-04-30,MARKET_REGIME_CAUTION,True,CAUTION,LIMIT_20D_TOP10_AND_BLOCK_T1
2026-04-24,top20,2360,其他電子業,20.0,0.1111111111111111,0.07070707070707072,0.007856341189674524,2026-04-27,2026-04-30,MARKET_REGIME_CAUTION,True,CAUTION,LIMIT_20D_TOP10_AND_BLOCK_T1
2026-04-24,top30_no_prune,3131,其他電子業,1.0,0.0625,-0.057507987220447254,-0.0035942492012779534,2026-04-27,2026-04-30,,False,CAUTION,LIMIT_20D_TOP10_AND_BLOCK_T1
2026-04-24,top30_no_prune,6588,通信網路業,2.0,0.0625,0.15163934426229497,0.009477459016393436,2026-04-27,2026-04-30,,False,CAUTION,LIMIT_20D_TOP10_AND_BLOCK_T1
2026-04-24,top30_no_prune,6693,半導體業,4.0,0.0625,-0.037931034482758585,-0.0023706896551724116,2026-04-27,2026-04-30,,False,CAUTION,LIMIT_20D_TOP10_AND_BLOCK_T1
2026-04-24,top30_no_prune,3491,通信網路業,8.0,0.0625,-0.06060606060606055,-0.0037878787878787845,2026-04-27,2026-04-30,,False,CAUTION,LIMIT_20D_TOP10_AND_BLOCK_T1
2026-04-24,top30_no_prune,2485,通信網路業,13.0,0.0625,-0.05322579414613782,-0.0033266121341336136,2026-04-27,2026-04-30,MARKET_REGIME_CAUTION,True,CAUTION,LIMIT_20D_TOP10_AND_BLOCK_T1
2026-04-24,top30_no_prune,3533,電子零組件業,14.0,0.0625,0.025490196078431282,0.0015931372549019551,2026-04-27,2026-04-30,MARKET_REGIME_CAUTION,True,CAUTION,LIMIT_20D_TOP10_AND_BLOCK_T1
2026-04-24,top30_no_prune,3580,其他電子業,18.0,0.0625,0.048840047930109876,0.0030525029956318672,2026-04-27,2026-04-30,MARKET_REGIME_CAUTION,True,CAUTION,LIMIT_20D_TOP10_AND_BLOCK_T1
2026-04-24,top30_no_prune,4760,其他電子業,19.0,0.0625,0.0387931034482758,0.0024245689655172376,2026-04-27,2026-04-30,MARKET_REGIME_CAUTION,True,CAUTION,LIMIT_20D_TOP10_AND_BLOCK_T1
2026-04-24,top30_no_prune,2360,其他電子業,20.0,0.0625,0.07070707070707072,0.00441919191919192,2026-04-27,2026-04-30,MARKET_REGIME_CAUTION,True,CAUTION,LIMIT_20D_TOP10_AND_BLOCK_T1
2026-04-24,top30_no_prune,6739,其他電子業,21.0,0.0625,-0.046979865771812124,-0.0029362416107382577,2026-04-27,2026-04-30,MARKET_REGIME_CAUTION,True,CAUTION,LIMIT_20D_TOP10_AND_BLOCK_T1
2026-04-24,top30_no_prune,3576,光電業,22.0,0.0625,0.05960262223799173,0.003725163889874483,2026-04-27,2026-04-30,MARKET_REGIME_CAUTION,True,CAUTION,LIMIT_20D_TOP10_AND_BLOCK_T1
2026-04-24,top30_no_prune,6426,通信網路業,25.0,0.0625,0.051764705882352935,0.0032352941176470584,2026-04-27,2026-04-30,MARKET_REGIME_CAUTION,True,CAUTION,LIMIT_20D_TOP10_AND_BLOCK_T1
2026-04-24,top30_no_prune,2313,電子零組件業,26.0,0.0625,0.11389521640091127,0.007118451025056954,2026-04-27,2026-04-30,MARKET_REGIME_CAUTION,True,CAUTION,LIMIT_20D_TOP10_AND_BLOCK_T1
2026-04-24,top30_no_prune,1590,電機機械,27.0,0.0625,0.01041666666666674,0.0006510416666666713,2026-04-27,2026-04-30,MARKET_REGIME_CAUTION,True,CAUTION,LIMIT_20D_TOP10_AND_BLOCK_T1
2026-04-24,top30_no_prune,1560,電機機械,28.0,0.0625,-0.016393442622950838,-0.0010245901639344274,2026-04-27,2026-04-30,MARKET_REGIME_CAUTION,True,CAUTION,LIMIT_20D_TOP10_AND_BLOCK_T1
2026-04-24,top30_no_prune,1309,塑膠工業,29.0,0.0625,0.03482581305004118,0.0021766133156275735,2026-04-27,2026-04-30,MARKET_REGIME_CAUTION,True,CAUTION,LIMIT_20D_TOP10_AND_BLOCK_T1
2026-04-27,top10_production,3131,其他電子業,1.0,0.2,0.02430555555555558,0.004861111111111116,2026-04-28,2026-04-30,,False,CAUTION,LIMIT_20D_TOP10_AND_BLOCK_T1
2026-04-27,top10_production,6588,通信網路業,3.0,0.2,0.13765182186234814,0.02753036437246963,2026-04-28,2026-04-30,,False,CAUTION,LIMIT_20D_TOP10_AND_BLOCK_T1
2026-04-27,top10_production,3491,通信網路業,4.0,0.2,-0.049079754601227044,-0.00981595092024541,2026-04-28,2026-04-30,,False,CAUTION,LIMIT_20D_TOP10_AND_BLOCK_T1
2026-04-27,top10_production,6568,半導體業,8.0,0.2,-0.041916167664670656,-0.008383233532934131,2026-04-28,2026-04-30,,False,CAUTION,LIMIT_20D_TOP10_AND_BLOCK_T1
2026-04-27,top10_production,2485,通信網路業,10.0,0.2,-0.05778488793270409,-0.011556977586540819,2026-04-28,2026-04-30,,False,CAUTION,LIMIT_20D_TOP10_AND_BLOCK_T1
2026-04-27,top15,3131,其他電子業,1.0,0.14285714285714285,0.02430555555555558,0.0034722222222222255,2026-04-28,2026-04-30,,False,CAUTION,LIMIT_20D_TOP10_AND_BLOCK_T1
2026-04-27,top15,6588,通信網路業,3.0,0.14285714285714285,0.13765182186234814,0.019664545980335447,2026-04-28,2026-04-30,,False,CAUTION,LIMIT_20D_TOP10_AND_BLOCK_T1
2026-04-27,top15,3491,通信網路業,4.0,0.14285714285714285,-0.049079754601227044,-0.007011393514461006,2026-04-28,2026-04-30,,False,CAUTION,LIMIT_20D_TOP10_AND_BLOCK_T1
2026-04-27,top15,6568,半導體業,8.0,0.14285714285714285,-0.041916167664670656,-0.005988023952095808,2026-04-28,2026-04-30,,False,CAUTION,LIMIT_20D_TOP10_AND_BLOCK_T1
2026-04-27,top15,2485,通信網路業,10.0,0.14285714285714285,-0.05778488793270409,-0.008254983990386298,2026-04-28,2026-04-30,,False,CAUTION,LIMIT_20D_TOP10_AND_BLOCK_T1
2026-04-27,top15,6788,半導體業,11.0,0.14285714285714285,0.013761467889908285,0.0019659239842726123,2026-04-28,2026-04-30,MARKET_REGIME_CAUTION,True,CAUTION,LIMIT_20D_TOP10_AND_BLOCK_T1
2026-04-27,top15,6693,半導體業,15.0,0.14285714285714285,0.029520295202952074,0.004217185028993153,2026-04-28,2026-04-30,MARKET_REGIME_CAUTION,True,CAUTION,LIMIT_20D_TOP10_AND_BLOCK_T1
2026-04-27,top20,3131,其他電子業,1.0,0.1,0.02430555555555558,0.002430555555555558,2026-04-28,2026-04-30,,False,CAUTION,LIMIT_20D_TOP10_AND_BLOCK_T1
2026-04-27,top20,6588,通信網路業,3.0,0.1,0.13765182186234814,0.013765182186234815,2026-04-28,2026-04-30,,False,CAUTION,LIMIT_20D_TOP10_AND_BLOCK_T1
2026-04-27,top20,3491,通信網路業,4.0,0.1,-0.049079754601227044,-0.004907975460122705,2026-04-28,2026-04-30,,False,CAUTION,LIMIT_20D_TOP10_AND_BLOCK_T1
2026-04-27,top20,6568,半導體業,8.0,0.1,-0.041916167664670656,-0.004191616766467066,2026-04-28,2026-04-30,,False,CAUTION,LIMIT_20D_TOP10_AND_BLOCK_T1
2026-04-27,top20,2485,通信網路業,10.0,0.1,-0.05778488793270409,-0.0057784887932704095,2026-04-28,2026-04-30,,False,CAUTION,LIMIT_20D_TOP10_AND_BLOCK_T1
2026-04-27,top20,6788,半導體業,11.0,0.1,0.013761467889908285,0.0013761467889908286,2026-04-28,2026-04-30,MARKET_REGIME_CAUTION,True,CAUTION,LIMIT_20D_TOP10_AND_BLOCK_T1
2026-04-27,top20,6693,半導體業,15.0,0.1,0.029520295202952074,0.0029520295202952076,2026-04-28,2026-04-30,MARKET_REGIME_CAUTION,True,CAUTION,LIMIT_20D_TOP10_AND_BLOCK_T1
2026-04-27,top20,6426,通信網路業,17.0,0.1,0.07194244604316546,0.007194244604316547,2026-04-28,2026-04-30,MARKET_REGIME_CAUTION,True,CAUTION,LIMIT_20D_TOP10_AND_BLOCK_T1
2026-04-27,top20,6739,其他電子業,18.0,0.1,-0.056478405315614655,-0.005647840531561466,2026-04-28,2026-04-30,MARKET_REGIME_CAUTION,True,CAUTION,LIMIT_20D_TOP10_AND_BLOCK_T1
2026-04-27,top20,3580,其他電子業,19.0,0.1,0.08596717045427682,0.008596717045427683,2026-04-28,2026-04-30,MARKET_REGIME_CAUTION,True,CAUTION,LIMIT_20D_TOP10_AND_BLOCK_T1
2026-04-27,top30_no_prune,3131,其他電子業,1.0,0.0625,0.02430555555555558,0.0015190972222222238,2026-04-28,2026-04-30,,False,CAUTION,LIMIT_20D_TOP10_AND_BLOCK_T1
2026-04-27,top30_no_prune,6588,通信網路業,3.0,0.0625,0.13765182186234814,0.008603238866396759,2026-04-28,2026-04-30,,False,CAUTION,LIMIT_20D_TOP10_AND_BLOCK_T1
2026-04-27,top30_no_prune,3491,通信網路業,4.0,0.0625,-0.049079754601227044,-0.0030674846625766902,2026-04-28,2026-04-30,,False,CAUTION,LIMIT_20D_TOP10_AND_BLOCK_T1
2026-04-27,top30_no_prune,6568,半導體業,8.0,0.0625,-0.041916167664670656,-0.002619760479041916,2026-04-28,2026-04-30,,False,CAUTION,LIMIT_20D_TOP10_AND_BLOCK_T1
2026-04-27,top30_no_prune,2485,通信網路業,10.0,0.0625,-0.05778488793270409,-0.0036115554957940055,2026-04-28,2026-04-30,,False,CAUTION,LIMIT_20D_TOP10_AND_BLOCK_T1
2026-04-27,top30_no_prune,6788,半導體業,11.0,0.0625,0.013761467889908285,0.0008600917431192678,2026-04-28,2026-04-30,MARKET_REGIME_CAUTION,True,CAUTION,LIMIT_20D_TOP10_AND_BLOCK_T1
2026-04-27,top30_no_prune,6693,半導體業,15.0,0.0625,0.029520295202952074,0.0018450184501845046,2026-04-28,2026-04-30,MARKET_REGIME_CAUTION,True,CAUTION,LIMIT_20D_TOP10_AND_BLOCK_T1
2026-04-27,top30_no_prune,6426,通信網路業,17.0,0.0625,0.07194244604316546,0.0044964028776978415,2026-04-28,2026-04-30,MARKET_REGIME_CAUTION,True,CAUTION,LIMIT_20D_TOP10_AND_BLOCK_T1
2026-04-27,top30_no_prune,6739,其他電子業,18.0,0.0625,-0.056478405315614655,-0.003529900332225916,2026-04-28,2026-04-30,MARKET_REGIME_CAUTION,True,CAUTION,LIMIT_20D_TOP10_AND_BLOCK_T1
2026-04-27,top30_no_prune,3580,其他電子業,19.0,0.0625,0.08596717045427682,0.005372948153392301,2026-04-28,2026-04-30,MARKET_REGIME_CAUTION,True,CAUTION,LIMIT_20D_TOP10_AND_BLOCK_T1
2026-04-27,top30_no_prune,4760,其他電子業,21.0,0.0625,0.07111111111111112,0.004444444444444445,2026-04-28,2026-04-30,MARKET_REGIME_CAUTION,True,CAUTION,LIMIT_20D_TOP10_AND_BLOCK_T1
2026-04-27,top30_no_prune,3576,光電業,23.0,0.0625,0.052631592156154205,0.003289474509759638,2026-04-28,2026-04-30,MARKET_REGIME_CAUTION,True,CAUTION,LIMIT_20D_TOP10_AND_BLOCK_T1
2026-04-27,top30_no_prune,6530,通信網路業,25.0,0.0625,0.15048543689320382,0.009405339805825239,2026-04-28,2026-04-30,MARKET_REGIME_CAUTION,True,CAUTION,LIMIT_20D_TOP10_AND_BLOCK_T1
2026-04-27,top30_no_prune,4739,化學工業,27.0,0.0625,0.0011807096472120637,7.379435295075398e-05,2026-04-28,2026-04-30,MARKET_REGIME_CAUTION,True,CAUTION,LIMIT_20D_TOP10_AND_BLOCK_T1
2026-04-27,top30_no_prune,1597,電機機械,29.0,0.0625,0.29864253393665163,0.018665158371040727,2026-04-28,2026-04-30,MARKET_REGIME_CAUTION,True,CAUTION,LIMIT_20D_TOP10_AND_BLOCK_T1
2026-04-27,top30_no_prune,6805,電子零組件業,30.0,0.0625,-0.011933174224343701,-0.0007458233890214813,2026-04-28,2026-04-30,MARKET_REGIME_CAUTION,True,CAUTION,LIMIT_20D_TOP10_AND_BLOCK_T1
2026-04-28,top10_production,3131,其他電子業,1.0,0.2,0.01899827288428324,0.0037996545768566484,2026-04-29,2026-04-30,,False,CAUTION,LIMIT_20D_TOP10_AND_BLOCK_T1
2026-04-28,top10_production,6223,半導體業,2.0,0.2,0.011293634496919891,0.0022587268993839783,2026-04-29,2026-04-30,,False,CAUTION,LIMIT_20D_TOP10_AND_BLOCK_T1
2026-04-28,top10_production,6568,半導體業,4.0,0.2,-0.040000000000000036,-0.008000000000000007,2026-04-29,2026-04-30,,False,CAUTION,LIMIT_20D_TOP10_AND_BLOCK_T1
2026-04-28,top10_production,3491,通信網路業,7.0,0.2,-0.01898734177215189,-0.003797468354430378,2026-04-29,2026-04-30,,False,CAUTION,LIMIT_20D_TOP10_AND_BLOCK_T1
2026-04-28,top10_production,6588,通信網路業,8.0,0.2,0.040740740740740744,0.00814814814814815,2026-04-29,2026-04-30,,False,CAUTION,LIMIT_20D_TOP10_AND_BLOCK_T1
2026-04-28,top15,3131,其他電子業,1.0,0.1111111111111111,0.01899827288428324,0.0021109192093648043,2026-04-29,2026-04-30,,False,CAUTION,LIMIT_20D_TOP10_AND_BLOCK_T1
2026-04-28,top15,6223,半導體業,2.0,0.1111111111111111,0.011293634496919891,0.0012548482774355433,2026-04-29,2026-04-30,,False,CAUTION,LIMIT_20D_TOP10_AND_BLOCK_T1
2026-04-28,top15,6568,半導體業,4.0,0.1111111111111111,-0.040000000000000036,-0.004444444444444448,2026-04-29,2026-04-30,,False,CAUTION,LIMIT_20D_TOP10_AND_BLOCK_T1
2026-04-28,top15,3491,通信網路業,7.0,0.1111111111111111,-0.01898734177215189,-0.00210970464135021,2026-04-29,2026-04-30,,False,CAUTION,LIMIT_20D_TOP10_AND_BLOCK_T1
2026-04-28,top15,6588,通信網路業,8.0,0.1111111111111111,0.040740740740740744,0.004526748971193415,2026-04-29,2026-04-30,,False,CAUTION,LIMIT_20D_TOP10_AND_BLOCK_T1
2026-04-28,top15,3580,其他電子業,11.0,0.1111111111111111,0.07375001907348633,0.008194446563720703,2026-04-29,2026-04-30,MARKET_REGIME_CAUTION,True,CAUTION,LIMIT_20D_TOP10_AND_BLOCK_T1
2026-04-28,top15,3533,電子零組件業,12.0,0.1111111111111111,-0.027881040892193343,-0.003097893432465927,2026-04-29,2026-04-30,MARKET_REGIME_CAUTION,True,CAUTION,LIMIT_20D_TOP10_AND_BLOCK_T1
2026-04-28,top15,6788,半導體業,13.0,0.1111111111111111,0.018433179723502224,0.002048131080389136,2026-04-29,2026-04-30,MARKET_REGIME_CAUTION,True,CAUTION,LIMIT_20D_TOP10_AND_BLOCK_T1
2026-04-28,top15,6426,通信網路業,14.0,0.1111111111111111,0.06682577565632464,0.00742508618403607,2026-04-29,2026-04-30,MARKET_REGIME_CAUTION,True,CAUTION,LIMIT_20D_TOP10_AND_BLOCK_T1
2026-04-28,top20,3131,其他電子業,1.0,0.09090909090909091,0.01899827288428324,0.001727115716753022,2026-04-29,2026-04-30,,False,CAUTION,LIMIT_20D_TOP10_AND_BLOCK_T1
2026-04-28,top20,6223,半導體業,2.0,0.09090909090909091,0.011293634496919891,0.0010266940451745356,2026-04-29,2026-04-30,,False,CAUTION,LIMIT_20D_TOP10_AND_BLOCK_T1
2026-04-28,top20,6568,半導體業,4.0,0.09090909090909091,-0.040000000000000036,-0.00363636363636364,2026-04-29,2026-04-30,,False,CAUTION,LIMIT_20D_TOP10_AND_BLOCK_T1
2026-04-28,top20,3491,通信網路業,7.0,0.09090909090909091,-0.01898734177215189,-0.0017261219792865355,2026-04-29,2026-04-30,,False,CAUTION,LIMIT_20D_TOP10_AND_BLOCK_T1
2026-04-28,top20,6588,通信網路業,8.0,0.09090909090909091,0.040740740740740744,0.0037037037037037043,2026-04-29,2026-04-30,,False,CAUTION,LIMIT_20D_TOP10_AND_BLOCK_T1
2026-04-28,top20,3580,其他電子業,11.0,0.09090909090909091,0.07375001907348633,0.006704547188498757,2026-04-29,2026-04-30,MARKET_REGIME_CAUTION,True,CAUTION,LIMIT_20D_TOP10_AND_BLOCK_T1
2026-04-28,top20,3533,電子零組件業,12.0,0.09090909090909091,-0.027881040892193343,-0.0025346400811084857,2026-04-29,2026-04-30,MARKET_REGIME_CAUTION,True,CAUTION,LIMIT_20D_TOP10_AND_BLOCK_T1
2026-04-28,top20,6788,半導體業,13.0,0.09090909090909091,0.018433179723502224,0.001675743611227475,2026-04-29,2026-04-30,MARKET_REGIME_CAUTION,True,CAUTION,LIMIT_20D_TOP10_AND_BLOCK_T1
2026-04-28,top20,6426,通信網路業,14.0,0.09090909090909091,0.06682577565632464,0.006075070514211331,2026-04-29,2026-04-30,MARKET_REGIME_CAUTION,True,CAUTION,LIMIT_20D_TOP10_AND_BLOCK_T1
2026-04-28,top20,4760,其他電子業,17.0,0.09090909090909091,0.045553145336225676,0.00414119503056597,2026-04-29,2026-04-30,MARKET_REGIME_CAUTION,True,CAUTION,LIMIT_20D_TOP10_AND_BLOCK_T1
2026-04-28,top20,8996,電機機械,18.0,0.09090909090909091,0.050420168067226934,0.004583651642475176,2026-04-29,2026-04-30,MARKET_REGIME_CAUTION,True,CAUTION,LIMIT_20D_TOP10_AND_BLOCK_T1
2026-04-28,top30_no_prune,3131,其他電子業,1.0,0.058823529411764705,0.01899827288428324,0.001117545463781367,2026-04-29,2026-04-30,,False,CAUTION,LIMIT_20D_TOP10_AND_BLOCK_T1
2026-04-28,top30_no_prune,6223,半導體業,2.0,0.058823529411764705,0.011293634496919891,0.0006643314409952877,2026-04-29,2026-04-30,,False,CAUTION,LIMIT_20D_TOP10_AND_BLOCK_T1
2026-04-28,top30_no_prune,6568,半導體業,4.0,0.058823529411764705,-0.040000000000000036,-0.00235294117647059,2026-04-29,2026-04-30,,False,CAUTION,LIMIT_20D_TOP10_AND_BLOCK_T1
2026-04-28,top30_no_prune,3491,通信網路業,7.0,0.058823529411764705,-0.01898734177215189,-0.0011169024571854051,2026-04-29,2026-04-30,,False,CAUTION,LIMIT_20D_TOP10_AND_BLOCK_T1
2026-04-28,top30_no_prune,6588,通信網路業,8.0,0.058823529411764705,0.040740740740740744,0.0023965141612200436,2026-04-29,2026-04-30,,False,CAUTION,LIMIT_20D_TOP10_AND_BLOCK_T1
2026-04-28,top30_no_prune,3580,其他電子業,11.0,0.058823529411764705,0.07375001907348633,0.004338236416087431,2026-04-29,2026-04-30,MARKET_REGIME_CAUTION,True,CAUTION,LIMIT_20D_TOP10_AND_BLOCK_T1
2026-04-28,top30_no_prune,3533,電子零組件業,12.0,0.058823529411764705,-0.027881040892193343,-0.0016400612289525496,2026-04-29,2026-04-30,MARKET_REGIME_CAUTION,True,CAUTION,LIMIT_20D_TOP10_AND_BLOCK_T1
2026-04-28,top30_no_prune,6788,半導體業,13.0,0.058823529411764705,0.018433179723502224,0.001084304689617778,2026-04-29,2026-04-30,MARKET_REGIME_CAUTION,True,CAUTION,LIMIT_20D_TOP10_AND_BLOCK_T1
2026-04-28,top30_no_prune,6426,通信網路業,14.0,0.058823529411764705,0.06682577565632464,0.0039309279797838026,2026-04-29,2026-04-30,MARKET_REGIME_CAUTION,True,CAUTION,LIMIT_20D_TOP10_AND_BLOCK_T1
2026-04-28,top30_no_prune,4760,其他電子業,17.0,0.058823529411764705,0.045553145336225676,0.002679596784483863,2026-04-29,2026-04-30,MARKET_REGIME_CAUTION,True,CAUTION,LIMIT_20D_TOP10_AND_BLOCK_T1
2026-04-28,top30_no_prune,8996,電機機械,18.0,0.058823529411764705,0.050420168067226934,0.002965892239248643,2026-04-29,2026-04-30,MARKET_REGIME_CAUTION,True,CAUTION,LIMIT_20D_TOP10_AND_BLOCK_T1
2026-04-28,top30_no_prune,3324,其他電子業,21.0,0.058823529411764705,0.008849557522123908,0.0005205622071837592,2026-04-29,2026-04-30,MARKET_REGIME_CAUTION,True,CAUTION,LIMIT_20D_TOP10_AND_BLOCK_T1
2026-04-28,top30_no_prune,3576,光電業,22.0,0.058823529411764705,0.08108106714865881,0.004769474538156401,2026-04-29,2026-04-30,MARKET_REGIME_CAUTION,True,CAUTION,LIMIT_20D_TOP10_AND_BLOCK_T1
2026-04-28,top30_no_prune,1309,塑膠工業,25.0,0.058823529411764705,0.05583748383352671,0.003284557872560395,2026-04-29,2026-04-30,MARKET_REGIME_CAUTION,True,CAUTION,LIMIT_20D_TOP10_AND_BLOCK_T1
2026-04-28,top30_no_prune,6805,電子零組件業,26.0,0.058823529411764705,0.002421307506053294,0.0001424298532972526,2026-04-29,2026-04-30,MARKET_REGIME_CAUTION,True,CAUTION,LIMIT_20D_TOP10_AND_BLOCK_T1
2026-04-28,top30_no_prune,1597,電機機械,27.0,0.058823529411764705,0.1810699588477367,0.010651174049866863,2026-04-29,2026-04-30,MARKET_REGIME_CAUTION,True,CAUTION,LIMIT_20D_TOP10_AND_BLOCK_T1
2026-04-28,top30_no_prune,6530,通信網路業,29.0,0.058823529411764705,0.10747663551401865,0.006322155030236391,2026-04-29,2026-04-30,MARKET_REGIME_CAUTION,True,CAUTION,LIMIT_20D_TOP10_AND_BLOCK_T1
2026-04-29,top10_production,3131,其他電子業,1.0,0.14285714285714285,0.01899827288428324,0.0027140389834690343,2026-04-30,2026-04-30,,False,CAUTION,LIMIT_20D_TOP10_AND_BLOCK_T1
2026-04-29,top10_production,6223,半導體業,2.0,0.14285714285714285,-0.015000000000000013,-0.0021428571428571447,2026-04-30,2026-04-30,,False,CAUTION,LIMIT_20D_TOP10_AND_BLOCK_T1
2026-04-29,top10_production,3491,通信網路業,5.0,0.14285714285714285,-0.009584664536741228,-0.0013692377909630324,2026-04-30,2026-04-30,,False,CAUTION,LIMIT_20D_TOP10_AND_BLOCK_T1
2026-04-29,top10_production,6426,通信網路業,7.0,0.14285714285714285,0.04929577464788726,0.007042253521126751,2026-04-30,2026-04-30,,False,CAUTION,LIMIT_20D_TOP10_AND_BLOCK_T1
2026-04-29,top10_production,6588,通信網路業,8.0,0.14285714285714285,0.018115942028985588,0.0025879917184265123,2026-04-30,2026-04-30,,False,CAUTION,LIMIT_20D_TOP10_AND_BLOCK_T1
2026-04-29,top10_production,6788,半導體業,9.0,0.14285714285714285,0.00454545454545463,0.0006493506493506614,2026-04-30,2026-04-30,,False,CAUTION,LIMIT_20D_TOP10_AND_BLOCK_T1
2026-04-29,top10_production,3580,其他電子業,10.0,0.14285714285714285,0.005854800832157947,0.0008364001188797067,2026-04-30,2026-04-30,,False,CAUTION,LIMIT_20D_TOP10_AND_BLOCK_T1
2026-04-29,top15,3131,其他電子業,1.0,0.1111111111111111,0.01899827288428324,0.0021109192093648043,2026-04-30,2026-04-30,,False,CAUTION,LIMIT_20D_TOP10_AND_BLOCK_T1
2026-04-29,top15,6223,半導體業,2.0,0.1111111111111111,-0.015000000000000013,-0.001666666666666668,2026-04-30,2026-04-30,,False,CAUTION,LIMIT_20D_TOP10_AND_BLOCK_T1
2026-04-29,top15,3491,通信網路業,5.0,0.1111111111111111,-0.009584664536741228,-0.0010649627263045807,2026-04-30,2026-04-30,,False,CAUTION,LIMIT_20D_TOP10_AND_BLOCK_T1
2026-04-29,top15,6426,通信網路業,7.0,0.1111111111111111,0.04929577464788726,0.005477308294209695,2026-04-30,2026-04-30,,False,CAUTION,LIMIT_20D_TOP10_AND_BLOCK_T1
2026-04-29,top15,6588,通信網路業,8.0,0.1111111111111111,0.018115942028985588,0.0020128824476650653,2026-04-30,2026-04-30,,False,CAUTION,LIMIT_20D_TOP10_AND_BLOCK_T1
2026-04-29,top15,6788,半導體業,9.0,0.1111111111111111,0.00454545454545463,0.0005050505050505145,2026-04-30,2026-04-30,,False,CAUTION,LIMIT_20D_TOP10_AND_BLOCK_T1
2026-04-29,top15,3580,其他電子業,10.0,0.1111111111111111,0.005854800832157947,0.0006505334257953274,2026-04-30,2026-04-30,,False,CAUTION,LIMIT_20D_TOP10_AND_BLOCK_T1
2026-04-29,top15,3533,電子零組件業,11.0,0.1111111111111111,-0.031481481481481444,-0.0034979423868312714,2026-04-30,2026-04-30,MARKET_REGIME_CAUTION,True,CAUTION,LIMIT_20D_TOP10_AND_BLOCK_T1
2026-04-29,top15,8996,電機機械,12.0,0.1111111111111111,0.046025104602510414,0.005113900511390046,2026-04-30,2026-04-30,MARKET_REGIME_CAUTION,True,CAUTION,LIMIT_20D_TOP10_AND_BLOCK_T1
2026-04-29,top20,3131,其他電子業,1.0,0.07692307692307693,0.01899827288428324,0.0014614056064833263,2026-04-30,2026-04-30,,False,CAUTION,LIMIT_20D_TOP10_AND_BLOCK_T1
2026-04-29,top20,6223,半導體業,2.0,0.07692307692307693,-0.015000000000000013,-0.001153846153846155,2026-04-30,2026-04-30,,False,CAUTION,LIMIT_20D_TOP10_AND_BLOCK_T1
2026-04-29,top20,3491,通信網路業,5.0,0.07692307692307693,-0.009584664536741228,-0.0007372818874416329,2026-04-30,2026-04-30,,False,CAUTION,LIMIT_20D_TOP10_AND_BLOCK_T1
2026-04-29,top20,6426,通信網路業,7.0,0.07692307692307693,0.04929577464788726,0.003791982665222097,2026-04-30,2026-04-30,,False,CAUTION,LIMIT_20D_TOP10_AND_BLOCK_T1
2026-04-29,top20,6588,通信網路業,8.0,0.07692307692307693,0.018115942028985588,0.0013935340022296608,2026-04-30,2026-04-30,,False,CAUTION,LIMIT_20D_TOP10_AND_BLOCK_T1
2026-04-29,top20,6788,半導體業,9.0,0.07692307692307693,0.00454545454545463,0.0003496503496503562,2026-04-30,2026-04-30,,False,CAUTION,LIMIT_20D_TOP10_AND_BLOCK_T1
2026-04-29,top20,3580,其他電子業,10.0,0.07692307692307693,0.005854800832157947,0.00045036929478138056,2026-04-30,2026-04-30,,False,CAUTION,LIMIT_20D_TOP10_AND_BLOCK_T1
2026-04-29,top20,3533,電子零組件業,11.0,0.07692307692307693,-0.031481481481481444,-0.002421652421652419,2026-04-30,2026-04-30,MARKET_REGIME_CAUTION,True,CAUTION,LIMIT_20D_TOP10_AND_BLOCK_T1
2026-04-29,top20,8996,電機機械,12.0,0.07692307692307693,0.046025104602510414,0.0035403926617315704,2026-04-30,2026-04-30,MARKET_REGIME_CAUTION,True,CAUTION,LIMIT_20D_TOP10_AND_BLOCK_T1
2026-04-29,top20,4760,其他電子業,16.0,0.07692307692307693,0.01473684210526316,0.0011336032388663969,2026-04-30,2026-04-30,MARKET_REGIME_CAUTION,True,CAUTION,LIMIT_20D_TOP10_AND_BLOCK_T1
2026-04-29,top20,6693,半導體業,17.0,0.07692307692307693,-0.010638297872340385,-0.0008183306055646451,2026-04-30,2026-04-30,MARKET_REGIME_CAUTION,True,CAUTION,LIMIT_20D_TOP10_AND_BLOCK_T1
2026-04-29,top20,3576,光電業,18.0,0.07692307692307693,0.052631592156154205,0.004048584012011862,2026-04-30,2026-04-30,MARKET_REGIME_CAUTION,True,CAUTION,LIMIT_20D_TOP10_AND_BLOCK_T1
2026-04-29,top20,3324,其他電子業,20.0,0.07692307692307693,-0.017241379310344862,-0.0013262599469496049,2026-04-30,2026-04-30,MARKET_REGIME_CAUTION,True,CAUTION,LIMIT_20D_TOP10_AND_BLOCK_T1
2026-04-29,top30_no_prune,3131,其他電子業,1.0,0.05263157894736842,0.01899827288428324,0.0009999090991728021,2026-04-30,2026-04-30,,False,CAUTION,LIMIT_20D_TOP10_AND_BLOCK_T1
2026-04-29,top30_no_prune,6223,半導體業,2.0,0.05263157894736842,-0.015000000000000013,-0.000789473684210527,2026-04-30,2026-04-30,,False,CAUTION,LIMIT_20D_TOP10_AND_BLOCK_T1
2026-04-29,top30_no_prune,3491,通信網路業,5.0,0.05263157894736842,-0.009584664536741228,-0.0005044560282495383,2026-04-30,2026-04-30,,False,CAUTION,LIMIT_20D_TOP10_AND_BLOCK_T1
2026-04-29,top30_no_prune,6426,通信網路業,7.0,0.05263157894736842,0.04929577464788726,0.002594514455151961,2026-04-30,2026-04-30,,False,CAUTION,LIMIT_20D_TOP10_AND_BLOCK_T1
2026-04-29,top30_no_prune,6588,通信網路業,8.0,0.05263157894736842,0.018115942028985588,0.0009534706331045046,2026-04-30,2026-04-30,,False,CAUTION,LIMIT_20D_TOP10_AND_BLOCK_T1
2026-04-29,top30_no_prune,6788,半導體業,9.0,0.05263157894736842,0.00454545454545463,0.00023923444976077,2026-04-30,2026-04-30,,False,CAUTION,LIMIT_20D_TOP10_AND_BLOCK_T1
2026-04-29,top30_no_prune,3580,其他電子業,10.0,0.05263157894736842,0.005854800832157947,0.0003081474122188393,2026-04-30,2026-04-30,,False,CAUTION,LIMIT_20D_TOP10_AND_BLOCK_T1
2026-04-29,top30_no_prune,3533,電子零組件業,11.0,0.05263157894736842,-0.031481481481481444,-0.0016569200779727074,2026-04-30,2026-04-30,MARKET_REGIME_CAUTION,True,CAUTION,LIMIT_20D_TOP10_AND_BLOCK_T1
2026-04-29,top30_no_prune,8996,電機機械,12.0,0.05263157894736842,0.046025104602510414,0.0024223739264479164,2026-04-30,2026-04-30,MARKET_REGIME_CAUTION,True,CAUTION,LIMIT_20D_TOP10_AND_BLOCK_T1
2026-04-29,top30_no_prune,4760,其他電子業,16.0,0.05263157894736842,0.01473684210526316,0.000775623268698061,2026-04-30,2026-04-30,MARKET_REGIME_CAUTION,True,CAUTION,LIMIT_20D_TOP10_AND_BLOCK_T1
2026-04-29,top30_no_prune,6693,半導體業,17.0,0.05263157894736842,-0.010638297872340385,-0.0005599104143337044,2026-04-30,2026-04-30,MARKET_REGIME_CAUTION,True,CAUTION,LIMIT_20D_TOP10_AND_BLOCK_T1
2026-04-29,top30_no_prune,3576,光電業,18.0,0.05263157894736842,0.052631592156154205,0.0027700837976923263,2026-04-30,2026-04-30,MARKET_REGIME_CAUTION,True,CAUTION,LIMIT_20D_TOP10_AND_BLOCK_T1
2026-04-29,top30_no_prune,3324,其他電子業,20.0,0.05263157894736842,-0.017241379310344862,-0.0009074410163339401,2026-04-30,2026-04-30,MARKET_REGIME_CAUTION,True,CAUTION,LIMIT_20D_TOP10_AND_BLOCK_T1
2026-04-29,top30_no_prune,6903,其他電子業,22.0,0.05263157894736842,0.03125,0.001644736842105263,2026-04-30,2026-04-30,MARKET_REGIME_CAUTION,True,CAUTION,LIMIT_20D_TOP10_AND_BLOCK_T1
2026-04-29,top30_no_prune,3054,食品工業,24.0,0.05263157894736842,-0.027982348795010714,-0.001472755199737406,2026-04-30,2026-04-30,MARKET_REGIME_CAUTION,True,CAUTION,LIMIT_20D_TOP10_AND_BLOCK_T1
2026-04-29,top30_no_prune,2460,電子零組件業,25.0,0.05263157894736842,-0.03633922566269454,-0.0019125908243523442,2026-04-30,2026-04-30,MARKET_REGIME_CAUTION,True,CAUTION,LIMIT_20D_TOP10_AND_BLOCK_T1
2026-04-29,top30_no_prune,3437,光電業,28.0,0.05263157894736842,0.059880241344710594,0.00315159164972161,2026-04-30,2026-04-30,MARKET_REGIME_CAUTION,True,CAUTION,LIMIT_20D_TOP10_AND_BLOCK_T1
2026-04-29,top30_no_prune,1717,化學工業,29.0,0.05263157894736842,-0.03780485944050116,-0.001989729444236903,2026-04-30,2026-04-30,MARKET_REGIME_CAUTION,True,CAUTION,LIMIT_20D_TOP10_AND_BLOCK_T1
2026-04-29,top30_no_prune,1560,電機機械,30.0,0.05263157894736842,0.026615969581748944,0.0014008405043025758,2026-04-30,2026-04-30,MARKET_REGIME_CAUTION,True,CAUTION,LIMIT_20D_TOP10_AND_BLOCK_T1
2026-04-30,top10_production,3131,其他電子業,1.0,0.16666666666666666,,0.0,,,,False,CAUTION,LIMIT_20D_TOP10_AND_BLOCK_T1
2026-04-30,top10_production,6223,半導體業,3.0,0.16666666666666666,,0.0,,,,False,CAUTION,LIMIT_20D_TOP10_AND_BLOCK_T1
2026-04-30,top10_production,3491,通信網路業,4.0,0.16666666666666666,,0.0,,,,False,CAUTION,LIMIT_20D_TOP10_AND_BLOCK_T1
2026-04-30,top10_production,6568,半導體業,6.0,0.16666666666666666,,0.0,,,,False,CAUTION,LIMIT_20D_TOP10_AND_BLOCK_T1
2026-04-30,top10_production,6788,半導體業,9.0,0.16666666666666666,,0.0,,,,False,CAUTION,LIMIT_20D_TOP10_AND_BLOCK_T1
2026-04-30,top10_production,6426,通信網路業,10.0,0.16666666666666666,,0.0,,,,False,CAUTION,LIMIT_20D_TOP10_AND_BLOCK_T1
2026-04-30,top15,3131,其他電子業,1.0,0.1111111111111111,,0.0,,,,False,CAUTION,LIMIT_20D_TOP10_AND_BLOCK_T1
2026-04-30,top15,6223,半導體業,3.0,0.1111111111111111,,0.0,,,,False,CAUTION,LIMIT_20D_TOP10_AND_BLOCK_T1
2026-04-30,top15,3491,通信網路業,4.0,0.1111111111111111,,0.0,,,,False,CAUTION,LIMIT_20D_TOP10_AND_BLOCK_T1
2026-04-30,top15,6568,半導體業,6.0,0.1111111111111111,,0.0,,,,False,CAUTION,LIMIT_20D_TOP10_AND_BLOCK_T1
2026-04-30,top15,6788,半導體業,9.0,0.1111111111111111,,0.0,,,,False,CAUTION,LIMIT_20D_TOP10_AND_BLOCK_T1
2026-04-30,top15,6426,通信網路業,10.0,0.1111111111111111,,0.0,,,,False,CAUTION,LIMIT_20D_TOP10_AND_BLOCK_T1
2026-04-30,top15,3324,其他電子業,13.0,0.1111111111111111,,0.0,,,MARKET_REGIME_CAUTION,True,CAUTION,LIMIT_20D_TOP10_AND_BLOCK_T1
2026-04-30,top15,4760,其他電子業,14.0,0.1111111111111111,,0.0,,,MARKET_REGIME_CAUTION,True,CAUTION,LIMIT_20D_TOP10_AND_BLOCK_T1
2026-04-30,top15,8996,電機機械,15.0,0.1111111111111111,,0.0,,,MARKET_REGIME_CAUTION,True,CAUTION,LIMIT_20D_TOP10_AND_BLOCK_T1
2026-04-30,top20,3131,其他電子業,1.0,0.1,,0.0,,,,False,CAUTION,LIMIT_20D_TOP10_AND_BLOCK_T1
2026-04-30,top20,6223,半導體業,3.0,0.1,,0.0,,,,False,CAUTION,LIMIT_20D_TOP10_AND_BLOCK_T1
2026-04-30,top20,3491,通信網路業,4.0,0.1,,0.0,,,,False,CAUTION,LIMIT_20D_TOP10_AND_BLOCK_T1
2026-04-30,top20,6568,半導體業,6.0,0.1,,0.0,,,,False,CAUTION,LIMIT_20D_TOP10_AND_BLOCK_T1
2026-04-30,top20,6788,半導體業,9.0,0.1,,0.0,,,,False,CAUTION,LIMIT_20D_TOP10_AND_BLOCK_T1
2026-04-30,top20,6426,通信網路業,10.0,0.1,,0.0,,,,False,CAUTION,LIMIT_20D_TOP10_AND_BLOCK_T1
2026-04-30,top20,3324,其他電子業,13.0,0.1,,0.0,,,MARKET_REGIME_CAUTION,True,CAUTION,LIMIT_20D_TOP10_AND_BLOCK_T1
2026-04-30,top20,4760,其他電子業,14.0,0.1,,0.0,,,MARKET_REGIME_CAUTION,True,CAUTION,LIMIT_20D_TOP10_AND_BLOCK_T1
2026-04-30,top20,8996,電機機械,15.0,0.1,,0.0,,,MARKET_REGIME_CAUTION,True,CAUTION,LIMIT_20D_TOP10_AND_BLOCK_T1
2026-04-30,top20,6291,半導體業,18.0,0.1,,0.0,,,MARKET_REGIME_CAUTION,True,CAUTION,LIMIT_20D_TOP10_AND_BLOCK_T1
2026-04-30,top30_no_prune,3131,其他電子業,1.0,0.0625,,0.0,,,,False,CAUTION,LIMIT_20D_TOP10_AND_BLOCK_T1
2026-04-30,top30_no_prune,6223,半導體業,3.0,0.0625,,0.0,,,,False,CAUTION,LIMIT_20D_TOP10_AND_BLOCK_T1
2026-04-30,top30_no_prune,3491,通信網路業,4.0,0.0625,,0.0,,,,False,CAUTION,LIMIT_20D_TOP10_AND_BLOCK_T1
2026-04-30,top30_no_prune,6568,半導體業,6.0,0.0625,,0.0,,,,False,CAUTION,LIMIT_20D_TOP10_AND_BLOCK_T1
2026-04-30,top30_no_prune,6788,半導體業,9.0,0.0625,,0.0,,,,False,CAUTION,LIMIT_20D_TOP10_AND_BLOCK_T1
2026-04-30,top30_no_prune,6426,通信網路業,10.0,0.0625,,0.0,,,,False,CAUTION,LIMIT_20D_TOP10_AND_BLOCK_T1
2026-04-30,top30_no_prune,3324,其他電子業,13.0,0.0625,,0.0,,,MARKET_REGIME_CAUTION,True,CAUTION,LIMIT_20D_TOP10_AND_BLOCK_T1
2026-04-30,top30_no_prune,4760,其他電子業,14.0,0.0625,,0.0,,,MARKET_REGIME_CAUTION,True,CAUTION,LIMIT_20D_TOP10_AND_BLOCK_T1
2026-04-30,top30_no_prune,8996,電機機械,15.0,0.0625,,0.0,,,MARKET_REGIME_CAUTION,True,CAUTION,LIMIT_20D_TOP10_AND_BLOCK_T1
2026-04-30,top30_no_prune,6291,半導體業,18.0,0.0625,,0.0,,,MARKET_REGIME_CAUTION,True,CAUTION,LIMIT_20D_TOP10_AND_BLOCK_T1
2026-04-30,top30_no_prune,2460,電子零組件業,23.0,0.0625,,0.0,,,MARKET_REGIME_CAUTION,True,CAUTION,LIMIT_20D_TOP10_AND_BLOCK_T1
2026-04-30,top30_no_prune,1590,電機機械,24.0,0.0625,,0.0,,,MARKET_REGIME_CAUTION,True,CAUTION,LIMIT_20D_TOP10_AND_BLOCK_T1
2026-04-30,top30_no_prune,6588,通信網路業,25.0,0.0625,,0.0,,,MARKET_REGIME_CAUTION,True,CAUTION,LIMIT_20D_TOP10_AND_BLOCK_T1
2026-04-30,top30_no_prune,6739,其他電子業,26.0,0.0625,,0.0,,,MARKET_REGIME_CAUTION,True,CAUTION,LIMIT_20D_TOP10_AND_BLOCK_T1
2026-04-30,top30_no_prune,5284,其他業,27.0,0.0625,,0.0,,,MARKET_REGIME_CAUTION,True,CAUTION,LIMIT_20D_TOP10_AND_BLOCK_T1
2026-04-30,top30_no_prune,1717,化學工業,28.0,0.0625,,0.0,,,MARKET_REGIME_CAUTION,True,CAUTION,LIMIT_20D_TOP10_AND_BLOCK_T1
