date,side,rank,ticker,score,ret20_pct
2026-07-02,shadow,1,1591,0.23555,3.36
2026-07-02,shadow,2,2392,0.20212,-11.35
2026-07-02,shadow,3,6130,0.19938,2.11
2026-07-02,shadow,4,2102,0.18656,5.45
2026-07-02,shadow,5,3715,0.18283,-43.08
2026-07-02,shadow,6,9940,0.18269,5.96
2026-07-02,shadow,7,6219,0.16836,-3.11
2026-07-02,shadow,8,1808,0.16779,11.3
2026-07-02,shadow,9,2616,0.16735,-1.11
2026-07-02,shadow,10,6016,0.16147,-26.43
2026-07-02,shadow,11,5227,0.15434,1.24
2026-07-02,shadow,12,6015,0.15311,-9.28
2026-07-02,shadow,13,3430,0.14946,-30.99
2026-07-02,shadow,14,2355,0.14654,-30.72
2026-07-02,shadow,15,2380,0.14455,-4.75
2026-07-02,shadow,16,8085,0.1445,-7.88
2026-07-02,shadow,17,1727,0.14099,-26.54
2026-07-02,shadow,18,8070,0.13853,-19.2
2026-07-02,shadow,19,6180,0.13568,-14.04
2026-07-02,shadow,20,3008,0.13496,-6.05
2026-07-02,shadow,21,6742,0.13234,-34.74
2026-07-02,shadow,22,3033,0.12826,-12.1
2026-07-02,shadow,23,3056,0.12769,-3.78
2026-07-02,shadow,24,6127,0.12589,-49.28
2026-07-02,shadow,25,5215,0.12257,-12.95
2026-07-02,shadow,26,8937,0.12066,-12.41
2026-07-02,shadow,27,8044,0.11892,-8.9
2026-07-02,shadow,28,2104,0.11632,-9.39
2026-07-02,shadow,29,6152,0.11609,-13.21
2026-07-02,shadow,30,3406,0.11453,-25.31
2026-07-02,champion,1,6492,0.28381,-9.42
2026-07-02,champion,2,3441,0.1393,5.0
2026-07-02,champion,3,4989,0.13582,-44.68
2026-07-02,champion,4,2380,0.11187,-4.75
2026-07-02,champion,5,6584,0.11016,-42.73
2026-07-02,champion,6,2426,0.10322,-32.75
2026-07-02,champion,7,3581,0.09983,-31.9
2026-07-02,champion,8,4923,0.08894,-35.61
2026-07-02,champion,9,3037,0.083,-19.61
2026-07-02,champion,10,8109,0.08022,-7.42
2026-07-02,champion,11,3081,0.07592,-15.98
2026-07-02,champion,12,3006,0.07385,-17.43
2026-07-02,champion,13,3374,0.07064,-12.34
2026-07-02,champion,14,2425,0.06819,11.39
2026-07-02,champion,15,8071,0.06796,-38.02
2026-07-02,champion,16,2441,0.06618,-29.23
2026-07-02,champion,17,6548,0.06174,-28.26
2026-07-02,champion,18,3324,0.06155,-13.27
2026-07-02,champion,19,6265,0.06111,-16.7
2026-07-02,champion,20,2305,0.06103,-19.95
2026-07-02,champion,21,3264,0.06068,-28.92
2026-07-02,champion,22,2369,0.05645,-26.41
2026-07-02,champion,23,6291,0.05585,-38.4
2026-07-02,champion,24,8043,0.05534,-35.79
2026-07-02,champion,25,6706,0.0502,-35.12
2026-07-02,champion,26,8064,0.04993,-37.27
2026-07-02,champion,27,3467,0.04963,-27.74
2026-07-02,champion,28,3532,0.04889,-33.29
2026-07-02,champion,29,6274,0.04845,-34.32
2026-07-02,champion,30,3555,0.04781,-26.11
2026-07-03,shadow,1,2380,0.21732,-13.64
2026-07-03,shadow,2,2069,0.19948,0.0
2026-07-03,shadow,3,1718,0.1655,-35.79
2026-07-03,shadow,4,8476,0.13833,-21.47
2026-07-03,shadow,5,3002,0.0925,-25.46
2026-07-03,shadow,6,6488,0.09029,-31.0
2026-07-03,shadow,7,3675,0.08551,-42.99
2026-07-03,shadow,8,2010,0.07791,-2.09
2026-07-03,shadow,9,1414,0.07177,-2.83
2026-07-03,shadow,10,2816,0.06948,-3.16
2026-07-03,shadow,11,5011,0.06073,-29.28
2026-07-03,shadow,12,3360,0.05783,-22.06
2026-07-03,shadow,13,1515,0.05473,-29.76
2026-07-03,shadow,14,2614,0.05372,-1.89
2026-07-03,shadow,15,3709,0.05254,-1.07
2026-07-03,shadow,16,9904,0.04853,-0.61
2026-07-03,shadow,17,3609,0.04605,-6.86
2026-07-03,shadow,18,6226,0.04461,-10.21
2026-07-03,shadow,19,1725,0.04446,-14.81
2026-07-03,shadow,20,3268,0.04383,-5.09
2026-07-03,shadow,21,8354,0.04311,-6.36
2026-07-03,shadow,22,6241,0.04263,8.52
2026-07-03,shadow,23,6179,0.04187,-7.16
2026-07-03,shadow,24,1471,0.04036,-14.41
2026-07-03,shadow,25,2852,0.03799,0.56
2026-07-03,shadow,26,6770,0.03712,-25.48
2026-07-03,shadow,27,2641,0.03501,-7.14
2026-07-03,shadow,28,5515,0.03435,6.21
2026-07-03,shadow,29,6186,0.03372,-3.01
2026-07-03,shadow,30,5468,0.03266,-28.57
2026-07-03,champion,1,5309,0.04682,-22.31
2026-07-03,champion,2,8109,0.03566,-12.81
2026-07-03,champion,3,8155,0.03283,-25.62
2026-07-03,champion,4,3265,0.0324,-17.57
2026-07-03,champion,5,2426,0.03068,-30.0
2026-07-03,champion,6,6488,0.02303,-31.0
2026-07-03,champion,7,3624,0.02251,-58.45
2026-07-03,champion,8,5386,0.01862,-42.93
2026-07-03,champion,9,4989,0.01726,-44.71
2026-07-03,champion,10,6861,0.01421,-39.54
2026-07-03,champion,11,3441,0.00986,17.26
2026-07-03,champion,12,5468,0.00965,-28.57
2026-07-03,champion,13,6494,0.00709,-27.29
2026-07-03,champion,14,3555,0.00594,-22.87
2026-07-03,champion,15,4741,0.0052,-29.24
2026-07-03,champion,16,5475,0.00514,-48.85
2026-07-03,champion,17,6830,0.0031,-16.37
2026-07-03,champion,18,1802,0.00237,-30.89
2026-07-03,champion,19,3218,0.00184,-6.01
2026-07-03,champion,20,8121,-0.00012,-40.79
2026-07-03,champion,21,8996,-0.00257,-31.88
2026-07-03,champion,22,2478,-0.00288,-50.42
2026-07-03,champion,23,4971,-0.00299,-23.29
2026-07-03,champion,24,6643,-0.00406,-20.06
2026-07-03,champion,25,5228,-0.0043,-42.26
2026-07-03,champion,26,8299,-0.00451,-23.31
2026-07-03,champion,27,8150,-0.00686,-26.1
2026-07-03,champion,28,4556,-0.00721,-6.21
2026-07-03,champion,29,6485,-0.00758,-27.18
2026-07-03,champion,30,6548,-0.00779,-23.36
2026-07-06,shadow,1,1591,0.82456,3.36
2026-07-06,shadow,2,2380,0.26652,-15.32
2026-07-06,shadow,3,1414,0.13962,1.28
2026-07-06,shadow,4,8476,0.13457,-15.66
2026-07-06,shadow,5,1725,0.11836,-17.08
2026-07-06,shadow,6,1314,0.09937,-26.44
2026-07-06,shadow,7,2010,0.09757,-4.13
2026-07-06,shadow,8,2816,0.07804,-4.68
2026-07-06,shadow,9,1312,0.0779,-18.02
2026-07-06,shadow,10,1710,0.06862,-27.61
2026-07-06,shadow,11,3360,0.06821,-19.9
2026-07-06,shadow,12,1718,0.06475,-34.28
2026-07-06,shadow,13,1709,0.06267,1.41
2026-07-06,shadow,14,3609,0.05995,-7.58
2026-07-06,shadow,15,2030,0.05898,-10.94
2026-07-06,shadow,16,2880,0.05828,13.07
2026-07-06,shadow,17,6226,0.0571,-4.76
2026-07-06,shadow,18,6164,0.05335,-25.48
2026-07-06,shadow,19,2425,0.05269,20.67
2026-07-06,shadow,20,1455,0.0511,-19.91
2026-07-06,shadow,21,3416,0.05089,-4.81
2026-07-06,shadow,22,2383,0.05008,-6.12
2026-07-06,shadow,23,5011,0.04882,-27.27
2026-07-06,shadow,24,1305,0.04713,-20.92
2026-07-06,shadow,25,1313,0.04667,-21.03
2026-07-06,shadow,26,3501,0.04634,-8.3
2026-07-06,shadow,27,2852,0.04551,-1.29
2026-07-06,shadow,28,6592,0.04448,-3.23
2026-07-06,shadow,29,9933,0.04233,-12.17
2026-07-06,shadow,30,3605,0.04009,5.59
2026-07-06,champion,1,2438,0.44647,-15.22
2026-07-06,champion,2,1591,0.38118,3.36
2026-07-06,champion,3,3081,0.07218,-1.75
2026-07-06,champion,4,5904,0.05327,-88.9
2026-07-06,champion,5,4989,0.05315,-39.46
2026-07-06,champion,6,8155,0.04162,-22.76
2026-07-06,champion,7,8996,0.03511,-27.72
2026-07-06,champion,8,2426,0.02728,-23.23
2026-07-06,champion,9,8043,0.02725,-29.85
2026-07-06,champion,10,1423,0.0264,-3.14
2026-07-06,champion,11,4741,0.02096,-25.65
2026-07-06,champion,12,8109,0.02036,-19.42
2026-07-06,champion,13,8046,0.01999,-2.79
2026-07-06,champion,14,2472,0.01786,-41.73
2026-07-06,champion,15,6204,0.01761,-37.01
2026-07-06,champion,16,3218,0.01691,-5.56
2026-07-06,champion,17,6139,0.01663,-15.67
2026-07-06,champion,18,6405,0.0149,-37.05
2026-07-06,champion,19,3533,0.01431,-5.41
2026-07-06,champion,20,4971,0.01324,-11.21
2026-07-06,champion,21,6494,0.01284,-28.33
2026-07-06,champion,22,3581,0.01225,-20.36
2026-07-06,champion,23,6265,0.01057,-5.74
2026-07-06,champion,24,1776,0.0099,-17.37
2026-07-06,champion,25,1802,0.00758,-22.97
2026-07-06,champion,26,2476,0.00718,-12.5
2026-07-06,champion,27,1321,0.00715,-1.71
2026-07-06,champion,28,8121,0.00583,-36.45
2026-07-06,champion,29,3044,0.00414,-22.53
2026-07-06,champion,30,4931,0.00184,-24.9
2026-07-07,shadow,1,2481,0.34367,-37.96
2026-07-07,shadow,2,2380,0.21422,-7.77
2026-07-07,shadow,3,2852,0.0911,0.0
2026-07-07,shadow,4,9940,0.07458,3.82
2026-07-07,shadow,5,6016,0.07428,-26.54
2026-07-07,shadow,6,5425,0.07388,-36.26
2026-07-07,shadow,7,6015,0.07362,-8.33
2026-07-07,shadow,8,8996,0.06869,-22.47
2026-07-07,shadow,9,2010,0.05675,-2.31
2026-07-07,shadow,10,4807,0.04922,-7.68
2026-07-07,shadow,11,3581,0.04819,-13.57
2026-07-07,shadow,12,1718,0.04696,-33.18
2026-07-07,shadow,13,3717,0.04526,-16.49
2026-07-07,shadow,14,3583,0.04512,-13.0
2026-07-07,shadow,15,8042,0.04488,-35.67
2026-07-07,shadow,16,5228,0.04388,-31.2
2026-07-07,shadow,17,2388,0.04326,19.42
2026-07-07,shadow,18,6451,0.04232,-13.39
2026-07-07,shadow,19,6167,0.04077,-12.45
2026-07-07,shadow,20,3135,0.04032,1.73
2026-07-07,shadow,21,9933,0.03975,-11.9
2026-07-07,shadow,22,8354,0.0391,-12.92
2026-07-07,shadow,23,6133,0.03812,-14.26
2026-07-07,shadow,24,2454,0.03736,-0.74
2026-07-07,shadow,25,3711,0.03705,-8.91
2026-07-07,shadow,26,5244,0.03607,-8.03
2026-07-07,shadow,27,3675,0.03561,-33.95
2026-07-07,shadow,28,8476,0.03554,-12.61
2026-07-07,shadow,29,5285,0.03396,-24.85
2026-07-07,shadow,30,2303,0.03354,-21.29
2026-07-07,champion,1,4989,0.12248,-33.03
2026-07-07,champion,2,3081,0.0751,13.39
2026-07-07,champion,3,8996,0.0602,-22.47
2026-07-07,champion,4,8155,0.05716,-16.71
2026-07-07,champion,5,4971,0.05688,4.17
2026-07-07,champion,6,3581,0.05214,-13.57
2026-07-07,champion,7,4923,0.05176,-23.47
2026-07-07,champion,8,5904,0.04521,-89.1
2026-07-07,champion,9,2426,0.03508,-14.03
2026-07-07,champion,10,6715,0.03436,-17.81
2026-07-07,champion,11,5274,0.03314,11.13
2026-07-07,champion,12,6488,0.03278,-27.63
2026-07-07,champion,13,3218,0.02799,-3.78
2026-07-07,champion,14,4722,0.02788,-13.49
2026-07-07,champion,15,6509,0.02683,-17.24
2026-07-07,champion,16,6494,0.0267,-23.66
2026-07-07,champion,17,6510,0.02372,-2.82
2026-07-07,champion,18,3533,0.023,-0.51
2026-07-07,champion,19,3441,0.02204,20.11
2026-07-07,champion,20,3624,0.02076,-43.97
2026-07-07,champion,21,5475,0.02031,-39.86
2026-07-07,champion,22,2478,0.01976,-37.98
2026-07-07,champion,23,4741,0.01946,-13.47
2026-07-07,champion,24,1423,0.01938,-4.31
2026-07-07,champion,25,6259,0.01732,-28.87
2026-07-07,champion,26,8299,0.01689,-13.99
2026-07-07,champion,27,6405,0.0162,-30.45
2026-07-07,champion,28,3529,0.01606,-4.01
2026-07-07,champion,29,4966,0.01584,-4.92
2026-07-07,champion,30,4939,0.0155,0.51
2026-07-08,shadow,1,2380,0.21569,-8.89
2026-07-08,shadow,2,2481,0.16436,-34.28
2026-07-08,shadow,3,9940,0.08225,3.56
2026-07-08,shadow,4,8996,0.06915,-14.02
2026-07-08,shadow,5,6015,0.0663,-14.6
2026-07-08,shadow,6,5228,0.06408,-20.64
2026-07-08,shadow,7,5386,0.06209,-34.3
2026-07-08,shadow,8,2414,0.05829,-7.53
2026-07-08,shadow,9,2010,0.05544,1.42
2026-07-08,shadow,10,8354,0.04691,-11.49
2026-07-08,shadow,11,5425,0.04663,-37.57
2026-07-08,shadow,12,2886,0.04627,7.48
2026-07-08,shadow,13,3717,0.04602,-16.88
2026-07-08,shadow,14,9933,0.04343,-8.61
2026-07-08,shadow,15,5483,0.04202,-14.66
2026-07-08,shadow,16,3346,0.041,-22.33
2026-07-08,shadow,17,2314,0.0409,-10.66
2026-07-08,shadow,18,3135,0.03843,8.75
2026-07-08,shadow,19,6419,0.03633,5.28
2026-07-08,shadow,20,6547,0.03485,2.95
2026-07-08,shadow,21,6167,0.03406,-12.24
2026-07-08,shadow,22,6133,0.03352,-14.66
2026-07-08,shadow,23,3441,0.0324,27.56
2026-07-08,shadow,24,1718,0.02893,-28.42
2026-07-08,shadow,25,2025,0.02863,0.0
2026-07-08,shadow,26,3481,0.02742,-23.31
2026-07-08,shadow,27,2816,0.02677,-2.6
2026-07-08,shadow,28,5244,0.02664,-1.47
2026-07-08,shadow,29,6861,0.02663,-29.24
2026-07-08,shadow,30,2851,0.02556,-8.74
2026-07-08,champion,1,4989,0.1353,-31.2
2026-07-08,champion,2,6488,0.0834,-29.11
2026-07-08,champion,3,2478,0.04811,-32.87
2026-07-08,champion,4,4971,0.04784,9.71
2026-07-08,champion,5,4923,0.04749,-33.23
2026-07-08,champion,6,8415,0.04227,9.87
2026-07-08,champion,7,2426,0.0394,-13.06
2026-07-08,champion,8,3081,0.03749,13.37
2026-07-08,champion,9,8996,0.03697,-14.02
2026-07-08,champion,10,3581,0.03509,-5.77
2026-07-08,champion,11,3441,0.03294,27.56
2026-07-08,champion,12,3624,0.03025,-46.0
2026-07-08,champion,13,8150,0.02844,-18.4
2026-07-08,champion,14,4722,0.0275,-11.37
2026-07-08,champion,15,2314,0.02569,-10.66
2026-07-08,champion,16,8121,0.02546,-34.82
2026-07-08,champion,17,6510,0.02432,-0.18
2026-07-08,champion,18,8071,0.02425,-24.84
2026-07-08,champion,19,5468,0.02342,-17.31
2026-07-08,champion,20,4991,0.02322,-8.3
2026-07-08,champion,21,6405,0.02248,-27.78
2026-07-08,champion,22,8046,0.02228,0.0
2026-07-08,champion,23,2360,0.02104,6.47
2026-07-08,champion,24,1423,0.02085,-3.4
2026-07-08,champion,25,6259,0.01841,-24.02
2026-07-08,champion,26,6265,0.01764,7.25
2026-07-08,champion,27,6715,0.01698,-17.24
2026-07-08,champion,28,6494,0.01679,-21.46
2026-07-08,champion,29,4741,0.01674,-14.71
2026-07-08,champion,30,6451,0.01574,-13.9
2026-07-09,shadow,1,2380,0.20031,-5.0
2026-07-09,shadow,2,2010,0.1322,7.49
2026-07-09,shadow,3,6226,0.1194,-17.11
2026-07-09,shadow,4,2537,0.11019,-1.34
2026-07-09,shadow,5,2478,0.08154,-34.48
2026-07-09,shadow,6,2316,0.07356,-23.32
2026-07-09,shadow,7,3702,0.07317,15.02
2026-07-09,shadow,8,5386,0.07165,-27.05
2026-07-09,shadow,9,3021,0.07018,-21.89
2026-07-09,shadow,10,5483,0.06358,-19.95
2026-07-09,shadow,11,3605,0.06241,17.87
2026-07-09,shadow,12,6133,0.05958,-13.59
2026-07-09,shadow,13,5228,0.05459,-27.35
2026-07-09,shadow,14,6015,0.05446,-13.31
2026-07-09,shadow,15,8182,0.05207,-25.72
2026-07-09,shadow,16,8996,0.05183,-15.04
2026-07-09,shadow,17,3441,0.04823,24.85
2026-07-09,shadow,18,3026,0.04769,-46.77
2026-07-09,shadow,19,2243,0.04675,-21.47
2026-07-09,shadow,20,6672,0.04663,-23.15
2026-07-09,shadow,21,9933,0.04519,-8.15
2026-07-09,shadow,22,2428,0.04243,-30.92
2026-07-09,shadow,23,3609,0.04232,-11.31
2026-07-09,shadow,24,2481,0.04224,-37.56
2026-07-09,shadow,25,5425,0.04218,-36.78
2026-07-09,shadow,26,5227,0.04212,11.77
2026-07-09,shadow,27,2476,0.04042,-2.71
2026-07-09,shadow,28,3114,0.03959,-3.0
2026-07-09,shadow,29,3008,0.038,11.01
2026-07-09,shadow,30,3717,0.03622,-5.5
2026-07-09,champion,1,6488,0.06721,-35.41
2026-07-09,champion,2,2478,0.06532,-34.48
2026-07-09,champion,3,4923,0.06152,-28.36
2026-07-09,champion,4,3624,0.05075,-48.06
2026-07-09,champion,5,8109,0.04624,-12.25
2026-07-09,champion,6,3081,0.04253,14.96
2026-07-09,champion,7,5904,0.04188,-89.07
2026-07-09,champion,8,6509,0.03569,-9.0
2026-07-09,champion,9,8996,0.03102,-15.04
2026-07-09,champion,10,5309,0.0296,-17.59
2026-07-09,champion,11,8150,0.02666,-26.24
2026-07-09,champion,12,5386,0.02245,-27.05
2026-07-09,champion,13,6715,0.02225,-14.81
2026-07-09,champion,14,6213,0.02208,1.04
2026-07-09,champion,15,8046,0.01805,-11.11
2026-07-09,champion,16,3066,0.0167,-11.95
2026-07-09,champion,17,6538,0.01533,6.62
2026-07-09,champion,18,6494,0.01484,-18.65
2026-07-09,champion,19,2426,0.01386,-5.83
2026-07-09,champion,20,3317,0.01302,-30.33
2026-07-09,champion,21,2383,0.01292,-1.04
2026-07-09,champion,22,6510,0.01273,-5.6
2026-07-09,champion,23,4722,0.01101,-9.55
2026-07-09,champion,24,8299,0.0103,-9.01
2026-07-09,champion,25,6139,0.00998,-8.34
2026-07-09,champion,26,1776,0.00838,-13.04
2026-07-09,champion,27,8071,0.00673,-23.6
2026-07-09,champion,28,3441,0.00667,24.85
2026-07-09,champion,29,6465,0.00523,-24.8
2026-07-09,champion,30,6173,0.0047,-42.55
2026-07-13,shadow,1,2380,0.15383,-3.05
2026-07-13,shadow,2,3092,0.1222,-11.11
2026-07-13,shadow,3,5228,0.11588,-20.76
2026-07-13,shadow,4,2010,0.11507,10.38
2026-07-13,shadow,5,2478,0.10106,-25.38
2026-07-13,shadow,6,5386,0.09399,-15.1
2026-07-13,shadow,7,2484,0.07995,-11.86
2026-07-13,shadow,8,2906,0.07606,-2.88
2026-07-13,shadow,9,3236,0.07129,-24.91
2026-07-13,shadow,10,5227,0.06878,9.68
2026-07-13,shadow,11,8046,0.06607,-11.02
2026-07-13,shadow,12,2476,0.06498,-0.4
2026-07-13,shadow,13,1717,0.06366,-3.58
2026-07-13,shadow,14,2483,0.06282,-41.42
2026-07-13,shadow,15,6155,0.06217,-24.22
2026-07-13,shadow,16,3605,0.05951,21.52
2026-07-13,shadow,17,6672,0.05625,-8.55
2026-07-13,shadow,18,8042,0.05492,-28.97
2026-07-13,shadow,19,6175,0.0546,-25.52
2026-07-13,shadow,20,3114,0.05284,-2.22
2026-07-13,shadow,21,6538,0.05198,-2.68
2026-07-13,shadow,22,1515,0.0505,-24.18
2026-07-13,shadow,23,3008,0.05003,1.27
2026-07-13,shadow,24,2316,0.04944,-11.86
2026-07-13,shadow,25,2413,0.04921,-1.97
2026-07-13,shadow,26,8996,0.04799,-13.31
2026-07-13,shadow,27,3624,0.04737,-36.77
2026-07-13,shadow,28,3576,0.04695,2.69
2026-07-13,shadow,29,3026,0.04553,-35.03
2026-07-13,shadow,30,4939,0.04549,7.17
2026-07-13,champion,1,3092,0.09753,-11.11
2026-07-13,champion,2,4923,0.0834,-18.01
2026-07-13,champion,3,6488,0.07989,-42.49
2026-07-13,champion,4,5904,0.04669,-88.34
2026-07-13,champion,5,8150,0.0426,-19.22
2026-07-13,champion,6,2426,0.04085,0.75
2026-07-13,champion,7,8182,0.03911,-16.49
2026-07-13,champion,8,6494,0.03663,-13.48
2026-07-13,champion,9,3581,0.03644,-14.93
2026-07-13,champion,10,3066,0.03489,-14.26
2026-07-13,champion,11,6715,0.03421,-2.55
2026-07-13,champion,12,2478,0.03021,-25.38
2026-07-13,champion,13,5228,0.02995,-20.76
2026-07-13,champion,14,3081,0.02961,27.39
2026-07-13,champion,15,3529,0.02863,11.18
2026-07-13,champion,16,6405,0.02853,-26.83
2026-07-13,champion,17,5468,0.0246,2.96
2026-07-13,champion,18,4534,0.02459,0.86
2026-07-13,champion,19,5386,0.02133,-15.1
2026-07-13,champion,20,6683,0.0181,-26.57
2026-07-13,champion,21,2327,0.01675,-29.78
2026-07-13,champion,22,6199,0.01345,-7.83
2026-07-13,champion,23,3533,0.01248,-1.01
2026-07-13,champion,24,8996,0.01178,-13.31
2026-07-13,champion,25,5274,0.01155,22.34
2026-07-13,champion,26,6204,0.01054,-13.48
2026-07-13,champion,27,4722,0.00989,-12.75
2026-07-13,champion,28,5288,0.0094,6.47
2026-07-13,champion,29,2383,0.00929,3.22
2026-07-13,champion,30,5475,0.00627,-30.36
2026-07-14,shadow,1,2380,0.13368,2.39
2026-07-14,shadow,2,5228,0.12851,-16.3
2026-07-14,shadow,3,8182,0.10857,-12.64
2026-07-14,shadow,4,2478,0.10322,-23.17
2026-07-14,shadow,5,5386,0.10151,-20.89
2026-07-14,shadow,6,1718,0.08654,-26.62
2026-07-14,shadow,7,1717,0.07913,2.71
2026-07-14,shadow,8,2316,0.07705,-6.52
2026-07-14,shadow,9,2484,0.07654,-8.94
2026-07-14,shadow,10,6175,0.07519,-24.39
2026-07-14,shadow,11,3037,0.07282,13.5
2026-07-14,shadow,12,6672,0.07224,-1.72
2026-07-14,shadow,13,3236,0.07108,-15.32
2026-07-14,shadow,14,2483,0.07095,-36.39
2026-07-14,shadow,15,2476,0.0699,2.05
2026-07-14,shadow,16,8046,0.06943,-10.85
2026-07-14,shadow,17,8042,0.06715,-23.36
2026-07-14,shadow,18,3624,0.06415,-27.49
2026-07-14,shadow,19,6155,0.06201,-17.12
2026-07-14,shadow,20,6173,0.06009,-22.59
2026-07-14,shadow,21,4939,0.05945,11.57
2026-07-14,shadow,22,2413,0.05933,0.57
2026-07-14,shadow,23,5227,0.05714,10.24
2026-07-14,shadow,24,3026,0.05607,-20.74
2026-07-14,shadow,25,3481,0.05606,-12.41
2026-07-14,shadow,26,5425,0.05501,-19.63
2026-07-14,shadow,27,6538,0.05497,-5.77
2026-07-14,shadow,28,3114,0.05443,0.55
2026-07-14,shadow,29,2375,0.0537,-25.29
2026-07-14,shadow,30,8150,0.0519,-4.81
2026-07-14,champion,1,6274,0.07431,15.05
2026-07-14,champion,2,8996,0.06456,-9.36
2026-07-14,champion,3,3529,0.05718,10.14
2026-07-14,champion,4,7734,0.05362,16.61
2026-07-14,champion,5,8937,0.05112,-2.7
2026-07-14,champion,6,2426,0.0479,3.19
2026-07-14,champion,7,5468,0.0475,19.57
2026-07-14,champion,8,6494,0.04701,-8.8
2026-07-14,champion,9,2243,0.0462,-21.29
2026-07-14,champion,10,3131,0.04494,-21.51
2026-07-14,champion,11,5228,0.0406,-16.3
2026-07-14,champion,12,2478,0.04013,-23.17
2026-07-14,champion,13,8182,0.03545,-12.64
2026-07-14,champion,14,5483,0.03367,-33.4
2026-07-14,champion,15,3081,0.03332,28.83
2026-07-14,champion,16,5274,0.03185,26.61
2026-07-14,champion,17,5475,0.02843,-24.37
2026-07-14,champion,18,6204,0.02657,-9.55
2026-07-14,champion,19,3066,0.02528,-13.94
2026-07-14,champion,20,3555,0.02307,8.58
2026-07-14,champion,21,6510,0.0225,3.7
2026-07-14,champion,22,3533,0.02011,3.38
2026-07-14,champion,23,5464,0.01996,-28.69
2026-07-14,champion,24,8121,0.01973,-25.74
2026-07-14,champion,25,6405,0.01932,-20.32
2026-07-14,champion,26,4534,0.01932,-2.0
2026-07-14,champion,27,7751,0.01648,10.57
2026-07-14,champion,28,3092,0.01534,-10.31
2026-07-14,champion,29,6706,0.01528,-7.14
2026-07-14,champion,30,2492,0.01516,-22.95
2026-07-15,shadow,1,1718,0.19198,-24.83
2026-07-15,shadow,2,4771,0.1406,-0.25
2026-07-15,shadow,3,3609,0.13463,-10.13
2026-07-15,shadow,4,8171,0.11505,-0.98
2026-07-15,shadow,5,2380,0.10738,4.04
2026-07-15,shadow,6,6226,0.09091,-26.98
2026-07-15,shadow,7,1414,0.08976,4.38
2026-07-15,shadow,8,1515,0.08879,-23.97
2026-07-15,shadow,9,6492,0.08298,-12.99
2026-07-15,shadow,10,5508,0.08225,-3.23
2026-07-15,shadow,11,7709,0.07973,-0.27
2026-07-15,shadow,12,5324,0.07728,2.08
2026-07-15,shadow,13,4513,0.07576,-21.92
2026-07-15,shadow,14,2905,0.07349,5.13
2026-07-15,shadow,15,2483,0.07162,-28.53
2026-07-15,shadow,16,5876,0.07017,-3.92
2026-07-15,shadow,17,1506,0.06006,-4.11
2026-07-15,shadow,18,6405,0.05876,-18.0
2026-07-15,shadow,19,4555,0.05813,3.62
2026-07-15,shadow,20,6901,0.05735,-12.21
2026-07-15,shadow,21,3711,0.05661,-9.08
2026-07-15,shadow,22,5213,0.05645,-5.84
2026-07-15,shadow,23,3714,0.05631,-3.64
2026-07-15,shadow,24,6155,0.05388,-13.48
2026-07-15,shadow,25,1527,0.05367,-4.09
2026-07-15,shadow,26,6505,0.05352,-3.57
2026-07-15,shadow,27,3535,0.05187,-7.96
2026-07-15,shadow,28,1725,0.05089,2.32
2026-07-15,shadow,29,3092,0.04889,-8.06
2026-07-15,shadow,30,2015,0.04743,-0.78
2026-07-15,champion,1,3045,0.24369,0.46
2026-07-15,champion,2,8171,0.18033,-0.98
2026-07-15,champion,3,3052,0.15175,0.0
2026-07-15,champion,4,6994,0.14138,-11.38
2026-07-15,champion,5,3167,0.14039,-24.66
2026-07-15,champion,6,1710,0.13788,-4.39
2026-07-15,champion,7,2102,0.116,0.26
2026-07-15,champion,8,4771,0.11395,-0.25
2026-07-15,champion,9,8937,0.11217,-4.01
2026-07-15,champion,10,2015,0.10364,-0.78
2026-07-15,champion,11,4306,0.09561,-2.68
2026-07-15,champion,12,3709,0.09352,-9.07
2026-07-15,champion,13,2376,0.09238,9.16
2026-07-15,champion,14,5228,0.09159,-14.0
2026-07-15,champion,15,2243,0.08678,-19.92
2026-07-15,champion,16,2345,0.08569,-5.34
2026-07-15,champion,17,4927,0.07987,-14.29
2026-07-15,champion,18,1714,0.07982,4.19
2026-07-15,champion,19,2484,0.07659,-9.33
2026-07-15,champion,20,4766,0.07597,1.78
2026-07-15,champion,21,6558,0.07472,-7.55
2026-07-15,champion,22,3260,0.07177,0.37
2026-07-15,champion,23,6412,0.07092,-6.88
2026-07-15,champion,24,2483,0.06933,-28.53
2026-07-15,champion,25,6691,0.06889,-2.66
2026-07-15,champion,26,3017,0.06804,34.41
2026-07-15,champion,27,1301,0.06705,-14.46
2026-07-15,champion,28,1414,0.06603,4.38
2026-07-15,champion,29,6739,0.06432,-6.79
2026-07-15,champion,30,2610,0.06416,-4.48
2026-07-16,shadow,1,2483,0.10473,-17.08
2026-07-16,shadow,2,7709,0.10167,1.97
2026-07-16,shadow,3,3609,0.09542,-9.75
2026-07-16,shadow,4,4532,0.08058,-6.69
2026-07-16,shadow,5,2705,0.06564,-1.84
2026-07-16,shadow,6,6405,0.06356,-16.01
2026-07-16,shadow,7,2380,0.06253,-1.53
2026-07-16,shadow,8,6515,0.06061,0.15
2026-07-16,shadow,9,5324,0.06051,-0.41
2026-07-16,shadow,10,2393,0.05828,-6.19
2026-07-16,shadow,11,1515,0.05817,-32.0
2026-07-16,shadow,12,3709,0.0575,-8.21
2026-07-16,shadow,13,4555,0.056,2.2
2026-07-16,shadow,14,2426,0.05488,11.0
2026-07-16,shadow,15,5386,0.05186,-27.42
2026-07-16,shadow,16,3714,0.05185,1.56
2026-07-16,shadow,17,3624,0.05126,-12.35
2026-07-16,shadow,18,5292,0.05108,8.88
2026-07-16,shadow,19,3167,0.04884,-20.8
2026-07-16,shadow,20,6155,0.04852,-4.94
2026-07-16,shadow,21,2369,0.04814,-17.31
2026-07-16,shadow,22,1717,0.0451,10.45
2026-07-16,shadow,23,1506,0.04509,-5.94
2026-07-16,shadow,24,3481,0.04131,-13.79
2026-07-16,shadow,25,3374,0.04088,-17.72
2026-07-16,shadow,26,3406,0.04011,12.93
2026-07-16,shadow,27,2327,0.04005,-14.69
2026-07-16,shadow,28,3438,0.03983,3.44
2026-07-16,shadow,29,3535,0.03917,-4.94
2026-07-16,shadow,30,8255,0.03914,-7.6
2026-07-16,champion,1,1815,0.08202,0.9
2026-07-16,champion,2,3131,0.0793,-19.05
2026-07-16,champion,3,6274,0.07405,23.55
2026-07-16,champion,4,3290,0.0697,-15.88
2026-07-16,champion,5,6903,0.06557,-18.86
2026-07-16,champion,6,3624,0.06431,-12.35
2026-07-16,champion,7,2483,0.05911,-17.08
2026-07-16,champion,8,6173,0.05386,3.71
2026-07-16,champion,9,3090,0.05118,-16.27
2026-07-16,champion,10,2383,0.04989,14.03
2026-07-16,champion,11,3229,0.04962,31.03
2026-07-16,champion,12,3217,0.04937,-8.39
2026-07-16,champion,13,6449,0.04824,-10.79
2026-07-16,champion,14,3081,0.04309,64.51
2026-07-16,champion,15,6204,0.04182,2.26
2026-07-16,champion,16,5228,0.04093,-10.44
2026-07-16,champion,17,3357,0.0374,7.19
2026-07-16,champion,18,6139,0.03541,-7.26
2026-07-16,champion,19,2478,0.03408,-17.72
2026-07-16,champion,20,8121,0.03367,-22.69
2026-07-16,champion,21,6538,0.02985,19.93
2026-07-16,champion,22,3093,0.02847,-3.24
2026-07-16,champion,23,8046,0.02699,-4.71
2026-07-16,champion,24,4534,0.02406,-21.84
2026-07-16,champion,25,3078,0.02283,-1.12
2026-07-16,champion,26,3653,0.0226,36.52
2026-07-16,champion,27,3228,0.01978,-11.31
2026-07-16,champion,28,6147,0.01899,-16.92
2026-07-16,champion,29,5475,0.01888,-7.12
2026-07-16,champion,30,7709,0.01813,1.97
2026-07-17,shadow,1,3306,0.11786,3.12
2026-07-17,shadow,2,7709,0.11423,8.51
2026-07-17,shadow,3,2483,0.10323,-12.41
2026-07-17,shadow,4,4923,0.10182,6.34
2026-07-17,shadow,5,3609,0.09316,-8.74
2026-07-17,shadow,6,3535,0.09123,0.33
2026-07-17,shadow,7,2426,0.08969,19.57
2026-07-17,shadow,8,5443,0.08758,8.5
2026-07-17,shadow,9,4745,0.08701,-16.38
2026-07-17,shadow,10,6155,0.08365,5.81
2026-07-17,shadow,11,6405,0.08257,-9.32
2026-07-17,shadow,12,4555,0.08246,4.52
2026-07-17,shadow,13,2375,0.08055,-12.12
2026-07-17,shadow,14,5483,0.07817,-20.17
2026-07-17,shadow,15,2705,0.07551,-0.93
2026-07-17,shadow,16,4919,0.07397,-12.77
2026-07-17,shadow,17,2905,0.07332,12.5
2026-07-17,shadow,18,1515,0.07107,-18.07
2026-07-17,shadow,19,6415,0.06438,10.34
2026-07-17,shadow,20,4513,0.06321,-19.0
2026-07-17,shadow,21,3438,0.06201,8.49
2026-07-17,shadow,22,3167,0.0618,-11.88
2026-07-17,shadow,23,6994,0.05989,-9.0
2026-07-17,shadow,24,6425,0.05893,-4.3
2026-07-17,shadow,25,8040,0.05883,-3.18
2026-07-17,shadow,26,4949,0.05735,1.16
2026-07-17,shadow,27,2330,0.05729,4.59
2026-07-17,shadow,28,8043,0.05683,3.55
2026-07-17,shadow,29,3211,0.05641,1.43
2026-07-17,shadow,30,3624,0.05613,-8.39
2026-07-17,champion,1,1560,0.08753,10.52
2026-07-17,champion,2,2492,0.08709,-1.63
2026-07-17,champion,3,3131,0.07787,-13.48
2026-07-17,champion,4,3229,0.07723,31.54
2026-07-17,champion,5,1513,0.07592,7.26
2026-07-17,champion,6,4532,0.07353,-4.66
2026-07-17,champion,7,6781,0.07145,16.67
2026-07-17,champion,8,6743,0.06884,-11.19
2026-07-17,champion,9,3592,0.06774,-0.43
2026-07-17,champion,10,6122,0.0608,-6.82
2026-07-17,champion,11,3624,0.05928,-8.39
2026-07-17,champion,12,3325,0.05699,-7.32
2026-07-17,champion,13,3189,0.0562,24.39
2026-07-17,champion,14,2618,0.05581,-3.16
2026-07-17,champion,15,2477,0.05465,0.48
2026-07-17,champion,16,4722,0.05324,-10.96
2026-07-17,champion,17,3026,0.05294,-6.23
2026-07-17,champion,18,6491,0.05185,10.15
2026-07-17,champion,19,2204,0.0512,-6.58
2026-07-17,champion,20,6274,0.04955,43.16
2026-07-17,champion,21,7709,0.04726,8.51
2026-07-17,champion,22,6670,0.04714,0.77
2026-07-17,champion,23,9945,0.04635,13.52
2026-07-17,champion,24,2380,0.04589,4.52
2026-07-17,champion,25,2387,0.04548,-3.81
2026-07-17,champion,26,6405,0.04501,-9.32
2026-07-17,champion,27,2243,0.04239,-23.65
2026-07-17,champion,28,8255,0.04081,-1.0
2026-07-17,champion,29,1710,0.04072,-8.23
2026-07-17,champion,30,8021,0.0394,-4.51
2026-07-20,shadow,1,3591,0.26006,-0.24
2026-07-20,shadow,2,6174,0.17979,-7.39
2026-07-20,shadow,3,2483,0.08774,-10.14
2026-07-20,shadow,4,7709,0.08029,9.59
2026-07-20,shadow,5,8038,0.08011,-16.44
2026-07-20,shadow,6,4555,0.0788,8.41
2026-07-20,shadow,7,2375,0.07822,-5.54
2026-07-20,shadow,8,1514,0.07802,-1.92
2026-07-20,shadow,9,4513,0.07738,-12.82
2026-07-20,shadow,10,6155,0.07705,3.07
2026-07-20,shadow,11,2426,0.0689,36.82
2026-07-20,shadow,12,2492,0.06704,5.23
2026-07-20,shadow,13,2347,0.06483,5.71
2026-07-20,shadow,14,5386,0.06314,1.49
2026-07-20,shadow,15,5483,0.06257,-18.02
2026-07-20,shadow,16,6693,0.06053,0.84
2026-07-20,shadow,17,3211,0.06052,10.73
2026-07-20,shadow,18,4949,0.06021,12.06
2026-07-20,shadow,19,6023,0.05988,-2.46
2026-07-20,shadow,20,3535,0.05962,4.89
2026-07-20,shadow,21,4951,0.0584,2.22
2026-07-20,shadow,22,6147,0.05816,2.74
2026-07-20,shadow,23,4971,0.05778,43.87
2026-07-20,shadow,24,6121,0.05777,12.83
2026-07-20,shadow,25,8096,0.05749,-10.94
2026-07-20,shadow,26,6861,0.0572,-3.02
2026-07-20,shadow,27,3661,0.05719,20.65
2026-07-20,shadow,28,3438,0.05644,7.39
2026-07-20,shadow,29,3707,0.05598,0.62
2026-07-20,shadow,30,6227,0.05577,17.22
2026-07-20,champion,1,3131,0.10996,-13.34
2026-07-20,champion,2,6274,0.08311,42.22
2026-07-20,champion,3,3026,0.0749,10.95
2026-07-20,champion,4,6147,0.07318,2.74
2026-07-20,champion,5,2383,0.07317,44.48
2026-07-20,champion,6,4722,0.06937,-0.23
2026-07-20,champion,7,3624,0.06831,-2.23
2026-07-20,champion,8,3227,0.06683,8.77
2026-07-20,champion,9,2327,0.06007,-3.49
2026-07-20,champion,10,6727,0.05761,43.5
2026-07-20,champion,11,6415,0.05639,6.08
2026-07-20,champion,12,2243,0.05497,-22.78
2026-07-20,champion,13,6122,0.05463,-5.99
2026-07-20,champion,14,3221,0.0537,6.08
2026-07-20,champion,15,4931,0.05278,33.09
2026-07-20,champion,16,6739,0.05204,-11.64
2026-07-20,champion,17,2484,0.05196,3.16
2026-07-20,champion,18,6423,0.04975,23.35
2026-07-20,champion,19,5340,0.0481,14.55
2026-07-20,champion,20,6405,0.04663,-5.03
2026-07-20,champion,21,3229,0.04613,43.96
2026-07-20,champion,22,8121,0.04608,-14.94
2026-07-20,champion,23,5464,0.04468,-2.58
2026-07-20,champion,24,7709,0.04412,9.59
2026-07-20,champion,25,6683,0.04385,19.91
2026-07-20,champion,26,3443,0.04255,56.21
2026-07-20,champion,27,6834,0.0425,5.71
2026-07-20,champion,28,6548,0.04247,9.91
2026-07-20,champion,29,2478,0.04222,-4.58
2026-07-20,champion,30,6223,0.04134,6.32
2026-07-21,shadow,1,3591,0.28403,-2.15
2026-07-21,shadow,2,6023,0.20688,-3.57
2026-07-21,shadow,3,6505,0.15482,-15.69
2026-07-21,shadow,4,4542,0.14903,-21.26
2026-07-21,shadow,5,8038,0.13832,-17.6
2026-07-21,shadow,6,2357,0.1216,23.64
2026-07-21,shadow,7,3026,0.11376,-2.05
2026-07-21,shadow,8,8016,0.10901,0.0
2026-07-21,shadow,9,6414,0.10891,-12.57
2026-07-21,shadow,10,1709,0.10572,16.37
2026-07-21,shadow,11,2492,0.10208,3.3
2026-07-21,shadow,12,1312,0.10012,-10.94
2026-07-21,shadow,13,2375,0.09695,-11.87
2026-07-21,shadow,14,2483,0.09586,-10.79
2026-07-21,shadow,15,8027,0.09467,-14.18
2026-07-21,shadow,16,2211,0.08933,-8.48
2026-07-21,shadow,17,2453,0.08894,-1.72
2026-07-21,shadow,18,2891,0.08656,6.06
2026-07-21,shadow,19,1773,0.08389,-8.55
2026-07-21,shadow,20,3481,0.0836,-2.37
2026-07-21,shadow,21,2908,0.08352,-0.91
2026-07-21,shadow,22,6405,0.08351,-8.11
2026-07-21,shadow,23,6155,0.08327,-3.53
2026-07-21,shadow,24,4555,0.08195,3.25
2026-07-21,shadow,25,4513,0.07519,-20.98
2026-07-21,shadow,26,1776,0.07388,-5.31
2026-07-21,shadow,27,6277,0.07294,5.93
2026-07-21,shadow,28,3564,0.0719,-3.16
2026-07-21,shadow,29,1216,0.07172,-4.27
2026-07-21,shadow,30,2426,0.07145,22.45
2026-07-21,champion,1,3131,0.0907,-17.56
2026-07-21,champion,2,6290,0.08633,-15.18
2026-07-21,champion,3,4722,0.07187,-5.29
2026-07-21,champion,4,6147,0.07015,-5.49
2026-07-21,champion,5,3227,0.06789,1.81
2026-07-21,champion,6,3624,0.06656,-6.71
2026-07-21,champion,7,2484,0.06594,0.56
2026-07-21,champion,8,3026,0.05641,-2.05
2026-07-21,champion,9,6122,0.05591,-5.14
2026-07-21,champion,10,4534,0.05492,-16.3
2026-07-21,champion,11,3229,0.05356,25.09
2026-07-21,champion,12,2478,0.05197,-10.26
2026-07-21,champion,13,8121,0.04731,-18.8
2026-07-21,champion,14,3221,0.04266,0.0
2026-07-21,champion,15,2472,0.04072,-16.3
2026-07-21,champion,16,6548,0.04015,4.93
2026-07-21,champion,17,4513,0.04009,-20.98
2026-07-21,champion,18,6415,0.04008,-3.47
2026-07-21,champion,19,6515,0.03946,-5.11
2026-07-21,champion,20,2380,0.03801,4.92
2026-07-21,champion,21,2426,0.03727,22.45
2026-07-21,champion,22,5340,0.03678,8.1
2026-07-21,champion,23,4768,0.03612,1.52
2026-07-21,champion,24,6204,0.03608,4.24
2026-07-21,champion,25,3093,0.03605,1.93
2026-07-21,champion,26,1597,0.03588,11.6
2026-07-21,champion,27,6485,0.03566,-4.76
2026-07-21,champion,28,8182,0.03561,-0.62
2026-07-21,champion,29,8021,0.03497,7.36
2026-07-21,champion,30,3443,0.03463,34.51
2026-07-22,shadow,1,3591,0.27204,-3.53
2026-07-22,shadow,2,2492,0.22603,-0.67
2026-07-22,shadow,3,4560,0.22264,2.69
2026-07-22,shadow,4,2450,0.19096,-2.26
2026-07-22,shadow,5,6115,0.19006,-1.75
2026-07-22,shadow,6,9908,0.17749,-0.17
2026-07-22,shadow,7,6782,0.1157,7.69
2026-07-22,shadow,8,2727,0.10719,5.64
2026-07-22,shadow,9,2548,0.10065,-5.53
2026-07-22,shadow,10,2375,0.09251,-12.71
2026-07-22,shadow,11,2211,0.0906,-6.38
2026-07-22,shadow,12,2453,0.08578,-1.72
2026-07-22,shadow,13,6121,0.08363,5.24
2026-07-22,shadow,14,1773,0.08211,-9.17
2026-07-22,shadow,15,2483,0.0772,-11.81
2026-07-22,shadow,16,5386,0.07574,-13.18
2026-07-22,shadow,17,8096,0.07569,-23.13
2026-07-22,shadow,18,6405,0.07303,-8.82
2026-07-22,shadow,19,4513,0.07082,-27.85
2026-07-22,shadow,20,4555,0.06935,1.94
2026-07-22,shadow,21,8937,0.06789,3.23
2026-07-22,shadow,22,3169,0.06721,-6.54
2026-07-22,shadow,23,3152,0.06356,-6.11
2026-07-22,shadow,24,2332,0.06261,-13.39
2026-07-22,shadow,25,6226,0.06238,11.52
2026-07-22,shadow,26,1591,0.06022,3.36
2026-07-22,shadow,27,2301,0.05987,25.46
2026-07-22,shadow,28,3231,0.05782,10.98
2026-07-22,shadow,29,3090,0.05761,-3.01
2026-07-22,shadow,30,6742,0.05287,-4.79
2026-07-22,champion,1,8937,0.1317,3.23
2026-07-22,champion,2,6290,0.08336,-10.6
2026-07-22,champion,3,3131,0.0806,-21.76
2026-07-22,champion,4,1591,0.05845,3.36
2026-07-22,champion,5,2484,0.05768,1.25
2026-07-22,champion,6,3227,0.05306,-1.74
2026-07-22,champion,7,6217,0.05215,-11.3
2026-07-22,champion,8,3624,0.0512,-4.37
2026-07-22,champion,9,8121,0.05005,-19.71
2026-07-22,champion,10,4534,0.04831,-25.03
2026-07-22,champion,11,6538,0.04643,37.77
2026-07-22,champion,12,6245,0.04525,2.46
2026-07-22,champion,13,3483,0.04493,-10.19
2026-07-22,champion,14,6405,0.0426,-8.82
2026-07-22,champion,15,3290,0.0423,-17.9
2026-07-22,champion,16,6204,0.04226,10.45
2026-07-22,champion,17,6122,0.04181,-5.96
2026-07-22,champion,18,6173,0.04112,19.94
2026-07-22,champion,19,3090,0.04025,-3.01
2026-07-22,champion,20,2478,0.04007,-10.33
2026-07-22,champion,21,4722,0.03929,-8.56
2026-07-22,champion,22,6715,0.03771,15.63
2026-07-22,champion,23,6821,0.0375,-5.13
2026-07-22,champion,24,8289,0.03711,3.87
2026-07-22,champion,25,5228,0.03685,-2.52
2026-07-22,champion,26,5464,0.03658,-13.57
2026-07-22,champion,27,3213,0.03651,3.11
2026-07-22,champion,28,6274,0.03472,10.7
2026-07-22,champion,29,2383,0.03396,14.73
2026-07-22,champion,30,2467,0.03343,0.18
2026-07-23,shadow,1,1720,0.37134,1.78
2026-07-23,shadow,2,4560,0.22501,5.1
2026-07-23,shadow,3,3591,0.20174,-1.45
2026-07-23,shadow,4,1591,0.17627,-5.18
2026-07-23,shadow,5,2548,0.14427,-3.92
2026-07-23,shadow,6,6173,0.13269,20.77
2026-07-23,shadow,7,6226,0.11716,22.22
2026-07-23,shadow,8,6023,0.11647,-5.61
2026-07-23,shadow,9,2002,0.11505,1.31
2026-07-23,shadow,10,3419,0.10994,-3.59
2026-07-23,shadow,11,4711,0.1032,1.52
2026-07-23,shadow,12,2483,0.10152,-10.92
2026-07-23,shadow,13,2450,0.10057,-1.22
2026-07-23,shadow,14,6405,0.09734,-5.02
2026-07-23,shadow,15,2375,0.09099,-12.28
2026-07-23,shadow,16,3152,0.09075,0.43
2026-07-23,shadow,17,6182,0.08913,-13.44
2026-07-23,shadow,18,2211,0.0877,-4.68
2026-07-23,shadow,19,6121,0.08585,4.22
2026-07-23,shadow,20,4168,0.08572,-3.0
2026-07-23,shadow,21,2258,0.08493,1.42
2026-07-23,shadow,22,4114,0.08391,6.47
2026-07-23,shadow,23,3169,0.07898,-2.91
2026-07-23,shadow,24,3716,0.07818,8.1
2026-07-23,shadow,25,2492,0.07813,-9.17
2026-07-23,shadow,26,3430,0.07768,3.02
2026-07-23,shadow,27,3090,0.07569,0.29
2026-07-23,shadow,28,8937,0.07566,1.61
2026-07-23,shadow,29,4555,0.07248,2.05
2026-07-23,shadow,30,6861,0.07162,-8.18
2026-07-23,champion,1,8937,0.13938,1.61
2026-07-23,champion,2,1591,0.10373,-5.18
2026-07-23,champion,3,3213,0.0684,0.77
2026-07-23,champion,4,4722,0.06667,-4.43
2026-07-23,champion,5,3483,0.06284,-7.98
2026-07-23,champion,6,3227,0.06243,-0.99
2026-07-23,champion,7,6877,0.06127,-6.37
2026-07-23,champion,8,6204,0.06113,13.18
2026-07-23,champion,9,8121,0.05697,-17.66
2026-07-23,champion,10,2380,0.05539,5.0
2026-07-23,champion,11,6245,0.05158,-2.94
2026-07-23,champion,12,3402,0.04964,-15.03
2026-07-23,champion,13,6405,0.04885,-5.02
2026-07-23,champion,14,3715,0.04606,-10.61
2026-07-23,champion,15,6143,0.0438,-6.47
2026-07-23,champion,16,2478,0.04369,-6.88
2026-07-23,champion,17,6207,0.04322,-14.88
2026-07-23,champion,18,5314,0.04299,-58.51
2026-07-23,champion,19,6182,0.0429,-13.44
2026-07-23,champion,20,6538,0.04276,33.79
2026-07-23,champion,21,5347,0.04275,-8.9
2026-07-23,champion,22,2369,0.04165,-10.95
2026-07-23,champion,23,3236,0.04018,-0.56
2026-07-23,champion,24,6147,0.03988,-6.84
2026-07-23,champion,25,3624,0.03881,-7.9
2026-07-23,champion,26,6739,0.03863,-17.82
2026-07-23,champion,27,2483,0.03859,-10.92
2026-07-23,champion,28,4127,0.03849,19.84
2026-07-23,champion,29,6415,0.03845,-5.58
2026-07-23,champion,30,3229,0.0359,30.36
2026-07-24,shadow,1,2483,0.10045,-10.09
2026-07-24,shadow,2,3152,0.08956,11.52
2026-07-24,shadow,3,4555,0.0745,2.09
2026-07-24,shadow,4,6226,0.0733,12.77
2026-07-24,shadow,5,4938,0.07159,0.23
2026-07-24,shadow,6,6121,0.06882,1.44
2026-07-24,shadow,7,3430,0.06873,5.91
2026-07-24,shadow,8,3231,0.06827,-1.96
2026-07-24,shadow,9,6155,0.06506,1.8
2026-07-24,shadow,10,4760,0.06477,7.14
2026-07-24,shadow,11,2375,0.06026,-6.49
2026-07-24,shadow,12,8096,0.05882,-24.91
2026-07-24,shadow,13,2492,0.05879,-2.92
2026-07-24,shadow,14,6443,0.05673,-9.42
2026-07-24,shadow,15,6405,0.05598,0.39
2026-07-24,shadow,16,6182,0.05576,-7.02
2026-07-24,shadow,17,2301,0.05574,21.68
2026-07-24,shadow,18,3090,0.05281,0.61
2026-07-24,shadow,19,3374,0.05217,-16.03
2026-07-24,shadow,20,3406,0.05196,28.6
2026-07-24,shadow,21,6861,0.05109,-9.22
2026-07-24,shadow,22,3481,0.05095,-6.97
2026-07-24,shadow,23,7709,0.0509,-0.56
2026-07-24,shadow,24,6742,0.05084,4.58
2026-07-24,shadow,25,6116,0.05066,0.0
2026-07-24,shadow,26,6173,0.04998,28.48
2026-07-24,shadow,27,2485,0.04965,1.74
2026-07-24,shadow,28,4927,0.04892,-3.5
2026-07-24,shadow,29,6291,0.04859,4.44
2026-07-24,shadow,30,3017,0.04783,20.38
2026-07-24,champion,1,8937,0.13409,7.06
2026-07-24,champion,2,3213,0.07378,-0.39
2026-07-24,champion,3,3483,0.06238,-9.25
2026-07-24,champion,4,6245,0.05648,-3.1
2026-07-24,champion,5,3227,0.05487,-2.99
2026-07-24,champion,6,5314,0.05434,-53.65
2026-07-24,champion,7,4722,0.05222,1.73
2026-07-24,champion,8,8121,0.04944,-12.0
2026-07-24,champion,9,6742,0.04911,4.58
2026-07-24,champion,10,6204,0.04864,24.08
2026-07-24,champion,11,4534,0.04863,-26.96
2026-07-24,champion,12,5347,0.04779,-3.5
2026-07-24,champion,13,1591,0.04681,-12.32
2026-07-24,champion,14,3402,0.04379,-12.09
2026-07-24,champion,15,3229,0.04226,56.46
2026-07-24,champion,16,2380,0.04106,0.51
2026-07-24,champion,17,6538,0.03988,47.19
2026-07-24,champion,18,3430,0.03902,5.91
2026-07-24,champion,19,6143,0.0371,-5.96
2026-07-24,champion,20,6405,0.03602,0.39
2026-07-24,champion,21,3675,0.03599,8.33
2026-07-24,champion,22,6207,0.03308,-5.91
2026-07-24,champion,23,6173,0.03282,28.48
2026-07-24,champion,24,6877,0.03249,-6.12
2026-07-24,champion,25,6515,0.03143,1.67
2026-07-24,champion,26,6821,0.03079,-0.12
2026-07-24,champion,27,2377,0.03032,-3.41
2026-07-24,champion,28,3026,0.03028,-0.16
2026-07-24,champion,29,3066,0.02971,5.33
2026-07-24,champion,30,3325,0.02931,-8.13
2026-07-27,shadow,1,6782,0.11804,13.82
2026-07-27,shadow,2,6279,0.11592,9.52
2026-07-27,shadow,3,6291,0.10922,-1.35
2026-07-27,shadow,4,1905,0.10269,-0.74
2026-07-27,shadow,5,6405,0.09761,-0.26
2026-07-27,shadow,6,3090,0.08793,4.49
2026-07-27,shadow,7,1108,0.08687,-2.89
2026-07-27,shadow,8,2492,0.08435,-2.57
2026-07-27,shadow,9,2483,0.08017,-0.14
2026-07-27,shadow,10,6155,0.07955,1.45
2026-07-27,shadow,11,1326,0.07724,-12.15
2026-07-27,shadow,12,2548,0.07405,-2.82
2026-07-27,shadow,13,7709,0.07295,3.8
2026-07-27,shadow,14,1515,0.07243,2.77
2026-07-27,shadow,15,5386,0.07077,-2.42
2026-07-27,shadow,16,4923,0.07047,18.61
2026-07-27,shadow,17,3624,0.0699,12.11
2026-07-27,shadow,18,9938,0.06983,-10.07
2026-07-27,shadow,19,3430,0.06829,2.24
2026-07-27,shadow,20,3707,0.06826,1.81
2026-07-27,shadow,21,4919,0.06566,-12.45
2026-07-27,shadow,22,3374,0.06509,-12.32
2026-07-27,shadow,23,8042,0.06507,-15.74
2026-07-27,shadow,24,1720,0.06481,-0.52
2026-07-27,shadow,25,8096,0.0648,-24.29
2026-07-27,shadow,26,4949,0.063,5.26
2026-07-27,shadow,27,6499,0.06258,1.42
2026-07-27,shadow,28,4555,0.06252,-0.11
2026-07-27,shadow,29,3152,0.06208,8.62
2026-07-27,shadow,30,8162,0.06161,5.22
2026-07-27,champion,1,8937,0.15671,9.55
2026-07-27,champion,2,3483,0.07894,-8.61
2026-07-27,champion,3,6788,0.0757,3.37
2026-07-27,champion,4,3213,0.06974,0.79
2026-07-27,champion,5,7709,0.06717,3.8
2026-07-27,champion,6,4534,0.0632,-19.86
2026-07-27,champion,7,4722,0.06269,-0.98
2026-07-27,champion,8,3685,0.06114,-7.69
2026-07-27,champion,9,5314,0.06011,-49.56
2026-07-27,champion,10,6182,0.05589,-5.17
2026-07-27,champion,11,3430,0.05566,2.24
2026-07-27,champion,12,3624,0.05422,12.11
2026-07-27,champion,13,3229,0.05173,53.87
2026-07-27,champion,14,6143,0.05016,-4.26
2026-07-27,champion,15,6245,0.05006,-1.69
2026-07-27,champion,16,6742,0.04666,-0.58
2026-07-27,champion,17,3090,0.04496,4.49
2026-07-27,champion,18,6515,0.04268,-3.91
2026-07-27,champion,19,2467,0.04256,0.19
2026-07-27,champion,20,1597,0.04243,2.33
2026-07-27,champion,21,5340,0.04162,10.3
2026-07-27,champion,22,3715,0.04086,-5.26
2026-07-27,champion,23,3481,0.04082,-4.01
2026-07-27,champion,24,6274,0.04068,15.94
2026-07-27,champion,25,2483,0.04022,-0.14
2026-07-27,champion,26,1591,0.03997,-20.22
2026-07-27,champion,27,3026,0.03979,9.91
2026-07-27,champion,28,3675,0.03938,10.42
2026-07-27,champion,29,3114,0.03874,8.21
2026-07-27,champion,30,6405,0.03869,-0.26
2026-07-28,shadow,1,5324,0.15173,3.36
2026-07-28,shadow,2,2492,0.13346,9.39
2026-07-28,shadow,3,4168,0.09461,-0.66
2026-07-28,shadow,4,2891,0.09182,3.37
2026-07-28,shadow,5,6182,0.08758,3.35
2026-07-28,shadow,6,6283,0.08583,-1.73
2026-07-28,shadow,7,1591,0.07848,-14.18
2026-07-28,shadow,8,6173,0.07745,24.85
2026-07-28,shadow,9,2369,0.07078,4.17
2026-07-28,shadow,10,1909,0.06862,9.45
2026-07-28,shadow,11,2327,0.06846,-3.37
2026-07-28,shadow,12,2375,0.0669,3.38
2026-07-28,shadow,13,7709,0.0648,6.62
2026-07-28,shadow,14,8042,0.06477,-6.7
2026-07-28,shadow,15,6155,0.06452,6.96
2026-07-28,shadow,16,6861,0.06446,-2.34
2026-07-28,shadow,17,4545,0.06444,-2.29
2026-07-28,shadow,18,2483,0.06398,-9.27
2026-07-28,shadow,19,1515,0.06278,11.02
2026-07-28,shadow,20,2345,0.06036,-0.49
2026-07-28,shadow,21,6613,0.05976,-12.39
2026-07-28,shadow,22,4927,0.05855,14.31
2026-07-28,shadow,23,3481,0.05846,4.0
2026-07-28,shadow,24,5386,0.05802,5.59
2026-07-28,shadow,25,3017,0.05761,31.7
2026-07-28,shadow,26,4707,0.05747,22.69
2026-07-28,shadow,27,5228,0.05614,5.94
2026-07-28,shadow,28,3624,0.05515,26.45
2026-07-28,shadow,29,4760,0.05473,15.9
2026-07-28,shadow,30,8121,0.05432,-7.71
2026-07-28,champion,1,6488,0.10233,2.19
2026-07-28,champion,2,6613,0.07911,-12.39
2026-07-28,champion,3,4722,0.05698,11.11
2026-07-28,champion,4,3483,0.0556,-4.53
2026-07-28,champion,5,7709,0.05456,6.62
2026-07-28,champion,6,6182,0.05308,3.35
2026-07-28,champion,7,4707,0.05242,22.69
2026-07-28,champion,8,3213,0.05164,2.02
2026-07-28,champion,9,6664,0.05037,4.69
2026-07-28,champion,10,3229,0.0481,45.69
2026-07-28,champion,11,6245,0.04797,1.5
2026-07-28,champion,12,6788,0.04504,13.5
2026-07-28,champion,13,6143,0.04493,1.25
2026-07-28,champion,14,4739,0.04462,10.48
2026-07-28,champion,15,6415,0.0435,11.62
2026-07-28,champion,16,3357,0.04058,8.55
2026-07-28,champion,17,3234,0.03997,82.68
2026-07-28,champion,18,2495,0.03937,14.16
2026-07-28,champion,19,3715,0.03909,5.29
2026-07-28,champion,20,3402,0.03845,0.0
2026-07-28,champion,21,3481,0.03727,4.0
2026-07-28,champion,22,6405,0.03456,5.42
2026-07-28,champion,23,3685,0.03419,3.74
2026-07-28,champion,24,3430,0.03355,12.38
2026-07-28,champion,25,6515,0.03289,5.39
2026-07-28,champion,26,6742,0.03286,6.66
2026-07-28,champion,27,3455,0.03189,42.43
2026-07-28,champion,28,2478,0.03141,3.88
2026-07-28,champion,29,6538,0.03051,74.89
2026-07-28,champion,30,2303,0.03002,10.13
2026-07-29,shadow,1,3176,0.15341,24.18
2026-07-29,shadow,2,2483,0.15232,2.0
2026-07-29,shadow,3,6552,0.13602,7.11
2026-07-29,shadow,4,6217,0.09455,43.56
2026-07-29,shadow,5,2885,0.09347,0.96
2026-07-29,shadow,6,3017,0.09171,50.6
2026-07-29,shadow,7,1423,0.09038,-0.7
2026-07-29,shadow,8,2375,0.08843,15.35
2026-07-29,shadow,9,2369,0.08676,15.22
2026-07-29,shadow,10,5483,0.0805,8.11
2026-07-29,shadow,11,2383,0.07845,43.78
2026-07-29,shadow,12,3024,0.07834,18.62
2026-07-29,shadow,13,2492,0.07628,22.22
2026-07-29,shadow,14,5386,0.07594,9.35
2026-07-29,shadow,15,3624,0.07441,46.39
2026-07-29,shadow,16,6763,0.07268,3.46
2026-07-29,shadow,17,3661,0.07036,41.18
2026-07-29,shadow,18,3707,0.06933,20.45
2026-07-29,shadow,19,4927,0.06688,30.28
2026-07-29,shadow,20,2426,0.06665,98.41
2026-07-29,shadow,21,2429,0.06659,8.81
2026-07-29,shadow,22,4513,0.06506,-3.76
2026-07-29,shadow,23,8096,0.06429,-4.85
2026-07-29,shadow,24,2449,0.06428,14.82
2026-07-29,shadow,25,4971,0.06361,57.26
2026-07-29,shadow,26,3372,0.06325,0.34
2026-07-29,shadow,27,7709,0.06259,4.06
2026-07-29,shadow,28,4760,0.06258,24.63
2026-07-29,shadow,29,3044,0.06247,41.68
2026-07-29,shadow,30,6494,0.06224,24.15
2026-07-29,champion,1,6488,0.09586,9.84
2026-07-29,champion,2,4722,0.08117,26.73
2026-07-29,champion,3,6182,0.07661,13.71
2026-07-29,champion,4,6613,0.07045,-1.14
2026-07-29,champion,5,3213,0.06994,4.53
2026-07-29,champion,6,3483,0.06994,0.0
2026-07-29,champion,7,1591,0.06983,-11.13
2026-07-29,champion,8,4707,0.05693,34.3
2026-07-29,champion,9,1303,0.05444,46.29
2026-07-29,champion,10,2426,0.05112,98.41
2026-07-29,champion,11,3481,0.05035,11.0
2026-07-29,champion,12,4534,0.05002,1.34
2026-07-29,champion,13,3443,0.04903,85.89
2026-07-29,champion,14,2243,0.04797,-6.44
2026-07-29,champion,15,6715,0.04707,13.26
2026-07-29,champion,16,3430,0.04575,21.85
2026-07-29,champion,17,3715,0.04438,16.33
2026-07-29,champion,18,3229,0.04419,51.9
2026-07-29,champion,19,6584,0.04403,39.17
2026-07-29,champion,20,3189,0.04329,52.95
2026-07-29,champion,21,6143,0.04327,6.48
2026-07-29,champion,22,8021,0.04243,32.23
2026-07-29,champion,23,6664,0.04181,13.4
2026-07-29,champion,24,6415,0.04147,24.9
2026-07-29,champion,25,6538,0.04123,73.77
2026-07-29,champion,26,6274,0.03858,50.0
2026-07-29,champion,27,6770,0.03698,39.29
2026-07-29,champion,28,2478,0.03652,16.75
2026-07-29,champion,29,3707,0.03611,20.45
2026-07-29,champion,30,5464,0.03568,14.2
2026-07-30,shadow,1,2483,0.21572,13.73
2026-07-30,shadow,2,5210,0.16197,3.9
2026-07-30,shadow,3,3176,0.15568,22.51
2026-07-30,shadow,4,1423,0.15046,0.42
2026-07-30,shadow,5,3025,0.13416,7.17
2026-07-30,shadow,6,6414,0.11839,-2.36
2026-07-30,shadow,7,2375,0.10627,23.11
2026-07-30,shadow,8,3624,0.10365,59.75
2026-07-30,shadow,9,1312,0.10086,31.19
2026-07-30,shadow,10,6217,0.09541,74.88
2026-07-30,shadow,11,6642,0.08949,21.42
2026-07-30,shadow,12,1218,0.08634,-10.46
2026-07-30,shadow,13,6173,0.08482,64.15
2026-07-30,shadow,14,3017,0.08222,58.29
2026-07-30,shadow,15,6277,0.08211,7.63
2026-07-30,shadow,16,6243,0.08155,-8.03
2026-07-30,shadow,17,2369,0.0768,16.91
2026-07-30,shadow,18,2492,0.07469,43.58
2026-07-30,shadow,19,5483,0.07375,19.34
2026-07-30,shadow,20,6155,0.07247,24.03
2026-07-30,shadow,21,4927,0.07224,50.37
2026-07-30,shadow,22,2886,0.07177,-10.39
2026-07-30,shadow,23,3661,0.07145,38.96
2026-07-30,shadow,24,3707,0.0707,30.46
2026-07-30,shadow,25,3026,0.06982,57.89
2026-07-30,shadow,26,8096,0.06825,7.32
2026-07-30,shadow,27,2383,0.06757,27.46
2026-07-30,shadow,28,2426,0.06753,103.58
2026-07-30,shadow,29,3024,0.06751,23.21
2026-07-30,shadow,30,3430,0.06602,28.16
2026-07-30,champion,1,6613,0.08929,3.7
2026-07-30,champion,2,6640,0.08652,42.2
2026-07-30,champion,3,4722,0.08435,32.71
2026-07-30,champion,4,6182,0.07853,28.69
2026-07-30,champion,5,6788,0.07793,25.04
2026-07-30,champion,6,3213,0.07258,8.05
2026-07-30,champion,7,6715,0.07155,19.35
2026-07-30,champion,8,3481,0.06854,11.71
2026-07-30,champion,9,4576,0.06534,31.0
2026-07-30,champion,10,5314,0.06389,-19.58
2026-07-30,champion,11,2243,0.06157,7.03
2026-07-30,champion,12,6415,0.06067,25.3
2026-07-30,champion,13,4556,0.05964,-14.5
2026-07-30,champion,14,8091,0.05859,12.66
2026-07-30,champion,15,3357,0.05824,22.95
2026-07-30,champion,16,3624,0.0579,59.75
2026-07-30,champion,17,6664,0.05706,14.7
2026-07-30,champion,18,6727,0.05703,86.71
2026-07-30,champion,19,3430,0.05631,28.16
2026-07-30,champion,20,3580,0.05551,22.58
2026-07-30,champion,21,2478,0.05142,25.13
2026-07-30,champion,22,6515,0.04947,15.41
2026-07-30,champion,23,6683,0.0493,47.69
2026-07-30,champion,24,6274,0.04923,43.07
2026-07-30,champion,25,3707,0.04905,30.46
2026-07-30,champion,26,4534,0.04858,8.23
2026-07-30,champion,27,3229,0.0472,40.38
2026-07-30,champion,28,3498,0.04684,135.81
2026-07-30,champion,29,2486,0.04517,51.46
2026-07-30,champion,30,6672,0.04411,55.52
2026-07-31,shadow,1,4166,0.30681,-0.2
2026-07-31,shadow,2,3176,0.30647,24.88
2026-07-31,shadow,3,1423,0.23267,-2.51
2026-07-31,shadow,4,1231,0.17518,-1.1
2026-07-31,shadow,5,1312,0.17128,25.22
2026-07-31,shadow,6,1218,0.15076,-9.09
2026-07-31,shadow,7,6023,0.14981,-6.39
2026-07-31,shadow,8,2483,0.1428,3.83
2026-07-31,shadow,9,8415,0.14181,-0.68
2026-07-31,shadow,10,3652,0.13965,14.68
2026-07-31,shadow,11,6217,0.13637,57.66
2026-07-31,shadow,12,3024,0.13458,21.07
2026-07-31,shadow,13,9919,0.12006,1.47
2026-07-31,shadow,14,6414,0.12,-3.7
2026-07-31,shadow,15,1313,0.11495,14.49
2026-07-31,shadow,16,2332,0.11211,-4.0
2026-07-31,shadow,17,6683,0.11189,29.45
2026-07-31,shadow,18,8358,0.11132,82.21
2026-07-31,shadow,19,3479,0.10778,-1.15
2026-07-31,shadow,20,6716,0.09988,64.95
2026-07-31,shadow,21,5488,0.09629,-2.42
2026-07-31,shadow,22,2375,0.09515,14.16
2026-07-31,shadow,23,6416,0.09488,15.38
2026-07-31,shadow,24,6642,0.0937,12.21
2026-07-31,shadow,25,3624,0.09356,46.88
2026-07-31,shadow,26,4556,0.09292,-10.86
2026-07-31,shadow,27,1709,0.09166,56.49
2026-07-31,shadow,28,3213,0.09081,4.07
2026-07-31,shadow,29,6515,0.08821,7.48
2026-07-31,shadow,30,2515,0.08413,0.84
2026-07-31,champion,1,6640,0.09923,28.8
2026-07-31,champion,2,3264,0.09515,32.77
2026-07-31,champion,3,3624,0.08939,46.88
2026-07-31,champion,4,6715,0.08516,13.67
2026-07-31,champion,5,6613,0.08289,1.66
2026-07-31,champion,6,3374,0.08116,39.35
2026-07-31,champion,7,6788,0.07775,14.26
2026-07-31,champion,8,4556,0.07531,-10.86
2026-07-31,champion,9,4722,0.06564,25.22
2026-07-31,champion,10,6683,0.06516,29.45
2026-07-31,champion,11,6147,0.06305,40.38
2026-07-31,champion,12,6515,0.06235,7.48
2026-07-31,champion,13,6182,0.05931,23.6
2026-07-31,champion,14,5227,0.05889,-16.58
2026-07-31,champion,15,5425,0.0587,31.74
2026-07-31,champion,16,3430,0.05869,18.19
2026-07-31,champion,17,8996,0.05849,47.95
2026-07-31,champion,18,6217,0.05596,57.66
2026-07-31,champion,19,2616,0.05579,0.37
2026-07-31,champion,20,6415,0.0543,10.9
2026-07-31,champion,21,3455,0.0531,56.31
2026-07-31,champion,22,3675,0.05194,28.18
2026-07-31,champion,23,3581,0.05176,12.3
2026-07-31,champion,24,3685,0.05171,1.51
2026-07-31,champion,25,3707,0.05156,21.52
2026-07-31,champion,26,8040,0.05126,9.55
2026-07-31,champion,27,3580,0.05066,15.92
2026-07-31,champion,28,4576,0.04957,19.67
2026-07-31,champion,29,6727,0.04906,75.49
2026-07-31,champion,30,4707,0.04899,40.3
2026-08-03,shadow,1,3176,0.30272,18.48
2026-08-03,shadow,2,4114,0.28809,3.11
2026-08-03,shadow,3,5511,0.2816,1.58
2026-08-03,shadow,4,1423,0.27618,0.28
2026-08-03,shadow,5,3268,0.27125,-15.85
2026-08-03,shadow,6,6217,0.21436,41.39
2026-08-03,shadow,7,3042,0.20705,20.06
2026-08-03,shadow,8,1313,0.1801,15.17
2026-08-03,shadow,9,2483,0.17685,-7.37
2026-08-03,shadow,10,1312,0.17376,35.81
2026-08-03,shadow,11,1586,0.171,-1.36
2026-08-03,shadow,12,6515,0.16759,0.56
2026-08-03,shadow,13,2360,0.15756,0.0
2026-08-03,shadow,14,6642,0.15359,7.04
2026-08-03,shadow,15,1732,0.14726,-0.19
2026-08-03,shadow,16,3024,0.14624,22.04
2026-08-03,shadow,17,4745,0.13389,3.48
2026-08-03,shadow,18,3163,0.12609,23.91
2026-08-03,shadow,19,6414,0.1257,-10.97
2026-08-03,shadow,20,3479,0.11965,-5.24
2026-08-03,shadow,21,2395,0.11963,17.53
2026-08-03,shadow,22,2890,0.1181,2.62
2026-08-03,shadow,23,6811,0.11673,1.13
2026-08-03,shadow,24,4556,0.11199,-16.0
2026-08-03,shadow,25,2332,0.11031,-10.36
2026-08-03,shadow,26,2061,0.10845,-2.27
2026-08-03,shadow,27,5488,0.1084,-6.69
2026-08-03,shadow,28,8034,0.10821,4.22
2026-08-03,shadow,29,1231,0.10427,0.12
2026-08-03,shadow,30,6165,0.10366,6.5
2026-08-03,champion,1,6613,0.11993,-0.71
2026-08-03,champion,2,4556,0.10029,-16.0
2026-08-03,champion,3,6715,0.07733,-6.87
2026-08-03,champion,4,5227,0.06901,-14.75
2026-08-03,champion,5,6182,0.06554,19.75
2026-08-03,champion,6,3707,0.06375,11.01
2026-08-03,champion,7,3264,0.06321,21.6
2026-08-03,champion,8,6515,0.06309,0.56
2026-08-03,champion,9,4722,0.06108,10.93
2026-08-03,champion,10,3026,0.05822,61.48
2026-08-03,champion,11,3526,0.05672,-6.58
2026-08-03,champion,12,3624,0.05634,37.11
2026-08-03,champion,13,3430,0.05628,9.18
2026-08-03,champion,14,2426,0.05599,76.85
2026-08-03,champion,15,8121,0.05505,-2.45
2026-08-03,champion,16,6147,0.05277,29.52
2026-08-03,champion,17,3580,0.05242,8.49
2026-08-03,champion,18,8040,0.05188,0.0
2026-08-03,champion,19,4760,0.05175,18.64
2026-08-03,champion,20,5340,0.05078,29.44
2026-08-03,champion,21,3339,0.05034,37.5
2026-08-03,champion,22,2472,0.04927,-2.82
2026-08-03,champion,23,5475,0.04874,67.62
2026-08-03,champion,24,2483,0.04758,-7.37
2026-08-03,champion,25,6217,0.04561,41.39
2026-08-03,champion,26,3481,0.0455,8.84
2026-08-03,champion,27,3213,0.0449,1.2
2026-08-03,champion,28,5425,0.04479,17.91
2026-08-03,champion,29,6488,0.04437,5.31
2026-08-03,champion,30,6415,0.04383,-2.83
2026-08-04,shadow,1,5511,0.29488,1.43
2026-08-04,shadow,2,5210,0.24527,0.18
2026-08-04,shadow,3,6642,0.24401,10.47
2026-08-04,shadow,4,1732,0.22575,-1.51
2026-08-04,shadow,5,3704,0.22378,-9.15
2026-08-04,shadow,6,2015,0.22161,0.63
2026-08-04,shadow,7,1231,0.2067,0.37
2026-08-04,shadow,8,3268,0.19841,-17.44
2026-08-04,shadow,9,1312,0.19486,34.91
2026-08-04,shadow,10,3564,0.18167,0.9
2026-08-04,shadow,11,6469,0.17578,-6.5
2026-08-04,shadow,12,1218,0.17401,-5.57
2026-08-04,shadow,13,6515,0.16588,5.1
2026-08-04,shadow,14,3046,0.16395,6.39
2026-08-04,shadow,15,2302,0.16319,5.01
2026-08-04,shadow,16,3176,0.16283,11.06
2026-08-04,shadow,17,8415,0.15956,0.95
2026-08-04,shadow,18,2540,0.15742,-13.8
2026-08-04,shadow,19,3416,0.15615,-0.56
2026-08-04,shadow,20,1527,0.15442,0.31
2026-08-04,shadow,21,3024,0.15432,19.76
2026-08-04,shadow,22,2348,0.14422,4.28
2026-08-04,shadow,23,1104,0.1415,2.46
2026-08-04,shadow,24,2450,0.14014,-1.23
2026-08-04,shadow,25,6023,0.13605,0.0
2026-08-04,shadow,26,6226,0.12907,54.55
2026-08-04,shadow,27,6165,0.11705,-1.09
2026-08-04,shadow,28,2061,0.11644,1.85
2026-08-04,shadow,29,1313,0.11389,13.55
2026-08-04,shadow,30,6570,0.11357,-5.48
2026-08-04,champion,1,6613,0.12954,-3.35
2026-08-04,champion,2,4556,0.09506,-12.84
2026-08-04,champion,3,2472,0.06858,-5.08
2026-08-04,champion,4,3580,0.06646,10.2
2026-08-04,champion,5,6515,0.06333,5.1
2026-08-04,champion,6,6715,0.06272,-3.73
2026-08-04,champion,7,3624,0.05733,32.65
2026-08-04,champion,8,6415,0.05685,-1.3
2026-08-04,champion,9,3526,0.0563,-6.56
2026-08-04,champion,10,3264,0.05599,22.74
2026-08-04,champion,11,8040,0.05584,7.71
2026-08-04,champion,12,5228,0.05506,5.46
2026-08-04,champion,13,2483,0.05426,-12.12
2026-08-04,champion,14,3715,0.05256,26.79
2026-08-04,champion,15,6405,0.04948,5.17
2026-08-04,champion,16,2484,0.04896,9.73
2026-08-04,champion,17,3357,0.04801,4.61
2026-08-04,champion,18,3481,0.04425,3.14
2026-08-04,champion,19,1515,0.0442,17.26
2026-08-04,champion,20,5490,0.04362,-16.59
2026-08-04,champion,21,2426,0.04284,76.81
2026-08-04,champion,22,3707,0.04184,5.69
2026-08-04,champion,23,8289,0.03982,12.01
2026-08-04,champion,24,4927,0.03823,37.11
2026-08-04,champion,25,6147,0.03788,26.99
2026-08-04,champion,26,6821,0.03717,2.52
2026-08-04,champion,27,6182,0.03628,19.71
2026-08-04,champion,28,3213,0.03598,-0.39
2026-08-04,champion,29,3093,0.03595,5.13
2026-08-04,champion,30,3430,0.03555,4.63
2026-08-05,shadow,1,5511,0.48962,2.01
2026-08-05,shadow,2,1591,0.38545,0.28
2026-08-05,shadow,3,2015,0.36753,1.42
2026-08-05,shadow,4,1732,0.31431,-2.97
2026-08-05,shadow,5,9908,0.2872,0.0
2026-08-05,shadow,6,1218,0.25769,-7.42
2026-08-05,shadow,7,6642,0.25675,3.64
2026-08-05,shadow,8,2009,0.23256,3.77
2026-08-05,shadow,9,9925,0.22507,-0.25
2026-08-05,shadow,10,3704,0.22044,-13.73
2026-08-05,shadow,11,2332,0.21144,-15.72
2026-08-05,shadow,12,1231,0.20633,0.12
2026-08-05,shadow,13,5488,0.18361,-8.96
2026-08-05,shadow,14,1312,0.18254,26.03
2026-08-05,shadow,15,8404,0.1807,1.54
2026-08-05,shadow,16,1527,0.17321,0.31
2026-08-05,shadow,17,8050,0.17314,-13.1
2026-08-05,shadow,18,3046,0.17207,1.26
2026-08-05,shadow,19,3176,0.16889,4.78
2026-08-05,shadow,20,3038,0.16635,-3.12
2026-08-05,shadow,21,1466,0.1623,-0.92
2026-08-05,shadow,22,6933,0.1581,100.0
2026-08-05,shadow,23,1608,0.1572,10.18
2026-08-05,shadow,24,2880,0.15692,-1.83
2026-08-05,shadow,25,3416,0.15407,-6.76
2026-08-05,shadow,26,3081,0.14961,57.18
2026-08-05,shadow,27,2348,0.14725,3.34
2026-08-05,shadow,28,6023,0.14366,-1.48
2026-08-05,shadow,29,1517,0.13786,-2.2
2026-08-05,shadow,30,5876,0.12983,2.72
2026-08-05,champion,1,6613,0.11051,-11.54
2026-08-05,champion,2,2483,0.06946,-9.6
2026-08-05,champion,3,5228,0.0654,2.64
2026-08-05,champion,4,3715,0.06229,13.7
2026-08-05,champion,5,5475,0.05951,52.61
2026-08-05,champion,6,3481,0.05922,2.62
2026-08-05,champion,7,4556,0.05865,-17.16
2026-08-05,champion,8,3090,0.05718,14.63
2026-08-05,champion,9,3526,0.05707,-7.33
2026-08-05,champion,10,2616,0.05647,1.13
2026-08-05,champion,11,2472,0.05594,-9.77
2026-08-05,champion,12,6664,0.0546,2.98
2026-08-05,champion,13,3624,0.05398,18.98
2026-08-05,champion,14,2484,0.0521,5.67
2026-08-05,champion,15,8046,0.05122,13.21
2026-08-05,champion,16,6274,0.05012,-4.08
2026-08-05,champion,17,8121,0.04766,-6.78
2026-08-05,champion,18,6538,0.04735,58.79
2026-08-05,champion,19,3213,0.04718,-5.58
2026-08-05,champion,20,8040,0.04718,12.18
2026-08-05,champion,21,6821,0.04708,-1.41
2026-08-05,champion,22,6415,0.04515,-4.27
2026-08-05,champion,23,6922,0.04433,6.17
2026-08-05,champion,24,6515,0.04417,2.4
2026-08-05,champion,25,3114,0.04401,3.28
2026-08-05,champion,26,5227,0.04335,-9.25
2026-08-05,champion,27,3078,0.0421,-9.47
2026-08-05,champion,28,8431,0.04186,17.49
2026-08-05,champion,29,8289,0.04069,8.97
2026-08-05,champion,30,3264,0.03993,15.59
2026-08-06,shadow,1,1591,0.25148,-3.28
2026-08-06,shadow,2,5014,0.18429,-5.63
2026-08-06,shadow,3,2615,0.17135,37.01
2026-08-06,shadow,4,1527,0.16742,0.77
2026-08-06,shadow,5,5511,0.16706,-0.14
2026-08-06,shadow,6,1732,0.16061,-4.08
2026-08-06,shadow,7,2348,0.13881,2.16
2026-08-06,shadow,8,3687,0.12743,-4.68
2026-08-06,shadow,9,1702,0.1128,-2.55
2026-08-06,shadow,10,1312,0.10872,21.63
2026-08-06,shadow,11,1101,0.10543,0.41
2026-08-06,shadow,12,3501,0.10404,3.5
2026-08-06,shadow,13,6776,0.10399,-0.94
2026-08-06,shadow,14,6499,0.09904,24.48
2026-08-06,shadow,15,6609,0.09505,5.36
2026-08-06,shadow,16,3498,0.09469,72.97
2026-08-06,shadow,17,3441,0.08997,47.06
2026-08-06,shadow,18,6552,0.08989,-1.42
2026-08-06,shadow,19,4155,0.0896,-0.69
2026-08-06,shadow,20,3437,0.08327,-1.12
2026-08-06,shadow,21,8096,0.08064,-23.25
2026-08-06,shadow,22,6116,0.08041,-0.71
2026-08-06,shadow,23,4526,0.08004,4.15
2026-08-06,shadow,24,2636,0.07997,7.25
2026-08-06,shadow,25,2102,0.07973,-2.67
2026-08-06,shadow,26,3024,0.07962,16.27
2026-08-06,shadow,27,2483,0.07889,-10.55
2026-08-06,shadow,28,5457,0.07824,-2.46
2026-08-06,shadow,29,6443,0.0782,-8.05
2026-08-06,shadow,30,3372,0.07612,-7.59
2026-08-06,champion,1,6613,0.07886,-16.15
2026-08-06,champion,2,6122,0.05336,11.13
2026-08-06,champion,3,2616,0.0482,1.13
2026-08-06,champion,4,3481,0.04068,-3.8
2026-08-06,champion,5,6664,0.0386,5.22
2026-08-06,champion,6,6196,0.03124,-1.57
2026-08-06,champion,7,2472,0.0307,-13.03
2026-08-06,champion,8,1326,0.02985,19.97
2026-08-06,champion,9,4556,0.02939,-20.22
2026-08-06,champion,10,3526,0.02749,-5.41
2026-08-06,champion,11,2483,0.02688,-10.55
2026-08-06,champion,12,8040,0.0268,3.46
2026-08-06,champion,13,8431,0.02066,27.4
2026-08-06,champion,14,3715,0.01959,1.29
2026-08-06,champion,15,3577,0.01929,-20.65
2026-08-06,champion,16,2478,0.019,-5.76
2026-08-06,champion,17,3090,0.01804,4.84
2026-08-06,champion,18,3229,0.01698,5.65
2026-08-06,champion,19,6204,0.01666,15.23
2026-08-06,champion,20,4931,0.01635,9.61
2026-08-06,champion,21,3685,0.01628,-4.99
2026-08-06,champion,22,6121,0.01522,3.68
2026-08-06,champion,23,8261,0.01498,-7.24
2026-08-06,champion,24,1303,0.01371,23.81
2026-08-06,champion,25,7734,0.0128,-20.06
2026-08-06,champion,26,6218,0.01241,23.48
2026-08-06,champion,27,3498,0.01176,72.97
2026-08-06,champion,28,5314,0.0115,-47.9
2026-08-06,champion,29,6405,0.01135,0.51
2026-08-06,champion,30,6415,0.01094,-7.64
2026-08-07,shadow,1,4556,0.50843,-12.17
2026-08-07,shadow,2,5511,0.15617,-0.57
2026-08-07,shadow,3,1527,0.1546,0.31
2026-08-07,shadow,4,2348,0.14528,0.98
2026-08-07,shadow,5,2705,0.14064,-2.78
2026-08-07,shadow,6,2616,0.13312,1.13
2026-08-07,shadow,7,1591,0.1296,0.42
2026-08-07,shadow,8,1903,0.12702,0.53
2026-08-07,shadow,9,6609,0.11477,3.1
2026-08-07,shadow,10,4108,0.10824,2.24
2026-08-07,shadow,11,2850,0.10343,-2.45
2026-08-07,shadow,12,8404,0.09543,0.0
2026-08-07,shadow,13,3501,0.0937,3.65
2026-08-07,shadow,14,5880,0.09356,1.72
2026-08-07,shadow,15,1519,0.07676,14.24
2026-08-07,shadow,16,1732,0.0751,-4.04
2026-08-07,shadow,17,5203,0.07325,-11.71
2026-08-07,shadow,18,3169,0.06958,1.95
2026-08-07,shadow,19,2102,0.06908,-2.14
2026-08-07,shadow,20,6890,0.06673,-2.02
2026-08-07,shadow,21,6122,0.06509,9.03
2026-08-07,shadow,22,1722,0.06485,-1.54
2026-08-07,shadow,23,8096,0.06397,-20.53
2026-08-07,shadow,24,2049,0.06335,-6.2
2026-08-07,shadow,25,2206,0.06298,2.26
2026-08-07,shadow,26,1532,0.06245,5.5
2026-08-07,shadow,27,3714,0.0623,12.46
2026-08-07,shadow,28,2426,0.06186,54.13
2026-08-07,shadow,29,8390,0.06163,0.0
2026-08-07,shadow,30,6499,0.06129,27.3
2026-08-07,champion,1,4764,0.04255,-2.11
2026-08-07,champion,2,6664,0.04165,7.08
2026-08-07,champion,3,6122,0.03621,9.03
2026-08-07,champion,4,3481,0.03044,2.0
2026-08-07,champion,5,4503,0.0296,-21.39
2026-08-07,champion,6,2243,0.02896,14.86
2026-08-07,champion,7,6598,0.02685,-6.25
2026-08-07,champion,8,9946,0.02658,-1.95
2026-08-07,champion,9,2362,0.02619,-2.38
2026-08-07,champion,10,6196,0.0259,4.56
2026-08-07,champion,11,7734,0.02465,-14.37
2026-08-07,champion,12,2705,0.02444,-2.78
2026-08-07,champion,13,1569,0.02413,14.99
2026-08-07,champion,14,3213,0.02259,-5.49
2026-08-07,champion,15,5536,0.02185,-19.53
2026-08-07,champion,16,6223,0.02112,-15.49
2026-08-07,champion,17,6538,0.02099,106.9
2026-08-07,champion,18,2484,0.02068,-1.81
2026-08-07,champion,19,3685,0.02026,-6.94
2026-08-07,champion,20,3498,0.02025,66.52
2026-08-07,champion,21,3577,0.0202,-20.77
2026-08-07,champion,22,2465,0.01907,16.57
2026-08-07,champion,23,6218,0.01769,23.18
2026-08-07,champion,24,6693,0.01605,-2.16
2026-08-07,champion,25,2426,0.01585,54.13
2026-08-07,champion,26,3617,0.01424,6.9
2026-08-07,champion,27,4566,0.01272,-16.25
2026-08-07,champion,28,3526,0.01257,0.18
2026-08-07,champion,29,8261,0.01227,4.94
2026-08-07,champion,30,1560,0.01163,4.98
2026-08-14,shadow,1,4168,0.2229,
2026-08-14,shadow,2,2832,0.15381,
2026-08-14,shadow,3,5213,0.15305,
2026-08-14,shadow,4,2023,0.15074,
2026-08-14,shadow,5,1591,0.11762,
2026-08-14,shadow,6,6552,0.10158,
2026-08-14,shadow,7,4960,0.08367,
2026-08-14,shadow,8,3714,0.08211,
2026-08-14,shadow,9,6405,0.07789,
2026-08-14,shadow,10,3325,0.07164,
2026-08-14,shadow,11,6742,0.07136,
2026-08-14,shadow,12,4142,0.0686,
2026-08-14,shadow,13,1595,0.06741,
2026-08-14,shadow,14,6550,0.06737,
2026-08-14,shadow,15,3630,0.06705,
2026-08-14,shadow,16,2457,0.06693,
2026-08-14,shadow,17,8150,0.06437,
2026-08-14,shadow,18,2342,0.06437,
2026-08-14,shadow,19,3354,0.06429,
2026-08-14,shadow,20,6167,0.06393,
2026-08-14,shadow,21,3707,0.06248,
2026-08-14,shadow,22,2482,0.06175,
2026-08-14,shadow,23,2498,0.06174,
2026-08-14,shadow,24,6220,0.05962,
2026-08-14,shadow,25,2059,0.05854,
2026-08-14,shadow,26,5202,0.05844,
2026-08-14,shadow,27,3511,0.05712,
2026-08-14,shadow,28,6698,0.05572,
2026-08-14,shadow,29,3489,0.0555,
2026-08-14,shadow,30,2484,0.05528,
2026-08-14,champion,1,2395,0.10598,
2026-08-14,champion,2,8926,0.10091,
2026-08-14,champion,3,2316,0.07907,
2026-08-14,champion,4,6462,0.06947,
2026-08-14,champion,5,3060,0.06605,
2026-08-14,champion,6,3665,0.06158,
2026-08-14,champion,7,6781,0.05683,
2026-08-14,champion,8,9935,0.0567,
2026-08-14,champion,9,1708,0.05374,
2026-08-14,champion,10,2243,0.0514,
2026-08-14,champion,11,1608,0.04957,
2026-08-14,champion,12,2415,0.0472,
2026-08-14,champion,13,8121,0.0458,
2026-08-14,champion,14,2597,0.0444,
2026-08-14,champion,15,3015,0.04327,
2026-08-14,champion,16,6585,0.04276,
2026-08-14,champion,17,1101,0.04156,
2026-08-14,champion,18,4763,0.04044,
2026-08-14,champion,19,2363,0.04017,
2026-08-14,champion,20,3483,0.03805,
2026-08-14,champion,21,5269,0.036,
2026-08-14,champion,22,2484,0.03593,
2026-08-14,champion,23,2377,0.0353,
2026-08-14,champion,24,2360,0.03521,
2026-08-14,champion,25,5871,0.03504,
2026-08-14,champion,26,3577,0.035,
2026-08-14,champion,27,2345,0.03471,
2026-08-14,champion,28,8054,0.03412,
2026-08-14,champion,29,1514,0.03255,
2026-08-14,champion,30,6122,0.03249,
2026-08-17,shadow,1,6109,0.1916,
2026-08-17,shadow,2,6552,0.09744,
2026-08-17,shadow,3,2491,0.0911,
2026-08-17,shadow,4,2444,0.08792,
2026-08-17,shadow,5,3062,0.0675,
2026-08-17,shadow,6,2438,0.06579,
2026-08-17,shadow,7,8215,0.06542,
2026-08-17,shadow,8,4503,0.06132,
2026-08-17,shadow,9,3630,0.06114,
2026-08-17,shadow,10,4976,0.05791,
2026-08-17,shadow,11,2514,0.05686,
2026-08-17,shadow,12,2367,0.0547,
2026-08-17,shadow,13,2484,0.05298,
2026-08-17,shadow,14,1528,0.05275,
2026-08-17,shadow,15,6127,0.0525,
2026-08-17,shadow,16,3379,0.05214,
2026-08-17,shadow,17,5202,0.05213,
2026-08-17,shadow,18,3325,0.05182,
2026-08-17,shadow,19,6877,0.05126,
2026-08-17,shadow,20,5222,0.05017,
2026-08-17,shadow,21,6742,0.05,
2026-08-17,shadow,22,3011,0.04811,
2026-08-17,shadow,23,3092,0.04723,
2026-08-17,shadow,24,8150,0.04678,
2026-08-17,shadow,25,4174,0.04514,
2026-08-17,shadow,26,4927,0.04507,
2026-08-17,shadow,27,6462,0.04496,
2026-08-17,shadow,28,2408,0.04435,
2026-08-17,shadow,29,8431,0.04389,
2026-08-17,shadow,30,8089,0.04309,
2026-08-17,champion,1,6223,0.06889,
2026-08-17,champion,2,3680,0.04555,
2026-08-17,champion,3,6462,0.03277,
2026-08-17,champion,4,1590,0.03273,
2026-08-17,champion,5,3483,0.03013,
2026-08-17,champion,6,3167,0.02835,
2026-08-17,champion,7,3049,0.02694,
2026-08-17,champion,8,6104,0.025,
2026-08-17,champion,9,8054,0.02325,
2026-08-17,champion,10,5228,0.02053,
2026-08-17,champion,11,8069,0.02044,
2026-08-17,champion,12,6122,0.01926,
2026-08-17,champion,13,2486,0.01853,
2026-08-17,champion,14,4772,0.01799,
2026-08-17,champion,15,6146,0.01748,
2026-08-17,champion,16,8932,0.01677,
2026-08-17,champion,17,4556,0.01673,
2026-08-17,champion,18,6877,0.01493,
2026-08-17,champion,19,2426,0.01275,
2026-08-17,champion,20,3229,0.01224,
2026-08-17,champion,21,3583,0.01215,
2026-08-17,champion,22,4566,0.01122,
2026-08-17,champion,23,6903,0.00916,
2026-08-17,champion,24,6642,0.00834,
2026-08-17,champion,25,8046,0.00831,
2026-08-17,champion,26,2049,0.00781,
2026-08-17,champion,27,3577,0.00734,
2026-08-17,champion,28,1727,0.00652,
2026-08-17,champion,29,5489,0.00605,
2026-08-17,champion,30,5274,0.00567,
2026-08-18,shadow,1,6109,0.14052,
2026-08-18,shadow,2,1591,0.1375,
2026-08-18,shadow,3,2431,0.11879,
2026-08-18,shadow,4,6743,0.11712,
2026-08-18,shadow,5,4133,0.11062,
2026-08-18,shadow,6,1103,0.0858,
2026-08-18,shadow,7,2491,0.07946,
2026-08-18,shadow,8,4503,0.07162,
2026-08-18,shadow,9,2440,0.06778,
2026-08-18,shadow,10,2484,0.06197,
2026-08-18,shadow,11,6890,0.06088,
2026-08-18,shadow,12,5213,0.06013,
2026-08-18,shadow,13,6672,0.05821,
2026-08-18,shadow,14,8150,0.0581,
2026-08-18,shadow,15,5536,0.04772,
2026-08-18,shadow,16,2493,0.04639,
2026-08-18,shadow,17,3008,0.03864,
2026-08-18,shadow,18,2547,0.03794,
2026-08-18,shadow,19,1108,0.03732,
2026-08-18,shadow,20,5328,0.0365,
2026-08-18,shadow,21,4976,0.03529,
2026-08-18,shadow,22,2409,0.03488,
2026-08-18,shadow,23,3026,0.03482,
2026-08-18,shadow,24,6409,0.03471,
2026-08-18,shadow,25,2444,0.03464,
2026-08-18,shadow,26,5386,0.03416,
2026-08-18,shadow,27,5460,0.03272,
2026-08-18,shadow,28,6207,0.03212,
2026-08-18,shadow,29,6136,0.03156,
2026-08-18,shadow,30,4909,0.03147,
2026-08-18,champion,1,1591,0.03944,
2026-08-18,champion,2,1336,0.0359,
2026-08-18,champion,3,2486,0.03324,
2026-08-18,champion,4,8046,0.02849,
2026-08-18,champion,5,3483,0.02772,
2026-08-18,champion,6,3167,0.02197,
2026-08-18,champion,7,5328,0.01777,
2026-08-18,champion,8,1590,0.0145,
2026-08-18,champion,9,4931,0.01406,
2026-08-18,champion,10,4566,0.01158,
2026-08-18,champion,11,6770,0.01087,
2026-08-18,champion,12,1515,0.00969,
2026-08-18,champion,13,5228,0.00834,
2026-08-18,champion,14,2049,0.0058,
2026-08-18,champion,15,5489,0.00386,
2026-08-18,champion,16,5289,0.00373,
2026-08-18,champion,17,8932,0.00242,
2026-08-18,champion,18,2301,0.00166,
2026-08-18,champion,19,5371,7e-05,
2026-08-18,champion,20,6903,-0.00032,
2026-08-18,champion,21,1303,-0.00089,
2026-08-18,champion,22,3189,-0.0009,
2026-08-18,champion,23,3289,-0.00116,
2026-08-18,champion,24,3583,-0.00145,
2026-08-18,champion,25,6603,-0.00147,
2026-08-18,champion,26,8150,-0.00152,
2026-08-18,champion,27,6462,-0.00167,
2026-08-18,champion,28,2395,-0.00173,
2026-08-18,champion,29,2359,-0.00194,
2026-08-18,champion,30,6122,-0.00229,
2026-08-19,shadow,1,1591,0.13441,
2026-08-19,shadow,2,6109,0.13266,
2026-08-19,shadow,3,2431,0.11067,
2026-08-19,shadow,4,3390,0.10502,
2026-08-19,shadow,5,2482,0.09979,
2026-08-19,shadow,6,2491,0.0966,
2026-08-19,shadow,7,1103,0.08724,
2026-08-19,shadow,8,2484,0.0816,
2026-08-19,shadow,9,3540,0.08104,
2026-08-19,shadow,10,2440,0.06609,
2026-08-19,shadow,11,2438,0.06591,
2026-08-19,shadow,12,5289,0.05399,
2026-08-19,shadow,13,6226,0.05319,
2026-08-19,shadow,14,1326,0.0488,
2026-08-19,shadow,15,4503,0.04878,
2026-08-19,shadow,16,6890,0.04558,
2026-08-19,shadow,17,3026,0.04175,
2026-08-19,shadow,18,5371,0.03668,
2026-08-19,shadow,19,6552,0.03515,
2026-08-19,shadow,20,6207,0.03348,
2026-08-19,shadow,21,6409,0.03273,
2026-08-19,shadow,22,1515,0.03186,
2026-08-19,shadow,23,5460,0.03186,
2026-08-19,shadow,24,8044,0.03126,
2026-08-19,shadow,25,3008,0.03014,
2026-08-19,shadow,26,1432,0.02922,
2026-08-19,shadow,27,2444,0.02852,
2026-08-19,shadow,28,3533,0.02667,
2026-08-19,shadow,29,1506,0.02641,
2026-08-19,shadow,30,2705,0.02547,
2026-08-19,champion,1,1591,0.04915,
2026-08-19,champion,2,1590,0.02818,
2026-08-19,champion,3,1515,0.02686,
2026-08-19,champion,4,3189,0.01859,
2026-08-19,champion,5,2484,0.0185,
2026-08-19,champion,6,1336,0.01787,
2026-08-19,champion,7,2486,0.01774,
2026-08-19,champion,8,3529,0.01456,
2026-08-19,champion,9,6770,0.01393,
2026-08-19,champion,10,3167,0.0082,
2026-08-19,champion,11,4931,0.00674,
2026-08-19,champion,12,3680,0.00616,
2026-08-19,champion,13,5289,0.00564,
2026-08-19,champion,14,9921,0.00484,
2026-08-19,champion,15,1709,0.00482,
2026-08-19,champion,16,6223,0.00462,
2026-08-19,champion,17,6122,0.00379,
2026-08-19,champion,18,6182,0.00329,
2026-08-19,champion,19,3049,0.00166,
2026-08-19,champion,20,2049,0.00065,
2026-08-19,champion,21,5371,-0.00034,
2026-08-19,champion,22,6462,-0.00122,
2026-08-19,champion,23,4566,-0.00236,
2026-08-19,champion,24,5228,-0.00273,
2026-08-19,champion,25,2455,-0.00452,
2026-08-19,champion,26,2395,-0.00592,
2026-08-19,champion,27,5328,-0.00731,
2026-08-19,champion,28,8046,-0.00762,
2026-08-19,champion,29,4772,-0.00828,
2026-08-19,champion,30,5464,-0.00889,
2026-08-20,shadow,1,1591,0.13894,
2026-08-20,shadow,2,6109,0.13648,
2026-08-20,shadow,3,3390,0.10791,
2026-08-20,shadow,4,5213,0.07914,
2026-08-20,shadow,5,2491,0.07493,
2026-08-20,shadow,6,2440,0.07299,
2026-08-20,shadow,7,4503,0.0703,
2026-08-20,shadow,8,2705,0.05502,
2026-08-20,shadow,9,6409,0.04989,
2026-08-20,shadow,10,6890,0.04746,
2026-08-20,shadow,11,1515,0.04636,
2026-08-20,shadow,12,1326,0.04323,
2026-08-20,shadow,13,5460,0.03569,
2026-08-20,shadow,14,2484,0.03479,
2026-08-20,shadow,15,1432,0.03347,
2026-08-20,shadow,16,3008,0.03283,
2026-08-20,shadow,17,1584,0.03259,
2026-08-20,shadow,18,8044,0.03243,
2026-08-20,shadow,19,1506,0.03235,
2026-08-20,shadow,20,6505,0.03172,
2026-08-20,shadow,21,1325,0.03064,
2026-08-20,shadow,22,2530,0.03022,
2026-08-20,shadow,23,5536,0.02993,
2026-08-20,shadow,24,2328,0.02953,
2026-08-20,shadow,25,5371,0.02946,
2026-08-20,shadow,26,1108,0.02909,
2026-08-20,shadow,27,1216,0.02833,
2026-08-20,shadow,28,3607,0.02827,
2026-08-20,shadow,29,4109,0.02803,
2026-08-20,shadow,30,2444,0.028,
2026-08-20,champion,1,1591,0.0539,
2026-08-20,champion,2,1590,0.03282,
2026-08-20,champion,3,3167,0.03252,
2026-08-20,champion,4,4931,0.03046,
2026-08-20,champion,5,3529,0.02413,
2026-08-20,champion,6,3189,0.02219,
2026-08-20,champion,7,1303,0.02161,
2026-08-20,champion,8,8046,0.02149,
2026-08-20,champion,9,3680,0.02,
2026-08-20,champion,10,2395,0.01388,
2026-08-20,champion,11,9921,0.01291,
2026-08-20,champion,12,5309,0.01274,
2026-08-20,champion,13,3532,0.01242,
2026-08-20,champion,14,4923,0.01189,
2026-08-20,champion,15,6462,0.01105,
2026-08-20,champion,16,1336,0.01085,
2026-08-20,champion,17,6509,0.00925,
2026-08-20,champion,18,5289,0.00823,
2026-08-20,champion,19,6603,0.00757,
2026-08-20,champion,20,8150,0.00511,
2026-08-20,champion,21,1515,0.00475,
2026-08-20,champion,22,2486,0.00466,
2026-08-20,champion,23,3498,0.00187,
2026-08-20,champion,24,3049,0.00116,
2026-08-20,champion,25,2049,0.00096,
2026-08-20,champion,26,3583,-0.00162,
2026-08-20,champion,27,3665,-0.00173,
2026-08-20,champion,28,2484,-0.0019,
2026-08-20,champion,29,6182,-0.00198,
2026-08-20,champion,30,2634,-0.00294,
2026-08-21,shadow,1,1591,0.17578,
2026-08-21,shadow,2,8104,0.15354,
2026-08-21,shadow,3,2457,0.15277,
2026-08-21,shadow,4,5230,0.14987,
2026-08-21,shadow,5,6415,0.14836,
2026-08-21,shadow,6,6552,0.14807,
2026-08-21,shadow,7,5011,0.14499,
2026-08-21,shadow,8,8044,0.13885,
2026-08-21,shadow,9,6405,0.13854,
2026-08-21,shadow,10,3707,0.13506,
2026-08-21,shadow,11,4526,0.13384,
2026-08-21,shadow,12,3673,0.13291,
2026-08-21,shadow,13,4545,0.1327,
2026-08-21,shadow,14,4960,0.13118,
2026-08-21,shadow,15,3015,0.13018,
2026-08-21,shadow,16,8215,0.12959,
2026-08-21,shadow,17,2375,0.129,
2026-08-21,shadow,18,3062,0.1271,
2026-08-21,shadow,19,2231,0.1269,
2026-08-21,shadow,20,3207,0.12544,
2026-08-21,shadow,21,3002,0.12474,
2026-08-21,shadow,22,2440,0.12464,
2026-08-21,shadow,23,6462,0.12426,
2026-08-21,shadow,24,8431,0.12319,
2026-08-21,shadow,25,3027,0.1218,
2026-08-21,shadow,26,1312,0.12139,
2026-08-21,shadow,27,3047,0.11988,
2026-08-21,shadow,28,8163,0.11847,
2026-08-21,shadow,29,4168,0.1175,
2026-08-21,shadow,30,6684,0.11732,
2026-08-21,champion,1,1590,0.05014,
2026-08-21,champion,2,5309,0.04421,
2026-08-21,champion,3,3498,0.04391,
2026-08-21,champion,4,3529,0.0436,
2026-08-21,champion,5,4931,0.03896,
2026-08-21,champion,6,6182,0.03841,
2026-08-21,champion,7,3680,0.03557,
2026-08-21,champion,8,6509,0.03403,
2026-08-21,champion,9,3167,0.03207,
2026-08-21,champion,10,5371,0.03173,
2026-08-21,champion,11,1515,0.02882,
2026-08-21,champion,12,8932,0.02756,
2026-08-21,champion,13,1336,0.02699,
2026-08-21,champion,14,3583,0.02689,
2026-08-21,champion,15,3078,0.02557,
2026-08-21,champion,16,6462,0.02445,
2026-08-21,champion,17,3049,0.02334,
2026-08-21,champion,18,5464,0.02333,
2026-08-21,champion,19,1727,0.02203,
2026-08-21,champion,20,4707,0.02152,
2026-08-21,champion,21,3189,0.02064,
2026-08-21,champion,22,1712,0.02054,
2026-08-21,champion,23,5228,0.01959,
2026-08-21,champion,24,8046,0.01906,
2026-08-21,champion,25,6603,0.01903,
2026-08-21,champion,26,6223,0.0186,
2026-08-21,champion,27,3434,0.01847,
2026-08-21,champion,28,4772,0.01835,
2026-08-21,champion,29,5328,0.01833,
2026-08-21,champion,30,2484,0.01677,
2026-08-24,shadow,1,3438,0.13209,
2026-08-24,shadow,2,4923,0.12669,
2026-08-24,shadow,3,5299,0.11164,
2026-08-24,shadow,4,2102,0.10261,
2026-08-24,shadow,5,2705,0.08593,
2026-08-24,shadow,6,2329,0.08565,
2026-08-24,shadow,7,5324,0.08233,
2026-08-24,shadow,8,1108,0.07933,
2026-08-24,shadow,9,6415,0.07444,
2026-08-24,shadow,10,3532,0.07087,
2026-08-24,shadow,11,3707,0.07039,
2026-08-24,shadow,12,6409,0.07035,
2026-08-24,shadow,13,1326,0.06973,
2026-08-24,shadow,14,6962,0.06742,
2026-08-24,shadow,15,2440,0.06648,
2026-08-24,shadow,16,5302,0.06523,
2026-08-24,shadow,17,6485,0.06455,
2026-08-24,shadow,18,3041,0.06353,
2026-08-24,shadow,19,6271,0.06293,
2026-08-24,shadow,20,6462,0.06248,
2026-08-24,shadow,21,5443,0.06177,
2026-08-24,shadow,22,8091,0.06123,
2026-08-24,shadow,23,1591,0.0612,
2026-08-24,shadow,24,1515,0.05941,
2026-08-24,shadow,25,8150,0.05939,
2026-08-24,shadow,26,5471,0.05858,
2026-08-24,shadow,27,3094,0.05806,
2026-08-24,shadow,28,6533,0.05805,
2026-08-24,shadow,29,8131,0.05799,
2026-08-24,shadow,30,1103,0.05613,
2026-08-24,champion,1,3529,0.05787,
2026-08-24,champion,2,3680,0.04918,
2026-08-24,champion,3,5309,0.04115,
2026-08-24,champion,4,6182,0.03654,
2026-08-24,champion,5,3078,0.03405,
2026-08-24,champion,6,1515,0.03377,
2026-08-24,champion,7,8932,0.03357,
2026-08-24,champion,8,6509,0.03051,
2026-08-24,champion,9,6462,0.02921,
2026-08-24,champion,10,1590,0.02908,
2026-08-24,champion,11,1336,0.02816,
2026-08-24,champion,12,3189,0.02492,
2026-08-24,champion,13,3434,0.02341,
2026-08-24,champion,14,2484,0.02263,
2026-08-24,champion,15,5464,0.02225,
2026-08-24,champion,16,4923,0.0222,
2026-08-24,champion,17,1712,0.02149,
2026-08-24,champion,18,6223,0.02131,
2026-08-24,champion,19,6477,0.02083,
2026-08-24,champion,20,3167,0.01903,
2026-08-24,champion,21,3581,0.01901,
2026-08-24,champion,22,9919,0.01859,
2026-08-24,champion,23,6715,0.01837,
2026-08-24,champion,24,3583,0.01691,
2026-08-24,champion,25,2388,0.01639,
2026-08-24,champion,26,6208,0.01636,
2026-08-24,champion,27,5228,0.01485,
2026-08-24,champion,28,2342,0.01413,
2026-08-24,champion,29,4303,0.01399,
2026-08-24,champion,30,1727,0.01356,
2026-08-25,shadow,1,1591,0.1432,
2026-08-25,shadow,2,2491,0.08736,
2026-08-25,shadow,3,2102,0.08577,
2026-08-25,shadow,4,2328,0.08093,
2026-08-25,shadow,5,5324,0.07895,
2026-08-25,shadow,6,6415,0.07365,
2026-08-25,shadow,7,2913,0.06694,
2026-08-25,shadow,8,1108,0.06476,
2026-08-25,shadow,9,4931,0.06409,
2026-08-25,shadow,10,2440,0.05855,
2026-08-25,shadow,11,1802,0.05694,
2026-08-25,shadow,12,2484,0.05635,
2026-08-25,shadow,13,2514,0.05371,
2026-08-25,shadow,14,2903,0.04774,
2026-08-25,shadow,15,6409,0.04615,
2026-08-25,shadow,16,2505,0.04613,
2026-08-25,shadow,17,2367,0.04583,
2026-08-25,shadow,18,2530,0.04245,
2026-08-25,shadow,19,9907,0.03947,
2026-08-25,shadow,20,2352,0.03929,
2026-08-25,shadow,21,2851,0.03913,
2026-08-25,shadow,22,5443,0.03863,
2026-08-25,shadow,23,2705,0.03789,
2026-08-25,shadow,24,3003,0.03607,
2026-08-25,shadow,25,3532,0.03586,
2026-08-25,shadow,26,6282,0.03584,
2026-08-25,shadow,27,2444,0.03488,
2026-08-25,shadow,28,1702,0.03452,
2026-08-25,shadow,29,4503,0.03437,
2026-08-25,shadow,30,1103,0.03428,
2026-08-25,champion,1,1591,0.06749,
2026-08-25,champion,2,3680,0.05788,
2026-08-25,champion,3,6510,0.05737,
2026-08-25,champion,4,4749,0.04073,
2026-08-25,champion,5,6182,0.03741,
2026-08-25,champion,6,1590,0.03262,
2026-08-25,champion,7,6477,0.03025,
2026-08-25,champion,8,3287,0.02913,
2026-08-25,champion,9,3228,0.02879,
2026-08-25,champion,10,3581,0.02612,
2026-08-25,champion,11,3438,0.02428,
2026-08-25,champion,12,4772,0.02387,
2026-08-25,champion,13,2395,0.02174,
2026-08-25,champion,14,6223,0.02133,
2026-08-25,champion,15,3434,0.01997,
2026-08-25,champion,16,5228,0.01903,
2026-08-25,champion,17,3078,0.01773,
2026-08-25,champion,18,6770,0.01731,
2026-08-25,champion,19,2484,0.01703,
2026-08-25,champion,20,6693,0.01689,
2026-08-25,champion,21,3535,0.01591,
2026-08-25,champion,22,3189,0.01531,
2026-08-25,champion,23,8040,0.01526,
2026-08-25,champion,24,6683,0.01474,
2026-08-25,champion,25,3450,0.01441,
2026-08-25,champion,26,6237,0.01388,
2026-08-25,champion,27,2342,0.01386,
2026-08-25,champion,28,4952,0.01382,
2026-08-25,champion,29,6922,0.01327,
2026-08-25,champion,30,1336,0.01292,
2026-08-26,shadow,1,1591,0.17353,
2026-08-26,shadow,2,4168,0.16327,
2026-08-26,shadow,3,2440,0.0902,
2026-08-26,shadow,4,3128,0.07813,
2026-08-26,shadow,5,2444,0.07406,
2026-08-26,shadow,6,4909,0.07252,
2026-08-26,shadow,7,2491,0.07077,
2026-08-26,shadow,8,2457,0.06814,
2026-08-26,shadow,9,2328,0.06602,
2026-08-26,shadow,10,6109,0.0648,
2026-08-26,shadow,11,2515,0.06261,
2026-08-26,shadow,12,1108,0.06259,
2026-08-26,shadow,13,3276,0.06249,
2026-08-26,shadow,14,1802,0.0613,
2026-08-26,shadow,15,8162,0.06105,
2026-08-26,shadow,16,1584,0.06044,
2026-08-26,shadow,17,2484,0.05896,
2026-08-26,shadow,18,3390,0.05893,
2026-08-26,shadow,19,6234,0.0588,
2026-08-26,shadow,20,3002,0.05865,
2026-08-26,shadow,21,6415,0.05762,
2026-08-26,shadow,22,6220,0.05663,
2026-08-26,shadow,23,1449,0.05574,
2026-08-26,shadow,24,4174,0.05488,
2026-08-26,shadow,25,6684,0.05443,
2026-08-26,shadow,26,8089,0.05434,
2026-08-26,shadow,27,8163,0.0543,
2026-08-26,shadow,28,6462,0.05346,
2026-08-26,shadow,29,2375,0.05299,
2026-08-26,shadow,30,8044,0.05282,
2026-08-26,champion,1,6510,0.06318,
2026-08-26,champion,2,1591,0.05752,
2026-08-26,champion,3,5274,0.05234,
2026-08-26,champion,4,1590,0.04502,
2026-08-26,champion,5,3529,0.03804,
2026-08-26,champion,6,2484,0.03722,
2026-08-26,champion,7,6182,0.03569,
2026-08-26,champion,8,3289,0.03061,
2026-08-26,champion,9,4749,0.03032,
2026-08-26,champion,10,3680,0.02812,
2026-08-26,champion,11,3189,0.0279,
2026-08-26,champion,12,2340,0.02641,
2026-08-26,champion,13,6903,0.02455,
2026-08-26,champion,14,2395,0.02436,
2026-08-26,champion,15,5386,0.01853,
2026-08-26,champion,16,5464,0.01843,
2026-08-26,champion,17,3498,0.0174,
2026-08-26,champion,18,1515,0.01595,
2026-08-26,champion,19,3287,0.01585,
2026-08-26,champion,20,2464,0.01556,
2026-08-26,champion,21,3583,0.01486,
2026-08-26,champion,22,6223,0.01343,
2026-08-26,champion,23,2454,0.01285,
2026-08-26,champion,24,3078,0.01201,
2026-08-26,champion,25,1301,0.01164,
2026-08-26,champion,26,8150,0.01162,
2026-08-26,champion,27,2634,0.0106,
2026-08-26,champion,28,6922,0.00902,
2026-08-26,champion,29,2408,0.00842,
2026-08-26,champion,30,1336,0.00835,
2026-08-27,shadow,1,6949,0.60579,
2026-08-27,shadow,2,1591,0.17093,
2026-08-27,shadow,3,4303,0.15231,
2026-08-27,shadow,4,2440,0.09873,
2026-08-27,shadow,5,3025,0.08708,
2026-08-27,shadow,6,2444,0.07765,
2026-08-27,shadow,7,4931,0.07181,
2026-08-27,shadow,8,6109,0.07108,
2026-08-27,shadow,9,2457,0.0705,
2026-08-27,shadow,10,4109,0.06883,
2026-08-27,shadow,11,2515,0.06875,
2026-08-27,shadow,12,2328,0.06753,
2026-08-27,shadow,13,5230,0.06751,
2026-08-27,shadow,14,9946,0.06663,
2026-08-27,shadow,15,1108,0.06607,
2026-08-27,shadow,16,4526,0.06519,
2026-08-27,shadow,17,1540,0.06412,
2026-08-27,shadow,18,1802,0.0641,
2026-08-27,shadow,19,6684,0.06381,
2026-08-27,shadow,20,3276,0.06273,
2026-08-27,shadow,21,6415,0.06245,
2026-08-27,shadow,22,2547,0.06204,
2026-08-27,shadow,23,2482,0.06159,
2026-08-27,shadow,24,6869,0.0606,
2026-08-27,shadow,25,6220,0.06044,
2026-08-27,shadow,26,2498,0.05964,
2026-08-27,shadow,27,6234,0.05959,
2026-08-27,shadow,28,2505,0.05899,
2026-08-27,shadow,29,2426,0.0584,
2026-08-27,shadow,30,1304,0.05828,
2026-08-27,champion,1,6949,0.49236,
2026-08-27,champion,2,1563,0.21827,
2026-08-27,champion,3,3592,0.10847,
2026-08-27,champion,4,1591,0.08124,
2026-08-27,champion,5,6510,0.07897,
2026-08-27,champion,6,3264,0.07739,
2026-08-27,champion,7,5274,0.07033,
2026-08-27,champion,8,1590,0.06518,
2026-08-27,champion,9,4923,0.05563,
2026-08-27,champion,10,5386,0.05094,
2026-08-27,champion,11,3289,0.04637,
2026-08-27,champion,12,4749,0.03816,
2026-08-27,champion,13,6903,0.03459,
2026-08-27,champion,14,2634,0.03356,
2026-08-27,champion,15,3498,0.03184,
2026-08-27,champion,16,3189,0.03045,
2026-08-27,champion,17,1301,0.03,
2026-08-27,champion,18,3583,0.02971,
2026-08-27,champion,19,1336,0.02942,
2026-08-27,champion,20,2464,0.02891,
2026-08-27,champion,21,3450,0.02873,
2026-08-27,champion,22,2484,0.02654,
2026-08-27,champion,23,6182,0.02554,
2026-08-27,champion,24,5464,0.025,
2026-08-27,champion,25,3532,0.02449,
2026-08-27,champion,26,6223,0.02395,
2026-08-27,champion,27,2454,0.02366,
2026-08-27,champion,28,2395,0.02289,
2026-08-27,champion,29,8150,0.02258,
2026-08-27,champion,30,2455,0.02253,
2026-08-28,shadow,1,6949,0.59431,
2026-08-28,shadow,2,4923,0.1441,
2026-08-28,shadow,3,1591,0.13847,
2026-08-28,shadow,4,4952,0.10966,
2026-08-28,shadow,5,6533,0.10831,
2026-08-28,shadow,6,6669,0.10467,
2026-08-28,shadow,7,2408,0.1021,
2026-08-28,shadow,8,3094,0.10199,
2026-08-28,shadow,9,3035,0.10115,
2026-08-28,shadow,10,3532,0.09533,
2026-08-28,shadow,11,6202,0.0888,
2026-08-28,shadow,12,3189,0.08841,
2026-08-28,shadow,13,3264,0.0878,
2026-08-28,shadow,14,3545,0.08617,
2026-08-28,shadow,15,8150,0.08388,
2026-08-28,shadow,16,6147,0.08359,
2026-08-28,shadow,17,2492,0.08336,
2026-08-28,shadow,18,4958,0.08303,
2026-08-28,shadow,19,6415,0.08032,
2026-08-28,shadow,20,2337,0.07985,
2026-08-28,shadow,21,6494,0.07773,
2026-08-28,shadow,22,8091,0.07639,
2026-08-28,shadow,23,2302,0.07612,
2026-08-28,shadow,24,3707,0.07569,
2026-08-28,shadow,25,5471,0.07555,
2026-08-28,shadow,26,3025,0.07513,
2026-08-28,shadow,27,2303,0.07407,
2026-08-28,shadow,28,3438,0.07405,
2026-08-28,shadow,29,4931,0.07329,
2026-08-28,shadow,30,5443,0.07305,
2026-08-28,champion,1,6949,0.50725,
2026-08-28,champion,2,1563,0.30386,
2026-08-28,champion,3,5274,0.12579,
2026-08-28,champion,4,9921,0.11499,
2026-08-28,champion,5,6510,0.08753,
2026-08-28,champion,6,2409,0.07901,
2026-08-28,champion,7,6202,0.07809,
2026-08-28,champion,8,3189,0.07763,
2026-08-28,champion,9,3231,0.07381,
2026-08-28,champion,10,6285,0.07347,
2026-08-28,champion,11,1591,0.07293,
2026-08-28,champion,12,2395,0.07035,
2026-08-28,champion,13,6789,0.06927,
2026-08-28,champion,14,6223,0.06889,
2026-08-28,champion,15,2049,0.06865,
2026-08-28,champion,16,3017,0.06399,
2026-08-28,champion,17,3023,0.06352,
2026-08-28,champion,18,3653,0.06195,
2026-08-28,champion,19,9914,0.06139,
2026-08-28,champion,20,1590,0.06074,
2026-08-28,champion,21,6669,0.0605,
2026-08-28,champion,22,3532,0.05639,
2026-08-28,champion,23,8046,0.05595,
2026-08-28,champion,24,3583,0.05263,
2026-08-28,champion,25,2466,0.05256,
2026-08-28,champion,26,2408,0.04951,
2026-08-28,champion,27,4923,0.04928,
2026-08-28,champion,28,3443,0.0492,
2026-08-28,champion,29,4503,0.04761,
2026-08-28,champion,30,1714,0.04563,
2026-08-31,shadow,1,6949,0.59301,
2026-08-31,shadow,2,6937,0.10865,
2026-08-31,shadow,3,3041,0.1023,
2026-08-31,shadow,4,3545,0.09964,
2026-08-31,shadow,5,1591,0.09644,
2026-08-31,shadow,6,6243,0.09531,
2026-08-31,shadow,7,6684,0.09218,
2026-08-31,shadow,8,2408,0.09198,
2026-08-31,shadow,9,6643,0.08535,
2026-08-31,shadow,10,6415,0.08473,
2026-08-31,shadow,11,6233,0.08146,
2026-08-31,shadow,12,6669,0.07808,
2026-08-31,shadow,13,3094,0.07606,
2026-08-31,shadow,14,4923,0.07318,
2026-08-31,shadow,15,3707,0.07302,
2026-08-31,shadow,16,6462,0.0721,
2026-08-31,shadow,17,6485,0.07064,
2026-08-31,shadow,18,8935,0.06804,
2026-08-31,shadow,19,3035,0.06699,
2026-08-31,shadow,20,5302,0.06653,
2026-08-31,shadow,21,6533,0.0652,
2026-08-31,shadow,22,6933,0.06434,
2026-08-31,shadow,23,2303,0.06306,
2026-08-31,shadow,24,6695,0.06201,
2026-08-31,shadow,25,5443,0.06192,
2026-08-31,shadow,26,2530,0.05993,
2026-08-31,shadow,27,4952,0.05841,
2026-08-31,shadow,28,6909,0.05785,
2026-08-31,shadow,29,3450,0.05702,
2026-08-31,shadow,30,4931,0.05576,
2026-08-31,champion,1,6949,0.50725,
2026-08-31,champion,2,1563,0.21291,
2026-08-31,champion,3,5289,0.09672,
2026-08-31,champion,4,6182,0.07411,
2026-08-31,champion,5,5274,0.06716,
2026-08-31,champion,6,3189,0.06614,
2026-08-31,champion,7,6121,0.06611,
2026-08-31,champion,8,1590,0.06242,
2026-08-31,champion,9,4503,0.0577,
2026-08-31,champion,10,3443,0.05496,
2026-08-31,champion,11,6187,0.05476,
2026-08-31,champion,12,4923,0.05332,
2026-08-31,champion,13,6223,0.05149,
2026-08-31,champion,14,2049,0.04877,
2026-08-31,champion,15,3264,0.04832,
2026-08-31,champion,16,4749,0.04713,
2026-08-31,champion,17,3532,0.04623,
2026-08-31,champion,18,2454,0.04412,
2026-08-31,champion,19,3017,0.04384,
2026-08-31,champion,20,3583,0.04358,
2026-08-31,champion,21,2466,0.0402,
2026-08-31,champion,22,3438,0.03364,
2026-08-31,champion,23,5464,0.03338,
2026-08-31,champion,24,2059,0.03284,
2026-08-31,champion,25,3024,0.03007,
2026-08-31,champion,26,3661,0.02982,
2026-08-31,champion,27,2395,0.02799,
2026-08-31,champion,28,2408,0.02784,
2026-08-31,champion,29,4939,0.02724,
2026-08-31,champion,30,3289,0.02565,
2026-09-01,shadow,1,6949,0.59301,
2026-09-01,shadow,2,2408,0.11331,
2026-09-01,shadow,3,4931,0.07626,
2026-09-01,shadow,4,3041,0.07441,
2026-09-01,shadow,5,6271,0.07212,
2026-09-01,shadow,6,6770,0.06915,
2026-09-01,shadow,7,2357,0.06696,
2026-09-01,shadow,8,1591,0.06668,
2026-09-01,shadow,9,3094,0.06537,
2026-09-01,shadow,10,2464,0.06401,
2026-09-01,shadow,11,6669,0.0631,
2026-09-01,shadow,12,6533,0.06239,
2026-09-01,shadow,13,2303,0.06176,
2026-09-01,shadow,14,4923,0.06092,
2026-09-01,shadow,15,3438,0.06076,
2026-09-01,shadow,16,8299,0.05974,
2026-09-01,shadow,17,3545,0.05925,
2026-09-01,shadow,18,3035,0.0571,
2026-09-01,shadow,19,5443,0.05622,
2026-09-01,shadow,20,3661,0.05497,
2026-09-01,shadow,21,6243,0.05372,
2026-09-01,shadow,22,6462,0.05253,
2026-09-01,shadow,23,2345,0.052,
2026-09-01,shadow,24,6933,0.05027,
2026-09-01,shadow,25,6643,0.05007,
2026-09-01,shadow,26,2530,0.04986,
2026-09-01,shadow,27,8110,0.04926,
2026-09-01,shadow,28,3707,0.04797,
2026-09-01,shadow,29,6415,0.04771,
2026-09-01,shadow,30,2454,0.04733,
2026-09-01,champion,1,6949,0.50725,
2026-09-01,champion,2,1563,0.21291,
2026-09-01,champion,3,6535,0.11761,
2026-09-01,champion,4,6274,0.11039,
2026-09-01,champion,5,5274,0.07953,
2026-09-01,champion,6,4503,0.07535,
2026-09-01,champion,7,4123,0.07213,
2026-09-01,champion,8,3438,0.06625,
2026-09-01,champion,9,3583,0.06412,
2026-09-01,champion,10,3189,0.06128,
2026-09-01,champion,11,6187,0.06014,
2026-09-01,champion,12,3661,0.06007,
2026-09-01,champion,13,3026,0.05384,
2026-09-01,champion,14,6223,0.05329,
2026-09-01,champion,15,6182,0.05319,
2026-09-01,champion,16,4923,0.05006,
2026-09-01,champion,17,3443,0.04889,
2026-09-01,champion,18,3532,0.04818,
2026-09-01,champion,19,1590,0.04799,
2026-09-01,champion,20,6121,0.04782,
2026-09-01,champion,21,3264,0.04691,
2026-09-01,champion,22,2342,0.04556,
2026-09-01,champion,23,6494,0.04452,
2026-09-01,champion,24,5464,0.04354,
2026-09-01,champion,25,4939,0.04093,
2026-09-01,champion,26,2049,0.03934,
2026-09-01,champion,27,3653,0.03873,
2026-09-01,champion,28,2408,0.03774,
2026-09-01,champion,29,5289,0.03768,
2026-09-01,champion,30,8046,0.03561,
2026-09-02,shadow,1,6949,0.59301,
2026-09-02,shadow,2,6770,0.11977,
2026-09-02,shadow,3,4923,0.11384,
2026-09-02,shadow,4,2408,0.10715,
2026-09-02,shadow,5,6933,0.09592,
2026-09-02,shadow,6,3094,0.09373,
2026-09-02,shadow,7,3035,0.09336,
2026-09-02,shadow,8,6533,0.09185,
2026-09-02,shadow,9,3041,0.0873,
2026-09-02,shadow,10,6243,0.0858,
2026-09-02,shadow,11,5443,0.08067,
2026-09-02,shadow,12,3707,0.07988,
2026-09-02,shadow,13,3450,0.07769,
2026-09-02,shadow,14,8091,0.07715,
2026-09-02,shadow,15,3438,0.07666,
2026-09-02,shadow,16,3545,0.07636,
2026-09-02,shadow,17,6271,0.07563,
2026-09-02,shadow,18,6435,0.0739,
2026-09-02,shadow,19,5302,0.07298,
2026-09-02,shadow,20,6147,0.07232,
2026-09-02,shadow,21,1591,0.0723,
2026-09-02,shadow,22,3025,0.07042,
2026-09-02,shadow,23,6494,0.07012,
2026-09-02,shadow,24,2303,0.06822,
2026-09-02,shadow,25,7712,0.06753,
2026-09-02,shadow,26,5471,0.06663,
2026-09-02,shadow,27,1722,0.0661,
2026-09-02,shadow,28,4952,0.06609,
2026-09-02,shadow,29,5425,0.0655,
2026-09-02,shadow,30,3265,0.06454,
2026-09-02,champion,1,6949,0.50725,
2026-09-02,champion,2,1563,0.21291,
2026-09-02,champion,3,6274,0.09529,
2026-09-02,champion,4,3264,0.06397,
2026-09-02,champion,5,3189,0.06247,
2026-09-02,champion,6,3583,0.05988,
2026-09-02,champion,7,6223,0.05474,
2026-09-02,champion,8,1590,0.05212,
2026-09-02,champion,9,3532,0.04932,
2026-09-02,champion,10,3167,0.04378,
2026-09-02,champion,11,5274,0.04176,
2026-09-02,champion,12,3450,0.04139,
2026-09-02,champion,13,6121,0.03935,
2026-09-02,champion,14,6535,0.03932,
2026-09-02,champion,15,4749,0.03859,
2026-09-02,champion,16,6182,0.03583,
2026-09-02,champion,17,5464,0.03524,
2026-09-02,champion,18,6446,0.03437,
2026-09-02,champion,19,3498,0.03275,
2026-09-02,champion,20,1717,0.03111,
2026-09-02,champion,21,3438,0.03064,
2026-09-02,champion,22,4923,0.03055,
2026-09-02,champion,23,8046,0.02995,
2026-09-02,champion,24,6515,0.02783,
2026-09-02,champion,25,3661,0.02693,
2026-09-02,champion,26,2482,0.02591,
2026-09-02,champion,27,2049,0.02545,
2026-09-02,champion,28,3265,0.0247,
2026-09-02,champion,29,3443,0.02389,
2026-09-02,champion,30,3026,0.02312,
2026-09-03,shadow,1,6949,0.59301,
2026-09-03,shadow,2,1423,0.41964,
2026-09-03,shadow,3,6129,0.31534,
2026-09-03,shadow,4,6933,0.09059,
2026-09-03,shadow,5,2426,0.08329,
2026-09-03,shadow,6,1591,0.07005,
2026-09-03,shadow,7,3362,0.05897,
2026-09-03,shadow,8,2491,0.05573,
2026-09-03,shadow,9,3693,0.05453,
2026-09-03,shadow,10,4931,0.0525,
2026-09-03,shadow,11,6770,0.05162,
2026-09-03,shadow,12,2243,0.05091,
2026-09-03,shadow,13,4147,0.05063,
2026-09-03,shadow,14,2408,0.05055,
2026-09-03,shadow,15,2345,0.05025,
2026-09-03,shadow,16,6669,0.04982,
2026-09-03,shadow,17,2357,0.04726,
2026-09-03,shadow,18,3093,0.04725,
2026-09-03,shadow,19,2530,0.04513,
2026-09-03,shadow,20,1722,0.04384,
2026-09-03,shadow,21,8162,0.04108,
2026-09-03,shadow,22,2301,0.04107,
2026-09-03,shadow,23,6108,0.04015,
2026-09-03,shadow,24,3518,0.03991,
2026-09-03,shadow,25,2464,0.03942,
2026-09-03,shadow,26,8935,0.03898,
2026-09-03,shadow,27,3228,0.0363,
2026-09-03,shadow,28,1597,0.03594,
2026-09-03,shadow,29,5536,0.03591,
2026-09-03,shadow,30,6243,0.03566,
2026-09-03,champion,1,6949,0.50725,
2026-09-03,champion,2,6129,0.30553,
2026-09-03,champion,3,1423,0.2364,
2026-09-03,champion,4,1563,0.21291,
2026-09-03,champion,5,3189,0.08902,
2026-09-03,champion,6,3265,0.0832,
2026-09-03,champion,7,3532,0.06534,
2026-09-03,champion,8,3583,0.0649,
2026-09-03,champion,9,3264,0.06336,
2026-09-03,champion,10,6223,0.06133,
2026-09-03,champion,11,1590,0.05638,
2026-09-03,champion,12,6274,0.05634,
2026-09-03,champion,13,5464,0.05296,
2026-09-03,champion,14,8046,0.05197,
2026-09-03,champion,15,3438,0.04907,
2026-09-03,champion,16,3167,0.04785,
2026-09-03,champion,17,6535,0.04715,
2026-09-03,champion,18,5274,0.04695,
2026-09-03,champion,19,3693,0.04556,
2026-09-03,champion,20,4577,0.04298,
2026-09-03,champion,21,2049,0.04074,
2026-09-03,champion,22,6121,0.0371,
2026-09-03,champion,23,3450,0.03627,
2026-09-03,champion,24,1515,0.03519,
2026-09-03,champion,25,4503,0.0328,
2026-09-03,champion,26,3443,0.03132,
2026-09-03,champion,27,3498,0.03107,
2026-09-03,champion,28,5289,0.02978,
2026-09-03,champion,29,3685,0.02883,
2026-09-03,champion,30,3653,0.02827,
2026-09-04,shadow,1,5324,0.25487,
2026-09-04,shadow,2,3094,0.14584,
2026-09-04,shadow,3,3518,0.12768,
2026-09-04,shadow,4,3024,0.11869,
2026-09-04,shadow,5,3041,0.1132,
2026-09-04,shadow,6,1591,0.11112,
2026-09-04,shadow,7,8110,0.10632,
2026-09-04,shadow,8,2491,0.10584,
2026-09-04,shadow,9,2408,0.10559,
2026-09-04,shadow,10,5460,0.0978,
2026-09-04,shadow,11,8150,0.09527,
2026-09-04,shadow,12,5450,0.09471,
2026-09-04,shadow,13,6224,0.09187,
2026-09-04,shadow,14,2705,0.09155,
2026-09-04,shadow,15,6533,0.09093,
2026-09-04,shadow,16,2540,0.09032,
2026-09-04,shadow,17,3028,0.08845,
2026-09-04,shadow,18,3048,0.08779,
2026-09-04,shadow,19,6271,0.08626,
2026-09-04,shadow,20,3189,0.08338,
2026-09-04,shadow,21,8096,0.08321,
2026-09-04,shadow,22,5213,0.08245,
2026-09-04,shadow,23,2303,0.08122,
2026-09-04,shadow,24,6182,0.08093,
2026-09-04,shadow,25,2340,0.08047,
2026-09-04,shadow,26,6147,0.07856,
2026-09-04,shadow,27,3580,0.07819,
2026-09-04,shadow,28,6494,0.07731,
2026-09-04,shadow,29,4931,0.07707,
2026-09-04,shadow,30,6573,0.07683,
2026-09-04,champion,1,3653,0.12856,
2026-09-04,champion,2,2059,0.1196,
2026-09-04,champion,3,3498,0.09556,
2026-09-04,champion,4,8046,0.09141,
2026-09-04,champion,5,6141,0.07935,
2026-09-04,champion,6,3264,0.07848,
2026-09-04,champion,7,9921,0.07602,
2026-09-04,champion,8,3532,0.07337,
2026-09-04,champion,9,3265,0.07217,
2026-09-04,champion,10,3189,0.07183,
2026-09-04,champion,11,6525,0.07102,
2026-09-04,champion,12,4961,0.06848,
2026-09-04,champion,13,6274,0.06635,
2026-09-04,champion,14,3529,0.06277,
2026-09-04,champion,15,1504,0.05925,
2026-09-04,champion,16,3693,0.05884,
2026-09-04,champion,17,1709,0.05863,
2026-09-04,champion,18,2360,0.05707,
2026-09-04,champion,19,3592,0.05692,
2026-09-04,champion,20,4971,0.05465,
2026-09-04,champion,21,3583,0.05386,
2026-09-04,champion,22,6840,0.05252,
2026-09-04,champion,23,2395,0.05145,
2026-09-04,champion,24,3135,0.04868,
2026-09-04,champion,25,2458,0.04847,
2026-09-04,champion,26,2465,0.04837,
2026-09-04,champion,27,6223,0.04647,
2026-09-04,champion,28,4931,0.04646,
2026-09-04,champion,29,5274,0.04582,
2026-09-04,champion,30,6108,0.04547,
2026-09-07,shadow,1,1219,0.32054,
2026-09-07,shadow,2,2482,0.28072,
2026-09-07,shadow,3,5014,0.27985,
2026-09-07,shadow,4,5213,0.23063,
2026-09-07,shadow,5,1506,0.1552,
2026-09-07,shadow,6,3094,0.15205,
2026-09-07,shadow,7,5324,0.142,
2026-09-07,shadow,8,1591,0.1193,
2026-09-07,shadow,9,2491,0.116,
2026-09-07,shadow,10,1432,0.11595,
2026-09-07,shadow,11,8110,0.11342,
2026-09-07,shadow,12,2838,0.10998,
2026-09-07,shadow,13,9925,0.10208,
2026-09-07,shadow,14,8096,0.10082,
2026-09-07,shadow,15,6224,0.09608,
2026-09-07,shadow,16,2023,0.09572,
2026-09-07,shadow,17,6182,0.09472,
2026-09-07,shadow,18,6533,0.0945,
2026-09-07,shadow,19,1532,0.09148,
2026-09-07,shadow,20,4919,0.09105,
2026-09-07,shadow,21,2303,0.08959,
2026-09-07,shadow,22,3518,0.08953,
2026-09-07,shadow,23,2340,0.0881,
2026-09-07,shadow,24,3050,0.08774,
2026-09-07,shadow,25,3041,0.08721,
2026-09-07,shadow,26,8105,0.0858,
2026-09-07,shadow,27,2436,0.08524,
2026-09-07,shadow,28,3093,0.08507,
2026-09-07,shadow,29,2106,0.08043,
2026-09-07,shadow,30,4931,0.08035,
2026-09-07,champion,1,2059,0.12638,
2026-09-07,champion,2,8046,0.11616,
2026-09-07,champion,3,3653,0.11437,
2026-09-07,champion,4,2049,0.09955,
2026-09-07,champion,5,3264,0.09398,
2026-09-07,champion,6,4961,0.08219,
2026-09-07,champion,7,9921,0.07895,
2026-09-07,champion,8,3265,0.07381,
2026-09-07,champion,9,3498,0.06403,
2026-09-07,champion,10,6141,0.06026,
2026-09-07,champion,11,1504,0.0599,
2026-09-07,champion,12,2395,0.05955,
2026-09-07,champion,13,6525,0.05881,
2026-09-07,champion,14,6719,0.05703,
2026-09-07,champion,15,6840,0.05449,
2026-09-07,champion,16,3617,0.05391,
2026-09-07,champion,17,2376,0.05246,
2026-09-07,champion,18,8070,0.05118,
2026-09-07,champion,19,2340,0.04961,
2026-09-07,champion,20,3592,0.04885,
2026-09-07,champion,21,2458,0.04829,
2026-09-07,champion,22,6274,0.04827,
2026-09-07,champion,23,6573,0.04751,
2026-09-07,champion,24,3438,0.04427,
2026-09-07,champion,25,6535,0.04378,
2026-09-07,champion,26,3141,0.04034,
2026-09-07,champion,27,1709,0.04003,
2026-09-07,champion,28,3049,0.03971,
2026-09-07,champion,29,3532,0.03939,
2026-09-07,champion,30,2428,0.03866,
2026-09-08,shadow,1,8096,0.13281,
2026-09-08,shadow,2,1722,0.13147,
2026-09-08,shadow,3,2491,0.11006,
2026-09-08,shadow,4,2482,0.10665,
2026-09-08,shadow,5,8112,0.09919,
2026-09-08,shadow,6,1219,0.09813,
2026-09-08,shadow,7,3093,0.09252,
2026-09-08,shadow,8,8105,0.09224,
2026-09-08,shadow,9,4919,0.0897,
2026-09-08,shadow,10,3050,0.08836,
2026-09-08,shadow,11,2106,0.08802,
2026-09-08,shadow,12,3518,0.08747,
2026-09-08,shadow,13,6224,0.08637,
2026-09-08,shadow,14,3048,0.08284,
2026-09-08,shadow,15,8215,0.08246,
2026-09-08,shadow,16,4931,0.0817,
2026-09-08,shadow,17,6869,0.07928,
2026-09-08,shadow,18,3576,0.07813,
2026-09-08,shadow,19,3580,0.07563,
2026-09-08,shadow,20,2440,0.0735,
2026-09-08,shadow,21,2462,0.07278,
2026-09-08,shadow,22,5450,0.07276,
2026-09-08,shadow,23,2444,0.07265,
2026-09-08,shadow,24,1617,0.0725,
2026-09-08,shadow,25,3380,0.07214,
2026-09-08,shadow,26,8110,0.07184,
2026-09-08,shadow,27,3028,0.07036,
2026-09-08,shadow,28,6282,0.06993,
2026-09-08,shadow,29,5230,0.06684,
2026-09-08,shadow,30,3015,0.06675,
2026-09-08,champion,1,3264,0.09488,
2026-09-08,champion,2,3081,0.08133,
2026-09-08,champion,3,3265,0.07524,
2026-09-08,champion,4,6573,0.05355,
2026-09-08,champion,5,3653,0.05344,
2026-09-08,champion,6,4927,0.04934,
2026-09-08,champion,7,3450,0.04883,
2026-09-08,champion,8,5483,0.04689,
2026-09-08,champion,9,3532,0.04505,
2026-09-08,champion,10,6187,0.04262,
2026-09-08,champion,11,5347,0.04198,
2026-09-08,champion,12,3498,0.04092,
2026-09-08,champion,13,6274,0.04056,
2026-09-08,champion,14,1709,0.0394,
2026-09-08,champion,15,8040,0.03938,
2026-09-08,champion,16,4939,0.03785,
2026-09-08,champion,17,4577,0.03758,
2026-09-08,champion,18,4503,0.0375,
2026-09-08,champion,19,2059,0.03745,
2026-09-08,champion,20,6535,0.03722,
2026-09-08,champion,21,3141,0.03625,
2026-09-08,champion,22,6840,0.03518,
2026-09-08,champion,23,4931,0.03488,
2026-09-08,champion,24,3583,0.03435,
2026-09-08,champion,25,6179,0.03349,
2026-09-08,champion,26,1336,0.03322,
2026-09-08,champion,27,3189,0.03145,
2026-09-08,champion,28,3535,0.03104,
2026-09-08,champion,29,2340,0.03068,
2026-09-08,champion,30,4923,0.03055,
2026-09-09,shadow,1,1532,0.1856,
2026-09-09,shadow,2,3450,0.17865,
2026-09-09,shadow,3,1722,0.14912,
2026-09-09,shadow,4,1702,0.13183,
2026-09-09,shadow,5,3501,0.13036,
2026-09-09,shadow,6,8096,0.12943,
2026-09-09,shadow,7,2491,0.12858,
2026-09-09,shadow,8,2014,0.11825,
2026-09-09,shadow,9,6949,0.11426,
2026-09-09,shadow,10,8105,0.11367,
2026-09-09,shadow,11,2482,0.10992,
2026-09-09,shadow,12,3652,0.10953,
2026-09-09,shadow,13,3048,0.10329,
2026-09-09,shadow,14,6224,0.10169,
2026-09-09,shadow,15,8112,0.10044,
2026-09-09,shadow,16,2547,0.09222,
2026-09-09,shadow,17,2440,0.08925,
2026-09-09,shadow,18,2106,0.08833,
2026-09-09,shadow,19,3028,0.08737,
2026-09-09,shadow,20,2852,0.08637,
2026-09-09,shadow,21,8104,0.08577,
2026-09-09,shadow,22,5450,0.08511,
2026-09-09,shadow,23,3050,0.08397,
2026-09-09,shadow,24,6116,0.08198,
2026-09-09,shadow,25,3489,0.08178,
2026-09-09,shadow,26,6272,0.07957,
2026-09-09,shadow,27,8110,0.07608,
2026-09-09,shadow,28,3580,0.07575,
2026-09-09,shadow,29,2444,0.07547,
2026-09-09,shadow,30,8071,0.07545,
2026-09-09,champion,1,3081,0.08067,
2026-09-09,champion,2,3265,0.07694,
2026-09-09,champion,3,3264,0.07271,
2026-09-09,champion,4,6274,0.06796,
2026-09-09,champion,5,4123,0.06269,
2026-09-09,champion,6,3498,0.05619,
2026-09-09,champion,7,3653,0.0559,
2026-09-09,champion,8,3535,0.05571,
2026-09-09,champion,9,6535,0.05555,
2026-09-09,champion,10,3229,0.05073,
2026-09-09,champion,11,4503,0.04987,
2026-09-09,champion,12,4931,0.04936,
2026-09-09,champion,13,6179,0.04812,
2026-09-09,champion,14,2059,0.04627,
2026-09-09,champion,15,5483,0.04531,
2026-09-09,champion,16,6573,0.04463,
2026-09-09,champion,17,6226,0.04357,
2026-09-09,champion,18,4939,0.04351,
2026-09-09,champion,19,1336,0.04317,
2026-09-09,champion,20,6187,0.04119,
2026-09-09,champion,21,1710,0.04105,
2026-09-09,champion,22,6168,0.0403,
2026-09-09,champion,23,3049,0.04006,
2026-09-09,champion,24,5321,0.04001,
2026-09-09,champion,25,2426,0.03955,
2026-09-09,champion,26,6488,0.03721,
2026-09-09,champion,27,5289,0.03485,
2026-09-09,champion,28,3661,0.03465,
2026-09-09,champion,29,1709,0.0338,
2026-09-09,champion,30,3577,0.03376,
2026-09-10,shadow,1,3450,0.2762,
2026-09-10,shadow,2,2903,0.20675,
2026-09-10,shadow,3,3652,0.13181,
2026-09-10,shadow,4,8105,0.1275,
2026-09-10,shadow,5,6165,0.12744,
2026-09-10,shadow,6,4123,0.11458,
2026-09-10,shadow,7,1563,0.1131,
2026-09-10,shadow,8,2440,0.11299,
2026-09-10,shadow,9,8096,0.10879,
2026-09-10,shadow,10,9919,0.10452,
2026-09-10,shadow,11,6869,0.10341,
2026-09-10,shadow,12,2106,0.10106,
2026-09-10,shadow,13,6224,0.09666,
2026-09-10,shadow,14,2491,0.09647,
2026-09-10,shadow,15,3324,0.09536,
2026-09-10,shadow,16,3050,0.09304,
2026-09-10,shadow,17,8071,0.09011,
2026-09-10,shadow,18,5450,0.08986,
2026-09-10,shadow,19,8431,0.08792,
2026-09-10,shadow,20,6152,0.08744,
2026-09-10,shadow,21,2613,0.08707,
2026-09-10,shadow,22,2444,0.0866,
2026-09-10,shadow,23,2102,0.08561,
2026-09-10,shadow,24,1437,0.08491,
2026-09-10,shadow,25,5230,0.0815,
2026-09-10,shadow,26,3580,0.0812,
2026-09-10,shadow,27,6134,0.07988,
2026-09-10,shadow,28,3669,0.07978,
2026-09-10,shadow,29,8162,0.07807,
2026-09-10,shadow,30,9946,0.07533,
2026-09-10,champion,1,8040,0.09601,
2026-09-10,champion,2,3265,0.08691,
2026-09-10,champion,3,3535,0.0845,
2026-09-10,champion,4,3081,0.07805,
2026-09-10,champion,5,6535,0.07702,
2026-09-10,champion,6,3287,0.07506,
2026-09-10,champion,7,3228,0.07489,
2026-09-10,champion,8,7777,0.07417,
2026-09-10,champion,9,4123,0.07393,
2026-09-10,champion,10,3141,0.07122,
2026-09-10,champion,11,5324,0.0708,
2026-09-10,champion,12,3189,0.06981,
2026-09-10,champion,13,4931,0.06967,
2026-09-10,champion,14,3450,0.06837,
2026-09-10,champion,15,3581,0.06599,
2026-09-10,champion,16,2305,0.06567,
2026-09-10,champion,17,2464,0.0656,
2026-09-10,champion,18,5483,0.0646,
2026-09-10,champion,19,4923,0.06349,
2026-09-10,champion,20,6233,0.06348,
2026-09-10,champion,21,3049,0.062,
2026-09-10,champion,22,2388,0.06169,
2026-09-10,champion,23,3653,0.06045,
2026-09-10,champion,24,8046,0.06004,
2026-09-10,champion,25,6716,0.05964,
2026-09-10,champion,26,3234,0.05962,
2026-09-10,champion,27,6907,0.05957,
2026-09-10,champion,28,3532,0.05885,
2026-09-10,champion,29,1711,0.05755,
2026-09-10,champion,30,2206,0.0572,
2026-09-11,shadow,1,2455,0.19774,
2026-09-11,shadow,2,3652,0.13933,
2026-09-11,shadow,3,6949,0.11265,
2026-09-11,shadow,4,6224,0.105,
2026-09-11,shadow,5,2106,0.10319,
2026-09-11,shadow,6,4976,0.10286,
2026-09-11,shadow,7,6869,0.10273,
2026-09-11,shadow,8,8112,0.10268,
2026-09-11,shadow,9,8105,0.09942,
2026-09-11,shadow,10,1563,0.09925,
2026-09-11,shadow,11,2352,0.09838,
2026-09-11,shadow,12,6743,0.09828,
2026-09-11,shadow,13,8096,0.09783,
2026-09-11,shadow,14,2444,0.09779,
2026-09-11,shadow,15,2102,0.09684,
2026-09-11,shadow,16,3048,0.09627,
2026-09-11,shadow,17,3380,0.09589,
2026-09-11,shadow,18,2903,0.09496,
2026-09-11,shadow,19,5230,0.09397,
2026-09-11,shadow,20,3580,0.09269,
2026-09-11,shadow,21,2465,0.0923,
2026-09-11,shadow,22,3704,0.09218,
2026-09-11,shadow,23,2419,0.09164,
2026-09-11,shadow,24,1101,0.09106,
2026-09-11,shadow,25,2440,0.09017,
2026-09-11,shadow,26,1312,0.08911,
2026-09-11,shadow,27,2906,0.08596,
2026-09-11,shadow,28,6179,0.08405,
2026-09-11,shadow,29,1108,0.08367,
2026-09-11,shadow,30,8071,0.08345,
2026-09-11,champion,1,2313,0.10194,
2026-09-11,champion,2,1301,0.08545,
2026-09-11,champion,3,2301,0.08434,
2026-09-11,champion,4,3653,0.08058,
2026-09-11,champion,5,3265,0.07906,
2026-09-11,champion,6,4961,0.07707,
2026-09-11,champion,7,4764,0.07434,
2026-09-11,champion,8,2458,0.07112,
2026-09-11,champion,9,2441,0.07066,
2026-09-11,champion,10,3189,0.06752,
2026-09-11,champion,11,3141,0.06713,
2026-09-11,champion,12,6108,0.06474,
2026-09-11,champion,13,3324,0.06217,
2026-09-11,champion,14,1402,0.06131,
2026-09-11,champion,15,3535,0.06101,
2026-09-11,champion,16,2258,0.06068,
2026-09-11,champion,17,9940,0.05957,
2026-09-11,champion,18,3661,0.05722,
2026-09-11,champion,19,1504,0.05402,
2026-09-11,champion,20,3617,0.05246,
2026-09-11,champion,21,6187,0.05236,
2026-09-11,champion,22,6179,0.0523,
2026-09-11,champion,23,3443,0.05072,
2026-09-11,champion,24,2388,0.05018,
2026-09-11,champion,25,3049,0.0496,
2026-09-11,champion,26,5534,0.04895,
2026-09-11,champion,27,8040,0.04837,
2026-09-11,champion,28,2340,0.04652,
2026-09-11,champion,29,1103,0.04632,
2026-09-11,champion,30,3450,0.04588,
2026-09-14,shadow,1,2455,0.18152,
2026-09-14,shadow,2,3324,0.14752,
2026-09-14,shadow,3,8112,0.1333,
2026-09-14,shadow,4,6743,0.12886,
2026-09-14,shadow,5,2444,0.1216,
2026-09-14,shadow,6,4741,0.11724,
2026-09-14,shadow,7,6152,0.11402,
2026-09-14,shadow,8,5450,0.11242,
2026-09-14,shadow,9,3048,0.10995,
2026-09-14,shadow,10,6224,0.10606,
2026-09-14,shadow,11,6869,0.10592,
2026-09-14,shadow,12,2419,0.10559,
2026-09-14,shadow,13,1563,0.10502,
2026-09-14,shadow,14,4127,0.10482,
2026-09-14,shadow,15,2352,0.10233,
2026-09-14,shadow,16,2324,0.10172,
2026-09-14,shadow,17,2231,0.10094,
2026-09-14,shadow,18,3580,0.10051,
2026-09-14,shadow,19,8050,0.09972,
2026-09-14,shadow,20,6949,0.09468,
2026-09-14,shadow,21,1532,0.09416,
2026-09-14,shadow,22,3704,0.09405,
2026-09-14,shadow,23,3380,0.09356,
2026-09-14,shadow,24,1216,0.09204,
2026-09-14,shadow,25,8096,0.09143,
2026-09-14,shadow,26,1219,0.08884,
2026-09-14,shadow,27,1536,0.0882,
2026-09-14,shadow,28,2106,0.08805,
2026-09-14,shadow,29,8476,0.08733,
2026-09-14,shadow,30,3311,0.08694,
2026-09-14,champion,1,4123,0.16939,
2026-09-14,champion,2,7751,0.13669,
2026-09-14,champion,3,4979,0.10187,
2026-09-14,champion,4,3265,0.08628,
2026-09-14,champion,5,7777,0.08554,
2026-09-14,champion,6,3189,0.07569,
2026-09-14,champion,7,6179,0.07465,
2026-09-14,champion,8,3324,0.07414,
2026-09-14,champion,9,6535,0.07381,
2026-09-14,champion,10,2206,0.07192,
2026-09-14,champion,11,6108,0.06795,
2026-09-14,champion,12,4931,0.06644,
2026-09-14,champion,13,3535,0.0657,
2026-09-14,champion,14,3498,0.06404,
2026-09-14,champion,15,3081,0.06374,
2026-09-14,champion,16,3141,0.06309,
2026-09-14,champion,17,5483,0.06237,
2026-09-14,champion,18,6907,0.06164,
2026-09-14,champion,19,3228,0.05974,
2026-09-14,champion,20,3049,0.05901,
2026-09-14,champion,21,2340,0.05863,
2026-09-14,champion,22,3066,0.05844,
2026-09-14,champion,23,6233,0.05757,
2026-09-14,champion,24,4923,0.05607,
2026-09-14,champion,25,3450,0.0542,
2026-09-14,champion,26,3661,0.05326,
2026-09-14,champion,27,6584,0.05186,
2026-09-14,champion,28,5471,0.05087,
2026-09-14,champion,29,3581,0.05087,
2026-09-14,champion,30,4127,0.05045,
2026-09-15,shadow,1,3045,0.15412,
2026-09-15,shadow,2,4127,0.13074,
2026-09-15,shadow,3,6533,0.12512,
2026-09-15,shadow,4,6224,0.12225,
2026-09-15,shadow,5,6743,0.12167,
2026-09-15,shadow,6,4952,0.11954,
2026-09-15,shadow,7,4741,0.11706,
2026-09-15,shadow,8,6202,0.11564,
2026-09-15,shadow,9,3094,0.11544,
2026-09-15,shadow,10,6152,0.11295,
2026-09-15,shadow,11,2338,0.11161,
2026-09-15,shadow,12,2444,0.11037,
2026-09-15,shadow,13,8112,0.10836,
2026-09-15,shadow,14,6949,0.10506,
2026-09-15,shadow,15,3545,0.1047,
2026-09-15,shadow,16,6716,0.10261,
2026-09-15,shadow,17,3498,0.10245,
2026-09-15,shadow,18,4919,0.10212,
2026-09-15,shadow,19,8415,0.10207,
2026-09-15,shadow,20,6669,0.10161,
2026-09-15,shadow,21,4976,0.09996,
2026-09-15,shadow,22,2436,0.09928,
2026-09-15,shadow,23,5471,0.09914,
2026-09-15,shadow,24,8105,0.09881,
2026-09-15,shadow,25,6525,0.09798,
2026-09-15,shadow,26,1219,0.09791,
2026-09-15,shadow,27,2482,0.0978,
2026-09-15,shadow,28,2464,0.09586,
2026-09-15,shadow,29,2903,0.09427,
2026-09-15,shadow,30,2481,0.09335,
2026-09-15,champion,1,4979,0.10245,
2026-09-15,champion,2,3066,0.09226,
2026-09-15,champion,3,2206,0.09054,
2026-09-15,champion,4,7777,0.08968,
2026-09-15,champion,5,3265,0.08819,
2026-09-15,champion,6,3189,0.08292,
2026-09-15,champion,7,4127,0.0785,
2026-09-15,champion,8,6535,0.07464,
2026-09-15,champion,9,4931,0.07127,
2026-09-15,champion,10,3661,0.0708,
2026-09-15,champion,11,3535,0.07068,
2026-09-15,champion,12,7751,0.06711,
2026-09-15,champion,13,3443,0.06643,
2026-09-15,champion,14,6584,0.06221,
2026-09-15,champion,15,3141,0.0622,
2026-09-15,champion,16,3049,0.06129,
2026-09-15,champion,17,6129,0.06129,
2026-09-15,champion,18,6907,0.06089,
2026-09-15,champion,19,4923,0.06045,
2026-09-15,champion,20,3287,0.06024,
2026-09-15,champion,21,3581,0.06002,
2026-09-15,champion,22,2340,0.05778,
2026-09-15,champion,23,7711,0.05681,
2026-09-15,champion,24,3228,0.05637,
2026-09-15,champion,25,6179,0.05634,
2026-09-15,champion,26,5471,0.0549,
2026-09-15,champion,27,6187,0.05374,
2026-09-15,champion,28,1312,0.05311,
2026-09-15,champion,29,6233,0.05225,
2026-09-15,champion,30,6933,0.05116,
2026-09-16,shadow,1,1219,0.12727,
2026-09-16,shadow,2,2352,0.12039,
2026-09-16,shadow,3,3576,0.10263,
2026-09-16,shadow,4,6272,0.10105,
2026-09-16,shadow,5,2834,0.09907,
2026-09-16,shadow,6,8105,0.099,
2026-09-16,shadow,7,3380,0.09808,
2026-09-16,shadow,8,4976,0.09794,
2026-09-16,shadow,9,6743,0.09771,
2026-09-16,shadow,10,4127,0.09702,
2026-09-16,shadow,11,8112,0.09552,
2026-09-16,shadow,12,2461,0.09482,
2026-09-16,shadow,13,1304,0.09048,
2026-09-16,shadow,14,6224,0.08942,
2026-09-16,shadow,15,2534,0.08832,
2026-09-16,shadow,16,1532,0.08827,
2026-09-16,shadow,17,2465,0.08736,
2026-09-16,shadow,18,1504,0.087,
2026-09-16,shadow,19,2444,0.08583,
2026-09-16,shadow,20,1216,0.08415,
2026-09-16,shadow,21,2231,0.08345,
2026-09-16,shadow,22,2903,0.0827,
2026-09-16,shadow,23,1101,0.08268,
2026-09-16,shadow,24,1563,0.08146,
2026-09-16,shadow,25,2489,0.08021,
2026-09-16,shadow,26,6840,0.07959,
2026-09-16,shadow,27,8111,0.07716,
2026-09-16,shadow,28,5608,0.07686,
2026-09-16,shadow,29,8163,0.07673,
2026-09-16,shadow,30,2413,0.07621,
2026-09-16,champion,1,4979,0.10126,
2026-09-16,champion,2,3265,0.08657,
2026-09-16,champion,3,3189,0.0782,
2026-09-16,champion,4,3141,0.07706,
2026-09-16,champion,5,4931,0.07476,
2026-09-16,champion,6,7711,0.07116,
2026-09-16,champion,7,7751,0.06882,
2026-09-16,champion,8,6535,0.06655,
2026-09-16,champion,9,3532,0.06549,
2026-09-16,champion,10,4923,0.06388,
2026-09-16,champion,11,3535,0.06182,
2026-09-16,champion,12,3661,0.06011,
2026-09-16,champion,13,2340,0.05992,
2026-09-16,champion,14,6588,0.0593,
2026-09-16,champion,15,6510,0.05882,
2026-09-16,champion,16,5314,0.0575,
2026-09-16,champion,17,6907,0.05441,
2026-09-16,champion,18,6129,0.05288,
2026-09-16,champion,19,3450,0.05256,
2026-09-16,champion,20,6187,0.05251,
2026-09-16,champion,21,6179,0.05107,
2026-09-16,champion,22,6233,0.05103,
2026-09-16,champion,23,3581,0.05045,
2026-09-16,champion,24,8046,0.05027,
2026-09-16,champion,25,1312,0.04911,
2026-09-16,champion,26,1313,0.04887,
2026-09-16,champion,27,2426,0.04786,
2026-09-16,champion,28,3167,0.04741,
2026-09-16,champion,29,3443,0.04687,
2026-09-16,champion,30,6108,0.04463,
2026-09-17,shadow,1,3489,0.13692,
2026-09-17,shadow,2,3518,0.11803,
2026-09-17,shadow,3,1219,0.11551,
2026-09-17,shadow,4,2352,0.10982,
2026-09-17,shadow,5,3576,0.10901,
2026-09-17,shadow,6,2231,0.10833,
2026-09-17,shadow,7,6949,0.10829,
2026-09-17,shadow,8,2705,0.10666,
2026-09-17,shadow,9,3380,0.10203,
2026-09-17,shadow,10,2903,0.10149,
2026-09-17,shadow,11,4976,0.0991,
2026-09-17,shadow,12,6152,0.09814,
2026-09-17,shadow,13,8105,0.09593,
2026-09-17,shadow,14,4127,0.09179,
2026-09-17,shadow,15,1504,0.09021,
2026-09-17,shadow,16,1532,0.08961,
2026-09-17,shadow,17,1304,0.08927,
2026-09-17,shadow,18,2476,0.08839,
2026-09-17,shadow,19,9955,0.08817,
2026-09-17,shadow,20,2465,0.08803,
2026-09-17,shadow,21,1218,0.0877,
2026-09-17,shadow,22,6180,0.0855,
2026-09-17,shadow,23,4952,0.08432,
2026-09-17,shadow,24,6743,0.08407,
2026-09-17,shadow,25,4919,0.08291,
2026-09-17,shadow,26,8112,0.081,
2026-09-17,shadow,27,6282,0.08046,
2026-09-17,shadow,28,5324,0.07985,
2026-09-17,shadow,29,8163,0.07933,
2026-09-17,shadow,30,2102,0.07725,
2026-09-17,champion,1,4979,0.07956,
2026-09-17,champion,2,3189,0.07223,
2026-09-17,champion,3,7751,0.07132,
2026-09-17,champion,4,6548,0.07082,
2026-09-17,champion,5,3374,0.06123,
2026-09-17,champion,6,6535,0.05927,
2026-09-17,champion,7,3661,0.05858,
2026-09-17,champion,8,3141,0.05826,
2026-09-17,champion,9,3167,0.05545,
2026-09-17,champion,10,6108,0.054,
2026-09-17,champion,11,6510,0.05173,
2026-09-17,champion,12,3017,0.04849,
2026-09-17,champion,13,6179,0.0483,
2026-09-17,champion,14,3532,0.04343,
2026-09-17,champion,15,3498,0.04277,
2026-09-17,champion,16,1313,0.03969,
2026-09-17,champion,17,6187,0.03838,
2026-09-17,champion,18,3443,0.03834,
2026-09-17,champion,19,4923,0.03741,
2026-09-17,champion,20,3535,0.03735,
2026-09-17,champion,21,6683,0.03519,
2026-09-17,champion,22,6531,0.03469,
2026-09-17,champion,23,7777,0.03388,
2026-09-17,champion,24,6907,0.03304,
2026-09-17,champion,25,1326,0.03297,
2026-09-17,champion,26,6274,0.03219,
2026-09-17,champion,27,6515,0.03042,
2026-09-17,champion,28,2454,0.03029,
2026-09-17,champion,29,6789,0.02961,
2026-09-17,champion,30,2049,0.02742,
2026-09-18,shadow,1,3489,0.12331,
2026-09-18,shadow,2,3380,0.10359,
2026-09-18,shadow,3,2812,0.10321,
2026-09-18,shadow,4,2231,0.10308,
2026-09-18,shadow,5,3339,0.09331,
2026-09-18,shadow,6,2903,0.09211,
2026-09-18,shadow,7,2444,0.09098,
2026-09-18,shadow,8,2705,0.0899,
2026-09-18,shadow,9,3518,0.08914,
2026-09-18,shadow,10,6949,0.08582,
2026-09-18,shadow,11,1709,0.08577,
2026-09-18,shadow,12,8111,0.08499,
2026-09-18,shadow,13,3704,0.08425,
2026-09-18,shadow,14,1304,0.08376,
2026-09-18,shadow,15,6152,0.08339,
2026-09-18,shadow,16,3576,0.08322,
2026-09-18,shadow,17,4976,0.08252,
2026-09-18,shadow,18,3714,0.08204,
2026-09-18,shadow,19,2409,0.082,
2026-09-18,shadow,20,3362,0.08157,
2026-09-18,shadow,21,2421,0.08151,
2026-09-18,shadow,22,6743,0.08145,
2026-09-18,shadow,23,6134,0.08106,
2026-09-18,shadow,24,2340,0.0805,
2026-09-18,shadow,25,2801,0.07979,
2026-09-18,shadow,26,8163,0.07979,
2026-09-18,shadow,27,3321,0.07962,
2026-09-18,shadow,28,3607,0.07923,
2026-09-18,shadow,29,8104,0.07897,
2026-09-18,shadow,30,3024,0.07882,
2026-09-18,champion,1,6548,0.06269,
2026-09-18,champion,2,3211,0.05811,
2026-09-18,champion,3,3189,0.05333,
2026-09-18,champion,4,4931,0.05025,
2026-09-18,champion,5,6535,0.0491,
2026-09-18,champion,6,6108,0.04791,
2026-09-18,champion,7,3167,0.04609,
2026-09-18,champion,8,3374,0.03801,
2026-09-18,champion,9,6199,0.03734,
2026-09-18,champion,10,1313,0.03348,
2026-09-18,champion,11,7751,0.03324,
2026-09-18,champion,12,3535,0.03256,
2026-09-18,champion,13,2454,0.03194,
2026-09-18,champion,14,2254,0.0257,
2026-09-18,champion,15,3532,0.02508,
2026-09-18,champion,16,1312,0.02406,
2026-09-18,champion,17,2049,0.0232,
2026-09-18,champion,18,5347,0.02296,
2026-09-18,champion,19,2426,0.02174,
2026-09-18,champion,20,3653,0.02142,
2026-09-18,champion,21,6588,0.02089,
2026-09-18,champion,22,6274,0.02063,
2026-09-18,champion,23,3498,0.01988,
2026-09-18,champion,24,7777,0.01872,
2026-09-18,champion,25,4503,0.01817,
2026-09-18,champion,26,6179,0.01807,
2026-09-18,champion,27,1709,0.01793,
2026-09-18,champion,28,3017,0.01761,
2026-09-18,champion,29,3287,0.01593,
2026-09-18,champion,30,6277,0.01471,
2026-09-21,shadow,1,2845,0.24836,
2026-09-21,shadow,2,1723,0.23387,
2026-09-21,shadow,3,2906,0.23186,
2026-09-21,shadow,4,2025,0.1991,
2026-09-21,shadow,5,2834,0.19371,
2026-09-21,shadow,6,1201,0.16235,
2026-09-21,shadow,7,1586,0.15602,
2026-09-21,shadow,8,1907,0.15313,
2026-09-21,shadow,9,2258,0.14776,
2026-09-21,shadow,10,5880,0.13813,
2026-09-21,shadow,11,1110,0.12785,
2026-09-21,shadow,12,2892,0.12611,
2026-09-21,shadow,13,2886,0.12058,
2026-09-21,shadow,14,2884,0.11761,
2026-09-21,shadow,15,3489,0.11671,
2026-09-21,shadow,16,2505,0.11458,
2026-09-21,shadow,17,1108,0.11362,
2026-09-21,shadow,18,6179,0.10697,
2026-09-21,shadow,19,5324,0.1063,
2026-09-21,shadow,20,2820,0.10586,
2026-09-21,shadow,21,2102,0.1045,
2026-09-21,shadow,22,3356,0.10413,
2026-09-21,shadow,23,2890,0.10269,
2026-09-21,shadow,24,2913,0.1024,
2026-09-21,shadow,25,2534,0.09878,
2026-09-21,shadow,26,3045,0.09585,
2026-09-21,shadow,27,3714,0.09443,
2026-09-21,shadow,28,6949,0.09057,
2026-09-21,shadow,29,2340,0.08612,
2026-09-21,shadow,30,1219,0.08355,
2026-09-21,champion,1,6179,0.11731,
2026-09-21,champion,2,3017,0.11311,
2026-09-21,champion,3,6187,0.09986,
2026-09-21,champion,4,7750,0.09253,
2026-09-21,champion,5,2395,0.09212,
2026-09-21,champion,6,2486,0.08468,
2026-09-21,champion,7,2301,0.08442,
2026-09-21,champion,8,7711,0.06542,
2026-09-21,champion,9,3580,0.06187,
2026-09-21,champion,10,6108,0.06181,
2026-09-21,champion,11,2520,0.05952,
2026-09-21,champion,12,2371,0.05738,
2026-09-21,champion,13,2467,0.05726,
2026-09-21,champion,14,9933,0.05418,
2026-09-21,champion,15,3219,0.05399,
2026-09-21,champion,16,3189,0.05191,
2026-09-21,champion,17,6548,0.05135,
2026-09-21,champion,18,1727,0.05116,
2026-09-21,champion,19,8431,0.04962,
2026-09-21,champion,20,1569,0.04959,
2026-09-21,champion,21,2379,0.04794,
2026-09-21,champion,22,2421,0.04703,
2026-09-21,champion,23,2466,0.04694,
2026-09-21,champion,24,6933,0.04555,
2026-09-21,champion,25,6214,0.04542,
2026-09-21,champion,26,2383,0.04446,
2026-09-21,champion,27,3049,0.04426,
2026-09-21,champion,28,7780,0.04385,
2026-09-21,champion,29,3498,0.04176,
2026-09-21,champion,30,2454,0.04154,
2026-09-22,shadow,1,2906,0.15876,
2026-09-22,shadow,2,1201,0.13525,
2026-09-22,shadow,3,2834,0.13494,
2026-09-22,shadow,4,3518,0.10673,
2026-09-22,shadow,5,6949,0.10633,
2026-09-22,shadow,6,3580,0.1063,
2026-09-22,shadow,7,6179,0.0979,
2026-09-22,shadow,8,2492,0.09471,
2026-09-22,shadow,9,2705,0.09302,
2026-09-22,shadow,10,5230,0.09091,
2026-09-22,shadow,11,2231,0.09073,
2026-09-22,shadow,12,2415,0.09003,
2026-09-22,shadow,13,2413,0.08983,
2026-09-22,shadow,14,3714,0.08922,
2026-09-22,shadow,15,1219,0.08878,
2026-09-22,shadow,16,3356,0.08775,
2026-09-22,shadow,17,3021,0.08587,
2026-09-22,shadow,18,6743,0.08519,
2026-09-22,shadow,19,3481,0.08224,
2026-09-22,shadow,20,3607,0.08175,
2026-09-22,shadow,21,3591,0.08106,
2026-09-22,shadow,22,8163,0.08081,
2026-09-22,shadow,23,1304,0.07997,
2026-09-22,shadow,24,8150,0.07956,
2026-09-22,shadow,25,8104,0.07955,
2026-09-22,shadow,26,1737,0.07941,
2026-09-22,shadow,27,2903,0.07939,
2026-09-22,shadow,28,6134,0.07938,
2026-09-22,shadow,29,1712,0.07862,
2026-09-22,shadow,30,6969,0.07766,
2026-09-22,champion,1,6187,0.11947,
2026-09-22,champion,2,6179,0.0943,
2026-09-22,champion,3,1727,0.07788,
2026-09-22,champion,4,3189,0.07305,
2026-09-22,champion,5,6108,0.07036,
2026-09-22,champion,6,6548,0.06316,
2026-09-22,champion,7,3580,0.06124,
2026-09-22,champion,8,6199,0.05273,
2026-09-22,champion,9,1569,0.05242,
2026-09-22,champion,10,2454,0.05167,
2026-09-22,champion,11,3167,0.05154,
2026-09-22,champion,12,7711,0.05105,
2026-09-22,champion,13,6840,0.04991,
2026-09-22,champion,14,3017,0.04742,
2026-09-22,champion,15,2426,0.04434,
2026-09-22,champion,16,2383,0.04365,
2026-09-22,champion,17,6933,0.03967,
2026-09-22,champion,18,3653,0.03829,
2026-09-22,champion,19,3066,0.03807,
2026-09-22,champion,20,5285,0.038,
2026-09-22,champion,21,6426,0.03785,
2026-09-22,champion,22,8150,0.03745,
2026-09-22,champion,23,2466,0.0373,
2026-09-22,champion,24,2059,0.03659,
2026-09-22,champion,25,3693,0.03598,
2026-09-22,champion,26,7792,0.03558,
2026-09-22,champion,27,3049,0.03388,
2026-09-22,champion,28,6213,0.03333,
2026-09-22,champion,29,4931,0.03332,
2026-09-22,champion,30,2360,0.03258,
2026-09-23,shadow,1,1586,0.15229,
2026-09-23,shadow,2,1201,0.12212,
2026-09-23,shadow,3,3580,0.11387,
2026-09-23,shadow,4,5880,0.10632,
2026-09-23,shadow,5,3380,0.10482,
2026-09-23,shadow,6,3518,0.09623,
2026-09-23,shadow,7,2231,0.09495,
2026-09-23,shadow,8,6949,0.09196,
2026-09-23,shadow,9,4127,0.09178,
2026-09-23,shadow,10,2415,0.09069,
2026-09-23,shadow,11,6743,0.08978,
2026-09-23,shadow,12,2461,0.08958,
2026-09-23,shadow,13,6179,0.08903,
2026-09-23,shadow,14,1216,0.08874,
2026-09-23,shadow,15,1219,0.08823,
2026-09-23,shadow,16,6152,0.0877,
2026-09-23,shadow,17,3356,0.08725,
2026-09-23,shadow,18,6218,0.08633,
2026-09-23,shadow,19,2390,0.08504,
2026-09-23,shadow,20,6180,0.08349,
2026-09-23,shadow,21,3504,0.08199,
2026-09-23,shadow,22,3021,0.08137,
2026-09-23,shadow,23,2903,0.08039,
2026-09-23,shadow,24,8215,0.07954,
2026-09-23,shadow,25,3607,0.07949,
2026-09-23,shadow,26,2106,0.07876,
2026-09-23,shadow,27,3321,0.07723,
2026-09-23,shadow,28,6224,0.07722,
2026-09-23,shadow,29,3047,0.07608,
2026-09-23,shadow,30,1905,0.076,
2026-09-23,champion,1,6187,0.12836,
2026-09-23,champion,2,6108,0.07584,
2026-09-23,champion,3,3189,0.06849,
2026-09-23,champion,4,7711,0.06641,
2026-09-23,champion,5,3580,0.06083,
2026-09-23,champion,6,1569,0.05861,
2026-09-23,champion,7,6179,0.05316,
2026-09-23,champion,8,2454,0.05251,
2026-09-23,champion,9,6548,0.05082,
2026-09-23,champion,10,6933,0.04872,
2026-09-23,champion,11,6840,0.04822,
2026-09-23,champion,12,8150,0.04788,
2026-09-23,champion,13,3498,0.04736,
2026-09-23,champion,14,3167,0.0466,
2026-09-23,champion,15,3219,0.04607,
2026-09-23,champion,16,2383,0.04385,
2026-09-23,champion,17,7792,0.04212,
2026-09-23,champion,18,3693,0.04199,
2026-09-23,champion,19,2059,0.0413,
2026-09-23,champion,20,6199,0.03957,
2026-09-23,champion,21,2330,0.03804,
2026-09-23,champion,22,3017,0.03498,
2026-09-23,champion,23,2360,0.03227,
2026-09-23,champion,24,3653,0.03125,
2026-09-23,champion,25,6588,0.03068,
2026-09-23,champion,26,2069,0.03024,
2026-09-23,champion,27,6277,0.03014,
2026-09-23,champion,28,4931,0.02976,
2026-09-23,champion,29,3049,0.02964,
2026-09-23,champion,30,5285,0.0292,
2026-09-24,shadow,1,3520,0.1924,
2026-09-24,shadow,2,2849,0.1876,
2026-09-24,shadow,3,2801,0.15338,
2026-09-24,shadow,4,1201,0.12593,
2026-09-24,shadow,5,3580,0.12381,
2026-09-24,shadow,6,2834,0.1194,
2026-09-24,shadow,7,3380,0.11372,
2026-09-24,shadow,8,6949,0.11161,
2026-09-24,shadow,9,6224,0.10639,
2026-09-24,shadow,10,3518,0.09852,
2026-09-24,shadow,11,4976,0.09841,
2026-09-24,shadow,12,2405,0.09785,
2026-09-24,shadow,13,1712,0.09732,
2026-09-24,shadow,14,6743,0.09594,
2026-09-24,shadow,15,3356,0.09589,
2026-09-24,shadow,16,6218,0.09531,
2026-09-24,shadow,17,2903,0.0953,
2026-09-24,shadow,18,8215,0.09401,
2026-09-24,shadow,19,3537,0.09158,
2026-09-24,shadow,20,2106,0.09036,
2026-09-24,shadow,21,2231,0.09005,
2026-09-24,shadow,22,2419,0.08933,
2026-09-24,shadow,23,1737,0.08699,
2026-09-24,shadow,24,1905,0.08589,
2026-09-24,shadow,25,6152,0.08525,
2026-09-24,shadow,26,1313,0.08382,
2026-09-24,shadow,27,6509,0.0826,
2026-09-24,shadow,28,3576,0.08179,
2026-09-24,shadow,29,1532,0.08173,
2026-09-24,shadow,30,6840,0.08171,
2026-09-24,champion,1,6187,0.10508,
2026-09-24,champion,2,5347,0.085,
2026-09-24,champion,3,6108,0.0819,
2026-09-24,champion,4,2454,0.07185,
2026-09-24,champion,5,6548,0.07071,
2026-09-24,champion,6,7711,0.06828,
2026-09-24,champion,7,6199,0.06429,
2026-09-24,champion,8,1569,0.06364,
2026-09-24,champion,9,3189,0.06084,
2026-09-24,champion,10,3017,0.05869,
2026-09-24,champion,11,6179,0.0569,
2026-09-24,champion,12,3498,0.05478,
2026-09-24,champion,13,2059,0.05091,
2026-09-24,champion,14,6840,0.04942,
2026-09-24,champion,15,3693,0.04713,
2026-09-24,champion,16,2030,0.04575,
2026-09-24,champion,17,8150,0.04519,
2026-09-24,champion,18,3580,0.04432,
2026-09-24,champion,19,6588,0.04415,
2026-09-24,champion,20,6535,0.04365,
2026-09-24,champion,21,5230,0.04304,
2026-09-24,champion,22,3229,0.04277,
2026-09-24,champion,23,3518,0.04206,
2026-09-24,champion,24,1560,0.04121,
2026-09-24,champion,25,2383,0.04041,
2026-09-24,champion,26,7777,0.04003,
2026-09-24,champion,27,7792,0.03973,
2026-09-24,champion,28,4923,0.03929,
2026-09-24,champion,29,5285,0.0392,
2026-09-24,champion,30,4534,0.03841,
2026-09-29,shadow,1,6272,0.16561,
2026-09-29,shadow,2,2455,0.13979,
2026-09-29,shadow,3,6949,0.11339,
2026-09-29,shadow,4,2880,0.11279,
2026-09-29,shadow,5,6962,0.10945,
2026-09-29,shadow,6,2038,0.10825,
2026-09-29,shadow,7,3380,0.10793,
2026-09-29,shadow,8,4976,0.09384,
2026-09-29,shadow,9,3287,0.0933,
2026-09-29,shadow,10,6743,0.093,
2026-09-29,shadow,11,2340,0.09255,
2026-09-29,shadow,12,4127,0.09139,
2026-09-29,shadow,13,1219,0.089,
2026-09-29,shadow,14,2489,0.08835,
2026-09-29,shadow,15,1709,0.08797,
2026-09-29,shadow,16,2033,0.08606,
2026-09-29,shadow,17,2903,0.08464,
2026-09-29,shadow,18,6840,0.08459,
2026-09-29,shadow,19,3481,0.08449,
2026-09-29,shadow,20,2031,0.08384,
2026-09-29,shadow,21,1304,0.08168,
2026-09-29,shadow,22,3047,0.08132,
2026-09-29,shadow,23,2419,0.08095,
2026-09-29,shadow,24,3545,0.08087,
2026-09-29,shadow,25,1712,0.08084,
2026-09-29,shadow,26,6179,0.07981,
2026-09-29,shadow,27,3520,0.07975,
2026-09-29,shadow,28,8112,0.07953,
2026-09-29,shadow,29,1532,0.07891,
2026-09-29,shadow,30,6152,0.07841,
2026-09-29,champion,1,5347,0.11238,
2026-09-29,champion,2,6108,0.09831,
2026-09-29,champion,3,6548,0.0749,
2026-09-29,champion,4,3189,0.07233,
2026-09-29,champion,5,6640,0.06567,
2026-09-29,champion,6,3535,0.05808,
2026-09-29,champion,7,6179,0.05776,
2026-09-29,champion,8,3455,0.05239,
2026-09-29,champion,9,3287,0.05084,
2026-09-29,champion,10,3680,0.04957,
2026-09-29,champion,11,3066,0.04941,
2026-09-29,champion,12,6535,0.0489,
2026-09-29,champion,13,3105,0.04741,
2026-09-29,champion,14,6526,0.04688,
2026-09-29,champion,15,3498,0.04635,
2026-09-29,champion,16,6426,0.04582,
2026-09-29,champion,17,2409,0.04551,
2026-09-29,champion,18,8046,0.04411,
2026-09-29,champion,19,7777,0.04402,
2026-09-29,champion,20,6588,0.04369,
2026-09-29,champion,21,3443,0.04354,
2026-09-29,champion,22,3131,0.04339,
2026-09-29,champion,23,6278,0.04334,
2026-09-29,champion,24,3167,0.04276,
2026-09-29,champion,25,3017,0.04272,
2026-09-29,champion,26,6743,0.0419,
2026-09-29,champion,27,1569,0.04174,
2026-09-29,champion,28,4923,0.04102,
2026-09-29,champion,29,5230,0.04098,
2026-09-29,champion,30,5285,0.0406,
2026-09-30,shadow,1,2455,0.25717,
2026-09-30,shadow,2,6272,0.18747,
2026-09-30,shadow,3,2801,0.15029,
2026-09-30,shadow,4,1216,0.13729,
2026-09-30,shadow,5,4147,0.13518,
2026-09-30,shadow,6,4108,0.12654,
2026-09-30,shadow,7,2890,0.12568,
2026-09-30,shadow,8,3380,0.12037,
2026-09-30,shadow,9,6962,0.11471,
2026-09-30,shadow,10,8112,0.11242,
2026-09-30,shadow,11,4976,0.11025,
2026-09-30,shadow,12,6949,0.10888,
2026-09-30,shadow,13,3552,0.1068,
2026-09-30,shadow,14,2419,0.10223,
2026-09-30,shadow,15,2903,0.10212,
2026-09-30,shadow,16,3520,0.10079,
2026-09-30,shadow,17,1712,0.099,
2026-09-30,shadow,18,2340,0.09829,
2026-09-30,shadow,19,1586,0.09759,
2026-09-30,shadow,20,6743,0.09534,
2026-09-30,shadow,21,6609,0.09399,
2026-09-30,shadow,22,1313,0.09303,
2026-09-30,shadow,23,3518,0.09233,
2026-09-30,shadow,24,3287,0.09222,
2026-09-30,shadow,25,8011,0.09188,
2026-09-30,shadow,26,3508,0.09179,
2026-09-30,shadow,27,6438,0.09149,
2026-09-30,shadow,28,1336,0.09142,
2026-09-30,shadow,29,2461,0.09091,
2026-09-30,shadow,30,6218,0.09079,
2026-09-30,champion,1,6108,0.09117,
2026-09-30,champion,2,7777,0.08674,
2026-09-30,champion,3,6548,0.0842,
2026-09-30,champion,4,4577,0.07736,
2026-09-30,champion,5,6640,0.07629,
2026-09-30,champion,6,3680,0.07373,
2026-09-30,champion,7,6509,0.0703,
2026-09-30,champion,8,3580,0.06995,
2026-09-30,champion,9,6535,0.06797,
2026-09-30,champion,10,3131,0.06692,
2026-09-30,champion,11,6588,0.06487,
2026-09-30,champion,12,8109,0.06302,
2026-09-30,champion,13,6179,0.06199,
2026-09-30,champion,14,6426,0.06197,
2026-09-30,champion,15,6485,0.06002,
2026-09-30,champion,16,4923,0.06002,
2026-09-30,champion,17,3066,0.05871,
2026-09-30,champion,18,3535,0.0587,
2026-09-30,champion,19,6187,0.0565,
2026-09-30,champion,20,5285,0.05372,
2026-09-30,champion,21,3234,0.05299,
2026-09-30,champion,22,3229,0.05163,
2026-09-30,champion,23,3287,0.05085,
2026-09-30,champion,24,8046,0.05012,
2026-09-30,champion,25,3189,0.04989,
2026-09-30,champion,26,6603,0.04923,
2026-09-30,champion,27,3693,0.04886,
2026-09-30,champion,28,4927,0.04699,
2026-09-30,champion,29,1569,0.04675,
2026-09-30,champion,30,3498,0.04533,
2026-10-01,shadow,1,2455,0.31253,
2026-10-01,shadow,2,6272,0.24353,
2026-10-01,shadow,3,2461,0.1288,
2026-10-01,shadow,4,3577,0.12738,
2026-10-01,shadow,5,9917,0.12405,
2026-10-01,shadow,6,3092,0.11506,
2026-10-01,shadow,7,3380,0.11107,
2026-10-01,shadow,8,4904,0.1062,
2026-10-01,shadow,9,8112,0.10549,
2026-10-01,shadow,10,2415,0.10362,
2026-10-01,shadow,11,4976,0.1033,
2026-10-01,shadow,12,6477,0.10234,
2026-10-01,shadow,13,4108,0.10013,
2026-10-01,shadow,14,6573,0.09911,
2026-10-01,shadow,15,6609,0.09857,
2026-10-01,shadow,16,6909,0.09615,
2026-10-01,shadow,17,8011,0.09447,
2026-10-01,shadow,18,5258,0.0933,
2026-10-01,shadow,19,1301,0.0926,
2026-10-01,shadow,20,2903,0.09248,
2026-10-01,shadow,21,4127,0.09139,
2026-10-01,shadow,22,1563,0.09119,
2026-10-01,shadow,23,2886,0.09049,
2026-10-01,shadow,24,2023,0.09044,
2026-10-01,shadow,25,3580,0.09006,
2026-10-01,shadow,26,6180,0.08726,
2026-10-01,shadow,27,1586,0.08718,
2026-10-01,shadow,28,2481,0.08288,
2026-10-01,shadow,29,1712,0.08257,
2026-10-01,shadow,30,6208,0.07969,
2026-10-01,champion,1,6640,0.11547,
2026-10-01,champion,2,7777,0.11526,
2026-10-01,champion,3,6426,0.08219,
2026-10-01,champion,4,3580,0.0819,
2026-10-01,champion,5,6535,0.08039,
2026-10-01,champion,6,3680,0.07564,
2026-10-01,champion,7,6179,0.07,
2026-10-01,champion,8,6509,0.06881,
2026-10-01,champion,9,2466,0.0663,
2026-10-01,champion,10,3467,0.06552,
2026-10-01,champion,11,4577,0.06528,
2026-10-01,champion,12,4923,0.06243,
2026-10-01,champion,13,8109,0.06164,
2026-10-01,champion,14,3229,0.06062,
2026-10-01,champion,15,7711,0.05986,
2026-10-01,champion,16,4931,0.05777,
2026-10-01,champion,17,6141,0.05688,
2026-10-01,champion,18,3693,0.05674,
2026-10-01,champion,19,6743,0.05583,
2026-10-01,champion,20,6278,0.05467,
2026-10-01,champion,21,6485,0.05426,
2026-10-01,champion,22,3455,0.05309,
2026-10-01,champion,23,6603,0.05157,
2026-10-01,champion,24,6204,0.05142,
2026-10-01,champion,25,3535,0.05092,
2026-10-01,champion,26,2059,0.05061,
2026-10-01,champion,27,2426,0.05004,
2026-10-01,champion,28,3066,0.04972,
2026-10-01,champion,29,6456,0.04946,
2026-10-01,champion,30,6199,0.04938,
2026-10-02,shadow,1,2455,0.31535,
2026-10-02,shadow,2,8011,0.22798,
2026-10-02,shadow,3,3577,0.19589,
2026-10-02,shadow,4,4108,0.17683,
2026-10-02,shadow,5,1216,0.13526,
2026-10-02,shadow,6,8084,0.12589,
2026-10-02,shadow,7,8112,0.11209,
2026-10-02,shadow,8,3380,0.11038,
2026-10-02,shadow,9,4976,0.10967,
2026-10-02,shadow,10,2010,0.10924,
2026-10-02,shadow,11,6112,0.10897,
2026-10-02,shadow,12,5465,0.10723,
2026-10-02,shadow,13,3092,0.10649,
2026-10-02,shadow,14,3062,0.10331,
2026-10-02,shadow,15,3021,0.10195,
2026-10-02,shadow,16,1563,0.10053,
2026-10-02,shadow,17,7402,0.09803,
2026-10-02,shadow,18,1712,0.09618,
2026-10-02,shadow,19,1586,0.09246,
2026-10-02,shadow,20,6573,0.09212,
2026-10-02,shadow,21,6477,0.0916,
2026-10-02,shadow,22,1466,0.09136,
2026-10-02,shadow,23,6949,0.09127,
2026-10-02,shadow,24,1301,0.09096,
2026-10-02,shadow,25,3356,0.09081,
2026-10-02,shadow,26,3580,0.09016,
2026-10-02,shadow,27,8163,0.08959,
2026-10-02,shadow,28,2903,0.08946,
2026-10-02,shadow,29,6180,0.08904,
2026-10-02,shadow,30,2106,0.08899,
2026-10-02,champion,1,6426,0.11267,
2026-10-02,champion,2,6510,0.11051,
2026-10-02,champion,3,7777,0.09934,
2026-10-02,champion,4,5274,0.0971,
2026-10-02,champion,5,6640,0.08716,
2026-10-02,champion,6,3580,0.08025,
2026-10-02,champion,7,3693,0.07258,
2026-10-02,champion,8,6274,0.07044,
2026-10-02,champion,9,4931,0.06838,
2026-10-02,champion,10,6538,0.06621,
2026-10-02,champion,11,3229,0.06545,
2026-10-02,champion,12,6179,0.06427,
2026-10-02,champion,13,6204,0.06204,
2026-10-02,champion,14,6509,0.0598,
2026-10-02,champion,15,6278,0.05951,
2026-10-02,champion,16,6588,0.05929,
2026-10-02,champion,17,6535,0.05686,
2026-10-02,champion,18,3234,0.05475,
2026-10-02,champion,19,3467,0.05238,
2026-10-02,champion,20,3498,0.05218,
2026-10-02,champion,21,4577,0.05041,
2026-10-02,champion,22,1569,0.04782,
2026-10-02,champion,23,7792,0.04743,
2026-10-02,champion,24,4768,0.047,
2026-10-02,champion,25,4556,0.0466,
2026-10-02,champion,26,6451,0.04639,
2026-10-02,champion,27,3354,0.04601,
2026-10-02,champion,28,3535,0.04561,
2026-10-02,champion,29,3680,0.04455,
2026-10-02,champion,30,2360,0.0444,
