Date,ticker,Open,Close,Volume,AMOUNT_MA_20,trade_return_20d,trade_excess_return_20d,taiex_20d_return_pct,taiex_vs_ma60_pct,market_breadth_20d_pct,return_5d,return_10d,return_20d,return_60d,mom_20d,momentum_accel,price_vs_ma20,price_vs_ma60,rsi_14,atr_pct_rank,vol_ratio_5_20,vol_zscore,up_day_ratio_20,sector_relative_return_20d,sector_momentum_20d,sector_return_rank,inst_total_20d_norm,foreign_cumsum_20d_norm,trust_cumsum_20d_norm,inst_buy_ratio_20d,price_vs_inst_cost,revenue_yoy_3m_avg,revenue_yoy_momentum,gross_margin_latest,operating_margin_latest,roe_annualized,pe_ratio,pb_ratio,dividend_yield,whale_pct_chg,whale_acc_momentum,whale_retail_ratio,entry_score,vol_contraction_ratio,turnover_rate,month,liquid_momentum,chip_momentum,quality_value_momentum,trend_strength,low_price_momentum,small_liquid_value,selection_rank,net_trade_return_20d,net_trade_excess_return_20d,strategy
2024-01-31,3702,82.04193608133528,80.20243072509766,5663879,522291642.9119507,0.068571456,-0.03408727,0.47619048,0.52380955,0.103174604,-0.030033343,0.008092517,0.08322986,0.17520234,0.08322985987443876,-0.09197248,0.02036043771388559,0.08927385695073375,58.54488,0.5869191,0.7034906,-0.34623018,0.55,-0.036841676,0.020284053,0.35714287,0.9956971,0.99139416,0.98967296,0.3104195053424149,-0.016354807839364632,,,0.0379,0.0150999995,5.426924,27.25,1.94,4.42,-0.059999943,-0.01999998,0.70270276,4.5,1.199040674046414,,2024-01,0.7700750129704348,0.9686520167046926,0.572791612897077,0.8309995527686087,0.7295327489359431,0.6477956587824458,1,0.064571455,-0.03808727,chip_momentum_high_top5_liquid_open_ge_10_volume_ge_250k_amount_ge_20m_all
2024-01-31,6805,507.292998992645,546.6943969726562,2108006,747331611.701384,0.5996344,0.4969757,0.47619048,0.52380955,0.103174604,0.12804882,0.07142863,0.4359637,0.8500001,0.4359636795996058,-0.4140364,0.152408638501557,0.33021751030940466,74.641945,0.9371773,0.8385415,0.72445375,0.7,0.42831695,-0.017942602,0.98255813,0.96385545,0.86919105,0.9888124,0.13526647705838782,0.10562272397219226,,,0.2282,0.14729999,17.369808,63.94,12.89,0.72,-0.19999981,0.01999998,0.47019592,3.5,1.0656661556592755,,2024-01,0.745743406177347,0.9576566880293415,0.45861420803176406,0.9794873891227869,0.6938436655444221,0.38698478896237704,2,0.5956344,0.49297568,chip_momentum_high_top5_liquid_open_ge_10_volume_ge_250k_amount_ge_20m_all
2024-01-31,2504,26.370458567700663,26.54924201965332,3289752,60944396.23738079,0.21308729,0.110428564,0.47619048,0.52380955,0.103174604,0.02413802,0.081967235,0.06834542,0.16470589,0.06834542202772931,-0.09636047,0.04678833097203162,0.0744973496503366,78.34695,0.07401033,1.3303907,0.61647284,0.6,0.05603908,0.005555504,0.76086956,0.9948365,0.9948365,0.9509466,0.1551817323583003,0.02807364069401726,-0.0134,0.0642,0.2324,0.1884,9.847527,11.56,1.49,6.73,-0.14000034,-0.032999992,1.0244498,5.0,0.9032265337482938,,2024-01,0.7952998811385079,0.9550509161044325,0.7425682453987696,0.8549797968145008,0.8397904093301963,0.740634198033188,3,0.2090873,0.10642856,chip_momentum_high_top5_liquid_open_ge_10_volume_ge_250k_amount_ge_20m_all
2024-01-31,3711,126.06979650609634,127.00364685058594,8003129,1149030255.6951814,0.14074066,0.038081937,0.47619048,0.52380955,0.103174604,0.014925481,0.088000074,0.07509885,0.15744688,0.07509884843558479,-0.08234803,0.0445469022766284,0.05590067226938374,65.59264,0.3433735,0.6695356,-0.33041304,0.35,0.04665129,-0.010114837,0.4764706,0.97848535,0.98450947,0.9561102,0.195056466642975,0.01838689584987229,,,0.1566,0.0677,7.4886312,15.38,1.98,6.46,-0.0400002,-0.028000116,0.7164634,5.0,0.7920792486054663,,2024-01,0.8302881795040102,0.9531589629095933,0.683368411485057,0.7088323302672699,0.5514960358228781,0.6792286136858388,4,0.13674067,0.034081936,chip_momentum_high_top5_liquid_open_ge_10_volume_ge_250k_amount_ge_20m_all
2024-01-31,9958,221.3721004120291,215.94873046875,3971846,1501821215.2019722,0.04063204,-0.062026687,0.47619048,0.52380955,0.103174604,0.011547398,0.06829271,0.23380287,0.5642858,0.2338028684724771,-0.33048296,0.08161503565787433,0.20567053154412554,65.5616,0.92168677,0.7012553,-0.82203305,0.65,0.25474527,-0.030826606,0.125,0.9328744,0.9716007,0.93373495,0.11606741230638082,0.033403017173492075,,,0.1325,0.0962,5.6831193,114.66,6.52,0.22,-0.5,-0.06099993,0.62322015,3.5,0.9214659738269249,,2024-01,0.7608658347526116,0.9517987787250887,0.3722156510957027,0.9520847525055725,0.714060005248013,0.4196901698261371,5,0.03663204,-0.06602669,chip_momentum_high_top5_liquid_open_ge_10_volume_ge_250k_amount_ge_20m_all
2024-02-29,2637,53.27330466221851,54.51634979248047,15147714,288426899.2028521,-0.048465237,-0.11066778,0.9047619,0.93650794,0.6666667,0.08672577,0.20392166,0.17624526,0.3614193,0.17624525393070556,-0.18517403,0.1339921521829384,0.17008109328548818,72.44551,0.68932873,1.8888756,1.9669425,0.6,0.13281798,0.029459935,1.0,0.9750645,0.9871023,0.9750645,0.20044567707050587,0.06600070414379318,0.096,0.3931,0.1731,0.16229999,3.8805268,14.02,1.02,10.59,-0.30999994,-0.05499992,1.0895061,3.5,1.6914283649006159,,2024-02,0.7555177260368842,0.955088256230918,0.7392594835581198,0.8739225577454899,0.7712186419181208,0.8076537133001278,1,-0.052465238,-0.11466778,chip_momentum_high_top5_liquid_open_ge_10_volume_ge_250k_amount_ge_20m_all
2024-02-29,2504,28.873414710093293,29.499155044555664,7085955,135223684.89779425,0.12035659,0.05815405,0.9047619,0.93650794,0.6666667,0.018518453,0.12627982,0.15586692,0.2290503,0.15586691627407356,-0.07318337,0.08178985610191304,0.1485917920022505,79.71659,0.22203098,1.0791373,0.7306705,0.7,0.07336953,0.03879141,0.8695652,0.9982803,1.0,0.94754946,0.29526801115657947,0.03896989188623165,0.16043334,0.5215,0.2324,0.1884,9.847527,12.84,1.65,6.06,-0.21000004,-0.047000125,1.0088161,4.5,1.059828310779376,,2024-02,0.7886813595235738,0.9519886695782022,0.7627809591380034,0.8486404687771953,0.8379799445910407,0.7522271239254664,2,0.11635659,0.05415405,chip_momentum_high_top5_liquid_open_ge_10_volume_ge_250k_amount_ge_20m_all
2024-02-29,2539,50.92132174503266,50.835594177246094,1861745,60067647.03815708,0.21247894,0.1502764,0.9047619,0.93650794,0.6666667,-0.005033574,0.2065107,0.24842098,0.18956873,0.24842097709481137,0.058852255,0.1109029746366426,0.18156913323506987,70.78749,0.64457834,1.6522198,0.5647892,0.75,0.1659236,0.03879141,0.1521739,0.9587274,0.988822,0.8744626,0.1409435899946499,0.05043499730683441,6666.5894,-10000.232,0.4078,0.29639998,9.509792,50.25,4.65,3.02,-0.1400001,-0.05000005,0.75268817,3.0,1.5681827484090343,,2024-02,0.6377348045766723,0.9358309789952093,0.5768938564438567,0.8776880828660982,0.7427746546929642,0.4571010894709504,3,0.20847894,0.1462764,chip_momentum_high_top5_liquid_open_ge_10_volume_ge_250k_amount_ge_20m_all
2024-02-29,2347,69.71795110538659,70.81014251708984,6806461,216959803.16699678,0.020833233,-0.041369308,0.9047619,0.93650794,0.6666667,0.025032898,0.08811193,0.083565354,0.14243752,0.08356535066684168,-0.058872163,0.052560341158659436,0.10024273632689461,78.11668,0.15576592,1.3551763,2.626555,0.6,-0.08782835,0.0925789,0.75,0.9862425,0.9974205,0.99398106,0.2939709724286201,0.0323973870250748,0.2022,0.5784,0.044699997,0.021300001,7.536696,17.1,1.84,4.5,-0.029999971,0.0069999937,0.8355438,5.0,0.9523800162616531,,2024-02,0.7648301298408544,0.9284031593762349,0.6705815382664037,0.7388161858447495,0.6808960445639579,0.6571957663425935,4,0.016833233,-0.04536931,chip_momentum_high_top5_liquid_open_ge_10_volume_ge_250k_amount_ge_20m_all
2024-02-29,4915,65.6007240886568,66.421875,4263438,204670929.79059544,0.17695485,0.11475231,0.9047619,0.93650794,0.6666667,0.056603912,0.09309321,0.12345685,0.12693517,0.12345685225539893,-0.0034783185,0.06768362501144132,0.09567062683118634,78.0068,0.26075733,1.807913,0.42357954,0.5,0.009825759,0.057003096,0.56395346,0.966466,0.95528805,0.99312127,0.13786913179172539,0.02949378777070636,,,0.1575,0.0475,11.15318,13.56,1.98,5.49,-0.37000036,-0.11400017,0.6638037,5.0,1.5934962160399573,,2024-02,0.7405490652917374,0.9260043243851219,0.7134436657325179,0.7091867655831375,0.6292705522988651,0.6542010646545758,5,0.17295486,0.11075231,chip_momentum_high_top5_liquid_open_ge_10_volume_ge_250k_amount_ge_20m_all
2024-03-29,9904,33.413238525390625,33.413238525390625,15464000,513033584.9784254,0.0041667335,-0.0008666818,0.81349206,0.9444444,0.17857143,0.031339165,0.09531019,0.1830065,0.16962835,0.18300648783789542,0.013378143,0.0908542967823091,0.1460834086868914,80.27873,0.25601375,1.0366879,-0.12180282,0.55,0.16824286,0.02414334,0.75,0.99399656,0.9759863,0.983705,0.21961293994902187,0.032615870240295386,,,0.239,0.028800001,6.752839,10.04,0.84,3.6,-0.17000008,-0.07400003,1.0829874,4.5,1.175675599047932,,2024-03,0.8469192262842752,0.9766378724213862,0.7662600749571306,0.8665683105698619,0.8520151792917412,0.8147702757710418,1,0.00016673328,-0.004866682,chip_momentum_high_top5_liquid_open_ge_10_volume_ge_250k_amount_ge_20m_all
2024-03-29,2317,147.71045888768563,142.535888671875,123239000,22208360476.744213,0.033112627,0.028079212,0.81349206,0.9444444,0.17857143,0.04123714,0.1477273,0.48529407,0.46376818,0.48529406971200295,0.02152589,0.17669903173118898,0.36468045252606124,79.714714,0.69243985,0.88343656,-0.56999624,0.65,0.42275697,0.017534837,0.07692308,0.95368785,0.9313894,0.95197254,0.09713161980022775,0.067022768435761,-0.2005,-0.3028,0.0637,0.0273,5.722552,14.63,1.39,3.6,-0.11000013,0.029999971,1.5745968,3.5,1.1950211819863912,,2024-03,0.8456667280672804,0.9552289061382331,0.6386030872654639,0.9744543045335506,0.7809786712662733,0.7103701697624548,2,0.029112626,0.024079211,chip_momentum_high_top5_liquid_open_ge_10_volume_ge_250k_amount_ge_20m_all
2024-03-29,5534,84.15873154823949,84.3499984741211,640000,82820905.8935093,0.44632763,0.44129422,0.81349206,0.9444444,0.17857143,0.036427744,0.058823533,0.120711595,0.13513522,0.12071159599930747,-0.014423624,0.059905055486574314,0.11544378423988229,83.59372,0.06271478,1.0176692,-0.65235716,0.55,0.008963093,0.1121643,0.65217394,0.9691252,0.9785592,0.94682676,0.1453941952734779,0.026656260683884703,,,0.2987,0.21149999,2.5576465,13.99,1.29,6.22,-0.15999985,-0.02700004,1.2377522,5.0,1.0389610951168728,,2024-03,0.7143387782256708,0.949334173022098,0.7175070368195069,0.8234174277065425,0.6369250061575538,0.6182948195288256,3,0.44232762,0.43729421,chip_momentum_high_top5_liquid_open_ge_10_volume_ge_250k_amount_ge_20m_all
2024-03-29,8150,47.535758978198025,46.067474365234375,8168000,344367853.467165,-0.08383229,-0.088865705,0.81349206,0.9444444,0.17857143,-0.013752473,0.053515293,0.14220707,0.18396226,0.14220706423008433,-0.041755185,0.03478492258436828,0.12174602434938439,62.542927,0.69501716,1.2101178,0.1521594,0.6,0.18647066,-0.047523927,0.10526316,0.97255576,0.8730703,0.97770154,0.1898587642148979,-0.0019165891340583352,,,0.1535,0.0764,5.7669845,19.23,1.46,3.6,-0.05000019,0.10199991,1.1012658,4.0,1.3583896097554014,,2024-03,0.7367929732034616,0.943688839267937,0.6551596863533753,0.842882036014027,0.8153314607487291,0.7157326728512612,4,-0.08783229,-0.092865705,chip_momentum_high_top5_liquid_open_ge_10_volume_ge_250k_amount_ge_20m_all
2024-03-29,2105,45.9090690612793,45.9090690612793,4485000,271360900.73400193,-0.060756993,-0.06579041,0.81349206,0.9444444,0.17857143,0.03950105,0.03734437,0.07181129,0.117318474,0.07181129161379873,-0.045507185,0.046462951316873245,0.09017570017950943,66.303444,0.27233678,1.0528167,-0.45549485,0.65,0.06273064,0.011602357,1.0,0.9811321,0.9854202,0.9528302,0.193963555710977,0.016026802809018446,0.06436667,-0.254,0.2369,0.1035,6.57943,22.52,1.9,4.0,-0.07999992,-0.02500005,1.3507246,5.0,0.9665071394035663,,2024-03,0.7578751378237889,0.9400274914494806,0.6015331836839857,0.8045377373652057,0.7814880521334634,0.6778306764811133,5,-0.06475699,-0.06979041,chip_momentum_high_top5_liquid_open_ge_10_volume_ge_250k_amount_ge_20m_all
2024-04-30,6670,250.7206121172224,251.16912841796875,647014,134123719.83627549,0.041071463,-0.020992823,0.51984125,0.74206346,0.75793654,0.10236219,0.16424122,0.18895967,0.25842687,0.18895967563281357,-0.0694672,0.11365218565392757,0.19229266872112105,79.96325,0.3567753,1.3572105,0.23180762,0.85,0.12999192,0.0132363,0.75,0.9614396,0.9562982,0.98286206,0.24174724248996146,0.10992279894938466,,,0.2317,0.1247,20.456081,15.44,3.33,4.46,-0.26999998,-0.069000006,0.48151848,4.0,1.3552626932392744,,2024-04,0.6949878469019007,0.9633103602352282,0.7005130692539142,0.9165099506086094,0.6171635352408501,0.44643924208267727,1,0.037071463,-0.024992824,chip_momentum_high_top5_liquid_open_ge_10_volume_ge_250k_amount_ge_20m_all
2024-04-30,2393,56.249076946012536,56.33835983276367,3020231,217879972.5161585,0.13607597,0.07401169,0.51984125,0.74206346,0.75793654,0.0640809,0.055183955,0.17723878,0.2864423,0.17723877637580476,-0.10920353,0.05810342696033188,0.1698905686810572,67.78044,0.44339624,0.8356805,-0.56966746,0.7,0.14061597,-0.0007507393,0.75555557,0.97857755,0.98371893,0.9468723,0.18115083067689688,0.025380098124449576,0.10756667,0.0595,0.2908,0.1005,7.9760466,19.01,1.51,5.07,-0.31000042,-0.009000033,1.2797102,4.0,0.9292926061642576,,2024-04,0.7508702893455563,0.9615936245610787,0.7161504175055037,0.8897636121550647,0.7666852597371101,0.6953868681677188,2,0.13207598,0.07001169,chip_momentum_high_top5_liquid_open_ge_10_volume_ge_250k_amount_ge_20m_all
2024-04-30,6768,78.55068460159036,78.73167419433594,347000,38411024.61467247,0.110344715,0.04828043,0.51984125,0.74206346,0.75793654,0.06487156,0.15691505,0.17726651,0.34883723,0.1772665150142716,-0.17157072,0.0915250140113352,0.1727438430276704,77.84671,0.27787307,1.9800739,-0.3803339,0.65,0.118298754,0.0132363,0.8333333,0.9974293,1.0,0.890317,0.17807029463700735,0.0433218137149803,,,0.1666,0.033800002,3.9725032,31.29,1.26,4.37,-0.46000004,-0.24600011,0.7586206,4.0,1.3711580061475048,,2024-04,0.6434970686476784,0.957309134415406,0.6208814604675449,0.9063324604470319,0.6257195628497224,0.530990645759052,3,0.106344715,0.04428043,chip_momentum_high_top5_liquid_open_ge_10_volume_ge_250k_amount_ge_20m_all
2024-04-30,9914,219.0295330615754,221.3846893310547,2447402,349861387.3489746,-0.0021321627,-0.064196445,0.51984125,0.74206346,0.75793654,-0.0042372877,0.023965174,0.1190476,0.40718555,0.11904760068343001,-0.28813797,0.04432838841837346,0.13035111150789708,61.98825,0.7332761,0.9782789,0.60236657,0.45,0.060079847,0.0132363,0.16666667,0.98371893,0.933162,0.9862896,0.14975032909187358,0.0006793480922435469,,,0.20629999,0.1242,8.341242,41.52,3.42,2.55,0.13999987,0.025999976,0.40366971,3.0,1.135278694405831,,2024-04,0.6999693779050036,0.9466718403906162,0.48170755592551834,0.761411979700227,0.5177314874015412,0.462333912917053,4,-0.006132163,-0.068196446,chip_momentum_high_top5_liquid_open_ge_10_volume_ge_250k_amount_ge_20m_all
2024-04-30,5534,122.89087143540382,122.4126968383789,3717358,575926241.8569424,-0.08914729,-0.15121157,0.51984125,0.74206346,0.75793654,0.015873002,0.2736319,0.4512472,0.6931218,0.4512471731215928,-0.2418746,0.169323523810745,0.42597198966351246,82.29005,0.76929677,1.085323,-0.45388612,0.75,0.22302264,0.20054826,0.41304347,0.93401885,0.8628963,0.97172236,0.14768886061568837,0.039459628483380686,,,0.3006,0.2337,9.121721,20.25,1.86,4.3,-0.48999977,-0.125,1.0305556,3.0,1.2805389742744981,,2024-04,0.7624396513240146,0.9465233897886562,0.6750711861946562,0.9775827150798735,0.7381049362029863,0.6400639667749679,5,-0.09314729,-0.15521157,chip_momentum_high_top5_liquid_open_ge_10_volume_ge_250k_amount_ge_20m_all
2024-05-31,6446,420.093283307924,416.1018981933594,2114263,1175052701.8946502,0.38902146,0.30002883,0.734127,0.61904764,0.6269841,-0.016509434,0.020807823,0.34951454,0.3175355,0.34951454965380835,0.031979054,0.09823542941654846,0.23729691064124542,69.42186,0.5916096,0.32805744,-0.251544,0.7,0.3433408,-0.0024103944,0.09259259,0.9392123,0.9683219,0.9101027,0.1332989047993221,-0.005577715552506746,,,0.8831,0.0106,1.3531836,313.53,5.67,0.0,-0.010000229,0.037,0.924817,3.0,0.6953641547602532,,2024-05,0.7606808027287184,0.9400617436114143,0.3448715938093882,0.9291739534136498,0.6530309466375557,0.3513587801269735,1,0.38502145,0.29602882,chip_momentum_high_top5_liquid_open_ge_10_volume_ge_250k_amount_ge_20m_all
2024-05-31,2231,126.09152356144112,123.72138214111328,933939,72925245.0675991,-0.09595686,-0.18494949,0.734127,0.61904764,0.6269841,0.1347827,0.18099552,0.19178091,0.052419364,0.1917809024572954,0.13936155,0.14423501051662757,0.13667708273114337,76.73687,0.41438356,2.3675644,0.47803655,0.6,0.12928608,0.04608964,0.14285715,0.9768836,0.99914384,0.8296233,0.16043336206624242,0.05356804652807096,-0.20443334,-0.3272,0.35619998,0.074200004,2.3974674,45.31,4.21,2.3,0.07999992,0.029999733,1.2773925,3.0,1.7560976908264525,,2024-05,0.5985761642648662,0.9314888016339754,0.41036254071746,0.8247747944018524,0.6029312075219213,0.3591140068273232,2,-0.09995686,-0.18894948,chip_momentum_high_top5_liquid_open_ge_10_volume_ge_250k_amount_ge_20m_all
2024-05-31,3022,80.03438078599169,78.67015838623047,2020294,82482772.45096931,-0.0720824,-0.16107503,0.734127,0.61904764,0.6269841,0.037170213,0.034688897,0.0963244,0.021251412,0.096324397335255,0.07507299,0.04223138696020881,0.06711071296177151,70.44042,0.12842466,1.4778687,1.1775504,0.6,-0.016606241,0.08249219,0.4642857,0.9563356,0.98030823,0.9212329,0.1667919538333399,0.008559866578669239,-0.25766668,-0.1715,0.3713,0.1348,4.40785,10.36,1.44,4.05,-0.3699999,-0.056999974,1.0709072,3.5,1.342854745446423,,2024-05,0.6543090788164005,0.918625060158937,0.6908429364887079,0.7094460651177704,0.647639201911,0.6016854725077865,3,-0.0760824,-0.16507502,chip_momentum_high_top5_liquid_open_ge_10_volume_ge_250k_amount_ge_20m_all
2024-05-31,6206,87.95684858278456,87.50064086914062,380716,60934441.95644684,0.015463873,-0.07352876,0.734127,0.61904764,0.6269841,0.030075287,0.059668563,0.1255869,0.36028388,0.1255868931642452,-0.23469698,0.04740068461829512,0.14525703575228002,71.381966,0.20719178,0.86754507,-0.8181801,0.65,0.012656257,0.08249219,0.54761904,0.9434931,0.9785959,0.864726,0.19471861962263287,0.017115802641643307,,,0.42990002,0.2176,4.3916078,20.36,2.8,4.17,0.0,0.084000014,1.2403178,5.0,0.9952151669634337,,2024-05,0.6498883575637983,0.9172631205174255,0.639056696908507,0.8581075356459902,0.5825806129755491,0.4337659758275296,4,0.011463873,-0.07752876,chip_momentum_high_top5_liquid_open_ge_10_volume_ge_250k_amount_ge_20m_all
2024-05-31,2454,1235.8474793221787,1160.662841796875,14212589,7947247176.600916,0.11857692,0.02958429,0.734127,0.61904764,0.6269841,0.033472884,0.060085896,0.18750003,0.06926412,0.18750002341741068,0.11823591,0.050840306424089425,0.08684498472593756,59.760643,0.65068495,1.5506465,2.1404696,0.5,0.13591243,0.03556491,0.029239766,0.89297944,0.87585616,0.9520548,0.14227095604982903,-0.0045513347582862166,0.30906665,-0.5054,0.5238,0.24110001,8.444517,21.45,5.33,4.45,-0.010000229,0.0009999275,0.44375,3.0,1.6500005769825743,,2024-05,0.7456953908072814,0.9083716296322383,0.7036603380089903,0.7182125140949527,0.5942616260813935,0.5696354978372898,5,0.11457692,0.02558429,chip_momentum_high_top5_liquid_open_ge_10_volume_ge_250k_amount_ge_20m_all
2024-06-28,8114,166.22996289272362,165.75502014160156,818119,164901001.0726734,0.10400266,0.13911341,0.765873,0.85714287,0.51984125,0.09062505,0.097484246,0.32699612,0.47257394,0.32699612642090736,-0.14557782,0.12999839840312363,0.3248972054792039,82.15656,0.6609589,0.9455318,-0.3076913,0.8,0.31961092,-0.0036527524,0.33333334,0.9692308,0.97179484,0.9307692,0.2103760803294797,0.08040296010527248,,,0.435,0.097600006,2.73943,29.98,3.43,2.69,-0.22999954,0.19799995,0.9892473,3.5,1.1773048328265265,,2024-06,0.6640269596576136,0.9646019201498653,0.5518429346775799,0.9571012483825871,0.64154299847793,0.41590259673443936,1,0.10000266,0.13511342,chip_momentum_high_top5_liquid_open_ge_10_volume_ge_250k_amount_ge_20m_all
2024-06-28,3010,123.88397786315058,129.82675170898438,6985183,251708953.85650522,-0.011583078,0.023527678,0.765873,0.85714287,0.51984125,0.067669295,0.055762094,0.1591837,0.19327737,0.1591836923763159,-0.034093678,0.07964269979729842,0.10305545977487109,71.485466,0.48801368,1.1975487,2.6549127,0.55,0.12740025,0.00972845,0.96428573,0.98205125,0.982906,0.94358975,0.18701967433742256,0.03540527462714336,0.26526666,0.3245,0.0766,0.0324,2.287889,15.78,1.78,3.66,0.069999695,0.04599981,1.1084855,4.5,1.3793105584985286,,2024-06,0.7405526400454031,0.9550032197634938,0.7393009702254784,0.813645954645567,0.6836044520547945,0.6257083642947053,2,-0.015583077,0.019527677,chip_momentum_high_top5_liquid_open_ge_10_volume_ge_250k_amount_ge_20m_all
2024-06-28,1477,372.42822479630246,384.2947998046875,6426163,614020957.6597687,0.042154588,0.077265345,0.765873,0.85714287,0.51984125,0.076726444,0.097783655,0.10209426,0.12416555,0.10209426031190683,-0.022071287,0.0689349014430254,0.09407487334427148,73.80863,0.36215752,1.4141827,3.2976103,0.5,0.060723033,0.008529493,1.0,0.98034185,0.96495724,0.96153843,0.20278948717989076,0.05425393966451438,0.11683334,0.1391,0.2715,0.157,8.464482,24.46,7.73,3.9,-0.14999962,0.053000078,0.56005687,4.5,1.3708440082410438,,2024-06,0.7564490853622413,0.9399338484954922,0.613600060284437,0.7415816810770287,0.582930131132186,0.5082578953324277,3,0.038154587,0.073265344,chip_momentum_high_top5_liquid_open_ge_10_volume_ge_250k_amount_ge_20m_all
2024-06-28,8464,360.3109424297626,364.5169067382813,731191,245045988.58347625,0.09054016,0.12565091,0.765873,0.85714287,0.51984125,0.09704642,0.07734815,0.11747843,0.112696104,0.1174784269273561,0.0047823265,0.06252555602048046,0.0817557824398338,66.02822,0.4186644,1.1808712,0.073136516,0.6,0.08078888,0.019415766,0.8333333,0.9897436,0.9965812,0.8769231,0.25941235854596667,0.05648938912496143,,,0.5406,0.24360001,6.364866,19.75,5.09,3.08,0.010000229,0.042000104,0.42783508,4.5,1.3722619142387045,,2024-06,0.6368831358899851,0.93857569371268,0.6083646804424546,0.7812181083756425,0.5545230359442688,0.3916926116351699,4,0.08654016,0.12165091,chip_momentum_high_top5_liquid_open_ge_10_volume_ge_250k_amount_ge_20m_all
2024-06-28,2890,22.449897882819915,22.40579032897949,13409739,489855650.0938926,0.033464536,0.06857529,0.765873,0.85714287,0.51984125,-0.003921537,0.05394192,0.11648342,0.18139528,0.11648341976899457,-0.06491186,0.04473001510849651,0.10804122602845913,67.40402,0.20719178,0.8728669,-0.79059696,0.7,0.06306441,0.04077507,0.6764706,0.9880342,0.99743587,0.87777776,0.30334088654034913,0.01702948273639286,0.2455,0.0675,,,,14.35,1.59,3.94,0.0,0.0039999485,1.3353908,4.5,1.1147547614016022,,2024-06,0.820661216816554,0.9385751083011357,0.743909145225229,0.8203731943367508,0.8941590563165905,0.8124858228607049,5,0.029464535,0.06457529,chip_momentum_high_top5_liquid_open_ge_10_volume_ge_250k_amount_ge_20m_all
2024-07-31,2887,17.757214914354197,17.845121383666992,39182153,520885672.4855736,-0.0009429133,-0.00865983,0.043650795,0.22222222,0.39285713,0.035714272,0.015000027,0.07692301,0.1062671,0.07692301494331244,-0.02934409,0.026418931442962375,0.06603650886188323,67.855835,0.03846154,1.1461041,0.9638375,0.6,0.07594575,0.003853236,0.4117647,0.99401706,0.97863245,0.9692308,0.26082829224830933,0.015068745418303258,0.22406666,0.2658,,,,18.97,1.24,4.93,-0.059999466,0.015000246,1.3402163,5.0,1.1743098050867011,,2024-07,0.8692562564541999,0.9601709401709403,0.7363133301927586,0.8471195043174478,0.930448717948718,0.8864409090962232,1,-0.0049429135,-0.012659831,chip_momentum_high_top5_liquid_open_ge_10_volume_ge_250k_amount_ge_20m_all
2024-07-31,2892,26.020269496494365,26.064672470092773,19300271,442868683.85963374,-0.014134542,-0.02185146,0.043650795,0.22222222,0.39285713,0.012068934,0.012068934,0.048214316,0.07116786,0.04821431708145685,-0.02295354,0.014167247167556041,0.0382642738055255,66.0946,0.020512821,1.1861527,0.36369443,0.5,0.047237057,0.003853236,0.23529412,0.9982906,0.9965812,0.97692305,0.3418794922708791,0.003357925354664679,-0.0034333332,-0.1561,,,,17.47,1.54,3.92,-0.049999237,-0.007999897,1.2777144,4.5,1.111110231471863,,2024-07,0.8375954122997824,0.9564102564102563,0.6234761021788179,0.7600740447784149,0.8300213675213676,0.8001710689000421,2,-0.018134542,-0.02585146,chip_momentum_high_top5_liquid_open_ge_10_volume_ge_250k_amount_ge_20m_all
2024-07-31,2882,57.66597808305469,59.18350601196289,18511247,2473664867.1963773,0.009538914,0.0018219966,0.043650795,0.22222222,0.39285713,0.04000004,-0.039999958,0.074010395,0.28664288,0.0740103914821828,-0.21263248,-0.004149350693010969,0.08702616784735746,55.318027,0.31623933,0.6247556,-1.4047133,0.55,0.07303313,0.003853236,0.7941176,0.9897436,0.99572647,0.934188,0.26348333725614076,-0.007458840809639801,-0.10526667,-0.9714,,,,12.33,1.17,3.21,-0.01999998,0.018999908,1.3581082,3.5,0.9641026697503722,,2024-07,0.8686551095291456,0.9548717948717949,0.6494606332504583,0.8427576736317096,0.7868589743589743,0.7766748029368787,3,0.005538914,-0.0021780035,chip_momentum_high_top5_liquid_open_ge_10_volume_ge_250k_amount_ge_20m_all
2024-07-31,1736,109.60611293190404,111.0675277709961,672364,165479013.339077,0.09691628,0.089199364,0.043650795,0.22222222,0.39285713,-0.06519083,0.074593686,0.26771244,0.34481314,0.26771244056608623,-0.077100694,0.0794149642746162,0.21089657638659834,64.38448,0.8094017,0.6242539,-0.83429277,0.55,0.20903987,0.030319292,0.7692308,0.96837604,0.98205125,0.8923077,0.11557581912941192,-0.011496774861719303,0.199,0.1298,0.50060004,-0.041300002,-1.4647552,28.36,3.67,0.88,-0.22000003,-0.09000005,0.49642003,3.0,1.218540700950004,,2024-07,0.6349922000307605,0.9521367521367521,0.4386857847027734,0.9325135675521281,0.6449786324786324,0.3633809557781233,4,0.09291628,0.08519936,chip_momentum_high_top5_liquid_open_ge_10_volume_ge_250k_amount_ge_20m_all
2024-07-31,2881,77.82681498374552,79.91065216064453,22863501,2430443305.085042,0.033707913,0.025990997,0.043650795,0.22222222,0.39285713,0.06779661,-0.0019485449,0.12839402,0.3148243,0.12839402723172433,-0.18643029,0.030947067208496996,0.1469170697116984,63.990288,0.24700855,0.66578877,-0.69238687,0.55,0.12741676,0.003853236,1.0,0.96495724,0.94700855,0.9444444,0.15758895193279182,0.02336028819233375,0.35806668,-1.9892,,,,15.64,1.44,2.83,-0.009999752,0.03600011,1.3614131,4.0,1.1134845885854527,,2024-07,0.8985757915320898,0.9512820512820512,0.7261226964444772,0.8996869026432008,0.7759615384615385,0.7189844397991483,5,0.029707912,0.021990996,chip_momentum_high_top5_liquid_open_ge_10_volume_ge_250k_amount_ge_20m_all
2024-08-30,4536,203.3617024379494,212.776596069336,1527270,90677324.95393983,-0.037610646,-0.0356549,0.16269842,0.17063493,0.8730159,0.06352945,0.14720812,0.18015666,0.15536782,0.18015666613940806,0.024788842,0.12605882998963164,0.1678646563018328,74.84761,0.39026472,1.2786365,2.622328,0.65,0.14780372,0.016990354,0.9230769,0.9675491,0.97865075,0.9624253,0.2679045297746701,0.05113053794289255,,,0.3484,0.1886,9.459617,14.67,2.48,3.76,0.069999695,0.041999817,0.4396254,3.5,1.0365447452354333,,2024-08,0.7054356096793775,0.9612145364835374,0.6967835443104177,0.8944193842310426,0.6401390074959673,0.4934857081452372,1,-0.041610647,-0.0396549,chip_momentum_high_top5_liquid_open_ge_10_volume_ge_250k_amount_ge_20m_all
2024-08-30,4551,114.03520288085936,120.8000030517578,988250,58326938.46306153,0.039682545,0.041638292,0.16269842,0.17063493,0.8730159,0.033057857,0.028806588,0.34843582,0.1423221,0.34843582786825067,0.20611373,0.11274314083740138,0.17262162375967371,70.5356,0.5764304,0.53815866,0.91776866,0.55,0.34589595,-0.020348847,0.9047619,0.93680614,0.9086251,0.97438085,0.21380895150990192,0.03293485166989116,,,0.1783,0.0612,4.170943,25.41,1.75,2.0,0.17000008,0.12500006,0.59999996,2.0,0.7884615970214262,,2024-08,0.6449800027715812,0.952002890363266,0.579832818697758,0.8425034869731183,0.589982263679958,0.4684654177574359,2,0.035682544,0.03763829,chip_momentum_high_top5_liquid_open_ge_10_volume_ge_250k_amount_ge_20m_all
2024-08-30,1102,42.52500064706064,42.61949920654297,8925966,339880421.2474569,0.062291376,0.064247124,0.16269842,0.17063493,0.8730159,0.0033370492,0.021517482,0.08805788,0.14926319,0.08805788252443492,-0.061205305,0.02932784562202252,0.06717274625005161,66.998276,0.05465414,0.89049935,0.18037833,0.65,0.09227145,-0.019168997,0.6666667,0.998292,1.0,0.9504697,0.4679492877002535,0.009521914225243627,-0.030833334,0.1968,0.1299,0.08,3.3455207,14.27,0.9,4.66,-0.03999996,0.0070000663,1.3153154,4.0,0.7692307183217441,,2024-08,0.8406800817396493,0.9459919566153554,0.6756168649560678,0.7473410552665494,0.7942533958118929,0.8130247172720019,3,0.058291376,0.060247123,chip_momentum_high_top5_liquid_open_ge_10_volume_ge_250k_amount_ge_20m_all
2024-08-30,6890,319.13,339.5,2187357,278602378.95675504,-0.029166656,-0.027210908,0.16269842,0.17063493,0.8730159,0.06707316,0.14192487,0.19250423,,0.1925042282647682,,0.16579228772952018,0.18448209271642002,65.00098,0.9146029,1.2838528,2.5975902,0.6,0.16015129,0.016990354,1.0,0.9214347,0.9513236,0.9376601,0.18520044438235034,0.07191256987915218,,,0.2016,0.1236,8.401808,63.29,3.93,1.26,0.19999981,0.120999955,0.82006913,0.0,0.9842932092570116,,2024-08,0.5928980271081039,0.9337178392344917,0.4831048964250248,0.8199689066981979,0.6168697584794938,0.41027600938465314,4,-0.033166654,-0.031210909,chip_momentum_high_top5_liquid_open_ge_10_volume_ge_250k_amount_ge_20m_all
2024-08-30,3045,107.059736933027,107.53982543945312,6462435,878596675.5286242,0.02678574,0.028741488,0.16269842,0.17063493,0.8730159,0.0044842935,0.041860506,0.05660378,0.092127204,0.05660377924230775,-0.035523426,0.025171637096472858,0.061357065036602265,62.504105,0.086251065,0.6260325,-0.32376203,0.4,0.0069479533,0.034941804,0.76811594,0.99487615,0.9940222,0.9888984,0.45810002677466494,0.01632801701658873,0.09126667,-0.0153,0.1976,0.1,8.352705,26.6,4.34,3.84,-0.00999999,0.010000027,0.9537572,4.0,0.826087219095754,,2024-08,0.8187700500954307,0.9335085068646128,0.5507152636080441,0.5450723558170361,0.4780513039479735,0.5844312890830332,5,0.02278574,0.024741488,chip_momentum_high_top5_liquid_open_ge_10_volume_ge_250k_amount_ge_20m_all
2024-09-30,9910,148.4938186254257,149.45184326171875,1493999,152084533.05550918,-0.1210191,-0.14601584,0.5555556,0.37301588,0.67460316,0.0,0.11032027,0.06849315,0.08710792,0.06849314769612591,-0.018614769,0.07549117177375433,0.1000117063829511,63.90303,0.32764506,0.8984794,0.4406139,0.45,0.026168726,0.021126762,0.9230769,0.98293513,0.95477813,0.99061435,0.2569528463458661,0.021620399744318144,,,0.21959999,0.078,12.168493,26.17,6.68,2.76,-0.109999895,-0.024999976,0.6731844,2.0,0.9318183160850073,,2024-09,0.735491473729787,0.9546685689137082,0.5515280809252828,0.7888191187809815,0.550737588275241,0.42885974373043256,1,-0.1250191,-0.15001583,chip_momentum_high_top5_liquid_open_ge_10_volume_ge_250k_amount_ge_20m_all
2024-09-30,2618,35.25840759277344,35.25840759277344,41014604,1672203286.16637,5.576549e-09,-0.024996733,0.5555556,0.37301588,0.67460316,0.00401616,0.04456829,0.06082044,0.022016617,0.06082044242648221,0.038803823,0.0346968543683304,0.07277157824669692,67.16897,0.104948804,0.9734552,-0.46634534,0.6,0.027241658,0.020109626,0.84,0.9846416,0.9803754,0.9658703,0.2925192883299523,0.010565814258323283,0.087,-0.0508,0.22389999,0.1559,11.425247,8.56,1.89,4.8,-0.43999958,-0.12799987,1.4775085,5.0,0.906474809163154,,2024-09,0.875979720375514,0.9528739183277326,0.7717921189965408,0.8095121435837053,0.8592877904011331,0.8065891406342374,2,-0.0039999946,-0.028996734,chip_momentum_high_top5_liquid_open_ge_10_volume_ge_250k_amount_ge_20m_all
2024-09-30,1402,36.35819178886446,36.50077438354492,11602674,286034811.6702763,-0.037711307,-0.06270805,0.5555556,0.37301588,0.67460316,0.046321567,0.046321567,0.05931034,0.08413617,0.059310341010049505,-0.024825834,0.04454271362072119,0.07277804953623905,67.2963,0.17491467,1.3274254,0.91297317,0.6,0.039341576,0.008395534,0.75,1.0,0.9982935,0.9232082,0.5576882001458139,0.021204422305003585,0.0535,-0.0013,0.19559999,0.060900003,2.9818356,21.57,0.9,3.52,-0.01999998,-0.0029999968,0.9159292,3.0,1.1139232551026974,,2024-09,0.8350604068435157,0.9520202388204126,0.6404492711072624,0.8397532396080208,0.8403026022797819,0.7972329337921163,3,-0.041711308,-0.06670805,chip_momentum_high_top5_liquid_open_ge_10_volume_ge_250k_amount_ge_20m_all
2024-09-30,2207,691.4794512104417,684.7191772460938,311074,189749995.63954163,-0.100141,-0.12513773,0.5555556,0.37301588,0.67460316,0.04418261,0.11653545,0.07424239,0.15660688,0.07424239333907678,-0.08236449,0.0846783141198584,0.10732225449016508,73.38972,0.1331058,1.2544204,0.07343929,0.6,0.0365985,0.034374952,0.42857143,0.99232084,0.99488056,0.8788396,0.30279793609127686,0.041329913498390394,-0.029566666,-0.1313,,,,17.55,5.67,2.82,-0.00999999,0.004999995,0.44404334,4.0,0.8644689571006358,,2024-09,0.7284331163568011,0.9453699034983665,0.49096935148669124,0.8947300446844462,0.538900945925859,0.3462758930955817,4,-0.104141,-0.12913772,chip_momentum_high_top5_liquid_open_ge_10_volume_ge_250k_amount_ge_20m_all
2024-09-30,2603,182.3123806626049,174.49899291992188,36744836,3819096100.0243387,0.044117693,0.019120954,0.5555556,0.37301588,0.67460316,0.03076922,0.07774803,0.06914898,0.052356068,0.06914897694778555,0.016792912,0.06026641377438871,0.10942462415631059,59.421177,0.46245733,1.9620731,0.9723163,0.5,0.035570197,0.020109626,0.12,0.9675768,0.9735495,0.9479522,0.21511190361939522,0.005095790362184477,1.1301,0.754,0.28129998,0.24790001,9.35002,5.96,0.88,4.96,-0.48000002,-0.1669999,0.826518,3.5,1.561403430190485,,2024-09,0.8292482920642978,0.9453685919388638,0.9066589402711829,0.812610066808325,0.6700853133024194,0.7859059126499248,5,0.040117692,0.015120953,chip_momentum_high_top5_liquid_open_ge_10_volume_ge_250k_amount_ge_20m_all
2024-10-30,6176,199.79349844280992,196.54104614257807,1453339,349313099.65571743,-0.0684597,-0.045606084,0.2857143,0.39285713,0.055555556,-0.0047058226,0.09585498,0.10156258,0.15890417,0.10156258284908093,-0.057341583,0.045347868412787054,0.09302329222424312,63.75717,0.25448334,0.8339534,-0.38047346,0.6,0.1218823,-0.03603601,0.41758242,0.9897698,0.9940324,0.98550725,0.24701614639983632,0.02130692888996135,,,0.20120001,0.1257,10.973403,16.24,2.88,4.73,-0.13999987,-0.043999955,0.6298137,4.5,0.9230767365739037,,2024-10,0.8077464881262173,0.977315092068771,0.6903016874597839,0.9147526005269816,0.671488175819664,0.5534999034710436,1,-0.0724597,-0.049606085,chip_momentum_high_top5_liquid_open_ge_10_volume_ge_250k_amount_ge_20m_all
2024-10-30,2324,34.90767026638761,34.47492980957031,9563712,478192148.389644,0.07871727,0.10157088,0.2857143,0.39285713,0.055555556,0.0,0.02428574,0.07014919,0.1064814,0.07014919028294542,-0.036332212,0.019407089207110453,0.0722296660787465,60.893547,0.120409906,0.78742325,-0.90886694,0.5,0.07739158,-0.0044107856,0.45238096,0.9923274,0.99658996,0.93265134,0.22759250918495183,-0.0009846559401834939,-0.0287,-0.0287,0.0494,0.015800001,4.0028095,17.4,1.23,3.35,-0.13000011,-0.030000024,1.3741935,3.5,0.7936499444798921,,2024-10,0.879659504644126,0.960267106999785,0.627624422785713,0.8555660414772776,0.8328621931995758,0.7892599867775605,2,0.07471727,0.09757088,chip_momentum_high_top5_liquid_open_ge_10_volume_ge_250k_amount_ge_20m_all
2024-10-30,2393,78.39348231151081,78.02107238769531,3620455,211931853.36553115,-0.077575766,-0.054722153,0.2857143,0.39285713,0.055555556,0.035846815,0.085492365,0.08268744,0.14480881,0.08268743452476435,-0.062121376,0.06656493269028295,0.07035665910748089,64.825005,0.4466268,1.2364022,0.66243356,0.6,0.10300715,-0.03603601,0.4065934,0.9684569,0.98550725,0.9207161,0.17416928376321592,0.025447543532290385,0.2205,-0.0469,0.3151,0.129,8.325597,17.64,1.97,3.82,-0.13000011,-0.07600007,1.0858086,4.5,1.1536830087863665,,2024-10,0.7788499070240557,0.9515838038036873,0.7221872974849194,0.9053552955497336,0.7632593295428239,0.634124117121245,3,-0.081575766,-0.058722153,chip_momentum_high_top5_liquid_open_ge_10_volume_ge_250k_amount_ge_20m_all
2024-10-30,9904,36.29964400564686,35.96661758422852,8201398,308354305.7703339,0.11066128,0.1335149,0.2857143,0.39285713,0.055555556,0.006657751,0.05882343,0.05882343,0.020242905,0.05882343032255588,0.038580522,0.03187056419594395,0.07163102945181682,62.55705,0.22203246,1.0048211,-0.17726886,0.5,0.08913708,-0.021381598,0.30769232,0.9658994,0.973572,0.95140666,0.1571814458182085,0.010667336391049512,,,0.2463,0.0551,5.2567787,7.84,0.81,2.91,-0.07999992,-0.00799999,0.9977629,5.0,0.997032900411409,,2024-10,0.8123837373323102,0.9469719345779721,0.7460256927869988,0.8307660432464022,0.8202892242651548,0.7818951918843708,4,0.10666128,0.1295149,chip_momentum_high_top5_liquid_open_ge_10_volume_ge_250k_amount_ge_20m_all
2024-10-30,2727,225.61716099621609,225.14712524414065,426921,124128878.58835831,-0.03765695,-0.014803338,0.2857143,0.39285713,0.055555556,0.010548501,0.016985131,0.07882881,0.12441315,0.07882881252617069,-0.045584336,0.02635523638722799,0.08041049023573112,74.613014,0.042698547,0.868302,-0.5637801,0.65,0.0620536,0.016666664,0.6666667,0.9991475,0.9991475,0.8167093,0.4710286742857092,0.0103725398231442,-0.012633333,-0.0141,0.4752,0.0734,15.384016,15.13,5.11,6.24,-0.65999985,-0.122999854,0.8439547,3.5,0.8264460844228297,,2024-10,0.7498123172515438,0.9418719584164288,0.6565783012321981,0.8927416725381463,0.594820824527868,0.44153139445430084,5,-0.041656952,-0.018803338,chip_momentum_high_top5_liquid_open_ge_10_volume_ge_250k_amount_ge_20m_all
2024-11-29,2610,23.559426404125645,23.99303436279297,34191578,1182001397.3379073,0.05410818,0.008597583,0.13492064,0.11111111,0.20238096,0.012195094,0.044025093,0.10666659,0.20873775,0.10666658924823369,-0.10207116,0.04610855391039025,0.1274620198731891,75.76109,0.17632027,1.0466455,-0.5998513,0.6,0.11063126,-0.013135978,0.88461536,0.99234045,0.94978726,0.98723406,0.3054934232114678,0.017780591350213124,0.0765,-0.0468,0.16399999,0.0884,13.10245,14.65,1.83,2.77,-0.4300003,-0.06500015,1.8464568,4.5,1.1625619079654919,,2024-11,0.9210891469356575,0.9700290695567073,0.6972527483843517,0.9322452598792221,0.9217844974446338,0.775348471031852,1,0.05010818,0.0045975824,chip_momentum_high_top5_liquid_open_ge_10_volume_ge_250k_amount_ge_20m_all
2024-11-29,2606,55.76157834255496,56.328643798828125,3214498,330977418.86266214,-0.04355114,-0.08906174,0.13492064,0.11111111,0.20238096,-0.022950858,-0.014876048,0.06049814,0.08957945,0.06049814243173701,-0.029081307,0.005567706630764307,0.07239244943825748,57.558224,0.18398637,0.73366547,-1.1090701,0.5,0.06446281,-0.013135978,0.9230769,0.9880851,0.9957447,0.91404253,0.3109757724984534,-0.012359639258654397,0.23586667,0.0875,0.32819998,0.2801,9.68104,10.86,1.31,4.03,-0.059999943,0.062000096,1.2776736,4.0,1.0000001766471955,,2024-11,0.8312932101833059,0.9521468701293994,0.7960331083757524,0.8183174589781153,0.7307744028417124,0.7201734195367968,2,-0.04755114,-0.09306174,chip_momentum_high_top5_liquid_open_ge_10_volume_ge_250k_amount_ge_20m_all
2024-11-29,6781,791.372613247958,869.423095703125,587580,840647980.4921325,0.2596685,0.2141579,0.13492064,0.11111111,0.20238096,0.035294093,0.13989635,0.72549015,0.7087379,0.7254901770772244,0.016752243,0.18478626669017667,0.5071504066195902,78.50388,0.72231686,0.30780175,-0.40464458,0.55,0.74401766,-0.04280818,1.0,0.9302128,0.89276594,0.9404255,0.2188771569947749,0.07378878693428124,,,0.39279997,0.2282,10.434305,39.34,5.43,1.32,0.069999695,0.03099984,0.48553714,3.5,1.1628813095651798,,2024-11,0.7465817402256169,0.9501254847946645,0.47952292044555406,0.9741016938303144,0.6133819638261626,0.3786010810639502,3,0.2556685,0.2101579,chip_momentum_high_top5_liquid_open_ge_10_volume_ge_250k_amount_ge_20m_all
2024-11-29,2387,58.368255615234375,58.368255615234375,473510,101577261.13209915,-0.034700338,-0.08021094,0.13492064,0.11111111,0.20238096,-0.009374977,0.019292625,0.12411343,0.06197655,0.12411343453587387,0.062136885,0.04327794534201545,0.08928470506929087,67.15084,0.15076661,0.54519916,-0.80120045,0.7,0.08816664,-0.019897547,0.22619048,0.93276596,0.92595744,0.9276596,0.15351171310633177,0.0001393760175503259,0.0617,-0.1631,0.17379999,0.0896,8.679882,9.75,1.2,4.73,-0.1800003,0.007999808,1.0996119,5.0,0.7822869605959889,,2024-11,0.7427481553914527,0.9371743810939142,0.7830948809346285,0.9100389596975168,0.7147726448947045,0.6414783093788345,4,-0.03870034,-0.08421094,chip_momentum_high_top5_liquid_open_ge_10_volume_ge_250k_amount_ge_20m_all
2024-11-29,2891,35.532714036637,35.43796157836914,51177819,2034889224.1845374,0.046419043,0.0009084451,0.13492064,0.11111111,0.20238096,-0.009271514,0.016304346,0.047619063,0.14548232,0.04761906372909053,-0.09786326,0.006052435103134775,0.05488304469767113,56.306614,0.07751278,1.067707,-0.21926616,0.55,0.04278902,0.0031981994,0.20588236,0.9557447,0.9574468,0.92,0.1566228536367617,-0.011787505273820992,0.15626666,0.1071,,,,11.37,1.56,4.81,-0.009999752,0.0010000765,1.4369116,4.5,1.168949639534654,,2024-11,0.9222595421094912,0.9281374460835841,0.7401026209015389,0.842871670131529,0.8431360324767118,0.8230046344769727,5,0.042419042,-0.003091555,chip_momentum_high_top5_liquid_open_ge_10_volume_ge_250k_amount_ge_20m_all
2024-12-31,6691,359.2591644891732,358.4236755371094,740287,420689850.25239563,0.07109559,0.051856697,0.48412699,0.26190478,0.12301587,0.087452464,0.087452464,0.35545036,0.39967385,0.35545036987779066,-0.044223487,0.09901377570663361,0.27356396878566736,77.466064,0.5433673,0.70806926,-0.6062325,0.7,0.36507598,-0.042643923,0.33846155,0.960034,0.9464286,0.95153064,0.18348028163072688,0.04712746550491115,,,0.2037,0.1665,24.267181,25.84,8.0,4.2,-0.59000015,-0.14100012,0.5126638,3.5,1.04290374053725,,2024-12,0.769334433446605,0.9670046316398899,0.6099185147186732,0.9779483428401496,0.6597549392097264,0.4593040606983365,1,0.06709559,0.047856696,chip_momentum_high_top5_liquid_open_ge_10_volume_ge_250k_amount_ge_20m_all
2024-12-31,2379,557.0,568.0,5483924,1501697728.9,-0.017761989,-0.037000887,0.48412699,0.26190478,0.12301587,0.067669176,0.042201836,0.15918367,0.18087319,0.15918367346938767,-0.02168952,0.06088905491221521,0.13194386780702477,71.946594,0.39710885,0.9347737,2.0066628,0.7,0.15916052,-0.020280799,0.69942194,0.98044217,0.9192177,0.9736394,0.20992052399661695,0.043190609491669855,0.12146667,-0.036,0.5103,0.122,24.785769,20.7,6.07,2.73,0.0,0.0210001,0.45495495,4.0,0.967741935483871,,2024-12,0.8601257671030069,0.9632564770589088,0.6157931436733975,0.9430319040258613,0.715869065711391,0.4974029228530057,2,-0.02176199,-0.041000888,chip_momentum_high_top5_liquid_open_ge_10_volume_ge_250k_amount_ge_20m_all
2024-12-31,2383,614.0,618.0,3180401,4148222699.5,0.0,-0.019238897,0.48412699,0.26190478,0.12301587,0.038655464,0.031719532,0.21176471,0.49095297,0.21176470588235285,-0.27918828,0.05236270753512133,0.26246978311940355,67.70964,0.6386054,0.6987206,-1.8079995,0.65,0.23809984,-0.032915343,0.4566474,0.96258503,0.96428573,0.90561223,0.14766896407544738,0.018866573545718322,0.40243334,0.0244,0.277,0.1883,21.58357,23.93,6.65,1.61,-0.07999992,0.014000035,0.4842553,4.0,0.9203539823008849,,2024-12,0.825145562720041,0.9550968302214502,0.6087298866363227,0.9629839619095041,0.7024807316543639,0.45556613100906507,3,-0.004,-0.023238897,chip_momentum_high_top5_liquid_open_ge_10_volume_ge_250k_amount_ge_20m_all
2024-12-31,2308,422.4843860586346,422.97564697265625,3638189,2650064262.146393,-0.036004677,-0.055243574,0.48412699,0.26190478,0.12301587,0.011750854,0.02622169,0.10102299,0.17622948,0.10102298529442244,-0.07520649,0.032374095642084814,0.07452627571710559,62.941566,0.21768707,0.49730122,-0.895196,0.65,0.12735812,-0.032915343,0.24855492,0.9753401,0.957483,0.954932,0.1645148964619672,0.012363014473334563,0.0856,0.0525,0.3305,0.1204,12.347795,30.21,5.12,1.49,-0.00999999,-0.0059999935,0.41109297,5.0,0.7613939379377018,,2024-12,0.884611941588777,0.9549160515269938,0.5111206707039133,0.9079808082843914,0.6941765269937762,0.4641999109204452,4,-0.040004678,-0.059243575,chip_momentum_high_top5_liquid_open_ge_10_volume_ge_250k_amount_ge_20m_all
2024-12-31,9802,117.8365052621576,116.85042572021484,482046,251772541.86118126,0.18220337,0.16296446,0.48412699,0.26190478,0.12301587,0.0,0.0,0.11792455,-0.028688528,0.11792455102565458,0.14661308,0.030434806039380122,0.03886934390026764,54.29028,0.7602041,0.45532385,-0.70816904,0.5,0.13901342,-0.035587203,0.46153846,0.97619045,0.8979592,0.97619045,0.15115770017587618,-0.012602991324511183,,,0.1852,0.0808,6.063795,26.39,1.73,4.22,0.009999752,-0.068000175,0.6694291,2.0,0.6948356577912322,,2024-12,0.595751779471501,0.9486251266464032,0.6111954662609872,0.7983965182180636,0.6074438232739905,0.5583542719982706,5,0.17820337,0.15896447,chip_momentum_high_top5_liquid_open_ge_10_volume_ge_250k_amount_ge_20m_all
2025-01-22,9802,133.61377653617453,138.54417419433594,4534696,248813121.93473166,0.07971007,0.112404935,0.41666666,0.33730158,0.36507937,0.19574471,0.17573224,0.185654,0.28899086,0.18565399604160904,-0.103336856,0.16259827111602185,0.2170685656448353,73.151245,0.76955783,2.1393356,1.3570486,0.55,0.12224052,0.021897849,0.7692308,0.95408165,0.89880955,0.957483,0.11316134057760238,0.1108394014291363,,,0.1852,0.0808,6.063795,31.29,2.06,3.56,0.03999996,0.025000049,0.67612076,3.5,1.2132702975652934,,2025-01,0.7659727775266835,0.936734693877551,0.569252190756229,0.9511768591593366,0.7268282312925171,0.5956062116363254,1,0.075710066,0.108404934,chip_momentum_high_top5_liquid_open_ge_10_volume_ge_250k_amount_ge_20m_all
2025-01-22,2480,136.6945196765517,137.6470947265625,343030,118527889.55163804,0.13194452,0.16463938,0.41666666,0.33730158,0.36507937,0.021201428,0.014035097,0.078358136,0.11153841,0.07835813624945853,-0.033180274,0.030486673926580377,0.08435990252207706,65.64438,0.4787415,0.47968465,-0.41312566,0.65,0.096786425,-0.0391559,0.5555556,0.9183673,0.92091835,0.93367344,0.23160057302425,0.022437817902093416,0.13493334,0.1521,0.2572,0.1241,18.433796,19.58,4.81,4.6,0.22000122,0.008000001,1.1615233,4.5,0.7415730301903264,,2025-01,0.6768304766540346,0.9329931972789115,0.6536565905570024,0.8985991841370279,0.6090561224489797,0.4370503471311403,2,0.12794453,0.16063939,chip_momentum_high_top5_liquid_open_ge_10_volume_ge_250k_amount_ge_20m_all
2025-01-22,6446,696.4966946842021,685.5203857421875,1301029,1611079819.1731782,-0.050974537,-0.01827967,0.41666666,0.33730158,0.36507937,-0.041841052,-0.05631874,0.1317957,0.058551606,0.13179570983272426,0.073244095,0.020195978482207257,0.10547908115698806,57.429417,0.5272109,0.5942831,-0.47761676,0.45,0.11091896,0.0012209535,0.12280702,0.9464286,0.9311224,0.95238096,0.09913103597172039,-0.03967218936019457,,,0.8769,0.17899999,6.6312613,123.56,8.75,0.0,-0.05000019,-0.0119999945,0.82512957,3.0,0.7780320423100168,,2025-01,0.7810595788570964,0.9318027210884352,0.3646466358344491,0.8035935924625386,0.5564413265306123,0.36474345522270607,3,-0.054974537,-0.02227967,chip_momentum_high_top5_liquid_open_ge_10_volume_ge_250k_amount_ge_20m_all
2025-01-22,2645,99.5215301513672,99.5215301513672,1342344,141269626.9387657,0.019417506,0.052112374,0.41666666,0.33730158,0.36507937,0.04,0.07549125,0.08559494,0.106383026,0.0855949398713165,-0.020788088,0.05626651400011339,0.09003248626746946,70.70215,0.25170067,1.2516228,-0.14117023,0.55,0.09292495,-0.018326819,0.53846157,0.93622446,0.9166667,0.9455782,0.13222498263488702,0.03271166383049438,0.24253333,0.5171,0.2025,0.1625,11.120364,23.11,3.06,4.33,-0.03999996,0.027000047,1.3075117,3.0,1.0576544612635623,,2025-01,0.7923055082339581,0.9292517006802721,0.6537786386664329,0.898087821159128,0.6860119047619048,0.5430901666579228,4,0.015417505,0.048112374,chip_momentum_high_top5_liquid_open_ge_10_volume_ge_250k_amount_ge_20m_all
2025-01-22,6139,241.5,250.0,9769263,921379048.8,0.11440678,0.14710164,0.41666666,0.33730158,0.36507937,0.10864745,0.061571125,0.21065375,0.09409191,0.21065375302663436,0.116561845,0.09051254089422028,0.11090538789113132,67.54701,0.60374147,1.2859551,2.1834867,0.65,0.20725262,-0.023148132,0.9230769,0.9166667,0.89455783,0.94812924,0.10813224530540226,0.0475588572209698,,,0.106800005,0.0881,21.008038,14.09,4.39,3.59,0.07999992,-0.048000045,1.0772251,2.0,1.125748502994012,,2025-01,0.8184907693912319,0.9253401360544217,0.6716126777970123,0.9409397489830684,0.7417091836734694,0.5535504433135723,5,0.11040678,0.14310165,chip_momentum_high_top5_liquid_open_ge_10_volume_ge_250k_amount_ge_20m_all
2025-02-27,2481,53.74978746001894,53.55574417114258,1318087,78819786.94837323,-0.0036696983,0.05924089,0.3690476,0.3452381,0.96031743,0.026022332,0.08235295,0.16088326,0.047438283,0.1608832601503054,0.113444984,0.08198167447730649,0.09110675305764904,68.069016,0.44557822,1.7971938,-0.17591588,0.75,0.10896672,0.035010837,0.76878613,0.9404762,0.96258503,0.957483,0.22652284776654627,0.01980387445009572,0.037833333,0.1356,0.2792,0.065799996,5.608175,24.53,1.52,2.17,-0.14000034,-0.0420001,1.6928374,3.0,1.2773111658642362,,2025-02,0.6658870192029112,0.945578231292517,0.5698134446422615,0.8695434817879452,0.7413903061224489,0.563353904436026,1,-0.0076696984,0.05524089,chip_momentum_high_top5_liquid_open_ge_10_volume_ge_250k_amount_ge_20m_all
2025-02-27,2002,23.50564927755001,23.948225021362305,119756768,1305890458.404875,-0.025423724,0.037486862,0.3690476,0.3452381,0.96031743,0.07505516,0.11187212,0.21144275,0.09192831,0.21144275030781112,0.11951444,0.12575127483319598,0.1831875596205565,76.87537,0.41836736,1.28905,1.0664774,0.55,0.046907365,0.124094486,0.9583333,0.93622446,0.957483,0.9345238,0.11499306829075914,0.04462122447630131,-0.0726,-0.1565,0.039300002,0.0031,0.87064445,187.31,1.22,1.44,-0.14000034,-0.06300001,1.5677966,3.0,0.8872181041832703,,2025-02,0.8492533810798596,0.9268707482993197,0.42882744462646033,0.8681309321002677,0.8582057823129252,0.780885168438633,2,-0.029423725,0.03348686,chip_momentum_high_top5_liquid_open_ge_10_volume_ge_250k_amount_ge_20m_all
2025-02-27,1210,53.40764199147512,53.02615737915039,1268791,60133596.24965534,0.048648663,0.11155925,0.3690476,0.3452381,0.96031743,-0.0035842466,0.037313465,0.073359124,0.041198473,0.07335912135905653,0.03216065,0.02422399046677008,0.05008025598152356,64.98717,0.05782313,1.1677254,0.16916999,0.55,0.043727845,0.028168974,0.46153846,0.99489796,0.99489796,0.99659866,0.3539858088060638,0.0029460837702581753,-0.04586667,-0.0402,0.1429,0.05,9.473652,13.73,1.91,3.99,0.030000687,-0.016999817,1.3093221,3.0,0.9022571291595501,,2025-02,0.6789764628168133,0.9248299319727892,0.6227218424001663,0.6728540138372214,0.6014030612244898,0.5820695344005866,3,0.044648662,0.10755925,chip_momentum_high_top5_liquid_open_ge_10_volume_ge_250k_amount_ge_20m_all
2025-02-27,1582,97.03571098438208,96.10713958740234,727130,92386300.58245507,-0.047343027,0.01556756,0.3690476,0.3452381,0.96031743,-0.023584886,-0.009569401,0.088328116,0.089473635,0.08832811659122708,-0.0011455193,0.004805579416483009,0.08545557972232247,60.88526,0.23384354,0.54800516,-0.57634544,0.6,0.026866931,0.04800003,0.39884394,0.9676871,0.9889456,0.95408165,0.28242167788423317,-0.017143015482331013,0.076466665,0.2088,0.29709998,0.1554,10.602899,15.27,2.01,3.89,0.0,-0.04500007,1.0328848,3.5,0.789473486500341,,2025-02,0.6681289040318001,0.9231292517006804,0.6725867645776079,0.7148125775011878,0.5713222789115646,0.5185761130799624,4,-0.051343028,0.011567559,chip_momentum_high_top5_liquid_open_ge_10_volume_ge_250k_amount_ge_20m_all
2025-02-27,2597,142.10898114894678,141.70980834960938,540894,56327089.94457893,0.051282097,0.11419269,0.3690476,0.3452381,0.96031743,0.0,0.085626885,0.16013071,0.21575348,0.1601307073196736,-0.05562277,0.05450763729105936,0.1398298165518302,64.754395,0.46938777,1.1489161,0.6855418,0.6,0.059209503,0.074049205,0.5869565,0.9158163,0.8741497,0.98214287,0.1280816128526992,0.003864207103951105,0.048166666,-0.316,0.1612,0.1163,18.925726,18.8,5.65,5.3,-0.05000019,0.021999884,1.107078,4.5,1.2677592243752367,,2025-02,0.6484421536928229,0.9115646258503401,0.6525615782739104,0.8811802489309182,0.5721726190476191,0.4151207788504623,5,0.047282096,0.11019269,chip_momentum_high_top5_liquid_open_ge_10_volume_ge_250k_amount_ge_20m_all
2025-03-31,1210,54.93357295108756,55.02894592285156,2101049,74201440.50667743,0.03639514,0.058663853,0.051587302,0.035714287,0.027777778,-0.010291576,0.005226506,0.035906672,0.10961545,0.03590667186576568,-0.07370878,0.010065676463725302,0.059558091743753656,61.85442,0.030612245,0.83573115,0.9005851,0.45,0.074433625,-0.027777778,0.9230769,0.9991497,0.997449,0.99404764,0.4573834083328352,-0.003218502714587629,0.0073666666,0.1597,0.144,0.0519,12.798732,13.84,1.9,4.85,-0.069999695,0.01200027,1.3093842,4.0,0.8859049207751214,,2025-03,0.8090136054421768,0.9850340136054422,0.6514183402517217,0.9035714285714285,0.7021683673469388,0.5824243190017253,1,0.03239514,0.05466385,chip_momentum_high_top5_liquid_open_ge_10_volume_ge_250k_amount_ge_20m_all
2025-03-31,4766,340.70709228515625,340.70709228515625,602220,181673189.35705414,-0.062068935,-0.039800223,0.051587302,0.035714287,0.027777778,-0.019021733,0.068047315,0.10906294,0.17973849,0.10906293669336375,-0.07067555,0.0434279771167908,0.08075739706536002,59.91343,0.2797619,0.9209321,0.16492455,0.65,0.20049511,-0.113822,0.875,0.97874147,0.92346936,0.99234694,0.2056781432723011,-0.0029632443067200806,,,0.32729998,0.15630001,17.493183,16.22,3.0,5.26,-0.20000029,-0.10600004,0.47694635,2.5,0.8824940368142069,,2025-03,0.732312925170068,0.9715986394557824,0.6636156072509016,0.9706632653061226,0.575999149659864,0.42189041286881956,2,-0.06606893,-0.043800224,chip_momentum_high_top5_liquid_open_ge_10_volume_ge_250k_amount_ge_20m_all
2025-03-31,2206,66.78359391623346,66.97413635253906,1095070,62075192.67308273,-0.01564727,0.0066214446,0.051587302,0.035714287,0.027777778,-0.019525751,-0.008462666,0.017366108,0.008608365,0.017366107019351595,0.008757742,0.0020668576248971267,0.006250299727137913,48.60488,0.046768706,1.2445222,0.4173658,0.5,0.11378132,-0.11855678,0.95238096,0.9855442,0.9957483,0.9421769,0.2039082988839284,-0.020793470256667796,-0.058333334,0.0877,0.2039,0.0892,17.952698,11.68,2.21,4.27,-0.01999998,-0.040999934,0.9402655,4.5,1.376340598450623,,2025-03,0.7304421768707483,0.9656462585034014,0.6442750878239721,0.8704081632653061,0.6628401360544218,0.4906008005251631,3,-0.01964727,0.0026214444,chip_momentum_high_top5_liquid_open_ge_10_volume_ge_250k_amount_ge_20m_all
2025-03-31,6670,324.03356443210856,326.3748474121094,878150,245413934.7613434,0.017118417,0.03938713,0.051587302,0.035714287,0.027777778,-0.05170071,0.028023617,0.024999985,0.10284809,0.024999985623654686,-0.07784811,0.00875606673504643,0.037253849018700484,51.224693,0.35629252,1.1699892,0.37387422,0.55,0.12679517,-0.11075949,0.9230769,0.98214287,0.99489796,0.9285714,0.2666146927421981,-0.025981310895819065,,,0.2666,0.16420001,24.314835,12.55,3.25,5.65,-0.14000034,0.0050000213,0.56358886,3.5,1.1111107582328477,,2025-03,0.7270408163265305,0.9651360544217686,0.7074616629195559,0.9286564625850339,0.5836522108843537,0.4587308364848928,4,0.013118416,0.03538713,chip_momentum_high_top5_liquid_open_ge_10_volume_ge_250k_amount_ge_20m_all
2025-03-31,3596,215.66705678304035,217.114486694336,2110302,498654264.9720314,0.044247735,0.06651645,0.051587302,0.035714287,0.027777778,0.025056986,0.068883605,0.13636366,0.29683,0.1363636545144431,-0.16046634,0.04481080265441222,0.15601990568829943,62.43511,0.63095236,1.1481225,-0.26193792,0.55,0.25971937,-0.12790698,0.942029,0.9557823,0.9829932,0.91156465,0.2008874079578431,0.0025410506298073395,,,0.1514,0.062,15.460183,19.95,3.11,3.33,-0.1500001,0.02800002,0.45676857,3.5,1.3223138533244019,,2025-03,0.7639455782312925,0.9634353741496599,0.5767992952182667,0.9742346938775508,0.6671981292517006,0.4653401070077903,5,0.040247735,0.06251645,chip_momentum_high_top5_liquid_open_ge_10_volume_ge_250k_amount_ge_20m_all
2025-04-30,1210,55.60116882795555,57.03173065185547,3999808,136703962.5246397,0.06521747,0.0102498485,0.12301587,0.07936508,0.9206349,0.013559319,0.032815147,0.036395114,0.15891472,0.03639511343378676,-0.1225196,0.03594627544355202,0.05940709900538178,58.782196,0.07482993,1.2334359,1.2862959,0.55,0.06073332,-0.017361123,1.0,0.98214287,0.98129255,0.9897959,0.28534971925473557,0.007860527553606594,0.0182,0.0325,0.144,0.0519,12.798732,14.34,1.97,4.68,-0.10999966,-0.0020000413,1.2507205,3.0,0.986149701889356,,2025-04,0.8721088435374149,0.9724489795918367,0.6260953954052785,0.8039965986394557,0.6992984693877551,0.6168036779929362,1,0.061217472,0.0062498483,chip_momentum_high_top5_liquid_open_ge_10_volume_ge_250k_amount_ge_20m_all
2025-04-30,2731,131.53125,129.625,1854611,67175924.72226563,0.21167883,0.1567112,0.12301587,0.07936508,0.9206349,0.11020408,0.11934157,0.088,0.05836576,0.08800000000000008,0.029634241,0.11088421482540328,0.06778330280031404,63.719833,0.21343537,1.6974955,2.7501233,0.7,0.06384386,0.014493702,0.75,0.93877554,0.88180274,0.9855442,0.16548171043777174,0.036092257044514915,0.22016667,-0.1118,0.13939999,0.038900003,22.090536,13.86,3.11,5.51,-0.12999916,-0.098999694,0.9667864,2.0,0.8144796380090499,,2025-04,0.7948979591836735,0.9457482993197278,0.7184509941423993,0.9494897959183675,0.7066326530612245,0.49863989073890425,2,0.20767884,0.15271121,chip_momentum_high_top5_liquid_open_ge_10_volume_ge_250k_amount_ge_20m_all
2025-04-30,5876,44.45581831830613,45.17672348022461,4749904,424877896.4375017,-0.009574429,-0.064542055,0.12301587,0.07936508,0.9206349,0.007502584,-0.009483702,0.044444423,0.11111114,0.04444442288632566,-0.06666672,0.013477055502080355,0.046071634029474125,56.61031,0.05782313,0.47116065,-0.710949,0.55,0.0736568,-0.03482278,0.6764706,0.9914966,0.86989796,0.99064624,0.1300158012768277,0.0033784827452295165,,,,,,16.91,1.15,3.83,0.01999998,0.027999997,0.41781873,3.0,0.5149913167729415,,2025-04,0.9032312925170067,0.9343537414965987,0.6275489550055496,0.7458333333333333,0.7292729591836734,0.7063647198009639,3,-0.013574429,-0.068542056,chip_momentum_high_top5_liquid_open_ge_10_volume_ge_250k_amount_ge_20m_all
2025-04-30,2412,124.20446229441283,124.68587493896484,9550171,2090551694.742813,-2.6904079e-08,-0.05496765,0.12301587,0.07936508,0.9206349,0.015686283,0.007782074,0.007782074,0.04016063,0.007782074053866106,-0.032378554,0.013302022384812094,0.015221785196736828,56.62192,0.0025510204,0.68035114,-0.5876035,0.45,0.070489354,-0.073005125,0.95652175,0.8894558,0.92346936,0.9328231,0.17833388724147622,0.00895339424400849,0.015933333,-0.073,0.36259997,0.2038,9.681541,26.98,2.61,3.86,0.009999275,0.019999888,2.612698,5.0,0.6046509989581104,,2025-04,0.920748299319728,0.9105442176870749,0.48215105524020174,0.6181972789115646,0.5284863945578231,0.5830823633801346,4,-0.004000027,-0.05896765,chip_momentum_high_top5_liquid_open_ge_10_volume_ge_250k_amount_ge_20m_all
2025-04-30,4142,19.299999237060547,19.799999237060547,5804323,31618668.27631379,-0.05316452,-0.10813215,0.12301587,0.07936508,0.9206349,0.06166218,0.058823444,-0.01492543,-0.11011239,-0.014925429786844746,0.09518696,0.06566197640597364,-0.08095775086923028,53.526897,0.26190478,1.2563454,3.1694202,0.55,0.030329337,-0.03546099,0.9649123,0.9345238,0.9863946,0.84183675,0.22787389020077775,0.05387975388175853,,,0.2878,-0.192,-6.0496984,,1.6,0.0,0.0,-0.0009998232,1.4259259,4.5,0.8526640639826407,,2025-04,0.6738095238095239,0.9003401360544216,0.4102648067861934,0.6613095238095238,0.7727465986394557,0.5583052786331925,5,-0.05716452,-0.11213215,chip_momentum_high_top5_liquid_open_ge_10_volume_ge_250k_amount_ge_20m_all
2025-05-29,1215,110.5,111.0,3284251,172478525.70518607,0.13636364,0.07861492,0.7619048,0.5952381,0.6507937,0.009639148,0.041474607,0.15603685,0.11694383,0.15603685335319994,0.039093025,0.04659201605881193,0.11743952408248312,73.171936,0.167517,1.4146329,1.4928446,0.55,0.11223911,0.035469133,1.0,0.98895496,0.9668649,0.98300767,0.28160946342208176,0.00832768813697586,0.022666667,0.1547,0.2142,0.1379,6.5339665,14.47,3.19,4.05,-0.1500001,-0.03400006,1.1847457,4.5,1.0904104435566735,,2025-05,0.8429192220181791,0.9654880376593086,0.6102600116140824,0.8726216129182394,0.6604449936953547,0.5147585912521278,1,0.13236365,0.07461492,chip_momentum_high_top5_liquid_open_ge_10_volume_ge_250k_amount_ge_20m_all
2025-05-29,2727,240.65831163194449,236.8980255126953,697290,139915503.98217925,0.0039682575,-0.053780463,0.7619048,0.5952381,0.6507937,0.02857145,0.11504427,0.13513514,0.07006372,0.13513514896769374,0.06507143,0.06960951828419337,0.10304578506082565,71.175,0.13180272,2.0900583,0.14472437,0.6,0.03306815,0.0950973,0.16666667,0.9983008,0.9983008,0.97366184,0.216643432274826,0.022980321445009447,0.0021,-0.1676,0.4733,0.08140001,8.892931,15.5,5.54,5.79,-0.59000015,-0.1170002,0.6939746,5.0,1.2864319886051014,,2025-05,0.779745735306007,0.963787208478659,0.6172078985871182,0.8938432829211933,0.5880940537571705,0.45573161504604726,2,-3.1742733e-05,-0.057780463,chip_momentum_high_top5_liquid_open_ge_10_volume_ge_250k_amount_ge_20m_all
2025-05-29,3017,618.5881725680443,614.6228637695312,6688661,3983737484.1297135,0.19837391,0.1406252,0.7619048,0.5952381,0.6507937,0.008130129,0.024793433,0.33620697,0.1946051,0.33620695775023735,0.14160188,0.07938722299975505,0.20487785009263185,70.863434,0.42942178,0.75047004,-0.12218423,0.65,0.2699653,0.034450166,0.7380952,0.9456245,0.9413764,0.95327103,0.18937116748274413,0.016513646052154343,0.7308667,0.5573,0.2583,0.1869,10.521704,24.51,8.34,1.61,0.0,0.049000073,0.5648369,2.0,0.773509818652405,,2025-05,0.8791177251885474,0.9561637619001597,0.5946351375681324,0.9592142885256397,0.709657218267666,0.44872564709154983,3,0.19437392,0.1366252,chip_momentum_high_top5_liquid_open_ge_10_volume_ge_250k_amount_ge_20m_all
2025-05-29,2421,99.32342228522668,100.28772735595705,1730194,259942593.49318925,0.021766,-0.03598272,0.7619048,0.5952381,0.6507937,0.004830941,0.03482588,0.20789783,0.117078505,0.20789782026526904,0.09081932,0.06290564683824158,0.10799392393857558,65.93753,0.3707483,0.6983094,-0.724746,0.7,0.13504511,0.052808903,0.87283236,0.94817334,0.9592183,0.9362787,0.2258824890836723,0.014058755691036378,0.50663334,0.2655,0.2926,0.123900004,5.5831137,17.36,3.36,3.57,-0.20999956,-0.06299992,1.0369823,2.5,0.8739497822354604,,2025-05,0.8021343681785108,0.9519031097804493,0.6660251539124089,0.9341352406598995,0.7184512482539308,0.4977559395105079,4,0.017765999,-0.03998272,chip_momentum_high_top5_liquid_open_ge_10_volume_ge_250k_amount_ge_20m_all
2025-05-29,5469,62.43805458829824,58.03291702270508,21295366,356471332.4631294,0.028380543,-0.029368177,0.7619048,0.5952381,0.6507937,0.023648579,0.07446801,0.28118387,0.10181818,0.281183871632509,0.1793657,0.08349718343440778,0.16054896493576795,64.22183,0.6955782,2.4213347,2.1180093,0.8,0.20833115,0.052808903,0.011560693,0.91588783,0.9371283,0.9082413,0.22337325833117833,-0.010252797604001537,,,0.205,0.1172,2.3529828,9.09,0.88,4.13,-0.21000004,-0.019999936,0.9480692,2.0,1.487528470766044,,2025-05,0.7962743841169744,0.9418834007170238,0.7613624675130805,0.9589475562862262,0.823096497954713,0.7371380758494923,5,0.024380542,-0.033368178,chip_momentum_high_top5_liquid_open_ge_10_volume_ge_250k_amount_ge_20m_all
2025-06-30,3017,730.6081282563036,736.5560913085938,3853188,6588084944.360538,0.16555402,0.11356983,0.8174603,0.90873015,0.48809522,0.01920442,-0.009333306,0.18124005,0.6205017,0.18124005129912835,-0.43926165,0.02716528385646088,0.2867657782120219,68.125,0.4571671,0.57023185,-1.2703134,0.65,0.14902648,0.012168887,0.86904764,0.9661017,0.9483051,0.9483051,0.17292634231797013,0.0009169141086164852,0.7669,0.1081,0.2583,0.1869,10.521704,29.37,10.0,1.35,-0.11000013,0.010999918,0.52322924,4.0,0.7915790720070436,,2025-06,0.8615838922453369,0.9545515236971598,0.573755366527026,0.9339398738978197,0.6907529639434836,0.436513688707136,1,0.16155402,0.10956983,chip_momentum_high_top5_liquid_open_ge_10_volume_ge_250k_amount_ge_20m_all
2025-06-30,2330,1075.0,1060.0,32413717,32877759078.01467,0.060185187,0.008201006,0.8174603,0.90873015,0.48809522,0.039215688,0.034146342,0.12526204,0.1276461,0.12526203895430887,-0.0023840666,0.025977577830664702,0.11215561957010833,58.879463,0.16115353,1.0602974,0.07728584,0.65,0.05789969,0.04618612,0.40857142,0.979661,0.979661,0.92118645,0.21226521352170669,0.002224668798715611,0.4473,-0.0355,0.5879,0.48509997,7.83878,20.99,6.02,1.6,-0.00999999,0.0,0.7941177,3.0,0.9114193914194524,,2025-06,0.9162922200103921,0.9514865759258726,0.5881704525120126,0.8826312951009877,0.7095912707547984,0.4743462984030068,2,0.056185186,0.0042010057,chip_momentum_high_top5_liquid_open_ge_10_volume_ge_250k_amount_ge_20m_all
2025-06-30,6196,181.9191400437128,182.8867950439453,1578514,243236213.92197952,0.1367688,0.08478462,0.8174603,0.90873015,0.48809522,0.041322332,0.07999997,0.108504355,0.141994,0.10850435733041186,-0.033489645,0.061797746314125324,0.13621561652759792,73.316315,0.32994062,1.2882422,0.19057108,0.75,0.052639283,0.01805054,0.7846154,0.96101695,0.96101695,0.9398305,0.23570503173847163,0.033964048352038985,,,0.1102,0.0573,6.696414,17.36,2.95,3.12,0.09000015,0.052000046,0.8224432,5.0,1.3333337370874139,,2025-06,0.781944899130383,0.9445308048689245,0.595354497653686,0.9149309528997062,0.6757906247302237,0.46647689215229393,3,0.13276881,0.08078462,chip_momentum_high_top5_liquid_open_ge_10_volume_ge_250k_amount_ge_20m_all
2025-06-30,2308,420.5,413.0,5198117,3309966924.1591554,0.25179857,0.1998144,0.8174603,0.90873015,0.48809522,0.0325,0.049555272,0.14380105,0.1330105,0.14380104268475935,0.010790542,0.0338243863649501,0.1442223351454365,63.86532,0.19253604,1.0155668,-0.81469905,0.6,0.109906256,0.0032784701,0.057803467,0.95677966,0.94661015,0.93813556,0.1605099181337137,0.004821367395843238,0.25396666,-0.23,0.31780002,0.118,4.0226254,27.03,4.38,1.69,0.0,0.0009999983,0.41598693,4.0,1.2787030524646503,,2025-06,0.8905253430558716,0.9442047710857242,0.550541139158397,0.8900251859830002,0.6832220655520704,0.4696273261159554,4,0.24779858,0.1958144,chip_momentum_high_top5_liquid_open_ge_10_volume_ge_250k_amount_ge_20m_all
2025-06-30,2539,64.69999694824219,66.5,1275877,42268930.47109032,0.015151516,-0.036832664,0.8174603,0.90873015,0.48809522,0.07258064,0.077795774,0.09735976,0.04559751,0.09735976360458953,0.051762253,0.06801573983363954,0.07425556172966673,73.699585,0.15012723,1.2910454,0.8810995,0.7,0.12334871,-0.024010144,1.0,0.9762712,0.9559322,0.95677966,0.1557837260927019,0.04213918248372035,3.4886334,-0.3246,0.3925,0.3508,9.846395,16.58,4.17,3.76,0.00999999,-0.0029999972,0.825054,3.5,1.2741926304387483,,2025-06,0.7409732612246271,0.942151880521424,0.6798854154735731,0.8696470908584434,0.7221813760755087,0.45960765088158323,5,0.011151515,-0.040832665,chip_momentum_high_top5_liquid_open_ge_10_volume_ge_250k_amount_ge_20m_all
2025-07-31,2308,581.0,567.0,14290496,5750749015.5,0.22797927,0.19850369,0.75793654,0.8769841,0.57539684,0.0945946,0.13627255,0.23529412,0.58758295,0.23529411764705888,-0.35228884,0.13661421268918508,0.3352411887024422,87.20177,0.53683317,0.7641754,0.5716122,0.6,0.1739514,0.011320755,0.9537572,0.9390347,0.93988144,0.93480104,0.1353215217682399,0.08687024966978173,0.19933334,-0.1639,0.31780002,0.118,4.0226254,33.71,6.94,1.23,0.00999999,0.018999983,0.40191388,4.0,1.206636500754148,,2025-07,0.8627869565714029,0.9464784224802308,0.5230263357971,0.9573646629104721,0.7153799925372063,0.45912938845541557,1,0.22397928,0.1945037,chip_momentum_high_top5_liquid_open_ge_10_volume_ge_250k_amount_ge_20m_all
2025-07-31,2059,2610.0,2665.0,593290,1878336312.5,0.16346154,0.13398595,0.75793654,0.8769841,0.57539684,0.057539683,0.18973215,0.33919597,0.42895442,0.33919597989949746,-0.089758456,0.14071696094168004,0.23493975903614459,80.074104,0.6782388,0.74585307,-0.51237077,0.75,0.27785325,0.011320755,0.8150289,0.93988144,0.87383574,0.9661304,0.12787825821888815,0.05949243335024052,0.68403333,-0.1556,0.7605,0.6887,10.544791,34.89,10.66,1.21,0.07999992,0.18099985,0.6992481,3.5,0.8654353562005277,,2025-07,0.7384598908522493,0.9429258456636862,0.5735724177929735,0.9643687012542355,0.6195971885360008,0.3534411529784937,2,0.15946154,0.12998596,chip_momentum_high_top5_liquid_open_ge_10_volume_ge_250k_amount_ge_20m_all
2025-07-31,5434,288.5,288.5,297339,164769019.875,0.040998217,0.011522626,0.75793654,0.8769841,0.57539684,0.008741259,-0.0068846815,0.028520498,0.24144846,0.028520499108734443,-0.21292797,0.014862369184768352,0.08935303433166998,61.176704,0.14225233,0.7004514,-1.4648451,0.55,0.041841432,-0.03431814,0.89285713,0.9872989,0.996613,0.9263336,0.2328879772925124,0.001545841723801227,,,0.1337,0.0721,5.648315,14.86,3.23,4.16,0.059999466,0.05899992,0.7888283,3.5,0.8380952380952381,,2025-07,0.708507736595406,0.9286594239297349,0.6097119328353715,0.7958247187564588,0.505129953070509,0.40202036344029135,3,0.036998216,0.0075226254,chip_momentum_high_top5_liquid_open_ge_10_volume_ge_250k_amount_ge_20m_all
2025-07-31,8464,430.5,429.5,1223034,201767927.575,0.045949213,0.016473621,0.75793654,0.8769841,0.57539684,0.043742407,0.032451924,0.037439615,0.13026316,0.03743961352656999,-0.09282355,0.04647621368094046,0.03143949248534084,58.89906,0.50550383,1.7189031,2.4206705,0.5,0.060440317,-0.027610045,0.6666667,0.9762913,0.98221844,0.9305673,0.1325437768485063,0.04662570153207097,,,0.5821,0.286,7.1411448,17.35,4.96,3.38,0.069999695,0.035999823,0.35689652,2.5,1.4954128440366972,,2025-07,0.6857308295094325,0.9229069016489904,0.5653073022794345,0.7648931309201876,0.5550942536488755,0.4197329553440756,4,0.041949213,0.0124736205,chip_momentum_high_top5_liquid_open_ge_10_volume_ge_250k_amount_ge_20m_all
2025-07-31,2474,212.5,212.0,1014302,445715428.975,-0.098086126,-0.12756172,0.75793654,0.8769841,0.57539684,-0.013953488,-0.007025761,0.016786572,0.027878104,0.01678657074340517,-0.011091532,0.0021271567005435527,0.023498068792376637,53.47191,0.09906859,0.49713764,-0.7450983,0.55,-0.012502896,0.016786572,0.36923078,0.98391193,0.98391193,0.9373412,0.228197741532445,-0.010336253076462756,0.08353333,-0.0336,0.3502,0.1985,1.7760755,11.92,0.82,7.47,-0.059999943,0.016999912,0.6055313,3.5,0.7482014388489209,,2025-07,0.7156907379837941,0.9167960217569139,0.7523790882794578,0.6559667178342512,0.5648138248252701,0.683412319313645,5,-0.10208613,-0.13156171,chip_momentum_high_top5_liquid_open_ge_10_volume_ge_250k_amount_ge_20m_all
2025-08-29,6944,588.0,583.0,872478,618024014.8,-0.11072665,-0.16632089,0.6468254,0.77380955,0.79761904,0.077634014,0.166,0.35266823,0.31498876,0.35266821345707666,0.037679464,0.13995209463753236,0.2609114263702289,71.99121,0.7722269,1.4625906,-0.4945748,0.6,0.29161656,0.031088082,0.53846157,0.92978,0.91539764,0.98730963,0.15264997565491972,0.07331287091667822,,,0.21450001,0.17639999,14.424505,25.49,6.9,2.4,-0.26000023,-0.17800026,0.5140781,3.0,1.3401015228426396,,2025-08,0.6668946179649093,0.9417808189738544,0.5551618352539424,0.8734607933504197,0.5687234856462517,0.38179587690606054,1,-0.11472665,-0.17032088,chip_momentum_high_top5_liquid_open_ge_10_volume_ge_250k_amount_ge_20m_all
2025-08-29,2850,105.5,108.0,586866,38192858.61347656,0.09677419,0.04117995,0.6468254,0.77380955,0.79761904,0.04347826,0.023696683,0.1368421,0.12131726,0.13684210526315788,0.015524842,0.04393214518047172,0.08942040315403384,71.225624,0.10584251,0.75130624,0.5095692,0.5,0.10292219,0.017741242,1.0,0.9864636,0.9966159,0.9822335,0.18037126552046379,0.021232197493869155,0.0808,0.1134,0.39450002,0.2025,423.54938,10.25,1.85,6.62,-0.030000687,0.007999707,1.0594836,4.5,0.8076009793895792,,2025-08,0.6210882258988489,0.9353190891885192,0.8067648111204678,0.6497418519090987,0.47435190717092834,0.5082850147069147,2,0.09277419,0.03717995,chip_momentum_high_top5_liquid_open_ge_10_volume_ge_250k_amount_ge_20m_all
2025-08-29,2317,206.0,203.5,52960909,13495373490.0,0.08128079,0.025686553,0.6468254,0.77380955,0.79761904,0.004938272,-0.016908212,0.14325842,0.3562103,0.1432584269662922,-0.21295187,0.017372828396450414,0.175460425411392,62.180534,0.24470787,0.6823815,-0.46186757,0.6,-0.091561645,0.18697226,0.24615385,0.9780034,0.99069375,0.92893404,0.2137417413105119,-0.013064946902009229,0.09753333,-0.1829,0.0623,0.03,5.836367,15.52,1.94,2.85,-0.020000458,0.040999994,1.6964618,4.5,0.7959183673469387,,2025-08,0.8710544232140409,0.9280462941870077,0.6612514280580523,0.754143978510751,0.6686238575814755,0.6245356182420186,3,0.07728079,0.021686552,chip_momentum_high_top5_liquid_open_ge_10_volume_ge_250k_amount_ge_20m_all
2025-08-29,5243,80.01245059604912,78.05136108398438,6038358,230807472.99037743,-0.035459112,-0.09105335,0.6468254,0.77380955,0.79761904,0.111842796,0.13943593,0.19527347,0.54251707,0.19527346763092246,-0.3472436,0.10870493477045876,0.25428257258201586,74.75681,0.61642677,2.0956807,0.9420935,0.7,0.062467292,0.0843537,0.16483517,0.9103215,0.93654823,0.9162437,0.1873643885737922,0.05324036530450247,,,0.1975,0.0747,5.0697465,19.37,1.87,1.88,-0.8899994,-0.27099982,1.2220796,3.5,1.699711474392345,,2025-08,0.7356334291392899,0.911982446262094,0.5850409110353412,0.8884706530354116,0.7367420172184804,0.5616332197182977,4,-0.039459113,-0.09505335,chip_momentum_high_top5_liquid_open_ge_10_volume_ge_250k_amount_ge_20m_all
2025-08-29,8926,47.150001525878906,46.79999923706055,521893,75430952.87132092,0.0021368011,-0.053457435,0.6468254,0.77380955,0.79761904,0.0,-0.0042553353,0.078340955,0.112338655,0.07834095833278387,-0.0339977,0.00976318045081391,0.05518486122090691,58.01459,0.08975445,0.50485784,-0.86167073,0.6,0.091813415,-0.0034721694,0.5714286,0.98815566,0.99830794,0.8781726,0.27226995783856967,-0.006795046931056456,,,0.1649,0.1082,8.136493,18.35,2.27,4.49,-0.059999466,0.0030001625,1.365934,5.0,0.6586827550982182,,2025-08,0.6110910706471017,0.892826062973963,0.6176238253345064,0.6143232966278372,0.5779615127276061,0.5161538946460527,5,-0.001863199,-0.057457436,chip_momentum_high_top5_liquid_open_ge_10_volume_ge_250k_amount_ge_20m_all
2025-09-30,3231,135.0,140.5,108929876,5379741831.275,0.030821918,-0.06262348,0.81349206,0.8174603,0.21428572,0.1563786,0.17573221,0.28310502,0.18067227,0.2831050228310503,0.10243274,0.1732776617954071,0.18473754479657084,81.72663,0.44585449,1.9947345,1.9841162,0.7,0.2609187,-0.0041675493,1.0,0.9754653,0.9729272,0.98815566,0.16274690324497174,0.11203401398445233,-0.025066666,0.0715,0.0574,0.028900001,12.119294,20.69,2.95,2.7,-0.5,-0.15600008,1.221239,4.0,1.8064516129032258,,2025-09,0.841356792566463,0.9747884940778343,0.6127883505372197,0.9119997705698472,0.784263959390863,0.590404257483477,1,0.026821917,-0.06662348,chip_momentum_high_top5_liquid_open_ge_10_volume_ge_250k_amount_ge_20m_all
2025-09-30,2887,17.899999618530273,18.0,63892723,1090406298.4255183,0.03314919,-0.060296208,0.81349206,0.8174603,0.21428572,0.028571429,0.03151858,0.097561,0.19342595,0.09756100113940813,-0.09586495,0.03537532128292006,0.08691471559014328,71.429375,0.06175973,1.1925684,0.056067303,0.7,0.06005606,0.03797151,0.5294118,0.9974619,0.99830794,0.97715735,0.33699368866539753,0.02149078232924244,0.28593335,0.7698,,,,12.86,1.19,5.0,-0.07000065,0.012999721,1.2431842,4.5,1.0505050816422783,,2025-09,0.878925119733861,0.962605752961083,0.7716495497580711,0.8312939860621181,0.92332910321489,0.865446415395482,2,0.02914919,-0.06429621,chip_momentum_high_top5_liquid_open_ge_10_volume_ge_250k_amount_ge_20m_all
2025-09-30,2855,23.049999237060547,23.350000381469727,3405168,69200733.68731137,0.012820562,-0.08062483,0.81349206,0.8174603,0.21428572,0.028634343,0.024122858,0.13075064,0.20079485,0.13075064468846764,-0.070044205,0.046029814809327274,0.13404984618791588,72.90858,0.10067682,1.1181952,0.2612497,0.65,0.0932457,0.03797151,0.9705882,0.9712352,0.97377324,0.97377324,0.22712065616185564,0.021744330320979104,0.31916666,1.2473,,,,18.68,1.0,8.99,-0.03999996,0.013000108,1.0459242,4.5,1.1315778378313368,,2025-09,0.7765599816455877,0.9575296108291033,0.78570239683915,0.8651386618486334,0.8684433164128595,0.8004003748006723,3,0.008820562,-0.084624834,chip_momentum_high_top5_liquid_open_ge_10_volume_ge_250k_amount_ge_20m_all
2025-09-30,2317,224.0,216.0,87033036,14695677094.475,0.17579909,0.08235369,0.81349206,0.8174603,0.21428572,0.0,0.0,0.08816121,0.3416149,0.08816120906801017,-0.2534537,0.014560826679192082,0.11579853637537661,55.735844,0.34771574,1.4511359,0.61182165,0.6,0.09985332,-0.04142016,0.06153846,0.9915398,0.9923858,0.97208124,0.2678303677336728,-0.021970269783184518,0.093166664,-0.0131,0.0623,0.03,5.836367,16.48,2.05,2.69,-0.23999977,-0.041000083,1.6318786,4.0,1.4181818181818182,,2025-09,0.8678055005879146,0.9560067681895094,0.6555437453700014,0.8362488170007744,0.712246192893401,0.6120088083888872,4,0.1717991,0.07835369,chip_momentum_high_top5_liquid_open_ge_10_volume_ge_250k_amount_ge_20m_all
2025-09-30,2451,108.5,110.0,2043579,249650280.78926238,0.17777778,0.084332384,0.81349206,0.8174603,0.21428572,-0.09090909,-0.055793993,0.11111111,-0.030140152,0.11111111111111116,0.14125127,-0.011058167082169662,0.08887315087193934,51.40904,0.6725888,0.8217974,-0.17495368,0.7,0.032319903,0.04464286,0.81714284,0.9678511,0.97461927,0.92978,0.2078280662719286,-0.06372423878595834,0.5239,0.0336,0.3169,0.2027,4.4214034,29.89,2.64,5.54,-0.16999984,-0.04699993,1.0082644,2.5,1.1512415548155215,,2025-09,0.5902747426080472,0.9443316412859561,0.6616327736956619,0.667516705383005,0.7127749576988156,0.5826286478951131,5,0.17377779,0.08033238,chip_momentum_high_top5_liquid_open_ge_10_volume_ge_250k_amount_ge_20m_all
2025-10-31,2548,105.0,104.0,726190,109401703.02832222,0.009615385,0.031110147,0.96031743,0.984127,0.30555555,-0.014218009,0.024630541,0.08446296,0.078838155,0.08446296501815254,0.0056248084,0.026400197384653313,0.045839274602611564,58.055305,0.22673436,0.7817171,-0.46927857,0.55,0.08899698,-0.017700503,0.3043478,0.97208124,0.99069375,0.9331641,0.15748157387710815,-0.0064474989874557685,0.68336666,1.8134,0.32810003,0.1525,1.192394,22.37,1.63,5.77,-0.10000038,-0.11400013,0.92617446,3.5,1.0389609360176248,,2025-10,0.6836964573026674,0.940439932318105,0.6845931807164839,0.7806507720234794,0.622673434856176,0.5770064229029572,1,0.005615385,0.027110146,chip_momentum_high_top5_liquid_open_ge_10_volume_ge_250k_amount_ge_20m_all
2025-10-31,8996,617.0,624.0,1777803,3085418136.55,-0.18253969,-0.16104493,0.96031743,0.984127,0.30555555,0.23564357,0.13454546,0.8880484,1.0425532,0.8880484114977307,-0.15450478,0.2639894667544437,0.5843930513531242,81.00217,0.79187816,0.33431584,-0.8223544,0.6,0.8716444,-0.034965035,0.8947368,0.8747885,0.9103215,0.9348562,0.09848862675844636,0.13618037384577836,0.6673,,0.2963,0.1721,8.0536375,102.46,17.92,0.64,-0.029999733,-0.061999917,0.46340388,3.5,1.1193415637860082,,2025-10,0.7727554583213343,0.9267343485617596,0.5098819142733849,0.9840921757494222,0.672165820642978,0.3888344931236398,2,-0.18653968,-0.16504492,chip_momentum_high_top5_liquid_open_ge_10_volume_ge_250k_amount_ge_20m_all
2025-10-31,6257,98.5,104.5,9907506,377916052.4711353,-0.07373272,-0.052237958,0.96031743,0.984127,0.30555555,0.11407246,0.13586956,0.14835165,0.3144654,0.14835164835164827,-0.16611375,0.11836471506963327,0.19569777224648532,71.153,0.45600677,1.4298004,2.6140103,0.55,0.10111146,-0.0034662178,0.9771429,0.928088,0.9602369,0.9103215,0.10905647014627434,0.06273395214301039,0.045,,0.2997,0.21540001,5.8065543,18.63,2.47,3.87,-0.09000015,0.061000157,1.1307262,4.0,1.5215947416473325,,2025-10,0.8060693066044291,0.9263959390862944,0.6284743382451924,0.9089457871458843,0.7411167512690355,0.5971856280561799,3,-0.07773272,-0.05623796,chip_momentum_high_top5_liquid_open_ge_10_volume_ge_250k_amount_ge_20m_all
2025-10-31,6271,123.0,125.5,7331679,292618289.675,-0.007874016,0.013620746,0.96031743,0.984127,0.30555555,0.05462185,0.13574661,0.08189655,0.21256039,0.0818965517241379,-0.13066384,0.09130434782608696,0.11580351189153151,69.093185,0.5668359,1.3979601,3.5225186,0.55,0.034656353,-0.0034662178,0.93714285,0.927242,0.95516074,0.94162434,0.15279132115611246,0.040690511380237264,-0.0056,,0.2717,0.1397,2.5480137,17.38,1.0,2.39,-0.020000458,-0.07700023,1.2469946,3.0,1.2,,2025-10,0.7442992617171774,0.9243654822335025,0.6221919386670202,0.862234963916839,0.6997673434856176,0.6356792760730747,4,-0.011874016,0.009620747,chip_momentum_high_top5_liquid_open_ge_10_volume_ge_250k_amount_ge_20m_all
2025-10-31,6505,45.84999847412109,44.70000076293945,5209287,318444259.4526699,0.1622222,0.18371697,0.96031743,0.984127,0.30555555,-0.038709663,0.041958023,0.10098528,0.13451774,0.10098528184506605,-0.033532463,0.04177593386147517,0.0876353656943782,60.564297,0.48392555,0.92407864,-0.68697107,0.55,0.13575166,-0.004405219,0.14285715,0.93401015,0.9534687,0.91201353,0.13331385250665137,0.005326748288996477,-0.0156,,0.0061000003,-0.0115,-1.3107755,,1.49,1.79,-0.029999971,-0.013999987,1.897436,2.0,0.8107207183950716,,2025-10,0.7458076338415207,0.9225042301184434,0.5066308297727847,0.8278719316418591,0.7774957698815568,0.6391135161776061,5,0.15822221,0.17971697,chip_momentum_high_top5_liquid_open_ge_10_volume_ge_250k_amount_ge_20m_all
2025-11-28,2903,24.14999961853028,24.100000381469727,2990193,101333795.32732783,-0.07916665,-0.12203893,0.19444445,0.5436508,0.5,0.008368233,0.059340674,0.11316401,0.1586539,0.11316400952000416,-0.045489892,0.053436801296258295,0.08391741372703823,67.28722,0.1531303,0.9435986,-0.52999294,0.45,0.07621542,0.012338507,0.33333334,0.99069375,1.0,0.93401015,0.28603828636085127,0.016598303948123068,0.014233333,0.0697,0.5927,0.115600005,5.00321,14.43,1.11,5.6,-0.119999886,-0.08800006,1.1166078,4.5,0.9377981942070673,,2025-11,0.8065989847715735,0.9661590524534688,0.7166621429528894,0.7927241962774957,0.7452411167512689,0.7685279187817259,1,-0.08316665,-0.12603892,chip_momentum_high_top5_liquid_open_ge_10_volume_ge_250k_amount_ge_20m_all
2025-11-28,6505,52.09999847412109,52.29999923706055,4922318,689232447.5170361,-0.061302695,-0.10417497,0.19444445,0.5436508,0.5,-0.013207561,-0.016917322,0.17002234,0.31242162,0.1700223343267191,-0.14239928,0.012584689972130655,0.17139815983708453,55.374733,0.79441625,0.84917104,-1.3199499,0.6,0.16737235,0.0012658035,0.85714287,0.9255499,0.9568528,0.92385787,0.16675552902290564,-0.026740759266292144,-0.02305,,0.028900001,0.0117,1.5296077,81.72,1.62,1.53,0.01999998,0.014999997,1.9295776,3.0,0.9922479588598224,,2025-11,0.7566835871404399,0.9441624365482232,0.4509025538868308,0.8621827411167512,0.8002326565143824,0.6236040609137056,2,-0.06530269,-0.10817497,chip_momentum_high_top5_liquid_open_ge_10_volume_ge_250k_amount_ge_20m_all
2025-11-28,2467,198.5,205.0,3046575,216885552.75,0.17961165,0.13673937,0.19444445,0.5436508,0.5,0.19533528,0.19533528,0.15819208,0.051282052,0.15819209039548032,0.106910035,0.14015572858731917,0.10417882310696172,69.430435,0.6285956,2.1580331,1.9148297,0.6,0.1503617,-0.027431384,0.9017341,0.94754654,0.96108294,0.9323181,0.12673996066712373,0.06428332568845391,0.5018,0.1281,0.4301,0.1392,10.593234,40.59,5.84,2.44,-0.11000061,-0.028000068,0.972422,3.0,1.4000000000000001,,2025-11,0.7125211505922167,0.9404399323181047,0.5650660402834743,0.8853637901861253,0.6973350253807107,0.4368866328257191,3,0.17561166,0.13273938,chip_momentum_high_top5_liquid_open_ge_10_volume_ge_250k_amount_ge_20m_all
2025-11-28,3406,445.0,447.0,560129,546510625.625,-0.016778523,-0.0596508,0.19444445,0.5436508,0.5,-0.0055617355,0.020547945,0.06555423,0.006756757,0.06555423122765203,0.058797475,0.021714285714285714,0.03432317778634782,54.553185,0.4069374,0.8026485,-0.71852493,0.65,0.07505107,-0.042586762,0.46153846,0.96362096,0.98307955,0.9441624,0.14521366193399327,-0.01078942764687956,0.0852,,0.3182,0.18540001,10.491303,14.89,2.09,4.03,0.33000088,0.103000164,0.71398157,2.5,0.8484848484848485,,2025-11,0.6813874788494079,0.9340101522842639,0.6707797574565063,0.7695431472081218,0.6008883248730964,0.4981387478849407,4,-0.020778524,-0.0636508,chip_momentum_high_top5_liquid_open_ge_10_volume_ge_250k_amount_ge_20m_all
2025-11-28,2890,27.200000762939453,26.950000762939453,18609348,723412742.3246505,0.07235617,0.029483894,0.19444445,0.5436508,0.5,0.0093632955,0.003724409,0.050682306,0.13953494,0.05068230657867212,-0.08885263,0.007288381523619738,0.0446074104425427,56.091915,0.07360406,1.2197118,-0.60371417,0.55,0.033682372,0.0083212415,0.20588236,0.97377324,0.8637902,0.9974619,0.22956187109864987,0.00044539094062111067,0.27833334,0.3495,,,,14.57,1.63,4.64,-0.01999998,0.014999963,1.3272396,5.0,1.0526319076994568,,2025-11,0.8747884940778343,0.9248730964467005,0.6963894987539622,0.7545685279187817,0.8311125211505922,0.7705583756345178,5,0.06835617,0.025483893,chip_momentum_high_top5_liquid_open_ge_10_volume_ge_250k_amount_ge_20m_all
2025-12-31,5522,77.69999694824219,76.5,1245502,268749179.21600187,-0.12077926,-0.2441296,0.7063492,0.5515873,0.50793654,-0.06019658,0.17151603,0.3010204,0.24999999,0.30102042504421456,0.05102043,0.10469312862362501,0.260677296608461,66.70776,0.7368866,0.7647791,-0.5999417,0.55,0.2555623,0.022493428,0.5,0.9864636,0.9813875,0.94839257,0.15896762130260086,0.010731028832790535,2.1736667,,0.3483,0.21149999,2.9454668,29.09,1.3,4.05,-0.19000006,-0.07699999,1.0218182,2.0,1.0766610421010596,,2025-12,0.6959390862944163,0.9676818950930626,0.6851503538854743,0.9010998307952622,0.6865482233502538,0.6263959390862944,1,-0.12477926,-0.24812959,chip_momentum_high_top5_liquid_open_ge_10_volume_ge_250k_amount_ge_20m_all
2025-12-31,6944,694.0,692.0,954167,890704274.75,0.04040404,-0.0829463,0.7063492,0.5515873,0.50793654,0.0116959065,0.020648967,0.2720588,0.28624535,0.2720588235294117,-0.014186531,0.05151192827837711,0.17076471915181582,62.757915,0.76226735,0.5249396,-0.5767278,0.65,0.15555163,0.0521327,0.6923077,0.95516074,0.94754654,0.9467005,0.14650722830451685,-0.013198527415635968,0.82923335,,0.22,0.1835,22.527395,25.18,7.37,2.02,0.21000004,0.2800002,0.5179111,3.5,0.8472222222222221,,2025-12,0.707445008460237,0.9494077834179355,0.6239050652847359,0.9019458544839256,0.6301818950930625,0.39619289340101527,2,0.03640404,-0.0869463,chip_momentum_high_top5_liquid_open_ge_10_volume_ge_250k_amount_ge_20m_all
2025-12-31,2883,17.450000762939453,17.25,26400111,749265262.7587874,0.05217389,-0.071176454,0.7063492,0.5515873,0.50793654,-0.02542377,0.008771908,0.08832805,0.1461794,0.08832804951645401,-0.057851344,0.014407526060083114,0.06860771866274494,58.782093,0.14043993,0.7073244,-0.8718248,0.6,0.06281345,0.015412676,0.05882353,0.99323183,0.9856176,0.964467,0.24415999044746156,-0.014109878562944461,0.8091,-4.297,,,,13.69,1.03,5.51,-0.06000042,-0.0020000488,1.4281466,4.5,0.910567673509035,,2025-12,0.8558375634517766,0.9434856175972927,0.7800231189208007,0.7807952622673435,0.8852580372250423,0.8780879864636211,3,0.04817389,-0.075176455,chip_momentum_high_top5_liquid_open_ge_10_volume_ge_250k_amount_ge_20m_all
2025-12-31,2548,118.0,116.5,1209771,186818592.425,-0.073275864,-0.1966262,0.7063492,0.5515873,0.50793654,-0.012711864,0.120192304,0.15346535,0.227608,0.15346534653465338,-0.07414265,0.06198723792160435,0.1202820738841254,66.29675,0.3900169,0.9274662,-0.22970243,0.55,0.10800722,0.022493428,0.19565217,0.9517766,0.9467005,0.9357022,0.16354930565626036,0.015776139495615394,166.04887,375.3373,0.2825,0.1573,2.9439511,82.62,1.88,5.15,-0.17000008,-0.02600012,0.95867026,4.0,1.0847457627118644,,2025-12,0.7402707275803723,0.9377326565143825,0.6175084624495446,0.850507614213198,0.6351522842639594,0.572419627749577,4,-0.077275865,-0.2006262,chip_momentum_high_top5_liquid_open_ge_10_volume_ge_250k_amount_ge_20m_all
2025-12-31,1560,408.0,396.5,5466149,1663104601.95,0.06716418,-0.05618616,0.7063492,0.5515873,0.50793654,0.07017544,0.07162162,0.23136646,0.15766424,0.23136645962732927,0.073702216,0.08734402852049918,0.19379767161782419,75.14061,0.680203,0.8282027,0.3769041,0.75,0.1964693,0.017006803,0.45614034,0.93401015,0.92385787,0.94500846,0.1177708654767333,0.03698117003029271,0.16016667,0.0161,0.3186,0.1617,11.432217,52.03,7.71,1.01,-0.24000025,0.10100016,0.6285979,4.0,0.9839228295819936,,2025-12,0.767005076142132,0.931472081218274,0.49583694698068553,0.9098138747884941,0.7041032148900169,0.4344331641285956,5,0.06316418,-0.06018616,chip_momentum_high_top5_liquid_open_ge_10_volume_ge_250k_amount_ge_20m_all
2026-01-30,1326,44.25,42.34999847412109,72599421,1455017970.3518572,0.05896512,-0.0049837753,0.96428573,0.99603176,0.60714287,0.19464026,0.22753619,0.36833593,0.5233813,0.3683359428162718,-0.15504536,0.19920709386570037,0.2675845084036687,72.40749,0.7571912,2.1836069,1.1195892,0.7,0.25357816,0.12536076,0.21428572,0.9568528,0.96192896,0.9898477,0.19181391869417871,0.09474821410941633,-0.2002,-0.0339,0.030199999,-0.0143,-1.733991,,0.88,1.18,-0.34000015,-0.10500002,1.5102563,3.0,1.825435674510673,,2026-01,0.8028764805414552,0.9724196277495769,0.5023495749264791,0.955922165820643,0.873730964467005,0.7344331641285956,1,0.05496512,-0.008983776,chip_momentum_high_top5_liquid_open_ge_10_volume_ge_250k_amount_ge_20m_all
2026-01-30,6446,747.0,770.0,7987951,2997375777.55,-0.12646675,-0.19041565,0.96428573,0.99603176,0.60714287,0.28333333,0.31175467,0.5555556,0.5539859,0.5555555555555556,0.0015696883,0.320698083272587,0.4660151043980453,81.52003,0.5566836,1.8255248,0.9593351,0.75,0.49740884,0.020294577,1.0,0.9441624,0.96108294,0.9517766,0.12846712208686117,0.14166739239451004,0.5884333,0.2859,0.8939,0.31309998,11.997284,53.4,8.63,0.29,-0.10999966,-0.021999933,0.9013995,3.5,1.66,,2026-01,0.8314720812182742,0.9602368866328257,0.5309878464039052,0.977580372250423,0.7173223350253807,0.41615905245346874,2,-0.13046674,-0.19441564,chip_momentum_high_top5_liquid_open_ge_10_volume_ge_250k_amount_ge_20m_all
2026-01-30,1301,49.59999847412109,47.29999923706055,48473195,2377431749.6707335,0.012889416,-0.05105948,0.96428573,0.99603176,0.60714287,0.06531526,0.09999998,0.23016901,0.28358212,0.23016900646335703,-0.053413108,0.0854225065335581,0.13825049161752231,60.784664,0.6319797,1.8762779,-0.0899721,0.65,0.115411244,0.12536076,0.14285715,0.95854485,0.9754653,0.9035533,0.17852448237463908,0.024206070073778223,-0.18013333,0.0275,0.0344,-0.0383,-2.4570343,,1.03,1.06,-0.23999977,-0.052999973,1.770878,2.0,1.5700478827417375,,2026-01,0.8040609137055836,0.9463620981387478,0.48067877754363014,0.8886632825719119,0.8417935702199661,0.7175972927241963,3,0.008889416,-0.05505948,chip_momentum_high_top5_liquid_open_ge_10_volume_ge_250k_amount_ge_20m_all
2026-01-30,1215,151.0,148.5,804568,195667086.55,0.04040404,-0.023544855,0.96428573,0.99603176,0.60714287,-0.01,-0.045016076,0.125,0.060714286,0.125,0.06428571,0.012269938650306827,0.051823869673001975,54.290188,0.30033842,0.5306142,-0.42186314,0.55,0.13242641,-0.0077972263,0.23076923,0.97969544,0.95516074,0.999154,0.12727701683344655,-0.0188849414699663,0.03486667,0.0794,0.216,0.1362,19.464876,14.53,3.77,3.03,-0.07000017,-0.03300004,0.94582725,3.5,0.7374301675977654,,2026-01,0.6360406091370558,0.9421319796954315,0.6294043890634534,0.7131133671742809,0.563769035532995,0.40321489001692046,4,0.03640404,-0.027544856,chip_momentum_high_top5_liquid_open_ge_10_volume_ge_250k_amount_ge_20m_all
2026-01-30,8046,370.0,388.5,3756776,5460236897.65,0.23490813,0.17095923,0.96428573,0.99603176,0.60714287,0.017015707,0.34196892,0.6392405,0.4283088,0.639240506329114,0.21093169,0.2454917047367155,0.39769150052465907,73.12729,0.78341794,0.199174,-0.79639786,0.75,0.6022845,0.0042918455,0.9653179,0.9187817,0.8604061,0.99830794,0.1053205566975858,0.1459965931182687,0.41796666,0.2735,0.0775,0.035099998,1.6787885,271.68,5.65,0.26,-0.03999996,-0.12699997,0.6806723,3.5,1.1485148514851484,,2026-01,0.7641285956006769,0.9411167512690357,0.4219281099234025,0.9675972927241963,0.6984983079526227,0.41395939086294414,5,0.23090814,0.16695924,chip_momentum_high_top5_liquid_open_ge_10_volume_ge_250k_amount_ge_20m_all
2026-02-26,2883,20.799999237060547,21.950000762939453,153318902,1251104604.4200342,-0.06367926,0.0013195144,0.9484127,1.0,0.3690476,0.16137573,0.20273978,0.21270719,0.444079,0.2127071989131697,-0.23137182,0.16538365022046872,0.24739538541169095,89.662025,0.15989847,1.8115815,2.1727707,0.6,0.12988505,0.05704076,0.9411765,0.99830794,1.0,0.9813875,0.31995024777495473,0.10187876985638777,0.018333333,-1.5343,,,,17.42,1.31,4.33,-0.21000004,-0.021000192,1.4347368,3.5,1.6989241533991493,,2026-02,0.8949238578680203,0.9773265651438241,0.6541145200523765,0.8912859560067682,0.9115905245346869,0.8417089678510997,1,-0.06767926,-0.0026804858,chip_momentum_high_top5_liquid_open_ge_10_volume_ge_250k_amount_ge_20m_all
2026-02-26,2880,37.0,38.09999847412109,39040840,559726320.9413509,-0.118421055,-0.05342228,0.9484127,1.0,0.3690476,0.115666084,0.1510574,0.15279877,0.30479443,0.15279877015542365,-0.15199566,0.11289612549156271,0.1809985862128652,84.271194,0.14551607,1.9196788,2.3672,0.7,0.069976635,0.05704076,0.7058824,0.98477155,0.98477155,0.999154,0.28119227219322507,0.06810299929191678,0.1752,0.1787,,,,21.05,2.33,3.54,-0.029999733,0.0060000904,1.216458,4.5,1.6786885049066989,,2026-02,0.848223350253807,0.9683587140439933,0.6004631389590803,0.8611675126903554,0.8611463620981388,0.6849407783417936,2,-0.122421056,-0.05742228,chip_momentum_high_top5_liquid_open_ge_10_volume_ge_250k_amount_ge_20m_all
2026-02-26,3010,129.5,129.5,2971368,243275965.15,-0.008064516,0.05693426,0.9484127,1.0,0.3690476,0.048582997,0.06584362,0.121212125,0.25120774,0.1212121212121211,-0.12999561,0.06431066365317446,0.1255975662755324,66.14706,0.51184434,1.2189347,1.3553243,0.7,0.09145682,0.005298092,0.8214286,0.9712352,0.9729272,0.98054147,0.18349384207622133,0.056074405850967055,0.0325,0.1226,0.0784,0.035,7.6679177,15.58,1.5,4.09,-0.25,-0.021999925,0.99473685,4.0,0.9523809523809524,,2026-02,0.684263959390863,0.9521150592216582,0.6739591662063736,0.8141285956006769,0.680414551607445,0.5943316412859561,3,-0.012064517,0.05293426,chip_momentum_high_top5_liquid_open_ge_10_volume_ge_250k_amount_ge_20m_all
2026-02-26,3017,1680.0,1765.0,10043835,9918445285.0,0.2761628,0.34116158,0.9484127,1.0,0.3690476,0.08950617,0.0795107,0.36293435,0.4233871,0.3629343629343629,-0.06045276,0.15434924787442772,0.22533989007810235,69.017914,0.7394247,0.97461313,1.368197,0.65,0.35486087,-0.028578624,0.96428573,0.9458545,0.9602369,0.9467005,0.12554093791389806,0.07040129768504454,1.3398,0.1768,0.255,0.1909,32.909676,46.31,18.91,0.56,-0.07999992,-0.014999919,0.530914,3.5,1.2401215805471124,,2026-02,0.7805414551607445,0.9510998307952623,0.5665450091005373,0.9022842639593908,0.6968062605752962,0.4263959390862945,4,0.2721628,0.33716157,chip_momentum_high_top5_liquid_open_ge_10_volume_ge_250k_amount_ge_20m_all
2026-02-26,6505,55.59999847412109,54.5,15530414,589047955.3164345,-0.060100205,0.004898572,0.9484127,1.0,0.3690476,0.1122449,0.11794872,0.17583607,0.028301887,0.17583606891442205,0.14753419,0.077447728212137,0.09236679472189746,61.59826,0.6133672,1.040074,0.5956228,0.55,0.14708304,0.035353575,0.14285715,0.9407783,0.9424704,0.9839255,0.15559948974120535,0.052734653534875976,-0.0593,-0.0764,0.028900001,0.0117,1.5296077,85.16,1.69,1.47,0.0,-0.024000002,1.8441558,3.5,1.099236968938544,,2026-02,0.65414551607445,0.9463620981387478,0.4274771823561256,0.6960236886632826,0.7682952622673433,0.6346023688663284,5,-0.064100206,0.0008985717,chip_momentum_high_top5_liquid_open_ge_10_volume_ge_250k_amount_ge_20m_all
2026-03-31,3702,89.5999984741211,88.0,22554494,1762606770.0438004,0.09071276,-0.13636671,0.071428575,0.1904762,0.3888889,-0.029768435,-0.022222223,0.3037037,0.51202744,0.3037037037037038,-0.20832375,0.056930100423669715,0.2563651134726892,62.36376,0.51692045,1.0384272,0.21109767,0.5,0.30417773,-0.019567808,0.60714287,0.9915398,0.99069375,0.98477155,0.2310718802786047,-0.04773268951302071,0.21906666,0.0203,0.0396,0.02,9.703954,14.62,1.78,3.64,-0.18000007,-0.05099988,0.84085506,2.0,0.9932889502919431,,2026-03,0.8441624365482234,0.9854483925549916,0.7177573696930489,0.8930626057529611,0.733502538071066,0.6591370558375634,1,0.08671276,-0.1403667,chip_momentum_high_top5_liquid_open_ge_10_volume_ge_250k_amount_ge_20m_all
2026-03-31,2548,122.0,120.0,2943971,228822809.475,0.032786883,-0.19429259,0.071428575,0.1904762,0.3888889,0.0041841003,0.016949153,0.05263158,0.016949153,0.05263157894736836,0.035682425,0.02084219481071887,0.05968062403414533,57.59969,0.24788494,1.4684964,1.0405242,0.5,0.110116854,-0.043270223,0.22826087,0.9974619,1.0,0.96277493,0.347605247660645,-0.01249108145566574,218.18,-181.8957,0.28219998,0.2182,2.9439511,11.83,1.71,7.08,-0.14000034,-0.05100021,0.8800676,3.5,1.1006711409395973,,2026-03,0.7139593908629441,0.9582910321489002,0.7662476607482144,0.7594754653130288,0.6266920473773265,0.6262267343485618,2,0.028786883,-0.19829258,chip_momentum_high_top5_liquid_open_ge_10_volume_ge_250k_amount_ge_20m_all
2026-03-31,2727,227.0,228.5,311720,132364109.975,-0.013071896,-0.24015136,0.071428575,0.1904762,0.3888889,-0.019313306,0.011061947,0.043378994,0.04816514,0.04337899543378998,-0.004786145,0.006386258533362645,0.036359513190717424,54.197033,0.03722504,0.7609601,-0.522326,0.45,0.04350688,0.0072252615,1.0,0.99576986,0.99830794,0.96108294,0.15486608713365985,-0.009794268712419752,0.098966666,0.129,0.4746,0.078,21.704538,14.26,4.02,7.05,-0.11000061,-0.14400014,0.6943856,3.0,0.935672514619883,,2026-03,0.6495769881556683,0.950253807106599,0.6949606535369081,0.7092216582064298,0.4253384094754653,0.41082910321488997,3,-0.017071895,-0.24415135,chip_momentum_high_top5_liquid_open_ge_10_volume_ge_250k_amount_ge_20m_all
2026-03-31,9933,35.20000076293945,35.45000076293945,8789035,317270317.34719926,0.006849315,-0.22023015,0.071428575,0.1904762,0.3888889,-0.028767101,0.04572269,0.12898093,0.13078152,0.12898092973285014,-0.0018005818,0.04249376984665517,0.09222555305869795,55.969357,0.43993232,1.4538269,-0.040968455,0.55,0.1733258,-0.037657455,0.8888889,0.98054147,0.9898477,0.8714044,0.1532923486989107,-0.01971905257224825,-0.18326667,-0.0567,0.1021,0.044099998,2.8172488,18.76,1.56,2.82,-0.6000004,-0.33000004,1.1178509,2.0,1.4915254587964015,,2026-03,0.7631133671742809,0.9465313028764806,0.5229771890362264,0.8527072758037226,0.8199027072758038,0.6747884940778341,4,0.0028493148,-0.22423014,chip_momentum_high_top5_liquid_open_ge_10_volume_ge_250k_amount_ge_20m_all
2026-03-31,3036,223.0,217.0,10387827,3273322215.425,-0.101321585,-0.32840106,0.071428575,0.1904762,0.3888889,-0.06465517,-0.13026053,0.21910113,0.48630136,0.2191011235955056,-0.26720023,-0.058772500542181784,0.20410616850087857,50.215347,0.60067683,0.5775261,-0.45841563,0.55,0.21957517,-0.019567808,0.42857143,0.9323181,0.8654822,0.99069375,0.15031469665564356,-0.08442126067214904,0.61186665,-0.4387,0.0404,0.0177,10.356367,22.42,2.58,2.76,0.0,0.049999945,0.6878307,2.0,0.8484848484848485,,2026-03,0.8194585448392555,0.941793570219966,0.6565594093813368,0.7892554991539763,0.705054991539763,0.561336717428088,5,-0.105321586,-0.33240107,chip_momentum_high_top5_liquid_open_ge_10_volume_ge_250k_amount_ge_20m_all
2026-04-30,3661,4135.0,4135.0,2730869,9561889226.75,0.02913753,-0.120022826,1.0,0.9722222,0.79761904,0.038944725,0.18992805,0.6639839,0.26259542,0.663983903420523,0.40138847,0.18855993101465937,0.2464518073802407,68.436935,0.6666667,0.9609209,0.06738215,0.75,0.37325618,0.2267081,0.8057143,0.9712352,0.96869713,0.9703892,0.14566413672360615,0.0414889892624891,-0.5990667,0.2276,0.2637,0.16219999,10.834878,60.04,8.24,0.83,-0.6999998,-0.32799995,0.5018638,3.0,1.2733727810650888,,2026-04,0.7489001692047378,0.9668358714043993,0.3953460028710854,0.901776649746193,0.6578891708967851,0.4141285956006768,1,0.025137529,-0.12402283,chip_momentum_high_top5_liquid_open_ge_10_volume_ge_250k_amount_ge_20m_all
2026-04-30,2327,323.0,317.0,35456092,12696374168.6,1.2568808,1.1077204,1.0,0.9722222,0.79761904,0.07457627,-0.024615385,0.30184805,0.07094595,0.30184804928131426,0.2309021,0.058254047738274035,0.13569189431258397,59.067604,0.62690353,0.86999524,-0.25485286,0.7,0.07192016,0.15232557,0.28323698,0.93654823,0.94162434,0.9111675,0.1309973216093215,0.0011534120638611444,0.22626667,-0.0696,0.3621,0.2242,10.644333,27.59,3.81,1.89,-0.03999996,0.12800002,0.90303034,3.5,0.9578313253012047,,2026-04,0.751776649746193,0.9153976311336718,0.5756320881725118,0.7769035532994923,0.7101311336717429,0.5483925549915398,2,1.2528808,1.1037204,chip_momentum_high_top5_liquid_open_ge_10_volume_ge_250k_amount_ge_20m_all
2026-04-30,3033,36.0,35.75,3152288,150941306.45129567,0.376197,0.22703665,1.0,0.9722222,0.79761904,0.021428572,0.045321614,0.12421387,0.1458333,0.12421386344990903,-0.021619432,0.04280609698504907,0.10342344152789662,63.407394,0.24873096,1.3254447,-0.57309073,0.6,-0.023503862,0.11638102,0.64285713,0.98730963,0.99323183,0.92385787,0.2308941575813009,0.01743566578805567,0.2043,0.1556,0.0428,0.0165,4.852647,19.86,1.6,5.82,-0.32999992,-0.10499992,1.6078253,3.5,1.0992369731725826,,2026-04,0.6734348561759729,0.9018612521150592,0.6523726000091455,0.6940778341793571,0.6849619289340102,0.6968697123519458,3,0.372197,0.22303666,chip_momentum_high_top5_liquid_open_ge_10_volume_ge_250k_amount_ge_20m_all
2026-04-30,6415,401.5,427.0,3509226,2781411383.6,0.35746607,0.20830572,1.0,0.9722222,0.79761904,0.027677497,0.41157025,0.519573,0.6518375,0.5195729537366549,-0.13226455,0.2525667351129364,0.4369083342153163,70.714935,0.7233502,0.5687748,-0.6584194,0.6,0.22884527,0.2267081,0.93714285,0.8824027,0.87309647,0.9602369,0.0733083989737904,0.06507653558571923,0.20243333,0.0887,0.5162,0.1149,4.8310914,66.82,4.44,0.6,-0.03999996,-0.05400005,0.375,3.0,1.2175732217573223,,2026-04,0.750253807106599,0.8983079526226735,0.4561177482560234,0.8942470389170897,0.6275380710659898,0.43747884940778337,4,0.35346606,0.20430572,chip_momentum_high_top5_liquid_open_ge_10_volume_ge_250k_amount_ge_20m_all
2026-04-30,3209,50.900001525878906,52.20000076293945,2965204,225534411.30953464,0.44402272,0.29486236,1.0,0.9722222,0.79761904,0.053481363,0.11063831,0.2593486,0.5558868,0.259348608012852,-0.2965382,0.10271985156095227,0.276127629825993,67.37639,0.52791876,1.550172,-0.52633667,0.7,0.11163087,0.11638102,0.96428573,0.87732655,0.8967851,0.92301184,0.11235057918964646,0.01661764618675837,0.2137,-0.5326,0.0525,0.0256,7.0952353,17.34,2.32,4.79,-0.26000023,-0.09800005,1.283208,3.0,1.4014906650418786,,2026-04,0.6952622673434856,0.8857868020304569,0.66473096421838,0.8642131979695431,0.7401649746192893,0.6169204737732656,5,0.4400227,0.29086235,chip_momentum_high_top5_liquid_open_ge_10_volume_ge_250k_amount_ge_20m_all
2026-05-13,3661,5115.0,4780.0,3603179,12584229344.0,-0.17043121,-0.21516988,0.96428573,0.9880952,0.59126985,0.04709748,0.195,0.49375,0.43975905,0.4937499999999999,0.05399096,0.13156181570693024,0.36211441191137705,63.58548,0.7529611,0.94003433,0.61447495,0.7,0.24717759,0.21311475,0.0057142857,0.96362096,0.96954316,0.965313,0.13921376773013538,0.04169584136681492,-0.51986665,0.2376,0.2637,0.16219999,10.834878,70.06,9.03,0.72,0.5199995,-0.08900004,0.5552336,2.0,1.3726169844020797,,2026-05,0.7387478849407784,0.9658206429780034,0.3893745063436694,0.8966159052453468,0.6601099830795263,0.4148900169204738,1,-0.1744312,-0.21916987,chip_momentum_high_top5_liquid_open_ge_10_volume_ge_250k_amount_ge_20m_all
2026-05-13,6415,476.5,467.5,6972190,3192633479.05,0.0010162601,-0.043722406,0.96428573,0.9880952,0.59126985,0.10259434,0.13196126,0.7346939,0.5793919,0.7346938775510203,0.15530199,0.14956660724165485,0.4670542460828969,72.18174,0.7208122,0.79012334,-0.14608762,0.75,0.48812145,0.21311475,0.5485714,0.93739426,0.9145516,0.9703892,0.12886213565221766,0.10971748349347063,0.1415,-0.1828,0.5162,0.1149,4.8310914,73.16,4.86,0.55,0.07999992,0.11300002,0.3923221,3.5,0.9770212765957447,,2026-05,0.7725888324873097,0.9563451776649746,0.4554768389406422,0.9321489001692047,0.7182741116751269,0.4522842639593909,2,-0.00298374,-0.047722407,chip_momentum_high_top5_liquid_open_ge_10_volume_ge_250k_amount_ge_20m_all
2026-05-13,6206,138.5,138.5,3588246,269818043.25,-0.06360424,-0.10834291,0.96428573,0.9880952,0.59126985,0.25339368,0.31904763,0.3446602,0.53718096,0.34466019417475735,-0.19252077,0.22512162759840781,0.34553108974507574,83.118904,0.33756346,2.4969523,0.6043953,0.6,0.22496557,0.07464388,0.5,0.9602369,0.9763113,0.927242,0.09959281074963008,0.06316382872859443,0.24013333,0.3934,0.4413,0.2507,14.909191,19.42,3.57,3.97,-0.23999977,-0.11899996,1.1802974,3.5,1.8181818181818183,,2026-05,0.7478849407783417,0.940439932318105,0.6845245358270687,0.8835871404399324,0.6737521150592216,0.5134517766497462,3,-0.067604244,-0.11234291,chip_momentum_high_top5_liquid_open_ge_10_volume_ge_250k_amount_ge_20m_all
2026-05-13,3033,43.95000076293945,42.95000076293945,9168564,519430375.7623642,0.1580162,0.11327754,0.96428573,0.9880952,0.59126985,0.01297168,0.18646409,0.2467344,0.38772213,0.2467343922135441,-0.14098774,0.13421800796998973,0.26615242937030537,74.719955,0.41539764,1.5608876,-0.28041664,0.65,0.123520985,0.09147777,0.14285715,0.9467005,0.97461927,0.9331641,0.2105708043338788,0.02199562657093141,0.0582,-0.4383,0.0428,0.0165,4.852647,16.33,1.95,4.84,-0.9200001,-0.20300044,1.6074857,3.0,1.4922595302772994,,2026-05,0.7580372250423012,0.9365482233502538,0.6490469270830141,0.8469543147208121,0.8018189509306259,0.7064297800338408,4,0.15401621,0.10927754,chip_momentum_high_top5_liquid_open_ge_10_volume_ge_250k_amount_ge_20m_all
2026-05-13,3209,62.900001525878906,62.70000076293945,11587562,298512193.143791,0.030158754,-0.014579913,0.96428573,0.9880952,0.59126985,0.12164578,0.17196263,0.3542117,0.8885542,0.35421170186006457,-0.5343425,0.17990216048078936,0.4204534896609893,71.07529,0.5989848,1.160464,1.797478,0.65,0.23099828,0.09147777,0.071428575,0.9069374,0.9069374,0.92893404,0.10326173189456841,0.084967139461903,0.4358,0.6663,0.0525,0.0256,7.0952353,20.83,2.79,3.99,-0.28999996,0.055000126,1.3047619,3.0,1.4906428798412592,,2026-05,0.7512690355329948,0.9194585448392555,0.6733811813301984,0.917005076142132,0.7944162436548223,0.6154822335025381,5,0.026158754,-0.018579913,chip_momentum_high_top5_liquid_open_ge_10_volume_ge_250k_amount_ge_20m_all
