rebalance_month,ticker,Date,stage1_score,stage1_rank,rank_label,trade_return_20d,trade_excess_return_20d
2020-01,4934,2020-01-31,0.13304950662874834,1,4,0.39599997,0.42424154
2020-01,3086,2020-01-31,0.09378078944361738,2,2,0.05115099,0.07939256
2020-01,5340,2020-01-31,0.08105689324267563,3,0,-0.046153773,-0.017912203
2020-01,5278,2020-01-31,0.07356530732032046,4,3,0.10756971,0.13581128
2020-01,6550,2020-01-31,0.06685329246484095,5,0,-0.064990774,-0.036749206
2020-01,2723,2020-01-31,0.060548267546847626,6,2,0.051779814,0.08002138
2020-01,1325,2020-01-31,0.05684271612218533,7,4,0.4185183,0.44675988
2020-01,2419,2020-01-31,0.05050551126407899,8,4,0.13636373,0.1646053
2020-01,2316,2020-01-31,0.04971923434619528,9,4,0.17967324,0.20791481
2020-01,8996,2020-01-31,0.04829066916047815,10,1,0.0014085321,0.029650101
2020-01,3545,2020-01-31,0.04510003507817323,11,4,0.21572578,0.24396735
2020-01,6706,2020-01-31,0.04347203368961537,12,0,-0.12796208,-0.099720515
2020-01,6683,2020-01-31,0.04211051921466009,13,3,0.10818715,0.13642871
2020-01,8436,2020-01-31,0.042006253514334964,14,3,0.11650505,0.14474662
2020-01,6426,2020-01-31,0.0412363047750553,15,1,0.007874103,0.036115672
2020-01,4927,2020-01-31,0.041192987385152736,16,3,0.0831721,0.111413665
2020-01,3017,2020-01-31,0.04054932154123276,17,1,0.021978052,0.05021962
2020-01,6230,2020-01-31,0.04028951204721188,18,3,0.09756084,0.12580241
2020-01,3530,2020-01-31,0.03892551111452297,19,4,0.20786516,0.23610674
2020-01,6451,2020-01-31,0.03817789700380696,20,1,0.0039370223,0.032178592
2020-01,3035,2020-01-31,0.03777804396620971,21,0,-0.05660376,-0.02836219
2020-01,5228,2020-01-31,0.03776848484922144,22,1,-0.0036764324,0.024565136
2020-01,3338,2020-01-31,0.03753750346686197,23,4,0.15308996,0.18133153
2020-01,3363,2020-01-31,0.03735608910318322,24,3,0.106290616,0.13453218
2020-01,3228,2020-01-31,0.03706924952435652,25,3,0.08361771,0.11185928
2020-01,6462,2020-01-31,0.03705704362489941,26,3,0.09635436,0.124595925
2020-01,4142,2020-01-31,0.03659275075880567,27,4,0.12641509,0.15465666
2020-01,6245,2020-01-31,0.03643437814508817,28,4,0.17322847,0.20147005
2020-01,6588,2020-01-31,0.03537080093996224,29,0,-0.10476195,-0.07652038
2020-01,5381,2020-01-31,0.035240968658191395,30,4,0.16095892,0.18920049
2020-01,4953,2020-01-31,0.035150564567444934,31,0,-0.051724084,-0.023482515
2020-01,4958,2020-01-31,0.034920291039366606,32,2,0.030567635,0.058809202
2020-01,5299,2020-01-31,0.034887438687537145,33,2,0.05708249,0.08532406
2020-01,1569,2020-01-31,0.03476607305808245,34,1,-7.773359e-08,0.028241491
2020-01,3324,2020-01-31,0.03474343547263669,35,2,0.058252454,0.08649402
2020-01,6291,2020-01-31,0.034726124213708645,36,4,0.30582532,0.3340669
2020-01,8358,2020-01-31,0.03448363574203077,37,2,0.038681965,0.06692354
2020-01,4968,2020-01-31,0.034018917703384874,38,4,0.12671244,0.15495402
2020-01,1809,2020-01-31,0.033612507157886155,39,2,0.052631598,0.08087317
2020-01,6547,2020-01-31,0.03333677478475605,40,4,0.67692316,0.70516473
2020-01,2231,2020-01-31,0.033291550207528664,41,1,-0.0025251184,0.02571645
2020-01,6435,2020-01-31,0.03324412010841184,42,1,0.0053762947,0.033617865
2020-01,3548,2020-01-31,0.03312975057731453,43,3,0.08655134,0.114792906
2020-01,6698,2020-01-31,0.032624008473122766,44,2,0.06807132,0.09631289
2020-01,1762,2020-01-31,0.03253505871489504,45,2,0.038158026,0.0663996
2020-01,8489,2020-01-31,0.03224440502163184,46,3,0.07308159,0.10132316
2020-01,3221,2020-01-31,0.031693175507280444,47,2,0.06879604,0.097037606
2020-01,3321,2020-01-31,0.03149554967899852,48,0,-0.049180344,-0.020938775
2020-01,3588,2020-01-31,0.03131663259190851,49,3,0.07550651,0.103748076
2020-01,6231,2020-01-31,0.03101227414626171,50,3,0.11278201,0.14102358
2020-01,2477,2020-01-31,0.03099163164070326,51,1,1.3930048e-07,0.028241709
2020-01,3483,2020-01-31,0.030866314531372094,52,0,-0.028297061,-5.549213e-05
2020-01,3081,2020-01-31,0.030687841411312332,53,3,0.073122546,0.10136411
2020-01,6153,2020-01-31,0.03057581615771573,54,4,0.13523138,0.16347295
2020-01,5269,2020-01-31,0.030500563113691703,55,1,-0.012803973,0.0154375965
2020-01,3163,2020-01-31,0.03037181798862017,56,1,-0.023316067,0.0049255025
2020-01,9935,2020-01-31,0.030149927497709172,57,2,0.053272363,0.081513934
2020-01,3317,2020-01-31,0.03010299905459652,58,3,0.10704953,0.1352911
2020-01,8040,2020-01-31,0.02983085753477634,59,0,-0.038860112,-0.010618543
2020-01,3624,2020-01-31,0.02961342172917295,60,2,0.041071396,0.06931297
2020-01,3645,2020-01-31,0.029319834779899124,61,2,0.031766143,0.06000771
2020-01,6558,2020-01-31,0.029316691517762526,62,0,-0.045936424,-0.017694855
2020-01,3526,2020-01-31,0.029217498014424657,63,3,0.08766689,0.11590846
2020-01,5880,2020-01-31,0.029202034819920196,64,1,0.0048778933,0.033119462
2020-01,8176,2020-01-31,0.02883124742930438,65,2,0.044554416,0.07279599
2020-01,6743,2020-01-31,0.02874169587260103,66,0,-0.048361987,-0.020120418
2020-01,6591,2020-01-31,0.028387003313066216,67,1,-0.0052084965,0.023033073
2020-01,9802,2020-01-31,0.02836708011571909,68,0,-0.21789896,-0.18965739
2020-01,4967,2020-01-31,0.028093566704928127,69,4,0.2646199,0.29286146
2020-01,4716,2020-01-31,0.027860453264589243,70,0,-0.046439525,-0.018197956
2020-01,1432,2020-01-31,0.027777824997549917,71,0,-0.053658623,-0.025417054
2020-01,3508,2020-01-31,0.027683347801848657,72,1,0.009090944,0.037332512
2020-01,4973,2020-01-31,0.02742562572119348,73,0,-0.05564643,-0.027404862
2020-01,1712,2020-01-31,0.026957666133724675,74,1,0.0132979825,0.04153955
2020-01,6187,2020-01-31,0.026770388305615362,75,2,0.03722088,0.06546245
2020-02,6546,2020-02-27,0.12500909192060564,1,4,0.0,0.14109334
2020-02,1325,2020-02-27,0.07364715303107591,2,4,0.0027026702,0.14379601
2020-02,5351,2020-02-27,0.06527835472840292,3,0,-0.24812041,-0.10702707
2020-02,8227,2020-02-27,0.0605158842607104,4,4,0.0,0.14109334
2020-02,2539,2020-02-27,0.04266592807452133,5,4,0.031613953,0.17270729
2020-02,8155,2020-02-27,0.0411940413685367,6,4,0.050359756,0.1914531
2020-02,2429,2020-02-27,0.02380396181934761,7,0,-0.18502206,-0.043928713
2020-02,6291,2020-02-27,0.019832324530609253,8,4,0.13793096,0.2790243
2020-02,5269,2020-02-27,0.01823683889350582,9,4,0.018276647,0.15936999
2020-02,2892,2020-02-27,0.013424288305434568,10,1,-0.14439648,-0.0033031413
2020-02,2493,2020-02-27,0.012895695819436056,11,4,-0.022222262,0.11887108
2020-02,1712,2020-02-27,0.012588386164802257,12,3,-0.041666824,0.099426515
2020-02,1216,2020-02-27,0.01215926321831933,13,2,-0.102241,0.03885234
2020-02,2880,2020-02-27,0.01117125835379999,14,1,-0.1482353,-0.0071419636
2020-02,2890,2020-02-27,0.010609610877501044,15,1,-0.14007775,0.0010155878
2020-02,2330,2020-02-27,0.010329668936280605,16,2,-0.10503063,0.03606271
2020-02,2845,2020-02-27,0.010299435306171494,17,1,-0.1330473,0.008046045
2020-02,1708,2020-02-27,0.010197402314276717,18,0,-0.15767641,-0.01658307
2020-02,2010,2020-02-27,0.009868201333904172,19,1,-0.13827662,0.0028167209
2020-02,2887,2020-02-27,0.009340141305220873,20,0,-0.15357144,-0.012478099
2020-02,2885,2020-02-27,0.009071251891347668,21,2,-0.13043483,0.010658517
2020-02,2211,2020-02-27,0.008143013141739309,22,2,-0.13159889,0.009494453
2020-02,1231,2020-02-27,0.007501906704056133,23,3,-0.07946215,0.061631195
2020-02,2414,2020-02-27,0.007392997549595935,24,3,-0.08609267,0.05500067
2020-02,2812,2020-02-27,0.007342470982229926,25,1,-0.14344254,-0.0023491988
2020-02,2597,2020-02-27,0.006499658659443625,26,3,-0.047308307,0.09378503
2020-02,2889,2020-02-27,0.0063577967472850695,27,3,-0.08071739,0.06037595
2020-02,5228,2020-02-27,0.00603859185363944,28,3,-0.039114278,0.10197906
2020-02,3014,2020-02-27,0.005839493911639711,29,2,-0.101149395,0.03994395
2020-02,2912,2020-02-27,0.005680270750008439,30,3,-0.05762718,0.083466165
2020-02,3034,2020-02-27,0.005275781890640785,31,3,-0.09947649,0.041616857
2020-02,2324,2020-02-27,0.004250943396372506,32,4,-0.03867407,0.10241927
2020-02,2616,2020-02-27,0.004239926651100181,33,4,-0.028716262,0.11237708
2020-02,2630,2020-02-27,0.004167112971108371,34,0,-0.33333334,-0.19224
2020-02,1303,2020-02-27,0.003811111310062501,35,0,-0.17629635,-0.03520301
2020-02,3045,2020-02-27,0.0034062788973616798,36,4,-0.028708128,0.11238521
2020-02,2838,2020-02-27,0.0028479298653631656,37,3,-0.08055541,0.060537934
2020-02,2883,2020-02-27,0.002494966328780427,38,1,-0.1331854,0.007907941
2020-02,4722,2020-02-27,0.0024572893498279,39,3,-0.045977097,0.09511624
2020-02,2408,2020-02-27,0.0021716390135840336,40,0,-0.26861697,-0.12752363
2020-02,2636,2020-02-27,0.0019844207525727604,41,1,-0.14823008,-0.0071367333
2020-02,2851,2020-02-27,0.001964834089568998,42,1,-0.14824122,-0.0071478793
2020-02,2412,2020-02-27,0.0018030921347748378,43,4,-1.2615013e-07,0.14109321
2020-02,2836,2020-02-27,0.0015422256573255804,44,3,-0.0857439,0.055349447
2020-02,8422,2020-02-27,0.0013280623622080284,45,2,-0.120253086,0.020840257
2020-02,2207,2020-02-27,0.001149091753645344,46,0,-0.19966444,-0.0585711
2020-02,2881,2020-02-27,0.0011206963173698884,47,2,-0.123569764,0.01752358
2020-02,3015,2020-02-27,0.0009149833063950399,48,3,-0.084367126,0.056726217
2020-02,2015,2020-02-27,0.000889434275554274,49,2,-0.13104077,0.010052576
2020-02,2308,2020-02-27,0.0008588653658146608,50,2,-0.13235293,0.008740409
2020-02,2020,2020-02-27,0.0007622405763018529,51,4,-0.019480614,0.12161273
2020-02,2542,2020-02-27,0.0007615524367481692,52,2,-0.10923424,0.0318591
2020-02,2834,2020-02-27,0.0005942772545627225,53,0,-0.1679325,-0.026839152
2020-02,9919,2020-02-27,5.2663430133489286e-05,54,0,-0.17016329,-0.029069945
2020-02,2610,2020-02-27,-3.7039559035188335e-05,55,1,-0.15211982,-0.011026473
2020-02,2882,2020-02-27,-6.362278040242618e-05,56,3,-0.082051285,0.05904206
2020-02,9908,2020-02-27,-0.0001336251055361221,57,3,-0.097331226,0.043762118
2020-02,2441,2020-02-27,-0.00020211338350886802,58,0,-0.16630428,-0.025210932
2020-02,1210,2020-02-27,-0.00038307175024178305,59,2,-0.118090555,0.023002788
2020-02,2884,2020-02-27,-0.000498933305701952,60,1,-0.15087713,-0.00978379
2020-02,1229,2020-02-27,-0.0004996917192052723,61,2,-0.11466674,0.026426606
2020-02,2382,2020-02-27,-0.0005268509262021476,62,4,-4.3488424e-08,0.1410933
2020-02,2913,2020-02-27,-0.0005709161414304624,63,0,-0.1967742,-0.055680856
2020-02,4741,2020-02-27,-0.0005981004846049048,64,0,-0.2156862,-0.07459286
2020-02,2607,2020-02-27,-0.0006160952947174616,65,1,-0.15073542,-0.00964208
2020-02,6024,2020-02-27,-0.000656100650294309,66,0,-0.16249897,-0.021405622
2020-02,6189,2020-02-27,-0.0006720781995148983,67,2,-0.12946436,0.0116289845
2020-02,2356,2020-02-27,-0.0007926303757257248,68,4,-0.0333333,0.10776004
2020-02,2615,2020-02-27,-0.000811996225586861,69,0,-0.18235298,-0.04125963
2020-02,5534,2020-02-27,-0.0009459146051161707,70,2,-0.108642064,0.03245128
2020-02,1717,2020-02-27,-0.000996990024421965,71,1,-0.15140189,-0.01030855
2020-02,2820,2020-02-27,-0.0010624415194491084,72,3,-0.072607145,0.0684862
2020-02,2002,2020-02-27,-0.001081735309589056,73,1,-0.14725271,-0.006159366
2020-02,2611,2020-02-27,-0.0014186161464914907,74,1,-0.14558816,-0.004494817
2020-02,2850,2020-02-27,-0.001424257531339554,75,2,-0.132546,0.00854735
2020-03,3552,2020-03-31,0.3264146503222801,1,4,0.6218906,0.4896211
2020-03,5309,2020-03-31,0.3105681825360256,2,4,1.1851853,1.0529158
2020-03,1325,2020-03-31,0.3057178361529698,3,4,1.3026314,1.1703619
2020-03,4979,2020-03-31,0.24559535888647074,4,4,0.658009,0.5257395
2020-03,4956,2020-03-31,0.23553532072777636,5,4,1.264706,1.1324365
2020-03,3260,2020-03-31,0.22447405145319707,6,2,0.36842114,0.23615165
2020-03,1471,2020-03-31,0.22217114121602283,7,2,0.3986486,0.2663791
2020-03,6150,2020-03-31,0.21990849787868558,8,2,0.36023924,0.22796975
2020-03,4174,2020-03-31,0.21656299097414788,9,1,0.28142855,0.14915906
2020-03,2465,2020-03-31,0.21140665900124783,10,2,0.40219104,0.26992154
2020-03,6243,2020-03-31,0.21075324390340122,11,3,0.467005,0.3347355
2020-03,6111,2020-03-31,0.21057114856777484,12,1,0.32358676,0.19131728
2020-03,6446,2020-03-31,0.20845410618864124,13,2,0.38484398,0.25257447
2020-03,3508,2020-03-31,0.20791335323466711,14,3,0.42160273,0.28933322
2020-03,3321,2020-03-31,0.20338297221906212,15,1,0.25178823,0.11951874
2020-03,3057,2020-03-31,0.20226550510364227,16,1,0.29743594,0.16516645
2020-03,3518,2020-03-31,0.200643737244359,17,3,0.45500016,0.32273066
2020-03,6531,2020-03-31,0.2004873325569846,18,4,1.2413791,1.1091096
2020-03,5272,2020-03-31,0.19960599824813177,19,2,0.37857133,0.24630184
2020-03,5314,2020-03-31,0.1988459491698156,20,0,0.21344946,0.08117998
2020-03,2429,2020-03-31,0.19828068511998323,21,1,0.30167598,0.16940649
2020-03,3149,2020-03-31,0.19823223077405216,22,0,0.22413778,0.091868296
2020-03,5340,2020-03-31,0.19221453549364548,23,4,0.5627377,0.4304682
2020-03,2368,2020-03-31,0.187149666470596,24,2,0.33805665,0.20578717
2020-03,6426,2020-03-31,0.18647165735214327,25,4,0.77575755,0.64348805
2020-03,2388,2020-03-31,0.18638221502269736,26,4,0.6389612,0.5066917
2020-03,3438,2020-03-31,0.18383289192572422,27,2,0.35982352,0.22755404
2020-03,3419,2020-03-31,0.1775381119162102,28,2,0.36097556,0.22870608
2020-03,8068,2020-03-31,0.17725423845580768,29,0,0.08847733,-0.043792162
2020-03,3686,2020-03-31,0.17227053693663666,30,3,0.46428585,0.33201635
2020-03,3362,2020-03-31,0.17053675205419144,31,1,0.3359374,0.20366792
2020-03,6419,2020-03-31,0.16832917947965587,32,2,0.3787233,0.2464538
2020-03,5328,2020-03-31,0.16740825301166765,33,3,0.41129026,0.27902076
2020-03,8040,2020-03-31,0.16731713371679985,34,2,0.39259252,0.26032302
2020-03,6438,2020-03-31,0.1664324208255402,35,3,0.43914083,0.30687132
2020-03,4721,2020-03-31,0.1658193875986391,36,3,0.407595,0.2753255
2020-03,6127,2020-03-31,0.16425978363298332,37,4,0.54929596,0.41702646
2020-03,6698,2020-03-31,0.1634258359556183,38,3,0.43742254,0.30515304
2020-03,3511,2020-03-31,0.16315297847727142,39,0,0.15506968,0.02280019
2020-03,3630,2020-03-31,0.16280170913617092,40,0,0.20809898,0.07582949
2020-03,4739,2020-03-31,0.16077654564469832,41,4,0.634271,0.5020015
2020-03,5608,2020-03-31,0.16067167333386626,42,1,0.26724142,0.13497193
2020-03,1795,2020-03-31,0.16019955413572806,43,0,0.2380166,0.10574712
2020-03,5351,2020-03-31,0.160148388823994,44,2,0.36734712,0.23507763
2020-03,1316,2020-03-31,0.15983434281039818,45,1,0.31055903,0.17828955
2020-03,8489,2020-03-31,0.1590877151647548,46,0,0.23234208,0.10007259
2020-03,2231,2020-03-31,0.15882350618467117,47,2,0.33796296,0.20569347
2020-03,6237,2020-03-31,0.15695477130474364,48,3,0.45812815,0.32585865
2020-03,2327,2020-03-31,0.1563233559698088,49,3,0.43749994,0.30523044
2020-03,6283,2020-03-31,0.1558923888948527,50,1,0.3172414,0.18497191
2020-03,6235,2020-03-31,0.15564272924877337,51,3,0.44356948,0.31129998
2020-03,3530,2020-03-31,0.1553447000098387,52,0,0.2135277,0.08125821
2020-03,6706,2020-03-31,0.15465329675083017,53,3,0.4024207,0.2701512
2020-03,3607,2020-03-31,0.15408693426337505,54,2,0.38322008,0.25095057
2020-03,4743,2020-03-31,0.15387968554024573,55,4,1.2535212,1.1212517
2020-03,3624,2020-03-31,0.15385877339460338,56,3,0.46153855,0.32926905
2020-03,4760,2020-03-31,0.1531967121424207,57,4,1.0177382,0.8854687
2020-03,3205,2020-03-31,0.15272255701015278,58,1,0.25500005,0.12273057
2020-03,6284,2020-03-31,0.15168090717101312,59,4,0.4883724,0.35610288
2020-03,2342,2020-03-31,0.15166475151234815,60,0,0.23057632,0.098306835
2020-03,4976,2020-03-31,0.15080216242030722,61,0,0.13888891,0.0066194213
2020-03,3162,2020-03-31,0.1506991650185819,62,0,0.10782864,-0.02444085
2020-03,3576,2020-03-31,0.14969896080686604,63,0,0.13062109,-0.0016483985
2020-03,3498,2020-03-31,0.14837327320533197,64,1,0.24858746,0.11631797
2020-03,9935,2020-03-31,0.1476129957231534,65,0,0.20319645,0.070926964
2020-03,6173,2020-03-31,0.14632436279464864,66,3,0.43062183,0.29835233
2020-03,3437,2020-03-31,0.14499244012477513,67,4,0.5267858,0.3945163
2020-03,5425,2020-03-31,0.14444561415037893,68,1,0.25368243,0.12141295
2020-03,8043,2020-03-31,0.1438881775615626,69,3,0.48179302,0.3495235
2020-03,6485,2020-03-31,0.1433189278939944,70,1,0.27839652,0.14612703
2020-03,3374,2020-03-31,0.14303615114770435,71,2,0.37375432,0.24148484
2020-03,3712,2020-03-31,0.14303487239761847,72,0,0.21658961,0.08432013
2020-03,2457,2020-03-31,0.14294560404570808,73,1,0.27383026,0.14156078
2020-03,6209,2020-03-31,0.14266138851058816,74,1,0.33141217,0.19914268
2020-03,6552,2020-03-31,0.1425623693152452,75,0,0.18697478,0.05470529
2020-04,4743,2020-04-30,0.8717668815323729,1,4,1.495528,1.5000749
2020-04,1325,2020-04-30,0.6338901058609612,2,4,1.043133,1.0476799
2020-04,6547,2020-04-30,0.28322884759556244,3,4,0.75,0.7545468
2020-04,5309,2020-04-30,0.2559935262869773,4,2,0.11504431,0.11959115
2020-04,2368,2020-04-30,0.21540760904513898,5,2,0.16043636,0.1649832
2020-04,4128,2020-04-30,0.21448610626461964,6,4,0.5938304,0.5983772
2020-04,6531,2020-04-30,0.20846411029560843,7,1,0.056410167,0.060957007
2020-04,4956,2020-04-30,0.19406912243967092,8,0,-0.018181901,-0.013635063
2020-04,9919,2020-04-30,0.17740998418592296,9,3,0.34718105,0.3517279
2020-04,6492,2020-04-30,0.1637651331249163,10,4,0.64285713,0.64740396
2020-04,6291,2020-04-30,0.14541315033977964,11,2,0.09705885,0.10160568
2020-04,6165,2020-04-30,0.13816303546954753,12,3,0.2015505,0.20609733
2020-04,6532,2020-04-30,0.12636020100141285,13,4,0.9225661,0.92711294
2020-04,2705,2020-04-30,0.10642267560349021,14,4,0.4716981,0.47624496
2020-04,2363,2020-04-30,0.09974427166865416,15,2,0.073275924,0.07782276
2020-04,4167,2020-04-30,0.09895355852194546,16,2,0.10766045,0.112207286
2020-04,4903,2020-04-30,0.09419084591808684,17,3,0.23880598,0.24335282
2020-04,8454,2020-04-30,0.09338806645388908,18,2,0.1825726,0.18711944
2020-04,1762,2020-04-30,0.09292658138127217,19,2,0.07634998,0.08089682
2020-04,1760,2020-04-30,0.09118175523802849,20,3,0.2789701,0.28351694
2020-04,2102,2020-04-30,0.09078175651456344,21,0,-0.030581016,-0.026034176
2020-04,4726,2020-04-30,0.08748374994043323,22,4,0.5873016,0.59184843
2020-04,5278,2020-04-30,0.08561052068565249,23,1,0.04065023,0.04519707
2020-04,3661,2020-04-30,0.08549202653882214,24,1,0.05263168,0.05717852
2020-04,3041,2020-04-30,0.08420856945142224,25,2,0.098684214,0.10323105
2020-04,4147,2020-04-30,0.083862956171334,26,0,0.0,0.0045468393
2020-04,2505,2020-04-30,0.08346193573973008,27,0,-0.085603006,-0.08105617
2020-04,6461,2020-04-30,0.08245282350520514,28,2,0.15950917,0.164056
2020-04,3686,2020-04-30,0.08202589097202036,29,0,-0.111650504,-0.10710367
2020-04,4729,2020-04-30,0.08189321248255485,30,3,0.2570421,0.26158896
2020-04,3228,2020-04-30,0.08103606428361684,31,1,0.06697107,0.07151791
2020-04,5314,2020-04-30,0.07946833267621364,32,0,-0.14831488,-0.14376804
2020-04,3176,2020-04-30,0.0793543522255856,33,3,0.2205323,0.22507913
2020-04,3321,2020-04-30,0.07919908575035463,34,3,0.28370452,0.28825137
2020-04,4142,2020-04-30,0.07914693180091012,35,4,0.9112629,0.91580975
2020-04,6446,2020-04-30,0.07756044418034627,36,2,0.11655773,0.12110457
2020-04,5475,2020-04-30,0.07703610442983112,37,0,-0.008968816,-0.004421977
2020-04,4174,2020-04-30,0.07661953658137483,38,4,0.3615819,0.36612874
2020-04,3006,2020-04-30,0.07509632715631094,39,1,0.02124977,0.025796609
2020-04,5269,2020-04-30,0.07508340269494734,40,4,0.37409192,0.37863877
2020-04,6415,2020-04-30,0.07475277573399705,41,4,0.38461527,0.38916212
2020-04,5274,2020-04-30,0.07327058680911067,42,3,0.33620676,0.34075361
2020-04,3205,2020-04-30,0.07162077598731258,43,3,0.18904114,0.19358797
2020-04,2388,2020-04-30,0.07147012298455113,44,0,-0.07802546,-0.073478624
2020-04,3374,2020-04-30,0.07049319230969942,45,0,0.008642121,0.01318896
2020-04,6244,2020-04-30,0.07048677942965567,46,3,0.2703706,0.27491745
2020-04,8155,2020-04-30,0.0693350123019571,47,0,-0.08049527,-0.07594843
2020-04,4934,2020-04-30,0.06882671714287977,48,3,0.21527778,0.21982461
2020-04,8027,2020-04-30,0.06833222293854335,49,0,-0.026470397,-0.021923557
2020-04,3122,2020-04-30,0.06830053233995563,50,3,0.23745812,0.24200496
2020-04,1432,2020-04-30,0.06781402507167986,51,2,0.16733058,0.17187741
2020-04,6640,2020-04-30,0.06709271824094613,52,1,0.05960269,0.06414953
2020-04,6499,2020-04-30,0.06677362886644199,53,1,0.037328184,0.041875023
2020-04,6117,2020-04-30,0.06588316139278104,54,0,0.0,0.0045468393
2020-04,1795,2020-04-30,0.06525586198185782,55,1,0.0731034,0.077650234
2020-04,3693,2020-04-30,0.06517766455711492,56,4,0.94135803,0.94590485
2020-04,8271,2020-04-30,0.06513859711657782,57,1,0.0725107,0.07705753
2020-04,3218,2020-04-30,0.06507095959630954,58,4,0.67848694,0.68303376
2020-04,8038,2020-04-30,0.06494309935883329,59,1,0.028480954,0.033027794
2020-04,6683,2020-04-30,0.06489796390399684,60,2,0.18048778,0.18503462
2020-04,8034,2020-04-30,0.06384134962446056,61,3,0.1844262,0.18897304
2020-04,3311,2020-04-30,0.06280111706721032,62,1,0.034965027,0.039511867
2020-04,5484,2020-04-30,0.06211190783984546,63,0,-0.09000007,-0.085453235
2020-04,6419,2020-04-30,0.061947932537004834,64,0,-0.23692313,-0.23237629
2020-04,6716,2020-04-30,0.061861025312204616,65,2,0.13363361,0.13818045
2020-04,2061,2020-04-30,0.060819660553927304,66,1,0.064383514,0.06893035
2020-04,3086,2020-04-30,0.06074353582981539,67,1,0.049382783,0.053929623
2020-04,8096,2020-04-30,0.0604365373338275,68,2,0.10572705,0.11027388
2020-04,2465,2020-04-30,0.059460950835000026,69,2,0.13483146,0.1393783
2020-04,6104,2020-04-30,0.05922254762404393,70,4,0.3887195,0.39326635
2020-04,4130,2020-04-30,0.05902469080878194,71,1,0.018382238,0.022929078
2020-04,8068,2020-04-30,0.05824137171942733,72,0,-0.05194801,-0.04740117
2020-04,6541,2020-04-30,0.05817634784912878,73,3,0.20399998,0.20854682
2020-04,6275,2020-04-30,0.058102399419894986,74,1,0.018072208,0.022619048
2020-04,1466,2020-04-30,0.058044967570106715,75,3,0.22100127,0.2255481
2020-05,4128,2020-05-29,0.9528424278971772,1,4,1.3437504,1.2816895
2020-05,4743,2020-05-29,0.792623274255589,2,4,0.797834,0.7357731
2020-05,8227,2020-05-29,0.3473236868693463,3,1,0.0,-0.062060878
2020-05,8089,2020-05-29,0.29602482388171764,4,1,0.0,-0.062060878
2020-05,4726,2020-05-29,0.28075272632387815,5,3,0.23968251,0.17762163
2020-05,6756,2020-05-29,0.21475319784007144,6,1,0.0,-0.062060878
2020-05,3228,2020-05-29,0.20451812556474877,7,4,0.9388891,0.8768282
2020-05,3712,2020-05-29,0.19515684858532437,8,4,1.3333333,1.2712724
2020-05,4142,2020-05-29,0.18714176346425349,9,3,0.28869566,0.22663479
2020-05,2417,2020-05-29,0.1796840630530503,10,4,1.0938632,1.0318024
2020-05,6237,2020-05-29,0.1577313528871274,11,2,0.13137236,0.069311485
2020-05,6492,2020-05-29,0.1563112271738378,12,2,0.102766834,0.040705957
2020-05,5474,2020-05-29,0.14441460102704953,13,4,0.8423642,0.7803033
2020-05,3325,2020-05-29,0.14369004633158391,14,3,0.34146333,0.27940243
2020-05,3686,2020-05-29,0.13938184656624306,15,1,0.029729594,-0.032331284
2020-05,5314,2020-05-29,0.13921394815492724,16,4,0.7520226,0.68996173
2020-05,5222,2020-05-29,0.11442534577458041,17,0,0.0,-0.062060878
2020-05,6547,2020-05-29,0.11330687298146379,18,3,0.17391314,0.11185226
2020-05,1466,2020-05-29,0.11078158636218982,19,4,0.73636377,0.6743029
2020-05,4167,2020-05-29,0.10003319935933669,20,4,0.520073,0.4580121
2020-05,3311,2020-05-29,0.09784892500804006,21,0,-0.016920533,-0.078981414
2020-05,6531,2020-05-29,0.09714251684108768,22,4,0.9307875,0.8687266
2020-05,8034,2020-05-29,0.09119687407898716,23,2,0.05950079,-0.002560088
2020-05,6443,2020-05-29,0.082307616208629,24,2,0.16507956,0.103018686
2020-05,3321,2020-05-29,0.07625067487510424,25,4,0.47196248,0.4099016
2020-05,6588,2020-05-29,0.07605582199400227,26,0,0.0,-0.062060878
2020-05,3176,2020-05-29,0.0754012067089784,27,3,0.30136994,0.23930906
2020-05,1449,2020-05-29,0.07398207506155323,28,0,-0.12777787,-0.18983875
2020-05,2465,2020-05-29,0.07244359999668135,29,0,-0.08078805,-0.14284894
2020-05,3041,2020-05-29,0.07239560790790957,30,3,0.30563796,0.24357708
2020-05,6165,2020-05-29,0.0707707953541856,31,1,0.019169325,-0.042891555
2020-05,3661,2020-05-29,0.0692813064925687,32,4,0.65289253,0.59083164
2020-05,2363,2020-05-29,0.06838481239873286,33,0,-0.016064132,-0.07812501
2020-05,6461,2020-05-29,0.06760158428681874,34,3,0.20105822,0.13899735
2020-05,3675,2020-05-29,0.06659456160805916,35,4,0.6061241,0.5440632
2020-05,1734,2020-05-29,0.0661261198313714,36,4,0.502242,0.44018114
2020-05,3529,2020-05-29,0.0659500800264161,37,3,0.3078895,0.24582861
2020-05,3693,2020-05-29,0.06592937422567703,38,2,0.102719024,0.040658146
2020-05,4729,2020-05-29,0.06516116641963603,39,2,0.15979399,0.09773311
2020-05,6712,2020-05-29,0.06315350747906248,40,0,0.0,-0.062060878
2020-05,6244,2020-05-29,0.06248735833031835,41,2,0.0637683,0.0017074184
2020-05,5302,2020-05-29,0.06155610418125126,42,2,0.11481479,0.05275391
2020-05,6499,2020-05-29,0.06084868966841696,43,2,0.075812146,0.013751267
2020-05,6235,2020-05-29,0.058578043886671156,44,1,0.043999862,-0.018061018
2020-05,3276,2020-05-29,0.05855102691183418,45,3,0.22982211,0.16776124
2020-05,6743,2020-05-29,0.05784251680552298,46,1,0.0,-0.062060878
2020-05,5269,2020-05-29,0.05716875679263409,47,3,0.2370689,0.17500803
2020-05,1784,2020-05-29,0.05677092955633008,48,0,-0.0075950827,-0.06965596
2020-05,6291,2020-05-29,0.05604749492475131,49,1,0.014124229,-0.04793665
2020-05,2387,2020-05-29,0.05583431369869677,50,2,0.10926673,0.04720585
2020-05,3218,2020-05-29,0.05513990598448148,51,3,0.21830998,0.1562491
2020-05,4934,2020-05-29,0.054653322605443484,52,0,-0.0977654,-0.15982628
2020-05,3437,2020-05-29,0.05368529419445143,53,0,-0.016483607,-0.07854448
2020-05,6104,2020-05-29,0.05262871520080283,54,3,0.24656077,0.18449989
2020-05,6117,2020-05-29,0.049194890730648554,55,3,0.21794869,0.15588781
2020-05,3615,2020-05-29,0.048802688999666693,56,2,0.055749036,-0.0063118427
2020-05,5309,2020-05-29,0.04818218818079204,57,0,-0.0039215344,-0.065982416
2020-05,1569,2020-05-29,0.04785528431286178,58,1,0.01761253,-0.04444835
2020-05,3122,2020-05-29,0.046778932783914214,59,0,-0.035087686,-0.09714857
2020-05,2912,2020-05-29,0.04655061331739574,60,1,0.0033841114,-0.058676768
2020-05,8454,2020-05-29,0.04569252452966365,61,3,0.24197736,0.17991649
2020-05,8147,2020-05-29,0.044012172938884125,62,2,0.12021862,0.058157742
2020-05,2609,2020-05-29,0.043388700784740185,63,0,-0.004594193,-0.06665507
2020-05,3416,2020-05-29,0.04227666498438519,64,1,0.029584657,-0.03247622
2020-05,4956,2020-05-29,0.04211874349186252,65,2,0.11936338,0.057302505
2020-05,2331,2020-05-29,0.041668427262863225,66,1,0.0128205605,-0.049240317
2020-05,2038,2020-05-29,0.041077211842856384,67,2,0.0867648,0.024703918
2020-05,6118,2020-05-29,0.04089333857822096,68,2,0.123711385,0.061650507
2020-05,3230,2020-05-29,0.04048825075615976,69,0,-0.03652165,-0.09858253
2020-05,6125,2020-05-29,0.04042828517894532,70,1,0.037356433,-0.024704447
2020-05,4130,2020-05-29,0.04025895731778049,71,3,0.2818671,0.21980621
2020-05,2302,2020-05-29,0.04014817442044283,72,1,0.023611229,-0.03844965
2020-05,3540,2020-05-29,0.04009098076442048,73,4,0.5833333,0.5212724
2020-05,3372,2020-05-29,0.04005770363786242,74,1,0.027932966,-0.034127913
2020-05,2486,2020-05-29,0.039337330581768894,75,0,-0.0013699011,-0.06343078
2020-06,4768,2020-06-30,1.217995043118269,1,4,3.4444442,3.3613644
2020-06,8089,2020-06-30,0.8802694820285251,2,4,1.2220275,1.1389477
2020-06,6743,2020-06-30,0.8727230343730723,3,4,1.9189943,1.8359145
2020-06,1342,2020-06-30,0.7758441469230956,4,4,0.6044443,0.5213645
2020-06,3138,2020-06-30,0.7295694574496054,5,4,0.8967257,0.8136459
2020-06,6756,2020-06-30,0.7078556153160471,6,4,1.3757131,1.2926333
2020-06,6588,2020-06-30,0.5120116400273845,7,0,-0.05483863,-0.13791843
2020-06,6735,2020-06-30,0.47046805037738304,8,4,0.8131871,0.7301073
2020-06,6684,2020-06-30,0.39805890133275224,9,4,1.2288556,1.1457758
2020-06,6691,2020-06-30,0.37477799823261565,10,1,0.15884465,0.07576486
2020-06,3430,2020-06-30,0.3437663433674749,11,0,-0.1930927,-0.2761725
2020-06,2241,2020-06-30,0.3314144875518343,12,3,0.47321406,0.39013427
2020-06,6651,2020-06-30,0.33074807011289514,13,3,0.40144488,0.3183651
2020-06,4166,2020-06-30,0.3289881385748565,14,4,0.49626094,0.41318116
2020-06,4951,2020-06-30,0.317926509379252,15,3,0.29891303,0.21583323
2020-06,6515,2020-06-30,0.31012645780206494,16,3,0.39104465,0.30796486
2020-06,6584,2020-06-30,0.2912072779358417,17,0,0.0,-0.08307979
2020-06,6693,2020-06-30,0.2854091323902319,18,3,0.26940647,0.18632667
2020-06,6617,2020-06-30,0.2801668506909312,19,4,0.8801314,0.7970516
2020-06,6443,2020-06-30,0.2711447707221511,20,4,0.6644294,0.5813496
2020-06,2211,2020-06-30,0.26274676751977877,21,1,0.16570617,0.08262638
2020-06,6727,2020-06-30,0.2542922211262635,22,3,0.24020456,0.15712476
2020-06,6550,2020-06-30,0.22949550371407818,23,2,0.17391308,0.090833284
2020-06,3357,2020-06-30,0.21470654267745978,24,4,0.7167381,0.6336583
2020-06,6761,2020-06-30,0.20291093205654295,25,3,0.43716818,0.3540884
2020-06,5222,2020-06-30,0.19723697100155024,26,4,0.5701417,0.4870619
2020-06,1471,2020-06-30,0.18739898743267236,27,4,0.64143425,0.55835444
2020-06,6776,2020-06-30,0.18688602639362872,28,3,0.2806651,0.1975853
2020-06,6763,2020-06-30,0.18637945015113416,29,3,0.42299348,0.3399137
2020-06,3540,2020-06-30,0.18360277973483924,30,4,0.49775332,0.41467354
2020-06,6712,2020-06-30,0.17703059032911406,31,0,-0.009316622,-0.092396416
2020-06,3686,2020-06-30,0.16232222353810458,32,3,0.40568474,0.32260495
2020-06,6695,2020-06-30,0.14779279801025857,33,2,0.1974922,0.114412405
2020-06,2417,2020-06-30,0.1384712625392679,34,2,0.17477052,0.09169073
2020-06,3349,2020-06-30,0.1345168005381813,35,0,0.0,-0.08307979
2020-06,5292,2020-06-30,0.10199214498199201,36,3,0.25802308,0.17494328
2020-06,6244,2020-06-30,0.10059901815624246,37,1,0.065508164,-0.017571628
2020-06,8045,2020-06-30,0.10034491374064279,38,1,0.058479343,-0.02460045
2020-06,8438,2020-06-30,0.09036260712765114,39,1,0.01019553,-0.07288426
2020-06,3325,2020-06-30,0.07147782009541351,40,1,0.037151348,-0.045928445
2020-06,6689,2020-06-30,0.07062297503380596,41,2,0.17283943,0.08975964
2020-06,5474,2020-06-30,0.06486664024505186,42,2,0.18075968,0.09767989
2020-06,6492,2020-06-30,0.05880521837667079,43,0,-0.028571397,-0.11165119
2020-06,3576,2020-06-30,0.05815206843052386,44,2,0.21212108,0.12904128
2020-06,3712,2020-06-30,0.04939211945330616,45,1,0.108308464,0.025228672
2020-06,2465,2020-06-30,0.044799708100135296,46,2,0.20430115,0.121221356
2020-06,2454,2020-06-30,0.03740262031075275,47,2,0.17360884,0.09052905
2020-06,6423,2020-06-30,0.037108069427889266,48,0,-0.19750002,-0.2805798
2020-06,2387,2020-06-30,0.033176539379561186,49,1,0.07644109,-0.006638706
2020-06,6477,2020-06-30,0.028425036195548377,50,3,0.4518202,0.3687404
2020-06,3041,2020-06-30,0.028251612047834256,51,3,0.23702033,0.15394053
2020-06,3163,2020-06-30,0.02732738461991057,52,1,0.13773577,0.054655977
2020-06,5228,2020-06-30,0.02294895345146602,53,1,0.031999983,-0.05107981
2020-06,3437,2020-06-30,0.020480892591404756,54,2,0.22562663,0.14254683
2020-06,2379,2020-06-30,0.019279550377108066,55,2,0.20066322,0.11758343
2020-06,6243,2020-06-30,0.019248175042692193,56,1,0.1465325,0.06345271
2020-06,6125,2020-06-30,0.019113829681299432,57,0,-0.0033241466,-0.086403936
2020-06,2436,2020-06-30,0.015109909260898101,58,1,0.03888873,-0.044191062
2020-06,1598,2020-06-30,0.012950358703920643,59,2,0.22182116,0.13874136
2020-06,6165,2020-06-30,0.011707938444615608,60,1,0.06645567,-0.016624123
2020-06,3037,2020-06-30,0.011591902777442663,61,2,0.18494155,0.10186175
2020-06,2305,2020-06-30,0.011320152471381765,62,0,0.008103681,-0.07497611
2020-06,5475,2020-06-30,0.01074401175776434,63,2,0.19444442,0.111364625
2020-06,3094,2020-06-30,0.01026911139304787,64,0,-0.04470581,-0.12778561
2020-06,3219,2020-06-30,0.010249895286063144,65,0,0.0,-0.08307979
2020-06,3339,2020-06-30,0.009511192041052207,66,3,0.24832211,0.16524231
2020-06,6104,2020-06-30,0.00908479823558565,67,2,0.23539248,0.15231268
2020-06,2458,2020-06-30,0.009006671235046618,68,3,0.253112,0.17003219
2020-06,3024,2020-06-30,0.00826548191698047,69,1,0.068335384,-0.014744409
2020-06,2481,2020-06-30,0.008004226344620618,70,0,-0.00018746927,-0.083267264
2020-06,8085,2020-06-30,0.007403324628709372,71,0,-0.09662911,-0.17970891
2020-06,5302,2020-06-30,0.00710925499557908,72,1,0.062913924,-0.020165868
2020-06,6414,2020-06-30,0.006493026566334275,73,0,-0.116402246,-0.19948204
2020-06,4960,2020-06-30,0.006428189262367028,74,0,-0.073264904,-0.1563447
2020-06,3552,2020-06-30,0.00615958075336886,75,2,0.19629632,0.11321653
2020-07,3219,2020-07-31,0.7481188802862441,1,4,0.76038325,0.7553259
2020-07,6244,2020-07-31,0.3744383156955512,2,4,1.2282609,1.2232035
2020-07,3686,2020-07-31,0.3445669329397743,3,4,0.53046066,0.5254033
2020-07,2417,2020-07-31,0.28613106874916117,4,4,0.84078217,0.83572483
2020-07,6443,2020-07-31,0.2471136220409615,5,1,0.06024102,0.055183712
2020-07,4303,2020-07-31,0.24542994830366868,6,0,-0.03846157,-0.04351888
2020-07,1598,2020-07-31,0.23689997897175374,7,4,0.662269,0.65721166
2020-07,4743,2020-07-31,0.201088146026578,8,4,0.5823096,0.57725227
2020-07,3149,2020-07-31,0.1993518430833103,9,4,0.5306123,0.52555496
2020-07,4128,2020-07-31,0.1799465603377635,10,1,0.06443621,0.059378903
2020-07,3540,2020-07-31,0.16836683825530993,11,3,0.38412693,0.37906963
2020-07,2603,2020-07-31,0.15855762999316456,12,4,0.47297293,0.46791562
2020-07,2609,2020-07-31,0.15364416589721522,13,4,0.4619047,0.4568474
2020-07,3228,2020-07-31,0.1407970061084452,14,0,0.009693003,0.0046356944
2020-07,1432,2020-07-31,0.1391037622076855,15,4,0.8373833,0.83232594
2020-07,3576,2020-07-31,0.1326587882566904,16,3,0.20108694,0.19602963
2020-07,4934,2020-07-31,0.12725902209573492,17,2,0.13019395,0.12513664
2020-07,2387,2020-07-31,0.12311863005521749,18,4,0.4729012,0.4678439
2020-07,2465,2020-07-31,0.11648244775316298,19,3,0.29680362,0.29174632
2020-07,2516,2020-07-31,0.09801834996984428,20,0,-0.024528323,-0.029585632
2020-07,3349,2020-07-31,0.09701119004354779,21,3,0.40495884,0.39990154
2020-07,2038,2020-07-31,0.09667482741403734,22,3,0.19176145,0.18670414
2020-07,2540,2020-07-31,0.09588281856722666,23,4,0.44144127,0.43638396
2020-07,3339,2020-07-31,0.09512918523384459,24,2,0.11363635,0.10857904
2020-07,4976,2020-07-31,0.09409569583539742,25,4,0.47472534,0.46966803
2020-07,2025,2020-07-31,0.09365053603133214,26,0,0.016666587,0.011609279
2020-07,3712,2020-07-31,0.09170254436215122,27,0,-0.037406605,-0.042463914
2020-07,2611,2020-07-31,0.09032292005273325,28,1,0.0511278,0.04607049
2020-07,2486,2020-07-31,0.08952070485533802,29,1,0.05930231,0.054245003
2020-07,1471,2020-07-31,0.08908085722608076,30,0,-0.15869565,-0.16375296
2020-07,3027,2020-07-31,0.08845824221764886,31,4,0.6538463,0.648789
2020-07,6588,2020-07-31,0.08701714297995256,32,0,0.0,-0.005057309
2020-07,1802,2020-07-31,0.08532107203980081,33,2,0.13432826,0.12927096
2020-07,6134,2020-07-31,0.08471335291997964,34,1,0.031034669,0.02597736
2020-07,2460,2020-07-31,0.08442641093773523,35,3,0.19979393,0.19473663
2020-07,2371,2020-07-31,0.0830293591336995,36,2,0.15771806,0.15266076
2020-07,5608,2020-07-31,0.08277381668522568,37,2,0.08177161,0.0767143
2020-07,3437,2020-07-31,0.08255412098291767,38,1,0.018907618,0.013850309
2020-07,2610,2020-07-31,0.08232409069117479,39,2,0.08964648,0.08458917
2020-07,3308,2020-07-31,0.08208997469506833,40,0,0.014634129,0.00957682
2020-07,2331,2020-07-31,0.08108668951545232,41,3,0.16806723,0.16300993
2020-07,6152,2020-07-31,0.08066734016701622,42,1,0.052054744,0.046997435
2020-07,2014,2020-07-31,0.07991048046060727,43,2,0.08695657,0.081899256
2020-07,2023,2020-07-31,0.07932299787526143,44,2,0.13285019,0.12779288
2020-07,4768,2020-07-31,0.0792304459990298,45,1,0.044178538,0.03912123
2020-07,1616,2020-07-31,0.07877395788339554,46,2,0.07236835,0.06731104
2020-07,2406,2020-07-31,0.07857838073801936,47,3,0.17913827,0.17408097
2020-07,5314,2020-07-31,0.0780799162357492,48,0,0.013179999,0.00812269
2020-07,5309,2020-07-31,0.07757895693048596,49,1,0.04289555,0.037838243
2020-07,3051,2020-07-31,0.0773884143138641,50,3,0.2519481,0.24689078
2020-07,5014,2020-07-31,0.0773591600489934,51,3,0.23067336,0.22561605
2020-07,8932,2020-07-31,0.07684518092956084,52,0,-0.07317076,-0.07822807
2020-07,5475,2020-07-31,0.07666305285170552,53,0,-0.014598573,-0.019655881
2020-07,3011,2020-07-31,0.07657507266715134,54,1,0.03270225,0.02764494
2020-07,5474,2020-07-31,0.07579867837379327,55,3,0.26755223,0.26249492
2020-07,2305,2020-07-31,0.07514229452583393,56,1,0.022590376,0.017533068
2020-07,5426,2020-07-31,0.07422815065564888,57,0,0.009345788,0.0042884788
2020-07,2495,2020-07-31,0.07392133606239258,58,0,0.00796806,0.002910751
2020-07,5521,2020-07-31,0.07361239423742433,59,1,0.03921564,0.03415833
2020-07,3701,2020-07-31,0.07357138847375504,60,1,0.046692688,0.04163538
2020-07,1905,2020-07-31,0.0734714220867733,61,2,0.16606493,0.16100763
2020-07,3379,2020-07-31,0.07340380838515528,62,3,0.28977272,0.2847154
2020-07,2440,2020-07-31,0.07304314214669594,63,3,0.20654403,0.20148672
2020-07,2505,2020-07-31,0.07272861357621145,64,1,0.048214257,0.043156948
2020-07,2302,2020-07-31,0.07240909616343244,65,2,0.15044245,0.14538515
2020-07,2353,2020-07-31,0.07238152165314743,66,2,0.14669919,0.14164189
2020-07,2705,2020-07-31,0.0723025099335811,67,0,-0.038805947,-0.043863256
2020-07,3694,2020-07-31,0.07193450525883309,68,3,0.23277456,0.22771725
2020-07,6125,2020-07-31,0.07131462706420576,69,4,0.46408838,0.45903108
2020-07,5228,2020-07-31,0.07117625043233235,70,0,0.0,-0.005057309
2020-07,3322,2020-07-31,0.0711565500162515,71,2,0.10968669,0.104629375
2020-07,2201,2020-07-31,0.07047503100280104,72,1,0.024948074,0.019890765
2020-07,6492,2020-07-31,0.0698160070454164,73,3,0.33895868,0.33390138
2020-07,2061,2020-07-31,0.06972250906277032,74,2,0.16787428,0.16281697
2020-07,2457,2020-07-31,0.06970584200380342,75,2,0.07254464,0.06748733
2020-08,2025,2020-08-31,0.4513110678360289,1,4,0.7954548,0.80567527
2020-08,1471,2020-08-31,0.3715676489034596,2,4,0.8859417,0.89616215
2020-08,3686,2020-08-31,0.29656141597834973,3,4,0.40909097,0.41931143
2020-08,6443,2020-08-31,0.28112116691066935,4,4,0.44531226,0.45553273
2020-08,2406,2020-08-31,0.2580778066981295,5,4,0.57870376,0.5889242
2020-08,3228,2020-08-31,0.21666764034410602,6,4,0.38759688,0.39781734
2020-08,3339,2020-08-31,0.20570108978536328,7,4,0.55639094,0.5666114
2020-08,6492,2020-08-31,0.17267268881843764,8,4,0.62647057,0.63669103
2020-08,8040,2020-08-31,0.15519913899930635,9,1,0.02076128,0.03098174
2020-08,5475,2020-08-31,0.13511402135404993,10,4,0.47126448,0.48148495
2020-08,6165,2020-08-31,0.1282368352536068,11,4,0.51495737,0.52517784
2020-08,3311,2020-08-31,0.12616376069043206,12,0,-0.014598496,-0.0043780347
2020-08,3219,2020-08-31,0.1198769462558897,13,3,0.20663656,0.21685703
2020-08,2302,2020-08-31,0.08345760886012739,14,4,0.44554448,0.45576495
2020-08,3066,2020-08-31,0.08114109646283153,15,3,0.14843747,0.15865794
2020-08,2705,2020-08-31,0.08106645621531591,16,3,0.12654316,0.13676363
2020-08,5011,2020-08-31,0.08034151351418674,17,1,0.013623859,0.02384432
2020-08,3321,2020-08-31,0.08028463293641466,18,0,-0.06153852,-0.05131806
2020-08,2363,2020-08-31,0.07828195478175362,19,2,0.062068034,0.0722885
2020-08,3149,2020-08-31,0.07789684870317563,20,0,-0.09251102,-0.08229056
2020-08,6419,2020-08-31,0.07191605388600222,21,3,0.30739284,0.3176133
2020-08,3576,2020-08-31,0.06452978073105858,22,0,-0.0043290076,0.005891454
2020-08,2465,2020-08-31,0.06287548747096221,23,0,-0.007117467,0.0031029943
2020-08,3011,2020-08-31,0.06256537232872812,24,2,0.10482523,0.11504569
2020-08,6533,2020-08-31,0.06126154172074778,25,3,0.13461533,0.1448358
2020-08,6129,2020-08-31,0.06117454157490088,26,1,0.047954835,0.058175296
2020-08,5484,2020-08-31,0.06036565604585641,27,2,0.048523154,0.058743615
2020-08,5381,2020-08-31,0.05982407607195895,28,4,0.34743205,0.35765252
2020-08,8085,2020-08-31,0.059001359607196255,29,3,0.17910454,0.189325
2020-08,3122,2020-08-31,0.05717055281972953,30,2,0.06422028,0.07444074
2020-08,3308,2020-08-31,0.056091954612239016,31,3,0.15506324,0.16528371
2020-08,2540,2020-08-31,0.05509853996209156,32,4,0.34907615,0.35929662
2020-08,2442,2020-08-31,0.05395760350452503,33,2,0.0964913,0.10671176
2020-08,2460,2020-08-31,0.05365156259595484,34,2,0.09829063,0.10851109
2020-08,3051,2020-08-31,0.05262599928388053,35,1,0.022916468,0.03313693
2020-08,4960,2020-08-31,0.051225801723870916,36,0,-0.10130718,-0.09108672
2020-08,1466,2020-08-31,0.050681768475598736,37,3,0.2760736,0.28629407
2020-08,2061,2020-08-31,0.05067835286843479,38,3,0.17352608,0.18374655
2020-08,2486,2020-08-31,0.05044751473746651,39,2,0.11940302,0.12962349
2020-08,2038,2020-08-31,0.05009235704516019,40,2,0.11284913,0.12306959
2020-08,3276,2020-08-31,0.049323710842869205,41,1,0.021978017,0.032198478
2020-08,2603,2020-08-31,0.04848815403679409,42,0,-0.103746414,-0.09352595
2020-08,6243,2020-08-31,0.04833838324136571,43,1,0.004201635,0.014422096
2020-08,5351,2020-08-31,0.047729764355335574,44,0,-0.15560125,-0.14538078
2020-08,6134,2020-08-31,0.04709026583990625,45,1,0.009977806,0.020198267
2020-08,6259,2020-08-31,0.04533407211837335,46,0,-0.21091187,-0.2006914
2020-08,3162,2020-08-31,0.045153539693199185,47,4,0.34883723,0.3590577
2020-08,3322,2020-08-31,0.0450290350517653,48,1,0.0025706177,0.0127910795
2020-08,6152,2020-08-31,0.04489967465441843,49,2,0.10749996,0.11772042
2020-08,8932,2020-08-31,0.043924157338902946,50,3,0.1721855,0.18240596
2020-08,1517,2020-08-31,0.043778822084671834,51,1,0.03185089,0.04207135
2020-08,5314,2020-08-31,0.043414373645940196,52,3,0.13035679,0.14057726
2020-08,5328,2020-08-31,0.0432727244204067,53,0,-0.049450636,-0.039230175
2020-08,1414,2020-08-31,0.04286566366496459,54,2,0.07474219,0.08496265
2020-08,6113,2020-08-31,0.04284370322110476,55,3,0.14626372,0.15648419
2020-08,1618,2020-08-31,0.041907438276823174,56,0,-0.0021528902,0.008067572
2020-08,6164,2020-08-31,0.0418470689935167,57,3,0.1269593,0.13717976
2020-08,6150,2020-08-31,0.04176510237558938,58,0,-0.024654886,-0.014434424
2020-08,1616,2020-08-31,0.04173789854161635,59,2,0.0704227,0.08064316
2020-08,2457,2020-08-31,0.04163011799286542,60,1,0.045081943,0.055302404
2020-08,2009,2020-08-31,0.04133554465757295,61,2,0.064858556,0.07507902
2020-08,2409,2020-08-31,0.04078458162971372,62,1,0.03773579,0.04795625
2020-08,4934,2020-08-31,0.04067274351074857,63,3,0.22967476,0.23989522
2020-08,5302,2020-08-31,0.040553911683707186,64,0,0.0,0.0102204615
2020-08,2401,2020-08-31,0.04004231191766552,65,2,0.08399999,0.09422045
2020-08,6233,2020-08-31,0.039163556675754614,66,4,0.38888887,0.39910933
2020-08,6116,2020-08-31,0.03914131972013077,67,1,0.012315318,0.022535779
2020-08,6625,2020-08-31,0.038867186136601777,68,0,-0.009722163,0.0004982983
2020-08,5488,2020-08-31,0.03856172348766162,69,3,0.15131581,0.16153628
2020-08,3481,2020-08-31,0.03856166246714857,70,1,0.005405189,0.01562565
2020-08,2615,2020-08-31,0.038359720675406,71,1,0.009323956,0.019544417
2020-08,1802,2020-08-31,0.03805240352804373,72,2,0.06034484,0.070565306
2020-08,8045,2020-08-31,0.03798137789290498,73,1,0.040169276,0.050389737
2020-08,2331,2020-08-31,0.03785133308839661,74,0,-0.07142854,-0.061208077
2020-08,1584,2020-08-31,0.03780152523349277,75,2,0.099508554,0.109729014
2020-09,6546,2020-09-30,0.7012790795861016,1,3,0.09658733,0.09053895
2020-09,6625,2020-09-30,0.27220810928549116,2,1,0.01575451,0.009706126
2020-09,6443,2020-09-30,0.26294600602974294,3,4,0.26785713,0.26180875
2020-09,2406,2020-09-30,0.20403645404008833,4,4,0.40571436,0.39966598
2020-09,3311,2020-09-30,0.16102986284265233,5,1,-0.016128974,-0.022177357
2020-09,6693,2020-09-30,0.14441148618272162,6,3,0.12671234,0.120663956
2020-09,3149,2020-09-30,0.12899909318790398,7,4,0.59523815,0.58918977
2020-09,3686,2020-09-30,0.1186140077251528,8,4,0.27531645,0.26926807
2020-09,1414,2020-09-30,0.10464933750659537,9,4,0.5338164,0.527768
2020-09,6505,2020-09-30,0.08949919266674654,10,1,-0.017391244,-0.023439627
2020-09,6150,2020-09-30,0.08892971640197478,11,3,0.100603655,0.09455527
2020-09,6477,2020-09-30,0.07760399898916738,12,4,0.59504145,0.5889931
2020-09,2603,2020-09-30,0.06630158492927565,13,3,0.20000003,0.19395165
2020-09,4543,2020-09-30,0.06472633386154378,14,0,-0.04320985,-0.049258236
2020-09,6584,2020-09-30,0.061601927948528784,15,0,-0.048571393,-0.054619778
2020-09,2615,2020-09-30,0.05971247201294167,16,4,0.26463684,0.25858846
2020-09,2302,2020-09-30,0.05890171802589858,17,4,0.24999996,0.24395157
2020-09,2610,2020-09-30,0.057735312097790877,18,2,0.024940636,0.018892253
2020-09,2486,2020-09-30,0.055533209652891,19,3,0.13656393,0.13051555
2020-09,5011,2020-09-30,0.055313960090280404,20,3,0.19459473,0.18854634
2020-09,2609,2020-09-30,0.0552364036225212,21,3,0.18488254,0.17883416
2020-09,5443,2020-09-30,0.05483892168876118,22,4,0.4375,0.43145162
2020-09,5351,2020-09-30,0.05128195718923025,23,2,0.047724165,0.04167578
2020-09,6684,2020-09-30,0.048811346465031075,24,4,0.25,0.24395162
2020-09,2108,2020-09-30,0.04792459616064653,25,4,0.384462,0.37841362
2020-09,5484,2020-09-30,0.04754277074021351,26,2,0.025000101,0.018951718
2020-09,6533,2020-09-30,0.047353499355473984,27,1,0.003322242,-0.002726142
2020-09,3066,2020-09-30,0.047011538172894246,28,0,-0.085820906,-0.09186929
2020-09,6547,2020-09-30,0.04697135583293583,29,0,-0.07833169,-0.08438007
2020-09,2349,2020-09-30,0.04677544506042068,30,1,0.0061266567,7.8272555e-05
2020-09,8110,2020-09-30,0.04621262522255523,31,2,0.05263136,0.046582974
2020-09,6129,2020-09-30,0.045760728012250264,32,1,0.021650977,0.015602593
2020-09,6243,2020-09-30,0.045038151398342545,33,0,-0.05833334,-0.064381726
2020-09,3011,2020-09-30,0.04375735162313373,34,0,-0.052388243,-0.05843663
2020-09,8932,2020-09-30,0.04368002620901273,35,2,0.0423728,0.036324415
2020-09,3219,2020-09-30,0.04329606436852009,36,1,7.840695e-08,-0.006048306
2020-09,2061,2020-09-30,0.04262127910007445,37,2,0.050925978,0.044877592
2020-09,1313,2020-09-30,0.04211236617623078,38,2,0.03968268,0.033634294
2020-09,8085,2020-09-30,0.04200870105576367,39,3,0.10851408,0.1024657
2020-09,6229,2020-09-30,0.04178432553088992,40,0,-0.102222145,-0.108270526
2020-09,3346,2020-09-30,0.041350896368512455,41,4,0.26870748,0.2626591
2020-09,2014,2020-09-30,0.04124805720598188,42,2,0.052462712,0.046414327
2020-09,3437,2020-09-30,0.04112581234570206,43,0,-0.053488422,-0.059536807
2020-09,3615,2020-09-30,0.040669708892889456,44,1,-0.008196715,-0.014245099
2020-09,1432,2020-09-30,0.04035774585556463,45,4,0.26005375,0.25400537
2020-09,6259,2020-09-30,0.039917764797223476,46,0,-0.11799404,-0.12404242
2020-09,1517,2020-09-30,0.03898974456678377,47,3,0.17672403,0.17067565
2020-09,6164,2020-09-30,0.038624017192565106,48,1,-0.008287268,-0.014335652
2020-09,6233,2020-09-30,0.03769742885659757,49,0,-0.08823535,-0.09428373
2020-09,3228,2020-09-30,0.03722520361050117,50,0,-0.04210534,-0.048153725
2020-09,3122,2020-09-30,0.03649665386563125,51,3,0.06837612,0.06232773
2020-09,6134,2020-09-30,0.036340875680885995,52,2,0.053740792,0.047692407
2020-09,1618,2020-09-30,0.03543633621639555,53,4,0.28121603,0.27516764
2020-09,1802,2020-09-30,0.035388902125916596,54,2,0.028806534,0.02275815
2020-09,2489,2020-09-30,0.03469064905577255,55,2,0.043129344,0.03708096
2020-09,2465,2020-09-30,0.03421178490827198,56,1,0.017421626,0.011373241
2020-09,2457,2020-09-30,0.033962807619730875,57,3,0.18000008,0.1739517
2020-09,3294,2020-09-30,0.03388782629427397,58,2,0.03870974,0.032661356
2020-09,2303,2020-09-30,0.032878611361090444,59,1,0.01890036,0.012851977
2020-09,2401,2020-09-30,0.032373956721868644,60,1,0.021978019,0.015929636
2020-09,4960,2020-09-30,0.03233686351653442,61,3,0.123058654,0.11701027
2020-09,2460,2020-09-30,0.03191536493624725,62,1,0.019455306,0.013406922
2020-09,6446,2020-09-30,0.03183891244158405,63,0,-0.205,-0.21104838
2020-09,3481,2020-09-30,0.030969437478823046,64,2,0.06723582,0.061187435
2020-09,2338,2020-09-30,0.030962868880104008,65,1,-0.02127659,-0.027324973
2020-09,3576,2020-09-30,0.03087775781308268,66,4,0.2789699,0.27292153
2020-09,2409,2020-09-30,0.030851911156369455,67,2,0.026666766,0.020618383
2020-09,2374,2020-09-30,0.030649496601094305,68,0,-0.03370805,-0.039756436
2020-09,5328,2020-09-30,0.030501497091092032,69,0,-0.041002266,-0.04705065
2020-09,3372,2020-09-30,0.030318293640318683,70,3,0.15515292,0.14910454
2020-09,3051,2020-09-30,0.030200515710603167,71,0,-0.06652809,-0.07257647
2020-09,1616,2020-09-30,0.03015408468694579,72,1,-0.0018551861,-0.00790357
2020-09,6152,2020-09-30,0.029979951853245396,73,3,0.13738741,0.13133903
2020-09,2371,2020-09-30,0.02991302410419296,74,3,0.23214288,0.2260945
2020-09,1904,2020-09-30,0.0298009038804322,75,2,0.050713275,0.04466489
2020-10,6546,2020-10-30,2.3153302447181905,1,4,3.0751615,2.9698918
2020-10,3228,2020-10-30,0.22938524332554744,2,4,0.50000006,0.3947303
2020-10,6533,2020-10-30,0.18691352490224847,3,4,0.8684212,0.76315147
2020-10,8227,2020-10-30,0.1797468873334144,4,0,0.0,-0.105269745
2020-10,2615,2020-10-30,0.1372248233016186,5,4,0.6044775,0.49920776
2020-10,6150,2020-10-30,0.1319557395371129,6,4,0.68439716,0.57912743
2020-10,2603,2020-10-30,0.11506048520437105,7,3,0.31758532,0.21231557
2020-10,2486,2020-10-30,0.07951988680646782,8,3,0.43181834,0.32654858
2020-10,2727,2020-10-30,0.07664664281504169,9,4,0.72690755,0.6216378
2020-10,2363,2020-10-30,0.07453571088655701,10,2,0.22566378,0.120394036
2020-10,2342,2020-10-30,0.07366806860585591,11,3,0.27579743,0.17052768
2020-10,2610,2020-10-30,0.07156624974697649,12,1,0.14857149,0.043301746
2020-10,2497,2020-10-30,0.06814755134745762,13,4,0.73619634,0.6309266
2020-10,6233,2020-10-30,0.06785364927490625,14,4,0.50427353,0.39900377
2020-10,3555,2020-10-30,0.06151441755336997,15,0,-0.041269846,-0.1465396
2020-10,3122,2020-10-30,0.06134926284007761,16,2,0.18623468,0.08096494
2020-10,2465,2020-10-30,0.059644996727807695,17,3,0.25657892,0.15130918
2020-10,6443,2020-10-30,0.05953648309244863,18,2,0.20478976,0.09952001
2020-10,1414,2020-10-30,0.056107014713911996,19,3,0.29460585,0.1893361
2020-10,3339,2020-10-30,0.05461020505692734,20,4,0.4835166,0.37824684
2020-10,3686,2020-10-30,0.051465416288628635,21,0,-0.033816446,-0.13908619
2020-10,2303,2020-10-30,0.048932233598358355,22,3,0.27941167,0.17414193
2020-10,2302,2020-10-30,0.04868769639887457,23,2,0.16666679,0.061397046
2020-10,6129,2020-10-30,0.048356085555416886,24,1,0.10381065,-0.0014590923
2020-10,2401,2020-10-30,0.04674545709139417,25,1,0.10915501,0.0038852615
2020-10,2609,2020-10-30,0.04660717504782125,26,2,0.16239326,0.057123512
2020-10,2009,2020-10-30,0.04423692802189631,27,4,0.55117255,0.4459028
2020-10,6693,2020-10-30,0.043984084601151247,28,3,0.28387102,0.17860128
2020-10,2344,2020-10-30,0.04342662531021153,29,1,0.06432733,-0.040942416
2020-10,6494,2020-10-30,0.038378412878870505,30,1,0.0653687,-0.039901048
2020-10,5484,2020-10-30,0.038360771367056845,31,3,0.26470593,0.15943618
2020-10,2460,2020-10-30,0.035192027214094854,32,2,0.20754714,0.1022774
2020-10,3066,2020-10-30,0.03485732755659961,33,1,0.07210887,-0.033160873
2020-10,2436,2020-10-30,0.033961065791517225,34,1,0.079934746,-0.025334999
2020-10,6651,2020-10-30,0.03320766046120634,35,0,0.011678709,-0.093591034
2020-10,2481,2020-10-30,0.03312107009280858,36,3,0.24896267,0.14369293
2020-10,6229,2020-10-30,0.033075575654055014,37,3,0.31617668,0.21090694
2020-10,6243,2020-10-30,0.03183205944506304,38,1,0.15584418,0.050574437
2020-10,5443,2020-10-30,0.031805603612157736,39,0,0.048409488,-0.056860257
2020-10,5011,2020-10-30,0.03111892318156103,40,3,0.32511187,0.21984212
2020-10,1616,2020-10-30,0.030141178361889485,41,2,0.1595547,0.05428496
2020-10,3622,2020-10-30,0.029950097334607642,42,4,0.5609756,0.45570585
2020-10,6684,2020-10-30,0.029702013199496398,43,0,0.007194295,-0.09807545
2020-10,1517,2020-10-30,0.02936895717165087,44,1,0.14559385,0.040324107
2020-10,6640,2020-10-30,0.029199099783618048,45,0,-0.008602152,-0.113871895
2020-10,1802,2020-10-30,0.02899864604200711,46,3,0.36254996,0.2572802
2020-10,8110,2020-10-30,0.02885464473771484,47,1,0.09722236,-0.008047387
2020-10,3086,2020-10-30,0.028520681269667364,48,4,0.61167514,0.5064054
2020-10,2351,2020-10-30,0.028298093021515928,49,2,0.2032518,0.09798205
2020-10,3530,2020-10-30,0.027638719581794705,50,4,0.5976332,0.49236342
2020-10,3011,2020-10-30,0.027569130644026267,51,0,0.03927983,-0.06598992
2020-10,1608,2020-10-30,0.027245549346433452,52,1,0.109589204,0.0043194587
2020-10,2409,2020-10-30,0.027240679558059436,53,0,0.030042822,-0.075226925
2020-10,3189,2020-10-30,0.026901450112695784,54,3,0.30372503,0.19845529
2020-10,2457,2020-10-30,0.02663863770776749,55,0,0.049999967,-0.055269778
2020-10,4952,2020-10-30,0.026546391466257733,56,2,0.22819752,0.12292777
2020-10,6164,2020-10-30,0.026418003840253494,57,0,0.012396787,-0.092872955
2020-10,6531,2020-10-30,0.024904522213099807,58,4,0.44132236,0.3360526
2020-10,4968,2020-10-30,0.02432741623356804,59,3,0.4004149,0.29514515
2020-10,8932,2020-10-30,0.024138071500975106,60,2,0.15902957,0.05375983
2020-10,3265,2020-10-30,0.024086841759729475,61,1,0.15126044,0.04599069
2020-10,2061,2020-10-30,0.024067682538923982,62,1,0.06465521,-0.040614538
2020-10,5014,2020-10-30,0.023814343144227042,63,4,0.43487877,0.329609
2020-10,3294,2020-10-30,0.023471044720548954,64,2,0.1809817,0.07571195
2020-10,2491,2020-10-30,0.022936163766657205,65,1,0.14772736,0.04245761
2020-10,6237,2020-10-30,0.02267046089805175,66,2,0.199011,0.09374125
2020-10,2413,2020-10-30,0.022229085206408834,67,2,0.19667599,0.09140624
2020-10,6134,2020-10-30,0.022204134554760488,68,0,0.0,-0.105269745
2020-10,4919,2020-10-30,0.021853468036941753,69,1,0.1050725,-0.00019724699
2020-10,1519,2020-10-30,0.021169088328291903,70,0,0.04960316,-0.055666585
2020-10,2014,2020-10-30,0.02116532453226159,71,2,0.18181807,0.07654832
2020-10,3006,2020-10-30,0.020970622829534945,72,2,0.19761896,0.09234922
2020-10,2611,2020-10-30,0.020729563068486407,73,0,0.04101854,-0.06425121
2020-10,1313,2020-10-30,0.020725509068354735,74,3,0.31800768,0.21273793
2020-10,6588,2020-10-30,0.02065857046031193,75,0,0.0,-0.105269745
2020-11,3086,2020-11-30,0.365332960671941,1,3,0.30307683,0.24768175
2020-11,2609,2020-11-30,0.292615385415459,2,4,0.9097744,0.85437936
2020-11,5608,2020-11-30,0.25739157308048494,3,4,0.8929505,0.8375554
2020-11,6129,2020-11-30,0.20382765381681872,4,4,0.63773143,0.58233637
2020-11,2009,2020-11-30,0.1983589241204182,5,4,0.46590894,0.41051385
2020-11,4961,2020-11-30,0.18288531600290908,6,4,1.4682814,1.4128863
2020-11,3228,2020-11-30,0.17945928613976728,7,1,0.088050336,0.03265525
2020-11,8227,2020-11-30,0.16553353039942267,8,0,0.0,-0.055395085
2020-11,2603,2020-11-30,0.15629828127764245,9,4,0.4818549,0.4264598
2020-11,3149,2020-11-30,0.12843119941438733,10,3,0.33333337,0.27793828
2020-11,3545,2020-11-30,0.10692780551268845,11,4,0.4887218,0.4333267
2020-11,5011,2020-11-30,0.10104311805550273,12,3,0.31136736,0.25597227
2020-11,8054,2020-11-30,0.09930743758347912,13,1,0.12020469,0.0648096
2020-11,6116,2020-11-30,0.09572401958809987,14,3,0.27669892,0.22130384
2020-11,2457,2020-11-30,0.09545189434395886,15,2,0.20074347,0.14534838
2020-11,2641,2020-11-30,0.09464338915724696,16,3,0.4269143,0.3715192
2020-11,2014,2020-11-30,0.09129188063799852,17,2,0.24481332,0.18941824
2020-11,2038,2020-11-30,0.0853423691903729,18,4,0.4686469,0.41325182
2020-11,2302,2020-11-30,0.0792316498351236,19,3,0.26020408,0.204809
2020-11,6237,2020-11-30,0.07415201912205853,20,4,0.70779234,0.6523973
2020-11,2069,2020-11-30,0.07169406459627159,21,0,0.043352608,-0.01204248
2020-11,6291,2020-11-30,0.07070472672959315,22,0,-0.0904109,-0.14580598
2020-11,2460,2020-11-30,0.06946438113746077,23,1,0.06886226,0.013467172
2020-11,6015,2020-11-30,0.06875361708329097,24,3,0.25534597,0.19995089
2020-11,2061,2020-11-30,0.06676830962766503,25,1,0.114285715,0.05889063
2020-11,6485,2020-11-30,0.06561652634528763,26,1,0.1381578,0.08276271
2020-11,2610,2020-11-30,0.061938912476110684,27,3,0.24744369,0.19204861
2020-11,5272,2020-11-30,0.061872666282446184,28,1,0.0837698,0.028374711
2020-11,3588,2020-11-30,0.06138788918127551,29,3,0.2738854,0.21849032
2020-11,2338,2020-11-30,0.05956673811990129,30,2,0.14477216,0.08937707
2020-11,2023,2020-11-30,0.059464775307160704,31,0,0.06147533,0.0060802423
2020-11,3372,2020-11-30,0.05827530053373147,32,0,0.05439337,-0.0010017172
2020-11,2613,2020-11-30,0.056294099476121476,33,2,0.17232375,0.11692866
2020-11,1608,2020-11-30,0.05598506673674671,34,1,0.0711462,0.01575111
2020-11,3169,2020-11-30,0.055864538650623706,35,3,0.41959795,0.36420286
2020-11,5302,2020-11-30,0.055595320329413965,36,1,0.13768113,0.08228604
2020-11,2409,2020-11-30,0.05532042909308676,37,2,0.24498004,0.18958496
2020-11,5864,2020-11-30,0.055317650846319295,38,3,0.25000006,0.19460498
2020-11,2611,2020-11-30,0.055317247524796075,39,3,0.4168937,0.3614986
2020-11,2369,2020-11-30,0.055009254751934536,40,1,0.12992129,0.0745262
2020-11,1584,2020-11-30,0.05480356143531821,41,0,-0.04508194,-0.100477025
2020-11,1802,2020-11-30,0.05480252118802343,42,0,0.03611118,-0.019283907
2020-11,2344,2020-11-30,0.05441804966232746,43,4,0.5737266,0.5183315
2020-11,3322,2020-11-30,0.05433150764070741,44,4,0.6395495,0.5841544
2020-11,2436,2020-11-30,0.05316641565129175,45,4,0.4439462,0.38855112
2020-11,3066,2020-11-30,0.05304697899752541,46,0,-0.004092733,-0.05948782
2020-11,3122,2020-11-30,0.052910624792577625,47,1,0.1183432,0.06294811
2020-11,4976,2020-11-30,0.05243515156382158,48,3,0.3111111,0.255716
2020-11,4960,2020-11-30,0.05179511030624611,49,2,0.14009666,0.084701575
2020-11,2030,2020-11-30,0.05131696209113162,50,1,0.13168733,0.07629224
2020-11,6164,2020-11-30,0.050001283317965335,51,4,0.59675235,0.5413573
2020-11,6152,2020-11-30,0.04914589375137209,52,1,0.08641977,0.031024681
2020-11,3265,2020-11-30,0.04867764176155591,53,1,0.06871618,0.013321096
2020-11,6134,2020-11-30,0.048674989978987185,54,2,0.23333323,0.17793815
2020-11,3481,2020-11-30,0.048356516066365686,55,4,0.49756113,0.44216603
2020-11,2465,2020-11-30,0.04744921942470997,56,2,0.16582914,0.11043405
2020-11,3686,2020-11-30,0.04721224015809112,57,0,-0.105,-0.16039509
2020-11,3552,2020-11-30,0.047014207411257246,58,1,0.10574004,0.050344955
2020-11,6684,2020-11-30,0.04680375658735228,59,2,0.24686936,0.19147427
2020-11,2025,2020-11-30,0.045866241250832,60,0,-0.15472771,-0.2101228
2020-11,3219,2020-11-30,0.045723458601576915,61,2,0.22137393,0.16597885
2020-11,3141,2020-11-30,0.045210832615729356,62,0,0.048284665,-0.007110422
2020-11,6150,2020-11-30,0.04488511793043727,63,3,0.3779904,0.3225953
2020-11,2431,2020-11-30,0.04431288522104711,64,0,-0.019684989,-0.075080074
2020-11,1616,2020-11-30,0.040389078922806576,65,0,-0.003007514,-0.0584026
2020-11,2401,2020-11-30,0.03995792306350147,66,2,0.16560496,0.110209875
2020-11,2442,2020-11-30,0.03934030706773145,67,0,-0.05371909,-0.10911418
2020-11,5014,2020-11-30,0.039250848121820996,68,2,0.19540218,0.1400071
2020-11,3294,2020-11-30,0.0388441027318398,69,2,0.14285715,0.08746206
2020-11,3138,2020-11-30,0.03860553892796303,70,4,0.6432751,0.58788
2020-11,5381,2020-11-30,0.03852528768418516,71,2,0.192,0.13660492
2020-11,3419,2020-11-30,0.037944493708392604,72,2,0.23295468,0.1775596
2020-11,5475,2020-11-30,0.03779797138116408,73,1,0.076502755,0.021107668
2020-11,4909,2020-11-30,0.03765123833397351,74,0,0.04485474,-0.010540346
2020-11,5236,2020-11-30,0.03760437706106217,75,3,0.32022482,0.26482973
2020-12,3086,2020-12-31,0.5597608933391015,1,4,0.8820677,0.8545246
2020-12,2061,2020-12-31,0.14263346568825083,2,4,0.2775629,0.25001982
2020-12,3093,2020-12-31,0.13980843520919,3,1,-0.032894816,-0.0604379
2020-12,3219,2020-12-31,0.1376376454129711,4,4,0.50217396,0.4746309
2020-12,3138,2020-12-31,0.12270074661341805,5,4,0.9593024,0.93175936
2020-12,3228,2020-12-31,0.12091838488508083,6,1,0.009174362,-0.018368721
2020-12,6485,2020-12-31,0.0649089718506283,7,4,0.3874643,0.35992125
2020-12,6588,2020-12-31,0.03645624440657183,8,1,0.0,-0.027543083
2020-12,6684,2020-12-31,0.023248145096560684,9,4,0.2679356,0.24039252
2020-12,3661,2020-12-31,0.019878294310736774,10,4,0.31578964,0.28824657
2020-12,2375,2020-12-31,0.01853841450401536,11,2,0.06832969,0.04078661
2020-12,6531,2020-12-31,0.018384881601120763,12,4,0.5594404,0.5318973
2020-12,4961,2020-12-31,0.01838219753890855,13,0,-0.03787882,-0.0654219
2020-12,3189,2020-12-31,0.014313181217012175,14,0,-0.0440636,-0.07160668
2020-12,6693,2020-12-31,0.012614081937843686,15,2,0.0985603,0.07101722
2020-12,4577,2020-12-31,0.011785508956709025,16,3,0.13737385,0.10983077
2020-12,6415,2020-12-31,0.011058650757082164,17,2,0.091858,0.06431492
2020-12,6788,2020-12-31,0.010153747718259559,18,2,0.060975682,0.0334326
2020-12,6568,2020-12-31,0.009944945169379568,19,2,0.022222329,-0.0053207534
2020-12,5236,2020-12-31,0.009884077826466544,20,4,0.31836748,0.2908244
2020-12,2492,2020-12-31,0.008337345519410561,21,0,-0.045454465,-0.07299755
2020-12,2379,2020-12-31,0.006067575740565656,22,3,0.16066834,0.13312526
2020-12,5269,2020-12-31,0.004844205060717484,23,4,0.20569628,0.1781532
2020-12,2330,2020-12-31,0.004410148000270773,24,2,0.11509401,0.08755093
2020-12,3552,2020-12-31,0.003557922600285482,25,4,0.4726368,0.44509372
2020-12,6239,2020-12-31,0.003396796898482107,26,2,0.026343517,-0.0011995655
2020-12,6005,2020-12-31,6.906024350569467e-05,27,1,-0.014705936,-0.04224902
2020-12,6199,2020-12-31,-0.00030071123801577587,28,2,0.025423745,-0.002119338
2020-12,6243,2020-12-31,-0.0012523030776334554,29,4,0.24285717,0.21531409
2020-12,6695,2020-12-31,-0.001446735880634167,30,0,-0.12391306,-0.15145613
2020-12,4951,2020-12-31,-0.0015631548477169012,31,1,0.010040261,-0.017502822
2020-12,3034,2020-12-31,-0.001706534971746701,32,2,0.07650281,0.048959725
2020-12,6409,2020-12-31,-0.002132140558738946,33,3,0.17431201,0.14676893
2020-12,5274,2020-12-31,-0.003105277127855556,34,3,0.15942025,0.13187717
2020-12,3413,2020-12-31,-0.00420097253642676,35,2,0.0261283,-0.001414783
2020-12,2516,2020-12-31,-0.004288053910200497,36,0,-0.096226454,-0.12376954
2020-12,3105,2020-12-31,-0.004800279819334816,37,3,0.18454924,0.15700616
2020-12,3169,2020-12-31,-0.005155877422612476,38,0,-0.03986727,-0.06741035
2020-12,5302,2020-12-31,-0.005198855167394935,39,0,-0.16645807,-0.19400115
2020-12,6271,2020-12-31,-0.005274647020230105,40,3,0.17039078,0.1428477
2020-12,6683,2020-12-31,-0.005480790904705435,41,2,0.038277395,0.010734312
2020-12,3443,2020-12-31,-0.0060396238410259226,42,3,0.13505751,0.107514426
2020-12,8045,2020-12-31,-0.007041055329425081,43,1,-0.019900339,-0.04744342
2020-12,6533,2020-12-31,-0.007178538640491617,44,3,0.16470595,0.13716286
2020-12,2308,2020-12-31,-0.007750217964883898,45,2,0.07210617,0.044563085
2020-12,6640,2020-12-31,-0.008039954907286392,46,3,0.16333349,0.13579041
2020-12,4766,2020-12-31,-0.008124225464423335,47,1,-0.025641002,-0.053184085
2020-12,8299,2020-12-31,-0.008759116088886236,48,3,0.13813812,0.11059503
2020-12,6129,2020-12-31,-0.009584757138350743,49,0,-0.106442556,-0.13398564
2020-12,6651,2020-12-31,-0.010114536464779743,50,2,0.035961367,0.008418284
2020-12,5484,2020-12-31,-0.010572927209660011,51,1,0.0033670065,-0.024176076
2020-12,4536,2020-12-31,-0.01058376484241323,52,0,-0.099358924,-0.126902
2020-12,3227,2020-12-31,-0.01081694911909415,53,0,-0.036175843,-0.06371892
2020-12,3015,2020-12-31,-0.010826360583816176,54,1,-0.0047562593,-0.032299343
2020-12,2454,2020-12-31,-0.010973862413286515,55,3,0.15894043,0.13139735
2020-12,3617,2020-12-31,-0.01100259376251733,56,0,-0.11666678,-0.14420986
2020-12,3131,2020-12-31,-0.01114069191184258,57,0,-0.10691819,-0.13446127
2020-12,2915,2020-12-31,-0.011839433609198109,58,1,-0.021520803,-0.049063884
2020-12,8054,2020-12-31,-0.012282373796049632,59,4,0.2718676,0.24432452
2020-12,3548,2020-12-31,-0.012376981249402428,60,1,-0.017021,-0.044564083
2020-12,2401,2020-12-31,-0.012388617334777665,61,4,0.36043358,0.3328905
2020-12,4938,2020-12-31,-0.01282258140341376,62,3,0.17014927,0.14260618
2020-12,2317,2020-12-31,-0.012900961590253873,63,3,0.19379023,0.16624714
2020-12,6494,2020-12-31,-0.013072893475506341,64,3,0.1428572,0.11531411
2020-12,4523,2020-12-31,-0.013821725837088952,65,0,-0.0641711,-0.09171418
2020-12,6770,2020-12-31,-0.01431093346403916,66,1,-0.020999981,-0.048543062
2020-12,3066,2020-12-31,-0.015927322684142146,67,1,-0.028000005,-0.055543087
2020-12,8438,2020-12-31,-0.01630000232309617,68,2,0.10550466,0.07796158
2020-12,5534,2020-12-31,-0.016832379245718135,69,1,-0.013732833,-0.041275915
2020-12,3406,2020-12-31,-0.017199252423395175,70,0,-0.15586686,-0.18340994
2020-12,4966,2020-12-31,-0.017509262940901372,71,2,0.09009013,0.06254705
2020-12,6152,2020-12-31,-0.017715087683076548,72,0,-0.2472727,-0.27481577
2020-12,6233,2020-12-31,-0.01781873552386325,73,3,0.14751557,0.11997248
2020-12,6456,2020-12-31,-0.018266646684528216,74,1,-0.025973953,-0.053517036
2020-12,6799,2020-12-31,-0.01835268834206279,75,4,0.206278,0.17873491
2021-01,3228,2021-01-29,0.45961471678202914,1,4,0.7686916,0.7176053
2021-01,8040,2021-01-29,0.34135922268728697,2,3,0.3659091,0.3148228
2021-01,6547,2021-01-29,0.34056543670329564,3,4,0.9248825,0.87379616
2021-01,6129,2021-01-29,0.33413822340113714,4,4,0.51257855,0.46149224
2021-01,6550,2021-01-29,0.3261894726100921,5,4,0.9435737,0.8924874
2021-01,6541,2021-01-29,0.28708059187314494,6,4,0.7556818,0.7045955
2021-01,3219,2021-01-29,0.28232326739226327,7,4,0.7076702,0.6565839
2021-01,6485,2021-01-29,0.27585333733533957,8,4,0.826923,0.7758367
2021-01,8054,2021-01-29,0.2647547081917783,9,3,0.4809886,0.4299023
2021-01,6712,2021-01-29,0.2636236731774895,10,3,0.42857155,0.37748525
2021-01,3086,2021-01-29,0.23894283586714615,11,2,0.2851562,0.23406988
2021-01,5608,2021-01-29,0.22404423394716524,12,1,0.196319,0.14523269
2021-01,3169,2021-01-29,0.21277273303939367,13,4,0.9704862,0.9193999
2021-01,4961,2021-01-29,0.20810104683691696,14,4,0.5793652,0.5282789
2021-01,2465,2021-01-29,0.20704319612750757,15,4,0.6081872,0.5571009
2021-01,4523,2021-01-29,0.17063145337464372,16,1,0.09722217,0.046135865
2021-01,4571,2021-01-29,0.16895237900706217,17,4,0.9501132,0.8990269
2021-01,6533,2021-01-29,0.16654113301569848,18,1,0.12530719,0.07422088
2021-01,3545,2021-01-29,0.16335713396161758,19,2,0.2439025,0.1928162
2021-01,2061,2021-01-29,0.1570959767382944,20,3,0.3927711,0.3416848
2021-01,5302,2021-01-29,0.157024983299304,21,1,0.13636366,0.08527735
2021-01,2009,2021-01-29,0.1566828041269189,22,3,0.5076922,0.4566059
2021-01,3138,2021-01-29,0.15220709985033315,23,3,0.407752,0.3566657
2021-01,3141,2021-01-29,0.1449603594448981,24,2,0.25315008,0.20206377
2021-01,6695,2021-01-29,0.14469949940417656,25,3,0.36029413,0.30920783
2021-01,6651,2021-01-29,0.14433379254560552,26,4,0.97142833,0.920342
2021-01,5475,2021-01-29,0.1439941147784465,27,2,0.2756598,0.2245735
2021-01,6693,2021-01-29,0.1375696389790699,28,4,0.572008,0.5209217
2021-01,2491,2021-01-29,0.1348375161979278,29,0,0.007843153,-0.043243155
2021-01,3066,2021-01-29,0.1345726093388952,30,4,0.890332,0.8392457
2021-01,2460,2021-01-29,0.13455607665121172,31,2,0.20175438,0.15066807
2021-01,3372,2021-01-29,0.13314433321051633,32,1,0.13636363,0.08527732
2021-01,6494,2021-01-29,0.13207622772160987,33,1,0.16991141,0.11882511
2021-01,6684,2021-01-29,0.12498330275444543,34,0,0.04678355,-0.004302757
2021-01,2609,2021-01-29,0.12339884850758553,35,3,0.42131987,0.37023357
2021-01,3122,2021-01-29,0.12316698485406025,36,2,0.22413798,0.17305167
2021-01,6116,2021-01-29,0.12135910077212275,37,0,0.024390206,-0.026696103
2021-01,6150,2021-01-29,0.11860745832483942,38,2,0.25773194,0.20664564
2021-01,6134,2021-01-29,0.1164142999692081,39,4,0.5136778,0.46259147
2021-01,8085,2021-01-29,0.1163921114411868,40,2,0.29606107,0.24497476
2021-01,6233,2021-01-29,0.1148180048686792,41,0,0.0067658075,-0.0443205
2021-01,6243,2021-01-29,0.11446060197231228,42,0,1.220316e-07,-0.051086187
2021-01,3625,2021-01-29,0.11185117990068541,43,0,0.062790684,0.011704376
2021-01,6291,2021-01-29,0.11122254905657014,44,1,0.17757004,0.12648374
2021-01,5272,2021-01-29,0.1092597080684226,45,0,0.055928446,0.004842138
2021-01,6237,2021-01-29,0.10856913105455293,46,1,0.17088619,0.11979988
2021-01,3438,2021-01-29,0.10847824520426866,47,1,0.16326527,0.11217897
2021-01,4534,2021-01-29,0.10819458346393977,48,3,0.45086715,0.39978084
2021-01,4562,2021-01-29,0.10797098645151272,49,2,0.2,0.1489137
2021-01,3322,2021-01-29,0.10689976709585568,50,2,0.28112444,0.23003814
2021-01,6443,2021-01-29,0.10598278467993226,51,2,0.28135604,0.23026973
2021-01,6689,2021-01-29,0.10589178475623426,52,2,0.22222213,0.17113583
2021-01,2486,2021-01-29,0.10427638451268445,53,2,0.3303305,0.27924418
2021-01,6118,2021-01-29,0.10364497467854122,54,0,-0.015873061,-0.066959366
2021-01,3686,2021-01-29,0.1028986588714068,55,3,0.3308824,0.2797961
2021-01,2369,2021-01-29,0.10174058537762937,56,1,0.09420293,0.04311662
2021-01,6763,2021-01-29,0.10083098776745839,57,1,0.11475413,0.06366783
2021-01,2727,2021-01-29,0.10047257859845489,58,3,0.4867258,0.4356395
2021-01,2611,2021-01-29,0.09959572053369217,59,1,0.11111109,0.060024783
2021-01,3362,2021-01-29,0.09949916969168295,60,2,0.27480063,0.22371432
2021-01,8438,2021-01-29,0.09860594421718986,61,2,0.23617013,0.18508382
2021-01,6199,2021-01-29,0.09832833144995246,62,3,0.46280992,0.4117236
2021-01,2457,2021-01-29,0.09734443801506272,63,0,0.0365854,-0.014500907
2021-01,4971,2021-01-29,0.09727514422877828,64,0,-0.054079723,-0.10516603
2021-01,6640,2021-01-29,0.09720173733314645,65,0,-0.008608326,-0.059694633
2021-01,2025,2021-01-29,0.09587426379647664,66,1,0.09600046,0.044914156
2021-01,2489,2021-01-29,0.09555916711280867,67,1,0.121076226,0.06998992
2021-01,5328,2021-01-29,0.09517181903792996,68,0,0.07531385,0.024227543
2021-01,5222,2021-01-29,0.09469687969425894,69,3,0.45544553,0.40435922
2021-01,4951,2021-01-29,0.09426123297321068,70,3,0.3387423,0.28765598
2021-01,3149,2021-01-29,0.09420948130693674,71,0,0.016304385,-0.03478192
2021-01,2413,2021-01-29,0.0939359910785114,72,1,0.08510632,0.034020014
2021-01,2014,2021-01-29,0.09319542413277615,73,3,0.34317362,0.29208732
2021-01,6617,2021-01-29,0.0924577022333759,74,0,-0.050666694,-0.101753004
2021-01,5484,2021-01-29,0.09131977808041572,75,0,0.033112615,-0.017973693
2021-02,6129,2021-02-26,0.4459471194320394,1,4,0.75217396,0.7194438
2021-02,8040,2021-02-26,0.4332824569020306,2,4,1.5196507,1.4869205
2021-02,3122,2021-02-26,0.431377017591148,3,4,0.82217574,0.7894456
2021-02,6550,2021-02-26,0.39359524880656366,4,4,1.7401576,1.7074274
2021-02,3169,2021-02-26,0.3424207756580569,5,3,0.45901656,0.42628637
2021-02,5302,2021-02-26,0.33554892812453074,6,4,0.6875,0.65476984
2021-02,2491,2021-02-26,0.2913009819505718,7,4,0.6213234,0.58859324
2021-02,8054,2021-02-26,0.28176522497947787,8,1,0.17016026,0.13743007
2021-02,2609,2021-02-26,0.28106092984758946,9,1,0.19289348,0.16016328
2021-02,1471,2021-02-26,0.256790509331656,10,2,0.22758615,0.19485596
2021-02,6712,2021-02-26,0.24398587234689034,11,4,0.74716985,0.7144397
2021-02,2465,2021-02-26,0.24131435379401744,12,4,0.5398058,0.50707567
2021-02,3372,2021-02-26,0.24118248553260618,13,3,0.4115227,0.3787925
2021-02,5608,2021-02-26,0.23651773945360685,14,3,0.5166668,0.48393664
2021-02,3149,2021-02-26,0.2006170372008124,15,2,0.29827592,0.26554573
2021-02,6547,2021-02-26,0.19519134303123978,16,4,0.5805557,0.5478255
2021-02,5272,2021-02-26,0.19343432526106524,17,2,0.26523298,0.23250279
2021-02,6494,2021-02-26,0.1835990364609919,18,3,0.30985913,0.27712893
2021-02,6541,2021-02-26,0.18292707824631174,19,4,0.5283334,0.49560323
2021-02,2399,2021-02-26,0.17345754669937838,20,3,0.51373625,0.48100606
2021-02,2603,2021-02-26,0.17122860696587838,21,1,0.13618685,0.10345666
2021-02,2486,2021-02-26,0.1628136408603452,22,3,0.3379953,0.3052651
2021-02,3228,2021-02-26,0.16184257793945572,23,2,0.2712551,0.23852491
2021-02,2409,2021-02-26,0.16033403327500448,24,1,0.08396957,0.051239382
2021-02,1517,2021-02-26,0.15742444181778842,25,2,0.23183386,0.19910367
2021-02,3545,2021-02-26,0.15382737175575437,26,4,0.68932045,0.6565903
2021-02,6243,2021-02-26,0.1514449650345337,27,2,0.25882348,0.22609329
2021-02,2338,2021-02-26,0.14672581049215083,28,3,0.3606238,0.3278936
2021-02,6116,2021-02-26,0.14659900784075922,29,1,0.12222223,0.08949204
2021-02,2457,2021-02-26,0.14444730957165888,30,3,0.46070465,0.42797446
2021-02,3362,2021-02-26,0.14440591192709276,31,4,1.3868419,1.3541117
2021-02,4961,2021-02-26,0.1439226111255391,32,2,0.2959641,0.2632339
2021-02,3230,2021-02-26,0.143573443030282,33,2,0.2965237,0.2637935
2021-02,6291,2021-02-26,0.1375917397845263,34,4,0.7546583,0.7219281
2021-02,6237,2021-02-26,0.1350939921225635,35,2,0.24309395,0.21036376
2021-02,2489,2021-02-26,0.1337299152814165,36,3,0.4416665,0.40893632
2021-02,6485,2021-02-26,0.13344101289091004,37,1,0.18181816,0.14908797
2021-02,3066,2021-02-26,0.13137734697644635,38,4,0.5231092,0.490379
2021-02,2597,2021-02-26,0.1298807475495538,39,1,0.14819132,0.115461126
2021-02,3437,2021-02-26,0.12971292490563996,40,1,0.15701227,0.12428208
2021-02,6695,2021-02-26,0.12865640902638567,41,1,0.18524595,0.15251575
2021-02,2329,2021-02-26,0.12570975362700992,42,0,-0.03888901,-0.0716192
2021-02,3141,2021-02-26,0.12460338135947845,43,3,0.33397335,0.30124316
2021-02,6716,2021-02-26,0.12449513795821135,44,2,0.3089432,0.27621302
2021-02,5475,2021-02-26,0.12345022419516738,45,2,0.28205144,0.24932125
2021-02,6684,2021-02-26,0.12265751856792108,46,0,0.04491982,0.012189629
2021-02,2460,2021-02-26,0.11505564505302399,47,3,0.33333328,0.3006031
2021-02,2369,2021-02-26,0.11461029397493265,48,0,3.3810718e-08,-0.032730155
2021-02,3438,2021-02-26,0.10891748544795099,49,2,0.2564103,0.22368011
2021-02,1409,2021-02-26,0.10679265901894362,50,2,0.19863012,0.16589993
2021-02,3686,2021-02-26,0.10560074125691231,51,0,-0.04904637,-0.08177656
2021-02,2025,2021-02-26,0.10518537634668432,52,0,-0.05902783,-0.09175802
2021-02,2061,2021-02-26,0.10470173792927984,53,0,-0.04812824,-0.08085843
2021-02,2637,2021-02-26,0.10375945166168711,54,1,0.18067966,0.14794947
2021-02,2014,2021-02-26,0.10340982369368518,55,0,0.039772637,0.007042447
2021-02,5328,2021-02-26,0.10323478073556538,56,0,0.02797199,-0.0047581997
2021-02,2302,2021-02-26,0.10198838095036325,57,0,0.016786586,-0.015943604
2021-02,3322,2021-02-26,0.10177681820565612,58,2,0.28709692,0.25436673
2021-02,3276,2021-02-26,0.10048686675683678,59,3,0.39682558,0.3640954
2021-02,2031,2021-02-26,0.10018825631455057,60,0,-0.0012690928,-0.033999283
2021-02,2610,2021-02-26,0.10013013176668016,61,1,0.058219127,0.025488937
2021-02,2401,2021-02-26,0.09992275264789746,62,1,0.12571427,0.09298408
2021-02,6693,2021-02-26,0.09956254471932534,63,0,-0.06860467,-0.10133486
2021-02,8085,2021-02-26,0.098620486031877,64,4,0.81917214,0.786442
2021-02,6788,2021-02-26,0.09839058248037387,65,3,0.3909773,0.3582471
2021-02,3094,2021-02-26,0.09834257654110252,66,3,0.44014093,0.40741074
2021-02,6763,2021-02-26,0.0982933793887237,67,1,0.15905735,0.12632716
2021-02,2442,2021-02-26,0.09708760550126573,68,1,0.06372553,0.030995341
2021-02,6770,2021-02-26,0.0958194131855944,69,0,3.041544e-08,-0.03273016
2021-02,3707,2021-02-26,0.09522652179523897,70,2,0.23316063,0.20043044
2021-02,5484,2021-02-26,0.09448386838662133,71,0,-0.07552877,-0.10825896
2021-02,2466,2021-02-26,0.09323309172455307,72,0,-0.028818443,-0.06154863
2021-02,6233,2021-02-26,0.09283248925050216,73,1,0.047368307,0.014638117
2021-02,9955,2021-02-26,0.09280467589980966,74,0,-0.036842145,-0.06957234
2021-02,6026,2021-02-26,0.0921409650215219,75,3,0.34222242,0.30949223
2021-03,8227,2021-03-31,0.8170284791400553,1,0,0.0,-0.030591225
2021-03,2609,2021-03-31,0.6537423079347626,2,4,1.0434226,1.0128313
2021-03,2637,2021-03-31,0.4531175146059816,3,4,0.8585297,0.82793844
2021-03,2615,2021-03-31,0.44301695919113687,4,4,0.632143,0.6015518
2021-03,2603,2021-03-31,0.4375283659719216,5,4,0.6595746,0.6289834
2021-03,2014,2021-03-31,0.3401912459793191,6,4,0.96009976,0.9295085
2021-03,2606,2021-03-31,0.33131681187567996,7,3,0.5302666,0.49967536
2021-03,2002,2021-03-31,0.3027762346930763,8,3,0.39423063,0.3636394
2021-03,2031,2021-03-31,0.2739693567192948,9,4,0.7412061,0.71061486
2021-03,2010,2021-03-31,0.26501496369456556,10,3,0.5625,0.53190875
2021-03,1608,2021-03-31,0.25996187379913516,11,4,0.8967971,0.8662059
2021-03,2009,2021-03-31,0.23554837141240487,12,4,0.6719241,0.64133286
2021-03,2038,2021-03-31,0.23308519087506813,13,3,0.5732985,0.54270726
2021-03,2617,2021-03-31,0.23048859665626478,14,4,0.76397485,0.7333836
2021-03,5608,2021-03-31,0.22351541964584024,15,3,0.43406597,0.40347475
2021-03,2023,2021-03-31,0.22250645811211542,16,4,0.5985129,0.56792164
2021-03,2069,2021-03-31,0.19661481278946408,17,2,0.3742691,0.34367788
2021-03,2020,2021-03-31,0.19601618149338434,18,1,0.22401865,0.19342743
2021-03,2025,2021-03-31,0.1929919096732482,19,1,0.25806472,0.2274735
2021-03,2032,2021-03-31,0.18039152352257862,20,2,0.38297874,0.35238752
2021-03,1313,2021-03-31,0.17726331293597491,21,2,0.36169064,0.33109942
2021-03,2030,2021-03-31,0.16845786129197685,22,2,0.30111513,0.2705239
2021-03,2613,2021-03-31,0.1567972872645205,23,3,0.42990658,0.39931536
2021-03,2641,2021-03-31,0.1492102146185622,24,3,0.38909093,0.3584997
2021-03,1905,2021-03-31,0.14569342738467772,25,4,0.6339623,0.603371
2021-03,1616,2021-03-31,0.14549766500782182,26,3,0.525368,0.49477676
2021-03,2611,2021-03-31,0.14327997744063695,27,2,0.3357934,0.3052022
2021-03,1802,2021-03-31,0.14181602081294495,28,3,0.5447761,0.51418483
2021-03,3349,2021-03-31,0.1412984892644563,29,1,0.105943196,0.07535197
2021-03,2027,2021-03-31,0.13601407884140457,30,2,0.38730147,0.35671026
2021-03,5475,2021-03-31,0.1350564063855035,31,4,1.0313152,1.000724
2021-03,2006,2021-03-31,0.13425632390277623,32,1,0.192865,0.16227378
2021-03,1612,2021-03-31,0.13090541182227297,33,1,0.17283945,0.14224823
2021-03,2610,2021-03-31,0.1200460775693686,34,1,0.17647068,0.14587946
2021-03,1605,2021-03-31,0.12002344203974237,35,3,0.3894738,0.35888258
2021-03,1609,2021-03-31,0.1087466307909213,36,3,0.5577888,0.52719754
2021-03,1471,2021-03-31,0.10341590613888899,37,3,0.59546065,0.5648694
2021-03,2516,2021-03-31,0.09951241619841537,38,1,0.17068271,0.1400915
2021-03,2236,2021-03-31,0.09289295360396979,39,3,0.46500018,0.43440896
2021-03,1618,2021-03-31,0.09043764884026396,40,2,0.3042071,0.27361587
2021-03,1103,2021-03-31,0.08794586555395446,41,1,0.14999984,0.119408615
2021-03,1308,2021-03-31,0.08631419563966045,42,2,0.27070713,0.24011591
2021-03,2630,2021-03-31,0.08511611374204543,43,0,-0.011395969,-0.041987196
2021-03,2015,2021-03-31,0.08445567285327886,44,1,0.13623588,0.10564465
2021-03,6015,2021-03-31,0.08429556199033113,45,3,0.5785441,0.54795283
2021-03,6763,2021-03-31,0.08297881141220564,46,3,0.4880203,0.45742908
2021-03,2423,2021-03-31,0.0814879738477172,47,0,0.0040816483,-0.026509577
2021-03,6419,2021-03-31,0.07765483346967454,48,0,0.01529061,-0.015300617
2021-03,2636,2021-03-31,0.07732610293674921,49,2,0.2857141,0.25512287
2021-03,1584,2021-03-31,0.07479144960506233,50,2,0.29098362,0.2603924
2021-03,1304,2021-03-31,0.0718889302739448,51,2,0.37109375,0.34050253
2021-03,5864,2021-03-31,0.07105801407602874,52,4,0.631579,0.60098773
2021-03,6026,2021-03-31,0.07052773227522749,53,1,0.26610038,0.23550916
2021-03,2034,2021-03-31,0.07052630623432748,54,0,0.04841719,0.017825963
2021-03,2618,2021-03-31,0.07018448751510799,55,0,0.085442916,0.05485169
2021-03,2607,2021-03-31,0.06960890512664422,56,1,0.23796776,0.20737654
2021-03,6016,2021-03-31,0.06763160414464028,57,0,0.10559011,0.074998885
2021-03,2211,2021-03-31,0.06663503114742471,58,0,-0.12762523,-0.15821645
2021-03,1309,2021-03-31,0.06595332001820446,59,0,0.03128625,0.0006950248
2021-03,2409,2021-03-31,0.06553740991114687,60,2,0.2955082,0.264917
2021-03,1312,2021-03-31,0.0651026167121268,61,0,0.092224255,0.061633028
2021-03,2605,2021-03-31,0.06484310075142946,62,2,0.3738534,0.34326217
2021-03,2535,2021-03-31,0.06455233147165206,63,0,0.05084742,0.020256193
2021-03,1108,2021-03-31,0.0626732850774173,64,1,0.20622565,0.17563443
2021-03,2801,2021-03-31,0.06230318066140538,65,0,-7.224977e-08,-0.030591298
2021-03,1810,2021-03-31,0.0601325096110194,66,1,0.14832546,0.11773423
2021-03,3060,2021-03-31,0.05800672638843569,67,4,0.7747748,0.74418354
2021-03,1104,2021-03-31,0.0578075555516973,68,0,0.04130439,0.010713165
2021-03,3188,2021-03-31,0.05775094980532714,69,0,0.032490976,0.0018997502
2021-03,1603,2021-03-31,0.05683456363475753,70,2,0.3827391,0.35214788
2021-03,2855,2021-03-31,0.05613687453124305,71,1,0.20806803,0.17747681
2021-03,2612,2021-03-31,0.055283057965521784,72,2,0.31923586,0.28864464
2021-03,1809,2021-03-31,0.054508886560028676,73,1,0.21912345,0.18853223
2021-03,2495,2021-03-31,0.05438086393990155,74,4,0.6992481,0.6686568
2021-03,2504,2021-03-31,0.05339640584803414,75,0,-0.044280395,-0.07487162
2021-04,8227,2021-04-29,0.48973943337832154,1,3,0.0,0.039609168
2021-04,2609,2021-04-29,0.27969755671403335,2,4,0.25435546,0.29396462
2021-04,5475,2021-04-29,0.24803381106063568,3,4,0.4896552,0.5292644
2021-04,2615,2021-04-29,0.22142594274905242,4,4,0.56218404,0.6017932
2021-04,2603,2021-04-29,0.14701304032357632,5,4,0.14761904,0.1872282
2021-04,3555,2021-04-29,0.09759855670645706,6,3,0.12054324,0.1601524
2021-04,5608,2021-04-29,0.08379647488298873,7,4,0.21237464,0.25198382
2021-04,6419,2021-04-29,0.07168958878004063,8,4,0.19411768,0.23372684
2021-04,3228,2021-04-29,0.06845904336474555,9,3,0.035714332,0.0753235
2021-04,2637,2021-04-29,0.038544315992523705,10,1,-0.040559527,-0.0009503592
2021-04,2465,2021-04-29,0.03569840950689976,11,3,0.12989691,0.16950607
2021-04,8476,2021-04-29,0.029585285614536955,12,0,-0.5154868,-0.4758776
2021-04,4523,2021-04-29,0.0283144072892715,13,4,0.14233576,0.18194492
2021-04,2014,2021-04-29,0.018810451346115697,14,3,0.12601157,0.16562073
2021-04,2608,2021-04-29,0.017134822876221815,15,4,0.37333333,0.4129425
2021-04,2633,2021-04-29,0.011022443079526153,16,0,-0.076677255,-0.037068088
2021-04,1102,2021-04-29,0.010398773080806842,17,3,0.013065385,0.05267455
2021-04,7547,2021-04-29,0.009124110347288019,18,0,-0.09186352,-0.052254353
2021-04,2850,2021-04-29,0.009004955421720274,19,1,-0.03864723,0.0009619366
2021-04,8438,2021-04-29,0.006489556322086232,20,2,-0.009433823,0.030175345
2021-04,2897,2021-04-29,0.006247699548809827,21,0,-0.07142865,-0.03181948
2021-04,6763,2021-04-29,0.0036878433803269163,22,4,0.43963972,0.47924888
2021-04,5410,2021-04-29,0.002843049871360998,23,1,-0.053830102,-0.014220934
2021-04,3293,2021-04-29,0.0027630522574156927,24,4,0.19794346,0.23755263
2021-04,1402,2021-04-29,0.0015354779224753701,25,1,-0.060150374,-0.020541206
2021-04,3081,2021-04-29,0.001049518649406424,26,3,-0.008000059,0.031609107
2021-04,2881,2021-04-29,0.0006407759024188088,27,3,0.022727137,0.062336303
2021-04,2025,2021-04-29,0.00038004489570956864,28,3,-0.004999949,0.034609217
2021-04,2505,2021-04-29,0.00034981070105176816,29,0,-0.12714277,-0.08753361
2021-04,2812,2021-04-29,0.00018837662918040713,30,1,-0.0462186,-0.006609433
2021-04,1727,2021-04-29,-0.0004501375862675616,31,2,-0.030418204,0.009190964
2021-04,2852,2021-04-29,-0.00047606521447156834,32,1,-0.047445226,-0.007836059
2021-04,5534,2021-04-29,-0.0004790742975306887,33,1,-0.044739854,-0.0051306863
2021-04,2885,2021-04-29,-0.0004802913452100508,34,2,-0.011582989,0.028026178
2021-04,2851,2021-04-29,-0.0004895382058331354,35,3,0.062370177,0.101979345
2021-04,2820,2021-04-29,-0.0007724929229862403,36,2,-0.033232614,0.006376553
2021-04,2883,2021-04-29,-0.0009062036029622387,37,0,-0.06463867,-0.0250295
2021-04,9945,2021-04-29,-0.0015680187376385867,38,2,-0.01318276,0.026426407
2021-04,1101,2021-04-29,-0.0028163401568951653,39,2,-0.026923195,0.012685973
2021-04,8454,2021-04-29,-0.002940243105802378,40,4,0.2195122,0.25912136
2021-04,2845,2021-04-29,-0.0029875118344486196,41,1,-0.053811774,-0.014202606
2021-04,6695,2021-04-29,-0.003219415826956578,42,2,-0.017412953,0.022196215
2021-04,5508,2021-04-29,-0.004005169312309218,43,1,-0.035856746,0.0037524211
2021-04,6505,2021-04-29,-0.0041886059364075814,44,1,-0.036097407,0.00351176
2021-04,2597,2021-04-29,-0.004371733096960143,45,3,-0.00689657,0.032712597
2021-04,5880,2021-04-29,-0.0045114133937492785,46,2,-0.0234191,0.016190067
2021-04,3714,2021-04-29,-0.004623876783030189,47,1,-0.061728425,-0.022119258
2021-04,6753,2021-04-29,-0.0047246744062837,48,2,-0.02793298,0.011676189
2021-04,2516,2021-04-29,-0.004732494058559051,49,0,-0.13893135,-0.099322185
2021-04,3209,2021-04-29,-0.005255998782109767,50,2,-0.033955958,0.0056532095
2021-04,2884,2021-04-29,-0.005424517559708118,51,1,-0.055762216,-0.016153049
2021-04,2636,2021-04-29,-0.005961558139072624,52,4,0.18908645,0.22869562
2021-04,2480,2021-04-29,-0.006258816827794068,53,2,-0.029370597,0.010238571
2021-04,3029,2021-04-29,-0.006289764007232459,54,1,-0.043788236,-0.0041790684
2021-04,8131,2021-04-29,-0.006444461206943747,55,0,-0.10321097,-0.06360181
2021-04,2520,2021-04-29,-0.006559500338115981,56,0,-0.13203208,-0.09242292
2021-04,2414,2021-04-29,-0.006627336674645573,57,3,-0.003460206,0.03614896
2021-04,2855,2021-04-29,-0.007020120732255164,58,1,-0.041805968,-0.0021968004
2021-04,5519,2021-04-29,-0.007071650584897996,59,0,-0.09611468,-0.056505512
2021-04,2892,2021-04-29,-0.007320414167883226,60,2,-0.028888948,0.010720219
2021-04,2834,2021-04-29,-0.007695821147802864,61,0,-0.06274508,-0.023135912
2021-04,2887,2021-04-29,-0.007713659920992229,62,2,-0.020000082,0.019609086
2021-04,2886,2021-04-29,-0.007823064751596708,63,3,0.018461512,0.05807068
2021-04,2454,2021-04-29,-0.007853009504720692,64,0,-0.18212764,-0.14251848
2021-04,8112,2021-04-29,-0.008220842634012428,65,1,-0.053571306,-0.013962138
2021-04,2491,2021-04-29,-0.008898435530451264,66,4,0.28099173,0.3206009
2021-04,2890,2021-04-29,-0.009052485079913828,67,3,0.0074906577,0.047099825
2021-04,2548,2021-04-29,-0.009084538963698471,68,2,-0.015822833,0.023786334
2021-04,6781,2021-04-29,-0.009098857705843212,69,4,0.39590442,0.4355136
2021-04,2317,2021-04-29,-0.00935283071244907,70,2,-0.034782536,0.004826631
2021-04,6199,2021-04-29,-0.00935332471966291,71,4,0.22186494,0.2614741
2021-04,2836,2021-04-29,-0.00944203810585298,72,0,-0.068085164,-0.028475996
2021-04,2634,2021-04-29,-0.00950777765770909,73,0,-0.07986693,-0.040257763
2021-04,4722,2021-04-29,-0.009628177467282657,74,0,-0.11649213,-0.076882966
2021-04,2891,2021-04-29,-0.009777951994828712,75,3,0.013215799,0.052824967
2021-05,2615,2021-05-31,0.8231847144343823,1,4,0.97297305,0.94193566
2021-05,2636,2021-05-31,0.7920004227893884,2,4,1.3009704,1.269933
2021-05,2609,2021-05-31,0.7253024234779762,3,3,0.5734598,0.5424224
2021-05,2603,2021-05-31,0.6376768327880589,4,4,0.76847273,0.73743534
2021-05,2611,2021-05-31,0.5720046449528164,5,4,1.190341,1.1593035
2021-05,5608,2021-05-31,0.5310684673158843,6,3,0.62758625,0.59654886
2021-05,2641,2021-05-31,0.4734455939809473,7,4,0.85185176,0.8208144
2021-05,2613,2021-05-31,0.4259554049162578,8,4,0.80147064,0.77043325
2021-05,2612,2021-05-31,0.3383003408082302,9,4,0.84340036,0.81236297
2021-05,2605,2021-05-31,0.3357784711574751,10,4,0.9809163,0.94987893
2021-05,6763,2021-05-31,0.3322264295899265,11,4,0.7334167,0.7023793
2021-05,2606,2021-05-31,0.3236127519412724,12,2,0.3673806,0.3363432
2021-05,2617,2021-05-31,0.31078298990027325,13,3,0.51269054,0.48165315
2021-05,5475,2021-05-31,0.29155243514228274,14,3,0.6943821,0.6633447
2021-05,2637,2021-05-31,0.28905742999283957,15,3,0.47794127,0.44690388
2021-05,8476,2021-05-31,0.27897280744448505,16,4,0.96810955,0.93707216
2021-05,2607,2021-05-31,0.2776090301558618,17,4,1.0133928,0.9823554
2021-05,6741,2021-05-31,0.19780538474698506,18,4,0.8064516,0.7754142
2021-05,6689,2021-05-31,0.18331703840720617,19,4,0.75047994,0.71944255
2021-05,6465,2021-05-31,0.16542782860603109,20,3,0.48550734,0.45446995
2021-05,2465,2021-05-31,0.1652245165180878,21,3,0.3989454,0.367908
2021-05,2025,2021-05-31,0.1640251486773132,22,2,0.17750013,0.14646272
2021-05,6640,2021-05-31,0.15055902511813032,23,4,0.75308675,0.72204936
2021-05,2208,2021-05-31,0.14755309427450983,24,2,0.2657658,0.23472838
2021-05,2610,2021-05-31,0.13303870026696177,25,1,0.06442587,0.033388466
2021-05,2023,2021-05-31,0.12499586188267642,26,2,0.26569045,0.23465304
2021-05,4166,2021-05-31,0.11129354938717972,27,2,0.3846153,0.3535779
2021-05,2630,2021-05-31,0.110156174419633,28,2,0.2643678,0.23333038
2021-05,6695,2021-05-31,0.10858690749601328,29,2,0.19367093,0.16263352
2021-05,6756,2021-05-31,0.10756066426018693,30,3,0.6653465,0.6343091
2021-05,3035,2021-05-31,0.10124409409602837,31,1,0.11029405,0.07925665
2021-05,2010,2021-05-31,0.09618678322099,32,3,0.46808502,0.43704763
2021-05,2608,2021-05-31,0.09457487296201943,33,0,-0.022408983,-0.053446386
2021-05,5464,2021-05-31,0.0935567554242748,34,3,0.58758307,0.5565457
2021-05,7547,2021-05-31,0.09323286972096291,35,0,-0.0057804002,-0.036817804
2021-05,4919,2021-05-31,0.09113681508063304,36,0,-0.021712791,-0.052750196
2021-05,8454,2021-05-31,0.08874428461457783,37,3,0.45161298,0.4205756
2021-05,4577,2021-05-31,0.08683276841474946,38,0,0.016949067,-0.014088338
2021-05,5302,2021-05-31,0.08673702697652173,39,0,-0.0103448015,-0.041382205
2021-05,3122,2021-05-31,0.08478776381598606,40,0,0.009510935,-0.021526469
2021-05,2481,2021-05-31,0.08221293647449056,41,3,0.52519375,0.49415636
2021-05,5014,2021-05-31,0.08119420286395818,42,2,0.34482756,0.31379017
2021-05,3051,2021-05-31,0.08044408285415434,43,3,0.54791147,0.5168741
2021-05,6291,2021-05-31,0.07915169423617463,44,0,0.013333291,-0.017704114
2021-05,8045,2021-05-31,0.078110873128904,45,0,-0.054852374,-0.08588978
2021-05,3006,2021-05-31,0.0766580367508637,46,1,0.128205,0.097167596
2021-05,5351,2021-05-31,0.076142644375793,47,1,0.07924529,0.048207887
2021-05,3675,2021-05-31,0.07607275688768206,48,0,-0.05963309,-0.090670496
2021-05,8438,2021-05-31,0.07565020100207252,49,0,-0.021428626,-0.05246603
2021-05,3707,2021-05-31,0.07539316444984204,50,1,0.14189664,0.11085923
2021-05,3527,2021-05-31,0.07533141102125335,51,1,0.07177022,0.040732816
2021-05,2329,2021-05-31,0.074416876789696,52,1,0.1273711,0.0963337
2021-05,6129,2021-05-31,0.07403501092442583,53,1,0.11801239,0.086974986
2021-05,2369,2021-05-31,0.07403109583557692,54,1,0.090909034,0.05987163
2021-05,2038,2021-05-31,0.07355498598472555,55,3,0.61538464,0.58434725
2021-05,2351,2021-05-31,0.07272267029749896,56,2,0.3133401,0.2823027
2021-05,2032,2021-05-31,0.07209196398769248,57,2,0.31100485,0.27996746
2021-05,3529,2021-05-31,0.07130707608898804,58,2,0.343361,0.3123236
2021-05,3056,2021-05-31,0.06921368578187112,59,0,-0.0025706235,-0.033608027
2021-05,6550,2021-05-31,0.0690936034276357,60,1,0.13564666,0.10460925
2021-05,1102,2021-05-31,0.06896764542946615,61,0,-0.023121513,-0.05415892
2021-05,2030,2021-05-31,0.06869954559814193,62,3,0.6504852,0.6194478
2021-05,3228,2021-05-31,0.06869189866293758,63,1,0.1459293,0.1148919
2021-05,2436,2021-05-31,0.06851155788523676,64,0,0.00965513,-0.021382274
2021-05,6651,2021-05-31,0.06787252087317484,65,2,0.26168224,0.23064484
2021-05,6138,2021-05-31,0.06628704641785423,66,1,0.10489508,0.07385767
2021-05,6781,2021-05-31,0.06557430031179419,67,1,0.1419753,0.11093789
2021-05,5285,2021-05-31,0.06380036412260384,68,2,0.2821194,0.251082
2021-05,3141,2021-05-31,0.06369292731420564,69,4,0.81560254,0.78456515
2021-05,6716,2021-05-31,0.06323747343108281,70,0,0.033707727,0.0026703216
2021-05,2069,2021-05-31,0.06244942398681961,71,2,0.384458,0.35342062
2021-05,5292,2021-05-31,0.06235633734428489,72,0,0.047287885,0.01625048
2021-05,3016,2021-05-31,0.06196029006794644,73,1,0.081481315,0.05044391
2021-05,5607,2021-05-31,0.06189701814716071,74,1,0.12037045,0.08933304
2021-05,4967,2021-05-31,0.06170065468950639,75,2,0.16554047,0.13450307
2021-06,8227,2021-06-30,15.903049264585707,1,4,17.2243,17.259233
2021-06,2303,2021-06-30,0.3325172347969716,2,0,0.0034603083,0.038392674
2021-06,8476,2021-06-30,0.28166328901704163,3,4,0.5760368,0.6109692
2021-06,4951,2021-06-30,0.2445814469710711,4,3,0.28501645,0.31994882
2021-06,2340,2021-06-30,0.22453901319003683,5,3,0.28294578,0.31787816
2021-06,5351,2021-06-30,0.2111482294263018,6,4,0.6501708,0.6851032
2021-06,6716,2021-06-30,0.20456281836411455,7,4,0.5236363,0.55856866
2021-06,6104,2021-06-30,0.18699987822541753,8,4,0.6991018,0.7340342
2021-06,6684,2021-06-30,0.18265338176065377,9,4,0.5011021,0.53603446
2021-06,3707,2021-06-30,0.1791478878410151,10,3,0.33461052,0.3695429
2021-06,2369,2021-06-30,0.17833064878062407,11,3,0.33673483,0.3716672
2021-06,3317,2021-06-30,0.17586694339221895,12,2,0.13379315,0.1687255
2021-06,3035,2021-06-30,0.17575701660570145,13,3,0.38750458,0.42243695
2021-06,6291,2021-06-30,0.17285258332609055,14,4,0.6500993,0.68503165
2021-06,6243,2021-06-30,0.16737594334643457,15,3,0.414634,0.44956636
2021-06,3556,2021-06-30,0.16618826010516957,16,4,0.49470493,0.5296373
2021-06,3675,2021-06-30,0.16560739869559124,17,4,0.49275348,0.5276858
2021-06,3141,2021-06-30,0.16316963562619127,18,1,0.046979867,0.081912234
2021-06,2481,2021-06-30,0.16236148944804574,19,2,0.20809239,0.24302475
2021-06,5274,2021-06-30,0.16193216089509577,20,2,0.123456806,0.15838917
2021-06,3372,2021-06-30,0.15991960067449695,21,4,0.43927658,0.47420895
2021-06,6229,2021-06-30,0.15944354685533038,22,4,0.48417738,0.5191097
2021-06,3016,2021-06-30,0.1586633175703475,23,2,0.27115822,0.3060906
2021-06,6182,2021-06-30,0.158484985258203,24,1,0.10457525,0.1395076
2021-06,3588,2021-06-30,0.15847585378588505,25,3,0.37951097,0.41444334
2021-06,4952,2021-06-30,0.15713892609680744,26,4,0.47424504,0.5091774
2021-06,6423,2021-06-30,0.15338596898591966,27,0,0.0051866816,0.040119044
2021-06,8271,2021-06-30,0.1530936154660967,28,0,-0.051383454,-0.01645109
2021-06,5443,2021-06-30,0.1528590487966542,29,0,0.022612443,0.05754481
2021-06,2329,2021-06-30,0.15279637641253724,30,2,0.19565223,0.23058459
2021-06,6693,2021-06-30,0.15249446895185645,31,1,0.041397102,0.07632947
2021-06,2344,2021-06-30,0.15152757459682611,32,0,-0.076555915,-0.04162355
2021-06,4919,2021-06-30,0.15110039060604338,33,4,0.63985145,0.6747838
2021-06,3122,2021-06-30,0.1510338745067727,34,3,0.2916666,0.32659897
2021-06,3527,2021-06-30,0.15034897061297695,35,3,0.40789458,0.44282696
2021-06,5222,2021-06-30,0.14800730602892437,36,1,0.050193027,0.085125394
2021-06,6548,2021-06-30,0.14797803127258466,37,3,0.327103,0.36203536
2021-06,6568,2021-06-30,0.1470766022209723,38,4,0.514706,0.5496384
2021-06,8261,2021-06-30,0.14681228566646934,39,4,0.52849734,0.5634297
2021-06,5285,2021-06-30,0.14614089828725027,40,2,0.17309698,0.20802934
2021-06,6525,2021-06-30,0.1459934088855011,41,3,0.37267074,0.4076031
2021-06,6208,2021-06-30,0.14517313835079132,42,0,0.013431104,0.04836347
2021-06,6695,2021-06-30,0.14010063401507544,43,2,0.12579952,0.16073188
2021-06,6138,2021-06-30,0.1400588885444945,44,2,0.11562501,0.15055737
2021-06,6233,2021-06-30,0.13983029269524694,45,2,0.25067744,0.2856098
2021-06,8383,2021-06-30,0.13923709708174573,46,0,-0.018307239,0.016625125
2021-06,3438,2021-06-30,0.13875413053482188,47,2,0.16145198,0.19638434
2021-06,3094,2021-06-30,0.13776143471543423,48,0,0.015827265,0.05075963
2021-06,6552,2021-06-30,0.13730402362025984,49,3,0.35742196,0.39235434
2021-06,3105,2021-06-30,0.13687239372357113,50,0,-0.06865103,-0.033718664
2021-06,2401,2021-06-30,0.1356309128880955,51,3,0.33072114,0.3656535
2021-06,3260,2021-06-30,0.13521441388451022,52,0,-0.03999991,-0.005067545
2021-06,5272,2021-06-30,0.13488009714298577,53,1,0.09385108,0.12878345
2021-06,8054,2021-06-30,0.1347861824283992,54,3,0.4047168,0.43964916
2021-06,2363,2021-06-30,0.13324993929379542,55,1,0.07798151,0.11291388
2021-06,5302,2021-06-30,0.1324242785662347,56,1,0.051903114,0.08683548
2021-06,3265,2021-06-30,0.13224513106202643,57,0,0.03658539,0.07151776
2021-06,3530,2021-06-30,0.1310022345544258,58,2,0.22338009,0.25831246
2021-06,8028,2021-06-30,0.13050293833765358,59,1,0.06482462,0.099756986
2021-06,5299,2021-06-30,0.12884926431163365,60,3,0.41964284,0.4545752
2021-06,6485,2021-06-30,0.12811706459419747,61,0,0.02641511,0.061347473
2021-06,6129,2021-06-30,0.12810633604040494,62,1,0.050847262,0.08577963
2021-06,3264,2021-06-30,0.12749482414945792,63,2,0.22958052,0.2645129
2021-06,6435,2021-06-30,0.12666529392906123,64,2,0.13857576,0.17350812
2021-06,6187,2021-06-30,0.1261530259280711,65,1,0.094488256,0.12942062
2021-06,6788,2021-06-30,0.12537380302197068,66,0,-0.047120314,-0.012187949
2021-06,3680,2021-06-30,0.12480206556111863,67,0,0.027865782,0.06279815
2021-06,3581,2021-06-30,0.12353723556885261,68,1,0.10625751,0.14118987
2021-06,4967,2021-06-30,0.12326450549326987,69,0,-0.0041494076,0.030782957
2021-06,6533,2021-06-30,0.12180326389110889,70,1,0.102362126,0.13729449
2021-06,4577,2021-06-30,0.12179983819013614,71,1,0.09044689,0.12537925
2021-06,6494,2021-06-30,0.12155221990554242,72,2,0.22906819,0.26400056
2021-06,6756,2021-06-30,0.12126743452866495,73,1,0.07598031,0.11091268
2021-06,3006,2021-06-30,0.120426431395717,74,1,0.060606003,0.09553837
2021-06,2342,2021-06-30,0.12019238231684336,75,2,0.18037134,0.2153037
2021-07,8227,2021-07-30,0.2982094841825905,1,0,-0.13857143,-0.13639832
2021-07,8476,2021-07-30,0.251078284801997,2,0,-0.35533714,-0.35316405
2021-07,6739,2021-07-30,0.07585584327746214,3,4,0.41066653,0.41283962
2021-07,4577,2021-07-30,0.052348178805184296,4,0,-0.10033451,-0.09816141
2021-07,3349,2021-07-30,0.05015705744189764,5,2,0.020869192,0.023042299
2021-07,6419,2021-07-30,0.04890291966397354,6,4,0.9281046,0.9302777
2021-07,6763,2021-07-30,0.04482413643024134,7,2,0.0157586,0.017931707
2021-07,5608,2021-07-30,0.04035170725252605,8,4,0.27579373,0.27796683
2021-07,6174,2021-07-30,0.029498276194781837,9,4,0.39237043,0.39454353
2021-07,6509,2021-07-30,0.0289757306838716,10,3,0.13162982,0.13380294
2021-07,6735,2021-07-30,0.025981762653689757,11,2,0.0018846111,0.004057718
2021-07,6584,2021-07-30,0.023075461937039268,12,3,0.10875003,0.110923134
2021-07,8383,2021-07-30,0.022557319836718607,13,2,-0.024234656,-0.02206155
2021-07,6806,2021-07-30,0.019370096068389648,14,1,-0.024647973,-0.022474866
2021-07,5292,2021-07-30,0.018743018478057476,15,1,-0.065384656,-0.06321155
2021-07,3390,2021-07-30,0.018550052978618246,16,1,-0.047445074,-0.045271967
2021-07,9941,2021-07-30,0.01800303592114494,17,4,0.20659052,0.20876363
2021-07,2423,2021-07-30,0.01634278578476229,18,2,0.0020120977,0.004185205
2021-07,5484,2021-07-30,0.01608167775587247,19,0,-0.18911175,-0.18693864
2021-07,4919,2021-07-30,0.01590318130455753,20,3,0.0933074,0.0954805
2021-07,4739,2021-07-30,0.015567076564470601,21,3,0.115207486,0.11738059
2021-07,3527,2021-07-30,0.015121503769176882,22,4,0.47923324,0.48140633
2021-07,8021,2021-07-30,0.014842423679346937,23,0,-0.116789065,-0.11461596
2021-07,4543,2021-07-30,0.014733444437195107,24,2,-0.023255825,-0.021082718
2021-07,6761,2021-07-30,0.01460997776329508,25,4,0.20088752,0.20306063
2021-07,6664,2021-07-30,0.014478172186770432,26,1,-0.0672514,-0.065078296
2021-07,6691,2021-07-30,0.014450254569921862,27,0,-0.08166973,-0.07949663
2021-07,8454,2021-07-30,0.013881777822552187,28,3,0.12580639,0.1279795
2021-07,6164,2021-07-30,0.012823619967685905,29,3,0.07118662,0.07335972
2021-07,8131,2021-07-30,0.012715489378217152,30,1,-0.035204045,-0.03303094
2021-07,6546,2021-07-30,0.012161698775645633,31,0,-0.07592585,-0.073752746
2021-07,2025,2021-07-30,0.011971670941573809,32,0,-0.18518533,-0.18301222
2021-07,3093,2021-07-30,0.011690636370771315,33,4,0.14138016,0.14355327
2021-07,1711,2021-07-30,0.011601389713955742,34,1,-0.053708397,-0.05153529
2021-07,2611,2021-07-30,0.010982075752534083,35,2,-0.007812512,-0.005639405
2021-07,3305,2021-07-30,0.010853483517231787,36,0,-0.14667681,-0.1445037
2021-07,1595,2021-07-30,0.010404647346123485,37,3,0.107511014,0.10968412
2021-07,2476,2021-07-30,0.009892203196263391,38,2,0.030559111,0.03273222
2021-07,3167,2021-07-30,0.00985854651654783,39,0,-0.19244821,-0.1902751
2021-07,7547,2021-07-30,0.009805838395744438,40,2,0.026469834,0.028642941
2021-07,2221,2021-07-30,0.009608408898820893,41,4,0.54499257,0.5471657
2021-07,4722,2021-07-30,0.009476363658701553,42,3,0.060139865,0.06231297
2021-07,5488,2021-07-30,0.009472512703818008,43,1,-0.054545432,-0.052372325
2021-07,3339,2021-07-30,0.009094605268839793,44,0,-0.108501956,-0.10632885
2021-07,3388,2021-07-30,0.008592685170745594,45,2,0.009090962,0.011264069
2021-07,6684,2021-07-30,0.007613347657124918,46,0,-0.16758235,-0.16540924
2021-07,6492,2021-07-30,0.007479737571974238,47,4,0.20967741,0.21185052
2021-07,2351,2021-07-30,0.007417981531973776,48,1,-0.05067562,-0.048502512
2021-07,2359,2021-07-30,0.007092796756741092,49,1,-0.057534214,-0.055361107
2021-07,5291,2021-07-30,0.006584623383477788,50,0,-0.12670149,-0.124528386
2021-07,2415,2021-07-30,0.0065146461924618,51,0,-0.13670781,-0.1345347
2021-07,4770,2021-07-30,0.0064883006359436465,52,1,-0.028761141,-0.026588034
2021-07,3605,2021-07-30,0.006361337896537556,53,1,-0.058105584,-0.055932477
2021-07,5225,2021-07-30,0.006356739083696275,54,3,0.037313424,0.03948653
2021-07,9945,2021-07-30,0.006349913546198426,55,3,0.07211546,0.07428856
2021-07,3141,2021-07-30,0.006297725204706272,56,1,-0.06501555,-0.06284244
2021-07,3577,2021-07-30,0.00607758905675494,57,4,0.29896903,0.30114213
2021-07,2481,2021-07-30,0.006054667779071839,58,3,0.037814844,0.03998795
2021-07,6108,2021-07-30,0.005999762813715827,59,3,0.06297119,0.06514429
2021-07,6215,2021-07-30,0.00585801047651804,60,2,0.018127687,0.020300794
2021-07,3321,2021-07-30,0.005825153922425654,61,1,-0.037174687,-0.03500158
2021-07,2609,2021-07-30,0.005730165569103432,62,4,0.19650653,0.19867964
2021-07,6292,2021-07-30,0.005726954042604391,63,2,0.027847968,0.030021075
2021-07,3036,2021-07-30,0.005703105120594461,64,2,0.00509333,0.007266437
2021-07,2617,2021-07-30,0.005612676375287477,65,3,0.1412557,0.14342882
2021-07,8045,2021-07-30,0.005419693704391785,66,1,-0.04237294,-0.04019983
2021-07,2369,2021-07-30,0.00498290956915315,67,3,0.053308733,0.05548184
2021-07,6788,2021-07-30,0.00493633719691551,68,3,0.09898912,0.101162225
2021-07,1727,2021-07-30,0.004680586343888482,69,4,0.16949148,0.1716646
2021-07,6469,2021-07-30,0.004679659425516647,70,4,0.3132779,0.315451
2021-07,5871,2021-07-30,0.00467281987733063,71,4,0.21738344,0.21955656
2021-07,2329,2021-07-30,0.004577537525506802,72,2,0.0055865673,0.0077596745
2021-07,4166,2021-07-30,0.0045281482764794575,73,1,-0.024999976,-0.022826869
2021-07,3229,2021-07-30,0.004524123856763458,74,2,0.01785714,0.020030247
2021-07,8935,2021-07-30,0.00450615019579787,75,0,-0.2121212,-0.2099481
2021-08,8932,2021-08-31,0.2290237723889131,1,2,0.024725387,0.056486987
2021-08,3508,2021-08-31,0.11211453785830817,2,3,0.05249996,0.08426156
2021-08,5314,2021-08-31,0.11121957629679291,3,0,-0.15409791,-0.12233631
2021-08,8476,2021-08-31,0.10538419508749415,4,2,0.032989644,0.064751245
2021-08,8227,2021-08-31,0.10082788636739434,5,4,0.38263655,0.41439813
2021-08,8121,2021-08-31,0.09354946882106595,6,4,0.91868126,0.95044285
2021-08,6423,2021-08-31,0.0887067095698064,7,3,0.13191487,0.16367647
2021-08,1727,2021-08-31,0.08807952042888284,8,4,0.63541675,0.66717833
2021-08,6799,2021-08-31,0.08476237805686648,9,4,0.6666666,0.6984282
2021-08,1708,2021-08-31,0.08432607795279666,10,3,0.04640012,0.07816172
2021-08,2243,2021-08-31,0.08196216296251504,11,4,0.3873874,0.41914898
2021-08,6568,2021-08-31,0.07862938661734223,12,4,0.31346154,0.34522313
2021-08,3701,2021-08-31,0.07465303007212076,13,4,0.81347126,0.84523284
2021-08,5381,2021-08-31,0.07342627179698101,14,1,-0.0064102504,0.025351347
2021-08,6695,2021-08-31,0.06902083354493743,15,4,0.40287775,0.43463933
2021-08,3430,2021-08-31,0.06737667076914945,16,2,0.033333223,0.06509482
2021-08,1584,2021-08-31,0.06667998517763667,17,4,0.19543964,0.22720124
2021-08,6259,2021-08-31,0.06513418190206068,18,4,0.6991406,0.7309022
2021-08,2221,2021-08-31,0.0642379566985558,19,0,-0.14038879,-0.108627185
2021-08,3466,2021-08-31,0.06371463146960557,20,4,0.32539684,0.35715842
2021-08,3066,2021-08-31,0.062231932251971094,21,0,-0.047445226,-0.015683629
2021-08,6584,2021-08-31,0.06084634810311727,22,3,0.047297303,0.0790589
2021-08,3011,2021-08-31,0.05977977501966897,23,0,-0.0456621,-0.0139005035
2021-08,5225,2021-08-31,0.05897069062901755,24,1,-0.037037056,-0.005275458
2021-08,6782,2021-08-31,0.058723803706882696,25,1,5.4463708e-08,0.031761654
2021-08,3207,2021-08-31,0.05785973093209386,26,0,-0.09169046,-0.05992886
2021-08,2498,2021-08-31,0.05678399075029062,27,2,0.030812282,0.06257388
2021-08,1595,2021-08-31,0.05673805285709267,28,0,-0.0897437,-0.057982106
2021-08,3230,2021-08-31,0.053922444941138827,29,3,0.09844568,0.13020729
2021-08,1721,2021-08-31,0.05360201097225197,30,3,0.09080962,0.12257122
2021-08,4714,2021-08-31,0.05332375466595621,31,3,0.088803045,0.12056465
2021-08,4768,2021-08-31,0.05301624616318553,32,2,0.016597563,0.048359163
2021-08,3390,2021-08-31,0.052384630990550525,33,1,-0.03723402,-0.0054724216
2021-08,6735,2021-08-31,0.051415772914995966,34,2,0.011111086,0.042872686
2021-08,4722,2021-08-31,0.05119021793594941,35,2,0.012919937,0.044681534
2021-08,4951,2021-08-31,0.05088911067557926,36,1,-0.010245901,0.021515697
2021-08,1735,2021-08-31,0.050331125726716795,37,1,-0.022222033,0.009539565
2021-08,6442,2021-08-31,0.050143761575787656,38,0,-0.061827872,-0.030066274
2021-08,4916,2021-08-31,0.04921636151577282,39,0,-0.07924532,-0.047483724
2021-08,6689,2021-08-31,0.04907571207908514,40,3,0.098569155,0.13033076
2021-08,3308,2021-08-31,0.04887979825859095,41,2,0.031999987,0.063761584
2021-08,6693,2021-08-31,0.04778773983143477,42,4,0.17346956,0.20523116
2021-08,3276,2021-08-31,0.046828420244918983,43,3,0.08766225,0.11942385
2021-08,4563,2021-08-31,0.04679459833777188,44,1,-0.032203387,-0.0004417894
2021-08,4526,2021-08-31,0.04678418018073026,45,0,-0.040697694,-0.008936096
2021-08,6691,2021-08-31,0.04656732988623773,46,0,-0.05098043,-0.019218832
2021-08,4174,2021-08-31,0.04629927013737337,47,2,0.019607866,0.051369466
2021-08,2527,2021-08-31,0.046251632521811956,48,1,-0.0017241685,0.03003743
2021-08,8438,2021-08-31,0.046114666546399743,49,2,0.022672929,0.054434527
2021-08,1436,2021-08-31,0.04603293282839125,50,3,0.14415431,0.17591591
2021-08,4707,2021-08-31,0.04585258952797035,51,2,0.011278312,0.04303991
2021-08,6613,2021-08-31,0.045751249864422805,52,1,-0.023972612,0.007788986
2021-08,4510,2021-08-31,0.04567632793858467,53,1,-0.009009043,0.022752555
2021-08,8105,2021-08-31,0.04564709310725265,54,2,0.016949194,0.048710793
2021-08,1725,2021-08-31,0.04560526955783433,55,3,0.099525906,0.1312875
2021-08,2618,2021-08-31,0.04528366783858616,56,1,-0.02072552,0.0110360775
2021-08,6117,2021-08-31,0.045180928304346384,57,1,-0.006172863,0.025588736
2021-08,6425,2021-08-31,0.045088283861078646,58,4,0.19369368,0.22545528
2021-08,8045,2021-08-31,0.04480091547906504,59,2,0.004464162,0.03622576
2021-08,4903,2021-08-31,0.04444304859403533,60,4,0.6841415,0.7159031
2021-08,8249,2021-08-31,0.04443572143701412,61,0,-0.14143094,-0.10966934
2021-08,6152,2021-08-31,0.04434273279097384,62,2,0.007058873,0.03882047
2021-08,2371,2021-08-31,0.044013617749394225,63,3,0.0703764,0.102138005
2021-08,2466,2021-08-31,0.04393581303391223,64,0,-0.13663979,-0.10487819
2021-08,6174,2021-08-31,0.04387547853755289,65,3,0.046092164,0.07785376
2021-08,6108,2021-08-31,0.04380996469166483,66,0,-0.16110013,-0.12933853
2021-08,1442,2021-08-31,0.04374061176451485,67,4,0.21408775,0.24584936
2021-08,4577,2021-08-31,0.043681973473548096,68,1,-0.0070922477,0.024669351
2021-08,2236,2021-08-31,0.0435044183489353,69,3,0.1157229,0.1474845
2021-08,1712,2021-08-31,0.04328715663702783,70,3,0.063043475,0.09480508
2021-08,4741,2021-08-31,0.043249504469173985,71,2,0.042643882,0.074405484
2021-08,6821,2021-08-31,0.0432188840047,72,1,-0.027419293,0.0043423045
2021-08,5488,2021-08-31,0.04318790787811506,73,0,-0.046874985,-0.015113387
2021-08,6609,2021-08-31,0.043160916761313735,74,1,-0.024271853,0.0074897446
2021-08,3577,2021-08-31,0.04315218805029316,75,0,-0.060528725,-0.028767128
2021-09,6446,2021-09-30,0.24707670009664637,1,2,0.1146789,0.11157046
2021-09,3701,2021-09-30,0.1839201107205237,2,4,0.33477014,0.3316617
2021-09,6423,2021-09-30,0.1691560216421992,3,2,0.14807689,0.14496845
2021-09,2498,2021-09-30,0.13801520153977367,4,4,0.7972602,0.7941518
2021-09,3508,2021-09-30,0.12651668915016878,5,4,0.47393364,0.4708252
2021-09,4971,2021-09-30,0.1163295497402529,6,3,0.30292594,0.2998175
2021-09,6799,2021-09-30,0.1143931301337463,7,2,0.11643837,0.11332993
2021-09,8476,2021-09-30,0.10714149819661083,8,3,0.20800006,0.20489162
2021-09,8227,2021-09-30,0.10553670115006626,9,1,0.032941222,0.029832788
2021-09,3035,2021-09-30,0.10400939594471802,10,4,0.810811,0.80770254
2021-09,5351,2021-09-30,0.1033661345304895,11,4,0.32589293,0.32278448
2021-09,3588,2021-09-30,0.10065026123105837,12,1,0.026923079,0.023814645
2021-09,3527,2021-09-30,0.10002860146772971,13,3,0.17759565,0.1744872
2021-09,3707,2021-09-30,0.09928253802040568,14,4,0.32034636,0.3172379
2021-09,4951,2021-09-30,0.0961543682396852,15,0,-0.027950391,-0.031058826
2021-09,3583,2021-09-30,0.09517334320676307,16,0,-0.02130695,-0.024415385
2021-09,6781,2021-09-30,0.09476947855312329,17,4,0.5312501,0.5281417
2021-09,6693,2021-09-30,0.09389521143825828,18,0,0.008658091,0.0055496558
2021-09,3141,2021-09-30,0.0930208216173212,19,4,0.41176474,0.4086563
2021-09,1727,2021-09-30,0.09286089472615695,20,4,0.40894568,0.40583724
2021-09,3228,2021-09-30,0.09236301339400256,21,3,0.22600622,0.22289778
2021-09,5222,2021-09-30,0.0922593894631438,22,3,0.18999994,0.1868915
2021-09,6104,2021-09-30,0.09047610577913764,23,1,0.051094923,0.04798649
2021-09,2530,2021-09-30,0.09024606454222694,24,0,-0.032467537,-0.03557597
2021-09,2388,2021-09-30,0.08936876243629506,25,4,0.444186,0.44107756
2021-09,8040,2021-09-30,0.08854039473783318,26,2,0.097599976,0.09449154
2021-09,5272,2021-09-30,0.08719163063579698,27,0,-0.067532465,-0.0706409
2021-09,6568,2021-09-30,0.08683040961348429,28,0,0.011940255,0.00883182
2021-09,6533,2021-09-30,0.08606462522839771,29,3,0.2857143,0.28260586
2021-09,6485,2021-09-30,0.08481910662518286,30,2,0.11440677,0.11129834
2021-09,6291,2021-09-30,0.08430641124211223,31,2,0.1756757,0.17256726
2021-09,2340,2021-09-30,0.07897709673554205,32,4,0.34693888,0.34383044
2021-09,3189,2021-09-30,0.0789681372236613,33,3,0.23232321,0.22921477
2021-09,6756,2021-09-30,0.07840541006619635,34,2,0.16089104,0.1577826
2021-09,3265,2021-09-30,0.07689545899491929,35,0,-0.028846188,-0.031954624
2021-09,6515,2021-09-30,0.0752112766251787,36,3,0.28988308,0.28677464
2021-09,2342,2021-09-30,0.07490980409825933,37,0,-0.024678133,-0.027786568
2021-09,6411,2021-09-30,0.07481784504950617,38,1,0.04081639,0.037707955
2021-09,5269,2021-09-30,0.07474811958478096,39,0,-0.038461544,-0.041569978
2021-09,3675,2021-09-30,0.07227103825581559,40,4,0.48901105,0.4859026
2021-09,6716,2021-09-30,0.07200794630158965,41,0,0.01650161,0.013393175
2021-09,6735,2021-09-30,0.0717151934237711,42,2,0.09641246,0.09330402
2021-09,3529,2021-09-30,0.0709656224871828,43,3,0.19170967,0.18860123
2021-09,3122,2021-09-30,0.07067021127156226,44,1,0.060502376,0.057393942
2021-09,6789,2021-09-30,0.07049569842570313,45,0,-0.08646196,-0.089570396
2021-09,6531,2021-09-30,0.06962987076653222,46,4,0.43466672,0.43155828
2021-09,4952,2021-09-30,0.06924605189685176,47,1,0.01705436,0.013945926
2021-09,5274,2021-09-30,0.06912997429957565,48,3,0.21491224,0.2118038
2021-09,2302,2021-09-30,0.06905841623026776,49,1,0.027692383,0.024583949
2021-09,6243,2021-09-30,0.06809237551417889,50,3,0.29261357,0.28950512
2021-09,6237,2021-09-30,0.06794240710125714,51,2,0.17241375,0.16930531
2021-09,3443,2021-09-30,0.0668364073584322,52,3,0.21916418,0.21605574
2021-09,8091,2021-09-30,0.06654010713993484,53,1,0.045925863,0.04281743
2021-09,6223,2021-09-30,0.06629221496533871,54,1,0.08474573,0.08163729
2021-09,3016,2021-09-30,0.06617526054448028,55,2,0.09414451,0.091036074
2021-09,6229,2021-09-30,0.06545737922400452,56,2,0.13753197,0.13442352
2021-09,2243,2021-09-30,0.06533865135072232,57,3,0.23509939,0.23199095
2021-09,3530,2021-09-30,0.06521104965891938,58,0,-0.010489416,-0.013597851
2021-09,3169,2021-09-30,0.06512503002915776,59,4,0.3496242,0.34651574
2021-09,6510,2021-09-30,0.06462233177726574,60,3,0.18535131,0.18224287
2021-09,6138,2021-09-30,0.06455095847159628,61,2,0.17741936,0.17431092
2021-09,4966,2021-09-30,0.06436450394967912,62,1,0.07854986,0.07544143
2021-09,6640,2021-09-30,0.06347884391728124,63,0,0.010112372,0.0070039374
2021-09,3041,2021-09-30,0.06271594168773188,64,2,0.100580245,0.09747181
2021-09,2436,2021-09-30,0.061892869391169184,65,0,-0.045882408,-0.048990842
2021-09,6182,2021-09-30,0.06142878250584759,66,1,0.025559047,0.022450613
2021-09,6788,2021-09-30,0.061198610939448464,67,3,0.18997362,0.18686518
2021-09,3372,2021-09-30,0.06108711873358651,68,0,-0.017467204,-0.020575639
2021-09,8086,2021-09-30,0.06097497407981242,69,2,0.13928583,0.13617739
2021-09,3438,2021-09-30,0.06077497044219185,70,1,0.0337499,0.030641466
2021-09,6208,2021-09-30,0.06074193519717569,71,1,0.021634532,0.018526098
2021-09,5285,2021-09-30,0.06059040853512317,72,4,0.3048129,0.30170447
2021-09,3680,2021-09-30,0.06033933811015081,73,1,0.036402557,0.033294123
2021-09,6684,2021-09-30,0.05966653616513134,74,2,0.15517226,0.15206382
2021-09,2401,2021-09-30,0.059624292876013764,75,1,0.03496501,0.031856574
2021-10,6446,2021-10-29,0.4373573843523895,1,4,1.0020534,0.9795673
2021-10,3508,2021-10-29,0.26734559723959045,2,4,0.4567164,0.4342303
2021-10,6423,2021-10-29,0.23008971178374885,3,4,1.0770519,1.0545658
2021-10,1721,2021-10-29,0.19339243623041005,4,4,0.40588233,0.38339624
2021-10,3701,2021-10-29,0.16283818607386635,5,4,0.46747947,0.44499338
2021-10,6693,2021-10-29,0.1523042290582732,6,4,0.39361706,0.37113097
2021-10,6799,2021-10-29,0.15141715015336582,7,3,0.21084344,0.18835735
2021-10,8227,2021-10-29,0.13599723577162903,8,3,0.18390803,0.16142194
2021-10,6208,2021-10-29,0.12547730346635644,9,3,0.22065721,0.19817112
2021-10,6695,2021-10-29,0.11232753058625465,10,2,0.13788292,0.11539683
2021-10,2388,2021-10-29,0.10880424972780277,11,3,0.31259724,0.29011115
2021-10,4951,2021-10-29,0.10805623968916377,12,3,0.19374992,0.17126383
2021-10,4971,2021-10-29,0.08992369655022664,13,1,0.01443573,-0.008050363
2021-10,3016,2021-10-29,0.08832199336990118,14,4,0.4492753,0.42678922
2021-10,3588,2021-10-29,0.08505751387474621,15,2,0.111111246,0.088625155
2021-10,3707,2021-10-29,0.08042870396299935,16,0,-0.03571434,-0.05820043
2021-10,8040,2021-10-29,0.08013311758372012,17,1,0.02733811,0.004852018
2021-10,3189,2021-10-29,0.07841835438299095,18,0,-0.072289184,-0.094775274
2021-10,5351,2021-10-29,0.07513587507672402,19,3,0.28024498,0.2577589
2021-10,3583,2021-10-29,0.07491462686156744,20,2,0.14224751,0.11976142
2021-10,8476,2021-10-29,0.07483668339798515,21,0,-0.04991691,-0.072403
2021-10,6735,2021-10-29,0.07480750896334487,22,4,0.36686993,0.34438384
2021-10,6625,2021-10-29,0.07262495183239073,23,3,0.24813418,0.22564809
2021-10,2436,2021-10-29,0.07189421161335967,24,2,0.15789473,0.13540864
2021-10,4577,2021-10-29,0.07168601331047961,25,1,0.02654871,0.0040626177
2021-10,6782,2021-10-29,0.07019114069814772,26,2,0.09198817,0.06950208
2021-10,3581,2021-10-29,0.06782332944795505,27,2,0.123076946,0.100590855
2021-10,1727,2021-10-29,0.06622551104837436,28,2,0.1615121,0.13902602
2021-10,6138,2021-10-29,0.06308936144216132,29,4,0.46027398,0.4377879
2021-10,2342,2021-10-29,0.06241797020496491,30,1,0.062363088,0.039876997
2021-10,3169,2021-10-29,0.06233714441456721,31,4,0.3774104,0.35492432
2021-10,6770,2021-10-29,0.06230577244449938,32,2,0.12518845,0.102702364
2021-10,4966,2021-10-29,0.060571303997992716,33,3,0.16526602,0.14277993
2021-10,6291,2021-10-29,0.058602331090231545,34,0,-0.010238908,-0.032725
2021-10,4903,2021-10-29,0.057861019469252054,35,4,0.43434343,0.41185734
2021-10,5272,2021-10-29,0.056780185064549,36,1,0.04670318,0.024217086
2021-10,3530,2021-10-29,0.05605405436395382,37,0,-0.034965124,-0.057451215
2021-10,6435,2021-10-29,0.055747479961317646,38,2,0.086021416,0.063535325
2021-10,2429,2021-10-29,0.054624536379726536,39,2,0.1528498,0.1303637
2021-10,3122,2021-10-29,0.05359664557289985,40,3,0.28094724,0.25846115
2021-10,6411,2021-10-29,0.05355758859100877,41,3,0.23728807,0.21480198
2021-10,3066,2021-10-29,0.05316123552505217,42,4,0.7160001,0.693514
2021-10,2498,2021-10-29,0.053057971040901444,43,2,0.1441177,0.12163161
2021-10,5236,2021-10-29,0.053027993252188974,44,3,0.23106064,0.20857455
2021-10,6640,2021-10-29,0.052940204213658124,45,3,0.2830397,0.2605536
2021-10,8091,2021-10-29,0.0529228561393252,46,0,-2.0588338e-08,-0.022486113
2021-10,6716,2021-10-29,0.05290557545248772,47,1,0.0064101466,-0.016075946
2021-10,2369,2021-10-29,0.05248229740184949,48,1,0.04518651,0.022700416
2021-10,6788,2021-10-29,0.0524644574808567,49,0,-0.070663795,-0.093149886
2021-10,3349,2021-10-29,0.05171262926670299,50,1,0.028571483,0.0060853907
2021-10,2444,2021-10-29,0.051058839814393416,51,1,0.06666667,0.04418058
2021-10,6223,2021-10-29,0.05063631013552135,52,0,-0.15000007,-0.17248616
2021-10,3372,2021-10-29,0.05060721889326169,53,2,0.11894263,0.09645654
2021-10,3264,2021-10-29,0.05003412661634547,54,0,-0.11371228,-0.13619837
2021-10,3265,2021-10-29,0.049827374253031145,55,1,0.019543957,-0.002942135
2021-10,3686,2021-10-29,0.04966436231232545,56,0,-0.0519877,-0.07447379
2021-10,5371,2021-10-29,0.04952631110504917,57,4,0.4197951,0.397309
2021-10,3011,2021-10-29,0.049127107589535375,58,0,-0.060483873,-0.08296996
2021-10,6515,2021-10-29,0.049075912828324394,59,2,0.13803227,0.11554618
2021-10,4729,2021-10-29,0.04890270934678102,60,1,0.08016877,0.057682678
2021-10,3035,2021-10-29,0.04870525563073349,61,0,-0.10784309,-0.13032919
2021-10,2314,2021-10-29,0.04802373144294983,62,0,-0.007407484,-0.029893577
2021-10,5347,2021-10-29,0.04776693757982632,63,1,0.017182147,-0.005303945
2021-10,3006,2021-10-29,0.047692397374154066,64,1,0.061433464,0.038947374
2021-10,8086,2021-10-29,0.04744494960759858,65,0,-0.11042942,-0.13291551
2021-10,3430,2021-10-29,0.04719916147646002,66,2,0.08322498,0.06073889
2021-10,3228,2021-10-29,0.04702746922434202,67,3,0.17456354,0.15207745
2021-10,3499,2021-10-29,0.046674068390555254,68,4,0.5488722,0.5263861
2021-10,2401,2021-10-29,0.046666559845166794,69,1,0.029372416,0.0068863244
2021-10,8028,2021-10-29,0.046615455372897976,70,0,0.006122467,-0.016363624
2021-10,2302,2021-10-29,0.04645073287765289,71,1,0.008928554,-0.013557538
2021-10,6418,2021-10-29,0.0464364417394703,72,4,0.3967828,0.3742967
2021-10,6182,2021-10-29,0.04620292712498224,73,3,0.1768291,0.15434301
2021-10,6679,2021-10-29,0.04608836108902151,74,2,0.16457687,0.14209078
2021-10,6259,2021-10-29,0.0459096048417656,75,3,0.2867649,0.2642788
2021-11,6118,2021-11-30,0.0839035776341111,1,4,0.60563374,0.5615058
2021-11,2405,2021-11-30,0.07529240947482405,2,4,0.6016598,0.55753183
2021-11,4755,2021-11-30,0.06594149427224674,3,4,1.0224718,0.97834384
2021-11,6291,2021-11-30,0.06472925019786789,4,0,-0.031034578,-0.0751625
2021-11,6446,2021-11-30,0.06358578043058463,5,4,0.29957798,0.25545007
2021-11,3308,2021-11-30,0.060043369301391224,6,4,0.47381246,0.42968455
2021-11,3430,2021-11-30,0.056905705791771344,7,4,0.33412606,0.28999814
2021-11,8034,2021-11-30,0.04871181722099846,8,4,0.4025561,0.35842818
2021-11,4951,2021-11-30,0.043715390721001716,9,3,0.22711866,0.18299073
2021-11,5228,2021-11-30,0.043165245163196926,10,2,0.09323584,0.049107924
2021-11,8068,2021-11-30,0.042874703033941954,11,4,0.67404425,0.6299163
2021-11,2497,2021-11-30,0.04178151535049791,12,3,0.26060602,0.2164781
2021-11,6617,2021-11-30,0.04128232608401216,13,3,0.18580379,0.14167586
2021-11,4744,2021-11-30,0.03775873562381584,14,4,0.38624316,0.34211525
2021-11,1529,2021-11-30,0.037459682751005446,15,3,0.17250681,0.12837888
2021-11,4741,2021-11-30,0.036963590187030014,16,0,-0.025640959,-0.069768876
2021-11,1616,2021-11-30,0.036192815302411134,17,3,0.20833334,0.16420542
2021-11,4541,2021-11-30,0.03553986231491419,18,0,-0.026422668,-0.07055059
2021-11,5225,2021-11-30,0.03527953253358583,19,0,0.0023473725,-0.041780546
2021-11,6782,2021-11-30,0.0344895883067437,20,3,0.16230373,0.11817581
2021-11,8234,2021-11-30,0.03425502089477363,21,1,0.047516286,0.003388367
2021-11,8045,2021-11-30,0.03397933250296943,22,3,0.23893793,0.19481
2021-11,3011,2021-11-30,0.03346899114696544,23,1,0.052631613,0.008503693
2021-11,2359,2021-11-30,0.033460886818486,24,2,0.1379311,0.093803175
2021-11,3479,2021-11-30,0.03331779593404773,25,2,0.058270678,0.014142758
2021-11,1471,2021-11-30,0.03309415654589623,26,3,0.2153236,0.17119567
2021-11,5490,2021-11-30,0.03285824047795254,27,2,0.07561439,0.031486474
2021-11,3002,2021-11-30,0.03216037412084165,28,2,0.14718607,0.10305815
2021-11,6753,2021-11-30,0.03168216130814317,29,0,-0.021909235,-0.066037156
2021-11,2444,2021-11-30,0.0312299251218844,30,3,0.23305084,0.18892291
2021-11,6156,2021-11-30,0.03107506626195985,31,4,0.26149413,0.2173662
2021-11,2471,2021-11-30,0.030974715290027353,32,2,0.06999993,0.025872014
2021-11,8476,2021-11-30,0.029837123264850447,33,1,0.046428595,0.0023006753
2021-11,3390,2021-11-30,0.029643502042361696,34,3,0.18123652,0.1371086
2021-11,8050,2021-11-30,0.02927506167343229,35,1,0.029813666,-0.014314254
2021-11,2316,2021-11-30,0.029136363768103704,36,4,0.27335644,0.22922851
2021-11,6122,2021-11-30,0.02910964915076021,37,1,0.046025164,0.0018972448
2021-11,5278,2021-11-30,0.028718269022141703,38,1,0.03434891,-0.009779011
2021-11,3455,2021-11-30,0.028503009974609306,39,1,0.04539207,0.0012641504
2021-11,4542,2021-11-30,0.028264944101363654,40,1,0.025925897,-0.018202022
2021-11,7402,2021-11-30,0.028094899994127846,41,0,-0.03992009,-0.08404801
2021-11,9946,2021-11-30,0.027876297484889352,42,0,-0.003322281,-0.0474502
2021-11,2630,2021-11-30,0.02779198314668756,43,0,0.0053907516,-0.038737167
2021-11,8240,2021-11-30,0.027776520906259466,44,2,0.0721477,0.028019778
2021-11,3276,2021-11-30,0.027416456733871476,45,3,0.19005847,0.14593054
2021-11,4577,2021-11-30,0.027339301469979697,46,4,0.40170944,0.35758153
2021-11,6218,2021-11-30,0.027294401777305043,47,1,0.050970703,0.0068427837
2021-11,6148,2021-11-30,0.02707831857158319,48,2,0.07829169,0.034163773
2021-11,2420,2021-11-30,0.02702190989321367,49,0,-0.038626563,-0.082754485
2021-11,6834,2021-11-30,0.026795095216410787,50,0,-1.3787007e-08,-0.044127934
2021-11,6113,2021-11-30,0.026653301010449854,51,3,0.17886169,0.13473377
2021-11,5426,2021-11-30,0.026534634764389532,52,1,0.020408193,-0.023719726
2021-11,4113,2021-11-30,0.02629391220341556,53,0,0.0068965782,-0.03723134
2021-11,6579,2021-11-30,0.025934845812022933,54,2,0.07266978,0.028541863
2021-11,5515,2021-11-30,0.025641022168156925,55,0,0.0035841682,-0.04054375
2021-11,3071,2021-11-30,0.025541490039925768,56,4,0.31728655,0.27315864
2021-11,1611,2021-11-30,0.025343433632823976,57,4,0.5500001,0.50587213
2021-11,2313,2021-11-30,0.025338477328992064,58,2,0.052631646,0.008503727
2021-11,3093,2021-11-30,0.025128689975780914,59,0,-0.01515157,-0.05927949
2021-11,6492,2021-11-30,0.025075828787737644,60,3,0.14961495,0.105487026
2021-11,6155,2021-11-30,0.024777855189173914,61,1,0.0144328885,-0.02969503
2021-11,4707,2021-11-30,0.024753149327906475,62,1,0.011999984,-0.032127935
2021-11,6821,2021-11-30,0.024746635968859943,63,1,0.034602076,-0.009525844
2021-11,2453,2021-11-30,0.024608704384932355,64,2,0.08092474,0.036796823
2021-11,6234,2021-11-30,0.024479860407136258,65,1,0.041162126,-0.0029657937
2021-11,3047,2021-11-30,0.02446440370795359,66,4,0.3076923,0.26356438
2021-11,6136,2021-11-30,0.024352494687298575,67,2,0.05405406,0.009926139
2021-11,6109,2021-11-30,0.024334402894450324,68,2,0.12562822,0.0815003
2021-11,1709,2021-11-30,0.024176422663114566,69,0,-0.012903246,-0.057031166
2021-11,8105,2021-11-30,0.024037638045437546,70,2,0.13991773,0.09578981
2021-11,2392,2021-11-30,0.023628848938078772,71,1,0.027379425,-0.016748494
2021-11,8043,2021-11-30,0.023564091329518914,72,0,-0.010869627,-0.054997545
2021-11,6133,2021-11-30,0.02354865158079862,73,3,0.2500001,0.20587216
2021-11,6152,2021-11-30,0.02354703027143703,74,3,0.2105263,0.16639838
2021-11,6550,2021-11-30,0.023503787015932066,75,2,0.053900752,0.0097728325
2021-12,7402,2021-12-30,0.21562107034871272,1,1,-0.021516446,-0.0076692803
2021-12,4951,2021-12-30,0.0498388826235358,2,2,-0.008042922,0.0058042435
2021-12,8045,2021-12-30,0.040312345263878176,3,2,-0.018314984,-0.004467818
2021-12,8476,2021-12-30,0.03958899194243684,4,1,-0.036842044,-0.022994878
2021-12,6546,2021-12-30,0.039466118415626604,5,4,0.06694558,0.08079275
2021-12,6550,2021-12-30,0.034244100919043945,6,4,0.07055637,0.08440354
2021-12,4166,2021-12-30,0.03129212329731064,7,4,0.04336039,0.057207555
2021-12,5228,2021-12-30,0.030918138987508954,8,2,-0.011627921,0.0022192448
2021-12,6122,2021-12-30,0.030792076687383877,9,2,-0.011857687,0.0019894792
2021-12,3430,2021-12-30,0.02961614539862818,10,3,0.027777825,0.04162499
2021-12,6021,2021-12-30,0.028920839601149686,11,3,0.016355203,0.03020237
2021-12,4510,2021-12-30,0.027789541883643038,12,1,-0.029166605,-0.01531944
2021-12,8176,2021-12-30,0.027521863747555365,13,0,-0.07181137,-0.057964206
2021-12,6579,2021-12-30,0.024619603697314595,14,3,0.01714297,0.030990137
2021-12,6873,2021-12-30,0.023504779311041914,15,4,0.42657334,0.4404205
2021-12,1616,2021-12-30,0.022577152679092546,16,0,-0.111111075,-0.09726391
2021-12,8234,2021-12-30,0.02219021921802242,17,4,0.03434343,0.048190594
2021-12,6192,2021-12-30,0.021230011918299055,18,2,-0.018494153,-0.0046469877
2021-12,4720,2021-12-30,0.020419423396616995,19,0,-0.059880275,-0.04603311
2021-12,4577,2021-12-30,0.019681299582678707,20,3,0.00478466,0.018631825
2021-12,4707,2021-12-30,0.019633529352155774,21,2,-0.0117647825,0.0020823833
2021-12,3479,2021-12-30,0.019063367272374468,22,2,-0.008725996,0.0051211696
2021-12,6834,2021-12-30,0.018907472070783336,23,4,0.09566337,0.10951053
2021-12,3388,2021-12-30,0.018765688341697593,24,2,-0.011696007,0.0021511586
2021-12,8085,2021-12-30,0.018404910306061752,25,2,-1.4695911e-10,0.013847166
2021-12,2852,2021-12-30,0.018370642088356776,26,4,0.04095569,0.054802854
2021-12,4904,2021-12-30,0.018084750845558568,27,3,0.015479895,0.029327061
2021-12,2313,2021-12-30,0.01790565911958149,28,3,0.0022779051,0.016125072
2021-12,1712,2021-12-30,0.017855406528991827,29,4,0.030088434,0.0439356
2021-12,3308,2021-12-30,0.017665304887797332,30,4,0.08157436,0.09542152
2021-12,4526,2021-12-30,0.017628601177367493,31,1,-0.05172394,-0.037876774
2021-12,8438,2021-12-30,0.017531001236795546,32,0,-0.07613469,-0.062287524
2021-12,4542,2021-12-30,0.01729456464450759,33,3,0.028571313,0.04241848
2021-12,4543,2021-12-30,0.017259322440984267,34,0,-0.0621763,-0.048329134
2021-12,6821,2021-12-30,0.01700360870394666,35,3,7.1131375e-08,0.0138472365
2021-12,3303,2021-12-30,0.01657709757829543,36,4,0.064000025,0.07784719
2021-12,1735,2021-12-30,0.016471690853084593,37,1,-0.024324374,-0.0104772085
2021-12,3360,2021-12-30,0.016404110160522265,38,1,-0.034267977,-0.02042081
2021-12,5324,2021-12-30,0.016322694936336913,39,2,-0.002087631,0.0117595345
2021-12,1514,2021-12-30,0.016271223078222884,40,0,-0.08206103,-0.068213865
2021-12,3011,2021-12-30,0.01558699507165568,41,0,-0.09999999,-0.08615282
2021-12,8050,2021-12-30,0.015573531271317078,42,2,-0.019607905,-0.0057607396
2021-12,6136,2021-12-30,0.015530360097705831,43,1,-0.05303026,-0.039183095
2021-12,4541,2021-12-30,0.015485872744082611,44,1,-0.041666728,-0.02781956
2021-12,8096,2021-12-30,0.015408955158898521,45,0,-0.11290338,-0.099056214
2021-12,8074,2021-12-30,0.015322844695044057,46,2,-5.5230654e-08,0.013847111
2021-12,6005,2021-12-30,0.015163062701216276,47,2,-0.01176474,0.002082426
2021-12,3028,2021-12-30,0.014857979016982438,48,1,-0.03982931,-0.025982143
2021-12,4104,2021-12-30,0.014836779889315175,49,3,0.012152941,0.026000107
2021-12,8222,2021-12-30,0.014565241374745201,50,2,2.314728e-08,0.013847189
2021-12,6108,2021-12-30,0.01439990112682953,51,0,-0.06726454,-0.053417377
2021-12,8240,2021-12-30,0.014215090655862779,52,3,0.0031054118,0.016952578
2021-12,6148,2021-12-30,0.014187482658907916,53,1,-0.042071242,-0.028224075
2021-12,3057,2021-12-30,0.014135943100349282,54,0,-0.089403994,-0.07555683
2021-12,2423,2021-12-30,0.014091592770017864,55,0,-0.06759109,-0.05374393
2021-12,3048,2021-12-30,0.013894825290567727,56,4,0.04878054,0.0626277
2021-12,2236,2021-12-30,0.013850386792341433,57,1,-0.054195646,-0.04034848
2021-12,5490,2021-12-30,0.013825484395987122,58,1,-0.043478344,-0.029631177
2021-12,3015,2021-12-30,0.013559683697406103,59,1,-0.048648633,-0.03480147
2021-12,1709,2021-12-30,0.01338144594389976,60,3,0.0107295355,0.024576701
2021-12,3093,2021-12-30,0.013233833400792809,61,3,0.0023255737,0.016172739
2021-12,6739,2021-12-30,0.012986362678227541,62,0,-0.08823534,-0.074388176
2021-12,1528,2021-12-30,0.012606749540941766,63,0,-0.07499997,-0.06115281
2021-12,2850,2021-12-30,0.012546106566505514,64,3,0.025236614,0.03908378
2021-12,5381,2021-12-30,0.012545940453695028,65,4,0.029508248,0.043355413
2021-12,5530,2021-12-30,0.012533785984957971,66,1,-0.03724595,-0.023398785
2021-12,5292,2021-12-30,0.012473286375922144,67,3,0.007874064,0.02172123
2021-12,2201,2021-12-30,0.012430267592545279,68,2,-0.0023725731,0.011474593
2021-12,6155,2021-12-30,0.012180230204946352,69,1,-0.026262645,-0.012415479
2021-12,4523,2021-12-30,0.01212608890185009,70,4,0.03866427,0.052511435
2021-12,6234,2021-12-30,0.011992139692113843,71,0,-0.05504576,-0.041198596
2021-12,3088,2021-12-30,0.011846079435202932,72,4,0.14781016,0.16165733
2021-12,8935,2021-12-30,0.011574330516808378,73,4,0.048872128,0.06271929
2021-12,4114,2021-12-30,0.011548297780645147,74,3,0.004201598,0.018048763
2021-12,2504,2021-12-30,0.011421374665173772,75,0,-0.07560137,-0.061754204
2022-01,3349,2022-01-26,0.20264098606195974,1,0,-0.102473505,-0.07442667
2022-01,6550,2022-01-26,0.09386832873809815,2,4,0.5753425,0.6033893
2022-01,2497,2022-01-26,0.08077814224358626,3,4,0.29722935,0.3252762
2022-01,4755,2022-01-26,0.0786910791891798,4,3,0.090566106,0.11861294
2022-01,2449,2022-01-26,0.07167393773188997,5,0,-0.07802215,-0.04997532
2022-01,6753,2022-01-26,0.06402556851667032,6,3,0.20341398,0.23146081
2022-01,3229,2022-01-26,0.06080779594107666,7,3,0.071428575,0.099475406
2022-01,4513,2022-01-26,0.05476127648321445,8,4,0.2999999,0.32804674
2022-01,3025,2022-01-26,0.054352140025158514,9,0,-0.043814454,-0.015767623
2022-01,2359,2022-01-26,0.0528101043785363,10,4,0.33009705,0.3581439
2022-01,5608,2022-01-26,0.052722568648639764,11,3,0.19583337,0.2238802
2022-01,2611,2022-01-26,0.05237093983225287,12,4,0.3948862,0.42293304
2022-01,3209,2022-01-26,0.05220153136352182,13,4,0.2220279,0.25007474
2022-01,3035,2022-01-26,0.052029480473452655,14,4,0.39563113,0.42367798
2022-01,2605,2022-01-26,0.0508206943921437,15,3,0.13821141,0.16625825
2022-01,1712,2022-01-26,0.05061775444790991,16,3,0.12099646,0.14904329
2022-01,2414,2022-01-26,0.050614557659103325,17,2,0.01300583,0.04105266
2022-01,1570,2022-01-26,0.050571032715884826,18,0,-0.049627766,-0.021580935
2022-01,3048,2022-01-26,0.05026333264021737,19,3,0.1447963,0.17284313
2022-01,2609,2022-01-26,0.04967188760616061,20,4,0.24875633,0.27680317
2022-01,1708,2022-01-26,0.04941431438431148,21,4,0.37341774,0.40146458
2022-01,8068,2022-01-26,0.04906680019143247,22,4,0.22592591,0.25397274
2022-01,4951,2022-01-26,0.048772226570849474,23,4,0.2727274,0.30077425
2022-01,1595,2022-01-26,0.04833339646909112,24,0,-0.053488307,-0.025441475
2022-01,2613,2022-01-26,0.04801309506569808,25,4,0.7195651,0.74761194
2022-01,2530,2022-01-26,0.04742241713511937,26,1,0.0034482917,0.031495124
2022-01,1709,2022-01-26,0.04721611159347208,27,3,0.16371672,0.19176355
2022-01,8454,2022-01-26,0.046751948160630025,28,0,-0.20614024,-0.1780934
2022-01,1725,2022-01-26,0.046642156631437476,29,2,0.026565403,0.054612234
2022-01,2543,2022-01-26,0.04662117079338074,30,2,0.014824797,0.042871628
2022-01,3028,2022-01-26,0.046265320410397485,31,3,0.101227045,0.12927388
2022-01,6291,2022-01-26,0.04622729993922788,32,2,0.034981962,0.0630288
2022-01,3011,2022-01-26,0.04589415398380066,33,3,0.107843176,0.13589
2022-01,1584,2022-01-26,0.04555902822777894,34,3,0.18360645,0.21165328
2022-01,2915,2022-01-26,0.04554193253974575,35,3,0.13471508,0.16276191
2022-01,6118,2022-01-26,0.04549421520085811,36,2,0.050699234,0.078746065
2022-01,2453,2022-01-26,0.045168086382208324,37,0,-0.031372532,-0.0033257003
2022-01,1414,2022-01-26,0.04513082336283197,38,2,0.03614446,0.0641913
2022-01,2457,2022-01-26,0.0449190044689735,39,2,0.023809515,0.051856346
2022-01,2032,2022-01-26,0.04466338694588081,40,4,0.53075165,0.5587985
2022-01,1616,2022-01-26,0.04464065086325116,41,1,-0.021568678,0.0064781536
2022-01,1528,2022-01-26,0.044571441595509444,42,0,-0.037209235,-0.009162404
2022-01,2243,2022-01-26,0.04412012934552647,43,0,-0.08974357,-0.061696738
2022-01,1605,2022-01-26,0.04412008404202243,44,3,0.18640758,0.21445441
2022-01,5706,2022-01-26,0.04399106888174298,45,4,0.4143518,0.44239864
2022-01,2429,2022-01-26,0.043815017693934546,46,2,0.037383202,0.06543004
2022-01,6134,2022-01-26,0.04342310330406167,47,3,0.21718377,0.2452306
2022-01,2221,2022-01-26,0.043199162437957406,48,2,0.019690495,0.047737326
2022-01,2836,2022-01-26,0.043147429615643565,49,1,-0.025735253,0.0023115785
2022-01,3030,2022-01-26,0.04300896747412098,50,2,0.055743173,0.083790004
2022-01,3010,2022-01-26,0.042993895605976364,51,2,0.02463038,0.052677214
2022-01,3167,2022-01-26,0.04296061363349079,52,0,-0.11225798,-0.08421115
2022-01,8085,2022-01-26,0.04291214263521182,53,0,-0.10326094,-0.07521411
2022-01,2634,2022-01-26,0.04270319782829785,54,1,0.0102563845,0.038303215
2022-01,3231,2022-01-26,0.04269698844243472,55,0,-0.07814997,-0.050103135
2022-01,2427,2022-01-26,0.042696653065301925,56,1,-0.031249966,-0.0032031345
2022-01,3033,2022-01-26,0.0426405540885351,57,2,0.03166669,0.05971352
2022-01,2402,2022-01-26,0.04261095772176799,58,1,0.012618218,0.04066505
2022-01,2342,2022-01-26,0.042580782791579765,59,1,-0.014051428,0.013995403
2022-01,2324,2022-01-26,0.04248501695221409,60,1,0.009960275,0.038007107
2022-01,1231,2022-01-26,0.04230808700548799,61,3,0.08285701,0.110903844
2022-01,2355,2022-01-26,0.042297989171335884,62,1,-0.019999972,0.00804686
2022-01,4541,2022-01-26,0.04220721959788583,63,2,0.043083984,0.07113082
2022-01,1514,2022-01-26,0.04217054362901484,64,2,0.025370061,0.053416893
2022-01,2903,2022-01-26,0.04188634058297679,65,1,0.011933301,0.039980132
2022-01,3491,2022-01-26,0.04183293871117648,66,0,-0.13095233,-0.1029055
2022-01,1721,2022-01-26,0.041589971958904896,67,0,-0.10199559,-0.073948756
2022-01,1524,2022-01-26,0.04136167318822288,68,1,-0.0049505383,0.023096293
2022-01,3066,2022-01-26,0.0413079580712995,69,4,0.40571433,0.43376118
2022-01,2363,2022-01-26,0.041287472010155625,70,1,-0.019867646,0.008179186
2022-01,3169,2022-01-26,0.04128457088102905,71,1,0.0071428306,0.035189662
2022-01,2236,2022-01-26,0.04121558230458433,72,1,-0.026022105,0.0020247274
2022-01,2913,2022-01-26,0.040934479928619066,73,0,-0.08510635,-0.05705952
2022-01,1504,2022-01-26,0.040928604317362303,74,1,-0.008517855,0.019528978
2022-01,2616,2022-01-26,0.04091362206136314,75,2,0.03438795,0.06243478
2022-02,2645,2022-02-25,0.19638611490451102,1,0,-0.058750033,-0.051262576
2022-02,8176,2022-02-25,0.173780267932903,2,2,0.033957843,0.0414453
2022-02,6290,2022-02-25,0.13678111223367181,3,2,0.007751878,0.015239334
2022-02,6753,2022-02-25,0.11721256767661586,4,4,0.62772787,0.63521534
2022-02,5314,2022-02-25,0.08305515820301244,5,1,-0.01886781,-0.011380353
2022-02,6625,2022-02-25,0.06077301750819149,6,1,-0.034883715,-0.02739626
2022-02,6021,2022-02-25,0.05974516302079766,7,0,-0.053738307,-0.04625085
2022-02,6291,2022-02-25,0.05548213794052713,8,2,0.016036745,0.0235242
2022-02,4755,2022-02-25,0.054634394259588936,9,4,0.36860085,0.3760883
2022-02,6418,2022-02-25,0.04932843953381765,10,1,-0.020408036,-0.01292058
2022-02,2540,2022-02-25,0.04918229190832647,11,4,0.4719625,0.47944996
2022-02,2457,2022-02-25,0.046041497140971006,12,3,0.038167905,0.045655362
2022-02,1529,2022-02-25,0.04539964470078332,13,3,0.048449725,0.055937182
2022-02,6550,2022-02-25,0.043552761836693606,14,4,0.15656565,0.16405311
2022-02,2497,2022-02-25,0.04135530043571264,15,0,-0.12743367,-0.11994622
2022-02,9955,2022-02-25,0.04069171297453642,16,4,0.25094345,0.2584309
2022-02,4166,2022-02-25,0.04037099328097111,17,2,-0.014851541,-0.007364085
2022-02,1708,2022-02-25,0.03979462381063869,18,4,0.50877184,0.5162593
2022-02,3229,2022-02-25,0.03917847744517657,19,4,0.4353742,0.44286165
2022-02,2545,2022-02-25,0.03781079003273305,20,4,0.28009537,0.2875828
2022-02,8091,2022-02-25,0.03464546019801219,21,3,0.075029,0.082516454
2022-02,4745,2022-02-25,0.03432866360793965,22,4,0.32075492,0.32824236
2022-02,4741,2022-02-25,0.03428805519334003,23,2,-0.007518777,-3.132098e-05
2022-02,4707,2022-02-25,0.03409548593509045,24,3,0.035433024,0.04292048
2022-02,3011,2022-02-25,0.03219145100067826,25,4,0.6697249,0.67721236
2022-02,2070,2022-02-25,0.03169425176904257,26,1,-0.04938273,-0.041895274
2022-02,4973,2022-02-25,0.031048742607369124,27,2,0.03375535,0.041242808
2022-02,6695,2022-02-25,0.0307233504136852,28,0,-0.06878303,-0.061295573
2022-02,4510,2022-02-25,0.0306929178346087,29,1,-0.042016715,-0.034529258
2022-02,1532,2022-02-25,0.03031379970826295,30,0,-0.063711904,-0.056224447
2022-02,2543,2022-02-25,0.029972128692158415,31,1,-0.020591866,-0.01310441
2022-02,3265,2022-02-25,0.029469209965996425,32,3,0.07606979,0.08355724
2022-02,8222,2022-02-25,0.029416055425120137,33,0,-0.05387204,-0.046384584
2022-02,2483,2022-02-25,0.029254398856321907,34,2,0.025423674,0.03291113
2022-02,2616,2022-02-25,0.02909982349888019,35,3,0.04330719,0.050794646
2022-02,6739,2022-02-25,0.028920345711619586,36,3,0.060344893,0.06783235
2022-02,6609,2022-02-25,0.02878279706458097,37,3,0.03642374,0.043911196
2022-02,3430,2022-02-25,0.02876340083383595,38,2,0.016286645,0.0237741
2022-02,8088,2022-02-25,0.0286942962364614,39,1,-0.027777841,-0.020290386
2022-02,2356,2022-02-25,0.028580660863402836,40,1,-0.02334639,-0.015858935
2022-02,2402,2022-02-25,0.028493630342710918,41,1,-0.021341452,-0.013853996
2022-02,2535,2022-02-25,0.028361714411654013,42,3,0.09408193,0.101569384
2022-02,6148,2022-02-25,0.028207687418952698,43,3,0.114285715,0.12177317
2022-02,6834,2022-02-25,0.028115302118844634,44,0,-0.06374513,-0.056257676
2022-02,2236,2022-02-25,0.027873139188585826,45,0,-0.058608092,-0.051120635
2022-02,5228,2022-02-25,0.027728898209538267,46,0,-0.09763781,-0.09015036
2022-02,3028,2022-02-25,0.02767417579500707,47,4,0.12083329,0.12832075
2022-02,3257,2022-02-25,0.02765314455406671,48,0,-0.05830157,-0.050814115
2022-02,2515,2022-02-25,0.02764491770769022,49,4,0.13995492,0.14744239
2022-02,3093,2022-02-25,0.026662194018440128,50,2,0.025821693,0.03330915
2022-02,3290,2022-02-25,0.026422655702143125,51,0,-0.062499985,-0.055012528
2022-02,3308,2022-02-25,0.02641399488606057,52,0,-0.08611111,-0.07862366
2022-02,2392,2022-02-25,0.026292302821789442,53,2,-0.0065273684,0.00096008775
2022-02,3231,2022-02-25,0.026184630846308694,54,2,0.032758594,0.04024605
2022-02,4541,2022-02-25,0.026154496694274748,55,1,-0.05186726,-0.044379804
2022-02,8074,2022-02-25,0.025814343731466332,56,1,-0.043269288,-0.03578183
2022-02,1905,2022-02-25,0.025808594503461173,57,2,0.0044743167,0.011961773
2022-02,2062,2022-02-25,0.02572464267807127,58,1,-0.03284674,-0.025359286
2022-02,6122,2022-02-25,0.025687780235143707,59,4,0.25099623,0.25848368
2022-02,4971,2022-02-25,0.025669877322056542,60,4,0.19117646,0.19866392
2022-02,3035,2022-02-25,0.02540769619152477,61,3,0.11270119,0.120188646
2022-02,8110,2022-02-25,0.025348275177029804,62,1,-0.0371427,-0.029655246
2022-02,2312,2022-02-25,0.02534208065118947,63,3,0.0555555,0.06304295
2022-02,3284,2022-02-25,0.02531309490246987,64,3,0.048872054,0.05635951
2022-02,6133,2022-02-25,0.02531205982500459,65,2,-0.01326531,-0.0057778535
2022-02,1514,2022-02-25,0.025252089837433815,66,4,0.22457623,0.2320637
2022-02,3303,2022-02-25,0.025210734025306766,67,0,-0.059336793,-0.051849335
2022-02,3033,2022-02-25,0.025174702435262587,68,3,0.0759289,0.08341635
2022-02,3581,2022-02-25,0.025170659383153205,69,2,-0.017142843,-0.009655387
2022-02,8096,2022-02-25,0.025167716802943784,70,2,-0.007407379,8.0077305e-05
2022-02,7547,2022-02-25,0.025030225640404146,71,0,-0.08783774,-0.08035029
2022-02,1570,2022-02-25,0.025010774203868328,72,1,-0.02820499,-0.020717535
2022-02,2338,2022-02-25,0.024956000998752916,73,0,-0.062753074,-0.055265617
2022-02,1712,2022-02-25,0.02485790152415063,74,3,0.10260325,0.1100907
2022-02,4526,2022-02-25,0.02484325125210155,75,1,-0.050445218,-0.04295776
2022-03,2540,2022-03-31,0.12605775120609308,1,1,-0.055117957,0.012396797
2022-03,6541,2022-03-31,0.12085853883716094,2,2,-0.0036429511,0.0638718
2022-03,6291,2022-03-31,0.11188057851976227,3,4,0.38181823,0.44933298
2022-03,6625,2022-03-31,0.11020832985427455,4,0,-0.069807984,-0.0022932305
2022-03,4903,2022-03-31,0.10705708912054909,5,2,0.0,0.067514755
2022-03,6492,2022-03-31,0.09529859799080816,6,4,0.14540818,0.21292293
2022-03,6021,2022-03-31,0.08800860768712489,7,3,0.009661763,0.07717652
2022-03,6753,2022-03-31,0.0857257793587544,8,4,0.07108244,0.13859719
2022-03,8476,2022-03-31,0.08372881360378825,9,1,-0.027732452,0.0397823
2022-03,5534,2022-03-31,0.08293258485244474,10,2,-0.002732199,0.06478255
2022-03,6446,2022-03-31,0.07572552869338729,11,3,0.031847075,0.09936183
2022-03,3093,2022-03-31,0.07289406918572472,12,2,-0.010477333,0.05703742
2022-03,3011,2022-03-31,0.07111830752369366,13,4,0.068681315,0.13619606
2022-03,2618,2022-03-31,0.07050919490396289,14,4,0.10937496,0.17688972
2022-03,8222,2022-03-31,0.06246320908244761,15,2,0.0,0.067514755
2022-03,8176,2022-03-31,0.06171333307506266,16,4,0.32571432,0.39322907
2022-03,2516,2022-03-31,0.058322551738503,17,1,-0.06462587,0.0028888867
2022-03,2630,2022-03-31,0.05457857968780044,18,3,0.03234934,0.099864095
2022-03,2530,2022-03-31,0.050347269346522956,19,2,-0.017064782,0.05044997
2022-03,1735,2022-03-31,0.05019096023160439,20,1,-0.035616323,0.03189843
2022-03,3229,2022-03-31,0.04939277693521172,21,3,0.024390243,0.091905
2022-03,5225,2022-03-31,0.049214548935096976,22,0,-0.112936296,-0.04542154
2022-03,3466,2022-03-31,0.04914347187881739,23,4,0.06744877,0.13496353
2022-03,6584,2022-03-31,0.04872000184862259,24,0,-0.09013609,-0.022621335
2022-03,6579,2022-03-31,0.04797225700935511,25,4,0.116966635,0.18448138
2022-03,1471,2022-03-31,0.04705314400247436,26,0,-0.099734046,-0.03221929
2022-03,6199,2022-03-31,0.04698091581039923,27,4,0.43786982,0.50538456
2022-03,4510,2022-03-31,0.04496405849200469,28,3,0.022123892,0.08963864
2022-03,3057,2022-03-31,0.044390189381051944,29,1,-0.038314175,0.029200578
2022-03,2613,2022-03-31,0.04437396104706278,30,4,0.08663741,0.15415215
2022-03,2471,2022-03-31,0.043743201029545736,31,2,-0.012499902,0.055014852
2022-03,6152,2022-03-31,0.04373082766754892,32,0,-0.12004072,-0.052525967
2022-03,2405,2022-03-31,0.0423507936296988,33,0,-0.13214287,-0.06462812
2022-03,4931,2022-03-31,0.04213337968427269,34,4,0.32336456,0.3908793
2022-03,3308,2022-03-31,0.04207835499736881,35,3,0.015527888,0.083042644
2022-03,8068,2022-03-31,0.041880819405703054,36,0,-0.07095713,-0.0034423782
2022-03,2102,2022-03-31,0.04151994950309963,37,0,-0.18265685,-0.1151421
2022-03,6122,2022-03-31,0.04096469995378375,38,3,0.02760731,0.09512206
2022-03,2423,2022-03-31,0.04048358284458365,39,3,0.01039857,0.07791332
2022-03,4523,2022-03-31,0.03999642007327494,40,3,0.02851711,0.09603187
2022-03,1219,2022-03-31,0.03986389455086093,41,4,0.29899505,0.3665098
2022-03,8085,2022-03-31,0.03947232332580555,42,0,-0.079365045,-0.011850291
2022-03,2070,2022-03-31,0.038518050419610615,43,1,-0.047469083,0.02004567
2022-03,6617,2022-03-31,0.037999852217027376,44,4,0.1319587,0.19947344
2022-03,4542,2022-03-31,0.03762814905174008,45,3,0.028248573,0.095763326
2022-03,6830,2022-03-31,0.03661217456062552,46,1,-0.06515592,0.00235883
2022-03,4743,2022-03-31,0.036212696075206496,47,1,-0.05424521,0.013269543
2022-03,3004,2022-03-31,0.03533088844344924,48,2,-0.02430552,0.043209232
2022-03,1513,2022-03-31,0.0350678237316354,49,1,-0.027777817,0.039736938
2022-03,6259,2022-03-31,0.034865006937614795,50,0,-0.07198567,-0.004470916
2022-03,3002,2022-03-31,0.03477018662377449,51,1,-0.03278681,0.034727946
2022-03,5324,2022-03-31,0.03466447195393018,52,2,-0.019027516,0.04848724
2022-03,1616,2022-03-31,0.0345811167070626,53,2,-0.02058831,0.046926443
2022-03,3205,2022-03-31,0.03442301191362183,54,1,-0.025641043,0.041873712
2022-03,3379,2022-03-31,0.03398307715446999,55,2,-0.008064442,0.05945031
2022-03,5258,2022-03-31,0.033840739101221394,56,1,-0.06510414,0.0024106116
2022-03,6109,2022-03-31,0.033706928001044245,57,3,0.026910579,0.094425336
2022-03,6465,2022-03-31,0.03368100344351254,58,0,-0.18775512,-0.12024037
2022-03,3047,2022-03-31,0.03353963991047894,59,0,-0.11475413,-0.047239378
2022-03,2705,2022-03-31,0.03327303105601794,60,2,-0.017340997,0.050173756
2022-03,4726,2022-03-31,0.03314799971673595,61,1,-0.024691358,0.042823397
2022-03,2402,2022-03-31,0.03312879618375647,62,2,-0.0031646418,0.06435011
2022-03,6546,2022-03-31,0.032789445795948516,63,0,-0.10394265,-0.036427893
2022-03,4951,2022-03-31,0.03274613264388878,64,0,-0.15357147,-0.08605672
2022-03,5381,2022-03-31,0.032733273044491897,65,2,-0.014705829,0.052808926
2022-03,8932,2022-03-31,0.032616066078446554,66,2,-0.007692296,0.05982246
2022-03,3303,2022-03-31,0.03248037018445985,67,3,0.024528217,0.09204297
2022-03,8908,2022-03-31,0.03237707673610335,68,3,0.023869205,0.09138396
2022-03,2610,2022-03-31,0.031973277149338994,69,4,0.06250015,0.1300149
2022-03,3479,2022-03-31,0.031356912299877256,70,3,0.04362416,0.11113891
2022-03,4129,2022-03-31,0.031306229377013405,71,3,0.0034013137,0.070916064
2022-03,4556,2022-03-31,0.03123498342054559,72,4,0.04948803,0.117002785
2022-03,3015,2022-03-31,0.03110604800208098,73,1,-0.05600005,0.011514704
2022-03,3430,2022-03-31,0.031068206476882822,74,0,-0.11093502,-0.043420263
2022-03,3284,2022-03-31,0.030754004754234374,75,1,-0.036231924,0.03128283
2022-04,4903,2022-04-29,0.181816802279895,1,3,0.17619053,0.1750792
2022-04,7402,2022-04-29,0.11522599474077197,2,0,-0.010309303,-0.011420637
2022-04,4931,2022-04-29,0.09895237852966042,3,4,0.2790369,0.27792558
2022-04,3093,2022-04-29,0.0961034622053677,4,4,0.69411767,0.69300634
2022-04,8222,2022-04-29,0.09559199501476451,5,0,-0.0067796684,-0.007891002
2022-04,3532,2022-04-29,0.0893390381400603,6,4,0.30848345,0.30737212
2022-04,6113,2022-04-29,0.08720153266987489,7,4,1.1847389,1.1836275
2022-04,6739,2022-04-29,0.08674069714245604,8,0,-0.029733961,-0.030845296
2022-04,6291,2022-04-29,0.08635914608534509,9,0,-0.041208874,-0.042320207
2022-04,3011,2022-04-29,0.08528005796548344,10,0,-0.016216176,-0.01732751
2022-04,2540,2022-04-29,0.08320785120973627,11,1,0.050632942,0.04952161
2022-04,3169,2022-04-29,0.07909069674773661,12,3,0.17288132,0.17176999
2022-04,6129,2022-04-29,0.07121840083996402,13,4,0.2155478,0.21443647
2022-04,6568,2022-04-29,0.07073215513412193,14,2,0.10891067,0.10779934
2022-04,4934,2022-04-29,0.0706154014630065,15,1,0.032188844,0.03107751
2022-04,3105,2022-04-29,0.06963697614101441,16,2,0.12371143,0.12260009
2022-04,6799,2022-04-29,0.06927088381974693,17,4,0.4012738,0.40016246
2022-04,6233,2022-04-29,0.06865174519268145,18,1,0.06858402,0.06747268
2022-04,5258,2022-04-29,0.06801282219167319,19,3,0.19891755,0.19780622
2022-04,6418,2022-04-29,0.06768008255965649,20,1,0.0689655,0.067854166
2022-04,6104,2022-04-29,0.06630797518924046,21,1,0.05749998,0.056388646
2022-04,8040,2022-04-29,0.06576058932447595,22,1,0.038854793,0.03774346
2022-04,6199,2022-04-29,0.0647379186923372,23,4,0.22755736,0.22644603
2022-04,3041,2022-04-29,0.06285327463935979,24,1,0.096045196,0.09493386
2022-04,9908,2022-04-29,0.06251434638565977,25,0,-0.0075414823,-0.0086528165
2022-04,4749,2022-04-29,0.06220748342135786,26,4,0.28205132,0.28094
2022-04,1432,2022-04-29,0.062152775270589246,27,3,0.15555556,0.15444423
2022-04,6756,2022-04-29,0.06212793897235238,28,2,0.10869571,0.10758437
2022-04,6684,2022-04-29,0.061927174623687686,29,1,0.048780497,0.047669165
2022-04,3317,2022-04-29,0.061549766383816255,30,4,0.32129973,0.3201884
2022-04,6411,2022-04-29,0.06145452656129569,31,2,0.112359606,0.11124827
2022-04,6423,2022-04-29,0.06122068675736986,32,4,0.26507723,0.2639659
2022-04,3141,2022-04-29,0.05966865857312457,33,4,0.330827,0.32971567
2022-04,3707,2022-04-29,0.058990658752594106,34,3,0.20192306,0.20081173
2022-04,6781,2022-04-29,0.0586611016872697,35,4,0.2306843,0.22957297
2022-04,6515,2022-04-29,0.05808448339597994,36,1,0.06723889,0.06612755
2022-04,3228,2022-04-29,0.05802921377889257,37,3,0.20700644,0.20589511
2022-04,2338,2022-04-29,0.05791218470351389,38,3,0.20822276,0.20711143
2022-04,3680,2022-04-29,0.057911469698391456,39,3,0.17931028,0.17819895
2022-04,6488,2022-04-29,0.057659321410621106,40,3,0.17281556,0.17170423
2022-04,8227,2022-04-29,0.057513511133694906,41,4,0.24385962,0.24274829
2022-04,6719,2022-04-29,0.057192753899061144,42,3,0.2108696,0.20975827
2022-04,6510,2022-04-29,0.056631600274248114,43,1,0.04444445,0.043333117
2022-04,8255,2022-04-29,0.05609303791065935,44,2,0.12539183,0.12428049
2022-04,5351,2022-04-29,0.055813990848987166,45,2,0.110032395,0.10892106
2022-04,2497,2022-04-29,0.05566837855266219,46,0,0.017283995,0.01617266
2022-04,1760,2022-04-29,0.055631102595538245,47,0,-0.23655915,-0.23767048
2022-04,6788,2022-04-29,0.0555174988669809,48,2,0.128889,0.12777767
2022-04,6693,2022-04-29,0.055498084523530965,49,1,0.06892224,0.0678109
2022-04,3016,2022-04-29,0.05505175057112137,50,2,0.12499996,0.12388863
2022-04,3588,2022-04-29,0.05495171414670318,51,1,0.04854369,0.04743236
2022-04,3013,2022-04-29,0.054799611430511534,52,3,0.14772728,0.14661595
2022-04,6494,2022-04-29,0.054340675669227505,53,2,0.09956711,0.09845577
2022-04,6446,2022-04-29,0.05429518917026638,54,2,0.10061929,0.09950795
2022-04,6533,2022-04-29,0.054128918750979235,55,3,0.1430977,0.14198637
2022-04,5272,2022-04-29,0.053998850028310064,56,4,0.34968358,0.34857225
2022-04,8091,2022-04-29,0.05398860698324975,57,2,0.11764707,0.11653573
2022-04,2102,2022-04-29,0.05362362521623795,58,1,0.08370042,0.08258908
2022-04,6643,2022-04-29,0.05361049477496472,59,2,0.121323556,0.12021222
2022-04,3701,2022-04-29,0.05342325407896201,60,2,0.12499994,0.123888604
2022-04,5904,2022-04-29,0.05340579656357868,61,0,-0.10312495,-0.10423628
2022-04,3466,2022-04-29,0.053397033063997325,62,4,0.6195652,0.61845386
2022-04,5269,2022-04-29,0.05331794845987937,63,0,-0.08070174,-0.081813075
2022-04,3224,2022-04-29,0.05230600534029508,64,0,-0.13130434,-0.13241567
2022-04,3607,2022-04-29,0.051859251124400145,65,3,0.16862744,0.16751611
2022-04,1721,2022-04-29,0.051802929358553074,66,0,0.028061172,0.026949838
2022-04,1708,2022-04-29,0.05158724065708002,67,0,-0.027257293,-0.028368628
2022-04,5222,2022-04-29,0.05115346127561971,68,1,0.055555463,0.05444413
2022-04,2481,2022-04-29,0.05078741934933906,69,2,0.11184215,0.11073081
2022-04,6182,2022-04-29,0.0506771024947934,70,3,0.13970582,0.1385945
2022-04,6579,2022-04-29,0.050602749517832044,71,0,-0.08597278,-0.087084115
2022-04,4966,2022-04-29,0.04989753277122403,72,1,0.077192836,0.0760815
2022-04,6435,2022-04-29,0.049752526320111186,73,3,0.21072792,0.20961659
2022-04,4912,2022-04-29,0.04969193390507386,74,0,-0.050691333,-0.051802665
2022-04,4951,2022-04-29,0.049652574838001146,75,2,0.11944445,0.118333116
2022-05,3205,2022-05-31,0.3235230895306669,1,4,0.7990655,0.8923342
2022-05,6446,2022-05-31,0.2235561255692002,2,4,0.5182074,0.6114761
2022-05,6461,2022-05-31,0.1949183216827868,3,4,0.52713186,0.6204006
2022-05,2305,2022-05-31,0.18217798087751888,4,4,0.4840183,0.577287
2022-05,6541,2022-05-31,0.12685791725746356,5,4,0.32000005,0.4132688
2022-05,5324,2022-05-31,0.10028328091993122,6,2,-0.010846028,0.08242272
2022-05,8222,2022-05-31,0.09897569977336872,7,4,0.3209459,0.41421464
2022-05,6133,2022-05-31,0.09664006216065937,8,4,0.14351848,0.23678723
2022-05,6550,2022-05-31,0.09600039333237781,9,4,0.13333334,0.22660209
2022-05,4979,2022-05-31,0.09598039165270887,10,3,0.08136475,0.1746335
2022-05,3011,2022-05-31,0.09265627614538247,11,3,0.06336086,0.1566296
2022-05,8176,2022-05-31,0.09089434249271104,12,0,-0.10970875,-0.016439999
2022-05,6782,2022-05-31,0.09013703401343753,13,2,0.0073529016,0.10062165
2022-05,6742,2022-05-31,0.08736977655424245,14,4,0.2983426,0.39161134
2022-05,2913,2022-05-31,0.08583362180755207,15,2,0.03968254,0.13295129
2022-05,2230,2022-05-31,0.0830287839687652,16,2,0.010152212,0.103420965
2022-05,4903,2022-05-31,0.08256134310035684,17,0,-0.16600792,-0.07273917
2022-05,3466,2022-05-31,0.0805071500246236,18,0,-0.09075347,0.0025152762
2022-05,4931,2022-05-31,0.08036981758841931,19,0,-0.067836255,0.025432495
2022-05,2485,2022-05-31,0.07999696090093247,20,2,0.029761907,0.123030655
2022-05,3229,2022-05-31,0.07863049237526916,21,0,-0.09756097,-0.004292222
2022-05,4726,2022-05-31,0.07562473065529554,22,4,0.14361706,0.23688582
2022-05,2705,2022-05-31,0.07279037496687524,23,2,0.011661853,0.1049306
2022-05,5426,2022-05-31,0.07199272579899091,24,3,0.0514019,0.14467065
2022-05,2731,2022-05-31,0.07176855481390809,25,0,-0.06439015,0.028878598
2022-05,1524,2022-05-31,0.07124899051035727,26,3,0.05729168,0.15056042
2022-05,6109,2022-05-31,0.07123062235892068,27,4,0.21904756,0.3123163
2022-05,3013,2022-05-31,0.06890584005683432,28,0,-0.11437903,-0.021110283
2022-05,3234,2022-05-31,0.06885152580354925,29,3,0.06971151,0.16298026
2022-05,2362,2022-05-31,0.06815788657892764,30,1,-0.019881291,0.07338746
2022-05,5488,2022-05-31,0.06738010979313988,31,3,0.084541045,0.17780979
2022-05,1471,2022-05-31,0.06731769179631555,32,4,0.14428575,0.2375545
2022-05,4114,2022-05-31,0.06642006997015659,33,4,0.32509506,0.4183638
2022-05,8059,2022-05-31,0.06640192422516084,34,3,0.07427337,0.16754211
2022-05,2371,2022-05-31,0.06613985416595555,35,1,-0.026874023,0.066394724
2022-05,4562,2022-05-31,0.06494918851012621,36,2,0.032894738,0.12616348
2022-05,2498,2022-05-31,0.06342529540270354,37,2,0.04312942,0.13639817
2022-05,4934,2022-05-31,0.06284991657595675,38,4,0.4040817,0.49735045
2022-05,2419,2022-05-31,0.06265958962507406,39,1,-0.04865801,0.04461074
2022-05,2444,2022-05-31,0.06185505064749713,40,2,0.011811069,0.10507982
2022-05,4129,2022-05-31,0.06159299237379111,41,2,0.016129095,0.10939784
2022-05,4543,2022-05-31,0.061482216895754525,42,3,0.060150366,0.15341912
2022-05,6617,2022-05-31,0.06125107914731025,43,3,0.08637234,0.17964108
2022-05,2429,2022-05-31,0.06115946231558121,44,0,-0.06940065,0.023868097
2022-05,6579,2022-05-31,0.061010891718305434,45,2,0.027827272,0.12109602
2022-05,8932,2022-05-31,0.06090228360303827,46,1,-0.06427218,0.02899657
2022-05,1789,2022-05-31,0.06089089841521398,47,3,0.12931028,0.22257903
2022-05,8033,2022-05-31,0.05998546253332205,48,0,-0.11168834,-0.018419588
2022-05,8234,2022-05-31,0.05977231490797527,49,3,0.048828118,0.14209686
2022-05,3047,2022-05-31,0.059380466942965685,50,3,0.09090912,0.18417788
2022-05,2466,2022-05-31,0.0591043943515895,51,3,0.050295886,0.14356464
2022-05,6472,2022-05-31,0.0589245118783583,52,4,0.5565476,0.64981633
2022-05,4104,2022-05-31,0.05890187220009433,53,2,0.022123804,0.11539255
2022-05,3057,2022-05-31,0.05886438079457824,54,1,-0.062015448,0.0312533
2022-05,6152,2022-05-31,0.056235368340000376,55,1,-0.06180341,0.031465337
2022-05,3284,2022-05-31,0.056132459357088715,56,1,-0.023255758,0.070012994
2022-05,1414,2022-05-31,0.05585029797149434,57,1,-0.059945557,0.03332319
2022-05,6492,2022-05-31,0.055727370777119235,58,0,-0.09217166,0.0010970881
2022-05,4510,2022-05-31,0.05536462050595459,59,1,-0.047619052,0.045649696
2022-05,6117,2022-05-31,0.055274291445272905,60,1,-0.028938893,0.064329855
2022-05,4563,2022-05-31,0.055187425855997965,61,1,-0.05022149,0.043047257
2022-05,8937,2022-05-31,0.05504619236297102,62,2,0.022304848,0.1155736
2022-05,3055,2022-05-31,0.05497284960938356,63,1,-0.021818187,0.07145056
2022-05,8476,2022-05-31,0.05461989838256611,64,2,0.01403499,0.10730374
2022-05,2468,2022-05-31,0.05459052191168849,65,2,-0.0076337354,0.085635014
2022-05,3024,2022-05-31,0.05405134351040328,66,1,-0.03174608,0.06152267
2022-05,4207,2022-05-31,0.054047965576237804,67,0,-0.0968749,-0.0036061506
2022-05,3625,2022-05-31,0.05394458311428242,68,0,-0.08808284,0.0051859072
2022-05,6418,2022-05-31,0.05377509053002608,69,1,-0.042071223,0.051197525
2022-05,8068,2022-05-31,0.05356483566684718,70,0,-0.28157896,-0.1883102
2022-05,3379,2022-05-31,0.0533275733422137,71,1,-0.04508194,0.04818681
2022-05,8089,2022-05-31,0.0531416826326278,72,0,-0.07407418,0.019194571
2022-05,2367,2022-05-31,0.052907408791378584,73,3,0.06035442,0.15362316
2022-05,6499,2022-05-31,0.05289777456156188,74,3,0.083453186,0.17672193
2022-05,2349,2022-05-31,0.052785859330970346,75,0,-0.09955251,-0.0062837624
2022-06,2305,2022-06-30,0.30657563854189696,1,4,0.7109634,0.70650023
2022-06,3205,2022-06-30,0.24401712687033308,2,4,0.4205846,0.4161214
2022-06,6133,2022-06-30,0.19167686185490798,3,4,0.9170125,0.9125493
2022-06,6109,2022-06-30,0.11952819704305459,4,3,0.1213391,0.11687592
2022-06,6782,2022-06-30,0.09218879945938153,5,4,0.50766444,0.50320125
2022-06,6617,2022-06-30,0.08180992570244433,6,4,0.36140627,0.35694307
2022-06,2489,2022-06-30,0.07672677297368377,7,0,-0.03187257,-0.03633575
2022-06,3675,2022-06-30,0.07301931931862563,8,0,-0.08296931,-0.08743249
2022-06,6461,2022-06-30,0.06888576972514866,9,3,0.12709028,0.122627094
2022-06,5258,2022-06-30,0.0684896079044744,10,3,0.11532494,0.110861756
2022-06,6877,2022-06-30,0.06815672278958938,11,3,0.16279067,0.15832749
2022-06,2388,2022-06-30,0.06736264667280419,12,4,0.44602835,0.44156516
2022-06,3466,2022-06-30,0.06682800162382355,13,1,0.02004008,0.015576899
2022-06,6742,2022-06-30,0.0666337612833396,14,3,0.12719297,0.12272979
2022-06,8222,2022-06-30,0.0664196715636404,15,4,0.22343329,0.2189701
2022-06,8068,2022-06-30,0.06466555175476241,16,3,0.11292306,0.10845988
2022-06,3508,2022-06-30,0.06383764951809634,17,3,0.17578125,0.17131807
2022-06,2230,2022-06-30,0.059093491144634434,18,0,-0.025316501,-0.029779682
2022-06,3081,2022-06-30,0.0583419434628486,19,4,0.3150173,0.31055412
2022-06,5426,2022-06-30,0.058313780402992725,20,3,0.18433179,0.17986861
2022-06,1524,2022-06-30,0.057789863288533555,21,3,0.123036765,0.11857358
2022-06,3234,2022-06-30,0.05559148198353533,22,3,0.10792953,0.10346635
2022-06,8476,2022-06-30,0.05521506653812785,23,1,-0.021052612,-0.025515793
2022-06,4979,2022-06-30,0.05485130561223088,24,4,0.23376612,0.22930294
2022-06,3515,2022-06-30,0.052991570691575535,25,1,0.02079617,0.01633299
2022-06,3479,2022-06-30,0.0519086626541266,26,2,0.06873981,0.06427663
2022-06,6743,2022-06-30,0.05018773187444094,27,0,-0.025991747,-0.030454928
2022-06,3149,2022-06-30,0.05004035218105748,28,0,-0.036312845,-0.040776026
2022-06,6113,2022-06-30,0.04866803592601809,29,2,0.051219534,0.046756353
2022-06,6669,2022-06-30,0.048616039864798226,30,2,0.06367577,0.059212588
2022-06,2243,2022-06-30,0.048333722050177025,31,2,0.05479447,0.05033129
2022-06,3622,2022-06-30,0.04773016763438121,32,2,0.06925672,0.06479354
2022-06,1515,2022-06-30,0.04758189709253029,33,4,0.21052635,0.20606317
2022-06,3131,2022-06-30,0.047407103218599596,34,2,0.0699907,0.06552752
2022-06,3138,2022-06-30,0.04740628246278772,35,2,0.09090903,0.086445846
2022-06,3163,2022-06-30,0.047142803131325954,36,4,0.19863781,0.19417463
2022-06,3047,2022-06-30,0.046803655154975005,37,2,0.06048393,0.056020748
2022-06,3004,2022-06-30,0.04618989861341315,38,1,-0.00991733,-0.014380511
2022-06,6472,2022-06-30,0.046104628381754456,39,0,-0.09333331,-0.09779649
2022-06,3624,2022-06-30,0.04598720018129633,40,0,-0.033222556,-0.037685737
2022-06,4931,2022-06-30,0.045119578948693735,41,0,-0.16993468,-0.17439786
2022-06,4543,2022-06-30,0.04506352338106848,42,3,0.16908213,0.16461895
2022-06,4934,2022-06-30,0.0446458659729535,43,0,-0.15256795,-0.15703113
2022-06,3229,2022-06-30,0.04442507798159521,44,4,0.19945364,0.19499046
2022-06,2338,2022-06-30,0.04418083638440843,45,1,0.019230684,0.014767503
2022-06,4541,2022-06-30,0.044083113001764505,46,2,0.090724975,0.086261794
2022-06,6274,2022-06-30,0.04366855852087266,47,0,-0.050541613,-0.055004794
2022-06,3092,2022-06-30,0.0434314479361182,48,1,-0.016470479,-0.02093366
2022-06,8033,2022-06-30,0.04266517916702215,49,1,-0.020408073,-0.024871254
2022-06,6861,2022-06-30,0.04220889151386292,50,4,0.27272728,0.26826409
2022-06,2032,2022-06-30,0.042142055019383964,51,0,-0.052356042,-0.056819223
2022-06,6763,2022-06-30,0.042115047137726194,52,1,0.0119339535,0.007470772
2022-06,6509,2022-06-30,0.042095127273338015,53,1,0.024111547,0.019648366
2022-06,6170,2022-06-30,0.04206959836509459,54,1,0.0056578713,0.00119469
2022-06,3002,2022-06-30,0.04203370405461227,55,2,0.03278696,0.02832378
2022-06,2614,2022-06-30,0.04179212302444885,56,4,0.20919544,0.20473225
2022-06,4903,2022-06-30,0.041125773582640884,57,3,0.18483408,0.1803709
2022-06,2486,2022-06-30,0.04112565165739174,58,0,-0.04107151,-0.045534693
2022-06,2362,2022-06-30,0.04084489196155025,59,1,0.011199992,0.006736811
2022-06,2371,2022-06-30,0.0406708767357304,60,2,0.026548622,0.022085441
2022-06,3645,2022-06-30,0.04058267279990378,61,0,-0.11018047,-0.11464365
2022-06,3594,2022-06-30,0.040512575513424395,62,3,0.19284286,0.18837968
2022-06,1784,2022-06-30,0.04047681323117594,63,2,0.038701538,0.034238357
2022-06,5488,2022-06-30,0.04021556000869178,64,1,0.0022857666,-0.0021774145
2022-06,9919,2022-06-30,0.040025304807868346,65,1,-0.020771477,-0.025234658
2022-06,3685,2022-06-30,0.039352895876669146,66,3,0.121593274,0.11713009
2022-06,1727,2022-06-30,0.03928062439429686,67,1,-2.6162807e-08,-0.0044632074
2022-06,1611,2022-06-30,0.03915072124976468,68,0,-0.025500827,-0.029964007
2022-06,3321,2022-06-30,0.03816038675464522,69,4,0.31921837,0.31475517
2022-06,6418,2022-06-30,0.0381149043194016,70,1,-0.014084453,-0.018547634
2022-06,2375,2022-06-30,0.03799090199766936,71,2,0.095669694,0.09120651
2022-06,8050,2022-06-30,0.03797909866568161,72,2,0.09368233,0.089219145
2022-06,4968,2022-06-30,0.03780355447704228,73,0,-0.11256337,-0.11702655
2022-06,6209,2022-06-30,0.03774981851027167,74,3,0.12545457,0.120991394
2022-06,5452,2022-06-30,0.03761794199440186,75,2,0.035087578,0.030624397
2022-07,6446,2022-07-29,0.21642074101951037,1,1,0.03677763,0.01821971
2022-07,3205,2022-07-29,0.17758031023492354,2,3,0.25468162,0.2361237
2022-07,2305,2022-07-29,0.15486829945781702,3,3,0.20925932,0.1907014
2022-07,4979,2022-07-29,0.1409121686963918,4,4,0.31605372,0.2974958
2022-07,6550,2022-07-29,0.1370480937294606,5,4,0.38339922,0.3648413
2022-07,4749,2022-07-29,0.10777747622709449,6,4,0.5583332,0.5397753
2022-07,4556,2022-07-29,0.10631801326270938,7,0,0.00671143,-0.011846491
2022-07,2230,2022-07-29,0.10396514072672475,8,4,0.7421875,0.7236296
2022-07,3022,2022-07-29,0.09662344254996387,9,4,0.31272733,0.29416943
2022-07,3234,2022-07-29,0.09580956491190488,10,1,0.06563709,0.04707917
2022-07,5426,2022-07-29,0.09490113852614084,11,2,0.15589352,0.1373356
2022-07,8222,2022-07-29,0.09421679338322254,12,1,0.02985067,0.011292748
2022-07,6472,2022-07-29,0.09402085864727723,13,4,0.48305076,0.46449286
2022-07,2489,2022-07-29,0.0905021370976563,14,1,0.06967216,0.05111424
2022-07,6617,2022-07-29,0.08932034541981934,15,0,0.013888889,-0.004669032
2022-07,6133,2022-07-29,0.08848520299068113,16,4,0.28381383,0.26525593
2022-07,2419,2022-07-29,0.0884005291402922,17,0,-0.031879175,-0.050437097
2022-07,8476,2022-07-29,0.08666033647996887,18,0,-0.5044803,-0.5230382
2022-07,3229,2022-07-29,0.08572187795372951,19,3,0.23851198,0.21995406
2022-07,5488,2022-07-29,0.08495520980905057,20,3,0.17913832,0.1605804
2022-07,6782,2022-07-29,0.08491059960462434,21,2,0.080459766,0.061901845
2022-07,6426,2022-07-29,0.08443250128394664,22,4,0.48735362,0.46879572
2022-07,3693,2022-07-29,0.08346819280053,23,1,0.062135585,0.043577664
2022-07,6499,2022-07-29,0.0828852579324547,24,2,0.12822387,0.109665945
2022-07,8059,2022-07-29,0.08287973531927896,25,2,0.075,0.056442082
2022-07,4909,2022-07-29,0.08014096870271734,26,1,0.047619183,0.029061262
2022-07,3013,2022-07-29,0.08009757480908579,27,3,0.17605647,0.15749855
2022-07,6418,2022-07-29,0.07944400371977457,28,3,0.2068965,0.18833858
2022-07,6425,2022-07-29,0.07809130262982113,29,0,0.011415505,-0.007142416
2022-07,6742,2022-07-29,0.07716372487072641,30,2,0.14503802,0.1264801
2022-07,2365,2022-07-29,0.07714461237528146,31,2,0.16289903,0.14434111
2022-07,4562,2022-07-29,0.0771171233808221,32,0,-0.02236418,-0.0409221
2022-07,3002,2022-07-29,0.07677987743768833,33,2,0.08333335,0.06477543
2022-07,4726,2022-07-29,0.07674565882595265,34,2,0.08921939,0.07066147
2022-07,4563,2022-07-29,0.07657688636704911,35,2,0.09539463,0.07683671
2022-07,3284,2022-07-29,0.07657133102808017,36,3,0.17777777,0.15921985
2022-07,4128,2022-07-29,0.07608077641441835,37,4,0.2871795,0.2686216
2022-07,4746,2022-07-29,0.07543196254644614,38,4,0.28846148,0.26990357
2022-07,2705,2022-07-29,0.0753092845549872,39,0,0.002985029,-0.015572892
2022-07,6117,2022-07-29,0.0752349323360394,40,4,0.35666668,0.33810878
2022-07,1540,2022-07-29,0.07483263011817799,41,2,0.12684286,0.108284935
2022-07,2913,2022-07-29,0.07431767423418298,42,0,0.025906736,0.007348815
2022-07,3004,2022-07-29,0.0736268526745667,43,0,0.008051537,-0.010506384
2022-07,8050,2022-07-29,0.07322608463767799,44,1,0.071839154,0.053281233
2022-07,3518,2022-07-29,0.07299173621772809,45,3,0.2447916,0.22623368
2022-07,4523,2022-07-29,0.07259907540486177,46,0,-0.003565008,-0.022122929
2022-07,1449,2022-07-29,0.07183450267051275,47,4,0.36612028,0.34756237
2022-07,3430,2022-07-29,0.07170524055557011,48,0,-0.02702706,-0.04558498
2022-07,6221,2022-07-29,0.07163109008154371,49,3,0.2048245,0.18626659
2022-07,2495,2022-07-29,0.07152027875670347,50,2,0.17465748,0.15609956
2022-07,3047,2022-07-29,0.07149751626212279,51,4,0.40449437,0.38593647
2022-07,8234,2022-07-29,0.07144633462016316,52,1,0.063526325,0.044968404
2022-07,4729,2022-07-29,0.07138775300032907,53,2,0.1168831,0.09832518
2022-07,3027,2022-07-29,0.07132390496941561,54,3,0.17630863,0.15775071
2022-07,4973,2022-07-29,0.07124279457548131,55,1,0.030612212,0.012054291
2022-07,4934,2022-07-29,0.07123861584559199,56,1,0.040780127,0.022222206
2022-07,2413,2022-07-29,0.0709718458670489,57,3,0.20370363,0.1851457
2022-07,3617,2022-07-29,0.07093755195615369,58,4,0.38141474,0.36285684
2022-07,8072,2022-07-29,0.07078016320589743,59,3,0.18380734,0.16524942
2022-07,4543,2022-07-29,0.07074019025735707,60,2,0.16546753,0.14690961
2022-07,5324,2022-07-29,0.07048746637616805,61,1,0.036995508,0.018437587
2022-07,2630,2022-07-29,0.07043985790202971,62,1,0.046920754,0.028362833
2022-07,8033,2022-07-29,0.07042071641125601,63,1,0.04776125,0.02920333
2022-07,3379,2022-07-29,0.07035272656919031,64,1,0.042194042,0.023636121
2022-07,6469,2022-07-29,0.0702500712260015,65,3,0.20971474,0.19115682
2022-07,2349,2022-07-29,0.07018965944723507,66,2,0.14959563,0.13103771
2022-07,8089,2022-07-29,0.07008421994550218,67,0,0.024390146,0.005832225
2022-07,5302,2022-07-29,0.0699785650925651,68,0,-0.032258034,-0.050815955
2022-07,3055,2022-07-29,0.06970849431801933,69,0,-0.018867925,-0.037425846
2022-07,3308,2022-07-29,0.06929592650172967,70,2,0.10370377,0.085145846
2022-07,4114,2022-07-29,0.06907834475934825,71,3,0.21417075,0.19561283
2022-07,3207,2022-07-29,0.06898109845643599,72,4,0.30080226,0.28224435
2022-07,6461,2022-07-29,0.06894076946619127,73,3,0.20359278,0.18503486
2022-07,5484,2022-07-29,0.06891058772565008,74,1,0.061068643,0.04251072
2022-07,3479,2022-07-29,0.06889284137999305,75,0,0.0030626948,-0.015495226
2022-08,6584,2022-08-31,0.0809267123816584,1,4,0.024594922,0.1280156
2022-08,6739,2022-08-31,0.07800711531219907,2,4,0.018372577,0.121793255
2022-08,6192,2022-08-31,0.07697599270048416,3,1,-0.061598267,0.04182241
2022-08,5410,2022-08-31,0.0616290457695289,4,2,-0.039138906,0.06428177
2022-08,1736,2022-08-31,0.058728256232241774,5,4,0.32971713,0.4331378
2022-08,1442,2022-08-31,0.049836140907227516,6,4,0.08834589,0.19176657
2022-08,9917,2022-08-31,0.04507316651738268,7,2,-0.03431385,0.069106825
2022-08,2536,2022-08-31,0.043717234876275914,8,3,-0.028199574,0.07522111
2022-08,4166,2022-08-31,0.04325579387036251,9,2,-0.03146071,0.071959965
2022-08,8033,2022-08-31,0.04320056235494263,10,4,-0.00271003,0.100710645
2022-08,2201,2022-08-31,0.04257748464521329,11,2,-0.0381944,0.06522628
2022-08,5213,2022-08-31,0.04140122781091778,12,3,-0.026785819,0.07663486
2022-08,8045,2022-08-31,0.03815698460218501,13,1,-0.060869522,0.042551156
2022-08,3022,2022-08-31,0.03807984679709011,14,0,-0.27490044,-0.17147976
2022-08,2540,2022-08-31,0.036049136671853554,15,0,-0.10255072,0.000869954
2022-08,4716,2022-08-31,0.034723240820062534,16,1,-0.0635246,0.039896082
2022-08,6409,2022-08-31,0.03471399707473665,17,0,-0.17251456,-0.06909388
2022-08,1529,2022-08-31,0.034238813786824626,18,4,0.15128966,0.25471035
2022-08,2301,2022-08-31,0.03347959112732544,19,4,1.6085733e-07,0.10342084
2022-08,3528,2022-08-31,0.033222598249542164,20,3,-0.019607905,0.08381277
2022-08,2630,2022-08-31,0.03299121670822473,21,3,-0.017492661,0.085928015
2022-08,2362,2022-08-31,0.03287254384035307,22,1,-0.09869374,0.0047269333
2022-08,2543,2022-08-31,0.032581726978322574,23,1,-0.09834378,0.0050768945
2022-08,2221,2022-08-31,0.032241432692501654,24,3,-0.023602508,0.07981817
2022-08,2061,2022-08-31,0.03154197413461233,25,4,0.17703353,0.28045422
2022-08,5278,2022-08-31,0.03153446882057226,26,0,-0.14713207,-0.04371139
2022-08,2645,2022-08-31,0.031008358734402233,27,4,0.02649,0.12991068
2022-08,3577,2022-08-31,0.030381780430718968,28,0,-0.12372737,-0.02030669
2022-08,1414,2022-08-31,0.030156310312339934,29,3,-0.020057283,0.08336339
2022-08,1709,2022-08-31,0.02996879418994986,30,0,-0.1004016,0.003019074
2022-08,8210,2022-08-31,0.02992152006719608,31,1,-0.06849314,0.034927536
2022-08,3032,2022-08-31,0.029716806601963474,32,0,-0.108626194,-0.0052055176
2022-08,3013,2022-08-31,0.029588433961100054,33,0,-0.15522388,-0.051803198
2022-08,6221,2022-08-31,0.02908222096038061,34,3,-0.021818113,0.081602566
2022-08,8111,2022-08-31,0.02903764641570906,35,1,-0.06720431,0.036216367
2022-08,9925,2022-08-31,0.028965332224479678,36,3,-0.031055856,0.07236482
2022-08,1587,2022-08-31,0.0288782195464064,37,0,-0.11553035,-0.012109673
2022-08,4766,2022-08-31,0.028869821407480723,38,3,-0.010830223,0.09259045
2022-08,3050,2022-08-31,0.02874661938214596,39,2,-0.046439625,0.056981053
2022-08,2414,2022-08-31,0.028442918522197956,40,1,-0.089341655,0.014079021
2022-08,3211,2022-08-31,0.02840570076837738,41,0,-0.11949682,-0.016076146
2022-08,3054,2022-08-31,0.028154149546760897,42,4,0.113157876,0.21657856
2022-08,6877,2022-08-31,0.027958410657594836,43,0,-0.16085495,-0.057434272
2022-08,7402,2022-08-31,0.027957443432536914,44,1,-0.07105977,0.032360908
2022-08,1808,2022-08-31,0.027807744002040908,45,3,-0.029842181,0.0735785
2022-08,2913,2022-08-31,0.027636762482161556,46,4,0.055696223,0.1591169
2022-08,5488,2022-08-31,0.027358592326434065,47,3,-0.009174259,0.09424642
2022-08,2836,2022-08-31,0.0272228469337582,48,1,-0.06181823,0.041602448
2022-08,3024,2022-08-31,0.026678621848687054,49,2,-0.036101088,0.06731959
2022-08,1108,2022-08-31,0.026271647353482825,50,2,-0.050691374,0.052729305
2022-08,5426,2022-08-31,0.025950511388828385,51,2,-0.037671287,0.06574939
2022-08,1735,2022-08-31,0.025944889830878587,52,3,-0.027118666,0.076302014
2022-08,3071,2022-08-31,0.025889870818640484,53,1,-0.061338346,0.042082332
2022-08,2467,2022-08-31,0.02586882821804643,54,2,-0.035331875,0.0680888
2022-08,6227,2022-08-31,0.02559253905514232,55,1,-0.07575765,0.027663024
2022-08,3040,2022-08-31,0.025592039037488256,56,2,-0.04213943,0.06128125
2022-08,6835,2022-08-31,0.025563037410264267,57,0,-0.120315574,-0.016894897
2022-08,6821,2022-08-31,0.025541417770448265,58,4,0.041736297,0.14515698
2022-08,4707,2022-08-31,0.025519449921469022,59,2,-0.059055068,0.04436561
2022-08,1342,2022-08-31,0.025492285311180474,60,4,-0.0013697434,0.10205093
2022-08,4749,2022-08-31,0.025437739430944125,61,0,-0.3041958,-0.20077512
2022-08,4763,2022-08-31,0.02537929408423277,62,2,-0.047244113,0.056176566
2022-08,2420,2022-08-31,0.02536383137429875,63,2,-0.05454551,0.048875168
2022-08,5493,2022-08-31,0.02509287243633816,64,3,-0.018621977,0.0847987
2022-08,4933,2022-08-31,0.024828075465241052,65,1,-0.06656807,0.03685261
2022-08,1720,2022-08-31,0.02467248259273108,66,1,-0.06962664,0.03379404
2022-08,2838,2022-08-31,0.02442522021625169,67,1,-0.09202459,0.01139609
2022-08,6186,2022-08-31,0.024364878086297774,68,4,0.113138676,0.21655935
2022-08,2534,2022-08-31,0.02426053597006243,69,2,-0.03508766,0.068333015
2022-08,2352,2022-08-31,0.024197763380713923,70,2,-0.03589733,0.067523345
2022-08,6277,2022-08-31,0.024127673567432128,71,3,-0.028169,0.075251676
2022-08,3017,2022-08-31,0.024071981603724205,72,4,0.0046511525,0.10807183
2022-08,3430,2022-08-31,0.024070075270280055,73,3,-0.017241374,0.0861793
2022-08,2413,2022-08-31,0.023921381527833508,74,0,-0.10569104,-0.0022703614
2022-08,8935,2022-08-31,0.023632743548129106,75,0,-0.0992647,0.004155973
2022-09,8033,2022-09-30,0.09482325112279166,1,4,0.16338024,0.19875044
2022-09,5314,2022-09-30,0.08154461650314282,2,2,-0.037036747,-0.001666547
2022-09,2465,2022-09-30,0.052342835542548656,3,4,0.50303036,0.53840053
2022-09,2061,2022-09-30,0.05205756237794272,4,1,-0.07735846,-0.04198826
2022-09,6781,2022-09-30,0.0511775721558079,5,0,-0.09759997,-0.062229767
2022-09,6243,2022-09-30,0.0506298455191733,6,3,0.033402942,0.06877314
2022-09,5269,2022-09-30,0.049484158135060484,7,0,-0.11145032,-0.07608012
2022-09,8046,2022-09-30,0.048421397908484216,8,4,0.15258858,0.18795878
2022-09,2468,2022-09-30,0.04573106152527207,9,4,0.28834367,0.32371387
2022-09,6533,2022-09-30,0.04508713192406304,10,2,-0.041131154,-0.005760954
2022-09,6488,2022-09-30,0.04359502453645179,11,2,0.0070224074,0.042392608
2022-09,5536,2022-09-30,0.04270108915237267,12,1,-0.04660578,-0.011235581
2022-09,2338,2022-09-30,0.04219638706000087,13,4,0.0905731,0.1259433
2022-09,4966,2022-09-30,0.042127867609084636,14,3,0.028716179,0.06408638
2022-09,4749,2022-09-30,0.04123549612233517,15,1,-0.09045229,-0.05508209
2022-09,2363,2022-09-30,0.04023462485748503,16,1,-0.078787975,-0.043417774
2022-09,1560,2022-09-30,0.03922773716095826,17,0,-0.14999998,-0.114629775
2022-09,6271,2022-09-30,0.03913170477211854,18,3,0.06461548,0.09998568
2022-09,3035,2022-09-30,0.038787476071936215,19,3,0.08396939,0.11933959
2022-09,3374,2022-09-30,0.03846283956201305,20,3,0.023529353,0.05889955
2022-09,4739,2022-09-30,0.03800267062565884,21,1,-0.069148906,-0.033778705
2022-09,6756,2022-09-30,0.03738133251105864,22,2,-0.025787944,0.009582256
2022-09,6245,2022-09-30,0.037013137475697545,23,4,0.11805552,0.15342572
2022-09,6133,2022-09-30,0.03699075014694128,24,3,0.012019186,0.047389384
2022-09,2314,2022-09-30,0.03678754158556178,25,1,-0.051630393,-0.016260194
2022-09,5285,2022-09-30,0.036378937768912774,26,1,-0.07076919,-0.03539899
2022-09,5258,2022-09-30,0.03618760008961129,27,3,0.023828119,0.05919832
2022-09,6117,2022-09-30,0.03532416389086338,28,1,-0.07168459,-0.03631439
2022-09,8050,2022-09-30,0.0351008400696607,29,3,0.015243899,0.0506141
2022-09,3430,2022-09-30,0.03475188396959917,30,0,-0.14624491,-0.11087471
2022-09,2417,2022-09-30,0.03463929187822912,31,2,-0.002551117,0.03281908
2022-09,1785,2022-09-30,0.03449462666487448,32,1,-0.044827588,-0.009457388
2022-09,6510,2022-09-30,0.034401658833872834,33,2,-0.0052355733,0.030134626
2022-09,4979,2022-09-30,0.03428266999529385,34,0,-0.11746984,-0.08209964
2022-09,8155,2022-09-30,0.03405596203388528,35,1,-0.060215097,-0.024844898
2022-09,6568,2022-09-30,0.03334233375588336,36,2,-0.012552302,0.022817897
2022-09,3141,2022-09-30,0.033256620389745056,37,0,-0.10092805,-0.06555785
2022-09,5351,2022-09-30,0.03320983583736607,38,3,0.031111142,0.066481344
2022-09,4968,2022-09-30,0.03317260186462192,39,2,-0.008315961,0.027054239
2022-09,6187,2022-09-30,0.03298432918106228,40,0,-0.14820363,-0.112833425
2022-09,6118,2022-09-30,0.032706558060443605,41,0,-0.17734721,-0.14197701
2022-09,9958,2022-09-30,0.03268239454733331,42,4,0.24193546,0.27730566
2022-09,3532,2022-09-30,0.03197133032762569,43,3,0.07380061,0.10917081
2022-09,3205,2022-09-30,0.03150310852758144,44,0,-0.19713658,-0.16176638
2022-09,3105,2022-09-30,0.03132920595807925,45,2,0.004115214,0.039485414
2022-09,2375,2022-09-30,0.031246312531288904,46,3,0.050607342,0.08597754
2022-09,5272,2022-09-30,0.031214976444853253,47,0,-0.12454214,-0.08917194
2022-09,6111,2022-09-30,0.030977562738864966,48,1,-0.05219211,-0.016821912
2022-09,6684,2022-09-30,0.030012150907840096,49,4,0.18234621,0.21771641
2022-09,3152,2022-09-30,0.02997142844521259,50,3,0.009868499,0.0452387
2022-09,6741,2022-09-30,0.0299156921865707,51,2,-0.011180113,0.024190087
2022-09,1476,2022-09-30,0.029316130804061747,52,4,0.106909975,0.14228018
2022-09,2305,2022-09-30,0.029174753402117184,53,4,0.13733073,0.17270093
2022-09,3189,2022-09-30,0.029130544901175146,54,4,0.15725368,0.19262388
2022-09,2342,2022-09-30,0.02906128925139848,55,3,0.020558005,0.055928204
2022-09,3406,2022-09-30,0.028926628882813655,56,0,-0.10565475,-0.070284545
2022-09,8038,2022-09-30,0.028891975176117513,57,4,0.118032865,0.15340306
2022-09,8027,2022-09-30,0.0287966386664168,58,1,-0.057301287,-0.021931088
2022-09,5457,2022-09-30,0.028615027484749592,59,2,-0.00198801,0.03338219
2022-09,3701,2022-09-30,0.028465813642299564,60,0,-0.1068602,-0.07149
2022-09,3066,2022-09-30,0.028331737091033603,61,0,-0.10714283,-0.07177263
2022-09,2436,2022-09-30,0.02818884236844031,62,3,0.059701417,0.095071614
2022-09,3545,2022-09-30,0.02811808024607441,63,4,0.14166667,0.17703687
2022-09,8183,2022-09-30,0.027994898725438516,64,2,-0.025454575,0.009915625
2022-09,2327,2022-09-30,0.02778372757283868,65,4,0.12966758,0.16503778
2022-09,6259,2022-09-30,0.02774398299462079,66,0,-0.112469435,-0.077099234
2022-09,8054,2022-09-30,0.02766846631051982,67,2,-0.0063391784,0.029031022
2022-09,3588,2022-09-30,0.02760932816248627,68,4,0.12748997,0.16286017
2022-09,3131,2022-09-30,0.027529751023757574,69,0,-0.12530129,-0.089931086
2022-09,3122,2022-09-30,0.02751692226622838,70,2,0.0060362173,0.041406415
2022-09,6411,2022-09-30,0.02738984828492017,71,1,-0.050632775,-0.015262575
2022-09,3016,2022-09-30,0.02726032269281833,72,2,-0.028169079,0.0072011207
2022-09,8086,2022-09-30,0.027152389834731835,73,3,0.035175875,0.070546076
2022-09,3234,2022-09-30,0.027092496495698365,74,1,-0.05605381,-0.02068361
2022-09,8255,2022-09-30,0.026999723545705453,75,1,-0.090603955,-0.055233754
2022-10,6533,2022-10-31,0.05714708241645342,1,4,0.44743928,0.32333496
2022-10,8476,2022-10-31,0.03532770416176934,2,0,-0.003999985,-0.12810431
2022-10,3228,2022-10-31,0.03345617832854282,3,4,0.41366893,0.2895646
2022-10,5269,2022-10-31,0.029701173787263738,4,3,0.28130358,0.15719925
2022-10,8033,2022-10-31,0.02463503258762161,5,4,0.9471264,0.82302207
2022-10,3443,2022-10-31,0.022525238672888057,6,4,0.5155279,0.39142358
2022-10,4966,2022-10-31,0.021461303957523013,7,3,0.30912134,0.185017
2022-10,3081,2022-10-31,0.02110541186010003,8,3,0.24593712,0.12183279
2022-10,4749,2022-10-31,0.020891436057374518,9,0,0.013812133,-0.1102922
2022-10,8222,2022-10-31,0.02077071484236033,10,4,0.6383562,0.5142519
2022-10,3686,2022-10-31,0.019772543353293762,11,3,0.24038462,0.11628029
2022-10,3661,2022-10-31,0.01783817105705804,12,4,0.37984502,0.2557407
2022-10,4772,2022-10-31,0.01348421083218814,13,2,0.2344828,0.11037846
2022-10,2338,2022-10-31,0.013252774377767115,14,4,0.4222221,0.2981178
2022-10,6781,2022-10-31,0.009149699928555353,15,3,0.3173759,0.19327156
2022-10,6689,2022-10-31,0.00912860927850562,16,0,-0.027544877,-0.1516492
2022-10,6788,2022-10-31,0.009096306876776001,17,1,0.14007318,0.015968844
2022-10,6643,2022-10-31,0.008789290252039412,18,4,0.5497701,0.4256658
2022-10,6409,2022-10-31,0.007812870376732086,19,2,0.16666676,0.042562425
2022-10,6719,2022-10-31,0.006336176373506502,20,2,0.18085107,0.056746736
2022-10,3529,2022-10-31,0.005865505908588656,21,4,0.375,0.25089568
2022-10,3188,2022-10-31,0.0055741606827782115,22,1,0.09302326,-0.031081073
2022-10,3131,2022-10-31,0.004990272508048683,23,3,0.28650138,0.16239704
2022-10,6515,2022-10-31,0.004233517696651859,24,4,0.4029366,0.2788323
2022-10,6588,2022-10-31,0.004125727836455127,25,2,0.15111946,0.02701512
2022-10,3466,2022-10-31,0.0030081057638453403,26,4,0.3495575,0.22545315
2022-10,2201,2022-10-31,0.002911040851715241,27,4,0.42417592,0.3000716
2022-10,1560,2022-10-31,0.0027806854153311212,28,1,0.10499996,-0.019104376
2022-10,4968,2022-10-31,0.00212869497428514,29,4,0.43538132,0.311277
2022-10,2852,2022-10-31,0.00199860610557349,30,0,0.09285716,-0.031247176
2022-10,6683,2022-10-31,0.0015471261048432747,31,3,0.3189369,0.19483258
2022-10,3205,2022-10-31,0.001491980450812935,32,3,0.25609747,0.13199313
2022-10,3152,2022-10-31,0.0014650041969283564,33,2,0.19407894,0.0699746
2022-10,2379,2022-10-31,0.0014610302255514027,34,3,0.27075097,0.14664663
2022-10,8938,2022-10-31,0.0012320501444172008,35,0,0.053763468,-0.070340864
2022-10,5871,2022-10-31,0.0008493662902481951,36,3,0.24836604,0.12426171
2022-10,2345,2022-10-31,0.0005670104502415305,37,1,0.10810799,-0.015996344
2022-10,6579,2022-10-31,0.00018170352962331983,38,1,0.1094987,-0.014605633
2022-10,6617,2022-10-31,0.00017240078266390045,39,0,-0.04148784,-0.16559218
2022-10,2330,2022-10-31,-0.00040103614778816914,40,3,0.23680791,0.11270358
2022-10,6550,2022-10-31,-0.0005527570405867752,41,1,0.12777779,0.0036734496
2022-10,8454,2022-10-31,-0.0011063201381170762,42,2,0.22026873,0.09616439
2022-10,6259,2022-10-31,-0.0011529078583608877,43,2,0.21857937,0.09447503
2022-10,6488,2022-10-31,-0.001238039317134138,44,3,0.32770756,0.20360322
2022-10,3430,2022-10-31,-0.0014160139023047687,45,1,0.112790674,-0.011313661
2022-10,3227,2022-10-31,-0.001873297166160633,46,1,0.15092024,0.026815906
2022-10,5536,2022-10-31,-0.002097082705655067,47,0,0.06496272,-0.059141614
2022-10,6423,2022-10-31,-0.0025232817210086725,48,2,0.18840581,0.064301476
2022-10,5425,2022-10-31,-0.0030301890296101732,49,0,0.08730168,-0.036802657
2022-10,6821,2022-10-31,-0.0031257489470185884,50,1,0.109090865,-0.01501347
2022-10,2540,2022-10-31,-0.003408855414030738,51,0,-0.043202125,-0.16730645
2022-10,3499,2022-10-31,-0.00365745893501494,52,4,0.50370365,0.37959933
2022-10,2308,2022-10-31,-0.003938643835562465,53,1,0.1290945,0.004990161
2022-10,3653,2022-10-31,-0.004119678621929315,54,1,0.10230542,-0.021798916
2022-10,6695,2022-10-31,-0.0041259503358317545,55,3,0.2516129,0.12750857
2022-10,6143,2022-10-31,-0.004205352166998331,56,3,0.34391528,0.21981095
2022-10,2351,2022-10-31,-0.004277579496203311,57,2,0.1979752,0.07387087
2022-10,1802,2022-10-31,-0.004555239060963804,58,2,0.15270938,0.028605044
2022-10,1590,2022-10-31,-0.0048634682681542064,59,2,0.1657824,0.04167807
2022-10,3491,2022-10-31,-0.0053649052096532476,60,1,0.099567086,-0.02453725
2022-10,2530,2022-10-31,-0.005547557284179252,61,0,0.016438203,-0.107666135
2022-10,6510,2022-10-31,-0.005688187454202396,62,2,0.20789467,0.08379033
2022-10,2221,2022-10-31,-0.005847869559433267,63,1,0.14545459,0.02135025
2022-10,6245,2022-10-31,-0.005932619347256183,64,4,0.3664597,0.24235536
2022-10,3715,2022-10-31,-0.006076696759756856,65,0,0.058461595,-0.06564274
2022-10,2059,2022-10-31,-0.006176429968857219,66,0,-0.02028643,-0.14439076
2022-10,4770,2022-10-31,-0.006190505429189762,67,2,0.18677041,0.06266607
2022-10,6186,2022-10-31,-0.006266867045508618,68,2,0.17829466,0.054190323
2022-10,2383,2022-10-31,-0.00630849700355658,69,2,0.2195947,0.095490366
2022-10,2603,2022-10-31,-0.006616729008044269,70,1,0.14130431,0.017199978
2022-10,6830,2022-10-31,-0.006630010836993546,71,0,0.074788876,-0.04931546
2022-10,6835,2022-10-31,-0.007089206353479354,72,0,-0.15879829,-0.28290263
2022-10,6877,2022-10-31,-0.007106890117735962,73,0,0.02835057,-0.09575377
2022-10,4739,2022-10-31,-0.007194946135748654,74,1,0.1507935,0.026689157
2022-10,3693,2022-10-31,-0.007487556067611255,75,3,0.30677968,0.18267535
2022-11,6739,2022-11-30,0.21848177347707023,1,0,-0.07275315,-0.025275217
2022-11,5508,2022-11-30,0.1928158568265291,2,0,-0.07925793,-0.03178
2022-11,2539,2022-11-30,0.1794765524745114,3,1,-1.1386144e-08,0.047477916
2022-11,8476,2022-11-30,0.16779781031552363,4,2,0.020408189,0.067886114
2022-11,4763,2022-11-30,0.10920097694593765,5,3,0.06739695,0.114874884
2022-11,7547,2022-11-30,0.08532676081771848,6,3,0.03839111,0.08586904
2022-11,4130,2022-11-30,0.08508919496729911,7,4,0.31504062,0.36251855
2022-11,6753,2022-11-30,0.07788034573349167,8,4,0.2340824,0.28156033
2022-11,5278,2022-11-30,0.07770888646710056,9,4,0.21951199,0.26698992
2022-11,4167,2022-11-30,0.07497827298964066,10,4,0.25459322,0.30207115
2022-11,3686,2022-11-30,0.07263649985535228,11,4,0.2117647,0.25924262
2022-11,3004,2022-11-30,0.07108196841906726,12,2,0.011527316,0.059005246
2022-11,2236,2022-11-30,0.06952844092097499,13,4,0.25245088,0.2999288
2022-11,2474,2022-11-30,0.06824196445688421,14,0,-0.07901915,-0.031541225
2022-11,3308,2022-11-30,0.06632873491030705,15,3,0.0661765,0.11365443
2022-11,5314,2022-11-30,0.06524052109732206,16,0,-0.120972626,-0.073494695
2022-11,6873,2022-11-30,0.06410161132384211,17,2,0.031938452,0.07941638
2022-11,6199,2022-11-30,0.06259029496621288,18,3,0.06906905,0.11654698
2022-11,5292,2022-11-30,0.06101041731038741,19,2,0.020344334,0.06782226
2022-11,8033,2022-11-30,0.060019278368534754,20,2,0.012195135,0.059673063
2022-11,8996,2022-11-30,0.059947885073826195,21,3,0.052147143,0.09962507
2022-11,4104,2022-11-30,0.05875491480262887,22,3,0.061349712,0.10882764
2022-11,6821,2022-11-30,0.058186561781165415,23,2,0.026819808,0.07429773
2022-11,1786,2022-11-30,0.05729743776658154,24,3,0.0978473,0.14532523
2022-11,3693,2022-11-30,0.05650204079976868,25,4,0.30514714,0.35262507
2022-11,8937,2022-11-30,0.05635468852884346,26,3,0.047781624,0.095259555
2022-11,4744,2022-11-30,0.05609647702713197,27,2,0.0018617111,0.04933964
2022-11,6861,2022-11-30,0.053671164125875796,28,3,0.07375002,0.12122795
2022-11,8045,2022-11-30,0.05261582592688904,29,1,-0.004347918,0.04313001
2022-11,4129,2022-11-30,0.051967931191595505,30,4,0.2127938,0.26027173
2022-11,2204,2022-11-30,0.051907991992104954,31,0,-0.12931037,-0.08183244
2022-11,3022,2022-11-30,0.05182330054094801,32,1,-0.009602232,0.037875697
2022-11,3013,2022-11-30,0.051818102001118985,33,4,0.18125007,0.228728
2022-11,4562,2022-11-30,0.04987448774754545,34,1,-0.034920648,0.01255728
2022-11,6625,2022-11-30,0.0495588634886757,35,4,0.18922855,0.23670648
2022-11,2230,2022-11-30,0.04955798341879695,36,1,-0.018927451,0.028550478
2022-11,2727,2022-11-30,0.04941008020848922,37,3,0.052959498,0.100437425
2022-11,1784,2022-11-30,0.04828304495417786,38,2,0.035294134,0.08277206
2022-11,2495,2022-11-30,0.04759087447320092,39,3,0.087499924,0.13497785
2022-11,2645,2022-11-30,0.0475871371914804,40,3,0.043871064,0.09134899
2022-11,4164,2022-11-30,0.047365164377179816,41,1,-0.037610628,0.0098673
2022-11,4166,2022-11-30,0.04670627748544983,42,1,-0.0048780674,0.04259986
2022-11,4556,2022-11-30,0.04663993371210398,43,2,0.0016312356,0.049109165
2022-11,6877,2022-11-30,0.04657484557841771,44,0,-0.060568593,-0.013090665
2022-11,4746,2022-11-30,0.0464656937577941,45,4,0.1691297,0.21660763
2022-11,2444,2022-11-30,0.04619077031420762,46,4,0.26523295,0.31271088
2022-11,2630,2022-11-30,0.045965587590848525,47,1,-0.029239874,0.018238055
2022-11,2597,2022-11-30,0.045754639157206976,48,3,0.081196524,0.12867445
2022-11,8059,2022-11-30,0.04540436420221804,49,2,0.010050289,0.057528216
2022-11,4716,2022-11-30,0.04459805140770812,50,2,0.007936462,0.05541439
2022-11,2633,2022-11-30,0.0445718251714788,51,1,1.5606654e-08,0.047477942
2022-11,4745,2022-11-30,0.0444808888509657,52,2,0.018329898,0.06580783
2022-11,2413,2022-11-30,0.04436068213641202,53,0,-0.18597065,-0.13849272
2022-11,5213,2022-11-30,0.04412842447219734,54,1,-0.03896111,0.008516819
2022-11,4510,2022-11-30,0.04409557150154124,55,0,-0.056074698,-0.0085967695
2022-11,1471,2022-11-30,0.043809446412528624,56,0,-0.0569307,-0.00945277
2022-11,4903,2022-11-30,0.043600883674852944,57,1,1.3134004e-07,0.04747806
2022-11,5284,2022-11-30,0.043486062290092255,58,4,0.19382514,0.24130307
2022-11,1720,2022-11-30,0.04313030764936575,59,4,0.2393783,0.28685623
2022-11,3188,2022-11-30,0.04304070279562662,60,2,0.01214583,0.05962376
2022-11,6152,2022-11-30,0.04268064402517605,61,0,-0.13157895,-0.08410102
2022-11,6186,2022-11-30,0.04262211936648072,62,3,0.081288256,0.12876618
2022-11,3349,2022-11-30,0.04257460327855894,63,1,-0.01492536,0.03255257
2022-11,3443,2022-11-30,0.042367485034725164,64,0,-0.15537846,-0.10790053
2022-11,1307,2022-11-30,0.04211367974704592,65,0,-0.046082832,0.0013950962
2022-11,1108,2022-11-30,0.042025702409998485,66,1,-0.009132333,0.038345594
2022-11,1587,2022-11-30,0.042021853756012376,67,0,-0.04803495,-0.00055702304
2022-11,6277,2022-11-30,0.041973030811382164,68,1,-0.0051478907,0.042330038
2022-11,5381,2022-11-30,0.04177784555366565,69,2,0.027397234,0.07487516
2022-11,6139,2022-11-30,0.04176662867292723,70,4,0.1268223,0.17430022
2022-11,3011,2022-11-30,0.04163803211758422,71,3,0.109090865,0.1565688
2022-11,1103,2022-11-30,0.041569566109040786,72,1,-0.014044815,0.033433113
2022-11,4741,2022-11-30,0.041379330307231545,73,0,-0.042145543,0.005332385
2022-11,3379,2022-11-30,0.04096183793800112,74,2,0.035398185,0.082876116
2022-11,4909,2022-11-30,0.04083116089783215,75,0,-0.06666663,-0.019188704
2022-12,6919,2022-12-30,0.3604029374246492,1,4,0.75203246,0.6486903
2022-12,4763,2022-12-30,0.16352162348425567,2,4,0.6194446,0.51610243
2022-12,8476,2022-12-30,0.11476706880939143,3,4,1.4573377,1.3539956
2022-12,2230,2022-12-30,0.0850497404690588,4,4,0.67507905,0.5717369
2022-12,3443,2022-12-30,0.07853142730527705,5,4,0.43525738,0.3319152
2022-12,5278,2022-12-30,0.07723713729503084,6,0,-0.020725438,-0.124067605
2022-12,8227,2022-12-30,0.06633857245377851,7,4,0.4269407,0.32359853
2022-12,6515,2022-12-30,0.06094193211085856,8,3,0.2802851,0.17694293
2022-12,6643,2022-12-30,0.052217736382470396,9,4,0.36323854,0.25989637
2022-12,5274,2022-12-30,0.05043951859649216,10,3,0.31176454,0.20842238
2022-12,6531,2022-12-30,0.049380651419620336,11,4,0.5878786,0.4845364
2022-12,6510,2022-12-30,0.045034930295310825,12,3,0.2817205,0.17837833
2022-12,6739,2022-12-30,0.044630664859224616,13,3,0.36129028,0.2579481
2022-12,8222,2022-12-30,0.0433504461853522,14,0,0.08880319,-0.014538977
2022-12,6568,2022-12-30,0.04323486699145322,15,0,0.13157898,0.028236818
2022-12,2338,2022-12-30,0.04277070664802642,16,0,0.040476307,-0.06286586
2022-12,3661,2022-12-30,0.04226768341289328,17,2,0.2593985,0.15605633
2022-12,6415,2022-12-30,0.04050367701601318,18,4,0.49942324,0.39608106
2022-12,4768,2022-12-30,0.03989848810818991,19,3,0.29965153,0.19630937
2022-12,4967,2022-12-30,0.03960434909663074,20,1,0.1477832,0.04444104
2022-12,4966,2022-12-30,0.038918830332892604,21,2,0.24508514,0.14174297
2022-12,6719,2022-12-30,0.037522865432734885,22,3,0.3572939,0.25395173
2022-12,6756,2022-12-30,0.03670506624157853,23,2,0.20547946,0.10213729
2022-12,5269,2022-12-30,0.03550192801104019,24,4,0.47916657,0.3758244
2022-12,6223,2022-12-30,0.034716815682555344,25,0,0.10176994,-0.0015722255
2022-12,6695,2022-12-30,0.03469529949937212,26,1,0.14108902,0.037746858
2022-12,6873,2022-12-30,0.034628041052852804,27,3,0.3225806,0.21923845
2022-12,6789,2022-12-30,0.03441877956555237,28,3,0.33762893,0.23428677
2022-12,5292,2022-12-30,0.033557726843618546,29,0,0.019817023,-0.08352514
2022-12,3035,2022-12-30,0.03301626219747009,30,4,0.39788744,0.29454526
2022-12,2454,2022-12-30,0.03251302216546556,31,1,0.20224723,0.098905064
2022-12,4968,2022-12-30,0.032306659736921636,32,2,0.23766816,0.134326
2022-12,3135,2022-12-30,0.03213577101655573,33,0,0.051063906,-0.052278258
2022-12,6138,2022-12-30,0.03186753653962752,34,4,0.42035398,0.3170118
2022-12,6441,2022-12-30,0.03180610686414638,35,3,0.29882818,0.19548602
2022-12,3675,2022-12-30,0.031014469022393788,36,4,0.52336454,0.42002237
2022-12,3105,2022-12-30,0.03032046011324796,37,2,0.25454554,0.15120338
2022-12,6823,2022-12-30,0.030173074540364435,38,0,0.07296145,-0.030380715
2022-12,3588,2022-12-30,0.030091899906572246,39,2,0.26226416,0.158922
2022-12,6271,2022-12-30,0.029978748484712915,40,2,0.22105274,0.11771057
2022-12,3711,2022-12-30,0.02993888412156708,41,1,0.13611999,0.032777827
2022-12,6472,2022-12-30,0.02982983311043222,42,2,0.26315778,0.15981562
2022-12,6485,2022-12-30,0.029643587672678638,43,2,0.20748852,0.104146354
2022-12,3527,2022-12-30,0.02895217595256408,44,1,0.17000006,0.06665789
2022-12,6488,2022-12-30,0.02872049650814604,45,3,0.29211217,0.18877001
2022-12,6781,2022-12-30,0.028672132679264765,46,3,0.34059116,0.237249
2022-12,4931,2022-12-30,0.028614607569298612,47,0,0.08593758,-0.017404582
2022-12,4919,2022-12-30,0.02852659644626708,48,3,0.3086957,0.20535354
2022-12,2379,2022-12-30,0.02840945544594328,49,3,0.281915,0.17857285
2022-12,6683,2022-12-30,0.02833499367697702,50,2,0.21751411,0.114171945
2022-12,5284,2022-12-30,0.02822266737556134,51,3,0.31656796,0.2132258
2022-12,3169,2022-12-30,0.027840183665089648,52,1,0.14070351,0.03736135
2022-12,6462,2022-12-30,0.02762080464394358,53,2,0.2727273,0.16938515
2022-12,6684,2022-12-30,0.02748914181444957,54,1,0.18161438,0.078272216
2022-12,2201,2022-12-30,0.027455284301193233,55,2,0.23832531,0.13498315
2022-12,8091,2022-12-30,0.02725416312544427,56,0,0.03793109,-0.065411076
2022-12,8996,2022-12-30,0.027251036912130457,57,2,0.24324325,0.13990109
2022-12,5222,2022-12-30,0.027186544683253752,58,0,-0.0142349,-0.11757706
2022-12,3529,2022-12-30,0.0265813691626568,59,2,0.25378782,0.15044565
2022-12,5299,2022-12-30,0.02650955842610218,60,1,0.20000014,0.09665797
2022-12,6788,2022-12-30,0.025614797917359013,61,4,0.4199562,0.31661403
2022-12,6651,2022-12-30,0.02557340742421949,62,1,0.13244054,0.029098373
2022-12,6143,2022-12-30,0.025396227375181237,63,3,0.27689868,0.17355652
2022-12,3141,2022-12-30,0.025041971017381103,64,4,0.37841356,0.27507138
2022-12,6187,2022-12-30,0.02502635506727638,65,0,0.10909091,0.0057487446
2022-12,4772,2022-12-30,0.02493037858969928,66,0,0.034090836,-0.06925133
2022-12,4749,2022-12-30,0.024649812842640527,67,1,0.16145827,0.058116104
2022-12,2345,2022-12-30,0.02453303143305083,68,1,0.15126054,0.047918376
2022-12,6669,2022-12-30,0.024245156026458645,69,0,0.06583853,-0.037503634
2022-12,3017,2022-12-30,0.024231209925102075,70,0,0.045044925,-0.05829724
2022-12,5258,2022-12-30,0.023769186903260436,71,2,0.27301583,0.16967367
2022-12,3374,2022-12-30,0.02376625163033719,72,1,0.13707161,0.033729445
2022-12,8081,2022-12-30,0.023640441506372768,73,1,0.1789475,0.075605325
2022-12,3707,2022-12-30,0.023598686231241693,74,1,0.16193853,0.05859637
2022-12,4951,2022-12-30,0.023417088096079283,75,1,0.17463614,0.07129397
2023-01,2230,2023-01-31,0.2709394937556741,1,4,0.42335764,0.40150928
2023-01,6841,2023-01-31,0.1873822528610941,2,4,0.34444448,0.32259613
2023-01,6919,2023-01-31,0.182365831442384,3,3,0.16753921,0.14569086
2023-01,8227,2023-01-31,0.17502481589438512,4,4,1.1309525,1.1091042
2023-01,6873,2023-01-31,0.14688945067532128,5,4,0.36633664,0.3444883
2023-01,3443,2023-01-31,0.14085465688282986,6,4,0.51457524,0.4927269
2023-01,6753,2023-01-31,0.1302721583595728,7,4,0.48963317,0.46778482
2023-01,7547,2023-01-31,0.11895658589650021,8,2,0.13015868,0.10831032
2023-01,4967,2023-01-31,0.11649624855504706,9,4,0.7500002,0.7281518
2023-01,6869,2023-01-31,0.11573464690126038,10,4,0.372315,0.35046664
2023-01,6861,2023-01-31,0.11404766814343684,11,4,0.42784038,0.40599203
2023-01,6186,2023-01-31,0.11350344654371673,12,2,0.08571429,0.06386593
2023-01,6472,2023-01-31,0.11257516951157703,13,3,0.24304718,0.22119883
2023-01,4763,2023-01-31,0.11125057162198715,14,2,0.10034603,0.07849767
2023-01,2236,2023-01-31,0.1050928781661709,15,3,0.2503771,0.22852874
2023-01,6423,2023-01-31,0.10175354300581382,16,4,0.45833334,0.436485
2023-01,1584,2023-01-31,0.09594219941405244,17,3,0.14949492,0.12764657
2023-01,6643,2023-01-31,0.09576218012184175,18,2,0.10526325,0.08341489
2023-01,3479,2023-01-31,0.09393271687368818,19,0,0.016766401,-0.0050819553
2023-01,5314,2023-01-31,0.09370318713762192,20,2,0.07941174,0.057563383
2023-01,3693,2023-01-31,0.09291356889772952,21,0,-0.011583012,-0.033431366
2023-01,4973,2023-01-31,0.08952551480895171,22,1,0.037037037,0.015188681
2023-01,6913,2023-01-31,0.08895154217550388,23,1,0.064356394,0.04250804
2023-01,8476,2023-01-31,0.08835461617799087,24,0,-0.46884495,-0.4906933
2023-01,4772,2023-01-31,0.08661615456373759,25,0,0.017601779,-0.0042465776
2023-01,4563,2023-01-31,0.08566180428806341,26,0,-0.051963035,-0.07381139
2023-01,6877,2023-01-31,0.08481548265124716,27,3,0.24661255,0.2247642
2023-01,1342,2023-01-31,0.0840252906673647,28,3,0.31818184,0.2963335
2023-01,8033,2023-01-31,0.08352808047412683,29,4,0.38289964,0.3610513
2023-01,3135,2023-01-31,0.08349009641875353,30,3,0.17248444,0.15063609
2023-01,4749,2023-01-31,0.08317335548677043,31,2,0.13333338,0.11148503
2023-01,6691,2023-01-31,0.08274423844699694,32,3,0.31735155,0.2955032
2023-01,3686,2023-01-31,0.0821198163861053,33,0,-0.0532915,-0.07513986
2023-01,5292,2023-01-31,0.08177381557891426,34,2,0.10307688,0.081228524
2023-01,2645,2023-01-31,0.08052796078126738,35,2,0.11890603,0.09705767
2023-01,8045,2023-01-31,0.08021635014120591,36,2,0.12916665,0.10731829
2023-01,6245,2023-01-31,0.0789107206386471,37,3,0.2649294,0.24308106
2023-01,3518,2023-01-31,0.0788733905775602,38,0,0.011792441,-0.010055915
2023-01,6441,2023-01-31,0.07881865713527675,39,3,0.13831773,0.116469376
2023-01,6821,2023-01-31,0.07857381964033672,40,2,0.0926366,0.07078824
2023-01,6823,2023-01-31,0.07823357582984695,41,1,0.03465846,0.012810105
2023-01,6739,2023-01-31,0.07707498875258209,42,4,0.35899842,0.33715007
2023-01,3308,2023-01-31,0.0768369162281587,43,2,0.088652484,0.066804126
2023-01,6669,2023-01-31,0.07655925016514206,44,3,0.23513868,0.21329033
2023-01,8091,2023-01-31,0.076345540195904,45,1,0.018973308,-0.0028750484
2023-01,1519,2023-01-31,0.07613472979729256,46,2,0.11504431,0.09319595
2023-01,5381,2023-01-31,0.07588094714034223,47,3,0.2606474,0.23879904
2023-01,8936,2023-01-31,0.07561850424808653,48,4,0.3454936,0.32364526
2023-01,5443,2023-01-31,0.07519851515488937,49,1,0.018867934,-0.002980422
2023-01,6229,2023-01-31,0.07518007016518917,50,0,0.013410015,-0.008438341
2023-01,8088,2023-01-31,0.07514255123316257,51,2,0.13306466,0.1112163
2023-01,6829,2023-01-31,0.07473281465247497,52,1,0.06274511,0.040896755
2023-01,5302,2023-01-31,0.07461348503394961,53,1,0.030989185,0.009140829
2023-01,4979,2023-01-31,0.07435147418331306,54,0,-0.026262632,-0.048110988
2023-01,8222,2023-01-31,0.07408970509506418,55,3,0.19597068,0.17412233
2023-01,3587,2023-01-31,0.07407950710272906,56,1,0.022284081,0.000435725
2023-01,5340,2023-01-31,0.07393958385253767,57,1,0.056203566,0.034355212
2023-01,6015,2023-01-31,0.07379565651223667,58,2,0.09502767,0.07317931
2023-01,2243,2023-01-31,0.07325015703967443,59,3,0.16109419,0.13924584
2023-01,1432,2023-01-31,0.07302944309186683,60,4,0.38403052,0.36218217
2023-01,6122,2023-01-31,0.07282418947921783,61,1,0.03183026,0.009981902
2023-01,8110,2023-01-31,0.07274312273344868,62,1,0.04115231,0.019303953
2023-01,1529,2023-01-31,0.07265516504212713,63,0,0.01434427,-0.007504086
2023-01,8383,2023-01-31,0.0726153678941868,64,2,0.1045917,0.08274334
2023-01,8436,2023-01-31,0.07254886606958272,65,3,0.1871657,0.16531736
2023-01,8048,2023-01-31,0.07226071176031436,66,1,0.063049786,0.04120143
2023-01,3594,2023-01-31,0.07202124585819153,67,4,0.54391885,0.52207047
2023-01,6451,2023-01-31,0.07126659320794017,68,0,0.0059031732,-0.015945183
2023-01,3653,2023-01-31,0.07119310696315671,69,1,0.0620052,0.040156845
2023-01,6121,2023-01-31,0.07096067847071555,70,0,-0.0016777308,-0.023526087
2023-01,6180,2023-01-31,0.07063250549734425,71,1,0.021249756,-0.00059859996
2023-01,3466,2023-01-31,0.07029850468031282,72,0,-0.08536583,-0.10721419
2023-01,3317,2023-01-31,0.07028934515768727,73,0,0.012345737,-0.0095026195
2023-01,3580,2023-01-31,0.07028257713607815,74,0,-0.05161286,-0.07346122
2023-01,6156,2023-01-31,0.07019925170930584,75,1,0.026041731,0.004193375
2023-02,8476,2023-02-24,0.1466926445129693,1,4,0.8418864,0.8291353
2023-02,2230,2023-02-24,0.0915590959656054,2,2,0.038028173,0.025277069
2023-02,2453,2023-02-24,0.08941963371640928,3,4,0.42733198,0.41458088
2023-02,6235,2023-02-24,0.08359569888528594,4,4,0.3475612,0.3348101
2023-02,4967,2023-02-24,0.07976880532874274,5,4,0.2509803,0.23822919
2023-02,6753,2023-02-24,0.06919497016019743,6,3,0.14101183,0.12826073
2023-02,4763,2023-02-24,0.06361054909011912,7,0,-0.051775116,-0.06452622
2023-02,3308,2023-02-24,0.0625065571487343,8,2,0.08469063,0.07193953
2023-02,1108,2023-02-24,0.060270769469453415,9,1,-0.0106006805,-0.023351785
2023-02,5381,2023-02-24,0.05938009338383346,10,4,0.75567424,0.74292314
2023-02,8045,2023-02-24,0.0557173331162793,11,3,0.11851854,0.10576744
2023-02,6148,2023-02-24,0.05422144889479188,12,4,0.22257057,0.20981947
2023-02,5292,2023-02-24,0.051569364917631505,13,1,0.013831231,0.0010801274
2023-02,5452,2023-02-24,0.05006282222193914,14,3,0.12806554,0.11531444
2023-02,8227,2023-02-24,0.04984409072599088,15,3,0.18235272,0.16960162
2023-02,6423,2023-02-24,0.04912153458263069,16,3,0.1833332,0.1705821
2023-02,6515,2023-02-24,0.04878451950462288,17,4,0.21803293,0.20528182
2023-02,3693,2023-02-24,0.047240677821674334,18,0,-0.05158731,-0.064338416
2023-02,6739,2023-02-24,0.045874471648216904,19,2,0.073333345,0.060582243
2023-02,4973,2023-02-24,0.045750204438714984,20,4,0.20342602,0.19067492
2023-02,4526,2023-02-24,0.042282366226444254,21,1,0.0030030718,-0.009748031
2023-02,2471,2023-02-24,0.04181993073326976,22,4,0.2385786,0.2258275
2023-02,3029,2023-02-24,0.04115943330858331,23,4,0.21490788,0.20215678
2023-02,6472,2023-02-24,0.04105461194667604,24,4,0.39009905,0.37734795
2023-02,7402,2023-02-24,0.04092270543816346,25,4,0.81656075,0.80380964
2023-02,1103,2023-02-24,0.040755220819608855,26,0,-0.07598035,-0.08873145
2023-02,2645,2023-02-24,0.039787088268304155,27,1,0.0031446337,-0.009606469
2023-02,2236,2023-02-24,0.039363670208350326,28,0,-0.094674416,-0.10742552
2023-02,8210,2023-02-24,0.03899637512627387,29,0,-0.104793705,-0.11754481
2023-02,6691,2023-02-24,0.038903899004136475,30,0,-0.019366201,-0.032117303
2023-02,6533,2023-02-24,0.03860412449852601,31,0,-0.024436045,-0.037187148
2023-02,1504,2023-02-24,0.03752271383716115,32,4,0.3476112,0.3348601
2023-02,2423,2023-02-24,0.03690804354931408,33,3,0.09433971,0.08158861
2023-02,3206,2023-02-24,0.03684522869938687,34,1,0.014610421,0.0018593175
2023-02,2329,2023-02-24,0.03601527011304381,35,2,0.04859332,0.035842218
2023-02,3518,2023-02-24,0.03519509894893886,36,2,0.03456219,0.021811085
2023-02,1540,2023-02-24,0.034957916377113124,37,1,0.031976707,0.019225603
2023-02,5258,2023-02-24,0.03470480536769597,38,0,-0.028260838,-0.04101194
2023-02,6229,2023-02-24,0.03469034440473508,39,3,0.12941171,0.11666061
2023-02,1570,2023-02-24,0.034569746504987814,40,1,-0.019230748,-0.031981852
2023-02,2342,2023-02-24,0.034508255306389,41,3,0.13285027,0.12009917
2023-02,6163,2023-02-24,0.03437027683916999,42,4,0.2770701,0.264319
2023-02,6221,2023-02-24,0.034191243741560656,43,1,0.023648573,0.01089747
2023-02,5340,2023-02-24,0.033864211773862014,44,1,-0.00937499,-0.022126094
2023-02,8048,2023-02-24,0.03377475521865255,45,2,0.038095128,0.025344023
2023-02,3537,2023-02-24,0.033373885971320516,46,0,-0.061068665,-0.07381977
2023-02,6821,2023-02-24,0.03332397090923813,47,2,0.08250834,0.06975724
2023-02,6138,2023-02-24,0.03315183083146874,48,3,0.08650519,0.07375409
2023-02,6651,2023-02-24,0.03305982122684887,49,3,0.14343172,0.13068062
2023-02,6112,2023-02-24,0.03287399046755059,50,2,0.052219387,0.039468285
2023-02,2338,2023-02-24,0.03258217896213866,51,3,0.14443085,0.13167974
2023-02,2387,2023-02-24,0.03257315738209773,52,3,0.115384564,0.10263346
2023-02,6177,2023-02-24,0.03248276200648158,53,1,0.025723532,0.012972428
2023-02,2330,2023-02-24,0.03239658150815989,54,2,0.0473025,0.034551397
2023-02,6223,2023-02-24,0.032305675405639785,55,3,0.105691,0.0929399
2023-02,2454,2023-02-24,0.03229114174164109,56,2,0.0393488,0.026597695
2023-02,2493,2023-02-24,0.031926794750125255,57,1,0.015534011,0.0027829073
2023-02,3501,2023-02-24,0.03186777056388297,58,2,0.04911581,0.036364708
2023-02,3040,2023-02-24,0.03170385722346726,59,1,-0.006191985,-0.018943088
2023-02,4533,2023-02-24,0.03149820885874766,60,0,-0.046218332,-0.058969434
2023-02,6166,2023-02-24,0.03149129992099426,61,1,0.027687194,0.01493609
2023-02,6227,2023-02-24,0.03137233448127524,62,2,0.045405377,0.032654274
2023-02,3032,2023-02-24,0.03135850309747333,63,3,0.162444,0.1496929
2023-02,6761,2023-02-24,0.03092810807717954,64,2,0.065075845,0.052324742
2023-02,4909,2023-02-24,0.03083260628000204,65,1,-0.016949221,-0.029700326
2023-02,6640,2023-02-24,0.03081004501446686,66,0,-0.044228725,-0.056979828
2023-02,3416,2023-02-24,0.030645094414711967,67,2,0.06583078,0.05307968
2023-02,3680,2023-02-24,0.03041617499493027,68,4,0.25862044,0.24586934
2023-02,1595,2023-02-24,0.03041263245841693,69,0,-0.039119944,-0.051871046
2023-02,3004,2023-02-24,0.030409515286809675,70,0,-0.032340266,-0.04509137
2023-02,3594,2023-02-24,0.030181408052920133,71,3,0.12714775,0.11439665
2023-02,5443,2023-02-24,0.03005951373555822,72,0,-0.02372889,-0.036479995
2023-02,3581,2023-02-24,0.02988302269031721,73,0,-0.03736266,-0.050113764
2023-02,3711,2023-02-24,0.02983083636949722,74,2,0.047846865,0.035095762
2023-02,5519,2023-02-24,0.02978825330188399,75,1,0.012820562,6.945896e-05
2023-03,6937,2023-03-31,0.13834617870805185,1,1,0.033333402,0.049657345
2023-03,5381,2023-03-31,0.09715651826032243,2,4,0.3455657,0.36188966
2023-03,8476,2023-03-31,0.09213236842988588,3,2,0.09147279,0.107796736
2023-03,8045,2023-03-31,0.09098726831756722,4,4,0.28571427,0.30203822
2023-03,3231,2023-03-31,0.08596689371459466,5,3,0.19685967,0.21318361
2023-03,2731,2023-03-31,0.07546553002118078,6,3,0.19127509,0.20759903
2023-03,6625,2023-03-31,0.07485384655082179,7,4,0.78181815,0.7981421
2023-03,3308,2023-03-31,0.07375007220594237,8,4,0.8306013,0.8469252
2023-03,4763,2023-03-31,0.07252046258371767,9,4,0.55049783,0.56682175
2023-03,6739,2023-03-31,0.07140256143159014,10,2,0.07120077,0.08752472
2023-03,6919,2023-03-31,0.06566545557164051,11,3,0.1735358,0.18985973
2023-03,2204,2023-03-31,0.062142305615419564,12,3,0.22065726,0.2369812
2023-03,1471,2023-03-31,0.0613956359965106,13,3,0.23984775,0.2561717
2023-03,6230,2023-03-31,0.061046403379660205,14,3,0.11904767,0.13537161
2023-03,6753,2023-03-31,0.05889779431084478,15,1,0.03333329,0.049657233
2023-03,3017,2023-03-31,0.056729667806595656,16,4,0.25357148,0.26989543
2023-03,2727,2023-03-31,0.0555615420002498,17,1,0.04654903,0.062872976
2023-03,6122,2023-03-31,0.055309737962716626,18,2,0.067001775,0.08332572
2023-03,8038,2023-03-31,0.05300286244448639,19,4,0.28857478,0.30489874
2023-03,5484,2023-03-31,0.05249334078975536,20,2,0.08387092,0.100194864
2023-03,5289,2023-03-31,0.04949499079416996,21,0,-0.063795924,-0.04747198
2023-03,8033,2023-03-31,0.049316785690121975,22,4,0.34192437,0.35824832
2023-03,6148,2023-03-31,0.04877184834833358,23,4,1.1615739,1.1778978
2023-03,2471,2023-03-31,0.048418915307581016,24,4,0.3427993,0.35912326
2023-03,6821,2023-03-31,0.047931768445280735,25,0,-0.017135063,-0.0008111204
2023-03,1504,2023-03-31,0.047124324318250775,26,2,0.09647065,0.11279459
2023-03,8234,2023-03-31,0.04663803306157578,27,0,-0.14349283,-0.1271689
2023-03,7547,2023-03-31,0.04605186623902003,28,1,0.026315792,0.042639736
2023-03,2536,2023-03-31,0.0454786541958738,29,0,-0.0060975617,0.010226381
2023-03,6913,2023-03-31,0.0440511578118912,30,0,-0.038759634,-0.022435691
2023-03,4562,2023-03-31,0.042651133749955994,31,0,0.0,0.016323943
2023-03,3011,2023-03-31,0.04264641753040832,32,3,0.24838014,0.26470408
2023-03,3540,2023-03-31,0.04173857009318523,33,1,0.028350454,0.044674397
2023-03,2457,2023-03-31,0.04040424240393473,34,3,0.22314045,0.23946439
2023-03,3594,2023-03-31,0.0401020862891636,35,1,5.747736e-08,0.016324
2023-03,6584,2023-03-31,0.03786002271271815,36,0,-0.08641967,-0.070095725
2023-03,1519,2023-03-31,0.037540658616437836,37,4,0.42672408,0.44304803
2023-03,3078,2023-03-31,0.03752284709060564,38,4,0.2564971,0.27282107
2023-03,3443,2023-03-31,0.03722857974170509,39,1,0.052380838,0.068704784
2023-03,6472,2023-03-31,0.037009220366947156,40,2,0.10131581,0.11763976
2023-03,2528,2023-03-31,0.03611831768636902,41,3,0.1788021,0.19512604
2023-03,8937,2023-03-31,0.035713856303928,42,3,0.12913899,0.14546293
2023-03,8222,2023-03-31,0.035509796434946436,43,4,0.6331211,0.649445
2023-03,5488,2023-03-31,0.0354747695885491,44,3,0.25,0.26632395
2023-03,4916,2023-03-31,0.03514718866159981,45,1,0.053097267,0.06942121
2023-03,2453,2023-03-31,0.03467807877189778,46,1,0.020864392,0.037188336
2023-03,6186,2023-03-31,0.03466678314280948,47,2,0.11166259,0.12798654
2023-03,4166,2023-03-31,0.0345503183116328,48,0,-0.082978755,-0.06665481
2023-03,8059,2023-03-31,0.03400913400098063,49,2,0.11475415,0.1310781
2023-03,3693,2023-03-31,0.033660177933051746,50,4,0.4630349,0.47935885
2023-03,3715,2023-03-31,0.033081781693769914,51,3,0.11521733,0.13154127
2023-03,4741,2023-03-31,0.03299147435437123,52,4,0.4154411,0.43176505
2023-03,2465,2023-03-31,0.03297890370709111,53,0,-0.08930816,-0.07298421
2023-03,1532,2023-03-31,0.0328827894453584,54,0,-0.042016763,-0.02569282
2023-03,2356,2023-03-31,0.03281563066230748,55,1,4.9632503e-09,0.016323948
2023-03,6541,2023-03-31,0.03227271756209184,56,0,-0.0436893,-0.027365357
2023-03,5213,2023-03-31,0.03169364538605318,57,0,-5.0336126e-08,0.016323892
2023-03,3025,2023-03-31,0.03160694540925868,58,3,0.13928568,0.15560962
2023-03,4113,2023-03-31,0.031602061213279894,59,1,0.038216524,0.054540467
2023-03,3071,2023-03-31,0.03136832301985992,60,3,0.21299632,0.22932026
2023-03,6203,2023-03-31,0.03086084939552962,61,2,0.11023615,0.12656009
2023-03,3032,2023-03-31,0.030836235993335685,62,1,0.033658996,0.04998294
2023-03,5292,2023-03-31,0.0307845815062032,63,2,0.06586034,0.082184285
2023-03,3712,2023-03-31,0.030651140598947246,64,2,0.0954301,0.111754045
2023-03,6188,2023-03-31,0.030633466343209695,65,0,-0.06390336,-0.04757942
2023-03,3379,2023-03-31,0.030595641379760282,66,0,-0.019531226,-0.003207283
2023-03,3056,2023-03-31,0.030366576308814022,67,1,0.05376344,0.07008739
2023-03,2461,2023-03-31,0.03036163991091818,68,2,0.056179684,0.07250363
2023-03,2402,2023-03-31,0.03029311072762543,69,1,0.011111195,0.027435139
2023-03,4903,2023-03-31,0.030289773946019997,70,0,-0.06422017,-0.047896225
2023-03,3131,2023-03-31,0.030147647721422838,71,2,0.10655733,0.12288128
2023-03,5302,2023-03-31,0.029960396710207313,72,2,0.061956592,0.07828054
2023-03,5328,2023-03-31,0.029568884510986722,73,2,0.113924,0.13024794
2023-03,5490,2023-03-31,0.028959931321764786,74,1,0.019685006,0.03600895
2023-03,3005,2023-03-31,0.02878522181265444,75,3,0.14392525,0.16024919
2023-04,8476,2023-04-28,0.1003936045450117,1,2,0.15337415,0.08551942
2023-04,3308,2023-04-28,0.04801764895163842,2,1,0.10576928,0.037914544
2023-04,3231,2023-04-28,0.04580326337044132,3,4,0.44680852,0.37895378
2023-04,2491,2023-04-28,0.0432413878451575,4,4,0.37815127,0.31029654
2023-04,6919,2023-04-28,0.04242612804699977,5,3,0.29981023,0.2319555
2023-04,2204,2023-04-28,0.04238800135251004,6,2,0.14786956,0.080014825
2023-04,1503,2023-04-28,0.04078420783358123,7,4,0.40000013,0.3321454
2023-04,3325,2023-04-28,0.03934856475343554,8,3,0.31662267,0.24876794
2023-04,3693,2023-04-28,0.03852123268306958,9,3,0.20448177,0.13662703
2023-04,1519,2023-04-28,0.03707678639025029,10,4,0.4718162,0.40396148
2023-04,6625,2023-04-28,0.03698040554979409,11,1,0.08680549,0.018950759
2023-04,8045,2023-04-28,0.03659166167969017,12,4,0.3890214,0.32116666
2023-04,2356,2023-04-28,0.033693282621921665,13,2,0.13293058,0.065075845
2023-04,3017,2023-04-28,0.025227754819528804,14,3,0.3079364,0.24008167
2023-04,6669,2023-04-28,0.02466209335680255,15,1,0.034334734,-0.03352
2023-04,2495,2023-04-28,0.020699863149213744,16,0,-0.084229454,-0.15208419
2023-04,6235,2023-04-28,0.019498453917918154,17,3,0.28245062,0.21459588
2023-04,8996,2023-04-28,0.01806908193697636,18,3,0.26683298,0.19897825
2023-04,2395,2023-04-28,0.017420350010079286,19,1,0.080536805,0.012682071
2023-04,2376,2023-04-28,0.01740672314317608,20,4,0.3984963,0.33064157
2023-04,3131,2023-04-28,0.01721485632382182,21,4,0.40828395,0.34042922
2023-04,2301,2023-04-28,0.015677130406974986,22,2,0.17391314,0.106058404
2023-04,3078,2023-04-28,0.015183040085361386,23,2,0.11926604,0.05141131
2023-04,2382,2023-04-28,0.014543586091724294,24,3,0.31336406,0.24550933
2023-04,3715,2023-04-28,0.01399149959562779,25,2,0.13008119,0.06222646
2023-04,6739,2023-04-28,0.01359966384207175,26,0,0.011904794,-0.05594994
2023-04,6821,2023-04-28,0.013574781884576585,27,0,-0.0019531625,-0.069807895
2023-04,2377,2023-04-28,0.011273380061252723,28,2,0.15862063,0.09076589
2023-04,1514,2023-04-28,0.011078150256841208,29,1,0.05091653,-0.016938204
2023-04,3625,2023-04-28,0.011023971516936924,30,3,0.25724638,0.18939164
2023-04,6122,2023-04-28,0.010352634556326394,31,3,0.19484715,0.12699242
2023-04,8937,2023-04-28,0.00984023863140427,32,3,0.1993865,0.13153177
2023-04,2207,2023-04-28,0.009584343702738439,33,3,0.18711664,0.119261906
2023-04,3443,2023-04-28,0.009535605646696825,34,4,0.4999998,0.43214506
2023-04,2352,2023-04-28,0.009408870326591922,35,2,0.14857149,0.08071676
2023-04,1513,2023-04-28,0.00931509050040755,36,1,0.10731707,0.039462335
2023-04,1504,2023-04-28,0.008736530219542987,37,2,0.16404495,0.096190214
2023-04,2206,2023-04-28,0.008571928204775418,38,4,0.34909084,0.2812361
2023-04,5289,2023-04-28,0.008456933682983538,39,1,0.09030107,0.022446332
2023-04,3540,2023-04-28,0.008313812198619106,40,3,0.27403855,0.20618382
2023-04,6186,2023-04-28,0.008238818671669826,41,0,-0.031927,-0.09978174
2023-04,6515,2023-04-28,0.008182569680874208,42,2,0.15277776,0.08492303
2023-04,6753,2023-04-28,0.008073792617122601,43,0,-0.124999955,-0.19285469
2023-04,2630,2023-04-28,0.008046849563384946,44,4,0.38118023,0.3133255
2023-04,5864,2023-04-28,0.007969418131805012,45,4,0.32484072,0.256986
2023-04,3416,2023-04-28,0.007744608965442171,46,0,0.0133929225,-0.05446181
2023-04,3712,2023-04-28,0.0077419512063873,47,0,-0.042580593,-0.11043533
2023-04,3324,2023-04-28,0.007700731645934434,48,1,0.098393545,0.03053881
2023-04,5484,2023-04-28,0.007490195150686192,49,2,0.16071434,0.09285961
2023-04,3529,2023-04-28,0.007378618212393799,50,1,0.043243296,-0.024611438
2023-04,2731,2023-04-28,0.007327091717324496,51,0,-0.0084033,-0.07625803
2023-04,3701,2023-04-28,0.006325175285183842,52,2,0.118333325,0.050478593
2023-04,9946,2023-04-28,0.006094842166870894,53,1,0.034602035,-0.033252697
2023-04,2324,2023-04-28,0.006044559227676243,54,2,0.17047815,0.10262342
2023-04,5706,2023-04-28,0.005706093684401552,55,4,0.42857143,0.3607167
2023-04,8210,2023-04-28,0.005704426477151527,56,3,0.21394224,0.14608751
2023-04,6277,2023-04-28,0.005676805281387467,57,0,-0.0023309912,-0.07018573
2023-04,5284,2023-04-28,0.005418554399075255,58,3,0.29019618,0.22234145
2023-04,6691,2023-04-28,0.0053754902790768356,59,1,0.04210538,-0.025749354
2023-04,5213,2023-04-28,0.0053754629433069275,60,0,0.0036363108,-0.064218424
2023-04,4903,2023-04-28,0.005274527290936337,61,1,0.056790106,-0.011064628
2023-04,8176,2023-04-28,0.005237644493819195,62,1,0.08181815,0.013963414
2023-04,3005,2023-04-28,0.0051923414009619594,63,2,0.16442963,0.0965749
2023-04,6121,2023-04-28,0.005184873607482684,64,0,0.027463483,-0.04039125
2023-04,3011,2023-04-28,0.005110732616525938,65,0,-0.12151069,-0.18936543
2023-04,2530,2023-04-28,0.004989488322724461,66,1,0.03363234,-0.03422239
2023-04,3479,2023-04-28,0.004643851359308281,67,2,0.12556048,0.057705745
2023-04,6230,2023-04-28,0.004629918943858307,68,1,0.10559007,0.037735336
2023-04,1808,2023-04-28,0.004572007732080746,69,0,-0.0053262436,-0.07318098
2023-04,2345,2023-04-28,0.004516562331880277,70,3,0.17405584,0.10620111
2023-04,4749,2023-04-28,0.0043101812517203205,71,0,-0.03558727,-0.103442006
2023-04,3025,2023-04-28,0.004119889782572302,72,4,0.3530301,0.28517535
2023-04,3653,2023-04-28,0.004094162692177566,73,4,0.35236007,0.28450534
2023-04,6112,2023-04-28,0.003715830140022162,74,4,0.3976609,0.32980618
2023-04,6605,2023-04-28,0.003472331350851578,75,0,0.023589754,-0.04426498
2023-05,3231,2023-05-31,0.2803727600038102,1,4,0.40775192,0.3874504
2023-05,2382,2023-05-31,0.26979171565490095,2,4,0.32751092,0.3072094
2023-05,3693,2023-05-31,0.2421374119661196,3,4,0.47178328,0.45148176
2023-05,3017,2023-05-31,0.20463998604356365,4,4,0.37913486,0.35883334
2023-05,2376,2023-05-31,0.17386478977140202,5,4,0.3197833,0.29948178
2023-05,4979,2023-05-31,0.17343199193170689,6,4,0.81423616,0.79393464
2023-05,8045,2023-05-31,0.14579360627829804,7,4,0.4734153,0.45311376
2023-05,2630,2023-05-31,0.1450660703992547,8,4,0.37166172,0.3513602
2023-05,8210,2023-05-31,0.1413083930888168,9,4,0.5004948,0.48019326
2023-05,1519,2023-05-31,0.13568197003924418,10,0,0.010274008,-0.010027513
2023-05,2356,2023-05-31,0.12120302156993486,11,3,0.19337009,0.17306857
2023-05,2301,2023-05-31,0.10410045908594102,12,2,0.17881534,0.15851381
2023-05,2352,2023-05-31,0.10094283087939403,13,2,0.09155778,0.07125626
2023-05,6669,2023-05-31,0.09728581913428684,14,3,0.28990707,0.26960555
2023-05,2377,2023-05-31,0.08900506545875081,15,1,0.060060084,0.039758563
2023-05,5706,2023-05-31,0.0879399105168461,16,2,0.103960484,0.08365896
2023-05,6235,2023-05-31,0.08735602911717537,17,3,0.26016256,0.23986104
2023-05,2427,2023-05-31,0.08505841264078598,18,1,0.08070866,0.06040714
2023-05,2383,2023-05-31,0.08403346569104253,19,2,0.15952374,0.13922222
2023-05,2324,2023-05-31,0.08166465705123327,20,1,0.052158263,0.03185674
2023-05,3325,2023-05-31,0.08080755679397573,21,3,0.23107566,0.21077414
2023-05,6579,2023-05-31,0.07965278120995563,22,0,-0.043637753,-0.06393927
2023-05,3479,2023-05-31,0.07752101942712719,23,0,-0.10970982,-0.13001135
2023-05,3013,2023-05-31,0.07729936398829175,24,1,0.07166673,0.05136521
2023-05,6188,2023-05-31,0.07346688640900703,25,2,0.10407384,0.08377232
2023-05,1471,2023-05-31,0.07287682182249913,26,4,0.4967105,0.476409
2023-05,5864,2023-05-31,0.07171873986306573,27,3,0.22656205,0.20626053
2023-05,2059,2023-05-31,0.07086295753138469,28,4,0.5636793,0.54337776
2023-05,3540,2023-05-31,0.06989504010407244,29,0,-0.033795737,-0.054097258
2023-05,3515,2023-05-31,0.06735117321852374,30,4,0.4696899,0.44938838
2023-05,1513,2023-05-31,0.06669911163809973,31,3,0.18614714,0.16584562
2023-05,5386,2023-05-31,0.06661337524833053,32,2,0.14933053,0.129029
2023-05,3308,2023-05-31,0.06628050462505566,33,3,0.27055305,0.25025153
2023-05,1504,2023-05-31,0.06559373741747956,34,1,0.0648633,0.04456178
2023-05,2399,2023-05-31,0.06552754184324272,35,2,0.16876575,0.14846423
2023-05,6122,2023-05-31,0.06365010746231559,36,2,0.14671828,0.12641676
2023-05,4763,2023-05-31,0.06107068733681677,37,1,0.043478295,0.023176774
2023-05,1609,2023-05-31,0.06057119208358855,38,3,0.23916522,0.2188637
2023-05,1514,2023-05-31,0.05830366350414989,39,3,0.18857144,0.16826992
2023-05,5289,2023-05-31,0.05805999056331031,40,0,-0.021148006,-0.04144953
2023-05,3025,2023-05-31,0.058022177893179296,41,1,0.080760084,0.060458563
2023-05,2230,2023-05-31,0.057776795605719564,42,4,0.3201912,0.29988968
2023-05,2425,2023-05-31,0.05699145353695274,43,3,0.18859656,0.16829504
2023-05,6166,2023-05-31,0.05630171356338149,44,1,0.074438296,0.054136775
2023-05,3078,2023-05-31,0.05625539858016431,45,3,0.3061225,0.285821
2023-05,3701,2023-05-31,0.055984186632543585,46,0,-0.111918576,-0.1322201
2023-05,3583,2023-05-31,0.055348006800697944,47,4,0.49299595,0.47269443
2023-05,2395,2023-05-31,0.05524060122809861,48,1,0.021197123,0.0008956024
2023-05,2331,2023-05-31,0.05499988730860577,49,2,0.085616425,0.065314904
2023-05,2365,2023-05-31,0.0545325986389744,50,2,0.09251088,0.07220936
2023-05,8476,2023-05-31,0.05349669357368548,51,0,-0.053547602,-0.07384913
2023-05,3661,2023-05-31,0.05245786667004931,52,2,0.101227,0.08092548
2023-05,3131,2023-05-31,0.05241629008503768,53,2,0.1419558,0.12165427
2023-05,2371,2023-05-31,0.05237706200170349,54,3,0.29594272,0.2756412
2023-05,3014,2023-05-31,0.05171862309978262,55,1,0.05217388,0.03187236
2023-05,3005,2023-05-31,0.051685364260898405,56,0,-0.029027622,-0.049329143
2023-05,6291,2023-05-31,0.05153933343326328,57,1,0.04024143,0.01993991
2023-05,1608,2023-05-31,0.0507159139986937,58,1,0.021978047,0.0016765257
2023-05,2480,2023-05-31,0.04979353946050361,59,0,-0.024101526,-0.044403046
2023-05,3032,2023-05-31,0.049269456893987554,60,2,0.1476635,0.12736198
2023-05,1503,2023-05-31,0.04925390230782956,61,0,5.2622195e-08,-0.020301469
2023-05,6243,2023-05-31,0.04913045433560853,62,3,0.2696264,0.24932489
2023-05,3443,2023-05-31,0.04889779848868246,63,2,0.098151416,0.077849895
2023-05,2357,2023-05-31,0.048034439099635465,64,1,0.03453936,0.01423784
2023-05,3088,2023-05-31,0.04790864865989157,65,0,-0.019536015,-0.039837535
2023-05,6139,2023-05-31,0.047475991019106115,66,0,-0.02551833,-0.045819853
2023-05,2387,2023-05-31,0.0464417589379134,67,1,0.056900688,0.036599167
2023-05,6121,2023-05-31,0.04625707148121433,68,1,0.0648299,0.04452838
2023-05,3044,2023-05-31,0.04620078168199561,69,0,-0.03891045,-0.05921197
2023-05,4543,2023-05-31,0.045886317474722875,70,3,0.2579958,0.2376943
2023-05,2465,2023-05-31,0.045776671675369335,71,0,-0.07603095,-0.09633247
2023-05,3213,2023-05-31,0.04494316785677667,72,2,0.13108617,0.11078465
2023-05,3594,2023-05-31,0.04438035744586681,73,0,-0.044905018,-0.06520654
2023-05,8234,2023-05-31,0.044218517149039384,74,3,0.28306276,0.26276124
2023-05,4533,2023-05-31,0.044060146481662024,75,4,1.3048329,1.2845314
2023-06,3231,2023-06-30,0.2776331821982934,1,4,0.71991783,0.6976075
2023-06,2382,2023-06-30,0.26196030248588564,2,4,0.70645154,0.6841412
2023-06,4979,2023-06-30,0.2576072013788717,3,4,0.8386948,0.8163845
2023-06,2301,2023-06-30,0.18777728269455848,4,3,0.47685173,0.45454144
2023-06,2356,2023-06-30,0.1702151684193246,5,4,0.64072275,0.61841244
2023-06,3693,2023-06-30,0.1691669872339962,6,2,0.19490267,0.17259239
2023-06,2376,2023-06-30,0.1591069311018629,7,3,0.40120977,0.37889948
2023-06,8210,2023-06-30,0.1404713160474979,8,3,0.24079318,0.2184829
2023-06,3017,2023-06-30,0.1402776660882257,9,3,0.252669,0.23035872
2023-06,4416,2023-06-30,0.1363490788300485,10,0,-0.064478286,-0.08678858
2023-06,1519,2023-06-30,0.13352949286608273,11,4,0.55525297,0.53294265
2023-06,8045,2023-06-30,0.11373265168850609,12,3,0.23566076,0.21335047
2023-06,2383,2023-06-30,0.11182989730660758,13,4,0.7526206,0.73031026
2023-06,2059,2023-06-30,0.10976231194395004,14,3,0.3922734,0.3699631
2023-06,6188,2023-06-30,0.10730610555624985,15,4,0.5824469,0.56013656
2023-06,2425,2023-06-30,0.10406488144277357,16,3,0.34669778,0.3243875
2023-06,2230,2023-06-30,0.10330125683761361,17,0,-0.14608696,-0.16839725
2023-06,3013,2023-06-30,0.09742750316310134,18,3,0.38700676,0.36469647
2023-06,6669,2023-06-30,0.09740503964083132,19,3,0.29351526,0.27120498
2023-06,3483,2023-06-30,0.08650126069232102,20,4,0.8364117,0.8141014
2023-06,5386,2023-06-30,0.0843682326573506,21,3,0.30871144,0.28640115
2023-06,4763,2023-06-30,0.07704320540414666,22,4,0.73936206,0.71705174
2023-06,6579,2023-06-30,0.0746097855460924,23,4,0.92592585,0.90361553
2023-06,3515,2023-06-30,0.06701847239112795,24,2,0.14130431,0.11899402
2023-06,2329,2023-06-30,0.06650757194582413,25,4,1.0510639,1.0287536
2023-06,8234,2023-06-30,0.0655642066176856,26,2,0.20683442,0.18452413
2023-06,2399,2023-06-30,0.06447322372536106,27,1,0.047422666,0.025112374
2023-06,1471,2023-06-30,0.06183373996713657,28,2,0.09782604,0.07551575
2023-06,2324,2023-06-30,0.060267846317044724,29,1,0.07008546,0.047775164
2023-06,3706,2023-06-30,0.06002211499633387,30,3,0.3865545,0.36424422
2023-06,2421,2023-06-30,0.05713826942580795,31,4,0.54879194,0.5264816
2023-06,3035,2023-06-30,0.052362602764272285,32,4,0.48604643,0.46373615
2023-06,2352,2023-06-30,0.051886963568867836,33,2,0.15837176,0.13606147
2023-06,3131,2023-06-30,0.04857562071424264,34,2,0.21637648,0.1940662
2023-06,2377,2023-06-30,0.04818455666085177,35,2,0.12290497,0.10059468
2023-06,2368,2023-06-30,0.047839007083853545,36,2,0.2101695,0.1878592
2023-06,5292,2023-06-30,0.04443145379554567,37,2,0.119690284,0.09737999
2023-06,5474,2023-06-30,0.044179100138459486,38,3,0.442323,0.4200127
2023-06,3044,2023-06-30,0.043432051222841654,39,3,0.356346,0.33403572
2023-06,3583,2023-06-30,0.042199795062575006,40,4,0.5798044,0.5574941
2023-06,2353,2023-06-30,0.04047378918380084,41,2,0.1349207,0.11261041
2023-06,1514,2023-06-30,0.03805341994555402,42,0,-0.011006267,-0.03331656
2023-06,6166,2023-06-30,0.0371176661134718,43,0,-0.014550249,-0.03686054
2023-06,2362,2023-06-30,0.03693030275692312,44,1,0.0029807948,-0.019329498
2023-06,1477,2023-06-30,0.03559860000782366,45,0,-0.026229423,-0.048539717
2023-06,3363,2023-06-30,0.03540991808315921,46,4,0.73727804,0.7149677
2023-06,5258,2023-06-30,0.034799326174449134,47,3,0.23720923,0.21489894
2023-06,1609,2023-06-30,0.034559053280250364,48,0,-0.030573314,-0.052883606
2023-06,2428,2023-06-30,0.032546077616059155,49,0,-0.056886256,-0.07919655
2023-06,2365,2023-06-30,0.032382180239102575,50,0,-0.048387025,-0.070697315
2023-06,6191,2023-06-30,0.03130955538954433,51,2,0.15352915,0.13121887
2023-06,3026,2023-06-30,0.031074364971123227,52,1,0.0027328345,-0.019577459
2023-06,1513,2023-06-30,0.030771674884544055,53,0,-0.17310019,-0.19541048
2023-06,8996,2023-06-30,0.030041490721240478,54,1,0.019662824,-0.002647469
2023-06,3213,2023-06-30,0.029089115246131853,55,2,0.09770217,0.07539187
2023-06,1612,2023-06-30,0.028997859479072508,56,1,0.05186704,0.02955675
2023-06,2371,2023-06-30,0.028980654079897084,57,0,-0.12364619,-0.14595649
2023-06,2385,2023-06-30,0.0286990641965703,58,1,0.0816327,0.05932241
2023-06,1570,2023-06-30,0.028175577065811575,59,1,0.053164493,0.030854201
2023-06,5426,2023-06-30,0.028153286510619466,60,0,-0.0315295,-0.053839795
2023-06,4938,2023-06-30,0.02810893541507625,61,2,0.10620725,0.08389696
2023-06,3032,2023-06-30,0.02746365541796959,62,1,0.07735597,0.05504568
2023-06,3617,2023-06-30,0.02723211755371192,63,1,0.062222265,0.03991197
2023-06,2449,2023-06-30,0.027076804103682416,64,2,0.16322497,0.14091468
2023-06,2363,2023-06-30,0.026998091334290483,65,1,0.065667495,0.0433572
2023-06,2331,2023-06-30,0.026836629387463302,66,0,-0.0824428,-0.10475309
2023-06,3325,2023-06-30,0.026736789797993595,67,1,-0.0016180984,-0.02392839
2023-06,2357,2023-06-30,0.026576584566418936,68,3,0.27762693,0.25531664
2023-06,3023,2023-06-30,0.026276362687248103,69,0,-0.080491036,-0.10280133
2023-06,6122,2023-06-30,0.0261370241761795,70,0,-0.06584821,-0.0881585
2023-06,2395,2023-06-30,0.026123572919135234,71,2,0.10804015,0.08572985
2023-06,3211,2023-06-30,0.025636127432979564,72,1,0.0050189667,-0.017291326
2023-06,2308,2023-06-30,0.025455034740708378,73,1,0.056195997,0.033885702
2023-06,8249,2023-06-30,0.02544884330413346,74,1,0.060126703,0.03781641
2023-06,4561,2023-06-30,0.02531579377215307,75,0,-0.0045058206,-0.026816113
2023-07,8045,2023-07-31,0.13903407928486972,1,4,0.7945737,0.8250063
2023-07,1471,2023-07-31,0.11207791437640506,2,4,0.33892626,0.3693588
2023-07,3693,2023-07-31,0.09289060000983027,3,4,0.19814907,0.22858162
2023-07,4979,2023-07-31,0.09170983602169927,4,0,-0.106145225,-0.075712666
2023-07,1519,2023-07-31,0.08425918388802994,5,3,0.16532256,0.19575511
2023-07,3308,2023-07-31,0.08014944499611726,6,4,0.5291139,0.5595465
2023-07,8476,2023-07-31,0.07432120396424932,7,0,-0.12589417,-0.095461614
2023-07,2363,2023-07-31,0.07001943342690836,8,4,0.5555556,0.58598816
2023-07,2383,2023-07-31,0.06474436884665255,9,2,0.006911556,0.037344113
2023-07,2493,2023-07-31,0.05938806373929369,10,2,0.024922213,0.05535477
2023-07,3715,2023-07-31,0.054384457198319525,11,4,0.6730158,0.70344836
2023-07,2059,2023-07-31,0.05325684645878363,12,1,-0.043488644,-0.013056085
2023-07,6219,2023-07-31,0.04200738528125201,13,4,0.2525774,0.28300995
2023-07,6919,2023-07-31,0.04156136327162065,14,1,-0.032653082,-0.0022205233
2023-07,6412,2023-07-31,0.03934923241950009,15,3,0.066985644,0.097418204
2023-07,2230,2023-07-31,0.03836198716397098,16,4,0.3496318,0.38006434
2023-07,2385,2023-07-31,0.037744112021880064,17,2,-0.023696713,0.0067358455
2023-07,3044,2023-07-31,0.03765231936686552,18,3,0.11695909,0.14739165
2023-07,3357,2023-07-31,0.037064711212130355,19,0,-0.14102562,-0.11059306
2023-07,6126,2023-07-31,0.03604177522796873,20,1,-0.05927051,-0.028837949
2023-07,1595,2023-07-31,0.03579422969956837,21,1,-0.07021781,-0.03978525
2023-07,2368,2023-07-31,0.03492238139243698,22,4,0.18235292,0.21278547
2023-07,3017,2023-07-31,0.03463830830030664,23,2,0.039451953,0.06988451
2023-07,3537,2023-07-31,0.03302873338166369,24,1,-0.027851624,0.0025809344
2023-07,2402,2023-07-31,0.032139790424397505,25,3,0.12093094,0.15136349
2023-07,5469,2023-07-31,0.03182740730522996,26,3,0.059296567,0.08972912
2023-07,2460,2023-07-31,0.031528776376206914,27,3,0.109207675,0.13964023
2023-07,2382,2023-07-31,0.031260208243762085,28,3,0.06304347,0.09347603
2023-07,3035,2023-07-31,0.031077980978051478,29,2,0.021309018,0.051741578
2023-07,3026,2023-07-31,0.030936204145642375,30,2,-0.022680337,0.007752222
2023-07,2467,2023-07-31,0.03061267008402296,31,0,-0.111999966,-0.08156741
2023-07,2312,2023-07-31,0.03053685212064562,32,1,-0.07977206,-0.049339503
2023-07,3032,2023-07-31,0.03044501612390709,33,0,-0.11061289,-0.08018033
2023-07,3550,2023-07-31,0.03036907177926773,34,0,-0.08579881,-0.055366248
2023-07,3526,2023-07-31,0.030338715997544886,35,3,0.05937495,0.08980751
2023-07,5328,2023-07-31,0.030287181417968836,36,0,-0.12540191,-0.094969355
2023-07,3206,2023-07-31,0.029905539695440565,37,4,0.23344865,0.2638812
2023-07,6139,2023-07-31,0.029594768254472683,38,4,0.19565208,0.22608463
2023-07,6191,2023-07-31,0.02949988930859336,39,3,0.06990283,0.10033539
2023-07,3607,2023-07-31,0.028753223987470378,40,0,-0.1169591,-0.08652654
2023-07,2355,2023-07-31,0.028462341635678994,41,3,0.09677433,0.12720689
2023-07,2420,2023-07-31,0.028354941928127722,42,0,-0.08673463,-0.05630207
2023-07,2516,2023-07-31,0.02825184218078388,43,4,0.46820804,0.4986406
2023-07,3653,2023-07-31,0.02790729859903028,44,4,0.2630683,0.29350084
2023-07,6259,2023-07-31,0.027663933662681908,45,2,-0.0025640097,0.027868548
2023-07,6170,2023-07-31,0.027520396527914947,46,4,0.29550308,0.32593563
2023-07,8213,2023-07-31,0.027326225503649288,47,2,-0.009174235,0.021258324
2023-07,2850,2023-07-31,0.02676224529764285,48,3,0.051565424,0.08199798
2023-07,8103,2023-07-31,0.026628750740951983,49,2,-0.022691257,0.0077413013
2023-07,4915,2023-07-31,0.026374345842963606,50,2,0.009259271,0.039691832
2023-07,5388,2023-07-31,0.026341086838267427,51,1,-0.035999972,-0.0055674138
2023-07,1570,2023-07-31,0.026120710867282113,52,2,-0.02358487,0.006847688
2023-07,6155,2023-07-31,0.026094153033018434,53,0,-0.09263431,-0.062201753
2023-07,2308,2023-07-31,0.02608468305886159,54,1,-0.08090184,-0.05046928
2023-07,3587,2023-07-31,0.026080591924500962,55,3,0.09059223,0.12102479
2023-07,2449,2023-07-31,0.02586128874475069,56,4,0.1939586,0.22439115
2023-07,6669,2023-07-31,0.025377727415228306,57,0,-0.0888889,-0.05845634
2023-07,8210,2023-07-31,0.025277256057890635,58,3,0.08536585,0.11579841
2023-07,3689,2023-07-31,0.025129592816737066,59,1,-0.061320707,-0.030888148
2023-07,6197,2023-07-31,0.025045104805272573,60,1,-0.050946124,-0.020513564
2023-07,5439,2023-07-31,0.025014718983974844,61,0,-0.17706428,-0.14663173
2023-07,3037,2023-07-31,0.024914224763834973,62,2,-0.010752615,0.019679945
2023-07,3015,2023-07-31,0.024743517438147525,63,2,0.007006908,0.037439466
2023-07,2328,2023-07-31,0.024650891538225684,64,0,-0.08597792,-0.05554536
2023-07,3042,2023-07-31,0.024635137072932356,65,3,0.055056263,0.08548882
2023-07,2360,2023-07-31,0.02427951069979582,66,2,0.007142857,0.037575416
2023-07,3617,2023-07-31,0.023973500660306478,67,3,0.10606177,0.13649432
2023-07,6156,2023-07-31,0.023944383254411707,68,2,0.02590891,0.05634147
2023-07,1609,2023-07-31,0.023869032881423616,69,1,-0.06332453,-0.032891974
2023-07,8937,2023-07-31,0.023550278637466178,70,1,-0.06724509,-0.03681253
2023-07,1785,2023-07-31,0.023410219105745943,71,1,-0.044736877,-0.014304318
2023-07,2478,2023-07-31,0.023398516897289865,72,1,-0.0367171,-0.0062845396
2023-07,4939,2023-07-31,0.023395756982853344,73,1,-0.06321846,-0.0327859
2023-07,2428,2023-07-31,0.023390633121601806,74,0,-0.10147481,-0.07104225
2023-07,2431,2023-07-31,0.02333703320886945,75,0,-0.08620689,-0.05577433
2023-08,3715,2023-08-31,0.1354144834212309,1,4,0.46247825,0.47935697
2023-08,3122,2023-08-31,0.11376862847833102,2,4,0.49688154,0.51376027
2023-08,3228,2023-08-31,0.09992745362819215,3,3,0.09213252,0.10901126
2023-08,2363,2023-08-31,0.09325812404905019,4,2,0.04570636,0.0625851
2023-08,4542,2023-08-31,0.088769671917014,5,4,0.3628319,0.3797106
2023-08,2025,2023-08-31,0.08723628566821028,6,4,0.36777577,0.3846545
2023-08,3661,2023-08-31,0.08623073633337083,7,3,0.088207774,0.10508651
2023-08,6684,2023-08-31,0.08335930006448525,8,4,0.18628575,0.20316449
2023-08,4966,2023-08-31,0.07914965168831418,9,3,0.10067108,0.11754982
2023-08,6919,2023-08-31,0.07421285563474908,10,4,0.2660167,0.28289542
2023-08,8081,2023-08-31,0.07142980155691764,11,3,0.12500003,0.14187877
2023-08,8016,2023-08-31,0.07110514735162966,12,3,0.11177643,0.12865517
2023-08,8054,2023-08-31,0.06903058034244067,13,3,0.07750764,0.09438638
2023-08,3686,2023-08-31,0.06373019012055346,14,0,-0.04693145,-0.030052712
2023-08,3321,2023-08-31,0.06362361571366877,15,4,0.15384616,0.1707249
2023-08,2543,2023-08-31,0.06303872629548889,16,4,0.31506845,0.33194718
2023-08,6233,2023-08-31,0.062035186775707823,17,1,-0.018480537,-0.0016017995
2023-08,2465,2023-08-31,0.05924510758624152,18,2,0.03506311,0.05194185
2023-08,3041,2023-08-31,0.05895816820248169,19,0,-0.035714246,-0.01883551
2023-08,7402,2023-08-31,0.058939632667591446,20,0,-0.07345978,-0.056581043
2023-08,5314,2023-08-31,0.05818778866353912,21,4,0.23219815,0.24907689
2023-08,4113,2023-08-31,0.056382853902626685,22,2,0.04958673,0.06646547
2023-08,5285,2023-08-31,0.055932431827204476,23,1,-0.020506812,-0.0036280744
2023-08,2516,2023-08-31,0.0554837105160437,24,0,-0.06250001,-0.04562127
2023-08,2401,2023-08-31,0.055182365015868776,25,0,-0.09076687,-0.07388813
2023-08,1436,2023-08-31,0.055085649691941706,26,1,-0.021052605,-0.0041738665
2023-08,5236,2023-08-31,0.0537194225689149,27,0,-0.09677412,-0.079895385
2023-08,8476,2023-08-31,0.052468319748137274,28,4,1.1648178,1.1816965
2023-08,3372,2023-08-31,0.052117082512325066,29,0,-0.043597493,-0.026718756
2023-08,6739,2023-08-31,0.05184665210490745,30,3,0.09780451,0.11468325
2023-08,6127,2023-08-31,0.05172258839875486,31,1,-0.006493488,0.01038525
2023-08,6552,2023-08-31,0.05070099691584736,32,3,0.08595212,0.10283086
2023-08,5302,2023-08-31,0.050340018084123625,33,2,0.010152225,0.027030963
2023-08,2379,2023-08-31,0.05013146805995975,34,1,-0.01062622,0.006252518
2023-08,4991,2023-08-31,0.05007444869067083,35,2,0.017214373,0.03409311
2023-08,4749,2023-08-31,0.04902243000913324,36,1,7.3171e-08,0.016878812
2023-08,3438,2023-08-31,0.04830300499137486,37,3,0.09486784,0.11174658
2023-08,4951,2023-08-31,0.047719458133728805,38,1,0.004687574,0.021566313
2023-08,2458,2023-08-31,0.04762526533234953,39,3,0.11250003,0.12937877
2023-08,2417,2023-08-31,0.047250349953911475,40,4,0.27400476,0.29088348
2023-08,3349,2023-08-31,0.04700951808503103,41,1,-0.005649739,0.011228999
2023-08,6531,2023-08-31,0.046438399282416526,42,4,0.15885012,0.17572886
2023-08,5272,2023-08-31,0.0460272679242592,43,3,0.104125716,0.121004455
2023-08,6243,2023-08-31,0.0454679676302741,44,0,-0.03837953,-0.021500794
2023-08,3227,2023-08-31,0.04545209376140912,45,0,-0.06563707,-0.048758328
2023-08,6695,2023-08-31,0.045267525206127944,46,1,-0.017391324,-0.0005125861
2023-08,8089,2023-08-31,0.04526597521020518,47,0,-0.034120742,-0.017242005
2023-08,3135,2023-08-31,0.045168701210225225,48,2,0.05924594,0.076124676
2023-08,6451,2023-08-31,0.04500400167974548,49,4,0.3931888,0.41006753
2023-08,3034,2023-08-31,0.04499775366014582,50,2,0.05617977,0.07305851
2023-08,4561,2023-08-31,0.04477116617933088,51,2,0.0627377,0.07961644
2023-08,8045,2023-08-31,0.0446253515160346,52,1,-0.005312062,0.011566676
2023-08,6423,2023-08-31,0.04412292299314175,53,2,0.04587146,0.0627502
2023-08,3257,2023-08-31,0.04401816786692256,54,0,-0.100973256,-0.08409452
2023-08,6237,2023-08-31,0.04374800986437522,55,1,0.008032273,0.02491101
2023-08,3555,2023-08-31,0.043489116615402654,56,0,-0.053333335,-0.036454596
2023-08,6462,2023-08-31,0.04330742089733392,57,2,0.02080789,0.037686627
2023-08,6229,2023-08-31,0.04300752549110245,58,2,0.011718731,0.028597469
2023-08,2505,2023-08-31,0.04299877744095205,59,0,-0.04749347,-0.030614732
2023-08,8110,2023-08-31,0.04290289438850617,60,1,-0.007434882,0.009443856
2023-08,6409,2023-08-31,0.042838067261381486,61,3,0.08561639,0.10249513
2023-08,3379,2023-08-31,0.042545390172220254,62,3,0.11155369,0.12843242
2023-08,8271,2023-08-31,0.04251881316048935,63,1,0.0073665814,0.02424532
2023-08,8086,2023-08-31,0.04249557676440237,64,3,0.09918197,0.11606071
2023-08,2536,2023-08-31,0.042253834867888196,65,2,0.04313725,0.060015988
2023-08,6419,2023-08-31,0.042165001806427516,66,4,0.26203978,0.2789185
2023-08,2442,2023-08-31,0.04215961616891448,67,2,0.0321715,0.049050238
2023-08,6510,2023-08-31,0.042058237558747553,68,4,0.12621361,0.14309235
2023-08,6175,2023-08-31,0.0415868541941146,69,2,0.034532465,0.051411204
2023-08,3588,2023-08-31,0.04128421023716288,70,2,0.011400624,0.028279362
2023-08,3141,2023-08-31,0.041122262257076304,71,1,-0.027233072,-0.010354334
2023-08,2369,2023-08-31,0.040979526551080545,72,0,-0.04255315,-0.025674412
2023-08,6640,2023-08-31,0.04092964272706889,73,3,0.105990715,0.122869454
2023-08,2302,2023-08-31,0.04086646458653749,74,1,-0.022346431,-0.0054676933
2023-08,6679,2023-08-31,0.04049613779074815,75,0,-0.112860896,-0.09598216
2023-09,2363,2023-09-28,0.17396127055203742,1,4,0.29687506,0.31842798
2023-09,2543,2023-09-28,0.15609207367201847,2,4,0.3387557,0.36030862
2023-09,3041,2023-09-28,0.11050917460572084,3,4,0.35612527,0.3776782
2023-09,3228,2023-09-28,0.07418820853619244,4,2,0.07906977,0.100622684
2023-09,3122,2023-09-28,0.06607676694829208,5,4,0.2972973,0.31885022
2023-09,8054,2023-09-28,0.06086557056702367,6,4,0.49720672,0.5187596
2023-09,2465,2023-09-28,0.05944246295663202,7,4,0.4189189,0.44047183
2023-09,6419,2023-09-28,0.056370440245755514,8,4,0.49494955,0.51650244
2023-09,3176,2023-09-28,0.055463403334929474,9,4,0.5375552,0.55910814
2023-09,6684,2023-09-28,0.055085607999198476,10,3,0.19318184,0.21473475
2023-09,6237,2023-09-28,0.05180699334509862,11,4,0.22900769,0.2505606
2023-09,5213,2023-09-28,0.05064353153953563,12,1,-0.009596903,0.011956008
2023-09,8476,2023-09-28,0.04597385720476041,13,4,0.8008784,0.8224313
2023-09,4967,2023-09-28,0.042023137251687256,14,3,0.15514587,0.17669877
2023-09,1436,2023-09-28,0.039798458811521484,15,2,0.038461503,0.06001441
2023-09,5272,2023-09-28,0.03953262582970586,16,3,0.17957748,0.20113039
2023-09,3094,2023-09-28,0.039094778309102025,17,3,0.122541524,0.14409444
2023-09,2516,2023-09-28,0.037536421491431764,18,4,0.27638885,0.29794177
2023-09,6233,2023-09-28,0.03668340485787127,19,3,0.07933183,0.10088474
2023-09,6901,2023-09-28,0.035647175332330916,20,1,-0.011764706,0.009788205
2023-09,2379,2023-09-28,0.03357194442435412,21,1,0.008793944,0.030346854
2023-09,6117,2023-09-28,0.03348632363558059,22,3,0.14705883,0.16861174
2023-09,2458,2023-09-28,0.030780969427634527,23,3,0.08634102,0.10789394
2023-09,2536,2023-09-28,0.030723542398872053,24,1,0.015009372,0.036562283
2023-09,2442,2023-09-28,0.03048365331567304,25,1,-0.012853486,0.008699425
2023-09,6643,2023-09-28,0.030411085763456497,26,2,0.072570756,0.09412367
2023-09,2025,2023-09-28,0.02923907541362745,27,0,-0.035846844,-0.014293933
2023-09,8045,2023-09-28,0.02890006965526182,28,2,0.026560357,0.048113268
2023-09,4951,2023-09-28,0.028888461790969603,29,2,0.017107302,0.038660213
2023-09,2417,2023-09-28,0.02887358630116361,30,3,0.13298783,0.15454073
2023-09,3317,2023-09-28,0.028701463692193736,31,1,0.0052631726,0.026816083
2023-09,8088,2023-09-28,0.02803868511617171,32,1,0.002663259,0.02421617
2023-09,3555,2023-09-28,0.02780283107136556,33,0,-0.13802816,-0.11647525
2023-09,3588,2023-09-28,0.02773225045290944,34,2,0.077170365,0.09872328
2023-09,3372,2023-09-28,0.027190690095370337,35,3,0.13307986,0.15463276
2023-09,6462,2023-09-28,0.026353156265396017,36,2,0.0347722,0.056325108
2023-09,6223,2023-09-28,0.0263277122313906,37,0,-0.086956576,-0.06540366
2023-09,6552,2023-09-28,0.02629450187890805,38,1,0.016042776,0.037595686
2023-09,3349,2023-09-28,0.0254288854519299,39,1,0.0,0.021552911
2023-09,8081,2023-09-28,0.025280708335570053,40,0,-0.04971329,-0.02816038
2023-09,4991,2023-09-28,0.025162436860636565,41,2,0.045454547,0.06700746
2023-09,3135,2023-09-28,0.024919667208986584,42,0,-0.01694914,0.004603771
2023-09,2850,2023-09-28,0.024904928033474452,43,3,0.09884674,0.120399654
2023-09,5285,2023-09-28,0.024768052261073342,44,0,-0.12776418,-0.10621127
2023-09,6530,2023-09-28,0.02473763296728807,45,4,0.40116268,0.4227156
2023-09,6485,2023-09-28,0.024475823349108576,46,0,-0.100478485,-0.07892557
2023-09,3450,2023-09-28,0.02432322206007106,47,0,-0.04620459,-0.024651678
2023-09,5324,2023-09-28,0.02417055560854465,48,0,-0.11618262,-0.094629705
2023-09,3686,2023-09-28,0.023982385528326912,49,2,0.041666683,0.06321959
2023-09,4749,2023-09-28,0.023946461181205095,50,1,-0.0018727324,0.019680178
2023-09,8176,2023-09-28,0.02391590813406312,51,4,0.43612322,0.45767614
2023-09,9946,2023-09-28,0.023911155501197216,52,3,0.1307189,0.1522718
2023-09,5299,2023-09-28,0.023735501221187505,53,0,-0.020408157,0.0011447534
2023-09,6739,2023-09-28,0.023483742690893355,54,0,-0.024604574,-0.003051663
2023-09,6292,2023-09-28,0.023144456053926014,55,4,0.23159021,0.25314313
2023-09,2348,2023-09-28,0.022994744341126645,56,3,0.08254401,0.10409692
2023-09,4416,2023-09-28,0.02275907743395846,57,1,-0.0012970258,0.020255884
2023-09,6683,2023-09-28,0.022661184153578266,58,3,0.10050254,0.122055456
2023-09,6229,2023-09-28,0.022620851549571587,59,2,0.04007628,0.061629187
2023-09,8016,2023-09-28,0.022590696797913777,60,1,0.008849597,0.030402508
2023-09,3526,2023-09-28,0.022296136056961617,61,2,0.02564096,0.04719387
2023-09,2441,2023-09-28,0.02226913646524202,62,2,0.05054147,0.07209438
2023-09,2344,2023-09-28,0.022205664644234492,63,0,-0.013024901,0.00852801
2023-09,3227,2023-09-28,0.022143033193506436,64,2,0.057613157,0.07916607
2023-09,2454,2023-09-28,0.02213335611788414,65,3,0.12717532,0.14872822
2023-09,6919,2023-09-28,0.02206791812386937,66,0,-0.17692307,-0.15537016
2023-09,6435,2023-09-28,0.021660666414919254,67,1,0.0136985965,0.035251506
2023-09,3438,2023-09-28,0.021308192168871205,68,1,-0.002789244,0.018763667
2023-09,2481,2023-09-28,0.02122650433158802,69,0,-0.070202805,-0.048649896
2023-09,3260,2023-09-28,0.021181312550228856,70,3,0.13387667,0.15542957
2023-09,5236,2023-09-28,0.02117291195278061,71,0,-0.0781249,-0.056571994
2023-09,6568,2023-09-28,0.021133664990664054,72,4,0.1977185,0.2192714
2023-09,1570,2023-09-28,0.02055890460065429,73,1,0.002512695,0.024065606
2023-09,2520,2023-09-28,0.020454419635481374,74,2,0.025525581,0.04707849
2023-09,6199,2023-09-28,0.020451789893435834,75,2,0.05113634,0.07268925
2023-10,2543,2023-10-31,0.24737598524317503,1,4,0.757256,0.6735138
2023-10,3228,2023-10-31,0.19025247847273952,2,4,1.0808511,0.99710894
2023-10,8054,2023-10-31,0.12053725390698058,3,4,0.64504504,0.5613029
2023-10,8089,2023-10-31,0.08584899275833573,4,4,0.9897438,0.9060017
2023-10,5314,2023-10-31,0.07894494727313457,5,4,0.59782606,0.5140839
2023-10,6243,2023-10-31,0.07715156762043486,6,4,0.4721117,0.38836956
2023-10,2516,2023-10-31,0.07710216404077487,7,4,0.36264932,0.27890718
2023-10,3041,2023-10-31,0.06640232034230233,8,3,0.30927837,0.22553623
2023-10,9925,2023-10-31,0.06280708672035937,9,0,0.011222062,-0.07252007
2023-10,3122,2023-10-31,0.057704266258658016,10,1,0.097837284,0.01409515
2023-10,6526,2023-10-31,0.05603628603477377,11,3,0.28519857,0.20145643
2023-10,2465,2023-10-31,0.05535277479761188,12,0,0.036190506,-0.04755163
2023-10,6530,2023-10-31,0.05250337658824262,13,1,0.08196721,-0.0017749225
2023-10,6117,2023-10-31,0.050985152094867446,14,2,0.13274336,0.049001224
2023-10,6684,2023-10-31,0.04862713347578085,15,1,0.1228347,0.039092563
2023-10,2442,2023-10-31,0.04687873665422445,16,3,0.30129877,0.21755663
2023-10,2059,2023-10-31,0.04423922231879185,17,3,0.21621622,0.13247408
2023-10,8227,2023-10-31,0.04315504068083632,18,4,0.37894744,0.2952053
2023-10,8996,2023-10-31,0.04158480858779071,19,3,0.2099056,0.12616345
2023-10,4968,2023-10-31,0.04130825321339288,20,4,0.416309,0.33256686
2023-10,3675,2023-10-31,0.0401990963668291,21,1,0.08196722,-0.001774915
2023-10,6423,2023-10-31,0.039546984711497965,22,4,0.35294122,0.26919907
2023-10,3135,2023-10-31,0.03741807855641318,23,0,0.020689622,-0.06305251
2023-10,4967,2023-10-31,0.03698422343283817,24,2,0.16315795,0.07941582
2023-10,1519,2023-10-31,0.0369490412059007,25,3,0.21902645,0.1352843
2023-10,3545,2023-10-31,0.03663751017790077,26,4,0.6378244,0.5540823
2023-10,4749,2023-10-31,0.035996556931686005,27,4,0.31588775,0.23214561
2023-10,6233,2023-10-31,0.03572432384310966,28,2,0.19771862,0.113976486
2023-10,3227,2023-10-31,0.035719491166917805,29,3,0.22692305,0.1431809
2023-10,3693,2023-10-31,0.03516632948511375,30,1,0.058685396,-0.025056738
2023-10,6643,2023-10-31,0.035037551761471095,31,2,0.12739575,0.043653615
2023-10,5272,2023-10-31,0.03455092151178546,32,2,0.16766462,0.08392248
2023-10,6799,2023-10-31,0.03401398649421542,33,4,0.37656915,0.292827
2023-10,3617,2023-10-31,0.03372671057061996,34,1,0.12562813,0.041885994
2023-10,3587,2023-10-31,0.03282944823755886,35,2,0.1341464,0.050404273
2023-10,1436,2023-10-31,0.032601333268643624,36,2,0.14497042,0.061228283
2023-10,6235,2023-10-31,0.032192993139904834,37,1,0.12499997,0.041257836
2023-10,6510,2023-10-31,0.03213795883981886,38,2,0.16501,0.08126787
2023-10,6199,2023-10-31,0.032102263091633235,39,1,0.05945948,-0.024282653
2023-10,2379,2023-10-31,0.031732638947049335,40,1,0.11895911,0.035216972
2023-10,3555,2023-10-31,0.03168196593205612,41,0,0.026143765,-0.05759837
2023-10,3438,2023-10-31,0.03151371122488657,42,0,0.020804469,-0.06293767
2023-10,6237,2023-10-31,0.03133125333414193,43,3,0.23391208,0.15016994
2023-10,3149,2023-10-31,0.031251665648245996,44,4,0.31360954,0.2298674
2023-10,3715,2023-10-31,0.031073634423373263,45,2,0.20617285,0.12243072
2023-10,8045,2023-10-31,0.030484390205811708,46,0,-0.031047808,-0.11478994
2023-10,3588,2023-10-31,0.030364232347951995,47,3,0.21418032,0.13043818
2023-10,2365,2023-10-31,0.03020571689469124,48,0,0.021367516,-0.062374618
2023-10,6451,2023-10-31,0.029775645998550378,49,3,0.25098047,0.16723832
2023-10,2368,2023-10-31,0.029508933842151117,50,2,0.20833325,0.12459112
2023-10,2401,2023-10-31,0.029355408874791933,51,2,0.1947627,0.11102057
2023-10,6640,2023-10-31,0.028357121510527217,52,3,0.2765958,0.19285366
2023-10,2383,2023-10-31,0.028281756932384567,53,0,0.048476443,-0.03526569
2023-10,6104,2023-10-31,0.028277194430037414,54,3,0.23831783,0.15457569
2023-10,2382,2023-10-31,0.02816316023118269,55,0,0.020725435,-0.0630167
2023-10,6274,2023-10-31,0.028119551558992775,56,2,0.13488375,0.051141612
2023-10,6695,2023-10-31,0.02810210709415042,57,4,0.4370034,0.35326126
2023-10,8210,2023-10-31,0.02791745974542527,58,3,0.23351651,0.14977437
2023-10,4966,2023-10-31,0.027800385593177657,59,0,-0.018264942,-0.102007076
2023-10,4563,2023-10-31,0.027632939478261682,60,0,-0.046267144,-0.13000928
2023-10,8081,2023-10-31,0.027577229248732807,61,1,0.07554674,-0.008195393
2023-10,6485,2023-10-31,0.026931364593510424,62,2,0.16876309,0.08502095
2023-10,3529,2023-10-31,0.0267007071137511,63,3,0.24390253,0.16016039
2023-10,8476,2023-10-31,0.026522660354187697,64,0,-0.04538095,-0.12912309
2023-10,3017,2023-10-31,0.026360333278108168,65,0,0.048865654,-0.03487648
2023-10,2376,2023-10-31,0.026197702002727877,66,1,0.06575964,-0.017982498
2023-10,2351,2023-10-31,0.02618651081178319,67,2,0.13793108,0.054188944
2023-10,6552,2023-10-31,0.02566333433754938,68,0,0.013054889,-0.07068725
2023-10,6223,2023-10-31,0.025634046086148353,69,1,0.11979165,0.036049515
2023-10,6462,2023-10-31,0.025625907098146952,70,3,0.23428571,0.15054357
2023-10,5299,2023-10-31,0.025420517708425287,71,1,0.11814352,0.034401387
2023-10,2536,2023-10-31,0.025418660754369164,72,1,0.073937126,-0.009805009
2023-10,6919,2023-10-31,0.02510825720385196,73,0,0.014686228,-0.06905591
2023-10,3162,2023-10-31,0.024888552827455276,74,1,0.08680557,0.0030634324
2023-10,2527,2023-10-31,0.024794942810157403,75,2,0.14757705,0.06383491
2023-11,5314,2023-11-30,0.34971164827157697,1,4,0.46564883,0.4383158
2023-11,8089,2023-11-30,0.2486545345208715,2,4,0.31566268,0.28832966
2023-11,3228,2023-11-30,0.13175383992436085,3,1,0.013157895,-0.014175112
2023-11,8054,2023-11-30,0.11530876196779047,4,3,0.14345118,0.11611818
2023-11,2527,2023-11-30,0.09918792205063202,5,3,0.0632183,0.035885297
2023-11,6462,2023-11-30,0.08833969967412851,6,3,0.10909091,0.0817579
2023-11,3086,2023-11-30,0.08351833292500829,7,4,0.5340908,0.5067578
2023-11,4749,2023-11-30,0.06079765188767001,8,3,0.1396957,0.1123627
2023-11,8059,2023-11-30,0.05900153031003037,9,4,0.75352114,0.7261881
2023-11,6117,2023-11-30,0.05738037560468071,10,4,0.23548384,0.20815083
2023-11,2465,2023-11-30,0.0570730076653734,11,3,0.06329108,0.035958074
2023-11,1519,2023-11-30,0.05525426497896327,12,4,0.23185854,0.20452553
2023-11,6425,2023-11-30,0.05020610719581984,13,2,0.04285711,0.015524103
2023-11,6739,2023-11-30,0.05006793025736615,14,1,-0.009090959,-0.036423966
2023-11,3294,2023-11-30,0.04973655244517257,15,0,-0.015384538,-0.042717546
2023-11,8096,2023-11-30,0.04957966754502441,16,4,0.21212125,0.18478824
2023-11,3066,2023-11-30,0.04941837494825614,17,0,-0.034383975,-0.06171698
2023-11,7712,2023-11-30,0.04575814570787004,18,4,0.1911112,0.1637782
2023-11,3354,2023-11-30,0.04530184868850764,19,2,0.05902785,0.031694844
2023-11,6199,2023-11-30,0.044336980308200734,20,4,0.35917306,0.33184004
2023-11,3227,2023-11-30,0.04383257211029886,21,0,-0.058282223,-0.08561523
2023-11,1436,2023-11-30,0.03982157847091655,22,3,0.0729167,0.045583695
2023-11,2348,2023-11-30,0.03691396979978078,23,2,0.0543601,0.027027093
2023-11,2365,2023-11-30,0.03671463650710835,24,4,0.22580649,0.19847348
2023-11,2025,2023-11-30,0.03625408062100845,25,0,-0.039011717,-0.06634472
2023-11,3135,2023-11-30,0.03422484735585315,26,3,0.13902843,0.11169542
2023-11,6526,2023-11-30,0.034063033985703116,27,3,0.0653358,0.038002796
2023-11,6735,2023-11-30,0.034049914242558085,28,0,-0.037037093,-0.0643701
2023-11,5272,2023-11-30,0.03360562738435665,29,0,-0.11999998,-0.147333
2023-11,3379,2023-11-30,0.03330401716352987,30,3,0.07876713,0.051434122
2023-11,5278,2023-11-30,0.03282217761568073,31,1,-0.0046296073,-0.031962615
2023-11,4113,2023-11-30,0.032739985741705065,32,1,0.0,-0.027333006
2023-11,4303,2023-11-30,0.03255901506602003,33,3,0.110824786,0.08349178
2023-11,9935,2023-11-30,0.03246176750910795,34,3,0.11557802,0.08824501
2023-11,5225,2023-11-30,0.03140471805017159,35,0,-0.07361953,-0.100952536
2023-11,3372,2023-11-30,0.030944505461369606,36,0,-0.02333336,-0.050666366
2023-11,2387,2023-11-30,0.030805236182596164,37,3,0.06306312,0.035730116
2023-11,8045,2023-11-30,0.030751931031225754,38,4,0.36422145,0.33688843
2023-11,3040,2023-11-30,0.030692900917915673,39,0,-0.011494308,-0.038827315
2023-11,3188,2023-11-30,0.030354956904606954,40,1,-4.3092154e-08,-0.02733305
2023-11,6136,2023-11-30,0.03025624437175889,41,3,0.08759123,0.060258225
2023-11,6163,2023-11-30,0.03014285468438833,42,2,0.013477152,-0.013855855
2023-11,2405,2023-11-30,0.02958456810244061,43,2,0.042734962,0.015401955
2023-11,3349,2023-11-30,0.02940249370378685,44,1,-0.008645511,-0.03597852
2023-11,2458,2023-11-30,0.029251704278299383,45,2,0.059405833,0.032072827
2023-11,4561,2023-11-30,0.028933645938501912,46,2,0.027941285,0.0006082778
2023-11,4534,2023-11-30,0.02879406320646301,47,1,-0.0049019796,-0.032234985
2023-11,2536,2023-11-30,0.02842713928152184,48,2,0.038062293,0.010729286
2023-11,4513,2023-11-30,0.02810330664880657,49,1,-0.0026316391,-0.029964646
2023-11,6919,2023-11-30,0.02767675487908169,50,1,-0.010269616,-0.037602622
2023-11,3260,2023-11-30,0.0272646312573346,51,2,0.049751237,0.02241823
2023-11,9946,2023-11-30,0.027264525754246104,52,0,-0.01463407,-0.041967075
2023-11,5392,2023-11-30,0.027128892682692345,53,0,-0.052000016,-0.07933302
2023-11,6177,2023-11-30,0.026980306603728563,54,2,0.017621174,-0.009711833
2023-11,4903,2023-11-30,0.02681507200083168,55,2,0.026627265,-0.000705742
2023-11,3499,2023-11-30,0.026714922012417087,56,4,0.18156426,0.15423125
2023-11,2852,2023-11-30,0.02669291483766295,57,1,0.00815218,-0.019180827
2023-11,1532,2023-11-30,0.02637787205650159,58,2,0.04534006,0.018007055
2023-11,6186,2023-11-30,0.02632816920175947,59,0,-0.026711104,-0.054044113
2023-11,6122,2023-11-30,0.026314783516253725,60,0,-0.16827588,-0.19560888
2023-11,6139,2023-11-30,0.026034473076925625,61,3,0.15845063,0.13111763
2023-11,8081,2023-11-30,0.026029391873767713,62,1,-0.0074626873,-0.034795694
2023-11,3390,2023-11-30,0.025959191519248716,63,4,0.46024108,0.43290806
2023-11,3483,2023-11-30,0.02592675446766748,64,1,-0.0031056206,-0.030438628
2023-11,2530,2023-11-30,0.02585950274310493,65,4,0.15857624,0.13124323
2023-11,6233,2023-11-30,0.025810551745529986,66,4,0.21526714,0.18793413
2023-11,3060,2023-11-30,0.025795974635484185,67,1,-0.011286789,-0.038619794
2023-11,8299,2023-11-30,0.025708673665839194,68,3,0.07667003,0.049337022
2023-11,1569,2023-11-30,0.025663504242903274,69,2,0.038960967,0.01162796
2023-11,7547,2023-11-30,0.02563933422098536,70,2,0.024299357,-0.0030336499
2023-11,5508,2023-11-30,0.025597879137840108,71,1,-0.00540536,-0.032738365
2023-11,6426,2023-11-30,0.0255444209671242,72,0,-0.11336509,-0.1406981
2023-11,2379,2023-11-30,0.025437428130183157,73,2,0.047297314,0.019964308
2023-11,4991,2023-11-30,0.025342949951559758,74,0,-0.019697016,-0.047030024
2023-11,3686,2023-11-30,0.025256060334838522,75,1,0.0111110825,-0.016221924
2023-12,5314,2023-12-29,0.7599346519343164,1,4,1.0698577,1.0593272
2023-12,3228,2023-12-29,0.17648201611390085,2,4,0.6181818,0.60765135
2023-12,8059,2023-12-29,0.1524389630074551,3,3,0.106122464,0.09559197
2023-12,8096,2023-12-29,0.10977504836523276,4,4,0.5696595,0.559129
2023-12,8054,2023-12-29,0.10776153678538938,5,4,0.2605042,0.24997368
2023-12,5426,2023-12-29,0.09856946551578777,6,4,0.52459,0.51405954
2023-12,1519,2023-12-29,0.09686783225569941,7,3,0.20948005,0.19894955
2023-12,6462,2023-12-29,0.08523344761309962,8,4,0.8755187,0.8649882
2023-12,8089,2023-12-29,0.07168167193943856,9,2,0.074141055,0.06361056
2023-12,2465,2023-12-29,0.0667525605162725,10,2,0.035937548,0.025407052
2023-12,8045,2023-12-29,0.056511999718962355,11,4,0.30049255,0.28996205
2023-12,4749,2023-12-29,0.05553805077642995,12,3,0.22424237,0.21371187
2023-12,6425,2023-12-29,0.05363158846195323,13,4,0.8256881,0.81515765
2023-12,4772,2023-12-29,0.05080417793431374,14,2,0.063583806,0.053053312
2023-12,6684,2023-12-29,0.048812253717706956,15,3,0.1595478,0.1490173
2023-12,8476,2023-12-29,0.046097101569563696,16,4,0.90697676,0.8964463
2023-12,4303,2023-12-29,0.04555281944356409,17,2,0.030162482,0.019631986
2023-12,6113,2023-12-29,0.04326368748508241,18,4,0.78436005,0.7738296
2023-12,6139,2023-12-29,0.04153922940295882,19,0,-0.066525556,-0.07705605
2023-12,5521,2023-12-29,0.03749430095087721,20,0,-0.14666666,-0.15719716
2023-12,2365,2023-12-29,0.03627842423056337,21,2,0.013114672,0.002584177
2023-12,6643,2023-12-29,0.03558122142522038,22,4,0.48387095,0.47334045
2023-12,6739,2023-12-29,0.030702422534878104,23,3,0.09357799,0.083047494
2023-12,1514,2023-12-29,0.029341210042060643,24,3,0.13466658,0.12413608
2023-12,3135,2023-12-29,0.02821939538110823,25,0,-0.059743997,-0.070274495
2023-12,6117,2023-12-29,0.028151999771040905,26,1,-0.047058802,-0.057589296
2023-12,6805,2023-12-29,0.02740317490313639,27,4,0.303665,0.2931345
2023-12,5236,2023-12-29,0.02674182692898978,28,0,-0.18136019,-0.19189069
2023-12,6919,2023-12-29,0.026712709329724832,29,3,0.17357516,0.16304466
2023-12,1570,2023-12-29,0.026692667857378977,30,2,0.07511756,0.064587064
2023-12,2505,2023-12-29,0.02631380840787225,31,0,-0.06962035,-0.08015084
2023-12,6994,2023-12-29,0.02519264916506228,32,2,0.031654585,0.02112409
2023-12,7547,2023-12-29,0.02508377476568815,33,1,-0.04767735,-0.058207843
2023-12,4939,2023-12-29,0.024785592911201935,34,1,-0.0023309968,-0.012861492
2023-12,2230,2023-12-29,0.024693358007459188,35,1,-0.0030394096,-0.0135699045
2023-12,3167,2023-12-29,0.024375399549211713,36,1,-0.014545441,-0.025075937
2023-12,6668,2023-12-29,0.02430088033811698,37,1,-0.028712887,-0.03924338
2023-12,3379,2023-12-29,0.02283078514134088,38,2,0.012861751,0.002331256
2023-12,3260,2023-12-29,0.022355957339419,39,0,-0.060194157,-0.07072465
2023-12,6695,2023-12-29,0.021764435005231345,40,3,0.1849315,0.174401
2023-12,3390,2023-12-29,0.02152336543259121,41,0,-0.0867346,-0.097265095
2023-12,6667,2023-12-29,0.02105169904374192,42,1,-0.0086206775,-0.019151174
2023-12,4113,2023-12-29,0.019694000298553248,43,2,0.06721309,0.056682594
2023-12,3066,2023-12-29,0.01953131207965615,44,4,0.75443786,0.7439074
2023-12,2353,2023-12-29,0.019385072665934526,45,0,-0.13653144,-0.14706194
2023-12,4416,2023-12-29,0.018730784614526774,46,2,0.059080776,0.04855028
2023-12,9935,2023-12-29,0.01767785742586197,47,0,-0.06966286,-0.080193356
2023-12,5244,2023-12-29,0.017624147785403214,48,4,0.30572474,0.29519424
2023-12,3661,2023-12-29,0.01714667270812051,49,3,0.13772453,0.12719403
2023-12,4909,2023-12-29,0.017075181755686182,50,4,0.50392467,0.49339417
2023-12,3294,2023-12-29,0.01700275312342779,51,3,0.24479155,0.23426105
2023-12,2527,2023-12-29,0.016977080259441026,52,3,0.07971004,0.06917954
2023-12,2348,2023-12-29,0.01696515976372989,53,2,0.025751045,0.01522055
2023-12,2374,2023-12-29,0.016713252511926426,54,0,-0.06954889,-0.080079384
2023-12,3543,2023-12-29,0.016411000167554955,55,3,0.15271963,0.14218913
2023-12,5269,2023-12-29,0.016275805348240885,56,2,0.011019251,0.0004887562
2023-12,8011,2023-12-29,0.016260003882928115,57,1,-0.028747419,-0.039277915
2023-12,3694,2023-12-29,0.016165615009237185,58,3,0.1795407,0.16901019
2023-12,6186,2023-12-29,0.01572513804910222,59,1,-0.008445918,-0.018976413
2023-12,3005,2023-12-29,0.01541484761191072,60,1,-0.035874445,-0.04640494
2023-12,6679,2023-12-29,0.015256746902527402,61,1,-0.012141333,-0.022671828
2023-12,3188,2023-12-29,0.015249546047752482,62,3,0.10089028,0.090359785
2023-12,3443,2023-12-29,0.015063597713284024,63,0,-0.095652096,-0.10618259
2023-12,6138,2023-12-29,0.014730138505659988,64,1,-0.031674188,-0.04220468
2023-12,4722,2023-12-29,0.014289951220354508,65,1,-0.005305042,-0.015835537
2023-12,6515,2023-12-29,0.014147040526755054,66,0,-0.07210405,-0.082634546
2023-12,3529,2023-12-29,0.014103824543802735,67,2,0.05894314,0.048412647
2023-12,2458,2023-12-29,0.014052300566160658,68,0,-0.08307685,-0.093607344
2023-12,3008,2023-12-29,0.013717843307572515,69,0,-0.11363647,-0.124166965
2023-12,9946,2023-12-29,0.013677394474290042,70,3,0.078431346,0.06790085
2023-12,2385,2023-12-29,0.013622097241272038,71,1,-0.039886124,-0.05041662
2023-12,4571,2023-12-29,0.013451756031013873,72,1,-0.022645975,-0.03317647
2023-12,2442,2023-12-29,0.01337229660078904,73,2,0.020243047,0.009712552
2023-12,1436,2023-12-29,0.013232982114154006,74,2,0.013189475,0.00265898
2023-12,4966,2023-12-29,0.013176586637839034,75,0,-0.06250005,-0.07303055
2024-01,5314,2024-01-31,0.4861719408193682,1,3,0.35329342,0.2506347
2024-01,6425,2024-01-31,0.17043781831331004,2,2,0.23624599,0.13358726
2024-01,4772,2024-01-31,0.15722846913501512,3,3,0.44298247,0.34032375
2024-01,2465,2024-01-31,0.1547707397620798,4,4,0.6993464,0.5966877
2024-01,3294,2024-01-31,0.10368780890854622,5,3,0.4353312,0.33267248
2024-01,1519,2024-01-31,0.08209937362379896,6,1,0.15505633,0.0523976
2024-01,6805,2024-01-31,0.07855652083919826,7,4,0.5996344,0.4969757
2024-01,6739,2024-01-31,0.07791977779782636,8,4,0.6955017,0.59284294
2024-01,6187,2024-01-31,0.07113100970801667,9,3,0.41709837,0.31443965
2024-01,8045,2024-01-31,0.06963965259155631,10,1,0.11636359,0.013704864
2024-01,2527,2024-01-31,0.06794564574496022,11,2,0.17340064,0.070741914
2024-01,6919,2024-01-31,0.06768970539749691,12,1,0.10178969,-0.0008690375
2024-01,8059,2024-01-31,0.0633554374193547,13,2,0.232715,0.13005626
2024-01,4303,2024-01-31,0.060226072286134025,14,4,0.9132149,0.8105562
2024-01,6584,2024-01-31,0.0554376791927087,15,4,0.6304348,0.52777606
2024-01,2025,2024-01-31,0.05406727413796566,16,4,0.5629054,0.46024665
2024-01,6994,2024-01-31,0.05379538662549296,17,3,0.48965514,0.38699642
2024-01,7712,2024-01-31,0.053480747004249866,18,0,0.02500001,-0.07765872
2024-01,3228,2024-01-31,0.05331833556569503,19,1,0.11258278,0.009924052
2024-01,3017,2024-01-31,0.05205307047832182,20,3,0.37162954,0.26897082
2024-01,8476,2024-01-31,0.04894997856812034,21,2,0.19926208,0.09660336
2024-01,7709,2024-01-31,0.04672973599142166,22,1,0.15294114,0.05028241
2024-01,5225,2024-01-31,0.04590625591650014,23,4,0.50684947,0.40419075
2024-01,4749,2024-01-31,0.043812831575489375,24,0,-0.029565237,-0.13222396
2024-01,6139,2024-01-31,0.04171478998366307,25,0,0.008695716,-0.09396301
2024-01,6462,2024-01-31,0.0416618741143153,26,0,-0.062030077,-0.16468881
2024-01,2467,2024-01-31,0.04076422546147998,27,3,0.4558471,0.3531884
2024-01,7721,2024-01-31,0.04048171697529505,28,4,0.5111877,0.40852895
2024-01,3535,2024-01-31,0.03873908050961232,29,0,-0.11018716,-0.21284589
2024-01,2059,2024-01-31,0.034184557454179476,30,3,0.2718446,0.16918586
2024-01,2348,2024-01-31,0.03384457532301728,31,2,0.19576724,0.09310851
2024-01,3312,2024-01-31,0.03286589555451372,32,4,0.5009823,0.39832357
2024-01,3467,2024-01-31,0.03035667122652951,33,2,0.20079537,0.09813664
2024-01,2383,2024-01-31,0.029798538346316936,34,0,0.092510976,-0.010147752
2024-01,2431,2024-01-31,0.028563706903775327,35,1,0.10236222,-0.00029650508
2024-01,3324,2024-01-31,0.028531626538846337,36,4,0.67021286,0.5675541
2024-01,6640,2024-01-31,0.02784185223456906,37,4,0.6109588,0.50830007
2024-01,6735,2024-01-31,0.023718427192138597,38,4,0.741405,0.63874626
2024-01,1591,2024-01-31,0.023011833311814545,39,3,0.27667984,0.17402111
2024-01,6667,2024-01-31,0.022235395436538345,40,2,0.18604645,0.083387725
2024-01,3135,2024-01-31,0.021419440388750842,41,0,0.08022129,-0.02243744
2024-01,2329,2024-01-31,0.021405935742818797,42,0,0.07255515,-0.030103581
2024-01,4909,2024-01-31,0.020923667240232934,43,4,0.59125686,0.48859814
2024-01,3376,2024-01-31,0.02038234763200856,44,3,0.36120397,0.25854525
2024-01,3131,2024-01-31,0.020266899903834647,45,3,0.38607582,0.2834171
2024-01,2379,2024-01-31,0.018946633718763546,46,3,0.27695557,0.17429684
2024-01,3548,2024-01-31,0.018718206356291806,47,2,0.21702118,0.114362456
2024-01,1436,2024-01-31,0.01861720310024405,48,1,0.16190475,0.059246026
2024-01,3188,2024-01-31,0.018305706014799493,49,3,0.2520107,0.14935197
2024-01,3526,2024-01-31,0.017550105639839306,50,1,0.10704953,0.004390804
2024-01,1570,2024-01-31,0.01686807195646454,51,1,0.16837779,0.06571906
2024-01,6141,2024-01-31,0.015371163041217049,52,2,0.21818185,0.11552312
2024-01,2365,2024-01-31,0.014932619213987757,53,2,0.21712537,0.114466645
2024-01,4113,2024-01-31,0.01481663514412243,54,2,0.22769235,0.12503362
2024-01,5278,2024-01-31,0.014121972959532148,55,1,0.11459612,0.011937393
2024-01,2852,2024-01-31,0.01387534526548958,56,0,0.059620544,-0.043038182
2024-01,1514,2024-01-31,0.013839482709391155,57,2,0.23368932,0.13103059
2024-01,2454,2024-01-31,0.013584751066425574,58,3,0.2881177,0.18545897
2024-01,5508,2024-01-31,0.01332040245396526,59,2,0.17583594,0.07317721
2024-01,1316,2024-01-31,0.013284110866178844,60,4,0.6521738,0.54951507
2024-01,6223,2024-01-31,0.013026896278384707,61,1,0.09420285,-0.008455882
2024-01,5493,2024-01-31,0.013003719464948257,62,2,0.18749999,0.08484126
2024-01,2530,2024-01-31,0.012754097460591416,63,0,0.043250423,-0.059408303
2024-01,8147,2024-01-31,0.0125163821210232,64,4,0.53098416,0.42832544
2024-01,3167,2024-01-31,0.01246622188344515,65,1,0.10545458,0.0027958509
2024-01,4571,2024-01-31,0.01233555317095879,66,1,0.14454968,0.041890956
2024-01,8027,2024-01-31,0.011632122413063621,67,0,0.080663025,-0.021995703
2024-01,9939,2024-01-31,0.01160590763602829,68,0,0.042857163,-0.059801564
2024-01,6412,2024-01-31,0.01144701595691357,69,1,0.13265297,0.02999424
2024-01,2539,2024-01-31,0.011046433833259048,70,3,0.27628866,0.17362992
2024-01,3483,2024-01-31,0.01070098803878275,71,0,-0.049230758,-0.15188949
2024-01,3227,2024-01-31,0.0106395595160263,72,0,-0.015673965,-0.11833269
2024-01,5269,2024-01-31,0.01056898831801803,73,2,0.22459896,0.12194023
2024-01,6449,2024-01-31,0.010519343760239469,74,1,0.15652184,0.053863116
2024-01,6903,2024-01-31,0.010305588294912125,75,0,0.0028570706,-0.09980166
2024-02,5314,2024-02-29,0.5155619052766585,1,4,0.77184474,0.70964223
2024-02,1519,2024-02-29,0.11666578485270926,2,3,0.24304263,0.18084009
2024-02,2359,2024-02-29,0.08082981259406967,3,4,0.8320801,0.7698776
2024-02,5213,2024-02-29,0.07229672069660435,4,2,0.115220405,0.053017866
2024-02,2348,2024-02-29,0.05375394656192354,5,4,0.26699027,0.20478773
2024-02,6739,2024-02-29,0.04182467973343951,6,0,-0.021978004,-0.08418054
2024-02,6139,2024-02-29,0.04032471164991574,7,4,0.3333333,0.27113077
2024-02,1503,2024-02-29,0.04031588001371056,8,4,0.50537616,0.44317362
2024-02,2527,2024-02-29,0.026587567086595217,9,4,0.2583201,0.19611755
2024-02,1436,2024-02-29,0.023655243407912366,10,3,0.21991242,0.15770988
2024-02,2597,2024-02-29,0.021927077632642115,11,4,0.27868834,0.2164858
2024-02,5225,2024-02-29,0.0201614289396919,12,3,0.21513782,0.15293528
2024-02,6425,2024-02-29,0.019417544326705706,13,1,0.08396957,0.02176703
2024-02,3131,2024-02-29,0.017933509459910464,14,1,0.015476222,-0.04672632
2024-02,6919,2024-02-29,0.016571005434684736,15,4,0.47058824,0.4083857
2024-02,2852,2024-02-29,0.016504503053379985,16,1,0.06521746,0.0030149173
2024-02,2404,2024-02-29,0.016288632273645354,17,4,0.31918502,0.25698248
2024-02,2528,2024-02-29,0.016177155206195178,18,3,0.22077933,0.15857679
2024-02,2317,2024-02-29,0.01459681130049477,19,4,0.5097088,0.44750628
2024-02,9939,2024-02-29,0.01255437501899118,20,0,0.0034364262,-0.058766115
2024-02,2850,2024-02-29,0.011704215701360064,21,3,0.22318834,0.1609858
2024-02,3030,2024-02-29,0.01145672058675467,22,3,0.16598639,0.103783846
2024-02,5278,2024-02-29,0.011092226277513896,23,2,0.11890746,0.05670492
2024-02,2611,2024-02-29,0.010275354144472889,24,4,0.32402244,0.2618199
2024-02,3293,2024-02-29,0.00958311945453199,25,4,0.30813947,0.24593693
2024-02,3303,2024-02-29,0.009272193999878223,26,1,0.017295562,-0.044906978
2024-02,2474,2024-02-29,0.008313582659274324,27,2,0.10687023,0.044667687
2024-02,5434,2024-02-29,0.007731248981937628,28,2,0.109137066,0.046934526
2024-02,3135,2024-02-29,0.007531234605434034,29,0,-0.09358976,-0.1557923
2024-02,2812,2024-02-29,0.007327612723320692,30,1,0.020958016,-0.041244525
2024-02,3526,2024-02-29,0.005789490832285235,31,1,0.023584908,-0.038617633
2024-02,6869,2024-02-29,0.005443992302505885,32,2,0.12345672,0.061254177
2024-02,3483,2024-02-29,0.005020197243301124,33,0,-0.115606904,-0.17780945
2024-02,6691,2024-02-29,0.004728844601749647,34,1,0.020942526,-0.041260015
2024-02,1570,2024-02-29,0.004470062158820873,35,3,0.23471393,0.17251138
2024-02,5493,2024-02-29,0.004293681901237382,36,4,0.48154363,0.4193411
2024-02,5508,2024-02-29,0.004226801918695313,37,3,0.18981488,0.12761234
2024-02,2458,2024-02-29,0.004200847524004034,38,0,-0.01781088,-0.08001342
2024-02,6121,2024-02-29,0.004188372155714405,39,1,0.068639025,0.0064364844
2024-02,2387,2024-02-29,0.004143781958993676,40,0,-0.013931824,-0.07613436
2024-02,6192,2024-02-29,0.0039761521860817465,41,1,0.022267174,-0.039935365
2024-02,2886,2024-02-29,0.0037833678743981864,42,1,0.042746153,-0.019456388
2024-02,2845,2024-02-29,0.003053584246259126,43,2,0.14919351,0.08699097
2024-02,2882,2024-02-29,0.002894473668844983,44,1,0.071032174,0.008829634
2024-02,2439,2024-02-29,0.0027473146205931297,45,1,0.0085106585,-0.053691883
2024-02,1608,2024-02-29,0.0026945147825357904,46,4,0.33769077,0.27548823
2024-02,2903,2024-02-29,0.0023334000415103093,47,3,0.21721323,0.15501069
2024-02,3029,2024-02-29,0.0022813507064325315,48,0,-0.01765593,-0.07985847
2024-02,6903,2024-02-29,0.0021953797767403195,49,0,-0.04244024,-0.10464278
2024-02,1712,2024-02-29,0.0021077123429782477,50,0,-0.0072783,-0.069480844
2024-02,6177,2024-02-29,0.0019495375579765583,51,3,0.19460224,0.1323997
2024-02,2530,2024-02-29,0.0018405262144127776,52,3,0.18494065,0.12273811
2024-02,2535,2024-02-29,0.0017459400917099962,53,2,0.12955458,0.06735204
2024-02,2501,2024-02-29,0.0016280396741376003,54,2,0.15176141,0.08955887
2024-02,3324,2024-02-29,0.001606023894162255,55,3,0.22263455,0.16043201
2024-02,2731,2024-02-29,0.0015985559488406714,56,3,0.16525424,0.10305169
2024-02,6667,2024-02-29,0.0013731713118523652,57,2,0.0896552,0.027452657
2024-02,2520,2024-02-29,0.001370212581545715,58,1,0.034005113,-0.028197428
2024-02,6605,2024-02-29,0.001094642552031564,59,4,0.4339621,0.37175956
2024-02,1560,2024-02-29,0.0010126267146610564,60,0,0.0019342584,-0.060268283
2024-02,3708,2024-02-29,0.0009502676312907714,61,1,0.054621827,-0.007580714
2024-02,3040,2024-02-29,0.0009357135321202077,62,0,-0.05529226,-0.1174948
2024-02,2885,2024-02-29,0.0007311233947780314,63,2,0.10054851,0.038345974
2024-02,6024,2024-02-29,0.0003320306846909145,64,0,-0.009107435,-0.07130998
2024-02,3005,2024-02-29,0.00025378737388977965,65,3,0.15627265,0.09407011
2024-02,4772,2024-02-29,0.0002389709907027582,66,0,-0.023195911,-0.08539845
2024-02,6176,2024-02-29,0.00015925001747603987,67,3,0.17747441,0.11527187
2024-02,5284,2024-02-29,0.00010064545469789565,68,2,0.13541673,0.07321419
2024-02,2891,2024-02-29,-0.00039768731773699674,69,2,0.10580211,0.043599572
2024-02,6005,2024-02-29,-0.00053099512254739,70,2,0.121301875,0.059099335
2024-02,2834,2024-02-29,-0.0006784702827640918,71,2,0.13167264,0.06947009
2024-02,2442,2024-02-29,-0.0010296830360012783,72,0,-0.012891334,-0.07509387
2024-02,2890,2024-02-29,-0.0016460830677848515,73,1,0.07231923,0.010116692
2024-02,2504,2024-02-29,-0.0017032572164105242,74,2,0.12035659,0.05815405
2024-02,2379,2024-02-29,-0.0019133320588096527,75,0,-0.036332242,-0.098534785
2024-03,2527,2024-03-29,0.2063591102763666,1,4,0.34356558,0.33853218
2024-03,7728,2024-03-29,0.17484671566932067,2,4,0.36086956,0.35583615
2024-03,2501,2024-03-29,0.15557247090336082,3,4,0.77314824,0.7681148
2024-03,6177,2024-03-29,0.1421728965708296,4,4,0.5017793,0.4967459
2024-03,6919,2024-03-29,0.1392086883412447,5,4,0.4883722,0.4833388
2024-03,3188,2024-03-29,0.1314921013217926,6,1,0.10706542,0.102032
2024-03,5534,2024-03-29,0.12379137696852789,7,4,0.44632763,0.44129422
2024-03,5508,2024-03-29,0.12006216224040382,8,4,0.5891473,0.5841139
2024-03,2528,2024-03-29,0.11809546255501455,9,1,0.079913564,0.074880145
2024-03,1442,2024-03-29,0.11661047325985245,10,3,0.28666672,0.28163332
2024-03,2535,2024-03-29,0.11459568189309154,11,1,0.056175124,0.05114171
2024-03,2597,2024-03-29,0.11289496189058446,12,1,0.13268608,0.12765266
2024-03,2348,2024-03-29,0.10961590191238858,13,4,0.5175098,0.5124764
2024-03,6186,2024-03-29,0.10914769966050643,14,3,0.25648853,0.25145513
2024-03,1618,2024-03-29,0.10765480244140868,15,4,0.42627358,0.42124018
2024-03,2545,2024-03-29,0.1072918777620263,16,3,0.29753914,0.29250574
2024-03,9946,2024-03-29,0.1054215346591535,17,4,0.45490196,0.44986856
2024-03,1519,2024-03-29,0.10450131341037758,18,2,0.20655276,0.20151934
2024-03,2520,2024-03-29,0.10372829740222984,19,3,0.33570585,0.33067244
2024-03,2465,2024-03-29,0.10203400045675451,20,1,0.08677686,0.08174344
2024-03,2359,2024-03-29,0.10013111886304765,21,3,0.3350786,0.3300452
2024-03,2504,2024-03-29,0.09995362486587527,22,3,0.26781,0.26277658
2024-03,1436,2024-03-29,0.09707023736805867,23,3,0.30493277,0.29989937
2024-03,5519,2024-03-29,0.09679118548110599,24,1,0.15628804,0.15125462
2024-03,3703,2024-03-29,0.0958280418148677,25,2,0.23577245,0.23073903
2024-03,2363,2024-03-29,0.09532482877630541,26,4,0.62417865,0.6191452
2024-03,8476,2024-03-29,0.09421936352414725,27,0,-0.11526482,-0.12029824
2024-03,6219,2024-03-29,0.09358828332943192,28,1,0.10624161,0.101208195
2024-03,5314,2024-03-29,0.08904126747351156,29,0,-0.2658569,-0.2708903
2024-03,2505,2024-03-29,0.08860109837665554,30,0,0.023465704,0.01843229
2024-03,2536,2024-03-29,0.08548782884684421,31,2,0.20516957,0.20013615
2024-03,2442,2024-03-29,0.08452669268564326,32,1,0.15740742,0.152374
2024-03,2548,2024-03-29,0.08323050227409014,33,3,0.33333346,0.32830006
2024-03,2543,2024-03-29,0.0820921579219228,34,2,0.162353,0.15731958
2024-03,2540,2024-03-29,0.08163345186411095,35,4,0.45242912,0.4473957
2024-03,7709,2024-03-29,0.0815015848300446,36,0,-0.037162125,-0.04219554
2024-03,2515,2024-03-29,0.08131556377694973,37,2,0.23776233,0.23272891
2024-03,5213,2024-03-29,0.07814985523366785,38,1,0.10969393,0.10466051
2024-03,2534,2024-03-29,0.07605280388755499,39,2,0.24942784,0.24439442
2024-03,4513,2024-03-29,0.07456659025361026,40,4,0.40892854,0.40389514
2024-03,3030,2024-03-29,0.07220912525617883,41,2,0.20181412,0.1967807
2024-03,3052,2024-03-29,0.07153706255010542,42,0,0.014869849,0.009836434
2024-03,1503,2024-03-29,0.07005460755443833,43,0,-0.020134166,-0.02516758
2024-03,6139,2024-03-29,0.06918344419081872,44,0,0.04816954,0.043136124
2024-03,2539,2024-03-29,0.06570110202954488,45,0,0.0515321,0.046498686
2024-03,1608,2024-03-29,0.06518647136427662,46,2,0.19966727,0.19463386
2024-03,5225,2024-03-29,0.06424975519359073,47,0,-0.07438021,-0.07941363
2024-03,4113,2024-03-29,0.05983571186846667,48,2,0.25231186,0.24727844
2024-03,4416,2024-03-29,0.058040368855739516,49,0,0.04411763,0.039084215
2024-03,2611,2024-03-29,0.05638862677938094,50,3,0.27682406,0.27179065
2024-03,1587,2024-03-29,0.055209699980691425,51,4,0.9523808,0.94734734
2024-03,5515,2024-03-29,0.053070502508866704,52,2,0.18313242,0.178099
2024-03,1616,2024-03-29,0.05264333950583559,53,3,0.27804878,0.27301538
2024-03,7734,2024-03-29,0.05105140743649755,54,3,0.31746033,0.31242692
2024-03,2530,2024-03-29,0.05096843221572722,55,1,0.15191643,0.14688301
2024-03,1612,2024-03-29,0.048688398449466985,56,2,0.18578346,0.18075004
2024-03,6869,2024-03-29,0.04796890417755043,57,1,0.09890106,0.093867645
2024-03,5522,2024-03-29,0.047649251816041606,58,3,0.27700332,0.2719699
2024-03,1609,2024-03-29,0.047245026962734395,59,3,0.29908678,0.29405338
2024-03,1570,2024-03-29,0.047124460003449,60,0,-0.24372232,-0.24875574
2024-03,5324,2024-03-29,0.04710091083233582,61,2,0.24166663,0.23663321
2024-03,3691,2024-03-29,0.04330676234563357,62,3,0.33898306,0.33394966
2024-03,2516,2024-03-29,0.04324559613001779,63,1,0.07327581,0.06824239
2024-03,2903,2024-03-29,0.04252233208614954,64,1,0.14502533,0.13999191
2024-03,1603,2024-03-29,0.04225118634894276,65,0,-0.021064214,-0.02609763
2024-03,6596,2024-03-29,0.04067408333502662,66,1,0.1467764,0.14174297
2024-03,2542,2024-03-29,0.039071060031650465,67,1,0.10336247,0.09832905
2024-03,2010,2024-03-29,0.03831213446484945,68,2,0.18062823,0.1755948
2024-03,2486,2024-03-29,0.03725690881328362,69,2,0.17599995,0.17096654
2024-03,2317,2024-03-29,0.036771464810848094,70,0,0.033112627,0.028079212
2024-03,6994,2024-03-29,0.03656133303164579,71,0,0.017777778,0.012744363
2024-03,3056,2024-03-29,0.03610584075754399,72,2,0.18309847,0.17806505
2024-03,6207,2024-03-29,0.03574350516338116,73,4,0.52727276,0.5222393
2024-03,2020,2024-03-29,0.0353987693429799,74,0,0.031168863,0.026135448
2024-03,1514,2024-03-29,0.03501291381688664,75,3,0.31531543,0.31028202
2024-04,6419,2024-04-30,0.15470091076584985,1,4,0.95454556,0.89248127
2024-04,3466,2024-04-30,0.14607794673446897,2,4,0.8813954,0.8193311
2024-04,3228,2024-04-30,0.08437689876516538,3,3,0.2251462,0.16308191
2024-04,2615,2024-04-30,0.07601603168412317,4,4,0.6493256,0.5872613
2024-04,2359,2024-04-30,0.06685751564488354,5,4,0.7562188,0.6941545
2024-04,6706,2024-04-30,0.059476832256877527,6,4,0.42992425,0.36785996
2024-04,3230,2024-04-30,0.05660166491590309,7,3,0.32377055,0.26170626
2024-04,3030,2024-04-30,0.054871127718103894,8,4,0.69483584,0.63277155
2024-04,6117,2024-04-30,0.053870526846787704,9,4,0.63043475,0.56837046
2024-04,3234,2024-04-30,0.05362026260610876,10,1,0.017189048,-0.044875238
2024-04,6199,2024-04-30,0.05007143251248156,11,0,-0.03733765,-0.099401936
2024-04,4741,2024-04-30,0.048798934478485996,12,0,-0.027160494,-0.08922478
2024-04,8121,2024-04-30,0.04762202947108323,13,3,0.2561728,0.19410852
2024-04,3372,2024-04-30,0.047473152708828244,14,2,0.15580738,0.09374309
2024-04,6913,2024-04-30,0.04716254580183363,15,3,0.18735087,0.12528658
2024-04,4166,2024-04-30,0.046633553686668085,16,2,0.09504129,0.032977004
2024-04,8096,2024-04-30,0.04542492057738147,17,3,0.288396,0.22633171
2024-04,6609,2024-04-30,0.04534112906416205,18,4,0.38801724,0.32595295
2024-04,7547,2024-04-30,0.044667703537084026,19,0,0.006749176,-0.05531511
2024-04,2406,2024-04-30,0.04320590262283047,20,2,0.081339754,0.019275468
2024-04,8110,2024-04-30,0.042464816698868986,21,2,0.1058495,0.04378521
2024-04,4562,2024-04-30,0.042137160372869895,22,4,1.2722374,1.2101731
2024-04,6823,2024-04-30,0.0418661464906966,23,0,-0.109187715,-0.171252
2024-04,2440,2024-04-30,0.041706591121118144,24,2,0.095846646,0.03378236
2024-04,3303,2024-04-30,0.04088882488820584,25,4,0.34724298,0.2851787
2024-04,4534,2024-04-30,0.040260198307903686,26,2,0.13761468,0.0755504
2024-04,6265,2024-04-30,0.04004996178690881,27,3,0.2972972,0.23523292
2024-04,3339,2024-04-30,0.03957205783895369,28,3,0.2628866,0.20082232
2024-04,3686,2024-04-30,0.03941678290072495,29,2,0.0820513,0.019987013
2024-04,6739,2024-04-30,0.03845557761749786,30,1,0.056257274,-0.005807012
2024-04,9935,2024-04-30,0.038140883507973934,31,0,-0.016000053,-0.07806434
2024-04,2451,2024-04-30,0.03799340915297509,32,3,0.23655917,0.17449488
2024-04,1414,2024-04-30,0.037673604591625685,33,0,-0.021951256,-0.08401554
2024-04,6021,2024-04-30,0.03751131606848679,34,2,0.076115504,0.014051218
2024-04,3583,2024-04-30,0.03669677615819749,35,1,0.026946072,-0.035118215
2024-04,3360,2024-04-30,0.03585399350249131,36,3,0.2611684,0.1991041
2024-04,2609,2024-04-30,0.03580470548558656,37,4,0.4538607,0.3917964
2024-04,4991,2024-04-30,0.03488130026492169,38,4,0.45250425,0.39043996
2024-04,6229,2024-04-30,0.03487931228894996,39,3,0.19396551,0.13190122
2024-04,3016,2024-04-30,0.03461289302412218,40,1,0.016181262,-0.045883022
2024-04,8021,2024-04-30,0.03377539508608349,41,1,0.04705886,-0.015005425
2024-04,3135,2024-04-30,0.03366115115076454,42,1,0.071320064,0.009255778
2024-04,4577,2024-04-30,0.03349532334757718,43,3,0.23076923,0.16870494
2024-04,3467,2024-04-30,0.03278110489892957,44,2,0.10789974,0.045835454
2024-04,6261,2024-04-30,0.032750140343439524,45,0,-0.0053475946,-0.06741188
2024-04,3349,2024-04-30,0.03228971720641331,46,1,0.06950678,0.0074424935
2024-04,8935,2024-04-30,0.03186496006960919,47,1,0.052631546,-0.0094327405
2024-04,8182,2024-04-30,0.03132677685271129,48,2,0.09955419,0.037489902
2024-04,2415,2024-04-30,0.031132623992028926,49,0,-0.06429777,-0.12636206
2024-04,5278,2024-04-30,0.031131537315436733,50,0,-0.0650407,-0.12710498
2024-04,2905,2024-04-30,0.03089722070308885,51,3,0.26501766,0.20295337
2024-04,8383,2024-04-30,0.03088660230634512,52,1,0.047146454,-0.014917832
2024-04,2302,2024-04-30,0.03055207527764928,53,2,0.13372087,0.07165659
2024-04,1735,2024-04-30,0.030414924916509715,54,0,0.008620753,-0.053443532
2024-04,5274,2024-04-30,0.030373081383263348,55,3,0.25493428,0.19286999
2024-04,4973,2024-04-30,0.030135639791094637,56,4,0.37534246,0.31327817
2024-04,5228,2024-04-30,0.030051496222584104,57,0,0.002257388,-0.0598069
2024-04,2477,2024-04-30,0.029789720369753424,58,1,0.06474831,0.0026840237
2024-04,4912,2024-04-30,0.029770569048798427,59,1,0.019230738,-0.042833548
2024-04,3260,2024-04-30,0.02965640082457982,60,2,0.15731458,0.0952503
2024-04,8074,2024-04-30,0.029349085709946654,61,0,-0.0235789,-0.08564319
2024-04,3499,2024-04-30,0.0292583830652048,62,3,0.18814431,0.12608002
2024-04,2414,2024-04-30,0.028952709552821584,63,1,0.04807687,-0.013987415
2024-04,3501,2024-04-30,0.02893278169068367,64,2,0.12297742,0.060913134
2024-04,4903,2024-04-30,0.02885810373216265,65,4,0.35798824,0.29592395
2024-04,1586,2024-04-30,0.028847180285438402,66,0,-0.012480445,-0.07454473
2024-04,2348,2024-04-30,0.02882555012775251,67,1,0.04884318,-0.013221107
2024-04,4726,2024-04-30,0.028499244408974105,68,0,0.011415525,-0.05064876
2024-04,8374,2024-04-30,0.02848108780692197,69,4,0.74919605,0.68713176
2024-04,6226,2024-04-30,0.028375767028488985,70,1,0.042084176,-0.01998011
2024-04,3379,2024-04-30,0.028373519629764768,71,3,0.2807017,0.2186374
2024-04,6151,2024-04-30,0.02828485520951878,72,1,0.026565405,-0.03549888
2024-04,4711,2024-04-30,0.02818969071193839,73,0,0.008902054,-0.053162232
2024-04,3607,2024-04-30,0.02794779706201708,74,2,0.09705878,0.034994494
2024-04,6207,2024-04-30,0.027918998633812774,75,2,0.12799995,0.065935664
2024-05,5484,2024-05-31,0.3391963634354626,1,4,1.8712522,1.7822596
2024-05,3535,2024-05-31,0.3218733652090019,2,4,0.5963455,0.5073528
2024-05,6442,2024-05-31,0.15164008279513944,3,4,1.0000001,0.91100746
2024-05,4562,2024-05-31,0.14478533963323065,4,2,0.1717597,0.08276706
2024-05,8374,2024-05-31,0.12398626315960809,5,3,0.25207764,0.16308501
2024-05,3219,2024-05-31,0.08898661856352533,6,4,0.5969962,0.50800353
2024-05,3230,2024-05-31,0.08355845271783742,7,1,0.034920562,-0.054072067
2024-05,6877,2024-05-31,0.08196560593501623,8,4,0.52153116,0.43253854
2024-05,6706,2024-05-31,0.07631189166049955,9,4,0.5178571,0.42886445
2024-05,3379,2024-05-31,0.06679653258927015,10,2,0.17731959,0.08832695
2024-05,3047,2024-05-31,0.05876904996963754,11,3,0.25903618,0.17004356
2024-05,6640,2024-05-31,0.055598003021530736,12,4,0.54459995,0.45560732
2024-05,6919,2024-05-31,0.05352508419459301,13,4,0.7906138,0.7016211
2024-05,6541,2024-05-31,0.0496831914097739,14,3,0.2871795,0.19818687
2024-05,8476,2024-05-31,0.049457096076839395,15,2,0.07757165,-0.011420978
2024-05,2429,2024-05-31,0.04938452971873041,16,4,0.48078102,0.3917884
2024-05,6913,2024-05-31,0.04485732479231506,17,3,0.30600286,0.21701023
2024-05,3467,2024-05-31,0.03702124958479011,18,0,-0.0035087962,-0.092501424
2024-05,8937,2024-05-31,0.034370007676115116,19,0,-0.0021645518,-0.09115718
2024-05,6739,2024-05-31,0.030796324724338985,20,4,0.51980543,0.4308128
2024-05,3498,2024-05-31,0.030751810433275413,21,2,0.07177033,-0.017222298
2024-05,7712,2024-05-31,0.03002152479388473,22,4,0.5068965,0.41790387
2024-05,6869,2024-05-31,0.02697933820648232,23,4,1.015873,0.9268803
2024-05,8040,2024-05-31,0.026967854113333918,24,2,0.092039816,0.003047185
2024-05,3580,2024-05-31,0.02476025251897138,25,4,0.4048423,0.31584966
2024-05,4991,2024-05-31,0.024549413899255242,26,2,0.10807609,0.019083457
2024-05,4166,2024-05-31,0.019462313355917922,27,1,0.0093632955,-0.07962933
2024-05,6199,2024-05-31,0.018887985956968573,28,0,-0.10508476,-0.19407739
2024-05,6446,2024-05-31,0.016357627902992194,29,3,0.38902146,0.30002883
2024-05,3466,2024-05-31,0.016017572020350875,30,0,-0.014510241,-0.10350287
2024-05,4534,2024-05-31,0.015386658337907245,31,4,0.45017183,0.3611792
2024-05,2611,2024-05-31,0.014413810715979481,32,1,0.03124994,-0.05774269
2024-05,4909,2024-05-31,0.014134152011198043,33,3,0.3068846,0.21789196
2024-05,3617,2024-05-31,0.011665968810032302,34,2,0.06934319,-0.019649444
2024-05,1560,2024-05-31,0.01005066746277136,35,2,0.20209065,0.11309802
2024-05,8935,2024-05-31,0.008871881600040944,36,0,-0.017421603,-0.106414236
2024-05,2474,2024-05-31,0.008814630162541717,37,0,0.004414999,-0.084577635
2024-05,5274,2024-05-31,0.008788978509431151,38,3,0.28081128,0.19181865
2024-05,6757,2024-05-31,0.0084989767628,39,3,0.30517426,0.21618164
2024-05,4513,2024-05-31,0.007578388210722358,40,1,0.017413035,-0.0715796
2024-05,3293,2024-05-31,0.0063672028736793986,41,3,0.3564358,0.26744318
2024-05,2486,2024-05-31,0.004921720921239357,42,3,0.3711341,0.28214148
2024-05,3349,2024-05-31,0.004704943403790018,43,1,0.019271899,-0.06972073
2024-05,6143,2024-05-31,0.004309963290193057,44,0,-0.0010213519,-0.09001398
2024-05,3499,2024-05-31,0.004025203085684042,45,2,0.08144793,-0.007544702
2024-05,7728,2024-05-31,0.0031834997067401883,46,1,0.042777244,-0.046215385
2024-05,3303,2024-05-31,0.002862578350761993,47,1,0.062850684,-0.026141947
2024-05,6152,2024-05-31,0.002546591938376036,48,4,0.56950676,0.48051414
2024-05,6515,2024-05-31,0.002509230381943084,49,3,0.2572421,0.16824949
2024-05,8045,2024-05-31,0.0022231671610822806,50,2,0.22065502,0.1316624
2024-05,3131,2024-05-31,0.0018208351055821574,51,3,0.2633928,0.17440018
2024-05,2540,2024-05-31,0.0013474990556568776,52,2,0.15588237,0.06688974
2024-05,3686,2024-05-31,0.0010251110278113424,53,3,0.3583535,0.26936087
2024-05,2404,2024-05-31,0.0009496108377881551,54,1,0.013568583,-0.075424045
2024-05,8932,2024-05-31,0.0009495460205976574,55,1,0.06896565,-0.02002698
2024-05,6021,2024-05-31,0.0008479581206567039,56,3,0.27619037,0.18719774
2024-05,3356,2024-05-31,0.0003831730016298611,57,1,0.045588203,-0.043404426
2024-05,4934,2024-05-31,0.00013911086601903468,58,2,0.07865169,-0.010340942
2024-05,4903,2024-05-31,8.105381673337349e-06,59,0,-0.05050505,-0.13949768
2024-05,2891,2024-05-31,-7.613328220972596e-05,60,1,0.058171842,-0.030820789
2024-05,5302,2024-05-31,-0.0002768167686626142,61,1,0.016260147,-0.072732486
2024-05,3260,2024-05-31,-0.0006356658318780306,62,0,-0.016873678,-0.105866306
2024-05,7547,2024-05-31,-0.0008107364949410921,63,1,0.0110253645,-0.077967264
2024-05,2317,2024-05-31,-0.0012775621870049652,64,2,0.22033902,0.13134639
2024-05,6223,2024-05-31,-0.0015768909207757567,65,2,0.12295087,0.033958238
2024-05,3490,2024-05-31,-0.001817783062880782,66,0,-0.051980294,-0.14097293
2024-05,3491,2024-05-31,-0.0018386459809794642,67,1,0.06390332,-0.025089314
2024-05,2705,2024-05-31,-0.0020091118049592634,68,0,0.0048780674,-0.08411457
2024-05,6486,2024-05-31,-0.0021971100932059234,69,0,0.0010415872,-0.08795104
2024-05,6221,2024-05-31,-0.002303052803868345,70,0,0.0011587762,-0.08783385
2024-05,4967,2024-05-31,-0.0023868634335594222,71,2,0.20661156,0.117618926
2024-05,5225,2024-05-31,-0.002641042363608079,72,0,-0.012605056,-0.10159769
2024-05,6609,2024-05-31,-0.002837804701054986,73,0,-0.14727949,-0.23627211
2024-05,6215,2024-05-31,-0.0029012103460974723,74,1,0.022222174,-0.06677046
2024-05,3289,2024-05-31,-0.0029990586357671735,75,3,0.22352943,0.1345368
2024-06,3535,2024-06-28,0.3094288601036174,1,4,0.5642106,0.59932137
2024-06,6199,2024-06-28,0.18468232752635824,2,3,0.32967034,0.36478108
2024-06,3230,2024-06-28,0.1630066167618222,3,3,0.34687498,0.38198572
2024-06,8937,2024-06-28,0.1624999097370474,4,4,0.7278618,0.7629726
2024-06,5484,2024-06-28,0.1257028718102992,5,0,0.02564107,0.060751826
2024-06,3188,2024-06-28,0.12331043042451574,6,4,0.68831164,0.7234224
2024-06,4534,2024-06-28,0.11213834281291335,7,2,0.18652852,0.22163928
2024-06,5508,2024-06-28,0.10987231757906189,8,4,0.5005824,0.53569317
2024-06,3379,2024-06-28,0.10163106366078029,9,4,0.51393723,0.549048
2024-06,6177,2024-06-28,0.0968212035769287,10,3,0.20065464,0.2357654
2024-06,2548,2024-06-28,0.09496495542537736,11,3,0.24542119,0.28053194
2024-06,7547,2024-06-28,0.09361557942210352,12,4,1.02832,1.0634307
2024-06,6186,2024-06-28,0.086323534275641,13,2,0.17065558,0.20576634
2024-06,2534,2024-06-28,0.08467238685892196,14,2,0.17535377,0.21046452
2024-06,3052,2024-06-28,0.08218199474893435,15,1,0.06818182,0.10329258
2024-06,2543,2024-06-28,0.08202682044407172,16,4,0.44482362,0.47993436
2024-06,9946,2024-06-28,0.08165660390129122,17,1,0.06181823,0.096928984
2024-06,4416,2024-06-28,0.07982797262099281,18,1,0.06199184,0.0971026
2024-06,2542,2024-06-28,0.07951049625269978,19,3,0.23745176,0.2725625
2024-06,1436,2024-06-28,0.07950788147288369,20,3,0.27408686,0.3091976
2024-06,3056,2024-06-28,0.0792384117071324,21,1,0.106782064,0.14189282
2024-06,6442,2024-06-28,0.07859657775726375,22,3,0.3358831,0.37099385
2024-06,2504,2024-06-28,0.07815924109843611,23,2,0.19261831,0.22772907
2024-06,2597,2024-06-28,0.07706254967531073,24,3,0.23249295,0.2676037
2024-06,2442,2024-06-28,0.07658813901031253,25,2,0.18330611,0.21841687
2024-06,5213,2024-06-28,0.07479336549410437,26,3,0.31313142,0.34824216
2024-06,2528,2024-06-28,0.0741871436708851,27,1,0.1025358,0.13764656
2024-06,6219,2024-06-28,0.0740770901408442,28,3,0.34558818,0.38069892
2024-06,6640,2024-06-28,0.07404727026922092,29,4,0.44462818,0.47973892
2024-06,6869,2024-06-28,0.07388656441709322,30,0,-0.020145938,0.014964817
2024-06,5515,2024-06-28,0.07361398441414826,31,2,0.12115048,0.15626124
2024-06,2540,2024-06-28,0.07307533942125945,32,1,0.10052914,0.13563989
2024-06,1316,2024-06-28,0.07234160886230681,33,2,0.11640216,0.1515129
2024-06,5519,2024-06-28,0.0715439687657458,34,3,0.23196454,0.2670753
2024-06,2348,2024-06-28,0.07015814474642443,35,4,0.7560614,0.79117215
2024-06,7712,2024-06-28,0.0698761956152976,36,4,0.43987092,0.47498167
2024-06,3490,2024-06-28,0.0696943320093782,37,0,-0.04233728,-0.007226525
2024-06,2516,2024-06-28,0.06848506583924478,38,2,0.111999966,0.14711072
2024-06,2520,2024-06-28,0.06770585330627309,39,2,0.15473723,0.18984799
2024-06,2505,2024-06-28,0.06447557277523797,40,1,0.06972479,0.10483555
2024-06,2515,2024-06-28,0.06430251192049405,41,0,0.054054026,0.08916478
2024-06,2365,2024-06-28,0.06385633621501985,42,4,0.45906872,0.49417946
2024-06,6877,2024-06-28,0.06379984964244974,43,0,0.034146365,0.06925712
2024-06,5521,2024-06-28,0.0636288036038824,44,0,0.03984064,0.074951395
2024-06,3047,2024-06-28,0.06331595431211266,45,4,0.47560966,0.51072043
2024-06,2501,2024-06-28,0.06306430552711106,46,1,0.07045455,0.10556531
2024-06,1442,2024-06-28,0.06167991260528171,47,1,0.10714282,0.14225358
2024-06,8374,2024-06-28,0.06148419793142694,48,2,0.17561987,0.21073063
2024-06,5534,2024-06-28,0.058811091093488324,49,3,0.28767115,0.3227819
2024-06,5324,2024-06-28,0.05855560278440447,50,1,0.09090909,0.12601985
2024-06,4562,2024-06-28,0.053618086352679374,51,0,0.035781574,0.07089233
2024-06,2536,2024-06-28,0.051828174347586436,52,2,0.13430199,0.16941275
2024-06,2429,2024-06-28,0.05175588344356052,53,3,0.20474921,0.23985997
2024-06,2545,2024-06-28,0.05104042784131105,54,2,0.15070918,0.18581994
2024-06,1808,2024-06-28,0.05096873150328301,55,1,0.09292039,0.12803115
2024-06,4113,2024-06-28,0.05084842088233903,56,2,0.15195067,0.18706143
2024-06,2349,2024-06-28,0.05068312733416556,57,4,0.3886639,0.42377463
2024-06,6739,2024-06-28,0.05051128462127602,58,0,-0.0076923636,0.027418392
2024-06,4513,2024-06-28,0.049584896450961854,59,4,0.49687108,0.5319818
2024-06,1540,2024-06-28,0.04769505985144026,60,4,0.4461001,0.48121083
2024-06,8476,2024-06-28,0.04642405650072529,61,0,-0.008494029,0.026616726
2024-06,2539,2024-06-28,0.04585273883057342,62,1,0.06942605,0.10453681
2024-06,6541,2024-06-28,0.040961451334400864,63,1,0.08964143,0.124752186
2024-06,3580,2024-06-28,0.040954151844227044,64,2,0.16813049,0.20324124
2024-06,3498,2024-06-28,0.04079228602466797,65,0,-0.057446826,-0.022336071
2024-06,5522,2024-06-28,0.040290592908656234,66,1,0.09689448,0.13200523
2024-06,2530,2024-06-28,0.03980238213318354,67,3,0.2236024,0.25871316
2024-06,3293,2024-06-28,0.03917944260909431,68,2,0.14741257,0.18252333
2024-06,4716,2024-06-28,0.03729292086769674,69,0,0.015113312,0.050224066
2024-06,4766,2024-06-28,0.0355757707180863,70,0,-0.0436681,-0.008557344
2024-06,3499,2024-06-28,0.03557474638093277,71,0,-0.06711409,-0.032003336
2024-06,4166,2024-06-28,0.034818186664707484,72,0,0.022058766,0.057169523
2024-06,6706,2024-06-28,0.034782436806420826,73,1,0.0913242,0.12643495
2024-06,3349,2024-06-28,0.03437053314903578,74,3,0.22669493,0.26180568
2024-06,5278,2024-06-28,0.03334299443871715,75,0,-0.07279682,-0.037686065
2024-07,3230,2024-07-31,0.35855785551367364,1,4,1.123913,1.1161962
2024-07,8937,2024-07-31,0.29078226890533126,2,4,0.5856778,0.5779609
2024-07,6199,2024-07-31,0.2637366132676757,3,4,0.32269102,0.3149741
2024-07,4510,2024-07-31,0.18071147965900516,4,4,0.57163966,0.56392276
2024-07,4513,2024-07-31,0.15423561966905583,5,4,0.31640783,0.3086909
2024-07,6877,2024-07-31,0.15145658804994494,6,4,0.52125716,0.51354027
2024-07,3379,2024-07-31,0.13368571975380575,7,0,-0.032332487,-0.040049404
2024-07,5484,2024-07-31,0.11900936312450518,8,1,0.046451595,0.03873468
2024-07,6640,2024-07-31,0.10318581495789457,9,2,0.12958714,0.12187023
2024-07,2070,2024-07-31,0.09157293140254899,10,4,0.28431204,0.27659512
2024-07,3498,2024-07-31,0.0884146701568951,11,2,0.16666667,0.15894975
2024-07,1540,2024-07-31,0.0881140133512631,12,4,0.48717955,0.47946262
2024-07,4562,2024-07-31,0.0861112179672143,13,4,0.3350877,0.32737076
2024-07,6869,2024-07-31,0.08417036842791042,14,2,0.086666696,0.07894978
2024-07,4534,2024-07-31,0.08112182542336618,15,3,0.26548672,0.2577698
2024-07,3518,2024-07-31,0.08105001686350628,16,1,0.0078023206,8.540326e-05
2024-07,6541,2024-07-31,0.07947947162432,17,3,0.24259256,0.23487563
2024-07,3580,2024-07-31,0.07726851003961963,18,3,0.22406636,0.21634944
2024-07,3219,2024-07-31,0.07509311974305134,19,2,0.13306461,0.12534769
2024-07,3535,2024-07-31,0.07462226699184035,20,0,-0.071684584,-0.0794015
2024-07,3167,2024-07-31,0.07161355787353349,21,4,0.2820163,0.27429938
2024-07,3131,2024-07-31,0.06761944838506166,22,3,0.27743903,0.2697221
2024-07,7751,2024-07-31,0.06442244363979542,23,4,0.3115578,0.30384088
2024-07,5274,2024-07-31,0.06424456287775698,24,2,0.15876777,0.15105085
2024-07,3228,2024-07-31,0.061393604100219365,25,0,-0.039285716,-0.047002632
2024-07,3293,2024-07-31,0.06066800098199283,26,1,0.070013165,0.06229625
2024-07,6223,2024-07-31,0.05829912113516441,27,4,0.38709676,0.37937984
2024-07,3149,2024-07-31,0.05757590298805222,28,3,0.21739131,0.20967439
2024-07,8374,2024-07-31,0.05724427320738334,29,4,0.36320752,0.3554906
2024-07,6739,2024-07-31,0.0563402663806063,30,2,0.11111102,0.103394106
2024-07,8085,2024-07-31,0.055683589970328,31,0,-0.122933894,-0.13065082
2024-07,8104,2024-07-31,0.05528157953565821,32,1,-0.0056179776,-0.013334895
2024-07,3581,2024-07-31,0.05327204560509494,33,3,0.27073163,0.2630147
2024-07,4729,2024-07-31,0.052864615600835066,34,3,0.23678166,0.22906473
2024-07,3081,2024-07-31,0.052804530139487584,35,2,0.16465859,0.15694167
2024-07,4563,2024-07-31,0.05268135060507669,36,2,0.19483466,0.18711774
2024-07,5474,2024-07-31,0.052548263124124035,37,1,0.049504854,0.041787937
2024-07,6187,2024-07-31,0.052455925234517205,38,3,0.21212122,0.2044043
2024-07,8935,2024-07-31,0.05238419567073149,39,0,-0.07650272,-0.084219635
2024-07,3339,2024-07-31,0.05044983772006925,40,1,0.016949153,0.009232235
2024-07,1519,2024-07-31,0.050009959419100206,41,0,-0.059405867,-0.06712279
2024-07,8996,2024-07-31,0.04997512100933955,42,1,0.0345781,0.026861183
2024-07,6643,2024-07-31,0.04966310371476479,43,0,-0.1764192,-0.18413612
2024-07,3105,2024-07-31,0.04951121945574617,44,0,-0.032846645,-0.04056356
2024-07,2359,2024-07-31,0.04910800224361632,45,2,0.07973419,0.072017275
2024-07,3455,2024-07-31,0.04749421614184932,46,2,0.15611811,0.14840119
2024-07,3529,2024-07-31,0.047297996900940525,47,2,0.075789556,0.06807264
2024-07,8027,2024-07-31,0.0470440766811647,48,1,0.013953488,0.006236571
2024-07,2477,2024-07-31,0.04694268808512506,49,0,-0.06451616,-0.07223307
2024-07,4571,2024-07-31,0.04690489111354084,50,2,0.08264464,0.074927725
2024-07,6664,2024-07-31,0.0465926651757197,51,3,0.2155797,0.20786278
2024-07,6698,2024-07-31,0.04652091829504424,52,1,0.0,-0.0077169174
2024-07,6658,2024-07-31,0.04632779052611328,53,3,0.24628101,0.23856409
2024-07,2382,2024-07-31,0.0461359636995451,54,0,-0.026223738,-0.033940654
2024-07,5443,2024-07-31,0.045839929285104414,55,4,0.38356155,0.37584463
2024-07,3163,2024-07-31,0.045719993896384696,56,1,-0.011940246,-0.019657163
2024-07,1225,2024-07-31,0.04549932237622582,57,2,0.11385233,0.10613541
2024-07,6229,2024-07-31,0.045237147235858366,58,0,-0.021097038,-0.028813954
2024-07,3284,2024-07-31,0.045106835703006755,59,3,0.19825296,0.19053604
2024-07,3563,2024-07-31,0.04483820321512905,60,2,0.09607532,0.0883584
2024-07,6669,2024-07-31,0.044650830587786614,61,0,-0.10465116,-0.11236808
2024-07,2349,2024-07-31,0.04448885175920801,62,0,-0.04918031,-0.056897227
2024-07,4760,2024-07-31,0.04385698882932269,63,1,0.040816393,0.033099476
2024-07,6901,2024-07-31,0.04380424481637933,64,1,-0.008413425,-0.016130341
2024-07,6829,2024-07-31,0.04359288058415258,65,1,0.037914645,0.030197728
2024-07,3689,2024-07-31,0.043127260407628105,66,3,0.2256757,0.21795878
2024-07,3229,2024-07-31,0.04312015311827693,67,1,-0.019784145,-0.027501062
2024-07,4526,2024-07-31,0.042951931064784225,68,3,0.22942205,0.22170512
2024-07,6667,2024-07-31,0.04249279260806317,69,3,0.20954907,0.20183215
2024-07,3057,2024-07-31,0.042478546917021034,70,0,-0.043478288,-0.051195204
2024-07,6215,2024-07-31,0.0424082573432302,71,1,0.049668893,0.041951977
2024-07,6788,2024-07-31,0.0419705823653284,72,4,0.34999996,0.34228304
2024-07,3013,2024-07-31,0.04196991791251005,73,2,0.07142854,0.06371162
2024-07,5225,2024-07-31,0.04147354672050585,74,3,0.2393822,0.23166528
2024-07,3443,2024-07-31,0.04137054940254029,75,0,-0.04680851,-0.054525428
2024-08,8937,2024-08-30,0.12439103826152297,1,2,0.06616544,0.06812119
2024-08,5314,2024-08-30,0.09229652558074225,2,4,0.25920418,0.26115993
2024-08,3167,2024-08-30,0.08861335235732358,3,4,0.62528217,0.6272379
2024-08,3230,2024-08-30,0.07713387163285804,4,3,0.18750001,0.18945576
2024-08,8111,2024-08-30,0.041797289744309185,5,3,0.18543044,0.18738618
2024-08,6854,2024-08-30,0.04120266420626113,6,4,0.26535952,0.26731527
2024-08,3149,2024-08-30,0.032204787474506794,7,2,0.029411765,0.031367514
2024-08,3040,2024-08-30,0.030855092481890733,8,3,0.22680403,0.22875978
2024-08,5278,2024-08-30,0.029606636900744283,9,2,0.060267948,0.062223695
2024-08,6405,2024-08-30,0.02807418202338013,10,4,0.32333332,0.32528907
2024-08,4991,2024-08-30,0.026267922889495227,11,3,0.0809768,0.08293255
2024-08,2543,2024-08-30,0.025713760050324025,12,2,0.059050065,0.061005812
2024-08,7728,2024-08-30,0.02510312330375909,13,3,0.08550181,0.08745756
2024-08,3354,2024-08-30,0.02349967272289223,14,4,0.4051522,0.40710795
2024-08,5016,2024-08-30,0.023158255741667997,15,1,0.003603643,0.0055593913
2024-08,3081,2024-08-30,0.022956923308639302,16,4,0.6280992,0.63005495
2024-08,4577,2024-08-30,0.022268941811630878,17,2,0.029925207,0.031880956
2024-08,3349,2024-08-30,0.021793960875702744,18,0,-0.0852994,-0.083343655
2024-08,2426,2024-08-30,0.021015782014235734,19,1,-0.0065217544,-0.004566006
2024-08,2477,2024-08-30,0.0208126555294805,20,3,0.08108104,0.08303679
2024-08,4729,2024-08-30,0.01995088847816688,21,2,0.030141799,0.03209755
2024-08,6133,2024-08-30,0.019345434239666646,22,1,0.0,0.0019557483
2024-08,6541,2024-08-30,0.018826982534641983,23,0,-0.054495912,-0.052540164
2024-08,3508,2024-08-30,0.01828720041344519,24,0,-0.06203006,-0.06007431
2024-08,3293,2024-08-30,0.01827920822867186,25,4,0.2608695,0.26282525
2024-08,1721,2024-08-30,0.018251477303915593,26,4,0.48387098,0.48582673
2024-08,8040,2024-08-30,0.0177248181405882,27,2,0.025179837,0.027135585
2024-08,5386,2024-08-30,0.016989541422570545,28,0,-0.1563106,-0.15435486
2024-08,3086,2024-08-30,0.016921217140976882,29,4,0.40869603,0.41065177
2024-08,4716,2024-08-30,0.015525796926333508,30,3,0.19028334,0.19223909
2024-08,1569,2024-08-30,0.015419322867373504,31,4,0.2815884,0.28354415
2024-08,4174,2024-08-30,0.015169066923149904,32,0,-0.13929787,-0.13734213
2024-08,1735,2024-08-30,0.01435789610684583,33,2,0.01673638,0.018692128
2024-08,6187,2024-08-30,0.012816770719255341,34,3,0.21382843,0.21578418
2024-08,3689,2024-08-30,0.011996222024408091,35,1,-0.011969561,-0.010013812
2024-08,4166,2024-08-30,0.011824247745331909,36,0,-0.041198514,-0.039242767
2024-08,6588,2024-08-30,0.011560605633272972,37,2,0.054597747,0.056553494
2024-08,4541,2024-08-30,0.011244628454400895,38,1,-0.0070670615,-0.005111313
2024-08,6499,2024-08-30,0.011108243929573216,39,2,0.053530715,0.055486463
2024-08,3625,2024-08-30,0.010672001531840484,40,2,0.02800003,0.029955778
2024-08,3176,2024-08-30,0.010537135918724778,41,1,-0.007731939,-0.0057761907
2024-08,5536,2024-08-30,0.010465980055385083,42,3,0.10035843,0.102314174
2024-08,8069,2024-08-30,0.010410451006324319,43,0,-0.048701316,-0.04674557
2024-08,8044,2024-08-30,0.00968701872763829,44,1,-0.014681855,-0.012726107
2024-08,6919,2024-08-30,0.009450760752768229,45,0,-0.06666668,-0.06471093
2024-08,5475,2024-08-30,0.009307535589163151,46,1,-0.019736854,-0.017781107
2024-08,2491,2024-08-30,0.009258299532651604,47,1,-0.010752661,-0.008796913
2024-08,6739,2024-08-30,0.009123009449525071,48,4,0.2851852,0.28714094
2024-08,3430,2024-08-30,0.009053562530495688,49,4,0.4283464,0.43030214
2024-08,3481,2024-08-30,0.008506914990876014,50,2,0.022151863,0.02410761
2024-08,1528,2024-08-30,0.00850492887848047,51,0,-0.037931047,-0.0359753
2024-08,4576,2024-08-30,0.008026785876076697,52,2,0.016376786,0.018332534
2024-08,3057,2024-08-30,0.007778778925183146,53,0,-0.046153877,-0.04419813
2024-08,2852,2024-08-30,0.007730783342835722,54,0,-0.058091294,-0.056135546
2024-08,1727,2024-08-30,0.0076180570511931,55,3,0.20809253,0.21004827
2024-08,6727,2024-08-30,0.007148420867205514,56,3,0.13259661,0.13455236
2024-08,3455,2024-08-30,0.0067198499137359514,57,0,-0.033707883,-0.031752136
2024-08,6409,2024-08-30,0.006335456372450153,58,1,-0.0049140374,-0.002958289
2024-08,6284,2024-08-30,0.00622882101364785,59,0,-0.12873326,-0.12677751
2024-08,1584,2024-08-30,0.006197066796730491,60,1,-0.015503907,-0.013548158
2024-08,3094,2024-08-30,0.005900218333011986,61,1,0.004511369,0.0064671175
2024-08,2233,2024-08-30,0.005850769489454286,62,2,0.02777782,0.029733568
2024-08,2484,2024-08-30,0.0056656614737746035,63,2,0.010204175,0.012159923
2024-08,6152,2024-08-30,0.005518050154198724,64,1,0.006060629,0.008016378
2024-08,5234,2024-08-30,0.005484597666095928,65,4,0.3626062,0.36456195
2024-08,3308,2024-08-30,0.005269527201878712,66,0,-0.04892368,-0.04696793
2024-08,3227,2024-08-30,0.0052578973372307755,67,4,0.29638556,0.2983413
2024-08,6199,2024-08-30,0.005145929720711018,68,0,-0.06666669,-0.064710945
2024-08,1527,2024-08-30,0.005006843478621493,69,1,-0.0042373044,-0.0022815561
2024-08,3499,2024-08-30,0.004987280413571114,70,3,0.13300496,0.13496071
2024-08,8176,2024-08-30,0.004576145992117708,71,1,-0.013114742,-0.0111589935
2024-08,4977,2024-08-30,0.00420035951249956,72,4,0.3918206,0.39377636
2024-08,6823,2024-08-30,0.004173865252634335,73,3,0.10420163,0.10615738
2024-08,1595,2024-08-30,0.004082360651367786,74,3,0.13125,0.13320574
2024-08,6174,2024-08-30,0.004005759162884766,75,3,0.15856776,0.1605235
2024-09,8937,2024-09-30,0.16853520209710487,1,4,0.3160839,0.29108718
2024-09,5314,2024-09-30,0.09946381398503212,2,4,0.1971154,0.17211866
2024-09,6854,2024-09-30,0.079898164645887,3,4,0.5361139,0.51111716
2024-09,5608,2024-09-30,0.07334354718421861,4,0,-0.0473684,-0.07236514
2024-09,6199,2024-09-30,0.06306875258705116,5,4,0.25871557,0.23371883
2024-09,4991,2024-09-30,0.05384562480139006,6,4,0.7464454,0.72144866
2024-09,2543,2024-09-30,0.04753408297857633,7,4,0.41126564,0.3862689
2024-09,6763,2024-09-30,0.02936519656987696,8,4,0.92517024,0.9001735
2024-09,5278,2024-09-30,0.024156636213592046,9,4,0.23012562,0.20512888
2024-09,8044,2024-09-30,0.022093551531289814,10,4,0.608985,0.58398825
2024-09,2851,2024-09-30,0.02181218669062236,11,2,0.03838767,0.013390931
2024-09,8034,2024-09-30,0.021641854705366805,12,3,0.15749995,0.13250321
2024-09,3211,2024-09-30,0.02115651878822563,13,2,0.03883493,0.01383819
2024-09,4577,2024-09-30,0.020419111698122838,14,4,0.26570046,0.24070372
2024-09,3135,2024-09-30,0.017648945608505433,15,2,0.03210087,0.0071041314
2024-09,7728,2024-09-30,0.014797358795854912,16,2,0.03020136,0.005204621
2024-09,3054,2024-09-30,0.012850420600320977,17,1,-0.032679737,-0.057676475
2024-09,3508,2024-09-30,0.01177858871011856,18,3,0.17296225,0.1479655
2024-09,3625,2024-09-30,0.009978742256545952,19,0,-0.063492075,-0.08848882
2024-09,3349,2024-09-30,0.00946764631803196,20,2,0.031999968,0.007003228
2024-09,8404,2024-09-30,0.00855124678047059,21,4,0.20355731,0.17856057
2024-09,4166,2024-09-30,0.006445478177638807,22,4,0.4377432,0.41274646
2024-09,1595,2024-09-30,0.006307101410145839,23,4,0.5489549,0.52395815
2024-09,6823,2024-09-30,0.006119139086893415,24,3,0.111111164,0.08611442
2024-09,6530,2024-09-30,0.00478289673546825,25,3,0.16563472,0.14063798
2024-09,3665,2024-09-30,0.004654007853294991,26,1,0.0032085602,-0.02178818
2024-09,6541,2024-09-30,0.004610390377665649,27,0,-0.100000024,-0.12499677
2024-09,2102,2024-09-30,0.004559919955315819,28,1,-0.011312217,-0.036308955
2024-09,6409,2024-09-30,0.004368714993564305,29,2,0.024449902,-0.0005468379
2024-09,2534,2024-09-30,0.004192715995260816,30,2,0.025440356,0.00044361615
2024-09,2431,2024-09-30,0.0037932128121602494,31,4,0.40977442,0.3847777
2024-09,8176,2024-09-30,0.003682323960614887,32,3,0.08873722,0.06374048
2024-09,6994,2024-09-30,0.0033673230426154183,33,1,0.020491773,-0.0045049665
2024-09,6588,2024-09-30,0.0032346334514078124,34,3,0.08149173,0.056494992
2024-09,6152,2024-09-30,0.00283809608168535,35,0,-0.07854981,-0.10354655
2024-09,8935,2024-09-30,0.002792765596427848,36,3,0.11357348,0.088576734
2024-09,2491,2024-09-30,0.0024326981835721124,37,1,-0.014652001,-0.03964874
2024-09,4729,2024-09-30,0.00210812144225091,38,2,0.030874828,0.005878088
2024-09,2360,2024-09-30,0.002071681243669299,39,3,0.13333338,0.10833664
2024-09,1717,2024-09-30,0.0014653942032851685,40,0,-0.08563137,-0.11062811
2024-09,1517,2024-09-30,0.0009958004157511224,41,0,-0.07453421,-0.09953095
2024-09,1722,2024-09-30,0.0007110066925634197,42,1,0.0017270893,-0.02326965
2024-09,5302,2024-09-30,0.00040271139457066096,43,0,-0.055084795,-0.08008154
2024-09,3236,2024-09-30,0.00013905999218680475,44,2,0.06220095,0.03720421
2024-09,8476,2024-09-30,-7.195603048007335e-05,45,0,-0.45825768,-0.4832544
2024-09,3617,2024-09-30,-0.0001858042966107889,46,1,-0.027906956,-0.052903697
2024-09,3455,2024-09-30,-0.000260347002826284,47,3,0.08076926,0.055772524
2024-09,2207,2024-09-30,-0.0004283282893418913,48,0,-0.100141,-0.12513773
2024-09,1527,2024-09-30,-0.00044408686775717526,49,0,-0.075451635,-0.10044838
2024-09,4764,2024-09-30,-0.0007861620481061858,50,1,0.015283859,-0.0097128805
2024-09,2025,2024-09-30,-0.0008240244163033706,51,0,-0.05555542,-0.08055216
2024-09,5228,2024-09-30,-0.0008598107588587185,52,0,-0.050000016,-0.074996755
2024-09,3323,2024-09-30,-0.0009967042988680418,53,3,0.079591796,0.054595057
2024-09,6163,2024-09-30,-0.0011216775176400757,54,0,-0.12932609,-0.15432283
2024-09,3490,2024-09-30,-0.0011246205142423863,55,2,0.079341285,0.054344546
2024-09,7721,2024-09-30,-0.0011600428507712406,56,3,0.15504967,0.13005292
2024-09,3467,2024-09-30,-0.0012429130924676136,57,2,0.035156254,0.010159514
2024-09,3131,2024-09-30,-0.001262611453557608,58,1,-0.03693183,-0.06192857
2024-09,8932,2024-09-30,-0.0014923375199121219,59,3,0.14907598,0.12407924
2024-09,3057,2024-09-30,-0.0018480823203033652,60,2,0.044354856,0.019358117
2024-09,5536,2024-09-30,-0.0018896426738050781,61,3,0.15635185,0.1313551
2024-09,2357,2024-09-30,-0.0019179198812700525,62,2,0.05045042,0.02545368
2024-09,6167,2024-09-30,-0.0020287945137414587,63,2,0.04193548,0.016938742
2024-09,3056,2024-09-30,-0.0020516932120465243,64,1,-0.015243923,-0.040240664
2024-09,7751,2024-09-30,-0.0021536299716560193,65,1,-0.037931044,-0.06292778
2024-09,2852,2024-09-30,-0.002202914495339911,66,1,0.01324508,-0.01175166
2024-09,1432,2024-09-30,-0.002533637213974166,67,1,0.021333313,-0.003663427
2024-09,3518,2024-09-30,-0.002608813767370137,68,1,0.018957358,-0.006039382
2024-09,5315,2024-09-30,-0.0026135518577845318,69,2,0.06315798,0.038161244
2024-09,7709,2024-09-30,-0.0027624170098138313,70,3,0.11111111,0.08611437
2024-09,3040,2024-09-30,-0.0032301513124718606,71,0,-0.11029412,-0.13529086
2024-09,6438,2024-09-30,-0.0036752899820241924,72,4,0.31788078,0.29288405
2024-09,4971,2024-09-30,-0.003721374053368878,73,0,-0.055844195,-0.08084094
2024-09,2461,2024-09-30,-0.004055853105436485,74,1,-0.024498949,-0.04949569
2024-09,6890,2024-09-30,-0.0043895815944698805,75,3,0.12698412,0.10198738
2024-10,8937,2024-10-30,0.166952588977678,1,4,0.586758,0.60961163
2024-10,5314,2024-10-30,0.15967047828867245,2,4,0.7644445,0.7872981
2024-10,3211,2024-10-30,0.1224093942913348,3,4,0.69811326,0.7209669
2024-10,4991,2024-10-30,0.11050382899438815,4,4,0.40273553,0.42558914
2024-10,3230,2024-10-30,0.05718767722747805,5,3,0.17595622,0.19880983
2024-10,6199,2024-10-30,0.05394233802855973,6,4,0.29325515,0.31610876
2024-10,6541,2024-10-30,0.05189743656575133,7,2,0.060995173,0.08384879
2024-10,3625,2024-10-30,0.036656917573284264,8,4,0.2584746,0.2813282
2024-10,2387,2024-10-30,0.03256302236138453,9,3,0.14234233,0.16519594
2024-10,3665,2024-10-30,0.029738485263575056,10,4,0.3116179,0.33447152
2024-10,4166,2024-10-30,0.028068373842612297,11,0,-0.018918939,0.0039346754
2024-10,3323,2024-10-30,0.02521844892278685,12,4,0.47430837,0.49716198
2024-10,6546,2024-10-30,0.02326554734327721,13,3,0.12500004,0.14785366
2024-10,7728,2024-10-30,0.022769962899219627,14,1,0.012986983,0.035840597
2024-10,2404,2024-10-30,0.022248670287718784,15,4,0.2402403,0.26309392
2024-10,6640,2024-10-30,0.02192142186761728,16,3,0.099999934,0.12285355
2024-10,5278,2024-10-30,0.0218710296915652,17,3,0.088586055,0.11143967
2024-10,2534,2024-10-30,0.018891225800452056,18,1,0.026923094,0.049776707
2024-10,8114,2024-10-30,0.018060354726978443,19,4,0.5481482,0.5710018
2024-10,1402,2024-10-30,0.017269544250208445,20,0,-0.05670831,-0.033854697
2024-10,1569,2024-10-30,0.016932318034082128,21,4,0.71225077,0.7351044
2024-10,2357,2024-10-30,0.016754461041026625,22,2,0.050632957,0.073486574
2024-10,2345,2024-10-30,0.016558723356979714,23,4,0.2207547,0.24360831
2024-10,6409,2024-10-30,0.015517247086324681,24,0,-0.09535454,-0.07250093
2024-10,6757,2024-10-30,0.01540837535446498,25,4,0.23015873,0.25301236
2024-10,8069,2024-10-30,0.015074766021488873,26,1,-0.012280675,0.010572939
2024-10,8215,2024-10-30,0.014498311612606361,27,2,0.05993685,0.082790464
2024-10,6015,2024-10-30,0.014027439024811027,28,2,0.035242192,0.058095805
2024-10,6919,2024-10-30,0.013845805262648721,29,4,0.2208333,0.24368691
2024-10,2852,2024-10-30,0.013763297385778462,30,3,0.081497684,0.1043513
2024-10,2207,2024-10-30,0.011982182072906498,31,0,-0.029595058,-0.006741444
2024-10,2850,2024-10-30,0.01190948698643868,32,1,0.012244868,0.035098482
2024-10,6669,2024-10-30,0.011639716627636267,33,2,0.07317079,0.0960244
2024-10,5536,2024-10-30,0.011439126599795891,34,0,-0.13239433,-0.109540716
2024-10,2379,2024-10-30,0.011403983000919566,35,2,0.040838853,0.063692465
2024-10,2845,2024-10-30,0.01096606734010074,36,2,0.03065131,0.053504925
2024-10,2618,2024-10-30,0.010927992125205782,37,3,0.15130673,0.17416035
2024-10,2423,2024-10-30,0.010902557447136384,38,1,0.0058275512,0.028681165
2024-10,3002,2024-10-30,0.010783995114841514,39,0,-0.10736191,-0.0845083
2024-10,3017,2024-10-30,0.010717740518976851,40,2,0.04918036,0.07203397
2024-10,2059,2024-10-30,0.010447023140440933,41,3,0.13469388,0.15754749
2024-10,3617,2024-10-30,0.010423405437796813,42,3,0.12762511,0.15047872
2024-10,3499,2024-10-30,0.010383848886523654,43,3,0.101941764,0.12479538
2024-10,1712,2024-10-30,0.010354593820543961,44,3,0.07775126,0.10060487
2024-10,3324,2024-10-30,0.010334059271312887,45,3,0.087096706,0.10995032
2024-10,2352,2024-10-30,0.010300844834640853,46,2,0.03802815,0.060881764
2024-10,3293,2024-10-30,0.010162096081862335,47,0,-0.07164179,-0.048788175
2024-10,2377,2024-10-30,0.009751983174859265,48,0,-0.03448279,-0.011629174
2024-10,2360,2024-10-30,0.0095700485053845,49,1,-0.013269057,0.009584557
2024-10,3229,2024-10-30,0.009492167748790754,50,0,-0.020997357,0.0018562577
2024-10,1560,2024-10-30,0.009395800583542281,51,0,-0.031456944,-0.00860333
2024-10,2603,2024-10-30,0.009302785334832387,52,2,0.048309144,0.07116276
2024-10,6164,2024-10-30,0.00907141267699471,53,0,-0.030405376,-0.007551762
2024-10,2301,2024-10-30,0.009022695214364386,54,2,0.045226127,0.06807974
2024-10,2354,2024-10-30,0.008915844140085139,55,1,-0.01515146,0.0077021546
2024-10,2883,2024-10-30,0.008850970482874239,56,2,0.042424306,0.06527792
2024-10,3467,2024-10-30,0.008793649051395175,57,0,-0.043071188,-0.020217573
2024-10,8104,2024-10-30,0.008792111627995522,58,4,0.29698384,0.31983745
2024-10,2324,2024-10-30,0.0086611044884245,59,3,0.07871727,0.10157088
2024-10,1471,2024-10-30,0.008614032530293263,60,3,0.13618676,0.15904038
2024-10,3131,2024-10-30,0.008342307888504574,61,1,-0.012539216,0.0103143975
2024-10,6221,2024-10-30,0.008289102877347533,62,1,-0.015105741,0.007747873
2024-10,4749,2024-10-30,0.008284526122880779,63,0,-0.14643797,-0.12358436
2024-10,6024,2024-10-30,0.008248471645875782,64,2,0.0301418,0.052995414
2024-10,5880,2024-10-30,0.008239933055944374,65,1,-0.0039682044,0.01888541
2024-10,2855,2024-10-30,0.008217060071818032,66,1,0.029296821,0.052150436
2024-10,6526,2024-10-30,0.007978995156485801,67,1,0.0049505057,0.02780412
2024-10,3206,2024-10-30,0.007796164560460897,68,0,-0.109704666,-0.08685105
2024-10,5475,2024-10-30,0.007766401767253364,69,1,0.019157087,0.042010702
2024-10,2461,2024-10-30,0.007678613963230556,70,0,-0.032558147,-0.009704533
2024-10,3515,2024-10-30,0.00765344256071233,71,3,0.17128468,0.19413829
2024-10,3135,2024-10-30,0.0074406086747481025,72,1,-0.017711213,0.0051424014
2024-10,2382,2024-10-30,0.00728420241206923,73,1,-0.006896558,0.015957056
2024-10,5225,2024-10-30,0.007184455584360423,74,2,0.07377049,0.096624106
2024-10,2812,2024-10-30,0.007138620785424739,75,2,0.053521212,0.07637483
2024-11,5314,2024-11-29,0.4313778223183364,1,4,0.5602837,0.51477313
2024-11,6199,2024-11-29,0.0750628834304144,2,4,0.3680258,0.32251522
2024-11,6854,2024-11-29,0.07492618820870964,3,4,0.1958042,0.15029359
2024-11,2466,2024-11-29,0.0578852664408094,4,4,1.046921,1.0014104
2024-11,4931,2024-11-29,0.0437735545002034,5,3,0.1391162,0.0936056
2024-11,4991,2024-11-29,0.030260264906124008,6,4,0.38945237,0.34394178
2024-11,3211,2024-11-29,0.02436077275258142,7,2,0.034398016,-0.011112582
2024-11,2404,2024-11-29,0.020987073663306127,8,3,0.050588265,0.005077667
2024-11,7721,2024-11-29,0.01531121241060939,9,2,-0.0012611315,-0.04677173
2024-11,3041,2024-11-29,0.011271035547109272,10,4,0.36510798,0.3195974
2024-11,5484,2024-11-29,0.010727918264428114,11,4,0.2607004,0.2151898
2024-11,6515,2024-11-29,0.00976117169386973,12,2,0.025641058,-0.01986954
2024-11,6739,2024-11-29,0.009383365661939142,13,3,0.10277775,0.05726715
2024-11,7547,2024-11-29,0.008378326244736046,14,0,-0.111253165,-0.15676376
2024-11,4977,2024-11-29,0.006811633125108115,15,4,0.21138217,0.16587156
2024-11,8932,2024-11-29,0.006384810673177815,16,3,0.056257196,0.010746598
2024-11,6215,2024-11-29,0.005361348425304308,17,4,0.44019932,0.39468873
2024-11,6409,2024-11-29,0.004226012314432997,18,2,0.015957426,-0.029553171
2024-11,5234,2024-11-29,0.003857681442709388,19,0,-0.08937204,-0.13488264
2024-11,6962,2024-11-29,0.0038450644405433935,20,1,-0.04324323,-0.08875383
2024-11,5278,2024-11-29,0.003229036144673276,21,4,0.2206573,0.1751467
2024-11,6706,2024-11-29,0.0018550124807838668,22,0,-0.125,-0.1705106
2024-11,2233,2024-11-29,0.0016262816063169186,23,4,0.48595512,0.44044453
2024-11,6658,2024-11-29,0.0007424872683309317,24,1,-0.017766587,-0.063277185
2024-11,3131,2024-11-29,0.0005671798914101447,25,0,-0.14670663,-0.19221723
2024-11,4749,2024-11-29,2.847743167263187e-06,26,1,-0.027737247,-0.07324784
2024-11,3017,2024-11-29,-2.7073210133726368e-05,27,1,-0.01851852,-0.06402912
2024-11,3019,2024-11-29,-0.000544425951175999,28,4,0.68518513,0.63967454
2024-11,5536,2024-11-29,-0.0006038811644330361,29,3,0.15629973,0.11078913
2024-11,6994,2024-11-29,-0.0008060497423965815,30,3,0.07762555,0.032114953
2024-11,2727,2024-11-29,-0.0008929553836204539,31,2,0.038793113,-0.006717485
2024-11,8045,2024-11-29,-0.0015314842779402102,32,0,-0.13876146,-0.18427207
2024-11,2609,2024-11-29,-0.002322186649023969,33,2,0.017473064,-0.028037533
2024-11,8042,2024-11-29,-0.0023453680215020853,34,0,-0.105882384,-0.15139298
2024-11,2332,2024-11-29,-0.0025925998910975114,35,3,0.18636373,0.14085312
2024-11,3689,2024-11-29,-0.0031094747143767527,36,4,0.24092016,0.19540955
2024-11,3135,2024-11-29,-0.0033099988811431482,37,0,-0.059392307,-0.10490291
2024-11,3029,2024-11-29,-0.0035258102354127686,38,4,0.22510819,0.17959759
2024-11,2330,2024-11-29,-0.0035742230713479133,39,3,0.072733074,0.027222477
2024-11,2354,2024-11-29,-0.0040023333561478225,40,0,-0.060344703,-0.1058553
2024-11,2603,2024-11-29,-0.004120474457895354,41,2,0.027272666,-0.018237932
2024-11,2534,2024-11-29,-0.004413025610563537,42,1,-0.047706407,-0.09321701
2024-11,4556,2024-11-29,-0.004455247847412596,43,1,-0.018691545,-0.064202145
2024-11,8064,2024-11-29,-0.004800993242691601,44,2,0.02654867,-0.018961927
2024-11,4577,2024-11-29,-0.004808866144142604,45,3,0.16387336,0.11836276
2024-11,6175,2024-11-29,-0.005168529959264668,46,1,-0.035108928,-0.08061953
2024-11,6024,2024-11-29,-0.0051960299766683656,47,1,-0.012027504,-0.057538103
2024-11,6558,2024-11-29,-0.005297037177513387,48,2,0.0074720015,-0.038038597
2024-11,2102,2024-11-29,-0.0055359996390757765,49,0,-0.12064958,-0.16616018
2024-11,8069,2024-11-29,-0.005664343593100331,50,1,-0.039007023,-0.08451762
2024-11,2357,2024-11-29,-0.005710693399785418,51,2,0.0505051,0.0049945037
2024-11,6546,2024-11-29,-0.005736654383175287,52,3,0.12499994,0.07948934
2024-11,3293,2024-11-29,-0.005851498044100346,53,2,0.007291696,-0.0382189
2024-11,6220,2024-11-29,-0.005981742931605947,54,1,-0.048042674,-0.093553275
2024-11,3213,2024-11-29,-0.0060133007061842466,55,2,0.02461894,-0.020891657
2024-11,4510,2024-11-29,-0.006109933053855668,56,1,-0.0336735,-0.0791841
2024-11,5871,2024-11-29,-0.006134907576427787,57,0,-0.0624999,-0.1080105
2024-11,2615,2024-11-29,-0.006225980591261151,58,1,-0.036860824,-0.08237142
2024-11,6231,2024-11-29,-0.006370721330946745,59,0,-0.17405063,-0.21956123
2024-11,5434,2024-11-29,-0.006616380833142307,60,1,-0.025210142,-0.07072074
2024-11,2345,2024-11-29,-0.0070367538985007935,61,3,0.19354835,0.14803775
2024-11,7709,2024-11-29,-0.007234459497303624,62,3,0.107583754,0.062073156
2024-11,6669,2024-11-29,-0.007238407292435065,63,4,0.310606,0.2650954
2024-11,4560,2024-11-29,-0.007393399400127743,64,2,0.038011648,-0.00749895
2024-11,5225,2024-11-29,-0.007487716743980771,65,0,-0.08518516,-0.13069576
2024-11,3617,2024-11-29,-0.0075052183837643945,66,3,0.06963785,0.024127252
2024-11,4166,2024-11-29,-0.00751079425177649,67,0,-0.07583549,-0.121346086
2024-11,3491,2024-11-29,-0.007522289622712935,68,3,0.072487645,0.026977047
2024-11,8162,2024-11-29,-0.007610949757744706,69,2,0.047375206,0.0018646079
2024-11,6148,2024-11-29,-0.007646621398193197,70,2,-0.007843153,-0.05335375
2024-11,8210,2024-11-29,-0.007664295845769463,71,0,-0.07876717,-0.12427777
2024-11,1216,2024-11-29,-0.00775190914669501,72,1,-0.02127647,-0.06678707
2024-11,2480,2024-11-29,-0.007807220413502136,73,3,0.10358572,0.058075123
2024-11,1712,2024-11-29,-0.007835118129948155,74,1,-0.04083878,-0.08634938
2024-11,2915,2024-11-29,-0.007883682730737546,75,0,-0.06347148,-0.10898208
2024-12,5314,2024-12-31,0.1794280038190613,1,3,0.09926469,0.08002579
2024-12,2466,2024-12-31,0.13939530337943515,2,4,0.2638889,0.24464999
2024-12,6485,2024-12-31,0.08392202640690825,3,4,0.38063055,0.36139166
2024-12,6215,2024-12-31,0.08034393079722732,4,4,0.47282606,0.45358717
2024-12,6919,2024-12-31,0.06678225175446176,5,4,0.36070856,0.34146968
2024-12,6541,2024-12-31,0.052353084601673774,6,2,0.021439416,0.0022005187
2024-12,3379,2024-12-31,0.04980541553107832,7,4,0.47883606,0.45959717
2024-12,3349,2024-12-31,0.046754474957076374,8,4,0.32456136,0.30532247
2024-12,2404,2024-12-31,0.038565302351222575,9,2,0.020876847,0.0016379496
2024-12,2616,2024-12-31,0.03435448413286776,10,2,0.011695843,-0.0075430544
2024-12,3081,2024-12-31,0.033246096631287574,11,4,0.29287598,0.2736371
2024-12,6596,2024-12-31,0.03314645516414753,12,0,-0.03978495,-0.059023846
2024-12,3360,2024-12-31,0.03228742014308154,13,0,-0.04210529,-0.061344188
2024-12,4971,2024-12-31,0.03175161697300699,14,4,0.2513782,0.2321393
2024-12,2211,2024-12-31,0.031261698112736915,15,1,0.001122328,-0.01811657
2024-12,4949,2024-12-31,0.03116337450420495,16,0,-0.04782611,-0.06706501
2024-12,6151,2024-12-31,0.030397891070905406,17,2,0.006476653,-0.012762245
2024-12,3019,2024-12-31,0.02953567585376128,18,1,-0.005347554,-0.024586452
2024-12,3131,2024-12-31,0.028757353182092875,19,0,-0.114478156,-0.13371706
2024-12,2423,2024-12-31,0.02851511944866746,20,3,0.108935155,0.08969626
2024-12,3490,2024-12-31,0.02850156068288716,21,2,0.032203447,0.0129645495
2024-12,8096,2024-12-31,0.028255964474772962,22,4,0.41546518,0.3962263
2024-12,9908,2024-12-31,0.027961699671778365,23,2,0.016638895,-0.002600002
2024-12,7721,2024-12-31,0.027740895106945246,24,0,-0.044416267,-0.06365517
2024-12,6146,2024-12-31,0.02741028571028398,25,1,-0.019277109,-0.038516007
2024-12,2221,2024-12-31,0.026889222499931302,26,1,0.0017361755,-0.017502721
2024-12,6854,2024-12-31,0.026136398186009817,27,1,-0.0074812965,-0.026720194
2024-12,2461,2024-12-31,0.025999284341707764,28,1,-0.005000025,-0.024238922
2024-12,5009,2024-12-31,0.025967838906102592,29,3,0.062365673,0.043126777
2024-12,5278,2024-12-31,0.025928020913748177,30,3,0.06371209,0.044473194
2024-12,1527,2024-12-31,0.025649174962035587,31,2,0.003584266,-0.015654631
2024-12,6477,2024-12-31,0.025095608986287692,32,4,0.23424876,0.21500985
2024-12,8935,2024-12-31,0.024997559007279863,33,3,0.09395975,0.07472085
2024-12,9904,2024-12-31,0.024937592096599227,34,2,0.0053908266,-0.013848071
2024-12,5225,2024-12-31,0.024890292995904416,35,3,0.056224946,0.03698605
2024-12,3305,2024-12-31,0.024888636323398623,36,3,0.082683414,0.06344452
2024-12,6743,2024-12-31,0.024720372026965635,37,3,0.06428573,0.045046836
2024-12,8422,2024-12-31,0.02453088296800836,38,2,0.00833333,-0.010905568
2024-12,8438,2024-12-31,0.02448168289314222,39,1,-0.017656436,-0.036895335
2024-12,9940,2024-12-31,0.02430839762011675,40,1,-0.008771934,-0.02801083
2024-12,1712,2024-12-31,0.024182916165414167,41,3,0.06728536,0.048046462
2024-12,4722,2024-12-31,0.02410765261141334,42,3,0.16702351,0.1477846
2024-12,1584,2024-12-31,0.02398410032027135,43,0,-0.060449086,-0.07968798
2024-12,2020,2024-12-31,0.023934661735819974,44,2,0.008928583,-0.010310315
2024-12,4556,2024-12-31,0.023819969216206723,45,1,-0.021875028,-0.041113924
2024-12,8415,2024-12-31,0.023296434677013103,46,2,0.031111134,0.011872237
2024-12,8464,2024-12-31,0.023171232730579527,47,4,0.19372441,0.1744855
2024-12,1308,2024-12-31,0.02307592252519209,48,2,0.007407448,-0.011831449
2024-12,7547,2024-12-31,0.0230718178366371,49,4,0.21985807,0.20061916
2024-12,2534,2024-12-31,0.023024389700208217,50,0,-0.033530597,-0.052769493
2024-12,3054,2024-12-31,0.023008198757713105,51,0,-0.060240965,-0.079479866
2024-12,2468,2024-12-31,0.022923294250546306,52,4,0.3234126,0.3041737
2024-12,5315,2024-12-31,0.022884806891826447,53,3,0.03759402,0.018355124
2024-12,4741,2024-12-31,0.022790576268512226,54,1,1.8555813e-08,-0.01923888
2024-12,4162,2024-12-31,0.022688010104181866,55,4,0.32709238,0.3078535
2024-12,6776,2024-12-31,0.022409887093286562,56,0,-0.02653396,-0.045772858
2024-12,2608,2024-12-31,0.0223523501074278,57,1,-0.0012987421,-0.020537639
2024-12,4105,2024-12-31,0.022119723570191867,58,3,0.049046308,0.029807411
2024-12,2107,2024-12-31,0.022053504840666673,59,2,0.0038835728,-0.015355324
2024-12,3685,2024-12-31,0.021970234623659487,60,0,-0.124610536,-0.14384943
2024-12,6226,2024-12-31,0.021892527478241254,61,1,-0.012415311,-0.03165421
2024-12,8908,2024-12-31,0.02187446959867744,62,1,-0.0054230373,-0.024661934
2024-12,9941,2024-12-31,0.021844778800997448,63,3,0.13461539,0.115376495
2024-12,1313,2024-12-31,0.021727201435026773,64,0,-0.034988653,-0.05422755
2024-12,4560,2024-12-31,0.021675663725823125,65,1,-0.022346351,-0.041585248
2024-12,2850,2024-12-31,0.021641072149619463,66,0,-0.032710284,-0.05194918
2024-12,8349,2024-12-31,0.021574366616102892,67,2,0.0032680067,-0.015970891
2024-12,6885,2024-12-31,0.021549679093098968,68,0,-0.0338164,-0.053055298
2024-12,9925,2024-12-31,0.021534402355473412,69,1,0.0012225359,-0.018016363
2024-12,6206,2024-12-31,0.021359823129187515,70,4,0.27417523,0.25493634
2024-12,2303,2024-12-31,0.021241578110698718,71,0,-0.06410264,-0.08334154
2024-12,6141,2024-12-31,0.02121782506390589,72,3,0.043750048,0.024511151
2024-12,2477,2024-12-31,0.02119984856197778,73,0,-0.044091746,-0.06333064
2024-12,2535,2024-12-31,0.02114518726981344,74,3,0.04655493,0.027316034
2024-12,3339,2024-12-31,0.021048539521943632,75,2,0.02457755,0.005338653
2025-01,3379,2025-01-22,0.21452296510290064,1,4,0.24094203,0.2736369
2025-01,5314,2025-01-22,0.2144006508605366,2,2,0.06524636,0.09794123
2025-01,2516,2025-01-22,0.16014074923848318,3,4,0.46726194,0.49995682
2025-01,2429,2025-01-22,0.10861492704613758,4,4,0.2945205,0.32721537
2025-01,3213,2025-01-22,0.10842621993640167,5,4,0.67270523,0.7054001
2025-01,4949,2025-01-22,0.10179746338948474,6,4,0.3599033,0.39259818
2025-01,2466,2025-01-22,0.09043077442821705,7,0,-0.028025439,0.004669428
2025-01,2484,2025-01-22,0.08942487012332294,8,3,0.108559385,0.14125425
2025-01,8234,2025-01-22,0.08711335976166754,9,4,0.7148148,0.74750966
2025-01,2032,2025-01-22,0.0868132527171594,10,4,0.4856115,0.5183064
2025-01,1709,2025-01-22,0.08452573116808391,11,2,0.053658556,0.08635342
2025-01,1906,2025-01-22,0.08426856472915818,12,1,0.0144404145,0.047135282
2025-01,3052,2025-01-22,0.08370422638708366,13,2,0.067567565,0.10026243
2025-01,2468,2025-01-22,0.08349366762480571,14,4,0.3807615,0.41345638
2025-01,6541,2025-01-22,0.08091843945835908,15,3,0.11773253,0.1504274
2025-01,1313,2025-01-22,0.08064772785838567,16,0,-0.0022573066,0.03043756
2025-01,1569,2025-01-22,0.08042535658628429,17,4,0.45286506,0.48555994
2025-01,1219,2025-01-22,0.0798204382909998,18,1,0.031358857,0.06405372
2025-01,2034,2025-01-22,0.07902929595242483,19,4,0.3399504,0.3726453
2025-01,4971,2025-01-22,0.07885641291649687,20,4,0.81136113,0.844056
2025-01,2312,2025-01-22,0.07849117770280234,21,2,0.05785127,0.09054614
2025-01,2069,2025-01-22,0.07768458604693788,22,3,0.12386714,0.156562
2025-01,2483,2025-01-22,0.07741993823192798,23,0,0.009302366,0.04199723
2025-01,1532,2025-01-22,0.07699417668450195,24,2,0.06644514,0.09914001
2025-01,3002,2025-01-22,0.07682175222239698,25,3,0.10370368,0.13639854
2025-01,2316,2025-01-22,0.07588916346473983,26,0,-0.06599999,-0.033305123
2025-01,1735,2025-01-22,0.0756558270927449,27,2,0.06361321,0.09630808
2025-01,2535,2025-01-22,0.07518909640825888,28,2,0.078467175,0.111162044
2025-01,1717,2025-01-22,0.07396824419846196,29,0,-3.9557968e-08,0.032694828
2025-01,1528,2025-01-22,0.07394089080164874,30,4,0.33457255,0.36726743
2025-01,2414,2025-01-22,0.0736003949884208,31,2,0.07703275,0.10972762
2025-01,2405,2025-01-22,0.07293393938331916,32,3,0.15303427,0.18572913
2025-01,2221,2025-01-22,0.07278928878263863,33,0,0.012152808,0.044847675
2025-01,3056,2025-01-22,0.0727854963571763,34,3,0.1135304,0.14622526
2025-01,2461,2025-01-22,0.07275285129204724,35,1,0.04188481,0.07457968
2025-01,2612,2025-01-22,0.07258279507958416,36,3,0.2005075,0.23320237
2025-01,1723,2025-01-22,0.07251566653131758,37,2,0.07150596,0.104200825
2025-01,2462,2025-01-22,0.0719131401235765,38,2,0.058593765,0.09128863
2025-01,4577,2025-01-22,0.07191035627076647,39,3,0.09019605,0.12289092
2025-01,1517,2025-01-22,0.07180318749528715,40,3,0.10305339,0.13574825
2025-01,1725,2025-01-22,0.07151011548908029,41,3,0.15443422,0.18712908
2025-01,2505,2025-01-22,0.07098492926396757,42,1,0.031175042,0.06386991
2025-01,2534,2025-01-22,0.07097173491949038,43,2,0.052192118,0.08488698
2025-01,3236,2025-01-22,0.070801284589379,44,0,-4.1868827e-08,0.032694824
2025-01,3026,2025-01-22,0.07069040667856864,45,1,0.023094673,0.05578954
2025-01,2355,2025-01-22,0.07064125636906253,46,1,0.045197632,0.0778925
2025-01,2536,2025-01-22,0.06984630187789179,47,1,0.02280126,0.055496126
2025-01,2413,2025-01-22,0.06979622671519617,48,1,0.027718533,0.0604134
2025-01,1907,2025-01-22,0.0692624279806618,49,0,0.0016694391,0.034364305
2025-01,2426,2025-01-22,0.06925492460075751,50,1,0.019655999,0.052350868
2025-01,1712,2025-01-22,0.06924947617416359,51,2,0.07070713,0.103401996
2025-01,1904,2025-01-22,0.06898596655571329,52,1,0.036082473,0.06877734
2025-01,1449,2025-01-22,0.06897755703115026,53,0,-0.0079575395,0.024737328
2025-01,2387,2025-01-22,0.06889223825511182,54,3,0.15737708,0.19007194
2025-01,1466,2025-01-22,0.06851967512795704,55,3,0.1404255,0.17312036
2025-01,4916,2025-01-22,0.06851712842655011,56,4,0.530303,0.5629979
2025-01,1905,2025-01-22,0.06846571073332666,57,1,0.033639096,0.066333964
2025-01,6226,2025-01-22,0.06845161945691465,58,0,0.011600972,0.04429584
2025-01,2478,2025-01-22,0.0681938775497404,59,0,-0.017738322,0.014956545
2025-01,2371,2025-01-22,0.06807282238878244,60,0,-0.011723478,0.02097139
2025-01,2020,2025-01-22,0.06793494953894905,61,3,0.0949821,0.12767696
2025-01,3071,2025-01-22,0.0678314683883862,62,1,0.050000057,0.082694925
2025-01,2444,2025-01-22,0.06777658375470959,63,1,0.024242401,0.05693727
2025-01,1304,2025-01-22,0.06766753741917837,64,1,0.030302957,0.062997825
2025-01,1611,2025-01-22,0.06761032529334972,65,2,0.05685622,0.089551084
2025-01,2106,2025-01-22,0.06750499809603148,66,2,0.058490537,0.091185406
2025-01,8096,2025-01-22,0.06745688779086591,67,4,0.5579975,0.5906924
2025-01,2608,2025-01-22,0.06737569426508912,68,0,7.234613e-08,0.03269494
2025-01,3050,2025-01-22,0.06725771573716631,69,2,0.069400705,0.102095574
2025-01,1227,2025-01-22,0.06725008548768241,70,1,0.020000039,0.052694906
2025-01,3205,2025-01-22,0.06703417395027206,71,0,-0.024999976,0.0076948907
2025-01,3078,2025-01-22,0.0667820579841656,72,3,0.10586729,0.13856216
2025-01,2543,2025-01-22,0.06671226260658168,73,4,0.28846154,0.3211564
2025-01,2471,2025-01-22,0.06657079926222102,74,3,0.079922065,0.112616934
2025-01,1201,2025-01-22,0.06649429236992495,75,0,-2.0452314e-08,0.032694846
2025-02,5314,2025-02-27,0.3483553796054176,1,4,0.78205127,0.8449619
2025-02,2429,2025-02-27,0.10129345597120415,2,4,0.7378379,0.8007485
2025-02,2466,2025-02-27,0.08186212203910491,3,3,0.008641938,0.07155252
2025-02,4303,2025-02-27,0.06764892188729416,4,4,0.43689328,0.49980387
2025-02,2468,2025-02-27,0.053336510824463355,5,4,0.71386,0.7767706
2025-02,2535,2025-02-27,0.05319544133748427,6,3,0.01027391,0.0731845
2025-02,1323,2025-02-27,0.04804950125463542,7,0,-0.075697154,-0.012786567
2025-02,1102,2025-02-27,0.04705462613806084,8,4,0.10328642,0.16619702
2025-02,6148,2025-02-27,0.0466540433811414,9,4,0.2351388,0.2980494
2025-02,1906,2025-02-27,0.04610028230687933,10,1,-0.046263374,0.016647212
2025-02,9908,2025-02-27,0.04515802747588061,11,1,-0.024311215,0.038599372
2025-02,1108,2025-02-27,0.044458574075223474,12,2,-0.016611278,0.04629931
2025-02,2069,2025-02-27,0.04333954323404308,13,1,-0.058047563,0.004863024
2025-02,8422,2025-02-27,0.04320265297532526,14,3,0.04582209,0.10873268
2025-02,3052,2025-02-27,0.041892518525231806,15,3,0.046413437,0.10932402
2025-02,5278,2025-02-27,0.041171723750636324,16,0,-0.07230424,-0.009393655
2025-02,1735,2025-02-27,0.041081242301514005,17,1,-0.04859324,0.014317345
2025-02,4105,2025-02-27,0.04052550436093321,18,2,-0.017988242,0.044922344
2025-02,8096,2025-02-27,0.04051665779973554,19,0,-0.08296942,-0.020058833
2025-02,3026,2025-02-27,0.039591684274708085,20,3,0.04157038,0.10448097
2025-02,6199,2025-02-27,0.0390085291961874,21,4,0.20754717,0.27045777
2025-02,2107,2025-02-27,0.03894275055735612,22,3,0.00570343,0.06861401
2025-02,1720,2025-02-27,0.03878755432496597,23,2,-0.023885325,0.039025262
2025-02,2221,2025-02-27,0.038658688311840876,24,3,0.026086908,0.0889975
2025-02,1709,2025-02-27,0.03806492721066886,25,0,-0.0877598,-0.024849214
2025-02,1721,2025-02-27,0.03744452379186633,26,0,-0.12933755,-0.06642696
2025-02,1604,2025-02-27,0.03680533440911698,27,2,0.0017606037,0.06467119
2025-02,2903,2025-02-27,0.036648995524076425,28,3,0.012396593,0.07530718
2025-02,2020,2025-02-27,0.03655553623611548,29,0,-0.076672144,-0.013761558
2025-02,2414,2025-02-27,0.03565827822986699,30,3,0.045333426,0.10824402
2025-02,1603,2025-02-27,0.03537419547243222,31,3,0.016574543,0.07948513
2025-02,2030,2025-02-27,0.03479266210434986,32,1,-0.05945944,0.0034511464
2025-02,5225,2025-02-27,0.03466572596210918,33,0,-0.06272017,0.00019041472
2025-02,8908,2025-02-27,0.03465950817225698,34,1,-0.052083302,0.010827284
2025-02,3028,2025-02-27,0.034364391458539104,35,3,0.0137614915,0.07667208
2025-02,1616,2025-02-27,0.0343178660548511,36,4,0.19900493,0.26191553
2025-02,5016,2025-02-27,0.034201126054503886,37,2,-0.010638344,0.05227224
2025-02,4104,2025-02-27,0.03397304704725114,38,3,0.019517858,0.08242845
2025-02,6499,2025-02-27,0.033894099715708025,39,4,0.08930668,0.15221727
2025-02,1708,2025-02-27,0.03388899224120222,40,0,-0.08405445,-0.021143861
2025-02,2010,2025-02-27,0.03376310300527936,41,4,0.08421055,0.14712115
2025-02,2852,2025-02-27,0.03357287991942329,42,4,0.12939005,0.19230063
2025-02,2617,2025-02-27,0.033483971375244205,43,1,-0.028124994,0.034785595
2025-02,3071,2025-02-27,0.033225141395974205,44,0,-0.079365045,-0.016454458
2025-02,1466,2025-02-27,0.03295879658366037,45,4,0.23897058,0.30188116
2025-02,1710,2025-02-27,0.03287724947004775,46,1,-0.03503186,0.027878728
2025-02,2423,2025-02-27,0.03280585520566891,47,3,0.023863684,0.086774275
2025-02,4541,2025-02-27,0.03280580358277593,48,4,0.4703448,0.5332554
2025-02,1313,2025-02-27,0.032723852176175204,49,3,0.03475329,0.09766388
2025-02,4707,2025-02-27,0.0324333091359717,50,0,-0.18466902,-0.12175843
2025-02,8415,2025-02-27,0.032391643118420736,51,1,-0.028423829,0.03448676
2025-02,2006,2025-02-27,0.03230127834189629,52,2,0.0010619272,0.06397251
2025-02,2912,2025-02-27,0.03226600821116503,53,2,-0.013435677,0.04947491
2025-02,1522,2025-02-27,0.03198283362295701,54,0,-0.116535455,-0.05362487
2025-02,1103,2025-02-27,0.03155496056141616,55,2,-0.018292664,0.044617925
2025-02,1584,2025-02-27,0.03151519411786957,56,4,0.13780259,0.20071317
2025-02,2062,2025-02-27,0.03150967267819618,57,2,-0.011290335,0.051620252
2025-02,2103,2025-02-27,0.03149631098935394,58,0,-0.089041054,-0.026130468
2025-02,4711,2025-02-27,0.03127222529471916,59,2,-0.0064516375,0.05645895
2025-02,1219,2025-02-27,0.03125229821130631,60,2,-0.010033419,0.05287717
2025-02,1717,2025-02-27,0.031192896009124664,61,2,-0.0052265082,0.05768408
2025-02,6277,2025-02-27,0.03088003990648539,62,1,-0.028720586,0.034190003
2025-02,1905,2025-02-27,0.030728134967943865,63,0,-0.09970668,-0.036796093
2025-02,6861,2025-02-27,0.030695629934321275,64,1,-0.062499974,0.0004106129
2025-02,6226,2025-02-27,0.030634030644304415,65,0,-0.08522727,-0.022316687
2025-02,2618,2025-02-27,0.030483217882716247,66,3,0.0035252604,0.06643584
2025-02,6596,2025-02-27,0.03037516603113778,67,4,0.08888882,0.15179941
2025-02,1904,2025-02-27,0.030324526093527465,68,1,-0.049140073,0.013770513
2025-02,1723,2025-02-27,0.030307917444023263,69,2,-0.0152593665,0.04765122
2025-02,1722,2025-02-27,0.030211494705962197,70,2,-0.022471923,0.040438663
2025-02,6776,2025-02-27,0.02989277415444881,71,1,-0.041736204,0.021174382
2025-02,9925,2025-02-27,0.02981951308782944,72,2,-0.00839328,0.054517306
2025-02,1712,2025-02-27,0.0297548681906818,73,1,-0.06206874,0.00084184506
2025-02,8109,2025-02-27,0.029506335796134882,74,1,-0.030999346,0.031911243
2025-02,2484,2025-02-27,0.029487738807746976,75,0,-0.081132025,-0.018221438
2025-03,2468,2025-03-31,0.12428000390938551,1,4,0.47289726,0.49516597
2025-03,6499,2025-03-31,0.10610076363310199,2,4,0.18466902,0.20693773
2025-03,5475,2025-03-31,0.06066862790431525,3,0,-0.12800004,-0.10573132
2025-03,6148,2025-03-31,0.053287589271006686,4,4,0.49526814,0.5175369
2025-03,3379,2025-03-31,0.05327128329931087,5,3,0.079646066,0.10191478
2025-03,6442,2025-03-31,0.05144162052493466,6,0,-0.16470589,-0.14243717
2025-03,6919,2025-03-31,0.046938988747543035,7,0,-0.16185689,-0.13958818
2025-03,2429,2025-03-31,0.04677751320323599,8,0,-0.1180328,-0.095764086
2025-03,3653,2025-03-31,0.046639619481792245,9,3,-2.2141446e-08,0.022268692
2025-03,3017,2025-03-31,0.04623342296797377,10,3,0.022026436,0.04429515
2025-03,6781,2025-03-31,0.045541206381765786,11,2,-0.0139535535,0.008315161
2025-03,6227,2025-03-31,0.04124684153513718,12,2,-0.041176442,-0.018907728
2025-03,4949,2025-03-31,0.041064322241666035,13,4,0.61944443,0.64171314
2025-03,3528,2025-03-31,0.04000270351370156,14,4,0.30118686,0.32345557
2025-03,3013,2025-03-31,0.039063314721457465,15,0,-0.20540546,-0.18313675
2025-03,6669,2025-03-31,0.0380331687610458,16,4,0.13353121,0.15579993
2025-03,3147,2025-03-31,0.036574562553757926,17,4,0.6897591,0.7120278
2025-03,3219,2025-03-31,0.033436564171897866,18,4,0.15529744,0.17756616
2025-03,1560,2025-03-31,0.029265615631399178,19,3,0.10681822,0.12908694
2025-03,5269,2025-03-31,0.026490345310997577,20,1,-0.056179788,-0.033911075
2025-03,4571,2025-03-31,0.026387599276191442,21,1,-0.08181817,-0.05954946
2025-03,2345,2025-03-31,0.02593409094652459,22,3,0.0050761052,0.02734482
2025-03,4562,2025-03-31,0.025716494504109195,23,3,0.05851064,0.08077935
2025-03,3029,2025-03-31,0.025504793008742553,24,3,0.008130081,0.030398795
2025-03,6805,2025-03-31,0.025044728222465163,25,0,-0.22288133,-0.20061262
2025-03,3019,2025-03-31,0.025036261912231433,26,2,-0.049295742,-0.027027028
2025-03,6187,2025-03-31,0.024454461188870995,27,1,-0.07608695,-0.05381824
2025-03,8028,2025-03-31,0.02428887202696748,28,4,0.11538462,0.13765334
2025-03,2382,2025-03-31,0.02377669373613738,29,3,0.050660763,0.07292948
2025-03,6789,2025-03-31,0.023572207821778685,30,1,-0.09865472,-0.076386005
2025-03,3533,2025-03-31,0.023390312846460135,31,0,-0.122806996,-0.10053828
2025-03,3580,2025-03-31,0.0229449898724092,32,4,0.11808674,0.14035545
2025-03,2383,2025-03-31,0.022508545370372154,33,3,0.012750455,0.03501917
2025-03,4534,2025-03-31,0.021705352588588425,34,1,-0.056053814,-0.0337851
2025-03,6640,2025-03-31,0.021604187517618327,35,1,-0.057038855,-0.034770142
2025-03,2404,2025-03-31,0.020481315978633036,36,2,-0.032822732,-0.0105540175
2025-03,6515,2025-03-31,0.020388388430003436,37,0,-0.14010152,-0.11783281
2025-03,8072,2025-03-31,0.019035243097031914,38,4,0.7704918,0.7927605
2025-03,6684,2025-03-31,0.01873615640509766,39,1,-0.071817175,-0.049548462
2025-03,4576,2025-03-31,0.01860530053295391,40,2,-0.024793409,-0.0025246944
2025-03,6215,2025-03-31,0.018245087304631237,41,4,0.15440278,0.17667149
2025-03,6446,2025-03-31,0.017950480838504826,42,3,0.0057471925,0.028015906
2025-03,2330,2025-03-31,0.016398995027333788,43,2,-0.022604901,-0.00033618702
2025-03,8210,2025-03-31,0.015775845476014447,44,2,-0.029644273,-0.007375559
2025-03,3293,2025-03-31,0.015757035989226318,45,3,0.05316456,0.07543328
2025-03,6113,2025-03-31,0.01566560297844376,46,4,0.23170726,0.253976
2025-03,1519,2025-03-31,0.0154767745912498,47,1,-0.070640154,-0.04837144
2025-03,1597,2025-03-31,0.014104789511839412,48,3,0.08508021,0.10734892
2025-03,3450,2025-03-31,0.013649341190661003,49,0,-0.1365546,-0.11428589
2025-03,3515,2025-03-31,0.01348228481485905,50,1,-0.05135135,-0.029082635
2025-03,5234,2025-03-31,0.013375044907495522,51,3,-0.0060241227,0.016244592
2025-03,3037,2025-03-31,0.012700906109982497,52,2,-0.007399587,0.014869127
2025-03,3023,2025-03-31,0.012604089963569013,53,0,-0.13502936,-0.11276065
2025-03,5484,2025-03-31,0.012572117407447405,54,2,-0.02612823,-0.0038595162
2025-03,3008,2025-03-31,0.012559711625164727,55,1,-0.068041265,-0.045772552
2025-03,2233,2025-03-31,0.012470513712139043,56,2,-0.025280863,-0.0030121487
2025-03,6223,2025-03-31,0.011581738387667875,57,2,-0.03268945,-0.010420734
2025-03,2059,2025-03-31,0.011548965721352868,58,3,0.04804805,0.07031676
2025-03,3321,2025-03-31,0.010554517226498476,59,1,-0.08225104,-0.05998233
2025-03,6739,2025-03-31,0.010525077616290951,60,4,0.12383179,0.1461005
2025-03,3081,2025-03-31,0.010510109823049882,61,1,-0.094827645,-0.07255893
2025-03,8996,2025-03-31,0.010374884187433925,62,1,-0.049549587,-0.027280873
2025-03,3162,2025-03-31,0.010312282963081891,63,0,-0.12547168,-0.10320297
2025-03,3443,2025-03-31,0.010259424263495067,64,2,-0.04651163,-0.024242917
2025-03,2313,2025-03-31,0.009999574943892456,65,2,-0.022687592,-0.0004188773
2025-03,3563,2025-03-31,0.009679305764942492,66,0,-0.13836475,-0.116096035
2025-03,8374,2025-03-31,0.009419583929677322,67,3,0.06455148,0.08682019
2025-03,5314,2025-03-31,0.009408231944890195,68,0,-0.22589166,-0.20362295
2025-03,4561,2025-03-31,0.009289925769470386,69,2,-0.03136534,-0.009096624
2025-03,3583,2025-03-31,0.00849056802151821,70,2,-0.033928618,-0.011659903
2025-03,2348,2025-03-31,0.008146333232265414,71,0,-0.18707488,-0.16480617
2025-03,3529,2025-03-31,0.007903832540685952,72,4,0.112798296,0.13506702
2025-03,4768,2025-03-31,0.007615161895612934,73,1,-0.09923663,-0.07696792
2025-03,2516,2025-03-31,0.00739673372991173,74,0,-0.14418606,-0.12191735
2025-03,4966,2025-03-31,0.0070070851255312925,75,1,-0.059544604,-0.03727589
2025-04,6499,2025-04-30,0.3322017586577945,1,4,1.2113503,1.1563827
2025-04,5475,2025-04-30,0.10346623560330519,2,4,0.554054,0.4990864
2025-04,8038,2025-04-30,0.09102205237132756,3,4,0.40186918,0.34690157
2025-04,3205,2025-04-30,0.08982600308482866,4,4,0.8259024,0.77093476
2025-04,7751,2025-04-30,0.07103585210519586,5,4,0.29856116,0.24359353
2025-04,2059,2025-04-30,0.06084269168280726,6,2,0.15168539,0.09671776
2025-04,3219,2025-04-30,0.04500658156324424,7,4,0.43209872,0.3771311
2025-04,3057,2025-04-30,0.044515656852381326,8,4,0.3114754,0.25650778
2025-04,6141,2025-04-30,0.04252544289951741,9,3,0.2526881,0.19772048
2025-04,2383,2025-04-30,0.038485413529014086,10,3,0.26949152,0.2145239
2025-04,2345,2025-04-30,0.03391201171434485,11,3,0.22131145,0.16634382
2025-04,3017,2025-04-30,0.032667678588317844,12,4,0.2863071,0.23133947
2025-04,6805,2025-04-30,0.03250046344993827,13,3,0.24572647,0.19075884
2025-04,2429,2025-04-30,0.03151035034301402,14,1,0.005504573,-0.049463052
2025-04,3162,2025-04-30,0.030896588593619736,15,1,0.027542338,-0.027425285
2025-04,6226,2025-04-30,0.029453638500000864,16,1,0.00681195,-0.048155673
2025-04,6442,2025-04-30,0.029057131449044645,17,3,0.2737276,0.21875997
2025-04,6781,2025-04-30,0.027170767093984787,18,2,0.17579906,0.12083143
2025-04,3653,2025-04-30,0.026847772894482497,19,4,0.32195124,0.26698363
2025-04,1432,2025-04-30,0.02446348425167729,20,2,0.06769233,0.012724708
2025-04,6919,2025-04-30,0.023214342205836378,21,4,0.29351023,0.2385426
2025-04,6121,2025-04-30,0.021465461046737543,22,2,0.07449853,0.019530904
2025-04,6640,2025-04-30,0.021415904591923645,23,2,0.1246883,0.06972067
2025-04,3131,2025-04-30,0.016960557842235387,24,3,0.26326963,0.208302
2025-04,3093,2025-04-30,0.01675292741400542,25,3,0.18762088,0.13265325
2025-04,7734,2025-04-30,0.01631650332414159,26,2,0.14285718,0.08788955
2025-04,6835,2025-04-30,0.0151021012484635,27,1,0.019047601,-0.035920024
2025-04,6613,2025-04-30,0.01508758878587037,28,0,-0.034682147,-0.089649774
2025-04,6669,2025-04-30,0.015038729102254017,29,3,0.21608031,0.16111268
2025-04,8935,2025-04-30,0.015009724687488072,30,2,0.17301045,0.11804283
2025-04,4749,2025-04-30,0.013643579531597741,31,4,0.43468463,0.37971702
2025-04,5439,2025-04-30,0.013501638860597562,32,3,0.2053872,0.15041958
2025-04,3555,2025-04-30,0.01237186097683515,33,0,-0.112977125,-0.16794474
2025-04,6591,2025-04-30,0.012078189843059951,34,4,0.58227843,0.5273108
2025-04,3013,2025-04-30,0.012009685664946009,35,2,0.08030791,0.025340285
2025-04,7547,2025-04-30,0.011504958206204178,36,1,0.03833876,-0.016628861
2025-04,3533,2025-04-30,0.011435173059131408,37,1,0.019379888,-0.035587735
2025-04,2465,2025-04-30,0.009855930866270301,38,4,0.334764,0.2797964
2025-04,6515,2025-04-30,0.009435491420617385,39,3,0.28175527,0.22678764
2025-04,6657,2025-04-30,0.009210351006034633,40,2,0.125817,0.070849374
2025-04,6541,2025-04-30,0.008928206617170177,41,0,-0.11386135,-0.16882898
2025-04,3625,2025-04-30,0.008867496388685099,42,0,0.0,-0.054967623
2025-04,3689,2025-04-30,0.008510177555059999,43,2,0.06571091,0.0107432855
2025-04,3363,2025-04-30,0.008393146303047595,44,3,0.23177083,0.1768032
2025-04,2368,2025-04-30,0.008278680448829644,45,4,0.3299233,0.2749557
2025-04,8431,2025-04-30,0.007821179071329135,46,0,-0.21033213,-0.26529974
2025-04,8210,2025-04-30,0.007812856542865022,47,3,0.27865607,0.22368844
2025-04,3665,2025-04-30,0.007685259534749947,48,2,0.17059891,0.11563128
2025-04,4760,2025-04-30,0.007354391116134566,49,2,0.06499995,0.010032329
2025-04,6510,2025-04-30,0.007189352095419332,50,2,0.1835106,0.12854297
2025-04,3661,2025-04-30,0.007079561038870376,51,4,0.29493088,0.23996325
2025-04,2440,2025-04-30,0.006935776401538929,52,0,0.0,-0.054967623
2025-04,8114,2025-04-30,0.006418054560979025,53,3,0.2423078,0.18734017
2025-04,6550,2025-04-30,0.006360030382532206,54,2,0.12771742,0.07274979
2025-04,3019,2025-04-30,0.00613006797823236,55,0,-0.021897787,-0.07686541
2025-04,4764,2025-04-30,0.0059900727639241305,56,2,0.07270558,0.017737959
2025-04,2314,2025-04-30,0.005906009532184162,57,0,-0.24566206,-0.30062968
2025-04,6727,2025-04-30,0.005894665989318124,58,0,-0.04991684,-0.10488447
2025-04,8489,2025-04-30,0.005849836506166281,59,3,0.2230652,0.16809757
2025-04,6667,2025-04-30,0.005723223596224918,60,1,0.046753246,-0.008214378
2025-04,3038,2025-04-30,0.005676162217969909,61,0,-0.037267067,-0.09223469
2025-04,3430,2025-04-30,0.005216297760527885,62,1,0.044265673,-0.010701952
2025-04,3234,2025-04-30,0.005165874865339505,63,1,0.028273834,-0.02669379
2025-04,4577,2025-04-30,0.005050988498661877,64,0,-0.017199036,-0.07216666
2025-04,5536,2025-04-30,0.005034836819939395,65,0,-0.08091793,-0.13588555
2025-04,3092,2025-04-30,0.004818198947811754,66,0,-0.0025125246,-0.05748015
2025-04,6449,2025-04-30,0.004808175651005166,67,1,0.05500002,3.239421e-05
2025-04,6290,2025-04-30,0.004760606556594413,68,3,0.24387099,0.18890336
2025-04,3508,2025-04-30,0.00475598997229173,69,0,-0.06635069,-0.12131832
2025-04,3504,2025-04-30,0.004738259642848173,70,1,0.060000017,0.005032393
2025-04,6139,2025-04-30,0.00450571873779856,71,1,0.05,-0.0049676234
2025-04,4916,2025-04-30,0.0042824186094599734,72,0,-0.020571463,-0.07553909
2025-04,3217,2025-04-30,0.004051835038724513,73,1,0.05821923,0.0032516075
2025-04,6761,2025-04-30,0.004026667546518658,74,1,0.008188371,-0.046779253
2025-04,3479,2025-04-30,0.003870933452933986,75,1,0.017364696,-0.037602928
2025-05,5475,2025-05-29,0.3219065279862762,1,4,0.50294113,0.4451924
2025-05,1225,2025-05-29,0.24279053542310053,2,2,0.09949406,0.041745342
2025-05,8038,2025-05-29,0.15275829985698486,3,3,0.31756756,0.25981882
2025-05,2314,2025-05-29,0.11379469211642661,4,4,0.37575763,0.3180089
2025-05,6739,2025-05-29,0.09973227383729147,5,4,0.5004341,0.44268537
2025-05,7751,2025-05-29,0.07548520017682152,6,3,0.23208646,0.17433774
2025-05,5439,2025-05-29,0.07129679397750589,7,4,0.38328528,0.32553655
2025-05,6919,2025-05-29,0.0711005382396646,8,4,0.5222349,0.46448618
2025-05,2383,2025-05-29,0.07046449691996216,9,3,0.16397849,0.10622977
2025-05,8210,2025-05-29,0.06184375826697028,10,4,0.5265424,0.4687937
2025-05,2368,2025-05-29,0.05898988805793631,11,2,0.100524895,0.042776175
2025-05,4991,2025-05-29,0.057410301684175005,12,4,0.49214658,0.43439785
2025-05,3017,2025-05-29,0.05418107922278426,13,3,0.19837391,0.1406252
2025-05,6596,2025-05-29,0.05211101272523317,14,2,0.13725491,0.07950619
2025-05,3665,2025-05-29,0.04997479092382725,15,3,0.27804095,0.22029223
2025-05,6805,2025-05-29,0.04583047435539692,16,4,0.4055459,0.34779716
2025-05,2404,2025-05-29,0.042980433641761476,17,2,0.09909903,0.041350313
2025-05,3211,2025-05-29,0.0422784416169037,18,3,0.19017132,0.1324226
2025-05,3653,2025-05-29,0.04160777689261341,19,2,0.12781955,0.07007083
2025-05,2059,2025-05-29,0.03705814444832955,20,1,0.014851485,-0.042897236
2025-05,8932,2025-05-29,0.03657688864836456,21,3,0.23671497,0.17896625
2025-05,6223,2025-05-29,0.0365105141129539,22,3,0.17413573,0.11638701
2025-05,6885,2025-05-29,0.035593209430459447,23,4,0.5121413,0.45439255
2025-05,6781,2025-05-29,0.03441483981682671,24,1,0.034146376,-0.023602344
2025-05,3131,2025-05-29,0.03278545525496482,25,4,0.41630903,0.3585603
2025-05,1815,2025-05-29,0.031785397990217616,26,1,0.014367816,-0.043380905
2025-05,5274,2025-05-29,0.029486528617667325,27,3,0.2534151,0.19566639
2025-05,6442,2025-05-29,0.028643757244149186,28,1,0.05764965,-9.9070385e-05
2025-05,2345,2025-05-29,0.027738828703209074,29,0,-0.013477113,-0.07122584
2025-05,3294,2025-05-29,0.026701095497084788,30,1,0.032258086,-0.025490634
2025-05,3515,2025-05-29,0.02417308973909943,31,3,0.18623547,0.12848675
2025-05,6669,2025-05-29,0.02300832468335734,32,2,0.087938994,0.030190274
2025-05,5234,2025-05-29,0.02072536353488957,33,4,0.3236715,0.26592276
2025-05,6274,2025-05-29,0.020507971025470632,34,3,0.31360948,0.25586075
2025-05,3090,2025-05-29,0.020121961743567906,35,0,-0.023316,-0.08106472
2025-05,6290,2025-05-29,0.018693255684519492,36,0,-0.018556733,-0.07630546
2025-05,6104,2025-05-29,0.01817857153792682,37,0,-0.09580839,-0.1535571
2025-05,6727,2025-05-29,0.016348753020567784,38,2,0.15706815,0.09931943
2025-05,3078,2025-05-29,0.01633422573380758,39,0,-0.007290475,-0.065039195
2025-05,6510,2025-05-29,0.01580003255621279,40,0,-0.053409085,-0.111157805
2025-05,5469,2025-05-29,0.01564896325616772,41,1,0.028380543,-0.029368177
2025-05,6515,2025-05-29,0.014552255965911205,42,2,0.13364057,0.07589185
2025-05,3535,2025-05-29,0.013940963624697371,43,4,0.47187495,0.41412622
2025-05,3040,2025-05-29,0.012279997167819044,44,4,0.48982963,0.4320809
2025-05,2308,2025-05-29,0.011648892793032006,45,2,0.13265765,0.07490893
2025-05,6499,2025-05-29,0.01124575532505284,46,2,0.13901345,0.081264734
2025-05,2360,2025-05-29,0.011015520782507315,47,4,0.32865885,0.2709101
2025-05,3231,2025-05-29,0.010980824495202577,48,2,0.08341195,0.025663227
2025-05,2421,2025-05-29,0.01054806353091048,49,1,0.021766,-0.03598272
2025-05,5536,2025-05-29,0.010486588664619835,50,1,0.03820815,-0.01954057
2025-05,2379,2025-05-29,0.010110546128063032,51,1,0.042513862,-0.015234858
2025-05,5269,2025-05-29,0.009441081850393178,52,1,0.007792179,-0.04995654
2025-05,6591,2025-05-29,0.00932699293464936,53,0,-0.09605267,-0.1538014
2025-05,6667,2025-05-29,0.009314095079399324,54,2,0.0723192,0.014570482
2025-05,3044,2025-05-29,0.008981588595168821,55,3,0.16627079,0.10852207
2025-05,6191,2025-05-29,0.007566199460738503,56,1,0.062350105,0.0046013854
2025-05,6412,2025-05-29,0.00726410647485374,57,0,-0.11187869,-0.16962741
2025-05,6139,2025-05-29,0.006202567348564542,58,3,0.24547283,0.18772411
2025-05,6691,2025-05-29,0.005498647815209972,59,0,-0.0068965885,-0.064645305
2025-05,4560,2025-05-29,0.004766232314693362,60,0,-0.0012739034,-0.059022624
2025-05,6672,2025-05-29,0.004605469988398576,61,1,0.022603996,-0.035144724
2025-05,3217,2025-05-29,0.003836905702254233,62,1,0.042207763,-0.015540957
2025-05,6121,2025-05-29,0.0037932610858520373,63,1,0.056224838,-0.0015238822
2025-05,2382,2025-05-29,0.00331701984263266,64,1,0.057407398,-0.00034132227
2025-05,6196,2025-05-29,0.0027865912076526613,65,2,0.09941518,0.041666463
2025-05,3005,2025-05-29,0.002660535666570672,66,0,-0.025353774,-0.083102494
2025-05,3689,2025-05-29,0.0020113503921298593,67,2,0.10461189,0.04686317
2025-05,6414,2025-05-29,0.001957339764933119,68,0,-0.022825383,-0.0805741
2025-05,5464,2025-05-29,0.0017973402251725225,69,0,-0.14309764,-0.20084636
2025-05,4971,2025-05-29,0.00133351087244204,70,3,0.29126215,0.23351343
2025-05,4722,2025-05-29,0.0004832286661416787,71,3,0.16257337,0.10482465
2025-05,3709,2025-05-29,0.00044881251557022,72,0,-0.10125,-0.15899873
2025-05,6823,2025-05-29,0.0003838441679681155,73,0,-0.1164835,-0.17423223
2025-05,2357,2025-05-29,0.0003507941635763051,74,2,0.08670867,0.028959952
2025-05,2429,2025-05-29,0.0001983463252562165,75,4,0.3633028,0.30555406
2025-06,3167,2025-06-30,0.15001167009202274,1,4,0.2889734,0.23698922
2025-06,5475,2025-06-30,0.12900383578384655,2,4,0.27697846,0.22499429
2025-06,5314,2025-06-30,0.11020140066511805,3,4,0.50102246,0.44903827
2025-06,6739,2025-06-30,0.10507119549792773,4,3,0.26287264,0.21088846
2025-06,2383,2025-06-30,0.0994065296604212,5,2,0.14653243,0.09454825
2025-06,2404,2025-06-30,0.09356083168381683,6,4,0.30394793,0.25196373
2025-06,3211,2025-06-30,0.09352084707934905,7,1,0.024122806,-0.027861373
2025-06,2316,2025-06-30,0.09077895555324211,8,4,0.35436854,0.30238435
2025-06,6727,2025-06-30,0.0855692107297355,9,2,0.13932364,0.08733945
2025-06,2368,2025-06-30,0.08176279436685294,10,3,0.16554055,0.11355636
2025-06,2360,2025-06-30,0.08110573754268166,11,0,-0.07683616,-0.12882034
2025-06,6442,2025-06-30,0.07996600255984175,12,4,0.3512851,0.2993009
2025-06,4931,2025-06-30,0.07989113493418853,13,3,0.22241339,0.17042921
2025-06,3515,2025-06-30,0.07525929528853359,14,0,-0.01814882,-0.070133
2025-06,6274,2025-06-30,0.0726669593600117,15,3,0.1585903,0.10660612
2025-06,3017,2025-06-30,0.07193438513276783,16,3,0.16555402,0.11356983
2025-06,3665,2025-06-30,0.07158569569491846,17,1,0.06093473,0.008950549
2025-06,8210,2025-06-30,0.07099876034512226,18,1,0.051229507,-0.0007546738
2025-06,3044,2025-06-30,0.06927363192201158,19,2,0.1524891,0.10050491
2025-06,3030,2025-06-30,0.06502487994384948,20,1,0.013605442,-0.038378738
2025-06,2314,2025-06-30,0.06352106510202904,21,0,-0.09119163,-0.14317581
2025-06,8021,2025-06-30,0.06344195543015839,22,4,0.28758705,0.23560287
2025-06,6805,2025-06-30,0.06072118867546416,23,2,0.0834356,0.031451423
2025-06,8038,2025-06-30,0.05993725615420514,24,1,0.010416606,-0.041567575
2025-06,5439,2025-06-30,0.05964456311764598,25,1,0.05517497,0.0031907887
2025-06,2345,2025-06-30,0.05953528925714475,26,3,0.15625006,0.104265876
2025-06,8932,2025-06-30,0.058918900302375524,27,3,0.18076923,0.12878506
2025-06,2059,2025-06-30,0.05662337069285567,28,3,0.2676399,0.21565573
2025-06,3032,2025-06-30,0.05574584515728861,29,4,0.35180992,0.29982573
2025-06,1815,2025-06-30,0.055014335081841836,30,4,0.28708783,0.23510365
2025-06,7751,2025-06-30,0.05213921457327107,31,1,0.06459054,0.012606363
2025-06,3508,2025-06-30,0.05104962330351465,32,3,0.26062325,0.20863907
2025-06,6669,2025-06-30,0.04836357004645264,33,1,0.021611001,-0.030373178
2025-06,6781,2025-06-30,0.047883662941493606,34,1,0.04067719,-0.011306991
2025-06,1519,2025-06-30,0.047543949212069336,35,3,0.25392517,0.201941
2025-06,2327,2025-06-30,0.04709643797853205,36,2,0.08793456,0.03595038
2025-06,5274,2025-06-30,0.046297805770155256,37,0,-0.06979167,-0.12177585
2025-06,7547,2025-06-30,0.044737724059047114,38,4,0.32945412,0.27746993
2025-06,5536,2025-06-30,0.04459118265674268,39,4,0.30021247,0.2482283
2025-06,4991,2025-06-30,0.044031050845364086,40,4,0.4234234,0.37143922
2025-06,6823,2025-06-30,0.042864572144664194,41,1,0.004962798,-0.04702138
2025-06,3081,2025-06-30,0.0421169564968937,42,3,0.21626434,0.16428016
2025-06,2406,2025-06-30,0.03977572193853098,43,1,0.07423584,0.022251662
2025-06,2308,2025-06-30,0.03975497754958963,44,3,0.25179857,0.1998144
2025-06,3577,2025-06-30,0.03853604315932586,45,4,0.33014202,0.27815783
2025-06,3321,2025-06-30,0.0378313717891338,46,3,0.23376624,0.18178207
2025-06,6919,2025-06-30,0.035412942543608085,47,0,-0.08239701,-0.13438119
2025-06,6691,2025-06-30,0.035047779667344854,48,2,0.1461795,0.094195314
2025-06,3661,2025-06-30,0.03488926319157571,49,3,0.2278481,0.17586392
2025-06,6196,2025-06-30,0.03423334912731079,50,2,0.1367688,0.08478462
2025-06,6667,2025-06-30,0.034021773604594865,51,2,0.10276504,0.05078086
2025-06,6510,2025-06-30,0.03385662057865834,52,0,-0.022950478,-0.07493466
2025-06,3324,2025-06-30,0.03367712977252552,53,1,0.0046153846,-0.047368795
2025-06,6191,2025-06-30,0.03224672868490418,54,4,0.3676667,0.3156825
2025-06,3706,2025-06-30,0.03205455019989215,55,2,0.1330344,0.08105021
2025-06,3294,2025-06-30,0.031966194010037745,56,0,-0.048933428,-0.10091761
2025-06,3013,2025-06-30,0.029015985248465156,57,0,-0.06007233,-0.11205651
2025-06,6139,2025-06-30,0.02895264530780875,58,2,0.11631664,0.064332455
2025-06,2357,2025-06-30,0.02874140941336803,59,1,0.021604938,-0.030379241
2025-06,8234,2025-06-30,0.02852126761898452,60,3,0.17295986,0.12097568
2025-06,3543,2025-06-30,0.02842703557061805,61,4,0.794621,0.7426368
2025-06,6788,2025-06-30,0.028324915694828874,62,2,0.11018711,0.058202934
2025-06,3090,2025-06-30,0.02815587477374979,63,1,0.042120863,-0.009863318
2025-06,3131,2025-06-30,0.027993068570078765,64,0,-0.07926832,-0.1312525
2025-06,3625,2025-06-30,0.027816894585833765,65,2,0.1438596,0.09187541
2025-06,3653,2025-06-30,0.027128391099148372,66,0,-0.030399654,-0.082383834
2025-06,3443,2025-06-30,0.026188579808527145,67,0,-0.06439394,-0.11637812
2025-06,2534,2025-06-30,0.02613754435340807,68,0,-0.035189856,-0.087174036
2025-06,6515,2025-06-30,0.026067368158842908,69,0,-0.123840556,-0.17582473
2025-06,2421,2025-06-30,0.024627557521167225,70,2,0.12807882,0.076094635
2025-06,6290,2025-06-30,0.02440253565476816,71,2,0.07954542,0.027561244
2025-06,6121,2025-06-30,0.023946277419497272,72,2,0.091829665,0.039845485
2025-06,3231,2025-06-30,0.022750614147957465,73,0,-0.020408163,-0.072392344
2025-06,6223,2025-06-30,0.02272142249024928,74,1,0.06574761,0.0137634305
2025-06,3135,2025-06-30,0.02221924447989706,75,0,-0.0041667093,-0.05615089
2025-07,8358,2025-07-31,0.4380237776161028,1,4,0.94196427,0.9124887
2025-07,6727,2025-07-31,0.4198643676211192,2,4,1.53125,1.5017744
2025-07,6919,2025-07-31,0.32177621141062085,3,4,0.56790125,0.5384257
2025-07,5498,2025-07-31,0.25752218266797716,4,2,0.25510204,0.22562645
2025-07,2316,2025-07-31,0.23955022621963337,5,3,0.425,0.3955244
2025-07,4989,2025-07-31,0.22073155684599735,6,3,0.38947368,0.35999808
2025-07,5475,2025-07-31,0.2137607670506389,7,2,0.2815126,0.252037
2025-07,3715,2025-07-31,0.2131993284684202,8,2,0.3255814,0.2961058
2025-07,2406,2025-07-31,0.19360869562037286,9,4,0.6578947,0.6284191
2025-07,8038,2025-07-31,0.19260194777944217,10,2,0.34310132,0.31362572
2025-07,6739,2025-07-31,0.16744496582610027,11,3,0.46043167,0.43095607
2025-07,8046,2025-07-31,0.1635569939438069,12,1,0.24293785,0.21346226
2025-07,8033,2025-07-31,0.1633010875739981,13,4,0.7258883,0.69641274
2025-07,1815,2025-07-31,0.15924723380146377,14,3,0.40624997,0.37677437
2025-07,3219,2025-07-31,0.1585700972413288,15,4,1.4713959,1.4419203
2025-07,5536,2025-07-31,0.15437073382538408,16,4,0.8353909,0.80591536
2025-07,3653,2025-07-31,0.1453289271579392,17,4,0.55185187,0.5223763
2025-07,6442,2025-07-31,0.14526351920895478,18,4,0.54,0.51052445
2025-07,1802,2025-07-31,0.14121783432555002,19,3,0.41482958,0.38535398
2025-07,5469,2025-07-31,0.14103571713618485,20,1,0.2403315,0.21085592
2025-07,3305,2025-07-31,0.1385820989911921,21,4,0.7105263,0.6810507
2025-07,2383,2025-07-31,0.13851381691336362,22,0,0.09417041,0.064694814
2025-07,6418,2025-07-31,0.13808329282872805,23,4,0.5799521,0.55047655
2025-07,5439,2025-07-31,0.13776021093895588,24,1,0.24277456,0.21329898
2025-07,2368,2025-07-31,0.13588247444829732,25,2,0.3538874,0.3244118
2025-07,3211,2025-07-31,0.12855956416894065,26,4,0.6,0.57052445
2025-07,2059,2025-07-31,0.1270916807563632,27,1,0.16346154,0.13398595
2025-07,3032,2025-07-31,0.12657011584826341,28,0,-0.011244876,-0.040720467
2025-07,6805,2025-07-31,0.1202476694586459,29,2,0.27631718,0.2468416
2025-07,6217,2025-07-31,0.1196661574412652,30,3,0.5129033,0.48342767
2025-07,3011,2025-07-31,0.11814883587390236,31,0,-0.01880879,-0.04828438
2025-07,4760,2025-07-31,0.11717989297053133,32,3,0.47919703,0.44972143
2025-07,8021,2025-07-31,0.11611074685444986,33,2,0.37121212,0.34173653
2025-07,2308,2025-07-31,0.11450424434283996,34,1,0.22797927,0.19850369
2025-07,2404,2025-07-31,0.11016511475134243,35,3,0.5,0.4705244
2025-07,6213,2025-07-31,0.10547708313434992,36,3,0.38945237,0.35997677
2025-07,6274,2025-07-31,0.10364347018558022,37,2,0.38086304,0.35138744
2025-07,6781,2025-07-31,0.1007836061864445,38,1,0.14893617,0.119460575
2025-07,3044,2025-07-31,0.09660624693750917,39,1,0.14821428,0.11873869
2025-07,5371,2025-07-31,0.09643440638866527,40,3,0.4385965,0.4091209
2025-07,6672,2025-07-31,0.09627901658550603,41,2,0.27473804,0.24526246
2025-07,3321,2025-07-31,0.09615776358370655,42,0,0.016393427,-0.013082164
2025-07,6584,2025-07-31,0.09597587193268121,43,2,0.26128265,0.23180707
2025-07,6191,2025-07-31,0.0933685418310129,44,2,0.27433628,0.2448607
2025-07,8074,2025-07-31,0.09098303520839876,45,2,0.28623188,0.25675628
2025-07,5340,2025-07-31,0.089723479938453,46,1,0.1531531,0.123677514
2025-07,3665,2025-07-31,0.08802523641045017,47,1,0.21468927,0.18521369
2025-07,6153,2025-07-31,0.0874163576029983,48,0,0.076923035,0.047447443
2025-07,6141,2025-07-31,0.08725992741470219,49,0,-0.07508529,-0.10456088
2025-07,3630,2025-07-31,0.08711021669640379,50,4,0.69827586,0.6688003
2025-07,5234,2025-07-31,0.08480592262280129,51,4,0.52191234,0.49243674
2025-07,2345,2025-07-31,0.0847024054497909,52,1,0.1586758,0.12920022
2025-07,3555,2025-07-31,0.08346626572476869,53,3,0.425641,0.3961654
2025-07,3017,2025-07-31,0.08331582998489472,54,0,0.12578583,0.096310236
2025-07,3625,2025-07-31,0.08317150621578981,55,3,0.38439316,0.35491756
2025-07,2429,2025-07-31,0.08263188434305412,56,0,0.044217706,0.014742115
2025-07,3081,2025-07-31,0.0806619307508339,57,1,0.22919334,0.19971776
2025-07,6234,2025-07-31,0.08008352601312117,58,0,-0.11928103,-0.14875662
2025-07,3498,2025-07-31,0.07889707914159233,59,2,0.2781774,0.24870183
2025-07,3508,2025-07-31,0.0775549969781529,60,1,0.22958061,0.20010503
2025-07,2491,2025-07-31,0.07709432057973989,61,3,0.46084338,0.43136778
2025-07,4958,2025-07-31,0.07617490084076857,62,4,0.62396693,0.59449136
2025-07,3276,2025-07-31,0.07571484036604514,63,1,0.15969585,0.13022026
2025-07,6534,2025-07-31,0.07398613925515884,64,2,0.28158194,0.25210634
2025-07,4721,2025-07-31,0.07396143987105702,65,0,-0.06016847,-0.08964406
2025-07,6207,2025-07-31,0.07389149957814982,66,3,0.44479492,0.41531932
2025-07,3701,2025-07-31,0.0735370455165278,67,2,0.3615819,0.3321063
2025-07,8932,2025-07-31,0.07348859816916085,68,3,0.39513677,0.36566117
2025-07,3689,2025-07-31,0.07297735837102373,69,0,0.12192625,0.092450656
2025-07,5493,2025-07-31,0.07276406038913355,70,0,0.042269137,0.012793546
2025-07,2314,2025-07-31,0.07207528114235666,71,1,0.14637002,0.11689443
2025-07,3230,2025-07-31,0.07188443194645984,72,0,0.0598268,0.030351207
2025-07,3294,2025-07-31,0.07176131195561393,73,0,0.09825328,0.06877769
2025-07,6667,2025-07-31,0.07160820423290734,74,1,0.21862349,0.1891479
2025-07,4927,2025-07-31,0.07087036321636822,75,0,0.120833315,0.09135772
2025-08,2314,2025-08-29,0.5540445620602702,1,4,1.3291243,1.2735301
2025-08,2408,2025-08-29,0.15226516031171564,2,4,0.515475,0.45988074
2025-08,3321,2025-08-29,0.04599034886333985,3,4,0.7663043,0.71071005
2025-08,2344,2025-08-29,0.03423851578652356,4,4,0.59390855,0.5383143
2025-08,6770,2025-08-29,0.026546765363424214,5,4,0.45283026,0.39723602
2025-08,5314,2025-08-29,0.02531587312747795,6,4,0.80904526,0.753451
2025-08,3685,2025-08-29,0.005537666189209012,7,4,0.40831286,0.35271862
2025-08,3260,2025-08-29,-0.004460386989024443,8,4,0.39512196,0.33952773
2025-08,2887,2025-08-29,-0.0047895635170480955,9,3,0.09538457,0.03979033
2025-08,2892,2025-08-29,-0.005967909769284255,10,1,0.03527337,-0.020320868
2025-08,2330,2025-08-29,-0.0069280137032267574,11,3,0.13043478,0.074840546
2025-08,2812,2025-08-29,-0.008203849373156843,12,2,0.060889892,0.0052956543
2025-08,2891,2025-08-29,-0.008422673202029449,13,1,0.033980526,-0.021613711
2025-08,5880,2025-08-29,-0.009221836675737958,14,1,0.0189474,-0.03664684
2025-08,2834,2025-08-29,-0.009518090990742892,15,1,0.029801311,-0.025792927
2025-08,6706,2025-08-29,-0.009585328803489323,16,4,0.29759997,0.24200574
2025-08,2889,2025-08-29,-0.009651737557897807,17,0,-0.04193546,-0.097529694
2025-08,2890,2025-08-29,-0.009865192627704527,18,2,0.044871844,-0.010722393
2025-08,2838,2025-08-29,-0.010255551500454705,19,2,0.075075075,0.019480838
2025-08,2801,2025-08-29,-0.012278247825316172,20,1,0.015584376,-0.040009864
2025-08,2337,2025-08-29,-0.012460405580734558,21,3,0.20895517,0.15336093
2025-08,2327,2025-08-29,-0.012817786611038906,22,3,0.18996416,0.13436992
2025-08,8034,2025-08-29,-0.01355101274001923,23,1,0.029914564,-0.025679674
2025-08,2897,2025-08-29,-0.013705148864457485,24,1,0.0011111365,-0.0544831
2025-08,4967,2025-08-29,-0.014209667052080611,25,2,0.06719015,0.01159591
2025-08,2850,2025-08-29,-0.014217480739128164,26,3,0.09677419,0.04117995
2025-08,2884,2025-08-29,-0.014367871069172556,27,0,-0.017910402,-0.07350464
2025-08,6223,2025-08-29,-0.014535519704909454,28,3,0.21167883,0.1560846
2025-08,2845,2025-08-29,-0.0145967072292831,29,0,-0.0056550507,-0.06124929
2025-08,2880,2025-08-29,-0.014917203924253445,30,2,0.042780776,-0.012813462
2025-08,2883,2025-08-29,-0.015475712975613764,31,0,-0.029508185,-0.085102424
2025-08,3025,2025-08-29,-0.015515271440330481,32,0,-0.23007247,-0.2856667
2025-08,2886,2025-08-29,-0.015656489299415304,33,2,0.039603923,-0.015990315
2025-08,5876,2025-08-29,-0.016175248545261003,34,1,0.01707319,-0.038521048
2025-08,2059,2025-08-29,-0.016339048103100915,35,1,0.026490066,-0.029104171
2025-08,6494,2025-08-29,-0.016423523349796035,36,2,0.07302536,0.017431123
2025-08,2885,2025-08-29,-0.016434671099205603,37,2,0.060000025,0.0044057867
2025-08,2836,2025-08-29,-0.016899095502796883,38,1,0.017167447,-0.03842679
2025-08,2852,2025-08-29,-0.017555566554944134,39,1,0.007604592,-0.047989644
2025-08,2308,2025-08-29,-0.01792317126701559,40,3,0.20113315,0.14553891
2025-08,5274,2025-08-29,-0.01884766459387535,41,0,-0.02871287,-0.08430711
2025-08,2882,2025-08-29,-0.019068497914653725,42,2,0.051696233,-0.0038980043
2025-08,2208,2025-08-29,-0.019221360853395222,43,3,0.11904762,0.063453384
2025-08,6669,2025-08-29,-0.019281738632753127,44,2,0.039182283,-0.016411955
2025-08,6515,2025-08-29,-0.019790020057231808,45,4,0.4876325,0.43203828
2025-08,2820,2025-08-29,-0.02124811505398567,46,0,-0.029940119,-0.08553436
2025-08,2881,2025-08-29,-0.022555818515324687,47,1,0.029761905,-0.025832333
2025-08,3228,2025-08-29,-0.022573987324269205,48,3,0.10204082,0.04644658
2025-08,3625,2025-08-29,-0.022599891930974118,49,1,0.010416667,-0.04517757
2025-08,2383,2025-08-29,-0.024651123555046745,50,1,0.012396694,-0.043197542
2025-08,5475,2025-08-29,-0.025514068756030094,51,3,0.20312506,0.14753082
2025-08,6510,2025-08-29,-0.027263092852002145,52,4,0.42857143,0.3729772
2025-08,2454,2025-08-29,-0.02934744193089298,53,0,-0.04379562,-0.09938986
2025-08,2329,2025-08-29,-0.029576421567822406,54,0,-0.020134263,-0.0757285
2025-08,5269,2025-08-29,-0.029902798795023826,55,0,-0.12727273,-0.18286696
2025-08,2207,2025-08-29,-0.030028370117273023,56,2,0.055655297,6.105906e-05
2025-08,3135,2025-08-29,-0.030300284070049293,57,3,0.08242605,0.026831811
2025-08,3189,2025-08-29,-0.030898957779587986,58,0,-0.07488987,-0.1304841
2025-08,8299,2025-08-29,-0.03090242154041084,59,4,0.31422722,0.258633
2025-08,6005,2025-08-29,-0.03094699445282653,60,3,0.12211979,0.066525556
2025-08,4939,2025-08-29,-0.031158340546560234,61,3,0.18433179,0.12873755
2025-08,6015,2025-08-29,-0.031253043470600955,62,0,-0.004545472,-0.06013971
2025-08,3535,2025-08-29,-0.031283676429433145,63,3,0.12999998,0.074405745
2025-08,8271,2025-08-29,-0.03129026916389932,64,2,0.05511811,-0.0004761278
2025-08,8016,2025-08-29,-0.031474762824238514,65,1,0.016666668,-0.03892757
2025-08,6472,2025-08-29,-0.03150604259341007,66,0,-0.06464925,-0.12024348
2025-08,2357,2025-08-29,-0.03157172717697249,67,2,0.07619048,0.020596242
2025-08,2527,2025-08-29,-0.03159457172423254,68,2,0.05660379,0.0010095515
2025-08,3057,2025-08-29,-0.03181111243734392,69,4,0.45808047,0.40248623
2025-08,2441,2025-08-29,-0.032004493524481925,70,2,0.04690116,-0.0086930785
2025-08,7749,2025-08-29,-0.03205748367154232,71,0,-0.1891892,-0.24478343
2025-08,3017,2025-08-29,-0.032451462052791986,72,0,-0.045638945,-0.101233184
2025-08,6739,2025-08-29,-0.03284355195438301,73,4,0.49,0.43440577
2025-08,2429,2025-08-29,-0.0331930408499756,74,4,0.21495323,0.159359
2025-08,2340,2025-08-29,-0.03410758352265829,75,3,0.20044048,0.14484625
2025-09,2408,2025-09-30,0.2501615888623892,1,4,0.8101094,0.71666396
2025-09,2344,2025-09-30,0.2266247176846384,2,4,0.62275445,0.52930903
2025-09,3321,2025-09-30,0.07565184590575802,3,3,0.2687747,0.1753293
2025-09,3685,2025-09-30,0.07409372774387027,4,4,0.4584718,0.3650264
2025-09,2851,2025-09-30,0.05629257712484545,5,1,0.014462747,-0.07898265
2025-09,6770,2025-09-30,0.04522418493320931,6,3,0.2401575,0.14671211
2025-09,4174,2025-09-30,0.042096659355077004,7,4,0.8971428,0.8036974
2025-09,2327,2025-09-30,0.026258287555589427,8,4,0.44347826,0.35003287
2025-09,8043,2025-09-30,0.024002358712270463,9,3,0.2447916,0.1513462
2025-09,4989,2025-09-30,0.020889337600581107,10,4,0.5697675,0.47632208
2025-09,4967,2025-09-30,0.013998647758752817,11,4,0.56449383,0.47104844
2025-09,3017,2025-09-30,0.012636750756277315,12,4,0.44230768,0.3488623
2025-09,6805,2025-09-30,0.00962458889538257,13,4,0.4477612,0.35431582
2025-09,8210,2025-09-30,0.008542676042695724,14,4,0.56060606,0.46716067
2025-09,6442,2025-09-30,-0.0014363886857915544,15,3,0.17816813,0.084722735
2025-09,2337,2025-09-30,-0.0025704252172387416,16,3,0.24800003,0.15455464
2025-09,3260,2025-09-30,-0.002587847110631053,17,3,0.2611465,0.1677011
2025-09,5475,2025-09-30,-0.003885786573199641,18,2,0.124794714,0.031349316
2025-09,2330,2025-09-30,-0.004469284092308938,19,2,0.12831442,0.034869023
2025-09,8021,2025-09-30,-0.006412718719037638,20,2,0.12857144,0.035126038
2025-09,2375,2025-09-30,-0.006598273654926394,21,2,0.17250004,0.079054646
2025-09,6669,2025-09-30,-0.006772116020729444,22,3,0.3167421,0.2232967
2025-09,2059,2025-09-30,-0.008258728974957445,23,3,0.23053892,0.13709353
2025-09,3717,2025-09-30,-0.008554484075759114,24,0,-0.069135785,-0.16258118
2025-09,8299,2025-09-30,-0.010701002321278161,25,4,0.5151701,0.4217247
2025-09,3625,2025-09-30,-0.011703538049807623,26,2,0.08627454,-0.007170856
2025-09,6139,2025-09-30,-0.011718807821746769,27,3,0.32916668,0.23572129
2025-09,1795,2025-09-30,-0.0117236476852252,28,2,0.11509434,0.021648943
2025-09,8110,2025-09-30,-0.013122955928663346,29,4,0.37321946,0.27977407
2025-09,2345,2025-09-30,-0.013641830656031292,30,1,0.018867925,-0.07457747
2025-09,2891,2025-09-30,-0.014328387006199155,31,0,-0.019906376,-0.11335177
2025-09,2308,2025-09-30,-0.014603236347480083,32,2,0.14367816,0.05023276
2025-09,3236,2025-09-30,-0.014727494286680597,33,2,0.111111134,0.017665736
2025-09,6223,2025-09-30,-0.014964776742865464,34,3,0.2173913,0.1239459
2025-09,2492,2025-09-30,-0.015116458118326053,35,3,0.18095239,0.08750699
2025-09,2884,2025-09-30,-0.015342956259053313,36,0,-0.107945986,-0.20139138
2025-09,2820,2025-09-30,-0.015365985693382073,37,1,0.015243903,-0.078201495
2025-09,3086,2025-09-30,-0.01660608826107983,38,4,0.590106,0.49666062
2025-09,2883,2025-09-30,-0.01677721831998902,39,1,0.059999976,-0.03344542
2025-09,6015,2025-09-30,-0.017253548564045353,40,1,0.0,-0.0934454
2025-09,3135,2025-09-30,-0.0179638160451403,41,3,0.20682621,0.11338081
2025-09,5876,2025-09-30,-0.018034816589928008,42,0,-0.056019124,-0.14946452
2025-09,2801,2025-09-30,-0.018104209528120987,43,1,0.0076335687,-0.08581183
2025-09,2887,2025-09-30,-0.018405025854287372,44,1,0.03314919,-0.060296208
2025-09,2890,2025-09-30,-0.01844083499730792,45,1,0.02191232,-0.07153308
2025-09,5880,2025-09-30,-0.018475818249742596,46,0,-0.03651114,-0.12995654
2025-09,1591,2025-09-30,-0.018933452669161667,47,0,-0.10915495,-0.20260035
2025-09,3653,2025-09-30,-0.01910005426494348,48,0,-0.12345679,-0.21690218
2025-09,8131,2025-09-30,-0.019392637446326647,49,3,0.18593752,0.092492126
2025-09,2889,2025-09-30,-0.020362130225630513,50,1,-0.0032679862,-0.09671339
2025-09,2881,2025-09-30,-0.0205291978939316,51,1,0.0363636,-0.057081796
2025-09,6021,2025-09-30,-0.020546440484850256,52,2,0.08227843,-0.011166967
2025-09,3706,2025-09-30,-0.021566951979255636,53,2,0.12233447,0.028889075
2025-09,2886,2025-09-30,-0.02185318681809811,54,0,-0.04829209,-0.14173749
2025-09,2383,2025-09-30,-0.022507077983561188,55,2,0.08366534,-0.009780057
2025-09,6465,2025-09-30,-0.02291703476675302,56,2,0.117221706,0.023776308
2025-09,2360,2025-09-30,-0.023356570936000784,57,4,0.41206896,0.31862357
2025-09,2897,2025-09-30,-0.02353658076441914,58,1,0.0,-0.0934454
2025-09,2885,2025-09-30,-0.02366500080457322,59,1,-0.0057637105,-0.09920911
2025-09,2812,2025-09-30,-0.023978699434288032,60,0,-0.06550218,-0.15894757
2025-09,2852,2025-09-30,-0.024462487300994498,61,0,-0.01498133,-0.10842673
2025-09,8996,2025-09-30,-0.024857843179625905,62,4,0.84615386,0.75270844
2025-09,6588,2025-09-30,-0.025317655467505674,63,0,-0.03589741,-0.12934281
2025-09,5274,2025-09-30,-0.025559468670674716,64,2,0.06007752,-0.03336788
2025-09,3054,2025-09-30,-0.025817885219839822,65,1,-0.008097197,-0.10154259
2025-09,6016,2025-09-30,-0.025839302026591064,66,0,-0.034090895,-0.1275363
2025-09,2892,2025-09-30,-0.026016753276919904,67,0,-0.04355113,-0.13699652
2025-09,2369,2025-09-30,-0.026044843385884163,68,2,0.08136489,-0.0120805055
2025-09,2836,2025-09-30,-0.026105321865885853,69,1,0.012552349,-0.08089305
2025-09,6781,2025-09-30,-0.026288103507451695,70,1,0.0,-0.0934454
2025-09,2880,2025-09-30,-0.026322174058170892,71,0,-0.010169466,-0.10361487
2025-09,3006,2025-09-30,-0.026570424623969226,72,3,0.24038461,0.14693922
2025-09,2428,2025-09-30,-0.026642524765457698,73,2,0.09883721,0.005391814
2025-09,4973,2025-09-30,-0.02699442532167648,74,3,0.20937502,0.115929626
2025-09,2850,2025-09-30,-0.027061913416546526,75,0,-0.0625,-0.15594539
2025-10,2408,2025-10-31,0.19660972522901413,1,2,0.073529415,0.095024176
2025-10,8043,2025-10-31,0.17415338546174197,2,4,0.61728394,0.6387787
2025-10,2851,2025-10-31,0.1402010959044702,3,2,0.06924647,0.09074123
2025-10,2314,2025-10-31,0.13522974343395497,4,2,0.10849053,0.12998529
2025-10,2344,2025-10-31,0.13184807212358607,5,1,0.045045044,0.06653981
2025-10,8110,2025-10-31,0.1233571586166562,6,4,0.5590717,0.58056647
2025-10,6465,2025-10-31,0.08959350428841907,7,4,0.40008548,0.42158026
2025-10,6265,2025-10-31,0.0834195230655,8,4,0.48800004,0.5094948
2025-10,6770,2025-10-31,0.07418451831366166,9,2,0.07064358,0.09213834
2025-10,8150,2025-10-31,0.06808604637724382,10,3,0.31538463,0.3368794
2025-10,2383,2025-10-31,0.06488455329149322,11,2,0.10108303,0.122577794
2025-10,2337,2025-10-31,0.060840029125985705,12,2,0.09119995,0.11269471
2025-10,2308,2025-10-31,0.060433915695705616,13,0,-0.06048387,-0.038989108
2025-10,6515,2025-10-31,0.05769454749315509,14,2,0.07400379,0.095498554
2025-10,6510,2025-10-31,0.057450831557536726,15,3,0.19254659,0.21404135
2025-10,5328,2025-10-31,0.05443457416381368,16,2,0.08808295,0.10957771
2025-10,3653,2025-10-31,0.05350764432226101,17,4,0.35747662,0.3789714
2025-10,2485,2025-10-31,0.052399344768496836,18,4,0.66549295,0.6869877
2025-10,2360,2025-10-31,0.05236377722592921,19,1,0.01236094,0.033855703
2025-10,6223,2025-10-31,0.05210064089357828,20,2,0.08095238,0.102447145
2025-10,5274,2025-10-31,0.051231120229732446,21,4,0.32518116,0.34667593
2025-10,3321,2025-10-31,0.049128932184967236,22,0,-0.07802562,-0.056530856
2025-10,6220,2025-10-31,0.047798921715343695,23,3,0.20574169,0.22723645
2025-10,3163,2025-10-31,0.0477925983359916,24,4,0.32776618,0.34926096
2025-10,6805,2025-10-31,0.04764574570984947,25,2,0.07167236,0.09316712
2025-10,4577,2025-10-31,0.04582017060861555,26,4,0.40283147,0.42432624
2025-10,6442,2025-10-31,0.04440822735579959,27,3,0.25792813,0.2794229
2025-10,2345,2025-10-31,0.043435476186006676,28,1,-0.046511628,-0.025016865
2025-10,1519,2025-10-31,0.04120970067980814,29,0,-0.06790946,-0.046414696
2025-10,8299,2025-10-31,0.03976467833930779,30,1,0.037037097,0.058531858
2025-10,4973,2025-10-31,0.03965611335244995,31,0,-0.10723518,-0.08574042
2025-10,6584,2025-10-31,0.03959226034102462,32,3,0.25964913,0.2811439
2025-10,2491,2025-10-31,0.03956317689980679,33,3,0.17187499,0.19336975
2025-10,3236,2025-10-31,0.038147466603298895,34,3,0.1531915,0.17468627
2025-10,4967,2025-10-31,0.03786468852095549,35,1,-0.04,-0.018505236
2025-10,3221,2025-10-31,0.03612610380828263,36,0,-0.15243903,-0.13094427
2025-10,1303,2025-10-31,0.03610154715772911,37,4,0.42168674,0.4431815
2025-10,6155,2025-10-31,0.03606913696669549,38,4,0.35018054,0.3716753
2025-10,6282,2025-10-31,0.0357522031651784,39,0,-0.113924064,-0.0924293
2025-10,2457,2025-10-31,0.035264638917023784,40,0,-0.0592105,-0.03771574
2025-10,3443,2025-10-31,0.03517197925174263,41,4,0.43037975,0.45187452
2025-10,4174,2025-10-31,0.03513038759467966,42,2,0.095999986,0.11749475
2025-10,8131,2025-10-31,0.03437550038491542,43,1,0.0473684,0.06886316
2025-10,8021,2025-10-31,0.03327428918027161,44,2,0.13389121,0.15538597
2025-10,2368,2025-10-31,0.032719889579137226,45,3,0.31875,0.34024477
2025-10,1802,2025-10-31,0.032291694951488426,46,3,0.25880283,0.2802976
2025-10,3665,2025-10-31,0.03205330829219482,47,3,0.15412186,0.17561662
2025-10,2451,2025-10-31,0.03193709620605683,48,4,0.39163497,0.41312975
2025-10,2375,2025-10-31,0.0307298779414765,49,1,-0.014736858,0.0067579043
2025-10,6173,2025-10-31,0.030652618089803966,50,2,0.13210699,0.15360175
2025-10,6163,2025-10-31,0.0302740197232855,51,4,0.45708588,0.47858065
2025-10,8042,2025-10-31,0.029853708526761846,52,3,0.32254338,0.34403816
2025-10,2327,2025-10-31,0.029841233852956776,53,0,-0.078431375,-0.056936614
2025-10,8034,2025-10-31,0.02932924290382937,54,3,0.15938863,0.1808834
2025-10,3717,2025-10-31,0.029305627335965048,55,0,-0.08730157,-0.065806806
2025-10,3017,2025-10-31,0.029275053079121312,56,1,-0.05172414,-0.030229377
2025-10,6239,2025-10-31,0.028968698519948436,57,0,-0.09248555,-0.070990786
2025-10,3276,2025-10-31,0.02853952193548336,58,1,-0.036065586,-0.014570824
2025-10,6217,2025-10-31,0.028116816686116364,59,0,-0.06481481,-0.043320052
2025-10,1605,2025-10-31,0.027655173253679027,60,1,-0.018302804,0.0031919584
2025-10,5498,2025-10-31,0.02764047074986228,61,3,0.13664602,0.15814078
2025-10,6139,2025-10-31,0.027405413620029875,62,0,-0.0627572,-0.04126244
2025-10,6588,2025-10-31,0.027196131596193687,63,2,0.116071425,0.1375662
2025-10,3349,2025-10-31,0.02690293313518222,64,4,0.35,0.37149477
2025-10,4906,2025-10-31,0.02580804079049233,65,1,-0.0075757145,0.013919048
2025-10,6706,2025-10-31,0.025491951545745666,66,3,0.27181688,0.29331166
2025-10,3372,2025-10-31,0.02536190210552694,67,1,-0.022598956,-0.0011041934
2025-10,5475,2025-10-31,0.024936228384629083,68,0,-0.12058824,-0.09909348
2025-10,8046,2025-10-31,0.024903346539902567,69,0,-0.09948542,-0.07799066
2025-10,6603,2025-10-31,0.024683458917633128,70,2,0.10230179,0.12379655
2025-10,6109,2025-10-31,0.024301701220313412,71,1,0.03781519,0.059309952
2025-10,3686,2025-10-31,0.023894937217455562,72,0,-0.16091955,-0.13942479
2025-10,8039,2025-10-31,0.023778400602630888,73,3,0.14744523,0.16894
2025-10,4989,2025-10-31,0.023638377839948304,74,1,-0.012376237,0.009118525
2025-10,2330,2025-10-31,0.023252677878884128,75,1,-0.046357624,-0.024862861
2025-11,6443,2025-11-28,0.47134539930649444,1,4,1.090566,1.0476937
2025-11,6265,2025-11-28,0.21128101965997004,2,4,0.49019608,0.4473238
2025-11,6465,2025-11-28,0.19103055398558255,3,4,0.7152174,0.67234516
2025-11,3555,2025-11-28,0.18981655114245388,4,2,0.17696638,0.1340941
2025-11,2485,2025-11-28,0.1758786145077027,5,1,0.13865551,0.09578323
2025-11,2337,2025-11-28,0.17011912493178977,6,1,0.118768424,0.075896144
2025-11,6163,2025-11-28,0.16677270986255277,7,3,0.35491905,0.31204677
2025-11,8110,2025-11-28,0.16573971052257577,8,4,0.45209178,0.4092195
2025-11,4764,2025-11-28,0.16253601870309695,9,4,0.8557536,0.81288135
2025-11,3576,2025-11-28,0.15569922418971896,10,3,0.42675155,0.38387927
2025-11,2408,2025-11-28,0.15542778904437604,11,3,0.28231293,0.23944065
2025-11,6770,2025-11-28,0.14392750311471295,12,1,0.1492754,0.10640313
2025-11,5475,2025-11-28,0.1397553816513557,13,4,0.7,0.65712774
2025-11,3054,2025-11-28,0.13787290282224496,14,3,0.3203463,0.27747402
2025-11,5386,2025-11-28,0.13284639726897593,15,1,0.07956098,0.0366887
2025-11,5498,2025-11-28,0.1270046559155315,16,4,0.8752293,0.83235705
2025-11,4577,2025-11-28,0.12590605127899215,17,1,0.1321101,0.089237824
2025-11,3105,2025-11-28,0.1185687647137766,18,2,0.26206896,0.21919668
2025-11,4967,2025-11-28,0.11635097691791545,19,2,0.23333333,0.19046105
2025-11,3135,2025-11-28,0.11516982915701514,20,3,0.3367469,0.29387462
2025-11,4991,2025-11-28,0.11353291598246255,21,3,0.3433735,0.30050123
2025-11,4768,2025-11-28,0.1102634202939275,22,4,0.80288464,0.7600124
2025-11,6706,2025-11-28,0.10816485874667621,23,4,0.4646465,0.4217742
2025-11,7751,2025-11-28,0.10731647795688327,24,4,0.4990177,0.4561454
2025-11,5351,2025-11-28,0.10547175720236827,25,1,0.12768646,0.084814176
2025-11,3049,2025-11-28,0.10523867778527984,26,0,-0.04878044,-0.09165272
2025-11,3081,2025-11-28,0.10313232096899817,27,1,0.13207547,0.089203194
2025-11,2413,2025-11-28,0.09411075575066831,28,4,0.63636357,0.5934913
2025-11,4989,2025-11-28,0.09318319213964552,29,3,0.31414264,0.27127036
2025-11,3092,2025-11-28,0.09213034554768146,30,3,0.42394823,0.38107595
2025-11,3491,2025-11-28,0.09114844199964578,31,3,0.30873787,0.2658656
2025-11,2344,2025-11-28,0.08959527980117674,32,3,0.32815197,0.2852797
2025-11,8299,2025-11-28,0.0887644918205555,33,2,0.19244236,0.14957008
2025-11,6515,2025-11-28,0.08852994090548974,34,0,-0.019434629,-0.062306907
2025-11,3260,2025-11-28,0.0836027449910889,35,3,0.35014006,0.30726779
2025-11,5521,2025-11-28,0.08186586569298572,36,4,0.5099337,0.46706143
2025-11,8021,2025-11-28,0.07920084301717809,37,3,0.36531365,0.32244137
2025-11,3163,2025-11-28,0.07352449239484218,38,1,0.14414415,0.10127187
2025-11,3057,2025-11-28,0.07275563135642796,39,3,0.3762377,0.3333654
2025-11,4971,2025-11-28,0.07251244796110463,40,4,0.44852942,0.40565714
2025-11,6217,2025-11-28,0.07160098432802699,41,0,0.025540259,-0.01733202
2025-11,6152,2025-11-28,0.06771210963578297,42,3,0.3058824,0.2630101
2025-11,3321,2025-11-28,0.06509482278671393,43,2,0.20836629,0.16549401
2025-11,6830,2025-11-28,0.06453959076658125,44,1,0.06832298,0.0254507
2025-11,3006,2025-11-28,0.06226297496962332,45,2,0.2496815,0.20680922
2025-11,8046,2025-11-28,0.060316752261183076,46,0,-0.09245283,-0.1353251
2025-11,6693,2025-11-28,0.05908217730810382,47,1,0.051451106,0.008578828
2025-11,3372,2025-11-28,0.05870822943817628,48,3,0.3581662,0.3152939
2025-11,4939,2025-11-28,0.056358366406341315,49,2,0.21875,0.17587772
2025-11,3037,2025-11-28,0.0549304602808346,50,2,0.16052632,0.11765404
2025-11,8088,2025-11-28,0.0545240558884033,51,1,0.081047386,0.038175106
2025-11,6419,2025-11-28,0.05428096723242797,52,4,0.50173616,0.45886388
2025-11,8150,2025-11-28,0.05289027763198198,53,1,0.112149514,0.069277234
2025-11,4927,2025-11-28,0.0521769530544192,54,4,0.5045249,0.4616526
2025-11,8422,2025-11-28,0.05124688478924055,55,2,0.19591834,0.15304606
2025-11,2345,2025-11-28,0.048107810433369404,56,2,0.17391305,0.13104077
2025-11,2360,2025-11-28,0.04748745361991938,57,0,-0.047560975,-0.090433255
2025-11,8103,2025-11-28,0.0464618564354465,58,0,-0.064658605,-0.107530884
2025-11,4960,2025-11-28,0.0460237546765316,59,0,0.034090895,-0.008781383
2025-11,4745,2025-11-28,0.0458758331882611,60,0,0.04828969,0.005417412
2025-11,3167,2025-11-28,0.045825327189147065,61,2,0.17073171,0.12785943
2025-11,6109,2025-11-28,0.04566766358828201,62,0,-0.03984064,-0.08271292
2025-11,8043,2025-11-28,0.04362909232690773,63,1,0.1391753,0.096303016
2025-11,5328,2025-11-28,0.043378994222997715,64,0,-0.004807619,-0.047679897
2025-11,3581,2025-11-28,0.04335379342455003,65,1,0.06591861,0.023046331
2025-11,6603,2025-11-28,0.042568298468304795,66,2,0.22425628,0.181384
2025-11,6153,2025-11-28,0.042406976874801564,67,0,-0.04320992,-0.0860822
2025-11,6510,2025-11-28,0.04186179899910381,68,2,0.22395833,0.18108605
2025-11,6425,2025-11-28,0.04140329761566992,69,2,0.15696205,0.11408977
2025-11,5289,2025-11-28,0.04070392316933438,70,0,0.046558704,0.003686426
2025-11,6442,2025-11-28,0.04061313475550981,71,1,0.06666667,0.023794392
2025-11,6291,2025-11-28,0.04034408953141864,72,2,0.21994135,0.17706907
2025-11,6220,2025-11-28,0.039983511704436314,73,0,0.01171872,-0.031153558
2025-11,2451,2025-11-28,0.039360709212505084,74,0,0.0027322404,-0.040140036
2025-11,3236,2025-11-28,0.039000220073684005,75,0,0.042750917,-0.00012136082
2025-12,6443,2025-12-31,0.27758070831178955,1,3,0.37566134,0.252311
2025-12,2337,2025-12-31,0.2566010094834511,2,4,1.27127,1.1479197
2025-12,2408,2025-12-31,0.1715456476346893,3,4,0.54285717,0.41950682
2025-12,6770,2025-12-31,0.1621642518981082,4,4,0.6336261,0.5102758
2025-12,2485,2025-12-31,0.14929456421796858,5,4,0.5396226,0.41627225
2025-12,3081,2025-12-31,0.14509220029317454,6,4,0.6097561,0.48640576
2025-12,3037,2025-12-31,0.13768122766301072,7,4,0.54831463,0.42496428
2025-12,8299,2025-12-31,0.1363828755661813,8,4,0.58419245,0.4608421
2025-12,3105,2025-12-31,0.12354135028834988,9,3,0.3172043,0.19385396
2025-12,2344,2025-12-31,0.12008710512718426,10,4,0.5643803,0.44102994
2025-12,5475,2025-12-31,0.11391004736046746,11,1,0.11518325,-0.008167093
2025-12,5386,2025-12-31,0.11222950135963768,12,0,-0.09378295,-0.21713328
2025-12,3691,2025-12-31,0.0925178227872363,13,4,0.55472636,0.431376
2025-12,3576,2025-12-31,0.09118960947567309,14,2,0.2385321,0.11518175
2025-12,3135,2025-12-31,0.08773230159023306,15,3,0.32630414,0.2029538
2025-12,3491,2025-12-31,0.08694569657019624,16,4,0.5979381,0.47458777
2025-12,3189,2025-12-31,0.0822270575670397,17,3,0.41666666,0.2933163
2025-12,4967,2025-12-31,0.07663059221423424,18,2,0.3131579,0.18980755
2025-12,8046,2025-12-31,0.07391608120697278,19,4,0.53593427,0.41258392
2025-12,6515,2025-12-31,0.07342831164947769,20,3,0.35416666,0.23081632
2025-12,3260,2025-12-31,0.06967859639797347,21,2,0.29263914,0.1692888
2025-12,6265,2025-12-31,0.06757189209745793,22,4,0.49622914,0.3728788
2025-12,3049,2025-12-31,0.06421322948798974,23,3,0.4551723,0.33182195
2025-12,8150,2025-12-31,0.06418731747571049,24,2,0.29989555,0.17654522
2025-12,4991,2025-12-31,0.057230990704421884,25,0,0.010989011,-0.112361334
2025-12,7751,2025-12-31,0.05566967870111241,26,0,0.09468223,-0.028668111
2025-12,3163,2025-12-31,0.05035419992378135,27,1,0.17245658,0.049106237
2025-12,6683,2025-12-31,0.04991363320387487,28,2,0.25358853,0.13023819
2025-12,3006,2025-12-31,0.04517094330808009,29,4,0.48535565,0.3620053
2025-12,4577,2025-12-31,0.045090652162113457,30,0,-0.08547009,-0.20882043
2025-12,4971,2025-12-31,0.042224011526260485,31,2,0.26910827,0.14575793
2025-12,8110,2025-12-31,0.04033143510074118,32,3,0.35910648,0.23575614
2025-12,6510,2025-12-31,0.03764501951732206,33,3,0.3785558,0.25520545
2025-12,3481,2025-12-31,0.03608984982997726,34,2,0.25663707,0.13328673
2025-12,3555,2025-12-31,0.035456837277035406,35,1,0.20567378,0.08232344
2025-12,3711,2025-12-31,0.032634732778560466,36,1,0.22529644,0.10194609
2025-12,2308,2025-12-31,0.02938189757321781,37,2,0.29381442,0.17046408
2025-12,3372,2025-12-31,0.02602349259535046,38,0,0.027906995,-0.095443346
2025-12,2360,2025-12-31,0.025455638163946772,39,2,0.28970775,0.16635741
2025-12,2451,2025-12-31,0.025409273274686915,40,2,0.30808082,0.18473049
2025-12,2489,2025-12-31,0.024090369179743897,41,3,0.3823529,0.25900254
2025-12,6217,2025-12-31,0.023252191756448954,42,1,0.20776701,0.084416665
2025-12,3054,2025-12-31,0.022156578016990468,43,0,-0.05392912,-0.17727946
2025-12,6223,2025-12-31,0.02163122406683344,44,1,0.14569536,0.022345016
2025-12,2313,2025-12-31,0.02116717104679766,45,4,0.89563364,0.7722833
2025-12,6588,2025-12-31,0.020676021960875354,46,2,0.2926316,0.16928126
2025-12,6291,2025-12-31,0.020328833806833965,47,2,0.24744898,0.124098636
2025-12,5289,2025-12-31,0.020119070025035504,48,3,0.31958762,0.19623728
2025-12,2368,2025-12-31,0.020008544690227757,49,0,0.0116959065,-0.11165444
2025-12,6282,2025-12-31,0.019724656717462118,50,2,0.24475524,0.12140489
2025-12,8088,2025-12-31,0.019617235070274876,51,3,0.42207783,0.29872748
2025-12,4542,2025-12-31,0.018958460317756002,52,1,0.18087554,0.0575252
2025-12,5274,2025-12-31,0.018483318094502217,53,2,0.28305784,0.1597075
2025-12,8131,2025-12-31,0.018424169303652326,54,1,0.167414,0.044063654
2025-12,6693,2025-12-31,0.015952272830827882,55,0,0.06475712,-0.058593217
2025-12,3581,2025-12-31,0.015548686210442985,56,0,-0.032967053,-0.1563174
2025-12,3530,2025-12-31,0.013475482880069176,57,0,-0.02606312,-0.14941347
2025-12,4973,2025-12-31,0.01283627789577249,58,2,0.31274137,0.18939103
2025-12,5291,2025-12-31,0.012072926973248807,59,3,0.36029407,0.23694374
2025-12,3443,2025-12-31,0.011454261001042618,60,1,0.23623854,0.112888195
2025-12,6485,2025-12-31,0.011407407253149255,61,3,0.43219262,0.30884227
2025-12,2449,2025-12-31,0.010876060262076713,62,1,0.20315582,0.07980547
2025-12,6163,2025-12-31,0.00981868311577769,63,1,0.1585586,0.035208266
2025-12,3167,2025-12-31,0.009670182226152763,64,0,-0.09756097,-0.22091131
2025-12,2467,2025-12-31,0.0095389942481319,65,0,0.025948104,-0.09740224
2025-12,2369,2025-12-31,0.009149578356964106,66,1,0.21861468,0.09526434
2025-12,6274,2025-12-31,0.00865546724387014,67,0,0.025125628,-0.098224714
2025-12,6239,2025-12-31,0.008346304273785285,68,3,0.46,0.33664966
2025-12,1815,2025-12-31,0.007625134206599865,69,0,-0.01505378,-0.13840412
2025-12,8996,2025-12-31,0.007428163881342412,70,3,0.33965516,0.21630482
2025-12,2406,2025-12-31,0.006608697576261824,71,1,0.147929,0.024578655
2025-12,2383,2025-12-31,0.006328492740827143,72,0,0.081571,-0.041779343
2025-12,6715,2025-12-31,0.00513227984522696,73,1,0.16585366,0.042503323
2025-12,2330,2025-12-31,0.005103933755141768,74,1,0.1607717,0.037421357
2025-12,5864,2025-12-31,0.0050513273019459,75,4,0.56209147,0.43874112
2026-01,5386,2026-01-30,0.4999560726835734,1,4,2.2060301,2.1420813
2026-01,3054,2026-01-30,0.37563244616895036,2,4,0.9867109,0.92276204
2026-01,5475,2026-01-30,0.29275720854931364,3,4,0.7253219,0.661373
2026-01,6683,2026-01-30,0.28011437753625457,4,4,0.7675941,0.7036452
2026-01,3081,2026-01-30,0.2767742553488906,5,4,0.5981501,0.5342012
2026-01,7751,2026-01-30,0.2756460803318927,6,3,0.59313726,0.5291884
2026-01,3576,2026-01-30,0.2687827015360457,7,4,0.9863014,0.92235255
2026-01,3163,2026-01-30,0.2589671438868805,8,4,0.77011496,0.7061661
2026-01,6217,2026-01-30,0.23997033709133808,9,4,0.9415807,0.87763184
2026-01,6739,2026-01-30,0.19748441259378974,10,0,0.079484425,0.01553553
2026-01,2485,2026-01-30,0.1943880598946454,11,3,0.3790524,0.3151035
2026-01,6715,2026-01-30,0.17954583102621272,12,4,1.1444867,1.0805378
2026-01,6640,2026-01-30,0.17715502393290075,13,1,0.23461539,0.17066649
2026-01,6515,2026-01-30,0.17714075379950742,14,3,0.495564,0.4316151
2026-01,4542,2026-01-30,0.16593435740911908,15,4,0.6009852,0.53703636
2026-01,2337,2026-01-30,0.16510798537273857,16,1,0.14597698,0.08202808
2026-01,5274,2026-01-30,0.1498433711645237,17,0,0.12158394,0.057635043
2026-01,6830,2026-01-30,0.14516301705888346,18,4,1.1712707,1.1073219
2026-01,4971,2026-01-30,0.14312745271087285,19,1,0.24418604,0.18023714
2026-01,2360,2026-01-30,0.13671847409976348,20,3,0.53333336,0.46938446
2026-01,3037,2026-01-30,0.13081761408287643,21,1,0.24266666,0.17871776
2026-01,4577,2026-01-30,0.12972152046684407,22,4,0.7980769,0.73412806
2026-01,4991,2026-01-30,0.12424308360876372,23,3,0.4955947,0.4316458
2026-01,7734,2026-01-30,0.12080588130059562,24,3,0.5772727,0.51332384
2026-01,8046,2026-01-30,0.1187136834736655,25,1,0.23490813,0.17095923
2026-01,3049,2026-01-30,0.11700630009881895,26,3,0.40186915,0.33792025
2026-01,6187,2026-01-30,0.11418538443470909,27,3,0.56058586,0.49663696
2026-01,3105,2026-01-30,0.11384366494934733,28,2,0.3171806,0.2532317
2026-01,6443,2026-01-30,0.11268374911376612,29,2,0.28186274,0.21791384
2026-01,6141,2026-01-30,0.11250239680041424,30,4,0.61607146,0.5521226
2026-01,2489,2026-01-30,0.10697849469741258,31,4,0.87250006,0.8085512
2026-01,3529,2026-01-30,0.09939911703553093,32,3,0.4159544,0.3520055
2026-01,5289,2026-01-30,0.09508989684883762,33,2,0.2855297,0.2215808
2026-01,6426,2026-01-30,0.0944959992411036,34,0,0.085365854,0.021416958
2026-01,3363,2026-01-30,0.0932592434098372,35,3,0.49507388,0.431125
2026-01,6588,2026-01-30,0.08979643164286581,36,1,0.1683748,0.104425915
2026-01,6442,2026-01-30,0.08843570833055911,37,0,0.037249282,-0.026699614
2026-01,3234,2026-01-30,0.08793242213732248,38,3,0.4034483,0.3394994
2026-01,3491,2026-01-30,0.08587747680306812,39,0,0.12444445,0.06049555
2026-01,3189,2026-01-30,0.08282091297354995,40,1,0.18571429,0.1217654
2026-01,3653,2026-01-30,0.08070821630355966,41,2,0.26727274,0.20332384
2026-01,2367,2026-01-30,0.07848146980548562,42,2,0.31809518,0.25414628
2026-01,5519,2026-01-30,0.07746774348973723,43,0,0.06655842,0.0026095249
2026-01,8096,2026-01-30,0.07396972054960163,44,0,-0.023467999,-0.087416895
2026-01,6861,2026-01-30,0.07342368015563899,45,4,1.6035032,1.5395544
2026-01,3092,2026-01-30,0.07134088663236138,46,2,0.28514057,0.22119167
2026-01,8021,2026-01-30,0.06888955017962282,47,1,0.23155217,0.16760327
2026-01,3555,2026-01-30,0.06582422490201145,48,0,0.12083333,0.056884434
2026-01,6152,2026-01-30,0.0649576738798657,49,3,0.48062024,0.41667134
2026-01,3260,2026-01-30,0.06487100576578875,50,0,0.0014285714,-0.062520325
2026-01,6223,2026-01-30,0.06413479363490665,51,2,0.314,0.2500511
2026-01,4927,2026-01-30,0.06404646535287808,52,2,0.3787639,0.314815
2026-01,4764,2026-01-30,0.06345584784916818,53,2,0.31858408,0.25463519
2026-01,2368,2026-01-30,0.06241002735022083,54,2,0.27738264,0.21343374
2026-01,3167,2026-01-30,0.06089841663050623,55,3,0.5164319,0.45248303
2026-01,6510,2026-01-30,0.060632672028737455,56,1,0.13808802,0.074139126
2026-01,2308,2026-01-30,0.060593120263308244,57,1,0.1814346,0.11748571
2026-01,4989,2026-01-30,0.05729304132979969,58,2,0.3415559,0.277607
2026-01,2383,2026-01-30,0.05578364881811668,59,3,0.4244186,0.3604697
2026-01,5864,2026-01-30,0.05235126810403785,60,0,0.05319149,-0.010757405
2026-01,2313,2026-01-30,0.0519627105294505,61,1,0.17919075,0.11524186
2026-01,6291,2026-01-30,0.050410238631293375,62,1,0.26190478,0.19795588
2026-01,4979,2026-01-30,0.04816190957796203,63,1,0.21746032,0.15351142
2026-01,4977,2026-01-30,0.04652005901562274,64,2,0.31225297,0.24830407
2026-01,6903,2026-01-30,0.046388022310958975,65,1,0.15280464,0.08885575
2026-01,5291,2026-01-30,0.04612105022811709,66,3,0.54069763,0.47674873
2026-01,8996,2026-01-30,0.0439095305748121,67,1,0.16317992,0.09923103
2026-01,6596,2026-01-30,0.043662802686735856,68,0,0.06360424,-0.00034465265
2026-01,2345,2026-01-30,0.04196506129336729,69,2,0.35,0.2860511
2026-01,7728,2026-01-30,0.04187113751739167,70,0,0.027656477,-0.03629242
2026-01,4958,2026-01-30,0.040564580274460596,71,0,-0.10741688,-0.17136578
2026-01,6530,2026-01-30,0.040121148049805454,72,2,0.3254237,0.2614748
2026-01,6805,2026-01-30,0.03931613906515764,73,2,0.32269505,0.25874615
2026-01,3135,2026-01-30,0.03742117924794569,74,0,0.013157895,-0.050791
2026-01,3443,2026-01-30,0.03710158054871614,75,0,-0.079457365,-0.14340626
2026-02,6217,2026-02-26,0.4763990541408361,1,4,0.78640777,0.8514066
2026-02,4989,2026-02-26,0.43739023572140256,2,0,0.036918126,0.1019169
2026-02,6187,2026-02-26,0.42756550520274117,3,4,0.89432484,0.95932364
2026-02,6715,2026-02-26,0.4201035216982192,4,4,1.0848485,1.1498473
2026-02,6683,2026-02-26,0.39832393955278167,5,4,0.6104651,0.6754639
2026-02,5386,2026-02-26,0.368814600982615,6,2,0.24641149,0.31141028
2026-02,3054,2026-02-26,0.31289092516197875,7,3,0.48920858,0.5542074
2026-02,6830,2026-02-26,0.2996200650529029,8,4,0.53533566,0.60033447
2026-02,2485,2026-02-26,0.27878591933318403,9,4,0.89399296,0.95899177
2026-02,6451,2026-02-26,0.2746667710136315,10,4,0.825,0.8899988
2026-02,5475,2026-02-26,0.2636538786509803,11,0,0.031400967,0.09639975
2026-02,6739,2026-02-26,0.24749070675015458,12,2,0.21782178,0.28282055
2026-02,6515,2026-02-26,0.24642069203115788,13,4,0.61695606,0.68195486
2026-02,6640,2026-02-26,0.24067651367109252,14,4,0.846554,0.9115528
2026-02,4577,2026-02-26,0.23085617130953748,15,3,0.36471987,0.42971864
2026-02,7734,2026-02-26,0.22512031938795427,16,0,0.03943662,0.1044354
2026-02,7751,2026-02-26,0.22236789707876736,17,3,0.3755274,0.4405262
2026-02,8046,2026-02-26,0.22100890718515775,18,0,0.03888889,0.10388767
2026-02,4991,2026-02-26,0.20555140707295155,19,2,0.29651162,0.3615104
2026-02,3167,2026-02-26,0.1998642532819265,20,2,0.30297723,0.367976
2026-02,3081,2026-02-26,0.19383085883076517,21,3,0.4214876,0.48648638
2026-02,3555,2026-02-26,0.18336712527198537,22,1,0.15037593,0.21537471
2026-02,2360,2026-02-26,0.17768354778793424,23,1,0.13732395,0.20232272
2026-02,2337,2026-02-26,0.16936471115087742,24,1,0.18483412,0.2498329
2026-02,3105,2026-02-26,0.1662568733598146,25,1,0.15558912,0.2205879
2026-02,6291,2026-02-26,0.16460883040565008,26,2,0.29553902,0.3605378
2026-02,3163,2026-02-26,0.16419392526731624,27,1,0.17793104,0.24292982
2026-02,4971,2026-02-26,0.1604530589413491,28,2,0.2168421,0.2818409
2026-02,2345,2026-02-26,0.15724130342333686,29,2,0.21691176,0.28191054
2026-02,5274,2026-02-26,0.14520447596828362,30,2,0.18756424,0.25256303
2026-02,3037,2026-02-26,0.14362504175412824,31,1,0.08953614,0.15453492
2026-02,2383,2026-02-26,0.14334278734646752,32,2,0.27631578,0.34131455
2026-02,3324,2026-02-26,0.13833077531837493,33,0,-0.10135747,-0.03635869
2026-02,3693,2026-02-26,0.13484831527028288,34,1,0.08108108,0.14607985
2026-02,3131,2026-02-26,0.1347368316612293,35,4,0.64450866,0.70950747
2026-02,2368,2026-02-26,0.13462066430440042,36,1,0.17857143,0.24357021
2026-02,3533,2026-02-26,0.1342780480436992,37,3,0.32941177,0.39441055
2026-02,3363,2026-02-26,0.13400458883145475,38,1,0.12631579,0.19131456
2026-02,2367,2026-02-26,0.13192861085221927,39,2,0.28196716,0.34696594
2026-02,3189,2026-02-26,0.1295638984233508,40,1,0.17333333,0.23833211
2026-02,6223,2026-02-26,0.12800693441322153,41,2,0.295053,0.36005178
2026-02,5289,2026-02-26,0.12715937057434665,42,2,0.25819135,0.32319012
2026-02,2308,2026-02-26,0.1253355182742224,43,1,0.11439114,0.17938992
2026-02,5291,2026-02-26,0.124695069687129,44,3,0.40110916,0.46610793
2026-02,3017,2026-02-26,0.12265733562968781,45,2,0.2761628,0.34116158
2026-02,6141,2026-02-26,0.11989226398795623,46,4,0.70000005,0.76499885
2026-02,3529,2026-02-26,0.11977464711522752,47,1,0.16255145,0.22755022
2026-02,3653,2026-02-26,0.11815387972305982,48,3,0.32676518,0.39176396
2026-02,8155,2026-02-26,0.11718705972402889,49,3,0.34643734,0.4114361
2026-02,4960,2026-02-26,0.1157315823964494,50,4,0.8695651,0.93456393
2026-02,1711,2026-02-26,0.11385364147701617,51,3,0.48854956,0.55354834
2026-02,2243,2026-02-26,0.11132598709275045,52,4,0.70901644,0.77401525
2026-02,4979,2026-02-26,0.11003927111264437,53,0,-0.00875,0.056248777
2026-02,3049,2026-02-26,0.10922095466051605,54,2,0.23786406,0.30286285
2026-02,8021,2026-02-26,0.10830239048410492,55,0,0.08064516,0.14564393
2026-02,6426,2026-02-26,0.10757372400828262,56,0,-0.13850416,-0.07350539
2026-02,2313,2026-02-26,0.10501839127144186,57,3,0.37755102,0.4425498
2026-02,2426,2026-02-26,0.10439080692467964,58,4,0.8848167,0.9498155
2026-02,6568,2026-02-26,0.10238293719505921,59,3,0.40584415,0.47084293
2026-02,3260,2026-02-26,0.10122141324197674,60,3,0.48761904,0.55261785
2026-02,6510,2026-02-26,0.1002914400897885,61,0,-0.09497207,-0.029973289
2026-02,3691,2026-02-26,0.09976253278854386,62,0,-0.18681319,-0.121814415
2026-02,4542,2026-02-26,0.09941660650146739,63,1,0.15460527,0.21960405
2026-02,6443,2026-02-26,0.09933008335689571,64,0,0.0044643027,0.06946308
2026-02,6706,2026-02-26,0.09649512236876802,65,0,-0.01171875,0.053280026
2026-02,2467,2026-02-26,0.09573779792048771,66,3,0.33279744,0.3977962
2026-02,4973,2026-02-26,0.09555701735390254,67,3,0.3972603,0.46225908
2026-02,3711,2026-02-26,0.09554854542798678,68,0,-0.013947002,0.051051777
2026-02,6805,2026-02-26,0.09543660330364626,69,1,0.110787176,0.17578596
2026-02,6530,2026-02-26,0.09533831799912132,70,3,0.33333334,0.39833212
2026-02,8996,2026-02-26,0.09458567474120944,71,0,0.010514019,0.0755128
2026-02,6419,2026-02-26,0.09439411666593454,72,2,0.20933329,0.27433208
2026-02,3030,2026-02-26,0.09424995105900269,73,1,0.18721461,0.2522134
2026-02,2413,2026-02-26,0.09424541827744835,74,0,0.037313435,0.102312215
2026-02,3093,2026-02-26,0.09375385036479755,75,4,0.60072595,0.66572475
2026-03,6861,2026-03-31,0.34815030292082816,1,4,1.4848485,1.257769
2026-03,3581,2026-03-31,0.24424162738976396,2,4,1.6090115,1.381932
2026-03,6274,2026-03-31,0.22777796121577237,3,3,0.68333334,0.45625386
2026-03,4991,2026-03-31,0.21589794341867313,4,3,0.62891567,0.4018362
2026-03,8046,2026-03-31,0.21581944571796724,5,4,0.7914438,0.5643644
2026-03,8155,2026-03-31,0.21149355435196796,6,3,0.6218324,0.3947529
2026-03,4764,2026-03-31,0.20712047821873433,7,4,1.1061225,0.87904304
2026-03,3037,2026-03-31,0.2022678666799687,8,4,0.82438016,0.5973007
2026-03,6147,2026-03-31,0.19488972734330132,9,4,1.1618037,0.9347243
2026-03,3189,2026-03-31,0.17006916586888568,10,2,0.5761194,0.34903994
2026-03,6451,2026-03-31,0.16461365202150977,11,1,0.35109717,0.1240177
2026-03,1785,2026-03-31,0.16403304874140678,12,3,0.725756,0.4986765
2026-03,4971,2026-03-31,0.1500789331948694,13,1,0.3637931,0.13671364
2026-03,8271,2026-03-31,0.14946597459832334,14,2,0.5827338,0.35565433
2026-03,6217,2026-03-31,0.146647588669062,15,2,0.56179774,0.33471826
2026-03,6213,2026-03-31,0.14515469053862975,16,3,0.7307692,0.50368977
2026-03,3583,2026-03-31,0.14101965734169394,17,3,0.6196319,0.3925524
2026-03,4919,2026-03-31,0.13772755088340238,18,2,0.5775401,0.35046062
2026-03,5475,2026-03-31,0.1361374790314096,19,3,0.64220184,0.41512236
2026-03,7751,2026-03-31,0.13499309662084147,20,3,0.5973597,0.37028024
2026-03,8021,2026-03-31,0.13493748564536004,21,2,0.56614786,0.33906838
2026-03,6515,2026-03-31,0.1348252403996245,22,1,0.33226427,0.10518481
2026-03,3167,2026-03-31,0.13043376733968506,23,4,1.1715007,0.94442123
2026-03,3026,2026-03-31,0.1281058081713412,24,1,0.45547944,0.22839998
2026-03,3529,2026-03-31,0.12792402318797697,25,1,0.41123188,0.18415241
2026-03,3081,2026-03-31,0.12405548729435521,26,2,0.5575221,0.33044264
2026-03,6830,2026-03-31,0.1225450379189309,27,3,0.6831683,0.4560888
2026-03,3443,2026-03-31,0.12209203168773285,28,4,0.8521739,0.6250945
2026-03,3105,2026-03-31,0.12181483993040076,29,1,0.42933333,0.20225386
2026-03,6735,2026-03-31,0.11964152566895182,30,4,1.1971067,0.97002727
2026-03,4958,2026-03-31,0.11835157536783758,31,4,0.9223744,0.695295
2026-03,4979,2026-03-31,0.11395070902240954,32,3,0.6283423,0.4012628
2026-03,4973,2026-03-31,0.10954608019127347,33,0,0.26870227,0.0416228
2026-03,8299,2026-03-31,0.10928084192099075,34,0,0.16207951,-0.06499995
2026-03,2383,2026-03-31,0.10926716116179833,35,3,0.6232143,0.39613482
2026-03,7734,2026-03-31,0.1060540046191519,36,2,0.46451613,0.23743667
2026-03,2467,2026-03-31,0.10545407864644255,37,1,0.4,0.17292054
2026-03,2351,2026-03-31,0.10394948812959674,38,2,0.5323383,0.30525884
2026-03,2308,2026-03-31,0.10366623881784688,39,2,0.4778157,0.2507362
2026-03,4989,2026-03-31,0.10256774094688755,40,3,0.67159766,0.44451818
2026-03,6291,2026-03-31,0.09956452692635727,41,0,0.17222223,-0.054857243
2026-03,3430,2026-03-31,0.09931238424882222,42,3,0.7183099,0.4912304
2026-03,6223,2026-03-31,0.09925332081966953,43,0,0.2628205,0.035741042
2026-03,6683,2026-03-31,0.09851383694421109,44,1,0.4214047,0.19432522
2026-03,6584,2026-03-31,0.0983742032487519,45,0,0.15897436,-0.0681051
2026-03,3135,2026-03-31,0.09577269996115718,46,0,0.3101852,0.08310573
2026-03,3163,2026-03-31,0.09426283997990076,47,0,0.3221709,0.09509145
2026-03,6415,2026-03-31,0.09412447828935867,48,2,0.4573379,0.23025842
2026-03,3533,2026-03-31,0.09051359649078224,49,0,0.21627907,-0.010800394
2026-03,6789,2026-03-31,0.08933554787786227,50,4,0.8084772,0.5813978
2026-03,6715,2026-03-31,0.08692019291087313,51,0,0.17794117,-0.049138296
2026-03,6658,2026-03-31,0.0848979589969527,52,4,0.96710527,0.7400258
2026-03,6693,2026-03-31,0.0848020574742085,53,0,0.30985916,0.08277969
2026-03,6531,2026-03-31,0.08296501129685355,54,4,0.8181818,0.59110236
2026-03,6805,2026-03-31,0.08134859660220779,55,0,0.11590297,-0.1111765
2026-03,2408,2026-03-31,0.07896941065421301,56,0,0.01891253,-0.20816694
2026-03,6234,2026-03-31,0.07854973098417477,57,4,0.8144329,0.58735347
2026-03,3661,2026-03-31,0.07720851415458327,58,2,0.55451125,0.32743177
2026-03,6488,2026-03-31,0.07701604754578462,59,1,0.33794695,0.110867485
2026-03,6643,2026-03-31,0.07531279363209138,60,0,0.118367344,-0.10871212
2026-03,2368,2026-03-31,0.07481019254873217,61,2,0.5359116,0.30883214
2026-03,3653,2026-03-31,0.0735020969588219,62,1,0.3517588,0.12467934
2026-03,4577,2026-03-31,0.0725588591748244,63,2,0.52073735,0.29365787
2026-03,3555,2026-03-31,0.07149008040662283,64,2,0.57961786,0.35253838
2026-03,5386,2026-03-31,0.07134614932201316,65,1,0.32517484,0.09809537
2026-03,3711,2026-03-31,0.0706934930914393,66,1,0.38550726,0.15842779
2026-03,6829,2026-03-31,0.06742091708993435,67,4,1.0289257,0.8018462
2026-03,6672,2026-03-31,0.06724850949542788,68,3,0.67175573,0.44467625
2026-03,3532,2026-03-31,0.06547185458017878,69,1,0.37956205,0.15248258
2026-03,3665,2026-03-31,0.06475197380672042,70,2,0.4852547,0.25817522
2026-03,5274,2026-03-31,0.06427150975173178,71,1,0.45154184,0.22446238
2026-03,6727,2026-03-31,0.06375445378592447,72,0,0.20504732,-0.022032144
2026-03,2454,2026-03-31,0.06227106013091094,73,3,0.683871,0.4567915
2026-03,3467,2026-03-31,0.06220792519009971,74,1,0.41898143,0.19190197
2026-03,3498,2026-03-31,0.061869129820925566,75,0,0.23870046,0.011620996
2026-04,4764,2026-04-16,0.2665910353836493,1,3,0.47969544,0.37088528
2026-04,3581,2026-04-16,0.23468760808316902,2,4,0.7721519,0.66334176
2026-04,7734,2026-04-16,0.22688338156235166,3,3,0.55925155,0.4504414
2026-04,6147,2026-04-16,0.2003120595786039,4,4,0.75965667,0.65084654
2026-04,2454,2026-04-16,0.1914724609539642,5,4,0.68911916,0.58030903
2026-04,6735,2026-04-16,0.18424664539956723,6,4,0.79710144,0.6882913
2026-04,3430,2026-04-16,0.18219334505690749,7,4,1.1835443,1.0747341
2026-04,2351,2026-04-16,0.18004770083655366,8,3,0.47540984,0.36659968
2026-04,6658,2026-04-16,0.17592259761841,9,4,1.4681934,1.3593832
2026-04,3443,2026-04-16,0.1721625402468969,10,3,0.4505988,0.34178865
2026-04,6861,2026-04-16,0.1656269761645631,11,4,1.986755,1.8779448
2026-04,6531,2026-04-16,0.1566040591354428,12,4,0.8212479,0.71243775
2026-04,3135,2026-04-16,0.153518331127326,13,4,0.7419355,0.63312536
2026-04,4919,2026-04-16,0.14800694081700141,14,1,0.19767442,0.088864274
2026-04,3532,2026-04-16,0.1468517602421996,15,1,0.14175257,0.032942425
2026-04,6291,2026-04-16,0.14555861979529539,16,1,0.10911271,0.0003025637
2026-04,6756,2026-04-16,0.14269474233344254,17,2,0.28311694,0.1743068
2026-04,3189,2026-04-16,0.142563008218495,18,2,0.23037975,0.121569596
2026-04,3016,2026-04-16,0.14199256792141904,19,4,0.7619048,0.65309465
2026-04,6274,2026-04-16,0.1410835764588169,20,3,0.3736842,0.26487404
2026-04,4768,2026-04-16,0.13575681343697865,21,0,-0.10125261,-0.21006276
2026-04,4973,2026-04-16,0.1330694781330525,22,3,0.5019255,0.39311537
2026-04,6829,2026-04-16,0.12719443422118226,23,0,0.06738544,-0.041424703
2026-04,6789,2026-04-16,0.12647864975967316,24,3,0.40598804,0.29717788
2026-04,6415,2026-04-16,0.1254017411242712,25,3,0.5096774,0.40086725
2026-04,3583,2026-04-16,0.12301077065838928,26,2,0.26136363,0.15255348
2026-04,3711,2026-04-16,0.120096556851385,27,2,0.24036281,0.13155267
2026-04,8021,2026-04-16,0.11984353016644325,28,2,0.21291208,0.10410193
2026-04,8027,2026-04-16,0.11581778185462915,29,4,0.6917808,0.5829707
2026-04,4991,2026-04-16,0.11565292590258973,30,0,0.022292994,-0.086517155
2026-04,8299,2026-04-16,0.11453962937105948,31,4,0.65625,0.5474399
2026-04,6515,2026-04-16,0.11282648223692872,32,0,-0.022,-0.13081014
2026-04,3661,2026-04-16,0.11221864006939596,33,2,0.3026874,0.19387726
2026-04,3498,2026-04-16,0.11078029320067319,34,4,0.77380955,0.6649994
2026-04,3037,2026-04-16,0.11056696646711252,35,2,0.2828125,0.17400236
2026-04,6488,2026-04-16,0.10597657638440947,36,2,0.32958803,0.22077788
2026-04,3680,2026-04-16,0.1049806579162834,37,2,0.3427896,0.23397945
2026-04,6937,2026-04-16,0.10248119285731863,38,0,-0.026578072,-0.13538823
2026-04,3665,2026-04-16,0.09901874425600242,39,0,-0.12889813,-0.23770827
2026-04,4951,2026-04-16,0.09836453089536008,40,4,0.6829609,0.5741508
2026-04,5464,2026-04-16,0.09795306069335136,41,4,0.9193277,0.81051755
2026-04,8046,2026-04-16,0.09430388195882253,42,1,0.07967033,-0.029139813
2026-04,2308,2026-04-16,0.09372611191468565,43,1,0.112600535,0.003790389
2026-04,3265,2026-04-16,0.09281177230848488,44,1,0.085798815,-0.02301133
2026-04,6693,2026-04-16,0.09199171813631148,45,0,-0.0070422534,-0.1158524
2026-04,5274,2026-04-16,0.09148728511653224,46,2,0.21134202,0.10253187
2026-04,2388,2026-04-16,0.08989703325247143,47,2,0.21612905,0.1073189
2026-04,5285,2026-04-16,0.08596665891505452,48,3,0.42418423,0.31537408
2026-04,6877,2026-04-16,0.08511341022759286,49,0,0.025974026,-0.08283612
2026-04,6805,2026-04-16,0.08219248306451325,50,0,-0.074666664,-0.1834768
2026-04,3450,2026-04-16,0.07961522436754674,51,1,0.13,0.02118985
2026-04,8271,2026-04-16,0.0787751148102168,52,3,0.3519553,0.24314515
2026-04,8227,2026-04-16,0.07861622940067976,53,3,0.5182482,0.40943804
2026-04,6903,2026-04-16,0.07756210767494316,54,0,0.030666666,-0.07814348
2026-04,6208,2026-04-16,0.07723712159116876,55,2,0.32360744,0.2147973
2026-04,6683,2026-04-16,0.07604987897961918,56,0,-0.086842105,-0.19565225
2026-04,3529,2026-04-16,0.07470885968718097,57,0,0.01055409,-0.09825606
2026-04,8150,2026-04-16,0.07354432219985024,58,1,0.084450446,-0.0243597
2026-04,3260,2026-04-16,0.07157096064390409,59,1,0.16438356,0.055573415
2026-04,2481,2026-04-16,0.07117234082912645,60,1,0.08294931,-0.025860835
2026-04,6525,2026-04-16,0.07086576162490552,61,1,0.1824324,0.07362225
2026-04,8155,2026-04-16,0.0701402883920749,62,1,0.11764706,0.008836913
2026-04,6526,2026-04-16,0.0692207457963197,63,3,0.35433072,0.24552058
2026-04,3264,2026-04-16,0.06864554265613086,64,2,0.29142857,0.18261842
2026-04,6727,2026-04-16,0.06792722609618429,65,3,0.42091838,0.31210822
2026-04,3105,2026-04-16,0.06667718634555804,66,0,-0.10273973,-0.21154988
2026-04,6643,2026-04-16,0.06620911546789274,67,2,0.26584867,0.15703852
2026-04,6788,2026-04-16,0.06616591144818977,68,0,0.047496792,-0.061313353
2026-04,6217,2026-04-16,0.0661028763425008,69,2,0.35135135,0.24254121
2026-04,3533,2026-04-16,0.06605624812583274,70,0,-0.07355865,-0.1823688
2026-04,1590,2026-04-16,0.06528955824907039,71,1,0.20576131,0.096951164
2026-04,6223,2026-04-16,0.06502914906152457,72,1,0.14354995,0.034739804
2026-04,4722,2026-04-16,0.06418907168924663,73,3,0.50284094,0.39403078
2026-04,4958,2026-04-16,0.06399349422060475,74,3,0.5423077,0.43349752
2026-04,2360,2026-04-16,0.06394919667353927,75,1,0.12,0.011189851
