month,fold_test_start,fold_test_end,train_start,train_end_exclusive,ticker,date,rank,pred_return,trade_return_20d,trade_excess_return_20d,taiex_20d_return_pct,taiex_vs_ma60_pct,market_breadth_20d_pct
2024-01,2024-01-01,2024-01-31,2022-01-01,2023-12-04,5314,2024-01-31,1,0.12207147664225552,0.35329341888427734,0.25063470005989075,0.4761904776096344,0.523809552192688,0.1031746044754982
2024-01,2024-01-01,2024-01-31,2022-01-01,2023-12-04,6199,2024-01-31,2,0.0701123923882768,0.08912656456232071,-0.013532163575291634,0.4761904776096344,0.523809552192688,0.1031746044754982
2024-01,2024-01-01,2024-01-31,2022-01-01,2023-12-04,6919,2024-01-31,3,0.06288592523189776,0.101789690554142,-0.0008690375252626836,0.4761904776096344,0.523809552192688,0.1031746044754982
2024-01,2024-01-01,2024-01-31,2022-01-01,2023-12-04,9919,2024-01-31,4,0.049482192766938576,-0.1309298425912857,-0.2335885763168335,0.4761904776096344,0.523809552192688,0.1031746044754982
2024-01,2024-01-01,2024-01-31,2022-01-01,2023-12-04,6465,2024-01-31,5,0.044439538809624375,-0.1966666579246521,-0.2993253767490387,0.4761904776096344,0.523809552192688,0.1031746044754982
2024-01,2024-01-01,2024-01-31,2022-01-01,2023-12-04,2852,2024-01-31,6,0.04299031751728952,0.05962054431438446,-0.04303818196058273,0.4761904776096344,0.523809552192688,0.1031746044754982
2024-01,2024-01-01,2024-01-31,2022-01-01,2023-12-04,2543,2024-01-31,7,0.042260608605746985,0.7757684588432312,0.6731097102165222,0.4761904776096344,0.523809552192688,0.1031746044754982
2024-01,2024-01-01,2024-01-31,2022-01-01,2023-12-04,5236,2024-01-31,8,0.04217462160079505,-0.08950609713792801,-0.1921648234128952,0.4761904776096344,0.523809552192688,0.1031746044754982
2024-01,2024-01-01,2024-01-31,2022-01-01,2023-12-04,1436,2024-01-31,9,0.042117526607609625,0.16190475225448608,0.05924602597951889,0.4761904776096344,0.523809552192688,0.1031746044754982
2024-01,2024-01-01,2024-01-31,2022-01-01,2023-12-04,5521,2024-01-31,10,0.04125900379753115,0.08300396800041199,-0.019654760137200356,0.4761904776096344,0.523809552192688,0.1031746044754982
2024-01,2024-01-01,2024-01-31,2022-01-01,2023-12-04,8027,2024-01-31,11,0.04065436384869692,0.08066302537918091,-0.021995702758431435,0.4761904776096344,0.523809552192688,0.1031746044754982
2024-01,2024-01-01,2024-01-31,2022-01-01,2023-12-04,6805,2024-01-31,12,0.038191091292332176,0.5996344089508057,0.49697569012641907,0.4761904776096344,0.523809552192688,0.1031746044754982
2024-01,2024-01-01,2024-01-31,2022-01-01,2023-12-04,6494,2024-01-31,13,0.03578850281922424,-0.05790117383003235,-0.16055990755558014,0.4761904776096344,0.523809552192688,0.1031746044754982
2024-01,2024-01-01,2024-01-31,2022-01-01,2023-12-04,1515,2024-01-31,14,0.034546763731092146,0.13963961601257324,0.03698088973760605,0.4761904776096344,0.523809552192688,0.1031746044754982
2024-01,2024-01-01,2024-01-31,2022-01-01,2023-12-04,2850,2024-01-31,15,0.033942866415264415,0.04347827658057213,-0.059180449694395065,0.4761904776096344,0.523809552192688,0.1031746044754982
2024-01,2024-01-01,2024-01-31,2022-01-01,2023-12-04,2816,2024-01-31,16,0.03352566754944824,0.09923657774925232,-0.0034221503883600235,0.4761904776096344,0.523809552192688,0.1031746044754982
2024-01,2024-01-01,2024-01-31,2022-01-01,2023-12-04,2545,2024-01-31,17,0.03238954241689254,0.005813973024487495,-0.09684475511312485,0.4761904776096344,0.523809552192688,0.1031746044754982
2024-01,2024-01-01,2024-01-31,2022-01-01,2023-12-04,1432,2024-01-31,18,0.03229792456372792,-0.0917431190609932,-0.1944018453359604,0.4761904776096344,0.523809552192688,0.1031746044754982
2024-01,2024-01-01,2024-01-31,2022-01-01,2023-12-04,6712,2024-01-31,19,0.031728879401773546,0.05655523017048836,-0.046103496104478836,0.4761904776096344,0.523809552192688,0.1031746044754982
2024-01,2024-01-01,2024-01-31,2022-01-01,2023-12-04,3360,2024-01-31,20,0.031275202235769003,-0.2456139773130417,-0.3482727110385895,0.4761904776096344,0.523809552192688,0.1031746044754982
2024-01,2024-01-01,2024-01-31,2022-01-01,2023-12-04,3257,2024-01-31,21,0.030602813705431192,-0.009790034033358097,-0.11244875937700272,0.4761904776096344,0.523809552192688,0.1031746044754982
2024-01,2024-01-01,2024-01-31,2022-01-01,2023-12-04,4167,2024-01-31,22,0.030175360683239578,-0.047500018030405045,-0.15015874803066254,0.4761904776096344,0.523809552192688,0.1031746044754982
2024-01,2024-01-01,2024-01-31,2022-01-01,2023-12-04,3588,2024-01-31,23,0.030152771075818856,0.21605677902698517,0.11339805275201797,0.4761904776096344,0.523809552192688,0.1031746044754982
2024-01,2024-01-01,2024-01-31,2022-01-01,2023-12-04,3467,2024-01-31,24,0.02908707019238497,0.20079536736011505,0.09813664108514786,0.4761904776096344,0.523809552192688,0.1031746044754982
2024-01,2024-01-01,2024-01-31,2022-01-01,2023-12-04,1734,2024-01-31,25,0.028676307033155074,0.10244636982679367,-0.0002123582235071808,0.4761904776096344,0.523809552192688,0.1031746044754982
2024-01,2024-01-01,2024-01-31,2022-01-01,2023-12-04,6861,2024-01-31,26,0.02849484365548943,0.01975306309759617,-0.08290566504001617,0.4761904776096344,0.523809552192688,0.1031746044754982
2024-01,2024-01-01,2024-01-31,2022-01-01,2023-12-04,7709,2024-01-31,27,0.02836762256718299,0.15294113755226135,0.05028241127729416,0.4761904776096344,0.523809552192688,0.1031746044754982
2024-01,2024-01-01,2024-01-31,2022-01-01,2023-12-04,5213,2024-01-31,28,0.027659482877303052,0.12076600641012192,0.018107278272509575,0.4761904776096344,0.523809552192688,0.1031746044754982
2024-01,2024-01-01,2024-01-31,2022-01-01,2023-12-04,8089,2024-01-31,29,0.027598623747576767,0.09284624457359314,-0.009812483564019203,0.4761904776096344,0.523809552192688,0.1031746044754982
2024-01,2024-01-01,2024-01-31,2022-01-01,2023-12-04,2536,2024-01-31,30,0.02738574140051259,-0.028813568875193596,-0.13147228956222534,0.4761904776096344,0.523809552192688,0.1031746044754982
2024-02,2024-02-01,2024-02-29,2022-02-01,2024-01-04,5314,2024-02-29,1,0.2722434731130177,0.771844744682312,0.709642231464386,0.9047619104385376,0.9365079402923584,0.6666666865348816
2024-02,2024-02-01,2024-02-29,2022-02-01,2024-01-04,3228,2024-02-29,2,0.17080242632320397,0.051080550998449326,-0.011121989227831364,0.9047619104385376,0.9365079402923584,0.6666666865348816
2024-02,2024-02-01,2024-02-29,2022-02-01,2024-01-04,6643,2024-02-29,3,0.08705998218424564,-0.29781413078308105,-0.36001667380332947,0.9047619104385376,0.9365079402923584,0.6666666865348816
2024-02,2024-02-01,2024-02-29,2022-02-01,2024-01-04,6462,2024-02-29,4,0.07907756863342594,-0.25,-0.3122025430202484,0.9047619104385376,0.9365079402923584,0.6666666865348816
2024-02,2024-02-01,2024-02-29,2022-02-01,2024-01-04,8045,2024-02-29,5,0.07294763476488728,0.08074527978897095,0.018542738631367683,0.9047619104385376,0.9365079402923584,0.6666666865348816
2024-02,2024-02-01,2024-02-29,2022-02-01,2024-01-04,8059,2024-02-29,6,0.06948760688273352,-0.12179487198591232,-0.18399740755558014,0.9047619104385376,0.9365079402923584,0.6666666865348816
2024-02,2024-02-01,2024-02-29,2022-02-01,2024-01-04,6231,2024-02-29,7,0.06550264285479293,-0.17028376460075378,-0.2324863076210022,0.9047619104385376,0.9365079402923584,0.6666666865348816
2024-02,2024-02-01,2024-02-29,2022-02-01,2024-01-04,6684,2024-02-29,8,0.06537668333992876,-0.3086419701576233,-0.3708445131778717,0.9047619104385376,0.9365079402923584,0.6666666865348816
2024-02,2024-02-01,2024-02-29,2022-02-01,2024-01-04,1316,2024-02-29,9,0.06368049421962563,-0.11467890441417694,-0.17688144743442535,0.9047619104385376,0.9365079402923584,0.6666666865348816
2024-02,2024-02-01,2024-02-29,2022-02-01,2024-01-04,1808,2024-02-29,10,0.06321334593971231,0.2211538404226303,0.1589512974023819,0.9047619104385376,0.9365079402923584,0.6666666865348816
2024-02,2024-02-01,2024-02-29,2022-02-01,2024-01-04,4749,2024-02-29,11,0.06222977138577533,-0.1737225353717804,-0.2359250783920288,0.9047619104385376,0.9365079402923584,0.6666666865348816
2024-02,2024-02-01,2024-02-29,2022-02-01,2024-01-04,9919,2024-02-29,12,0.06215766401494484,-0.11044178158044815,-0.17264431715011597,0.9047619104385376,0.9365079402923584,0.6666666865348816
2024-02,2024-02-01,2024-02-29,2022-02-01,2024-01-04,5202,2024-02-29,13,0.059087944090414686,-0.018750013783574104,-0.08095255494117737,0.9047619104385376,0.9365079402923584,0.6666666865348816
2024-02,2024-02-01,2024-02-29,2022-02-01,2024-01-04,8096,2024-02-29,14,0.05628417075609398,-0.02676858939230442,-0.08897113054990768,0.9047619104385376,0.9365079402923584,0.6666666865348816
2024-02,2024-02-01,2024-02-29,2022-02-01,2024-01-04,6919,2024-02-29,15,0.05593552640912137,0.47058823704719543,0.408385694026947,0.9047619104385376,0.9365079402923584,0.6666666865348816
2024-02,2024-02-01,2024-02-29,2022-02-01,2024-01-04,6199,2024-02-29,16,0.05397899030375497,0.06463193148374557,0.002429391024634242,0.9047619104385376,0.9365079402923584,0.6666666865348816
2024-02,2024-02-01,2024-02-29,2022-02-01,2024-01-04,6465,2024-02-29,17,0.052582856656571635,-0.1612319052219391,-0.2234344482421875,0.9047619104385376,0.9365079402923584,0.6666666865348816
2024-02,2024-02-01,2024-02-29,2022-02-01,2024-01-04,3234,2024-02-29,18,0.052220145279015834,-0.015625059604644775,-0.07782760262489319,0.9047619104385376,0.9365079402923584,0.6666666865348816
2024-02,2024-02-01,2024-02-29,2022-02-01,2024-01-04,4109,2024-02-29,19,0.050985520288206805,0.21577729284763336,0.15357474982738495,0.9047619104385376,0.9365079402923584,0.6666666865348816
2024-02,2024-02-01,2024-02-29,2022-02-01,2024-01-04,1436,2024-02-29,20,0.04984040348819903,0.21991242468357086,0.15770988166332245,0.9047619104385376,0.9365079402923584,0.6666666865348816
2024-02,2024-02-01,2024-02-29,2022-02-01,2024-01-04,3354,2024-02-29,21,0.04764850976273411,-0.18448276817798615,-0.24668531119823456,0.9047619104385376,0.9365079402923584,0.6666666865348816
2024-02,2024-02-01,2024-02-29,2022-02-01,2024-01-04,2365,2024-02-29,22,0.04710538506459977,-0.146938756108284,-0.2091412991285324,0.9047619104385376,0.9365079402923584,0.6666666865348816
2024-02,2024-02-01,2024-02-29,2022-02-01,2024-01-04,6425,2024-02-29,23,0.045374830208959695,0.08396957069635391,0.02176702953875065,0.9047619104385376,0.9365079402923584,0.6666666865348816
2024-02,2024-02-01,2024-02-29,2022-02-01,2024-01-04,6187,2024-02-29,24,0.04358681906227112,-0.024096375331282616,-0.08629891276359558,0.9047619104385376,0.9365079402923584,0.6666666865348816
2024-02,2024-02-01,2024-02-29,2022-02-01,2024-01-04,2505,2024-02-29,25,0.041204711320891145,0.2261640578508377,0.1639615148305893,0.9047619104385376,0.9365079402923584,0.6666666865348816
2024-02,2024-02-01,2024-02-29,2022-02-01,2024-01-04,4968,2024-02-29,26,0.03947459604142853,-0.10109890252351761,-0.16330143809318542,0.9047619104385376,0.9365079402923584,0.6666666865348816
2024-02,2024-02-01,2024-02-29,2022-02-01,2024-01-04,3135,2024-02-29,27,0.03939839503229852,-0.09358976036310196,-0.15579229593276978,0.9047619104385376,0.9365079402923584,0.6666666865348816
2024-02,2024-02-01,2024-02-29,2022-02-01,2024-01-04,1805,2024-02-29,28,0.03911589983841021,-0.005181268323212862,-0.06738381087779999,0.9047619104385376,0.9365079402923584,0.6666666865348816
2024-02,2024-02-01,2024-02-29,2022-02-01,2024-01-04,3081,2024-02-29,29,0.03901878932635408,-0.10402678698301315,-0.16622932255268097,0.9047619104385376,0.9365079402923584,0.6666666865348816
2024-02,2024-02-01,2024-02-29,2022-02-01,2024-01-04,6526,2024-02-29,30,0.038840934823533464,-0.11705204844474792,-0.17925459146499634,0.9047619104385376,0.9365079402923584,0.6666666865348816
2024-03,2024-03-01,2024-03-31,2022-03-01,2024-01-23,1519,2024-03-29,1,0.011110875535311617,0.20655275881290436,0.20151934027671814,0.8134920597076416,0.9444444179534912,0.1785714328289032
2024-03,2024-03-01,2024-03-31,2022-03-01,2024-01-23,1570,2024-03-29,2,0.011110875535311617,-0.2437223196029663,-0.24875573813915253,0.8134920597076416,0.9444444179534912,0.1785714328289032
2024-03,2024-03-01,2024-03-31,2022-03-01,2024-01-23,2417,2024-03-29,3,0.011110875535311617,-0.15922106802463531,-0.16425448656082153,0.8134920597076416,0.9444444179534912,0.1785714328289032
2024-03,2024-03-01,2024-03-31,2022-03-01,2024-01-23,1513,2024-03-29,4,0.011110875535311617,0.016574598848819733,0.011541184037923813,0.8134920597076416,0.9444444179534912,0.1785714328289032
2024-03,2024-03-01,2024-03-31,2022-03-01,2024-01-23,8996,2024-03-29,5,0.011110875535311617,0.1907828003168106,0.1857493817806244,0.8134920597076416,0.9444444179534912,0.1785714328289032
2024-03,2024-03-01,2024-03-31,2022-03-01,2024-01-23,3005,2024-03-29,6,0.011110875535311617,-0.17322829365730286,-0.17826171219348907,0.8134920597076416,0.9444444179534912,0.1785714328289032
2024-03,2024-03-01,2024-03-31,2022-03-01,2024-01-23,4513,2024-03-29,7,0.011110875535311617,0.4089285433292389,0.40389513969421387,0.8134920597076416,0.9444444179534912,0.1785714328289032
2024-03,2024-03-01,2024-03-31,2022-03-01,2024-01-23,5386,2024-03-29,8,0.011110875535311617,-0.19674040377140045,-0.20177382230758667,0.8134920597076416,0.9444444179534912,0.1785714328289032
2024-03,2024-03-01,2024-03-31,2022-03-01,2024-01-23,6933,2024-03-29,9,0.011110875535311617,0.005617957096546888,0.0005845418199896812,0.8134920597076416,0.9444444179534912,0.1785714328289032
2024-03,2024-03-01,2024-03-31,2022-03-01,2024-01-23,1503,2024-03-29,10,0.011110875535311617,-0.02013416588306427,-0.02516758069396019,0.8134920597076416,0.9444444179534912,0.1785714328289032
2024-03,2024-03-01,2024-03-31,2022-03-01,2024-01-23,1210,2024-03-29,11,0.010670797818211048,-0.010380593128502369,-0.015414007939398289,0.8134920597076416,0.9444444179534912,0.1785714328289032
2024-03,2024-03-01,2024-03-31,2022-03-01,2024-01-23,1215,2024-03-29,12,0.010670797818211048,-0.04932735487818718,-0.0543607696890831,0.8134920597076416,0.9444444179534912,0.1785714328289032
2024-03,2024-03-01,2024-03-31,2022-03-01,2024-01-23,1216,2024-03-29,13,0.010670797818211048,-0.0077820816077291965,-0.012815496884286404,0.8134920597076416,0.9444444179534912,0.1785714328289032
2024-03,2024-03-01,2024-03-31,2022-03-01,2024-01-23,1218,2024-03-29,14,0.010670797818211048,0.006787297781556845,0.0017538825049996376,0.8134920597076416,0.9444444179534912,0.1785714328289032
2024-03,2024-03-01,2024-03-31,2022-03-01,2024-01-23,1219,2024-03-29,15,0.010670797818211048,0.02941187284886837,0.02437845803797245,0.8134920597076416,0.9444444179534912,0.1785714328289032
2024-03,2024-03-01,2024-03-31,2022-03-01,2024-01-23,1225,2024-03-29,16,0.010670797818211048,0.0672566294670105,0.06222321465611458,0.8134920597076416,0.9444444179534912,0.1785714328289032
2024-03,2024-03-01,2024-03-31,2022-03-01,2024-01-23,1227,2024-03-29,17,0.010670797818211048,0.003926741890609264,-0.0011066733859479427,0.8134920597076416,0.9444444179534912,0.1785714328289032
2024-03,2024-03-01,2024-03-31,2022-03-01,2024-01-23,1229,2024-03-29,18,0.010670797818211048,-0.019202375784516335,-0.024235790595412254,0.8134920597076416,0.9444444179534912,0.1785714328289032
2024-03,2024-03-01,2024-03-31,2022-03-01,2024-01-23,1231,2024-03-29,19,0.010670797818211048,0.012396694160997868,0.0073632788844406605,0.8134920597076416,0.9444444179534912,0.1785714328289032
2024-03,2024-03-01,2024-03-31,2022-03-01,2024-01-23,2356,2024-03-29,20,0.010670797818211048,-0.11940298229455948,-0.1244364008307457,0.8134920597076416,0.9444444179534912,0.1785714328289032
2024-03,2024-03-01,2024-03-31,2022-03-01,2024-01-23,2357,2024-03-29,21,0.010670797818211048,-0.0034762041177600622,-0.008509619161486626,0.8134920597076416,0.9444444179534912,0.1785714328289032
2024-03,2024-03-01,2024-03-31,2022-03-01,2024-01-23,1504,2024-03-29,22,0.010670797818211048,-0.03639524057507515,-0.04142865538597107,0.8134920597076416,0.9444444179534912,0.1785714328289032
2024-03,2024-03-01,2024-03-31,2022-03-01,2024-01-23,3231,2024-03-29,23,0.010670797818211048,-0.10629920661449432,-0.11133262515068054,0.8134920597076416,0.9444444179534912,0.1785714328289032
2024-03,2024-03-01,2024-03-31,2022-03-01,2024-01-23,3323,2024-03-29,24,0.010670797818211048,-0.03488370403647423,-0.03991711884737015,0.8134920597076416,0.9444444179534912,0.1785714328289032
2024-03,2024-03-01,2024-03-31,2022-03-01,2024-01-23,2362,2024-03-29,25,0.010670797818211048,0.023002395406365395,0.017968980595469475,0.8134920597076416,0.9444444179534912,0.1785714328289032
2024-03,2024-03-01,2024-03-31,2022-03-01,2024-01-23,3479,2024-03-29,26,0.010670797818211048,-0.020000021904706955,-0.025033436715602875,0.8134920597076416,0.9444444179534912,0.1785714328289032
2024-03,2024-03-01,2024-03-31,2022-03-01,2024-01-23,2364,2024-03-29,27,0.010670797818211048,-0.07472523301839828,-0.0797586515545845,0.8134920597076416,0.9444444179534912,0.1785714328289032
2024-03,2024-03-01,2024-03-31,2022-03-01,2024-01-23,2365,2024-03-29,28,0.010670797818211048,-0.08153480291366577,-0.08656822144985199,0.8134920597076416,0.9444444179534912,0.1785714328289032
2024-03,2024-03-01,2024-03-31,2022-03-01,2024-01-23,3054,2024-03-29,29,0.010670797818211048,0.03921574354171753,0.03418232873082161,0.8134920597076416,0.9444444179534912,0.1785714328289032
2024-03,2024-03-01,2024-03-31,2022-03-01,2024-01-23,3325,2024-03-29,30,0.010670797818211048,-0.137203186750412,-0.1422366052865982,0.8134920597076416,0.9444444179534912,0.1785714328289032
2024-04,2024-04-01,2024-04-30,2022-04-01,2024-03-04,4109,2024-04-30,1,0.009825729495056147,-0.18664048612117767,-0.24870477616786957,0.5198412537574768,0.7420634627342224,0.7579365372657776
2024-04,2024-04-01,2024-04-30,2022-04-01,2024-03-04,6919,2024-04-30,2,0.009165698127172335,0.07682283222675323,0.014758545905351639,0.5198412537574768,0.7420634627342224,0.7579365372657776
2024-04,2024-04-01,2024-04-30,2022-04-01,2024-03-04,3188,2024-04-30,3,0.009133491532138863,0.004886015318334103,-0.05717827007174492,0.5198412537574768,0.7420634627342224,0.7579365372657776
2024-04,2024-04-01,2024-04-30,2022-04-01,2024-03-04,1442,2024-04-30,4,0.009133491532138863,0.015624982304871082,-0.04643930494785309,0.5198412537574768,0.7420634627342224,0.7579365372657776
2024-04,2024-04-01,2024-04-30,2022-04-01,2024-03-04,5508,2024-04-30,5,0.009133491532138863,-0.05476191267371178,-0.11682619899511337,0.5198412537574768,0.7420634627342224,0.7579365372657776
2024-04,2024-04-01,2024-04-30,2022-04-01,2024-03-04,2348,2024-04-30,6,0.009133491532138863,0.048843178898096085,-0.013221107423305511,0.5198412537574768,0.7420634627342224,0.7579365372657776
2024-04,2024-04-01,2024-04-30,2022-04-01,2024-03-04,8045,2024-04-30,7,0.009133491532138863,-0.17687076330184937,-0.23893505334854126,0.5198412537574768,0.7420634627342224,0.7579365372657776
2024-04,2024-04-01,2024-04-30,2022-04-01,2024-03-04,6177,2024-04-30,8,0.009133491532138863,-0.09999997913837433,-0.16206426918506622,0.5198412537574768,0.7420634627342224,0.7579365372657776
2024-04,2024-04-01,2024-04-30,2022-04-01,2024-03-04,1436,2024-04-30,9,0.009133491532138863,-0.06484649330377579,-0.12691077589988708,0.5198412537574768,0.7420634627342224,0.7579365372657776
2024-04,2024-04-01,2024-04-30,2022-04-01,2024-03-04,1519,2024-04-30,10,0.009133491532138863,-0.12781067192554474,-0.18987496197223663,0.5198412537574768,0.7420634627342224,0.7579365372657776
2024-04,2024-04-01,2024-04-30,2022-04-01,2024-03-04,1457,2024-04-30,11,0.009133491532138863,-0.1182364970445633,-0.1803007870912552,0.5198412537574768,0.7420634627342224,0.7579365372657776
2024-04,2024-04-01,2024-04-30,2022-04-01,2024-03-04,2851,2024-04-30,12,0.009133491532138863,0.01660519652068615,-0.0454590879380703,0.5198412537574768,0.7420634627342224,0.7579365372657776
2024-04,2024-04-01,2024-04-30,2022-04-01,2024-03-04,2731,2024-04-30,13,0.00880230502043568,0.029315952211618423,-0.03274833410978317,0.5198412537574768,0.7420634627342224,0.7579365372657776
2024-04,2024-04-01,2024-04-30,2022-04-01,2024-03-04,5202,2024-04-30,14,0.00880230502043568,0.020050082355737686,-0.04201420396566391,0.5198412537574768,0.7420634627342224,0.7579365372657776
2024-04,2024-04-01,2024-04-30,2022-04-01,2024-03-04,5278,2024-04-30,15,0.00880230502043568,-0.0650407001376152,-0.1271049827337265,0.5198412537574768,0.7420634627342224,0.7579365372657776
2024-04,2024-04-01,2024-04-30,2022-04-01,2024-03-04,2465,2024-04-30,16,0.00880230502043568,0.04878048598766327,-0.013283800333738327,0.5198412537574768,0.7420634627342224,0.7579365372657776
2024-04,2024-04-01,2024-04-30,2022-04-01,2024-03-04,4763,2024-04-30,17,0.00880230502043568,0.021897878497838974,-0.04016640782356262,0.5198412537574768,0.7420634627342224,0.7579365372657776
2024-04,2024-04-01,2024-04-30,2022-04-01,2024-03-04,7721,2024-04-30,18,0.00880230502043568,-0.07435905933380127,-0.13642334938049316,0.5198412537574768,0.7420634627342224,0.7579365372657776
2024-04,2024-04-01,2024-04-30,2022-04-01,2024-03-04,5490,2024-04-30,19,0.007926988100884554,-0.03723413124680519,-0.09929841756820679,0.5198412537574768,0.7420634627342224,0.7579365372657776
2024-04,2024-04-01,2024-04-30,2022-04-01,2024-03-04,1416,2024-04-30,20,0.007926988100884554,-0.02238801121711731,-0.08445229381322861,0.5198412537574768,0.7420634627342224,0.7579365372657776
2024-04,2024-04-01,2024-04-30,2022-04-01,2024-03-04,2538,2024-04-30,21,0.0072669567330007415,0.19687502086162567,0.13481073081493378,0.5198412537574768,0.7420634627342224,0.7579365372657776
2024-04,2024-04-01,2024-04-30,2022-04-01,2024-03-04,4129,2024-04-30,22,0.0072669567330007415,-0.05599997565150261,-0.1180642619729042,0.5198412537574768,0.7420634627342224,0.7579365372657776
2024-04,2024-04-01,2024-04-30,2022-04-01,2024-03-04,5530,2024-04-30,23,0.0072669567330007415,0.05340905487537384,-0.008655231446027756,0.5198412537574768,0.7420634627342224,0.7579365372657776
2024-04,2024-04-01,2024-04-30,2022-04-01,2024-03-04,4166,2024-04-30,24,0.0072669567330007415,0.09504128992557526,0.03297700360417366,0.5198412537574768,0.7420634627342224,0.7579365372657776
2024-04,2024-04-01,2024-04-30,2022-04-01,2024-03-04,3227,2024-04-30,25,0.0072669567330007415,0.07301583886146545,0.010951552540063858,0.5198412537574768,0.7420634627342224,0.7579365372657776
2024-04,2024-04-01,2024-04-30,2022-04-01,2024-03-04,2903,2024-04-30,26,0.0072669567330007415,-0.05441173166036606,-0.11647601425647736,0.5198412537574768,0.7420634627342224,0.7579365372657776
2024-04,2024-04-01,2024-04-30,2022-04-01,2024-03-04,2881,2024-04-30,27,0.007234750137967269,0.04473300278186798,-0.017331283539533615,0.5198412537574768,0.7420634627342224,0.7579365372657776
2024-04,2024-04-01,2024-04-30,2022-04-01,2024-03-04,2882,2024-04-30,28,0.007234750137967269,0.10756967216730118,0.04550538584589958,0.5198412537574768,0.7420634627342224,0.7579365372657776
2024-04,2024-04-01,2024-04-30,2022-04-01,2024-03-04,9940,2024-04-30,29,0.007234750137967269,5.987617512914767e-09,-0.062064278870821,0.5198412537574768,0.7420634627342224,0.7579365372657776
2024-04,2024-04-01,2024-04-30,2022-04-01,2024-03-04,2880,2024-04-30,30,0.007234750137967269,0.0569620244204998,-0.005102261435240507,0.5198412537574768,0.7420634627342224,0.7579365372657776
2024-05,2024-05-01,2024-05-31,2022-05-01,2024-04-01,2613,2024-05-31,1,0.02520244335708345,-0.030842263251543045,-0.11983489245176315,0.7341269850730896,0.6190476417541504,0.6269841194152832
2024-05,2024-05-01,2024-05-31,2022-05-01,2024-04-01,3230,2024-05-31,2,0.023705716170816304,0.03492056205868721,-0.0540720671415329,0.7341269850730896,0.6190476417541504,0.6269841194152832
2024-05,2024-05-01,2024-05-31,2022-05-01,2024-04-01,6231,2024-05-31,3,0.022739250332841604,0.2306547611951828,0.141662135720253,0.7341269850730896,0.6190476417541504,0.6269841194152832
2024-05,2024-05-01,2024-05-31,2022-05-01,2024-04-01,2464,2024-05-31,4,0.02084364770605284,-0.02916666865348816,-0.11815930157899857,0.7341269850730896,0.6190476417541504,0.6269841194152832
2024-05,2024-05-01,2024-05-31,2022-05-01,2024-04-01,8071,2024-05-31,5,0.017388925692262427,-0.019607825204730034,-0.10860045254230499,0.7341269850730896,0.6190476417541504,0.6269841194152832
2024-05,2024-05-01,2024-05-31,2022-05-01,2024-04-01,4166,2024-05-31,6,0.01726503941206548,0.009363295510411263,-0.0796293318271637,0.7341269850730896,0.6190476417541504,0.6269841194152832
2024-05,2024-05-01,2024-05-31,2022-05-01,2024-04-01,1587,2024-05-31,7,0.017034631002956234,-0.026946067810058594,-0.115938700735569,0.7341269850730896,0.6190476417541504,0.6269841194152832
2024-05,2024-05-01,2024-05-31,2022-05-01,2024-04-01,4127,2024-05-31,8,0.015455590134367293,-0.09722225368022919,-0.186214879155159,0.7341269850730896,0.6190476417541504,0.6269841194152832
2024-05,2024-05-01,2024-05-31,2022-05-01,2024-04-01,6919,2024-05-31,9,0.01479940284483472,0.7906137704849243,0.7016211152076721,0.7341269850730896,0.6190476417541504,0.6269841194152832
2024-05,2024-05-01,2024-05-31,2022-05-01,2024-04-01,1436,2024-05-31,10,0.014395987184417798,0.1322033703327179,0.04321074113249779,0.7341269850730896,0.6190476417541504,0.6269841194152832
2024-05,2024-05-01,2024-05-31,2022-05-01,2024-04-01,2362,2024-05-31,11,0.013741544457711351,-0.1236366480588913,-0.2126292735338211,0.7341269850730896,0.6190476417541504,0.6269841194152832
2024-05,2024-05-01,2024-05-31,2022-05-01,2024-04-01,8374,2024-05-31,12,0.013717645032313569,0.2520776391029358,0.16308501362800598,0.7341269850730896,0.6190476417541504,0.6269841194152832
2024-05,2024-05-01,2024-05-31,2022-05-01,2024-04-01,5251,2024-05-31,13,0.013525495162428925,-0.1179906353354454,-0.2069832682609558,0.7341269850730896,0.6190476417541504,0.6269841194152832
2024-05,2024-05-01,2024-05-31,2022-05-01,2024-04-01,2538,2024-05-31,14,0.013518131093574375,-0.038659725338220596,-0.1276523619890213,0.7341269850730896,0.6190476417541504,0.6269841194152832
2024-05,2024-05-01,2024-05-31,2022-05-01,2024-04-01,3466,2024-05-31,15,0.013296791975901095,-0.014510241337120533,-0.10350286960601807,0.7341269850730896,0.6190476417541504,0.6269841194152832
2024-05,2024-05-01,2024-05-31,2022-05-01,2024-04-01,1736,2024-05-31,16,0.012544734913049535,-0.0032966453582048416,-0.0922892764210701,0.7341269850730896,0.6190476417541504,0.6269841194152832
2024-05,2024-05-01,2024-05-31,2022-05-01,2024-04-01,9946,2024-05-31,17,0.012277698891697478,-0.04088398441672325,-0.12987661361694336,0.7341269850730896,0.6190476417541504,0.6269841194152832
2024-05,2024-05-01,2024-05-31,2022-05-01,2024-04-01,6642,2024-05-31,18,0.012122034654967567,-0.045123737305402756,-0.13411636650562286,0.7341269850730896,0.6190476417541504,0.6269841194152832
2024-05,2024-05-01,2024-05-31,2022-05-01,2024-04-01,4532,2024-05-31,19,0.011852056635778575,0.027586163952946663,-0.061406467109918594,0.7341269850730896,0.6190476417541504,0.6269841194152832
2024-05,2024-05-01,2024-05-31,2022-05-01,2024-04-01,2367,2024-05-31,20,0.011849094260859495,-0.014986354857683182,-0.10397898405790329,0.7341269850730896,0.6190476417541504,0.6269841194152832
2024-05,2024-05-01,2024-05-31,2022-05-01,2024-04-01,2392,2024-05-31,21,0.011771614684828494,0.07162541896104813,-0.01736721210181713,0.7341269850730896,0.6190476417541504,0.6269841194152832
2024-05,2024-05-01,2024-05-31,2022-05-01,2024-04-01,4991,2024-05-31,22,0.011191133317669319,0.10807608813047409,0.019083457067608833,0.7341269850730896,0.6190476417541504,0.6269841194152832
2024-05,2024-05-01,2024-05-31,2022-05-01,2024-04-01,2637,2024-05-31,23,0.011168059405878719,-0.11095066368579865,-0.19994328916072845,0.7341269850730896,0.6190476417541504,0.6269841194152832
2024-05,2024-05-01,2024-05-31,2022-05-01,2024-04-01,3564,2024-05-31,24,0.011138675175596283,-0.13135598599910736,-0.22034861147403717,0.7341269850730896,0.6190476417541504,0.6269841194152832
2024-05,2024-05-01,2024-05-31,2022-05-01,2024-04-01,4571,2024-05-31,25,0.011015610172617034,-0.09735751152038574,-0.18635013699531555,0.7341269850730896,0.6190476417541504,0.6269841194152832
2024-05,2024-05-01,2024-05-31,2022-05-01,2024-04-01,8089,2024-05-31,26,0.010893477983686528,0.1238531842827797,0.034860555082559586,0.7341269850730896,0.6190476417541504,0.6269841194152832
2024-05,2024-05-01,2024-05-31,2022-05-01,2024-04-01,2609,2024-05-31,27,0.010811683364830566,-0.010738293640315533,-0.09973092377185822,0.7341269850730896,0.6190476417541504,0.6269841194152832
2024-05,2024-05-01,2024-05-31,2022-05-01,2024-04-01,2603,2024-05-31,28,0.010797672142917556,-0.066660076379776,-0.1556527018547058,0.7341269850730896,0.6190476417541504,0.6269841194152832
2024-05,2024-05-01,2024-05-31,2022-05-01,2024-04-01,1402,2024-05-31,29,0.01038876529726052,0.06194687634706497,-0.027045754715800285,0.7341269850730896,0.6190476417541504,0.6269841194152832
2024-05,2024-05-01,2024-05-31,2022-05-01,2024-04-01,4951,2024-05-31,30,0.010331032055799216,0.013587969355285168,-0.07540465891361237,0.7341269850730896,0.6190476417541504,0.6269841194152832
2024-06,2024-06-01,2024-06-30,2022-06-01,2024-05-06,3379,2024-06-28,1,0.07127531240218046,0.51393723487854,0.5490480065345764,0.7658730149269104,0.8571428656578064,0.5198412537574768
2024-06,2024-06-01,2024-06-30,2022-06-01,2024-05-06,4562,2024-06-28,2,0.06933459614313037,0.03578157350420952,0.0708923265337944,0.7658730149269104,0.8571428656578064,0.5198412537574768
2024-06,2024-06-01,2024-06-30,2022-06-01,2024-05-06,2429,2024-06-28,3,0.06621094351548298,0.2047492116689682,0.23985996842384338,0.7658730149269104,0.8571428656578064,0.5198412537574768
2024-06,2024-06-01,2024-06-30,2022-06-01,2024-05-06,4534,2024-06-28,4,0.05733031041977937,0.1865285187959671,0.22163927555084229,0.7658730149269104,0.8571428656578064,0.5198412537574768
2024-06,2024-06-01,2024-06-30,2022-06-01,2024-05-06,6451,2024-06-28,5,0.05469940082705527,-0.15765723586082458,-0.1225464791059494,0.7658730149269104,0.8571428656578064,0.5198412537574768
2024-06,2024-06-01,2024-06-30,2022-06-01,2024-05-06,2611,2024-06-28,6,0.04642724223062471,-0.15309444069862366,-0.11798368394374847,0.7658730149269104,0.8571428656578064,0.5198412537574768
2024-06,2024-06-01,2024-06-30,2022-06-01,2024-05-06,6919,2024-06-28,7,0.04490930614612173,-0.04523429647088051,-0.010123541578650475,0.7658730149269104,0.8571428656578064,0.5198412537574768
2024-06,2024-06-01,2024-06-30,2022-06-01,2024-05-06,8089,2024-06-28,8,0.04016389536677912,-0.012875502929091454,0.02223525196313858,0.7658730149269104,0.8571428656578064,0.5198412537574768
2024-06,2024-06-01,2024-06-30,2022-06-01,2024-05-06,7709,2024-06-28,9,0.038816371616486114,-0.12977102398872375,-0.09466026723384857,0.7658730149269104,0.8571428656578064,0.5198412537574768
2024-06,2024-06-01,2024-06-30,2022-06-01,2024-05-06,6877,2024-06-28,10,0.036702445658969865,0.03414636477828026,0.06925711780786514,0.7658730149269104,0.8571428656578064,0.5198412537574768
2024-06,2024-06-01,2024-06-30,2022-06-01,2024-05-06,3518,2024-06-28,11,0.0365838046299934,0.20949268341064453,0.24460344016551971,0.7658730149269104,0.8571428656578064,0.5198412537574768
2024-06,2024-06-01,2024-06-30,2022-06-01,2024-05-06,4707,2024-06-28,12,0.03653002702038445,0.038709674030542374,0.07382042706012726,0.7658730149269104,0.8571428656578064,0.5198412537574768
2024-06,2024-06-01,2024-06-30,2022-06-01,2024-05-06,4166,2024-06-28,13,0.03628129963517926,0.022058766335248947,0.05716952309012413,0.7658730149269104,0.8571428656578064,0.5198412537574768
2024-06,2024-06-01,2024-06-30,2022-06-01,2024-05-06,6739,2024-06-28,14,0.036195841774420416,-0.007692363578826189,0.027418391779065132,0.7658730149269104,0.8571428656578064,0.5198412537574768
2024-06,2024-06-01,2024-06-30,2022-06-01,2024-05-06,8040,2024-06-28,15,0.03604025525533599,-0.13812783360481262,-0.10301707684993744,0.7658730149269104,0.8571428656578064,0.5198412537574768
2024-06,2024-06-01,2024-06-30,2022-06-01,2024-05-06,6419,2024-06-28,16,0.03589986812826721,0.11402211338281631,0.1491328626871109,0.7658730149269104,0.8571428656578064,0.5198412537574768
2024-06,2024-06-01,2024-06-30,2022-06-01,2024-05-06,3229,2024-06-28,17,0.03558440471105294,0.1453830599784851,0.1804938167333603,0.7658730149269104,0.8571428656578064,0.5198412537574768
2024-06,2024-06-01,2024-06-30,2022-06-01,2024-05-06,3339,2024-06-28,18,0.03193337863589095,-0.026694029569625854,0.00841672532260418,0.7658730149269104,0.8571428656578064,0.5198412537574768
2024-06,2024-06-01,2024-06-30,2022-06-01,2024-05-06,3047,2024-06-28,19,0.03190009455845784,0.4756096601486206,0.510720431804657,0.7658730149269104,0.8571428656578064,0.5198412537574768
2024-06,2024-06-01,2024-06-30,2022-06-01,2024-05-06,1522,2024-06-28,20,0.03182888751898089,-0.050328731536865234,-0.0152179766446352,0.7658730149269104,0.8571428656578064,0.5198412537574768
2024-06,2024-06-01,2024-06-30,2022-06-01,2024-05-06,2852,2024-06-28,21,0.031229325687037457,-0.007289866916835308,0.0278208889067173,0.7658730149269104,0.8571428656578064,0.5198412537574768
2024-06,2024-06-01,2024-06-30,2022-06-01,2024-05-06,2102,2024-06-28,22,0.030705990897257153,0.052505891770124435,0.08761664479970932,0.7658730149269104,0.8571428656578064,0.5198412537574768
2024-06,2024-06-01,2024-06-30,2022-06-01,2024-05-06,8277,2024-06-28,23,0.030293515870409057,-0.24438199400901794,-0.20927123725414276,0.7658730149269104,0.8571428656578064,0.5198412537574768
2024-06,2024-06-01,2024-06-30,2022-06-01,2024-05-06,4991,2024-06-28,24,0.029519150287919283,-0.25239619612693787,-0.21728543937206268,0.7658730149269104,0.8571428656578064,0.5198412537574768
2024-06,2024-06-01,2024-06-30,2022-06-01,2024-05-06,3122,2024-06-28,25,0.029317365426093773,-0.18884892761707306,-0.15373817086219788,0.7658730149269104,0.8571428656578064,0.5198412537574768
2024-06,2024-06-01,2024-06-30,2022-06-01,2024-05-06,2243,2024-06-28,26,0.02848626646702459,0.5284552574157715,0.5635660290718079,0.7658730149269104,0.8571428656578064,0.5198412537574768
2024-06,2024-06-01,2024-06-30,2022-06-01,2024-05-06,3580,2024-06-28,27,0.028241929819058403,0.16813048720359802,0.2032412439584732,0.7658730149269104,0.8571428656578064,0.5198412537574768
2024-06,2024-06-01,2024-06-30,2022-06-01,2024-05-06,4772,2024-06-28,28,0.02811731733340789,-0.07558140158653259,-0.04047064483165741,0.7658730149269104,0.8571428656578064,0.5198412537574768
2024-06,2024-06-01,2024-06-30,2022-06-01,2024-05-06,2548,2024-06-28,29,0.027909625039909174,0.24542118608951569,0.28053194284439087,0.7658730149269104,0.8571428656578064,0.5198412537574768
2024-06,2024-06-01,2024-06-30,2022-06-01,2024-05-06,3490,2024-06-28,30,0.026899529760012465,-0.04233727976679802,-0.0072265248745679855,0.7658730149269104,0.8571428656578064,0.5198412537574768
2024-07,2024-07-01,2024-07-31,2022-07-01,2024-05-31,3580,2024-07-31,1,0.013179622192117848,0.224066361784935,0.21634943783283234,0.0436507947742939,0.2222222238779068,0.3928571343421936
2024-07,2024-07-01,2024-07-31,2022-07-01,2024-05-31,2438,2024-07-31,2,0.009592445663752116,-0.09574472159147263,-0.10346163809299469,0.0436507947742939,0.2222222238779068,0.3928571343421936
2024-07,2024-07-01,2024-07-31,2022-07-01,2024-05-31,3535,2024-07-31,3,0.009592445663752116,-0.0716845840215683,-0.07940150052309036,0.0436507947742939,0.2222222238779068,0.3928571343421936
2024-07,2024-07-01,2024-07-31,2022-07-01,2024-05-31,3228,2024-07-31,4,0.008784656186785091,-0.03928571566939354,-0.047002632170915604,0.0436507947742939,0.2222222238779068,0.3928571343421936
2024-07,2024-07-01,2024-07-31,2022-07-01,2024-05-31,5251,2024-07-31,5,0.008784656186785091,-0.0676470398902893,-0.07536395639181137,0.0436507947742939,0.2222222238779068,0.3928571343421936
2024-07,2024-07-01,2024-07-31,2022-07-01,2024-05-31,2401,2024-07-31,6,0.008784656186785091,-0.04826552793383598,-0.05598244443535805,0.0436507947742939,0.2222222238779068,0.3928571343421936
2024-07,2024-07-01,2024-07-31,2022-07-01,2024-05-31,3490,2024-07-31,7,0.008784656186785091,-0.06630586087703705,-0.07402277737855911,0.0436507947742939,0.2222222238779068,0.3928571343421936
2024-07,2024-07-01,2024-07-31,2022-07-01,2024-05-31,6233,2024-07-31,8,0.008784656186785091,0.007824728265404701,0.00010781088349176571,0.0436507947742939,0.2222222238779068,0.3928571343421936
2024-07,2024-07-01,2024-07-31,2022-07-01,2024-05-31,6533,2024-07-31,9,0.008784656186785091,-0.038208167999982834,-0.0459250845015049,0.0436507947742939,0.2222222238779068,0.3928571343421936
2024-07,2024-07-01,2024-07-31,2022-07-01,2024-05-31,6510,2024-07-31,10,0.008784656186785091,0.11477268487215042,0.10705576837062836,0.0436507947742939,0.2222222238779068,0.3928571343421936
2024-07,2024-07-01,2024-07-31,2022-07-01,2024-05-31,6684,2024-07-31,11,0.008784656186785091,-0.11378002911806107,-0.12149694561958313,0.0436507947742939,0.2222222238779068,0.3928571343421936
2024-07,2024-07-01,2024-07-31,2022-07-01,2024-05-31,6695,2024-07-31,12,0.008784656186785091,-0.09955430030822754,-0.1072712168097496,0.0436507947742939,0.2222222238779068,0.3928571343421936
2024-07,2024-07-01,2024-07-31,2022-07-01,2024-05-31,6462,2024-07-31,13,0.008784656186785091,-0.04600000008940697,-0.05371691659092903,0.0436507947742939,0.2222222238779068,0.3928571343421936
2024-07,2024-07-01,2024-07-31,2022-07-01,2024-05-31,2363,2024-07-31,14,0.008784656186785091,-0.1254705935716629,-0.13318751752376556,0.0436507947742939,0.2222222238779068,0.3928571343421936
2024-07,2024-07-01,2024-07-31,2022-07-01,2024-05-31,6405,2024-07-31,15,0.008784656186785091,0.27620968222618103,0.26849275827407837,0.0436507947742939,0.2222222238779068,0.3928571343421936
2024-07,2024-07-01,2024-07-31,2022-07-01,2024-05-31,6237,2024-07-31,16,0.008784656186785091,-0.01366974413394928,-0.021386660635471344,0.0436507947742939,0.2222222238779068,0.3928571343421936
2024-07,2024-07-01,2024-07-31,2022-07-01,2024-05-31,3066,2024-07-31,17,0.008784656186785091,0.07096772640943527,0.06325080990791321,0.0436507947742939,0.2222222238779068,0.3928571343421936
2024-07,2024-07-01,2024-07-31,2022-07-01,2024-05-31,3041,2024-07-31,18,0.008784656186785091,-0.057553958147764206,-0.06527087837457657,0.0436507947742939,0.2222222238779068,0.3928571343421936
2024-07,2024-07-01,2024-07-31,2022-07-01,2024-05-31,2491,2024-07-31,19,0.008784656186785091,-0.04406777024269104,-0.051784686744213104,0.0436507947742939,0.2222222238779068,0.3928571343421936
2024-07,2024-07-01,2024-07-31,2022-07-01,2024-05-31,3094,2024-07-31,20,0.008784656186785091,-0.052067432552576065,-0.05978434905409813,0.0436507947742939,0.2222222238779068,0.3928571343421936
2024-07,2024-07-01,2024-07-31,2022-07-01,2024-05-31,8040,2024-07-31,21,0.008784656186785091,0.09162303805351257,0.08390612155199051,0.0436507947742939,0.2222222238779068,0.3928571343421936
2024-07,2024-07-01,2024-07-31,2022-07-01,2024-05-31,6823,2024-07-31,22,0.008784656186785091,-0.08909369260072708,-0.09681060910224915,0.0436507947742939,0.2222222238779068,0.3928571343421936
2024-07,2024-07-01,2024-07-31,2022-07-01,2024-05-31,3122,2024-07-31,23,0.008784656186785091,-0.11973387748003006,-0.12745079398155212,0.0436507947742939,0.2222222238779068,0.3928571343421936
2024-07,2024-07-01,2024-07-31,2022-07-01,2024-05-31,2466,2024-07-31,24,0.008784656186785091,-0.020270269364118576,-0.02798718586564064,0.0436507947742939,0.2222222238779068,0.3928571343421936
2024-07,2024-07-01,2024-07-31,2022-07-01,2024-05-31,6129,2024-07-31,25,0.008784656186785091,-0.01515153143554926,-0.022868448868393898,0.0436507947742939,0.2222222238779068,0.3928571343421936
2024-07,2024-07-01,2024-07-31,2022-07-01,2024-05-31,8277,2024-07-31,26,0.008784656186785091,0.044117603451013565,0.0364006869494915,0.0436507947742939,0.2222222238779068,0.3928571343421936
2024-07,2024-07-01,2024-07-31,2022-07-01,2024-05-31,4934,2024-07-31,27,0.008784656186785091,-0.08796294033527374,-0.0956798568367958,0.0436507947742939,0.2222222238779068,0.3928571343421936
2024-07,2024-07-01,2024-07-31,2022-07-01,2024-05-31,5302,2024-07-31,28,0.008784656186785091,-0.05859375,-0.06631066650152206,0.0436507947742939,0.2222222238779068,0.3928571343421936
2024-07,2024-07-01,2024-07-31,2022-07-01,2024-05-31,5272,2024-07-31,29,0.008784656186785091,-0.01910829171538353,-0.026825208216905594,0.0436507947742939,0.2222222238779068,0.3928571343421936
2024-07,2024-07-01,2024-07-31,2022-07-01,2024-05-31,5484,2024-07-31,30,0.008784656186785091,0.046451594680547714,0.03873467817902565,0.0436507947742939,0.2222222238779068,0.3928571343421936
2024-08,2024-08-01,2024-08-31,2022-08-01,2024-07-02,3230,2024-08-30,1,0.03320753635559719,0.1875000149011612,0.1894557625055313,0.1626984179019928,0.170634925365448,0.8730158805847168
2024-08,2024-08-01,2024-08-31,2022-08-01,2024-07-02,1423,2024-08-30,2,0.02893329830860071,0.011160734109580517,0.013116482645273209,0.1626984179019928,0.170634925365448,0.8730158805847168
2024-08,2024-08-01,2024-08-31,2022-08-01,2024-07-02,2539,2024-08-30,3,0.02819571470450442,-0.2844827473163605,-0.28252699971199036,0.1626984179019928,0.170634925365448,0.8730158805847168
2024-08,2024-08-01,2024-08-31,2022-08-01,2024-07-02,3631,2024-08-30,4,0.022815432770171912,-0.058947350829839706,-0.05699160322546959,0.1626984179019928,0.170634925365448,0.8730158805847168
2024-08,2024-08-01,2024-08-31,2022-08-01,2024-07-02,7547,2024-08-30,5,0.01806723926528146,-0.0457831434905529,-0.043827395886182785,0.1626984179019928,0.170634925365448,0.8730158805847168
2024-08,2024-08-01,2024-08-31,2022-08-01,2024-07-02,6706,2024-08-30,6,0.015767332261028746,0.2142857164144516,0.21624146401882172,0.1626984179019928,0.170634925365448,0.8730158805847168
2024-08,2024-08-01,2024-08-31,2022-08-01,2024-07-02,5278,2024-08-30,7,0.014603165988263793,0.06026794761419296,0.06222369521856308,0.1626984179019928,0.170634925365448,0.8730158805847168
2024-08,2024-08-01,2024-08-31,2022-08-01,2024-07-02,8937,2024-08-30,8,0.012793725341860775,0.06616543978452682,0.06812118738889694,0.1626984179019928,0.170634925365448,0.8730158805847168
2024-08,2024-08-01,2024-08-31,2022-08-01,2024-07-02,4174,2024-08-30,9,0.012080529933570599,-0.13929787278175354,-0.13734212517738342,0.1626984179019928,0.170634925365448,0.8730158805847168
2024-08,2024-08-01,2024-08-31,2022-08-01,2024-07-02,3518,2024-08-30,10,0.010375131926978767,-0.2148241102695465,-0.2128683626651764,0.1626984179019928,0.170634925365448,0.8730158805847168
2024-08,2024-08-01,2024-08-31,2022-08-01,2024-07-02,6541,2024-08-30,11,0.010276381871745562,-0.0544959120452404,-0.052540164440870285,0.1626984179019928,0.170634925365448,0.8730158805847168
2024-08,2024-08-01,2024-08-31,2022-08-01,2024-07-02,3066,2024-08-30,12,0.010226892253900536,-0.07830341160297394,-0.07634766399860382,0.1626984179019928,0.170634925365448,0.8730158805847168
2024-08,2024-08-01,2024-08-31,2022-08-01,2024-07-02,2912,2024-08-30,13,0.009958952472586364,0.042402882128953934,0.04435862973332405,0.1626984179019928,0.170634925365448,0.8730158805847168
2024-08,2024-08-01,2024-08-31,2022-08-01,2024-07-02,8071,2024-08-30,14,0.009796671350484218,-0.07659570872783661,-0.07463996112346649,0.1626984179019928,0.170634925365448,0.8730158805847168
2024-08,2024-08-01,2024-08-31,2022-08-01,2024-07-02,6223,2024-08-30,15,0.009392100629220133,-0.037371132522821426,-0.03541538491845131,0.1626984179019928,0.170634925365448,0.8730158805847168
2024-08,2024-08-01,2024-08-31,2022-08-01,2024-07-02,3045,2024-08-30,16,0.009106900222574321,0.02678574062883854,0.028741488233208656,0.1626984179019928,0.170634925365448,0.8730158805847168
2024-08,2024-08-01,2024-08-31,2022-08-01,2024-07-02,4562,2024-08-30,17,0.009073901296504639,-0.0763888880610466,-0.07443314045667648,0.1626984179019928,0.170634925365448,0.8730158805847168
2024-08,2024-08-01,2024-08-31,2022-08-01,2024-07-02,8422,2024-08-30,18,0.008706604820787407,-0.03141360357403755,-0.029457855969667435,0.1626984179019928,0.170634925365448,0.8730158805847168
2024-08,2024-08-01,2024-08-31,2022-08-01,2024-07-02,3056,2024-08-30,19,0.008545720451516832,-0.1347423940896988,-0.13278664648532867,0.1626984179019928,0.170634925365448,0.8730158805847168
2024-08,2024-08-01,2024-08-31,2022-08-01,2024-07-02,8935,2024-08-30,20,0.008383422272943013,0.11143704503774643,0.11339279264211655,0.1626984179019928,0.170634925365448,0.8730158805847168
2024-08,2024-08-01,2024-08-31,2022-08-01,2024-07-02,3049,2024-08-30,21,0.008383422272943013,0.15926331281661987,0.16121906042099,0.1626984179019928,0.170634925365448,0.8730158805847168
2024-08,2024-08-01,2024-08-31,2022-08-01,2024-07-02,4564,2024-08-30,22,0.008383422272943013,-0.07386359572410583,-0.07190784811973572,0.1626984179019928,0.170634925365448,0.8730158805847168
2024-08,2024-08-01,2024-08-31,2022-08-01,2024-07-02,4927,2024-08-30,23,0.008377198117001806,-0.041806019842624664,-0.03985027223825455,0.1626984179019928,0.170634925365448,0.8730158805847168
2024-08,2024-08-01,2024-08-31,2022-08-01,2024-07-02,4526,2024-08-30,24,0.008293404364743118,-0.11689958721399307,-0.11494383960962296,0.1626984179019928,0.170634925365448,0.8730158805847168
2024-08,2024-08-01,2024-08-31,2022-08-01,2024-07-02,3081,2024-08-30,25,0.008293404364743118,0.6280992031097412,0.6300549507141113,0.1626984179019928,0.170634925365448,0.8730158805847168
2024-08,2024-08-01,2024-08-31,2022-08-01,2024-07-02,4166,2024-08-30,26,0.00806636111840166,-0.04119851440191269,-0.03924276679754257,0.1626984179019928,0.170634925365448,0.8730158805847168
2024-08,2024-08-01,2024-08-31,2022-08-01,2024-07-02,4542,2024-08-30,27,0.008047978471237003,-0.004454359877854586,-0.0024986115749925375,0.1626984179019928,0.170634925365448,0.8730158805847168
2024-08,2024-08-01,2024-08-31,2022-08-01,2024-07-02,2364,2024-08-30,28,0.007951372402539398,-0.02450980432331562,-0.022554056718945503,0.1626984179019928,0.170634925365448,0.8730158805847168
2024-08,2024-08-01,2024-08-31,2022-08-01,2024-07-02,2070,2024-08-30,29,0.007686405507534775,0.2617923319339752,0.26374807953834534,0.1626984179019928,0.170634925365448,0.8730158805847168
2024-08,2024-08-01,2024-08-31,2022-08-01,2024-07-02,3149,2024-08-30,30,0.007665408336518488,0.029411764815449715,0.03136751428246498,0.1626984179019928,0.170634925365448,0.8730158805847168
2024-09,2024-09-01,2024-09-30,2022-09-01,2024-08-05,3167,2024-09-30,1,0.06452939285994716,-0.02348993346095085,-0.04848667234182358,0.5555555820465088,0.3730158805847168,0.6746031641960144
2024-09,2024-09-01,2024-09-30,2022-09-01,2024-08-05,4971,2024-09-30,2,0.06120191108811438,-0.05584419518709183,-0.08084093779325485,0.5555555820465088,0.3730158805847168,0.6746031641960144
2024-09,2024-09-01,2024-09-30,2022-09-01,2024-08-05,1569,2024-09-30,3,0.060895899089961125,0.052197735756635666,0.02720099687576294,0.5555555820465088,0.3730158805847168,0.6746031641960144
2024-09,2024-09-01,2024-09-30,2022-09-01,2024-08-05,6706,2024-09-30,4,0.06034622762418465,0.01744186133146286,-0.007554878480732441,0.5555555820465088,0.3730158805847168,0.6746031641960144
2024-09,2024-09-01,2024-09-30,2022-09-01,2024-08-05,3511,2024-09-30,5,0.05610966849294568,-0.008746333420276642,-0.03374307230114937,0.5555555820465088,0.3730158805847168,0.6746031641960144
2024-09,2024-09-01,2024-09-30,2022-09-01,2024-08-05,3518,2024-09-30,6,0.05195410635573929,0.018957357853651047,-0.006039381958544254,0.5555555820465088,0.3730158805847168,0.6746031641960144
2024-09,2024-09-01,2024-09-30,2022-09-01,2024-08-05,3081,2024-09-30,7,0.049070815148597464,0.11908644437789917,0.09408970177173615,0.5555555820465088,0.3730158805847168,0.6746031641960144
2024-09,2024-09-01,2024-09-30,2022-09-01,2024-08-05,4807,2024-09-30,8,0.046153151363666996,0.3733625113964081,0.34836578369140625,0.5555555820465088,0.3730158805847168,0.6746031641960144
2024-09,2024-09-01,2024-09-30,2022-09-01,2024-08-05,4526,2024-09-30,9,0.045972689744387174,-0.07204610854387283,-0.09704285115003586,0.5555555820465088,0.3730158805847168,0.6746031641960144
2024-09,2024-09-01,2024-09-30,2022-09-01,2024-08-05,1721,2024-09-30,10,0.04549841659882724,-0.18023255467414856,-0.20522929728031158,0.5555555820465088,0.3730158805847168,0.6746031641960144
2024-09,2024-09-01,2024-09-30,2022-09-01,2024-08-05,3149,2024-09-30,11,0.045148326434226116,0.11908182501792908,0.09408508241176605,0.5555555820465088,0.3730158805847168,0.6746031641960144
2024-09,2024-09-01,2024-09-30,2022-09-01,2024-08-05,7547,2024-09-30,12,0.04497637872585374,0.07187888026237488,0.04688214138150215,0.5555555820465088,0.3730158805847168,0.6746031641960144
2024-09,2024-09-01,2024-09-30,2022-09-01,2024-08-05,4977,2024-09-30,13,0.0447626045694634,0.014084504917263985,-0.010912234894931316,0.5555555820465088,0.3730158805847168,0.6746031641960144
2024-09,2024-09-01,2024-09-30,2022-09-01,2024-08-05,3577,2024-09-30,14,0.04415879614511805,-0.17918318510055542,-0.20417992770671844,0.5555555820465088,0.3730158805847168,0.6746031641960144
2024-09,2024-09-01,2024-09-30,2022-09-01,2024-08-05,3455,2024-09-30,15,0.0427152041715188,0.08076926320791245,0.05577252432703972,0.5555555820465088,0.3730158805847168,0.6746031641960144
2024-09,2024-09-01,2024-09-30,2022-09-01,2024-08-05,3054,2024-09-30,16,0.038352600720001545,-0.032679736614227295,-0.05767647549510002,0.5555555820465088,0.3730158805847168,0.6746031641960144
2024-09,2024-09-01,2024-09-30,2022-09-01,2024-08-05,6405,2024-09-30,17,0.03696282919015169,0.10807444155216217,0.08307769894599915,0.5555555820465088,0.3730158805847168,0.6746031641960144
2024-09,2024-09-01,2024-09-30,2022-09-01,2024-08-05,3550,2024-09-30,18,0.035710246994783645,-0.13984672725200653,-0.16484346985816956,0.5555555820465088,0.3730158805847168,0.6746031641960144
2024-09,2024-09-01,2024-09-30,2022-09-01,2024-08-05,2491,2024-09-30,19,0.03527862624075535,-0.014652000740170479,-0.039648741483688354,0.5555555820465088,0.3730158805847168,0.6746031641960144
2024-09,2024-09-01,2024-09-30,2022-09-01,2024-08-05,3230,2024-09-30,20,0.03458789691168286,-0.11226250231266022,-0.13725924491882324,0.5555555820465088,0.3730158805847168,0.6746031641960144
2024-09,2024-09-01,2024-09-30,2022-09-01,2024-08-05,1309,2024-09-30,21,0.03435887000824724,-0.13255815207958221,-0.15755489468574524,0.5555555820465088,0.3730158805847168,0.6746031641960144
2024-09,2024-09-01,2024-09-30,2022-09-01,2024-08-05,6854,2024-09-30,22,0.03415070586207158,0.5361139178276062,0.511117160320282,0.5555555820465088,0.3730158805847168,0.6746031641960144
2024-09,2024-09-01,2024-09-30,2022-09-01,2024-08-05,3354,2024-09-30,23,0.033561486500734136,-0.09000007063150406,-0.11499681323766708,0.5555555820465088,0.3730158805847168,0.6746031641960144
2024-09,2024-09-01,2024-09-30,2022-09-01,2024-08-05,4166,2024-09-30,24,0.032209015414313875,0.4377431869506836,0.41274645924568176,0.5555555820465088,0.3730158805847168,0.6746031641960144
2024-09,2024-09-01,2024-09-30,2022-09-01,2024-08-05,4571,2024-09-30,25,0.03139157762376258,-0.09166669100522995,-0.11666343361139297,0.5555555820465088,0.3730158805847168,0.6746031641960144
2024-09,2024-09-01,2024-09-30,2022-09-01,2024-08-05,4127,2024-09-30,26,0.03129769095943158,0.028776979073882103,0.0037802394945174456,0.5555555820465088,0.3730158805847168,0.6746031641960144
2024-09,2024-09-01,2024-09-30,2022-09-01,2024-08-05,1727,2024-09-30,27,0.031198480498046726,-0.13173645734786987,-0.1567331999540329,0.5555555820465088,0.3730158805847168,0.6746031641960144
2024-09,2024-09-01,2024-09-30,2022-09-01,2024-08-05,8937,2024-09-30,28,0.029356158808212844,0.3160839080810547,0.29108718037605286,0.5555555820465088,0.3730158805847168,0.6746031641960144
2024-09,2024-09-01,2024-09-30,2022-09-01,2024-08-05,4927,2024-09-30,29,0.028738020666848423,-0.26003485918045044,-0.28503158688545227,0.5555555820465088,0.3730158805847168,0.6746031641960144
2024-09,2024-09-01,2024-09-30,2022-09-01,2024-08-05,6134,2024-09-30,30,0.02796618165024645,0.43174076080322266,0.4067440330982208,0.5555555820465088,0.3730158805847168,0.6746031641960144
2024-10,2024-10-01,2024-10-31,2022-10-01,2024-09-02,7734,2024-10-30,1,0.14707392075489542,0.041176505386829376,0.06403011828660965,0.2857142984867096,0.3928571343421936,0.0555555559694767
2024-10,2024-10-01,2024-10-31,2022-10-01,2024-09-02,6706,2024-10-30,2,0.12330518630732498,-0.07255520671606064,-0.049701593816280365,0.2857142984867096,0.3928571343421936,0.0555555559694767
2024-10,2024-10-01,2024-10-31,2022-10-01,2024-09-02,6425,2024-10-30,3,0.09524853970472076,-0.05489269271492958,-0.03203907981514931,0.2857142984867096,0.3928571343421936,0.0555555559694767
2024-10,2024-10-01,2024-10-31,2022-10-01,2024-09-02,1595,2024-10-30,4,0.08651994671883641,-0.33379122614860535,-0.3109376132488251,0.2857142984867096,0.3928571343421936,0.0555555559694767
2024-10,2024-10-01,2024-10-31,2022-10-01,2024-09-02,6573,2024-10-30,5,0.0863033911495463,-0.11834319680929184,-0.09548958390951157,0.2857142984867096,0.3928571343421936,0.0555555559694767
2024-10,2024-10-01,2024-10-31,2022-10-01,2024-09-02,3447,2024-10-30,6,0.08538719001048518,-0.08589744567871094,-0.06304383277893066,0.2857142984867096,0.3928571343421936,0.0555555559694767
2024-10,2024-10-01,2024-10-31,2022-10-01,2024-09-02,7709,2024-10-30,7,0.08481719282617048,-0.025862108916044235,-0.0030084946192801,0.2857142984867096,0.3928571343421936,0.0555555559694767
2024-10,2024-10-01,2024-10-31,2022-10-01,2024-09-02,3714,2024-10-30,8,0.08198927868202219,-0.04301075264811516,-0.020157137885689735,0.2857142984867096,0.3928571343421936,0.0555555559694767
2024-10,2024-10-01,2024-10-31,2022-10-01,2024-09-02,4991,2024-10-30,9,0.0760296542504103,0.40273553133010864,0.4255891442298889,0.2857142984867096,0.3928571343421936,0.0555555559694767
2024-10,2024-10-01,2024-10-31,2022-10-01,2024-09-02,1528,2024-10-30,10,0.07580015034010457,-0.13086417317390442,-0.10801056027412415,0.2857142984867096,0.3928571343421936,0.0555555559694767
2024-10,2024-10-01,2024-10-31,2022-10-01,2024-09-02,6823,2024-10-30,11,0.07377930964055611,-0.13769125938415527,-0.114837646484375,0.2857142984867096,0.3928571343421936,0.0555555559694767
2024-10,2024-10-01,2024-10-31,2022-10-01,2024-09-02,1569,2024-10-30,12,0.07355065704715373,0.7122507691383362,0.7351043820381165,0.2857142984867096,0.3928571343421936,0.0555555559694767
2024-10,2024-10-01,2024-10-31,2022-10-01,2024-09-02,3511,2024-10-30,13,0.0683596247574484,0.20298504829406738,0.22583866119384766,0.2857142984867096,0.3928571343421936,0.0555555559694767
2024-10,2024-10-01,2024-10-31,2022-10-01,2024-09-02,4540,2024-10-30,14,0.06603904881642567,-0.05562126636505127,-0.032767653465270996,0.2857142984867096,0.3928571343421936,0.0555555559694767
2024-10,2024-10-01,2024-10-31,2022-10-01,2024-09-02,3498,2024-10-30,15,0.06520299559057371,-0.19195044040679932,-0.16909682750701904,0.2857142984867096,0.3928571343421936,0.0555555559694767
2024-10,2024-10-01,2024-10-31,2022-10-01,2024-09-02,6218,2024-10-30,16,0.06419243472570597,-0.1384136974811554,-0.11556008458137512,0.2857142984867096,0.3928571343421936,0.0555555559694767
2024-10,2024-10-01,2024-10-31,2022-10-01,2024-09-02,3049,2024-10-30,17,0.06284146775257377,-0.03225809708237648,-0.009404483251273632,0.2857142984867096,0.3928571343421936,0.0555555559694767
2024-10,2024-10-01,2024-10-31,2022-10-01,2024-09-02,2354,2024-10-30,18,0.062038455918596636,-0.015151459723711014,0.007702154573053122,0.2857142984867096,0.3928571343421936,0.0555555559694767
2024-10,2024-10-01,2024-10-31,2022-10-01,2024-09-02,2413,2024-10-30,19,0.060552344338582156,-0.06159422919154167,-0.0387406162917614,0.2857142984867096,0.3928571343421936,0.0555555559694767
2024-10,2024-10-01,2024-10-31,2022-10-01,2024-09-02,3455,2024-10-30,20,0.05856977933614592,-0.07251911610364914,-0.049665503203868866,0.2857142984867096,0.3928571343421936,0.0555555559694767
2024-10,2024-10-01,2024-10-31,2022-10-01,2024-09-02,6167,2024-10-30,21,0.05803723318601381,-0.02507837302982807,-0.0022247587330639362,0.2857142984867096,0.3928571343421936,0.0555555559694767
2024-10,2024-10-01,2024-10-31,2022-10-01,2024-09-02,4977,2024-10-30,22,0.05701759164914369,0.0714285671710968,0.09428218007087708,0.2857142984867096,0.3928571343421936,0.0555555559694767
2024-10,2024-10-01,2024-10-31,2022-10-01,2024-09-02,8059,2024-10-30,23,0.05698694304512235,-0.07571432739496231,-0.05286071449518204,0.2857142984867096,0.3928571343421936,0.0555555559694767
2024-10,2024-10-01,2024-10-31,2022-10-01,2024-09-02,4577,2024-10-30,24,0.05468571506966401,0.10373444110155106,0.12658806145191193,0.2857142984867096,0.3928571343421936,0.0555555559694767
2024-10,2024-10-01,2024-10-31,2022-10-01,2024-09-02,6109,2024-10-30,25,0.05373729878959902,-0.16107380390167236,-0.1382201910018921,0.2857142984867096,0.3928571343421936,0.0555555559694767
2024-10,2024-10-01,2024-10-31,2022-10-01,2024-09-02,8937,2024-10-30,26,0.05174420332678731,0.586758017539978,0.6096116304397583,0.2857142984867096,0.3928571343421936,0.0555555559694767
2024-10,2024-10-01,2024-10-31,2022-10-01,2024-09-02,4526,2024-10-30,27,0.05119011555616471,0.023961661383509636,0.04681527614593506,0.2857142984867096,0.3928571343421936,0.0555555559694767
2024-10,2024-10-01,2024-10-31,2022-10-01,2024-09-02,6405,2024-10-30,28,0.05032671540447528,-0.10348834842443466,-0.08063473552465439,0.2857142984867096,0.3928571343421936,0.0555555559694767
2024-10,2024-10-01,2024-10-31,2022-10-01,2024-09-02,3092,2024-10-30,29,0.04996199274410848,-0.006024119444191456,0.016829494386911392,0.2857142984867096,0.3928571343421936,0.0555555559694767
2024-10,2024-10-01,2024-10-31,2022-10-01,2024-09-02,2851,2024-10-30,30,0.0491896029690359,-0.03195485472679138,-0.009101240895688534,0.2857142984867096,0.3928571343421936,0.0555555559694767
2024-11,2024-11-01,2024-11-30,2022-11-01,2024-09-30,6187,2024-11-29,1,0.03381994255936103,-0.0899772197008133,-0.13548782467842102,0.1349206417798996,0.1111111119389534,0.2023809552192688
2024-11,2024-11-01,2024-11-30,2022-11-01,2024-09-30,8114,2024-11-29,2,0.008004874518290244,0.1682848036289215,0.12277420610189438,0.1349206417798996,0.1111111119389534,0.2023809552192688
2024-11,2024-11-01,2024-11-30,2022-11-01,2024-09-30,3088,2024-11-29,3,0.007133619471379448,0.07943925261497498,0.033928655087947845,0.1349206417798996,0.1111111119389534,0.2023809552192688
2024-11,2024-11-01,2024-11-30,2022-11-01,2024-09-30,3577,2024-11-29,4,0.006338166518697658,0.04201674461364746,-0.0034938533790409565,0.1349206417798996,0.1111111119389534,0.2023809552192688
2024-11,2024-11-01,2024-11-30,2022-11-01,2024-09-30,7721,2024-11-29,5,0.005186015882779214,-0.0012611314887180924,-0.04677173122763634,0.1349206417798996,0.1111111119389534,0.2023809552192688
2024-11,2024-11-01,2024-11-30,2022-11-01,2024-09-30,6739,2024-11-29,6,0.005186015882779214,0.10277774930000305,0.05726715177297592,0.1349206417798996,0.1111111119389534,0.2023809552192688
2024-11,2024-11-01,2024-11-30,2022-11-01,2024-09-30,6510,2024-11-29,7,0.005186015882779214,0.18010744452476501,0.1345968395471573,0.1349206417798996,0.1111111119389534,0.2023809552192688
2024-11,2024-11-01,2024-11-30,2022-11-01,2024-09-30,7728,2024-11-29,8,0.005186015882779214,-0.04278919845819473,-0.08829979598522186,0.1349206417798996,0.1111111119389534,0.2023809552192688
2024-11,2024-11-01,2024-11-30,2022-11-01,2024-09-30,5474,2024-11-29,9,0.005125311589337712,0.3161291182041168,0.2706185281276703,0.1349206417798996,0.1111111119389534,0.2023809552192688
2024-11,2024-11-01,2024-11-30,2022-11-01,2024-09-30,6166,2024-11-29,10,0.005125311589337712,0.04161066189408302,-0.0038999360986053944,0.1349206417798996,0.1111111119389534,0.2023809552192688
2024-11,2024-11-01,2024-11-30,2022-11-01,2024-09-30,2364,2024-11-29,11,0.005125311589337712,-0.061978600919246674,-0.1074891984462738,0.1349206417798996,0.1111111119389534,0.2023809552192688
2024-11,2024-11-01,2024-11-30,2022-11-01,2024-09-30,5258,2024-11-29,12,0.005125311589337712,-0.09708739072084427,-0.1425979882478714,0.1349206417798996,0.1111111119389534,0.2023809552192688
2024-11,2024-11-01,2024-11-30,2022-11-01,2024-09-30,2357,2024-11-29,13,0.004722074042342153,0.050505101680755615,0.004994503688067198,0.1349206417798996,0.1111111119389534,0.2023809552192688
2024-11,2024-11-01,2024-11-30,2022-11-01,2024-09-30,6414,2024-11-29,14,0.004722074042342153,-0.021487517282366753,-0.06699811667203903,0.1349206417798996,0.1111111119389534,0.2023809552192688
2024-11,2024-11-01,2024-11-30,2022-11-01,2024-09-30,3231,2024-11-29,15,0.004722074042342153,-0.06986905634403229,-0.11537965387105942,0.1349206417798996,0.1111111119389534,0.2023809552192688
2024-11,2024-11-01,2024-11-30,2022-11-01,2024-09-30,4968,2024-11-29,16,0.0044594982485588715,0.007009345572441816,-0.038501251488924026,0.1349206417798996,0.1111111119389534,0.2023809552192688
2024-11,2024-11-01,2024-11-30,2022-11-01,2024-09-30,6579,2024-11-29,17,0.0040935819713912615,0.0406503826379776,-0.004860215354710817,0.1349206417798996,0.1111111119389534,0.2023809552192688
2024-11,2024-11-01,2024-11-30,2022-11-01,2024-09-30,2395,2024-11-29,18,0.0040935819713912615,0.030837029218673706,-0.014673568308353424,0.1349206417798996,0.1111111119389534,0.2023809552192688
2024-11,2024-11-01,2024-11-30,2022-11-01,2024-09-30,6220,2024-11-29,19,0.004009340257264216,-0.048042673617601395,-0.09355327486991882,0.1349206417798996,0.1111111119389534,0.2023809552192688
2024-11,2024-11-01,2024-11-30,2022-11-01,2024-09-30,6472,2024-11-29,20,0.003973160953419268,-0.13808974623680115,-0.18360035121440887,0.1349206417798996,0.1111111119389534,0.2023809552192688
2024-11,2024-11-01,2024-11-30,2022-11-01,2024-09-30,6919,2024-11-29,21,0.003973160953419268,0.006622478365898132,-0.038888119161129,0.1349206417798996,0.1111111119389534,0.2023809552192688
2024-11,2024-11-01,2024-11-30,2022-11-01,2024-09-30,6174,2024-11-29,22,0.0038733195338318737,-0.08211677521467209,-0.12762737274169922,0.1349206417798996,0.1111111119389534,0.2023809552192688
2024-11,2024-11-01,2024-11-30,2022-11-01,2024-09-30,2397,2024-11-29,23,0.0038378755906600514,0.017426326870918274,-0.028084270656108856,0.1349206417798996,0.1111111119389534,0.2023809552192688
2024-11,2024-11-01,2024-11-30,2022-11-01,2024-09-30,2377,2024-11-29,24,0.0038378755906600514,0.08211150020360947,0.036600902676582336,0.1349206417798996,0.1111111119389534,0.2023809552192688
2024-11,2024-11-01,2024-11-30,2022-11-01,2024-09-30,6188,2024-11-29,25,0.0038378755906600514,0.10995858907699585,0.06444799154996872,0.1349206417798996,0.1111111119389534,0.2023809552192688
2024-11,2024-11-01,2024-11-30,2022-11-01,2024-09-30,5426,2024-11-29,26,0.0038378755906600514,-0.05855854973196983,-0.10406915098428726,0.1349206417798996,0.1111111119389534,0.2023809552192688
2024-11,2024-11-01,2024-11-30,2022-11-01,2024-09-30,8210,2024-11-29,27,0.0038378755906600514,-0.07876717299222946,-0.12427777051925659,0.1349206417798996,0.1111111119389534,0.2023809552192688
2024-11,2024-11-01,2024-11-30,2022-11-01,2024-09-30,3515,2024-11-29,28,0.0038378755906600514,-0.008474576286971569,-0.053985174745321274,0.1349206417798996,0.1111111119389534,0.2023809552192688
2024-11,2024-11-01,2024-11-30,2022-11-01,2024-09-30,5386,2024-11-29,29,0.0038378755906600514,-0.1147356852889061,-0.16024628281593323,0.1349206417798996,0.1111111119389534,0.2023809552192688
2024-11,2024-11-01,2024-11-30,2022-11-01,2024-09-30,3017,2024-11-29,30,0.0038378755906600514,-0.018518520519137383,-0.06402911990880966,0.1349206417798996,0.1111111119389534,0.2023809552192688
2024-12,2024-12-01,2024-12-31,2022-12-01,2024-11-04,2483,2024-12-31,1,0.0008367767490962957,0.0022321445867419243,-0.017006753012537956,0.4841269850730896,0.261904776096344,0.1230158731341362
2024-12,2024-12-01,2024-12-31,2022-12-01,2024-11-04,2211,2024-12-31,2,0.0008367767490962957,0.0011223279871046543,-0.01811656914651394,0.4841269850730896,0.261904776096344,0.1230158731341362
2024-12,2024-12-01,2024-12-31,2022-12-01,2024-11-04,2355,2024-12-31,3,0.0008367767490962957,-0.029639147222042084,-0.04887804388999939,0.4841269850730896,0.261904776096344,0.1230158731341362
2024-12,2024-12-01,2024-12-31,2022-12-01,2024-11-04,1457,2024-12-31,4,0.0008367767490962957,0.02295912615954876,0.003720228560268879,0.4841269850730896,0.261904776096344,0.1230158731341362
2024-12,2024-12-01,2024-12-31,2022-12-01,2024-11-04,8028,2024-12-31,5,8.996443806746343e-05,-0.11552349478006363,-0.13476239144802094,0.4841269850730896,0.261904776096344,0.1230158731341362
2024-12,2024-12-01,2024-12-31,2022-12-01,2024-11-04,8033,2024-12-31,6,8.996443806746343e-05,-0.06629060953855515,-0.08552950620651245,0.4841269850730896,0.261904776096344,0.1230158731341362
2024-12,2024-12-01,2024-12-31,2022-12-01,2024-11-04,2049,2024-12-31,7,8.996443806746343e-05,-0.015151506289839745,-0.0343904048204422,0.4841269850730896,0.261904776096344,0.1230158731341362
2024-12,2024-12-01,2024-12-31,2022-12-01,2024-11-04,2332,2024-12-31,8,8.996443806746343e-05,-0.03137250989675522,-0.050611406564712524,0.4841269850730896,0.261904776096344,0.1230158731341362
2024-12,2024-12-01,2024-12-31,2022-12-01,2024-11-04,8222,2024-12-31,9,8.996443806746343e-05,-0.052963536232709885,-0.07220243662595749,0.4841269850730896,0.261904776096344,0.1230158731341362
2024-12,2024-12-01,2024-12-31,2022-12-01,2024-11-04,3062,2024-12-31,10,8.996443806746343e-05,-0.041604798287153244,-0.06084369495511055,0.4841269850730896,0.261904776096344,0.1230158731341362
2024-12,2024-12-01,2024-12-31,2022-12-01,2024-11-04,8234,2024-12-31,11,8.996443806746343e-05,0.0015243670204654336,-0.01771453022956848,0.4841269850730896,0.261904776096344,0.1230158731341362
2024-12,2024-12-01,2024-12-31,2022-12-01,2024-11-04,8240,2024-12-31,12,8.996443806746343e-05,-0.04575170949101448,-0.06499060988426208,0.4841269850730896,0.261904776096344,0.1230158731341362
2024-12,2024-12-01,2024-12-31,2022-12-01,2024-11-04,2376,2024-12-31,13,8.996443806746343e-05,-0.06445673108100891,-0.08369562774896622,0.4841269850730896,0.261904776096344,0.1230158731341362
2024-12,2024-12-01,2024-12-31,2022-12-01,2024-11-04,2377,2024-12-31,14,8.996443806746343e-05,0.05753425508737564,0.038295358419418335,0.4841269850730896,0.261904776096344,0.1230158731341362
2024-12,2024-12-01,2024-12-31,2022-12-01,2024-11-04,2379,2024-12-31,15,8.996443806746343e-05,-0.017761988565325737,-0.03700088709592819,0.4841269850730896,0.261904776096344,0.1230158731341362
2024-12,2024-12-01,2024-12-31,2022-12-01,2024-11-04,2314,2024-12-31,16,8.996443806746343e-05,-0.11964735388755798,-0.1388862580060959,0.4841269850730896,0.261904776096344,0.1230158731341362
2024-12,2024-12-01,2024-12-31,2022-12-01,2024-11-04,2382,2024-12-31,17,8.996443806746343e-05,-0.11578945070505142,-0.13502834737300873,0.4841269850730896,0.261904776096344,0.1230158731341362
2024-12,2024-12-01,2024-12-31,2022-12-01,2024-11-04,2493,2024-12-31,18,8.996443806746343e-05,0.015544041059911251,-0.0036948565393686295,0.4841269850730896,0.261904776096344,0.1230158731341362
2024-12,2024-12-01,2024-12-31,2022-12-01,2024-11-04,2606,2024-12-31,19,8.996443806746343e-05,-0.015517267398536205,-0.034756164997816086,0.4841269850730896,0.261904776096344,0.1230158731341362
2024-12,2024-12-01,2024-12-31,2022-12-01,2024-11-04,3257,2024-12-31,20,8.996443806746343e-05,0.09811320900917053,0.07887431234121323,0.4841269850730896,0.261904776096344,0.1230158731341362
2024-12,2024-12-01,2024-12-31,2022-12-01,2024-11-04,3036,2024-12-31,21,8.996443806746343e-05,-0.027397260069847107,-0.04663615673780441,0.4841269850730896,0.261904776096344,0.1230158731341362
2024-12,2024-12-01,2024-12-31,2022-12-01,2024-11-04,2328,2024-12-31,22,8.996443806746343e-05,-0.032296594232320786,-0.05153549090027809,0.4841269850730896,0.261904776096344,0.1230158731341362
2024-12,2024-12-01,2024-12-31,2022-12-01,2024-11-04,2486,2024-12-31,23,8.996443806746343e-05,-0.05309734120965004,-0.07233624160289764,0.4841269850730896,0.261904776096344,0.1230158731341362
2024-12,2024-12-01,2024-12-31,2022-12-01,2024-11-04,2330,2024-12-31,24,8.996443806746343e-05,0.05140192434191704,0.03216302767395973,0.4841269850730896,0.261904776096344,0.1230158731341362
2024-12,2024-12-01,2024-12-31,2022-12-01,2024-11-04,2348,2024-12-31,25,8.996443806746343e-05,-0.11358019709587097,-0.13281910121440887,0.4841269850730896,0.261904776096344,0.1230158731341362
2024-12,2024-12-01,2024-12-31,2022-12-01,2024-11-04,2528,2024-12-31,26,8.996443806746343e-05,-0.0508875697851181,-0.07012646645307541,0.4841269850730896,0.261904776096344,0.1230158731341362
2024-12,2024-12-01,2024-12-31,2022-12-01,2024-11-04,6245,2024-12-31,27,8.996443806746343e-05,0.17435897886753082,0.15512007474899292,0.4841269850730896,0.261904776096344,0.1230158731341362
2024-12,2024-12-01,2024-12-31,2022-12-01,2024-11-04,8064,2024-12-31,28,8.996443806746343e-05,-0.1033519059419632,-0.1225908026099205,0.4841269850730896,0.261904776096344,0.1230158731341362
2024-12,2024-12-01,2024-12-31,2022-12-01,2024-11-04,3037,2024-12-31,29,8.996443806746343e-05,-0.1197182834148407,-0.1389571875333786,0.4841269850730896,0.261904776096344,0.1230158731341362
2024-12,2024-12-01,2024-12-31,2022-12-01,2024-11-04,3038,2024-12-31,30,8.996443806746343e-05,-0.047202806919813156,-0.06644170731306076,0.4841269850730896,0.261904776096344,0.1230158731341362
2025-01,2025-01-01,2025-01-31,2023-01-01,2024-12-04,2646,2025-01-22,1,0.0062636704829745465,0.007220175117254257,0.039915043860673904,0.4166666567325592,0.3373015820980072,0.3650793731212616
2025-01,2025-01-01,2025-01-31,2023-01-01,2024-12-04,6994,2025-01-22,2,0.0062636704829745465,0.6293929219245911,0.6620877981185913,0.4166666567325592,0.3373015820980072,0.3650793731212616
2025-01,2025-01-01,2025-01-31,2023-01-01,2024-12-04,1307,2025-01-22,3,0.0017614394451243242,0.38005390763282776,0.412748783826828,0.4166666567325592,0.3373015820980072,0.3650793731212616
2025-01,2025-01-01,2025-01-31,2023-01-01,2024-12-04,6651,2025-01-22,4,0.0017614394451243242,0.1499999314546585,0.18269479274749756,0.4166666567325592,0.3373015820980072,0.3650793731212616
2025-01,2025-01-01,2025-01-31,2023-01-01,2024-12-04,8261,2025-01-22,5,0.0017614394451243242,0.0962962880730629,0.12899115681648254,0.4166666567325592,0.3373015820980072,0.3650793731212616
2025-01,2025-01-01,2025-01-31,2023-01-01,2024-12-04,8088,2025-01-22,6,0.0017614394451243242,0.20984460413455963,0.24253946542739868,0.4166666567325592,0.3373015820980072,0.3650793731212616
2025-01,2025-01-01,2025-01-31,2023-01-01,2024-12-04,3490,2025-01-22,7,0.0017614394451243242,0.05136990174651146,0.08406476676464081,0.4166666567325592,0.3373015820980072,0.3650793731212616
2025-01,2025-01-01,2025-01-31,2023-01-01,2024-12-04,8341,2025-01-22,8,0.0017614394451243242,0.05868261307477951,0.09137748181819916,0.4166666567325592,0.3373015820980072,0.3650793731212616
2025-01,2025-01-01,2025-01-31,2023-01-01,2024-12-04,1707,2025-01-22,9,0.0017614394451243242,0.023972580209374428,0.056667447090148926,0.4166666567325592,0.3373015820980072,0.3650793731212616
2025-01,2025-01-01,2025-01-31,2023-01-01,2024-12-04,4533,2025-01-22,10,0.0017614394451243242,0.2083333432674408,0.24102820456027985,0.4166666567325592,0.3373015820980072,0.3650793731212616
2025-01,2025-01-01,2025-01-31,2023-01-01,2024-12-04,3188,2025-01-22,11,0.0017614394451243242,0.14528308808803558,0.17797794938087463,0.4166666567325592,0.3373015820980072,0.3650793731212616
2025-01,2025-01-01,2025-01-31,2023-01-01,2024-12-04,6411,2025-01-22,12,0.0017614394451243242,0.04375002905726433,0.07644489407539368,0.4166666567325592,0.3373015820980072,0.3650793731212616
2025-01,2025-01-01,2025-01-31,2023-01-01,2024-12-04,3135,2025-01-22,13,0.0017614394451243242,-0.0107034333050251,0.021991433575749397,0.4166666567325592,0.3373015820980072,0.3650793731212616
2025-01,2025-01-01,2025-01-31,2023-01-01,2024-12-04,6245,2025-01-22,14,0.0017614394451243242,0.16931216418743134,0.20200702548027039,0.4166666567325592,0.3373015820980072,0.3650793731212616
2025-01,2025-01-01,2025-01-31,2023-01-01,2024-12-04,3025,2025-01-22,15,0.0017614394451243242,0.004464331548660994,0.03715919703245163,0.4166666567325592,0.3373015820980072,0.3650793731212616
2025-01,2025-01-01,2025-01-31,2023-01-01,2024-12-04,3051,2025-01-22,16,0.0017614394451243242,-0.10076335072517395,-0.0680684819817543,0.4166666567325592,0.3373015820980072,0.3650793731212616
2025-01,2025-01-01,2025-01-31,2023-01-01,2024-12-04,6170,2025-01-22,17,0.0017614394451243242,0.17868345975875854,0.2113783210515976,0.4166666567325592,0.3373015820980072,0.3650793731212616
2025-01,2025-01-01,2025-01-31,2023-01-01,2024-12-04,3088,2025-01-22,18,0.0017614394451243242,0.11290322244167328,0.14559808373451233,0.4166666567325592,0.3373015820980072,0.3650793731212616
2025-01,2025-01-01,2025-01-31,2023-01-01,2024-12-04,6147,2025-01-22,19,0.0017614394451243242,0.039494577795267105,0.07218944281339645,0.4166666567325592,0.3373015820980072,0.3650793731212616
2025-01,2025-01-01,2025-01-31,2023-01-01,2024-12-04,6180,2025-01-22,20,0.0017614394451243242,0.06989243626594543,0.10258730500936508,0.4166666567325592,0.3373015820980072,0.3650793731212616
2025-01,2025-01-01,2025-01-31,2023-01-01,2024-12-04,2612,2025-01-22,21,0.0017614394451243242,0.2005075067281723,0.23320236802101135,0.4166666567325592,0.3373015820980072,0.3650793731212616
2025-01,2025-01-01,2025-01-31,2023-01-01,2024-12-04,3406,2025-01-22,22,0.0017614394451243242,0.09318181872367859,0.12587668001651764,0.4166666567325592,0.3373015820980072,0.3650793731212616
2025-01,2025-01-01,2025-01-31,2023-01-01,2024-12-04,3455,2025-01-22,23,0.0017614394451243242,0.004672897048294544,0.03736776486039162,0.4166666567325592,0.3373015820980072,0.3650793731212616
2025-01,2025-01-01,2025-01-31,2023-01-01,2024-12-04,2618,2025-01-22,24,0.0017614394451243242,-0.0797872394323349,-0.04709237068891525,0.4166666567325592,0.3373015820980072,0.3650793731212616
2025-01,2025-01-01,2025-01-31,2023-01-01,2024-12-04,5347,2025-01-22,25,0.0017614394451243242,0.06881717592477798,0.10151204466819763,0.4166666567325592,0.3373015820980072,0.3650793731212616
2025-01,2025-01-01,2025-01-31,2023-01-01,2024-12-04,2609,2025-01-22,26,0.0017614394451243242,0.0917293056845665,0.12442417442798615,0.4166666567325592,0.3373015820980072,0.3650793731212616
2025-01,2025-01-01,2025-01-31,2023-01-01,2024-12-04,6596,2025-01-22,27,0.0017614394451243242,0.011235983110964298,0.04393085092306137,0.4166666567325592,0.3373015820980072,0.3650793731212616
2025-01,2025-01-01,2025-01-31,2023-01-01,2024-12-04,2107,2025-01-22,28,0.0017614394451243242,0.015444055199623108,0.048138923943042755,0.4166666567325592,0.3373015820980072,0.3650793731212616
2025-01,2025-01-01,2025-01-31,2023-01-01,2024-12-04,3693,2025-01-22,29,0.0017614394451243242,0.09682299196720123,0.12951785326004028,0.4166666567325592,0.3373015820980072,0.3650793731212616
2025-01,2025-01-01,2025-01-31,2023-01-01,2024-12-04,1587,2025-01-22,30,0.0017614394451243242,0.045321665704250336,0.07801653444766998,0.4166666567325592,0.3373015820980072,0.3650793731212616
2025-02,2025-02-01,2025-02-28,2023-02-01,2024-12-25,3498,2025-02-27,1,0.028964191383281428,-0.1785714328289032,-0.11566084623336792,0.369047611951828,0.3452380895614624,0.9603174328804016
2025-02,2025-02-01,2025-02-28,2023-02-01,2024-12-25,4577,2025-02-27,2,0.028964191383281428,-0.22931033372879028,-0.166399747133255,0.369047611951828,0.3452380895614624,0.9603174328804016
2025-02,2025-02-01,2025-02-28,2023-02-01,2024-12-25,5484,2025-02-27,3,0.025550076093622254,-0.17297294735908508,-0.1100623607635498,0.369047611951828,0.3452380895614624,0.9603174328804016
2025-02,2025-02-01,2025-02-28,2023-02-01,2024-12-25,3508,2025-02-27,4,0.025550076093622254,-0.09386282414197922,-0.03095223754644394,0.369047611951828,0.3452380895614624,0.9603174328804016
2025-02,2025-02-01,2025-02-28,2023-02-01,2024-12-25,2438,2025-02-27,5,0.025550076093622254,0.002702661557123065,0.06561324745416641,0.369047611951828,0.3452380895614624,0.9603174328804016
2025-02,2025-02-01,2025-02-28,2023-02-01,2024-12-25,8935,2025-02-27,6,0.025550076093622254,-0.26774850487709045,-0.20483791828155518,0.369047611951828,0.3452380895614624,0.9603174328804016
2025-02,2025-02-01,2025-02-28,2023-02-01,2024-12-25,2491,2025-02-27,7,0.00044182296986883165,-0.017921147868037224,0.044989440590143204,0.369047611951828,0.3452380895614624,0.9603174328804016
2025-02,2025-02-01,2025-02-28,2023-02-01,2024-12-25,6901,2025-02-27,8,0.00044182296986883165,-0.11378208547830582,-0.05087149888277054,0.369047611951828,0.3452380895614624,0.9603174328804016
2025-02,2025-02-01,2025-02-28,2023-02-01,2024-12-25,4934,2025-02-27,9,0.00044182296986883165,-0.12857143580913544,-0.06566084921360016,0.369047611951828,0.3452380895614624,0.9603174328804016
2025-02,2025-02-01,2025-02-28,2023-02-01,2024-12-25,8085,2025-02-27,10,0.00044182296986883165,-0.13725492358207703,-0.07434433698654175,0.369047611951828,0.3452380895614624,0.9603174328804016
2025-02,2025-02-01,2025-02-28,2023-02-01,2024-12-25,6706,2025-02-27,11,0.00044182296986883165,-0.16442306339740753,-0.10151247680187225,0.369047611951828,0.3452380895614624,0.9603174328804016
2025-02,2025-02-01,2025-02-28,2023-02-01,2024-12-25,2429,2025-02-27,12,0.00044182296986883165,0.7378379106521606,0.8007485270500183,0.369047611951828,0.3452380895614624,0.9603174328804016
2025-02,2025-02-01,2025-02-28,2023-02-01,2024-12-25,3518,2025-02-27,13,0.00044182296986883165,-0.10869564861059189,-0.04578506201505661,0.369047611951828,0.3452380895614624,0.9603174328804016
2025-02,2025-02-01,2025-02-28,2023-02-01,2024-12-25,2390,2025-02-27,14,0.00044182296986883165,-0.04065040498971939,0.022260181605815887,0.369047611951828,0.3452380895614624,0.9603174328804016
2025-02,2025-02-01,2025-02-28,2023-02-01,2024-12-25,6668,2025-02-27,15,0.00044182296986883165,0.04816955700516701,0.11108014732599258,0.369047611951828,0.3452380895614624,0.9603174328804016
2025-02,2025-02-01,2025-02-28,2023-02-01,2024-12-25,6219,2025-02-27,16,0.00037718639610270495,-0.15909093618392944,-0.09618034958839417,0.369047611951828,0.3452380895614624,0.9603174328804016
2025-02,2025-02-01,2025-02-28,2023-02-01,2024-12-25,5324,2025-02-27,17,0.00037718639610270495,-0.07377046346664429,-0.010859876871109009,0.369047611951828,0.3452380895614624,0.9603174328804016
2025-02,2025-02-01,2025-02-28,2023-02-01,2024-12-25,6186,2025-02-27,18,0.00037718639610270495,0.09843754768371582,0.1613481342792511,0.369047611951828,0.3452380895614624,0.9603174328804016
2025-02,2025-02-01,2025-02-28,2023-02-01,2024-12-25,4416,2025-02-27,19,0.00037718639610270495,-0.008141092024743557,0.05476949363946915,0.369047611951828,0.3452380895614624,0.9603174328804016
2025-02,2025-02-01,2025-02-28,2023-02-01,2024-12-25,7728,2025-02-27,20,0.00037096940543879155,-0.1418539136648178,-0.07894332706928253,0.369047611951828,0.3452380895614624,0.9603174328804016
2025-02,2025-02-01,2025-02-28,2023-02-01,2024-12-25,8937,2025-02-27,21,0.00037096940543879155,0.12903225421905518,0.19194284081459045,0.369047611951828,0.3452380895614624,0.9603174328804016
2025-02,2025-02-01,2025-02-28,2023-02-01,2024-12-25,3535,2025-02-27,22,0.00037096940543879155,-0.17780174314975739,-0.1148911565542221,0.369047611951828,0.3452380895614624,0.9603174328804016
2025-02,2025-02-01,2025-02-28,2023-02-01,2024-12-25,3339,2025-02-27,23,0.00037096940543879155,-0.04748205840587616,0.015428528189659119,0.369047611951828,0.3452380895614624,0.9603174328804016
2025-02,2025-02-01,2025-02-28,2023-02-01,2024-12-25,3230,2025-02-27,24,0.00037096940543879155,0.017647122964262962,0.08055771142244339,0.369047611951828,0.3452380895614624,0.9603174328804016
2025-02,2025-02-01,2025-02-28,2023-02-01,2024-12-25,3066,2025-02-27,25,0.00037096940543879155,-0.12916667759418488,-0.0662560909986496,0.369047611951828,0.3452380895614624,0.9603174328804016
2025-02,2025-02-01,2025-02-28,2023-02-01,2024-12-25,3043,2025-02-27,26,0.00037096940543879155,-0.10857141017913818,-0.045660823583602905,0.369047611951828,0.3452380895614624,0.9603174328804016
2025-02,2025-02-01,2025-02-28,2023-02-01,2024-12-25,6164,2025-02-27,27,0.00037096940543879155,-0.034351199865341187,0.028559386730194092,0.369047611951828,0.3452380895614624,0.9603174328804016
2025-02,2025-02-01,2025-02-28,2023-02-01,2024-12-25,6698,2025-02-27,28,0.00037096940543879155,-0.04908835515379906,0.013822231441736221,0.369047611951828,0.3452380895614624,0.9603174328804016
2025-02,2025-02-01,2025-02-28,2023-02-01,2024-12-25,6199,2025-02-27,29,0.00037096940543879155,0.2075471729040146,0.27045777440071106,0.369047611951828,0.3452380895614624,0.9603174328804016
2025-02,2025-02-01,2025-02-28,2023-02-01,2024-12-25,6226,2025-02-27,30,0.00037096940543879155,-0.08522727340459824,-0.022316686809062958,0.369047611951828,0.3452380895614624,0.9603174328804016
2025-03,2025-03-01,2025-03-31,2023-03-01,2025-01-22,5314,2025-03-31,1,0.08066317292208165,-0.22589166462421417,-0.2036229521036148,0.0515873022377491,0.0357142873108387,0.02777777798473835
2025-03,2025-03-01,2025-03-31,2023-03-01,2025-01-22,6541,2025-03-31,2,0.07215241173550703,-0.033175330609083176,-0.010906616225838661,0.0515873022377491,0.0357142873108387,0.02777777798473835
2025-03,2025-03-01,2025-03-31,2023-03-01,2025-01-22,2852,2025-03-31,3,0.05856999501398486,-0.018363982439041138,0.0039047319442033768,0.0515873022377491,0.0357142873108387,0.02777777798473835
2025-03,2025-03-01,2025-03-31,2023-03-01,2025-01-22,5439,2025-03-31,4,0.056238598566603196,-0.19273746013641357,-0.1704687476158142,0.0515873022377491,0.0357142873108387,0.02777777798473835
2025-03,2025-03-01,2025-03-31,2023-03-01,2025-01-22,3596,2025-03-31,5,0.05554769151137662,0.04424773529171944,0.0665164515376091,0.0515873022377491,0.0357142873108387,0.02777777798473835
2025-03,2025-03-01,2025-03-31,2023-03-01,2025-01-22,2208,2025-03-31,6,0.05434968606413661,-0.011764750815927982,0.010503963567316532,0.0515873022377491,0.0357142873108387,0.02777777798473835
2025-03,2025-03-01,2025-03-31,2023-03-01,2025-01-22,2850,2025-03-31,7,0.05322792803745608,-0.04054054990410805,-0.018271835520863533,0.0515873022377491,0.0357142873108387,0.02777777798473835
2025-03,2025-03-01,2025-03-31,2023-03-01,2025-01-22,3528,2025-03-31,8,0.05152768546813177,0.30118685960769653,0.3234555721282959,0.0515873022377491,0.0357142873108387,0.02777777798473835
2025-03,2025-03-01,2025-03-31,2023-03-01,2025-01-22,5278,2025-03-31,9,0.04773558124402681,-0.08402359485626221,-0.06175488233566284,0.0515873022377491,0.0357142873108387,0.02777777798473835
2025-03,2025-03-01,2025-03-31,2023-03-01,2025-01-22,1102,2025-03-31,10,0.047628573849384064,-0.03743315115571022,-0.015164436772465706,0.0515873022377491,0.0357142873108387,0.02777777798473835
2025-03,2025-03-01,2025-03-31,2023-03-01,2025-01-22,5530,2025-03-31,11,0.0461216060820934,-0.09587213397026062,-0.07360342144966125,0.0515873022377491,0.0357142873108387,0.02777777798473835
2025-03,2025-03-01,2025-03-31,2023-03-01,2025-01-22,4303,2025-03-31,12,0.045942215290346866,-0.10059881955385208,-0.07833010703325272,0.0515873022377491,0.0357142873108387,0.02777777798473835
2025-03,2025-03-01,2025-03-31,2023-03-01,2025-01-22,1210,2025-03-31,13,0.04581347255795552,0.03639513999223709,0.058663852512836456,0.0515873022377491,0.0357142873108387,0.02777777798473835
2025-03,2025-03-01,2025-03-31,2023-03-01,2025-01-22,6140,2025-03-31,14,0.04538248928719333,0.29655173420906067,0.31882044672966003,0.0515873022377491,0.0357142873108387,0.02777777798473835
2025-03,2025-03-01,2025-03-31,2023-03-01,2025-01-22,3508,2025-03-31,15,0.04486101009242199,-0.13894733786582947,-0.1166786253452301,0.0515873022377491,0.0357142873108387,0.02777777798473835
2025-03,2025-03-01,2025-03-31,2023-03-01,2025-01-22,6199,2025-03-31,16,0.04482181871704596,-0.13899613916873932,-0.11672742664813995,0.0515873022377491,0.0357142873108387,0.02777777798473835
2025-03,2025-03-01,2025-03-31,2023-03-01,2025-01-22,2547,2025-03-31,17,0.03883408145799615,-0.0666666105389595,-0.04439789801836014,0.0515873022377491,0.0357142873108387,0.02777777798473835
2025-03,2025-03-01,2025-03-31,2023-03-01,2025-01-22,4142,2025-03-31,18,0.038650093413145466,-0.014925429597496986,0.007343284785747528,0.0515873022377491,0.0357142873108387,0.02777777798473835
2025-03,2025-03-01,2025-03-31,2023-03-01,2025-01-22,6657,2025-03-31,19,0.03818465771319207,-0.09672613441944122,-0.07445742189884186,0.0515873022377491,0.0357142873108387,0.02777777798473835
2025-03,2025-03-01,2025-03-31,2023-03-01,2025-01-22,8234,2025-03-31,20,0.03687385501621641,-0.017610082402825356,0.004658631980419159,0.0515873022377491,0.0357142873108387,0.02777777798473835
2025-03,2025-03-01,2025-03-31,2023-03-01,2025-01-22,3037,2025-03-31,21,0.03686894494387878,-0.007399586960673332,0.014869127422571182,0.0515873022377491,0.0357142873108387,0.02777777798473835
2025-03,2025-03-01,2025-03-31,2023-03-01,2025-01-22,2753,2025-03-31,22,0.034048213329986865,0.0579710528254509,0.08023976534605026,0.0515873022377491,0.0357142873108387,0.02777777798473835
2025-03,2025-03-01,2025-03-31,2023-03-01,2025-01-22,6177,2025-03-31,23,0.03404429876188595,-0.03937821090221405,-0.017109496518969536,0.0515873022377491,0.0357142873108387,0.02777777798473835
2025-03,2025-03-01,2025-03-31,2023-03-01,2025-01-22,6227,2025-03-31,24,0.03358677486836999,-0.0411764420568943,-0.018907727673649788,0.0515873022377491,0.0357142873108387,0.02777777798473835
2025-03,2025-03-01,2025-03-31,2023-03-01,2025-01-22,6441,2025-03-31,25,0.032256512301053836,-0.09394901245832443,-0.07168029993772507,0.0515873022377491,0.0357142873108387,0.02777777798473835
2025-03,2025-03-01,2025-03-31,2023-03-01,2025-01-22,5464,2025-03-31,26,0.03184076101052108,-0.05091650038957596,-0.028647786006331444,0.0515873022377491,0.0357142873108387,0.02777777798473835
2025-03,2025-03-01,2025-03-31,2023-03-01,2025-01-22,3363,2025-03-31,27,0.0318107683907966,-0.23770491778850555,-0.2154362052679062,0.0515873022377491,0.0357142873108387,0.02777777798473835
2025-03,2025-03-01,2025-03-31,2023-03-01,2025-01-22,2705,2025-03-31,28,0.031130231056532957,-0.031161431223154068,-0.008892716839909554,0.0515873022377491,0.0357142873108387,0.02777777798473835
2025-03,2025-03-01,2025-03-31,2023-03-01,2025-01-22,9955,2025-03-31,29,0.029469273188958502,0.06598987430334091,0.08825858682394028,0.0515873022377491,0.0357142873108387,0.02777777798473835
2025-03,2025-03-01,2025-03-31,2023-03-01,2025-01-22,8072,2025-03-31,30,0.029415643468189614,0.7704917788505554,0.7927604913711548,0.0515873022377491,0.0357142873108387,0.02777777798473835
2025-04,2025-04-01,2025-04-30,2023-04-01,2025-03-04,6643,2025-04-30,1,-0.00029888588123784196,-0.01701316609978676,-0.0719807893037796,0.1230158731341362,0.0793650820851326,0.920634925365448
2025-04,2025-04-01,2025-04-30,2023-04-01,2025-03-04,6129,2025-04-30,2,-0.00029888588123784196,-0.11475406587123871,-0.16972169280052185,0.1230158731341362,0.0793650820851326,0.920634925365448
2025-04,2025-04-01,2025-04-30,2023-04-01,2025-03-04,6203,2025-04-30,3,-0.00029888588123784196,0.18309853971004486,0.12813091278076172,0.1230158731341362,0.0793650820851326,0.920634925365448
2025-04,2025-04-01,2025-04-30,2023-04-01,2025-03-04,6465,2025-04-30,4,-0.00029888588123784196,0.19863010942935944,0.1436624825000763,0.1230158731341362,0.0793650820851326,0.920634925365448
2025-04,2025-04-01,2025-04-30,2023-04-01,2025-03-04,1457,2025-04-30,5,-0.00029888588123784196,0.04411764815449715,-0.010849975980818272,0.1230158731341362,0.0793650820851326,0.920634925365448
2025-04,2025-04-01,2025-04-30,2023-04-01,2025-03-04,2314,2025-04-30,6,-0.00029888588123784196,-0.24566206336021423,-0.3006296753883362,0.1230158731341362,0.0793650820851326,0.920634925365448
2025-04,2025-04-01,2025-04-30,2023-04-01,2025-03-04,6823,2025-04-30,7,-0.00029888588123784196,-0.013086117804050446,-0.06805374473333359,0.1230158731341362,0.0793650820851326,0.920634925365448
2025-04,2025-04-01,2025-04-30,2023-04-01,2025-03-04,6443,2025-04-30,8,-0.00029888588123784196,-0.01582278497517109,-0.07079041004180908,0.1230158731341362,0.0793650820851326,0.920634925365448
2025-04,2025-04-01,2025-04-30,2023-04-01,2025-03-04,2485,2025-04-30,9,-0.00029888588123784196,0.016806786879897118,-0.038160838186740875,0.1230158731341362,0.0793650820851326,0.920634925365448
2025-04,2025-04-01,2025-04-30,2023-04-01,2025-03-04,2498,2025-04-30,10,-0.00029888588123784196,-0.007662912830710411,-0.0626305341720581,0.1230158731341362,0.0793650820851326,0.920634925365448
2025-04,2025-04-01,2025-04-30,2023-04-01,2025-03-04,4540,2025-04-30,11,-0.00029888588123784196,-0.00731705455109477,-0.0622846782207489,0.1230158731341362,0.0793650820851326,0.920634925365448
2025-04,2025-04-01,2025-04-30,2023-04-01,2025-03-04,4934,2025-04-30,12,-0.00029888588123784196,0.18811877071857452,0.13315114378929138,0.1230158731341362,0.0793650820851326,0.920634925365448
2025-04,2025-04-01,2025-04-30,2023-04-01,2025-03-04,3625,2025-04-30,13,-0.00029888588123784196,0.0,-0.054967623203992844,0.1230158731341362,0.0793650820851326,0.920634925365448
2025-04,2025-04-01,2025-04-30,2023-04-01,2025-03-04,4108,2025-04-30,14,-0.00029888588123784196,0.13584907352924347,0.08088144659996033,0.1230158731341362,0.0793650820851326,0.920634925365448
2025-04,2025-04-01,2025-04-30,2023-04-01,2025-03-04,3518,2025-04-30,15,-0.00029888588123784196,-0.06685240566730499,-0.12182003259658813,0.1230158731341362,0.0793650820851326,0.920634925365448
2025-04,2025-04-01,2025-04-30,2023-04-01,2025-03-04,3094,2025-04-30,16,-0.00029888588123784196,0.07216499745845795,0.017197374254465103,0.1230158731341362,0.0793650820851326,0.920634925365448
2025-04,2025-04-01,2025-04-30,2023-04-01,2025-03-04,8038,2025-04-30,17,-0.00029888588123784196,0.40186917781829834,0.3469015657901764,0.1230158731341362,0.0793650820851326,0.920634925365448
2025-04,2025-04-01,2025-04-30,2023-04-01,2025-03-04,1529,2025-04-30,18,-0.0011882580256124627,0.28131869435310364,0.2263510674238205,0.1230158731341362,0.0793650820851326,0.920634925365448
2025-04,2025-04-01,2025-04-30,2023-04-01,2025-03-04,1515,2025-04-30,19,-0.0011882580256124627,-0.03492062911391258,-0.08988825231790543,0.1230158731341362,0.0793650820851326,0.920634925365448
2025-04,2025-04-01,2025-04-30,2023-04-01,2025-03-04,1436,2025-04-30,20,-0.0011882580256124627,-0.004184108227491379,-0.05915173143148422,0.1230158731341362,0.0793650820851326,0.920634925365448
2025-04,2025-04-01,2025-04-30,2023-04-01,2025-03-04,3260,2025-04-30,21,-0.0011882580256124627,0.09176478534936905,0.036797162145376205,0.1230158731341362,0.0793650820851326,0.920634925365448
2025-04,2025-04-01,2025-04-30,2023-04-01,2025-03-04,3189,2025-04-30,22,-0.0011882580256124627,0.070773184299469,0.01580556109547615,0.1230158731341362,0.0793650820851326,0.920634925365448
2025-04,2025-04-01,2025-04-30,2023-04-01,2025-03-04,3041,2025-04-30,23,-0.0011882580256124627,-0.044526927173137665,-0.0994945541024208,0.1230158731341362,0.0793650820851326,0.920634925365448
2025-04,2025-04-01,2025-04-30,2023-04-01,2025-03-04,8033,2025-04-30,24,-0.0011882580256124627,-0.07840002328157425,-0.1333676427602768,0.1230158731341362,0.0793650820851326,0.920634925365448
2025-04,2025-04-01,2025-04-30,2023-04-01,2025-03-04,1325,2025-04-30,25,-0.0011882580256124627,0.35494890809059143,0.2999812960624695,0.1230158731341362,0.0793650820851326,0.920634925365448
2025-04,2025-04-01,2025-04-30,2023-04-01,2025-03-04,9955,2025-04-30,26,-0.0011882580256124627,-0.0732899010181427,-0.12825752794742584,0.1230158731341362,0.0793650820851326,0.920634925365448
2025-04,2025-04-01,2025-04-30,2023-04-01,2025-03-04,9921,2025-04-30,27,-0.0011882580256124627,-0.0881226435303688,-0.14309026300907135,0.1230158731341362,0.0793650820851326,0.920634925365448
2025-04,2025-04-01,2025-04-30,2023-04-01,2025-03-04,9919,2025-04-30,28,-0.0011882580256124627,0.20857147872447968,0.15360385179519653,0.1230158731341362,0.0793650820851326,0.920634925365448
2025-04,2025-04-01,2025-04-30,2023-04-01,2025-03-04,9910,2025-04-30,29,-0.0011882580256124627,0.07999999076128006,0.025032367557287216,0.1230158731341362,0.0793650820851326,0.920634925365448
2025-04,2025-04-01,2025-04-30,2023-04-01,2025-03-04,9904,2025-04-30,30,-0.0011882580256124627,-0.04732825979590416,-0.102295882999897,0.1230158731341362,0.0793650820851326,0.920634925365448
2025-05,2025-05-01,2025-05-31,2023-05-01,2025-04-01,6919,2025-05-29,1,0.024634515599991937,0.5222349166870117,0.46448618173599243,0.761904776096344,0.5952380895614624,0.6507936716079712
2025-05,2025-05-01,2025-05-31,2023-05-01,2025-04-01,4934,2025-05-29,2,0.02358760289583582,-0.03749998286366463,-0.09524870663881302,0.761904776096344,0.5952380895614624,0.6507936716079712
2025-05,2025-05-01,2025-05-31,2023-05-01,2025-04-01,6405,2025-05-29,3,0.017934788501225825,0.002020197222009301,-0.055728521198034286,0.761904776096344,0.5952380895614624,0.6507936716079712
2025-05,2025-05-01,2025-05-31,2023-05-01,2025-04-01,3059,2025-05-29,4,0.017078636984625237,-0.004981338977813721,-0.06273005902767181,0.761904776096344,0.5952380895614624,0.6507936716079712
2025-05,2025-05-01,2025-05-31,2023-05-01,2025-04-01,4956,2025-05-29,5,0.014185792730548609,0.011583056300878525,-0.04616566374897957,0.761904776096344,0.5952380895614624,0.6507936716079712
2025-05,2025-05-01,2025-05-31,2023-05-01,2025-04-01,2323,2025-05-29,6,0.014185792730548609,-0.00981594156473875,-0.06756465882062912,0.761904776096344,0.5952380895614624,0.6507936716079712
2025-05,2025-05-01,2025-05-31,2023-05-01,2025-04-01,6657,2025-05-29,7,0.009549796146344365,0.008683046326041222,-0.04906567558646202,0.761904776096344,0.5952380895614624,0.6507936716079712
2025-05,2025-05-01,2025-05-31,2023-05-01,2025-04-01,1903,2025-05-29,8,0.008772316781357243,-0.051612917333841324,-0.10936164110898972,0.761904776096344,0.5952380895614624,0.6507936716079712
2025-05,2025-05-01,2025-05-31,2023-05-01,2025-04-01,8059,2025-05-29,9,0.006993091163836196,0.020467858761548996,-0.0372808612883091,0.761904776096344,0.5952380895614624,0.6507936716079712
2025-05,2025-05-01,2025-05-31,2023-05-01,2025-04-01,2102,2025-05-29,10,0.0041956710455346696,0.02657001093029976,-0.031178709119558334,0.761904776096344,0.5952380895614624,0.6507936716079712
2025-05,2025-05-01,2025-05-31,2023-05-01,2025-04-01,6596,2025-05-29,11,0.0022568420023934966,0.13725490868091583,0.07950618863105774,0.761904776096344,0.5952380895614624,0.6507936716079712
2025-05,2025-05-01,2025-05-31,2023-05-01,2025-04-01,5302,2025-05-29,12,0.0004327051377681514,-0.02664797380566597,-0.08439669758081436,0.761904776096344,0.5952380895614624,0.6507936716079712
2025-05,2025-05-01,2025-05-31,2023-05-01,2025-04-01,4142,2025-05-29,13,-0.00034973143793105366,-0.11052633821964264,-0.16827505826950073,0.761904776096344,0.5952380895614624,0.6507936716079712
2025-05,2025-05-01,2025-05-31,2023-05-01,2025-04-01,1815,2025-05-29,14,-0.0005569174947299493,0.014367816038429737,-0.04338090494275093,0.761904776096344,0.5952380895614624,0.6507936716079712
2025-05,2025-05-01,2025-05-31,2023-05-01,2025-04-01,7751,2025-05-29,15,-0.0005995250037970134,0.23208646476268768,0.1743377447128296,0.761904776096344,0.5952380895614624,0.6507936716079712
2025-05,2025-05-01,2025-05-31,2023-05-01,2025-04-01,6499,2025-05-29,16,-0.0007167291485882199,0.13901345431804657,0.08126473426818848,0.761904776096344,0.5952380895614624,0.6507936716079712
2025-05,2025-05-01,2025-05-31,2023-05-01,2025-04-01,6909,2025-05-29,17,-0.0008144503681826853,-0.12020201981067657,-0.17795073986053467,0.761904776096344,0.5952380895614624,0.6507936716079712
2025-05,2025-05-01,2025-05-31,2023-05-01,2025-04-01,3379,2025-05-29,18,-0.0010104283862610334,0.02185799553990364,-0.03589072450995445,0.761904776096344,0.5952380895614624,0.6507936716079712
2025-05,2025-05-01,2025-05-31,2023-05-01,2025-04-01,3054,2025-05-29,19,-0.001116406761415347,0.03463200107216835,-0.023116718977689743,0.761904776096344,0.5952380895614624,0.6507936716079712
2025-05,2025-05-01,2025-05-31,2023-05-01,2025-04-01,4108,2025-05-29,20,-0.0014107821529396954,-0.07308972626924515,-0.13083845376968384,0.761904776096344,0.5952380895614624,0.6507936716079712
2025-05,2025-05-01,2025-05-31,2023-05-01,2025-04-01,2727,2025-05-29,21,-0.0015657694238417716,0.0039682574570178986,-0.053780462592840195,0.761904776096344,0.5952380895614624,0.6507936716079712
2025-05,2025-05-01,2025-05-31,2023-05-01,2025-04-01,3219,2025-05-29,22,-0.0021161654581636404,-0.1939130425453186,-0.2516617774963379,0.761904776096344,0.5952380895614624,0.6507936716079712
2025-05,2025-05-01,2025-05-31,2023-05-01,2025-04-01,6141,2025-05-29,23,-0.002228368381673693,0.04621850326657295,-0.011530216783285141,0.761904776096344,0.5952380895614624,0.6507936716079712
2025-05,2025-05-01,2025-05-31,2023-05-01,2025-04-01,5484,2025-05-29,24,-0.0023478214768033554,-0.10913409292697906,-0.16688281297683716,0.761904776096344,0.5952380895614624,0.6507936716079712
2025-05,2025-05-01,2025-05-31,2023-05-01,2025-04-01,4129,2025-05-29,25,-0.0024086700706020107,-0.0236966572701931,-0.08144538104534149,0.761904776096344,0.5952380895614624,0.6507936716079712
2025-05,2025-05-01,2025-05-31,2023-05-01,2025-04-01,6510,2025-05-29,26,-0.0024371497797685687,-0.05340908467769623,-0.11115780472755432,0.761904776096344,0.5952380895614624,0.6507936716079712
2025-05,2025-05-01,2025-05-31,2023-05-01,2025-04-01,6462,2025-05-29,27,-0.0024917197551619173,0.2779552638530731,0.22020654380321503,0.761904776096344,0.5952380895614624,0.6507936716079712
2025-05,2025-05-01,2025-05-31,2023-05-01,2025-04-01,5490,2025-05-29,28,-0.0025399792047682327,-0.1003289595246315,-0.1580776870250702,0.761904776096344,0.5952380895614624,0.6507936716079712
2025-05,2025-05-01,2025-05-31,2023-05-01,2025-04-01,2838,2025-05-29,29,-0.0026556860615500532,0.06194693595170975,0.004198215901851654,0.761904776096344,0.5952380895614624,0.6507936716079712
2025-05,2025-05-01,2025-05-31,2023-05-01,2025-04-01,2884,2025-05-29,30,-0.0026895881703305653,0.11486479640007019,0.0571160763502121,0.761904776096344,0.5952380895614624,0.6507936716079712
2025-06,2025-06-01,2025-06-30,2023-06-01,2025-05-02,6919,2025-06-30,1,0.09830402392986969,-0.08239700645208359,-0.13438118994235992,0.817460298538208,0.908730149269104,0.488095223903656
2025-06,2025-06-01,2025-06-30,2023-06-01,2025-05-02,7751,2025-06-30,2,0.0421370801800703,0.06459054350852966,0.01260636281222105,0.817460298538208,0.908730149269104,0.488095223903656
2025-06,2025-06-01,2025-06-30,2023-06-01,2025-05-02,6739,2025-06-30,3,0.04073487251381732,0.2628726363182068,0.21088846027851105,0.817460298538208,0.908730149269104,0.488095223903656
2025-06,2025-06-01,2025-06-30,2023-06-01,2025-05-02,2404,2025-06-30,4,0.039429005328078616,0.30394792556762695,0.25196373462677,0.817460298538208,0.908730149269104,0.488095223903656
2025-06,2025-06-01,2025-06-30,2023-06-01,2025-05-02,5274,2025-06-30,5,0.03147400204165773,-0.06979166716337204,-0.12177585065364838,0.817460298538208,0.908730149269104,0.488095223903656
2025-06,2025-06-01,2025-06-30,2023-06-01,2025-05-02,6405,2025-06-30,6,0.03073377294512621,-0.010202927514910698,-0.062187109142541885,0.817460298538208,0.908730149269104,0.488095223903656
2025-06,2025-06-01,2025-06-30,2023-06-01,2025-05-02,6596,2025-06-30,7,0.03070643269591025,-0.11589404195547104,-0.16787822544574738,0.817460298538208,0.908730149269104,0.488095223903656
2025-06,2025-06-01,2025-06-30,2023-06-01,2025-05-02,7547,2025-06-30,8,0.029157182238611253,0.32945412397384644,0.2774699330329895,0.817460298538208,0.908730149269104,0.488095223903656
2025-06,2025-06-01,2025-06-30,2023-06-01,2025-05-02,2883,2025-06-30,9,0.02766411672991999,0.013333320617675781,-0.03865085914731026,0.817460298538208,0.908730149269104,0.488095223903656
2025-06,2025-06-01,2025-06-30,2023-06-01,2025-05-02,3030,2025-06-30,10,0.024383618423898672,0.013605441898107529,-0.03837873786687851,0.817460298538208,0.908730149269104,0.488095223903656
2025-06,2025-06-01,2025-06-30,2023-06-01,2025-05-02,2379,2025-06-30,11,0.022653724276664754,0.01587301678955555,-0.03611116483807564,0.817460298538208,0.908730149269104,0.488095223903656
2025-06,2025-06-01,2025-06-30,2023-06-01,2025-05-02,2360,2025-06-30,12,0.019687852386420145,-0.07683616131544113,-0.12882034480571747,0.817460298538208,0.908730149269104,0.488095223903656
2025-06,2025-06-01,2025-06-30,2023-06-01,2025-05-02,3685,2025-06-30,13,0.01957327859411241,-0.03043481521308422,-0.08241899311542511,0.817460298538208,0.908730149269104,0.488095223903656
2025-06,2025-06-01,2025-06-30,2023-06-01,2025-05-02,3167,2025-06-30,14,0.019570767183745244,0.2889733910560608,0.23698921501636505,0.817460298538208,0.908730149269104,0.488095223903656
2025-06,2025-06-01,2025-06-30,2023-06-01,2025-05-02,2474,2025-06-30,15,0.018979817442902103,0.052263449877500534,0.0002792693267110735,0.817460298538208,0.908730149269104,0.488095223903656
2025-06,2025-06-01,2025-06-30,2023-06-01,2025-05-02,2466,2025-06-30,16,0.01811687675768245,-0.08361973613500595,-0.1356039196252823,0.817460298538208,0.908730149269104,0.488095223903656
2025-06,2025-06-01,2025-06-30,2023-06-01,2025-05-02,6667,2025-06-30,17,0.018035362119636945,0.1027650386095047,0.05078085884451866,0.817460298538208,0.908730149269104,0.488095223903656
2025-06,2025-06-01,2025-06-30,2023-06-01,2025-05-02,5302,2025-06-30,18,0.017277388201689406,0.005780341103672981,-0.046203840523958206,0.817460298538208,0.908730149269104,0.488095223903656
2025-06,2025-06-01,2025-06-30,2023-06-01,2025-05-02,3056,2025-06-30,19,0.01642282670278458,0.026825694367289543,-0.025158485397696495,0.817460298538208,0.908730149269104,0.488095223903656
2025-06,2025-06-01,2025-06-30,2023-06-01,2025-05-02,2547,2025-06-30,20,0.015019817034544096,-0.014795147813856602,-0.06677933037281036,0.817460298538208,0.908730149269104,0.488095223903656
2025-06,2025-06-01,2025-06-30,2023-06-01,2025-05-02,1416,2025-06-30,21,0.014628325932841222,0.00423730444163084,-0.04774687439203262,0.817460298538208,0.908730149269104,0.488095223903656
2025-06,2025-06-01,2025-06-30,2023-06-01,2025-05-02,1616,2025-06-30,22,0.014037082468604424,-0.07789742201566696,-0.1298816055059433,0.817460298538208,0.908730149269104,0.488095223903656
2025-06,2025-06-01,2025-06-30,2023-06-01,2025-05-02,3163,2025-06-30,23,0.013841530086618061,-0.0379403792321682,-0.08992455899715424,0.817460298538208,0.908730149269104,0.488095223903656
2025-06,2025-06-01,2025-06-30,2023-06-01,2025-05-02,6209,2025-06-30,24,0.013107454608559766,0.003952584229409695,-0.04803159460425377,0.817460298538208,0.908730149269104,0.488095223903656
2025-06,2025-06-01,2025-06-30,2023-06-01,2025-05-02,6788,2025-06-30,25,0.012513233317810983,0.1101871132850647,0.05820293352007866,0.817460298538208,0.908730149269104,0.488095223903656
2025-06,2025-06-01,2025-06-30,2023-06-01,2025-05-02,4166,2025-06-30,26,0.012218541809687984,-0.01488495897501707,-0.06686913967132568,0.817460298538208,0.908730149269104,0.488095223903656
2025-06,2025-06-01,2025-06-30,2023-06-01,2025-05-02,7749,2025-06-30,27,0.01192070792689465,-0.16565349698066711,-0.21763767302036285,0.817460298538208,0.908730149269104,0.488095223903656
2025-06,2025-06-01,2025-06-30,2023-06-01,2025-05-02,3043,2025-06-30,28,0.01176183152034339,-0.01739128865301609,-0.06937547028064728,0.817460298538208,0.908730149269104,0.488095223903656
2025-06,2025-06-01,2025-06-30,2023-06-01,2025-05-02,2383,2025-06-30,29,0.010475279677857033,0.14653243124485016,0.09454824775457382,0.817460298538208,0.908730149269104,0.488095223903656
2025-06,2025-06-01,2025-06-30,2023-06-01,2025-05-02,8422,2025-06-30,30,0.010281729798960491,0.0357142873108387,-0.01626989245414734,0.817460298538208,0.908730149269104,0.488095223903656
2025-07,2025-07-01,2025-07-31,2023-07-01,2025-06-03,2883,2025-07-31,1,-0.0017304016027850436,0.00660068541765213,-0.022874906659126282,0.7579365372657776,0.8769841194152832,0.5753968358039856
2025-07,2025-07-01,2025-07-31,2023-07-01,2025-06-03,3035,2025-07-31,2,-0.0024096897319226458,0.01607717014849186,-0.013398420996963978,0.7579365372657776,0.8769841194152832,0.5753968358039856
2025-07,2025-07-01,2025-07-31,2023-07-01,2025-06-03,5508,2025-07-31,3,-0.0024096897319226458,-0.07487311214208603,-0.10434870421886444,0.7579365372657776,0.8769841194152832,0.5753968358039856
2025-07,2025-07-01,2025-07-31,2023-07-01,2025-06-03,4933,2025-07-31,4,-0.0024096897319226458,0.007936508394777775,-0.021539082750678062,0.7579365372657776,0.8769841194152832,0.5753968358039856
2025-07,2025-07-01,2025-07-31,2023-07-01,2025-06-03,3310,2025-07-31,5,-0.0024096897319226458,0.012403148226439953,-0.017072442919015884,0.7579365372657776,0.8769841194152832,0.5753968358039856
2025-07,2025-07-01,2025-07-31,2023-07-01,2025-06-03,2258,2025-07-31,6,-0.0027468396609651256,0.0037500381004065275,-0.025725552812218666,0.7579365372657776,0.8769841194152832,0.5753968358039856
2025-07,2025-07-01,2025-07-31,2023-07-01,2025-06-03,2360,2025-07-31,7,-0.004195856524220491,0.21167883276939392,0.1822032481431961,0.7579365372657776,0.8769841194152832,0.5753968358039856
2025-07,2025-07-01,2025-07-31,2023-07-01,2025-06-03,2345,2025-07-31,8,-0.004195856524220491,0.15867580473423004,0.12920022010803223,0.7579365372657776,0.8769841194152832,0.5753968358039856
2025-07,2025-07-01,2025-07-31,2023-07-01,2025-06-03,4303,2025-07-31,9,-0.004195856524220491,-0.1629629284143448,-0.1924385130405426,0.7579365372657776,0.8769841194152832,0.5753968358039856
2025-07,2025-07-01,2025-07-31,2023-07-01,2025-06-03,2327,2025-07-31,10,-0.004195856524220491,0.04887218028306961,0.0193965882062912,0.7579365372657776,0.8769841194152832,0.5753968358039856
2025-07,2025-07-01,2025-07-31,2023-07-01,2025-06-03,2236,2025-07-31,11,-0.004195856524220491,0.05538143217563629,0.02590584009885788,0.7579365372657776,0.8769841194152832,0.5753968358039856
2025-07,2025-07-01,2025-07-31,2023-07-01,2025-06-03,6579,2025-07-31,12,-0.004195856524220491,0.03305784985423088,0.0035822584759444,0.7579365372657776,0.8769841194152832,0.5753968358039856
2025-07,2025-07-01,2025-07-31,2023-07-01,2025-06-03,4166,2025-07-31,13,-0.004195856524220491,-0.30591636896133423,-0.33539196848869324,0.7579365372657776,0.8769841194152832,0.5753968358039856
2025-07,2025-07-01,2025-07-31,2023-07-01,2025-06-03,3653,2025-07-31,14,-0.004195856524220491,0.5518518686294556,0.522376298904419,0.7579365372657776,0.8769841194152832,0.5753968358039856
2025-07,2025-07-01,2025-07-31,2023-07-01,2025-06-03,1808,2025-07-31,15,-0.004195856524220491,-0.021138198673725128,-0.05061379075050354,0.7579365372657776,0.8769841194152832,0.5753968358039856
2025-07,2025-07-01,2025-07-31,2023-07-01,2025-06-03,6781,2025-07-31,16,-0.004195856524220491,0.1489361673593521,0.1194605752825737,0.7579365372657776,0.8769841194152832,0.5753968358039856
2025-07,2025-07-01,2025-07-31,2023-07-01,2025-06-03,6186,2025-07-31,17,-0.004195856524220491,-0.027320152148604393,-0.056795742362737656,0.7579365372657776,0.8769841194152832,0.5753968358039856
2025-07,2025-07-01,2025-07-31,2023-07-01,2025-06-03,6203,2025-07-31,18,-0.004195856524220491,-0.06032171845436096,-0.08979731053113937,0.7579365372657776,0.8769841194152832,0.5753968358039856
2025-07,2025-07-01,2025-07-31,2023-07-01,2025-06-03,5269,2025-07-31,19,-0.004195856524220491,-0.1383811980485916,-0.16785678267478943,0.7579365372657776,0.8769841194152832,0.5753968358039856
2025-07,2025-07-01,2025-07-31,2023-07-01,2025-06-03,3017,2025-07-31,20,-0.004195856524220491,0.12578582763671875,0.09631023555994034,0.7579365372657776,0.8769841194152832,0.5753968358039856
2025-07,2025-07-01,2025-07-31,2023-07-01,2025-06-03,6596,2025-07-31,21,-0.004195856524220491,0.2619926333427429,0.2325170487165451,0.7579365372657776,0.8769841194152832,0.5753968358039856
2025-07,2025-07-01,2025-07-31,2023-07-01,2025-06-03,5274,2025-07-31,22,-0.004195856524220491,0.07073955237865448,0.04126396030187607,0.7579365372657776,0.8769841194152832,0.5753968358039856
2025-07,2025-07-01,2025-07-31,2023-07-01,2025-06-03,3048,2025-07-31,23,-0.004195856524220491,0.4883268177509308,0.4588512182235718,0.7579365372657776,0.8769841194152832,0.5753968358039856
2025-07,2025-07-01,2025-07-31,2023-07-01,2025-06-03,4536,2025-07-31,24,-0.004195856524220491,0.04407713562250137,0.014601544477045536,0.7579365372657776,0.8769841194152832,0.5753968358039856
2025-07,2025-07-01,2025-07-31,2023-07-01,2025-06-03,5213,2025-07-31,25,-0.004195856524220491,-0.06716415286064148,-0.09663974493741989,0.7579365372657776,0.8769841194152832,0.5753968358039856
2025-07,2025-07-01,2025-07-31,2023-07-01,2025-06-03,4763,2025-07-31,26,-0.004195856524220491,-0.060489024966955185,-0.0899646133184433,0.7579365372657776,0.8769841194152832,0.5753968358039856
2025-07,2025-07-01,2025-07-31,2023-07-01,2025-06-03,8299,2025-07-31,27,-0.004195856524220491,-0.05780346691608429,-0.0872790589928627,0.7579365372657776,0.8769841194152832,0.5753968358039856
2025-07,2025-07-01,2025-07-31,2023-07-01,2025-06-03,8932,2025-07-31,28,-0.004195856524220491,0.3951367735862732,0.3656611740589142,0.7579365372657776,0.8769841194152832,0.5753968358039856
2025-07,2025-07-01,2025-07-31,2023-07-01,2025-06-03,8114,2025-07-31,29,-0.004195856524220491,0.08284023404121399,0.05336464196443558,0.7579365372657776,0.8769841194152832,0.5753968358039856
2025-07,2025-07-01,2025-07-31,2023-07-01,2025-06-03,8938,2025-07-31,30,-0.004195856524220491,-0.07894735038280487,-0.10842294245958328,0.7579365372657776,0.8769841194152832,0.5753968358039856
2025-08,2025-08-01,2025-08-31,2023-08-01,2025-07-04,6919,2025-08-29,1,0.016254130692535774,-0.0911330059170723,-0.14672724902629852,0.64682537317276,0.773809552192688,0.7976190447807312
2025-08,2025-08-01,2025-08-31,2023-08-01,2025-07-04,8038,2025-08-29,2,0.006456760163114933,-0.1199999749660492,-0.17559421062469482,0.64682537317276,0.773809552192688,0.7976190447807312
2025-08,2025-08-01,2025-08-31,2023-08-01,2025-07-04,6727,2025-08-29,3,0.0033170863230526752,-0.19191919267177582,-0.24751342833042145,0.64682537317276,0.773809552192688,0.7976190447807312
2025-08,2025-08-01,2025-08-31,2023-08-01,2025-07-04,8935,2025-08-29,4,0.0018124380337996727,-0.08518515527248383,-0.14077939093112946,0.64682537317276,0.773809552192688,0.7976190447807312
2025-08,2025-08-01,2025-08-31,2023-08-01,2025-07-04,3508,2025-08-29,5,0.0018124380337996727,-0.11964286863803864,-0.17523710429668427,0.64682537317276,0.773809552192688,0.7976190447807312
2025-08,2025-08-01,2025-08-31,2023-08-01,2025-07-04,3131,2025-08-29,6,0.0007754798300036959,-0.013289036229252815,-0.06888327747583389,0.64682537317276,0.773809552192688,0.7976190447807312
2025-08,2025-08-01,2025-08-31,2023-08-01,2025-07-04,5475,2025-08-29,7,-0.00021220433405004166,0.20312505960464478,0.14753082394599915,0.64682537317276,0.773809552192688,0.7976190447807312
2025-08,2025-08-01,2025-08-31,2023-08-01,2025-07-04,3217,2025-08-29,8,-0.0003437979742362792,-0.02593659982085228,-0.08153083920478821,0.64682537317276,0.773809552192688,0.7976190447807312
2025-08,2025-08-01,2025-08-31,2023-08-01,2025-07-04,1815,2025-08-29,9,-0.0003437979742362792,-0.1505376398563385,-0.20613187551498413,0.64682537317276,0.773809552192688,0.7976190447807312
2025-08,2025-08-01,2025-08-31,2023-08-01,2025-07-04,3149,2025-08-29,10,-0.000778418276215798,0.04060909524559975,-0.014985142275691032,0.64682537317276,0.773809552192688,0.7976190447807312
2025-08,2025-08-01,2025-08-31,2023-08-01,2025-07-04,3205,2025-08-29,11,-0.000778418276215798,-0.06896551698446274,-0.12455975264310837,0.64682537317276,0.773809552192688,0.7976190447807312
2025-08,2025-08-01,2025-08-31,2023-08-01,2025-07-04,3211,2025-08-29,12,-0.000778418276215798,-0.008403361774981022,-0.06399759650230408,0.64682537317276,0.773809552192688,0.7976190447807312
2025-08,2025-08-01,2025-08-31,2023-08-01,2025-07-04,3081,2025-08-29,13,-0.000778418276215798,-0.07306889444589615,-0.12866313755512238,0.64682537317276,0.773809552192688,0.7976190447807312
2025-08,2025-08-01,2025-08-31,2023-08-01,2025-07-04,1802,2025-08-29,14,-0.000778418276215798,-0.24312590062618256,-0.2987201511859894,0.64682537317276,0.773809552192688,0.7976190447807312
2025-08,2025-08-01,2025-08-31,2023-08-01,2025-07-04,2455,2025-08-29,15,-0.000778418276215798,-0.025316456332802773,-0.08091069757938385,0.64682537317276,0.773809552192688,0.7976190447807312
2025-08,2025-08-01,2025-08-31,2023-08-01,2025-07-04,2498,2025-08-29,16,-0.000778418276215798,-0.17499998211860657,-0.2305942177772522,0.64682537317276,0.773809552192688,0.7976190447807312
2025-08,2025-08-01,2025-08-31,2023-08-01,2025-07-04,2406,2025-08-29,17,-0.000778418276215798,-0.07954545319080353,-0.13513968884944916,0.64682537317276,0.773809552192688,0.7976190447807312
2025-08,2025-08-01,2025-08-31,2023-08-01,2025-07-04,2330,2025-08-29,18,-0.000778418276215798,0.1304347813129425,0.07484054565429688,0.64682537317276,0.773809552192688,0.7976190447807312
2025-08,2025-08-01,2025-08-31,2023-08-01,2025-07-04,2481,2025-08-29,19,-0.000778418276215798,0.08229806274175644,0.02670382522046566,0.64682537317276,0.773809552192688,0.7976190447807312
2025-08,2025-08-01,2025-08-31,2023-08-01,2025-07-04,3189,2025-08-29,20,-0.000778418276215798,-0.07488986849784851,-0.13048410415649414,0.64682537317276,0.773809552192688,0.7976190447807312
2025-08,2025-08-01,2025-08-31,2023-08-01,2025-07-04,1773,2025-08-29,21,-0.000778418276215798,-0.05673758685588837,-0.112331822514534,0.64682537317276,0.773809552192688,0.7976190447807312
2025-08,2025-08-01,2025-08-31,2023-08-01,2025-07-04,1727,2025-08-29,22,-0.000778418276215798,-0.1541307121515274,-0.20972494781017303,0.64682537317276,0.773809552192688,0.7976190447807312
2025-08,2025-08-01,2025-08-31,2023-08-01,2025-07-04,1717,2025-08-29,23,-0.000778418276215798,-0.09523802995681763,-0.15083226561546326,0.64682537317276,0.773809552192688,0.7976190447807312
2025-08,2025-08-01,2025-08-31,2023-08-01,2025-07-04,1560,2025-08-29,24,-0.000778418276215798,-0.07082153111696243,-0.12641577422618866,0.64682537317276,0.773809552192688,0.7976190447807312
2025-08,2025-08-01,2025-08-31,2023-08-01,2025-07-04,3167,2025-08-29,25,-0.000778418276215798,-0.17339667677879333,-0.22899091243743896,0.64682537317276,0.773809552192688,0.7976190447807312
2025-08,2025-08-01,2025-08-31,2023-08-01,2025-07-04,3163,2025-08-29,26,-0.000778418276215798,-0.15060241520404816,-0.2061966508626938,0.64682537317276,0.773809552192688,0.7976190447807312
2025-08,2025-08-01,2025-08-31,2023-08-01,2025-07-04,2449,2025-08-29,27,-0.000778418276215798,-0.040123455226421356,-0.09571769088506699,0.64682537317276,0.773809552192688,0.7976190447807312
2025-08,2025-08-01,2025-08-31,2023-08-01,2025-07-04,2233,2025-08-29,28,-0.000778418276215798,-0.2043222039937973,-0.2599164545536041,0.64682537317276,0.773809552192688,0.7976190447807312
2025-08,2025-08-01,2025-08-31,2023-08-01,2025-07-04,2231,2025-08-29,29,-0.000778418276215798,0.06422018259763718,0.008625945076346397,0.64682537317276,0.773809552192688,0.7976190447807312
2025-08,2025-08-01,2025-08-31,2023-08-01,2025-07-04,2352,2025-08-29,30,-0.000778418276215798,0.16724735498428345,0.11165311932563782,0.64682537317276,0.773809552192688,0.7976190447807312
2025-09,2025-09-01,2025-09-30,2023-09-01,2025-08-04,6706,2025-09-30,1,-0.002921641440619471,-0.21655327081680298,-0.30999866127967834,0.8134920597076416,0.817460298538208,0.2142857164144516
2025-09,2025-09-01,2025-09-30,2023-09-01,2025-08-04,1527,2025-09-30,2,-0.004350165201905496,0.0,-0.09344539791345596,0.8134920597076416,0.817460298538208,0.2142857164144516
2025-09,2025-09-01,2025-09-30,2023-09-01,2025-08-04,1528,2025-09-30,3,-0.004350165201905496,-0.08306704461574554,-0.1765124350786209,0.8134920597076416,0.817460298538208,0.2142857164144516
2025-09,2025-09-01,2025-09-30,2023-09-01,2025-08-04,1529,2025-09-30,4,-0.004350165201905496,-0.04506434500217438,-0.13850973546504974,0.8134920597076416,0.817460298538208,0.2142857164144516
2025-09,2025-09-01,2025-09-30,2023-09-01,2025-08-04,1532,2025-09-30,5,-0.004350165201905496,-0.04718690738081932,-0.14063230156898499,0.8134920597076416,0.817460298538208,0.2142857164144516
2025-09,2025-09-01,2025-09-30,2023-09-01,2025-08-04,1533,2025-09-30,6,-0.004350165201905496,-0.06800615042448044,-0.1614515483379364,0.8134920597076416,0.817460298538208,0.2142857164144516
2025-09,2025-09-01,2025-09-30,2023-09-01,2025-08-04,1536,2025-09-30,7,-0.004350165201905496,-0.06003158539533615,-0.15347698330879211,0.8134920597076416,0.817460298538208,0.2142857164144516
2025-09,2025-09-01,2025-09-30,2023-09-01,2025-08-04,1540,2025-09-30,8,-0.004350165201905496,-0.09163351356983185,-0.18507890403270721,0.8134920597076416,0.817460298538208,0.2142857164144516
2025-09,2025-09-01,2025-09-30,2023-09-01,2025-08-04,1504,2025-09-30,9,-0.004350165201905496,0.22502630949020386,0.1315809190273285,0.8134920597076416,0.817460298538208,0.2142857164144516
2025-09,2025-09-01,2025-09-30,2023-09-01,2025-08-04,1506,2025-09-30,10,-0.004350165201905496,-0.04633200168609619,-0.13977739214897156,0.8134920597076416,0.817460298538208,0.2142857164144516
2025-09,2025-09-01,2025-09-30,2023-09-01,2025-08-04,1513,2025-09-30,11,-0.004350165201905496,-0.01923076994717121,-0.11267616599798203,0.8134920597076416,0.817460298538208,0.2142857164144516
2025-09,2025-09-01,2025-09-30,2023-09-01,2025-08-04,1514,2025-09-30,12,-0.004350165201905496,0.07804878056049347,-0.015396617352962494,0.8134920597076416,0.817460298538208,0.2142857164144516
2025-09,2025-09-01,2025-09-30,2023-09-01,2025-08-04,1515,2025-09-30,13,-0.004350165201905496,-0.03832753747701645,-0.1317729353904724,0.8134920597076416,0.817460298538208,0.2142857164144516
2025-09,2025-09-01,2025-09-30,2023-09-01,2025-08-04,3054,2025-09-30,14,-0.004350165201905496,-0.00809719692915678,-0.10154259204864502,0.8134920597076416,0.817460298538208,0.2142857164144516
2025-09,2025-09-01,2025-09-30,2023-09-01,2025-08-04,3036,2025-09-30,15,-0.004350165201905496,0.014184396713972092,-0.07926099747419357,0.8134920597076416,0.817460298538208,0.2142857164144516
2025-09,2025-09-01,2025-09-30,2023-09-01,2025-08-04,3021,2025-09-30,16,-0.004350165201905496,-0.02228420600295067,-0.11572960019111633,0.8134920597076416,0.817460298538208,0.2142857164144516
2025-09,2025-09-01,2025-09-30,2023-09-01,2025-08-04,3022,2025-09-30,17,-0.004350165201905496,0.010542122647166252,-0.08290327340364456,0.8134920597076416,0.817460298538208,0.2142857164144516
2025-09,2025-09-01,2025-09-30,2023-09-01,2025-08-04,3023,2025-09-30,18,-0.004350165201905496,-0.0863930881023407,-0.17983847856521606,0.8134920597076416,0.817460298538208,0.2142857164144516
2025-09,2025-09-01,2025-09-30,2023-09-01,2025-08-04,3024,2025-09-30,19,-0.004350165201905496,-0.15355806052684784,-0.2470034509897232,0.8134920597076416,0.817460298538208,0.2142857164144516
2025-09,2025-09-01,2025-09-30,2023-09-01,2025-08-04,3025,2025-09-30,20,-0.004350165201905496,0.05793742462992668,-0.03550797328352928,0.8134920597076416,0.817460298538208,0.2142857164144516
2025-09,2025-09-01,2025-09-30,2023-09-01,2025-08-04,3026,2025-09-30,21,-0.004350165201905496,0.16803281009197235,0.07458741217851639,0.8134920597076416,0.817460298538208,0.2142857164144516
2025-09,2025-09-01,2025-09-30,2023-09-01,2025-08-04,1210,2025-09-30,22,-0.004350165201905496,0.0038610186893492937,-0.08958438038825989,0.8134920597076416,0.817460298538208,0.2142857164144516
2025-09,2025-09-01,2025-09-30,2023-09-01,2025-08-04,3046,2025-09-30,23,-0.004350165201905496,0.09389135241508484,0.00044595450162887573,0.8134920597076416,0.817460298538208,0.2142857164144516
2025-09,2025-09-01,2025-09-30,2023-09-01,2025-08-04,3029,2025-09-30,24,-0.004350165201905496,-0.07661290466785431,-0.17005829513072968,0.8134920597076416,0.817460298538208,0.2142857164144516
2025-09,2025-09-01,2025-09-30,2023-09-01,2025-08-04,3030,2025-09-30,25,-0.004350165201905496,-0.12813369929790497,-0.22157908976078033,0.8134920597076416,0.817460298538208,0.2142857164144516
2025-09,2025-09-01,2025-09-30,2023-09-01,2025-08-04,3031,2025-09-30,26,-0.004350165201905496,-0.004854387138038874,-0.0982997864484787,0.8134920597076416,0.817460298538208,0.2142857164144516
2025-09,2025-09-01,2025-09-30,2023-09-01,2025-08-04,3032,2025-09-30,27,-0.004350165201905496,0.013171257451176643,-0.08027414232492447,0.8134920597076416,0.817460298538208,0.2142857164144516
2025-09,2025-09-01,2025-09-30,2023-09-01,2025-08-04,3033,2025-09-30,28,-0.004350165201905496,0.04626331850886345,-0.047182079404592514,0.8134920597076416,0.817460298538208,0.2142857164144516
2025-09,2025-09-01,2025-09-30,2023-09-01,2025-08-04,3034,2025-09-30,29,-0.004350165201905496,-0.08284714072942734,-0.1762925386428833,0.8134920597076416,0.817460298538208,0.2142857164144516
2025-09,2025-09-01,2025-09-30,2023-09-01,2025-08-04,3035,2025-09-30,30,-0.004350165201905496,0.14779874682426453,0.05435334891080856,0.8134920597076416,0.817460298538208,0.2142857164144516
2025-10,2025-10-01,2025-10-31,2023-10-01,2025-09-02,2314,2025-10-31,1,0.026405628349277906,0.10849052667617798,0.1299852877855301,0.9603174328804016,0.9841269850730896,0.3055555522441864
2025-10,2025-10-01,2025-10-31,2023-10-01,2025-09-02,6770,2025-10-31,2,0.02241206477682466,0.0706435814499855,0.09213834255933762,0.9603174328804016,0.9841269850730896,0.3055555522441864
2025-10,2025-10-01,2025-10-31,2023-10-01,2025-09-02,2408,2025-10-31,3,0.011717553493002733,0.07352941483259201,0.09502417594194412,0.9603174328804016,0.9841269850730896,0.3055555522441864
2025-10,2025-10-01,2025-10-31,2023-10-01,2025-09-02,8111,2025-10-31,4,0.010045880552487202,0.095238097012043,0.11673285812139511,0.9603174328804016,0.9841269850730896,0.3055555522441864
2025-10,2025-10-01,2025-10-31,2023-10-01,2025-09-02,2607,2025-10-31,5,0.008486876078519192,0.008650518953800201,0.030145281925797462,0.9603174328804016,0.9841269850730896,0.3055555522441864
2025-10,2025-10-01,2025-10-31,2023-10-01,2025-09-02,3665,2025-10-31,6,0.007673408570775608,0.15412186086177826,0.17561662197113037,0.9603174328804016,0.9841269850730896,0.3055555522441864
2025-10,2025-10-01,2025-10-31,2023-10-01,2025-09-02,2059,2025-10-31,7,0.005921848055303504,-0.07290401309728622,-0.05140925198793411,0.9603174328804016,0.9841269850730896,0.3055555522441864
2025-10,2025-10-01,2025-10-31,2023-10-01,2025-09-02,4989,2025-10-31,8,0.004844485010491793,-0.012376236729323864,0.009118525311350822,0.9603174328804016,0.9841269850730896,0.3055555522441864
2025-10,2025-10-01,2025-10-31,2023-10-01,2025-09-02,2317,2025-10-31,9,0.004587214636982728,-0.11568627506494522,-0.09419151395559311,0.9603174328804016,0.9841269850730896,0.3055555522441864
2025-10,2025-10-01,2025-10-31,2023-10-01,2025-09-02,7740,2025-10-31,10,0.004500465274123446,-0.2518337368965149,-0.23033897578716278,0.9603174328804016,0.9841269850730896,0.3055555522441864
2025-10,2025-10-01,2025-10-31,2023-10-01,2025-09-02,3563,2025-10-31,11,0.0031325955051032376,-0.007413371466100216,0.01408139057457447,0.9603174328804016,0.9841269850730896,0.3055555522441864
2025-10,2025-10-01,2025-10-31,2023-10-01,2025-09-02,6409,2025-10-31,12,0.002277757023829517,-0.04918032884597778,-0.027685565873980522,0.9603174328804016,0.9841269850730896,0.3055555522441864
2025-10,2025-10-01,2025-10-31,2023-10-01,2025-09-02,3231,2025-10-31,13,0.0014371813239919301,-0.036666665226221085,-0.015171903185546398,0.9603174328804016,0.9841269850730896,0.3055555522441864
2025-10,2025-10-01,2025-10-31,2023-10-01,2025-09-02,6669,2025-10-31,14,0.0005140162974321932,0.05420991778373718,0.0757046788930893,0.9603174328804016,0.9841269850730896,0.3055555522441864
2025-10,2025-10-01,2025-10-31,2023-10-01,2025-09-02,3017,2025-10-31,15,0.0005140162974321932,-0.0517241396009922,-0.03022937662899494,0.9603174328804016,0.9841269850730896,0.3055555522441864
2025-10,2025-10-01,2025-10-31,2023-10-01,2025-09-02,8210,2025-10-31,16,0.0005082618836126311,0.028846153989434242,0.0503409169614315,0.9603174328804016,0.9841269850730896,0.3055555522441864
2025-10,2025-10-01,2025-10-31,2023-10-01,2025-09-02,2360,2025-10-31,17,0.00010958698386077896,0.012360939756035805,0.033855702728033066,0.9603174328804016,0.9841269850730896,0.3055555522441864
2025-10,2025-10-01,2025-10-31,2023-10-01,2025-09-02,6139,2025-10-31,18,-0.00010177807511559491,-0.06275720149278641,-0.041262440383434296,0.9603174328804016,0.9841269850730896,0.3055555522441864
2025-10,2025-10-01,2025-10-31,2023-10-01,2025-09-02,6573,2025-10-31,19,-0.0014291732103619218,0.10658305883407593,0.12807781994342804,0.9603174328804016,0.9841269850730896,0.3055555522441864
2025-10,2025-10-01,2025-10-31,2023-10-01,2025-09-02,3324,2025-10-31,20,-0.0017781817190518912,-0.1605633795261383,-0.1390686184167862,0.9603174328804016,0.9841269850730896,0.3055555522441864
2025-10,2025-10-01,2025-10-31,2023-10-01,2025-09-02,6691,2025-10-31,21,-0.0017965396517024908,0.09110628813505173,0.11260104924440384,0.9603174328804016,0.9841269850730896,0.3055555522441864
2025-10,2025-10-01,2025-10-31,2023-10-01,2025-09-02,8932,2025-10-31,22,-0.0018241408116977946,-0.05135134980082512,-0.029856586828827858,0.9603174328804016,0.9841269850730896,0.3055555522441864
2025-10,2025-10-01,2025-10-31,2023-10-01,2025-09-02,5289,2025-10-31,23,-0.002706950223874671,0.14501160383224487,0.16650636494159698,0.9603174328804016,0.9841269850730896,0.3055555522441864
2025-10,2025-10-01,2025-10-31,2023-10-01,2025-09-02,3711,2025-10-31,24,-0.0030985212683037056,-0.07645875215530396,-0.05496399104595184,0.9603174328804016,0.9841269850730896,0.3055555522441864
2025-10,2025-10-01,2025-10-31,2023-10-01,2025-09-02,2850,2025-10-31,25,-0.003121956875300948,0.0398230105638504,0.061317771673202515,0.9603174328804016,0.9841269850730896,0.3055555522441864
2025-10,2025-10-01,2025-10-31,2023-10-01,2025-09-02,3630,2025-10-31,26,-0.003266911173589951,-0.09934856742620468,-0.07785380631685257,0.9603174328804016,0.9841269850730896,0.3055555522441864
2025-10,2025-10-01,2025-10-31,2023-10-01,2025-09-02,3413,2025-10-31,27,-0.0037921877023384,-0.1924629807472229,-0.1709682196378708,0.9603174328804016,0.9841269850730896,0.3055555522441864
2025-10,2025-10-01,2025-10-31,2023-10-01,2025-09-02,1795,2025-10-31,28,-0.0038294544345560916,0.03999999910593033,0.06149476021528244,0.9603174328804016,0.9841269850730896,0.3055555522441864
2025-10,2025-10-01,2025-10-31,2023-10-01,2025-09-02,3543,2025-10-31,29,-0.003930365125444051,-0.08020830154418945,-0.05871354043483734,0.9603174328804016,0.9841269850730896,0.3055555522441864
2025-10,2025-10-01,2025-10-31,2023-10-01,2025-09-02,6209,2025-10-31,30,-0.003930365125444051,0.22413787245750427,0.24563263356685638,0.9603174328804016,0.9841269850730896,0.3055555522441864
2025-11,2025-11-01,2025-11-30,2023-11-01,2025-10-01,6173,2025-11-28,1,0.003686714962759954,-0.010339689441025257,-0.05321196839213371,0.1944444477558136,0.5436508059501648,0.5
2025-11,2025-11-01,2025-11-30,2023-11-01,2025-10-01,3563,2025-11-28,2,0.003686714962759954,-0.007751937955617905,-0.050624217838048935,0.1944444477558136,0.5436508059501648,0.5
2025-11,2025-11-01,2025-11-30,2023-11-01,2025-10-01,2211,2025-11-28,3,0.003686714962759954,-0.1550847738981247,-0.19795705378055573,0.1944444477558136,0.5436508059501648,0.5
2025-11,2025-11-01,2025-11-30,2023-11-01,2025-10-01,7728,2025-11-28,4,0.003686714962759954,0.3545994162559509,0.3117271363735199,0.1944444477558136,0.5436508059501648,0.5
2025-11,2025-11-01,2025-11-30,2023-11-01,2025-10-01,2491,2025-11-28,5,0.003686714962759954,0.2889610826969147,0.24608880281448364,0.1944444477558136,0.5436508059501648,0.5
2025-11,2025-11-01,2025-11-30,2023-11-01,2025-10-01,5315,2025-11-28,6,0.003686714962759954,-0.05148511752486229,-0.09435739368200302,0.1944444477558136,0.5436508059501648,0.5
2025-11,2025-11-01,2025-11-30,2023-11-01,2025-10-01,5328,2025-11-28,7,0.003686714962759954,-0.004807618912309408,-0.04767989739775658,0.1944444477558136,0.5436508059501648,0.5
2025-11,2025-11-01,2025-11-30,2023-11-01,2025-10-01,5288,2025-11-28,8,0.003686714962759954,-0.04059040546417236,-0.0834626853466034,0.1944444477558136,0.5436508059501648,0.5
2025-11,2025-11-01,2025-11-30,2023-11-01,2025-10-01,3615,2025-11-28,9,0.003686714962759954,0.06498948484659195,0.02211720682680607,0.1944444477558136,0.5436508059501648,0.5
2025-11,2025-11-01,2025-11-30,2023-11-01,2025-10-01,3624,2025-11-28,10,0.003686714962759954,0.03174600005149841,-0.011126277968287468,0.1944444477558136,0.5436508059501648,0.5
2025-11,2025-11-01,2025-11-30,2023-11-01,2025-10-01,8277,2025-11-28,11,-0.008720950621235436,0.08362780511379242,0.04075552523136139,0.1944444477558136,0.5436508059501648,0.5
2025-11,2025-11-01,2025-11-30,2023-11-01,2025-10-01,3535,2025-11-28,12,-0.010462079260475602,0.08402364701032639,0.041151367127895355,0.1944444477558136,0.5436508059501648,0.5
2025-11,2025-11-01,2025-11-30,2023-11-01,2025-10-01,6890,2025-11-28,13,-0.010462079260475602,-0.07299269735813141,-0.11586497724056244,0.1944444477558136,0.5436508059501648,0.5
2025-11,2025-11-01,2025-11-30,2023-11-01,2025-10-01,8027,2025-11-28,14,-0.010462079260475602,0.1034482792019844,0.060575999319553375,0.1944444477558136,0.5436508059501648,0.5
2025-11,2025-11-01,2025-11-30,2023-11-01,2025-10-01,8043,2025-11-28,15,-0.010462079260475602,0.13917529582977295,0.09630301594734192,0.1944444477558136,0.5436508059501648,0.5
2025-11,2025-11-01,2025-11-30,2023-11-01,2025-10-01,3653,2025-11-28,16,-0.010462079260475602,-0.0538194440305233,-0.09669172018766403,0.1944444477558136,0.5436508059501648,0.5
2025-11,2025-11-01,2025-11-30,2023-11-01,2025-10-01,2316,2025-11-28,17,-0.010462079260475602,-0.14107884466648102,-0.18395112454891205,0.1944444477558136,0.5436508059501648,0.5
2025-11,2025-11-01,2025-11-30,2023-11-01,2025-10-01,6283,2025-11-28,18,-0.010462079260475602,-0.030303001403808594,-0.07317528128623962,0.1944444477558136,0.5436508059501648,0.5
2025-11,2025-11-01,2025-11-30,2023-11-01,2025-10-01,6209,2025-11-28,19,-0.010462079260475602,0.20178577303886414,0.1589134931564331,0.1944444477558136,0.5436508059501648,0.5
2025-11,2025-11-01,2025-11-30,2023-11-01,2025-10-01,2472,2025-11-28,20,-0.010462079260475602,-0.018779342994093895,-0.061651621013879776,0.1944444477558136,0.5436508059501648,0.5
2025-11,2025-11-01,2025-11-30,2023-11-01,2025-10-01,2360,2025-11-28,21,-0.010462079260475602,-0.04756097495555878,-0.09043325483798981,0.1944444477558136,0.5436508059501648,0.5
2025-11,2025-11-01,2025-11-30,2023-11-01,2025-10-01,2006,2025-11-28,22,-0.010462079260475602,-0.0488165020942688,-0.09168878197669983,0.1944444477558136,0.5436508059501648,0.5
2025-11,2025-11-01,2025-11-30,2023-11-01,2025-10-01,6203,2025-11-28,23,-0.010462079260475602,-0.1833534836769104,-0.22622576355934143,0.1944444477558136,0.5436508059501648,0.5
2025-11,2025-11-01,2025-11-30,2023-11-01,2025-10-01,1727,2025-11-28,24,-0.010462079260475602,0.08585862815380096,0.042986348271369934,0.1944444477558136,0.5436508059501648,0.5
2025-11,2025-11-01,2025-11-30,2023-11-01,2025-10-01,8039,2025-11-28,25,-0.010462079260475602,0.12749996781349182,0.08462768793106079,0.1944444477558136,0.5436508059501648,0.5
2025-11,2025-11-01,2025-11-30,2023-11-01,2025-10-01,6175,2025-11-28,26,-0.010462079260475602,0.013752395287156105,-0.029119882732629776,0.1944444477558136,0.5436508059501648,0.5
2025-11,2025-11-01,2025-11-30,2023-11-01,2025-10-01,5243,2025-11-28,27,-0.010462079260475602,-0.05398774892091751,-0.09686002880334854,0.1944444477558136,0.5436508059501648,0.5
2025-11,2025-11-01,2025-11-30,2023-11-01,2025-10-01,6509,2025-11-28,28,-0.010462079260475602,-0.06151649355888367,-0.1043887734413147,0.1944444477558136,0.5436508059501648,0.5
2025-11,2025-11-01,2025-11-30,2023-11-01,2025-10-01,8021,2025-11-28,29,-0.010462079260475602,0.36531364917755127,0.32244136929512024,0.1944444477558136,0.5436508059501648,0.5
2025-11,2025-11-01,2025-11-30,2023-11-01,2025-10-01,6903,2025-11-28,30,-0.010462079260475602,0.30630630254745483,0.2634340226650238,0.1944444477558136,0.5436508059501648,0.5
2025-12,2025-12-01,2025-12-31,2023-12-01,2025-11-03,6770,2025-12-31,1,0.03956603157217177,0.6336261034011841,0.5102757811546326,0.7063491940498352,0.5515872836112976,0.5079365372657776
2025-12,2025-12-01,2025-12-31,2023-12-01,2025-11-03,3092,2025-12-31,2,0.03840666440534144,0.015624985098838806,-0.1077253594994545,0.7063491940498352,0.5515872836112976,0.5079365372657776
2025-12,2025-12-01,2025-12-31,2023-12-01,2025-11-03,6217,2025-12-31,3,0.03405436795932347,0.20776700973510742,0.08441666513681412,0.7063491940498352,0.5515872836112976,0.5079365372657776
2025-12,2025-12-01,2025-12-31,2023-12-01,2025-11-03,3689,2025-12-31,4,0.03362973009767264,-0.04721030220389366,-0.17056064307689667,0.7063491940498352,0.5515872836112976,0.5079365372657776
2025-12,2025-12-01,2025-12-31,2023-12-01,2025-11-03,2337,2025-12-31,5,0.030238096214991482,1.2712700366973877,1.1479196548461914,0.7063491940498352,0.5515872836112976,0.5079365372657776
2025-12,2025-12-01,2025-12-31,2023-12-01,2025-11-03,8299,2025-12-31,6,0.02241788351546008,0.5841924548149109,0.460842102766037,0.7063491940498352,0.5515872836112976,0.5079365372657776
2025-12,2025-12-01,2025-12-31,2023-12-01,2025-11-03,8021,2025-12-31,7,0.020312557733211695,0.14211885631084442,0.018768513575196266,0.7063491940498352,0.5515872836112976,0.5079365372657776
2025-12,2025-12-01,2025-12-31,2023-12-01,2025-11-03,4927,2025-12-31,8,0.019560295062979776,-0.004573101177811623,-0.12792344391345978,0.7063491940498352,0.5515872836112976,0.5079365372657776
2025-12,2025-12-01,2025-12-31,2023-12-01,2025-11-03,1528,2025-12-31,9,0.01684415983517578,0.20000001788139343,0.07664967328310013,0.7063491940498352,0.5515872836112976,0.5079365372657776
2025-12,2025-12-01,2025-12-31,2023-12-01,2025-11-03,3229,2025-12-31,10,0.015752722581646242,-0.17407409846782684,-0.29742443561553955,0.7063491940498352,0.5515872836112976,0.5079365372657776
2025-12,2025-12-01,2025-12-31,2023-12-01,2025-11-03,8110,2025-12-31,11,0.015267450311352931,0.35910648107528687,0.23575614392757416,0.7063491940498352,0.5515872836112976,0.5079365372657776
2025-12,2025-12-01,2025-12-31,2023-12-01,2025-11-03,5475,2025-12-31,12,0.015133199314091014,0.11518324911594391,-0.008167092688381672,0.7063491940498352,0.5515872836112976,0.5079365372657776
2025-12,2025-12-01,2025-12-31,2023-12-01,2025-11-03,6205,2025-12-31,13,0.011221136429643404,-0.12437810748815536,-0.24772845208644867,0.7063491940498352,0.5515872836112976,0.5079365372657776
2025-12,2025-12-01,2025-12-31,2023-12-01,2025-11-03,3390,2025-12-31,14,0.010199151219720183,-0.0784708559513092,-0.2018211930990219,0.7063491940498352,0.5515872836112976,0.5079365372657776
2025-12,2025-12-01,2025-12-31,2023-12-01,2025-11-03,4903,2025-12-31,15,0.010110150258793586,0.014101111330091953,-0.10924923419952393,0.7063491940498352,0.5515872836112976,0.5079365372657776
2025-12,2025-12-01,2025-12-31,2023-12-01,2025-11-03,6192,2025-12-31,16,0.008555827845731053,0.1111111119389534,-0.012239229865372181,0.7063491940498352,0.5515872836112976,0.5079365372657776
2025-12,2025-12-01,2025-12-31,2023-12-01,2025-11-03,2258,2025-12-31,17,0.007556915451075148,-0.10489509999752045,-0.22824543714523315,0.7063491940498352,0.5515872836112976,0.5079365372657776
2025-12,2025-12-01,2025-12-31,2023-12-01,2025-11-03,2375,2025-12-31,18,0.007336616377073447,0.032608695328235626,-0.09074164927005768,0.7063491940498352,0.5515872836112976,0.5079365372657776
2025-12,2025-12-01,2025-12-31,2023-12-01,2025-11-03,3310,2025-12-31,19,0.007241846713993906,-0.1580161154270172,-0.2813664674758911,0.7063491940498352,0.5515872836112976,0.5079365372657776
2025-12,2025-12-01,2025-12-31,2023-12-01,2025-11-03,2221,2025-12-31,20,0.0070388680508110795,0.026666641235351562,-0.09668370336294174,0.7063491940498352,0.5515872836112976,0.5079365372657776
2025-12,2025-12-01,2025-12-31,2023-12-01,2025-11-03,9925,2025-12-31,21,0.006771958426843965,-0.002453950233757496,-0.12580429017543793,0.7063491940498352,0.5515872836112976,0.5079365372657776
2025-12,2025-12-01,2025-12-31,2023-12-01,2025-11-03,6743,2025-12-31,22,0.006723092532812493,0.03085300885140896,-0.0924973338842392,0.7063491940498352,0.5515872836112976,0.5079365372657776
2025-12,2025-12-01,2025-12-31,2023-12-01,2025-11-03,6613,2025-12-31,23,0.0055338839535142865,-0.00978707056492567,-0.13313741981983185,0.7063491940498352,0.5515872836112976,0.5079365372657776
2025-12,2025-12-01,2025-12-31,2023-12-01,2025-11-03,3219,2025-12-31,24,0.004655817482299451,-0.17875003814697266,-0.30210039019584656,0.7063491940498352,0.5515872836112976,0.5079365372657776
2025-12,2025-12-01,2025-12-31,2023-12-01,2025-11-03,2460,2025-12-31,25,0.0038901732584400565,0.131840780377388,0.00849043857306242,0.7063491940498352,0.5515872836112976,0.5079365372657776
2025-12,2025-12-01,2025-12-31,2023-12-01,2025-11-03,8358,2025-12-31,26,0.003496077737963501,-0.06890459358692169,-0.1922549307346344,0.7063491940498352,0.5515872836112976,0.5079365372657776
2025-12,2025-12-01,2025-12-31,2023-12-01,2025-11-03,4543,2025-12-31,27,0.0034323026922484816,0.13134852051734924,0.007998178713023663,0.7063491940498352,0.5515872836112976,0.5079365372657776
2025-12,2025-12-01,2025-12-31,2023-12-01,2025-11-03,1595,2025-12-31,28,0.003093474275878601,-0.1098397970199585,-0.2331901341676712,0.7063491940498352,0.5515872836112976,0.5079365372657776
2025-12,2025-12-01,2025-12-31,2023-12-01,2025-11-03,2472,2025-12-31,29,0.0030784397617023953,0.0276497695595026,-0.09570056945085526,0.7063491940498352,0.5515872836112976,0.5079365372657776
2025-12,2025-12-01,2025-12-31,2023-12-01,2025-11-03,2344,2025-12-31,30,0.0030749853855804215,0.5643802881240845,0.44102993607521057,0.7063491940498352,0.5515872836112976,0.5079365372657776
2026-01,2026-01-01,2026-01-31,2024-01-01,2025-12-03,6841,2026-01-30,1,0.06203100095255079,-0.11028312891721725,-0.17423202097415924,0.9642857313156128,0.9960317611694336,0.6071428656578064
2026-01,2026-01-01,2026-01-31,2024-01-01,2025-12-03,6770,2026-01-30,2,0.05774313396189697,0.0,-0.06394889205694199,0.9642857313156128,0.9960317611694336,0.6071428656578064
2026-01,2026-01-01,2026-01-31,2024-01-01,2025-12-03,4764,2026-01-30,3,0.04063608125131858,0.3185840845108032,0.25463518500328064,0.9642857313156128,0.9960317611694336,0.6071428656578064
2026-01,2026-01-01,2026-01-31,2024-01-01,2025-12-03,3006,2026-01-30,4,0.03881169379510499,-0.18205128610134125,-0.24600018560886383,0.9642857313156128,0.9960317611694336,0.6071428656578064
2026-01,2026-01-01,2026-01-31,2024-01-01,2025-12-03,2460,2026-01-30,5,0.038557773994181366,0.05764972046017647,-0.006299175322055817,0.9642857313156128,0.9960317611694336,0.6071428656578064
2026-01,2026-01-01,2026-01-31,2024-01-01,2025-12-03,1528,2026-01-30,6,0.038477755041633366,-0.18131864070892334,-0.24526754021644592,0.9642857313156128,0.9960317611694336,0.6071428656578064
2026-01,2026-01-01,2026-01-31,2024-01-01,2025-12-03,2486,2026-01-30,7,0.03832149975944546,0.12399999797344208,0.06005110219120979,0.9642857313156128,0.9960317611694336,0.6071428656578064
2026-01,2026-01-01,2026-01-31,2024-01-01,2025-12-03,8096,2026-01-30,8,0.03508705369192627,-0.023467998951673508,-0.08741689473390579,0.9642857313156128,0.9960317611694336,0.6071428656578064
2026-01,2026-01-01,2026-01-31,2024-01-01,2025-12-03,1802,2026-01-30,9,0.03501351034764411,0.23143164813518524,0.16748274862766266,0.9642857313156128,0.9960317611694336,0.6071428656578064
2026-01,2026-01-01,2026-01-31,2024-01-01,2025-12-03,2344,2026-01-30,10,0.034484837923887825,-0.06172839552164078,-0.12567728757858276,0.9642857313156128,0.9960317611694336,0.6071428656578064
2026-01,2026-01-01,2026-01-31,2024-01-01,2025-12-03,1303,2026-01-30,11,0.03249644119675428,0.10455768555402756,0.04060878977179527,0.9642857313156128,0.9960317611694336,0.6071428656578064
2026-01,2026-01-01,2026-01-31,2024-01-01,2025-12-03,2367,2026-01-30,12,0.02948434961993061,0.3180951774120331,0.2541462779045105,0.9642857313156128,0.9960317611694336,0.6071428656578064
2026-01,2026-01-01,2026-01-31,2024-01-01,2025-12-03,2337,2026-01-30,13,0.027939604982849708,0.1459769755601883,0.08202808350324631,0.9642857313156128,0.9960317611694336,0.6071428656578064
2026-01,2026-01-01,2026-01-31,2024-01-01,2025-12-03,3037,2026-01-30,14,0.026631099620103103,0.24266666173934937,0.17871776223182678,0.9642857313156128,0.9960317611694336,0.6071428656578064
2026-01,2026-01-01,2026-01-31,2024-01-01,2025-12-03,2413,2026-01-30,15,0.026528414379316863,0.24581733345985413,0.18186843395233154,0.9642857313156128,0.9960317611694336,0.6071428656578064
2026-01,2026-01-01,2026-01-31,2024-01-01,2025-12-03,5475,2026-01-30,16,0.025179557688218623,0.725321888923645,0.6613730192184448,0.9642857313156128,0.9960317611694336,0.6071428656578064
2026-01,2026-01-01,2026-01-31,2024-01-01,2025-12-03,5291,2026-01-30,17,0.02484525810513182,0.5406976342201233,0.4767487347126007,0.9642857313156128,0.9960317611694336,0.6071428656578064
2026-01,2026-01-01,2026-01-31,2024-01-01,2025-12-03,8150,2026-01-30,18,0.022298977140427202,0.07457629591226578,0.010627400130033493,0.9642857313156128,0.9960317611694336,0.6071428656578064
2026-01,2026-01-01,2026-01-31,2024-01-01,2025-12-03,1605,2026-01-30,19,0.02178959747132988,-0.1930036097764969,-0.2569524943828583,0.9642857313156128,0.9960317611694336,0.6071428656578064
2026-01,2026-01-01,2026-01-31,2024-01-01,2025-12-03,3049,2026-01-30,20,0.021716136823125017,0.40186914801597595,0.33792024850845337,0.9642857313156128,0.9960317611694336,0.6071428656578064
2026-01,2026-01-01,2026-01-31,2024-01-01,2025-12-03,8046,2026-01-30,21,0.021432620125006192,0.23490813374519348,0.1709592342376709,0.9642857313156128,0.9960317611694336,0.6071428656578064
2026-01,2026-01-01,2026-01-31,2024-01-01,2025-12-03,4939,2026-01-30,22,0.020972185158782613,-0.11564625799655914,-0.17959515750408173,0.9642857313156128,0.9960317611694336,0.6071428656578064
2026-01,2026-01-01,2026-01-31,2024-01-01,2025-12-03,4533,2026-01-30,23,0.020969897636557728,-0.10387811809778214,-0.16782701015472412,0.9642857313156128,0.9960317611694336,0.6071428656578064
2026-01,2026-01-01,2026-01-31,2024-01-01,2025-12-03,3532,2026-01-30,24,0.019091333773189053,-0.10071942210197449,-0.16466832160949707,0.9642857313156128,0.9960317611694336,0.6071428656578064
2026-01,2026-01-01,2026-01-31,2024-01-01,2025-12-03,6220,2026-01-30,25,0.017701589484199726,0.5792253017425537,0.5152764320373535,0.9642857313156128,0.9960317611694336,0.6071428656578064
2026-01,2026-01-01,2026-01-31,2024-01-01,2025-12-03,6443,2026-01-30,26,0.017316951758118152,0.281862735748291,0.21791383624076843,0.9642857313156128,0.9960317611694336,0.6071428656578064
2026-01,2026-01-01,2026-01-31,2024-01-01,2025-12-03,1721,2026-01-30,27,0.01728807956187499,-0.02865329384803772,-0.0926021859049797,0.9642857313156128,0.9960317611694336,0.6071428656578064
2026-01,2026-01-01,2026-01-31,2024-01-01,2025-12-03,2314,2026-01-30,28,0.017134229858819554,-0.16627079248428345,-0.23021969199180603,0.9642857313156128,0.9960317611694336,0.6071428656578064
2026-01,2026-01-01,2026-01-31,2024-01-01,2025-12-03,2349,2026-01-30,29,0.01713007917406542,0.003703717840835452,-0.06024517863988876,0.9642857313156128,0.9960317611694336,0.6071428656578064
2026-01,2026-01-01,2026-01-31,2024-01-01,2025-12-03,4534,2026-01-30,30,0.01708856487229805,0.17634855210781097,0.11239966005086899,0.9642857313156128,0.9960317611694336,0.6071428656578064
2026-02,2026-02-01,2026-02-28,2024-02-01,2026-01-05,6265,2026-02-26,1,0.19794237371020298,0.023936212062835693,0.088934987783432,0.9484127163887024,1.0,0.369047611951828
2026-02,2026-02-01,2026-02-28,2024-02-01,2026-01-05,6443,2026-02-26,2,0.16799160116929981,0.0044643026776611805,0.0694630816578865,0.9484127163887024,1.0,0.369047611951828
2026-02,2026-02-01,2026-02-28,2024-02-01,2026-01-05,2344,2026-02-26,3,0.14570559284344764,-0.19652172923088074,-0.13152295351028442,0.9484127163887024,1.0,0.369047611951828
2026-02,2026-02-01,2026-02-28,2024-02-01,2026-01-05,2337,2026-02-26,4,0.13873979629416844,0.18483412265777588,0.2498328983783722,0.9484127163887024,1.0,0.369047611951828
2026-02,2026-02-01,2026-02-28,2024-02-01,2026-01-05,2408,2026-02-26,5,0.1349167277723737,-0.18097014725208282,-0.11597137153148651,0.9484127163887024,1.0,0.369047611951828
2026-02,2026-02-01,2026-02-28,2024-02-01,2026-01-05,6770,2026-02-26,6,0.13050967855477047,-0.17086835205554962,-0.10586957633495331,0.9484127163887024,1.0,0.369047611951828
2026-02,2026-02-01,2026-02-28,2024-02-01,2026-01-05,5498,2026-02-26,7,0.12950107494980845,-0.06644517928361893,-0.001446401933208108,0.9484127163887024,1.0,0.369047611951828
2026-02,2026-02-01,2026-02-28,2024-02-01,2026-01-05,3135,2026-02-26,8,0.08034851969841013,-0.07203389704227448,-0.0070351199246943,0.9484127163887024,1.0,0.369047611951828
2026-02,2026-02-01,2026-02-28,2024-02-01,2026-01-05,8131,2026-02-26,9,0.0801458291402787,-0.043939415365457535,0.021059362217783928,0.9484127163887024,1.0,0.369047611951828
2026-02,2026-02-01,2026-02-28,2024-02-01,2026-01-05,6552,2026-02-26,10,0.07585988057639521,-0.0950000137090683,-0.030001236125826836,0.9484127163887024,1.0,0.369047611951828
2026-02,2026-02-01,2026-02-28,2024-02-01,2026-01-05,3105,2026-02-26,11,0.07533568261100503,0.15558911859989166,0.22058789432048798,0.9484127163887024,1.0,0.369047611951828
2026-02,2026-02-01,2026-02-28,2024-02-01,2026-01-05,3006,2026-02-26,12,0.07134937770095355,0.15436241030693054,0.21936118602752686,0.9484127163887024,1.0,0.369047611951828
2026-02,2026-02-01,2026-02-28,2024-02-01,2026-01-05,8299,2026-02-26,13,0.07061547418675485,-0.14713896811008453,-0.08214019238948822,0.9484127163887024,1.0,0.369047611951828
2026-02,2026-02-01,2026-02-28,2024-02-01,2026-01-05,2413,2026-02-26,14,0.065692682404019,0.03731343522667885,0.10231221467256546,0.9484127163887024,1.0,0.369047611951828
2026-02,2026-02-01,2026-02-28,2024-02-01,2026-01-05,2485,2026-02-26,15,0.06103222951952788,0.8939929604530334,0.9589917659759521,0.9484127163887024,1.0,0.369047611951828
2026-02,2026-02-01,2026-02-28,2024-02-01,2026-01-05,6282,2026-02-26,16,0.06023179815394056,-0.01807224377989769,0.046926531940698624,0.9484127163887024,1.0,0.369047611951828
2026-02,2026-02-01,2026-02-28,2024-02-01,2026-01-05,8150,2026-02-26,17,0.059486344604856065,-0.1899280697107315,-0.12492929399013519,0.9484127163887024,1.0,0.369047611951828
2026-02,2026-02-01,2026-02-28,2024-02-01,2026-01-05,5864,2026-02-26,18,0.05785341922302157,-0.08379887789487839,-0.018800100311636925,0.9484127163887024,1.0,0.369047611951828
2026-02,2026-02-01,2026-02-28,2024-02-01,2026-01-05,2457,2026-02-26,19,0.056792883881958675,-0.14735101163387299,-0.08235223591327667,0.9484127163887024,1.0,0.369047611951828
2026-02,2026-02-01,2026-02-28,2024-02-01,2026-01-05,2409,2026-02-26,20,0.05647228389698074,-0.09433962404727936,-0.029340846464037895,0.9484127163887024,1.0,0.369047611951828
2026-02,2026-02-01,2026-02-28,2024-02-01,2026-01-05,4989,2026-02-26,21,0.05615853421218083,0.03691812604665756,0.10191690176725388,0.9484127163887024,1.0,0.369047611951828
2026-02,2026-02-01,2026-02-28,2024-02-01,2026-01-05,4934,2026-02-26,22,0.0541709974854901,-0.02222220040857792,0.042776577174663544,0.9484127163887024,1.0,0.369047611951828
2026-02,2026-02-01,2026-02-28,2024-02-01,2026-01-05,5351,2026-02-26,23,0.05002613624771406,0.2862318754196167,0.351230651140213,0.9484127163887024,1.0,0.369047611951828
2026-02,2026-02-01,2026-02-28,2024-02-01,2026-01-05,3049,2026-02-26,24,0.04886489623805598,0.23786406219005585,0.30286285281181335,0.9484127163887024,1.0,0.369047611951828
2026-02,2026-02-01,2026-02-28,2024-02-01,2026-01-05,8110,2026-02-26,25,0.04833899505891728,-0.1854838728904724,-0.1204850971698761,0.9484127163887024,1.0,0.369047611951828
2026-02,2026-02-01,2026-02-28,2024-02-01,2026-01-05,3092,2026-02-26,26,0.04519725841058378,-0.1314285844564438,-0.06642980873584747,0.9484127163887024,1.0,0.369047611951828
2026-02,2026-02-01,2026-02-28,2024-02-01,2026-01-05,2369,2026-02-26,27,0.04510942874417011,0.12867647409439087,0.19367524981498718,0.9484127163887024,1.0,0.369047611951828
2026-02,2026-02-01,2026-02-28,2024-02-01,2026-01-05,3481,2026-02-26,28,0.04251776048785309,-0.027451010420918465,0.037547767162323,0.9484127163887024,1.0,0.369047611951828
2026-02,2026-02-01,2026-02-28,2024-02-01,2026-01-05,1303,2026-02-26,29,0.040175458873456645,-0.159682959318161,-0.0946841835975647,0.9484127163887024,1.0,0.369047611951828
2026-02,2026-02-01,2026-02-28,2024-02-01,2026-01-05,2816,2026-02-26,30,0.03933101934817757,0.01615508832037449,0.08115386217832565,0.9484127163887024,1.0,0.369047611951828
2026-03,2026-03-01,2026-03-31,2024-03-01,2026-01-21,3081,2026-03-31,1,0.13714099023937615,0.5575221180915833,0.3304426372051239,0.0714285746216774,0.190476194024086,0.3888888955116272
2026-03,2026-03-01,2026-03-31,2024-03-01,2026-01-21,3577,2026-03-31,2,0.12062936903305127,0.19917581975460052,-0.02790364809334278,0.0714285746216774,0.190476194024086,0.3888888955116272
2026-03,2026-03-01,2026-03-31,2024-03-01,2026-01-21,8415,2026-03-31,3,0.1057757397176049,-0.01605837233364582,-0.24313783645629883,0.0714285746216774,0.190476194024086,0.3888888955116272
2026-03,2026-03-01,2026-03-31,2024-03-01,2026-01-21,3163,2026-03-31,4,0.09644484779629796,0.3221709132194519,0.09509144723415375,0.0714285746216774,0.190476194024086,0.3888888955116272
2026-03,2026-03-01,2026-03-31,2024-03-01,2026-01-21,5475,2026-03-31,5,0.09290110278221322,0.642201840877533,0.4151223599910736,0.0714285746216774,0.190476194024086,0.3888888955116272
2026-03,2026-03-01,2026-03-31,2024-03-01,2026-01-21,3498,2026-03-31,6,0.09266482874911794,0.23870046436786652,0.011620995588600636,0.0714285746216774,0.190476194024086,0.3888888955116272
2026-03,2026-03-01,2026-03-31,2024-03-01,2026-01-21,4971,2026-03-31,7,0.08614861311566789,0.36379310488700867,0.1367136389017105,0.0714285746216774,0.190476194024086,0.3888888955116272
2026-03,2026-03-01,2026-03-31,2024-03-01,2026-01-21,3555,2026-03-31,8,0.08280078791792056,0.5796178579330444,0.3525383770465851,0.0714285746216774,0.190476194024086,0.3888888955116272
2026-03,2026-03-01,2026-03-31,2024-03-01,2026-01-21,2408,2026-03-31,9,0.08084832384504545,0.018912529572844505,-0.2081669420003891,0.0714285746216774,0.190476194024086,0.3888888955116272
2026-03,2026-03-01,2026-03-31,2024-03-01,2026-01-21,2243,2026-03-31,10,0.07892313827942289,0.2853773236274719,0.05829785391688347,0.0714285746216774,0.190476194024086,0.3888888955116272
2026-03,2026-03-01,2026-03-31,2024-03-01,2026-01-21,7728,2026-03-31,11,0.07771149216839797,-0.04413793236017227,-0.271217405796051,0.0714285746216774,0.190476194024086,0.3888888955116272
2026-03,2026-03-01,2026-03-31,2024-03-01,2026-01-21,6265,2026-03-31,12,0.07449410502403427,0.04736839979887009,-0.17971107363700867,0.0714285746216774,0.190476194024086,0.3888888955116272
2026-03,2026-03-01,2026-03-31,2024-03-01,2026-01-21,6588,2026-03-31,13,0.07161535623544721,0.06037735939025879,-0.16670210659503937,0.0714285746216774,0.190476194024086,0.3888888955116272
2026-03,2026-03-01,2026-03-31,2024-03-01,2026-01-21,6443,2026-03-31,14,0.07156688338098834,-0.17406544089317322,-0.40114492177963257,0.0714285746216774,0.190476194024086,0.3888888955116272
2026-03,2026-03-01,2026-03-31,2024-03-01,2026-01-21,2485,2026-03-31,15,0.0700118760890843,-0.30119046568870544,-0.5282699465751648,0.0714285746216774,0.190476194024086,0.3888888955116272
2026-03,2026-03-01,2026-03-31,2024-03-01,2026-01-21,6141,2026-03-31,16,0.06755397615433761,0.5853658318519592,0.3582863509654999,0.0714285746216774,0.190476194024086,0.3888888955116272
2026-03,2026-03-01,2026-03-31,2024-03-01,2026-01-21,3576,2026-03-31,17,0.06463026032611335,-0.2951542139053345,-0.5222336649894714,0.0714285746216774,0.190476194024086,0.3888888955116272
2026-03,2026-03-01,2026-03-31,2024-03-01,2026-01-21,5351,2026-03-31,18,0.06134027365455046,0.02496335655450821,-0.20211611688137054,0.0714285746216774,0.190476194024086,0.3888888955116272
2026-03,2026-03-01,2026-03-31,2024-03-01,2026-01-21,8289,2026-03-31,19,0.05912118515065792,0.16881442070007324,-0.05826504901051521,0.0714285746216774,0.190476194024086,0.3888888955116272
2026-03,2026-03-01,2026-03-31,2024-03-01,2026-01-21,4416,2026-03-31,20,0.05841312138310762,-0.07553951442241669,-0.30261898040771484,0.0714285746216774,0.190476194024086,0.3888888955116272
2026-03,2026-03-01,2026-03-31,2024-03-01,2026-01-21,6510,2026-03-31,21,0.057815523471859816,0.06666667014360428,-0.16041280329227448,0.0714285746216774,0.190476194024086,0.3888888955116272
2026-03,2026-03-01,2026-03-31,2024-03-01,2026-01-21,2305,2026-03-31,22,0.05705197500066341,-0.059880293905735016,-0.28695976734161377,0.0714285746216774,0.190476194024086,0.3888888955116272
2026-03,2026-03-01,2026-03-31,2024-03-01,2026-01-21,3105,2026-03-31,23,0.05615942556027941,0.42933332920074463,0.20225386321544647,0.0714285746216774,0.190476194024086,0.3888888955116272
2026-03,2026-03-01,2026-03-31,2024-03-01,2026-01-21,6226,2026-03-31,24,0.05565791553991239,-0.011810993775725365,-0.23889046907424927,0.0714285746216774,0.190476194024086,0.3888888955116272
2026-03,2026-03-01,2026-03-31,2024-03-01,2026-01-21,4919,2026-03-31,25,0.05524845701529468,0.5775400996208191,0.35046061873435974,0.0714285746216774,0.190476194024086,0.3888888955116272
2026-03,2026-03-01,2026-03-31,2024-03-01,2026-01-21,4989,2026-03-31,26,0.05359465343386399,0.6715976595878601,0.44451817870140076,0.0714285746216774,0.190476194024086,0.3888888955116272
2026-03,2026-03-01,2026-03-31,2024-03-01,2026-01-21,3491,2026-03-31,27,0.051200183276788686,0.029900332912802696,-0.1971791386604309,0.0714285746216774,0.190476194024086,0.3888888955116272
2026-03,2026-03-01,2026-03-31,2024-03-01,2026-01-21,6426,2026-03-31,28,0.05077904656648968,0.5629370808601379,0.3358575999736786,0.0714285746216774,0.190476194024086,0.3888888955116272
2026-03,2026-03-01,2026-03-31,2024-03-01,2026-01-21,3529,2026-03-31,29,0.04701654756433981,0.4112318754196167,0.18415240943431854,0.0714285746216774,0.190476194024086,0.3888888955116272
2026-03,2026-03-01,2026-03-31,2024-03-01,2026-01-21,2406,2026-03-31,30,0.045730394563169366,-0.11449277400970459,-0.34157225489616394,0.0714285746216774,0.190476194024086,0.3888888955116272
2026-04,2026-04-01,2026-04-30,2024-04-01,2026-03-04,7751,2026-04-30,1,0.09048619367599353,-0.25840336084365845,-0.407563716173172,1.0,0.9722222089767456,0.7976190447807312
2026-04,2026-04-01,2026-04-30,2024-04-01,2026-03-04,6739,2026-04-30,2,0.07165791558256866,-0.1423611044883728,-0.29152145981788635,1.0,0.9722222089767456,0.7976190447807312
2026-04,2026-04-01,2026-04-30,2024-04-01,2026-03-04,5475,2026-04-30,3,0.06816145084142008,-0.2702702581882477,-0.41943061351776123,1.0,0.9722222089767456,0.7976190447807312
2026-04,2026-04-01,2026-04-30,2024-04-01,2026-03-04,6683,2026-04-30,4,0.05815512167589852,-0.2869378924369812,-0.43609824776649475,1.0,0.9722222089767456,0.7976190447807312
2026-04,2026-04-01,2026-04-30,2024-04-01,2026-03-04,3529,2026-04-30,5,0.057753003654733966,-0.12787723541259766,-0.2770375907421112,1.0,0.9722222089767456,0.7976190447807312
2026-04,2026-04-01,2026-04-30,2024-04-01,2026-03-04,7734,2026-04-30,6,0.05571544659461628,0.035211268812417984,-0.11394909024238586,1.0,0.9722222089767456,0.7976190447807312
2026-04,2026-04-01,2026-04-30,2024-04-01,2026-03-04,6187,2026-04-30,7,0.05238106947006564,-0.10756972432136536,-0.2567300796508789,1.0,0.9722222089767456,0.7976190447807312
2026-04,2026-04-01,2026-04-30,2024-04-01,2026-03-04,3576,2026-04-30,8,0.03821449698663229,0.1468750238418579,-0.0022853324189782143,1.0,0.9722222089767456,0.7976190447807312
2026-04,2026-04-01,2026-04-30,2024-04-01,2026-03-04,3163,2026-04-30,9,0.03801463855035364,-0.17928287386894226,-0.3284432291984558,1.0,0.9722222089767456,0.7976190447807312
2026-04,2026-04-01,2026-04-30,2024-04-01,2026-03-04,4166,2026-04-30,10,0.03268892554907388,-0.06153847649693489,-0.21069882810115814,1.0,0.9722222089767456,0.7976190447807312
2026-04,2026-04-01,2026-04-30,2024-04-01,2026-03-04,3081,2026-04-30,11,0.028879968946244793,-0.06440071761608124,-0.2135610729455948,1.0,0.9722222089767456,0.7976190447807312
2026-04,2026-04-01,2026-04-30,2024-04-01,2026-03-04,3054,2026-04-30,12,0.028733147687254566,0.009063536301255226,-0.14009681344032288,1.0,0.9722222089767456,0.7976190447807312
2026-04,2026-04-01,2026-04-30,2024-04-01,2026-03-04,3508,2026-04-30,13,0.027251140420250147,-0.12284483760595322,-0.27200520038604736,1.0,0.9722222089767456,0.7976190447807312
2026-04,2026-04-01,2026-04-30,2024-04-01,2026-03-04,8046,2026-04-30,14,0.026183657623054718,-0.16862745583057404,-0.3177878260612488,1.0,0.9722222089767456,0.7976190447807312
2026-04,2026-04-01,2026-04-30,2024-04-01,2026-03-04,8109,2026-04-30,15,0.02549032436481908,0.05907173082232475,-0.0900886282324791,1.0,0.9722222089767456,0.7976190447807312
2026-04,2026-04-01,2026-04-30,2024-04-01,2026-03-04,4971,2026-04-30,16,0.01933656667072143,-0.09747292101383209,-0.24663327634334564,1.0,0.9722222089767456,0.7976190447807312
2026-04,2026-04-01,2026-04-30,2024-04-01,2026-03-04,6617,2026-04-30,17,0.019303413693775296,-0.03989361971616745,-0.1890539824962616,1.0,0.9722222089767456,0.7976190447807312
2026-04,2026-04-01,2026-04-30,2024-04-01,2026-03-04,3653,2026-04-30,18,0.018920213868537383,-0.32668566703796387,-0.4758460223674774,1.0,0.9722222089767456,0.7976190447807312
2026-04,2026-04-01,2026-04-30,2024-04-01,2026-03-04,4991,2026-04-30,19,0.018613436075478107,-0.001367989112623036,-0.15052834153175354,1.0,0.9722222089767456,0.7976190447807312
2026-04,2026-04-01,2026-04-30,2024-04-01,2026-03-04,3234,2026-04-30,20,0.01809997287176779,-0.07692307978868484,-0.226083442568779,1.0,0.9722222089767456,0.7976190447807312
2026-04,2026-04-01,2026-04-30,2024-04-01,2026-03-04,3491,2026-04-30,21,0.017966847242792267,0.35384616255760193,0.20468580722808838,1.0,0.9722222089767456,0.7976190447807312
2026-04,2026-04-01,2026-04-30,2024-04-01,2026-03-04,2360,2026-04-30,22,0.017839562587456798,0.11258278042078018,-0.03657757490873337,1.0,0.9722222089767456,0.7976190447807312
2026-04,2026-04-01,2026-04-30,2024-04-01,2026-03-04,2485,2026-04-30,23,0.017472666839271973,0.24705877900123596,0.09789842367172241,1.0,0.9722222089767456,0.7976190447807312
2026-04,2026-04-01,2026-04-30,2024-04-01,2026-03-04,8027,2026-04-30,24,0.013191190113715091,0.26097559928894043,0.11181524395942688,1.0,0.9722222089767456,0.7976190447807312
2026-04,2026-04-01,2026-04-30,2024-04-01,2026-03-04,6515,2026-04-30,25,0.011573028335212019,-0.19768518209457397,-0.3468455374240875,1.0,0.9722222089767456,0.7976190447807312
2026-04,2026-04-01,2026-04-30,2024-04-01,2026-03-04,5274,2026-04-30,26,0.011266937932896149,0.09064748138189316,-0.05851287394762039,1.0,0.9722222089767456,0.7976190447807312
2026-04,2026-04-01,2026-04-30,2024-04-01,2026-03-04,3535,2026-04-30,27,0.010520587749104212,-0.07196969538927078,-0.22113005816936493,1.0,0.9722222089767456,0.7976190447807312
2026-04,2026-04-01,2026-04-30,2024-04-01,2026-03-04,5289,2026-04-30,28,0.010299824400225118,0.40310078859329224,0.2539404332637787,1.0,0.9722222089767456,0.7976190447807312
2026-04,2026-04-01,2026-04-30,2024-04-01,2026-03-04,3555,2026-04-30,29,0.009640848381099422,-0.1561264842748642,-0.30528685450553894,1.0,0.9722222089767456,0.7976190447807312
2026-04,2026-04-01,2026-04-30,2024-04-01,2026-03-04,3105,2026-04-30,30,0.006496663806981634,-0.04701627418398857,-0.19617663323879242,1.0,0.9722222089767456,0.7976190447807312
2026-05,2026-05-01,2026-05-31,2024-05-01,2026-04-01,3004,2026-05-15,1,-0.014135806235224362,0.10330578684806824,0.03052200749516487,0.9166666865348816,0.9642857313156128,0.30158731341362
2026-05,2026-05-01,2026-05-31,2024-05-01,2026-04-01,3036,2026-05-15,2,-0.014135806235224362,-0.15682657063007355,-0.2296103537082672,0.9166666865348816,0.9642857313156128,0.30158731341362
2026-05,2026-05-01,2026-05-31,2024-05-01,2026-04-01,3030,2026-05-15,3,-0.014135806235224362,-0.16342411935329437,-0.23620790243148804,0.9166666865348816,0.9642857313156128,0.30158731341362
2026-05,2026-05-01,2026-05-31,2024-05-01,2026-04-01,2313,2026-05-15,4,-0.014135806235224362,0.12393162399530411,0.05114784464240074,0.9166666865348816,0.9642857313156128,0.30158731341362
2026-05,2026-05-01,2026-05-31,2024-05-01,2026-04-01,2481,2026-05-15,5,-0.014135806235224362,0.2554112672805786,0.18262748420238495,0.9166666865348816,0.9642857313156128,0.30158731341362
2026-05,2026-05-01,2026-05-31,2024-05-01,2026-04-01,3533,2026-05-15,6,-0.014135806235224362,-0.03030303120613098,-0.10308681428432465,0.9166666865348816,0.9642857313156128,0.30158731341362
2026-05,2026-05-01,2026-05-31,2024-05-01,2026-04-01,2317,2026-05-15,7,-0.014135806235224362,0.03784860670566559,-0.03493517264723778,0.9166666865348816,0.9642857313156128,0.30158731341362
2026-05,2026-05-01,2026-05-31,2024-05-01,2026-04-01,2548,2026-05-15,8,-0.014135806235224362,-0.1620553433895111,-0.23483912646770477,0.9166666865348816,0.9642857313156128,0.30158731341362
2026-05,2026-05-01,2026-05-31,2024-05-01,2026-04-01,8210,2026-05-15,9,-0.014135806235224362,0.06498195230960846,-0.007801827974617481,0.9166666865348816,0.9642857313156128,0.30158731341362
2026-05,2026-05-01,2026-05-31,2024-05-01,2026-04-01,9939,2026-05-15,10,-0.014135806235224362,0.07228915393352509,-0.0004946262342855334,0.9166666865348816,0.9642857313156128,0.30158731341362
2026-05,2026-05-01,2026-05-31,2024-05-01,2026-04-01,3189,2026-05-15,11,-0.014135806235224362,0.2923728823661804,0.21958909928798676,0.9166666865348816,0.9642857313156128,0.30158731341362
2026-05,2026-05-01,2026-05-31,2024-05-01,2026-04-01,2049,2026-05-15,12,-0.014135806235224362,-0.17579618096351624,-0.2485799640417099,0.9166666865348816,0.9642857313156128,0.30158731341362
2026-05,2026-05-01,2026-05-31,2024-05-01,2026-04-01,2379,2026-05-15,13,-0.014135806235224362,0.1318681389093399,0.05908435955643654,0.9166666865348816,0.9642857313156128,0.30158731341362
2026-05,2026-05-01,2026-05-31,2024-05-01,2026-04-01,2327,2026-05-15,14,-0.014135806235224362,0.800000011920929,0.7272162437438965,0.9166666865348816,0.9642857313156128,0.30158731341362
2026-05,2026-05-01,2026-05-31,2024-05-01,2026-04-01,2489,2026-05-15,15,-0.014135806235224362,0.033498816192150116,-0.03928496316075325,0.9166666865348816,0.9642857313156128,0.30158731341362
2026-05,2026-05-01,2026-05-31,2024-05-01,2026-04-01,2360,2026-05-15,16,-0.014135806235224362,0.07999999821186066,0.007216217927634716,0.9166666865348816,0.9642857313156128,0.30158731341362
2026-05,2026-05-01,2026-05-31,2024-05-01,2026-04-01,8996,2026-05-15,17,-0.014135806235224362,0.1116504818201065,0.03886670246720314,0.9166666865348816,0.9642857313156128,0.30158731341362
2026-05,2026-05-01,2026-05-31,2024-05-01,2026-04-01,2330,2026-05-15,18,-0.014135806235224362,0.03820224851369858,-0.03458153083920479,0.9166666865348816,0.9642857313156128,0.30158731341362
2026-05,2026-05-01,2026-05-31,2024-05-01,2026-04-01,1215,2026-05-15,19,-0.014135806235224362,-0.15714286267757416,-0.22992664575576782,0.9166666865348816,0.9642857313156128,0.30158731341362
2026-05,2026-05-01,2026-05-31,2024-05-01,2026-04-01,9958,2026-05-15,20,-0.014135806235224362,0.07655502110719681,0.003771240822970867,0.9166666865348816,0.9642857313156128,0.30158731341362
2026-05,2026-05-01,2026-05-31,2024-05-01,2026-04-01,1605,2026-05-15,21,-0.014135806235224362,0.09117226302623749,0.01838848367333412,0.9166666865348816,0.9642857313156128,0.30158731341362
2026-05,2026-05-01,2026-05-31,2024-05-01,2026-04-01,2542,2026-05-15,22,-0.014135806235224362,0.0309633556753397,-0.041820425540208817,0.9166666865348816,0.9642857313156128,0.30158731341362
2026-05,2026-05-01,2026-05-31,2024-05-01,2026-04-01,2412,2026-05-15,23,-0.014135806235224362,0.050724636763334274,-0.022059142589569092,0.9166666865348816,0.9642857313156128,0.30158731341362
2026-05,2026-05-01,2026-05-31,2024-05-01,2026-04-01,3406,2026-05-15,24,-0.014135806235224362,0.11447811126708984,0.04169433191418648,0.9166666865348816,0.9642857313156128,0.30158731341362
2026-05,2026-05-01,2026-05-31,2024-05-01,2026-04-01,3034,2026-05-15,25,-0.014135806235224362,0.04157782346010208,-0.031205955892801285,0.9166666865348816,0.9642857313156128,0.30158731341362
2026-05,2026-05-01,2026-05-31,2024-05-01,2026-04-01,3044,2026-05-15,26,-0.014135806235224362,0.061965811997652054,-0.010817968286573887,0.9166666865348816,0.9642857313156128,0.30158731341362
2026-05,2026-05-01,2026-05-31,2024-05-01,2026-04-01,3583,2026-05-15,27,-0.014135806235224362,-0.074884794652462,-0.14766857028007507,0.9166666865348816,0.9642857313156128,0.30158731341362
2026-05,2026-05-01,2026-05-31,2024-05-01,2026-04-01,2344,2026-05-15,28,-0.014135806235224362,0.3650793731212616,0.2922956049442291,0.9166666865348816,0.9642857313156128,0.30158731341362
2026-05,2026-05-01,2026-05-31,2024-05-01,2026-04-01,2345,2026-05-15,29,-0.014135806235224362,-0.016842104494571686,-0.08962588757276535,0.9166666865348816,0.9642857313156128,0.30158731341362
2026-05,2026-05-01,2026-05-31,2024-05-01,2026-04-01,2347,2026-05-15,30,-0.014135806235224362,0.08131064474582672,0.00852686446160078,0.9166666865348816,0.9642857313156128,0.30158731341362
