month,fold_test_start,fold_test_end,train_start,train_end_exclusive,ticker,date,rank,pred_return,trade_return_20d,trade_excess_return_20d,taiex_20d_return_pct,taiex_vs_ma60_pct,market_breadth_20d_pct
2024-01,2024-01-01,2024-01-31,2022-01-01,2023-12-04,6202,2024-01-31,1,0.012558493600526832,-0.07142850756645203,-0.17408724129199982,0.4761904776096344,0.523809552192688,0.1031746044754982
2024-01,2024-01-01,2024-01-31,2022-01-01,2023-12-04,4142,2024-01-31,2,0.012558493600526832,-0.08589950203895569,-0.18855823576450348,0.4761904776096344,0.523809552192688,0.1031746044754982
2024-01,2024-01-01,2024-01-31,2022-01-01,2023-12-04,1786,2024-01-31,3,0.012558493600526832,0.19973362982273102,0.09707490354776382,0.4761904776096344,0.523809552192688,0.1031746044754982
2024-01,2024-01-01,2024-01-31,2022-01-01,2023-12-04,5203,2024-01-31,4,0.012558493600526832,-0.06399119645357132,-0.1666499227285385,0.4761904776096344,0.523809552192688,0.1031746044754982
2024-01,2024-01-01,2024-01-31,2022-01-01,2023-12-04,2379,2024-01-31,5,0.0123756477047473,0.27695557475090027,0.17429684102535248,0.4761904776096344,0.523809552192688,0.1031746044754982
2024-01,2024-01-01,2024-01-31,2022-01-01,2023-12-04,6166,2024-01-31,6,0.0123756477047473,-0.006504106801003218,-0.109162837266922,0.4761904776096344,0.523809552192688,0.1031746044754982
2024-01,2024-01-01,2024-01-31,2022-01-01,2023-12-04,2344,2024-01-31,7,0.0123756477047473,0.009191175922751427,-0.09346754848957062,0.4761904776096344,0.523809552192688,0.1031746044754982
2024-01,2024-01-01,2024-01-31,2022-01-01,2023-12-04,2337,2024-01-31,8,0.0123756477047473,-0.04852686822414398,-0.15118560194969177,0.4761904776096344,0.523809552192688,0.1031746044754982
2024-01,2024-01-01,2024-01-31,2022-01-01,2023-12-04,2020,2024-01-31,9,0.012290445018106897,0.11550144851207733,0.012842720374464989,0.4761904776096344,0.523809552192688,0.1031746044754982
2024-01,2024-01-01,2024-01-31,2022-01-01,2023-12-04,8261,2024-01-31,10,0.012184049335052353,-0.04494379088282585,-0.14760251343250275,0.4761904776096344,0.523809552192688,0.1031746044754982
2024-01,2024-01-01,2024-01-31,2022-01-01,2023-12-04,3293,2024-01-31,11,0.012107599122327365,0.262077271938324,0.15941853821277618,0.4761904776096344,0.523809552192688,0.1031746044754982
2024-01,2024-01-01,2024-01-31,2022-01-01,2023-12-04,2458,2024-01-31,12,0.012107599122327365,0.07023412734270096,-0.032424598932266235,0.4761904776096344,0.523809552192688,0.1031746044754982
2024-01,2024-01-01,2024-01-31,2022-01-01,2023-12-04,2885,2024-01-31,13,0.011900925959731115,0.055452860891819,-0.04720586538314819,0.4761904776096344,0.523809552192688,0.1031746044754982
2024-01,2024-01-01,2024-01-31,2022-01-01,2023-12-04,2883,2024-01-31,14,0.011900925959731115,0.11157026886940002,0.008911540731787682,0.4761904776096344,0.523809552192688,0.1031746044754982
2024-01,2024-01-01,2024-01-31,2022-01-01,2023-12-04,2845,2024-01-31,15,0.011900925959731115,0.14693890511989594,0.04428017884492874,0.4761904776096344,0.523809552192688,0.1031746044754982
2024-01,2024-01-01,2024-01-31,2022-01-01,2023-12-04,2891,2024-01-31,16,0.011900925959731115,0.06690147519111633,-0.03575725108385086,0.4761904776096344,0.523809552192688,0.1031746044754982
2024-01,2024-01-01,2024-01-31,2022-01-01,2023-12-04,2812,2024-01-31,17,0.011900925959731115,0.14715714752674103,0.044498421251773834,0.4761904776096344,0.523809552192688,0.1031746044754982
2024-01,2024-01-01,2024-01-31,2022-01-01,2023-12-04,1736,2024-01-31,18,0.011891745795678761,0.13056831061840057,0.02790958248078823,0.4761904776096344,0.523809552192688,0.1031746044754982
2024-01,2024-01-01,2024-01-31,2022-01-01,2023-12-04,2454,2024-01-31,19,0.011891745795678761,0.2881177067756653,0.1854589730501175,0.4761904776096344,0.523809552192688,0.1031746044754982
2024-01,2024-01-01,2024-01-31,2022-01-01,2023-12-04,4919,2024-01-31,20,0.011891745795678761,-0.031007852405309677,-0.13366657495498657,0.4761904776096344,0.523809552192688,0.1031746044754982
2024-01,2024-01-01,2024-01-31,2022-01-01,2023-12-04,2903,2024-01-31,21,0.011891745795678761,0.01414137426763773,-0.08851735293865204,0.4761904776096344,0.523809552192688,0.1031746044754982
2024-01,2024-01-01,2024-01-31,2022-01-01,2023-12-04,2723,2024-01-31,22,0.011891745795678761,-0.07620039582252502,-0.17885912954807281,0.4761904776096344,0.523809552192688,0.1031746044754982
2024-01,2024-01-01,2024-01-31,2022-01-01,2023-12-04,3030,2024-01-31,23,0.01172496427713011,0.08571431040763855,-0.016944417729973793,0.4761904776096344,0.523809552192688,0.1031746044754982
2024-01,2024-01-01,2024-01-31,2022-01-01,2023-12-04,5607,2024-01-31,24,0.011700147425983813,0.12072067707777023,0.01806194894015789,0.4761904776096344,0.523809552192688,0.1031746044754982
2024-01,2024-01-01,2024-01-31,2022-01-01,2023-12-04,2493,2024-01-31,25,0.011700147425983813,0.01960785686969757,-0.08305086940526962,0.4761904776096344,0.523809552192688,0.1031746044754982
2024-01,2024-01-01,2024-01-31,2022-01-01,2023-12-04,3708,2024-01-31,26,0.011700147425983813,0.09979633241891861,-0.002862395718693733,0.4761904776096344,0.523809552192688,0.1031746044754982
2024-01,2024-01-01,2024-01-31,2022-01-01,2023-12-04,6206,2024-01-31,27,0.011700147425983813,0.10534118860960007,0.0026824604719877243,0.4761904776096344,0.523809552192688,0.1031746044754982
2024-01,2024-01-01,2024-01-31,2022-01-01,2023-12-04,3056,2024-01-31,28,0.011700147425983813,-0.031914833933115005,-0.1345735639333725,0.4761904776096344,0.523809552192688,0.1031746044754982
2024-01,2024-01-01,2024-01-31,2022-01-01,2023-12-04,6449,2024-01-31,29,0.011700147425983813,0.15652184188365936,0.05386311560869217,0.4761904776096344,0.523809552192688,0.1031746044754982
2024-01,2024-01-01,2024-01-31,2022-01-01,2023-12-04,3022,2024-01-31,30,0.011700147425983813,0.02048657089471817,-0.08217215538024902,0.4761904776096344,0.523809552192688,0.1031746044754982
2024-02,2024-02-01,2024-02-29,2022-02-01,2024-01-04,5314,2024-02-29,1,0.20652300352367203,0.771844744682312,0.709642231464386,0.9047619104385376,0.9365079402923584,0.6666666865348816
2024-02,2024-02-01,2024-02-29,2022-02-01,2024-01-04,6462,2024-02-29,2,0.08933236222949194,-0.25,-0.3122025430202484,0.9047619104385376,0.9365079402923584,0.6666666865348816
2024-02,2024-02-01,2024-02-29,2022-02-01,2024-01-04,8089,2024-02-29,3,0.06105627078870971,-0.28861331939697266,-0.35081586241722107,0.9047619104385376,0.9365079402923584,0.6666666865348816
2024-02,2024-02-01,2024-02-29,2022-02-01,2024-01-04,6684,2024-02-29,4,0.05430321770133966,-0.3086419701576233,-0.3708445131778717,0.9047619104385376,0.9365079402923584,0.6666666865348816
2024-02,2024-02-01,2024-02-29,2022-02-01,2024-01-04,1591,2024-02-29,5,0.05427941157058867,0.03144654259085655,-0.03075599856674671,0.9047619104385376,0.9365079402923584,0.6666666865348816
2024-02,2024-02-01,2024-02-29,2022-02-01,2024-01-04,6919,2024-02-29,6,0.04797506727240024,0.47058823704719543,0.408385694026947,0.9047619104385376,0.9365079402923584,0.6666666865348816
2024-02,2024-02-01,2024-02-29,2022-02-01,2024-01-04,1316,2024-02-29,7,0.04527188809292557,-0.11467890441417694,-0.17688144743442535,0.9047619104385376,0.9365079402923584,0.6666666865348816
2024-02,2024-02-01,2024-02-29,2022-02-01,2024-01-04,6231,2024-02-29,8,0.04456760165802905,-0.17028376460075378,-0.2324863076210022,0.9047619104385376,0.9365079402923584,0.6666666865348816
2024-02,2024-02-01,2024-02-29,2022-02-01,2024-01-04,3360,2024-02-29,9,0.04419642520109728,-0.33116886019706726,-0.3933714032173157,0.9047619104385376,0.9365079402923584,0.6666666865348816
2024-02,2024-02-01,2024-02-29,2022-02-01,2024-01-04,3066,2024-02-29,10,0.04147900028106653,-0.1996336579322815,-0.2618362009525299,0.9047619104385376,0.9365079402923584,0.6666666865348816
2024-02,2024-02-01,2024-02-29,2022-02-01,2024-01-04,4772,2024-02-29,11,0.040615770184309785,-0.023195911198854446,-0.08539845049381256,0.9047619104385376,0.9365079402923584,0.6666666865348816
2024-02,2024-02-01,2024-02-29,2022-02-01,2024-01-04,3234,2024-02-29,12,0.03833735060019373,-0.015625059604644775,-0.07782760262489319,0.9047619104385376,0.9365079402923584,0.6666666865348816
2024-02,2024-02-01,2024-02-29,2022-02-01,2024-01-04,1436,2024-02-29,13,0.0380510529179152,0.21991242468357086,0.15770988166332245,0.9047619104385376,0.9365079402923584,0.6666666865348816
2024-02,2024-02-01,2024-02-29,2022-02-01,2024-01-04,6643,2024-02-29,14,0.03733126537927092,-0.29781413078308105,-0.36001667380332947,0.9047619104385376,0.9365079402923584,0.6666666865348816
2024-02,2024-02-01,2024-02-29,2022-02-01,2024-01-04,2530,2024-02-29,15,0.037117762553965115,0.1849406510591507,0.12273810803890228,0.9047619104385376,0.9365079402923584,0.6666666865348816
2024-02,2024-02-01,2024-02-29,2022-02-01,2024-01-04,3228,2024-02-29,16,0.03633121357054425,0.051080550998449326,-0.011121989227831364,0.9047619104385376,0.9365079402923584,0.6666666865348816
2024-02,2024-02-01,2024-02-29,2022-02-01,2024-01-04,6739,2024-02-29,17,0.0362880186113465,-0.021978003904223442,-0.08418054133653641,0.9047619104385376,0.9365079402923584,0.6666666865348816
2024-02,2024-02-01,2024-02-29,2022-02-01,2024-01-04,5272,2024-02-29,18,0.03604197439355547,-0.15012109279632568,-0.2123236358165741,0.9047619104385376,0.9365079402923584,0.6666666865348816
2024-02,2024-02-01,2024-02-29,2022-02-01,2024-01-04,3354,2024-02-29,19,0.034249829050176615,-0.18448276817798615,-0.24668531119823456,0.9047619104385376,0.9365079402923584,0.6666666865348816
2024-02,2024-02-01,2024-02-29,2022-02-01,2024-01-04,8054,2024-02-29,20,0.03408445331307953,-0.13855420053005219,-0.2007567435503006,0.9047619104385376,0.9365079402923584,0.6666666865348816
2024-02,2024-02-01,2024-02-29,2022-02-01,2024-01-04,6265,2024-02-29,21,0.03372044022610818,-0.19520549476146698,-0.2574080228805542,0.9047619104385376,0.9365079402923584,0.6666666865348816
2024-02,2024-02-01,2024-02-29,2022-02-01,2024-01-04,2465,2024-02-29,22,0.033407734217735165,-0.19649122655391693,-0.25869375467300415,0.9047619104385376,0.9365079402923584,0.6666666865348816
2024-02,2024-02-01,2024-02-29,2022-02-01,2024-01-04,2365,2024-02-29,23,0.03270776912460065,-0.146938756108284,-0.2091412991285324,0.9047619104385376,0.9365079402923584,0.6666666865348816
2024-02,2024-02-01,2024-02-29,2022-02-01,2024-01-04,1808,2024-02-29,24,0.030077396822095554,0.2211538404226303,0.1589512974023819,0.9047619104385376,0.9365079402923584,0.6666666865348816
2024-02,2024-02-01,2024-02-29,2022-02-01,2024-01-04,3055,2024-02-29,25,0.03001055050389497,-0.14819282293319702,-0.21039536595344543,0.9047619104385376,0.9365079402923584,0.6666666865348816
2024-02,2024-02-01,2024-02-29,2022-02-01,2024-01-04,3529,2024-02-29,26,0.029997185762119447,-0.12408756464719772,-0.18629010021686554,0.9047619104385376,0.9365079402923584,0.6666666865348816
2024-02,2024-02-01,2024-02-29,2022-02-01,2024-01-04,2467,2024-02-29,27,0.02967119791737583,0.007905121892690659,-0.054297417402267456,0.9047619104385376,0.9365079402923584,0.6666666865348816
2024-02,2024-02-01,2024-02-29,2022-02-01,2024-01-04,2545,2024-02-29,28,0.028840906542503514,0.03935189172625542,-0.022850649431347847,0.9047619104385376,0.9365079402923584,0.6666666865348816
2024-02,2024-02-01,2024-02-29,2022-02-01,2024-01-04,2527,2024-02-29,29,0.02879668519270316,0.2583200931549072,0.1961175501346588,0.9047619104385376,0.9365079402923584,0.6666666865348816
2024-02,2024-02-01,2024-02-29,2022-02-01,2024-01-04,6219,2024-02-29,30,0.028276144517343255,0.07121658325195312,0.009014043025672436,0.9047619104385376,0.9365079402923584,0.6666666865348816
2024-03,2024-03-01,2024-03-31,2022-03-01,2024-01-23,5314,2024-03-29,1,0.0477798819975567,-0.26585689187049866,-0.2708902955055237,0.8134920597076416,0.9444444179534912,0.1785714328289032
2024-03,2024-03-01,2024-03-31,2022-03-01,2024-01-23,8045,2024-03-29,2,0.030757174182946125,-0.14411766827106476,-0.14915108680725098,0.8134920597076416,0.9444444179534912,0.1785714328289032
2024-03,2024-03-01,2024-03-31,2022-03-01,2024-01-23,6919,2024-03-29,3,0.030757174182946125,0.48837220668792725,0.4833388030529022,0.8134920597076416,0.9444444179534912,0.1785714328289032
2024-03,2024-03-01,2024-03-31,2022-03-01,2024-01-23,7721,2024-03-29,4,0.029743958088602265,0.04913674294948578,0.04410332813858986,0.8134920597076416,0.9444444179534912,0.1785714328289032
2024-03,2024-03-01,2024-03-31,2022-03-01,2024-01-23,3135,2024-03-29,5,0.029743958088602265,-0.0692090317606926,-0.07424245029687881,0.8134920597076416,0.9444444179534912,0.1785714328289032
2024-03,2024-03-01,2024-03-31,2022-03-01,2024-01-23,4772,2024-03-29,6,0.029380154291167963,-0.03243241086602211,-0.03746582567691803,0.8134920597076416,0.9444444179534912,0.1785714328289032
2024-03,2024-03-01,2024-03-31,2022-03-01,2024-01-23,2611,2024-03-29,7,0.011809408642728446,0.27682405710220337,0.27179065346717834,0.8134920597076416,0.9444444179534912,0.1785714328289032
2024-03,2024-03-01,2024-03-31,2022-03-01,2024-01-23,6994,2024-03-29,8,0.011296807470462893,0.017777778208255768,0.012744363397359848,0.8134920597076416,0.9444444179534912,0.1785714328289032
2024-03,2024-03-01,2024-03-31,2022-03-01,2024-01-23,1436,2024-03-29,9,0.009478748745592179,0.30493277311325073,0.2998993694782257,0.8134920597076416,0.9444444179534912,0.1785714328289032
2024-03,2024-03-01,2024-03-31,2022-03-01,2024-01-23,1591,2024-03-29,10,0.009478748745592179,-0.08035711199045181,-0.08539053052663803,0.8134920597076416,0.9444444179534912,0.1785714328289032
2024-03,2024-03-01,2024-03-31,2022-03-01,2024-01-23,3234,2024-03-29,11,0.009478748745592179,0.2468828409910202,0.24184942245483398,0.8134920597076416,0.9444444179534912,0.1785714328289032
2024-03,2024-03-01,2024-03-31,2022-03-01,2024-01-23,8027,2024-03-29,12,0.009478748745592179,-0.007602028548717499,-0.012635443359613419,0.8134920597076416,0.9444444179534912,0.1785714328289032
2024-03,2024-03-01,2024-03-31,2022-03-01,2024-01-23,5274,2024-03-29,13,0.009478748745592179,-0.0791044607758522,-0.08413787931203842,0.8134920597076416,0.9444444179534912,0.1785714328289032
2024-03,2024-03-01,2024-03-31,2022-03-01,2024-01-23,6187,2024-03-29,14,0.009465164738249291,-0.03682168945670128,-0.0418551042675972,0.8134920597076416,0.9444444179534912,0.1785714328289032
2024-03,2024-03-01,2024-03-31,2022-03-01,2024-01-23,3588,2024-03-29,15,0.009465164738249291,-0.13719810545444489,-0.1422315239906311,0.8134920597076416,0.9444444179534912,0.1785714328289032
2024-03,2024-03-01,2024-03-31,2022-03-01,2024-01-23,6425,2024-03-29,16,0.009444482240398143,0.2584574520587921,0.2534240484237671,0.8134920597076416,0.9444444179534912,0.1785714328289032
2024-03,2024-03-01,2024-03-31,2022-03-01,2024-01-23,6735,2024-03-29,17,0.009388817904768008,-0.15115205943584442,-0.15618547797203064,0.8134920597076416,0.9444444179534912,0.1785714328289032
2024-03,2024-03-01,2024-03-31,2022-03-01,2024-01-23,4562,2024-03-29,18,0.009274284481409763,-0.05384611338376999,-0.05887952819466591,0.8134920597076416,0.9444444179534912,0.1785714328289032
2024-03,2024-03-01,2024-03-31,2022-03-01,2024-01-23,6207,2024-03-29,19,0.009274284481409763,0.5272727608680725,0.5222393274307251,0.8134920597076416,0.9444444179534912,0.1785714328289032
2024-03,2024-03-01,2024-03-31,2022-03-01,2024-01-23,2547,2024-03-29,20,0.009274284481409763,0.19238467514514923,0.187351256608963,0.8134920597076416,0.9444444179534912,0.1785714328289032
2024-03,2024-03-01,2024-03-31,2022-03-01,2024-01-23,8147,2024-03-29,21,0.009260700474066876,-0.2142856866121292,-0.21931910514831543,0.8134920597076416,0.9444444179534912,0.1785714328289032
2024-03,2024-03-01,2024-03-31,2022-03-01,2024-01-23,1786,2024-03-29,22,0.008647858502640585,0.07107105106115341,0.0660376325249672,0.8134920597076416,0.9444444179534912,0.1785714328289032
2024-03,2024-03-01,2024-03-31,2022-03-01,2024-01-23,4746,2024-03-29,23,0.008647858502640585,-0.07762554287910461,-0.08265896141529083,0.8134920597076416,0.9444444179534912,0.1785714328289032
2024-03,2024-03-01,2024-03-31,2022-03-01,2024-01-23,1216,2024-03-29,24,0.008647858502640585,-0.0077820816077291965,-0.012815496884286404,0.8134920597076416,0.9444444179534912,0.1785714328289032
2024-03,2024-03-01,2024-03-31,2022-03-01,2024-01-23,2454,2024-03-29,25,0.008634274495297698,-0.1663864701986313,-0.1714198887348175,0.8134920597076416,0.9444444179534912,0.1785714328289032
2024-03,2024-03-01,2024-03-31,2022-03-01,2024-01-23,6223,2024-03-29,26,0.008634274495297698,0.39968395233154297,0.39465054869651794,0.8134920597076416,0.9444444179534912,0.1785714328289032
2024-03,2024-03-01,2024-03-31,2022-03-01,2024-01-23,5269,2024-03-29,27,0.008634274495297698,-0.192546546459198,-0.19757996499538422,0.8134920597076416,0.9444444179534912,0.1785714328289032
2024-03,2024-03-01,2024-03-31,2022-03-01,2024-01-23,2379,2024-03-29,28,0.008634274495297698,-0.07500002533197403,-0.08003344386816025,0.8134920597076416,0.9444444179534912,0.1785714328289032
2024-03,2024-03-01,2024-03-31,2022-03-01,2024-01-23,3228,2024-03-29,29,0.008616265414408894,-0.375,-0.380033403635025,0.8134920597076416,0.9444444179534912,0.1785714328289032
2024-03,2024-03-01,2024-03-31,2022-03-01,2024-01-23,3030,2024-03-29,30,0.008616265414408894,0.20181411504745483,0.19678069651126862,0.8134920597076416,0.9444444179534912,0.1785714328289032
2024-04,2024-04-01,2024-04-30,2022-04-01,2024-03-04,2363,2024-04-30,1,0.022963915870208018,-0.03236247971653938,-0.09442676603794098,0.5198412537574768,0.7420634627342224,0.7579365372657776
2024-04,2024-04-01,2024-04-30,2022-04-01,2024-03-04,1436,2024-04-30,2,0.009338633278318494,-0.06484649330377579,-0.12691077589988708,0.5198412537574768,0.7420634627342224,0.7579365372657776
2024-04,2024-04-01,2024-04-30,2022-04-01,2024-03-04,6919,2024-04-30,3,0.009288138345723073,0.07682283222675323,0.014758545905351639,0.5198412537574768,0.7420634627342224,0.7579365372657776
2024-04,2024-04-01,2024-04-30,2022-04-01,2024-03-04,5324,2024-04-30,4,0.00819295778250423,-0.02684561349451542,-0.08890990167856216,0.5198412537574768,0.7420634627342224,0.7579365372657776
2024-04,2024-04-01,2024-04-30,2022-04-01,2024-03-04,2467,2024-04-30,5,0.008111336167653416,0.06415097415447235,0.0020866882987320423,0.5198412537574768,0.7420634627342224,0.7579365372657776
2024-04,2024-04-01,2024-04-30,2022-04-01,2024-03-04,6215,2024-04-30,6,0.008088161097350971,0.3002309799194336,0.2381666898727417,0.5198412537574768,0.7420634627342224,0.7579365372657776
2024-04,2024-04-01,2024-04-30,2022-04-01,2024-03-04,6425,2024-04-30,7,0.007937317050090936,-0.19607849419116974,-0.25814276933670044,0.5198412537574768,0.7420634627342224,0.7579365372657776
2024-04,2024-04-01,2024-04-30,2022-04-01,2024-03-04,4416,2024-04-30,8,0.0076056492263756196,-0.09905658662319183,-0.16112087666988373,0.5198412537574768,0.7420634627342224,0.7579365372657776
2024-04,2024-04-01,2024-04-30,2022-04-01,2024-03-04,6526,2024-04-30,9,0.0076056492263756196,0.10666659474372864,0.04460230842232704,0.5198412537574768,0.7420634627342224,0.7579365372657776
2024-04,2024-04-01,2024-04-30,2022-04-01,2024-03-04,3563,2024-04-30,10,0.0076056492263756196,-0.1608315110206604,-0.2228958010673523,0.5198412537574768,0.7420634627342224,0.7579365372657776
2024-04,2024-04-01,2024-04-30,2022-04-01,2024-03-04,6419,2024-04-30,11,0.0076056492263756196,0.9545455574989319,0.89248126745224,0.5198412537574768,0.7420634627342224,0.7579365372657776
2024-04,2024-04-01,2024-04-30,2022-04-01,2024-03-04,5490,2024-04-30,12,0.0076056492263756196,-0.03723413124680519,-0.09929841756820679,0.5198412537574768,0.7420634627342224,0.7579365372657776
2024-04,2024-04-01,2024-04-30,2022-04-01,2024-03-04,5530,2024-04-30,13,0.0076056492263756196,0.05340905487537384,-0.008655231446027756,0.5198412537574768,0.7420634627342224,0.7579365372657776
2024-04,2024-04-01,2024-04-30,2022-04-01,2024-03-04,8045,2024-04-30,14,0.00743867462899081,-0.17687076330184937,-0.23893505334854126,0.5198412537574768,0.7420634627342224,0.7579365372657776
2024-04,2024-04-01,2024-04-30,2022-04-01,2024-03-04,1442,2024-04-30,15,0.00743867462899081,0.015624982304871082,-0.04643930494785309,0.5198412537574768,0.7420634627342224,0.7579365372657776
2024-04,2024-04-01,2024-04-30,2022-04-01,2024-03-04,2851,2024-04-30,16,0.00743867462899081,0.01660519652068615,-0.0454590879380703,0.5198412537574768,0.7420634627342224,0.7579365372657776
2024-04,2024-04-01,2024-04-30,2022-04-01,2024-03-04,6199,2024-04-30,17,0.007287391984441897,-0.03733764961361885,-0.09940193593502045,0.5198412537574768,0.7420634627342224,0.7579365372657776
2024-04,2024-04-01,2024-04-30,2022-04-01,2024-03-04,2423,2024-04-30,18,0.007287391984441897,-0.08105261623859406,-0.14311690628528595,0.5198412537574768,0.7420634627342224,0.7579365372657776
2024-04,2024-04-01,2024-04-30,2022-04-01,2024-03-04,3705,2024-04-30,19,0.007287391984441897,0.09723641723394394,0.03517213091254234,0.5198412537574768,0.7420634627342224,0.7579365372657776
2024-04,2024-04-01,2024-04-30,2022-04-01,2024-03-04,2611,2024-04-30,20,0.007287391984441897,0.06543618440628052,0.003371898550540209,0.5198412537574768,0.7420634627342224,0.7579365372657776
2024-04,2024-04-01,2024-04-30,2022-04-01,2024-03-04,2903,2024-04-30,21,0.007287391984441897,-0.05441173166036606,-0.11647601425647736,0.5198412537574768,0.7420634627342224,0.7579365372657776
2024-04,2024-04-01,2024-04-30,2022-04-01,2024-03-04,4129,2024-04-30,22,0.007287391984441897,-0.05599997565150261,-0.1180642619729042,0.5198412537574768,0.7420634627342224,0.7579365372657776
2024-04,2024-04-01,2024-04-30,2022-04-01,2024-03-04,3617,2024-04-30,23,0.007287391984441897,0.06844096630811691,0.006376680452376604,0.5198412537574768,0.7420634627342224,0.7579365372657776
2024-04,2024-04-01,2024-04-30,2022-04-01,2024-03-04,3455,2024-04-30,24,0.007287391984441897,0.2679954767227173,0.2059311866760254,0.5198412537574768,0.7420634627342224,0.7579365372657776
2024-04,2024-04-01,2024-04-30,2022-04-01,2024-03-04,6187,2024-04-30,25,0.007287391984441897,-0.020161278545856476,-0.08222556114196777,0.5198412537574768,0.7420634627342224,0.7579365372657776
2024-04,2024-04-01,2024-04-30,2022-04-01,2024-03-04,8464,2024-04-30,26,0.007287391984441897,-0.07427047193050385,-0.13633476197719574,0.5198412537574768,0.7420634627342224,0.7579365372657776
2024-04,2024-04-01,2024-04-30,2022-04-01,2024-03-04,3030,2024-04-30,27,0.007287391984441897,0.6948358416557312,0.6327715516090393,0.5198412537574768,0.7420634627342224,0.7579365372657776
2024-04,2024-04-01,2024-04-30,2022-04-01,2024-03-04,1786,2024-04-30,28,0.007287391984441897,-0.0607476681470871,-0.1228119507431984,0.5198412537574768,0.7420634627342224,0.7579365372657776
2024-04,2024-04-01,2024-04-30,2022-04-01,2024-03-04,1736,2024-04-30,29,0.007287391984441897,0.04146923869848251,-0.020595047622919083,0.5198412537574768,0.7420634627342224,0.7579365372657776
2024-04,2024-04-01,2024-04-30,2022-04-01,2024-03-04,3526,2024-04-30,30,0.007267854505028181,0.1295454353094101,0.0674811527132988,0.5198412537574768,0.7420634627342224,0.7579365372657776
2024-05,2024-05-01,2024-05-31,2022-05-01,2024-04-01,3466,2024-05-31,1,0.010017031950180697,-0.014510241337120533,-0.10350286960601807,0.7341269850730896,0.6190476417541504,0.6269841194152832
2024-05,2024-05-01,2024-05-31,2022-05-01,2024-04-01,3321,2024-05-31,2,0.009383387163724392,0.02137770876288414,-0.06761492043733597,0.7341269850730896,0.6190476417541504,0.6269841194152832
2024-05,2024-05-01,2024-05-31,2022-05-01,2024-04-01,4991,2024-05-31,3,0.009383387163724392,0.10807608813047409,0.019083457067608833,0.7341269850730896,0.6190476417541504,0.6269841194152832
2024-05,2024-05-01,2024-05-31,2022-05-01,2024-04-01,6919,2024-05-31,4,0.009277217770867829,0.7906137704849243,0.7016211152076721,0.7341269850730896,0.6190476417541504,0.6269841194152832
2024-05,2024-05-01,2024-05-31,2022-05-01,2024-04-01,8089,2024-05-31,5,0.008839129844518682,0.1238531842827797,0.034860555082559586,0.7341269850730896,0.6190476417541504,0.6269841194152832
2024-05,2024-05-01,2024-05-31,2022-05-01,2024-04-01,3234,2024-05-31,6,0.008265361787356887,-0.023109212517738342,-0.11210184544324875,0.7341269850730896,0.6190476417541504,0.6269841194152832
2024-05,2024-05-01,2024-05-31,2022-05-01,2024-04-01,2102,2024-05-31,7,0.008265361787356887,-0.03953490033745766,-0.12852753698825836,0.7341269850730896,0.6190476417541504,0.6269841194152832
2024-05,2024-05-01,2024-05-31,2022-05-01,2024-04-01,3047,2024-05-31,8,0.00805177076089567,0.25903618335723877,0.17004355788230896,0.7341269850730896,0.6190476417541504,0.6269841194152832
2024-05,2024-05-01,2024-05-31,2022-05-01,2024-04-01,3055,2024-05-31,9,0.00805177076089567,0.002120885532349348,-0.08687174320220947,0.7341269850730896,0.6190476417541504,0.6269841194152832
2024-05,2024-05-01,2024-05-31,2022-05-01,2024-04-01,4949,2024-05-31,10,0.007517365772742647,0.047933921217918396,-0.04105870798230171,0.7341269850730896,0.6190476417541504,0.6269841194152832
2024-05,2024-05-01,2024-05-31,2022-05-01,2024-04-01,1563,2024-05-31,11,0.007517365772742647,-0.0458015501499176,-0.1347941756248474,0.7341269850730896,0.6190476417541504,0.6269841194152832
2024-05,2024-05-01,2024-05-31,2022-05-01,2024-04-01,5490,2024-05-31,12,0.007280957962477154,0.29357802867889404,0.20458540320396423,0.7341269850730896,0.6190476417541504,0.6269841194152832
2024-05,2024-05-01,2024-05-31,2022-05-01,2024-04-01,3230,2024-05-31,13,0.007280957962477154,0.03492056205868721,-0.0540720671415329,0.7341269850730896,0.6190476417541504,0.6269841194152832
2024-05,2024-05-01,2024-05-31,2022-05-01,2024-04-01,2406,2024-05-31,14,0.007280957962477154,0.1567329466342926,0.0677403137087822,0.7341269850730896,0.6190476417541504,0.6269841194152832
2024-05,2024-05-01,2024-05-31,2022-05-01,2024-04-01,8096,2024-05-31,15,0.007280957962477154,0.13194435834884644,0.04295172914862633,0.7341269850730896,0.6190476417541504,0.6269841194152832
2024-05,2024-05-01,2024-05-31,2022-05-01,2024-04-01,4534,2024-05-31,16,0.007280957962477154,0.4501718282699585,0.3611792027950287,0.7341269850730896,0.6190476417541504,0.6269841194152832
2024-05,2024-05-01,2024-05-31,2022-05-01,2024-04-01,2528,2024-05-31,17,0.006933745384528164,-0.07910753041505814,-0.16810016334056854,0.7341269850730896,0.6190476417541504,0.6269841194152832
2024-05,2024-05-01,2024-05-31,2022-05-01,2024-04-01,3379,2024-05-31,18,0.006933745384528164,0.17731958627700806,0.08832695335149765,0.7341269850730896,0.6190476417541504,0.6269841194152832
2024-05,2024-05-01,2024-05-31,2022-05-01,2024-04-01,8027,2024-05-31,19,0.006933745384528164,0.09012875705957413,0.0011361261131241918,0.7341269850730896,0.6190476417541504,0.6269841194152832
2024-05,2024-05-01,2024-05-31,2022-05-01,2024-04-01,3490,2024-05-31,20,0.006933745384528164,-0.05198029428720474,-0.14097292721271515,0.7341269850730896,0.6190476417541504,0.6269841194152832
2024-05,2024-05-01,2024-05-31,2022-05-01,2024-04-01,3056,2024-05-31,21,0.006933745384528164,0.05162234604358673,-0.03737028315663338,0.7341269850730896,0.6190476417541504,0.6269841194152832
2024-05,2024-05-01,2024-05-31,2022-05-01,2024-04-01,6180,2024-05-31,22,0.006552613898470889,-0.026066364720463753,-0.11505899578332901,0.7341269850730896,0.6190476417541504,0.6269841194152832
2024-05,2024-05-01,2024-05-31,2022-05-01,2024-04-01,8438,2024-05-31,23,0.006552613898470889,-0.16078752279281616,-0.24978014826774597,0.7341269850730896,0.6190476417541504,0.6269841194152832
2024-05,2024-05-01,2024-05-31,2022-05-01,2024-04-01,1104,2024-05-31,24,0.006552613898470889,0.06461086869239807,-0.024381762370467186,0.7341269850730896,0.6190476417541504,0.6269841194152832
2024-05,2024-05-01,2024-05-31,2022-05-01,2024-04-01,1108,2024-05-31,25,0.006552613898470889,-0.017595265060663223,-0.10658789426088333,0.7341269850730896,0.6190476417541504,0.6269841194152832
2024-05,2024-05-01,2024-05-31,2022-05-01,2024-04-01,9958,2024-05-31,26,0.006552613898470889,0.020689694210886955,-0.0683029368519783,0.7341269850730896,0.6190476417541504,0.6269841194152832
2024-05,2024-05-01,2024-05-31,2022-05-01,2024-04-01,2015,2024-05-31,27,0.006552613898470889,0.05616432800889015,-0.032828301191329956,0.7341269850730896,0.6190476417541504,0.6269841194152832
2024-05,2024-05-01,2024-05-31,2022-05-01,2024-04-01,3293,2024-05-31,28,0.006552613898470889,0.3564358055591583,0.2674431800842285,0.7341269850730896,0.6190476417541504,0.6269841194152832
2024-05,2024-05-01,2024-05-31,2022-05-01,2024-04-01,8415,2024-05-31,29,0.006552613898470889,-0.0641200914978981,-0.1531127244234085,0.7341269850730896,0.6190476417541504,0.6269841194152832
2024-05,2024-05-01,2024-05-31,2022-05-01,2024-04-01,2020,2024-05-31,30,0.006552613898470889,-0.0618877150118351,-0.1508803516626358,0.7341269850730896,0.6190476417541504,0.6269841194152832
2024-06,2024-06-01,2024-06-30,2022-06-01,2024-05-06,7751,2024-06-28,1,0.08435682933820464,0.2368381917476654,0.2719489336013794,0.7658730149269104,0.8571428656578064,0.5198412537574768
2024-06,2024-06-01,2024-06-30,2022-06-01,2024-05-06,5484,2024-06-28,2,0.05555949206091177,0.025641070678830147,0.06075182557106018,0.7658730149269104,0.8571428656578064,0.5198412537574768
2024-06,2024-06-01,2024-06-30,2022-06-01,2024-05-06,4534,2024-06-28,3,0.051201594191155685,0.1865285187959671,0.22163927555084229,0.7658730149269104,0.8571428656578064,0.5198412537574768
2024-06,2024-06-01,2024-06-30,2022-06-01,2024-05-06,3056,2024-06-28,4,0.050789348966472005,0.10678206384181976,0.14189282059669495,0.7658730149269104,0.8571428656578064,0.5198412537574768
2024-06,2024-06-01,2024-06-30,2022-06-01,2024-05-06,3686,2024-06-28,5,0.04995719574707151,0.008695651777088642,0.04380640760064125,0.7658730149269104,0.8571428656578064,0.5198412537574768
2024-06,2024-06-01,2024-06-30,2022-06-01,2024-05-06,4951,2024-06-28,6,0.04905830570633698,-0.016990266740322113,0.01812048815190792,0.7658730149269104,0.8571428656578064,0.5198412537574768
2024-06,2024-06-01,2024-06-30,2022-06-01,2024-05-06,6919,2024-06-28,7,0.048580987539473194,-0.04523429647088051,-0.010123541578650475,0.7658730149269104,0.8571428656578064,0.5198412537574768
2024-06,2024-06-01,2024-06-30,2022-06-01,2024-05-06,8089,2024-06-28,8,0.04339821588246551,-0.012875502929091454,0.02223525196313858,0.7658730149269104,0.8571428656578064,0.5198412537574768
2024-06,2024-06-01,2024-06-30,2022-06-01,2024-05-06,3229,2024-06-28,9,0.04294110943898856,0.1453830599784851,0.1804938167333603,0.7658730149269104,0.8571428656578064,0.5198412537574768
2024-06,2024-06-01,2024-06-30,2022-06-01,2024-05-06,6913,2024-06-28,10,0.042167474445274765,-0.011494296602904797,0.023616459220647812,0.7658730149269104,0.8571428656578064,0.5198412537574768
2024-06,2024-06-01,2024-06-30,2022-06-01,2024-05-06,6994,2024-06-28,11,0.04044667735101969,0.04089227318763733,0.07600302994251251,0.7658730149269104,0.8571428656578064,0.5198412537574768
2024-06,2024-06-01,2024-06-30,2022-06-01,2024-05-06,2603,2024-06-28,12,0.04037798914922228,-0.14358974993228912,-0.10847899317741394,0.7658730149269104,0.8571428656578064,0.5198412537574768
2024-06,2024-06-01,2024-06-30,2022-06-01,2024-05-06,3379,2024-06-28,13,0.0400467490727436,0.51393723487854,0.5490480065345764,0.7658730149269104,0.8571428656578064,0.5198412537574768
2024-06,2024-06-01,2024-06-30,2022-06-01,2024-05-06,6451,2024-06-28,14,0.03992196215571907,-0.15765723586082458,-0.1225464791059494,0.7658730149269104,0.8571428656578064,0.5198412537574768
2024-06,2024-06-01,2024-06-30,2022-06-01,2024-05-06,8121,2024-06-28,15,0.03986864604585047,-0.07762552052736282,-0.04251476377248764,0.7658730149269104,0.8571428656578064,0.5198412537574768
2024-06,2024-06-01,2024-06-30,2022-06-01,2024-05-06,6706,2024-06-28,16,0.03983449877809786,0.09132420271635056,0.12643495202064514,0.7658730149269104,0.8571428656578064,0.5198412537574768
2024-06,2024-06-01,2024-06-30,2022-06-01,2024-05-06,1316,2024-06-28,17,0.0393965267286331,0.11640215665102005,0.15151290595531464,0.7658730149269104,0.8571428656578064,0.5198412537574768
2024-06,2024-06-01,2024-06-30,2022-06-01,2024-05-06,6877,2024-06-28,18,0.039325944208747556,0.03414636477828026,0.06925711780786514,0.7658730149269104,0.8571428656578064,0.5198412537574768
2024-06,2024-06-01,2024-06-30,2022-06-01,2024-05-06,6901,2024-06-28,19,0.03913477834932826,-0.05480986088514328,-0.019699105992913246,0.7658730149269104,0.8571428656578064,0.5198412537574768
2024-06,2024-06-01,2024-06-30,2022-06-01,2024-05-06,4716,2024-06-28,20,0.03892016429212571,0.01511331181973219,0.05022406578063965,0.7658730149269104,0.8571428656578064,0.5198412537574768
2024-06,2024-06-01,2024-06-30,2022-06-01,2024-05-06,7709,2024-06-28,21,0.03883127137366692,-0.12977102398872375,-0.09466026723384857,0.7658730149269104,0.8571428656578064,0.5198412537574768
2024-06,2024-06-01,2024-06-30,2022-06-01,2024-05-06,1471,2024-06-28,22,0.03864933677001559,-0.01941748894751072,0.015693265944719315,0.7658730149269104,0.8571428656578064,0.5198412537574768
2024-06,2024-06-01,2024-06-30,2022-06-01,2024-05-06,2061,2024-06-28,23,0.038237641634814315,0.11177649348974228,0.14688724279403687,0.7658730149269104,0.8571428656578064,0.5198412537574768
2024-06,2024-06-01,2024-06-30,2022-06-01,2024-05-06,3057,2024-06-28,24,0.038198088416676726,-0.14012737572193146,-0.10501661896705627,0.7658730149269104,0.8571428656578064,0.5198412537574768
2024-06,2024-06-01,2024-06-30,2022-06-01,2024-05-06,5324,2024-06-28,25,0.03815044862601771,0.09090909361839294,0.12601985037326813,0.7658730149269104,0.8571428656578064,0.5198412537574768
2024-06,2024-06-01,2024-06-30,2022-06-01,2024-05-06,2102,2024-06-28,26,0.037690911118820496,0.052505891770124435,0.08761664479970932,0.7658730149269104,0.8571428656578064,0.5198412537574768
2024-06,2024-06-01,2024-06-30,2022-06-01,2024-05-06,3048,2024-06-28,27,0.03755704461991287,0.08781604468822479,0.12292680144309998,0.7658730149269104,0.8571428656578064,0.5198412537574768
2024-06,2024-06-01,2024-06-30,2022-06-01,2024-05-06,1436,2024-06-28,28,0.03725303334787436,0.2740868628025055,0.3091976046562195,0.7658730149269104,0.8571428656578064,0.5198412537574768
2024-06,2024-06-01,2024-06-30,2022-06-01,2024-05-06,4416,2024-06-28,29,0.03680057743456885,0.06199184060096741,0.09710259735584259,0.7658730149269104,0.8571428656578064,0.5198412537574768
2024-06,2024-06-01,2024-06-30,2022-06-01,2024-05-06,8096,2024-06-28,30,0.0362369320903561,-0.03972756862640381,-0.004616813734173775,0.7658730149269104,0.8571428656578064,0.5198412537574768
2024-07,2024-07-01,2024-07-31,2022-07-01,2024-05-31,7751,2024-07-31,1,0.01535796137411046,0.311557799577713,0.30384087562561035,0.0436507947742939,0.2222222238779068,0.3928571343421936
2024-07,2024-07-01,2024-07-31,2022-07-01,2024-05-31,3379,2024-07-31,2,0.014010003866881967,-0.032332487404346466,-0.04004940390586853,0.0436507947742939,0.2222222238779068,0.3928571343421936
2024-07,2024-07-01,2024-07-31,2022-07-01,2024-05-31,5484,2024-07-31,3,0.013459252772682315,0.046451594680547714,0.03873467817902565,0.0436507947742939,0.2222222238779068,0.3928571343421936
2024-07,2024-07-01,2024-07-31,2022-07-01,2024-05-31,3535,2024-07-31,4,0.01345357079013843,-0.0716845840215683,-0.07940150052309036,0.0436507947742939,0.2222222238779068,0.3928571343421936
2024-07,2024-07-01,2024-07-31,2022-07-01,2024-05-31,8089,2024-07-31,5,0.01292343437525812,0.04680854454636574,0.039091628044843674,0.0436507947742939,0.2222222238779068,0.3928571343421936
2024-07,2024-07-01,2024-07-31,2022-07-01,2024-05-31,7712,2024-07-31,6,0.012809487966355048,-0.17000000178813934,-0.177716925740242,0.0436507947742939,0.2222222238779068,0.3928571343421936
2024-07,2024-07-01,2024-07-31,2022-07-01,2024-05-31,2349,2024-07-31,7,0.012809487966355048,-0.04918031021952629,-0.056897226721048355,0.0436507947742939,0.2222222238779068,0.3928571343421936
2024-07,2024-07-01,2024-07-31,2022-07-01,2024-05-31,4562,2024-07-31,8,0.012809487966355048,0.33508768677711487,0.3273707628250122,0.0436507947742939,0.2222222238779068,0.3928571343421936
2024-07,2024-07-01,2024-07-31,2022-07-01,2024-05-31,3047,2024-07-31,9,0.012809487966355048,-0.018979905173182487,-0.02669682167470455,0.0436507947742939,0.2222222238779068,0.3928571343421936
2024-07,2024-07-01,2024-07-31,2022-07-01,2024-05-31,3450,2024-07-31,10,0.012809487966355048,0.22137406468391418,0.21365714073181152,0.0436507947742939,0.2222222238779068,0.3928571343421936
2024-07,2024-07-01,2024-07-31,2022-07-01,2024-05-31,1784,2024-07-31,11,0.011580500856655122,0.02145930379629135,0.013742386363446712,0.0436507947742939,0.2222222238779068,0.3928571343421936
2024-07,2024-07-01,2024-07-31,2022-07-01,2024-05-31,1225,2024-07-31,12,0.010930736050327856,0.11385232955217361,0.10613541305065155,0.0436507947742939,0.2222222238779068,0.3928571343421936
2024-07,2024-07-01,2024-07-31,2022-07-01,2024-05-31,8028,2024-07-31,13,0.010930736050327856,0.07228910177946091,0.06457218527793884,0.0436507947742939,0.2222222238779068,0.3928571343421936
2024-07,2024-07-01,2024-07-31,2022-07-01,2024-05-31,8176,2024-07-31,14,0.010881331151111501,-0.026578111574053764,-0.03429502993822098,0.0436507947742939,0.2222222238779068,0.3928571343421936
2024-07,2024-07-01,2024-07-31,2022-07-01,2024-05-31,6684,2024-07-31,15,0.010881331151111501,-0.11378002911806107,-0.12149694561958313,0.0436507947742939,0.2222222238779068,0.3928571343421936
2024-07,2024-07-01,2024-07-31,2022-07-01,2024-05-31,3518,2024-07-31,16,0.010762360753582934,0.007802320644259453,8.54032623465173e-05,0.0436507947742939,0.2222222238779068,0.3928571343421936
2024-07,2024-07-01,2024-07-31,2022-07-01,2024-05-31,8937,2024-07-31,17,0.010762360753582934,0.5856778025627136,0.5779609084129333,0.0436507947742939,0.2222222238779068,0.3928571343421936
2024-07,2024-07-01,2024-07-31,2022-07-01,2024-05-31,3349,2024-07-31,18,0.010762360753582934,-0.109375,-0.11709191650152206,0.0436507947742939,0.2222222238779068,0.3928571343421936
2024-07,2024-07-01,2024-07-31,2022-07-01,2024-05-31,2102,2024-07-31,19,0.009002451882091533,-0.011135856620967388,-0.018852774053812027,0.0436507947742939,0.2222222238779068,0.3928571343421936
2024-07,2024-07-01,2024-07-31,2022-07-01,2024-05-31,4726,2024-07-31,20,0.009002451882091533,-0.10243051499128342,-0.11014743149280548,0.0436507947742939,0.2222222238779068,0.3928571343421936
2024-07,2024-07-01,2024-07-31,2022-07-01,2024-05-31,3555,2024-07-31,21,0.009002451882091533,0.011936359107494354,0.004219441674649715,0.0436507947742939,0.2222222238779068,0.3928571343421936
2024-07,2024-07-01,2024-07-31,2022-07-01,2024-05-31,5263,2024-07-31,22,0.008883608837555743,0.042372819036245346,0.03465590253472328,0.0436507947742939,0.2222222238779068,0.3928571343421936
2024-07,2024-07-01,2024-07-31,2022-07-01,2024-05-31,3294,2024-07-31,23,0.008756506725251004,-0.018404904752969742,-0.026121821254491806,0.0436507947742939,0.2222222238779068,0.3928571343421936
2024-07,2024-07-01,2024-07-31,2022-07-01,2024-05-31,6109,2024-07-31,24,0.008352814428757046,-0.04074075445532799,-0.04845767095685005,0.0436507947742939,0.2222222238779068,0.3928571343421936
2024-07,2024-07-01,2024-07-31,2022-07-01,2024-05-31,2337,2024-07-31,25,0.008352814428757046,-0.10016424208879471,-0.10788115859031677,0.0436507947742939,0.2222222238779068,0.3928571343421936
2024-07,2024-07-01,2024-07-31,2022-07-01,2024-05-31,3308,2024-07-31,26,0.00833285774335609,-0.07592589408159256,-0.08364281058311462,0.0436507947742939,0.2222222238779068,0.3928571343421936
2024-07,2024-07-01,2024-07-31,2022-07-01,2024-05-31,5272,2024-07-31,27,0.00833285774335609,-0.01910829171538353,-0.026825208216905594,0.0436507947742939,0.2222222238779068,0.3928571343421936
2024-07,2024-07-01,2024-07-31,2022-07-01,2024-05-31,1471,2024-07-31,28,0.00833285774335609,-0.0533333458006382,-0.06105026230216026,0.0436507947742939,0.2222222238779068,0.3928571343421936
2024-07,2024-07-01,2024-07-31,2022-07-01,2024-05-31,8059,2024-07-31,29,0.00833285774335609,-0.006410280708223581,-0.014127197675406933,0.0436507947742939,0.2222222238779068,0.3928571343421936
2024-07,2024-07-01,2024-07-31,2022-07-01,2024-05-31,6547,2024-07-31,30,0.00833285774335609,0.03205128386616707,0.024334367364645004,0.0436507947742939,0.2222222238779068,0.3928571343421936
2024-08,2024-08-01,2024-08-31,2022-08-01,2024-07-02,3230,2024-08-30,1,0.050345680851109485,0.1875000149011612,0.1894557625055313,0.1626984179019928,0.170634925365448,0.8730158805847168
2024-08,2024-08-01,2024-08-31,2022-08-01,2024-07-02,6541,2024-08-30,2,0.040055806461294474,-0.0544959120452404,-0.052540164440870285,0.1626984179019928,0.170634925365448,0.8730158805847168
2024-08,2024-08-01,2024-08-31,2022-08-01,2024-07-02,4174,2024-08-30,3,0.03689834590024187,-0.13929787278175354,-0.13734212517738342,0.1626984179019928,0.170634925365448,0.8730158805847168
2024-08,2024-08-01,2024-08-31,2022-08-01,2024-07-02,5278,2024-08-30,4,0.027939447757675904,0.06026794761419296,0.06222369521856308,0.1626984179019928,0.170634925365448,0.8730158805847168
2024-08,2024-08-01,2024-08-31,2022-08-01,2024-07-02,4927,2024-08-30,5,0.027815019645334435,-0.041806019842624664,-0.03985027223825455,0.1626984179019928,0.170634925365448,0.8730158805847168
2024-08,2024-08-01,2024-08-31,2022-08-01,2024-07-02,7547,2024-08-30,6,0.0206389950551776,-0.0457831434905529,-0.043827395886182785,0.1626984179019928,0.170634925365448,0.8730158805847168
2024-08,2024-08-01,2024-08-31,2022-08-01,2024-07-02,6218,2024-08-30,7,0.019781952169406206,-0.033762093633413315,-0.0318063460290432,0.1626984179019928,0.170634925365448,0.8730158805847168
2024-08,2024-08-01,2024-08-31,2022-08-01,2024-07-02,3518,2024-08-30,8,0.018907346222290292,-0.2148241102695465,-0.2128683626651764,0.1626984179019928,0.170634925365448,0.8730158805847168
2024-08,2024-08-01,2024-08-31,2022-08-01,2024-07-02,3321,2024-08-30,9,0.017257975082167833,-0.07808569818735123,-0.07612995058298111,0.1626984179019928,0.170634925365448,0.8730158805847168
2024-08,2024-08-01,2024-08-31,2022-08-01,2024-07-02,4303,2024-08-30,10,0.01685006278797799,-0.15283015370368958,-0.15087440609931946,0.1626984179019928,0.170634925365448,0.8730158805847168
2024-08,2024-08-01,2024-08-31,2022-08-01,2024-07-02,3149,2024-08-30,11,0.015846322481755076,0.029411764815449715,0.03136751428246498,0.1626984179019928,0.170634925365448,0.8730158805847168
2024-08,2024-08-01,2024-08-31,2022-08-01,2024-07-02,9955,2024-08-30,12,0.015821917624740677,0.005524883046746254,0.007480631582438946,0.1626984179019928,0.170634925365448,0.8730158805847168
2024-08,2024-08-01,2024-08-31,2022-08-01,2024-07-02,4513,2024-08-30,13,0.015745485871564446,-0.3022959232330322,-0.3003401756286621,0.1626984179019928,0.170634925365448,0.8730158805847168
2024-08,2024-08-01,2024-08-31,2022-08-01,2024-07-02,4526,2024-08-30,14,0.014828152085250389,-0.11689958721399307,-0.11494383960962296,0.1626984179019928,0.170634925365448,0.8730158805847168
2024-08,2024-08-01,2024-08-31,2022-08-01,2024-07-02,1102,2024-08-30,15,0.014599497289269792,0.062291376292705536,0.06424712389707565,0.1626984179019928,0.170634925365448,0.8730158805847168
2024-08,2024-08-01,2024-08-31,2022-08-01,2024-07-02,7734,2024-08-30,16,0.013105635444488362,-0.024390125647187233,-0.022434378042817116,0.1626984179019928,0.170634925365448,0.8730158805847168
2024-08,2024-08-01,2024-08-31,2022-08-01,2024-07-02,6919,2024-08-30,17,0.012969961386019593,-0.06666667759418488,-0.06471092998981476,0.1626984179019928,0.170634925365448,0.8730158805847168
2024-08,2024-08-01,2024-08-31,2022-08-01,2024-07-02,6994,2024-08-30,18,0.012810325866272947,-0.04230770468711853,-0.04035195708274841,0.1626984179019928,0.170634925365448,0.8730158805847168
2024-08,2024-08-01,2024-08-31,2022-08-01,2024-07-02,3056,2024-08-30,19,0.012211050344464796,-0.1347423940896988,-0.13278664648532867,0.1626984179019928,0.170634925365448,0.8730158805847168
2024-08,2024-08-01,2024-08-31,2022-08-01,2024-07-02,4562,2024-08-30,20,0.011702683978617422,-0.0763888880610466,-0.07443314045667648,0.1626984179019928,0.170634925365448,0.8730158805847168
2024-08,2024-08-01,2024-08-31,2022-08-01,2024-07-02,6706,2024-08-30,21,0.010683995833158577,0.2142857164144516,0.21624146401882172,0.1626984179019928,0.170634925365448,0.8730158805847168
2024-08,2024-08-01,2024-08-31,2022-08-01,2024-07-02,7751,2024-08-30,22,0.010513103391063131,-0.1533980816602707,-0.15144233405590057,0.1626984179019928,0.170634925365448,0.8730158805847168
2024-08,2024-08-01,2024-08-31,2022-08-01,2024-07-02,3081,2024-08-30,23,0.010092802203129728,0.6280992031097412,0.6300549507141113,0.1626984179019928,0.170634925365448,0.8730158805847168
2024-08,2024-08-01,2024-08-31,2022-08-01,2024-07-02,3050,2024-08-30,24,0.009801942613829414,-0.08372082561254501,-0.0817650780081749,0.1626984179019928,0.170634925365448,0.8730158805847168
2024-08,2024-08-01,2024-08-31,2022-08-01,2024-07-02,3049,2024-08-30,25,0.009735086601863204,0.15926331281661987,0.16121906042099,0.1626984179019928,0.170634925365448,0.8730158805847168
2024-08,2024-08-01,2024-08-31,2022-08-01,2024-07-02,6838,2024-08-30,26,0.009514520570836543,0.20624999701976776,0.20820574462413788,0.1626984179019928,0.170634925365448,0.8730158805847168
2024-08,2024-08-01,2024-08-31,2022-08-01,2024-07-02,4564,2024-08-30,27,0.009376045019727589,-0.07386359572410583,-0.07190784811973572,0.1626984179019928,0.170634925365448,0.8730158805847168
2024-08,2024-08-01,2024-08-31,2022-08-01,2024-07-02,2851,2024-08-30,28,0.009207462284085668,-0.057971082627773285,-0.05601533502340317,0.1626984179019928,0.170634925365448,0.8730158805847168
2024-08,2024-08-01,2024-08-31,2022-08-01,2024-07-02,2534,2024-08-30,29,0.009070620190586307,-0.06545452028512955,-0.06349877268075943,0.1626984179019928,0.170634925365448,0.8730158805847168
2024-08,2024-08-01,2024-08-31,2022-08-01,2024-07-02,2061,2024-08-30,30,0.008944144468601952,0.05263157933950424,0.05458732694387436,0.1626984179019928,0.170634925365448,0.8730158805847168
2024-09,2024-09-01,2024-09-30,2022-09-01,2024-08-05,3230,2024-09-30,1,0.07789870028569867,-0.11226250231266022,-0.13725924491882324,0.5555555820465088,0.3730158805847168,0.6746031641960144
2024-09,2024-09-01,2024-09-30,2022-09-01,2024-08-05,6706,2024-09-30,2,0.07316170123839605,0.01744186133146286,-0.007554878480732441,0.5555555820465088,0.3730158805847168,0.6746031641960144
2024-09,2024-09-01,2024-09-30,2022-09-01,2024-08-05,3498,2024-09-30,3,0.059511918870349304,0.20292508602142334,0.17792834341526031,0.5555555820465088,0.3730158805847168,0.6746031641960144
2024-09,2024-09-01,2024-09-30,2022-09-01,2024-08-05,8937,2024-09-30,4,0.05620017357758741,0.3160839080810547,0.29108718037605286,0.5555555820465088,0.3730158805847168,0.6746031641960144
2024-09,2024-09-01,2024-09-30,2022-09-01,2024-08-05,7547,2024-09-30,5,0.0556471362914367,0.07187888026237488,0.04688214138150215,0.5555555820465088,0.3730158805847168,0.6746031641960144
2024-09,2024-09-01,2024-09-30,2022-09-01,2024-08-05,8935,2024-09-30,6,0.051481731490123306,0.11357347667217255,0.08857673406600952,0.5555555820465088,0.3730158805847168,0.6746031641960144
2024-09,2024-09-01,2024-09-30,2022-09-01,2024-08-05,6919,2024-09-30,7,0.041754762212753184,-0.09693878889083862,-0.12193553149700165,0.5555555820465088,0.3730158805847168,0.6746031641960144
2024-09,2024-09-01,2024-09-30,2022-09-01,2024-08-05,3081,2024-09-30,8,0.04161368732945459,0.11908644437789917,0.09408970177173615,0.5555555820465088,0.3730158805847168,0.6746031641960144
2024-09,2024-09-01,2024-09-30,2022-09-01,2024-08-05,2444,2024-09-30,9,0.04114521907148022,-0.0371621735394001,-0.06215891242027283,0.5555555820465088,0.3730158805847168,0.6746031641960144
2024-09,2024-09-01,2024-09-30,2022-09-01,2024-08-05,2070,2024-09-30,10,0.040478485330030185,-0.2186046540737152,-0.24360139667987823,0.5555555820465088,0.3730158805847168,0.6746031641960144
2024-09,2024-09-01,2024-09-30,2022-09-01,2024-08-05,3149,2024-09-30,11,0.03944675088926064,0.11908182501792908,0.09408508241176605,0.5555555820465088,0.3730158805847168,0.6746031641960144
2024-09,2024-09-01,2024-09-30,2022-09-01,2024-08-05,6854,2024-09-30,12,0.038384688943172096,0.5361139178276062,0.511117160320282,0.5555555820465088,0.3730158805847168,0.6746031641960144
2024-09,2024-09-01,2024-09-30,2022-09-01,2024-08-05,5475,2024-09-30,13,0.037474776291299625,-0.11744967103004456,-0.14244641363620758,0.5555555820465088,0.3730158805847168,0.6746031641960144
2024-09,2024-09-01,2024-09-30,2022-09-01,2024-08-05,7734,2024-09-30,14,0.036302552795771395,0.18439717590808868,0.15940043330192566,0.5555555820465088,0.3730158805847168,0.6746031641960144
2024-09,2024-09-01,2024-09-30,2022-09-01,2024-08-05,3066,2024-09-30,15,0.03566101118655748,0.06382975727319717,0.03883301839232445,0.5555555820465088,0.3730158805847168,0.6746031641960144
2024-09,2024-09-01,2024-09-30,2022-09-01,2024-08-05,4927,2024-09-30,16,0.035218815849735186,-0.26003485918045044,-0.28503158688545227,0.5555555820465088,0.3730158805847168,0.6746031641960144
2024-09,2024-09-01,2024-09-30,2022-09-01,2024-08-05,8059,2024-09-30,17,0.03511886186312171,0.03857564553618431,0.01357890572398901,0.5555555820465088,0.3730158805847168,0.6746031641960144
2024-09,2024-09-01,2024-09-30,2022-09-01,2024-08-05,3293,2024-09-30,18,0.03494694152296251,0.046046048402786255,0.02104930952191353,0.5555555820465088,0.3730158805847168,0.6746031641960144
2024-09,2024-09-01,2024-09-30,2022-09-01,2024-08-05,1721,2024-09-30,19,0.03352585995180612,-0.18023255467414856,-0.20522929728031158,0.5555555820465088,0.3730158805847168,0.6746031641960144
2024-09,2024-09-01,2024-09-30,2022-09-01,2024-08-05,7728,2024-09-30,20,0.032990382623128596,0.03020136058330536,0.005204620771110058,0.5555555820465088,0.3730158805847168,0.6746031641960144
2024-09,2024-09-01,2024-09-30,2022-09-01,2024-08-05,1595,2024-09-30,21,0.031069303158215215,0.5489549040794373,0.523958146572113,0.5555555820465088,0.3730158805847168,0.6746031641960144
2024-09,2024-09-01,2024-09-30,2022-09-01,2024-08-05,6109,2024-09-30,22,0.029909178751558844,-0.05211727321147919,-0.07711401581764221,0.5555555820465088,0.3730158805847168,0.6746031641960144
2024-09,2024-09-01,2024-09-30,2022-09-01,2024-08-05,3354,2024-09-30,23,0.029678275259001997,-0.09000007063150406,-0.11499681323766708,0.5555555820465088,0.3730158805847168,0.6746031641960144
2024-09,2024-09-01,2024-09-30,2022-09-01,2024-08-05,2498,2024-09-30,24,0.028304402062059798,-0.1177072674036026,-0.14270401000976562,0.5555555820465088,0.3730158805847168,0.6746031641960144
2024-09,2024-09-01,2024-09-30,2022-09-01,2024-08-05,4971,2024-09-30,25,0.027886593517731,-0.05584419518709183,-0.08084093779325485,0.5555555820465088,0.3730158805847168,0.6746031641960144
2024-09,2024-09-01,2024-09-30,2022-09-01,2024-08-05,6231,2024-09-30,26,0.02773838330389627,0.0019230832112953067,-0.023073656484484673,0.5555555820465088,0.3730158805847168,0.6746031641960144
2024-09,2024-09-01,2024-09-30,2022-09-01,2024-08-05,6104,2024-09-30,27,0.026831812238369182,-0.030303046107292175,-0.0552997849881649,0.5555555820465088,0.3730158805847168,0.6746031641960144
2024-09,2024-09-01,2024-09-30,2022-09-01,2024-08-05,2102,2024-09-30,28,0.02610199107913277,-0.011312217451632023,-0.036308955401182175,0.5555555820465088,0.3730158805847168,0.6746031641960144
2024-09,2024-09-01,2024-09-30,2022-09-01,2024-08-05,6405,2024-09-30,29,0.025535964563053366,0.10807444155216217,0.08307769894599915,0.5555555820465088,0.3730158805847168,0.6746031641960144
2024-09,2024-09-01,2024-09-30,2022-09-01,2024-08-05,4526,2024-09-30,30,0.025059436544898978,-0.07204610854387283,-0.09704285115003586,0.5555555820465088,0.3730158805847168,0.6746031641960144
2024-10,2024-10-01,2024-10-31,2022-10-01,2024-09-02,8937,2024-10-30,1,0.06846114428664846,0.586758017539978,0.6096116304397583,0.2857142984867096,0.3928571343421936,0.0555555559694767
2024-10,2024-10-01,2024-10-31,2022-10-01,2024-09-02,8059,2024-10-30,2,0.06465509167277421,-0.07571432739496231,-0.05286071449518204,0.2857142984867096,0.3928571343421936,0.0555555559694767
2024-10,2024-10-01,2024-10-31,2022-10-01,2024-09-02,3066,2024-10-30,3,0.05930993222507341,-0.07042253762483597,-0.047568924725055695,0.2857142984867096,0.3928571343421936,0.0555555559694767
2024-10,2024-10-01,2024-10-31,2022-10-01,2024-09-02,6706,2024-10-30,4,0.05346348183850942,-0.07255520671606064,-0.049701593816280365,0.2857142984867096,0.3928571343421936,0.0555555559694767
2024-10,2024-10-01,2024-10-31,2022-10-01,2024-09-02,1591,2024-10-30,5,0.05224369895324404,0.19258370995521545,0.21543732285499573,0.2857142984867096,0.3928571343421936,0.0555555559694767
2024-10,2024-10-01,2024-10-31,2022-10-01,2024-09-02,6823,2024-10-30,6,0.04831256217018177,-0.13769125938415527,-0.114837646484375,0.2857142984867096,0.3928571343421936,0.0555555559694767
2024-10,2024-10-01,2024-10-31,2022-10-01,2024-09-02,6862,2024-10-30,7,0.043084144054682215,-0.28863635659217834,-0.26578274369239807,0.2857142984867096,0.3928571343421936,0.0555555559694767
2024-10,2024-10-01,2024-10-31,2022-10-01,2024-09-02,2360,2024-10-30,8,0.03952984682846293,-0.01326905656605959,0.009584557265043259,0.2857142984867096,0.3928571343421936,0.0555555559694767
2024-10,2024-10-01,2024-10-31,2022-10-01,2024-09-02,6821,2024-10-30,9,0.03734898299370439,-0.08931854367256165,-0.06646493077278137,0.2857142984867096,0.3928571343421936,0.0555555559694767
2024-10,2024-10-01,2024-10-31,2022-10-01,2024-09-02,4113,2024-10-30,10,0.03646659886160812,0.12099642306566238,0.14385004341602325,0.2857142984867096,0.3928571343421936,0.0555555559694767
2024-10,2024-10-01,2024-10-31,2022-10-01,2024-09-02,6199,2024-10-30,11,0.03524932527580366,0.29325515031814575,0.316108763217926,0.2857142984867096,0.3928571343421936,0.0555555559694767
2024-10,2024-10-01,2024-10-31,2022-10-01,2024-09-02,3498,2024-10-30,12,0.0329710749405168,-0.19195044040679932,-0.16909682750701904,0.2857142984867096,0.3928571343421936,0.0555555559694767
2024-10,2024-10-01,2024-10-31,2022-10-01,2024-09-02,5278,2024-10-30,13,0.03286268779616147,0.08858605474233627,0.11143966764211655,0.2857142984867096,0.3928571343421936,0.0555555559694767
2024-10,2024-10-01,2024-10-31,2022-10-01,2024-09-02,6541,2024-10-30,14,0.03205482127372026,0.06099517270922661,0.08384878933429718,0.2857142984867096,0.3928571343421936,0.0555555559694767
2024-10,2024-10-01,2024-10-31,2022-10-01,2024-09-02,6919,2024-10-30,15,0.03198910511658905,0.22083330154418945,0.24368691444396973,0.2857142984867096,0.3928571343421936,0.0555555559694767
2024-10,2024-10-01,2024-10-31,2022-10-01,2024-09-02,4577,2024-10-30,16,0.03137245961946485,0.10373444110155106,0.12658806145191193,0.2857142984867096,0.3928571343421936,0.0555555559694767
2024-10,2024-10-01,2024-10-31,2022-10-01,2024-09-02,7547,2024-10-30,17,0.03034445095519358,-0.0960383489727974,-0.07318473607301712,0.2857142984867096,0.3928571343421936,0.0555555559694767
2024-10,2024-10-01,2024-10-31,2022-10-01,2024-09-02,7734,2024-10-30,18,0.030198598915425336,0.041176505386829376,0.06403011828660965,0.2857142984867096,0.3928571343421936,0.0555555559694767
2024-10,2024-10-01,2024-10-31,2022-10-01,2024-09-02,4991,2024-10-30,19,0.030055142802311488,0.40273553133010864,0.4255891442298889,0.2857142984867096,0.3928571343421936,0.0555555559694767
2024-10,2024-10-01,2024-10-31,2022-10-01,2024-09-02,6739,2024-10-30,20,0.02882951834759539,0.01734098605811596,0.04019460082054138,0.2857142984867096,0.3928571343421936,0.0555555559694767
2024-10,2024-10-01,2024-10-31,2022-10-01,2024-09-02,3466,2024-10-30,21,0.027419984996242108,-0.08104194700717926,-0.05818833410739899,0.2857142984867096,0.3928571343421936,0.0555555559694767
2024-10,2024-10-01,2024-10-31,2022-10-01,2024-09-02,2543,2024-10-30,22,0.026048086568692425,-0.2232704758644104,-0.20041686296463013,0.2857142984867096,0.3928571343421936,0.0555555559694767
2024-10,2024-10-01,2024-10-31,2022-10-01,2024-09-02,8476,2024-10-30,23,0.02538242197123127,-0.17492255568504333,-0.15206894278526306,0.2857142984867096,0.3928571343421936,0.0555555559694767
2024-10,2024-10-01,2024-10-31,2022-10-01,2024-09-02,6609,2024-10-30,24,0.025110058668324265,-0.2212560623884201,-0.19840244948863983,0.2857142984867096,0.3928571343421936,0.0555555559694767
2024-10,2024-10-01,2024-10-31,2022-10-01,2024-09-02,6220,2024-10-30,25,0.022849122838725096,0.04850754514336586,0.07136116176843643,0.2857142984867096,0.3928571343421936,0.0555555559694767
2024-10,2024-10-01,2024-10-31,2022-10-01,2024-09-02,6854,2024-10-30,26,0.022843136976277885,-0.08361203968524933,-0.060758426785469055,0.2857142984867096,0.3928571343421936,0.0555555559694767
2024-10,2024-10-01,2024-10-31,2022-10-01,2024-09-02,1449,2024-10-30,27,0.022604266378936175,0.0923423022031784,0.11519591510295868,0.2857142984867096,0.3928571343421936,0.0555555559694767
2024-10,2024-10-01,2024-10-31,2022-10-01,2024-09-02,6588,2024-10-30,28,0.022477956743895834,-0.02894732914865017,-0.006093714851886034,0.2857142984867096,0.3928571343421936,0.0555555559694767
2024-10,2024-10-01,2024-10-31,2022-10-01,2024-09-02,3529,2024-10-30,29,0.021789955189913696,-0.08928576111793518,-0.06643214821815491,0.2857142984867096,0.3928571343421936,0.0555555559694767
2024-10,2024-10-01,2024-10-31,2022-10-01,2024-09-02,1519,2024-10-30,30,0.02106993190496947,0.003696832340210676,0.026550445705652237,0.2857142984867096,0.3928571343421936,0.0555555559694767
2024-11,2024-11-01,2024-11-30,2022-11-01,2024-09-30,6174,2024-11-29,1,0.054245638675834956,-0.08211677521467209,-0.12762737274169922,0.1349206417798996,0.1111111119389534,0.2023809552192688
2024-11,2024-11-01,2024-11-30,2022-11-01,2024-09-30,6199,2024-11-29,2,0.046940405531696025,0.3680258095264435,0.32251521944999695,0.1349206417798996,0.1111111119389534,0.2023809552192688
2024-11,2024-11-01,2024-11-30,2022-11-01,2024-09-30,7728,2024-11-29,3,0.03625132004874151,-0.04278919845819473,-0.08829979598522186,0.1349206417798996,0.1111111119389534,0.2023809552192688
2024-11,2024-11-01,2024-11-30,2022-11-01,2024-09-30,4303,2024-11-29,4,0.031428069363878534,-0.03757226839661598,-0.08308286964893341,0.1349206417798996,0.1111111119389534,0.2023809552192688
2024-11,2024-11-01,2024-11-30,2022-11-01,2024-09-30,8937,2024-11-29,5,0.028144058035251225,-0.11564625799655914,-0.16115686297416687,0.1349206417798996,0.1111111119389534,0.2023809552192688
2024-11,2024-11-01,2024-11-30,2022-11-01,2024-09-30,3625,2024-11-29,6,0.027192950715137238,0.18437504768371582,0.1388644427061081,0.1349206417798996,0.1111111119389534,0.2023809552192688
2024-11,2024-11-01,2024-11-30,2022-11-01,2024-09-30,6558,2024-11-29,7,0.026985208669868505,0.0074720014818012714,-0.038038596510887146,0.1349206417798996,0.1111111119389534,0.2023809552192688
2024-11,2024-11-01,2024-11-30,2022-11-01,2024-09-30,4971,2024-11-29,8,0.022523305231384363,0.026106731966137886,-0.019403865560889244,0.1349206417798996,0.1111111119389534,0.2023809552192688
2024-11,2024-11-01,2024-11-30,2022-11-01,2024-09-30,3236,2024-11-29,9,0.019176784023668153,-0.10869567841291428,-0.1542062759399414,0.1349206417798996,0.1111111119389534,0.2023809552192688
2024-11,2024-11-01,2024-11-30,2022-11-01,2024-09-30,2534,2024-11-29,10,0.01866213489881269,-0.04770640656352043,-0.09321700781583786,0.1349206417798996,0.1111111119389534,0.2023809552192688
2024-11,2024-11-01,2024-11-30,2022-11-01,2024-09-30,3092,2024-11-29,11,0.01793959562008891,-0.13787876069545746,-0.18338936567306519,0.1349206417798996,0.1111111119389534,0.2023809552192688
2024-11,2024-11-01,2024-11-30,2022-11-01,2024-09-30,3419,2024-11-29,12,0.016941823831420243,-0.0984455794095993,-0.14395618438720703,0.1349206417798996,0.1111111119389534,0.2023809552192688
2024-11,2024-11-01,2024-11-30,2022-11-01,2024-09-30,3511,2024-11-29,13,0.013453406403940089,-0.10943392664194107,-0.1549445241689682,0.1349206417798996,0.1111111119389534,0.2023809552192688
2024-11,2024-11-01,2024-11-30,2022-11-01,2024-09-30,6541,2024-11-29,14,0.012460261168692794,-0.1398891806602478,-0.18539978563785553,0.1349206417798996,0.1111111119389534,0.2023809552192688
2024-11,2024-11-01,2024-11-30,2022-11-01,2024-09-30,5309,2024-11-29,15,0.01189033306178197,-0.10631580650806427,-0.151826411485672,0.1349206417798996,0.1111111119389534,0.2023809552192688
2024-11,2024-11-01,2024-11-30,2022-11-01,2024-09-30,6854,2024-11-29,16,0.010305647614755461,0.1958041936159134,0.15029358863830566,0.1349206417798996,0.1111111119389534,0.2023809552192688
2024-11,2024-11-01,2024-11-30,2022-11-01,2024-09-30,7721,2024-11-29,17,0.010214528548843888,-0.0012611314887180924,-0.04677173122763634,0.1349206417798996,0.1111111119389534,0.2023809552192688
2024-11,2024-11-01,2024-11-30,2022-11-01,2024-09-30,6877,2024-11-29,18,0.009615197109487827,0.2789471447467804,0.23343653976917267,0.1349206417798996,0.1111111119389534,0.2023809552192688
2024-11,2024-11-01,2024-11-30,2022-11-01,2024-09-30,8111,2024-11-29,19,0.009257150037343198,0.34581780433654785,0.3003072142601013,0.1349206417798996,0.1111111119389534,0.2023809552192688
2024-11,2024-11-01,2024-11-30,2022-11-01,2024-09-30,3234,2024-11-29,20,0.009081231364316952,-0.09767889976501465,-0.14318950474262238,0.1349206417798996,0.1111111119389534,0.2023809552192688
2024-11,2024-11-01,2024-11-30,2022-11-01,2024-09-30,3040,2024-11-29,21,0.008768325888111527,0.09368640929460526,0.048175811767578125,0.1349206417798996,0.1111111119389534,0.2023809552192688
2024-11,2024-11-01,2024-11-30,2022-11-01,2024-09-30,6919,2024-11-29,22,0.00856637169430905,0.006622478365898132,-0.038888119161129,0.1349206417798996,0.1111111119389534,0.2023809552192688
2024-11,2024-11-01,2024-11-30,2022-11-01,2024-09-30,6706,2024-11-29,23,0.0083873820741917,-0.125,-0.17051060497760773,0.1349206417798996,0.1111111119389534,0.2023809552192688
2024-11,2024-11-01,2024-11-30,2022-11-01,2024-09-30,4562,2024-11-29,24,0.0083873820741917,-0.00606982596218586,-0.05158042535185814,0.1349206417798996,0.1111111119389534,0.2023809552192688
2024-11,2024-11-01,2024-11-30,2022-11-01,2024-09-30,8489,2024-11-29,25,0.008116840470947476,0.12377847731113434,0.07826787978410721,0.1349206417798996,0.1111111119389534,0.2023809552192688
2024-11,2024-11-01,2024-11-30,2022-11-01,2024-09-30,6425,2024-11-29,26,0.008019961633763957,-0.06137179210782051,-0.10688239336013794,0.1349206417798996,0.1111111119389534,0.2023809552192688
2024-11,2024-11-01,2024-11-30,2022-11-01,2024-09-30,2236,2024-11-29,27,0.008019961633763957,-0.008130080997943878,-0.05364067852497101,0.1349206417798996,0.1111111119389534,0.2023809552192688
2024-11,2024-11-01,2024-11-30,2022-11-01,2024-09-30,4991,2024-11-29,28,0.007931207535274955,0.38945236802101135,0.3439417779445648,0.1349206417798996,0.1111111119389534,0.2023809552192688
2024-11,2024-11-01,2024-11-30,2022-11-01,2024-09-30,3056,2024-11-29,29,0.007684385149601606,-0.06733521819114685,-0.11284581571817398,0.1349206417798996,0.1111111119389534,0.2023809552192688
2024-11,2024-11-01,2024-11-30,2022-11-01,2024-09-30,6739,2024-11-29,30,0.007684385149601606,0.10277774930000305,0.05726715177297592,0.1349206417798996,0.1111111119389534,0.2023809552192688
2024-12,2024-12-01,2024-12-31,2022-12-01,2024-11-04,2483,2024-12-31,1,0.0011752924831670256,0.0022321445867419243,-0.017006753012537956,0.4841269850730896,0.261904776096344,0.1230158731341362
2024-12,2024-12-01,2024-12-31,2022-12-01,2024-11-04,2211,2024-12-31,2,0.0011752924831670256,0.0011223279871046543,-0.01811656914651394,0.4841269850730896,0.261904776096344,0.1230158731341362
2024-12,2024-12-01,2024-12-31,2022-12-01,2024-11-04,2355,2024-12-31,3,0.0011752924831670256,-0.029639147222042084,-0.04887804388999939,0.4841269850730896,0.261904776096344,0.1230158731341362
2024-12,2024-12-01,2024-12-31,2022-12-01,2024-11-04,1319,2024-12-31,4,0.0005970623165952633,0.05381163954734802,0.03457274287939072,0.4841269850730896,0.261904776096344,0.1230158731341362
2024-12,2024-12-01,2024-12-31,2022-12-01,2024-11-04,9958,2024-12-31,5,0.0005970623165952633,-0.012195121496915817,-0.03143401816487312,0.4841269850730896,0.261904776096344,0.1230158731341362
2024-12,2024-12-01,2024-12-31,2022-12-01,2024-11-04,1101,2024-12-31,6,0.0005970623165952633,-0.011093497276306152,-0.030332393944263458,0.4841269850730896,0.261904776096344,0.1230158731341362
2024-12,2024-12-01,2024-12-31,2022-12-01,2024-11-04,9933,2024-12-31,7,0.0005970623165952633,0.04387093335390091,0.024632036685943604,0.4841269850730896,0.261904776096344,0.1230158731341362
2024-12,2024-12-01,2024-12-31,2022-12-01,2024-11-04,8942,2024-12-31,8,0.0005970623165952633,0.1225680261850357,0.1033291295170784,0.4841269850730896,0.261904776096344,0.1230158731341362
2024-12,2024-12-01,2024-12-31,2022-12-01,2024-11-04,8996,2024-12-31,9,0.0005970623165952633,-0.023923467844724655,-0.04316236451268196,0.4841269850730896,0.261904776096344,0.1230158731341362
2024-12,2024-12-01,2024-12-31,2022-12-01,2024-11-04,9904,2024-12-31,10,0.0005970623165952633,0.005390826612710953,-0.013848070986568928,0.4841269850730896,0.261904776096344,0.1230158731341362
2024-12,2024-12-01,2024-12-31,2022-12-01,2024-11-04,9907,2024-12-31,11,0.0005970623165952633,-0.0032894473988562822,-0.02252834476530552,0.4841269850730896,0.261904776096344,0.1230158731341362
2024-12,2024-12-01,2024-12-31,2022-12-01,2024-11-04,9908,2024-12-31,12,0.0005970623165952633,0.016638895496726036,-0.0026000021025538445,0.4841269850730896,0.261904776096344,0.1230158731341362
2024-12,2024-12-01,2024-12-31,2022-12-01,2024-11-04,9910,2024-12-31,13,0.0005970623165952633,-0.04150938242673874,-0.060748279094696045,0.4841269850730896,0.261904776096344,0.1230158731341362
2024-12,2024-12-01,2024-12-31,2022-12-01,2024-11-04,9911,2024-12-31,14,0.0005970623165952633,0.008413502015173435,-0.010825395584106445,0.4841269850730896,0.261904776096344,0.1230158731341362
2024-12,2024-12-01,2024-12-31,2022-12-01,2024-11-04,9946,2024-12-31,15,0.0005970623165952633,-0.044247787445783615,-0.06348668783903122,0.4841269850730896,0.261904776096344,0.1230158731341362
2024-12,2024-12-01,2024-12-31,2022-12-01,2024-11-04,1305,2024-12-31,16,0.0005970623165952633,0.004219410475343466,-0.015019486658275127,0.4841269850730896,0.261904776096344,0.1230158731341362
2024-12,2024-12-01,2024-12-31,2022-12-01,2024-11-04,9914,2024-12-31,17,0.0005970623165952633,0.06535954028367996,0.046120643615722656,0.4841269850730896,0.261904776096344,0.1230158731341362
2024-12,2024-12-01,2024-12-31,2022-12-01,2024-11-04,9917,2024-12-31,18,0.0005970623165952633,8.394440698111794e-09,-0.01923888921737671,0.4841269850730896,0.261904776096344,0.1230158731341362
2024-12,2024-12-01,2024-12-31,2022-12-01,2024-11-04,9918,2024-12-31,19,0.0005970623165952633,0.0012626824900507927,-0.017976215109229088,0.4841269850730896,0.261904776096344,0.1230158731341362
2024-12,2024-12-01,2024-12-31,2022-12-01,2024-11-04,9921,2024-12-31,20,0.0005970623165952633,0.04240287095308304,0.023163974285125732,0.4841269850730896,0.261904776096344,0.1230158731341362
2024-12,2024-12-01,2024-12-31,2022-12-01,2024-11-04,9925,2024-12-31,21,0.0005970623165952633,0.0012225358514115214,-0.018016362562775612,0.4841269850730896,0.261904776096344,0.1230158731341362
2024-12,2024-12-01,2024-12-31,2022-12-01,2024-11-04,9931,2024-12-31,22,0.0005970623165952633,-0.0014662239700555801,-0.020705120638012886,0.4841269850730896,0.261904776096344,0.1230158731341362
2024-12,2024-12-01,2024-12-31,2022-12-01,2024-11-04,6177,2024-12-31,23,0.0005970623165952633,-0.024915123358368874,-0.04415402188897133,0.4841269850730896,0.261904776096344,0.1230158731341362
2024-12,2024-12-01,2024-12-31,2022-12-01,2024-11-04,6179,2024-12-31,24,0.0005970623165952633,0.012750343419611454,-0.0064885541796684265,0.4841269850730896,0.261904776096344,0.1230158731341362
2024-12,2024-12-01,2024-12-31,2022-12-01,2024-11-04,6180,2024-12-31,25,0.0005970623165952633,-0.021992331370711327,-0.04123122990131378,0.4841269850730896,0.261904776096344,0.1230158731341362
2024-12,2024-12-01,2024-12-31,2022-12-01,2024-11-04,6182,2024-12-31,26,0.0005970623165952633,-0.10865557938814163,-0.12789447605609894,0.4841269850730896,0.261904776096344,0.1230158731341362
2024-12,2024-12-01,2024-12-31,2022-12-01,2024-11-04,9935,2024-12-31,27,0.0005970623165952633,0.21527782082557678,0.19603891670703888,0.4841269850730896,0.261904776096344,0.1230158731341362
2024-12,2024-12-01,2024-12-31,2022-12-01,2024-11-04,9938,2024-12-31,28,0.0005970623165952633,0.07917891442775726,0.05994001775979996,0.4841269850730896,0.261904776096344,0.1230158731341362
2024-12,2024-12-01,2024-12-31,2022-12-01,2024-11-04,9940,2024-12-31,29,0.0005970623165952633,-0.008771933615207672,-0.028010830283164978,0.4841269850730896,0.261904776096344,0.1230158731341362
2024-12,2024-12-01,2024-12-31,2022-12-01,2024-11-04,9945,2024-12-31,30,0.0005970623165952633,-0.01639343611896038,-0.035632334649562836,0.4841269850730896,0.261904776096344,0.1230158731341362
2025-01,2025-01-01,2025-01-31,2023-01-01,2024-12-04,6672,2025-01-22,1,0.031489214461909755,0.03205128014087677,0.06474614888429642,0.4166666567325592,0.3373015820980072,0.3650793731212616
2025-01,2025-01-01,2025-01-31,2023-01-01,2024-12-04,6199,2025-01-22,2,0.028456069895093895,-0.1853281855583191,-0.15263332426548004,0.4166666567325592,0.3373015820980072,0.3650793731212616
2025-01,2025-01-01,2025-01-31,2023-01-01,2024-12-04,3078,2025-01-22,3,0.024978871843312305,0.10586728900671005,0.1385621577501297,0.4166666567325592,0.3373015820980072,0.3650793731212616
2025-01,2025-01-01,2025-01-31,2023-01-01,2024-12-04,8045,2025-01-22,4,0.024601516581933585,0.2477063536643982,0.28040122985839844,0.4166666567325592,0.3373015820980072,0.3650793731212616
2025-01,2025-01-01,2025-01-31,2023-01-01,2024-12-04,6477,2025-01-22,5,0.018828316060177902,-0.04539389908313751,-0.012699032202363014,0.4166666567325592,0.3373015820980072,0.3650793731212616
2025-01,2025-01-01,2025-01-31,2023-01-01,2024-12-04,6770,2025-01-22,6,0.01881678530413055,-0.09743587672710419,-0.06474100798368454,0.4166666567325592,0.3373015820980072,0.3650793731212616
2025-01,2025-01-01,2025-01-31,2023-01-01,2024-12-04,6691,2025-01-22,7,0.018572960828104557,-0.06638114154338837,-0.03368627279996872,0.4166666567325592,0.3373015820980072,0.3650793731212616
2025-01,2025-01-01,2025-01-31,2023-01-01,2024-12-04,3147,2025-01-22,8,0.016857153446579516,0.2572348415851593,0.28992971777915955,0.4166666567325592,0.3373015820980072,0.3650793731212616
2025-01,2025-01-01,2025-01-31,2023-01-01,2024-12-04,4916,2025-01-22,9,0.016199980224520745,0.5303030014038086,0.5629978775978088,0.4166666567325592,0.3373015820980072,0.3650793731212616
2025-01,2025-01-01,2025-01-31,2023-01-01,2024-12-04,3088,2025-01-22,10,0.015257378454652243,0.11290322244167328,0.14559808373451233,0.4166666567325592,0.3373015820980072,0.3650793731212616
2025-01,2025-01-01,2025-01-31,2023-01-01,2024-12-04,2480,2025-01-22,11,0.01475055174121075,0.13194452226161957,0.16463938355445862,0.4166666567325592,0.3373015820980072,0.3650793731212616
2025-01,2025-01-01,2025-01-31,2023-01-01,2024-12-04,3264,2025-01-22,12,0.014299516917405747,0.10510513186454773,0.13779999315738678,0.4166666567325592,0.3373015820980072,0.3650793731212616
2025-01,2025-01-01,2025-01-31,2023-01-01,2024-12-04,6191,2025-01-22,13,0.013599522175382081,0.12421384453773499,0.15690870583057404,0.4166666567325592,0.3373015820980072,0.3650793731212616
2025-01,2025-01-01,2025-01-31,2023-01-01,2024-12-04,2404,2025-01-22,14,0.013584201926151625,-0.13469389081001282,-0.10199902206659317,0.4166666567325592,0.3373015820980072,0.3650793731212616
2025-01,2025-01-01,2025-01-31,2023-01-01,2024-12-04,3712,2025-01-22,15,0.012645721876819034,0.1284722536802292,0.16116711497306824,0.4166666567325592,0.3373015820980072,0.3650793731212616
2025-01,2025-01-01,2025-01-31,2023-01-01,2024-12-04,2891,2025-01-22,16,0.012481475379373183,0.06347154825925827,0.09616641700267792,0.4166666567325592,0.3373015820980072,0.3650793731212616
2025-01,2025-01-01,2025-01-31,2023-01-01,2024-12-04,2377,2025-01-22,17,0.012239245216707103,0.03921561688184738,0.07191048562526703,0.4166666567325592,0.3373015820980072,0.3650793731212616
2025-01,2025-01-01,2025-01-31,2023-01-01,2024-12-04,3416,2025-01-22,18,0.012182905046458003,0.05295950919389725,0.0856543779373169,0.4166666567325592,0.3373015820980072,0.3650793731212616
2025-01,2025-01-01,2025-01-31,2023-01-01,2024-12-04,2884,2025-01-22,19,0.011641461733382824,0.06702899932861328,0.09972386807203293,0.4166666567325592,0.3373015820980072,0.3650793731212616
2025-01,2025-01-01,2025-01-31,2023-01-01,2024-12-04,2882,2025-01-22,20,0.011641461733382824,0.056835662573575974,0.08953052759170532,0.4166666567325592,0.3373015820980072,0.3650793731212616
2025-01,2025-01-01,2025-01-31,2023-01-01,2024-12-04,4974,2025-01-22,21,0.01158716159272157,0.08018862456083298,0.11288349330425262,0.4166666567325592,0.3373015820980072,0.3650793731212616
2025-01,2025-01-01,2025-01-31,2023-01-01,2024-12-04,2883,2025-01-22,22,0.011548071302578232,0.08928564190864563,0.12198051065206528,0.4166666567325592,0.3373015820980072,0.3650793731212616
2025-01,2025-01-01,2025-01-31,2023-01-01,2024-12-04,2881,2025-01-22,23,0.011548071302578232,0.01420771237462759,0.046902578324079514,0.4166666567325592,0.3373015820980072,0.3650793731212616
2025-01,2025-01-01,2025-01-31,2023-01-01,2024-12-04,8071,2025-01-22,24,0.011374266955848669,0.04838544502854347,0.08108031004667282,0.4166666567325592,0.3373015820980072,0.3650793731212616
2025-01,2025-01-01,2025-01-31,2023-01-01,2024-12-04,2413,2025-01-22,25,0.011255323684222199,0.02771853283047676,0.06041340157389641,0.4166666567325592,0.3373015820980072,0.3650793731212616
2025-01,2025-01-01,2025-01-31,2023-01-01,2024-12-04,2468,2025-01-22,26,0.011249892079116912,0.3807615041732788,0.41345638036727905,0.4166666567325592,0.3373015820980072,0.3650793731212616
2025-01,2025-01-01,2025-01-31,2023-01-01,2024-12-04,6214,2025-01-22,27,0.010464337173959996,-0.00740740867331624,0.025287458673119545,0.4166666567325592,0.3373015820980072,0.3650793731212616
2025-01,2025-01-01,2025-01-31,2023-01-01,2024-12-04,1786,2025-01-22,28,0.010448102078105637,0.029166633263230324,0.06186150014400482,0.4166666567325592,0.3373015820980072,0.3650793731212616
2025-01,2025-01-01,2025-01-31,2023-01-01,2024-12-04,3211,2025-01-22,29,0.010333955898138816,-0.0758807361125946,-0.04318586736917496,0.4166666567325592,0.3373015820980072,0.3650793731212616
2025-01,2025-01-01,2025-01-31,2023-01-01,2024-12-04,6215,2025-01-22,30,0.009941546908434924,0.050691232085227966,0.08338610082864761,0.4166666567325592,0.3373015820980072,0.3650793731212616
2025-02,2025-02-01,2025-02-28,2023-02-01,2024-12-25,6739,2025-02-27,1,0.009931297055007181,-0.24657537043094635,-0.18366478383541107,0.369047611951828,0.3452380895614624,0.9603174328804016
2025-02,2025-02-01,2025-02-28,2023-02-01,2024-12-25,4971,2025-02-27,2,0.009931297055007181,-0.20121951401233673,-0.13830892741680145,0.369047611951828,0.3452380895614624,0.9603174328804016
2025-02,2025-02-01,2025-02-28,2023-02-01,2024-12-25,1618,2025-02-27,3,-0.00018256812937525381,-0.057114288210868835,0.00579629885032773,0.369047611951828,0.3452380895614624,0.9603174328804016
2025-02,2025-02-01,2025-02-28,2023-02-01,2024-12-25,6141,2025-02-27,4,-0.00018256812937525381,-0.14332252740859985,-0.08041194081306458,0.369047611951828,0.3452380895614624,0.9603174328804016
2025-02,2025-02-01,2025-02-28,2023-02-01,2024-12-25,2305,2025-02-27,5,-0.00018256812937525381,-0.09310347586870193,-0.030192889273166656,0.369047611951828,0.3452380895614624,0.9603174328804016
2025-02,2025-02-01,2025-02-28,2023-02-01,2024-12-25,8261,2025-02-27,6,-0.00018256812937525381,-0.04083877056837082,0.02207181602716446,0.369047611951828,0.3452380895614624,0.9603174328804016
2025-02,2025-02-01,2025-02-28,2023-02-01,2024-12-25,3689,2025-02-27,7,-0.00018256812937525381,-0.10344825685024261,-0.040537670254707336,0.369047611951828,0.3452380895614624,0.9603174328804016
2025-02,2025-02-01,2025-02-28,2023-02-01,2024-12-25,1815,2025-02-27,8,-0.00018256812937525381,-0.03603605926036835,0.02687452733516693,0.369047611951828,0.3452380895614624,0.9603174328804016
2025-02,2025-02-01,2025-02-28,2023-02-01,2024-12-25,5608,2025-02-27,9,-0.00018256812937525381,-0.07038838416337967,-0.0074777971021831036,0.369047611951828,0.3452380895614624,0.9603174328804016
2025-02,2025-02-01,2025-02-28,2023-02-01,2024-12-25,6854,2025-02-27,10,-0.00018256812937525381,-0.18501171469688416,-0.12210112810134888,0.369047611951828,0.3452380895614624,0.9603174328804016
2025-02,2025-02-01,2025-02-28,2023-02-01,2024-12-25,8088,2025-02-27,11,-0.00018256812937525381,0.26890766620635986,0.33181825280189514,0.369047611951828,0.3452380895614624,0.9603174328804016
2025-02,2025-02-01,2025-02-28,2023-02-01,2024-12-25,8089,2025-02-27,12,-0.00018256812937525381,-0.1595442146062851,-0.09663362801074982,0.369047611951828,0.3452380895614624,0.9603174328804016
2025-02,2025-02-01,2025-02-28,2023-02-01,2024-12-25,1540,2025-02-27,13,-0.00018256812937525381,-0.15288221836090088,-0.0899716317653656,0.369047611951828,0.3452380895614624,0.9603174328804016
2025-02,2025-02-01,2025-02-28,2023-02-01,2024-12-25,2466,2025-02-27,14,-0.00018256812937525381,0.008641937747597694,0.07155252248048782,0.369047611951828,0.3452380895614624,0.9603174328804016
2025-02,2025-02-01,2025-02-28,2023-02-01,2024-12-25,6175,2025-02-27,15,-0.00018256812937525381,-0.07242982089519501,-0.009519234299659729,0.369047611951828,0.3452380895614624,0.9603174328804016
2025-02,2025-02-01,2025-02-28,2023-02-01,2024-12-25,1616,2025-02-27,16,-0.00018256812937525381,0.19900493323802948,0.26191553473472595,0.369047611951828,0.3452380895614624,0.9603174328804016
2025-02,2025-02-01,2025-02-28,2023-02-01,2024-12-25,6541,2025-02-27,17,-0.00018256812937525381,-0.12451867014169693,-0.06160808354616165,0.369047611951828,0.3452380895614624,0.9603174328804016
2025-02,2025-02-01,2025-02-28,2023-02-01,2024-12-25,6465,2025-02-27,18,-0.00018256812937525381,-0.1479591578245163,-0.08504857122898102,0.369047611951828,0.3452380895614624,0.9603174328804016
2025-02,2025-02-01,2025-02-28,2023-02-01,2024-12-25,2429,2025-02-27,19,-0.00018256812937525381,0.7378379106521606,0.8007485270500183,0.369047611951828,0.3452380895614624,0.9603174328804016
2025-02,2025-02-01,2025-02-28,2023-02-01,2024-12-25,6962,2025-02-27,20,-0.00018256812937525381,-0.030456850305199623,0.032453738152980804,0.369047611951828,0.3452380895614624,0.9603174328804016
2025-02,2025-02-01,2025-02-28,2023-02-01,2024-12-25,4976,2025-02-27,21,-0.00018256812937525381,-0.11590295284986496,-0.05299236625432968,0.369047611951828,0.3452380895614624,0.9603174328804016
2025-02,2025-02-01,2025-02-28,2023-02-01,2024-12-25,6499,2025-02-27,22,-0.00018256812937525381,0.08930668234825134,0.15221726894378662,0.369047611951828,0.3452380895614624,0.9603174328804016
2025-02,2025-02-01,2025-02-28,2023-02-01,2024-12-25,4540,2025-02-27,23,-0.00018256812937525381,-0.180242657661438,-0.11733207106590271,0.369047611951828,0.3452380895614624,0.9603174328804016
2025-02,2025-02-01,2025-02-28,2023-02-01,2024-12-25,4577,2025-02-27,24,-0.00018256812937525381,-0.22931033372879028,-0.166399747133255,0.369047611951828,0.3452380895614624,0.9603174328804016
2025-02,2025-02-01,2025-02-28,2023-02-01,2024-12-25,2606,2025-02-27,25,-0.00018256812937525381,-0.03851640596985817,0.02439418062567711,0.369047611951828,0.3452380895614624,0.9603174328804016
2025-02,2025-02-01,2025-02-28,2023-02-01,2024-12-25,2609,2025-02-27,26,-0.00018256812937525381,0.05469829961657524,0.11760888993740082,0.369047611951828,0.3452380895614624,0.9603174328804016
2025-02,2025-02-01,2025-02-28,2023-02-01,2024-12-25,5475,2025-02-27,27,-0.00018256812937525381,-0.07067137956619263,-0.007760792504996061,0.369047611951828,0.3452380895614624,0.9603174328804016
2025-02,2025-02-01,2025-02-28,2023-02-01,2024-12-25,2387,2025-02-27,28,-0.00018256812937525381,-0.09714287519454956,-0.03423228859901428,0.369047611951828,0.3452380895614624,0.9603174328804016
2025-02,2025-02-01,2025-02-28,2023-02-01,2024-12-25,5864,2025-02-27,29,-0.00018256812937525381,-0.04430382698774338,0.0186067596077919,0.369047611951828,0.3452380895614624,0.9603174328804016
2025-02,2025-02-01,2025-02-28,2023-02-01,2024-12-25,6609,2025-02-27,30,-0.00018256812937525381,-0.1499999612569809,-0.08708937466144562,0.369047611951828,0.3452380895614624,0.9603174328804016
2025-03,2025-03-01,2025-03-31,2023-03-01,2025-01-22,7728,2025-03-31,1,0.00921171050424463,-0.12374582886695862,-0.10147711634635925,0.0515873022377491,0.0357142873108387,0.02777777798473835
2025-03,2025-03-01,2025-03-31,2023-03-01,2025-01-22,4949,2025-03-31,2,0.00614694450373175,0.6194444298744202,0.6417131423950195,0.0515873022377491,0.0357142873108387,0.02777777798473835
2025-03,2025-03-01,2025-03-31,2023-03-01,2025-01-22,5314,2025-03-31,3,0.00614694450373175,-0.22589166462421417,-0.2036229521036148,0.0515873022377491,0.0357142873108387,0.02777777798473835
2025-03,2025-03-01,2025-03-31,2023-03-01,2025-01-22,6657,2025-03-31,4,0.0019168873598451066,-0.09672613441944122,-0.07445742189884186,0.0515873022377491,0.0357142873108387,0.02777777798473835
2025-03,2025-03-01,2025-03-31,2023-03-01,2025-01-22,6541,2025-03-31,5,0.0019168873598451066,-0.033175330609083176,-0.010906616225838661,0.0515873022377491,0.0357142873108387,0.02777777798473835
2025-03,2025-03-01,2025-03-31,2023-03-01,2025-01-22,3709,2025-03-31,6,0.00167375585224808,0.4440944194793701,0.4663631319999695,0.0515873022377491,0.0357142873108387,0.02777777798473835
2025-03,2025-03-01,2025-03-31,2023-03-01,2025-01-22,3689,2025-03-31,7,0.00167375585224808,-0.062069062143564224,-0.03980034962296486,0.0515873022377491,0.0357142873108387,0.02777777798473835
2025-03,2025-03-01,2025-03-31,2023-03-01,2025-01-22,8114,2025-03-31,8,0.00167375585224808,-0.050185881555080414,-0.0279171671718359,0.0515873022377491,0.0357142873108387,0.02777777798473835
2025-03,2025-03-01,2025-03-31,2023-03-01,2025-01-22,2453,2025-03-31,9,0.00167375585224808,-0.08658010512590408,-0.06431139260530472,0.0515873022377491,0.0357142873108387,0.02777777798473835
2025-03,2025-03-01,2025-03-31,2023-03-01,2025-01-22,3213,2025-03-31,10,0.00167375585224808,-0.16033758223056793,-0.13806886970996857,0.0515873022377491,0.0357142873108387,0.02777777798473835
2025-03,2025-03-01,2025-03-31,2023-03-01,2025-01-22,2543,2025-03-31,11,0.00167375585224808,-0.12183351069688797,-0.0995647981762886,0.0515873022377491,0.0357142873108387,0.02777777798473835
2025-03,2025-03-01,2025-03-31,2023-03-01,2025-01-22,2539,2025-03-31,12,0.00167375585224808,-0.05736435204744339,-0.035095639526844025,0.0515873022377491,0.0357142873108387,0.02777777798473835
2025-03,2025-03-01,2025-03-31,2023-03-01,2025-01-22,1616,2025-03-31,13,0.00167375585224808,0.016771506518125534,0.0390402190387249,0.0515873022377491,0.0357142873108387,0.02777777798473835
2025-03,2025-03-01,2025-03-31,2023-03-01,2025-01-22,2547,2025-03-31,14,0.00167375585224808,-0.0666666105389595,-0.04439789801836014,0.0515873022377491,0.0357142873108387,0.02777777798473835
2025-03,2025-03-01,2025-03-31,2023-03-01,2025-01-22,8249,2025-03-31,15,0.00167375585224808,-0.08032125979661942,-0.05805254727602005,0.0515873022377491,0.0357142873108387,0.02777777798473835
2025-03,2025-03-01,2025-03-31,2023-03-01,2025-01-22,6206,2025-03-31,16,0.00167375585224808,-0.08870972692966461,-0.06644101440906525,0.0515873022377491,0.0357142873108387,0.02777777798473835
2025-03,2025-03-01,2025-03-31,2023-03-01,2025-01-22,3147,2025-03-31,17,0.00167375585224808,0.6897590756416321,0.7120277881622314,0.0515873022377491,0.0357142873108387,0.02777777798473835
2025-03,2025-03-01,2025-03-31,2023-03-01,2025-01-22,3484,2025-03-31,18,0.00167375585224808,-0.13063062727451324,-0.10836191475391388,0.0515873022377491,0.0357142873108387,0.02777777798473835
2025-03,2025-03-01,2025-03-31,2023-03-01,2025-01-22,6835,2025-03-31,19,0.0007368945353902138,-0.09060770273208618,-0.06833899021148682,0.0515873022377491,0.0357142873108387,0.02777777798473835
2025-03,2025-03-01,2025-03-31,2023-03-01,2025-01-22,3088,2025-03-31,20,0.0007368945353902138,-0.1355932205915451,-0.11332450807094574,0.0515873022377491,0.0357142873108387,0.02777777798473835
2025-03,2025-03-01,2025-03-31,2023-03-01,2025-01-22,3479,2025-03-31,21,0.0007368945353902138,-0.1427312195301056,-0.12046250700950623,0.0515873022377491,0.0357142873108387,0.02777777798473835
2025-03,2025-03-01,2025-03-31,2023-03-01,2025-01-22,3056,2025-03-31,22,0.0007368945353902138,-0.02846057340502739,-0.006191859021782875,0.0515873022377491,0.0357142873108387,0.02777777798473835
2025-03,2025-03-01,2025-03-31,2023-03-01,2025-01-22,2383,2025-03-31,23,0.0007368945353902138,0.012750455178320408,0.0350191704928875,0.0515873022377491,0.0357142873108387,0.02777777798473835
2025-03,2025-03-01,2025-03-31,2023-03-01,2025-01-22,2545,2025-03-31,24,0.0007368945353902138,-0.19405321776866913,-0.17178450524806976,0.0515873022377491,0.0357142873108387,0.02777777798473835
2025-03,2025-03-01,2025-03-31,2023-03-01,2025-01-22,6761,2025-03-31,25,0.0007368945353902138,-0.027300357818603516,-0.005031643435359001,0.0515873022377491,0.0357142873108387,0.02777777798473835
2025-03,2025-03-01,2025-03-31,2023-03-01,2025-01-22,1442,2025-03-31,26,0.0007368945353902138,-0.11764705181121826,-0.0953783392906189,0.0515873022377491,0.0357142873108387,0.02777777798473835
2025-03,2025-03-01,2025-03-31,2023-03-01,2025-01-22,3078,2025-03-31,27,0.0007368945353902138,-0.13261647522449493,-0.11034776270389557,0.0515873022377491,0.0357142873108387,0.02777777798473835
2025-03,2025-03-01,2025-03-31,2023-03-01,2025-01-22,6691,2025-03-31,28,0.0007368945353902138,0.0037546600215137005,0.026023374870419502,0.0515873022377491,0.0357142873108387,0.02777777798473835
2025-03,2025-03-01,2025-03-31,2023-03-01,2025-01-22,5536,2025-03-31,29,0.0007368945353902138,0.13258111476898193,0.1548498272895813,0.0515873022377491,0.0357142873108387,0.02777777798473835
2025-03,2025-03-01,2025-03-31,2023-03-01,2025-01-22,3029,2025-03-31,30,0.0007368945353902138,0.008130080997943878,0.030398795381188393,0.0515873022377491,0.0357142873108387,0.02777777798473835
2025-04,2025-04-01,2025-04-30,2023-04-01,2025-03-04,3031,2025-04-30,1,0.001999057433597725,0.06557377427816391,0.010606150142848492,0.1230158731341362,0.0793650820851326,0.920634925365448
2025-04,2025-04-01,2025-04-30,2023-04-01,2025-03-04,3008,2025-04-30,2,0.001999057433597725,0.01982380449771881,-0.03514381870627403,0.1230158731341362,0.0793650820851326,0.920634925365448
2025-04,2025-04-01,2025-04-30,2023-04-01,2025-03-04,3059,2025-04-30,3,0.001999057433597725,0.09349584579467773,0.03852822259068489,0.1230158731341362,0.0793650820851326,0.920634925365448
2025-04,2025-04-01,2025-04-30,2023-04-01,2025-03-04,3019,2025-04-30,4,0.001999057433597725,-0.02189778722822666,-0.07686541229486465,0.1230158731341362,0.0793650820851326,0.920634925365448
2025-04,2025-04-01,2025-04-30,2023-04-01,2025-03-04,8215,2025-04-30,5,0.001999057433597725,0.042194049805402756,-0.012773574329912663,0.1230158731341362,0.0793650820851326,0.920634925365448
2025-04,2025-04-01,2025-04-30,2023-04-01,2025-03-04,3149,2025-04-30,6,0.001999057433597725,0.04166664183139801,-0.013300982303917408,0.1230158731341362,0.0793650820851326,0.920634925365448
2025-04,2025-04-01,2025-04-30,2023-04-01,2025-03-04,2486,2025-04-30,7,0.001999057433597725,0.018915509805083275,-0.03605211526155472,0.1230158731341362,0.0793650820851326,0.920634925365448
2025-04,2025-04-01,2025-04-30,2023-04-01,2025-03-04,2323,2025-04-30,8,0.001999057433597725,0.03647798299789429,-0.018489640206098557,0.1230158731341362,0.0793650820851326,0.920634925365448
2025-04,2025-04-01,2025-04-30,2023-04-01,2025-03-04,2489,2025-04-30,9,0.001999057433597725,-0.020905936136841774,-0.07587356120347977,0.1230158731341362,0.0793650820851326,0.920634925365448
2025-04,2025-04-01,2025-04-30,2023-04-01,2025-03-04,2426,2025-04-30,10,0.001999057433597725,0.04340480640530586,-0.011562817730009556,0.1230158731341362,0.0793650820851326,0.920634925365448
2025-04,2025-04-01,2025-04-30,2023-04-01,2025-03-04,3049,2025-04-30,11,0.001999057433597725,-0.054363325238227844,-0.10933095216751099,0.1230158731341362,0.0793650820851326,0.920634925365448
2025-04,2025-04-01,2025-04-30,2023-04-01,2025-03-04,2466,2025-04-30,12,0.001999057433597725,-0.04222225770354271,-0.09718988090753555,0.1230158731341362,0.0793650820851326,0.920634925365448
2025-04,2025-04-01,2025-04-30,2023-04-01,2025-03-04,7402,2025-04-30,13,0.001999057433597725,-0.09942856431007385,-0.154396191239357,0.1230158731341362,0.0793650820851326,0.920634925365448
2025-04,2025-04-01,2025-04-30,2023-04-01,2025-03-04,2406,2025-04-30,14,0.001999057433597725,-0.012244867160916328,-0.06721249222755432,0.1230158731341362,0.0793650820851326,0.920634925365448
2025-04,2025-04-01,2025-04-30,2023-04-01,2025-03-04,2374,2025-04-30,15,0.001999057433597725,0.07822412252426147,0.02325649932026863,0.1230158731341362,0.0793650820851326,0.920634925365448
2025-04,2025-04-01,2025-04-30,2023-04-01,2025-03-04,2491,2025-04-30,16,0.001999057433597725,0.009090944193303585,-0.045876678079366684,0.1230158731341362,0.0793650820851326,0.920634925365448
2025-04,2025-04-01,2025-04-30,2023-04-01,2025-03-04,3024,2025-04-30,17,0.001999057433597725,-0.0227272417396307,-0.0776948630809784,0.1230158731341362,0.0793650820851326,0.920634925365448
2025-04,2025-04-01,2025-04-30,2023-04-01,2025-03-04,2429,2025-04-30,18,0.001999057433597725,0.005504573229700327,-0.04946305230259895,0.1230158731341362,0.0793650820851326,0.920634925365448
2025-04,2025-04-01,2025-04-30,2023-04-01,2025-03-04,3066,2025-04-30,19,0.001999057433597725,-0.12499996274709702,-0.17996758222579956,0.1230158731341362,0.0793650820851326,0.920634925365448
2025-04,2025-04-01,2025-04-30,2023-04-01,2025-03-04,8064,2025-04-30,20,0.001999057433597725,-0.04935070872306824,-0.10431833565235138,0.1230158731341362,0.0793650820851326,0.920634925365448
2025-04,2025-04-01,2025-04-30,2023-04-01,2025-03-04,2409,2025-04-30,21,0.001999057433597725,-1.1789307308163188e-08,-0.05496763437986374,0.1230158731341362,0.0793650820851326,0.920634925365448
2025-04,2025-04-01,2025-04-30,2023-04-01,2025-03-04,8069,2025-04-30,22,0.001999057433597725,-0.07625272125005722,-0.13122034072875977,0.1230158731341362,0.0793650820851326,0.920634925365448
2025-04,2025-04-01,2025-04-30,2023-04-01,2025-03-04,2349,2025-04-30,23,0.001999057433597725,-0.07162795215845108,-0.12659557163715363,0.1230158731341362,0.0793650820851326,0.920634925365448
2025-04,2025-04-01,2025-04-30,2023-04-01,2025-03-04,6176,2025-04-30,24,0.001999057433597725,-0.006733964197337627,-0.061701588332653046,0.1230158731341362,0.0793650820851326,0.920634925365448
2025-04,2025-04-01,2025-04-30,2023-04-01,2025-03-04,3050,2025-04-30,25,0.001999057433597725,-0.018248192965984344,-0.07321581989526749,0.1230158731341362,0.0793650820851326,0.920634925365448
2025-04,2025-04-01,2025-04-30,2023-04-01,2025-03-04,3038,2025-04-30,26,0.001999057433597725,-0.03726706653833389,-0.09223469346761703,0.1230158731341362,0.0793650820851326,0.920634925365448
2025-04,2025-04-01,2025-04-30,2023-04-01,2025-03-04,3051,2025-04-30,27,0.001999057433597725,-0.10819162428379059,-0.16315925121307373,0.1230158731341362,0.0793650820851326,0.920634925365448
2025-04,2025-04-01,2025-04-30,2023-04-01,2025-03-04,2393,2025-04-30,28,0.001999057433597725,0.0503876619040966,-0.004579962231218815,0.1230158731341362,0.0793650820851326,0.920634925365448
2025-04,2025-04-01,2025-04-30,2023-04-01,2025-03-04,8104,2025-04-30,29,0.001999057433597725,0.04692089185118675,-0.008046732284128666,0.1230158731341362,0.0793650820851326,0.920634925365448
2025-04,2025-04-01,2025-04-30,2023-04-01,2025-03-04,8105,2025-04-30,30,0.001999057433597725,-0.048872221261262894,-0.10383984446525574,0.1230158731341362,0.0793650820851326,0.920634925365448
2025-05,2025-05-01,2025-05-31,2023-05-01,2025-04-01,6499,2025-05-29,1,0.03381427692769297,0.13901345431804657,0.08126473426818848,0.761904776096344,0.5952380895614624,0.6507936716079712
2025-05,2025-05-01,2025-05-31,2023-05-01,2025-04-01,6919,2025-05-29,2,0.030833146821435977,0.5222349166870117,0.46448618173599243,0.761904776096344,0.5952380895614624,0.6507936716079712
2025-05,2025-05-01,2025-05-31,2023-05-01,2025-04-01,8937,2025-05-29,3,0.028974557798673195,0.04545454680919647,-0.012294173240661621,0.761904776096344,0.5952380895614624,0.6507936716079712
2025-05,2025-05-01,2025-05-31,2023-05-01,2025-04-01,5263,2025-05-29,4,0.026442932746877465,-0.11111114174127579,-0.16885986924171448,0.761904776096344,0.5952380895614624,0.6507936716079712
2025-05,2025-05-01,2025-05-31,2023-05-01,2025-04-01,8038,2025-05-29,5,0.025119350057627235,0.3175675570964813,0.25981882214546204,0.761904776096344,0.5952380895614624,0.6507936716079712
2025-05,2025-05-01,2025-05-31,2023-05-01,2025-04-01,3308,2025-05-29,6,0.024904935702198133,-0.03989361971616745,-0.09764233976602554,0.761904776096344,0.5952380895614624,0.6507936716079712
2025-05,2025-05-01,2025-05-31,2023-05-01,2025-04-01,3054,2025-05-29,7,0.020545911207445575,0.03463200107216835,-0.023116718977689743,0.761904776096344,0.5952380895614624,0.6507936716079712
2025-05,2025-05-01,2025-05-31,2023-05-01,2025-04-01,6854,2025-05-29,8,0.020145346415050964,0.40714284777641296,0.3493941128253937,0.761904776096344,0.5952380895614624,0.6507936716079712
2025-05,2025-05-01,2025-05-31,2023-05-01,2025-04-01,4142,2025-05-29,9,0.02012641987861131,-0.11052633821964264,-0.16827505826950073,0.761904776096344,0.5952380895614624,0.6507936716079712
2025-05,2025-05-01,2025-05-31,2023-05-01,2025-04-01,6108,2025-05-29,10,0.019820492911040665,-0.03135893866419792,-0.08910766243934631,0.761904776096344,0.5952380895614624,0.6507936716079712
2025-05,2025-05-01,2025-05-31,2023-05-01,2025-04-01,8027,2025-05-29,11,0.019629703791470252,0.0694444477558136,0.011695727705955505,0.761904776096344,0.5952380895614624,0.6507936716079712
2025-05,2025-05-01,2025-05-31,2023-05-01,2025-04-01,1471,2025-05-29,12,0.019607258960335147,-0.0458715595304966,-0.10362028330564499,0.761904776096344,0.5952380895614624,0.6507936716079712
2025-05,2025-05-01,2025-05-31,2023-05-01,2025-04-01,3052,2025-05-29,13,0.01814840746372866,0.046153876930475235,-0.011594843119382858,0.761904776096344,0.5952380895614624,0.6507936716079712
2025-05,2025-05-01,2025-05-31,2023-05-01,2025-04-01,1325,2025-05-29,14,0.018108599003829433,-0.24146339297294617,-0.29921212792396545,0.761904776096344,0.5952380895614624,0.6507936716079712
2025-05,2025-05-01,2025-05-31,2023-05-01,2025-04-01,4303,2025-05-29,15,0.01762620188753156,-0.038944706320762634,-0.09669342637062073,0.761904776096344,0.5952380895614624,0.6507936716079712
2025-05,2025-05-01,2025-05-31,2023-05-01,2025-04-01,5443,2025-05-29,16,0.017438141197920212,0.18663308024406433,0.12888436019420624,0.761904776096344,0.5952380895614624,0.6507936716079712
2025-05,2025-05-01,2025-05-31,2023-05-01,2025-04-01,8086,2025-05-29,17,0.017438141197920212,0.01660275086760521,-0.041145969182252884,0.761904776096344,0.5952380895614624,0.6507936716079712
2025-05,2025-05-01,2025-05-31,2023-05-01,2025-04-01,3228,2025-05-29,18,0.016097049734065026,-0.056179776787757874,-0.11392849683761597,0.761904776096344,0.5952380895614624,0.6507936716079712
2025-05,2025-05-01,2025-05-31,2023-05-01,2025-04-01,6477,2025-05-29,19,0.014747075422427425,-0.0033268765546381474,-0.0610755980014801,0.761904776096344,0.5952380895614624,0.6507936716079712
2025-05,2025-05-01,2025-05-31,2023-05-01,2025-04-01,2535,2025-05-29,20,0.01420805598261024,-0.0807754397392273,-0.1385241597890854,0.761904776096344,0.5952380895614624,0.6507936716079712
2025-05,2025-05-01,2025-05-31,2023-05-01,2025-04-01,2258,2025-05-29,21,0.01409996051979582,-0.0259593166410923,-0.08370804041624069,0.761904776096344,0.5952380895614624,0.6507936716079712
2025-05,2025-05-01,2025-05-31,2023-05-01,2025-04-01,6547,2025-05-29,22,0.013894055677436214,-0.16860459744930267,-0.22635331749916077,0.761904776096344,0.5952380895614624,0.6507936716079712
2025-05,2025-05-01,2025-05-31,2023-05-01,2025-04-01,6657,2025-05-29,23,0.013078630351887204,0.008683046326041222,-0.04906567558646202,0.761904776096344,0.5952380895614624,0.6507936716079712
2025-05,2025-05-01,2025-05-31,2023-05-01,2025-04-01,2406,2025-05-29,24,0.011565877752707662,-0.025104619562625885,-0.08285333961248398,0.761904776096344,0.5952380895614624,0.6507936716079712
2025-05,2025-05-01,2025-05-31,2023-05-01,2025-04-01,5475,2025-05-29,25,0.010900419944330764,0.5029411315917969,0.4451923966407776,0.761904776096344,0.5952380895614624,0.6507936716079712
2025-05,2025-05-01,2025-05-31,2023-05-01,2025-04-01,2852,2025-05-29,26,0.01055063839456038,0.05575545132160187,-0.0019932687282562256,0.761904776096344,0.5952380895614624,0.6507936716079712
2025-05,2025-05-01,2025-05-31,2023-05-01,2025-04-01,3530,2025-05-29,27,0.009915798602367215,-0.03359997645020485,-0.09134870022535324,0.761904776096344,0.5952380895614624,0.6507936716079712
2025-05,2025-05-01,2025-05-31,2023-05-01,2025-04-01,8059,2025-05-29,28,0.009390220088949554,0.020467858761548996,-0.0372808612883091,0.761904776096344,0.5952380895614624,0.6507936716079712
2025-05,2025-05-01,2025-05-31,2023-05-01,2025-04-01,2345,2025-05-29,29,0.008412637266481494,-0.013477113097906113,-0.0712258368730545,0.761904776096344,0.5952380895614624,0.6507936716079712
2025-05,2025-05-01,2025-05-31,2023-05-01,2025-04-01,8935,2025-05-29,30,0.008289728315526,0.0,-0.05774872004985809,0.761904776096344,0.5952380895614624,0.6507936716079712
2025-06,2025-06-01,2025-06-30,2023-06-01,2025-05-02,3040,2025-06-30,1,0.06995633835249276,-0.02545962482690811,-0.07744380831718445,0.817460298538208,0.908730149269104,0.488095223903656
2025-06,2025-06-01,2025-06-30,2023-06-01,2025-05-02,8937,2025-06-30,2,0.05732111822747136,-0.06711409240961075,-0.11909827589988708,0.817460298538208,0.908730149269104,0.488095223903656
2025-06,2025-06-01,2025-06-30,2023-06-01,2025-05-02,7751,2025-06-30,3,0.05174875456558279,0.06459054350852966,0.01260636281222105,0.817460298538208,0.908730149269104,0.488095223903656
2025-06,2025-06-01,2025-06-30,2023-06-01,2025-05-02,3054,2025-06-30,4,0.050917916508890396,-0.04411761462688446,-0.0961017981171608,0.817460298538208,0.908730149269104,0.488095223903656
2025-06,2025-06-01,2025-06-30,2023-06-01,2025-05-02,4142,2025-06-30,5,0.049053109280789736,0.056886155158281326,0.0049019744619727135,0.817460298538208,0.908730149269104,0.488095223903656
2025-06,2025-06-01,2025-06-30,2023-06-01,2025-05-02,7740,2025-06-30,6,0.04613148181119788,0.0748792290687561,0.022895049303770065,0.817460298538208,0.908730149269104,0.488095223903656
2025-06,2025-06-01,2025-06-30,2023-06-01,2025-05-02,6405,2025-06-30,7,0.0422136859830001,-0.010202927514910698,-0.062187109142541885,0.817460298538208,0.908730149269104,0.488095223903656
2025-06,2025-06-01,2025-06-30,2023-06-01,2025-05-02,3490,2025-06-30,8,0.04123141346686402,-0.02182573266327381,-0.073809914290905,0.817460298538208,0.908730149269104,0.488095223903656
2025-06,2025-06-01,2025-06-30,2023-06-01,2025-05-02,6854,2025-06-30,9,0.03768510757808476,-0.17989417910575867,-0.2318783551454544,0.817460298538208,0.908730149269104,0.488095223903656
2025-06,2025-06-01,2025-06-30,2023-06-01,2025-05-02,6625,2025-06-30,10,0.035907718505902714,-0.08502025902271271,-0.13700443506240845,0.817460298538208,0.908730149269104,0.488095223903656
2025-06,2025-06-01,2025-06-30,2023-06-01,2025-05-02,3535,2025-06-30,11,0.035189895005852324,0.2226276695728302,0.17064349353313446,0.817460298538208,0.908730149269104,0.488095223903656
2025-06,2025-06-01,2025-06-30,2023-06-01,2025-05-02,3167,2025-06-30,12,0.03230669741073776,0.2889733910560608,0.23698921501636505,0.817460298538208,0.908730149269104,0.488095223903656
2025-06,2025-06-01,2025-06-30,2023-06-01,2025-05-02,2466,2025-06-30,13,0.03153361301764276,-0.08361973613500595,-0.1356039196252823,0.817460298538208,0.908730149269104,0.488095223903656
2025-06,2025-06-01,2025-06-30,2023-06-01,2025-05-02,1532,2025-06-30,14,0.030310496510709512,0.015329408459365368,-0.036654770374298096,0.817460298538208,0.908730149269104,0.488095223903656
2025-06,2025-06-01,2025-06-30,2023-06-01,2025-05-02,7749,2025-06-30,15,0.02946028997939977,-0.16565349698066711,-0.21763767302036285,0.817460298538208,0.908730149269104,0.488095223903656
2025-06,2025-06-01,2025-06-30,2023-06-01,2025-05-02,9946,2025-06-30,16,0.028848175073588358,-0.014962555840611458,-0.06694673746824265,0.817460298538208,0.908730149269104,0.488095223903656
2025-06,2025-06-01,2025-06-30,2023-06-01,2025-05-02,5475,2025-06-30,17,0.02852158663202737,0.276978462934494,0.22499428689479828,0.817460298538208,0.908730149269104,0.488095223903656
2025-06,2025-06-01,2025-06-30,2023-06-01,2025-05-02,1471,2025-06-30,18,0.02732251825510429,-0.0476190485060215,-0.09960322827100754,0.817460298538208,0.908730149269104,0.488095223903656
2025-06,2025-06-01,2025-06-30,2023-06-01,2025-05-02,2548,2025-06-30,19,0.026616933240601295,-0.017277071252465248,-0.06926125288009644,0.817460298538208,0.908730149269104,0.488095223903656
2025-06,2025-06-01,2025-06-30,2023-06-01,2025-05-02,6919,2025-06-30,20,0.026251041989243613,-0.08239700645208359,-0.13438118994235992,0.817460298538208,0.908730149269104,0.488095223903656
2025-06,2025-06-01,2025-06-30,2023-06-01,2025-05-02,4745,2025-06-30,21,0.025747511659029394,-0.03823527321219444,-0.09021945297718048,0.817460298538208,0.908730149269104,0.488095223903656
2025-06,2025-06-01,2025-06-30,2023-06-01,2025-05-02,1528,2025-06-30,22,0.024949678323508098,-0.019920319318771362,-0.0719045028090477,0.817460298538208,0.908730149269104,0.488095223903656
2025-06,2025-06-01,2025-06-30,2023-06-01,2025-05-02,1477,2025-06-30,23,0.02344840340690867,0.12317327409982681,0.07118909060955048,0.817460298538208,0.908730149269104,0.488095223903656
2025-06,2025-06-01,2025-06-30,2023-06-01,2025-05-02,6477,2025-06-30,24,0.023433220264287347,0.1128472238779068,0.06086304411292076,0.817460298538208,0.908730149269104,0.488095223903656
2025-06,2025-06-01,2025-06-30,2023-06-01,2025-05-02,6186,2025-06-30,25,0.023163164197414595,0.004991731606423855,-0.04699244722723961,0.817460298538208,0.908730149269104,0.488095223903656
2025-06,2025-06-01,2025-06-30,2023-06-01,2025-05-02,2014,2025-06-30,26,0.022555566926597784,0.09473686665296555,0.04275268688797951,0.817460298538208,0.908730149269104,0.488095223903656
2025-06,2025-06-01,2025-06-30,2023-06-01,2025-05-02,6443,2025-06-30,27,0.022465150387417077,0.0836121067404747,0.03162792697548866,0.817460298538208,0.908730149269104,0.488095223903656
2025-06,2025-06-01,2025-06-30,2023-06-01,2025-05-02,6499,2025-06-30,28,0.02233276224400087,-0.06538461893796921,-0.11736880242824554,0.817460298538208,0.908730149269104,0.488095223903656
2025-06,2025-06-01,2025-06-30,2023-06-01,2025-05-02,6152,2025-06-30,29,0.021966298970518217,0.005868454929441214,-0.046115726232528687,0.817460298538208,0.908730149269104,0.488095223903656
2025-06,2025-06-01,2025-06-30,2023-06-01,2025-05-02,1519,2025-06-30,30,0.02182113307728147,0.2539251744747162,0.20194099843502045,0.817460298538208,0.908730149269104,0.488095223903656
2025-07,2025-07-01,2025-07-31,2023-07-01,2025-06-03,6684,2025-07-31,1,0.003330409325966296,0.13780255615711212,0.10832696408033371,0.7579365372657776,0.8769841194152832,0.5753968358039856
2025-07,2025-07-01,2025-07-31,2023-07-01,2025-06-03,2883,2025-07-31,2,-0.0021902507370519186,0.00660068541765213,-0.022874906659126282,0.7579365372657776,0.8769841194152832,0.5753968358039856
2025-07,2025-07-01,2025-07-31,2023-07-01,2025-06-03,2383,2025-07-31,3,-0.002921467648388073,0.09417040646076202,0.06469481438398361,0.7579365372657776,0.8769841194152832,0.5753968358039856
2025-07,2025-07-01,2025-07-31,2023-07-01,2025-06-03,2236,2025-07-31,4,-0.002921467648388073,0.05538143217563629,0.02590584009885788,0.7579365372657776,0.8769841194152832,0.5753968358039856
2025-07,2025-07-01,2025-07-31,2023-07-01,2025-06-03,2731,2025-07-31,5,-0.002921467648388073,0.05980066582560539,0.03032507374882698,0.7579365372657776,0.8769841194152832,0.5753968358039856
2025-07,2025-07-01,2025-07-31,2023-07-01,2025-06-03,6669,2025-07-31,6,-0.002921467648388073,0.09814814478158951,0.0686725527048111,0.7579365372657776,0.8769841194152832,0.5753968358039856
2025-07,2025-07-01,2025-07-31,2023-07-01,2025-06-03,6596,2025-07-31,7,-0.002921467648388073,0.2619926333427429,0.2325170487165451,0.7579365372657776,0.8769841194152832,0.5753968358039856
2025-07,2025-07-01,2025-07-31,2023-07-01,2025-06-03,2547,2025-07-31,8,-0.002921467648388073,-0.013333299197256565,-0.0428088903427124,0.7579365372657776,0.8769841194152832,0.5753968358039856
2025-07,2025-07-01,2025-07-31,2023-07-01,2025-06-03,3147,2025-07-31,9,-0.002921467648388073,0.1639440804719925,0.13446849584579468,0.7579365372657776,0.8769841194152832,0.5753968358039856
2025-07,2025-07-01,2025-07-31,2023-07-01,2025-06-03,6196,2025-07-31,10,-0.002921467648388073,0.3037036955356598,0.2742280960083008,0.7579365372657776,0.8769841194152832,0.5753968358039856
2025-07,2025-07-01,2025-07-31,2023-07-01,2025-06-03,2345,2025-07-31,11,-0.002921467648388073,0.15867580473423004,0.12920022010803223,0.7579365372657776,0.8769841194152832,0.5753968358039856
2025-07,2025-07-01,2025-07-31,2023-07-01,2025-06-03,3017,2025-07-31,12,-0.002921467648388073,0.12578582763671875,0.09631023555994034,0.7579365372657776,0.8769841194152832,0.5753968358039856
2025-07,2025-07-01,2025-07-31,2023-07-01,2025-06-03,2376,2025-07-31,13,-0.002921467648388073,0.010948904789984226,-0.01852668635547161,0.7579365372657776,0.8769841194152832,0.5753968358039856
2025-07,2025-07-01,2025-07-31,2023-07-01,2025-06-03,2348,2025-07-31,14,-0.003914277709433013,-0.03163845092058182,-0.06111404299736023,0.7579365372657776,0.8769841194152832,0.5753968358039856
2025-07,2025-07-01,2025-07-31,2023-07-01,2025-06-03,3339,2025-07-31,15,-0.003914277709433013,0.010159607045352459,-0.01931598410010338,0.7579365372657776,0.8769841194152832,0.5753968358039856
2025-07,2025-07-01,2025-07-31,2023-07-01,2025-06-03,1342,2025-07-31,16,-0.003914277709433013,0.07305387407541275,0.04357828199863434,0.7579365372657776,0.8769841194152832,0.5753968358039856
2025-07,2025-07-01,2025-07-31,2023-07-01,2025-06-03,4729,2025-07-31,17,-0.003914277709433013,0.06175295636057854,0.032277364283800125,0.7579365372657776,0.8769841194152832,0.5753968358039856
2025-07,2025-07-01,2025-07-31,2023-07-01,2025-06-03,6176,2025-07-31,18,-0.003914277709433013,0.05904059112071991,0.029564999043941498,0.7579365372657776,0.8769841194152832,0.5753968358039856
2025-07,2025-07-01,2025-07-31,2023-07-01,2025-06-03,6405,2025-07-31,19,-0.003914277709433013,0.0978723093867302,0.06839671730995178,0.7579365372657776,0.8769841194152832,0.5753968358039856
2025-07,2025-07-01,2025-07-31,2023-07-01,2025-06-03,3406,2025-07-31,20,-0.003914277709433013,0.07058823853731155,0.04111264646053314,0.7579365372657776,0.8769841194152832,0.5753968358039856
2025-07,2025-07-01,2025-07-31,2023-07-01,2025-06-03,2393,2025-07-31,21,-0.003914277709433013,-0.01726614311337471,-0.04674173519015312,0.7579365372657776,0.8769841194152832,0.5753968358039856
2025-07,2025-07-01,2025-07-31,2023-07-01,2025-06-03,3543,2025-07-31,22,-0.003914277709433013,-0.2071610987186432,-0.236636683344841,0.7579365372657776,0.8769841194152832,0.5753968358039856
2025-07,2025-07-01,2025-07-31,2023-07-01,2025-06-03,8104,2025-07-31,23,-0.003914277709433013,0.0911458283662796,0.06167023628950119,0.7579365372657776,0.8769841194152832,0.5753968358039856
2025-07,2025-07-01,2025-07-31,2023-07-01,2025-06-03,5315,2025-07-31,24,-0.003914277709433013,0.012135921977460384,-0.017339669167995453,0.7579365372657776,0.8769841194152832,0.5753968358039856
2025-07,2025-07-01,2025-07-31,2023-07-01,2025-06-03,9917,2025-07-31,25,-0.003914277709433013,-0.008849557489156723,-0.038325149565935135,0.7579365372657776,0.8769841194152832,0.5753968358039856
2025-07,2025-07-01,2025-07-31,2023-07-01,2025-06-03,9907,2025-07-31,26,-0.003914277709433013,0.022284099832177162,-0.007191491778939962,0.7579365372657776,0.8769841194152832,0.5753968358039856
2025-07,2025-07-01,2025-07-31,2023-07-01,2025-06-03,9925,2025-07-31,27,-0.003914277709433013,0.0036899803671985865,-0.02578561194241047,0.7579365372657776,0.8769841194152832,0.5753968358039856
2025-07,2025-07-01,2025-07-31,2023-07-01,2025-06-03,8935,2025-07-31,28,-0.003914277709433013,0.7491856217384338,0.7197100520133972,0.7579365372657776,0.8769841194152832,0.5753968358039856
2025-07,2025-07-01,2025-07-31,2023-07-01,2025-06-03,8937,2025-07-31,29,-0.003914277709433013,-0.02302631549537182,-0.05250190570950508,0.7579365372657776,0.8769841194152832,0.5753968358039856
2025-07,2025-07-01,2025-07-31,2023-07-01,2025-06-03,8942,2025-07-31,30,-0.003914277709433013,-0.0954994186758995,-0.12497501075267792,0.7579365372657776,0.8769841194152832,0.5753968358039856
2025-08,2025-08-01,2025-08-31,2023-08-01,2025-07-04,3231,2025-08-29,1,-0.0032600517443807427,0.1428571492433548,0.08726291358470917,0.64682537317276,0.773809552192688,0.7976190447807312
2025-08,2025-08-01,2025-08-31,2023-08-01,2025-07-04,3234,2025-08-29,2,-0.0032600517443807427,-0.12062250822782516,-0.1762167513370514,0.64682537317276,0.773809552192688,0.7976190447807312
2025-08,2025-08-01,2025-08-31,2023-08-01,2025-07-04,3236,2025-08-29,3,-0.0032600517443807427,0.23631125688552856,0.18071702122688293,0.64682537317276,0.773809552192688,0.7976190447807312
2025-08,2025-08-01,2025-08-31,2023-08-01,2025-07-04,3217,2025-08-29,4,-0.0032600517443807427,-0.02593659982085228,-0.08153083920478821,0.64682537317276,0.773809552192688,0.7976190447807312
2025-08,2025-08-01,2025-08-31,2023-08-01,2025-07-04,3218,2025-08-29,5,-0.0032600517443807427,-0.12121212482452393,-0.17680636048316956,0.64682537317276,0.773809552192688,0.7976190447807312
2025-08,2025-08-01,2025-08-31,2023-08-01,2025-07-04,3221,2025-08-29,6,-0.0032600517443807427,0.11627906560897827,0.06068482622504234,0.64682537317276,0.773809552192688,0.7976190447807312
2025-08,2025-08-01,2025-08-31,2023-08-01,2025-07-04,3227,2025-08-29,7,-0.0032600517443807427,0.19647355377674103,0.1408793181180954,0.64682537317276,0.773809552192688,0.7976190447807312
2025-08,2025-08-01,2025-08-31,2023-08-01,2025-07-04,3228,2025-08-29,8,-0.0032600517443807427,0.10204081982374191,0.046446580439805984,0.64682537317276,0.773809552192688,0.7976190447807312
2025-08,2025-08-01,2025-08-31,2023-08-01,2025-07-04,3230,2025-08-29,9,-0.0032600517443807427,-0.05535711720585823,-0.11095135658979416,0.64682537317276,0.773809552192688,0.7976190447807312
2025-08,2025-08-01,2025-08-31,2023-08-01,2025-07-04,3188,2025-08-29,10,-0.0032600517443807427,0.01615794748067856,-0.03943629190325737,0.64682537317276,0.773809552192688,0.7976190447807312
2025-08,2025-08-01,2025-08-31,2023-08-01,2025-07-04,3189,2025-08-29,11,-0.0032600517443807427,-0.07488986849784851,-0.13048410415649414,0.64682537317276,0.773809552192688,0.7976190447807312
2025-08,2025-08-01,2025-08-31,2023-08-01,2025-07-04,3205,2025-08-29,12,-0.0032600517443807427,-0.06896551698446274,-0.12455975264310837,0.64682537317276,0.773809552192688,0.7976190447807312
2025-08,2025-08-01,2025-08-31,2023-08-01,2025-07-04,3209,2025-08-29,13,-0.0032600517443807427,-0.03732506185770035,-0.09291929751634598,0.64682537317276,0.773809552192688,0.7976190447807312
2025-08,2025-08-01,2025-08-31,2023-08-01,2025-07-04,3211,2025-08-29,14,-0.0032600517443807427,-0.008403361774981022,-0.06399759650230408,0.64682537317276,0.773809552192688,0.7976190447807312
2025-08,2025-08-01,2025-08-31,2023-08-01,2025-07-04,3213,2025-08-29,15,-0.0032600517443807427,-0.04661016911268234,-0.10220440477132797,0.64682537317276,0.773809552192688,0.7976190447807312
2025-08,2025-08-01,2025-08-31,2023-08-01,2025-07-04,3147,2025-08-29,16,-0.0032600517443807427,-0.07379134744405746,-0.1293855905532837,0.64682537317276,0.773809552192688,0.7976190447807312
2025-08,2025-08-01,2025-08-31,2023-08-01,2025-07-04,3149,2025-08-29,17,-0.0032600517443807427,0.04060909524559975,-0.014985142275691032,0.64682537317276,0.773809552192688,0.7976190447807312
2025-08,2025-08-01,2025-08-31,2023-08-01,2025-07-04,3152,2025-08-29,18,-0.0032600517443807427,-0.03461538627743721,-0.09020962566137314,0.64682537317276,0.773809552192688,0.7976190447807312
2025-08,2025-08-01,2025-08-31,2023-08-01,2025-07-04,3162,2025-08-29,19,-0.0032600517443807427,-0.24855488538742065,-0.3041491210460663,0.64682537317276,0.773809552192688,0.7976190447807312
2025-08,2025-08-01,2025-08-31,2023-08-01,2025-07-04,3163,2025-08-29,20,-0.0032600517443807427,-0.15060241520404816,-0.2061966508626938,0.64682537317276,0.773809552192688,0.7976190447807312
2025-08,2025-08-01,2025-08-31,2023-08-01,2025-07-04,3167,2025-08-29,21,-0.0032600517443807427,-0.17339667677879333,-0.22899091243743896,0.64682537317276,0.773809552192688,0.7976190447807312
2025-08,2025-08-01,2025-08-31,2023-08-01,2025-07-04,3169,2025-08-29,22,-0.0032600517443807427,-0.0041884975507855415,-0.059782736003398895,0.64682537317276,0.773809552192688,0.7976190447807312
2025-08,2025-08-01,2025-08-31,2023-08-01,2025-07-04,3176,2025-08-29,23,-0.0032600517443807427,-0.031772539019584656,-0.08736677467823029,0.64682537317276,0.773809552192688,0.7976190447807312
2025-08,2025-08-01,2025-08-31,2023-08-01,2025-07-04,1536,2025-08-29,24,-0.0032600517443807427,-0.10144927352666855,-0.15704351663589478,0.64682537317276,0.773809552192688,0.7976190447807312
2025-08,2025-08-01,2025-08-31,2023-08-01,2025-07-04,1540,2025-08-29,25,-0.0032600517443807427,-0.059160348027944565,-0.1147545874118805,0.64682537317276,0.773809552192688,0.7976190447807312
2025-08,2025-08-01,2025-08-31,2023-08-01,2025-07-04,1560,2025-08-29,26,-0.0032600517443807427,-0.07082153111696243,-0.12641577422618866,0.64682537317276,0.773809552192688,0.7976190447807312
2025-08,2025-08-01,2025-08-31,2023-08-01,2025-07-04,1563,2025-08-29,27,-0.0032600517443807427,-0.021298158913850784,-0.07689239829778671,0.64682537317276,0.773809552192688,0.7976190447807312
2025-08,2025-08-01,2025-08-31,2023-08-01,2025-07-04,1568,2025-08-29,28,-0.0032600517443807427,0.008733658120036125,-0.046860579401254654,0.64682537317276,0.773809552192688,0.7976190447807312
2025-08,2025-08-01,2025-08-31,2023-08-01,2025-07-04,1569,2025-08-29,29,-0.0032600517443807427,-0.010344801470637321,-0.0659390389919281,0.64682537317276,0.773809552192688,0.7976190447807312
2025-08,2025-08-01,2025-08-31,2023-08-01,2025-07-04,1570,2025-08-29,30,-0.0032600517443807427,0.27272728085517883,0.2171330451965332,0.64682537317276,0.773809552192688,0.7976190447807312
2025-09,2025-09-01,2025-09-30,2023-09-01,2025-08-04,7751,2025-09-30,1,0.01694856942159296,-0.07211538404226303,-0.165560781955719,0.8134920597076416,0.817460298538208,0.2142857164144516
2025-09,2025-09-01,2025-09-30,2023-09-01,2025-08-04,3625,2025-09-30,2,0.014686613637543745,0.08627454191446304,-0.00717085599899292,0.8134920597076416,0.817460298538208,0.2142857164144516
2025-09,2025-09-01,2025-09-30,2023-09-01,2025-08-04,3236,2025-09-30,3,0.013814650857407351,0.11111113429069519,0.017665736377239227,0.8134920597076416,0.817460298538208,0.2142857164144516
2025-09,2025-09-01,2025-09-30,2023-09-01,2025-08-04,3260,2025-09-30,4,0.013569575712923524,0.2611464858055115,0.1677010953426361,0.8134920597076416,0.817460298538208,0.2142857164144516
2025-09,2025-09-01,2025-09-30,2023-09-01,2025-08-04,2208,2025-09-30,5,0.01267597591663791,-0.176470547914505,-0.26991593837738037,0.8134920597076416,0.817460298538208,0.2142857164144516
2025-09,2025-09-01,2025-09-30,2023-09-01,2025-08-04,3685,2025-09-30,6,0.012523583532124748,0.45847180485725403,0.36502641439437866,0.8134920597076416,0.817460298538208,0.2142857164144516
2025-09,2025-09-01,2025-09-30,2023-09-01,2025-08-04,3228,2025-09-30,7,0.010540179185479278,-0.08598726242780685,-0.17943266034126282,0.8134920597076416,0.817460298538208,0.2142857164144516
2025-09,2025-09-01,2025-09-30,2023-09-01,2025-08-04,2429,2025-09-30,8,0.010534596947022742,-0.2522449195384979,-0.3456903100013733,0.8134920597076416,0.817460298538208,0.2142857164144516
2025-09,2025-09-01,2025-09-30,2023-09-01,2025-08-04,3555,2025-09-30,9,0.010432040840709634,0.2153846174478531,0.12193921953439713,0.8134920597076416,0.817460298538208,0.2142857164144516
2025-09,2025-09-01,2025-09-30,2023-09-01,2025-08-04,6177,2025-09-30,10,0.009114929879237352,0.0010141832754015923,-0.0924312174320221,0.8134920597076416,0.817460298538208,0.2142857164144516
2025-09,2025-09-01,2025-09-30,2023-09-01,2025-08-04,3227,2025-09-30,11,0.008086667575733585,-0.041322313249111176,-0.13476771116256714,0.8134920597076416,0.817460298538208,0.2142857164144516
2025-09,2025-09-01,2025-09-30,2023-09-01,2025-08-04,3205,2025-09-30,12,0.008071372654920136,-0.06607144325971603,-0.159516841173172,0.8134920597076416,0.817460298538208,0.2142857164144516
2025-09,2025-09-01,2025-09-30,2023-09-01,2025-08-04,2061,2025-09-30,13,0.007691332756384999,-0.03940882906317711,-0.13285422325134277,0.8134920597076416,0.817460298538208,0.2142857164144516
2025-09,2025-09-01,2025-09-30,2023-09-01,2025-08-04,3041,2025-09-30,14,0.0069451993780335584,-0.005272461101412773,-0.09871786087751389,0.8134920597076416,0.817460298538208,0.2142857164144516
2025-09,2025-09-01,2025-09-30,2023-09-01,2025-08-04,6510,2025-09-30,15,0.006790942520920346,-0.19298245012760162,-0.2864278554916382,0.8134920597076416,0.817460298538208,0.2142857164144516
2025-09,2025-09-01,2025-09-30,2023-09-01,2025-08-04,3317,2025-09-30,16,0.006790942520920346,0.04814812168478966,-0.045297276228666306,0.8134920597076416,0.817460298538208,0.2142857164144516
2025-09,2025-09-01,2025-09-30,2023-09-01,2025-08-04,3686,2025-09-30,17,0.0065803358652827245,0.10526315867900848,0.01181776076555252,0.8134920597076416,0.817460298538208,0.2142857164144516
2025-09,2025-09-01,2025-09-30,2023-09-01,2025-08-04,1736,2025-09-30,18,0.006273111015669756,-0.08045977354049683,-0.1739051640033722,0.8134920597076416,0.817460298538208,0.2142857164144516
2025-09,2025-09-01,2025-09-30,2023-09-01,2025-08-04,6739,2025-09-30,19,0.0062207660977625446,-0.11213872581720352,-0.20558412373065948,0.8134920597076416,0.817460298538208,0.2142857164144516
2025-09,2025-09-01,2025-09-30,2023-09-01,2025-08-04,3349,2025-09-30,20,0.005931389812492124,0.0204081442207098,-0.07303725183010101,0.8134920597076416,0.817460298538208,0.2142857164144516
2025-09,2025-09-01,2025-09-30,2023-09-01,2025-08-04,2337,2025-09-30,21,0.0058708975579644,0.24800002574920654,0.15455463528633118,0.8134920597076416,0.817460298538208,0.2142857164144516
2025-09,2025-09-01,2025-09-30,2023-09-01,2025-08-04,6735,2025-09-30,22,0.005775201707832442,-0.2013808935880661,-0.29482629895210266,0.8134920597076416,0.817460298538208,0.2142857164144516
2025-09,2025-09-01,2025-09-30,2023-09-01,2025-08-04,3057,2025-09-30,23,0.005619076122479,-0.11302629113197327,-0.20647168159484863,0.8134920597076416,0.817460298538208,0.2142857164144516
2025-09,2025-09-01,2025-09-30,2023-09-01,2025-08-04,1325,2025-09-30,24,0.00520818020735379,-0.04100950062274933,-0.1344548910856247,0.8134920597076416,0.817460298538208,0.2142857164144516
2025-09,2025-09-01,2025-09-30,2023-09-01,2025-08-04,2401,2025-09-30,25,0.005133199975580666,-0.07905984669923782,-0.1725052446126938,0.8134920597076416,0.817460298538208,0.2142857164144516
2025-09,2025-09-01,2025-09-30,2023-09-01,2025-08-04,3707,2025-09-30,26,0.004699148590409862,-0.05518393591046333,-0.1486293375492096,0.8134920597076416,0.817460298538208,0.2142857164144516
2025-09,2025-09-01,2025-09-30,2023-09-01,2025-08-04,6485,2025-09-30,27,0.004667359739409315,0.20552150905132294,0.11207611113786697,0.8134920597076416,0.817460298538208,0.2142857164144516
2025-09,2025-09-01,2025-09-30,2023-09-01,2025-08-04,1732,2025-09-30,28,0.004555060853999868,-0.04666665568947792,-0.14011205732822418,0.8134920597076416,0.817460298538208,0.2142857164144516
2025-09,2025-09-01,2025-09-30,2023-09-01,2025-08-04,2102,2025-09-30,29,0.004462046829002349,0.04221631586551666,-0.0512290820479393,0.8134920597076416,0.817460298538208,0.2142857164144516
2025-09,2025-09-01,2025-09-30,2023-09-01,2025-08-04,3094,2025-09-30,30,0.00432952916318925,-0.07116110622882843,-0.1646064966917038,0.8134920597076416,0.817460298538208,0.2142857164144516
2025-10,2025-10-01,2025-10-31,2023-10-01,2025-09-02,3630,2025-10-31,1,0.04192170103540121,-0.09934856742620468,-0.07785380631685257,0.9603174328804016,0.9841269850730896,0.3055555522441864
2025-10,2025-10-01,2025-10-31,2023-10-01,2025-09-02,2314,2025-10-31,2,0.03844471663576512,0.10849052667617798,0.1299852877855301,0.9603174328804016,0.9841269850730896,0.3055555522441864
2025-10,2025-10-01,2025-10-31,2023-10-01,2025-09-02,5314,2025-10-31,3,0.025844790950812838,-0.08606557548046112,-0.06457081437110901,0.9603174328804016,0.9841269850730896,0.3055555522441864
2025-10,2025-10-01,2025-10-31,2023-10-01,2025-09-02,3665,2025-10-31,4,0.025388536442825623,0.15412186086177826,0.17561662197113037,0.9603174328804016,0.9841269850730896,0.3055555522441864
2025-10,2025-10-01,2025-10-31,2023-10-01,2025-09-02,2360,2025-10-31,5,0.02463079753604359,0.012360939756035805,0.033855702728033066,0.9603174328804016,0.9841269850730896,0.3055555522441864
2025-10,2025-10-01,2025-10-31,2023-10-01,2025-09-02,3563,2025-10-31,6,0.02305946970414975,-0.007413371466100216,0.01408139057457447,0.9603174328804016,0.9841269850730896,0.3055555522441864
2025-10,2025-10-01,2025-10-31,2023-10-01,2025-09-02,2317,2025-10-31,7,0.018969624368397806,-0.11568627506494522,-0.09419151395559311,0.9603174328804016,0.9841269850730896,0.3055555522441864
2025-10,2025-10-01,2025-10-31,2023-10-01,2025-09-02,8210,2025-10-31,8,0.018661674501728908,0.028846153989434242,0.0503409169614315,0.9603174328804016,0.9841269850730896,0.3055555522441864
2025-10,2025-10-01,2025-10-31,2023-10-01,2025-09-02,6409,2025-10-31,9,0.01695088137611334,-0.04918032884597778,-0.027685565873980522,0.9603174328804016,0.9841269850730896,0.3055555522441864
2025-10,2025-10-01,2025-10-31,2023-10-01,2025-09-02,6669,2025-10-31,10,0.014444184232277986,0.05420991778373718,0.0757046788930893,0.9603174328804016,0.9841269850730896,0.3055555522441864
2025-10,2025-10-01,2025-10-31,2023-10-01,2025-09-02,3017,2025-10-31,11,0.012286536201375856,-0.0517241396009922,-0.03022937662899494,0.9603174328804016,0.9841269850730896,0.3055555522441864
2025-10,2025-10-01,2025-10-31,2023-10-01,2025-09-02,8103,2025-10-31,12,0.01110021044682392,-0.09094341844320297,-0.06944865733385086,0.9603174328804016,0.9841269850730896,0.3055555522441864
2025-10,2025-10-01,2025-10-31,2023-10-01,2025-09-02,3693,2025-10-31,13,0.009362879174585165,-0.21307189762592316,-0.19157713651657104,0.9603174328804016,0.9841269850730896,0.3055555522441864
2025-10,2025-10-01,2025-10-31,2023-10-01,2025-09-02,2612,2025-10-31,14,0.00930697146430035,0.02936091460287571,0.05085567757487297,0.9603174328804016,0.9841269850730896,0.3055555522441864
2025-10,2025-10-01,2025-10-31,2023-10-01,2025-09-02,3324,2025-10-31,15,0.008934350557407107,-0.1605633795261383,-0.1390686184167862,0.9603174328804016,0.9841269850730896,0.3055555522441864
2025-10,2025-10-01,2025-10-31,2023-10-01,2025-09-02,2301,2025-10-31,16,0.008241936777176941,-0.11666666716337204,-0.09517190605401993,0.9603174328804016,0.9841269850730896,0.3055555522441864
2025-10,2025-10-01,2025-10-31,2023-10-01,2025-09-02,3515,2025-10-31,17,0.007843037142381565,-0.21651090681552887,-0.19501614570617676,0.9603174328804016,0.9841269850730896,0.3055555522441864
2025-10,2025-10-01,2025-10-31,2023-10-01,2025-09-02,6735,2025-10-31,18,0.007731675821309382,-0.09352517873048782,-0.07203041762113571,0.9603174328804016,0.9841269850730896,0.3055555522441864
2025-10,2025-10-01,2025-10-31,2023-10-01,2025-09-02,6139,2025-10-31,19,0.0068411743088168725,-0.06275720149278641,-0.041262440383434296,0.9603174328804016,0.9841269850730896,0.3055555522441864
2025-10,2025-10-01,2025-10-31,2023-10-01,2025-09-02,2357,2025-10-31,20,0.006158942679134983,-0.1315028965473175,-0.1100081354379654,0.9603174328804016,0.9841269850730896,0.3055555522441864
2025-10,2025-10-01,2025-10-31,2023-10-01,2025-09-02,8111,2025-10-31,21,0.006152889501230632,0.095238097012043,0.11673285812139511,0.9603174328804016,0.9841269850730896,0.3055555522441864
2025-10,2025-10-01,2025-10-31,2023-10-01,2025-09-02,2382,2025-10-31,22,0.005356705501855958,-0.05999999865889549,-0.03850523754954338,0.9603174328804016,0.9841269850730896,0.3055555522441864
2025-10,2025-10-01,2025-10-31,2023-10-01,2025-09-02,6691,2025-10-31,23,0.004412765809311941,0.09110628813505173,0.11260104924440384,0.9603174328804016,0.9841269850730896,0.3055555522441864
2025-10,2025-10-01,2025-10-31,2023-10-01,2025-09-02,3543,2025-10-31,24,0.003849475045341893,-0.08020830154418945,-0.05871354043483734,0.9603174328804016,0.9841269850730896,0.3055555522441864
2025-10,2025-10-01,2025-10-31,2023-10-01,2025-09-02,4934,2025-10-31,25,0.0037902868411581365,-0.13993169367313385,-0.11843693256378174,0.9603174328804016,0.9841269850730896,0.3055555522441864
2025-10,2025-10-01,2025-10-31,2023-10-01,2025-09-02,5490,2025-10-31,26,0.0030465321532653442,-0.07500000298023224,-0.05350524187088013,0.9603174328804016,0.9841269850730896,0.3055555522441864
2025-10,2025-10-01,2025-10-31,2023-10-01,2025-09-02,3231,2025-10-31,27,0.002553368537872768,-0.036666665226221085,-0.015171903185546398,0.9603174328804016,0.9841269850730896,0.3055555522441864
2025-10,2025-10-01,2025-10-31,2023-10-01,2025-09-02,2607,2025-10-31,28,0.0024122967133968195,0.008650518953800201,0.030145281925797462,0.9603174328804016,0.9841269850730896,0.3055555522441864
2025-10,2025-10-01,2025-10-31,2023-10-01,2025-09-02,2617,2025-10-31,29,0.0016675627292438806,0.050761424005031586,0.0722561851143837,0.9603174328804016,0.9841269850730896,0.3055555522441864
2025-10,2025-10-01,2025-10-31,2023-10-01,2025-09-02,3706,2025-10-31,30,0.0013835696394240717,-0.10536587983369827,-0.08387111872434616,0.9603174328804016,0.9841269850730896,0.3055555522441864
2025-11,2025-11-01,2025-11-30,2023-11-01,2025-10-01,6885,2025-11-28,1,-0.00928985625100614,0.027444293722510338,-0.015427984297275543,0.1944444477558136,0.5436508059501648,0.5
2025-11,2025-11-01,2025-11-30,2023-11-01,2025-10-01,6492,2025-11-28,2,-0.00928985625100614,0.028880884870886803,-0.013991393148899078,0.1944444477558136,0.5436508059501648,0.5
2025-11,2025-11-01,2025-11-30,2023-11-01,2025-10-01,6541,2025-11-28,3,-0.00928985625100614,0.08287292718887329,0.04000064730644226,0.1944444477558136,0.5436508059501648,0.5
2025-11,2025-11-01,2025-11-30,2023-11-01,2025-10-01,4743,2025-11-28,4,-0.00928985625100614,-0.1671553999185562,-0.21002767980098724,0.1944444477558136,0.5436508059501648,0.5
2025-11,2025-11-01,2025-11-30,2023-11-01,2025-10-01,2528,2025-11-28,5,-0.009569672267575774,0.0,-0.04287227988243103,0.1944444477558136,0.5436508059501648,0.5
2025-11,2025-11-01,2025-11-30,2023-11-01,2025-10-01,6461,2025-11-28,6,-0.009569672267575774,0.13013695180416107,0.08726467192173004,0.1944444477558136,0.5436508059501648,0.5
2025-11,2025-11-01,2025-11-30,2023-11-01,2025-10-01,9939,2025-11-28,7,-0.010580644954344274,-0.05118110403418541,-0.09405338019132614,0.1944444477558136,0.5436508059501648,0.5
2025-11,2025-11-01,2025-11-30,2023-11-01,2025-10-01,1210,2025-11-28,8,-0.010580644954344274,-0.030188649892807007,-0.07306092977523804,0.1944444477558136,0.5436508059501648,0.5
2025-11,2025-11-01,2025-11-30,2023-11-01,2025-10-01,1215,2025-11-28,9,-0.010580644954344274,-0.0729166641831398,-0.11578894406557083,0.1944444477558136,0.5436508059501648,0.5
2025-11,2025-11-01,2025-11-30,2023-11-01,2025-10-01,1216,2025-11-28,10,-0.010580644954344274,0.044619444757699966,0.0017471665050834417,0.1944444477558136,0.5436508059501648,0.5
2025-11,2025-11-01,2025-11-30,2023-11-01,2025-10-01,1218,2025-11-28,11,-0.010580644954344274,0.0027623886708170176,-0.04010988771915436,0.1944444477558136,0.5436508059501648,0.5
2025-11,2025-11-01,2025-11-30,2023-11-01,2025-10-01,9938,2025-11-28,12,-0.010580644954344274,-0.07927930355072021,-0.12215158343315125,0.1944444477558136,0.5436508059501648,0.5
2025-11,2025-11-01,2025-11-30,2023-11-01,2025-10-01,1225,2025-11-28,13,-0.010580644954344274,-0.03618422523140907,-0.0790565013885498,0.1944444477558136,0.5436508059501648,0.5
2025-11,2025-11-01,2025-11-30,2023-11-01,2025-10-01,1227,2025-11-28,14,-0.010580644954344274,0.004934198223054409,-0.03793808072805405,0.1944444477558136,0.5436508059501648,0.5
2025-11,2025-11-01,2025-11-30,2023-11-01,2025-10-01,1229,2025-11-28,15,-0.010580644954344274,0.0020876508206129074,-0.040784627199172974,0.1944444477558136,0.5436508059501648,0.5
2025-11,2025-11-01,2025-11-30,2023-11-01,2025-10-01,1231,2025-11-28,16,-0.010580644954344274,-0.004000015091150999,-0.04687229171395302,0.1944444477558136,0.5436508059501648,0.5
2025-11,2025-11-01,2025-11-30,2023-11-01,2025-10-01,9935,2025-11-28,17,-0.010580644954344274,-0.02863963507115841,-0.07151191681623459,0.1944444477558136,0.5436508059501648,0.5
2025-11,2025-11-01,2025-11-30,2023-11-01,2025-10-01,8299,2025-11-28,18,-0.010580644954344274,0.19244235754013062,0.14957007765769958,0.1944444477558136,0.5436508059501648,0.5
2025-11,2025-11-01,2025-11-30,2023-11-01,2025-10-01,4938,2025-11-28,19,-0.010580644954344274,-0.04450632259249687,-0.0873785987496376,0.1944444477558136,0.5436508059501648,0.5
2025-11,2025-11-01,2025-11-30,2023-11-01,2025-10-01,1563,2025-11-28,20,-0.010580644954344274,0.15922795236110687,0.11635567247867584,0.1944444477558136,0.5436508059501648,0.5
2025-11,2025-11-01,2025-11-30,2023-11-01,2025-10-01,9911,2025-11-28,21,-0.010580644954344274,-0.00593824265524745,-0.04881051927804947,0.1944444477558136,0.5436508059501648,0.5
2025-11,2025-11-01,2025-11-30,2023-11-01,2025-10-01,9925,2025-11-28,22,-0.010580644954344274,0.0036946190521121025,-0.03917765989899635,0.1944444477558136,0.5436508059501648,0.5
2025-11,2025-11-01,2025-11-30,2023-11-01,2025-10-01,8227,2025-11-28,23,-0.010580644954344274,-0.02348993346095085,-0.06636220961809158,0.1944444477558136,0.5436508059501648,0.5
2025-11,2025-11-01,2025-11-30,2023-11-01,2025-10-01,4749,2025-11-28,24,-0.010580644954344274,0.0036585365887731314,-0.039213743060827255,0.1944444477558136,0.5436508059501648,0.5
2025-11,2025-11-01,2025-11-30,2023-11-01,2025-10-01,4755,2025-11-28,25,-0.010580644954344274,0.09000000357627869,0.047127723693847656,0.1944444477558136,0.5436508059501648,0.5
2025-11,2025-11-01,2025-11-30,2023-11-01,2025-10-01,4760,2025-11-28,26,-0.010580644954344274,-0.04582210257649422,-0.08869437873363495,0.1944444477558136,0.5436508059501648,0.5
2025-11,2025-11-01,2025-11-30,2023-11-01,2025-10-01,4763,2025-11-28,27,-0.010580644954344274,-0.02355070970952511,-0.06642299145460129,0.1944444477558136,0.5436508059501648,0.5
2025-11,2025-11-01,2025-11-30,2023-11-01,2025-10-01,9914,2025-11-28,28,-0.010580644954344274,-0.10463859140872955,-0.14751087129116058,0.1944444477558136,0.5436508059501648,0.5
2025-11,2025-11-01,2025-11-30,2023-11-01,2025-10-01,9917,2025-11-28,29,-0.010580644954344274,0.0,-0.04287227988243103,0.1944444477558136,0.5436508059501648,0.5
2025-11,2025-11-01,2025-11-30,2023-11-01,2025-10-01,9918,2025-11-28,30,-0.010580644954344274,0.008905910886824131,-0.033966366201639175,0.1944444477558136,0.5436508059501648,0.5
2025-12,2025-12-01,2025-12-31,2023-12-01,2025-11-03,5498,2025-12-31,1,0.055539600529817025,0.21941746771335602,0.09606712311506271,0.7063491940498352,0.5515872836112976,0.5079365372657776
2025-12,2025-12-01,2025-12-31,2023-12-01,2025-11-03,5475,2025-12-31,2,0.05287259126853323,0.11518324911594391,-0.008167092688381672,0.7063491940498352,0.5515872836112976,0.5079365372657776
2025-12,2025-12-01,2025-12-31,2023-12-01,2025-11-03,4542,2025-12-31,3,0.05165735509183881,0.18087553977966309,0.05752519890666008,0.7063491940498352,0.5515872836112976,0.5079365372657776
2025-12,2025-12-01,2025-12-31,2023-12-01,2025-11-03,6205,2025-12-31,4,0.04435795885422662,-0.12437810748815536,-0.24772845208644867,0.7063491940498352,0.5515872836112976,0.5079365372657776
2025-12,2025-12-01,2025-12-31,2023-12-01,2025-11-03,3092,2025-12-31,5,0.04264599204959541,0.015624985098838806,-0.1077253594994545,0.7063491940498352,0.5515872836112976,0.5079365372657776
2025-12,2025-12-01,2025-12-31,2023-12-01,2025-11-03,3308,2025-12-31,6,0.04052032920217239,0.030232541263103485,-0.09311780333518982,0.7063491940498352,0.5515872836112976,0.5079365372657776
2025-12,2025-12-01,2025-12-31,2023-12-01,2025-11-03,2368,2025-12-31,7,0.038117628524115835,0.011695906519889832,-0.11165443807840347,0.7063491940498352,0.5515872836112976,0.5079365372657776
2025-12,2025-12-01,2025-12-31,2023-12-01,2025-11-03,2308,2025-12-31,8,0.03674456844031877,0.29381442070007324,0.17046408355236053,0.7063491940498352,0.5515872836112976,0.5079365372657776
2025-12,2025-12-01,2025-12-31,2023-12-01,2025-11-03,6805,2025-12-31,9,0.03670978676427031,-0.0917431190609932,-0.2150934636592865,0.7063491940498352,0.5515872836112976,0.5079365372657776
2025-12,2025-12-01,2025-12-31,2023-12-01,2025-11-03,3017,2025-12-31,10,0.03362875664354162,-0.026058631017804146,-0.1494089663028717,0.7063491940498352,0.5515872836112976,0.5079365372657776
2025-12,2025-12-01,2025-12-31,2023-12-01,2025-11-03,4523,2025-12-31,11,0.033503965995938995,0.029513902962207794,-0.09383644163608551,0.7063491940498352,0.5515872836112976,0.5079365372657776
2025-12,2025-12-01,2025-12-31,2023-12-01,2025-11-03,2457,2025-12-31,12,0.033121712190968586,0.06585787236690521,-0.057492468506097794,0.7063491940498352,0.5515872836112976,0.5079365372657776
2025-12,2025-12-01,2025-12-31,2023-12-01,2025-11-03,1815,2025-12-31,13,0.03134744007984053,-0.015053779818117619,-0.13840411603450775,0.7063491940498352,0.5515872836112976,0.5079365372657776
2025-12,2025-12-01,2025-12-31,2023-12-01,2025-11-03,6669,2025-12-31,14,0.029352706463886352,-0.18061673641204834,-0.30396708846092224,0.7063491940498352,0.5515872836112976,0.5079365372657776
2025-12,2025-12-01,2025-12-31,2023-12-01,2025-11-03,2327,2025-12-31,15,0.02934217129569561,0.19139784574508667,0.06804750114679337,0.7063491940498352,0.5515872836112976,0.5079365372657776
2025-12,2025-12-01,2025-12-31,2023-12-01,2025-11-03,2392,2025-12-31,16,0.028232414072665624,0.08086253702640533,-0.04248780384659767,0.7063491940498352,0.5515872836112976,0.5079365372657776
2025-12,2025-12-01,2025-12-31,2023-12-01,2025-11-03,6282,2025-12-31,17,0.025893799652329862,0.24475523829460144,0.12140489369630814,0.7063491940498352,0.5515872836112976,0.5079365372657776
2025-12,2025-12-01,2025-12-31,2023-12-01,2025-11-03,6139,2025-12-31,18,0.02540174319984851,0.1083032488822937,-0.01504709292203188,0.7063491940498352,0.5515872836112976,0.5079365372657776
2025-12,2025-12-01,2025-12-31,2023-12-01,2025-11-03,2316,2025-12-31,19,0.02524146699264427,-0.07246376574039459,-0.1958141028881073,0.7063491940498352,0.5515872836112976,0.5079365372657776
2025-12,2025-12-01,2025-12-31,2023-12-01,2025-11-03,3550,2025-12-31,20,0.023983367151700463,0.01791040226817131,-0.1054399386048317,0.7063491940498352,0.5515872836112976,0.5079365372657776
2025-12,2025-12-01,2025-12-31,2023-12-01,2025-11-03,5228,2025-12-31,21,0.02361688305373943,0.25549447536468506,0.13214413821697235,0.7063491940498352,0.5515872836112976,0.5079365372657776
2025-12,2025-12-01,2025-12-31,2023-12-01,2025-11-03,8213,2025-12-31,22,0.023386695804496527,0.11864402145147324,-0.004706320818513632,0.7063491940498352,0.5515872836112976,0.5079365372657776
2025-12,2025-12-01,2025-12-31,2023-12-01,2025-11-03,5439,2025-12-31,23,0.022393381199296618,-0.03448275849223137,-0.15783309936523438,0.7063491940498352,0.5515872836112976,0.5079365372657776
2025-12,2025-12-01,2025-12-31,2023-12-01,2025-11-03,2413,2025-12-31,24,0.020530042662932606,-0.05245532467961311,-0.17580567300319672,0.7063491940498352,0.5515872836112976,0.5079365372657776
2025-12,2025-12-01,2025-12-31,2023-12-01,2025-11-03,6217,2025-12-31,25,0.020522187939027242,0.20776700973510742,0.08441666513681412,0.7063491940498352,0.5515872836112976,0.5079365372657776
2025-12,2025-12-01,2025-12-31,2023-12-01,2025-11-03,4938,2025-12-31,26,0.019944659141083287,0.018895281478762627,-0.10445506125688553,0.7063491940498352,0.5515872836112976,0.5079365372657776
2025-12,2025-12-01,2025-12-31,2023-12-01,2025-11-03,3653,2025-12-31,27,0.019714035210138526,0.03949730843305588,-0.08385303616523743,0.7063491940498352,0.5515872836112976,0.5079365372657776
2025-12,2025-12-01,2025-12-31,2023-12-01,2025-11-03,3581,2025-12-31,28,0.01888212516713699,-0.03296705335378647,-0.15631739795207977,0.7063491940498352,0.5515872836112976,0.5079365372657776
2025-12,2025-12-01,2025-12-31,2023-12-01,2025-11-03,2353,2025-12-31,29,0.018878834680446904,-0.026515109464526176,-0.14986544847488403,0.7063491940498352,0.5515872836112976,0.5079365372657776
2025-12,2025-12-01,2025-12-31,2023-12-01,2025-11-03,8046,2025-12-31,30,0.01828866040664759,0.5359342694282532,0.4125839173793793,0.7063491940498352,0.5515872836112976,0.5079365372657776
2026-01,2026-01-01,2026-01-31,2024-01-01,2025-12-03,2528,2026-01-30,1,-0.01093432414796037,-0.005524848122149706,-0.0694737434387207,0.9642857313156128,0.9960317611694336,0.6071428656578064
2026-01,2026-01-01,2026-01-31,2024-01-01,2025-12-03,6885,2026-01-30,2,-0.01093432414796037,-0.07434944063425064,-0.13829833269119263,0.9642857313156128,0.9960317611694336,0.6071428656578064
2026-01,2026-01-01,2026-01-31,2024-01-01,2025-12-03,6541,2026-01-30,3,-0.01093432414796037,-0.15221582353115082,-0.2161647230386734,0.9642857313156128,0.9960317611694336,0.6071428656578064
2026-01,2026-01-01,2026-01-31,2024-01-01,2025-12-03,6492,2026-01-30,4,-0.01093432414796037,-0.18048778176307678,-0.24443668127059937,0.9642857313156128,0.9960317611694336,0.6071428656578064
2026-01,2026-01-01,2026-01-31,2024-01-01,2025-12-03,6461,2026-01-30,5,-0.01093432414796037,0.046153824776411057,-0.017795071005821228,0.9642857313156128,0.9960317611694336,0.6071428656578064
2026-01,2026-01-01,2026-01-31,2024-01-01,2025-12-03,4743,2026-01-30,6,-0.01093432414796037,-0.19119881093502045,-0.25514769554138184,0.9642857313156128,0.9960317611694336,0.6071428656578064
2026-01,2026-01-01,2026-01-31,2024-01-01,2025-12-03,1231,2026-01-30,7,-0.01145123636230296,-0.05857294797897339,-0.12252184003591537,0.9642857313156128,0.9960317611694336,0.6071428656578064
2026-01,2026-01-01,2026-01-31,2024-01-01,2025-12-03,1414,2026-01-30,8,-0.01145123636230296,0.03759398311376572,-0.026354912668466568,0.9642857313156128,0.9960317611694336,0.6071428656578064
2026-01,2026-01-01,2026-01-31,2024-01-01,2025-12-03,9955,2026-01-30,9,-0.01145123636230296,0.06363631784915924,-0.00031257790396921337,0.9642857313156128,0.9960317611694336,0.6071428656578064
2026-01,2026-01-01,2026-01-31,2024-01-01,2025-12-03,1101,2026-01-30,10,-0.01145123636230296,-0.0476190485060215,-0.11156794428825378,0.9642857313156128,0.9960317611694336,0.6071428656578064
2026-01,2026-01-01,2026-01-31,2024-01-01,2025-12-03,1102,2026-01-30,11,-0.01145123636230296,-0.03546099364757538,-0.09940988570451736,0.9642857313156128,0.9960317611694336,0.6071428656578064
2026-01,2026-01-01,2026-01-31,2024-01-01,2025-12-03,9925,2026-01-30,12,-0.01145123636230296,0.002453950233757496,-0.06149494647979736,0.9642857313156128,0.9960317611694336,0.6071428656578064
2026-01,2026-01-01,2026-01-31,2024-01-01,2025-12-03,9931,2026-01-30,13,-0.01145123636230296,0.2235293686389923,0.15958046913146973,0.9642857313156128,0.9960317611694336,0.6071428656578064
2026-01,2026-01-01,2026-01-31,2024-01-01,2025-12-03,8942,2026-01-30,14,-0.01145123636230296,-0.035526275634765625,-0.09947516769170761,0.9642857313156128,0.9960317611694336,0.6071428656578064
2026-01,2026-01-01,2026-01-31,2024-01-01,2025-12-03,8996,2026-01-30,15,-0.01145123636230296,0.1631799191236496,0.09923102706670761,0.9642857313156128,0.9960317611694336,0.6071428656578064
2026-01,2026-01-01,2026-01-31,2024-01-01,2025-12-03,9904,2026-01-30,16,-0.01145123636230296,-0.017973894253373146,-0.08192279189825058,0.9642857313156128,0.9960317611694336,0.6071428656578064
2026-01,2026-01-01,2026-01-31,2024-01-01,2025-12-03,9907,2026-01-30,17,-0.01145123636230296,0.025139708071947098,-0.03880918771028519,0.9642857313156128,0.9960317611694336,0.6071428656578064
2026-01,2026-01-01,2026-01-31,2024-01-01,2025-12-03,9908,2026-01-30,18,-0.01145123636230296,0.016694489866495132,-0.04725440591573715,0.9642857313156128,0.9960317611694336,0.6071428656578064
2026-01,2026-01-01,2026-01-31,2024-01-01,2025-12-03,1210,2026-01-30,19,-0.01145123636230296,0.015717076137661934,-0.0482318177819252,0.9642857313156128,0.9960317611694336,0.6071428656578064
2026-01,2026-01-01,2026-01-31,2024-01-01,2025-12-03,9941,2026-01-30,20,-0.01145123636230296,-0.024358993396162987,-0.08830788731575012,0.9642857313156128,0.9960317611694336,0.6071428656578064
2026-01,2026-01-01,2026-01-31,2024-01-01,2025-12-03,9945,2026-01-30,21,-0.01145123636230296,-0.031195826828479767,-0.09514471888542175,0.9642857313156128,0.9960317611694336,0.6071428656578064
2026-01,2026-01-01,2026-01-31,2024-01-01,2025-12-03,1313,2026-01-30,22,-0.01145123636230296,0.10313906520605087,0.03919016942381859,0.9642857313156128,0.9960317611694336,0.6071428656578064
2026-01,2026-01-01,2026-01-31,2024-01-01,2025-12-03,9911,2026-01-30,23,-0.01145123636230296,0.09975965321063995,0.03581075742840767,0.9642857313156128,0.9960317611694336,0.6071428656578064
2026-01,2026-01-01,2026-01-31,2024-01-01,2025-12-03,9914,2026-01-30,24,-0.01145123636230296,-0.15662650763988495,-0.22057540714740753,0.9642857313156128,0.9960317611694336,0.6071428656578064
2026-01,2026-01-01,2026-01-31,2024-01-01,2025-12-03,9918,2026-01-30,25,-0.01145123636230296,0.2534678280353546,0.18951892852783203,0.9642857313156128,0.9960317611694336,0.6071428656578064
2026-01,2026-01-01,2026-01-31,2024-01-01,2025-12-03,9919,2026-01-30,26,-0.01145123636230296,-0.12011171132326126,-0.18406060338020325,0.9642857313156128,0.9960317611694336,0.6071428656578064
2026-01,2026-01-01,2026-01-31,2024-01-01,2025-12-03,9921,2026-01-30,27,-0.01145123636230296,-0.18426968157291412,-0.2482185810804367,0.9642857313156128,0.9960317611694336,0.6071428656578064
2026-01,2026-01-01,2026-01-31,2024-01-01,2025-12-03,4977,2026-01-30,28,-0.01145123636230296,0.3122529685497284,0.2483040690422058,0.9642857313156128,0.9960317611694336,0.6071428656578064
2026-01,2026-01-01,2026-01-31,2024-01-01,2025-12-03,4979,2026-01-30,29,-0.01145123636230296,0.21746031939983368,0.1535114198923111,0.9642857313156128,0.9960317611694336,0.6071428656578064
2026-01,2026-01-01,2026-01-31,2024-01-01,2025-12-03,4991,2026-01-30,30,-0.01145123636230296,0.49559471011161804,0.43164581060409546,0.9642857313156128,0.9960317611694336,0.6071428656578064
2026-02,2026-02-01,2026-02-28,2024-02-01,2026-01-05,6265,2026-02-26,1,0.2978987892802539,0.023936212062835693,0.088934987783432,0.9484127163887024,1.0,0.369047611951828
2026-02,2026-02-01,2026-02-28,2024-02-01,2026-01-05,3006,2026-02-26,2,0.1389504653488113,0.15436241030693054,0.21936118602752686,0.9484127163887024,1.0,0.369047611951828
2026-02,2026-02-01,2026-02-28,2024-02-01,2026-01-05,6443,2026-02-26,3,0.12723410519182662,0.0044643026776611805,0.0694630816578865,0.9484127163887024,1.0,0.369047611951828
2026-02,2026-02-01,2026-02-28,2024-02-01,2026-01-05,3135,2026-02-26,4,0.11684622819427448,-0.07203389704227448,-0.0070351199246943,0.9484127163887024,1.0,0.369047611951828
2026-02,2026-02-01,2026-02-28,2024-02-01,2026-01-05,5498,2026-02-26,5,0.10668922791375463,-0.06644517928361893,-0.001446401933208108,0.9484127163887024,1.0,0.369047611951828
2026-02,2026-02-01,2026-02-28,2024-02-01,2026-01-05,2337,2026-02-26,6,0.10638472847262424,0.18483412265777588,0.2498328983783722,0.9484127163887024,1.0,0.369047611951828
2026-02,2026-02-01,2026-02-28,2024-02-01,2026-01-05,1528,2026-02-26,7,0.0984282614388466,0.14898425340652466,0.21398302912712097,0.9484127163887024,1.0,0.369047611951828
2026-02,2026-02-01,2026-02-28,2024-02-01,2026-01-05,4534,2026-02-26,8,0.08415248815875745,-0.1195840835571289,-0.05458530783653259,0.9484127163887024,1.0,0.369047611951828
2026-02,2026-02-01,2026-02-28,2024-02-01,2026-01-05,5302,2026-02-26,9,0.08357993201030374,-0.08064516633749008,-0.01564638875424862,0.9484127163887024,1.0,0.369047611951828
2026-02,2026-02-01,2026-02-28,2024-02-01,2026-01-05,2491,2026-02-26,10,0.0820812095757799,-0.09428568929433823,-0.029286911711096764,0.9484127163887024,1.0,0.369047611951828
2026-02,2026-02-01,2026-02-28,2024-02-01,2026-01-05,4542,2026-02-26,11,0.08172301293122239,0.15460526943206787,0.21960404515266418,0.9484127163887024,1.0,0.369047611951828
2026-02,2026-02-01,2026-02-28,2024-02-01,2026-01-05,6465,2026-02-26,12,0.08159574957872477,0.4059097468852997,0.470908522605896,0.9484127163887024,1.0,0.369047611951828
2026-02,2026-02-01,2026-02-28,2024-02-01,2026-01-05,2413,2026-02-26,13,0.07976484994989563,0.03731343522667885,0.10231221467256546,0.9484127163887024,1.0,0.369047611951828
2026-02,2026-02-01,2026-02-28,2024-02-01,2026-01-05,2344,2026-02-26,14,0.07763278083015125,-0.19652172923088074,-0.13152295351028442,0.9484127163887024,1.0,0.369047611951828
2026-02,2026-02-01,2026-02-28,2024-02-01,2026-01-05,2349,2026-02-26,15,0.07743360259541832,-0.017985612154006958,0.047013163566589355,0.9484127163887024,1.0,0.369047611951828
2026-02,2026-02-01,2026-02-28,2024-02-01,2026-01-05,4939,2026-02-26,16,0.0772915708115447,-0.15328466892242432,-0.088285893201828,0.9484127163887024,1.0,0.369047611951828
2026-02,2026-02-01,2026-02-28,2024-02-01,2026-01-05,5351,2026-02-26,17,0.07675262268001967,0.2862318754196167,0.351230651140213,0.9484127163887024,1.0,0.369047611951828
2026-02,2026-02-01,2026-02-28,2024-02-01,2026-01-05,5475,2026-02-26,18,0.07585237922240334,0.03140096738934517,0.09639974683523178,0.9484127163887024,1.0,0.369047611951828
2026-02,2026-02-01,2026-02-28,2024-02-01,2026-01-05,4768,2026-02-26,19,0.07395798843106423,0.07760532200336456,0.14260409772396088,0.9484127163887024,1.0,0.369047611951828
2026-02,2026-02-01,2026-02-28,2024-02-01,2026-01-05,2367,2026-02-26,20,0.0663276816937924,0.2819671630859375,0.3469659388065338,0.9484127163887024,1.0,0.369047611951828
2026-02,2026-02-01,2026-02-28,2024-02-01,2026-01-05,3011,2026-02-26,21,0.06530416567333881,-0.04230770841240883,0.022691069170832634,0.9484127163887024,1.0,0.369047611951828
2026-02,2026-02-01,2026-02-28,2024-02-01,2026-01-05,6152,2026-02-26,22,0.06450363605582812,0.05263155698776245,0.11763033270835876,0.9484127163887024,1.0,0.369047611951828
2026-02,2026-02-01,2026-02-28,2024-02-01,2026-01-05,2408,2026-02-26,23,0.06355091547629346,-0.18097014725208282,-0.11597137153148651,0.9484127163887024,1.0,0.369047611951828
2026-02,2026-02-01,2026-02-28,2024-02-01,2026-01-05,3105,2026-02-26,24,0.06288309443224618,0.15558911859989166,0.22058789432048798,0.9484127163887024,1.0,0.369047611951828
2026-02,2026-02-01,2026-02-28,2024-02-01,2026-01-05,3308,2026-02-26,25,0.06025559383628587,-0.12240666896104813,-0.05740789324045181,0.9484127163887024,1.0,0.369047611951828
2026-02,2026-02-01,2026-02-28,2024-02-01,2026-01-05,6282,2026-02-26,26,0.05506342357152995,-0.01807224377989769,0.046926531940698624,0.9484127163887024,1.0,0.369047611951828
2026-02,2026-02-01,2026-02-28,2024-02-01,2026-01-05,2440,2026-02-26,27,0.053552810025737925,-0.060702864080667496,0.00429591303691268,0.9484127163887024,1.0,0.369047611951828
2026-02,2026-02-01,2026-02-28,2024-02-01,2026-01-05,3049,2026-02-26,28,0.053366847624862906,0.23786406219005585,0.30286285281181335,0.9484127163887024,1.0,0.369047611951828
2026-02,2026-02-01,2026-02-28,2024-02-01,2026-01-05,3349,2026-02-26,29,0.05237840081791582,-0.18300653994083405,-0.11800776422023773,0.9484127163887024,1.0,0.369047611951828
2026-02,2026-02-01,2026-02-28,2024-02-01,2026-01-05,5484,2026-02-26,30,0.05193155963837847,0.032258063554763794,0.09725683927536011,0.9484127163887024,1.0,0.369047611951828
2026-03,2026-03-01,2026-03-31,2024-03-01,2026-01-21,5475,2026-03-31,1,0.28673444267391557,0.642201840877533,0.4151223599910736,0.0714285746216774,0.190476194024086,0.3888888955116272
2026-03,2026-03-01,2026-03-31,2024-03-01,2026-01-21,6770,2026-03-31,2,0.14346123170569772,-0.089473657310009,-0.31655311584472656,0.0714285746216774,0.190476194024086,0.3888888955116272
2026-03,2026-03-01,2026-03-31,2024-03-01,2026-01-21,3576,2026-03-31,3,0.1236369613088162,-0.2951542139053345,-0.5222336649894714,0.0714285746216774,0.190476194024086,0.3888888955116272
2026-03,2026-03-01,2026-03-31,2024-03-01,2026-01-21,6426,2026-03-31,4,0.11095230046987042,0.5629370808601379,0.3358575999736786,0.0714285746216774,0.190476194024086,0.3888888955116272
2026-03,2026-03-01,2026-03-31,2024-03-01,2026-01-21,4542,2026-03-31,5,0.10363438590663601,0.18100890517234802,-0.04607056453824043,0.0714285746216774,0.190476194024086,0.3888888955116272
2026-03,2026-03-01,2026-03-31,2024-03-01,2026-01-21,3135,2026-03-31,6,0.10238011186739873,0.31018519401550293,0.08310572803020477,0.0714285746216774,0.190476194024086,0.3888888955116272
2026-03,2026-03-01,2026-03-31,2024-03-01,2026-01-21,2408,2026-03-31,7,0.10007829980660318,0.018912529572844505,-0.2081669420003891,0.0714285746216774,0.190476194024086,0.3888888955116272
2026-03,2026-03-01,2026-03-31,2024-03-01,2026-01-21,3037,2026-03-31,8,0.09781596079993611,0.8243801593780518,0.5973007082939148,0.0714285746216774,0.190476194024086,0.3888888955116272
2026-03,2026-03-01,2026-03-31,2024-03-01,2026-01-21,3049,2026-03-31,9,0.09110401599931053,0.02092050202190876,-0.20615896582603455,0.0714285746216774,0.190476194024086,0.3888888955116272
2026-03,2026-03-01,2026-03-31,2024-03-01,2026-01-21,3081,2026-03-31,10,0.09033787167299431,0.5575221180915833,0.3304426372051239,0.0714285746216774,0.190476194024086,0.3888888955116272
2026-03,2026-03-01,2026-03-31,2024-03-01,2026-01-21,3363,2026-03-31,11,0.08723165122063667,0.29679596424102783,0.06971649825572968,0.0714285746216774,0.190476194024086,0.3888888955116272
2026-03,2026-03-01,2026-03-31,2024-03-01,2026-01-21,1802,2026-03-31,12,0.08710912823491485,0.23844735324382782,0.01136788446456194,0.0714285746216774,0.190476194024086,0.3888888955116272
2026-03,2026-03-01,2026-03-31,2024-03-01,2026-01-21,3529,2026-03-31,13,0.07787487229182022,0.4112318754196167,0.18415240943431854,0.0714285746216774,0.190476194024086,0.3888888955116272
2026-03,2026-03-01,2026-03-31,2024-03-01,2026-01-21,2337,2026-03-31,14,0.0777563849191458,0.23199999332427979,0.004920524545013905,0.0714285746216774,0.190476194024086,0.3888888955116272
2026-03,2026-03-01,2026-03-31,2024-03-01,2026-01-21,8046,2026-03-31,15,0.07711499618764125,0.7914438247680664,0.5643643736839294,0.0714285746216774,0.190476194024086,0.3888888955116272
2026-03,2026-03-01,2026-03-31,2024-03-01,2026-01-21,2489,2026-03-31,16,0.0769912900026809,0.2757575213909149,0.04867805168032646,0.0714285746216774,0.190476194024086,0.3888888955116272
2026-03,2026-03-01,2026-03-31,2024-03-01,2026-01-21,3555,2026-03-31,17,0.07634029078203178,0.5796178579330444,0.3525383770465851,0.0714285746216774,0.190476194024086,0.3888888955116272
2026-03,2026-03-01,2026-03-31,2024-03-01,2026-01-21,5351,2026-03-31,18,0.07601411669388115,0.02496335655450821,-0.20211611688137054,0.0714285746216774,0.190476194024086,0.3888888955116272
2026-03,2026-03-01,2026-03-31,2024-03-01,2026-01-21,6830,2026-03-31,19,0.07455785809226392,0.6831682920455933,0.4560888111591339,0.0714285746216774,0.190476194024086,0.3888888955116272
2026-03,2026-03-01,2026-03-31,2024-03-01,2026-01-21,3054,2026-03-31,20,0.0729055527913925,-0.08713696897029877,-0.3142164349555969,0.0714285746216774,0.190476194024086,0.3888888955116272
2026-03,2026-03-01,2026-03-31,2024-03-01,2026-01-21,5498,2026-03-31,21,0.07095412678251821,0.3315315544605255,0.10445208847522736,0.0714285746216774,0.190476194024086,0.3888888955116272
2026-03,2026-03-01,2026-03-31,2024-03-01,2026-01-21,2485,2026-03-31,22,0.07008546773450713,-0.30119046568870544,-0.5282699465751648,0.0714285746216774,0.190476194024086,0.3888888955116272
2026-03,2026-03-01,2026-03-31,2024-03-01,2026-01-21,3205,2026-03-31,23,0.06971726533049327,-0.10366825759410858,-0.33074772357940674,0.0714285746216774,0.190476194024086,0.3888888955116272
2026-03,2026-03-01,2026-03-31,2024-03-01,2026-01-21,2243,2026-03-31,24,0.06817628607884728,0.2853773236274719,0.05829785391688347,0.0714285746216774,0.190476194024086,0.3888888955116272
2026-03,2026-03-01,2026-03-31,2024-03-01,2026-01-21,3163,2026-03-31,25,0.0676639604813037,0.3221709132194519,0.09509144723415375,0.0714285746216774,0.190476194024086,0.3888888955116272
2026-03,2026-03-01,2026-03-31,2024-03-01,2026-01-21,6265,2026-03-31,26,0.06597047654877135,0.04736839979887009,-0.17971107363700867,0.0714285746216774,0.190476194024086,0.3888888955116272
2026-03,2026-03-01,2026-03-31,2024-03-01,2026-01-21,4919,2026-03-31,27,0.06544137408260904,0.5775400996208191,0.35046061873435974,0.0714285746216774,0.190476194024086,0.3888888955116272
2026-03,2026-03-01,2026-03-31,2024-03-01,2026-01-21,3092,2026-03-31,28,0.06539083538660694,0.11498254537582397,-0.11209692060947418,0.0714285746216774,0.190476194024086,0.3888888955116272
2026-03,2026-03-01,2026-03-31,2024-03-01,2026-01-21,2344,2026-03-31,29,0.06458817215572221,-0.07518018037080765,-0.3022596538066864,0.0714285746216774,0.190476194024086,0.3888888955116272
2026-03,2026-03-01,2026-03-31,2024-03-01,2026-01-21,6510,2026-03-31,30,0.06161001982031504,0.06666667014360428,-0.16041280329227448,0.0714285746216774,0.190476194024086,0.3888888955116272
2026-04,2026-04-01,2026-04-30,2024-04-01,2026-03-04,6141,2026-04-09,1,0.1190028383685474,0.3083003759384155,0.11488226056098938,0.8134920597076416,0.6190476417541504,0.8492063283920288
2026-04,2026-04-01,2026-04-30,2024-04-01,2026-03-04,3576,2026-04-09,2,0.0729336397754573,-0.14250612258911133,-0.3359242379665375,0.8134920597076416,0.6190476417541504,0.8492063283920288
2026-04,2026-04-01,2026-04-30,2024-04-01,2026-03-04,3234,2026-04-09,3,0.07225433148125449,-0.08837209641933441,-0.28179019689559937,0.8134920597076416,0.6190476417541504,0.8492063283920288
2026-04,2026-04-01,2026-04-30,2024-04-01,2026-03-04,4741,2026-04-09,4,0.06812917593033073,0.2319999635219574,0.03858184814453125,0.8134920597076416,0.6190476417541504,0.8492063283920288
2026-04,2026-04-01,2026-04-30,2024-04-01,2026-03-04,6217,2026-04-09,5,0.06172578459429587,0.156521737575531,-0.03689637780189514,0.8134920597076416,0.6190476417541504,0.8492063283920288
2026-04,2026-04-01,2026-04-30,2024-04-01,2026-03-04,5475,2026-04-09,6,0.059160644419007986,0.17328520119190216,-0.020132912322878838,0.8134920597076416,0.6190476417541504,0.8492063283920288
2026-04,2026-04-01,2026-04-30,2024-04-01,2026-03-04,3498,2026-04-09,7,0.05843167960116974,0.03888889029622078,-0.15452922880649567,0.8134920597076416,0.6190476417541504,0.8492063283920288
2026-04,2026-04-01,2026-04-30,2024-04-01,2026-03-04,5351,2026-04-09,8,0.05692156891527238,0.008053670637309551,-0.18536444008350372,0.8134920597076416,0.6190476417541504,0.8492063283920288
2026-04,2026-04-01,2026-04-30,2024-04-01,2026-03-04,4991,2026-04-09,9,0.05417560567339483,0.21739129722118378,0.02397318370640278,0.8134920597076416,0.6190476417541504,0.8492063283920288
2026-04,2026-04-01,2026-04-30,2024-04-01,2026-03-04,6727,2026-04-09,10,0.053140875207053725,0.20000000298023224,0.006581888999789953,0.8134920597076416,0.6190476417541504,0.8492063283920288
2026-04,2026-04-01,2026-04-30,2024-04-01,2026-03-04,6426,2026-04-09,11,0.051993022571124925,0.39361703395843506,0.2001989185810089,0.8134920597076416,0.6190476417541504,0.8492063283920288
2026-04,2026-04-01,2026-04-30,2024-04-01,2026-03-04,3131,2026-04-09,12,0.05099886295731089,-0.08411215245723724,-0.2775302529335022,0.8134920597076416,0.6190476417541504,0.8492063283920288
2026-04,2026-04-01,2026-04-30,2024-04-01,2026-03-04,6821,2026-04-09,13,0.05085313937267496,-0.072727270424366,-0.26614537835121155,0.8134920597076416,0.6190476417541504,0.8492063283920288
2026-04,2026-04-01,2026-04-30,2024-04-01,2026-03-04,6547,2026-04-09,14,0.05028553960326259,-0.16723842918872833,-0.3606565296649933,0.8134920597076416,0.6190476417541504,0.8492063283920288
2026-04,2026-04-01,2026-04-30,2024-04-01,2026-03-04,3049,2026-04-09,15,0.049975731757796474,-0.03773584961891174,-0.2311539649963379,0.8134920597076416,0.6190476417541504,0.8492063283920288
2026-04,2026-04-01,2026-04-30,2024-04-01,2026-03-04,4534,2026-04-09,16,0.04959360679691874,-0.018442576751112938,-0.21186068654060364,0.8134920597076416,0.6190476417541504,0.8492063283920288
2026-04,2026-04-01,2026-04-30,2024-04-01,2026-03-04,4956,2026-04-09,17,0.0472903986857687,0.33152177929878235,0.1381036639213562,0.8134920597076416,0.6190476417541504,0.8492063283920288
2026-04,2026-04-01,2026-04-30,2024-04-01,2026-03-04,6226,2026-04-09,18,0.04711707680493803,-0.1689189225435257,-0.36233702301979065,0.8134920597076416,0.6190476417541504,0.8492063283920288
2026-04,2026-04-01,2026-04-30,2024-04-01,2026-03-04,7728,2026-04-09,19,0.04576297155039894,-0.06323184818029404,-0.2566499710083008,0.8134920597076416,0.6190476417541504,0.8492063283920288
2026-04,2026-04-01,2026-04-30,2024-04-01,2026-03-04,3339,2026-04-09,20,0.04566864553644308,0.2431289702653885,0.04971085488796234,0.8134920597076416,0.6190476417541504,0.8492063283920288
2026-04,2026-04-01,2026-04-30,2024-04-01,2026-03-04,6588,2026-04-09,21,0.045592498698049724,0.10424710065126419,-0.08917101472616196,0.8134920597076416,0.6190476417541504,0.8492063283920288
2026-04,2026-04-01,2026-04-30,2024-04-01,2026-03-04,7751,2026-04-09,22,0.044865143382521094,-0.017721518874168396,-0.21113963425159454,0.8134920597076416,0.6190476417541504,0.8492063283920288
2026-04,2026-04-01,2026-04-30,2024-04-01,2026-03-04,6223,2026-04-09,23,0.042443842758592,0.0935799777507782,-0.09983813762664795,0.8134920597076416,0.6190476417541504,0.8492063283920288
2026-04,2026-04-01,2026-04-30,2024-04-01,2026-03-04,2460,2026-04-09,24,0.04227448728664588,0.06312291324138641,-0.13029520213603973,0.8134920597076416,0.6190476417541504,0.8492063283920288
2026-04,2026-04-01,2026-04-30,2024-04-01,2026-03-04,1309,2026-04-09,25,0.04192699444006888,-0.27213820815086365,-0.4655563235282898,0.8134920597076416,0.6190476417541504,0.8492063283920288
2026-04,2026-04-01,2026-04-30,2024-04-01,2026-03-04,4542,2026-04-09,26,0.04172236930567033,0.13623188436031342,-0.05718623101711273,0.8134920597076416,0.6190476417541504,0.8492063283920288
2026-04,2026-04-01,2026-04-30,2024-04-01,2026-03-04,6274,2026-04-09,27,0.0409458975007206,0.6348448395729065,0.44142672419548035,0.8134920597076416,0.6190476417541504,0.8492063283920288
2026-04,2026-04-01,2026-04-30,2024-04-01,2026-03-04,1304,2026-04-09,28,0.03909478184964889,-0.19365081191062927,-0.3870689272880554,0.8134920597076416,0.6190476417541504,0.8492063283920288
2026-04,2026-04-01,2026-04-30,2024-04-01,2026-03-04,3189,2026-04-09,29,0.03881635724367055,0.1464330404996872,-0.04698507487773895,0.8134920597076416,0.6190476417541504,0.8492063283920288
2026-04,2026-04-01,2026-04-30,2024-04-01,2026-03-04,6443,2026-04-09,30,0.03786297166053093,0.08559787273406982,-0.10782024264335632,0.8134920597076416,0.6190476417541504,0.8492063283920288
