month,fold_test_start,fold_test_end,train_start,train_end_exclusive,validation_start,validation_end_exclusive,validation_selected_rounds,ticker,date,rank,pred_return,trade_return_20d,trade_excess_return_20d,taiex_20d_return_pct,taiex_vs_ma60_pct,market_breadth_20d_pct
2024-01,2024-01-01,2024-01-31,2022-01-01,2023-08-09,2023-09-06,2023-12-04,10,5398,2024-01-31,1,0.024758372741555842,-0.017412934452295303,-0.1200716570019722,0.4761904776096344,0.523809552192688,0.1190476194024086
2024-01,2024-01-01,2024-01-31,2022-01-01,2023-08-09,2023-09-06,2023-12-04,10,2382,2024-01-31,2,0.021489159115442743,0.01217038556933403,-0.09048833698034286,0.4761904776096344,0.523809552192688,0.1190476194024086
2024-01,2024-01-01,2024-01-31,2022-01-01,2023-08-09,2023-09-06,2023-12-04,10,2542,2024-01-31,3,0.020587661501129697,0.0063051702454686165,-0.09635355323553085,0.4761904776096344,0.523809552192688,0.1190476194024086
2024-01,2024-01-01,2024-01-31,2022-01-01,2023-08-09,2023-09-06,2023-12-04,10,3218,2024-01-31,4,0.019984300457106967,0.02909090928733349,-0.07356781512498856,0.4761904776096344,0.523809552192688,0.1190476194024086
2024-01,2024-01-01,2024-01-31,2022-01-01,2023-08-09,2023-09-06,2023-12-04,10,2731,2024-01-31,5,0.018708954909411626,-0.04597701132297516,-0.14863573014736176,0.4761904776096344,0.523809552192688,0.1190476194024086
2024-01,2024-01-01,2024-01-31,2022-01-01,2023-08-09,2023-09-06,2023-12-04,10,5426,2024-01-31,6,0.01809418360537514,-0.07702020555734634,-0.17967893183231354,0.4761904776096344,0.523809552192688,0.1190476194024086
2024-01,2024-01-01,2024-01-31,2022-01-01,2023-08-09,2023-09-06,2023-12-04,10,3252,2024-01-31,7,0.017993042123057072,-0.05607476457953453,-0.15873348712921143,0.4761904776096344,0.523809552192688,0.1190476194024086
2024-01,2024-01-01,2024-01-31,2022-01-01,2023-08-09,2023-09-06,2023-12-04,10,2743,2024-01-31,8,0.017622672620281853,-0.06072874367237091,-0.1633874624967575,0.4761904776096344,0.523809552192688,0.1190476194024086
2024-01,2024-01-01,2024-01-31,2022-01-01,2023-08-09,2023-09-06,2023-12-04,10,3066,2024-01-31,9,0.015285271452976921,-0.16695059835910797,-0.26960933208465576,0.4761904776096344,0.523809552192688,0.1190476194024086
2024-01,2024-01-01,2024-01-31,2022-01-01,2023-08-09,2023-09-06,2023-12-04,10,3548,2024-01-31,10,0.014935815818979513,0.21702127158641815,0.11436254531145096,0.4761904776096344,0.523809552192688,0.1190476194024086
2024-01,2024-01-01,2024-01-31,2022-01-01,2023-08-09,2023-09-06,2023-12-04,10,3287,2024-01-31,11,0.014897327338011022,-0.17757008969783783,-0.2802288234233856,0.4761904776096344,0.523809552192688,0.1190476194024086
2024-01,2024-01-01,2024-01-31,2022-01-01,2023-08-09,2023-09-06,2023-12-04,10,2362,2024-01-31,12,0.013910046686802706,-0.08173076808452606,-0.18438948690891266,0.4761904776096344,0.523809552192688,0.1190476194024086
2024-01,2024-01-01,2024-01-31,2022-01-01,2023-08-09,2023-09-06,2023-12-04,10,2385,2024-01-31,13,0.013467774684175251,0.33030304312705994,0.22764432430267334,0.4761904776096344,0.523809552192688,0.1190476194024086
2024-01,2024-01-01,2024-01-31,2022-01-01,2023-08-09,2023-09-06,2023-12-04,10,2357,2024-01-31,14,0.013467774684175251,-0.00671140942722559,-0.10937013477087021,0.4761904776096344,0.523809552192688,0.1190476194024086
2024-01,2024-01-01,2024-01-31,2022-01-01,2023-08-09,2023-09-06,2023-12-04,10,2465,2024-01-31,15,0.012548153314299986,0.6993464231491089,0.5966876745223999,0.4761904776096344,0.523809552192688,0.1190476194024086
2024-01,2024-01-01,2024-01-31,2022-01-01,2023-08-09,2023-09-06,2023-12-04,10,2467,2024-01-31,16,0.011715064173256406,0.45584726333618164,0.35318854451179504,0.4761904776096344,0.523809552192688,0.1190476194024086
2024-01,2024-01-01,2024-01-31,2022-01-01,2023-08-09,2023-09-06,2023-12-04,10,6276,2024-01-31,17,0.011604773825693146,-0.14648909866809845,-0.24914781749248505,0.4761904776096344,0.523809552192688,0.1190476194024086
2024-01,2024-01-01,2024-01-31,2022-01-01,2023-08-09,2023-09-06,2023-12-04,10,2379,2024-01-31,18,0.01155441258439553,0.27695560455322266,0.17429688572883606,0.4761904776096344,0.523809552192688,0.1190476194024086
2024-01,2024-01-01,2024-01-31,2022-01-01,2023-08-09,2023-09-06,2023-12-04,10,6124,2024-01-31,19,0.011535078375825044,-0.054020099341869354,-0.15667882561683655,0.4761904776096344,0.523809552192688,0.1190476194024086
2024-01,2024-01-01,2024-01-31,2022-01-01,2023-08-09,2023-09-06,2023-12-04,10,1515,2024-01-31,20,0.010114432176533808,0.13963964581489563,0.036980919539928436,0.4761904776096344,0.523809552192688,0.1190476194024086
2024-01,2024-01-01,2024-01-31,2022-01-01,2023-08-09,2023-09-06,2023-12-04,10,3354,2024-01-31,21,0.009688244047716602,-0.10332749783992767,-0.20598621666431427,0.4761904776096344,0.523809552192688,0.1190476194024086
2024-01,2024-01-01,2024-01-31,2022-01-01,2023-08-09,2023-09-06,2023-12-04,10,8210,2024-01-31,22,0.008313756018514584,-0.08896797150373459,-0.19162669777870178,0.4761904776096344,0.523809552192688,0.1190476194024086
2024-01,2024-01-01,2024-01-31,2022-01-01,2023-08-09,2023-09-06,2023-12-04,10,2885,2024-01-31,23,0.008259432031412954,0.0554528646171093,-0.047205861657857895,0.4761904776096344,0.523809552192688,0.1190476194024086
2024-01,2024-01-01,2024-01-31,2022-01-01,2023-08-09,2023-09-06,2023-12-04,10,2891,2024-01-31,24,0.008259432031412954,0.06690140813589096,-0.03575731813907623,0.4761904776096344,0.523809552192688,0.1190476194024086
2024-01,2024-01-01,2024-01-31,2022-01-01,2023-08-09,2023-09-06,2023-12-04,10,6024,2024-01-31,25,0.008259432031412954,0.08853118866682053,-0.014127536676824093,0.4761904776096344,0.523809552192688,0.1190476194024086
2024-01,2024-01-01,2024-01-31,2022-01-01,2023-08-09,2023-09-06,2023-12-04,10,2890,2024-01-31,26,0.008259432031412954,0.04922279715538025,-0.053435929119586945,0.4761904776096344,0.523809552192688,0.1190476194024086
2024-01,2024-01-01,2024-01-31,2022-01-01,2023-08-09,2023-09-06,2023-12-04,10,2812,2024-01-31,27,0.00806166091710208,0.1471571922302246,0.044498465955257416,0.4761904776096344,0.523809552192688,0.1190476194024086
2024-01,2024-01-01,2024-01-31,2022-01-01,2023-08-09,2023-09-06,2023-12-04,10,1591,2024-01-31,28,0.007937647883210134,0.2766798436641693,0.17402112483978271,0.4761904776096344,0.523809552192688,0.1190476194024086
2024-01,2024-01-01,2024-01-31,2022-01-01,2023-08-09,2023-09-06,2023-12-04,10,3296,2024-01-31,29,0.007927319934793182,0.08260869234800339,-0.020050032064318657,0.4761904776096344,0.523809552192688,0.1190476194024086
2024-01,2024-01-01,2024-01-31,2022-01-01,2023-08-09,2023-09-06,2023-12-04,10,3044,2024-01-31,30,0.007872723560036996,0.10991957038640976,0.007260845508426428,0.4761904776096344,0.523809552192688,0.1190476194024086
2024-02,2024-02-01,2024-02-29,2022-02-01,2023-09-08,2023-10-11,2024-01-04,12,4939,2024-02-29,1,0.034048238951535914,-0.07535641640424728,-0.1396884173154831,0.9047619104385376,0.9365079402923584,0.658730149269104
2024-02,2024-02-01,2024-02-29,2022-02-01,2023-09-08,2023-10-11,2024-01-04,12,2376,2024-02-29,2,0.028177671628568577,-0.11079545319080353,-0.17512744665145874,0.9047619104385376,0.9365079402923584,0.658730149269104
2024-02,2024-02-01,2024-02-29,2022-02-01,2023-09-08,2023-10-11,2024-01-04,12,6669,2024-02-29,3,0.02698348463608466,-0.11693548411130905,-0.18126748502254486,0.9047619104385376,0.9365079402923584,0.658730149269104
2024-02,2024-02-01,2024-02-29,2022-02-01,2023-09-08,2023-10-11,2024-01-04,12,6414,2024-02-29,4,0.025737474385627644,0.16722407937049866,0.10289208590984344,0.9047619104385376,0.9365079402923584,0.658730149269104
2024-02,2024-02-01,2024-02-29,2022-02-01,2023-09-08,2023-10-11,2024-01-04,12,2382,2024-02-29,5,0.0257209626062649,0.19658119976520538,0.13224920630455017,0.9047619104385376,0.9365079402923584,0.658730149269104
2024-02,2024-02-01,2024-02-29,2022-02-01,2023-09-08,2023-10-11,2024-01-04,12,1519,2024-02-29,6,0.025056147214383945,0.24304267764091492,0.1787106841802597,0.9047619104385376,0.9365079402923584,0.658730149269104
2024-02,2024-02-01,2024-02-29,2022-02-01,2023-09-08,2023-10-11,2024-01-04,12,4303,2024-02-29,7,0.02497428957123476,0.004060913808643818,-0.06027108058333397,0.9047619104385376,0.9365079402923584,0.658730149269104
2024-02,2024-02-01,2024-02-29,2022-02-01,2023-09-08,2023-10-11,2024-01-04,12,3689,2024-02-29,8,0.024824280043375887,-0.027450980618596077,-0.09178297221660614,0.9047619104385376,0.9365079402923584,0.658730149269104
2024-02,2024-02-01,2024-02-29,2022-02-01,2023-09-08,2023-10-11,2024-01-04,12,3515,2024-02-29,9,0.024682961906336853,-0.030075188726186752,-0.09440718591213226,0.9047619104385376,0.9365079402923584,0.658730149269104
2024-02,2024-02-01,2024-02-29,2022-02-01,2023-09-08,2023-10-11,2024-01-04,12,1513,2024-02-29,10,0.024251774132855015,-0.008403361774981022,-0.07273535430431366,0.9047619104385376,0.9365079402923584,0.658730149269104
2024-02,2024-02-01,2024-02-29,2022-02-01,2023-09-08,2023-10-11,2024-01-04,12,3376,2024-02-29,11,0.023161958467096566,0.06508875638246536,0.00075676164124161,0.9047619104385376,0.9365079402923584,0.658730149269104
2024-02,2024-02-01,2024-02-29,2022-02-01,2023-09-08,2023-10-11,2024-01-04,12,1503,2024-02-29,12,0.022510418129334846,0.5053763389587402,0.44104433059692383,0.9047619104385376,0.9365079402923584,0.658730149269104
2024-02,2024-02-01,2024-02-29,2022-02-01,2023-09-08,2023-10-11,2024-01-04,12,6290,2024-02-29,13,0.02205723332985802,-0.11999999731779099,-0.1843319982290268,0.9047619104385376,0.9365079402923584,0.658730149269104
2024-02,2024-02-01,2024-02-29,2022-02-01,2023-09-08,2023-10-11,2024-01-04,12,3313,2024-02-29,14,0.021556258004437747,-0.15625,-0.2205819934606552,0.9047619104385376,0.9365079402923584,0.658730149269104
2024-02,2024-02-01,2024-02-29,2022-02-01,2023-09-08,2023-10-11,2024-01-04,12,3017,2024-02-29,15,0.021251299495379,0.005565862637013197,-0.05876613035798073,0.9047619104385376,0.9365079402923584,0.658730149269104
2024-02,2024-02-01,2024-02-29,2022-02-01,2023-09-08,2023-10-11,2024-01-04,12,2365,2024-02-29,16,0.021045438440387775,-0.1469387710094452,-0.2112707644701004,0.9047619104385376,0.9365079402923584,0.658730149269104
2024-02,2024-02-01,2024-02-29,2022-02-01,2023-09-08,2023-10-11,2024-01-04,12,2383,2024-02-29,17,0.020542313480249413,-0.19076305627822876,-0.25509506464004517,0.9047619104385376,0.9365079402923584,0.658730149269104
2024-02,2024-02-01,2024-02-29,2022-02-01,2023-09-08,2023-10-11,2024-01-04,12,2467,2024-02-29,18,0.019873795699765478,0.007905138656497002,-0.05642685666680336,0.9047619104385376,0.9365079402923584,0.658730149269104
2024-02,2024-02-01,2024-02-29,2022-02-01,2023-09-08,2023-10-11,2024-01-04,12,6126,2024-02-29,19,0.01915661084087307,-0.1218026801943779,-0.1861346811056137,0.9047619104385376,0.9365079402923584,0.658730149269104
2024-02,2024-02-01,2024-02-29,2022-02-01,2023-09-08,2023-10-11,2024-01-04,12,2465,2024-02-29,20,0.018973933348514906,-0.19649122655391693,-0.26082322001457214,0.9047619104385376,0.9365079402923584,0.658730149269104
2024-02,2024-02-01,2024-02-29,2022-02-01,2023-09-08,2023-10-11,2024-01-04,12,2371,2024-02-29,21,0.01842111997498444,0.10536398738622665,0.04103199392557144,0.9047619104385376,0.9365079402923584,0.658730149269104
2024-02,2024-02-01,2024-02-29,2022-02-01,2023-09-08,2023-10-11,2024-01-04,12,1560,2024-02-29,22,0.018263933241401815,0.0019342360319569707,-0.06239775940775871,0.9047619104385376,0.9365079402923584,0.658730149269104
2024-02,2024-02-01,2024-02-29,2022-02-01,2023-09-08,2023-10-11,2024-01-04,12,2399,2024-02-29,23,0.01821909215612274,-0.14652015268802643,-0.21085214614868164,0.9047619104385376,0.9365079402923584,0.658730149269104
2024-02,2024-02-01,2024-02-29,2022-02-01,2023-09-08,2023-10-11,2024-01-04,12,4542,2024-02-29,24,0.018166112695061135,-0.06543385237455368,-0.1297658532857895,0.9047619104385376,0.9365079402923584,0.658730149269104
2024-02,2024-02-01,2024-02-29,2022-02-01,2023-09-08,2023-10-11,2024-01-04,12,8182,2024-02-29,25,0.017905624046209555,-0.04862023517489433,-0.11295223236083984,0.9047619104385376,0.9365079402923584,0.658730149269104
2024-02,2024-02-01,2024-02-29,2022-02-01,2023-09-08,2023-10-11,2024-01-04,12,5426,2024-02-29,26,0.017701742035462438,-0.051315788179636,-0.11564778536558151,0.9047619104385376,0.9365079402923584,0.658730149269104
2024-02,2024-02-01,2024-02-29,2022-02-01,2023-09-08,2023-10-11,2024-01-04,12,3607,2024-02-29,27,0.01727539525033187,-0.1642512083053589,-0.2285832017660141,0.9047619104385376,0.9365079402923584,0.658730149269104
2024-02,2024-02-01,2024-02-29,2022-02-01,2023-09-08,2023-10-11,2024-01-04,12,8027,2024-02-29,28,0.01704272059540727,-0.07005076110363007,-0.13438275456428528,0.9047619104385376,0.9365079402923584,0.658730149269104
2024-02,2024-02-01,2024-02-29,2022-02-01,2023-09-08,2023-10-11,2024-01-04,12,1815,2024-02-29,29,0.01702156911984226,-0.0546875,-0.11901949346065521,0.9047619104385376,0.9365079402923584,0.658730149269104
2024-02,2024-02-01,2024-02-29,2022-02-01,2023-09-08,2023-10-11,2024-01-04,12,3312,2024-02-29,30,0.01679908268311652,0.003546099178493023,-0.06078589707612991,0.9047619104385376,0.9365079402923584,0.658730149269104
2024-03,2024-03-01,2024-03-31,2022-03-01,2023-09-27,2023-10-30,2024-01-23,21,1513,2024-03-29,1,0.06971420814276541,0.016574585810303688,0.01078847050666809,0.8134920597076416,0.9444444179534912,0.4523809552192688
2024-03,2024-03-01,2024-03-31,2022-03-01,2023-09-27,2023-10-30,2024-01-23,21,1570,2024-03-29,2,0.06773720871670139,-0.24372230470180511,-0.24950842559337616,0.8134920597076416,0.9444444179534912,0.4523809552192688
2024-03,2024-03-01,2024-03-31,2022-03-01,2023-09-27,2023-10-30,2024-01-23,21,3706,2024-03-29,3,0.06360533827812613,-0.12859885394573212,-0.13438497483730316,0.8134920597076416,0.9444444179534912,0.4523809552192688
2024-03,2024-03-01,2024-03-31,2022-03-01,2023-09-27,2023-10-30,2024-01-23,21,1503,2024-03-29,4,0.059608607474873815,-0.020134227350354195,-0.025920342653989792,0.8134920597076416,0.9444444179534912,0.4523809552192688
2024-03,2024-03-01,2024-03-31,2022-03-01,2023-09-27,2023-10-30,2024-01-23,21,3013,2024-03-29,5,0.058909489252965234,0.15905511379241943,0.1532689929008484,0.8134920597076416,0.9444444179534912,0.4523809552192688
2024-03,2024-03-01,2024-03-31,2022-03-01,2023-09-27,2023-10-30,2024-01-23,21,4523,2024-03-29,6,0.04215758040163408,-0.23353293538093567,-0.2393190562725067,0.8134920597076416,0.9444444179534912,0.4523809552192688
2024-03,2024-03-01,2024-03-31,2022-03-01,2023-09-27,2023-10-30,2024-01-23,21,1514,2024-03-29,7,0.040665856829803476,0.315315306186676,0.309529185295105,0.8134920597076416,0.9444444179534912,0.4523809552192688
2024-03,2024-03-01,2024-03-31,2022-03-01,2023-09-27,2023-10-30,2024-01-23,21,5386,2024-03-29,8,0.03898569389002357,-0.19674038887023926,-0.2025265097618103,0.8134920597076416,0.9444444179534912,0.4523809552192688
2024-03,2024-03-01,2024-03-31,2022-03-01,2023-09-27,2023-10-30,2024-01-23,21,6414,2024-03-29,9,0.038056320969781156,-0.10869564861059189,-0.11448176205158234,0.8134920597076416,0.9444444179534912,0.4523809552192688
2024-03,2024-03-01,2024-03-31,2022-03-01,2023-09-27,2023-10-30,2024-01-23,21,1519,2024-03-29,10,0.0377315966420726,0.20655269920825958,0.20076657831668854,0.8134920597076416,0.9444444179534912,0.4523809552192688
2024-03,2024-03-01,2024-03-31,2022-03-01,2023-09-27,2023-10-30,2024-01-23,21,4513,2024-03-29,11,0.03502905072418114,0.4089285731315613,0.40314245223999023,0.8134920597076416,0.9444444179534912,0.4523809552192688
2024-03,2024-03-01,2024-03-31,2022-03-01,2023-09-27,2023-10-30,2024-01-23,21,6425,2024-03-29,12,0.03438501355054238,0.25845736265182495,0.2526712417602539,0.8134920597076416,0.9444444179534912,0.4523809552192688
2024-03,2024-03-01,2024-03-31,2022-03-01,2023-09-27,2023-10-30,2024-01-23,21,2356,2024-03-29,13,0.034191426587878986,-0.11940298229455948,-0.12518909573554993,0.8134920597076416,0.9444444179534912,0.4523809552192688
2024-03,2024-03-01,2024-03-31,2022-03-01,2023-09-27,2023-10-30,2024-01-23,21,2230,2024-03-29,14,0.034117507626374825,0.011695906519889832,0.005909791216254234,0.8134920597076416,0.9444444179534912,0.4523809552192688
2024-03,2024-03-01,2024-03-31,2022-03-01,2023-09-27,2023-10-30,2024-01-23,21,6669,2024-03-29,15,0.03374118702818945,0.023861171677708626,0.01807505637407303,0.8134920597076416,0.9444444179534912,0.4523809552192688
2024-03,2024-03-01,2024-03-31,2022-03-01,2023-09-27,2023-10-30,2024-01-23,21,1535,2024-03-29,16,0.03336857748556473,-0.0025906735099852085,-0.008376789279282093,0.8134920597076416,0.9444444179534912,0.4523809552192688
2024-03,2024-03-01,2024-03-31,2022-03-01,2023-09-27,2023-10-30,2024-01-23,21,4938,2024-03-29,17,0.03314596316556191,-0.037438422441482544,-0.04322453960776329,0.8134920597076416,0.9444444179534912,0.4523809552192688
2024-03,2024-03-01,2024-03-31,2022-03-01,2023-09-27,2023-10-30,2024-01-23,21,1215,2024-03-29,18,0.03310964141407673,-0.04932735487818718,-0.055113472044467926,0.8134920597076416,0.9444444179534912,0.4523809552192688
2024-03,2024-03-01,2024-03-31,2022-03-01,2023-09-27,2023-10-30,2024-01-23,21,2417,2024-03-29,19,0.03214475761657482,-0.1592210829257965,-0.16500720381736755,0.8134920597076416,0.9444444179534912,0.4523809552192688
2024-03,2024-03-01,2024-03-31,2022-03-01,2023-09-27,2023-10-30,2024-01-23,21,1504,2024-03-29,20,0.030495584647645072,-0.03639514744281769,-0.042181264609098434,0.8134920597076416,0.9444444179534912,0.4523809552192688
2024-03,2024-03-01,2024-03-31,2022-03-01,2023-09-27,2023-10-30,2024-01-23,21,6230,2024-03-29,21,0.028363315085684574,0.7034120559692383,0.6976259350776672,0.8134920597076416,0.9444444179534912,0.4523809552192688
2024-03,2024-03-01,2024-03-31,2022-03-01,2023-09-27,2023-10-30,2024-01-23,21,3294,2024-03-29,22,0.02807947092737765,-0.22756409645080566,-0.2333502173423767,0.8134920597076416,0.9444444179534912,0.4523809552192688
2024-03,2024-03-01,2024-03-31,2022-03-01,2023-09-27,2023-10-30,2024-01-23,21,3231,2024-03-29,23,0.02713725445479405,-0.10629921406507492,-0.11208532750606537,0.8134920597076416,0.9444444179534912,0.4523809552192688
2024-03,2024-03-01,2024-03-31,2022-03-01,2023-09-27,2023-10-30,2024-01-23,21,2371,2024-03-29,24,0.0270459192583492,0.1473684161901474,0.14158229529857635,0.8134920597076416,0.9444444179534912,0.4523809552192688
2024-03,2024-03-01,2024-03-31,2022-03-01,2023-09-27,2023-10-30,2024-01-23,21,6577,2024-03-29,25,0.024773491554698084,-0.05985915660858154,-0.06564527004957199,0.8134920597076416,0.9444444179534912,0.4523809552192688
2024-03,2024-03-01,2024-03-31,2022-03-01,2023-09-27,2023-10-30,2024-01-23,21,2049,2024-03-29,26,0.024428709552271912,-0.16726619005203247,-0.17305231094360352,0.8134920597076416,0.9444444179534912,0.4523809552192688
2024-03,2024-03-01,2024-03-31,2022-03-01,2023-09-27,2023-10-30,2024-01-23,21,1560,2024-03-29,27,0.0237820884431111,-0.048507463186979294,-0.05429358035326004,0.8134920597076416,0.9444444179534912,0.4523809552192688
2024-03,2024-03-01,2024-03-31,2022-03-01,2023-09-27,2023-10-30,2024-01-23,21,6166,2024-03-29,28,0.023062698394177263,-0.04123711213469505,-0.0470232293009758,0.8134920597076416,0.9444444179534912,0.4523809552192688
2024-03,2024-03-01,2024-03-31,2022-03-01,2023-09-27,2023-10-30,2024-01-23,21,1216,2024-03-29,29,0.022410012379454187,-0.0077821011655032635,-0.013568216934800148,0.8134920597076416,0.9444444179534912,0.4523809552192688
2024-03,2024-03-01,2024-03-31,2022-03-01,2023-09-27,2023-10-30,2024-01-23,21,1702,2024-03-29,30,0.021771955417230565,0.050086356699466705,0.04430023953318596,0.8134920597076416,0.9444444179534912,0.4523809552192688
2024-04,2024-04-01,2024-04-30,2022-04-01,2023-10-31,2023-11-28,2024-03-04,3,5512,2024-04-30,1,0.022978953326000865,-0.038167938590049744,-0.10024168342351913,0.5198412537574768,0.7420634627342224,0.7539682388305664
2024-04,2024-04-01,2024-04-30,2022-04-01,2023-10-31,2023-11-28,2024-03-04,3,2371,2024-04-30,2,0.02153515883490576,-0.16465257108211517,-0.22672630846500397,0.5198412537574768,0.7420634627342224,0.7539682388305664
2024-04,2024-04-01,2024-04-30,2022-04-01,2023-10-31,2023-11-28,2024-03-04,3,3060,2024-04-30,3,0.019464559107466233,0.30127042531967163,0.23919668793678284,0.5198412537574768,0.7420634627342224,0.7539682388305664
2024-04,2024-04-01,2024-04-30,2022-04-01,2023-10-31,2023-11-28,2024-03-04,3,4513,2024-04-30,4,0.01923610383112966,-0.026615969836711884,-0.08868971467018127,0.5198412537574768,0.7420634627342224,0.7539682388305664
2024-04,2024-04-01,2024-04-30,2022-04-01,2023-10-31,2023-11-28,2024-03-04,3,1616,2024-04-30,5,0.015102017406328628,-0.08061420172452927,-0.14268794655799866,0.5198412537574768,0.7420634627342224,0.7539682388305664
2024-04,2024-04-01,2024-04-30,2022-04-01,2023-10-31,2023-11-28,2024-03-04,3,3207,2024-04-30,6,0.014672189756432107,-0.14012739062309265,-0.20220112800598145,0.5198412537574768,0.7420634627342224,0.7539682388305664
2024-04,2024-04-01,2024-04-30,2022-04-01,2023-10-31,2023-11-28,2024-03-04,3,2515,2024-04-30,7,0.011252155140452802,-0.09550561755895615,-0.15757936239242554,0.5198412537574768,0.7420634627342224,0.7539682388305664
2024-04,2024-04-01,2024-04-30,2022-04-01,2023-10-31,2023-11-28,2024-03-04,3,5529,2024-04-30,8,0.00917473431938879,-0.048120301216840744,-0.11019404232501984,0.5198412537574768,0.7420634627342224,0.7539682388305664
2024-04,2024-04-01,2024-04-30,2022-04-01,2023-10-31,2023-11-28,2024-03-04,3,6197,2024-04-30,9,0.008975782541161286,0.16370107233524323,0.10162732750177383,0.5198412537574768,0.7420634627342224,0.7539682388305664
2024-04,2024-04-01,2024-04-30,2022-04-01,2023-10-31,2023-11-28,2024-03-04,3,5324,2024-04-30,10,0.008451926533120938,-0.02684563770890236,-0.08891937881708145,0.5198412537574768,0.7420634627342224,0.7539682388305664
2024-04,2024-04-01,2024-04-30,2022-04-01,2023-10-31,2023-11-28,2024-03-04,3,2509,2024-04-30,11,0.008451926533120938,-0.08858267962932587,-0.15065641701221466,0.5198412537574768,0.7420634627342224,0.7539682388305664
2024-04,2024-04-01,2024-04-30,2022-04-01,2023-10-31,2023-11-28,2024-03-04,3,3703,2024-04-30,12,0.008451926533120938,-0.10560625791549683,-0.16767999529838562,0.5198412537574768,0.7420634627342224,0.7539682388305664
2024-04,2024-04-01,2024-04-30,2022-04-01,2023-10-31,2023-11-28,2024-03-04,3,6198,2024-04-30,13,0.007874118027352682,-0.11674347519874573,-0.17881721258163452,0.5198412537574768,0.7420634627342224,0.7539682388305664
2024-04,2024-04-01,2024-04-30,2022-04-01,2023-10-31,2023-11-28,2024-03-04,3,1612,2024-04-30,14,0.00754731353260172,0.025537634268403053,-0.03653610870242119,0.5198412537574768,0.7420634627342224,0.7539682388305664
2024-04,2024-04-01,2024-04-30,2022-04-01,2023-10-31,2023-11-28,2024-03-04,3,2548,2024-04-30,15,0.007523827068299923,-0.041916169226169586,-0.10398991405963898,0.5198412537574768,0.7420634627342224,0.7539682388305664
2024-04,2024-04-01,2024-04-30,2022-04-01,2023-10-31,2023-11-28,2024-03-04,3,9946,2024-04-30,16,0.007358074506198527,0.19407008588314056,0.13199634850025177,0.5198412537574768,0.7420634627342224,0.7539682388305664
2024-04,2024-04-01,2024-04-30,2022-04-01,2023-10-31,2023-11-28,2024-03-04,3,6264,2024-04-30,17,0.0073441754913811915,-0.1398809552192688,-0.2019546926021576,0.5198412537574768,0.7420634627342224,0.7539682388305664
2024-04,2024-04-01,2024-04-30,2022-04-01,2023-10-31,2023-11-28,2024-03-04,3,3686,2024-04-30,18,0.0072910085830027215,0.08205128461122513,0.019977541640400887,0.5198412537574768,0.7420634627342224,0.7539682388305664
2024-04,2024-04-01,2024-04-30,2022-04-01,2023-10-31,2023-11-28,2024-03-04,3,3691,2024-04-30,19,0.0072910085830027215,-0.16455696523189545,-0.22663070261478424,0.5198412537574768,0.7420634627342224,0.7539682388305664
2024-04,2024-04-01,2024-04-30,2022-04-01,2023-10-31,2023-11-28,2024-03-04,3,4533,2024-04-30,20,0.007242534030487132,0.3742937743663788,0.31222003698349,0.5198412537574768,0.7420634627342224,0.7539682388305664
2024-04,2024-04-01,2024-04-30,2022-04-01,2023-10-31,2023-11-28,2024-03-04,3,3512,2024-04-30,21,0.006900644891884762,-0.004494382068514824,-0.06656812876462936,0.5198412537574768,0.7420634627342224,0.7539682388305664
2024-04,2024-04-01,2024-04-30,2022-04-01,2023-10-31,2023-11-28,2024-03-04,3,5525,2024-04-30,22,0.006900644891884762,-0.08589743822813034,-0.14797118306159973,0.5198412537574768,0.7420634627342224,0.7539682388305664
2024-04,2024-04-01,2024-04-30,2022-04-01,2023-10-31,2023-11-28,2024-03-04,3,2528,2024-04-30,23,0.006900644891884762,-0.03200000151991844,-0.09407374262809753,0.5198412537574768,0.7420634627342224,0.7539682388305664
2024-04,2024-04-01,2024-04-30,2022-04-01,2023-10-31,2023-11-28,2024-03-04,3,1438,2024-04-30,24,0.006900644891884762,-0.03057553991675377,-0.09264928102493286,0.5198412537574768,0.7420634627342224,0.7539682388305664
2024-04,2024-04-01,2024-04-30,2022-04-01,2023-10-31,2023-11-28,2024-03-04,3,1456,2024-04-30,25,0.006900644891884762,-0.08545034378767014,-0.14752408862113953,0.5198412537574768,0.7420634627342224,0.7539682388305664
2024-04,2024-04-01,2024-04-30,2022-04-01,2023-10-31,2023-11-28,2024-03-04,3,5533,2024-04-30,26,0.006900644891884762,-0.0988805964589119,-0.1609543412923813,0.5198412537574768,0.7420634627342224,0.7539682388305664
2024-04,2024-04-01,2024-04-30,2022-04-01,2023-10-31,2023-11-28,2024-03-04,3,4402,2024-04-30,27,0.0067808809868568866,-0.07361111044883728,-0.13568484783172607,0.5198412537574768,0.7420634627342224,0.7539682388305664
2024-04,2024-04-01,2024-04-30,2022-04-01,2023-10-31,2023-11-28,2024-03-04,3,5522,2024-04-30,28,0.006763553220756907,0.07051282376050949,0.00843908078968525,0.5198412537574768,0.7420634627342224,0.7539682388305664
2024-04,2024-04-01,2024-04-30,2022-04-01,2023-10-31,2023-11-28,2024-03-04,3,3266,2024-04-30,29,0.006763553220756907,0.10467705875635147,0.04260331392288208,0.5198412537574768,0.7420634627342224,0.7539682388305664
2024-04,2024-04-01,2024-04-30,2022-04-01,2023-10-31,2023-11-28,2024-03-04,3,5519,2024-04-30,30,0.006763553220756907,-0.15204080939292908,-0.21411454677581787,0.5198412537574768,0.7420634627342224,0.7539682388305664
2024-05,2024-05-01,2024-05-31,2022-05-01,2023-11-28,2023-12-26,2024-04-01,7,3056,2024-05-31,1,0.023299028434997825,0.0516224205493927,-0.04361749440431595,0.7341269850730896,0.6190476417541504,0.6309523582458496
2024-05,2024-05-01,2024-05-31,2022-05-01,2023-11-28,2023-12-26,2024-04-01,7,6188,2024-05-31,2,0.01956490139209498,-0.13846154510974884,-0.2337014526128769,0.7341269850730896,0.6190476417541504,0.6309523582458496
2024-05,2024-05-01,2024-05-31,2022-05-01,2023-11-28,2023-12-26,2024-04-01,7,8107,2024-05-31,3,0.01762338018096378,0.05609755963087082,-0.03914235532283783,0.7341269850730896,0.6190476417541504,0.6309523582458496
2024-05,2024-05-01,2024-05-31,2022-05-01,2023-11-28,2023-12-26,2024-04-01,7,1799,2024-05-31,4,0.016894627576786763,0.4929424524307251,0.39770254492759705,0.7341269850730896,0.6190476417541504,0.6309523582458496
2024-05,2024-05-01,2024-05-31,2022-05-01,2023-11-28,2023-12-26,2024-04-01,7,3013,2024-05-31,5,0.01654915985021964,-0.03858520835638046,-0.1338251233100891,0.7341269850730896,0.6190476417541504,0.6309523582458496
2024-05,2024-05-01,2024-05-31,2022-05-01,2023-11-28,2023-12-26,2024-04-01,7,2353,2024-05-31,6,0.016256463895751076,-0.0986218973994255,-0.19386181235313416,0.7341269850730896,0.6190476417541504,0.6309523582458496
2024-05,2024-05-01,2024-05-31,2022-05-01,2023-11-28,2023-12-26,2024-04-01,7,2495,2024-05-31,7,0.01599078331487432,0.2344827651977539,0.13924285769462585,0.7341269850730896,0.6190476417541504,0.6309523582458496
2024-05,2024-05-01,2024-05-31,2022-05-01,2023-11-28,2023-12-26,2024-04-01,7,2603,2024-05-31,8,0.014849014161483461,-0.06663576513528824,-0.1618756800889969,0.7341269850730896,0.6190476417541504,0.6309523582458496
2024-05,2024-05-01,2024-05-31,2022-05-01,2023-11-28,2023-12-26,2024-04-01,7,2454,2024-05-31,9,0.013827810834060457,0.11857707798480988,0.023337163031101227,0.7341269850730896,0.6190476417541504,0.6309523582458496
2024-05,2024-05-01,2024-05-31,2022-05-01,2023-11-28,2023-12-26,2024-04-01,7,6933,2024-05-31,10,0.013340791686720465,-0.04584527388215065,-0.1410851925611496,0.7341269850730896,0.6190476417541504,0.6309523582458496
2024-05,2024-05-01,2024-05-31,2022-05-01,2023-11-28,2023-12-26,2024-04-01,7,2357,2024-05-31,11,0.013049434980529037,-0.05076628178358078,-0.14600619673728943,0.7341269850730896,0.6190476417541504,0.6309523582458496
2024-05,2024-05-01,2024-05-31,2022-05-01,2023-11-28,2023-12-26,2024-04-01,7,3055,2024-05-31,12,0.01302461700798807,0.002120890887454152,-0.09311902523040771,0.7341269850730896,0.6190476417541504,0.6309523582458496
2024-05,2024-05-01,2024-05-31,2022-05-01,2023-11-28,2023-12-26,2024-04-01,7,8089,2024-05-31,13,0.012344126976254536,0.12385321408510208,0.028613299131393433,0.7341269850730896,0.6190476417541504,0.6309523582458496
2024-05,2024-05-01,2024-05-31,2022-05-01,2023-11-28,2023-12-26,2024-04-01,7,1215,2024-05-31,14,0.012266864363306158,0.021232610568404198,-0.0740073025226593,0.7341269850730896,0.6190476417541504,0.6309523582458496
2024-05,2024-05-01,2024-05-31,2022-05-01,2023-11-28,2023-12-26,2024-04-01,7,1216,2024-05-31,15,0.01108663295624353,0.025157231837511063,-0.07008267939090729,0.7341269850730896,0.6190476417541504,0.6309523582458496
2024-05,2024-05-01,2024-05-31,2022-05-01,2023-11-28,2023-12-26,2024-04-01,7,1227,2024-05-31,16,0.00957528324560684,0.028537455946207047,-0.0667024552822113,0.7341269850730896,0.6190476417541504,0.6309523582458496
2024-05,2024-05-01,2024-05-31,2022-05-01,2023-11-28,2023-12-26,2024-04-01,7,4938,2024-05-31,17,0.009328102445791669,-0.0202321894466877,-0.11547210067510605,0.7341269850730896,0.6190476417541504,0.6309523582458496
2024-05,2024-05-01,2024-05-31,2022-05-01,2023-11-28,2023-12-26,2024-04-01,7,2324,2024-05-31,18,0.008325275186864833,-0.09139072895050049,-0.18663063645362854,0.7341269850730896,0.6190476417541504,0.6309523582458496
2024-05,2024-05-01,2024-05-31,2022-05-01,2023-11-28,2023-12-26,2024-04-01,7,4513,2024-05-31,19,0.007975388009034835,0.017412934452295303,-0.07782697677612305,0.7341269850730896,0.6190476417541504,0.6309523582458496
2024-05,2024-05-01,2024-05-31,2022-05-01,2023-11-28,2023-12-26,2024-04-01,7,4549,2024-05-31,20,0.007952326750167597,-0.2893401086330414,-0.38458001613616943,0.7341269850730896,0.6190476417541504,0.6309523582458496
2024-05,2024-05-01,2024-05-31,2022-05-01,2023-11-28,2023-12-26,2024-04-01,7,2405,2024-05-31,21,0.007824680551295631,-0.03755868598818779,-0.13279859721660614,0.7341269850730896,0.6190476417541504,0.6309523582458496
2024-05,2024-05-01,2024-05-31,2022-05-01,2023-11-28,2023-12-26,2024-04-01,7,2451,2024-05-31,22,0.007714737955302194,-0.03017241321504116,-0.12541233003139496,0.7341269850730896,0.6190476417541504,0.6309523582458496
2024-05,2024-05-01,2024-05-31,2022-05-01,2023-11-28,2023-12-26,2024-04-01,7,3260,2024-05-31,23,0.007714737955302194,-0.01647385023534298,-0.11171376705169678,0.7341269850730896,0.6190476417541504,0.6309523582458496
2024-05,2024-05-01,2024-05-31,2022-05-01,2023-11-28,2023-12-26,2024-04-01,7,4532,2024-05-31,24,0.007640006811394711,0.027586206793785095,-0.06765370815992355,0.7341269850730896,0.6190476417541504,0.6309523582458496
2024-05,2024-05-01,2024-05-31,2022-05-01,2023-11-28,2023-12-26,2024-04-01,7,2637,2024-05-31,25,0.007634070527937258,-0.11095057427883148,-0.20619048178195953,0.7341269850730896,0.6190476417541504,0.6309523582458496
2024-05,2024-05-01,2024-05-31,2022-05-01,2023-11-28,2023-12-26,2024-04-01,7,6191,2024-05-31,26,0.007351963029573534,-0.016107382252812386,-0.11134729534387589,0.7341269850730896,0.6190476417541504,0.6309523582458496
2024-05,2024-05-01,2024-05-31,2022-05-01,2023-11-28,2023-12-26,2024-04-01,7,3537,2024-05-31,27,0.007302559413237052,-0.12153846025466919,-0.21677836775779724,0.7341269850730896,0.6190476417541504,0.6309523582458496
2024-05,2024-05-01,2024-05-31,2022-05-01,2023-11-28,2023-12-26,2024-04-01,7,3034,2024-05-31,28,0.007125207910210011,0.04026845470070839,-0.05497146025300026,0.7341269850730896,0.6190476417541504,0.6309523582458496
2024-05,2024-05-01,2024-05-31,2022-05-01,2023-11-28,2023-12-26,2024-04-01,7,3483,2024-05-31,29,0.007049185457250331,-0.05225653201341629,-0.14749644696712494,0.7341269850730896,0.6190476417541504,0.6309523582458496
2024-05,2024-05-01,2024-05-31,2022-05-01,2023-11-28,2023-12-26,2024-04-01,7,2367,2024-05-31,30,0.006971663765410301,-0.014986376278102398,-0.11022628843784332,0.7341269850730896,0.6190476417541504,0.6309523582458496
2024-06,2024-06-01,2024-06-30,2022-06-01,2023-12-28,2024-01-26,2024-05-06,3,2382,2024-06-28,1,0.04206038514560788,-0.13578274846076965,-0.1103724017739296,0.7658730149269104,0.8571428656578064,0.4246031641960144
2024-06,2024-06-01,2024-06-30,2022-06-01,2023-12-28,2024-01-26,2024-05-06,3,2317,2024-06-28,2,0.03909849767793498,-0.06499701738357544,-0.039586666971445084,0.7658730149269104,0.8571428656578064,0.4246031641960144
2024-06,2024-06-01,2024-06-30,2022-06-01,2023-12-28,2024-01-26,2024-05-06,3,1785,2024-06-28,3,0.0233934392137554,-0.01118223462253809,0.014228113926947117,0.7658730149269104,0.8571428656578064,0.4246031641960144
2024-06,2024-06-01,2024-06-30,2022-06-01,2023-12-28,2024-01-26,2024-05-06,3,8028,2024-06-28,4,0.0233934392137554,0.4004499316215515,0.42586028575897217,0.7658730149269104,0.8571428656578064,0.4246031641960144
2024-06,2024-06-01,2024-06-30,2022-06-01,2023-12-28,2024-01-26,2024-05-06,3,1514,2024-06-28,5,0.02083632273280813,-0.04333333298563957,-0.017922984436154366,0.7658730149269104,0.8571428656578064,0.4246031641960144
2024-06,2024-06-01,2024-06-30,2022-06-01,2023-12-28,2024-01-26,2024-05-06,3,2449,2024-06-28,6,0.01978607716182278,-0.07831331342458725,-0.052902963012456894,0.7658730149269104,0.8571428656578064,0.4246031641960144
2024-06,2024-06-01,2024-06-30,2022-06-01,2023-12-28,2024-01-26,2024-05-06,3,2618,2024-06-28,7,0.01978607716182278,-0.05938100442290306,-0.033970654010772705,0.7658730149269104,0.8571428656578064,0.4246031641960144
2024-06,2024-06-01,2024-06-30,2022-06-01,2023-12-28,2024-01-26,2024-05-06,3,2330,2024-06-28,8,0.017860153265349205,-0.028925620019435883,-0.0035152712371200323,0.7658730149269104,0.8571428656578064,0.4246031641960144
2024-06,2024-06-01,2024-06-30,2022-06-01,2023-12-28,2024-01-26,2024-05-06,3,5484,2024-06-28,9,0.017074869427791288,0.025641025975346565,0.05105137452483177,0.7658730149269104,0.8571428656578064,0.4246031641960144
2024-06,2024-06-01,2024-06-30,2022-06-01,2023-12-28,2024-01-26,2024-05-06,3,2438,2024-06-28,10,0.017074869427791288,0.07853402942419052,0.10394437611103058,0.7658730149269104,0.8571428656578064,0.4246031641960144
2024-06,2024-06-01,2024-06-30,2022-06-01,2023-12-28,2024-01-26,2024-05-06,3,3017,2024-06-28,11,0.016787994613762902,-0.16470588743686676,-0.1392955332994461,0.7658730149269104,0.8571428656578064,0.4246031641960144
2024-06,2024-06-01,2024-06-30,2022-06-01,2023-12-28,2024-01-26,2024-05-06,3,8277,2024-06-28,12,0.01565448236691729,-0.24438202381134033,-0.21897166967391968,0.7658730149269104,0.8571428656578064,0.4246031641960144
2024-06,2024-06-01,2024-06-30,2022-06-01,2023-12-28,2024-01-26,2024-05-06,3,4726,2024-06-28,13,0.01565448236691729,-0.03166666626930237,-0.0062563177198171616,0.7658730149269104,0.8571428656578064,0.4246031641960144
2024-06,2024-06-01,2024-06-30,2022-06-01,2023-12-28,2024-01-26,2024-05-06,3,3432,2024-06-28,14,0.01565448236691729,-0.16507937014102936,-0.1396690160036087,0.7658730149269104,0.8571428656578064,0.4246031641960144
2024-06,2024-06-01,2024-06-30,2022-06-01,2023-12-28,2024-01-26,2024-05-06,3,8906,2024-06-28,15,0.01565448236691729,0.115887850522995,0.14129820466041565,0.7658730149269104,0.8571428656578064,0.4246031641960144
2024-06,2024-06-01,2024-06-30,2022-06-01,2023-12-28,2024-01-26,2024-05-06,3,5468,2024-06-28,16,0.01565448236691729,-0.21403509378433228,-0.18862473964691162,0.7658730149269104,0.8571428656578064,0.4246031641960144
2024-06,2024-06-01,2024-06-30,2022-06-01,2023-12-28,2024-01-26,2024-05-06,3,6598,2024-06-28,17,0.01565448236691729,-0.09352931380271912,-0.06811896711587906,0.7658730149269104,0.8571428656578064,0.4246031641960144
2024-06,2024-06-01,2024-06-30,2022-06-01,2023-12-28,2024-01-26,2024-05-06,3,8093,2024-06-28,18,0.01565448236691729,-0.1651705503463745,-0.13976019620895386,0.7658730149269104,0.8571428656578064,0.4246031641960144
2024-06,2024-06-01,2024-06-30,2022-06-01,2023-12-28,2024-01-26,2024-05-06,3,3122,2024-06-28,19,0.015006426267564887,-0.18884892761707306,-0.1634385734796524,0.7658730149269104,0.8571428656578064,0.4246031641960144
2024-06,2024-06-01,2024-06-30,2022-06-01,2023-12-28,2024-01-26,2024-05-06,3,3374,2024-06-28,20,0.013937555312549213,0.2750000059604645,0.30041036009788513,0.7658730149269104,0.8571428656578064,0.4246031641960144
2024-06,2024-06-01,2024-06-30,2022-06-01,2023-12-28,2024-01-26,2024-05-06,3,3034,2024-06-28,21,0.013937555312549213,-0.07778570055961609,-0.05237535014748573,0.7658730149269104,0.8571428656578064,0.4246031641960144
2024-06,2024-06-01,2024-06-30,2022-06-01,2023-12-28,2024-01-26,2024-05-06,3,6191,2024-06-28,22,0.013937555312549213,-0.1379641741514206,-0.11255382746458054,0.7658730149269104,0.8571428656578064,0.4246031641960144
2024-06,2024-06-01,2024-06-30,2022-06-01,2023-12-28,2024-01-26,2024-05-06,3,3045,2024-06-28,23,0.013937555312549213,0.023937616497278214,0.04934796690940857,0.7658730149269104,0.8571428656578064,0.4246031641960144
2024-06,2024-06-01,2024-06-30,2022-06-01,2023-12-28,2024-01-26,2024-05-06,3,2383,2024-06-28,24,0.013937555312549213,-0.09263157844543457,-0.06722123175859451,0.7658730149269104,0.8571428656578064,0.4246031641960144
2024-06,2024-06-01,2024-06-30,2022-06-01,2023-12-28,2024-01-26,2024-05-06,3,2303,2024-06-28,25,0.01328949921319681,-0.05558629706501961,-0.0301759485155344,0.7658730149269104,0.8571428656578064,0.4246031641960144
2024-06,2024-06-01,2024-06-30,2022-06-01,2023-12-28,2024-01-26,2024-05-06,3,9917,2024-06-28,26,0.01328949921319681,0.03041825070977211,0.055828601121902466,0.7658730149269104,0.8571428656578064,0.4246031641960144
2024-06,2024-06-01,2024-06-30,2022-06-01,2023-12-28,2024-01-26,2024-05-06,3,3217,2024-06-28,27,0.01328949921319681,-0.12974800169467926,-0.1043376550078392,0.7658730149269104,0.8571428656578064,0.4246031641960144
2024-06,2024-06-01,2024-06-30,2022-06-01,2023-12-28,2024-01-26,2024-05-06,3,2850,2024-06-28,28,0.01328949921319681,-0.020790020003914833,0.0046203285455703735,0.7658730149269104,0.8571428656578064,0.4246031641960144
2024-06,2024-06-01,2024-06-30,2022-06-01,2023-12-28,2024-01-26,2024-05-06,3,2308,2024-06-28,29,0.01328949921319681,0.02960103005170822,0.05501138046383858,0.7658730149269104,0.8571428656578064,0.4246031641960144
2024-06,2024-06-01,2024-06-30,2022-06-01,2023-12-28,2024-01-26,2024-05-06,3,5347,2024-06-28,30,0.01328949921319681,-0.07262108474969864,-0.04721073433756828,0.7658730149269104,0.8571428656578064,0.4246031641960144
2024-07,2024-07-01,2024-07-31,2022-07-01,2024-01-25,2024-03-05,2024-05-31,2,6206,2024-07-31,1,0.030256498341258653,0.01764705963432789,0.006935424637049437,0.0436507947742939,0.2222222238779068,0.2777777910232544
2024-07,2024-07-01,2024-07-31,2022-07-01,2024-01-25,2024-03-05,2024-05-31,2,2356,2024-07-31,2,0.019115485915998896,-0.04897959157824516,-0.05969122797250748,0.0436507947742939,0.2222222238779068,0.2777777910232544
2024-07,2024-07-01,2024-07-31,2022-07-01,2024-01-25,2024-03-05,2024-05-31,2,2382,2024-07-31,3,0.019115485915998896,-0.02622377686202526,-0.036935411393642426,0.0436507947742939,0.2222222238779068,0.2777777910232544
2024-07,2024-07-01,2024-07-31,2022-07-01,2024-01-25,2024-03-05,2024-05-31,2,4513,2024-07-31,4,0.018643295305858787,0.3163034915924072,0.3055918514728546,0.0436507947742939,0.2222222238779068,0.2777777910232544
2024-07,2024-07-01,2024-07-31,2022-07-01,2024-01-25,2024-03-05,2024-05-31,2,6228,2024-07-31,5,0.003434715052093799,-0.3324607312679291,-0.3431723713874817,0.0436507947742939,0.2222222238779068,0.2777777910232544
2024-07,2024-07-01,2024-07-31,2022-07-01,2024-01-25,2024-03-05,2024-05-31,2,2230,2024-07-31,6,0.003434715052093799,-0.044378697872161865,-0.05509033426642418,0.0436507947742939,0.2222222238779068,0.2777777910232544
2024-07,2024-07-01,2024-07-31,2022-07-01,2024-01-25,2024-03-05,2024-05-31,2,1586,2024-07-31,7,0.003434715052093799,-0.06346967816352844,-0.07418131083250046,0.0436507947742939,0.2222222238779068,0.2777777910232544
2024-07,2024-07-01,2024-07-31,2022-07-01,2024-01-25,2024-03-05,2024-05-31,2,4534,2024-07-31,8,0.003434715052093799,0.2654867172241211,0.2547750771045685,0.0436507947742939,0.2222222238779068,0.2777777910232544
2024-07,2024-07-01,2024-07-31,2022-07-01,2024-01-25,2024-03-05,2024-05-31,2,2442,2024-07-31,9,0.0032953399363038665,-0.07336956262588501,-0.08408119529485703,0.0436507947742939,0.2222222238779068,0.2777777910232544
2024-07,2024-07-01,2024-07-31,2022-07-01,2024-01-25,2024-03-05,2024-05-31,2,3188,2024-07-31,10,0.0032953399363038665,-0.23357664048671722,-0.24428828060626984,0.0436507947742939,0.2222222238779068,0.2777777910232544
2024-07,2024-07-01,2024-07-31,2022-07-01,2024-01-25,2024-03-05,2024-05-31,2,1453,2024-07-31,11,0.0032953399363038665,-0.21288138628005981,-0.22359302639961243,0.0436507947742939,0.2222222238779068,0.2777777910232544
2024-07,2024-07-01,2024-07-31,2022-07-01,2024-01-25,2024-03-05,2024-05-31,2,5529,2024-07-31,12,0.0032953399363038665,-0.10511363297700882,-0.11582526564598083,0.0436507947742939,0.2222222238779068,0.2777777910232544
2024-07,2024-07-01,2024-07-31,2022-07-01,2024-01-25,2024-03-05,2024-05-31,2,2540,2024-07-31,13,0.0032953399363038665,-0.09756097197532654,-0.10827260464429855,0.0436507947742939,0.2222222238779068,0.2777777910232544
2024-07,2024-07-01,2024-07-31,2022-07-01,2024-01-25,2024-03-05,2024-05-31,2,2539,2024-07-31,14,0.0032953399363038665,0.02869485691189766,0.017983222380280495,0.0436507947742939,0.2222222238779068,0.2777777910232544
2024-07,2024-07-01,2024-07-31,2022-07-01,2024-01-25,2024-03-05,2024-05-31,2,2527,2024-07-31,15,0.0032953399363038665,-0.19494156539440155,-0.20565320551395416,0.0436507947742939,0.2222222238779068,0.2777777910232544
2024-07,2024-07-01,2024-07-31,2022-07-01,2024-01-25,2024-03-05,2024-05-31,2,6264,2024-07-31,16,0.0032953399363038665,-0.16352201998233795,-0.17423366010189056,0.0436507947742939,0.2222222238779068,0.2777777910232544
2024-07,2024-07-01,2024-07-31,2022-07-01,2024-01-25,2024-03-05,2024-05-31,2,2511,2024-07-31,17,0.0032953399363038665,-0.10400000214576721,-0.11471163481473923,0.0436507947742939,0.2222222238779068,0.2777777910232544
2024-07,2024-07-01,2024-07-31,2022-07-01,2024-01-25,2024-03-05,2024-05-31,2,1316,2024-07-31,18,0.0032953399363038665,-0.06474819779396057,-0.07545983046293259,0.0436507947742939,0.2222222238779068,0.2777777910232544
2024-07,2024-07-01,2024-07-31,2022-07-01,2024-01-25,2024-03-05,2024-05-31,2,4907,2024-07-31,19,0.0032953399363038665,-0.248353511095047,-0.2590651512145996,0.0436507947742939,0.2222222238779068,0.2777777910232544
2024-07,2024-07-01,2024-07-31,2022-07-01,2024-01-25,2024-03-05,2024-05-31,2,5356,2024-07-31,20,0.00282490060878849,-0.01104972418397665,-0.02176135964691639,0.0436507947742939,0.2222222238779068,0.2777777910232544
2024-07,2024-07-01,2024-07-31,2022-07-01,2024-01-25,2024-03-05,2024-05-31,2,2534,2024-07-31,21,0.00253907118921788,-0.1127694845199585,-0.12348111718893051,0.0436507947742939,0.2222222238779068,0.2777777910232544
2024-07,2024-07-01,2024-07-31,2022-07-01,2024-01-25,2024-03-05,2024-05-31,2,5213,2024-07-31,22,0.00253907118921788,-0.20767717063426971,-0.21838881075382233,0.0436507947742939,0.2222222238779068,0.2777777910232544
2024-07,2024-07-01,2024-07-31,2022-07-01,2024-01-25,2024-03-05,2024-05-31,2,5522,2024-07-31,23,0.00253907118921788,-0.08198614418506622,-0.09269777685403824,0.0436507947742939,0.2222222238779068,0.2777777910232544
2024-07,2024-07-01,2024-07-31,2022-07-01,2024-01-25,2024-03-05,2024-05-31,2,2504,2024-07-31,24,0.00253907118921788,0.005681818351149559,-0.005029816646128893,0.0436507947742939,0.2222222238779068,0.2777777910232544
2024-07,2024-07-01,2024-07-31,2022-07-01,2024-01-25,2024-03-05,2024-05-31,2,6186,2024-07-31,25,0.00253907118921788,-0.027397260069847107,-0.03810889646410942,0.0436507947742939,0.2222222238779068,0.2777777910232544
2024-07,2024-07-01,2024-07-31,2022-07-01,2024-01-25,2024-03-05,2024-05-31,2,2597,2024-07-31,26,0.00253907118921788,-0.07073242962360382,-0.08144406229257584,0.0436507947742939,0.2222222238779068,0.2777777910232544
2024-07,2024-07-01,2024-07-31,2022-07-01,2024-01-25,2024-03-05,2024-05-31,2,5519,2024-07-31,27,0.00253907118921788,-0.19855596125125885,-0.20926760137081146,0.0436507947742939,0.2222222238779068,0.2777777910232544
2024-07,2024-07-01,2024-07-31,2022-07-01,2024-01-25,2024-03-05,2024-05-31,2,1808,2024-07-31,28,0.00253907118921788,-0.04435483738780022,-0.05506647378206253,0.0436507947742939,0.2222222238779068,0.2777777910232544
2024-07,2024-07-01,2024-07-31,2022-07-01,2024-01-25,2024-03-05,2024-05-31,2,5515,2024-07-31,29,0.00253907118921788,-0.05942622944712639,-0.0701378658413887,0.0436507947742939,0.2222222238779068,0.2777777910232544
2024-07,2024-07-01,2024-07-31,2022-07-01,2024-01-25,2024-03-05,2024-05-31,2,2515,2024-07-31,30,0.00253907118921788,-0.09139301627874374,-0.10210464894771576,0.0436507947742939,0.2222222238779068,0.2777777910232544
2024-08,2024-08-01,2024-08-31,2022-08-01,2024-03-06,2024-04-03,2024-07-02,2,8043,2024-08-30,1,0.01380319113474014,-0.20333987474441528,-0.20338596403598785,0.1626984179019928,0.170634925365448,0.8611111044883728
2024-08,2024-08-01,2024-08-31,2022-08-01,2024-03-06,2024-04-03,2024-07-02,2,1471,2024-08-30,2,0.010654264458347705,-0.0590277761220932,-0.05907386913895607,0.1626984179019928,0.170634925365448,0.8611111044883728
2024-08,2024-08-01,2024-08-31,2022-08-01,2024-03-06,2024-04-03,2024-07-02,2,1325,2024-08-30,3,0.010654264458347705,-0.05564923956990242,-0.05569533258676529,0.1626984179019928,0.170634925365448,0.8611111044883728
2024-08,2024-08-01,2024-08-31,2022-08-01,2024-03-06,2024-04-03,2024-07-02,2,4133,2024-08-30,4,0.010333482819282981,-0.022364217787981033,-0.022410308942198753,0.1626984179019928,0.170634925365448,0.8611111044883728
2024-08,2024-08-01,2024-08-31,2022-08-01,2024-03-06,2024-04-03,2024-07-02,2,4157,2024-08-30,5,0.010333482819282981,0.020477816462516785,0.020431725308299065,0.1626984179019928,0.170634925365448,0.8611111044883728
2024-08,2024-08-01,2024-08-31,2022-08-01,2024-03-06,2024-04-03,2024-07-02,2,4743,2024-08-30,6,0.010333482819282981,-0.12538225948810577,-0.12542834877967834,0.1626984179019928,0.170634925365448,0.8611111044883728
2024-08,2024-08-01,2024-08-31,2022-08-01,2024-03-06,2024-04-03,2024-07-02,2,4108,2024-08-30,7,0.010333482819282981,-0.010869565419852734,-0.010915657505393028,0.1626984179019928,0.170634925365448,0.8611111044883728
2024-08,2024-08-01,2024-08-31,2022-08-01,2024-03-06,2024-04-03,2024-07-02,2,6901,2024-08-30,8,0.010333482819282981,-0.04265403002500534,-0.04270012304186821,0.1626984179019928,0.170634925365448,0.8611111044883728
2024-08,2024-08-01,2024-08-31,2022-08-01,2024-03-06,2024-04-03,2024-07-02,2,4147,2024-08-30,9,0.010333482819282981,-0.09018264710903168,-0.09022873640060425,0.1626984179019928,0.170634925365448,0.8611111044883728
2024-08,2024-08-01,2024-08-31,2022-08-01,2024-03-06,2024-04-03,2024-07-02,2,1591,2024-08-30,10,0.010333482819282981,-0.075396828353405,-0.07544291764497757,0.1626984179019928,0.170634925365448,0.8611111044883728
2024-08,2024-08-01,2024-08-31,2022-08-01,2024-03-06,2024-04-03,2024-07-02,2,6589,2024-08-30,11,0.010333482819282981,0.0325581394135952,0.03251204639673233,0.1626984179019928,0.170634925365448,0.8611111044883728
2024-08,2024-08-01,2024-08-31,2022-08-01,2024-03-06,2024-04-03,2024-07-02,2,6733,2024-08-30,12,0.010333482819282981,0.007894736714661121,0.007848644629120827,0.1626984179019928,0.170634925365448,0.8611111044883728
2024-08,2024-08-01,2024-08-31,2022-08-01,2024-03-06,2024-04-03,2024-07-02,2,6492,2024-08-30,13,0.010333482819282981,0.04816955700516701,0.04812346398830414,0.1626984179019928,0.170634925365448,0.8611111044883728
2024-08,2024-08-01,2024-08-31,2022-08-01,2024-03-06,2024-04-03,2024-07-02,2,6547,2024-08-30,14,0.010333482819282981,-0.09960159659385681,-0.09964768588542938,0.1626984179019928,0.170634925365448,0.8611111044883728
2024-08,2024-08-01,2024-08-31,2022-08-01,2024-03-06,2024-04-03,2024-07-02,2,3432,2024-08-30,15,0.010333482819282981,-0.07800000160932541,-0.07804609090089798,0.1626984179019928,0.170634925365448,0.8611111044883728
2024-08,2024-08-01,2024-08-31,2022-08-01,2024-03-06,2024-04-03,2024-07-02,2,6405,2024-08-30,16,0.010333482819282981,0.3233333230018616,0.3232872188091278,0.1626984179019928,0.170634925365448,0.8611111044883728
2024-08,2024-08-01,2024-08-31,2022-08-01,2024-03-06,2024-04-03,2024-07-02,2,6785,2024-08-30,17,0.010333482819282981,-0.12318840622901917,-0.12323449552059174,0.1626984179019928,0.170634925365448,0.8611111044883728
2024-08,2024-08-01,2024-08-31,2022-08-01,2024-03-06,2024-04-03,2024-07-02,2,6560,2024-08-30,18,0.010333482819282981,-0.05082417652010918,-0.050870269536972046,0.1626984179019928,0.170634925365448,0.8611111044883728
2024-08,2024-08-01,2024-08-31,2022-08-01,2024-03-06,2024-04-03,2024-07-02,2,4162,2024-08-30,19,0.010333482819282981,0.02168949693441391,0.02164340578019619,0.1626984179019928,0.170634925365448,0.8611111044883728
2024-08,2024-08-01,2024-08-31,2022-08-01,2024-03-06,2024-04-03,2024-07-02,2,4167,2024-08-30,20,0.010333482819282981,-0.08742004632949829,-0.08746613562107086,0.1626984179019928,0.170634925365448,0.8611111044883728
2024-08,2024-08-01,2024-08-31,2022-08-01,2024-03-06,2024-04-03,2024-07-02,2,6719,2024-08-30,21,0.010333482819282981,-0.04615384712815285,-0.04619994014501572,0.1626984179019928,0.170634925365448,0.8611111044883728
2024-08,2024-08-01,2024-08-31,2022-08-01,2024-03-06,2024-04-03,2024-07-02,2,8040,2024-08-30,22,0.010081090722117277,0.025179855525493622,0.025133764371275902,0.1626984179019928,0.170634925365448,0.8611111044883728
2024-08,2024-08-01,2024-08-31,2022-08-01,2024-03-06,2024-04-03,2024-07-02,2,4402,2024-08-30,23,0.010081090722117277,-0.38823530077934265,-0.3882814049720764,0.1626984179019928,0.170634925365448,0.8611111044883728
2024-08,2024-08-01,2024-08-31,2022-08-01,2024-03-06,2024-04-03,2024-07-02,2,6446,2024-08-30,24,0.010081090722117277,-0.10042432695627213,-0.1004704162478447,0.1626984179019928,0.170634925365448,0.8611111044883728
2024-08,2024-08-01,2024-08-31,2022-08-01,2024-03-06,2024-04-03,2024-07-02,2,3686,2024-08-30,25,0.010081090722117277,-0.1366906464099884,-0.13673673570156097,0.1626984179019928,0.170634925365448,0.8611111044883728
2024-08,2024-08-01,2024-08-31,2022-08-01,2024-03-06,2024-04-03,2024-07-02,2,4174,2024-08-30,26,0.010081090722117277,-0.13929784297943115,-0.13934393227100372,0.1626984179019928,0.170634925365448,0.8611111044883728
2024-08,2024-08-01,2024-08-31,2022-08-01,2024-03-06,2024-04-03,2024-07-02,2,2025,2024-08-30,27,0.010081090722117277,-0.02916666679084301,-0.02921275794506073,0.1626984179019928,0.170634925365448,0.8611111044883728
2024-08,2024-08-01,2024-08-31,2022-08-01,2024-03-06,2024-04-03,2024-07-02,2,4583,2024-08-30,28,0.010081090722117277,0.2751798629760742,0.27513375878334045,0.1626984179019928,0.170634925365448,0.8611111044883728
2024-08,2024-08-01,2024-08-31,2022-08-01,2024-03-06,2024-04-03,2024-07-02,2,1516,2024-08-30,29,0.008700960175381798,-0.07038834691047668,-0.07043443620204926,0.1626984179019928,0.170634925365448,0.8611111044883728
2024-08,2024-08-01,2024-08-31,2022-08-01,2024-03-06,2024-04-03,2024-07-02,2,6223,2024-08-30,30,0.005851662439715339,-0.037371132522821426,-0.037417225539684296,0.1626984179019928,0.170634925365448,0.8611111044883728
2024-09,2024-09-01,2024-09-30,2022-09-01,2024-04-09,2024-05-08,2024-08-05,1,3040,2024-09-30,1,-0.0006849091301855425,-0.11029411852359772,-0.13531646132469177,0.5555555820465088,0.3730158805847168,0.6746031641960144
2024-09,2024-09-01,2024-09-30,2022-09-01,2024-04-09,2024-05-08,2024-08-05,1,3073,2024-09-30,2,-0.0006849091301855425,-0.15647058188915253,-0.18149292469024658,0.5555555820465088,0.3730158805847168,0.6746031641960144
2024-09,2024-09-01,2024-09-30,2022-09-01,2024-04-09,2024-05-08,2024-08-05,1,2363,2024-09-30,3,-0.0006849091301855425,0.0811188817024231,0.05609653517603874,0.5555555820465088,0.3730158805847168,0.6746031641960144
2024-09,2024-09-01,2024-09-30,2022-09-01,2024-04-09,2024-05-08,2024-08-05,1,1805,2024-09-30,4,-0.0006849091301855425,-0.047146402299404144,-0.0721687451004982,0.5555555820465088,0.3730158805847168,0.6746031641960144
2024-09,2024-09-01,2024-09-30,2022-09-01,2024-04-09,2024-05-08,2024-08-05,1,1438,2024-09-30,5,-0.0006849091301855425,0.011345218867063522,-0.013677127659320831,0.5555555820465088,0.3730158805847168,0.6746031641960144
2024-09,2024-09-01,2024-09-30,2022-09-01,2024-04-09,2024-05-08,2024-08-05,1,3224,2024-09-30,6,-0.0028642317959314476,-0.028008298948407173,-0.05303064361214638,0.5555555820465088,0.3730158805847168,0.6746031641960144
2024-09,2024-09-01,2024-09-30,2022-09-01,2024-04-09,2024-05-08,2024-08-05,1,3227,2024-09-30,7,-0.0028642317959314476,-0.10948905348777771,-0.13451139628887177,0.5555555820465088,0.3730158805847168,0.6746031641960144
2024-09,2024-09-01,2024-09-30,2022-09-01,2024-04-09,2024-05-08,2024-08-05,1,3228,2024-09-30,8,-0.0028642317959314476,0.07608695328235626,0.05106460675597191,0.5555555820465088,0.3730158805847168,0.6746031641960144
2024-09,2024-09-01,2024-09-30,2022-09-01,2024-04-09,2024-05-08,2024-08-05,1,3230,2024-09-30,9,-0.0028642317959314476,-0.11226252466440201,-0.13728487491607666,0.5555555820465088,0.3730158805847168,0.6746031641960144
2024-09,2024-09-01,2024-09-30,2022-09-01,2024-04-09,2024-05-08,2024-08-05,1,3231,2024-09-30,10,-0.0028642317959314476,0.13300491869449615,0.1079825758934021,0.5555555820465088,0.3730158805847168,0.6746031641960144
2024-09,2024-09-01,2024-09-30,2022-09-01,2024-04-09,2024-05-08,2024-08-05,1,3234,2024-09-30,11,-0.0028642317959314476,0.09720534831285477,0.07218300551176071,0.5555555820465088,0.3730158805847168,0.6746031641960144
2024-09,2024-09-01,2024-09-30,2022-09-01,2024-04-09,2024-05-08,2024-08-05,1,3189,2024-09-30,12,-0.0028642317959314476,-0.027027027681469917,-0.05204937234520912,0.5555555820465088,0.3730158805847168,0.6746031641960144
2024-09,2024-09-01,2024-09-30,2022-09-01,2024-04-09,2024-05-08,2024-08-05,1,3209,2024-09-30,13,-0.0028642317959314476,0.12075983732938766,0.09573749452829361,0.5555555820465088,0.3730158805847168,0.6746031641960144
2024-09,2024-09-01,2024-09-30,2022-09-01,2024-04-09,2024-05-08,2024-08-05,1,3211,2024-09-30,14,-0.0028642317959314476,0.03883495181798935,0.013812605291604996,0.5555555820465088,0.3730158805847168,0.6746031641960144
2024-09,2024-09-01,2024-09-30,2022-09-01,2024-04-09,2024-05-08,2024-08-05,1,3213,2024-09-30,15,-0.0028642317959314476,-0.14155250787734985,-0.1665748506784439,0.5555555820465088,0.3730158805847168,0.6746031641960144
2024-09,2024-09-01,2024-09-30,2022-09-01,2024-04-09,2024-05-08,2024-08-05,1,3217,2024-09-30,16,-0.0028642317959314476,0.08609271794557571,0.06107037141919136,0.5555555820465088,0.3730158805847168,0.6746031641960144
2024-09,2024-09-01,2024-09-30,2022-09-01,2024-04-09,2024-05-08,2024-08-05,1,3218,2024-09-30,17,-0.0028642317959314476,-0.13725490868091583,-0.1622772514820099,0.5555555820465088,0.3730158805847168,0.6746031641960144
2024-09,2024-09-01,2024-09-30,2022-09-01,2024-04-09,2024-05-08,2024-08-05,1,3014,2024-09-30,18,-0.0028642317959314476,-0.028070176020264626,-0.05309252068400383,0.5555555820465088,0.3730158805847168,0.6746031641960144
2024-09,2024-09-01,2024-09-30,2022-09-01,2024-04-09,2024-05-08,2024-08-05,1,3015,2024-09-30,19,-0.0028642317959314476,0.0033444815780967474,-0.021677864715456963,0.5555555820465088,0.3730158805847168,0.6746031641960144
2024-09,2024-09-01,2024-09-30,2022-09-01,2024-04-09,2024-05-08,2024-08-05,1,3016,2024-09-30,20,-0.0028642317959314476,-0.03505843132734299,-0.06008077785372734,0.5555555820465088,0.3730158805847168,0.6746031641960144
2024-09,2024-09-01,2024-09-30,2022-09-01,2024-04-09,2024-05-08,2024-08-05,1,3017,2024-09-30,21,-0.0028642317959314476,0.06521739065647125,0.0401950441300869,0.5555555820465088,0.3730158805847168,0.6746031641960144
2024-09,2024-09-01,2024-09-30,2022-09-01,2024-04-09,2024-05-08,2024-08-05,1,3019,2024-09-30,22,-0.0028642317959314476,-0.08296943455934525,-0.1079917773604393,0.5555555820465088,0.3730158805847168,0.6746031641960144
2024-09,2024-09-01,2024-09-30,2022-09-01,2024-04-09,2024-05-08,2024-08-05,1,3021,2024-09-30,23,-0.0028642317959314476,0.12828947603702545,0.1032671332359314,0.5555555820465088,0.3730158805847168,0.6746031641960144
2024-09,2024-09-01,2024-09-30,2022-09-01,2024-04-09,2024-05-08,2024-08-05,1,3022,2024-09-30,24,-0.0028642317959314476,0.01706036739051342,-0.007961979135870934,0.5555555820465088,0.3730158805847168,0.6746031641960144
2024-09,2024-09-01,2024-09-30,2022-09-01,2024-04-09,2024-05-08,2024-08-05,1,1506,2024-09-30,25,-0.0028642317959314476,-0.11726384609937668,-0.14228619635105133,0.5555555820465088,0.3730158805847168,0.6746031641960144
2024-09,2024-09-01,2024-09-30,2022-09-01,2024-04-09,2024-05-08,2024-08-05,1,3024,2024-09-30,26,-0.0028642317959314476,-0.03926701471209526,-0.06428936123847961,0.5555555820465088,0.3730158805847168,0.6746031641960144
2024-09,2024-09-01,2024-09-30,2022-09-01,2024-04-09,2024-05-08,2024-08-05,1,3025,2024-09-30,27,-0.0028642317959314476,0.16049382090568542,0.13547147810459137,0.5555555820465088,0.3730158805847168,0.6746031641960144
2024-09,2024-09-01,2024-09-30,2022-09-01,2024-04-09,2024-05-08,2024-08-05,1,3026,2024-09-30,28,-0.0028642317959314476,-0.01861993409693241,-0.043642278760671616,0.5555555820465088,0.3730158805847168,0.6746031641960144
2024-09,2024-09-01,2024-09-30,2022-09-01,2024-04-09,2024-05-08,2024-08-05,1,3027,2024-09-30,29,-0.0028642317959314476,-0.04621848836541176,-0.07124083489179611,0.5555555820465088,0.3730158805847168,0.6746031641960144
2024-09,2024-09-01,2024-09-30,2022-09-01,2024-04-09,2024-05-08,2024-08-05,1,3028,2024-09-30,30,-0.0028642317959314476,0.036858975887298584,0.01183662936091423,0.5555555820465088,0.3730158805847168,0.6746031641960144
2024-10,2024-10-01,2024-10-31,2022-10-01,2024-05-08,2024-06-05,2024-09-02,45,2762,2024-10-30,1,0.08338810400129287,-0.09751316159963608,-0.07468925416469574,0.2857142984867096,0.3928571343421936,0.0555555559694767
2024-10,2024-10-01,2024-10-31,2022-10-01,2024-05-08,2024-06-05,2024-09-02,45,1569,2024-10-30,2,0.06490709935191248,0.7122507095336914,0.7350746393203735,0.2857142984867096,0.3928571343421936,0.0555555559694767
2024-10,2024-10-01,2024-10-31,2022-10-01,2024-05-08,2024-06-05,2024-09-02,45,5438,2024-10-30,3,0.04307107821426396,-0.09215956181287766,-0.06933565437793732,0.2857142984867096,0.3928571343421936,0.0555555559694767
2024-10,2024-10-01,2024-10-31,2022-10-01,2024-05-08,2024-06-05,2024-09-02,45,2397,2024-10-30,4,0.03830016448032932,-0.1304347813129425,-0.10761087387800217,0.2857142984867096,0.3928571343421936,0.0555555559694767
2024-10,2024-10-01,2024-10-31,2022-10-01,2024-05-08,2024-06-05,2024-09-02,45,3709,2024-10-30,5,0.03283267438869944,-0.16111111640930176,-0.13828720152378082,0.2857142984867096,0.3928571343421936,0.0555555559694767
2024-10,2024-10-01,2024-10-31,2022-10-01,2024-05-08,2024-06-05,2024-09-02,45,3013,2024-10-30,6,0.03143171281104441,-0.11746031790971756,-0.09463641047477722,0.2857142984867096,0.3928571343421936,0.0555555559694767
2024-10,2024-10-01,2024-10-31,2022-10-01,2024-05-08,2024-06-05,2024-09-02,45,6609,2024-10-30,7,0.03077727574496748,-0.22125603258609772,-0.19843211770057678,0.2857142984867096,0.3928571343421936,0.0555555559694767
2024-10,2024-10-01,2024-10-31,2022-10-01,2024-05-08,2024-06-05,2024-09-02,45,4807,2024-10-30,8,0.0288499309589393,-0.2879858613014221,-0.2651619613170624,0.2857142984867096,0.3928571343421936,0.0555555559694767
2024-10,2024-10-01,2024-10-31,2022-10-01,2024-05-08,2024-06-05,2024-09-02,45,1595,2024-10-30,9,0.028165115142695707,-0.33379119634628296,-0.3109672963619232,0.2857142984867096,0.3928571343421936,0.0555555559694767
2024-10,2024-10-01,2024-10-31,2022-10-01,2024-05-08,2024-06-05,2024-09-02,45,3066,2024-10-30,10,0.02615119182256427,-0.07042253762483597,-0.04759862646460533,0.2857142984867096,0.3928571343421936,0.0555555559694767
2024-10,2024-10-01,2024-10-31,2022-10-01,2024-05-08,2024-06-05,2024-09-02,45,2413,2024-10-30,11,0.023702863173109157,-0.06159420311450958,-0.038770291954278946,0.2857142984867096,0.3928571343421936,0.0555555559694767
2024-10,2024-10-01,2024-10-31,2022-10-01,2024-05-08,2024-06-05,2024-09-02,45,2425,2024-10-30,12,0.02314980752896103,-0.14943820238113403,-0.1266142874956131,0.2857142984867096,0.3928571343421936,0.0555555559694767
2024-10,2024-10-01,2024-10-31,2022-10-01,2024-05-08,2024-06-05,2024-09-02,45,2399,2024-10-30,13,0.021491171360061973,-0.1369047611951828,-0.11408085376024246,0.2857142984867096,0.3928571343421936,0.0555555559694767
2024-10,2024-10-01,2024-10-31,2022-10-01,2024-05-08,2024-06-05,2024-09-02,45,2382,2024-10-30,14,0.021125311339188133,-0.006896551698446274,0.015927359461784363,0.2857142984867096,0.3928571343421936,0.0555555559694767
2024-10,2024-10-01,2024-10-31,2022-10-01,2024-05-08,2024-06-05,2024-09-02,45,2540,2024-10-30,15,0.01963634257815973,0.0276497695595026,0.05047367885708809,0.2857142984867096,0.3928571343421936,0.0555555559694767
2024-10,2024-10-01,2024-10-31,2022-10-01,2024-05-08,2024-06-05,2024-09-02,45,1528,2024-10-30,16,0.019582737185318798,-0.1308642029762268,-0.10804029554128647,0.2857142984867096,0.3928571343421936,0.0555555559694767
2024-10,2024-10-01,2024-10-31,2022-10-01,2024-05-08,2024-06-05,2024-09-02,45,6235,2024-10-30,17,0.017680289579688205,0.019801979884505272,0.04262588918209076,0.2857142984867096,0.3928571343421936,0.0555555559694767
2024-10,2024-10-01,2024-10-31,2022-10-01,2024-05-08,2024-06-05,2024-09-02,45,2912,2024-10-30,18,0.015558775045816977,0.003703703638166189,0.026527613401412964,0.2857142984867096,0.3928571343421936,0.0555555559694767
2024-10,2024-10-01,2024-10-31,2022-10-01,2024-05-08,2024-06-05,2024-09-02,45,4527,2024-10-30,19,0.015223223985566131,-0.15243902802467346,-0.12961511313915253,0.2857142984867096,0.3928571343421936,0.0555555559694767
2024-10,2024-10-01,2024-10-31,2022-10-01,2024-05-08,2024-06-05,2024-09-02,45,2465,2024-10-30,20,0.014931247410170781,-0.12765957415103912,-0.10483566671609879,0.2857142984867096,0.3928571343421936,0.0555555559694767
2024-10,2024-10-01,2024-10-31,2022-10-01,2024-05-08,2024-06-05,2024-09-02,45,2543,2024-10-30,21,0.014166971077523263,-0.223270446062088,-0.20044653117656708,0.2857142984867096,0.3928571343421936,0.0555555559694767
2024-10,2024-10-01,2024-10-31,2022-10-01,2024-05-08,2024-06-05,2024-09-02,45,2493,2024-10-30,22,0.013896682245417673,-0.05855855718255043,-0.035734646022319794,0.2857142984867096,0.3928571343421936,0.0555555559694767
2024-10,2024-10-01,2024-10-31,2022-10-01,2024-05-08,2024-06-05,2024-09-02,45,2505,2024-10-30,23,0.013856205771225824,0.069212406873703,0.09203631430864334,0.2857142984867096,0.3928571343421936,0.0555555559694767
2024-10,2024-10-01,2024-10-31,2022-10-01,2024-05-08,2024-06-05,2024-09-02,45,3563,2024-10-30,24,0.013405116790603747,0.05428571254014969,0.07710961997509003,0.2857142984867096,0.3928571343421936,0.0555555559694767
2024-10,2024-10-01,2024-10-31,2022-10-01,2024-05-08,2024-06-05,2024-09-02,45,8097,2024-10-30,25,0.013277891616155457,0.06366048008203506,0.0864843875169754,0.2857142984867096,0.3928571343421936,0.0555555559694767
2024-10,2024-10-01,2024-10-31,2022-10-01,2024-05-08,2024-06-05,2024-09-02,45,2362,2024-10-30,26,0.013254696127851894,-0.008976660668849945,0.013847249560058117,0.2857142984867096,0.3928571343421936,0.0555555559694767
2024-10,2024-10-01,2024-10-31,2022-10-01,2024-05-08,2024-06-05,2024-09-02,45,3188,2024-10-30,27,0.01318518401568432,0.05535055324435234,0.07817446440458298,0.2857142984867096,0.3928571343421936,0.0555555559694767
2024-10,2024-10-01,2024-10-31,2022-10-01,2024-05-08,2024-06-05,2024-09-02,45,3092,2024-10-30,28,0.013083355447438669,-0.0060240961611270905,0.016799814999103546,0.2857142984867096,0.3928571343421936,0.0555555559694767
2024-10,2024-10-01,2024-10-31,2022-10-01,2024-05-08,2024-06-05,2024-09-02,45,3167,2024-10-30,29,0.013077089579328828,-0.22033898532390594,-0.197515070438385,0.2857142984867096,0.3928571343421936,0.0555555559694767
2024-10,2024-10-01,2024-10-31,2022-10-01,2024-05-08,2024-06-05,2024-09-02,45,5386,2024-10-30,30,0.012954785310694675,-0.1402985006570816,-0.11747459322214127,0.2857142984867096,0.3928571343421936,0.0555555559694767
2024-11,2024-11-01,2024-11-30,2022-11-01,2024-06-04,2024-07-03,2024-09-30,84,2438,2024-11-29,1,0.07146365185475931,-0.1820448935031891,-0.22916489839553833,0.1349206417798996,0.1111111119389534,0.1785714328289032
2024-11,2024-11-01,2024-11-30,2022-11-01,2024-06-04,2024-07-03,2024-09-30,84,6706,2024-11-29,2,0.060815230717919465,-0.125,-0.17212000489234924,0.1349206417798996,0.1111111119389534,0.1785714328289032
2024-11,2024-11-01,2024-11-30,2022-11-01,2024-06-04,2024-07-03,2024-09-30,84,3508,2024-11-29,3,0.059644528221478685,-0.0220994483679533,-0.0692194476723671,0.1349206417798996,0.1111111119389534,0.1785714328289032
2024-11,2024-11-01,2024-11-30,2022-11-01,2024-06-04,2024-07-03,2024-09-30,84,4420,2024-11-29,4,0.05459376209696513,-0.0036697247996926308,-0.050789725035429,0.1349206417798996,0.1111111119389534,0.1785714328289032
2024-11,2024-11-01,2024-11-30,2022-11-01,2024-06-04,2024-07-03,2024-09-30,84,3498,2024-11-29,5,0.047569227402278064,0.09532710164785385,0.04820710048079491,0.1349206417798996,0.1111111119389534,0.1785714328289032
2024-11,2024-11-01,2024-11-30,2022-11-01,2024-06-04,2024-07-03,2024-09-30,84,2371,2024-11-29,6,0.046633945562755255,-0.009503696113824844,-0.05662369728088379,0.1349206417798996,0.1111111119389534,0.1785714328289032
2024-11,2024-11-01,2024-11-30,2022-11-01,2024-06-04,2024-07-03,2024-09-30,84,4934,2024-11-29,7,0.0427126838683918,0.003610108280554414,-0.043509893119335175,0.1349206417798996,0.1111111119389534,0.1785714328289032
2024-11,2024-11-01,2024-11-30,2022-11-01,2024-06-04,2024-07-03,2024-09-30,84,2762,2024-11-29,8,0.034789879246173896,-0.006289307959377766,-0.053409308195114136,0.1349206417798996,0.1111111119389534,0.1785714328289032
2024-11,2024-11-01,2024-11-30,2022-11-01,2024-06-04,2024-07-03,2024-09-30,84,1565,2024-11-29,9,0.03342790659988163,-0.11283186078071594,-0.15995186567306519,0.1349206417798996,0.1111111119389534,0.1785714328289032
2024-11,2024-11-01,2024-11-30,2022-11-01,2024-06-04,2024-07-03,2024-09-30,84,5484,2024-11-29,10,0.03338525092423645,0.26070037484169006,0.21358036994934082,0.1349206417798996,0.1111111119389534,0.1785714328289032
2024-11,2024-11-01,2024-11-30,2022-11-01,2024-06-04,2024-07-03,2024-09-30,84,2356,2024-11-29,11,0.0321304511642069,0.02626262605190277,-0.020857375115156174,0.1349206417798996,0.1111111119389534,0.1785714328289032
2024-11,2024-11-01,2024-11-30,2022-11-01,2024-06-04,2024-07-03,2024-09-30,84,3518,2024-11-29,12,0.031075555636496176,-0.08050089329481125,-0.1276208907365799,0.1349206417798996,0.1111111119389534,0.1785714328289032
2024-11,2024-11-01,2024-11-30,2022-11-01,2024-06-04,2024-07-03,2024-09-30,84,3447,2024-11-29,13,0.029106484247094895,-0.08011049777269363,-0.12723049521446228,0.1349206417798996,0.1111111119389534,0.1785714328289032
2024-11,2024-11-01,2024-11-30,2022-11-01,2024-06-04,2024-07-03,2024-09-30,84,3363,2024-11-29,14,0.028592829615807506,0.16945107281208038,0.12233107537031174,0.1349206417798996,0.1111111119389534,0.1785714328289032
2024-11,2024-11-01,2024-11-30,2022-11-01,2024-06-04,2024-07-03,2024-09-30,84,1569,2024-11-29,15,0.028141041581141037,-0.20000000298023224,-0.24712000787258148,0.1349206417798996,0.1111111119389534,0.1785714328289032
2024-11,2024-11-01,2024-11-30,2022-11-01,2024-06-04,2024-07-03,2024-09-30,84,3709,2024-11-29,16,0.028135899073456986,0.01666666753590107,-0.030453333631157875,0.1349206417798996,0.1111111119389534,0.1785714328289032
2024-11,2024-11-01,2024-11-30,2022-11-01,2024-06-04,2024-07-03,2024-09-30,84,5386,2024-11-29,17,0.02811621646987752,-0.11473565548658371,-0.16185565292835236,0.1349206417798996,0.1111111119389534,0.1785714328289032
2024-11,2024-11-01,2024-11-30,2022-11-01,2024-06-04,2024-07-03,2024-09-30,84,2345,2024-11-29,18,0.027365900411571394,0.19354838132858276,0.14642837643623352,0.1349206417798996,0.1111111119389534,0.1785714328289032
2024-11,2024-11-01,2024-11-30,2022-11-01,2024-06-04,2024-07-03,2024-09-30,84,3455,2024-11-29,19,0.02720375149105944,-0.05263157933950424,-0.09975157678127289,0.1349206417798996,0.1111111119389534,0.1785714328289032
2024-11,2024-11-01,2024-11-30,2022-11-01,2024-06-04,2024-07-03,2024-09-30,84,2465,2024-11-29,20,0.02719663670661193,0.002816901309415698,-0.04430310055613518,0.1349206417798996,0.1111111119389534,0.1785714328289032
2024-11,2024-11-01,2024-11-30,2022-11-01,2024-06-04,2024-07-03,2024-09-30,84,1710,2024-11-29,21,0.026921931147070782,-0.1111111119389534,-0.15823110938072205,0.1349206417798996,0.1111111119389534,0.1785714328289032
2024-11,2024-11-01,2024-11-30,2022-11-01,2024-06-04,2024-07-03,2024-09-30,84,4303,2024-11-29,22,0.02628756992951298,-0.03757225349545479,-0.08469225466251373,0.1349206417798996,0.1111111119389534,0.1785714328289032
2024-11,2024-11-01,2024-11-30,2022-11-01,2024-06-04,2024-07-03,2024-09-30,84,3025,2024-11-29,23,0.025597631238253545,-0.02384105883538723,-0.07096105813980103,0.1349206417798996,0.1111111119389534,0.1785714328289032
2024-11,2024-11-01,2024-11-30,2022-11-01,2024-06-04,2024-07-03,2024-09-30,84,2545,2024-11-29,24,0.025183942843207793,-0.16864295303821564,-0.21576295793056488,0.1349206417798996,0.1111111119389534,0.1785714328289032
2024-11,2024-11-01,2024-11-30,2022-11-01,2024-06-04,2024-07-03,2024-09-30,84,1531,2024-11-29,25,0.02498770229741123,-0.17630058526992798,-0.22342059016227722,0.1349206417798996,0.1111111119389534,0.1785714328289032
2024-11,2024-11-01,2024-11-30,2022-11-01,2024-06-04,2024-07-03,2024-09-30,84,1307,2024-11-29,26,0.02460968544928407,-0.07196030020713806,-0.11908029764890671,0.1349206417798996,0.1111111119389534,0.1785714328289032
2024-11,2024-11-01,2024-11-30,2022-11-01,2024-06-04,2024-07-03,2024-09-30,84,2474,2024-11-29,27,0.024337907960382398,0.005653350614011288,-0.04146664962172508,0.1349206417798996,0.1111111119389534,0.1785714328289032
2024-11,2024-11-01,2024-11-30,2022-11-01,2024-06-04,2024-07-03,2024-09-30,84,2362,2024-11-29,28,0.024296087566591823,-0.06194690242409706,-0.109066903591156,0.1349206417798996,0.1111111119389534,0.1785714328289032
2024-11,2024-11-01,2024-11-30,2022-11-01,2024-06-04,2024-07-03,2024-09-30,84,8032,2024-11-29,29,0.023086937616419747,-0.03423680365085602,-0.08135680109262466,0.1349206417798996,0.1111111119389534,0.1785714328289032
2024-11,2024-11-01,2024-11-30,2022-11-01,2024-06-04,2024-07-03,2024-09-30,84,2615,2024-11-29,30,0.022984018237905197,-0.0368608795106411,-0.08398088067770004,0.1349206417798996,0.1111111119389534,0.1785714328289032
2024-12,2024-12-01,2024-12-31,2022-12-01,2024-07-04,2024-08-05,2024-11-04,89,2528,2024-12-31,1,0.05877933955934862,-0.0508875735104084,-0.07077668607234955,0.4841269850730896,0.261904776096344,0.1230158731341362
2024-12,2024-12-01,2024-12-31,2022-12-01,2024-07-04,2024-08-05,2024-11-04,89,3219,2024-12-31,2,0.05718892618576166,0.0077691455371677876,-0.012119965627789497,0.4841269850730896,0.261904776096344,0.1230158731341362
2024-12,2024-12-01,2024-12-31,2022-12-01,2024-07-04,2024-08-05,2024-11-04,89,6890,2024-12-31,3,0.05623943259745469,0.22597402334213257,0.20608490705490112,0.4841269850730896,0.261904776096344,0.1230158731341362
2024-12,2024-12-01,2024-12-31,2022-12-01,2024-07-04,2024-08-05,2024-11-04,89,3508,2024-12-31,4,0.054823602346230245,-0.04432624205946922,-0.06421535462141037,0.4841269850730896,0.261904776096344,0.1230158731341362
2024-12,2024-12-01,2024-12-31,2022-12-01,2024-07-04,2024-08-05,2024-11-04,89,3518,2024-12-31,5,0.05098254919704667,-0.11287128925323486,-0.1327604055404663,0.4841269850730896,0.261904776096344,0.1230158731341362
2024-12,2024-12-01,2024-12-31,2022-12-01,2024-07-04,2024-08-05,2024-11-04,89,2454,2024-12-31,6,0.04967416219189705,0.09318996220827103,0.07330085337162018,0.4841269850730896,0.261904776096344,0.1230158731341362
2024-12,2024-12-01,2024-12-31,2022-12-01,2024-07-04,2024-08-05,2024-11-04,89,3625,2024-12-31,7,0.04616590177680753,0.02500000037252903,0.005110889207571745,0.4841269850730896,0.261904776096344,0.1230158731341362
2024-12,2024-12-01,2024-12-31,2022-12-01,2024-07-04,2024-08-05,2024-11-04,89,3628,2024-12-31,8,0.044404077869529754,-0.05603448301553726,-0.07592359185218811,0.4841269850730896,0.261904776096344,0.1230158731341362
2024-12,2024-12-01,2024-12-31,2022-12-01,2024-07-04,2024-08-05,2024-11-04,89,2417,2024-12-31,9,0.04214633515253613,0.02507522515952587,0.005186113994568586,0.4841269850730896,0.261904776096344,0.1230158731341362
2024-12,2024-12-01,2024-12-31,2022-12-01,2024-07-04,2024-08-05,2024-11-04,89,2429,2024-12-31,10,0.041947578974687094,-0.026729559525847435,-0.04661867022514343,0.4841269850730896,0.261904776096344,0.1230158731341362
2024-12,2024-12-01,2024-12-31,2022-12-01,2024-07-04,2024-08-05,2024-11-04,89,2332,2024-12-31,11,0.0416071570918274,-0.0313725508749485,-0.05126166343688965,0.4841269850730896,0.261904776096344,0.1230158731341362
2024-12,2024-12-01,2024-12-31,2022-12-01,2024-07-04,2024-08-05,2024-11-04,89,2477,2024-12-31,12,0.04108214887040387,-0.044091708958148956,-0.0639808177947998,0.4841269850730896,0.261904776096344,0.1230158731341362
2024-12,2024-12-01,2024-12-31,2022-12-01,2024-07-04,2024-08-05,2024-11-04,89,6877,2024-12-31,13,0.038871394407129264,-0.2283884733915329,-0.24827758967876434,0.4841269850730896,0.261904776096344,0.1230158731341362
2024-12,2024-12-01,2024-12-31,2022-12-01,2024-07-04,2024-08-05,2024-11-04,89,3490,2024-12-31,14,0.03882555944063666,0.03220339119434357,0.01231428049504757,0.4841269850730896,0.261904776096344,0.1230158731341362
2024-12,2024-12-01,2024-12-31,2022-12-01,2024-07-04,2024-08-05,2024-11-04,89,4303,2024-12-31,15,0.03734142059499696,-0.049808427691459656,-0.0696975365281105,0.4841269850730896,0.261904776096344,0.1230158731341362
2024-12,2024-12-01,2024-12-31,2022-12-01,2024-07-04,2024-08-05,2024-11-04,89,2527,2024-12-31,16,0.0370786977661779,-0.06068601459264755,-0.0805751234292984,0.4841269850730896,0.261904776096344,0.1230158731341362
2024-12,2024-12-01,2024-12-31,2022-12-01,2024-07-04,2024-08-05,2024-11-04,89,3056,2024-12-31,17,0.0365216743030808,-0.019637461751699448,-0.039526574313640594,0.4841269850730896,0.261904776096344,0.1230158731341362
2024-12,2024-12-01,2024-12-31,2022-12-01,2024-07-04,2024-08-05,2024-11-04,89,2371,2024-12-31,18,0.036207744198873,-0.11574556678533554,-0.1356346756219864,0.4841269850730896,0.261904776096344,0.1230158731341362
2024-12,2024-12-01,2024-12-31,2022-12-01,2024-07-04,2024-08-05,2024-11-04,89,2059,2024-12-31,19,0.032530570152332496,0.009677419438958168,-0.01021169126033783,0.4841269850730896,0.261904776096344,0.1230158731341362
2024-12,2024-12-01,2024-12-31,2022-12-01,2024-07-04,2024-08-05,2024-11-04,89,3455,2024-12-31,20,0.031008287559194582,-0.06034482643008232,-0.08023393899202347,0.4841269850730896,0.261904776096344,0.1230158731341362
2024-12,2024-12-01,2024-12-31,2022-12-01,2024-07-04,2024-08-05,2024-11-04,89,6706,2024-12-31,21,0.030180532997835772,-0.19123506546020508,-0.21112418174743652,0.4841269850730896,0.261904776096344,0.1230158731341362
2024-12,2024-12-01,2024-12-31,2022-12-01,2024-07-04,2024-08-05,2024-11-04,89,4540,2024-12-31,22,0.027360725898185476,-0.06351791322231293,-0.08340702205896378,0.4841269850730896,0.261904776096344,0.1230158731341362
2024-12,2024-12-01,2024-12-31,2022-12-01,2024-07-04,2024-08-05,2024-11-04,89,8374,2024-12-31,23,0.027357869405285038,-0.1362007111310959,-0.15608982741832733,0.4841269850730896,0.261904776096344,0.1230158731341362
2024-12,2024-12-01,2024-12-31,2022-12-01,2024-07-04,2024-08-05,2024-11-04,89,1446,2024-12-31,24,0.02687462707911625,-0.022140221670269966,-0.042029332369565964,0.4841269850730896,0.261904776096344,0.1230158731341362
2024-12,2024-12-01,2024-12-31,2022-12-01,2024-07-04,2024-08-05,2024-11-04,89,3066,2024-12-31,25,0.025852244389929353,0.056603774428367615,0.03671466186642647,0.4841269850730896,0.261904776096344,0.1230158731341362
2024-12,2024-12-01,2024-12-31,2022-12-01,2024-07-04,2024-08-05,2024-11-04,89,3308,2024-12-31,26,0.02521238464354155,-0.10000000149011612,-0.11988911032676697,0.4841269850730896,0.261904776096344,0.1230158731341362
2024-12,2024-12-01,2024-12-31,2022-12-01,2024-07-04,2024-08-05,2024-11-04,89,4934,2024-12-31,27,0.02501807727343831,-0.06296296417713165,-0.0828520730137825,0.4841269850730896,0.261904776096344,0.1230158731341362
2024-12,2024-12-01,2024-12-31,2022-12-01,2024-07-04,2024-08-05,2024-11-04,89,3498,2024-12-31,28,0.024769417632901084,-0.08869565278291702,-0.10858476161956787,0.4841269850730896,0.261904776096344,0.1230158731341362
2024-12,2024-12-01,2024-12-31,2022-12-01,2024-07-04,2024-08-05,2024-11-04,89,6669,2024-12-31,29,0.024547207282566486,-0.1576923131942749,-0.17758142948150635,0.4841269850730896,0.261904776096344,0.1230158731341362
2024-12,2024-12-01,2024-12-31,2022-12-01,2024-07-04,2024-08-05,2024-11-04,89,1438,2024-12-31,30,0.024405002228301033,-0.03454545512795448,-0.05443456768989563,0.4841269850730896,0.261904776096344,0.1230158731341362
2025-01,2025-01-01,2025-01-31,2023-01-01,2024-08-07,2024-09-04,2024-12-04,1,6683,2025-01-22,1,0.006946491637019033,-0.09294512867927551,-0.060249943286180496,0.4166666567325592,0.3373015820980072,0.3373015820980072
2025-01,2025-01-01,2025-01-31,2023-01-01,2024-08-07,2024-09-04,2024-12-04,1,3665,2025-01-22,2,-0.0021313213777808524,0.02604166604578495,0.058736853301525116,0.4166666567325592,0.3373015820980072,0.3373015820980072
2025-01,2025-01-01,2025-01-31,2023-01-01,2024-08-07,2024-09-04,2024-12-04,1,3373,2025-01-22,3,-0.0021313213777808524,-0.058943089097738266,-0.0262479018419981,0.4166666567325592,0.3373015820980072,0.3373015820980072
2025-01,2025-01-01,2025-01-31,2023-01-01,2024-08-07,2024-09-04,2024-12-04,1,8021,2025-01-22,4,-0.0021313213777808524,-0.006163328420370817,0.02653185836970806,0.4166666567325592,0.3373015820980072,0.3373015820980072
2025-01,2025-01-01,2025-01-31,2023-01-01,2024-08-07,2024-09-04,2024-12-04,1,3324,2025-01-22,5,-0.0021313213777808524,0.17102967202663422,0.20372486114501953,0.4166666567325592,0.3373015820980072,0.3373015820980072
2025-01,2025-01-01,2025-01-31,2023-01-01,2024-08-07,2024-09-04,2024-12-04,1,8047,2025-01-22,6,-0.0021313213777808524,0.01666666753590107,0.049361854791641235,0.4166666567325592,0.3373015820980072,0.3373015820980072
2025-01,2025-01-01,2025-01-31,2023-01-01,2024-08-07,2024-09-04,2024-12-04,1,3617,2025-01-22,7,-0.0021313213777808524,-0.10465116053819656,-0.07195597141981125,0.4166666567325592,0.3373015820980072,0.3373015820980072
2025-01,2025-01-01,2025-01-31,2023-01-01,2024-08-07,2024-09-04,2024-12-04,1,5225,2025-01-22,8,-0.0021313213777808524,0.10588235408067703,0.13857753574848175,0.4166666567325592,0.3373015820980072,0.3373015820980072
2025-01,2025-01-01,2025-01-31,2023-01-01,2024-08-07,2024-09-04,2024-12-04,1,3303,2025-01-22,9,-0.0021313213777808524,0.19959057867527008,0.2322857677936554,0.4166666567325592,0.3373015820980072,0.3373015820980072
2025-01,2025-01-01,2025-01-31,2023-01-01,2024-08-07,2024-09-04,2024-12-04,1,6215,2025-01-22,10,-0.0021313213777808524,0.05069124326109886,0.08338642865419388,0.4166666567325592,0.3373015820980072,0.3373015820980072
2025-01,2025-01-01,2025-01-31,2023-01-01,2024-08-07,2024-09-04,2024-12-04,1,2477,2025-01-22,11,-0.0021313213777808524,0.08203125,0.11472643911838531,0.4166666567325592,0.3373015820980072,0.3373015820980072
2025-01,2025-01-01,2025-01-31,2023-01-01,2024-08-07,2024-09-04,2024-12-04,1,3030,2025-01-22,12,-0.0021313213777808524,0.04958677664399147,0.08228196203708649,0.4166666567325592,0.3373015820980072,0.3373015820980072
2025-01,2025-01-01,2025-01-31,2023-01-01,2024-08-07,2024-09-04,2024-12-04,1,6558,2025-01-22,13,-0.0021313213777808524,0.06902655214071274,0.10172174125909805,0.4166666567325592,0.3373015820980072,0.3373015820980072
2025-01,2025-01-01,2025-01-31,2023-01-01,2024-08-07,2024-09-04,2024-12-04,1,6283,2025-01-22,14,-0.0021313213777808524,0.06469500809907913,0.09739019721746445,0.4166666567325592,0.3373015820980072,0.3373015820980072
2025-01,2025-01-01,2025-01-31,2023-01-01,2024-08-07,2024-09-04,2024-12-04,1,2474,2025-01-22,15,-0.0021313213777808524,0.06649616360664368,0.09919135272502899,0.4166666567325592,0.3373015820980072,0.3373015820980072
2025-01,2025-01-01,2025-01-31,2023-01-01,2024-08-07,2024-09-04,2024-12-04,1,6743,2025-01-22,16,-0.0021313213777808524,0.053658537566661835,0.08635372668504715,0.4166666567325592,0.3373015820980072,0.3373015820980072
2025-01,2025-01-01,2025-01-31,2023-01-01,2024-08-07,2024-09-04,2024-12-04,1,2404,2025-01-22,17,-0.0021313213777808524,-0.13469387590885162,-0.10199868679046631,0.4166666567325592,0.3373015820980072,0.3373015820980072
2025-01,2025-01-01,2025-01-31,2023-01-01,2024-08-07,2024-09-04,2024-12-04,1,3131,2025-01-22,18,-0.0021313213777808524,-0.10408922284841537,-0.07139403373003006,0.4166666567325592,0.3373015820980072,0.3373015820980072
2025-01,2025-01-01,2025-01-31,2023-01-01,2024-08-07,2024-09-04,2024-12-04,1,6698,2025-01-22,19,-0.0021313213777808524,0.0028571428265422583,0.03555233031511307,0.4166666567325592,0.3373015820980072,0.3373015820980072
2025-01,2025-01-01,2025-01-31,2023-01-01,2024-08-07,2024-09-04,2024-12-04,1,6613,2025-01-22,20,-0.0021313213777808524,-0.12463388592004776,-0.09193869680166245,0.4166666567325592,0.3373015820980072,0.3373015820980072
2025-01,2025-01-01,2025-01-31,2023-01-01,2024-08-07,2024-09-04,2024-12-04,1,1785,2025-01-22,21,-0.0021313213777808524,0.016806723549962044,0.04950191080570221,0.4166666567325592,0.3373015820980072,0.3373015820980072
2025-01,2025-01-01,2025-01-31,2023-01-01,2024-08-07,2024-09-04,2024-12-04,1,6691,2025-01-22,22,-0.0021313213777808524,-0.06638115644454956,-0.033685971051454544,0.4166666567325592,0.3373015820980072,0.3373015820980072
2025-01,2025-01-01,2025-01-31,2023-01-01,2024-08-07,2024-09-04,2024-12-04,1,3219,2025-01-22,23,-0.0021313213777808524,0.04018912464380264,0.07288431376218796,0.4166666567325592,0.3373015820980072,0.3373015820980072
2025-01,2025-01-01,2025-01-31,2023-01-01,2024-08-07,2024-09-04,2024-12-04,1,4979,2025-01-22,24,-0.002190549215491367,-0.19780220091342926,-0.16510701179504395,0.4166666567325592,0.3373015820980072,0.3373015820980072
2025-01,2025-01-01,2025-01-31,2023-01-01,2024-08-07,2024-09-04,2024-12-04,1,2498,2025-01-22,25,-0.002190549215491367,-0.1737523078918457,-0.1410571187734604,0.4166666567325592,0.3373015820980072,0.3373015820980072
2025-01,2025-01-01,2025-01-31,2023-01-01,2024-08-07,2024-09-04,2024-12-04,1,6742,2025-01-22,26,-0.002190549215491367,0.027900146320462227,0.06059533357620239,0.4166666567325592,0.3373015820980072,0.3373015820980072
2025-01,2025-01-01,2025-01-31,2023-01-01,2024-08-07,2024-09-04,2024-12-04,1,2516,2025-01-22,27,-0.002190549215491367,0.4672619104385376,0.4999570846557617,0.4166666567325592,0.3373015820980072,0.3373015820980072
2025-01,2025-01-01,2025-01-31,2023-01-01,2024-08-07,2024-09-04,2024-12-04,1,2466,2025-01-22,28,-0.002190549215491367,-0.02802547812461853,0.004669708199799061,0.4166666567325592,0.3373015820980072,0.3373015820980072
2025-01,2025-01-01,2025-01-31,2023-01-01,2024-08-07,2024-09-04,2024-12-04,1,6477,2025-01-22,29,-0.002190549215491367,-0.04539385810494423,-0.012698671780526638,0.4166666567325592,0.3373015820980072,0.3373015820980072
2025-01,2025-01-01,2025-01-31,2023-01-01,2024-08-07,2024-09-04,2024-12-04,1,1802,2025-01-22,30,-0.002291061208517125,0.012121211737394333,0.04481639713048935,0.4166666567325592,0.3373015820980072,0.3373015820980072
2025-02,2025-02-01,2025-02-28,2023-02-01,2024-08-28,2024-09-26,2024-12-25,1,6535,2025-02-27,1,0.0167708248718671,-0.1599999964237213,-0.09920864552259445,0.369047611951828,0.3452380895614624,0.9642857313156128
2025-02,2025-02-01,2025-02-28,2023-02-01,2024-08-28,2024-09-26,2024-12-25,1,8482,2025-02-27,2,-0.002065605951199295,-0.1428571492433548,-0.08206579834222794,0.369047611951828,0.3452380895614624,0.9642857313156128
2025-02,2025-02-01,2025-02-28,2023-02-01,2024-08-28,2024-09-26,2024-12-25,1,8454,2025-02-27,3,-0.002065605951199295,-0.05650459975004196,0.004286754410713911,0.369047611951828,0.3452380895614624,0.9642857313156128
2025-02,2025-02-01,2025-02-28,2023-02-01,2024-08-28,2024-09-26,2024-12-25,1,9802,2025-02-27,4,-0.002065605951199295,-0.15707945823669434,-0.09628810733556747,0.369047611951828,0.3452380895614624,0.9642857313156128
2025-02,2025-02-01,2025-02-28,2023-02-01,2024-08-28,2024-09-26,2024-12-25,1,8942,2025-02-27,5,-0.002065605951199295,-0.023333333432674408,0.03745802119374275,0.369047611951828,0.3452380895614624,0.9642857313156128
2025-02,2025-02-01,2025-02-28,2023-02-01,2024-08-28,2024-09-26,2024-12-25,1,8476,2025-02-27,6,-0.002065605951199295,-0.1111111119389534,-0.05031975731253624,0.369047611951828,0.3452380895614624,0.9642857313156128
2025-02,2025-02-01,2025-02-28,2023-02-01,2024-08-28,2024-09-26,2024-12-25,1,8937,2025-02-27,7,-0.002065605951199295,0.12903225421905518,0.18982361257076263,0.369047611951828,0.3452380895614624,0.9642857313156128
2025-02,2025-02-01,2025-02-28,2023-02-01,2024-08-28,2024-09-26,2024-12-25,1,1305,2025-02-27,8,-0.002065605951199295,-0.049808427691459656,0.01098292600363493,0.369047611951828,0.3452380895614624,0.9642857313156128
2025-02,2025-02-01,2025-02-28,2023-02-01,2024-08-28,2024-09-26,2024-12-25,1,1304,2025-02-27,9,-0.002065605951199295,-0.06302521377801895,-0.0022338598500937223,0.369047611951828,0.3452380895614624,0.9642857313156128
2025-02,2025-02-01,2025-02-28,2023-02-01,2024-08-28,2024-09-26,2024-12-25,1,8240,2025-02-27,10,-0.002065605951199295,-0.11460673809051514,-0.05381538346409798,0.369047611951828,0.3452380895614624,0.9642857313156128
2025-02,2025-02-01,2025-02-28,2023-02-01,2024-08-28,2024-09-26,2024-12-25,1,8271,2025-02-27,11,-0.002065605951199295,-0.06513410061597824,-0.004342746455222368,0.369047611951828,0.3452380895614624,0.9642857313156128
2025-02,2025-02-01,2025-02-28,2023-02-01,2024-08-28,2024-09-26,2024-12-25,1,4121,2025-02-27,12,-0.002065605951199295,-0.10803323984146118,-0.04724188521504402,0.369047611951828,0.3452380895614624,0.9642857313156128
2025-02,2025-02-01,2025-02-28,2023-02-01,2024-08-28,2024-09-26,2024-12-25,1,3711,2025-02-27,13,-0.002065605951199295,-0.08231707662343979,-0.02152572199702263,0.369047611951828,0.3452380895614624,0.9642857313156128
2025-02,2025-02-01,2025-02-28,2023-02-01,2024-08-28,2024-09-26,2024-12-25,1,8415,2025-02-27,14,-0.002065605951199295,-0.028423773124814034,0.03236757963895798,0.369047611951828,0.3452380895614624,0.9642857313156128
2025-02,2025-02-01,2025-02-28,2023-02-01,2024-08-28,2024-09-26,2024-12-25,1,1529,2025-02-27,15,-0.002065605951199295,0.05314960703253746,0.11394096165895462,0.369047611951828,0.3452380895614624,0.9642857313156128
2025-02,2025-02-01,2025-02-28,2023-02-01,2024-08-28,2024-09-26,2024-12-25,1,3694,2025-02-27,16,-0.002065605951199295,-0.2294372320175171,-0.16864587366580963,0.369047611951828,0.3452380895614624,0.9642857313156128
2025-02,2025-02-01,2025-02-28,2023-02-01,2024-08-28,2024-09-26,2024-12-25,1,3704,2025-02-27,17,-0.002065605951199295,-0.11866501718759537,-0.05787366256117821,0.369047611951828,0.3452380895614624,0.9642857313156128
2025-02,2025-02-01,2025-02-28,2023-02-01,2024-08-28,2024-09-26,2024-12-25,1,3707,2025-02-27,18,-0.002065605951199295,-0.07441386580467224,-0.013622512109577656,0.369047611951828,0.3452380895614624,0.9642857313156128
2025-02,2025-02-01,2025-02-28,2023-02-01,2024-08-28,2024-09-26,2024-12-25,1,9939,2025-02-27,19,-0.002065605951199295,-0.08083832263946533,-0.020046968013048172,0.369047611951828,0.3452380895614624,0.9642857313156128
2025-02,2025-02-01,2025-02-28,2023-02-01,2024-08-28,2024-09-26,2024-12-25,1,9941,2025-02-27,20,-0.002065605951199295,-0.0882352963089943,-0.027443941682577133,0.369047611951828,0.3452380895614624,0.9642857313156128
2025-02,2025-02-01,2025-02-28,2023-02-01,2024-08-28,2024-09-26,2024-12-25,1,9910,2025-02-27,21,-0.002065605951199295,-0.10181818157434464,-0.041026826947927475,0.369047611951828,0.3452380895614624,0.9642857313156128
2025-02,2025-02-01,2025-02-28,2023-02-01,2024-08-28,2024-09-26,2024-12-25,1,3447,2025-02-27,22,-0.002065605951199295,-0.11278195679187775,-0.05199060216546059,0.369047611951828,0.3452380895614624,0.9642857313156128
2025-02,2025-02-01,2025-02-28,2023-02-01,2024-08-28,2024-09-26,2024-12-25,1,2020,2025-02-27,23,-0.002065605951199295,-0.07667210698127747,-0.015880752354860306,0.369047611951828,0.3452380895614624,0.9642857313156128
2025-02,2025-02-01,2025-02-28,2023-02-01,2024-08-28,2024-09-26,2024-12-25,1,2022,2025-02-27,24,-0.002065605951199295,-0.10717703402042389,-0.04638567939400673,0.369047611951828,0.3452380895614624,0.9642857313156128
2025-02,2025-02-01,2025-02-28,2023-02-01,2024-08-28,2024-09-26,2024-12-25,1,1589,2025-02-27,25,-0.002065605951199295,-0.09313725680112839,-0.03234590217471123,0.369047611951828,0.3452380895614624,0.9642857313156128
2025-02,2025-02-01,2025-02-28,2023-02-01,2024-08-28,2024-09-26,2024-12-25,1,1590,2025-02-27,26,-0.002065605951199295,-0.08486707508563995,-0.024075720459222794,0.369047611951828,0.3452380895614624,0.9642857313156128
2025-02,2025-02-01,2025-02-28,2023-02-01,2024-08-28,2024-09-26,2024-12-25,1,1597,2025-02-27,27,-0.002065605951199295,-0.14926829934120178,-0.08847694844007492,0.369047611951828,0.3452380895614624,0.9642857313156128
2025-02,2025-02-01,2025-02-28,2023-02-01,2024-08-28,2024-09-26,2024-12-25,1,1598,2025-02-27,28,-0.002065605951199295,-0.13897328078746796,-0.0781819298863411,0.369047611951828,0.3452380895614624,0.9642857313156128
2025-02,2025-02-01,2025-02-28,2023-02-01,2024-08-28,2024-09-26,2024-12-25,1,1569,2025-02-27,29,-0.002065605951199295,-0.05263157933950424,0.008159774355590343,0.369047611951828,0.3452380895614624,0.9642857313156128
2025-02,2025-02-01,2025-02-28,2023-02-01,2024-08-28,2024-09-26,2024-12-25,1,9914,2025-02-27,30,-0.002065605951199295,-0.0744047611951828,-0.013613407500088215,0.369047611951828,0.3452380895614624,0.9642857313156128
2025-03,2025-03-01,2025-03-31,2023-03-01,2024-09-25,2024-10-28,2025-01-22,1,1591,2025-03-31,1,0.0013766415033595455,-0.1608695685863495,-0.13887719810009003,0.0515873022377491,0.0357142873108387,0.02777777798473835
2025-03,2025-03-01,2025-03-31,2023-03-01,2024-09-25,2024-10-28,2025-01-22,1,2429,2025-03-31,2,0.0013766415033595455,-0.1180327832698822,-0.09604041278362274,0.0515873022377491,0.0357142873108387,0.02777777798473835
2025-03,2025-03-01,2025-03-31,2023-03-01,2024-09-25,2024-10-28,2025-01-22,1,1524,2025-03-31,3,0.0013766415033595455,-0.10772091895341873,-0.08572854846715927,0.0515873022377491,0.0357142873108387,0.02777777798473835
2025-03,2025-03-01,2025-03-31,2023-03-01,2024-09-25,2024-10-28,2025-01-22,1,3162,2025-03-31,4,0.0013766415033595455,-0.12547169625759125,-0.10347932577133179,0.0515873022377491,0.0357142873108387,0.02777777798473835
2025-03,2025-03-01,2025-03-31,2023-03-01,2024-09-25,2024-10-28,2025-01-22,1,3078,2025-03-31,5,0.0013766415033595455,-0.13261649012565613,-0.11062411963939667,0.0515873022377491,0.0357142873108387,0.02777777798473835
2025-03,2025-03-01,2025-03-31,2023-03-01,2024-09-25,2024-10-28,2025-01-22,1,2468,2025-03-31,6,0.0013766415033595455,0.4728972017765045,0.4948895573616028,0.0515873022377491,0.0357142873108387,0.02777777798473835
2025-03,2025-03-01,2025-03-31,2023-03-01,2024-09-25,2024-10-28,2025-01-22,1,3390,2025-03-31,7,0.0013766415033595455,-0.0355648547410965,-0.013572486117482185,0.0515873022377491,0.0357142873108387,0.02777777798473835
2025-03,2025-03-01,2025-03-31,2023-03-01,2024-09-25,2024-10-28,2025-01-22,1,4303,2025-03-31,8,0.0013766415033595455,-0.10059880465269089,-0.07860643416643143,0.0515873022377491,0.0357142873108387,0.02777777798473835
2025-03,2025-03-01,2025-03-31,2023-03-01,2024-09-25,2024-10-28,2025-01-22,1,5314,2025-03-31,9,0.0013766415033595455,-0.22589167952537537,-0.2038993090391159,0.0515873022377491,0.0357142873108387,0.02777777798473835
2025-03,2025-03-01,2025-03-31,2023-03-01,2024-09-25,2024-10-28,2025-01-22,1,5439,2025-03-31,10,0.0013766415033595455,-0.1927374303340912,-0.17074505984783173,0.0515873022377491,0.0357142873108387,0.02777777798473835
2025-03,2025-03-01,2025-03-31,2023-03-01,2024-09-25,2024-10-28,2025-01-22,1,8111,2025-03-31,11,0.0013766415033595455,-0.11782178282737732,-0.09582941234111786,0.0515873022377491,0.0357142873108387,0.02777777798473835
2025-03,2025-03-01,2025-03-31,2023-03-01,2024-09-25,2024-10-28,2025-01-22,1,1316,2025-03-31,12,-0.009551268189772977,-0.17280453443527222,-0.15081216394901276,0.0515873022377491,0.0357142873108387,0.02777777798473835
2025-03,2025-03-01,2025-03-31,2023-03-01,2024-09-25,2024-10-28,2025-01-22,1,1319,2025-03-31,13,-0.009551268189772977,0.007662835065275431,0.029655203223228455,0.0515873022377491,0.0357142873108387,0.02777777798473835
2025-03,2025-03-01,2025-03-31,2023-03-01,2024-09-25,2024-10-28,2025-01-22,1,1321,2025-03-31,14,-0.009551268189772977,-0.042817678302526474,-0.020825309678912163,0.0515873022377491,0.0357142873108387,0.02777777798473835
2025-03,2025-03-01,2025-03-31,2023-03-01,2024-09-25,2024-10-28,2025-01-22,1,1325,2025-03-31,15,-0.009551268189772977,0.051948051899671555,0.07394041866064072,0.0515873022377491,0.0357142873108387,0.02777777798473835
2025-03,2025-03-01,2025-03-31,2023-03-01,2024-09-25,2024-10-28,2025-01-22,1,1326,2025-03-31,16,-0.009551268189772977,-0.047801148146390915,-0.025808779522776604,0.0515873022377491,0.0357142873108387,0.02777777798473835
2025-03,2025-03-01,2025-03-31,2023-03-01,2024-09-25,2024-10-28,2025-01-22,1,1336,2025-03-31,17,-0.009551268189772977,-0.13765181601047516,-0.1156594455242157,0.0515873022377491,0.0357142873108387,0.02777777798473835
2025-03,2025-03-01,2025-03-31,2023-03-01,2024-09-25,2024-10-28,2025-01-22,1,1342,2025-03-31,18,-0.009551268189772977,-0.0074309976771473885,0.014561370946466923,0.0515873022377491,0.0357142873108387,0.02777777798473835
2025-03,2025-03-01,2025-03-31,2023-03-01,2024-09-25,2024-10-28,2025-01-22,1,1402,2025-03-31,19,-0.009551268189772977,-0.007552870083600283,0.014439498074352741,0.0515873022377491,0.0357142873108387,0.02777777798473835
2025-03,2025-03-01,2025-03-31,2023-03-01,2024-09-25,2024-10-28,2025-01-22,1,8227,2025-03-31,20,-0.009551268189772977,0.029197080060839653,0.051189448684453964,0.0515873022377491,0.0357142873108387,0.02777777798473835
2025-03,2025-03-01,2025-03-31,2023-03-01,2024-09-25,2024-10-28,2025-01-22,1,1532,2025-03-31,21,-0.009551268189772977,-0.09106529504060745,-0.06907292455434799,0.0515873022377491,0.0357142873108387,0.02777777798473835
2025-03,2025-03-01,2025-03-31,2023-03-01,2024-09-25,2024-10-28,2025-01-22,1,8937,2025-03-31,22,-0.009551268189772977,-0.24855491518974304,-0.22656254470348358,0.0515873022377491,0.0357142873108387,0.02777777798473835
2025-03,2025-03-01,2025-03-31,2023-03-01,2024-09-25,2024-10-28,2025-01-22,1,8473,2025-03-31,23,-0.009551268189772977,-0.0626959279179573,-0.040703561156988144,0.0515873022377491,0.0357142873108387,0.02777777798473835
2025-03,2025-03-01,2025-03-31,2023-03-01,2024-09-25,2024-10-28,2025-01-22,1,1442,2025-03-31,24,-0.009551268189772977,-0.11764705926179886,-0.0956546887755394,0.0515873022377491,0.0357142873108387,0.02777777798473835
2025-03,2025-03-01,2025-03-31,2023-03-01,2024-09-25,2024-10-28,2025-01-22,1,9958,2025-03-31,25,-0.009551268189772977,0.090342678129673,0.11233504861593246,0.0515873022377491,0.0357142873108387,0.02777777798473835
2025-03,2025-03-01,2025-03-31,2023-03-01,2024-09-25,2024-10-28,2025-01-22,1,1101,2025-03-31,26,-0.009551268189772977,-0.0777604952454567,-0.055768128484487534,0.0515873022377491,0.0357142873108387,0.02777777798473835
2025-03,2025-03-01,2025-03-31,2023-03-01,2024-09-25,2024-10-28,2025-01-22,1,1102,2025-03-31,27,-0.009551268189772977,-0.03743315488100052,-0.015440786257386208,0.0515873022377491,0.0357142873108387,0.02777777798473835
2025-03,2025-03-01,2025-03-31,2023-03-01,2024-09-25,2024-10-28,2025-01-22,1,1103,2025-03-31,28,-0.009551268189772977,-0.06012658402323723,-0.038134217262268066,0.0515873022377491,0.0357142873108387,0.02777777798473835
2025-03,2025-03-01,2025-03-31,2023-03-01,2024-09-25,2024-10-28,2025-01-22,1,1104,2025-03-31,29,-0.009551268189772977,-0.046075087040662766,-0.024082718417048454,0.0515873022377491,0.0357142873108387,0.02777777798473835
2025-03,2025-03-01,2025-03-31,2023-03-01,2024-09-25,2024-10-28,2025-01-22,1,1201,2025-03-31,30,-0.009551268189772977,-0.0714285746216774,-0.04943620786070824,0.0515873022377491,0.0357142873108387,0.02777777798473835
2025-04,2025-04-01,2025-04-30,2023-04-01,2024-10-29,2024-11-27,2025-03-04,1,1617,2025-04-30,1,-0.008778774757372213,-0.031976744532585144,-0.08713869005441666,0.1230158731341362,0.0793650820851326,0.9246031641960144
2025-04,2025-04-01,2025-04-30,2023-04-01,2024-10-29,2024-11-27,2025-03-04,1,3339,2025-04-30,2,-0.008778774757372213,0.09467455744743347,0.03951261192560196,0.1230158731341362,0.0793650820851326,0.9246031641960144
2025-04,2025-04-01,2025-04-30,2023-04-01,2024-10-29,2024-11-27,2025-03-04,1,3211,2025-04-30,3,-0.008778774757372213,0.1505681872367859,0.09540624171495438,0.1230158731341362,0.0793650820851326,0.9246031641960144
2025-04,2025-04-01,2025-04-30,2023-04-01,2024-10-29,2024-11-27,2025-03-04,1,1802,2025-04-30,4,-0.008778774757372213,0.08833922445774078,0.03317727893590927,0.1230158731341362,0.0793650820851326,0.9246031641960144
2025-04,2025-04-01,2025-04-30,2023-04-01,2024-10-29,2024-11-27,2025-03-04,1,3297,2025-04-30,5,-0.008778774757372213,0.0810810774564743,0.02591913379728794,0.1230158731341362,0.0793650820851326,0.9246031641960144
2025-04,2025-04-01,2025-04-30,2023-04-01,2024-10-29,2024-11-27,2025-03-04,1,2912,2025-04-30,6,-0.008778774757372213,-0.022944550961256027,-0.07810649275779724,0.1230158731341362,0.0793650820851326,0.9246031641960144
2025-04,2025-04-01,2025-04-30,2023-04-01,2024-10-29,2024-11-27,2025-03-04,1,3373,2025-04-30,7,-0.008778774757372213,0.08647450059652328,0.03131255507469177,0.1230158731341362,0.0793650820851326,0.9246031641960144
2025-04,2025-04-01,2025-04-30,2023-04-01,2024-10-29,2024-11-27,2025-03-04,1,2353,2025-04-30,8,-0.008778774757372213,0.005797101650387049,-0.0493648424744606,0.1230158731341362,0.0793650820851326,0.9246031641960144
2025-04,2025-04-01,2025-04-30,2023-04-01,2024-10-29,2024-11-27,2025-03-04,1,3050,2025-04-30,9,-0.008778774757372213,-0.018248174339532852,-0.07341011613607407,0.1230158731341362,0.0793650820851326,0.9246031641960144
2025-04,2025-04-01,2025-04-30,2023-04-01,2024-10-29,2024-11-27,2025-03-04,1,5201,2025-04-30,10,-0.008778774757372213,-0.2553003430366516,-0.3104622960090637,0.1230158731341362,0.0793650820851326,0.9246031641960144
2025-04,2025-04-01,2025-04-30,2023-04-01,2024-10-29,2024-11-27,2025-03-04,1,2731,2025-04-30,11,-0.008778774757372213,0.21167883276939392,0.156516894698143,0.1230158731341362,0.0793650820851326,0.9246031641960144
2025-04,2025-04-01,2025-04-30,2023-04-01,2024-10-29,2024-11-27,2025-03-04,1,2468,2025-04-30,12,-0.008778774757372213,-0.24567900598049164,-0.30084094405174255,0.1230158731341362,0.0793650820851326,0.9246031641960144
2025-04,2025-04-01,2025-04-30,2023-04-01,2024-10-29,2024-11-27,2025-03-04,1,3027,2025-04-30,13,-0.008778774757372213,0.19874803721904755,0.14358609914779663,0.1230158731341362,0.0793650820851326,0.9246031641960144
2025-04,2025-04-01,2025-04-30,2023-04-01,2024-10-29,2024-11-27,2025-03-04,1,4503,2025-04-30,14,-0.008778774757372213,0.07489878684282303,0.019736843183636665,0.1230158731341362,0.0793650820851326,0.9246031641960144
2025-04,2025-04-01,2025-04-30,2023-04-01,2024-10-29,2024-11-27,2025-03-04,1,4923,2025-04-30,15,-0.008778774757372213,-0.15987460315227509,-0.215036541223526,0.1230158731341362,0.0793650820851326,0.9246031641960144
2025-04,2025-04-01,2025-04-30,2023-04-01,2024-10-29,2024-11-27,2025-03-04,1,4949,2025-04-30,16,-0.008778774757372213,-0.0621931254863739,-0.11735507100820541,0.1230158731341362,0.0793650820851326,0.9246031641960144
2025-04,2025-04-01,2025-04-30,2023-04-01,2024-10-29,2024-11-27,2025-03-04,1,4960,2025-04-30,17,-0.008778774757372213,0.0,-0.05516194552183151,0.1230158731341362,0.0793650820851326,0.9246031641960144
2025-04,2025-04-01,2025-04-30,2023-04-01,2024-10-29,2024-11-27,2025-03-04,1,5230,2025-04-30,18,-0.008778774757372213,0.11363636702299118,0.05847442150115967,0.1230158731341362,0.0793650820851326,0.9246031641960144
2025-04,2025-04-01,2025-04-30,2023-04-01,2024-10-29,2024-11-27,2025-03-04,1,5251,2025-04-30,19,-0.008778774757372213,-0.08653846383094788,-0.1417004019021988,0.1230158731341362,0.0793650820851326,0.9246031641960144
2025-04,2025-04-01,2025-04-30,2023-04-01,2024-10-29,2024-11-27,2025-03-04,1,5452,2025-04-30,20,-0.008778774757372213,-0.015254237689077854,-0.07041618227958679,0.1230158731341362,0.0793650820851326,0.9246031641960144
2025-04,2025-04-01,2025-04-30,2023-04-01,2024-10-29,2024-11-27,2025-03-04,1,5457,2025-04-30,21,-0.008778774757372213,0.07281553745269775,0.01765359379351139,0.1230158731341362,0.0793650820851326,0.9246031641960144
2025-04,2025-04-01,2025-04-30,2023-04-01,2024-10-29,2024-11-27,2025-03-04,1,5490,2025-04-30,22,-0.008778774757372213,0.07586207240819931,0.020700128749012947,0.1230158731341362,0.0793650820851326,0.9246031641960144
2025-04,2025-04-01,2025-04-30,2023-04-01,2024-10-29,2024-11-27,2025-03-04,1,6111,2025-04-30,23,-0.008778774757372213,0.013182674534618855,-0.041979268193244934,0.1230158731341362,0.0793650820851326,0.9246031641960144
2025-04,2025-04-01,2025-04-30,2023-04-01,2024-10-29,2024-11-27,2025-03-04,1,8440,2025-04-30,24,-0.008778774757372213,-0.10834789276123047,-0.16350983083248138,0.1230158731341362,0.0793650820851326,0.9246031641960144
2025-04,2025-04-01,2025-04-30,2023-04-01,2024-10-29,2024-11-27,2025-03-04,1,6163,2025-04-30,25,-0.008778774757372213,-0.018735362216830254,-0.07389730960130692,0.1230158731341362,0.0793650820851326,0.9246031641960144
2025-04,2025-04-01,2025-04-30,2023-04-01,2024-10-29,2024-11-27,2025-03-04,1,6166,2025-04-30,26,-0.008778774757372213,-0.11618798971176147,-0.1713499277830124,0.1230158731341362,0.0793650820851326,0.9246031641960144
2025-04,2025-04-01,2025-04-30,2023-04-01,2024-10-29,2024-11-27,2025-03-04,1,6228,2025-04-30,27,-0.008778774757372213,-0.06632652878761292,-0.12148847430944443,0.1230158731341362,0.0793650820851326,0.9246031641960144
2025-04,2025-04-01,2025-04-30,2023-04-01,2024-10-29,2024-11-27,2025-03-04,1,6719,2025-04-30,28,-0.008778774757372213,0.07859078794717789,0.023428844287991524,0.1230158731341362,0.0793650820851326,0.9246031641960144
2025-04,2025-04-01,2025-04-30,2023-04-01,2024-10-29,2024-11-27,2025-03-04,1,6834,2025-04-30,29,-0.008778774757372213,-0.06382978707551956,-0.11899173259735107,0.1230158731341362,0.0793650820851326,0.9246031641960144
2025-04,2025-04-01,2025-04-30,2023-04-01,2024-10-29,2024-11-27,2025-03-04,1,8027,2025-04-30,30,-0.008778774757372213,0.05298013240098953,-0.0021818114910274744,0.1230158731341362,0.0793650820851326,0.9246031641960144
2025-05,2025-05-01,2025-05-31,2023-05-01,2024-11-27,2024-12-25,2025-04-01,5,8059,2025-05-29,1,-0.0012388101487607313,0.020467836409807205,-0.044909991323947906,0.761904776096344,0.5952380895614624,0.6904761791229248
2025-05,2025-05-01,2025-05-31,2023-05-01,2024-11-27,2024-12-25,2025-04-01,5,3294,2025-05-29,2,-0.004392553188088612,0.032258063554763794,-0.03311976417899132,0.761904776096344,0.5952380895614624,0.6904761791229248
2025-05,2025-05-01,2025-05-31,2023-05-01,2024-11-27,2024-12-25,2025-04-01,5,1325,2025-05-29,3,-0.004392553188088612,-0.24146340787410736,-0.3068412244319916,0.761904776096344,0.5952380895614624,0.6904761791229248
2025-05,2025-05-01,2025-05-31,2023-05-01,2024-11-27,2024-12-25,2025-04-01,5,9902,2025-05-29,4,-0.004392553188088612,-0.06190476194024086,-0.12728258967399597,0.761904776096344,0.5952380895614624,0.6904761791229248
2025-05,2025-05-01,2025-05-31,2023-05-01,2024-11-27,2024-12-25,2025-04-01,5,6657,2025-05-29,5,-0.006914594137749044,0.008683067746460438,-0.05669476091861725,0.761904776096344,0.5952380895614624,0.6904761791229248
2025-05,2025-05-01,2025-05-31,2023-05-01,2024-11-27,2024-12-25,2025-04-01,5,1903,2025-05-29,6,-0.0073882706457159145,-0.05161290243268013,-0.11699073016643524,0.761904776096344,0.5952380895614624,0.6904761791229248
2025-05,2025-05-01,2025-05-31,2023-05-01,2024-11-27,2024-12-25,2025-04-01,5,6499,2025-05-29,7,-0.0073882706457159145,0.13901345431804657,0.07363562285900116,0.761904776096344,0.5952380895614624,0.6904761791229248
2025-05,2025-05-01,2025-05-31,2023-05-01,2024-11-27,2024-12-25,2025-04-01,5,8937,2025-05-29,8,-0.007414971971803158,0.04545454680919647,-0.01992328278720379,0.761904776096344,0.5952380895614624,0.6904761791229248
2025-05,2025-05-01,2025-05-31,2023-05-01,2024-11-27,2024-12-25,2025-04-01,5,3297,2025-05-29,9,-0.007414971971803158,0.4089171886444092,0.34353935718536377,0.761904776096344,0.5952380895614624,0.6904761791229248
2025-05,2025-05-01,2025-05-31,2023-05-01,2024-11-27,2024-12-25,2025-04-01,5,8038,2025-05-29,10,-0.007433879594832788,0.3175675570964813,0.2521897256374359,0.761904776096344,0.5952380895614624,0.6904761791229248
2025-05,2025-05-01,2025-05-31,2023-05-01,2024-11-27,2024-12-25,2025-04-01,5,8489,2025-05-29,11,-0.007433879594832788,0.08186397701501846,0.016486147418618202,0.761904776096344,0.5952380895614624,0.6904761791229248
2025-05,2025-05-01,2025-05-31,2023-05-01,2024-11-27,2024-12-25,2025-04-01,5,2705,2025-05-29,12,-0.0076647378805503995,-0.007936508394777775,-0.07331433892250061,0.761904776096344,0.5952380895614624,0.6904761791229248
2025-05,2025-05-01,2025-05-31,2023-05-01,2024-11-27,2024-12-25,2025-04-01,5,4916,2025-05-29,13,-0.0076647378805503995,-0.034924332052469254,-0.10030215978622437,0.761904776096344,0.5952380895614624,0.6904761791229248
2025-05,2025-05-01,2025-05-31,2023-05-01,2024-11-27,2024-12-25,2025-04-01,5,6560,2025-05-29,14,-0.007888648479770029,-0.09204545617103577,-0.15742328763008118,0.761904776096344,0.5952380895614624,0.6904761791229248
2025-05,2025-05-01,2025-05-31,2023-05-01,2024-11-27,2024-12-25,2025-04-01,5,2023,2025-05-29,15,-0.00803565124729224,0.03678929805755615,-0.02858853153884411,0.761904776096344,0.5952380895614624,0.6904761791229248
2025-05,2025-05-01,2025-05-31,2023-05-01,2024-11-27,2024-12-25,2025-04-01,5,2102,2025-05-29,16,-0.00897926944709831,0.026570048183202744,-0.03880777955055237,0.761904776096344,0.5952380895614624,0.6904761791229248
2025-05,2025-05-01,2025-05-31,2023-05-01,2024-11-27,2024-12-25,2025-04-01,5,2723,2025-05-29,17,-0.00897926944709831,-0.06373324990272522,-0.12911108136177063,0.761904776096344,0.5952380895614624,0.6904761791229248
2025-05,2025-05-01,2025-05-31,2023-05-01,2024-11-27,2024-12-25,2025-04-01,5,2258,2025-05-29,18,-0.00897926944709831,-0.02595936879515648,-0.09133719652891159,0.761904776096344,0.5952380895614624,0.6904761791229248
2025-05,2025-05-01,2025-05-31,2023-05-01,2024-11-27,2024-12-25,2025-04-01,5,6547,2025-05-29,19,-0.00897926944709831,-0.16860465705394745,-0.23398248851299286,0.761904776096344,0.5952380895614624,0.6904761791229248
2025-05,2025-05-01,2025-05-31,2023-05-01,2024-11-27,2024-12-25,2025-04-01,5,4129,2025-05-29,20,-0.00897926944709831,-0.02369668334722519,-0.0890745148062706,0.761904776096344,0.5952380895614624,0.6904761791229248
2025-05,2025-05-01,2025-05-31,2023-05-01,2024-11-27,2024-12-25,2025-04-01,5,3040,2025-05-29,21,-0.00897926944709831,0.4898295998573303,0.4244517683982849,0.761904776096344,0.5952380895614624,0.6904761791229248
2025-05,2025-05-01,2025-05-31,2023-05-01,2024-11-27,2024-12-25,2025-04-01,5,6558,2025-05-29,22,-0.00901745706786659,0.15832456946372986,0.09294673800468445,0.761904776096344,0.5952380895614624,0.6904761791229248
2025-05,2025-05-01,2025-05-31,2023-05-01,2024-11-27,2024-12-25,2025-04-01,5,4510,2025-05-29,23,-0.00901745706786659,0.016161616891622543,-0.04921621084213257,0.761904776096344,0.5952380895614624,0.6904761791229248
2025-05,2025-05-01,2025-05-31,2023-05-01,2024-11-27,2024-12-25,2025-04-01,5,2466,2025-05-29,24,-0.00917665194894065,0.023501763120293617,-0.041876066476106644,0.761904776096344,0.5952380895614624,0.6904761791229248
2025-05,2025-05-01,2025-05-31,2023-05-01,2024-11-27,2024-12-25,2025-04-01,5,1732,2025-05-29,25,-0.009637288924876817,-0.15175719559192657,-0.21713502705097198,0.761904776096344,0.5952380895614624,0.6904761791229248
2025-05,2025-05-01,2025-05-31,2023-05-01,2024-11-27,2024-12-25,2025-04-01,5,6788,2025-05-29,26,-0.009637288924876817,0.08920187503099442,0.023824045434594154,0.761904776096344,0.5952380895614624,0.6904761791229248
2025-05,2025-05-01,2025-05-31,2023-05-01,2024-11-27,2024-12-25,2025-04-01,5,6104,2025-05-29,27,-0.009637288924876817,-0.09580838680267334,-0.16118621826171875,0.761904776096344,0.5952380895614624,0.6904761791229248
2025-05,2025-05-01,2025-05-31,2023-05-01,2024-11-27,2024-12-25,2025-04-01,5,6442,2025-05-29,28,-0.009682897873993691,0.05764966830611229,-0.007728160358965397,0.761904776096344,0.5952380895614624,0.6904761791229248
2025-05,2025-05-01,2025-05-31,2023-05-01,2024-11-27,2024-12-25,2025-04-01,5,1513,2025-05-29,29,-0.0096839617795588,0.09570956975221634,0.030331740155816078,0.761904776096344,0.5952380895614624,0.6904761791229248
2025-05,2025-05-01,2025-05-31,2023-05-01,2024-11-27,2024-12-25,2025-04-01,5,3010,2025-05-29,30,-0.0096839617795588,-0.05730919912457466,-0.12268702685832977,0.761904776096344,0.5952380895614624,0.6904761791229248
2025-06,2025-06-01,2025-06-30,2023-06-01,2024-12-25,2025-02-03,2025-05-02,6,8054,2025-06-30,1,0.011564382393229778,-0.055084746330976486,-0.11739524453878403,0.817460298538208,0.908730149269104,0.488095223903656
2025-06,2025-06-01,2025-06-30,2023-06-01,2024-12-25,2025-02-03,2025-05-02,6,4554,2025-06-30,2,0.007750057960448443,0.14344827830791473,0.0811377763748169,0.817460298538208,0.908730149269104,0.488095223903656
2025-06,2025-06-01,2025-06-30,2023-06-01,2024-12-25,2025-02-03,2025-05-02,6,4303,2025-06-30,3,0.006911666454752656,0.04768211767077446,-0.014628381468355656,0.817460298538208,0.908730149269104,0.488095223903656
2025-06,2025-06-01,2025-06-30,2023-06-01,2024-12-25,2025-02-03,2025-05-02,6,4714,2025-06-30,4,0.006843801032751951,0.08547008782625198,0.023159589618444443,0.817460298538208,0.908730149269104,0.488095223903656
2025-06,2025-06-01,2025-06-30,2023-06-01,2024-12-25,2025-02-03,2025-05-02,6,6482,2025-06-30,5,0.003985776507852123,0.04677419364452362,-0.015536305494606495,0.817460298538208,0.908730149269104,0.488095223903656
2025-06,2025-06-01,2025-06-30,2023-06-01,2024-12-25,2025-02-03,2025-05-02,6,6919,2025-06-30,6,0.003656995786945862,-0.08239700645208359,-0.14470750093460083,0.817460298538208,0.908730149269104,0.488095223903656
2025-06,2025-06-01,2025-06-30,2023-06-01,2024-12-25,2025-02-03,2025-05-02,6,2547,2025-06-30,7,0.00139474819373964,-0.014766315929591656,-0.07707681506872177,0.817460298538208,0.908730149269104,0.488095223903656
2025-06,2025-06-01,2025-06-30,2023-06-01,2024-12-25,2025-02-03,2025-05-02,6,2357,2025-06-30,8,0.0004346173754051489,0.021604938432574272,-0.04070556163787842,0.817460298538208,0.908730149269104,0.488095223903656
2025-06,2025-06-01,2025-06-30,2023-06-01,2024-12-25,2025-02-03,2025-05-02,6,6219,2025-06-30,9,6.309328811164466e-05,-0.09264194220304489,-0.15495243668556213,0.817460298538208,0.908730149269104,0.488095223903656
2025-06,2025-06-01,2025-06-30,2023-06-01,2024-12-25,2025-02-03,2025-05-02,6,3297,2025-06-30,10,-0.0014449055956032996,0.04681647941470146,-0.015494019724428654,0.817460298538208,0.908730149269104,0.488095223903656
2025-06,2025-06-01,2025-06-30,2023-06-01,2024-12-25,2025-02-03,2025-05-02,6,2548,2025-06-30,11,-0.0015171181015014572,-0.019848551601171494,-0.08215904980897903,0.817460298538208,0.908730149269104,0.488095223903656
2025-06,2025-06-01,2025-06-30,2023-06-01,2024-12-25,2025-02-03,2025-05-02,6,9946,2025-06-30,12,-0.0015171181015014572,-0.014962593093514442,-0.07727309316396713,0.817460298538208,0.908730149269104,0.488095223903656
2025-06,2025-06-01,2025-06-30,2023-06-01,2024-12-25,2025-02-03,2025-05-02,6,4909,2025-06-30,13,-0.0015171181015014572,-0.17454515397548676,-0.2368556559085846,0.817460298538208,0.908730149269104,0.488095223903656
2025-06,2025-06-01,2025-06-30,2023-06-01,2024-12-25,2025-02-03,2025-05-02,6,3373,2025-06-30,14,-0.0029277990263759522,0.025380710139870644,-0.036929789930582047,0.817460298538208,0.908730149269104,0.488095223903656
2025-06,2025-06-01,2025-06-30,2023-06-01,2024-12-25,2025-02-03,2025-05-02,6,3294,2025-06-30,15,-0.003674126779105808,-0.04893350228667259,-0.11124400049448013,0.817460298538208,0.908730149269104,0.488095223903656
2025-06,2025-06-01,2025-06-30,2023-06-01,2024-12-25,2025-02-03,2025-05-02,6,8422,2025-06-30,16,-0.004189903133749154,0.0357142873108387,-0.02659621089696884,0.817460298538208,0.908730149269104,0.488095223903656
2025-06,2025-06-01,2025-06-30,2023-06-01,2024-12-25,2025-02-03,2025-05-02,6,3040,2025-06-30,17,-0.0047148757555225025,-0.025459688156843185,-0.08777018636465073,0.817460298538208,0.908730149269104,0.488095223903656
2025-06,2025-06-01,2025-06-30,2023-06-01,2024-12-25,2025-02-03,2025-05-02,6,2834,2025-06-30,18,-0.005281042485109167,0.06514658033847809,0.0028360814321786165,0.817460298538208,0.908730149269104,0.488095223903656
2025-06,2025-06-01,2025-06-30,2023-06-01,2024-12-25,2025-02-03,2025-05-02,6,6829,2025-06-30,19,-0.005455578180534914,-0.01463340688496828,-0.07694390416145325,0.817460298538208,0.908730149269104,0.488095223903656
2025-06,2025-06-01,2025-06-30,2023-06-01,2024-12-25,2025-02-03,2025-05-02,6,3413,2025-06-30,20,-0.005455578180534914,0.03025210089981556,-0.03205839917063713,0.817460298538208,0.908730149269104,0.488095223903656
2025-06,2025-06-01,2025-06-30,2023-06-01,2024-12-25,2025-02-03,2025-05-02,6,8271,2025-06-30,21,-0.0054613854008060386,0.07655638456344604,0.01424588542431593,0.817460298538208,0.908730149269104,0.488095223903656
2025-06,2025-06-01,2025-06-30,2023-06-01,2024-12-25,2025-02-03,2025-05-02,6,2801,2025-06-30,22,-0.005728182807878464,0.06933332979679108,0.007022830657660961,0.817460298538208,0.908730149269104,0.488095223903656
2025-06,2025-06-01,2025-06-30,2023-06-01,2024-12-25,2025-02-03,2025-05-02,6,2820,2025-06-30,23,-0.005728182807878464,0.02684563770890236,-0.03546486049890518,0.817460298538208,0.908730149269104,0.488095223903656
2025-06,2025-06-01,2025-06-30,2023-06-01,2024-12-25,2025-02-03,2025-05-02,6,2838,2025-06-30,24,-0.005728182807878464,0.03324894979596138,-0.02906154841184616,0.817460298538208,0.908730149269104,0.488095223903656
2025-06,2025-06-01,2025-06-30,2023-06-01,2024-12-25,2025-02-03,2025-05-02,6,2892,2025-06-30,25,-0.005728182807878464,0.024179620668292046,-0.038130879402160645,0.817460298538208,0.908730149269104,0.488095223903656
2025-06,2025-06-01,2025-06-30,2023-06-01,2024-12-25,2025-02-03,2025-05-02,6,2890,2025-06-30,26,-0.005728182807878464,0.04536082595586777,-0.016949672251939774,0.817460298538208,0.908730149269104,0.488095223903656
2025-06,2025-06-01,2025-06-30,2023-06-01,2024-12-25,2025-02-03,2025-05-02,6,2891,2025-06-30,27,-0.005728182807878464,0.015797510743141174,-0.04651298746466637,0.817460298538208,0.908730149269104,0.488095223903656
2025-06,2025-06-01,2025-06-30,2023-06-01,2024-12-25,2025-02-03,2025-05-02,6,2880,2025-06-30,28,-0.005728182807878464,0.04395604506134987,-0.018354453146457672,0.817460298538208,0.908730149269104,0.488095223903656
2025-06,2025-06-01,2025-06-30,2023-06-01,2024-12-25,2025-02-03,2025-05-02,6,2812,2025-06-30,29,-0.005728182807878464,-0.020454544574022293,-0.08276504278182983,0.817460298538208,0.908730149269104,0.488095223903656
2025-06,2025-06-01,2025-06-30,2023-06-01,2024-12-25,2025-02-03,2025-05-02,6,3034,2025-06-30,30,-0.005803104528968091,-0.05503861978650093,-0.11734911799430847,0.817460298538208,0.908730149269104,0.488095223903656
2025-07,2025-07-01,2025-07-31,2023-07-01,2025-02-04,2025-03-05,2025-06-03,27,1808,2025-07-31,1,0.027978370043040567,-0.027463650330901146,-0.05944862589240074,0.7579365372657776,0.8769841194152832,0.5595238208770752
2025-07,2025-07-01,2025-07-31,2023-07-01,2025-02-04,2025-03-05,2025-06-03,27,4989,2025-07-31,2,0.026010594224574322,0.30434781312942505,0.2723628282546997,0.7579365372657776,0.8769841194152832,0.5595238208770752
2025-07,2025-07-01,2025-07-31,2023-07-01,2025-02-04,2025-03-05,2025-06-03,27,4909,2025-07-31,3,0.014082323755842856,0.08849557489156723,0.056510597467422485,0.7579365372657776,0.8769841194152832,0.5595238208770752
2025-07,2025-07-01,2025-07-31,2023-07-01,2025-02-04,2025-03-05,2025-06-03,27,2547,2025-07-31,4,0.012316692061401846,-0.004464285913854837,-0.036449264734983444,0.7579365372657776,0.8769841194152832,0.5595238208770752
2025-07,2025-07-01,2025-07-31,2023-07-01,2025-02-04,2025-03-05,2025-06-03,27,2466,2025-07-31,5,0.007946032873924692,-0.20800890028476715,-0.2399938702583313,0.7579365372657776,0.8769841194152832,0.5595238208770752
2025-07,2025-07-01,2025-07-31,2023-07-01,2025-02-04,2025-03-05,2025-06-03,27,6139,2025-07-31,6,0.006879489854633521,0.09218750149011612,0.060202524065971375,0.7579365372657776,0.8769841194152832,0.5595238208770752
2025-07,2025-07-01,2025-07-31,2023-07-01,2025-02-04,2025-03-05,2025-06-03,27,2548,2025-07-31,7,0.006236024310948894,0.08879492431879044,0.05680994689464569,0.7579365372657776,0.8769841194152832,0.5595238208770752
2025-07,2025-07-01,2025-07-31,2023-07-01,2025-02-04,2025-03-05,2025-06-03,27,2883,2025-07-31,8,0.005865358857571741,0.033222589641809464,0.0012376124504953623,0.7579365372657776,0.8769841194152832,0.5595238208770752
2025-07,2025-07-01,2025-07-31,2023-07-01,2025-02-04,2025-03-05,2025-06-03,27,6196,2025-07-31,9,0.005034664422330084,0.28780487179756165,0.2558198869228363,0.7579365372657776,0.8769841194152832,0.5595238208770752
2025-07,2025-07-01,2025-07-31,2023-07-01,2025-02-04,2025-03-05,2025-06-03,27,8937,2025-07-31,10,0.0029472942840631892,-0.013071895577013493,-0.04505687206983566,0.7579365372657776,0.8769841194152832,0.5595238208770752
2025-07,2025-07-01,2025-07-31,2023-07-01,2025-02-04,2025-03-05,2025-06-03,27,1717,2025-07-31,11,0.0028525131219137396,0.5727272629737854,0.5407422780990601,0.7579365372657776,0.8769841194152832,0.5595238208770752
2025-07,2025-07-01,2025-07-31,2023-07-01,2025-02-04,2025-03-05,2025-06-03,27,2317,2025-07-31,12,0.0016431156518650805,0.17714285850524902,0.14515788853168488,0.7579365372657776,0.8769841194152832,0.5595238208770752
2025-07,2025-07-01,2025-07-31,2023-07-01,2025-02-04,2025-03-05,2025-06-03,27,8422,2025-07-31,13,0.0014627567627242533,0.03916449099779129,0.007179513573646545,0.7579365372657776,0.8769841194152832,0.5595238208770752
2025-07,2025-07-01,2025-07-31,2023-07-01,2025-02-04,2025-03-05,2025-06-03,27,6923,2025-07-31,14,0.0013886737111484377,0.054187193512916565,0.02220221608877182,0.7579365372657776,0.8769841194152832,0.5595238208770752
2025-07,2025-07-01,2025-07-31,2023-07-01,2025-02-04,2025-03-05,2025-06-03,27,3661,2025-07-31,15,0.0012404839459856602,0.05263157933950424,0.020646601915359497,0.7579365372657776,0.8769841194152832,0.5595238208770752
2025-07,2025-07-01,2025-07-31,2023-07-01,2025-02-04,2025-03-05,2025-06-03,27,2637,2025-07-31,16,0.0011075308424500975,0.06368330121040344,0.0316983237862587,0.7579365372657776,0.8769841194152832,0.5595238208770752
2025-07,2025-07-01,2025-07-31,2023-07-01,2025-02-04,2025-03-05,2025-06-03,27,3131,2025-07-31,17,-0.00035063769360869717,0.0439189188182354,0.011933941394090652,0.7579365372657776,0.8769841194152832,0.5595238208770752
2025-07,2025-07-01,2025-07-31,2023-07-01,2025-02-04,2025-03-05,2025-06-03,27,6186,2025-07-31,18,-0.0004165313019202671,0.1421404629945755,0.11015548557043076,0.7579365372657776,0.8769841194152832,0.5595238208770752
2025-07,2025-07-01,2025-07-31,2023-07-01,2025-02-04,2025-03-05,2025-06-03,27,2101,2025-07-31,19,-0.0004993181450707923,0.1037735864520073,0.07178860902786255,0.7579365372657776,0.8769841194152832,0.5595238208770752
2025-07,2025-07-01,2025-07-31,2023-07-01,2025-02-04,2025-03-05,2025-06-03,27,6625,2025-07-31,20,-0.0005012702559032874,-0.007990867830812931,-0.0399758443236351,0.7579365372657776,0.8769841194152832,0.5595238208770752
2025-07,2025-07-01,2025-07-31,2023-07-01,2025-02-04,2025-03-05,2025-06-03,27,1313,2025-07-31,21,-0.000516043463462306,0.02463054098188877,-0.007354436442255974,0.7579365372657776,0.8769841194152832,0.5595238208770752
2025-07,2025-07-01,2025-07-31,2023-07-01,2025-02-04,2025-03-05,2025-06-03,27,2404,2025-07-31,22,-0.0005379047517571653,0.5178571343421936,0.48587214946746826,0.7579365372657776,0.8769841194152832,0.5595238208770752
2025-07,2025-07-01,2025-07-31,2023-07-01,2025-02-04,2025-03-05,2025-06-03,27,6873,2025-07-31,23,-0.0009151343633990404,-0.13978494703769684,-0.171769917011261,0.7579365372657776,0.8769841194152832,0.5595238208770752
2025-07,2025-07-01,2025-07-31,2023-07-01,2025-02-04,2025-03-05,2025-06-03,27,6177,2025-07-31,24,-0.001158356067406771,0.05277017503976822,0.020785197615623474,0.7579365372657776,0.8769841194152832,0.5595238208770752
2025-07,2025-07-01,2025-07-31,2023-07-01,2025-02-04,2025-03-05,2025-06-03,27,5434,2025-07-31,25,-0.0011900646825896196,0.03333333507180214,0.001348357880488038,0.7579365372657776,0.8769841194152832,0.5595238208770752
2025-07,2025-07-01,2025-07-31,2023-07-01,2025-02-04,2025-03-05,2025-06-03,27,6691,2025-07-31,26,-0.001264353281892519,0.1609756052494049,0.12899063527584076,0.7579365372657776,0.8769841194152832,0.5595238208770752
2025-07,2025-07-01,2025-07-31,2023-07-01,2025-02-04,2025-03-05,2025-06-03,27,2362,2025-07-31,27,-0.001454943561342136,-0.04223744198679924,-0.07422241568565369,0.7579365372657776,0.8769841194152832,0.5595238208770752
2025-07,2025-07-01,2025-07-31,2023-07-01,2025-02-04,2025-03-05,2025-06-03,27,2010,2025-07-31,28,-0.0015092678914012518,0.0658227875828743,0.03383781015872955,0.7579365372657776,0.8769841194152832,0.5595238208770752
2025-07,2025-07-01,2025-07-31,2023-07-01,2025-02-04,2025-03-05,2025-06-03,27,2838,2025-07-31,29,-0.0016945094637359306,0.0150602413341403,-0.01692473515868187,0.7579365372657776,0.8769841194152832,0.5595238208770752
2025-07,2025-07-01,2025-07-31,2023-07-01,2025-02-04,2025-03-05,2025-06-03,27,2834,2025-07-31,30,-0.0016945094637359306,0.009587598964571953,-0.022397378459572792,0.7579365372657776,0.8769841194152832,0.5595238208770752
2025-08,2025-08-01,2025-08-31,2023-08-01,2025-03-10,2025-04-09,2025-07-04,1,8210,2025-08-29,1,0.007606024004372809,-0.05564648285508156,-0.11357977241277695,0.64682537317276,0.773809552192688,0.8134920597076416
2025-08,2025-08-01,2025-08-31,2023-08-01,2025-03-10,2025-04-09,2025-07-04,1,6669,2025-08-29,2,0.007606024004372809,0.039182282984256744,-0.018751008436083794,0.64682537317276,0.773809552192688,0.8134920597076416
2025-08,2025-08-01,2025-08-31,2023-08-01,2025-03-10,2025-04-09,2025-07-04,1,2102,2025-08-29,3,-0.001673265821154536,-0.07425742596387863,-0.13219071924686432,0.64682537317276,0.773809552192688,0.8134920597076416
2025-08,2025-08-01,2025-08-31,2023-08-01,2025-03-10,2025-04-09,2025-07-04,1,4541,2025-08-29,4,-0.001673265821154536,-0.22756409645080566,-0.28549739718437195,0.64682537317276,0.773809552192688,0.8134920597076416
2025-08,2025-08-01,2025-08-31,2023-08-01,2025-03-10,2025-04-09,2025-07-04,1,6727,2025-08-29,5,-0.001673265821154536,-0.19191919267177582,-0.2498524785041809,0.64682537317276,0.773809552192688,0.8134920597076416
2025-08,2025-08-01,2025-08-31,2023-08-01,2025-03-10,2025-04-09,2025-07-04,1,6207,2025-08-29,6,-0.001673265821154536,-0.10505528748035431,-0.1629885733127594,0.64682537317276,0.773809552192688,0.8134920597076416
2025-08,2025-08-01,2025-08-31,2023-08-01,2025-03-10,2025-04-09,2025-07-04,1,6118,2025-08-29,7,-0.005373115545515391,-0.21899224817752838,-0.27692553400993347,0.64682537317276,0.773809552192688,0.8134920597076416
2025-08,2025-08-01,2025-08-31,2023-08-01,2025-03-10,2025-04-09,2025-07-04,1,2345,2025-08-29,8,-0.005646238652396364,-0.04927536100149155,-0.10720865428447723,0.64682537317276,0.773809552192688,0.8134920597076416
2025-08,2025-08-01,2025-08-31,2023-08-01,2025-03-10,2025-04-09,2025-07-04,1,2404,2025-08-29,9,-0.005646238652396364,-0.2644897997379303,-0.3224231004714966,0.64682537317276,0.773809552192688,0.8134920597076416
2025-08,2025-08-01,2025-08-31,2023-08-01,2025-03-10,2025-04-09,2025-07-04,1,3630,2025-08-29,10,-0.005646238652396364,-0.19876542687416077,-0.25669872760772705,0.64682537317276,0.773809552192688,0.8134920597076416
2025-08,2025-08-01,2025-08-31,2023-08-01,2025-03-10,2025-04-09,2025-07-04,1,6691,2025-08-29,11,-0.005646238652396364,-0.10860655456781387,-0.16653984785079956,0.64682537317276,0.773809552192688,0.8134920597076416
2025-08,2025-08-01,2025-08-31,2023-08-01,2025-03-10,2025-04-09,2025-07-04,1,1515,2025-08-29,12,-0.007000131349398834,-0.10625000298023224,-0.16418328881263733,0.64682537317276,0.773809552192688,0.8134920597076416
2025-08,2025-08-01,2025-08-31,2023-08-01,2025-03-10,2025-04-09,2025-07-04,1,1436,2025-08-29,13,-0.007000131349398834,0.012552301399409771,-0.04538099095225334,0.64682537317276,0.773809552192688,0.8134920597076416
2025-08,2025-08-01,2025-08-31,2023-08-01,2025-03-10,2025-04-09,2025-07-04,1,1437,2025-08-29,14,-0.007000131349398834,0.01986755058169365,-0.03806573897600174,0.64682537317276,0.773809552192688,0.8134920597076416
2025-08,2025-08-01,2025-08-31,2023-08-01,2025-03-10,2025-04-09,2025-07-04,1,2540,2025-08-29,15,-0.007000131349398834,0.01662404090166092,-0.04130924865603447,0.64682537317276,0.773809552192688,0.8134920597076416
2025-08,2025-08-01,2025-08-31,2023-08-01,2025-03-10,2025-04-09,2025-07-04,1,1722,2025-08-29,16,-0.007000131349398834,-0.03974280133843422,-0.09767609089612961,0.64682537317276,0.773809552192688,0.8134920597076416
2025-08,2025-08-01,2025-08-31,2023-08-01,2025-03-10,2025-04-09,2025-07-04,1,1402,2025-08-29,17,-0.007000131349398834,-0.007220216561108828,-0.06515350937843323,0.64682537317276,0.773809552192688,0.8134920597076416
2025-08,2025-08-01,2025-08-31,2023-08-01,2025-03-10,2025-04-09,2025-07-04,1,2753,2025-08-29,18,-0.007000131349398834,0.06332454085350037,0.005391250364482403,0.64682537317276,0.773809552192688,0.8134920597076416
2025-08,2025-08-01,2025-08-31,2023-08-01,2025-03-10,2025-04-09,2025-07-04,1,1216,2025-08-29,19,-0.007000131349398834,0.01291989628225565,-0.045013394206762314,0.64682537317276,0.773809552192688,0.8134920597076416
2025-08,2025-08-01,2025-08-31,2023-08-01,2025-03-10,2025-04-09,2025-07-04,1,1539,2025-08-29,20,-0.007000131349398834,-0.016620498150587082,-0.07455378770828247,0.64682537317276,0.773809552192688,0.8134920597076416
2025-08,2025-08-01,2025-08-31,2023-08-01,2025-03-10,2025-04-09,2025-07-04,1,1540,2025-08-29,21,-0.007000131349398834,-0.05916030704975128,-0.11709360033273697,0.64682537317276,0.773809552192688,0.8134920597076416
2025-08,2025-08-01,2025-08-31,2023-08-01,2025-03-10,2025-04-09,2025-07-04,1,1560,2025-08-29,22,-0.007000131349398834,-0.07082153111696243,-0.12875482439994812,0.64682537317276,0.773809552192688,0.8134920597076416
2025-08,2025-08-01,2025-08-31,2023-08-01,2025-03-10,2025-04-09,2025-07-04,1,1563,2025-08-29,23,-0.007000131349398834,-0.021298173815011978,-0.07923146337270737,0.64682537317276,0.773809552192688,0.8134920597076416
2025-08,2025-08-01,2025-08-31,2023-08-01,2025-03-10,2025-04-09,2025-07-04,1,1231,2025-08-29,24,-0.007000131349398834,-0.06545454263687134,-0.12338783591985703,0.64682537317276,0.773809552192688,0.8134920597076416
2025-08,2025-08-01,2025-08-31,2023-08-01,2025-03-10,2025-04-09,2025-07-04,1,1301,2025-08-29,25,-0.007000131349398834,-0.0038910505827516317,-0.061824340373277664,0.64682537317276,0.773809552192688,0.8134920597076416
2025-08,2025-08-01,2025-08-31,2023-08-01,2025-03-10,2025-04-09,2025-07-04,1,1303,2025-08-29,26,-0.007000131349398834,-0.07584597170352936,-0.13377925753593445,0.64682537317276,0.773809552192688,0.8134920597076416
2025-08,2025-08-01,2025-08-31,2023-08-01,2025-03-10,2025-04-09,2025-07-04,1,1102,2025-08-29,27,-0.007000131349398834,0.00269905524328351,-0.055234234780073166,0.64682537317276,0.773809552192688,0.8134920597076416
2025-08,2025-08-01,2025-08-31,2023-08-01,2025-03-10,2025-04-09,2025-07-04,1,1103,2025-08-29,28,-0.007000131349398834,0.01498127356171608,-0.04295201599597931,0.64682537317276,0.773809552192688,0.8134920597076416
2025-08,2025-08-01,2025-08-31,2023-08-01,2025-03-10,2025-04-09,2025-07-04,1,1104,2025-08-29,29,-0.007000131349398834,0.01515151560306549,-0.0427817739546299,0.64682537317276,0.773809552192688,0.8134920597076416
2025-08,2025-08-01,2025-08-31,2023-08-01,2025-03-10,2025-04-09,2025-07-04,1,1201,2025-08-29,30,-0.007000131349398834,-0.006451612804085016,-0.06438490003347397,0.64682537317276,0.773809552192688,0.8134920597076416
2025-09,2025-09-01,2025-09-30,2023-09-01,2025-04-10,2025-05-09,2025-08-04,1,2324,2025-09-30,1,-0.009719958371086022,0.024806201457977295,-0.06866288185119629,0.8134920597076416,0.817460298538208,0.2261904776096344
2025-09,2025-09-01,2025-09-30,2023-09-01,2025-04-10,2025-05-09,2025-08-04,1,2455,2025-09-30,2,-0.009719958371086022,-0.14769230782985687,-0.24116139113903046,0.8134920597076416,0.817460298538208,0.2261904776096344
2025-09,2025-09-01,2025-09-30,2023-09-01,2025-04-10,2025-05-09,2025-08-04,1,2211,2025-09-30,3,-0.009719958371086022,0.10362694412469864,0.010157858952879906,0.8134920597076416,0.817460298538208,0.2261904776096344
2025-09,2025-09-01,2025-09-30,2023-09-01,2025-04-10,2025-05-09,2025-08-04,1,1785,2025-09-30,4,-0.009719958371086022,-0.05271565541625023,-0.1461847424507141,0.8134920597076416,0.817460298538208,0.2261904776096344
2025-09,2025-09-01,2025-09-30,2023-09-01,2025-04-10,2025-05-09,2025-08-04,1,6584,2025-09-30,5,-0.009719958371086022,0.17573221027851105,0.08226312696933746,0.8134920597076416,0.817460298538208,0.2261904776096344
2025-09,2025-09-01,2025-09-30,2023-09-01,2025-04-10,2025-05-09,2025-08-04,1,8937,2025-09-30,6,-0.009719958371086022,-0.10404624044895172,-0.1975153237581253,0.8134920597076416,0.817460298538208,0.2261904776096344
2025-09,2025-09-01,2025-09-30,2023-09-01,2025-04-10,2025-05-09,2025-08-04,1,2428,2025-09-30,7,-0.009719958371086022,0.09883721172809601,0.005368126090615988,0.8134920597076416,0.817460298538208,0.2261904776096344
2025-09,2025-09-01,2025-09-30,2023-09-01,2025-04-10,2025-05-09,2025-08-04,1,9904,2025-09-30,8,-0.009719958371086022,0.012089810334146023,-0.08137927204370499,0.8134920597076416,0.817460298538208,0.2261904776096344
2025-09,2025-09-01,2025-09-30,2023-09-01,2025-04-10,2025-05-09,2025-08-04,1,9955,2025-09-30,9,-0.009719958371086022,-0.06754530221223831,-0.1610143929719925,0.8134920597076416,0.817460298538208,0.2261904776096344
2025-09,2025-09-01,2025-09-30,2023-09-01,2025-04-10,2025-05-09,2025-08-04,1,8110,2025-09-30,10,-0.009719958371086022,0.37321937084198,0.2797502875328064,0.8134920597076416,0.817460298538208,0.2261904776096344
2025-09,2025-09-01,2025-09-30,2023-09-01,2025-04-10,2025-05-09,2025-08-04,1,8111,2025-09-30,11,-0.009719958371086022,0.09625668078660965,0.002787595149129629,0.8134920597076416,0.817460298538208,0.2261904776096344
2025-09,2025-09-01,2025-09-30,2023-09-01,2025-04-10,2025-05-09,2025-08-04,1,6535,2025-09-30,12,-0.009719958371086022,-0.27209705114364624,-0.3655661344528198,0.8134920597076416,0.817460298538208,0.2261904776096344
2025-09,2025-09-01,2025-09-30,2023-09-01,2025-04-10,2025-05-09,2025-08-04,1,2408,2025-09-30,13,-0.009719958371086022,0.8101093173027039,0.7166402339935303,0.8134920597076416,0.817460298538208,0.2261904776096344
2025-09,2025-09-01,2025-09-30,2023-09-01,2025-04-10,2025-05-09,2025-08-04,1,6456,2025-09-30,14,-0.009719958371086022,-0.2142857164144516,-0.3077548146247864,0.8134920597076416,0.817460298538208,0.2261904776096344
2025-09,2025-09-01,2025-09-30,2023-09-01,2025-04-10,2025-05-09,2025-08-04,1,2478,2025-09-30,15,-0.009719958371086022,0.19502867758274078,0.1015595942735672,0.8134920597076416,0.817460298538208,0.2261904776096344
2025-09,2025-09-01,2025-09-30,2023-09-01,2025-04-10,2025-05-09,2025-08-04,1,6761,2025-09-30,16,-0.009719958371086022,0.006734006572514772,-0.0867350772023201,0.8134920597076416,0.817460298538208,0.2261904776096344
2025-09,2025-09-01,2025-09-30,2023-09-01,2025-04-10,2025-05-09,2025-08-04,1,2327,2025-09-30,17,-0.009719958371086022,0.4434782564640045,0.35000917315483093,0.8134920597076416,0.817460298538208,0.2261904776096344
2025-09,2025-09-01,2025-09-30,2023-09-01,2025-04-10,2025-05-09,2025-08-04,1,2492,2025-09-30,18,-0.009719958371086022,0.18095238506793976,0.08748330175876617,0.8134920597076416,0.817460298538208,0.2261904776096344
2025-09,2025-09-01,2025-09-30,2023-09-01,2025-04-10,2025-05-09,2025-08-04,1,6649,2025-09-30,19,-0.009719958371086022,-0.037956204265356064,-0.13142529129981995,0.8134920597076416,0.817460298538208,0.2261904776096344
2025-09,2025-09-01,2025-09-30,2023-09-01,2025-04-10,2025-05-09,2025-08-04,1,3450,2025-09-30,20,-0.009719958371086022,0.007352941203862429,-0.08611614257097244,0.8134920597076416,0.817460298538208,0.2261904776096344
2025-09,2025-09-01,2025-09-30,2023-09-01,2025-04-10,2025-05-09,2025-08-04,1,6664,2025-09-30,21,-0.009719958371086022,0.08576998114585876,-0.007699104491621256,0.8134920597076416,0.817460298538208,0.2261904776096344
2025-09,2025-09-01,2025-09-30,2023-09-01,2025-04-10,2025-05-09,2025-08-04,1,3413,2025-09-30,22,-0.009719958371086022,0.2346089780330658,0.1411398947238922,0.8134920597076416,0.817460298538208,0.2261904776096344
2025-09,2025-09-01,2025-09-30,2023-09-01,2025-04-10,2025-05-09,2025-08-04,1,2302,2025-09-30,23,-0.009719958371086022,0.0864553302526474,-0.007013755384832621,0.8134920597076416,0.817460298538208,0.2261904776096344
2025-09,2025-09-01,2025-09-30,2023-09-01,2025-04-10,2025-05-09,2025-08-04,1,6239,2025-09-30,24,-0.009719958371086022,0.1728813499212265,0.07941226661205292,0.8134920597076416,0.817460298538208,0.2261904776096344
2025-09,2025-09-01,2025-09-30,2023-09-01,2025-04-10,2025-05-09,2025-08-04,1,6418,2025-09-30,25,-0.009719958371086022,-0.2707482874393463,-0.3642173707485199,0.8134920597076416,0.817460298538208,0.2261904776096344
2025-09,2025-09-01,2025-09-30,2023-09-01,2025-04-10,2025-05-09,2025-08-04,1,6509,2025-09-30,26,-0.009719958371086022,-0.08211144059896469,-0.17558053135871887,0.8134920597076416,0.817460298538208,0.2261904776096344
2025-09,2025-09-01,2025-09-30,2023-09-01,2025-04-10,2025-05-09,2025-08-04,1,3628,2025-09-30,27,-0.009719958371086022,0.4224270284175873,0.3289579451084137,0.8134920597076416,0.817460298538208,0.2261904776096344
2025-09,2025-09-01,2025-09-30,2023-09-01,2025-04-10,2025-05-09,2025-08-04,1,6425,2025-09-30,28,-0.009719958371086022,0.1878172606229782,0.09434817731380463,0.8134920597076416,0.817460298538208,0.2261904776096344
2025-09,2025-09-01,2025-09-30,2023-09-01,2025-04-10,2025-05-09,2025-08-04,1,6510,2025-09-30,29,-0.009719958371086022,-0.19298245012760162,-0.2864515483379364,0.8134920597076416,0.817460298538208,0.2261904776096344
2025-09,2025-09-01,2025-09-30,2023-09-01,2025-04-10,2025-05-09,2025-08-04,1,6862,2025-09-30,30,-0.009719958371086022,0.25,0.15653091669082642,0.8134920597076416,0.817460298538208,0.2261904776096344
2025-10,2025-10-01,2025-10-31,2023-10-01,2025-05-12,2025-06-10,2025-09-02,1,5438,2025-10-31,1,-0.008643157502528826,-0.0393013097345829,-0.01780908927321434,0.9603174328804016,0.9841269850730896,0.3134920597076416
2025-10,2025-10-01,2025-10-31,2023-10-01,2025-05-12,2025-06-10,2025-09-02,1,3041,2025-10-31,2,-0.008643157502528826,-0.09010601043701172,-0.06861378997564316,0.9603174328804016,0.9841269850730896,0.3134920597076416
2025-10,2025-10-01,2025-10-31,2023-10-01,2025-05-12,2025-06-10,2025-09-02,1,6108,2025-10-31,3,-0.008643157502528826,-0.12627986073493958,-0.10478764027357101,0.9603174328804016,0.9841269850730896,0.3134920597076416
2025-10,2025-10-01,2025-10-31,2023-10-01,2025-05-12,2025-06-10,2025-09-02,1,1563,2025-10-31,4,-0.008643157502528826,-0.13038906455039978,-0.10889684408903122,0.9603174328804016,0.9841269850730896,0.3134920597076416
2025-10,2025-10-01,2025-10-31,2023-10-01,2025-05-12,2025-06-10,2025-09-02,1,2449,2025-10-31,5,-0.009001569044700378,0.026905829086899757,0.04839804768562317,0.9603174328804016,0.9841269850730896,0.3134920597076416
2025-10,2025-10-01,2025-10-31,2023-10-01,2025-05-12,2025-06-10,2025-09-02,1,2451,2025-10-31,6,-0.009001569044700378,0.3916349709033966,0.41312718391418457,0.9603174328804016,0.9841269850730896,0.3134920597076416
2025-10,2025-10-01,2025-10-31,2023-10-01,2025-05-12,2025-06-10,2025-09-02,1,3680,2025-10-31,7,-0.009001569044700378,-0.035211268812417984,-0.013719048351049423,0.9603174328804016,0.9841269850730896,0.3134920597076416
2025-10,2025-10-01,2025-10-31,2023-10-01,2025-05-12,2025-06-10,2025-09-02,1,3094,2025-10-31,8,-0.009001569044700378,-0.03434343263506889,-0.012851212173700333,0.9603174328804016,0.9841269850730896,0.3134920597076416
2025-10,2025-10-01,2025-10-31,2023-10-01,2025-05-12,2025-06-10,2025-09-02,1,3105,2025-10-31,9,-0.009001569044700378,0.2654867172241211,0.28697893023490906,0.9603174328804016,0.9841269850730896,0.3134920597076416
2025-10,2025-10-01,2025-10-31,2023-10-01,2025-05-12,2025-06-10,2025-09-02,1,2481,2025-10-31,10,-0.009001569044700378,0.08301886916160583,0.1045110896229744,0.9603174328804016,0.9841269850730896,0.3134920597076416
2025-10,2025-10-01,2025-10-31,2023-10-01,2025-05-12,2025-06-10,2025-09-02,1,2337,2025-10-31,11,-0.009001569044700378,0.09120000153779984,0.1126922219991684,0.9603174328804016,0.9841269850730896,0.3134920597076416
2025-10,2025-10-01,2025-10-31,2023-10-01,2025-05-12,2025-06-10,2025-09-02,1,2338,2025-10-31,12,-0.009001569044700378,-0.05662805587053299,-0.03513583540916443,0.9603174328804016,0.9841269850730896,0.3134920597076416
2025-10,2025-10-01,2025-10-31,2023-10-01,2025-05-12,2025-06-10,2025-09-02,1,2340,2025-10-31,13,-0.009001569044700378,0.04938271641731262,0.07087493687868118,0.9603174328804016,0.9841269850730896,0.3134920597076416
2025-10,2025-10-01,2025-10-31,2023-10-01,2025-05-12,2025-06-10,2025-09-02,1,2458,2025-10-31,14,-0.009001569044700378,0.05976095795631409,0.08125317841768265,0.9603174328804016,0.9841269850730896,0.3134920597076416
2025-10,2025-10-01,2025-10-31,2023-10-01,2025-05-12,2025-06-10,2025-09-02,1,3122,2025-10-31,15,-0.009001569044700378,-0.06198346987366676,-0.0404912494122982,0.9603174328804016,0.9841269850730896,0.3134920597076416
2025-10,2025-10-01,2025-10-31,2023-10-01,2025-05-12,2025-06-10,2025-09-02,1,3529,2025-10-31,16,-0.009001569044700378,0.040712468326091766,0.06220468878746033,0.9603174328804016,0.9841269850730896,0.3134920597076416
2025-10,2025-10-01,2025-10-31,2023-10-01,2025-05-12,2025-06-10,2025-09-02,1,3141,2025-10-31,17,-0.009001569044700378,-0.05875952169299126,-0.037267301231622696,0.9603174328804016,0.9841269850730896,0.3134920597076416
2025-10,2025-10-01,2025-10-31,2023-10-01,2025-05-12,2025-06-10,2025-09-02,1,3413,2025-10-31,18,-0.009001569044700378,-0.1924629807472229,-0.17097076773643494,0.9603174328804016,0.9841269850730896,0.3134920597076416
2025-10,2025-10-01,2025-10-31,2023-10-01,2025-05-12,2025-06-10,2025-09-02,1,2351,2025-10-31,19,-0.009001569044700378,-0.06432748585939407,-0.04283526539802551,0.9603174328804016,0.9841269850730896,0.3134920597076416
2025-10,2025-10-01,2025-10-31,2023-10-01,2025-05-12,2025-06-10,2025-09-02,1,2812,2025-10-31,20,-0.009001569044700378,-0.02570093423128128,-0.004208714235574007,0.9603174328804016,0.9841269850730896,0.3134920597076416
2025-10,2025-10-01,2025-10-31,2023-10-01,2025-05-12,2025-06-10,2025-09-02,1,2379,2025-10-31,21,-0.009001569044700378,0.01956947147846222,0.04106169193983078,0.9603174328804016,0.9841269850730896,0.3134920597076416
2025-10,2025-10-01,2025-10-31,2023-10-01,2025-05-12,2025-06-10,2025-09-02,1,3372,2025-10-31,22,-0.009001569044700378,-0.02259887009859085,-0.0011066499864682555,0.9603174328804016,0.9841269850730896,0.3134920597076416
2025-10,2025-10-01,2025-10-31,2023-10-01,2025-05-12,2025-06-10,2025-09-02,1,3014,2025-10-31,23,-0.009001569044700378,-0.08365018665790558,-0.06215796619653702,0.9603174328804016,0.9841269850730896,0.3134920597076416
2025-10,2025-10-01,2025-10-31,2023-10-01,2025-05-12,2025-06-10,2025-09-02,1,3257,2025-10-31,24,-0.009001569044700378,-0.16983695328235626,-0.1483447402715683,0.9603174328804016,0.9841269850730896,0.3134920597076416
2025-10,2025-10-01,2025-10-31,2023-10-01,2025-05-12,2025-06-10,2025-09-02,1,3016,2025-10-31,25,-0.009001569044700378,-0.11989343166351318,-0.09840121120214462,0.9603174328804016,0.9841269850730896,0.3134920597076416
2025-10,2025-10-01,2025-10-31,2023-10-01,2025-05-12,2025-06-10,2025-09-02,1,3260,2025-10-31,26,-0.009001569044700378,-0.11249999701976776,-0.0910077765583992,0.9603174328804016,0.9841269850730896,0.3134920597076416
2025-10,2025-10-01,2025-10-31,2023-10-01,2025-05-12,2025-06-10,2025-09-02,1,3264,2025-10-31,27,-0.009001569044700378,-0.04397905617952347,-0.022486835718154907,0.9603174328804016,0.9841269850730896,0.3134920597076416
2025-10,2025-10-01,2025-10-31,2023-10-01,2025-05-12,2025-06-10,2025-09-02,1,3265,2025-10-31,28,-0.009001569044700378,0.023735810071229935,0.045228030532598495,0.9603174328804016,0.9841269850730896,0.3134920597076416
2025-10,2025-10-01,2025-10-31,2023-10-01,2025-05-12,2025-06-10,2025-09-02,1,2363,2025-10-31,29,-0.009001569044700378,-0.12454873323440552,-0.10305651277303696,0.9603174328804016,0.9841269850730896,0.3134920597076416
2025-10,2025-10-01,2025-10-31,2023-10-01,2025-05-12,2025-06-10,2025-09-02,1,3450,2025-10-31,30,-0.009001569044700378,-0.08014571666717529,-0.05865349620580673,0.9603174328804016,0.9841269850730896,0.3134920597076416
2025-11,2025-11-01,2025-11-30,2023-11-01,2025-06-10,2025-07-08,2025-10-01,1,2316,2025-11-28,1,-0.007581856868665259,-0.14107884466648102,-0.18547847867012024,0.1944444477558136,0.5436508059501648,0.5158730149269104
2025-11,2025-11-01,2025-11-30,2023-11-01,2025-06-10,2025-07-08,2025-10-01,1,4722,2025-11-28,2,-0.007581856868665259,0.03910614550113678,-0.005293490830808878,0.1944444477558136,0.5436508059501648,0.5158730149269104
2025-11,2025-11-01,2025-11-30,2023-11-01,2025-06-10,2025-07-08,2025-10-01,1,4977,2025-11-28,3,-0.007581856868665259,0.08627451211214066,0.041874874383211136,0.1944444477558136,0.5436508059501648,0.5158730149269104
2025-11,2025-11-01,2025-11-30,2023-11-01,2025-06-10,2025-07-08,2025-10-01,1,2467,2025-11-28,4,-0.011345403391258996,0.17961165308952332,0.1352120190858841,0.1944444477558136,0.5436508059501648,0.5158730149269104
2025-11,2025-11-01,2025-11-30,2023-11-01,2025-06-10,2025-07-08,2025-10-01,1,4129,2025-11-28,5,-0.011345403391258996,-0.07851240038871765,-0.12291203439235687,0.1944444477558136,0.5436508059501648,0.5158730149269104
2025-11,2025-11-01,2025-11-30,2023-11-01,2025-06-10,2025-07-08,2025-10-01,1,5608,2025-11-28,6,-0.011345403391258996,-0.04557640850543976,-0.08997604250907898,0.1944444477558136,0.5436508059501648,0.5158730149269104
2025-11,2025-11-01,2025-11-30,2023-11-01,2025-06-10,2025-07-08,2025-10-01,1,1231,2025-11-28,7,-0.0124860702860594,-0.004000000189989805,-0.04839963838458061,0.1944444477558136,0.5436508059501648,0.5158730149269104
2025-11,2025-11-01,2025-11-30,2023-11-01,2025-06-10,2025-07-08,2025-10-01,1,1295,2025-11-28,8,-0.0124860702860594,-0.06631015986204147,-0.1107097938656807,0.1944444477558136,0.5436508059501648,0.5158730149269104
2025-11,2025-11-01,2025-11-30,2023-11-01,2025-06-10,2025-07-08,2025-10-01,1,3046,2025-11-28,9,-0.0124860702860594,0.07322175800800323,0.028822122141718864,0.1944444477558136,0.5436508059501648,0.5158730149269104
2025-11,2025-11-01,2025-11-30,2023-11-01,2025-06-10,2025-07-08,2025-10-01,1,3483,2025-11-28,10,-0.0124860702860594,0.0010822510812431574,-0.04331738501787186,0.1944444477558136,0.5436508059501648,0.5158730149269104
2025-11,2025-11-01,2025-11-30,2023-11-01,2025-06-10,2025-07-08,2025-10-01,1,3231,2025-11-28,11,-0.0124860702860594,0.017421603202819824,-0.026978032663464546,0.1944444477558136,0.5436508059501648,0.5158730149269104
2025-11,2025-11-01,2025-11-30,2023-11-01,2025-06-10,2025-07-08,2025-10-01,1,2371,2025-11-28,12,-0.0124860702860594,-0.028315946459770203,-0.07271558046340942,0.1944444477558136,0.5436508059501648,0.5158730149269104
2025-11,2025-11-01,2025-11-30,2023-11-01,2025-06-10,2025-07-08,2025-10-01,1,2230,2025-11-28,13,-0.0124860702860594,-0.11483253538608551,-0.15923216938972473,0.1944444477558136,0.5436508059501648,0.5158730149269104
2025-11,2025-11-01,2025-11-30,2023-11-01,2025-06-10,2025-07-08,2025-10-01,1,3540,2025-11-28,14,-0.0124860702860594,0.058139536529779434,0.01373989973217249,0.1944444477558136,0.5436508059501648,0.5158730149269104
2025-11,2025-11-01,2025-11-30,2023-11-01,2025-06-10,2025-07-08,2025-10-01,1,3002,2025-11-28,15,-0.0124860702860594,-0.025830257683992386,-0.0702298954129219,0.1944444477558136,0.5436508059501648,0.5158730149269104
2025-11,2025-11-01,2025-11-30,2023-11-01,2025-06-10,2025-07-08,2025-10-01,1,1529,2025-11-28,16,-0.0124860702860594,0.007832897827029228,-0.03656673803925514,0.1944444477558136,0.5436508059501648,0.5158730149269104
2025-11,2025-11-01,2025-11-30,2023-11-01,2025-06-10,2025-07-08,2025-10-01,1,2376,2025-11-28,17,-0.0124860702860594,-0.020533880218863487,-0.06493351608514786,0.1944444477558136,0.5436508059501648,0.5158730149269104
2025-11,2025-11-01,2025-11-30,2023-11-01,2025-06-10,2025-07-08,2025-10-01,1,2377,2025-11-28,18,-0.0124860702860594,-0.10328638553619385,-0.14768601953983307,0.1944444477558136,0.5436508059501648,0.5158730149269104
2025-11,2025-11-01,2025-11-30,2023-11-01,2025-06-10,2025-07-08,2025-10-01,1,3211,2025-11-28,19,-0.0124860702860594,0.2897196114063263,0.24531997740268707,0.1944444477558136,0.5436508059501648,0.5158730149269104
2025-11,2025-11-01,2025-11-30,2023-11-01,2025-06-10,2025-07-08,2025-10-01,1,2382,2025-11-28,20,-0.0124860702860594,-0.07067137956619263,-0.11507101356983185,0.1944444477558136,0.5436508059501648,0.5158730149269104
2025-11,2025-11-01,2025-11-30,2023-11-01,2025-06-10,2025-07-08,2025-10-01,1,2258,2025-11-28,21,-0.0124860702860594,0.04326328635215759,-0.0011363500962033868,0.1944444477558136,0.5436508059501648,0.5158730149269104
2025-11,2025-11-01,2025-11-30,2023-11-01,2025-06-10,2025-07-08,2025-10-01,1,2301,2025-11-28,22,-0.0124860702860594,0.041009463369846344,-0.0033901729620993137,0.1944444477558136,0.5436508059501648,0.5158730149269104
2025-11,2025-11-01,2025-11-30,2023-11-01,2025-06-10,2025-07-08,2025-10-01,1,3213,2025-11-28,23,-0.0124860702860594,0.0,-0.04439963772892952,0.1944444477558136,0.5436508059501648,0.5158730149269104
2025-11,2025-11-01,2025-11-30,2023-11-01,2025-06-10,2025-07-08,2025-10-01,1,3005,2025-11-28,24,-0.0124860702860594,-0.05976095795631409,-0.10416059195995331,0.1944444477558136,0.5436508059501648,0.5158730149269104
2025-11,2025-11-01,2025-11-30,2023-11-01,2025-06-10,2025-07-08,2025-10-01,1,2305,2025-11-28,25,-0.0124860702860594,0.023364486172795296,-0.021035149693489075,0.1944444477558136,0.5436508059501648,0.5158730149269104
2025-11,2025-11-01,2025-11-30,2023-11-01,2025-06-10,2025-07-08,2025-10-01,1,2387,2025-11-28,26,-0.0124860702860594,-0.03717472031712532,-0.08157435804605484,0.1944444477558136,0.5436508059501648,0.5158730149269104
2025-11,2025-11-01,2025-11-30,2023-11-01,2025-06-10,2025-07-08,2025-10-01,1,3479,2025-11-28,27,-0.0124860702860594,-0.06504064798355103,-0.10944028198719025,0.1944444477558136,0.5436508059501648,0.5158730149269104
2025-11,2025-11-01,2025-11-30,2023-11-01,2025-06-10,2025-07-08,2025-10-01,1,2495,2025-11-28,28,-0.0124860702860594,0.1345454603433609,0.09014582633972168,0.1944444477558136,0.5436508059501648,0.5158730149269104
2025-11,2025-11-01,2025-11-30,2023-11-01,2025-06-10,2025-07-08,2025-10-01,1,3515,2025-11-28,29,-0.0124860702860594,-0.005964214913547039,-0.050363849848508835,0.1944444477558136,0.5436508059501648,0.5158730149269104
2025-11,2025-11-01,2025-11-30,2023-11-01,2025-06-10,2025-07-08,2025-10-01,1,1216,2025-11-28,30,-0.0124860702860594,0.044619422405958176,0.00021978601580485702,0.1944444477558136,0.5436508059501648,0.5158730149269104
2025-12,2025-12-01,2025-12-31,2023-12-01,2025-07-08,2025-08-05,2025-11-03,1,8404,2025-12-31,1,-0.008244568560995875,0.00643776822835207,-0.11745842546224594,0.7063491940498352,0.5515872836112976,0.5476190447807312
2025-12,2025-12-01,2025-12-31,2023-12-01,2025-07-08,2025-08-05,2025-11-03,1,8936,2025-12-31,2,-0.008244568560995875,-0.05797101557254791,-0.18186721205711365,0.7063491940498352,0.5515872836112976,0.5476190447807312
2025-12,2025-12-01,2025-12-31,2023-12-01,2025-07-08,2025-08-05,2025-11-03,1,6592,2025-12-31,3,-0.008244568560995875,0.015025041997432709,-0.10887114703655243,0.7063491940498352,0.5515872836112976,0.5476190447807312
2025-12,2025-12-01,2025-12-31,2023-12-01,2025-07-08,2025-08-05,2025-11-03,1,5871,2025-12-31,4,-0.008244568560995875,-0.023474179208278656,-0.1473703682422638,0.7063491940498352,0.5515872836112976,0.5476190447807312
2025-12,2025-12-01,2025-12-31,2023-12-01,2025-07-08,2025-08-05,2025-11-03,1,6901,2025-12-31,5,-0.008244568560995875,0.06666667014360428,-0.05722952261567116,0.7063491940498352,0.5515872836112976,0.5476190447807312
2025-12,2025-12-01,2025-12-31,2023-12-01,2025-07-08,2025-08-05,2025-11-03,1,9945,2025-12-31,6,-0.008244568560995875,-0.018394649028778076,-0.1422908455133438,0.7063491940498352,0.5515872836112976,0.5476190447807312
2025-12,2025-12-01,2025-12-31,2023-12-01,2025-07-08,2025-08-05,2025-11-03,1,9941,2025-12-31,7,-0.008244568560995875,-0.09302325546741486,-0.2169194519519806,0.7063491940498352,0.5515872836112976,0.5476190447807312
2025-12,2025-12-01,2025-12-31,2023-12-01,2025-07-08,2025-08-05,2025-11-03,1,9940,2025-12-31,8,-0.008244568560995875,-0.032967034727334976,-0.1568632274866104,0.7063491940498352,0.5515872836112976,0.5476190447807312
2025-12,2025-12-01,2025-12-31,2023-12-01,2025-07-08,2025-08-05,2025-11-03,1,2062,2025-12-31,9,-0.008244568560995875,0.07785888016223907,-0.04603731259703636,0.7063491940498352,0.5515872836112976,0.5476190447807312
2025-12,2025-12-01,2025-12-31,2023-12-01,2025-07-08,2025-08-05,2025-11-03,1,5530,2025-12-31,10,-0.008244568560995875,0.10169491171836853,-0.022201281040906906,0.7063491940498352,0.5515872836112976,0.5476190447807312
2025-12,2025-12-01,2025-12-31,2023-12-01,2025-07-08,2025-08-05,2025-11-03,1,9902,2025-12-31,11,-0.008244568560995875,0.044247787445783615,-0.07964840531349182,0.7063491940498352,0.5515872836112976,0.5476190447807312
2025-12,2025-12-01,2025-12-31,2023-12-01,2025-07-08,2025-08-05,2025-11-03,1,6179,2025-12-31,12,-0.008244568560995875,-0.027586206793785095,-0.15148240327835083,0.7063491940498352,0.5515872836112976,0.5476190447807312
2025-12,2025-12-01,2025-12-31,2023-12-01,2025-07-08,2025-08-05,2025-11-03,1,2348,2025-12-31,13,-0.008244568560995875,-0.02712700329720974,-0.15102319419384003,0.7063491940498352,0.5515872836112976,0.5476190447807312
2025-12,2025-12-01,2025-12-31,2023-12-01,2025-07-08,2025-08-05,2025-11-03,1,1584,2025-12-31,14,-0.008244568560995875,0.0732758641242981,-0.05062032863497734,0.7063491940498352,0.5515872836112976,0.5476190447807312
2025-12,2025-12-01,2025-12-31,2023-12-01,2025-07-08,2025-08-05,2025-11-03,1,8033,2025-12-31,15,-0.008244568560995875,0.06529209762811661,-0.05860409513115883,0.7063491940498352,0.5515872836112976,0.5476190447807312
2025-12,2025-12-01,2025-12-31,2023-12-01,2025-07-08,2025-08-05,2025-11-03,1,8932,2025-12-31,16,-0.008244568560995875,0.22123894095420837,0.09734275192022324,0.7063491940498352,0.5515872836112976,0.5476190447807312
2025-12,2025-12-01,2025-12-31,2023-12-01,2025-07-08,2025-08-05,2025-11-03,1,8935,2025-12-31,17,-0.008244568560995875,0.03950617462396622,-0.08439001441001892,0.7063491940498352,0.5515872836112976,0.5476190447807312
2025-12,2025-12-01,2025-12-31,2023-12-01,2025-07-08,2025-08-05,2025-11-03,1,2614,2025-12-31,18,-0.008244568560995875,-0.08849557489156723,-0.21239176392555237,0.7063491940498352,0.5515872836112976,0.5476190447807312
2025-12,2025-12-01,2025-12-31,2023-12-01,2025-07-08,2025-08-05,2025-11-03,1,5314,2025-12-31,19,-0.008244568560995875,0.012145749293267727,-0.11175044625997543,0.7063491940498352,0.5515872836112976,0.5476190447807312
2025-12,2025-12-01,2025-12-31,2023-12-01,2025-07-08,2025-08-05,2025-11-03,1,5284,2025-12-31,20,-0.008244568560995875,-0.04247787594795227,-0.166374072432518,0.7063491940498352,0.5515872836112976,0.5476190447807312
2025-12,2025-12-01,2025-12-31,2023-12-01,2025-07-08,2025-08-05,2025-11-03,1,5481,2025-12-31,21,-0.008244568560995875,-0.004385964944958687,-0.12828215956687927,0.7063491940498352,0.5515872836112976,0.5476190447807312
2025-12,2025-12-01,2025-12-31,2023-12-01,2025-07-08,2025-08-05,2025-11-03,1,5398,2025-12-31,22,-0.008244568560995875,-0.15212981402873993,-0.27602601051330566,0.7063491940498352,0.5515872836112976,0.5476190447807312
2025-12,2025-12-01,2025-12-31,2023-12-01,2025-07-08,2025-08-05,2025-11-03,1,3040,2025-12-31,23,-0.008244568560995875,-0.14673912525177002,-0.27063530683517456,0.7063491940498352,0.5515872836112976,0.5476190447807312
2025-12,2025-12-01,2025-12-31,2023-12-01,2025-07-08,2025-08-05,2025-11-03,1,4541,2025-12-31,24,-0.008244568560995875,0.10977080464363098,-0.014125388115644455,0.7063491940498352,0.5515872836112976,0.5476190447807312
2025-12,2025-12-01,2025-12-31,2023-12-01,2025-07-08,2025-08-05,2025-11-03,1,3313,2025-12-31,25,-0.008244568560995875,-0.041522491723299026,-0.16541868448257446,0.7063491940498352,0.5515872836112976,0.5476190447807312
2025-12,2025-12-01,2025-12-31,2023-12-01,2025-07-08,2025-08-05,2025-11-03,1,9938,2025-12-31,26,-0.008244568560995875,0.0,-0.12389618903398514,0.7063491940498352,0.5515872836112976,0.5476190447807312
2025-12,2025-12-01,2025-12-31,2023-12-01,2025-07-08,2025-08-05,2025-11-03,1,9934,2025-12-31,27,-0.008244568560995875,0.014925372786819935,-0.10897082090377808,0.7063491940498352,0.5515872836112976,0.5476190447807312
2025-12,2025-12-01,2025-12-31,2023-12-01,2025-07-08,2025-08-05,2025-11-03,1,9933,2025-12-31,28,-0.008244568560995875,0.02907915972173214,-0.09481703490018845,0.7063491940498352,0.5515872836112976,0.5476190447807312
2025-12,2025-12-01,2025-12-31,2023-12-01,2025-07-08,2025-08-05,2025-11-03,1,9919,2025-12-31,29,-0.008244568560995875,0.09422492235898972,-0.02967127040028572,0.7063491940498352,0.5515872836112976,0.5476190447807312
2025-12,2025-12-01,2025-12-31,2023-12-01,2025-07-08,2025-08-05,2025-11-03,1,9917,2025-12-31,30,-0.008244568560995875,-0.018518518656492233,-0.14241470396518707,0.7063491940498352,0.5515872836112976,0.5476190447807312
2026-01,2026-01-01,2026-01-31,2024-01-01,2025-08-07,2025-09-04,2025-12-03,7,1326,2026-01-30,1,0.0008639368973218893,0.05896510183811188,-0.004983543884009123,0.9642857313156128,0.9960317611694336,0.5952380895614624
2026-01,2026-01-01,2026-01-31,2024-01-01,2025-08-07,2025-09-04,2025-12-03,7,1802,2026-01-30,2,0.0006557425308540828,0.23143164813518524,0.16748300194740295,0.9642857313156128,0.9960317611694336,0.5952380895614624
2026-01,2026-01-01,2026-01-31,2024-01-01,2025-08-07,2025-09-04,2025-12-03,7,1303,2026-01-30,3,-0.00042256627740183775,0.10455764085054398,0.04060899466276169,0.9642857313156128,0.9960317611694336,0.5952380895614624
2026-01,2026-01-01,2026-01-31,2024-01-01,2025-08-07,2025-09-04,2025-12-03,7,6492,2026-01-30,4,-0.000791232121067261,-0.18048781156539917,-0.24443645775318146,0.9642857313156128,0.9960317611694336,0.5952380895614624
2026-01,2026-01-01,2026-01-31,2024-01-01,2025-08-07,2025-09-04,2025-12-03,7,3491,2026-01-30,5,-0.0008795013895066855,0.12444444745779037,0.06049580127000809,0.9642857313156128,0.9960317611694336,0.5952380895614624
2026-01,2026-01-01,2026-01-31,2024-01-01,2025-08-07,2025-09-04,2025-12-03,7,1301,2026-01-30,6,-0.001078037113935671,0.01288936659693718,-0.05105927959084511,0.9642857313156128,0.9960317611694336,0.5952380895614624
2026-01,2026-01-01,2026-01-31,2024-01-01,2025-08-07,2025-09-04,2025-12-03,7,3081,2026-01-30,7,-0.0012764061202182346,0.5981500744819641,0.534201443195343,0.9642857313156128,0.9960317611694336,0.5952380895614624
2026-01,2026-01-01,2026-01-31,2024-01-01,2025-08-07,2025-09-04,2025-12-03,7,6426,2026-01-30,8,-0.002030034231029142,0.08536585420370102,0.02141720801591873,0.9642857313156128,0.9960317611694336,0.5952380895614624
2026-01,2026-01-01,2026-01-31,2024-01-01,2025-08-07,2025-09-04,2025-12-03,7,3221,2026-01-30,9,-0.002030034231029142,-0.028333334252238274,-0.09228198230266571,0.9642857313156128,0.9960317611694336,0.5952380895614624
2026-01,2026-01-01,2026-01-31,2024-01-01,2025-08-07,2025-09-04,2025-12-03,7,6285,2026-01-30,10,-0.002030034231029142,-0.14173229038715363,-0.2056809365749359,0.9642857313156128,0.9960317611694336,0.5952380895614624
2026-01,2026-01-01,2026-01-31,2024-01-01,2025-08-07,2025-09-04,2025-12-03,7,3234,2026-01-30,11,-0.002030034231029142,0.40344828367233276,0.33949965238571167,0.9642857313156128,0.9960317611694336,0.5952380895614624
2026-01,2026-01-01,2026-01-31,2024-01-01,2025-08-07,2025-09-04,2025-12-03,7,3138,2026-01-30,12,-0.002030034231029142,0.011019283905625343,-0.052929360419511795,0.9642857313156128,0.9960317611694336,0.5952380895614624
2026-01,2026-01-01,2026-01-31,2024-01-01,2025-08-07,2025-09-04,2025-12-03,7,6442,2026-01-30,13,-0.002030034231029142,0.037249282002449036,-0.026699364185333252,0.9642857313156128,0.9960317611694336,0.5952380895614624
2026-01,2026-01-01,2026-01-31,2024-01-01,2025-08-07,2025-09-04,2025-12-03,7,6588,2026-01-30,14,-0.002030034231029142,0.16837482154369354,0.10442617535591125,0.9642857313156128,0.9960317611694336,0.5952380895614624
2026-01,2026-01-01,2026-01-31,2024-01-01,2025-08-07,2025-09-04,2025-12-03,7,2485,2026-01-30,15,-0.002030034231029142,0.37905237078666687,0.3151037395000458,0.9642857313156128,0.9960317611694336,0.5952380895614624
2026-01,2026-01-01,2026-01-31,2024-01-01,2025-08-07,2025-09-04,2025-12-03,7,6021,2026-01-30,16,-0.0020398425286921582,0.03955696150660515,-0.02439168468117714,0.9642857313156128,0.9960317611694336,0.5952380895614624
2026-01,2026-01-01,2026-01-31,2024-01-01,2025-08-07,2025-09-04,2025-12-03,7,5864,2026-01-30,17,-0.0020398425286921582,0.05319149047136307,-0.01075715571641922,0.9642857313156128,0.9960317611694336,0.5952380895614624
2026-01,2026-01-01,2026-01-31,2024-01-01,2025-08-07,2025-09-04,2025-12-03,7,6005,2026-01-30,18,-0.0020562652987038683,-0.043844856321811676,-0.10779350250959396,0.9642857313156128,0.9960317611694336,0.5952380895614624
2026-01,2026-01-01,2026-01-31,2024-01-01,2025-08-07,2025-09-04,2025-12-03,7,8046,2026-01-30,19,-0.0025882119937022828,0.23490813374519348,0.1709594875574112,0.9642857313156128,0.9960317611694336,0.5952380895614624
2026-01,2026-01-01,2026-01-31,2024-01-01,2025-08-07,2025-09-04,2025-12-03,7,2855,2026-01-30,20,-0.0028469120045959196,0.06065857782959938,-0.00329006789252162,0.9642857313156128,0.9960317611694336,0.5952380895614624
2026-01,2026-01-01,2026-01-31,2024-01-01,2025-08-07,2025-09-04,2025-12-03,7,1603,2026-01-30,21,-0.003658842267620408,-0.11272726953029633,-0.1766759157180786,0.9642857313156128,0.9960317611694336,0.5952380895614624
2026-01,2026-01-01,2026-01-31,2024-01-01,2025-08-07,2025-09-04,2025-12-03,7,4168,2026-01-30,22,-0.005441339783981588,-0.15000000596046448,-0.21394865214824677,0.9642857313156128,0.9960317611694336,0.5952380895614624
2026-01,2026-01-01,2026-01-31,2024-01-01,2025-08-07,2025-09-04,2025-12-03,7,1215,2026-01-30,23,-0.00550316972197195,0.04040404036641121,-0.02354460582137108,0.9642857313156128,0.9960317611694336,0.5952380895614624
2026-01,2026-01-01,2026-01-31,2024-01-01,2025-08-07,2025-09-04,2025-12-03,7,3163,2026-01-30,24,-0.005748177986649383,0.7701149582862854,0.7061663269996643,0.9642857313156128,0.9960317611694336,0.5952380895614624
2026-01,2026-01-01,2026-01-31,2024-01-01,2025-08-07,2025-09-04,2025-12-03,7,4979,2026-01-30,25,-0.005748177986649383,0.21746031939983368,0.1535116732120514,0.9642857313156128,0.9960317611694336,0.5952380895614624
2026-01,2026-01-01,2026-01-31,2024-01-01,2025-08-07,2025-09-04,2025-12-03,7,6016,2026-01-30,26,-0.006425787552408996,0.06363636255264282,-0.00031228322768583894,0.9642857313156128,0.9960317611694336,0.5952380895614624
2026-01,2026-01-01,2026-01-31,2024-01-01,2025-08-07,2025-09-04,2025-12-03,7,6015,2026-01-30,27,-0.006425787552408996,-0.021276595070958138,-0.08522523939609528,0.9642857313156128,0.9960317611694336,0.5952380895614624
2026-01,2026-01-01,2026-01-31,2024-01-01,2025-08-07,2025-09-04,2025-12-03,7,2887,2026-01-30,28,-0.006425787552408996,0.07505518943071365,0.011106543242931366,0.9642857313156128,0.9960317611694336,0.5952380895614624
2026-01,2026-01-01,2026-01-31,2024-01-01,2025-08-07,2025-09-04,2025-12-03,7,2880,2026-01-30,29,-0.006425787552408996,0.022421523928642273,-0.041527122259140015,0.9642857313156128,0.9960317611694336,0.5952380895614624
2026-01,2026-01-01,2026-01-31,2024-01-01,2025-08-07,2025-09-04,2025-12-03,7,6470,2026-01-30,30,-0.006641673680590461,-0.03177570179104805,-0.09572434425354004,0.9642857313156128,0.9960317611694336,0.5952380895614624
2026-02,2026-02-01,2026-02-28,2024-02-01,2025-09-05,2025-10-07,2026-01-05,18,5904,2026-02-26,1,0.008241778737394158,0.01701701618731022,0.0802047923207283,0.9484127163887024,1.0,0.369047611951828
2026-02,2026-02-01,2026-02-28,2024-02-01,2025-09-05,2025-10-07,2026-01-05,18,2885,2026-02-26,2,0.008171259081318282,-0.05624999850988388,0.006937777623534203,0.9484127163887024,1.0,0.369047611951828
2026-02,2026-02-01,2026-02-28,2024-02-01,2025-09-05,2025-10-07,2026-01-05,18,2880,2026-02-26,3,-0.0001928216476040546,-0.1184210553765297,-0.05523327738046646,0.9484127163887024,1.0,0.369047611951828
2026-02,2026-02-01,2026-02-28,2024-02-01,2025-09-05,2025-10-07,2026-01-05,18,2891,2026-02-26,4,-0.0001928216476040546,-0.039855074137449265,0.02333270199596882,0.9484127163887024,1.0,0.369047611951828
2026-02,2026-02-01,2026-02-28,2024-02-01,2025-09-05,2025-10-07,2026-01-05,18,2890,2026-02-26,5,-0.0001928216476040546,-0.03500761091709137,0.028180165216326714,0.9484127163887024,1.0,0.369047611951828
2026-02,2026-02-01,2026-02-28,2024-02-01,2025-09-05,2025-10-07,2026-01-05,18,2882,2026-02-26,6,-0.0018133794143104618,-0.11083123087882996,-0.047643452882766724,0.9484127163887024,1.0,0.369047611951828
2026-02,2026-02-01,2026-02-28,2024-02-01,2025-09-05,2025-10-07,2026-01-05,18,6021,2026-02-26,7,-0.0023801995347058212,-0.11224489659070969,-0.049057118594646454,0.9484127163887024,1.0,0.369047611951828
2026-02,2026-02-01,2026-02-28,2024-02-01,2025-09-05,2025-10-07,2026-01-05,18,2887,2026-02-26,8,-0.0026817441911235773,-0.03992015868425369,0.02326761744916439,0.9484127163887024,1.0,0.369047611951828
2026-02,2026-02-01,2026-02-28,2024-02-01,2025-09-05,2025-10-07,2026-01-05,18,6005,2026-02-26,9,-0.003212466711276726,-0.08064515888690948,-0.0174573827534914,0.9484127163887024,1.0,0.369047611951828
2026-02,2026-02-01,2026-02-28,2024-02-01,2025-09-05,2025-10-07,2026-01-05,18,2855,2026-02-26,10,-0.003212466711276726,0.049441784620285034,0.11262956261634827,0.9484127163887024,1.0,0.369047611951828
2026-02,2026-02-01,2026-02-28,2024-02-01,2025-09-05,2025-10-07,2026-01-05,18,2883,2026-02-26,11,-0.004392741568195386,-0.06367924809455872,-0.0004914719611406326,0.9484127163887024,1.0,0.369047611951828
2026-02,2026-02-01,2026-02-28,2024-02-01,2025-09-05,2025-10-07,2026-01-05,18,5607,2026-02-26,12,-0.005351369994994401,-0.15129151940345764,-0.08810374140739441,0.9484127163887024,1.0,0.369047611951828
2026-02,2026-02-01,2026-02-28,2024-02-01,2025-09-05,2025-10-07,2026-01-05,18,2838,2026-02-26,13,-0.0093293283418514,0.04466501250863075,0.10785278677940369,0.9484127163887024,1.0,0.369047611951828
2026-02,2026-02-01,2026-02-28,2024-02-01,2025-09-05,2025-10-07,2026-01-05,18,2881,2026-02-26,14,-0.009488636520632459,-0.06900212168693542,-0.005814345553517342,0.9484127163887024,1.0,0.369047611951828
2026-02,2026-02-01,2026-02-28,2024-02-01,2025-09-05,2025-10-07,2026-01-05,18,2912,2026-02-26,15,-0.009962911412043774,-0.0022321429569274187,0.060955632477998734,0.9484127163887024,1.0,0.369047611951828
2026-02,2026-02-01,2026-02-28,2024-02-01,2025-09-05,2025-10-07,2026-01-05,18,2884,2026-02-26,16,-0.010357001297445576,-0.06666667014360428,-0.0034788940101861954,0.9484127163887024,1.0,0.369047611951828
2026-02,2026-02-01,2026-02-28,2024-02-01,2025-09-05,2025-10-07,2026-01-05,18,2892,2026-02-26,17,-0.010357001297445576,-0.043697480112314224,0.01949029602110386,0.9484127163887024,1.0,0.369047611951828
2026-02,2026-02-01,2026-02-28,2024-02-01,2025-09-05,2025-10-07,2026-01-05,18,2820,2026-02-26,18,-0.010357001297445576,-0.014705882407724857,0.04848189279437065,0.9484127163887024,1.0,0.369047611951828
2026-02,2026-02-01,2026-02-28,2024-02-01,2025-09-05,2025-10-07,2026-01-05,18,2801,2026-02-26,19,-0.010357001297445576,-0.037383176386356354,0.02580459974706173,0.9484127163887024,1.0,0.369047611951828
2026-02,2026-02-01,2026-02-28,2024-02-01,2025-09-05,2025-10-07,2026-01-05,18,5864,2026-02-26,20,-0.010949899657165824,-0.08379888534545898,-0.0206111092120409,0.9484127163887024,1.0,0.369047611951828
2026-02,2026-02-01,2026-02-28,2024-02-01,2025-09-05,2025-10-07,2026-01-05,18,8069,2026-02-26,21,-0.011012407394588569,-0.20000000298023224,-0.136812224984169,0.9484127163887024,1.0,0.369047611951828
2026-02,2026-02-01,2026-02-28,2024-02-01,2025-09-05,2025-10-07,2026-01-05,18,2207,2026-02-26,22,-0.011894144382869745,-0.134782612323761,-0.07159483432769775,0.9484127163887024,1.0,0.369047611951828
2026-02,2026-02-01,2026-02-28,2024-02-01,2025-09-05,2025-10-07,2026-01-05,18,6016,2026-02-26,23,-0.012067998674517386,-0.019999999552965164,0.04318777844309807,0.9484127163887024,1.0,0.369047611951828
2026-02,2026-02-01,2026-02-28,2024-02-01,2025-09-05,2025-10-07,2026-01-05,18,2404,2026-02-26,24,-0.012533207652341493,-0.19266055524349213,-0.1294727772474289,0.9484127163887024,1.0,0.369047611951828
2026-02,2026-02-01,2026-02-28,2024-02-01,2025-09-05,2025-10-07,2026-01-05,18,2317,2026-02-26,25,-0.013245864498774493,-0.14743590354919434,-0.0842481255531311,0.9484127163887024,1.0,0.369047611951828
2026-02,2026-02-01,2026-02-28,2024-02-01,2025-09-05,2025-10-07,2026-01-05,18,2489,2026-02-26,26,-0.013580289714598088,-0.146163210272789,-0.08297543227672577,0.9484127163887024,1.0,0.369047611951828
2026-02,2026-02-01,2026-02-28,2024-02-01,2025-09-05,2025-10-07,2026-01-05,18,6491,2026-02-26,27,-0.01402350744536613,-0.03620689734816551,0.02698087878525257,0.9484127163887024,1.0,0.369047611951828
2026-02,2026-02-01,2026-02-28,2024-02-01,2025-09-05,2025-10-07,2026-01-05,18,3289,2026-02-26,28,-0.014317939239271174,0.095238097012043,0.15842586755752563,0.9484127163887024,1.0,0.369047611951828
2026-02,2026-02-01,2026-02-28,2024-02-01,2025-09-05,2025-10-07,2026-01-05,18,3030,2026-02-26,29,-0.014353072585122048,0.18721461296081543,0.25040239095687866,0.9484127163887024,1.0,0.369047611951828
2026-02,2026-02-01,2026-02-28,2024-02-01,2025-09-05,2025-10-07,2026-01-05,18,6176,2026-02-26,30,-0.014531623898085754,-0.1663636416196823,-0.10317586362361908,0.9484127163887024,1.0,0.369047611951828
2026-03,2026-03-01,2026-03-31,2024-03-01,2025-09-23,2025-10-27,2026-01-21,17,5274,2026-03-31,1,-0.0088975620466766,0.45154184103012085,0.2242981493473053,0.0714285746216774,0.190476194024086,0.3928571343421936
2026-03,2026-03-01,2026-03-31,2024-03-01,2025-09-23,2025-10-27,2026-01-21,17,2345,2026-03-31,2,-0.00905930955295301,0.4384858012199402,0.21124210953712463,0.0714285746216774,0.190476194024086,0.3928571343421936
2026-03,2026-03-01,2026-03-31,2024-03-01,2025-09-23,2025-10-27,2026-01-21,17,2059,2026-03-31,3,-0.009682655201123143,0.17771084606647491,-0.04953284561634064,0.0714285746216774,0.190476194024086,0.3928571343421936
2026-03,2026-03-01,2026-03-31,2024-03-01,2025-09-23,2025-10-27,2026-01-21,17,6739,2026-03-31,4,-0.010315947392142125,0.19831223785877228,-0.028931455686688423,0.0714285746216774,0.190476194024086,0.3928571343421936
2026-03,2026-03-01,2026-03-31,2024-03-01,2025-09-23,2025-10-27,2026-01-21,17,3017,2026-03-31,5,-0.010688529528070192,0.33726415038108826,0.1100204586982727,0.0714285746216774,0.190476194024086,0.3928571343421936
2026-03,2026-03-01,2026-03-31,2024-03-01,2025-09-23,2025-10-27,2026-01-21,17,2360,2026-03-31,6,-0.011034099958576548,0.38562092185020447,0.15837723016738892,0.0714285746216774,0.190476194024086,0.3928571343421936
2026-03,2026-03-01,2026-03-31,2024-03-01,2025-09-23,2025-10-27,2026-01-21,17,3529,2026-03-31,7,-0.012553644173968634,0.4112318754196167,0.18398818373680115,0.0714285746216774,0.190476194024086,0.3928571343421936
2026-03,2026-03-01,2026-03-31,2024-03-01,2025-09-23,2025-10-27,2026-01-21,17,6442,2026-03-31,8,-0.012712900859151414,0.03940886631608009,-0.18783482909202576,0.0714285746216774,0.190476194024086,0.3928571343421936
2026-03,2026-03-01,2026-03-31,2024-03-01,2025-09-23,2025-10-27,2026-01-21,17,7734,2026-03-31,9,-0.013038427422860077,0.46451613306999207,0.2372724413871765,0.0714285746216774,0.190476194024086,0.3928571343421936
2026-03,2026-03-01,2026-03-31,2024-03-01,2025-09-23,2025-10-27,2026-01-21,17,3665,2026-03-31,10,-0.013263737374105829,0.48525470495224,0.25801101326942444,0.0714285746216774,0.190476194024086,0.3928571343421936
2026-03,2026-03-01,2026-03-31,2024-03-01,2025-09-23,2025-10-27,2026-01-21,17,2308,2026-03-31,11,-0.01366177307103021,0.4778156876564026,0.25057199597358704,0.0714285746216774,0.190476194024086,0.3928571343421936
2026-03,2026-03-01,2026-03-31,2024-03-01,2025-09-23,2025-10-27,2026-01-21,17,3533,2026-03-31,12,-0.01366177307103021,0.216279074549675,-0.010964618995785713,0.0714285746216774,0.190476194024086,0.3928571343421936
2026-03,2026-03-01,2026-03-31,2024-03-01,2025-09-23,2025-10-27,2026-01-21,17,6805,2026-03-31,13,-0.01382352057730662,0.11590296775102615,-0.1113407239317894,0.0714285746216774,0.190476194024086,0.3928571343421936
2026-03,2026-03-01,2026-03-31,2024-03-01,2025-09-23,2025-10-27,2026-01-21,17,2383,2026-03-31,14,-0.01382352057730662,0.6232143044471741,0.3959706127643585,0.0714285746216774,0.190476194024086,0.3928571343421936
2026-03,2026-03-01,2026-03-31,2024-03-01,2025-09-23,2025-10-27,2026-01-21,17,6683,2026-03-31,15,-0.01423150281707985,0.4214046895503998,0.19416099786758423,0.0714285746216774,0.190476194024086,0.3928571343421936
2026-03,2026-03-01,2026-03-31,2024-03-01,2025-09-23,2025-10-27,2026-01-21,17,3081,2026-03-31,16,-0.014508344630856826,0.5575221180915833,0.3302784264087677,0.0714285746216774,0.190476194024086,0.3928571343421936
2026-03,2026-03-01,2026-03-31,2024-03-01,2025-09-23,2025-10-27,2026-01-21,17,6127,2026-03-31,17,-0.014702485284468044,-0.029702970758080482,-0.2569466531276703,0.0714285746216774,0.190476194024086,0.3928571343421936
2026-03,2026-03-01,2026-03-31,2024-03-01,2025-09-23,2025-10-27,2026-01-21,17,2330,2026-03-31,18,-0.014973228145674486,0.16032609343528748,-0.06691759824752808,0.0714285746216774,0.190476194024086,0.3928571343421936
2026-03,2026-03-01,2026-03-31,2024-03-01,2025-09-23,2025-10-27,2026-01-21,17,6223,2026-03-31,19,-0.015162736239641149,0.2628205120563507,0.035576820373535156,0.0714285746216774,0.190476194024086,0.3928571343421936
2026-03,2026-03-01,2026-03-31,2024-03-01,2025-09-23,2025-10-27,2026-01-21,17,8996,2026-03-31,20,-0.015426430825249539,0.40134528279304504,0.1741015911102295,0.0714285746216774,0.190476194024086,0.3928571343421936
2026-03,2026-03-01,2026-03-31,2024-03-01,2025-09-23,2025-10-27,2026-01-21,17,2395,2026-03-31,21,-0.015638082890072284,0.0943683385848999,-0.13287535309791565,0.0714285746216774,0.190476194024086,0.3928571343421936
2026-03,2026-03-01,2026-03-31,2024-03-01,2025-09-23,2025-10-27,2026-01-21,17,2891,2026-03-31,22,-0.015876879971444553,-0.007590132765471935,-0.23483382165431976,0.0714285746216774,0.190476194024086,0.3928571343421936
2026-03,2026-03-01,2026-03-31,2024-03-01,2025-09-23,2025-10-27,2026-01-21,17,2883,2026-03-31,23,-0.015876879971444553,0.09693877398967743,-0.13030491769313812,0.0714285746216774,0.190476194024086,0.3928571343421936
2026-03,2026-03-01,2026-03-31,2024-03-01,2025-09-23,2025-10-27,2026-01-21,17,2886,2026-03-31,24,-0.015876879971444553,0.00385109125636518,-0.22339260578155518,0.0714285746216774,0.190476194024086,0.3928571343421936
2026-03,2026-03-01,2026-03-31,2024-03-01,2025-09-23,2025-10-27,2026-01-21,17,2892,2026-03-31,25,-0.015876879971444553,0.014059754088521004,-0.2131839394569397,0.0714285746216774,0.190476194024086,0.3928571343421936
2026-03,2026-03-01,2026-03-31,2024-03-01,2025-09-23,2025-10-27,2026-01-21,17,2887,2026-03-31,26,-0.015876879971444553,0.006342494860291481,-0.22090119123458862,0.0714285746216774,0.190476194024086,0.3928571343421936
2026-03,2026-03-01,2026-03-31,2024-03-01,2025-09-23,2025-10-27,2026-01-21,17,8112,2026-03-31,27,-0.01590415587201011,0.06103895977139473,-0.16620473563671112,0.0714285746216774,0.190476194024086,0.3928571343421936
2026-03,2026-03-01,2026-03-31,2024-03-01,2025-09-23,2025-10-27,2026-01-21,17,5904,2026-03-31,28,-0.016302831384412683,0.1477045863866806,-0.07953910529613495,0.0714285746216774,0.190476194024086,0.3928571343421936
2026-03,2026-03-01,2026-03-31,2024-03-01,2025-09-23,2025-10-27,2026-01-21,17,3293,2026-03-31,29,-0.016302831384412683,-0.03359173238277435,-0.2608354389667511,0.0714285746216774,0.190476194024086,0.3928571343421936
2026-03,2026-03-01,2026-03-31,2024-03-01,2025-09-23,2025-10-27,2026-01-21,17,8271,2026-03-31,30,-0.016473885618059746,0.5827338099479675,0.355490118265152,0.0714285746216774,0.190476194024086,0.3928571343421936
2026-04,2026-04-01,2026-04-30,2024-04-01,2025-10-29,2025-11-26,2026-03-04,23,2360,2026-04-30,1,0.018500102456929072,0.11258278042078018,-0.03661666065454483,1.0,0.9722222089767456,0.7976190447807312
2026-04,2026-04-01,2026-04-30,2024-04-01,2025-10-29,2025-11-26,2026-03-04,23,6805,2026-04-30,2,0.013802828427518687,-0.11467889696359634,-0.26387834548950195,1.0,0.9722222089767456,0.7976190447807312
2026-04,2026-04-01,2026-04-30,2024-04-01,2025-10-29,2025-11-26,2026-03-04,23,2383,2026-04-30,3,0.01205095730344262,0.11183496564626694,-0.037364475429058075,1.0,0.9722222089767456,0.7976190447807312
2026-04,2026-04-01,2026-04-30,2024-04-01,2025-10-29,2025-11-26,2026-03-04,23,3653,2026-04-30,4,0.012034774079894988,-0.32668566703796387,-0.4758850932121277,1.0,0.9722222089767456,0.7976190447807312
2026-04,2026-04-01,2026-04-30,2024-04-01,2025-10-29,2025-11-26,2026-03-04,23,3665,2026-04-30,5,0.009027505858566359,-0.2932203412055969,-0.44241976737976074,1.0,0.9722222089767456,0.7976190447807312
2026-04,2026-04-01,2026-04-30,2024-04-01,2025-10-29,2025-11-26,2026-03-04,23,3131,2026-04-30,6,0.008528946152921005,0.1442786008119583,-0.004920839797705412,1.0,0.9722222089767456,0.7976190447807312
2026-04,2026-04-01,2026-04-30,2024-04-01,2025-10-29,2025-11-26,2026-03-04,23,7750,2026-04-30,7,0.007404018929987506,-0.08076923340559006,-0.22996866703033447,1.0,0.9722222089767456,0.7976190447807312
2026-04,2026-04-01,2026-04-30,2024-04-01,2025-10-29,2025-11-26,2026-03-04,23,2368,2026-04-30,8,0.007077428094553264,-0.07692307978868484,-0.22612251341342926,1.0,0.9722222089767456,0.7976190447807312
2026-04,2026-04-01,2026-04-30,2024-04-01,2025-10-29,2025-11-26,2026-03-04,23,2345,2026-04-30,9,0.006382747611001127,0.021008403971791267,-0.1281910389661789,1.0,0.9722222089767456,0.7976190447807312
2026-04,2026-04-01,2026-04-30,2024-04-01,2025-10-29,2025-11-26,2026-03-04,23,8155,2026-04-30,10,0.0034934106045920073,-0.05000000074505806,-0.19919943809509277,1.0,0.9722222089767456,0.7976190447807312
2026-04,2026-04-01,2026-04-30,2024-04-01,2025-10-29,2025-11-26,2026-03-04,23,2059,2026-04-30,11,0.003107295585620674,0.2726130783557892,0.12341363728046417,1.0,0.9722222089767456,0.7976190447807312
2026-04,2026-04-01,2026-04-30,2024-04-01,2025-10-29,2025-11-26,2026-03-04,23,6442,2026-04-30,12,0.0027859687390500783,-0.1689189225435257,-0.3181183636188507,1.0,0.9722222089767456,0.7976190447807312
2026-04,2026-04-01,2026-04-30,2024-04-01,2025-10-29,2025-11-26,2026-03-04,23,3017,2026-04-30,13,-0.0012277777617797601,-0.08732876926660538,-0.2365282028913498,1.0,0.9722222089767456,0.7976190447807312
2026-04,2026-04-01,2026-04-30,2024-04-01,2025-10-29,2025-11-26,2026-03-04,23,8996,2026-04-30,14,-0.0017478104153743786,-0.131474107503891,-0.2806735336780548,1.0,0.9722222089767456,0.7976190447807312
2026-04,2026-04-01,2026-04-30,2024-04-01,2025-10-29,2025-11-26,2026-03-04,23,3324,2026-04-30,15,-0.002444667471977881,-0.08189655095338821,-0.23109598457813263,1.0,0.9722222089767456,0.7976190447807312
2026-04,2026-04-01,2026-04-30,2024-04-01,2025-10-29,2025-11-26,2026-03-04,23,2308,2026-04-30,16,-0.0027694367906018072,0.08666666597127914,-0.06253277510404587,1.0,0.9722222089767456,0.7976190447807312
2026-04,2026-04-01,2026-04-30,2024-04-01,2025-10-29,2025-11-26,2026-03-04,23,5289,2026-04-30,17,-0.0028807549658875467,0.40310078859329224,0.2539013624191284,1.0,0.9722222089767456,0.7976190447807312
2026-04,2026-04-01,2026-04-30,2024-04-01,2025-10-29,2025-11-26,2026-03-04,23,6274,2026-04-30,18,-0.003216875698920016,0.557603657245636,0.40840423107147217,1.0,0.9722222089767456,0.7976190447807312
2026-04,2026-04-01,2026-04-30,2024-04-01,2025-10-29,2025-11-26,2026-03-04,23,3443,2026-04-30,19,-0.003432561214788663,0.01965065486729145,-0.1295487880706787,1.0,0.9722222089767456,0.7976190447807312
2026-04,2026-04-01,2026-04-30,2024-04-01,2025-10-29,2025-11-26,2026-03-04,23,5274,2026-04-30,20,-0.0035189340562400127,0.09064748138189316,-0.058551959693431854,1.0,0.9722222089767456,0.7976190447807312
2026-04,2026-04-01,2026-04-30,2024-04-01,2025-10-29,2025-11-26,2026-03-04,23,6739,2026-04-30,21,-0.003865357878246801,-0.1423611044883728,-0.2915605306625366,1.0,0.9722222089767456,0.7976190447807312
2026-04,2026-04-01,2026-04-30,2024-04-01,2025-10-29,2025-11-26,2026-03-04,23,6147,2026-04-30,22,-0.005037153608874487,0.7067039012908936,0.5575044751167297,1.0,0.9722222089767456,0.7976190447807312
2026-04,2026-04-01,2026-04-30,2024-04-01,2025-10-29,2025-11-26,2026-03-04,23,5269,2026-04-30,23,-0.005301808116530012,0.04270462691783905,-0.10649481415748596,1.0,0.9722222089767456,0.7976190447807312
2026-04,2026-04-01,2026-04-30,2024-04-01,2025-10-29,2025-11-26,2026-03-04,23,8046,2026-04-30,24,-0.005928484074364605,-0.16862745583057404,-0.31782689690589905,1.0,0.9722222089767456,0.7976190447807312
2026-04,2026-04-01,2026-04-30,2024-04-01,2025-10-29,2025-11-26,2026-03-04,23,3533,2026-04-30,25,-0.007385848139151501,-0.016697587445378304,-0.16589702665805817,1.0,0.9722222089767456,0.7976190447807312
2026-04,2026-04-01,2026-04-30,2024-04-01,2025-10-29,2025-11-26,2026-03-04,23,2454,2026-04-30,26,-0.007626255139159008,0.5017421841621399,0.3525427579879761,1.0,0.9722222089767456,0.7976190447807312
2026-04,2026-04-01,2026-04-30,2024-04-01,2025-10-29,2025-11-26,2026-03-04,23,6781,2026-04-30,27,-0.008647049235546652,0.0357142873108387,-0.11348515003919601,1.0,0.9722222089767456,0.7976190447807312
2026-04,2026-04-01,2026-04-30,2024-04-01,2025-10-29,2025-11-26,2026-03-04,23,5439,2026-04-30,28,-0.008975566678293485,-0.0064850845374166965,-0.15568453073501587,1.0,0.9722222089767456,0.7976190447807312
2026-04,2026-04-01,2026-04-30,2024-04-01,2025-10-29,2025-11-26,2026-03-04,23,3037,2026-04-30,29,-0.00900913453108929,0.15679824352264404,0.007598802912980318,1.0,0.9722222089767456,0.7976190447807312
2026-04,2026-04-01,2026-04-30,2024-04-01,2025-10-29,2025-11-26,2026-03-04,23,8210,2026-04-30,30,-0.009455693283889635,0.186956524848938,0.037757083773612976,1.0,0.9722222089767456,0.7976190447807312
2026-05,2026-05-01,2026-05-31,2024-05-01,2025-11-26,2025-12-24,2026-04-01,32,8358,2026-05-29,1,0.013604222899497554,-0.1428571492433548,-0.15223591029644012,0.841269850730896,0.9563491940498352,0.369047611951828
2026-05,2026-05-01,2026-05-31,2024-05-01,2025-11-26,2025-12-24,2026-04-01,32,2360,2026-05-29,2,0.006988756877328985,-0.1676219403743744,-0.17700070142745972,0.841269850730896,0.9563491940498352,0.369047611951828
2026-05,2026-05-01,2026-05-31,2024-05-01,2025-11-26,2025-12-24,2026-04-01,32,3026,2026-05-29,3,0.006680976179458242,0.14896777272224426,0.13958901166915894,0.841269850730896,0.9563491940498352,0.369047611951828
2026-05,2026-05-01,2026-05-31,2024-05-01,2025-11-26,2025-12-24,2026-04-01,32,2855,2026-05-29,4,0.006330004579727906,0.09795476496219635,0.08857601135969162,0.841269850730896,0.9563491940498352,0.369047611951828
2026-05,2026-05-01,2026-05-31,2024-05-01,2025-11-26,2025-12-24,2026-04-01,32,5289,2026-05-29,5,0.00594629982441361,-0.14016172289848328,-0.1495404839515686,0.841269850730896,0.9563491940498352,0.369047611951828
2026-05,2026-05-01,2026-05-31,2024-05-01,2025-11-26,2025-12-24,2026-04-01,32,3048,2026-05-29,6,0.00533256445068064,-0.14444445073604584,-0.15382321178913116,0.841269850730896,0.9563491940498352,0.369047611951828
2026-05,2026-05-01,2026-05-31,2024-05-01,2025-11-26,2025-12-24,2026-04-01,32,3537,2026-05-29,7,0.0034888099056362165,-0.07549504935741425,-0.08487380295991898,0.841269850730896,0.9563491940498352,0.369047611951828
2026-05,2026-05-01,2026-05-31,2024-05-01,2025-11-26,2025-12-24,2026-04-01,32,2344,2026-05-29,8,0.0034757306263281085,0.2083333283662796,0.19895456731319427,0.841269850730896,0.9563491940498352,0.369047611951828
2026-05,2026-05-01,2026-05-31,2024-05-01,2025-11-26,2025-12-24,2026-04-01,32,9933,2026-05-29,9,0.002798975269677938,0.054020099341869354,0.044641345739364624,0.841269850730896,0.9563491940498352,0.369047611951828
2026-05,2026-05-01,2026-05-31,2024-05-01,2025-11-26,2025-12-24,2026-04-01,32,2881,2026-05-29,10,0.0025787902520170345,0.17351597547531128,0.16413721442222595,0.841269850730896,0.9563491940498352,0.369047611951828
2026-05,2026-05-01,2026-05-31,2024-05-01,2025-11-26,2025-12-24,2026-04-01,32,2882,2026-05-29,11,0.0025787902520170345,0.1720554232597351,0.16267666220664978,0.841269850730896,0.9563491940498352,0.369047611951828
2026-05,2026-05-01,2026-05-31,2024-05-01,2025-11-26,2025-12-24,2026-04-01,32,6141,2026-05-29,12,0.0025385844928817133,-0.16938111186027527,-0.1787598729133606,0.841269850730896,0.9563491940498352,0.369047611951828
2026-05,2026-05-01,2026-05-31,2024-05-01,2025-11-26,2025-12-24,2026-04-01,32,8064,2026-05-29,13,0.002436079305751434,-0.07600101828575134,-0.08537977188825607,0.841269850730896,0.9563491940498352,0.369047611951828
2026-05,2026-05-01,2026-05-31,2024-05-01,2025-11-26,2025-12-24,2026-04-01,32,3624,2026-05-29,14,0.0013849206138310736,0.21929824352264404,0.20991948246955872,0.841269850730896,0.9563491940498352,0.369047611951828
2026-05,2026-05-01,2026-05-31,2024-05-01,2025-11-26,2025-12-24,2026-04-01,32,3481,2026-05-29,15,0.0012591249200684547,0.25774943828582764,0.2483706772327423,0.841269850730896,0.9563491940498352,0.369047611951828
2026-05,2026-05-01,2026-05-31,2024-05-01,2025-11-26,2025-12-24,2026-04-01,32,2885,2026-05-29,16,0.0006963336664035108,0.10792580246925354,0.09854704886674881,0.841269850730896,0.9563491940498352,0.369047611951828
2026-05,2026-05-01,2026-05-31,2024-05-01,2025-11-26,2025-12-24,2026-04-01,32,2345,2026-05-29,17,0.0006873890847348787,-0.04878048598766327,-0.058159239590168,0.841269850730896,0.9563491940498352,0.369047611951828
2026-05,2026-05-01,2026-05-31,2024-05-01,2025-11-26,2025-12-24,2026-04-01,32,3443,2026-05-29,18,0.0005140024688039406,-0.046157535165548325,-0.055536288768053055,0.841269850730896,0.9563491940498352,0.369047611951828
2026-05,2026-05-01,2026-05-31,2024-05-01,2025-11-26,2025-12-24,2026-04-01,32,6005,2026-05-29,19,-0.00032626388137629386,-0.049367088824510574,-0.058745842427015305,0.841269850730896,0.9563491940498352,0.369047611951828
2026-05,2026-05-01,2026-05-31,2024-05-01,2025-11-26,2025-12-24,2026-04-01,32,7734,2026-05-29,20,-0.00040369382732885294,-0.1849791407585144,-0.19435790181159973,0.841269850730896,0.9563491940498352,0.369047611951828
2026-05,2026-05-01,2026-05-31,2024-05-01,2025-11-26,2025-12-24,2026-04-01,32,6592,2026-05-29,21,-0.00043562981558471813,0.05436573177576065,0.04498697817325592,0.841269850730896,0.9563491940498352,0.369047611951828
2026-05,2026-05-01,2026-05-31,2024-05-01,2025-11-26,2025-12-24,2026-04-01,32,9941,2026-05-29,22,-0.0006298017747342806,0.0875513032078743,0.07817254960536957,0.841269850730896,0.9563491940498352,0.369047611951828
2026-05,2026-05-01,2026-05-31,2024-05-01,2025-11-26,2025-12-24,2026-04-01,32,5321,2026-05-29,23,-0.0006362459494592231,0.2160278707742691,0.20664910972118378,0.841269850730896,0.9563491940498352,0.369047611951828
2026-05,2026-05-01,2026-05-31,2024-05-01,2025-11-26,2025-12-24,2026-04-01,32,2492,2026-05-29,24,-0.00074993918878919,0.2598039209842682,0.25042515993118286,0.841269850730896,0.9563491940498352,0.369047611951828
2026-05,2026-05-01,2026-05-31,2024-05-01,2025-11-26,2025-12-24,2026-04-01,32,8299,2026-05-29,25,-0.0008403566650816896,-0.11864406615495682,-0.12802281975746155,0.841269850730896,0.9563491940498352,0.369047611951828
2026-05,2026-05-01,2026-05-31,2024-05-01,2025-11-26,2025-12-24,2026-04-01,32,6223,2026-05-29,26,-0.0010634153650257595,0.007481296546757221,-0.0018974585691466928,0.841269850730896,0.9563491940498352,0.369047611951828
2026-05,2026-05-01,2026-05-31,2024-05-01,2025-11-26,2025-12-24,2026-04-01,32,3017,2026-05-29,27,-0.0012271091081304524,-0.14972274005413055,-0.15910150110721588,0.841269850730896,0.9563491940498352,0.369047611951828
2026-05,2026-05-01,2026-05-31,2024-05-01,2025-11-26,2025-12-24,2026-04-01,32,5324,2026-05-29,28,-0.0013874144604910257,0.02521008439362049,0.01583132892847061,0.841269850730896,0.9563491940498352,0.369047611951828
2026-05,2026-05-01,2026-05-31,2024-05-01,2025-11-26,2025-12-24,2026-04-01,32,3709,2026-05-29,29,-0.0017164294042415445,-0.14367815852165222,-0.15305691957473755,0.841269850730896,0.9563491940498352,0.369047611951828
2026-05,2026-05-01,2026-05-31,2024-05-01,2025-11-26,2025-12-24,2026-04-01,32,3008,2026-05-29,30,-0.0024424270967956874,0.20661157369613647,0.19723281264305115,0.841269850730896,0.9563491940498352,0.369047611951828
2026-06,2026-06-01,2026-06-30,2024-06-01,2025-12-24,2026-01-23,2026-05-04,96,6854,2026-06-30,1,0.04677331413993091,-0.30438247323036194,-0.17770077288150787,0.1230158731341362,0.591269850730896,0.60317462682724
2026-06,2026-06-01,2026-06-30,2024-06-01,2025-12-24,2026-01-23,2026-05-04,96,8996,2026-06-30,2,0.042049682506587735,-0.46975308656692505,-0.3430714011192322,0.1230158731341362,0.591269850730896,0.60317462682724
2026-06,2026-06-01,2026-06-30,2024-06-01,2025-12-24,2026-01-23,2026-05-04,96,6005,2026-06-30,3,0.03532357481274738,-0.15335051715373993,-0.026668822392821312,0.1230158731341362,0.591269850730896,0.60317462682724
2026-06,2026-06-01,2026-06-30,2024-06-01,2025-12-24,2026-01-23,2026-05-04,96,6456,2026-06-30,4,0.03503201382933671,-0.238571435213089,-0.11188974231481552,0.1230158731341362,0.591269850730896,0.60317462682724
2026-06,2026-06-01,2026-06-30,2024-06-01,2025-12-24,2026-01-23,2026-05-04,96,2885,2026-06-30,5,0.03420009976916115,-0.03565653786063194,0.09102515876293182,0.1230158731341362,0.591269850730896,0.60317462682724
2026-06,2026-06-01,2026-06-30,2024-06-01,2025-12-24,2026-01-23,2026-05-04,96,6120,2026-06-30,6,0.03295377420214851,-0.2266666740179062,-0.09998498111963272,0.1230158731341362,0.591269850730896,0.60317462682724
2026-06,2026-06-01,2026-06-30,2024-06-01,2025-12-24,2026-01-23,2026-05-04,96,3455,2026-06-30,7,0.03236392950393249,-0.37832310795783997,-0.2516414225101471,0.1230158731341362,0.591269850730896,0.60317462682724
2026-06,2026-06-01,2026-06-30,2024-06-01,2025-12-24,2026-01-23,2026-05-04,96,5536,2026-06-30,8,0.03163296426690912,-0.2829548120498657,-0.15627311170101166,0.1230158731341362,0.591269850730896,0.60317462682724
2026-06,2026-06-01,2026-06-30,2024-06-01,2025-12-24,2026-01-23,2026-05-04,96,6015,2026-06-30,9,0.031149112682077294,-0.17877094447612762,-0.05208924785256386,0.1230158731341362,0.591269850730896,0.60317462682724
2026-06,2026-06-01,2026-06-30,2024-06-01,2025-12-24,2026-01-23,2026-05-04,96,8215,2026-06-30,10,0.03058241372534655,-0.2820403575897217,-0.15535865724086761,0.1230158731341362,0.591269850730896,0.60317462682724
2026-06,2026-06-01,2026-06-30,2024-06-01,2025-12-24,2026-01-23,2026-05-04,96,6742,2026-06-30,11,0.029643047734510743,-0.3860667645931244,-0.2593850791454315,0.1230158731341362,0.591269850730896,0.60317462682724
2026-06,2026-06-01,2026-06-30,2024-06-01,2025-12-24,2026-01-23,2026-05-04,96,6706,2026-06-30,12,0.028962682721269513,-0.38092106580734253,-0.25423938035964966,0.1230158731341362,0.591269850730896,0.60317462682724
2026-06,2026-06-01,2026-06-30,2024-06-01,2025-12-24,2026-01-23,2026-05-04,96,8104,2026-06-30,13,0.028898188427253783,-0.2457956075668335,-0.11911391466856003,0.1230158731341362,0.591269850730896,0.60317462682724
2026-06,2026-06-01,2026-06-30,2024-06-01,2025-12-24,2026-01-23,2026-05-04,96,8071,2026-06-30,14,0.02662027726086969,-0.3734374940395355,-0.24675579369068146,0.1230158731341362,0.591269850730896,0.60317462682724
2026-06,2026-06-01,2026-06-30,2024-06-01,2025-12-24,2026-01-23,2026-05-04,96,5371,2026-06-30,15,0.025384573573918504,-0.19932810962200165,-0.07264641672372818,0.1230158731341362,0.591269850730896,0.60317462682724
2026-06,2026-06-01,2026-06-30,2024-06-01,2025-12-24,2026-01-23,2026-05-04,96,3580,2026-06-30,16,0.02495058085853138,-0.2857142984867096,-0.15903259813785553,0.1230158731341362,0.591269850730896,0.60317462682724
2026-06,2026-06-01,2026-06-30,2024-06-01,2025-12-24,2026-01-23,2026-05-04,96,6026,2026-06-30,17,0.024894004837385984,-0.14968152344226837,-0.022999828681349754,0.1230158731341362,0.591269850730896,0.60317462682724
2026-06,2026-06-01,2026-06-30,2024-06-01,2025-12-24,2026-01-23,2026-05-04,96,2360,2026-06-30,18,0.024468808005059187,-0.1826280653476715,-0.05594636872410774,0.1230158731341362,0.591269850730896,0.60317462682724
2026-06,2026-06-01,2026-06-30,2024-06-01,2025-12-24,2026-01-23,2026-05-04,96,2855,2026-06-30,19,0.024434963224696415,-0.19367589056491852,-0.06699419766664505,0.1230158731341362,0.591269850730896,0.60317462682724
2026-06,2026-06-01,2026-06-30,2024-06-01,2025-12-24,2026-01-23,2026-05-04,96,2426,2026-06-30,20,0.02419504153363883,-0.3551281988620758,-0.22844649851322174,0.1230158731341362,0.591269850730896,0.60317462682724
2026-06,2026-06-01,2026-06-30,2024-06-01,2025-12-24,2026-01-23,2026-05-04,96,6877,2026-06-30,21,0.023094854966935575,-0.11386436223983765,0.01281733252108097,0.1230158731341362,0.591269850730896,0.60317462682724
2026-06,2026-06-01,2026-06-30,2024-06-01,2025-12-24,2026-01-23,2026-05-04,96,2409,2026-06-30,22,0.02297712665013092,-0.2961309552192688,-0.16944925487041473,0.1230158731341362,0.591269850730896,0.60317462682724
2026-06,2026-06-01,2026-06-30,2024-06-01,2025-12-24,2026-01-23,2026-05-04,96,3017,2026-06-30,23,0.02297306269169781,-0.1988527774810791,-0.07217108458280563,0.1230158731341362,0.591269850730896,0.60317462682724
2026-06,2026-06-01,2026-06-30,2024-06-01,2025-12-24,2026-01-23,2026-05-04,96,6024,2026-06-30,24,0.0223166216706444,0.03442623093724251,0.16110792756080627,0.1230158731341362,0.591269850730896,0.60317462682724
2026-06,2026-06-01,2026-06-30,2024-06-01,2025-12-24,2026-01-23,2026-05-04,96,2882,2026-06-30,25,0.02178379541079006,-0.05900000035762787,0.0676816925406456,0.1230158731341362,0.591269850730896,0.60317462682724
2026-06,2026-06-01,2026-06-30,2024-06-01,2025-12-24,2026-01-23,2026-05-04,96,1590,2026-06-30,26,0.021752870804490156,0.001876320457085967,0.12855800986289978,0.1230158731341362,0.591269850730896,0.60317462682724
2026-06,2026-06-01,2026-06-30,2024-06-01,2025-12-24,2026-01-23,2026-05-04,96,6016,2026-06-30,27,0.02158704638148466,-0.24795471131801605,-0.12127301841974258,0.1230158731341362,0.591269850730896,0.60317462682724
2026-06,2026-06-01,2026-06-30,2024-06-01,2025-12-24,2026-01-23,2026-05-04,96,4976,2026-06-30,28,0.0212759215103489,-0.011795544065535069,0.11488614976406097,0.1230158731341362,0.591269850730896,0.60317462682724
2026-06,2026-06-01,2026-06-30,2024-06-01,2025-12-24,2026-01-23,2026-05-04,96,6274,2026-06-30,29,0.02118097969380577,-0.4035087823867798,-0.2768270969390869,0.1230158731341362,0.591269850730896,0.60317462682724
2026-06,2026-06-01,2026-06-30,2024-06-01,2025-12-24,2026-01-23,2026-05-04,96,2883,2026-06-30,30,0.02072530045366078,0.0017182130832225084,0.12839990854263306,0.1230158731341362,0.591269850730896,0.60317462682724
2026-07,2026-07-01,2026-07-31,2024-07-01,2026-01-26,2026-03-05,2026-06-02,85,5227,2026-07-31,1,0.04938269350320255,-0.16234652698040009,-0.23839840292930603,0.003968254197388887,0.003968254197388887,0.01587301678955555
2026-07,2026-07-01,2026-07-31,2024-07-01,2026-01-26,2026-03-05,2026-06-02,85,6241,2026-07-31,2,0.036848463647348714,-0.2501389980316162,-0.32619088888168335,0.003968254197388887,0.003968254197388887,0.01587301678955555
2026-07,2026-07-01,2026-07-31,2024-07-01,2026-01-26,2026-03-05,2026-06-02,85,2887,2026-07-31,3,0.03233542470492517,0.056338027119636536,-0.01971384882926941,0.003968254197388887,0.003968254197388887,0.01587301678955555
2026-07,2026-07-01,2026-07-31,2024-07-01,2026-01-26,2026-03-05,2026-06-02,85,8046,2026-07-31,4,0.029012740759796055,0.31216931343078613,0.2361174374818802,0.003968254197388887,0.003968254197388887,0.01587301678955555
2026-07,2026-07-01,2026-07-31,2024-07-01,2026-01-26,2026-03-05,2026-06-02,85,4807,2026-07-31,5,0.023063354911498635,-0.2513369023799896,-0.32738879323005676,0.003968254197388887,0.003968254197388887,0.01587301678955555
2026-07,2026-07-01,2026-07-31,2024-07-01,2026-01-26,2026-03-05,2026-06-02,85,8996,2026-07-31,6,0.021613098532218253,0.42294713854789734,0.3468952476978302,0.003968254197388887,0.003968254197388887,0.01587301678955555
2026-07,2026-07-01,2026-07-31,2024-07-01,2026-01-26,2026-03-05,2026-06-02,85,2466,2026-07-31,7,0.021345086802791156,0.17945824563503265,0.10340636968612671,0.003968254197388887,0.003968254197388887,0.01587301678955555
2026-07,2026-07-01,2026-07-31,2024-07-01,2026-01-26,2026-03-05,2026-06-02,85,5490,2026-07-31,8,0.020686696084098753,-0.14176829159259796,-0.2178201675415039,0.003968254197388887,0.003968254197388887,0.01587301678955555
2026-07,2026-07-01,2026-07-31,2024-07-01,2026-01-26,2026-03-05,2026-06-02,85,4127,2026-07-31,9,0.020372379515081283,0.06775067746639252,-0.008301198482513428,0.003968254197388887,0.003968254197388887,0.01587301678955555
2026-07,2026-07-01,2026-07-31,2024-07-01,2026-01-26,2026-03-05,2026-06-02,85,2540,2026-07-31,10,0.019633603716825748,-0.11142675578594208,-0.18747863173484802,0.003968254197388887,0.003968254197388887,0.01587301678955555
2026-07,2026-07-01,2026-07-31,2024-07-01,2026-01-26,2026-03-05,2026-06-02,85,3008,2026-07-31,11,0.018732045163318896,0.7958517074584961,0.719799816608429,0.003968254197388887,0.003968254197388887,0.01587301678955555
2026-07,2026-07-01,2026-07-31,2024-07-01,2026-01-26,2026-03-05,2026-06-02,85,2061,2026-07-31,12,0.018500584697340405,-0.05656934157013893,-0.13262121379375458,0.003968254197388887,0.003968254197388887,0.01587301678955555
2026-07,2026-07-01,2026-07-31,2024-07-01,2026-01-26,2026-03-05,2026-06-02,85,2360,2026-07-31,13,0.01624554006482649,-0.07373271882534027,-0.14978459477424622,0.003968254197388887,0.003968254197388887,0.01587301678955555
2026-07,2026-07-01,2026-07-31,2024-07-01,2026-01-26,2026-03-05,2026-06-02,85,6274,2026-07-31,14,0.01587378096208656,0.22131147980690002,0.14525960385799408,0.003968254197388887,0.003968254197388887,0.01587301678955555
2026-07,2026-07-01,2026-07-31,2024-07-01,2026-01-26,2026-03-05,2026-06-02,85,4989,2026-07-31,15,0.014903180396562514,0.1366666704416275,0.06061479449272156,0.003968254197388887,0.003968254197388887,0.01587301678955555
2026-07,2026-07-01,2026-07-31,2024-07-01,2026-01-26,2026-03-05,2026-06-02,85,6515,2026-07-31,16,0.013599120212127964,0.05932203307747841,-0.016729842871427536,0.003968254197388887,0.003968254197388887,0.01587301678955555
2026-07,2026-07-01,2026-07-31,2024-07-01,2026-01-26,2026-03-05,2026-06-02,85,8299,2026-07-31,17,0.013175601149097084,0.28358209133148193,0.207530215382576,0.003968254197388887,0.003968254197388887,0.01587301678955555
2026-07,2026-07-01,2026-07-31,2024-07-01,2026-01-26,2026-03-05,2026-06-02,85,6598,2026-07-31,18,0.011672698926748583,-0.04485049843788147,-0.12090237438678741,0.003968254197388887,0.003968254197388887,0.01587301678955555
2026-07,2026-07-01,2026-07-31,2024-07-01,2026-01-26,2026-03-05,2026-06-02,85,2345,2026-07-31,19,0.011549324558857519,-0.08993575721979141,-0.16598764061927795,0.003968254197388887,0.003968254197388887,0.01587301678955555
2026-07,2026-07-01,2026-07-31,2024-07-01,2026-01-26,2026-03-05,2026-06-02,85,3443,2026-07-31,20,0.01143045669867851,0.44939759373664856,0.3733457028865814,0.003968254197388887,0.003968254197388887,0.01587301678955555
2026-07,2026-07-01,2026-07-31,2024-07-01,2026-01-26,2026-03-05,2026-06-02,85,2454,2026-07-31,21,0.011139272452398409,0.01918158493936062,-0.056870292872190475,0.003968254197388887,0.003968254197388887,0.01587301678955555
2026-07,2026-07-01,2026-07-31,2024-07-01,2026-01-26,2026-03-05,2026-06-02,85,3374,2026-07-31,22,0.011012372830447707,0.3287435472011566,0.2526916563510895,0.003968254197388887,0.003968254197388887,0.01587301678955555
2026-07,2026-07-01,2026-07-31,2024-07-01,2026-01-26,2026-03-05,2026-06-02,85,6488,2026-07-31,23,0.010056303566966324,0.11724138259887695,0.04118950664997101,0.003968254197388887,0.003968254197388887,0.01587301678955555
2026-07,2026-07-01,2026-07-31,2024-07-01,2026-01-26,2026-03-05,2026-06-02,85,8039,2026-07-31,24,0.009344454308637087,1.014662742614746,0.938610851764679,0.003968254197388887,0.003968254197388887,0.01587301678955555
2026-07,2026-07-01,2026-07-31,2024-07-01,2026-01-26,2026-03-05,2026-06-02,85,5289,2026-07-31,25,0.008978927571274272,0.17089425027370453,0.09484237432479858,0.003968254197388887,0.003968254197388887,0.01587301678955555
2026-07,2026-07-01,2026-07-31,2024-07-01,2026-01-26,2026-03-05,2026-06-02,85,6805,2026-07-31,26,0.0075087130287372125,0.7622377872467041,0.686185896396637,0.003968254197388887,0.003968254197388887,0.01587301678955555
2026-07,2026-07-01,2026-07-31,2024-07-01,2026-01-26,2026-03-05,2026-06-02,85,1709,2026-07-31,27,0.0066714942874191,0.6051938533782959,0.5291419625282288,0.003968254197388887,0.003968254197388887,0.01587301678955555
2026-07,2026-07-01,2026-07-31,2024-07-01,2026-01-26,2026-03-05,2026-06-02,85,5274,2026-07-31,28,0.006539605654350701,-0.0006393861840479076,-0.07669126242399216,0.003968254197388887,0.003968254197388887,0.01587301678955555
2026-07,2026-07-01,2026-07-31,2024-07-01,2026-01-26,2026-03-05,2026-06-02,85,3661,2026-07-31,29,0.006237924480658383,0.3241042196750641,0.24805234372615814,0.003968254197388887,0.003968254197388887,0.01587301678955555
2026-07,2026-07-01,2026-07-31,2024-07-01,2026-01-26,2026-03-05,2026-06-02,85,6683,2026-07-31,30,0.00588985024009911,0.20240481197834015,0.1263529360294342,0.003968254197388887,0.003968254197388887,0.01587301678955555
2026-08,2026-08-01,2026-08-31,2024-08-01,2026-03-09,2026-04-08,2026-07-03,1,2368,2026-08-14,1,-0.019216338618354076,0.009803921915590763,0.0008961277781054378,0.210317462682724,0.1746031790971756,0.5833333134651184
2026-08,2026-08-01,2026-08-31,2024-08-01,2026-03-09,2026-04-08,2026-07-03,1,2883,2026-08-14,2,-0.019216338618354076,0.20158730447292328,0.1926795095205307,0.210317462682724,0.1746031790971756,0.5833333134651184
2026-08,2026-08-01,2026-08-31,2024-08-01,2026-03-09,2026-04-08,2026-07-03,1,2327,2026-08-14,3,-0.019216338618354076,-0.1225806474685669,-0.13148844242095947,0.210317462682724,0.1746031790971756,0.5833333134651184
2026-08,2026-08-01,2026-08-31,2024-08-01,2026-03-09,2026-04-08,2026-07-03,1,3044,2026-08-14,4,-0.019216338618354076,0.05613305792212486,0.047225262969732285,0.210317462682724,0.1746031790971756,0.5833333134651184
2026-08,2026-08-01,2026-08-31,2024-08-01,2026-03-09,2026-04-08,2026-07-03,1,3374,2026-08-14,5,-0.019216338618354076,0.547579288482666,0.5386714935302734,0.210317462682724,0.1746031790971756,0.5833333134651184
2026-08,2026-08-01,2026-08-31,2024-08-01,2026-03-09,2026-04-08,2026-07-03,1,3105,2026-08-14,6,-0.019216338618354076,0.11892583221197128,0.1100180372595787,0.210317462682724,0.1746031790971756,0.5833333134651184
2026-08,2026-08-01,2026-08-31,2024-08-01,2026-03-09,2026-04-08,2026-07-03,1,3443,2026-08-14,7,-0.019216338618354076,0.11780822277069092,0.10890042781829834,0.210317462682724,0.1746031790971756,0.5833333134651184
2026-08,2026-08-01,2026-08-31,2024-08-01,2026-03-09,2026-04-08,2026-07-03,1,2887,2026-08-14,8,-0.019216338618354076,0.13129973411560059,0.12239193916320801,0.210317462682724,0.1746031790971756,0.5833333134651184
2026-08,2026-08-01,2026-08-31,2024-08-01,2026-03-09,2026-04-08,2026-07-03,1,3008,2026-08-14,9,-0.019216338618354076,0.4261241853237152,0.41721639037132263,0.210317462682724,0.1746031790971756,0.5833333134651184
2026-08,2026-08-01,2026-08-31,2024-08-01,2026-03-09,2026-04-08,2026-07-03,1,2408,2026-08-14,10,-0.019216338618354076,-0.051923077553510666,-0.060830872505903244,0.210317462682724,0.1746031790971756,0.5833333134651184
2026-08,2026-08-01,2026-08-31,2024-08-01,2026-03-09,2026-04-08,2026-07-03,1,2492,2026-08-14,11,-0.019216338618354076,0.04530201479792595,0.03639421984553337,0.210317462682724,0.1746031790971756,0.5833333134651184
2026-08,2026-08-01,2026-08-31,2024-08-01,2026-03-09,2026-04-08,2026-07-03,1,2890,2026-08-14,12,-0.019216338618354076,0.0925000011920929,0.08359220623970032,0.210317462682724,0.1746031790971756,0.5833333134651184
2026-08,2026-08-01,2026-08-31,2024-08-01,2026-03-09,2026-04-08,2026-07-03,1,8358,2026-08-14,13,-0.019216338618354076,0.12659698724746704,0.11768919229507446,0.210317462682724,0.1746031790971756,0.5833333134651184
2026-08,2026-08-01,2026-08-31,2024-08-01,2026-03-09,2026-04-08,2026-07-03,1,3017,2026-08-14,14,-0.019216338618354076,0.05057479068636894,0.041666995733976364,0.210317462682724,0.1746031790971756,0.5833333134651184
2026-08,2026-08-01,2026-08-31,2024-08-01,2026-03-09,2026-04-08,2026-07-03,1,2344,2026-08-14,15,-0.019216338618354076,-0.07547169923782349,-0.08437949419021606,0.210317462682724,0.1746031790971756,0.5833333134651184
2026-08,2026-08-01,2026-08-31,2024-08-01,2026-03-09,2026-04-08,2026-07-03,1,3653,2026-08-14,16,-0.019216338618354076,0.07958801835775375,0.07068022340536118,0.210317462682724,0.1746031790971756,0.5833333134651184
2026-08,2026-08-01,2026-08-31,2024-08-01,2026-03-09,2026-04-08,2026-07-03,1,1608,2026-08-14,17,-0.019216338618354076,-0.02029769867658615,-0.02920549362897873,0.210317462682724,0.1746031790971756,0.5833333134651184
2026-08,2026-08-01,2026-08-31,2024-08-01,2026-03-09,2026-04-08,2026-07-03,1,8996,2026-08-14,18,-0.019216338618354076,0.04724409431219101,0.03833629935979843,0.210317462682724,0.1746031790971756,0.5833333134651184
2026-08,2026-08-01,2026-08-31,2024-08-01,2026-03-09,2026-04-08,2026-07-03,1,8454,2026-08-14,19,-0.019216338618354076,-0.08015266805887222,-0.0890604630112648,0.210317462682724,0.1746031790971756,0.5833333134651184
2026-08,2026-08-01,2026-08-31,2024-08-01,2026-03-09,2026-04-08,2026-07-03,1,3491,2026-08-14,20,-0.019216338618354076,0.02909090928733349,0.02018311433494091,0.210317462682724,0.1746031790971756,0.5833333134651184
2026-08,2026-08-01,2026-08-31,2024-08-01,2026-03-09,2026-04-08,2026-07-03,1,2383,2026-08-14,21,-0.019216338618354076,-0.12579111754894257,-0.13469891250133514,0.210317462682724,0.1746031790971756,0.5833333134651184
2026-08,2026-08-01,2026-08-31,2024-08-01,2026-03-09,2026-04-08,2026-07-03,1,3532,2026-08-14,22,-0.019216338618354076,0.2225433588027954,0.21363556385040283,0.210317462682724,0.1746031790971756,0.5833333134651184
2026-08,2026-08-01,2026-08-31,2024-08-01,2026-03-09,2026-04-08,2026-07-03,1,1810,2026-08-14,23,-0.019216338618354076,-0.16042780876159668,-0.16933560371398926,0.210317462682724,0.1746031790971756,0.5833333134651184
2026-08,2026-08-01,2026-08-31,2024-08-01,2026-03-09,2026-04-08,2026-07-03,1,2880,2026-08-14,24,-0.019216338618354076,0.1878238320350647,0.17891603708267212,0.210317462682724,0.1746031790971756,0.5833333134651184
2026-08,2026-08-01,2026-08-31,2024-08-01,2026-03-09,2026-04-08,2026-07-03,1,2881,2026-08-14,25,-0.019216338618354076,0.16929133236408234,0.16038353741168976,0.210317462682724,0.1746031790971756,0.5833333134651184
2026-08,2026-08-01,2026-08-31,2024-08-01,2026-03-09,2026-04-08,2026-07-03,1,5274,2026-08-14,26,-0.019216338618354076,0.029056387022137642,0.020148592069745064,0.210317462682724,0.1746031790971756,0.5833333134651184
2026-08,2026-08-01,2026-08-31,2024-08-01,2026-03-09,2026-04-08,2026-07-03,1,5904,2026-08-14,27,-0.019216338618354076,-0.07069408893585205,-0.07960188388824463,0.210317462682724,0.1746031790971756,0.5833333134651184
2026-08,2026-08-01,2026-08-31,2024-08-01,2026-03-09,2026-04-08,2026-07-03,1,6669,2026-08-14,28,-0.019216338618354076,0.04635913670063019,0.03745134174823761,0.210317462682724,0.1746031790971756,0.5833333134651184
2026-08,2026-08-01,2026-08-31,2024-08-01,2026-03-09,2026-04-08,2026-07-03,1,6147,2026-08-14,29,-0.019216338618354076,0.14195583760738373,0.13304804265499115,0.210317462682724,0.1746031790971756,0.5833333134651184
2026-08,2026-08-01,2026-08-31,2024-08-01,2026-03-09,2026-04-08,2026-07-03,1,6182,2026-08-14,30,-0.019216338618354076,-0.05855855718255043,-0.06746634840965271,0.210317462682724,0.1746031790971756,0.5833333134651184
