month,fold_test_start,fold_test_end,train_start,train_end_exclusive,ticker,date,rank,pred_return,trade_return_20d,trade_excess_return_20d,taiex_20d_return_pct,taiex_vs_ma60_pct,market_breadth_20d_pct
2024-01,2024-01-01,2024-01-31,2022-01-01,2023-12-04,5314,2024-01-31,1,0.1217217190416453,0.35329341888427734,0.25063470005989075,0.4761904776096344,0.523809552192688,0.1031746044754982
2024-01,2024-01-01,2024-01-31,2022-01-01,2023-12-04,3228,2024-01-31,2,0.09089028866385329,0.11258278042078018,0.009924052283167839,0.4761904776096344,0.523809552192688,0.1031746044754982
2024-01,2024-01-01,2024-01-31,2022-01-01,2023-12-04,6805,2024-01-31,3,0.05843154327677564,0.5996344089508057,0.49697569012641907,0.4761904776096344,0.523809552192688,0.1031746044754982
2024-01,2024-01-01,2024-01-31,2022-01-01,2023-12-04,1591,2024-01-31,4,0.04999081161333784,0.2766798436641693,0.17402110993862152,0.4761904776096344,0.523809552192688,0.1031746044754982
2024-01,2024-01-01,2024-01-31,2022-01-01,2023-12-04,6233,2024-01-31,5,0.0420106007520632,0.058080948889255524,-0.04457777738571167,0.4761904776096344,0.523809552192688,0.1031746044754982
2024-01,2024-01-01,2024-01-31,2022-01-01,2023-12-04,1569,2024-01-31,6,0.03862315401729993,0.02049180306494236,-0.08216692507266998,0.4761904776096344,0.523809552192688,0.1031746044754982
2024-01,2024-01-01,2024-01-31,2022-01-01,2023-12-04,6204,2024-01-31,7,0.03796588574181282,0.16269828379154205,0.06003955751657486,0.4761904776096344,0.523809552192688,0.1031746044754982
2024-01,2024-01-01,2024-01-31,2022-01-01,2023-12-04,1436,2024-01-31,8,0.03770345490186021,0.16190475225448608,0.05924602597951889,0.4761904776096344,0.523809552192688,0.1031746044754982
2024-01,2024-01-01,2024-01-31,2022-01-01,2023-12-04,6695,2024-01-31,9,0.0349007018029239,-0.1995464712381363,-0.3022052049636841,0.4761904776096344,0.523809552192688,0.1031746044754982
2024-01,2024-01-01,2024-01-31,2022-01-01,2023-12-04,1570,2024-01-31,10,0.03350328065102491,0.16837778687477112,0.06571906059980392,0.4761904776096344,0.523809552192688,0.1031746044754982
2024-01,2024-01-01,2024-01-31,2022-01-01,2023-12-04,2852,2024-01-31,11,0.03330195117316647,0.05962054431438446,-0.04303818196058273,0.4761904776096344,0.523809552192688,0.1031746044754982
2024-01,2024-01-01,2024-01-31,2022-01-01,2023-12-04,2417,2024-01-31,12,0.03325866268699916,0.5281898975372314,0.42553117871284485,0.4761904776096344,0.523809552192688,0.1031746044754982
2024-01,2024-01-01,2024-01-31,2022-01-01,2023-12-04,6199,2024-01-31,13,0.03157028888457265,0.08912656456232071,-0.013532163575291634,0.4761904776096344,0.523809552192688,0.1031746044754982
2024-01,2024-01-01,2024-01-31,2022-01-01,2023-12-04,2545,2024-01-31,14,0.031173319602582853,0.005813973024487495,-0.09684475511312485,0.4761904776096344,0.523809552192688,0.1031746044754982
2024-01,2024-01-01,2024-01-31,2022-01-01,2023-12-04,2363,2024-01-31,15,0.030083356709004146,-0.01452782191336155,-0.1171865463256836,0.4761904776096344,0.523809552192688,0.1031746044754982
2024-01,2024-01-01,2024-01-31,2022-01-01,2023-12-04,3055,2024-01-31,16,0.030002198561819855,0.10927151143550873,0.006612783297896385,0.4761904776096344,0.523809552192688,0.1031746044754982
2024-01,2024-01-01,2024-01-31,2022-01-01,2023-12-04,4549,2024-01-31,17,0.02908009978836714,0.0106382230296731,-0.09202050417661667,0.4761904776096344,0.523809552192688,0.1031746044754982
2024-01,2024-01-01,2024-01-31,2022-01-01,2023-12-04,8277,2024-01-31,18,0.028267084986011236,0.01271183229982853,-0.08994689583778381,0.4761904776096344,0.523809552192688,0.1031746044754982
2024-01,2024-01-01,2024-01-31,2022-01-01,2023-12-04,2536,2024-01-31,19,0.02726900766895586,-0.028813568875193596,-0.13147228956222534,0.4761904776096344,0.523809552192688,0.1031746044754982
2024-01,2024-01-01,2024-01-31,2022-01-01,2023-12-04,3535,2024-01-31,20,0.026634585342771796,-0.11018715798854828,-0.21284589171409607,0.4761904776096344,0.523809552192688,0.1031746044754982
2024-01,2024-01-01,2024-01-31,2022-01-01,2023-12-04,5213,2024-01-31,21,0.02655107322016766,0.12076600641012192,0.018107278272509575,0.4761904776096344,0.523809552192688,0.1031746044754982
2024-01,2024-01-01,2024-01-31,2022-01-01,2023-12-04,2031,2024-01-31,22,0.025562790258961632,0.07130114734172821,-0.03135757893323898,0.4761904776096344,0.523809552192688,0.1031746044754982
2024-01,2024-01-01,2024-01-31,2022-01-01,2023-12-04,6177,2024-01-31,23,0.02530614539870692,0.03235292062163353,-0.07030580937862396,0.4761904776096344,0.523809552192688,0.1031746044754982
2024-01,2024-01-01,2024-01-31,2022-01-01,2023-12-04,2885,2024-01-31,24,0.02525989641815316,0.055452860891819,-0.04720586538314819,0.4761904776096344,0.523809552192688,0.1031746044754982
2024-01,2024-01-01,2024-01-31,2022-01-01,2023-12-04,9911,2024-01-31,25,0.025232744276724315,0.06970121711492538,-0.03295750916004181,0.4761904776096344,0.523809552192688,0.1031746044754982
2024-01,2024-01-01,2024-01-31,2022-01-01,2023-12-04,3490,2024-01-31,26,0.024706159760139047,-0.0699300467967987,-0.1725887805223465,0.4761904776096344,0.523809552192688,0.1031746044754982
2024-01,2024-01-01,2024-01-31,2022-01-01,2023-12-04,6186,2024-01-31,27,0.024485637679274114,-0.03773592785000801,-0.1403946578502655,0.4761904776096344,0.523809552192688,0.1031746044754982
2024-01,2024-01-01,2024-01-31,2022-01-01,2023-12-04,3555,2024-01-31,28,0.02446954290603351,-0.12992702424526215,-0.23258575797080994,0.4761904776096344,0.523809552192688,0.1031746044754982
2024-01,2024-01-01,2024-01-31,2022-01-01,2023-12-04,8045,2024-01-31,29,0.02397324608608204,0.11636359244585037,0.01370486430823803,0.4761904776096344,0.523809552192688,0.1031746044754982
2024-01,2024-01-01,2024-01-31,2022-01-01,2023-12-04,2597,2024-01-31,30,0.023911125986572353,0.23109221458435059,0.1284334808588028,0.4761904776096344,0.523809552192688,0.1031746044754982
2024-02,2024-02-01,2024-02-29,2022-02-01,2024-01-04,5314,2024-02-29,1,0.16996762886701441,0.771844744682312,0.709642231464386,0.9047619104385376,0.9365079402923584,0.6666666865348816
2024-02,2024-02-01,2024-02-29,2022-02-01,2024-01-04,3234,2024-02-29,2,0.08086073624603879,-0.015625059604644775,-0.07782760262489319,0.9047619104385376,0.9365079402923584,0.6666666865348816
2024-02,2024-02-01,2024-02-29,2022-02-01,2024-01-04,6462,2024-02-29,3,0.07934620191067118,-0.25,-0.3122025430202484,0.9047619104385376,0.9365079402923584,0.6666666865348816
2024-02,2024-02-01,2024-02-29,2022-02-01,2024-01-04,3354,2024-02-29,4,0.077211572762537,-0.18448276817798615,-0.24668531119823456,0.9047619104385376,0.9365079402923584,0.6666666865348816
2024-02,2024-02-01,2024-02-29,2022-02-01,2024-01-04,4749,2024-02-29,5,0.07060212200142678,-0.1737225353717804,-0.2359250783920288,0.9047619104385376,0.9365079402923584,0.6666666865348816
2024-02,2024-02-01,2024-02-29,2022-02-01,2024-01-04,6735,2024-02-29,6,0.0625664150566648,0.19419647753238678,0.13199393451213837,0.9047619104385376,0.9365079402923584,0.6666666865348816
2024-02,2024-02-01,2024-02-29,2022-02-01,2024-01-04,1316,2024-02-29,7,0.05637992356556676,-0.11467890441417694,-0.17688144743442535,0.9047619104385376,0.9365079402923584,0.6666666865348816
2024-02,2024-02-01,2024-02-29,2022-02-01,2024-01-04,6739,2024-02-29,8,0.0545374728497723,-0.021978003904223442,-0.08418054133653641,0.9047619104385376,0.9365079402923584,0.6666666865348816
2024-02,2024-02-01,2024-02-29,2022-02-01,2024-01-04,6805,2024-02-29,9,0.054354391148662994,0.11190815269947052,0.049705613404512405,0.9047619104385376,0.9365079402923584,0.6666666865348816
2024-02,2024-02-01,2024-02-29,2022-02-01,2024-01-04,2465,2024-02-29,10,0.05086524106793705,-0.19649122655391693,-0.25869375467300415,0.9047619104385376,0.9365079402923584,0.6666666865348816
2024-02,2024-02-01,2024-02-29,2022-02-01,2024-01-04,6684,2024-02-29,11,0.04926118131102445,-0.3086419701576233,-0.3708445131778717,0.9047619104385376,0.9365079402923584,0.6666666865348816
2024-02,2024-02-01,2024-02-29,2022-02-01,2024-01-04,6187,2024-02-29,12,0.047734651031105996,-0.024096375331282616,-0.08629891276359558,0.9047619104385376,0.9365079402923584,0.6666666865348816
2024-02,2024-02-01,2024-02-29,2022-02-01,2024-01-04,8045,2024-02-29,13,0.047444269027878995,0.08074527978897095,0.018542738631367683,0.9047619104385376,0.9365079402923584,0.6666666865348816
2024-02,2024-02-01,2024-02-29,2022-02-01,2024-01-04,8027,2024-02-29,14,0.04514412258333,-0.07005083560943604,-0.13225337862968445,0.9047619104385376,0.9365079402923584,0.6666666865348816
2024-02,2024-02-01,2024-02-29,2022-02-01,2024-01-04,3588,2024-02-29,15,0.04189487804659392,-0.0921052098274231,-0.1543077528476715,0.9047619104385376,0.9365079402923584,0.6666666865348816
2024-02,2024-02-01,2024-02-29,2022-02-01,2024-01-04,6204,2024-02-29,16,0.04028982931365054,-0.006666806060820818,-0.06886934489011765,0.9047619104385376,0.9365079402923584,0.6666666865348816
2024-02,2024-02-01,2024-02-29,2022-02-01,2024-01-04,2365,2024-02-29,17,0.03828193293125451,-0.146938756108284,-0.2091412991285324,0.9047619104385376,0.9365079402923584,0.6666666865348816
2024-02,2024-02-01,2024-02-29,2022-02-01,2024-01-04,6919,2024-02-29,18,0.03671373776644828,0.47058823704719543,0.408385694026947,0.9047619104385376,0.9365079402923584,0.6666666865348816
2024-02,2024-02-01,2024-02-29,2022-02-01,2024-01-04,8096,2024-02-29,19,0.036611011772450075,-0.02676858939230442,-0.08897113054990768,0.9047619104385376,0.9365079402923584,0.6666666865348816
2024-02,2024-02-01,2024-02-29,2022-02-01,2024-01-04,6643,2024-02-29,20,0.03601024121798285,-0.29781413078308105,-0.36001667380332947,0.9047619104385376,0.9365079402923584,0.6666666865348816
2024-02,2024-02-01,2024-02-29,2022-02-01,2024-01-04,4513,2024-02-29,21,0.035619337024328665,0.21336215734481812,0.1511596143245697,0.9047619104385376,0.9365079402923584,0.6666666865348816
2024-02,2024-02-01,2024-02-29,2022-02-01,2024-01-04,5202,2024-02-29,22,0.033614085476486893,-0.018750013783574104,-0.08095255494117737,0.9047619104385376,0.9365079402923584,0.6666666865348816
2024-02,2024-02-01,2024-02-29,2022-02-01,2024-01-04,1432,2024-02-29,23,0.03270606709602854,-0.2173037976026535,-0.2795063257217407,0.9047619104385376,0.9365079402923584,0.6666666865348816
2024-02,2024-02-01,2024-02-29,2022-02-01,2024-01-04,1436,2024-02-29,24,0.03167990842380302,0.21991242468357086,0.15770988166332245,0.9047619104385376,0.9365079402923584,0.6666666865348816
2024-02,2024-02-01,2024-02-29,2022-02-01,2024-01-04,6465,2024-02-29,25,0.030865430279039735,-0.1612319052219391,-0.2234344482421875,0.9047619104385376,0.9365079402923584,0.6666666865348816
2024-02,2024-02-01,2024-02-29,2022-02-01,2024-01-04,2405,2024-02-29,26,0.029628676167437,-0.06796116381883621,-0.13016369938850403,0.9047619104385376,0.9365079402923584,0.6666666865348816
2024-02,2024-02-01,2024-02-29,2022-02-01,2024-01-04,4534,2024-02-29,27,0.02900235419663591,-0.1918819397687912,-0.2540844678878784,0.9047619104385376,0.9365079402923584,0.6666666865348816
2024-02,2024-02-01,2024-02-29,2022-02-01,2024-01-04,3555,2024-02-29,28,0.028083461275117315,-0.2876923084259033,-0.34989485144615173,0.9047619104385376,0.9365079402923584,0.6666666865348816
2024-02,2024-02-01,2024-02-29,2022-02-01,2024-01-04,3230,2024-02-29,29,0.0268325145353848,-0.02678571455180645,-0.08898825198411942,0.9047619104385376,0.9365079402923584,0.6666666865348816
2024-02,2024-02-01,2024-02-29,2022-02-01,2024-01-04,3228,2024-02-29,30,0.026607766402448708,0.051080550998449326,-0.011121989227831364,0.9047619104385376,0.9365079402923584,0.6666666865348816
2024-03,2024-03-01,2024-03-31,2022-03-01,2024-01-23,1101,2024-03-29,1,0.007829332186201264,-0.006201598327606916,-0.011235013604164124,0.8134920597076416,0.9444444179534912,0.1785714328289032
2024-03,2024-03-01,2024-03-31,2022-03-01,2024-01-23,1102,2024-03-29,2,0.007829332186201264,0.058111436665058136,0.053078021854162216,0.8134920597076416,0.9444444179534912,0.1785714328289032
2024-03,2024-03-01,2024-03-31,2022-03-01,2024-01-23,1103,2024-03-29,3,0.007829332186201264,0.05747131630778313,0.05243790149688721,0.8134920597076416,0.9444444179534912,0.1785714328289032
2024-03,2024-03-01,2024-03-31,2022-03-01,2024-01-23,1104,2024-03-29,4,0.007829332186201264,0.11058453470468521,0.10555111616849899,0.8134920597076416,0.9444444179534912,0.1785714328289032
2024-03,2024-03-01,2024-03-31,2022-03-01,2024-01-23,1108,2024-03-29,5,0.007829332186201264,0.06940066814422607,0.06436724960803986,0.8134920597076416,0.9444444179534912,0.1785714328289032
2024-03,2024-03-01,2024-03-31,2022-03-01,2024-01-23,1110,2024-03-29,6,0.007829332186201264,0.1380281299352646,0.13299471139907837,0.8134920597076416,0.9444444179534912,0.1785714328289032
2024-03,2024-03-01,2024-03-31,2022-03-01,2024-01-23,1201,2024-03-29,7,0.007829332186201264,-6.813615982537158e-08,-0.005033483263105154,0.8134920597076416,0.9444444179534912,0.1785714328289032
2024-03,2024-03-01,2024-03-31,2022-03-01,2024-01-23,1210,2024-03-29,8,0.007829332186201264,-0.010380593128502369,-0.015414007939398289,0.8134920597076416,0.9444444179534912,0.1785714328289032
2024-03,2024-03-01,2024-03-31,2022-03-01,2024-01-23,1215,2024-03-29,9,0.007829332186201264,-0.04932735487818718,-0.0543607696890831,0.8134920597076416,0.9444444179534912,0.1785714328289032
2024-03,2024-03-01,2024-03-31,2022-03-01,2024-01-23,1216,2024-03-29,10,0.007829332186201264,-0.0077820816077291965,-0.012815496884286404,0.8134920597076416,0.9444444179534912,0.1785714328289032
2024-03,2024-03-01,2024-03-31,2022-03-01,2024-01-23,1218,2024-03-29,11,0.007829332186201264,0.006787297781556845,0.0017538825049996376,0.8134920597076416,0.9444444179534912,0.1785714328289032
2024-03,2024-03-01,2024-03-31,2022-03-01,2024-01-23,1219,2024-03-29,12,0.007829332186201264,0.02941187284886837,0.02437845803797245,0.8134920597076416,0.9444444179534912,0.1785714328289032
2024-03,2024-03-01,2024-03-31,2022-03-01,2024-01-23,1225,2024-03-29,13,0.007829332186201264,0.0672566294670105,0.06222321465611458,0.8134920597076416,0.9444444179534912,0.1785714328289032
2024-03,2024-03-01,2024-03-31,2022-03-01,2024-01-23,1227,2024-03-29,14,0.007829332186201264,0.003926741890609264,-0.0011066733859479427,0.8134920597076416,0.9444444179534912,0.1785714328289032
2024-03,2024-03-01,2024-03-31,2022-03-01,2024-01-23,1229,2024-03-29,15,0.007829332186201264,-0.019202375784516335,-0.024235790595412254,0.8134920597076416,0.9444444179534912,0.1785714328289032
2024-03,2024-03-01,2024-03-31,2022-03-01,2024-01-23,1231,2024-03-29,16,0.007829332186201264,0.012396694160997868,0.0073632788844406605,0.8134920597076416,0.9444444179534912,0.1785714328289032
2024-03,2024-03-01,2024-03-31,2022-03-01,2024-01-23,1301,2024-03-29,17,0.007829332186201264,-0.012968328781425953,-0.018001744523644447,0.8134920597076416,0.9444444179534912,0.1785714328289032
2024-03,2024-03-01,2024-03-31,2022-03-01,2024-01-23,1303,2024-03-29,18,0.007829332186201264,0.0035399245098233223,-0.0014934907667338848,0.8134920597076416,0.9444444179534912,0.1785714328289032
2024-03,2024-03-01,2024-03-31,2022-03-01,2024-01-23,1304,2024-03-29,19,0.007829332186201264,-0.012460971251130104,-0.017494386062026024,0.8134920597076416,0.9444444179534912,0.1785714328289032
2024-03,2024-03-01,2024-03-31,2022-03-01,2024-01-23,1305,2024-03-29,20,0.007829332186201264,0.002739720046520233,-0.002293695230036974,0.8134920597076416,0.9444444179534912,0.1785714328289032
2024-03,2024-03-01,2024-03-31,2022-03-01,2024-01-23,1307,2024-03-29,21,0.007829332186201264,0.021812111139297485,0.016778696328401566,0.8134920597076416,0.9444444179534912,0.1785714328289032
2024-03,2024-03-01,2024-03-31,2022-03-01,2024-01-23,1308,2024-03-29,22,0.007829332186201264,0.010416656732559204,0.005383241456001997,0.8134920597076416,0.9444444179534912,0.1785714328289032
2024-03,2024-03-01,2024-03-31,2022-03-01,2024-01-23,1309,2024-03-29,23,0.007829332186201264,-0.0064516025595366955,-0.011485017836093903,0.8134920597076416,0.9444444179534912,0.1785714328289032
2024-03,2024-03-01,2024-03-31,2022-03-01,2024-01-23,1312,2024-03-29,24,0.007829332186201264,0.015037579461932182,0.010004164651036263,0.8134920597076416,0.9444444179534912,0.1785714328289032
2024-03,2024-03-01,2024-03-31,2022-03-01,2024-01-23,1313,2024-03-29,25,0.007829332186201264,0.03773580491542816,0.03270239010453224,0.8134920597076416,0.9444444179534912,0.1785714328289032
2024-03,2024-03-01,2024-03-31,2022-03-01,2024-01-23,1316,2024-03-29,26,0.007829332186201264,0.05181347206234932,0.0467800572514534,0.8134920597076416,0.9444444179534912,0.1785714328289032
2024-03,2024-03-01,2024-03-31,2022-03-01,2024-01-23,1319,2024-03-29,27,0.007829332186201264,-0.028571367263793945,-0.033604782074689865,0.8134920597076416,0.9444444179534912,0.1785714328289032
2024-03,2024-03-01,2024-03-31,2022-03-01,2024-01-23,1323,2024-03-29,28,0.007829332186201264,0.003230955684557557,-0.00180245959199965,0.8134920597076416,0.9444444179534912,0.1785714328289032
2024-03,2024-03-01,2024-03-31,2022-03-01,2024-01-23,1325,2024-03-29,29,0.007829332186201264,-0.04948807880282402,-0.05452149361371994,0.8134920597076416,0.9444444179534912,0.1785714328289032
2024-03,2024-03-01,2024-03-31,2022-03-01,2024-01-23,1326,2024-03-29,30,0.007829332186201264,0.005434664431959391,0.00040124915540218353,0.8134920597076416,0.9444444179534912,0.1785714328289032
2024-04,2024-04-01,2024-04-30,2022-04-01,2024-03-04,3691,2024-04-30,1,0.02613128249946546,-0.16455696523189545,-0.22662125527858734,0.5198412537574768,0.7420634627342224,0.7579365372657776
2024-04,2024-04-01,2024-04-30,2022-04-01,2024-03-04,2363,2024-04-30,2,0.024478428429305227,-0.03236247971653938,-0.09442676603794098,0.5198412537574768,0.7420634627342224,0.7579365372657776
2024-04,2024-04-01,2024-04-30,2022-04-01,2024-03-04,3234,2024-04-30,3,0.018025017838573215,0.01718904823064804,-0.044875238090753555,0.5198412537574768,0.7420634627342224,0.7579365372657776
2024-04,2024-04-01,2024-04-30,2022-04-01,2024-03-04,2852,2024-04-30,4,0.01669631634309828,0.0986548438668251,0.03659055754542351,0.5198412537574768,0.7420634627342224,0.7579365372657776
2024-04,2024-04-01,2024-04-30,2022-04-01,2024-03-04,2850,2024-04-30,5,0.01669631634309828,-0.04455957189202309,-0.10662385821342468,0.5198412537574768,0.7420634627342224,0.7579365372657776
2024-04,2024-04-01,2024-04-30,2022-04-01,2024-03-04,6919,2024-04-30,6,0.012493678604611124,0.07682283222675323,0.014758545905351639,0.5198412537574768,0.7420634627342224,0.7579365372657776
2024-04,2024-04-01,2024-04-30,2022-04-01,2024-03-04,8045,2024-04-30,7,0.012132181842217354,-0.17687076330184937,-0.23893505334854126,0.5198412537574768,0.7420634627342224,0.7579365372657776
2024-04,2024-04-01,2024-04-30,2022-04-01,2024-03-04,1436,2024-04-30,8,0.011993279063000252,-0.06484649330377579,-0.12691077589988708,0.5198412537574768,0.7420634627342224,0.7579365372657776
2024-04,2024-04-01,2024-04-30,2022-04-01,2024-03-04,1442,2024-04-30,9,0.011993279063000252,0.015624982304871082,-0.04643930494785309,0.5198412537574768,0.7420634627342224,0.7579365372657776
2024-04,2024-04-01,2024-04-30,2022-04-01,2024-03-04,6177,2024-04-30,10,0.010009567428733702,-0.09999997913837433,-0.16206426918506622,0.5198412537574768,0.7420634627342224,0.7579365372657776
2024-04,2024-04-01,2024-04-30,2022-04-01,2024-03-04,7734,2024-04-30,11,0.009946733235412206,-0.15337423980236053,-0.21543852984905243,0.5198412537574768,0.7420634627342224,0.7579365372657776
2024-04,2024-04-01,2024-04-30,2022-04-01,2024-03-04,6640,2024-04-30,12,0.009946733235412206,0.07274971157312393,0.010685425251722336,0.5198412537574768,0.7420634627342224,0.7579365372657776
2024-04,2024-04-01,2024-04-30,2022-04-01,2024-03-04,6125,2024-04-30,13,0.009946733235412206,0.26898056268692017,0.20691627264022827,0.5198412537574768,0.7420634627342224,0.7579365372657776
2024-04,2024-04-01,2024-04-30,2022-04-01,2024-03-04,2316,2024-04-30,14,0.009938119436961225,-0.09462151676416397,-0.15668579936027527,0.5198412537574768,0.7420634627342224,0.7579365372657776
2024-04,2024-04-01,2024-04-30,2022-04-01,2024-03-04,4166,2024-04-30,15,0.009827920495588319,0.09504128992557526,0.03297700360417366,0.5198412537574768,0.7420634627342224,0.7579365372657776
2024-04,2024-04-01,2024-04-30,2022-04-01,2024-03-04,2851,2024-04-30,16,0.009674707143320242,0.01660519652068615,-0.0454590879380703,0.5198412537574768,0.7420634627342224,0.7579365372657776
2024-04,2024-04-01,2024-04-30,2022-04-01,2024-03-04,7728,2024-04-30,17,0.009379858558635733,0.020766761153936386,-0.04129752516746521,0.5198412537574768,0.7420634627342224,0.7579365372657776
2024-04,2024-04-01,2024-04-30,2022-04-01,2024-03-04,5251,2024-04-30,18,0.00913863474692173,0.1407894343137741,0.07872515171766281,0.5198412537574768,0.7420634627342224,0.7579365372657776
2024-04,2024-04-01,2024-04-30,2022-04-01,2024-03-04,4772,2024-04-30,19,0.00912880786742907,-0.03943667933344841,-0.10150096565485,0.5198412537574768,0.7420634627342224,0.7579365372657776
2024-04,2024-04-01,2024-04-30,2022-04-01,2024-03-04,7547,2024-04-30,20,0.00912880786742907,0.006749175954610109,-0.055315110832452774,0.5198412537574768,0.7420634627342224,0.7579365372657776
2024-04,2024-04-01,2024-04-30,2022-04-01,2024-03-04,4303,2024-04-30,21,0.00912880786742907,-0.15306122601032257,-0.21512551605701447,0.5198412537574768,0.7420634627342224,0.7579365372657776
2024-04,2024-04-01,2024-04-30,2022-04-01,2024-03-04,6739,2024-04-30,22,0.00912880786742907,0.05625727400183678,-0.005807011853903532,0.5198412537574768,0.7420634627342224,0.7579365372657776
2024-04,2024-04-01,2024-04-30,2022-04-01,2024-03-04,1446,2024-04-30,23,0.00912880786742907,0.29032254219055176,0.22825825214385986,0.5198412537574768,0.7420634627342224,0.7579365372657776
2024-04,2024-04-01,2024-04-30,2022-04-01,2024-03-04,1440,2024-04-30,24,0.00912880786742907,-0.14070342481136322,-0.20276771485805511,0.5198412537574768,0.7420634627342224,0.7579365372657776
2024-04,2024-04-01,2024-04-30,2022-04-01,2024-03-04,3188,2024-04-30,25,0.008989905088211968,0.004886015318334103,-0.05717827007174492,0.5198412537574768,0.7420634627342224,0.7579365372657776
2024-04,2024-04-01,2024-04-30,2022-04-01,2024-03-04,5519,2024-04-30,26,0.008989905088211968,-0.15204085409641266,-0.21410514414310455,0.5198412537574768,0.7420634627342224,0.7579365372657776
2024-04,2024-04-01,2024-04-30,2022-04-01,2024-03-04,6873,2024-04-30,27,0.008989905088211968,-0.10817942023277283,-0.17024371027946472,0.5198412537574768,0.7420634627342224,0.7579365372657776
2024-04,2024-04-01,2024-04-30,2022-04-01,2024-03-04,6994,2024-04-30,28,0.008989905088211968,-0.05106384679675102,-0.11312813311815262,0.5198412537574768,0.7420634627342224,0.7579365372657776
2024-04,2024-04-01,2024-04-30,2022-04-01,2024-03-04,2530,2024-04-30,29,0.008989905088211968,-0.07101164013147354,-0.13307592272758484,0.5198412537574768,0.7420634627342224,0.7579365372657776
2024-04,2024-04-01,2024-04-30,2022-04-01,2024-03-04,2540,2024-04-30,30,0.008989905088211968,0.10801395028829575,0.04594966396689415,0.5198412537574768,0.7420634627342224,0.7579365372657776
2024-05,2024-05-01,2024-05-31,2022-05-01,2024-04-01,3466,2024-05-31,1,0.02182974202382498,-0.014510241337120533,-0.10350286960601807,0.7341269850730896,0.6190476417541504,0.6269841194152832
2024-05,2024-05-01,2024-05-31,2022-05-01,2024-04-01,6757,2024-05-31,2,0.017794719007765896,0.3051742613315582,0.21618163585662842,0.7341269850730896,0.6190476417541504,0.6269841194152832
2024-05,2024-05-01,2024-05-31,2022-05-01,2024-04-01,2613,2024-05-31,3,0.014530636629785314,-0.030842263251543045,-0.11983489245176315,0.7341269850730896,0.6190476417541504,0.6269841194152832
2024-05,2024-05-01,2024-05-31,2022-05-01,2024-04-01,8089,2024-05-31,4,0.014444514121629384,0.1238531842827797,0.034860555082559586,0.7341269850730896,0.6190476417541504,0.6269841194152832
2024-05,2024-05-01,2024-05-31,2022-05-01,2024-04-01,6125,2024-05-31,5,0.014202323769087085,-0.1933085322380066,-0.2823011577129364,0.7341269850730896,0.6190476417541504,0.6269841194152832
2024-05,2024-05-01,2024-05-31,2022-05-01,2024-04-01,6919,2024-05-31,6,0.013895623771657034,0.7906137704849243,0.7016211152076721,0.7341269850730896,0.6190476417541504,0.6269841194152832
2024-05,2024-05-01,2024-05-31,2022-05-01,2024-04-01,5251,2024-05-31,7,0.01350857734662405,-0.1179906353354454,-0.2069832682609558,0.7341269850730896,0.6190476417541504,0.6269841194152832
2024-05,2024-05-01,2024-05-31,2022-05-01,2024-04-01,2367,2024-05-31,8,0.013265576779675811,-0.014986354857683182,-0.10397898405790329,0.7341269850730896,0.6190476417541504,0.6269841194152832
2024-05,2024-05-01,2024-05-31,2022-05-01,2024-04-01,4991,2024-05-31,9,0.01310025952762748,0.10807608813047409,0.019083457067608833,0.7341269850730896,0.6190476417541504,0.6269841194152832
2024-05,2024-05-01,2024-05-31,2022-05-01,2024-04-01,4534,2024-05-31,10,0.013097320727621415,0.4501718282699585,0.3611792027950287,0.7341269850730896,0.6190476417541504,0.6269841194152832
2024-05,2024-05-01,2024-05-31,2022-05-01,2024-04-01,2615,2024-05-31,11,0.012818066239455092,0.04389526695013046,-0.045097362250089645,0.7341269850730896,0.6190476417541504,0.6269841194152832
2024-05,2024-05-01,2024-05-31,2022-05-01,2024-04-01,3379,2024-05-31,12,0.012792026613622639,0.17731958627700806,0.08832695335149765,0.7341269850730896,0.6190476417541504,0.6269841194152832
2024-05,2024-05-01,2024-05-31,2022-05-01,2024-04-01,6231,2024-05-31,13,0.012762750208753018,0.2306547611951828,0.141662135720253,0.7341269850730896,0.6190476417541504,0.6269841194152832
2024-05,2024-05-01,2024-05-31,2022-05-01,2024-04-01,2611,2024-05-31,14,0.012476243361644896,0.031249940395355225,-0.05774268880486488,0.7341269850730896,0.6190476417541504,0.6269841194152832
2024-05,2024-05-01,2024-05-31,2022-05-01,2024-04-01,2603,2024-05-31,15,0.012476243361644896,-0.066660076379776,-0.1556527018547058,0.7341269850730896,0.6190476417541504,0.6269841194152832
2024-05,2024-05-01,2024-05-31,2022-05-01,2024-04-01,8071,2024-05-31,16,0.012427388780378117,-0.019607825204730034,-0.10860045254230499,0.7341269850730896,0.6190476417541504,0.6269841194152832
2024-05,2024-05-01,2024-05-31,2022-05-01,2024-04-01,4166,2024-05-31,17,0.012046892852641369,0.009363295510411263,-0.0796293318271637,0.7341269850730896,0.6190476417541504,0.6269841194152832
2024-05,2024-05-01,2024-05-31,2022-05-01,2024-04-01,2609,2024-05-31,18,0.011979878240157399,-0.010738293640315533,-0.09973092377185822,0.7341269850730896,0.6190476417541504,0.6269841194152832
2024-05,2024-05-01,2024-05-31,2022-05-01,2024-04-01,3234,2024-05-31,19,0.011752902511032788,-0.023109212517738342,-0.11210184544324875,0.7341269850730896,0.6190476417541504,0.6269841194152832
2024-05,2024-05-01,2024-05-31,2022-05-01,2024-04-01,2102,2024-05-31,20,0.011491507979810175,-0.03953490033745766,-0.12852753698825836,0.7341269850730896,0.6190476417541504,0.6269841194152832
2024-05,2024-05-01,2024-05-31,2022-05-01,2024-04-01,1736,2024-05-31,21,0.01141457164189324,-0.0032966453582048416,-0.0922892764210701,0.7341269850730896,0.6190476417541504,0.6269841194152832
2024-05,2024-05-01,2024-05-31,2022-05-01,2024-04-01,2406,2024-05-31,22,0.011408824313839822,0.1567329466342926,0.0677403137087822,0.7341269850730896,0.6190476417541504,0.6269841194152832
2024-05,2024-05-01,2024-05-31,2022-05-01,2024-04-01,2608,2024-05-31,23,0.011262707822998357,-0.07612302899360657,-0.16511565446853638,0.7341269850730896,0.6190476417541504,0.6269841194152832
2024-05,2024-05-01,2024-05-31,2022-05-01,2024-04-01,6768,2024-05-31,24,0.011219225756440729,-0.023026231676340103,-0.11201886087656021,0.7341269850730896,0.6190476417541504,0.6269841194152832
2024-05,2024-05-01,2024-05-31,2022-05-01,2024-04-01,8096,2024-05-31,25,0.010853516212339352,0.13194435834884644,0.04295172914862633,0.7341269850730896,0.6190476417541504,0.6269841194152832
2024-05,2024-05-01,2024-05-31,2022-05-01,2024-04-01,6446,2024-05-31,26,0.01057114635229033,0.38902145624160767,0.30002883076667786,0.7341269850730896,0.6190476417541504,0.6269841194152832
2024-05,2024-05-01,2024-05-31,2022-05-01,2024-04-01,8938,2024-05-31,27,0.01051303445422531,-0.046511609107255936,-0.13550424575805664,0.7341269850730896,0.6190476417541504,0.6269841194152832
2024-05,2024-05-01,2024-05-31,2022-05-01,2024-04-01,3535,2024-05-31,28,0.010210901744676521,0.5963454842567444,0.5073528289794922,0.7341269850730896,0.6190476417541504,0.6269841194152832
2024-05,2024-05-01,2024-05-31,2022-05-01,2024-04-01,9904,2024-05-31,29,0.009908123682145685,-0.05746404454112053,-0.14645667374134064,0.7341269850730896,0.6190476417541504,0.6269841194152832
2024-05,2024-05-01,2024-05-31,2022-05-01,2024-04-01,3490,2024-05-31,30,0.009661722762734857,-0.05198029428720474,-0.14097292721271515,0.7341269850730896,0.6190476417541504,0.6269841194152832
2024-06,2024-06-01,2024-06-30,2022-06-01,2024-05-06,6919,2024-06-28,1,0.08180318316294453,-0.04523429647088051,-0.010123541578650475,0.7658730149269104,0.8571428656578064,0.5198412537574768
2024-06,2024-06-01,2024-06-30,2022-06-01,2024-05-06,8089,2024-06-28,2,0.06703225374342833,-0.012875502929091454,0.02223525196313858,0.7658730149269104,0.8571428656578064,0.5198412537574768
2024-06,2024-06-01,2024-06-30,2022-06-01,2024-05-06,8937,2024-06-28,3,0.06655547300080572,0.7278618216514587,0.7629725933074951,0.7658730149269104,0.8571428656578064,0.5198412537574768
2024-06,2024-06-01,2024-06-30,2022-06-01,2024-05-06,5278,2024-06-28,4,0.06517565563154443,-0.07279682159423828,-0.0376860648393631,0.7658730149269104,0.8571428656578064,0.5198412537574768
2024-06,2024-06-01,2024-06-30,2022-06-01,2024-05-06,4562,2024-06-28,5,0.04977510127846568,0.03578157350420952,0.0708923265337944,0.7658730149269104,0.8571428656578064,0.5198412537574768
2024-06,2024-06-01,2024-06-30,2022-06-01,2024-05-06,3490,2024-06-28,6,0.04789917432815845,-0.04233727976679802,-0.0072265248745679855,0.7658730149269104,0.8571428656578064,0.5198412537574768
2024-06,2024-06-01,2024-06-30,2022-06-01,2024-05-06,6913,2024-06-28,7,0.04582217785534244,-0.011494296602904797,0.023616459220647812,0.7658730149269104,0.8571428656578064,0.5198412537574768
2024-06,2024-06-01,2024-06-30,2022-06-01,2024-05-06,3379,2024-06-28,8,0.04399704296308655,0.51393723487854,0.5490480065345764,0.7658730149269104,0.8571428656578064,0.5198412537574768
2024-06,2024-06-01,2024-06-30,2022-06-01,2024-05-06,2429,2024-06-28,9,0.042509214969664186,0.2047492116689682,0.23985996842384338,0.7658730149269104,0.8571428656578064,0.5198412537574768
2024-06,2024-06-01,2024-06-30,2022-06-01,2024-05-06,6596,2024-06-28,10,0.041897728086126546,-0.05405404046177864,-0.018943285569548607,0.7658730149269104,0.8571428656578064,0.5198412537574768
2024-06,2024-06-01,2024-06-30,2022-06-01,2024-05-06,3048,2024-06-28,11,0.04118738872454978,0.08781604468822479,0.12292680144309998,0.7658730149269104,0.8571428656578064,0.5198412537574768
2024-06,2024-06-01,2024-06-30,2022-06-01,2024-05-06,3466,2024-06-28,12,0.039584025296767696,-0.025925906375050545,0.00918484851717949,0.7658730149269104,0.8571428656578064,0.5198412537574768
2024-06,2024-06-01,2024-06-30,2022-06-01,2024-05-06,6419,2024-06-28,13,0.03899595758239499,0.11402211338281631,0.1491328626871109,0.7658730149269104,0.8571428656578064,0.5198412537574768
2024-06,2024-06-01,2024-06-30,2022-06-01,2024-05-06,8277,2024-06-28,14,0.03827401191503564,-0.24438199400901794,-0.20927123725414276,0.7658730149269104,0.8571428656578064,0.5198412537574768
2024-06,2024-06-01,2024-06-30,2022-06-01,2024-05-06,2392,2024-06-28,15,0.03735480319810364,-0.09708596765995026,-0.06197521090507507,0.7658730149269104,0.8571428656578064,0.5198412537574768
2024-06,2024-06-01,2024-06-30,2022-06-01,2024-05-06,3066,2024-06-28,16,0.03702738842973796,-0.06498956680297852,-0.029878811910748482,0.7658730149269104,0.8571428656578064,0.5198412537574768
2024-06,2024-06-01,2024-06-30,2022-06-01,2024-05-06,1519,2024-06-28,17,0.036541529712690424,-0.16654014587402344,-0.13142938911914825,0.7658730149269104,0.8571428656578064,0.5198412537574768
2024-06,2024-06-01,2024-06-30,2022-06-01,2024-05-06,2548,2024-06-28,18,0.036442697136581936,0.24542118608951569,0.28053194284439087,0.7658730149269104,0.8571428656578064,0.5198412537574768
2024-06,2024-06-01,2024-06-30,2022-06-01,2024-05-06,2438,2024-06-28,19,0.0361457402000701,0.07853402942419052,0.1136447861790657,0.7658730149269104,0.8571428656578064,0.5198412537574768
2024-06,2024-06-01,2024-06-30,2022-06-01,2024-05-06,4716,2024-06-28,20,0.03414724526670391,0.01511331181973219,0.05022406578063965,0.7658730149269104,0.8571428656578064,0.5198412537574768
2024-06,2024-06-01,2024-06-30,2022-06-01,2024-05-06,1316,2024-06-28,21,0.03391478992350243,0.11640215665102005,0.15151290595531464,0.7658730149269104,0.8571428656578064,0.5198412537574768
2024-06,2024-06-01,2024-06-30,2022-06-01,2024-05-06,7734,2024-06-28,22,0.03349608658066134,-0.05423727259039879,-0.019126517698168755,0.7658730149269104,0.8571428656578064,0.5198412537574768
2024-06,2024-06-01,2024-06-30,2022-06-01,2024-05-06,2070,2024-06-28,23,0.032578872050902624,0.38164252042770386,0.41675326228141785,0.7658730149269104,0.8571428656578064,0.5198412537574768
2024-06,2024-06-01,2024-06-30,2022-06-01,2024-05-06,4166,2024-06-28,24,0.03242920032093553,0.022058766335248947,0.05716952309012413,0.7658730149269104,0.8571428656578064,0.5198412537574768
2024-06,2024-06-01,2024-06-30,2022-06-01,2024-05-06,3360,2024-06-28,25,0.032343373226772804,-0.04907970875501633,-0.013968953862786293,0.7658730149269104,0.8571428656578064,0.5198412537574768
2024-06,2024-06-01,2024-06-30,2022-06-01,2024-05-06,4545,2024-06-28,26,0.032332855463864066,-0.06747402995824814,-0.032363273203372955,0.7658730149269104,0.8571428656578064,0.5198412537574768
2024-06,2024-06-01,2024-06-30,2022-06-01,2024-05-06,3056,2024-06-28,27,0.03231503680079687,0.10678206384181976,0.14189282059669495,0.7658730149269104,0.8571428656578064,0.5198412537574768
2024-06,2024-06-01,2024-06-30,2022-06-01,2024-05-06,5203,2024-06-28,28,0.03219289859612649,-0.06915886700153351,-0.034048110246658325,0.7658730149269104,0.8571428656578064,0.5198412537574768
2024-06,2024-06-01,2024-06-30,2022-06-01,2024-05-06,8438,2024-06-28,29,0.03211261803024718,-0.06064356490969658,-0.025532810017466545,0.7658730149269104,0.8571428656578064,0.5198412537574768
2024-06,2024-06-01,2024-06-30,2022-06-01,2024-05-06,3535,2024-06-28,30,0.03158581686806846,0.5642105937004089,0.5993213653564453,0.7658730149269104,0.8571428656578064,0.5198412537574768
2024-07,2024-07-01,2024-07-31,2022-07-01,2024-05-31,3535,2024-07-31,1,0.030193099331748095,-0.0716845840215683,-0.07940150052309036,0.0436507947742939,0.2222222238779068,0.3928571343421936
2024-07,2024-07-01,2024-07-31,2022-07-01,2024-05-31,2438,2024-07-31,2,0.029273357724080382,-0.09574472159147263,-0.10346163809299469,0.0436507947742939,0.2222222238779068,0.3928571343421936
2024-07,2024-07-01,2024-07-31,2022-07-01,2024-05-31,5484,2024-07-31,3,0.029273357724080382,0.046451594680547714,0.03873467817902565,0.0436507947742939,0.2222222238779068,0.3928571343421936
2024-07,2024-07-01,2024-07-31,2022-07-01,2024-05-31,3379,2024-07-31,4,0.028904975094155946,-0.032332487404346466,-0.04004940390586853,0.0436507947742939,0.2222222238779068,0.3928571343421936
2024-07,2024-07-01,2024-07-31,2022-07-01,2024-05-31,7712,2024-07-31,5,0.026333962363167145,-0.17000000178813934,-0.177716925740242,0.0436507947742939,0.2222222238779068,0.3928571343421936
2024-07,2024-07-01,2024-07-31,2022-07-01,2024-05-31,7751,2024-07-31,6,0.026333962363167145,0.311557799577713,0.30384087562561035,0.0436507947742939,0.2222222238779068,0.3928571343421936
2024-07,2024-07-01,2024-07-31,2022-07-01,2024-05-31,4562,2024-07-31,7,0.026132537646077564,0.33508768677711487,0.3273707628250122,0.0436507947742939,0.2222222238779068,0.3928571343421936
2024-07,2024-07-01,2024-07-31,2022-07-01,2024-05-31,3047,2024-07-31,8,0.026132537646077564,-0.018979905173182487,-0.02669682167470455,0.0436507947742939,0.2222222238779068,0.3928571343421936
2024-07,2024-07-01,2024-07-31,2022-07-01,2024-05-31,3293,2024-07-31,9,0.021595516617521186,0.07001316547393799,0.062296248972415924,0.0436507947742939,0.2222222238779068,0.3928571343421936
2024-07,2024-07-01,2024-07-31,2022-07-01,2024-05-31,6462,2024-07-31,10,0.01240821788054624,-0.04600000008940697,-0.05371691659092903,0.0436507947742939,0.2222222238779068,0.3928571343421936
2024-07,2024-07-01,2024-07-31,2022-07-01,2024-05-31,6695,2024-07-31,11,0.01240821788054624,-0.09955430030822754,-0.1072712168097496,0.0436507947742939,0.2222222238779068,0.3928571343421936
2024-07,2024-07-01,2024-07-31,2022-07-01,2024-05-31,3041,2024-07-31,12,0.01240821788054624,-0.057553958147764206,-0.06527087837457657,0.0436507947742939,0.2222222238779068,0.3928571343421936
2024-07,2024-07-01,2024-07-31,2022-07-01,2024-05-31,6405,2024-07-31,13,0.01240821788054624,0.27620968222618103,0.26849275827407837,0.0436507947742939,0.2222222238779068,0.3928571343421936
2024-07,2024-07-01,2024-07-31,2022-07-01,2024-05-31,5302,2024-07-31,14,0.01240821788054624,-0.05859375,-0.06631066650152206,0.0436507947742939,0.2222222238779068,0.3928571343421936
2024-07,2024-07-01,2024-07-31,2022-07-01,2024-05-31,8277,2024-07-31,15,0.01240821788054624,0.044117603451013565,0.0364006869494915,0.0436507947742939,0.2222222238779068,0.3928571343421936
2024-07,2024-07-01,2024-07-31,2022-07-01,2024-05-31,8040,2024-07-31,16,0.01240821788054624,0.09162303805351257,0.08390612155199051,0.0436507947742939,0.2222222238779068,0.3928571343421936
2024-07,2024-07-01,2024-07-31,2022-07-01,2024-05-31,6510,2024-07-31,17,0.01240821788054624,0.11477268487215042,0.10705576837062836,0.0436507947742939,0.2222222238779068,0.3928571343421936
2024-07,2024-07-01,2024-07-31,2022-07-01,2024-05-31,3122,2024-07-31,18,0.01240821788054624,-0.11973387748003006,-0.12745079398155212,0.0436507947742939,0.2222222238779068,0.3928571343421936
2024-07,2024-07-01,2024-07-31,2022-07-01,2024-05-31,2491,2024-07-31,19,0.01240821788054624,-0.04406777024269104,-0.051784686744213104,0.0436507947742939,0.2222222238779068,0.3928571343421936
2024-07,2024-07-01,2024-07-31,2022-07-01,2024-05-31,6533,2024-07-31,20,0.01240821788054624,-0.038208167999982834,-0.0459250845015049,0.0436507947742939,0.2222222238779068,0.3928571343421936
2024-07,2024-07-01,2024-07-31,2022-07-01,2024-05-31,5251,2024-07-31,21,0.01240821788054624,-0.0676470398902893,-0.07536395639181137,0.0436507947742939,0.2222222238779068,0.3928571343421936
2024-07,2024-07-01,2024-07-31,2022-07-01,2024-05-31,6233,2024-07-31,22,0.01240821788054624,0.007824728265404701,0.00010781088349176571,0.0436507947742939,0.2222222238779068,0.3928571343421936
2024-07,2024-07-01,2024-07-31,2022-07-01,2024-05-31,2401,2024-07-31,23,0.01240821788054624,-0.04826552793383598,-0.05598244443535805,0.0436507947742939,0.2222222238779068,0.3928571343421936
2024-07,2024-07-01,2024-07-31,2022-07-01,2024-05-31,6237,2024-07-31,24,0.01240821788054624,-0.01366974413394928,-0.021386660635471344,0.0436507947742939,0.2222222238779068,0.3928571343421936
2024-07,2024-07-01,2024-07-31,2022-07-01,2024-05-31,3228,2024-07-31,25,0.01240821788054624,-0.03928571566939354,-0.047002632170915604,0.0436507947742939,0.2222222238779068,0.3928571343421936
2024-07,2024-07-01,2024-07-31,2022-07-01,2024-05-31,5272,2024-07-31,26,0.01240821788054624,-0.01910829171538353,-0.026825208216905594,0.0436507947742939,0.2222222238779068,0.3928571343421936
2024-07,2024-07-01,2024-07-31,2022-07-01,2024-05-31,3066,2024-07-31,27,0.01240821788054624,0.07096772640943527,0.06325080990791321,0.0436507947742939,0.2222222238779068,0.3928571343421936
2024-07,2024-07-01,2024-07-31,2022-07-01,2024-05-31,6823,2024-07-31,28,0.01240821788054624,-0.08909369260072708,-0.09681060910224915,0.0436507947742939,0.2222222238779068,0.3928571343421936
2024-07,2024-07-01,2024-07-31,2022-07-01,2024-05-31,3490,2024-07-31,29,0.01240821788054624,-0.06630586087703705,-0.07402277737855911,0.0436507947742939,0.2222222238779068,0.3928571343421936
2024-07,2024-07-01,2024-07-31,2022-07-01,2024-05-31,6684,2024-07-31,30,0.01240821788054624,-0.11378002911806107,-0.12149694561958313,0.0436507947742939,0.2222222238779068,0.3928571343421936
2024-08,2024-08-01,2024-08-31,2022-08-01,2024-07-02,4174,2024-08-30,1,0.056618233974473284,-0.13929787278175354,-0.13734212517738342,0.1626984179019928,0.170634925365448,0.8730158805847168
2024-08,2024-08-01,2024-08-31,2022-08-01,2024-07-02,4526,2024-08-30,2,0.051875223146474574,-0.11689958721399307,-0.11494383960962296,0.1626984179019928,0.170634925365448,0.8730158805847168
2024-08,2024-08-01,2024-08-31,2022-08-01,2024-07-02,4513,2024-08-30,3,0.05003461003056749,-0.3022959232330322,-0.3003401756286621,0.1626984179019928,0.170634925365448,0.8730158805847168
2024-08,2024-08-01,2024-08-31,2022-08-01,2024-07-02,6919,2024-08-30,4,0.04306767129213403,-0.06666667759418488,-0.06471092998981476,0.1626984179019928,0.170634925365448,0.8730158805847168
2024-08,2024-08-01,2024-08-31,2022-08-01,2024-07-02,3149,2024-08-30,5,0.042223512316921126,0.029411764815449715,0.03136751428246498,0.1626984179019928,0.170634925365448,0.8730158805847168
2024-08,2024-08-01,2024-08-31,2022-08-01,2024-07-02,8937,2024-08-30,6,0.04077228868109798,0.06616543978452682,0.06812118738889694,0.1626984179019928,0.170634925365448,0.8730158805847168
2024-08,2024-08-01,2024-08-31,2022-08-01,2024-07-02,3230,2024-08-30,7,0.03520494461460901,0.1875000149011612,0.1894557625055313,0.1626984179019928,0.170634925365448,0.8730158805847168
2024-08,2024-08-01,2024-08-31,2022-08-01,2024-07-02,6419,2024-08-30,8,0.03163223501970336,-0.07792206853628159,-0.07596632093191147,0.1626984179019928,0.170634925365448,0.8730158805847168
2024-08,2024-08-01,2024-08-31,2022-08-01,2024-07-02,6541,2024-08-30,9,0.029852519209680767,-0.0544959120452404,-0.052540164440870285,0.1626984179019928,0.170634925365448,0.8730158805847168
2024-08,2024-08-01,2024-08-31,2022-08-01,2024-07-02,6706,2024-08-30,10,0.028690665730197223,0.2142857164144516,0.21624146401882172,0.1626984179019928,0.170634925365448,0.8730158805847168
2024-08,2024-08-01,2024-08-31,2022-08-01,2024-07-02,3518,2024-08-30,11,0.02845341380765215,-0.2148241102695465,-0.2128683626651764,0.1626984179019928,0.170634925365448,0.8730158805847168
2024-08,2024-08-01,2024-08-31,2022-08-01,2024-07-02,4127,2024-08-30,12,0.02827909826465338,-0.12121210992336273,-0.11925636231899261,0.1626984179019928,0.170634925365448,0.8730158805847168
2024-08,2024-08-01,2024-08-31,2022-08-01,2024-07-02,5386,2024-08-30,13,0.026917605343035684,-0.15631060302257538,-0.15435485541820526,0.1626984179019928,0.170634925365448,0.8730158805847168
2024-08,2024-08-01,2024-08-31,2022-08-01,2024-07-02,4510,2024-08-30,14,0.02510401244325186,-0.07999999821186066,-0.07804425060749054,0.1626984179019928,0.170634925365448,0.8730158805847168
2024-08,2024-08-01,2024-08-31,2022-08-01,2024-07-02,6739,2024-08-30,15,0.02359338104749642,0.28518518805503845,0.28714093565940857,0.1626984179019928,0.170634925365448,0.8730158805847168
2024-08,2024-08-01,2024-08-31,2022-08-01,2024-07-02,7547,2024-08-30,16,0.019048327334835972,-0.0457831434905529,-0.043827395886182785,0.1626984179019928,0.170634925365448,0.8730158805847168
2024-08,2024-08-01,2024-08-31,2022-08-01,2024-07-02,6219,2024-08-30,17,0.0184135185644284,-0.21696248650550842,-0.2150067389011383,0.1626984179019928,0.170634925365448,0.8730158805847168
2024-08,2024-08-01,2024-08-31,2022-08-01,2024-07-02,6838,2024-08-30,18,0.017822303392396373,0.20624999701976776,0.20820574462413788,0.1626984179019928,0.170634925365448,0.8730158805847168
2024-08,2024-08-01,2024-08-31,2022-08-01,2024-07-02,6177,2024-08-30,19,0.016903037817863002,-0.21462643146514893,-0.2126706838607788,0.1626984179019928,0.170634925365448,0.8730158805847168
2024-08,2024-08-01,2024-08-31,2022-08-01,2024-07-02,4303,2024-08-30,20,0.016872981792261377,-0.15283015370368958,-0.15087440609931946,0.1626984179019928,0.170634925365448,0.8730158805847168
2024-08,2024-08-01,2024-08-31,2022-08-01,2024-07-02,6901,2024-08-30,21,0.01645621724312524,-0.04265401139855385,-0.04069826379418373,0.1626984179019928,0.170634925365448,0.8730158805847168
2024-08,2024-08-01,2024-08-31,2022-08-01,2024-07-02,4562,2024-08-30,22,0.01561820663493475,-0.0763888880610466,-0.07443314045667648,0.1626984179019928,0.170634925365448,0.8730158805847168
2024-08,2024-08-01,2024-08-31,2022-08-01,2024-07-02,9955,2024-08-30,23,0.015107357964665013,0.005524883046746254,0.007480631582438946,0.1626984179019928,0.170634925365448,0.8730158805847168
2024-08,2024-08-01,2024-08-31,2022-08-01,2024-07-02,6231,2024-08-30,24,0.015092971754224919,0.17155757546424866,0.17351332306861877,0.1626984179019928,0.170634925365448,0.8730158805847168
2024-08,2024-08-01,2024-08-31,2022-08-01,2024-07-02,2429,2024-08-30,25,0.014954651050362313,-0.117469921708107,-0.11551417410373688,0.1626984179019928,0.170634925365448,0.8730158805847168
2024-08,2024-08-01,2024-08-31,2022-08-01,2024-07-02,3631,2024-08-30,26,0.014815713220067386,-0.058947350829839706,-0.05699160322546959,0.1626984179019928,0.170634925365448,0.8730158805847168
2024-08,2024-08-01,2024-08-31,2022-08-01,2024-07-02,2070,2024-08-30,27,0.014405579675614007,0.2617923319339752,0.26374807953834534,0.1626984179019928,0.170634925365448,0.8730158805847168
2024-08,2024-08-01,2024-08-31,2022-08-01,2024-07-02,5534,2024-08-30,28,0.01420091121887598,-0.1538461595773697,-0.15189041197299957,0.1626984179019928,0.170634925365448,0.8730158805847168
2024-08,2024-08-01,2024-08-31,2022-08-01,2024-07-02,4927,2024-08-30,29,0.013773630281623784,-0.041806019842624664,-0.03985027223825455,0.1626984179019928,0.170634925365448,0.8730158805847168
2024-08,2024-08-01,2024-08-31,2022-08-01,2024-07-02,3066,2024-08-30,30,0.013589531674227582,-0.07830341160297394,-0.07634766399860382,0.1626984179019928,0.170634925365448,0.8730158805847168
2024-09,2024-09-01,2024-09-30,2022-09-01,2024-08-05,8937,2024-09-30,1,0.005378997974619942,0.3160839080810547,0.29108718037605286,0.5555555820465088,0.3730158805847168,0.6746031641960144
2024-09,2024-09-01,2024-09-30,2022-09-01,2024-08-05,6706,2024-09-30,2,0.005378997974619942,0.01744186133146286,-0.007554878480732441,0.5555555820465088,0.3730158805847168,0.6746031641960144
2024-09,2024-09-01,2024-09-30,2022-09-01,2024-08-05,6854,2024-09-30,3,0.005378997974619942,0.5361139178276062,0.511117160320282,0.5555555820465088,0.3730158805847168,0.6746031641960144
2024-09,2024-09-01,2024-09-30,2022-09-01,2024-08-05,3354,2024-09-30,4,0.005378997974619942,-0.09000007063150406,-0.11499681323766708,0.5555555820465088,0.3730158805847168,0.6746031641960144
2024-09,2024-09-01,2024-09-30,2022-09-01,2024-08-05,3230,2024-09-30,5,0.005378997974619942,-0.11226250231266022,-0.13725924491882324,0.5555555820465088,0.3730158805847168,0.6746031641960144
2024-09,2024-09-01,2024-09-30,2022-09-01,2024-08-05,6405,2024-09-30,6,0.005378997974619942,0.10807444155216217,0.08307769894599915,0.5555555820465088,0.3730158805847168,0.6746031641960144
2024-09,2024-09-01,2024-09-30,2022-09-01,2024-08-05,8034,2024-09-30,7,0.00397083952005926,0.15749995410442352,0.1325032114982605,0.5555555820465088,0.3730158805847168,0.6746031641960144
2024-09,2024-09-01,2024-09-30,2022-09-01,2024-08-05,6533,2024-09-30,8,0.00397083952005926,0.0910307914018631,0.06603404879570007,0.5555555820465088,0.3730158805847168,0.6746031641960144
2024-09,2024-09-01,2024-09-30,2022-09-01,2024-08-05,8038,2024-09-30,9,0.00397083952005926,-0.06071431189775467,-0.0857110545039177,0.5555555820465088,0.3730158805847168,0.6746031641960144
2024-09,2024-09-01,2024-09-30,2022-09-01,2024-08-05,6695,2024-09-30,10,0.00397083952005926,-0.018771305680274963,-0.04376804456114769,0.5555555820465088,0.3730158805847168,0.6746031641960144
2024-09,2024-09-01,2024-09-30,2022-09-01,2024-08-05,3540,2024-09-30,11,0.00397083952005926,0.01211297232657671,-0.012883767485618591,0.5555555820465088,0.3730158805847168,0.6746031641960144
2024-09,2024-09-01,2024-09-30,2022-09-01,2024-08-05,3466,2024-09-30,12,0.00397083952005926,0.201739102602005,0.17674235999584198,0.5555555820465088,0.3730158805847168,0.6746031641960144
2024-09,2024-09-01,2024-09-30,2022-09-01,2024-08-05,2337,2024-09-30,13,0.00397083952005926,-0.15027832984924316,-0.1752750724554062,0.5555555820465088,0.3730158805847168,0.6746031641960144
2024-09,2024-09-01,2024-09-30,2022-09-01,2024-08-05,3056,2024-09-30,14,0.00397083952005926,-0.015243923291563988,-0.04024066403508186,0.5555555820465088,0.3730158805847168,0.6746031641960144
2024-09,2024-09-01,2024-09-30,2022-09-01,2024-08-05,3518,2024-09-30,15,0.00397083952005926,0.018957357853651047,-0.006039381958544254,0.5555555820465088,0.3730158805847168,0.6746031641960144
2024-09,2024-09-01,2024-09-30,2022-09-01,2024-08-05,2528,2024-09-30,16,0.00397083952005926,-0.028714098036289215,-0.05371083691716194,0.5555555820465088,0.3730158805847168,0.6746031641960144
2024-09,2024-09-01,2024-09-30,2022-09-01,2024-08-05,2429,2024-09-30,17,0.00397083952005926,-0.02891157753765583,-0.053908318281173706,0.5555555820465088,0.3730158805847168,0.6746031641960144
2024-09,2024-09-01,2024-09-30,2022-09-01,2024-08-05,2405,2024-09-30,18,0.00397083952005926,0.05735660344362259,0.03235986456274986,0.5555555820465088,0.3730158805847168,0.6746031641960144
2024-09,2024-09-01,2024-09-30,2022-09-01,2024-08-05,2417,2024-09-30,19,0.00397083952005926,-0.0892857015132904,-0.11428244411945343,0.5555555820465088,0.3730158805847168,0.6746031641960144
2024-09,2024-09-01,2024-09-30,2022-09-01,2024-08-05,4121,2024-09-30,20,0.00397083952005926,-0.043010812252759933,-0.06800755113363266,0.5555555820465088,0.3730158805847168,0.6746031641960144
2024-09,2024-09-01,2024-09-30,2022-09-01,2024-08-05,4174,2024-09-30,21,0.00397083952005926,-0.15569624304771423,-0.18069298565387726,0.5555555820465088,0.3730158805847168,0.6746031641960144
2024-09,2024-09-01,2024-09-30,2022-09-01,2024-08-05,4168,2024-09-30,22,0.00397083952005926,0.029527559876441956,0.0045308200642466545,0.5555555820465088,0.3730158805847168,0.6746031641960144
2024-09,2024-09-01,2024-09-30,2022-09-01,2024-08-05,4127,2024-09-30,23,0.00397083952005926,0.028776979073882103,0.0037802394945174456,0.5555555820465088,0.3730158805847168,0.6746031641960144
2024-09,2024-09-01,2024-09-30,2022-09-01,2024-08-05,6202,2024-09-30,24,0.00397083952005926,0.005586578045040369,-0.019410161301493645,0.5555555820465088,0.3730158805847168,0.6746031641960144
2024-09,2024-09-01,2024-09-30,2022-09-01,2024-08-05,6174,2024-09-30,25,0.00397083952005926,-0.038116566836833954,-0.06311330944299698,0.5555555820465088,0.3730158805847168,0.6746031641960144
2024-09,2024-09-01,2024-09-30,2022-09-01,2024-08-05,5321,2024-09-30,26,0.00397083952005926,-0.08993899077177048,-0.1149357333779335,0.5555555820465088,0.3730158805847168,0.6746031641960144
2024-09,2024-09-01,2024-09-30,2022-09-01,2024-08-05,4919,2024-09-30,27,0.00397083952005926,0.1795167177915573,0.1545199751853943,0.5555555820465088,0.3730158805847168,0.6746031641960144
2024-09,2024-09-01,2024-09-30,2022-09-01,2024-08-05,4577,2024-09-30,28,0.00397083952005926,0.26570045948028564,0.24070371687412262,0.5555555820465088,0.3730158805847168,0.6746031641960144
2024-09,2024-09-01,2024-09-30,2022-09-01,2024-08-05,4934,2024-09-30,29,0.00397083952005926,-0.18832892179489136,-0.21332566440105438,0.5555555820465088,0.3730158805847168,0.6746031641960144
2024-09,2024-09-01,2024-09-30,2022-09-01,2024-08-05,4923,2024-09-30,30,0.00397083952005926,-0.05069708451628685,-0.07569382339715958,0.5555555820465088,0.3730158805847168,0.6746031641960144
2024-10,2024-10-01,2024-10-31,2022-10-01,2024-09-02,6706,2024-10-30,1,0.10796299157343416,-0.07255520671606064,-0.049701593816280365,0.2857142984867096,0.3928571343421936,0.0555555559694767
2024-10,2024-10-01,2024-10-31,2022-10-01,2024-09-02,7734,2024-10-30,2,0.0779934384694715,0.041176505386829376,0.06403011828660965,0.2857142984867096,0.3928571343421936,0.0555555559694767
2024-10,2024-10-01,2024-10-31,2022-10-01,2024-09-02,3511,2024-10-30,3,0.07455446892290986,0.20298504829406738,0.22583866119384766,0.2857142984867096,0.3928571343421936,0.0555555559694767
2024-10,2024-10-01,2024-10-31,2022-10-01,2024-09-02,4977,2024-10-30,4,0.07266120225292597,0.0714285671710968,0.09428218007087708,0.2857142984867096,0.3928571343421936,0.0555555559694767
2024-10,2024-10-01,2024-10-31,2022-10-01,2024-09-02,4991,2024-10-30,5,0.06925892124910525,0.40273553133010864,0.4255891442298889,0.2857142984867096,0.3928571343421936,0.0555555559694767
2024-10,2024-10-01,2024-10-31,2022-10-01,2024-09-02,5202,2024-10-30,6,0.06803266404949398,-0.2176080048084259,-0.19475439190864563,0.2857142984867096,0.3928571343421936,0.0555555559694767
2024-10,2024-10-01,2024-10-31,2022-10-01,2024-09-02,3081,2024-10-30,7,0.0676526603817363,0.04376019537448883,0.0666138082742691,0.2857142984867096,0.3928571343421936,0.0555555559694767
2024-10,2024-10-01,2024-10-31,2022-10-01,2024-09-02,6405,2024-10-30,8,0.06536743329617167,-0.10348834842443466,-0.08063473552465439,0.2857142984867096,0.3928571343421936,0.0555555559694767
2024-10,2024-10-01,2024-10-31,2022-10-01,2024-09-02,4971,2024-10-30,9,0.062119845831450055,0.22297297418117523,0.2458265870809555,0.2857142984867096,0.3928571343421936,0.0555555559694767
2024-10,2024-10-01,2024-10-31,2022-10-01,2024-09-02,3149,2024-10-30,10,0.0617957750146461,-0.18595582246780396,-0.16310220956802368,0.2857142984867096,0.3928571343421936,0.0555555559694767
2024-10,2024-10-01,2024-10-31,2022-10-01,2024-09-02,8059,2024-10-30,11,0.052998782914688125,-0.07571432739496231,-0.05286071449518204,0.2857142984867096,0.3928571343421936,0.0555555559694767
2024-10,2024-10-01,2024-10-31,2022-10-01,2024-09-02,3498,2024-10-30,12,0.05211552431726904,-0.19195044040679932,-0.16909682750701904,0.2857142984867096,0.3928571343421936,0.0555555559694767
2024-10,2024-10-01,2024-10-31,2022-10-01,2024-09-02,3714,2024-10-30,13,0.04827464544609309,-0.04301075264811516,-0.020157137885689735,0.2857142984867096,0.3928571343421936,0.0555555559694767
2024-10,2024-10-01,2024-10-31,2022-10-01,2024-09-02,2236,2024-10-30,14,0.048093497688928864,0.043103449046611786,0.06595706194639206,0.2857142984867096,0.3928571343421936,0.0555555559694767
2024-10,2024-10-01,2024-10-31,2022-10-01,2024-09-02,6739,2024-10-30,15,0.04766323427147932,0.01734098605811596,0.04019460082054138,0.2857142984867096,0.3928571343421936,0.0555555559694767
2024-10,2024-10-01,2024-10-31,2022-10-01,2024-09-02,3066,2024-10-30,16,0.04748229056593378,-0.07042253762483597,-0.047568924725055695,0.2857142984867096,0.3928571343421936,0.0555555559694767
2024-10,2024-10-01,2024-10-31,2022-10-01,2024-09-02,4577,2024-10-30,17,0.04687959462050634,0.10373444110155106,0.12658806145191193,0.2857142984867096,0.3928571343421936,0.0555555559694767
2024-10,2024-10-01,2024-10-31,2022-10-01,2024-09-02,8476,2024-10-30,18,0.046004530135169454,-0.17492255568504333,-0.15206894278526306,0.2857142984867096,0.3928571343421936,0.0555555559694767
2024-10,2024-10-01,2024-10-31,2022-10-01,2024-09-02,1595,2024-10-30,19,0.045997558715681876,-0.33379122614860535,-0.3109376132488251,0.2857142984867096,0.3928571343421936,0.0555555559694767
2024-10,2024-10-01,2024-10-31,2022-10-01,2024-09-02,5278,2024-10-30,20,0.04545314949019782,0.08858605474233627,0.11143966764211655,0.2857142984867096,0.3928571343421936,0.0555555559694767
2024-10,2024-10-01,2024-10-31,2022-10-01,2024-09-02,4540,2024-10-30,21,0.04382112632411181,-0.05562126636505127,-0.032767653465270996,0.2857142984867096,0.3928571343421936,0.0555555559694767
2024-10,2024-10-01,2024-10-31,2022-10-01,2024-09-02,7728,2024-10-30,22,0.04135156744566689,0.012986983172595501,0.03584059700369835,0.2857142984867096,0.3928571343421936,0.0555555559694767
2024-10,2024-10-01,2024-10-31,2022-10-01,2024-09-02,3293,2024-10-30,23,0.039264632599182094,-0.07164178788661957,-0.048788174986839294,0.2857142984867096,0.3928571343421936,0.0555555559694767
2024-10,2024-10-01,2024-10-31,2022-10-01,2024-09-02,7547,2024-10-30,24,0.03850049222791637,-0.0960383489727974,-0.07318473607301712,0.2857142984867096,0.3928571343421936,0.0555555559694767
2024-10,2024-10-01,2024-10-31,2022-10-01,2024-09-02,8935,2024-10-30,25,0.038190558354530835,0.09774430096149445,0.12059791386127472,0.2857142984867096,0.3928571343421936,0.0555555559694767
2024-10,2024-10-01,2024-10-31,2022-10-01,2024-09-02,6823,2024-10-30,26,0.0380737687182255,-0.13769125938415527,-0.114837646484375,0.2857142984867096,0.3928571343421936,0.0555555559694767
2024-10,2024-10-01,2024-10-31,2022-10-01,2024-09-02,1569,2024-10-30,27,0.03774414375643848,0.7122507691383362,0.7351043820381165,0.2857142984867096,0.3928571343421936,0.0555555559694767
2024-10,2024-10-01,2024-10-31,2022-10-01,2024-09-02,6821,2024-10-30,28,0.03702980186471291,-0.08931854367256165,-0.06646493077278137,0.2857142984867096,0.3928571343421936,0.0555555559694767
2024-10,2024-10-01,2024-10-31,2022-10-01,2024-09-02,3447,2024-10-30,29,0.03695412038416725,-0.08589744567871094,-0.06304383277893066,0.2857142984867096,0.3928571343421936,0.0555555559694767
2024-10,2024-10-01,2024-10-31,2022-10-01,2024-09-02,2851,2024-10-30,30,0.0356246256950297,-0.03195485472679138,-0.009101240895688534,0.2857142984867096,0.3928571343421936,0.0555555559694767
2024-11,2024-11-01,2024-11-30,2022-11-01,2024-09-30,8937,2024-11-29,1,0.03844737284211937,-0.11564625799655914,-0.16115686297416687,0.1349206417798996,0.1111111119389534,0.2023809552192688
2024-11,2024-11-01,2024-11-30,2022-11-01,2024-09-30,6127,2024-11-29,2,0.036696124539556944,-0.09375,-0.13926060497760773,0.1349206417798996,0.1111111119389534,0.2023809552192688
2024-11,2024-11-01,2024-11-30,2022-11-01,2024-09-30,6541,2024-11-29,3,0.03658829251576972,-0.1398891806602478,-0.18539978563785553,0.1349206417798996,0.1111111119389534,0.2023809552192688
2024-11,2024-11-01,2024-11-30,2022-11-01,2024-09-30,6199,2024-11-29,4,0.03451709890702861,0.3680258095264435,0.32251521944999695,0.1349206417798996,0.1111111119389534,0.2023809552192688
2024-11,2024-11-01,2024-11-30,2022-11-01,2024-09-30,1569,2024-11-29,5,0.031033142235548185,-0.19999998807907104,-0.24551059305667877,0.1349206417798996,0.1111111119389534,0.2023809552192688
2024-11,2024-11-01,2024-11-30,2022-11-01,2024-09-30,4971,2024-11-29,6,0.03020030404564695,0.026106731966137886,-0.019403865560889244,0.1349206417798996,0.1111111119389534,0.2023809552192688
2024-11,2024-11-01,2024-11-30,2022-11-01,2024-09-30,5439,2024-11-29,7,0.029085501633695388,0.12135923653841019,0.07584863901138306,0.1349206417798996,0.1111111119389534,0.2023809552192688
2024-11,2024-11-01,2024-11-30,2022-11-01,2024-09-30,5309,2024-11-29,8,0.027419350684785307,-0.10631580650806427,-0.151826411485672,0.1349206417798996,0.1111111119389534,0.2023809552192688
2024-11,2024-11-01,2024-11-30,2022-11-01,2024-09-30,2429,2024-11-29,9,0.026808054759863722,0.13333331048488617,0.08782271295785904,0.1349206417798996,0.1111111119389534,0.2023809552192688
2024-11,2024-11-01,2024-11-30,2022-11-01,2024-09-30,6558,2024-11-29,10,0.024578694533097266,0.0074720014818012714,-0.038038596510887146,0.1349206417798996,0.1111111119389534,0.2023809552192688
2024-11,2024-11-01,2024-11-30,2022-11-01,2024-09-30,6962,2024-11-29,11,0.023859578921828533,-0.043243229389190674,-0.0887538269162178,0.1349206417798996,0.1111111119389534,0.2023809552192688
2024-11,2024-11-01,2024-11-30,2022-11-01,2024-09-30,3581,2024-11-29,12,0.02353277925563559,-0.1776859313249588,-0.22319653630256653,0.1349206417798996,0.1111111119389534,0.2023809552192688
2024-11,2024-11-01,2024-11-30,2022-11-01,2024-09-30,7734,2024-11-29,13,0.023365106655990987,-0.050847508013248444,-0.09635810554027557,0.1349206417798996,0.1111111119389534,0.2023809552192688
2024-11,2024-11-01,2024-11-30,2022-11-01,2024-09-30,4749,2024-11-29,14,0.022440508697285668,-0.027737246826291084,-0.07324784249067307,0.1349206417798996,0.1111111119389534,0.2023809552192688
2024-11,2024-11-01,2024-11-30,2022-11-01,2024-09-30,2444,2024-11-29,15,0.022262434254407198,-0.010752729140222073,-0.05626332759857178,0.1349206417798996,0.1111111119389534,0.2023809552192688
2024-11,2024-11-01,2024-11-30,2022-11-01,2024-09-30,3234,2024-11-29,16,0.01686614509673603,-0.09767889976501465,-0.14318950474262238,0.1349206417798996,0.1111111119389534,0.2023809552192688
2024-11,2024-11-01,2024-11-30,2022-11-01,2024-09-30,8044,2024-11-29,17,0.016433415278533234,-0.13766731321811676,-0.1831779181957245,0.1349206417798996,0.1111111119389534,0.2023809552192688
2024-11,2024-11-01,2024-11-30,2022-11-01,2024-09-30,2851,2024-11-29,18,0.01604912608372536,0.0038760066963732243,-0.041634589433670044,0.1349206417798996,0.1111111119389534,0.2023809552192688
2024-11,2024-11-01,2024-11-30,2022-11-01,2024-09-30,2528,2024-11-29,19,0.01589912382949848,-0.06191593036055565,-0.10742653161287308,0.1349206417798996,0.1111111119389534,0.2023809552192688
2024-11,2024-11-01,2024-11-30,2022-11-01,2024-09-30,6438,2024-11-29,20,0.014848980093012169,-0.044287338852882385,-0.08979793637990952,0.1349206417798996,0.1111111119389534,0.2023809552192688
2024-11,2024-11-01,2024-11-30,2022-11-01,2024-09-30,6727,2024-11-29,21,0.01362842752347462,-0.07311584800481796,-0.11862644553184509,0.1349206417798996,0.1111111119389534,0.2023809552192688
2024-11,2024-11-01,2024-11-30,2022-11-01,2024-09-30,3419,2024-11-29,22,0.011462867001615636,-0.0984455794095993,-0.14395618438720703,0.1349206417798996,0.1111111119389534,0.2023809552192688
2024-11,2024-11-01,2024-11-30,2022-11-01,2024-09-30,6919,2024-11-29,23,0.011131569841870002,0.006622478365898132,-0.038888119161129,0.1349206417798996,0.1111111119389534,0.2023809552192688
2024-11,2024-11-01,2024-11-30,2022-11-01,2024-09-30,3625,2024-11-29,24,0.010914058937942936,0.18437504768371582,0.1388644427061081,0.1349206417798996,0.1111111119389534,0.2023809552192688
2024-11,2024-11-01,2024-11-30,2022-11-01,2024-09-30,8489,2024-11-29,25,0.009947332651202675,0.12377847731113434,0.07826787978410721,0.1349206417798996,0.1111111119389534,0.2023809552192688
2024-11,2024-11-01,2024-11-30,2022-11-01,2024-09-30,5314,2024-11-29,26,0.009629085086541457,0.5602837204933167,0.5147731304168701,0.1349206417798996,0.1111111119389534,0.2023809552192688
2024-11,2024-11-01,2024-11-30,2022-11-01,2024-09-30,8932,2024-11-29,27,0.009102624861275844,0.05625719577074051,0.010746598243713379,0.1349206417798996,0.1111111119389534,0.2023809552192688
2024-11,2024-11-01,2024-11-30,2022-11-01,2024-09-30,2236,2024-11-29,28,0.009074069816731445,-0.008130080997943878,-0.05364067852497101,0.1349206417798996,0.1111111119389534,0.2023809552192688
2024-11,2024-11-01,2024-11-30,2022-11-01,2024-09-30,4303,2024-11-29,29,0.009074069816731445,-0.03757226839661598,-0.08308286964893341,0.1349206417798996,0.1111111119389534,0.2023809552192688
2024-11,2024-11-01,2024-11-30,2022-11-01,2024-09-30,5244,2024-11-29,30,0.008837048081376022,-0.047115400433540344,-0.09262599796056747,0.1349206417798996,0.1111111119389534,0.2023809552192688
2024-12,2024-12-01,2024-12-31,2022-12-01,2024-11-04,2483,2024-12-31,1,0.0009164099333212916,0.0022321445867419243,-0.017006753012537956,0.4841269850730896,0.261904776096344,0.1230158731341362
2024-12,2024-12-01,2024-12-31,2022-12-01,2024-11-04,2211,2024-12-31,2,0.0009164099333212916,0.0011223279871046543,-0.01811656914651394,0.4841269850730896,0.261904776096344,0.1230158731341362
2024-12,2024-12-01,2024-12-31,2022-12-01,2024-11-04,2355,2024-12-31,3,0.0009164099333212916,-0.029639147222042084,-0.04887804388999939,0.4841269850730896,0.261904776096344,0.1230158731341362
2024-12,2024-12-01,2024-12-31,2022-12-01,2024-11-04,2332,2024-12-31,4,0.0001053597765098531,-0.03137250989675522,-0.050611406564712524,0.4841269850730896,0.261904776096344,0.1230158731341362
2024-12,2024-12-01,2024-12-31,2022-12-01,2024-11-04,7709,2024-12-31,5,0.0001053597765098531,-0.01628660224378109,-0.035525500774383545,0.4841269850730896,0.261904776096344,0.1230158731341362
2024-12,2024-12-01,2024-12-31,2022-12-01,2024-11-04,3036,2024-12-31,6,0.0001053597765098531,-0.027397260069847107,-0.04663615673780441,0.4841269850730896,0.261904776096344,0.1230158731341362
2024-12,2024-12-01,2024-12-31,2022-12-01,2024-11-04,2630,2024-12-31,7,0.0001053597765098531,-0.11138304322957993,-0.13062193989753723,0.4841269850730896,0.261904776096344,0.1230158731341362
2024-12,2024-12-01,2024-12-31,2022-12-01,2024-11-04,3037,2024-12-31,8,0.0001053597765098531,-0.1197182834148407,-0.1389571875333786,0.4841269850730896,0.261904776096344,0.1230158731341362
2024-12,2024-12-01,2024-12-31,2022-12-01,2024-11-04,2606,2024-12-31,9,0.0001053597765098531,-0.015517267398536205,-0.034756164997816086,0.4841269850730896,0.261904776096344,0.1230158731341362
2024-12,2024-12-01,2024-12-31,2022-12-01,2024-11-04,1795,2024-12-31,10,0.0001053597765098531,0.029629625380039215,0.010390727780759335,0.4841269850730896,0.261904776096344,0.1230158731341362
2024-12,2024-12-01,2024-12-31,2022-12-01,2024-11-04,3013,2024-12-31,11,0.0001053597765098531,-0.0777384489774704,-0.0969773456454277,0.4841269850730896,0.261904776096344,0.1230158731341362
2024-12,2024-12-01,2024-12-31,2022-12-01,2024-11-04,2374,2024-12-31,12,0.0001053597765098531,-0.035007543861866,-0.0542464405298233,0.4841269850730896,0.261904776096344,0.1230158731341362
2024-12,2024-12-01,2024-12-31,2022-12-01,2024-11-04,3081,2024-12-31,13,0.0001053597765098531,0.2928759753704071,0.2736370861530304,0.4841269850730896,0.261904776096344,0.1230158731341362
2024-12,2024-12-01,2024-12-31,2022-12-01,2024-11-04,2233,2024-12-31,14,0.0001053597765098531,-0.14134274423122406,-0.16058164834976196,0.4841269850730896,0.261904776096344,0.1230158731341362
2024-12,2024-12-01,2024-12-31,2022-12-01,2024-11-04,2376,2024-12-31,15,0.0001053597765098531,-0.06445673108100891,-0.08369562774896622,0.4841269850730896,0.261904776096344,0.1230158731341362
2024-12,2024-12-01,2024-12-31,2022-12-01,2024-11-04,2348,2024-12-31,16,0.0001053597765098531,-0.11358019709587097,-0.13281910121440887,0.4841269850730896,0.261904776096344,0.1230158731341362
2024-12,2024-12-01,2024-12-31,2022-12-01,2024-11-04,2308,2024-12-31,17,0.0001053597765098531,-0.036004677414894104,-0.05524357408285141,0.4841269850730896,0.261904776096344,0.1230158731341362
2024-12,2024-12-01,2024-12-31,2022-12-01,2024-11-04,2377,2024-12-31,18,0.0001053597765098531,0.05753425508737564,0.038295358419418335,0.4841269850730896,0.261904776096344,0.1230158731341362
2024-12,2024-12-01,2024-12-31,2022-12-01,2024-11-04,8222,2024-12-31,19,0.0001053597765098531,-0.052963536232709885,-0.07220243662595749,0.4841269850730896,0.261904776096344,0.1230158731341362
2024-12,2024-12-01,2024-12-31,2022-12-01,2024-11-04,2379,2024-12-31,20,0.0001053597765098531,-0.017761988565325737,-0.03700088709592819,0.4841269850730896,0.261904776096344,0.1230158731341362
2024-12,2024-12-01,2024-12-31,2022-12-01,2024-11-04,8234,2024-12-31,21,0.0001053597765098531,0.0015243670204654336,-0.01771453022956848,0.4841269850730896,0.261904776096344,0.1230158731341362
2024-12,2024-12-01,2024-12-31,2022-12-01,2024-11-04,2382,2024-12-31,22,0.0001053597765098531,-0.11578945070505142,-0.13502834737300873,0.4841269850730896,0.261904776096344,0.1230158731341362
2024-12,2024-12-01,2024-12-31,2022-12-01,2024-11-04,2368,2024-12-31,23,0.0001053597765098531,-0.057851213961839676,-0.07709011435508728,0.4841269850730896,0.261904776096344,0.1230158731341362
2024-12,2024-12-01,2024-12-31,2022-12-01,2024-11-04,2486,2024-12-31,24,0.0001053597765098531,-0.05309734120965004,-0.07233624160289764,0.4841269850730896,0.261904776096344,0.1230158731341362
2024-12,2024-12-01,2024-12-31,2022-12-01,2024-11-04,2480,2024-12-31,25,0.0001053597765098531,0.1444043070077896,0.1251654028892517,0.4841269850730896,0.261904776096344,0.1230158731341362
2024-12,2024-12-01,2024-12-31,2022-12-01,2024-11-04,6962,2024-12-31,26,0.0001053597765098531,0.11131391674280167,0.09207502007484436,0.4841269850730896,0.261904776096344,0.1230158731341362
2024-12,2024-12-01,2024-12-31,2022-12-01,2024-11-04,2357,2024-12-31,27,0.0001053597765098531,0.07954541593790054,0.06030651926994324,0.4841269850730896,0.261904776096344,0.1230158731341362
2024-12,2024-12-01,2024-12-31,2022-12-01,2024-11-04,6442,2024-12-31,28,0.0001053597765098531,-0.14984707534313202,-0.16908597946166992,0.4841269850730896,0.261904776096344,0.1230158731341362
2024-12,2024-12-01,2024-12-31,2022-12-01,2024-11-04,1618,2024-12-31,29,0.0001053597765098531,-0.011640219017863274,-0.03087911568582058,0.4841269850730896,0.261904776096344,0.1230158731341362
2024-12,2024-12-01,2024-12-31,2022-12-01,2024-11-04,2314,2024-12-31,30,0.0001053597765098531,-0.11964735388755798,-0.1388862580060959,0.4841269850730896,0.261904776096344,0.1230158731341362
2025-01,2025-01-01,2025-01-31,2023-01-01,2024-12-04,3088,2025-01-22,1,0.007023804247602454,0.11290322244167328,0.14559808373451233,0.4166666567325592,0.3373015820980072,0.3650793731212616
2025-01,2025-01-01,2025-01-31,2023-01-01,2024-12-04,4549,2025-01-22,2,0.006680670232371341,-0.10795456171035767,-0.07525969296693802,0.4166666567325592,0.3373015820980072,0.3650793731212616
2025-01,2025-01-01,2025-01-31,2023-01-01,2024-12-04,3264,2025-01-22,3,0.006680670232371341,0.10510513186454773,0.13779999315738678,0.4166666567325592,0.3373015820980072,0.3650793731212616
2025-01,2025-01-01,2025-01-31,2023-01-01,2024-12-04,6672,2025-01-22,4,0.006680670232371341,0.03205128014087677,0.06474614888429642,0.4166666567325592,0.3373015820980072,0.3650793731212616
2025-01,2025-01-01,2025-01-31,2023-01-01,2024-12-04,6691,2025-01-22,5,0.00653637701180549,-0.06638114154338837,-0.03368627279996872,0.4166666567325592,0.3373015820980072,0.3650793731212616
2025-01,2025-01-01,2025-01-31,2023-01-01,2024-12-04,2258,2025-01-22,6,0.0063503950252341325,0.06666667014360428,0.09936153888702393,0.4166666567325592,0.3373015820980072,0.3650793731212616
2025-01,2025-01-01,2025-01-31,2023-01-01,2024-12-04,8045,2025-01-22,7,0.00622406342574299,0.2477063536643982,0.28040122985839844,0.4166666567325592,0.3373015820980072,0.3650793731212616
2025-01,2025-01-01,2025-01-31,2023-01-01,2024-12-04,2404,2025-01-22,8,0.006193242996574377,-0.13469389081001282,-0.10199902206659317,0.4166666567325592,0.3373015820980072,0.3650793731212616
2025-01,2025-01-01,2025-01-31,2023-01-01,2024-12-04,6596,2025-01-22,9,0.006193242996574377,0.011235983110964298,0.04393085092306137,0.4166666567325592,0.3373015820980072,0.3650793731212616
2025-01,2025-01-01,2025-01-31,2023-01-01,2024-12-04,8046,2025-01-22,10,0.006184314368575158,-0.015151492320001125,0.017543375492095947,0.4166666567325592,0.3373015820980072,0.3650793731212616
2025-01,2025-01-01,2025-01-31,2023-01-01,2024-12-04,3078,2025-01-22,11,0.006184314368575158,0.10586728900671005,0.1385621577501297,0.4166666567325592,0.3373015820980072,0.3650793731212616
2025-01,2025-01-01,2025-01-31,2023-01-01,2024-12-04,6191,2025-01-22,12,0.006184314368575158,0.12421384453773499,0.15690870583057404,0.4166666567325592,0.3373015820980072,0.3650793731212616
2025-01,2025-01-01,2025-01-31,2023-01-01,2024-12-04,2233,2025-01-22,13,0.006184314368575158,0.03588518872857094,0.06858005374670029,0.4166666567325592,0.3373015820980072,0.3650793731212616
2025-01,2025-01-01,2025-01-31,2023-01-01,2024-12-04,2305,2025-01-22,14,0.005992975402399833,0.03676470369100571,0.06945957243442535,0.4166666567325592,0.3373015820980072,0.3650793731212616
2025-01,2025-01-01,2025-01-31,2023-01-01,2024-12-04,3594,2025-01-22,15,0.005992975402399833,0.17696337401866913,0.20965823531150818,0.4166666567325592,0.3373015820980072,0.3650793731212616
2025-01,2025-01-01,2025-01-31,2023-01-01,2024-12-04,5426,2025-01-22,16,0.005992975402399833,0.09122803807258606,0.1239229068160057,0.4166666567325592,0.3373015820980072,0.3650793731212616
2025-01,2025-01-01,2025-01-31,2023-01-01,2024-12-04,3712,2025-01-22,17,0.005992975402399833,0.1284722536802292,0.16116711497306824,0.4166666567325592,0.3373015820980072,0.3650793731212616
2025-01,2025-01-01,2025-01-31,2023-01-01,2024-12-04,3017,2025-01-22,18,0.005992975402399833,-0.005747160408645868,0.026947706937789917,0.4166666567325592,0.3373015820980072,0.3650793731212616
2025-01,2025-01-01,2025-01-31,2023-01-01,2024-12-04,3323,2025-01-22,19,0.005992975402399833,-0.02152077481150627,0.011174092069268227,0.4166666567325592,0.3373015820980072,0.3650793731212616
2025-01,2025-01-01,2025-01-31,2023-01-01,2024-12-04,4933,2025-01-22,20,0.005696887132778194,0.020134227350354195,0.05282909423112869,0.4166666567325592,0.3373015820980072,0.3650793731212616
2025-01,2025-01-01,2025-01-31,2023-01-01,2024-12-04,3231,2025-01-22,21,0.005505548166602869,0.05940592288970947,0.09210079163312912,0.4166666567325592,0.3373015820980072,0.3650793731212616
2025-01,2025-01-01,2025-01-31,2023-01-01,2024-12-04,2301,2025-01-22,22,0.005505548166602869,0.04285714030265808,0.07555200904607773,0.4166666567325592,0.3373015820980072,0.3650793731212616
2025-01,2025-01-01,2025-01-31,2023-01-01,2024-12-04,3060,2025-01-22,23,0.005505548166602869,0.02801724337041378,0.06071211025118828,0.4166666567325592,0.3373015820980072,0.3650793731212616
2025-01,2025-01-01,2025-01-31,2023-01-01,2024-12-04,6414,2025-01-22,24,0.005505548166602869,0.10573483258485794,0.1384297013282776,0.4166666567325592,0.3373015820980072,0.3650793731212616
2025-01,2025-01-01,2025-01-31,2023-01-01,2024-12-04,3022,2025-01-22,25,0.005505548166602869,0.38961029052734375,0.422305166721344,0.4166666567325592,0.3373015820980072,0.3650793731212616
2025-01,2025-01-01,2025-01-31,2023-01-01,2024-12-04,2362,2025-01-22,26,0.005505548166602869,-0.032480232417583466,0.00021463457960635424,0.4166666567325592,0.3373015820980072,0.3650793731212616
2025-01,2025-01-01,2025-01-31,2023-01-01,2024-12-04,2331,2025-01-22,27,0.005505548166602869,-0.013761450536549091,0.01893341727554798,0.4166666567325592,0.3373015820980072,0.3650793731212616
2025-01,2025-01-01,2025-01-31,2023-01-01,2024-12-04,2324,2025-01-22,28,0.005505548166602869,0.02060442417860031,0.05329929292201996,0.4166666567325592,0.3373015820980072,0.3650793731212616
2025-01,2025-01-01,2025-01-31,2023-01-01,2024-12-04,2356,2025-01-22,29,0.005505548166602869,0.0010798878502100706,0.03377475589513779,0.4166666567325592,0.3373015820980072,0.3650793731212616
2025-01,2025-01-01,2025-01-31,2023-01-01,2024-12-04,2353,2025-01-22,30,0.005505548166602869,0.03225807473063469,0.06495293974876404,0.4166666567325592,0.3373015820980072,0.3650793731212616
2025-02,2025-02-01,2025-02-28,2023-02-01,2024-12-25,3147,2025-02-27,1,-0.0015977788339542546,-0.06896551698446274,-0.006054929923266172,0.369047611951828,0.3452380895614624,0.9603174328804016
2025-02,2025-02-01,2025-02-28,2023-02-01,2024-12-25,2030,2025-02-27,2,-0.0015977788339542546,-0.059459440410137177,0.0034511464182287455,0.369047611951828,0.3452380895614624,0.9603174328804016
2025-02,2025-02-01,2025-02-28,2023-02-01,2024-12-25,2032,2025-02-27,3,-0.0015977788339542546,-0.10576916486024857,-0.04285857826471329,0.369047611951828,0.3452380895614624,0.9603174328804016
2025-02,2025-02-01,2025-02-28,2023-02-01,2024-12-25,3149,2025-02-27,4,-0.0015977788339542546,-0.05873933807015419,0.0041712489910423756,0.369047611951828,0.3452380895614624,0.9603174328804016
2025-02,2025-02-01,2025-02-28,2023-02-01,2024-12-25,3483,2025-02-27,5,-0.0015977788339542546,-0.10999999940395355,-0.047089412808418274,0.369047611951828,0.3452380895614624,0.9603174328804016
2025-02,2025-02-01,2025-02-28,2023-02-01,2024-12-25,3162,2025-02-27,6,-0.0015977788339542546,0.1030927300453186,0.16600331664085388,0.369047611951828,0.3452380895614624,0.9603174328804016
2025-02,2025-02-01,2025-02-28,2023-02-01,2024-12-25,3325,2025-02-27,7,-0.0015977788339542546,-0.17937220633029938,-0.1164616197347641,0.369047611951828,0.3452380895614624,0.9603174328804016
2025-02,2025-02-01,2025-02-28,2023-02-01,2024-12-25,2464,2025-02-27,8,-0.0015977788339542546,-0.13154534995555878,-0.0686347633600235,0.369047611951828,0.3452380895614624,0.9603174328804016
2025-02,2025-02-01,2025-02-28,2023-02-01,2024-12-25,2465,2025-02-27,9,-0.0015977788339542546,-0.19328860938549042,-0.13037802278995514,0.369047611951828,0.3452380895614624,0.9603174328804016
2025-02,2025-02-01,2025-02-28,2023-02-01,2024-12-25,2061,2025-02-27,10,-0.0015977788339542546,0.10776939988136292,0.1706799864768982,0.369047611951828,0.3452380895614624,0.9603174328804016
2025-02,2025-02-01,2025-02-28,2023-02-01,2024-12-25,2477,2025-02-27,11,-0.0015977788339542546,-0.08916088938713074,-0.02625030279159546,0.369047611951828,0.3452380895614624,0.9603174328804016
2025-02,2025-02-01,2025-02-28,2023-02-01,2024-12-25,2069,2025-02-27,12,-0.0015977788339542546,-0.05804756283760071,0.004863024223595858,0.369047611951828,0.3452380895614624,0.9603174328804016
2025-02,2025-02-01,2025-02-28,2023-02-01,2024-12-25,3379,2025-02-27,13,-0.0015977788339542546,-0.14978599548339844,-0.08687540888786316,0.369047611951828,0.3452380895614624,0.9603174328804016
2025-02,2025-02-01,2025-02-28,2023-02-01,2024-12-25,2468,2025-02-27,14,-0.0015977788339542546,0.7138599753379822,0.7767705917358398,0.369047611951828,0.3452380895614624,0.9603174328804016
2025-02,2025-02-01,2025-02-28,2023-02-01,2024-12-25,3029,2025-02-27,15,-0.0015977788339542546,-0.034785207360982895,0.028125379234552383,0.369047611951828,0.3452380895614624,0.9603174328804016
2025-02,2025-02-01,2025-02-28,2023-02-01,2024-12-25,3303,2025-02-27,16,-0.0015977788339542546,-0.09827587753534317,-0.03536529093980789,0.369047611951828,0.3452380895614624,0.9603174328804016
2025-02,2025-02-01,2025-02-28,2023-02-01,2024-12-25,2025,2025-02-27,17,-0.0015977788339542546,-0.1488763839006424,-0.08596579730510712,0.369047611951828,0.3452380895614624,0.9603174328804016
2025-02,2025-02-01,2025-02-28,2023-02-01,2024-12-25,2516,2025-02-27,18,-0.0015977788339542546,-0.06521739065647125,-0.0023068038281053305,0.369047611951828,0.3452380895614624,0.9603174328804016
2025-02,2025-02-01,2025-02-28,2023-02-01,2024-12-25,1608,2025-02-27,19,-0.0015977788339542546,2.2928329457272412e-08,0.06291060894727707,0.369047611951828,0.3452380895614624,0.9603174328804016
2025-02,2025-02-01,2025-02-28,2023-02-01,2024-12-25,9910,2025-02-27,20,-0.0015977788339542546,-0.10181818157434464,-0.03890759497880936,0.369047611951828,0.3452380895614624,0.9603174328804016
2025-02,2025-02-01,2025-02-28,2023-02-01,2024-12-25,2397,2025-02-27,21,-0.0015977788339542546,-0.10061343014240265,-0.03770284354686737,0.369047611951828,0.3452380895614624,0.9603174328804016
2025-02,2025-02-01,2025-02-28,2023-02-01,2024-12-25,9946,2025-02-27,22,-0.0015977788339542546,-0.09570315480232239,-0.03279256820678711,0.369047611951828,0.3452380895614624,0.9603174328804016
2025-02,2025-02-01,2025-02-28,2023-02-01,2024-12-25,3663,2025-02-27,23,-0.0015977788339542546,-0.15088757872581482,-0.08797699213027954,0.369047611951828,0.3452380895614624,0.9603174328804016
2025-02,2025-02-01,2025-02-28,2023-02-01,2024-12-25,4113,2025-02-27,24,-0.0015977788339542546,-0.0833333358168602,-0.02042274922132492,0.369047611951828,0.3452380895614624,0.9603174328804016
2025-02,2025-02-01,2025-02-28,2023-02-01,2024-12-25,1616,2025-02-27,25,-0.0015977788339542546,0.19900493323802948,0.26191553473472595,0.369047611951828,0.3452380895614624,0.9603174328804016
2025-02,2025-02-01,2025-02-28,2023-02-01,2024-12-25,2038,2025-02-27,26,-0.0015977788339542546,-0.06578947603702545,-0.0028788892086595297,0.369047611951828,0.3452380895614624,0.9603174328804016
2025-02,2025-02-01,2025-02-28,2023-02-01,2024-12-25,3188,2025-02-27,27,-0.0015977788339542546,0.013694077730178833,0.07660466432571411,0.369047611951828,0.3452380895614624,0.9603174328804016
2025-02,2025-02-01,2025-02-28,2023-02-01,2024-12-25,3685,2025-02-27,28,-0.0015977788339542546,-0.11708863079547882,-0.05417804419994354,0.369047611951828,0.3452380895614624,0.9603174328804016
2025-02,2025-02-01,2025-02-28,2023-02-01,2024-12-25,6994,2025-02-27,29,-0.0015977788339542546,-0.08833923935890198,-0.0254286527633667,0.369047611951828,0.3452380895614624,0.9603174328804016
2025-02,2025-02-01,2025-02-28,2023-02-01,2024-12-25,7402,2025-02-27,30,-0.0015977788339542546,0.12435232102870941,0.1872629076242447,0.369047611951828,0.3452380895614624,0.9603174328804016
2025-03,2025-03-01,2025-03-31,2023-03-01,2025-01-22,5314,2025-03-31,1,0.09663899506345845,-0.22589166462421417,-0.2036229521036148,0.0515873022377491,0.0357142873108387,0.02777777798473835
2025-03,2025-03-01,2025-03-31,2023-03-01,2025-01-22,5530,2025-03-31,2,0.06283927153218935,-0.09587213397026062,-0.07360342144966125,0.0515873022377491,0.0357142873108387,0.02777777798473835
2025-03,2025-03-01,2025-03-31,2023-03-01,2025-01-22,1810,2025-03-31,3,0.050243640920666674,0.005649597849696875,0.027918312698602676,0.0515873022377491,0.0357142873108387,0.02777777798473835
2025-03,2025-03-01,2025-03-31,2023-03-01,2025-01-22,4949,2025-03-31,4,0.04818849787677111,0.6194444298744202,0.6417131423950195,0.0515873022377491,0.0357142873108387,0.02777777798473835
2025-03,2025-03-01,2025-03-31,2023-03-01,2025-01-22,6869,2025-03-31,5,0.044462467837493094,-0.0262294914573431,-0.003960777074098587,0.0515873022377491,0.0357142873108387,0.02777777798473835
2025-03,2025-03-01,2025-03-31,2023-03-01,2025-01-22,6640,2025-03-31,6,0.04434733596708648,-0.05703885480761528,-0.034770142287015915,0.0515873022377491,0.0357142873108387,0.02777777798473835
2025-03,2025-03-01,2025-03-31,2023-03-01,2025-01-22,4303,2025-03-31,7,0.043312398257007056,-0.10059881955385208,-0.07833010703325272,0.0515873022377491,0.0357142873108387,0.02777777798473835
2025-03,2025-03-01,2025-03-31,2023-03-01,2025-01-22,2528,2025-03-31,8,0.043047393965715455,-0.11742887645959854,-0.09516016393899918,0.0515873022377491,0.0357142873108387,0.02777777798473835
2025-03,2025-03-01,2025-03-31,2023-03-01,2025-01-22,1210,2025-03-31,9,0.04141822804803685,0.03639513999223709,0.058663852512836456,0.0515873022377491,0.0357142873108387,0.02777777798473835
2025-03,2025-03-01,2025-03-31,2023-03-01,2025-01-22,4576,2025-03-31,10,0.04137091622993109,-0.024793408811092377,-0.0025246944278478622,0.0515873022377491,0.0357142873108387,0.02777777798473835
2025-03,2025-03-01,2025-03-31,2023-03-01,2025-01-22,5274,2025-03-31,11,0.04024810306217092,-0.008264441043138504,0.01400427334010601,0.0515873022377491,0.0357142873108387,0.02777777798473835
2025-03,2025-03-01,2025-03-31,2023-03-01,2025-01-22,2491,2025-03-31,12,0.03871748555777119,-0.16412217915058136,-0.141853466629982,0.0515873022377491,0.0357142873108387,0.02777777798473835
2025-03,2025-03-01,2025-03-31,2023-03-01,2025-01-22,6712,2025-03-31,13,0.03795995036668505,0.01226502750068903,0.03453374281525612,0.0515873022377491,0.0357142873108387,0.02777777798473835
2025-03,2025-03-01,2025-03-31,2023-03-01,2025-01-22,6419,2025-03-31,14,0.034900549614176074,-0.008027513511478901,0.014241200871765614,0.0515873022377491,0.0357142873108387,0.02777777798473835
2025-03,2025-03-01,2025-03-31,2023-03-01,2025-01-22,3596,2025-03-31,15,0.03455852695260962,0.04424773529171944,0.0665164515376091,0.0515873022377491,0.0357142873108387,0.02777777798473835
2025-03,2025-03-01,2025-03-31,2023-03-01,2025-01-22,8937,2025-03-31,16,0.034443067411627906,-0.24855491518974304,-0.22628620266914368,0.0515873022377491,0.0357142873108387,0.02777777798473835
2025-03,2025-03-01,2025-03-31,2023-03-01,2025-01-22,5608,2025-03-31,17,0.03369230466991323,-0.11263742297887802,-0.09036871045827866,0.0515873022377491,0.0357142873108387,0.02777777798473835
2025-03,2025-03-01,2025-03-31,2023-03-01,2025-01-22,3230,2025-03-31,18,0.03307159022251156,-0.19219224154949188,-0.16992352902889252,0.0515873022377491,0.0357142873108387,0.02777777798473835
2025-03,2025-03-01,2025-03-31,2023-03-01,2025-01-22,4934,2025-03-31,19,0.03299750853631828,-0.09502264112234116,-0.07275392860174179,0.0515873022377491,0.0357142873108387,0.02777777798473835
2025-03,2025-03-01,2025-03-31,2023-03-01,2025-01-22,2753,2025-03-31,20,0.03229884624833437,0.0579710528254509,0.08023976534605026,0.0515873022377491,0.0357142873108387,0.02777777798473835
2025-03,2025-03-01,2025-03-31,2023-03-01,2025-01-22,6405,2025-03-31,21,0.03156703093127088,-0.031372472643852234,-0.00910375826060772,0.0515873022377491,0.0357142873108387,0.02777777798473835
2025-03,2025-03-01,2025-03-31,2023-03-01,2025-01-22,3211,2025-03-31,22,0.031475287915172824,0.008746410720050335,0.031015124171972275,0.0515873022377491,0.0357142873108387,0.02777777798473835
2025-03,2025-03-01,2025-03-31,2023-03-01,2025-01-22,4562,2025-03-31,23,0.03118825435384736,0.058510638773441315,0.08077935129404068,0.0515873022377491,0.0357142873108387,0.02777777798473835
2025-03,2025-03-01,2025-03-31,2023-03-01,2025-01-22,3057,2025-03-31,24,0.030808380830990686,-0.1418367624282837,-0.11956804990768433,0.0515873022377491,0.0357142873108387,0.02777777798473835
2025-03,2025-03-01,2025-03-31,2023-03-01,2025-01-22,2208,2025-03-31,25,0.02898634230321698,-0.011764750815927982,0.010503963567316532,0.0515873022377491,0.0357142873108387,0.02777777798473835
2025-03,2025-03-01,2025-03-31,2023-03-01,2025-01-22,8104,2025-03-31,26,0.02889960914787795,-0.05817170441150665,-0.03590299189090729,0.0515873022377491,0.0357142873108387,0.02777777798473835
2025-03,2025-03-01,2025-03-31,2023-03-01,2025-01-22,2014,2025-03-31,27,0.028309122393082833,-0.21271394193172455,-0.19044522941112518,0.0515873022377491,0.0357142873108387,0.02777777798473835
2025-03,2025-03-01,2025-03-31,2023-03-01,2025-01-22,7712,2025-03-31,28,0.028088612568867487,-0.03956834599375725,-0.017299631610512733,0.0515873022377491,0.0357142873108387,0.02777777798473835
2025-03,2025-03-01,2025-03-31,2023-03-01,2025-01-22,3558,2025-03-31,29,0.027365939984770306,-0.125,-0.10273128747940063,0.0515873022377491,0.0357142873108387,0.02777777798473835
2025-03,2025-03-01,2025-03-31,2023-03-01,2025-01-22,4162,2025-03-31,30,0.02681313728175355,-0.08512823283672333,-0.06285952031612396,0.0515873022377491,0.0357142873108387,0.02777777798473835
2025-04,2025-04-01,2025-04-30,2023-04-01,2025-03-04,8088,2025-04-30,1,0.013478946900806154,0.08661416172981262,0.03164653852581978,0.1230158731341362,0.0793650820851326,0.920634925365448
2025-04,2025-04-01,2025-04-30,2023-04-01,2025-03-04,8034,2025-04-30,2,0.011036904929532573,-0.027607254683971405,-0.08257488161325455,0.1230158731341362,0.0793650820851326,0.920634925365448
2025-04,2025-04-01,2025-04-30,2023-04-01,2025-03-04,8176,2025-04-30,3,0.010977650452114171,-0.06926408410072327,-0.12423171103000641,0.1230158731341362,0.0793650820851326,0.920634925365448
2025-04,2025-04-01,2025-04-30,2023-04-01,2025-03-04,6534,2025-04-30,4,0.010328756013746825,0.012903191149234772,-0.04206443205475807,0.1230158731341362,0.0793650820851326,0.920634925365448
2025-04,2025-04-01,2025-04-30,2023-04-01,2025-03-04,3147,2025-04-30,5,0.009910166694506773,-0.28218692541122437,-0.3371545374393463,0.1230158731341362,0.0793650820851326,0.920634925365448
2025-04,2025-04-01,2025-04-30,2023-04-01,2025-03-04,4129,2025-04-30,6,0.009593709665930462,0.17318440973758698,0.11821678280830383,0.1230158731341362,0.0793650820851326,0.920634925365448
2025-04,2025-04-01,2025-04-30,2023-04-01,2025-03-04,4951,2025-04-30,7,0.008486760472971984,0.0480000376701355,-0.00696758646517992,0.1230158731341362,0.0793650820851326,0.920634925365448
2025-04,2025-04-01,2025-04-30,2023-04-01,2025-03-04,6277,2025-04-30,8,0.008423403227788347,-0.021897759288549423,-0.07686538249254227,0.1230158731341362,0.0793650820851326,0.920634925365448
2025-04,2025-04-01,2025-04-30,2023-04-01,2025-03-04,3546,2025-04-30,9,0.008283368084649537,0.04435064643621445,-0.010616977699100971,0.1230158731341362,0.0793650820851326,0.920634925365448
2025-04,2025-04-01,2025-04-30,2023-04-01,2025-03-04,6592,2025-04-30,10,0.006914224573937498,0.025036772713065147,-0.029930850490927696,0.1230158731341362,0.0793650820851326,0.920634925365448
2025-04,2025-04-01,2025-04-30,2023-04-01,2025-03-04,2903,2025-04-30,11,0.006864703609918864,-0.014799235388636589,-0.06976685672998428,0.1230158731341362,0.0793650820851326,0.920634925365448
2025-04,2025-04-01,2025-04-30,2023-04-01,2025-03-04,3669,2025-04-30,12,0.006806182778858411,-0.06767963618040085,-0.12264726310968399,0.1230158731341362,0.0793650820851326,0.920634925365448
2025-04,2025-04-01,2025-04-30,2023-04-01,2025-03-04,3455,2025-04-30,13,0.00634520936699977,-0.09322034567594528,-0.14818796515464783,0.1230158731341362,0.0793650820851326,0.920634925365448
2025-04,2025-04-01,2025-04-30,2023-04-01,2025-03-04,2723,2025-04-30,14,0.005903979681841559,0.007583941798657179,-0.04738368093967438,0.1230158731341362,0.0793650820851326,0.920634925365448
2025-04,2025-04-01,2025-04-30,2023-04-01,2025-03-04,6446,2025-04-30,15,0.005570773548051414,-0.06890129297971725,-0.1238689199090004,0.1230158731341362,0.0793650820851326,0.920634925365448
2025-04,2025-04-01,2025-04-30,2023-04-01,2025-03-04,3625,2025-04-30,16,0.005288990957864905,0.0,-0.054967623203992844,0.1230158731341362,0.0793650820851326,0.920634925365448
2025-04,2025-04-01,2025-04-30,2023-04-01,2025-03-04,8038,2025-04-30,17,0.005288990957864905,0.40186917781829834,0.3469015657901764,0.1230158731341362,0.0793650820851326,0.920634925365448
2025-04,2025-04-01,2025-04-30,2023-04-01,2025-03-04,3518,2025-04-30,18,0.005288990957864905,-0.06685240566730499,-0.12182003259658813,0.1230158731341362,0.0793650820851326,0.920634925365448
2025-04,2025-04-01,2025-04-30,2023-04-01,2025-03-04,6129,2025-04-30,19,0.005288990957864905,-0.11475406587123871,-0.16972169280052185,0.1230158731341362,0.0793650820851326,0.920634925365448
2025-04,2025-04-01,2025-04-30,2023-04-01,2025-03-04,5251,2025-04-30,20,0.004866301487420596,-0.08653846383094788,-0.14150609076023102,0.1230158731341362,0.0793650820851326,0.920634925365448
2025-04,2025-04-01,2025-04-30,2023-04-01,2025-03-04,6541,2025-04-30,21,0.004772323312006089,-0.11386135220527649,-0.16882897913455963,0.1230158731341362,0.0793650820851326,0.920634925365448
2025-04,2025-04-01,2025-04-30,2023-04-01,2025-03-04,3527,2025-04-30,22,0.004646217461057008,-0.014705885201692581,-0.06967350840568542,0.1230158731341362,0.0793650820851326,0.920634925365448
2025-04,2025-04-01,2025-04-30,2023-04-01,2025-03-04,4934,2025-04-30,23,0.004548381890259547,0.18811877071857452,0.13315114378929138,0.1230158731341362,0.0793650820851326,0.920634925365448
2025-04,2025-04-01,2025-04-30,2023-04-01,2025-03-04,1786,2025-04-30,24,0.004356643089461094,0.010504201985895634,-0.044463422149419785,0.1230158731341362,0.0793650820851326,0.920634925365448
2025-04,2025-04-01,2025-04-30,2023-04-01,2025-03-04,6706,2025-04-30,25,0.004332373459510655,-0.027586206793785095,-0.08255383372306824,0.1230158731341362,0.0793650820851326,0.920634925365448
2025-04,2025-04-01,2025-04-30,2023-04-01,2025-03-04,5278,2025-04-30,26,0.004240816310153491,0.022222209721803665,-0.03274541348218918,0.1230158731341362,0.0793650820851326,0.920634925365448
2025-04,2025-04-01,2025-04-30,2023-04-01,2025-03-04,1760,2025-04-30,27,0.004240816310153491,0.13769124448299408,0.08272361755371094,0.1230158731341362,0.0793650820851326,0.920634925365448
2025-04,2025-04-01,2025-04-30,2023-04-01,2025-03-04,3577,2025-04-30,28,0.004240816310153491,0.06111108139157295,0.006143457256257534,0.1230158731341362,0.0793650820851326,0.920634925365448
2025-04,2025-04-01,2025-04-30,2023-04-01,2025-03-04,6125,2025-04-30,29,0.004224331664431567,0.07332296669483185,0.018355343490839005,0.1230158731341362,0.0793650820851326,0.920634925365448
2025-04,2025-04-01,2025-04-30,2023-04-01,2025-03-04,6405,2025-04-30,30,0.004224331664431567,0.015904583036899567,-0.03906304016709328,0.1230158731341362,0.0793650820851326,0.920634925365448
2025-05,2025-05-01,2025-05-31,2023-05-01,2025-04-01,3339,2025-05-29,1,0.02494576052381988,0.04054053872823715,-0.01720818132162094,0.761904776096344,0.5952380895614624,0.6507936716079712
2025-05,2025-05-01,2025-05-31,2023-05-01,2025-04-01,3555,2025-05-29,2,-7.152239901491754e-05,-0.09638551622629166,-0.15413424372673035,0.761904776096344,0.5952380895614624,0.6507936716079712
2025-05,2025-05-01,2025-05-31,2023-05-01,2025-04-01,8027,2025-05-29,3,-7.152239901491754e-05,0.0694444477558136,0.011695727705955505,0.761904776096344,0.5952380895614624,0.6507936716079712
2025-05,2025-05-01,2025-05-31,2023-05-01,2025-04-01,6441,2025-05-29,4,-7.152239901491754e-05,-0.1428571492433548,-0.2006058692932129,0.761904776096344,0.5952380895614624,0.6507936716079712
2025-05,2025-05-01,2025-05-31,2023-05-01,2025-04-01,3228,2025-05-29,5,-7.152239901491754e-05,-0.056179776787757874,-0.11392849683761597,0.761904776096344,0.5952380895614624,0.6507936716079712
2025-05,2025-05-01,2025-05-31,2023-05-01,2025-04-01,2408,2025-05-29,6,-7.152239901491754e-05,0.17738360166549683,0.11963488161563873,0.761904776096344,0.5952380895614624,0.6507936716079712
2025-05,2025-05-01,2025-05-31,2023-05-01,2025-04-01,4726,2025-05-29,7,-7.152239901491754e-05,0.003855982096865773,-0.05389273911714554,0.761904776096344,0.5952380895614624,0.6507936716079712
2025-05,2025-05-01,2025-05-31,2023-05-01,2025-04-01,3054,2025-05-29,8,-7.152239901491754e-05,0.03463200107216835,-0.023116718977689743,0.761904776096344,0.5952380895614624,0.6507936716079712
2025-05,2025-05-01,2025-05-31,2023-05-01,2025-04-01,6550,2025-05-29,9,-7.152239901491754e-05,-0.041162244975566864,-0.09891096502542496,0.761904776096344,0.5952380895614624,0.6507936716079712
2025-05,2025-05-01,2025-05-31,2023-05-01,2025-04-01,3630,2025-05-29,10,-0.0010431213870636074,-0.07905984669923782,-0.1368085741996765,0.761904776096344,0.5952380895614624,0.6507936716079712
2025-05,2025-05-01,2025-05-31,2023-05-01,2025-04-01,3540,2025-05-29,11,-0.0010431213870636074,-0.04418262094259262,-0.10193134099245071,0.761904776096344,0.5952380895614624,0.6507936716079712
2025-05,2025-05-01,2025-05-31,2023-05-01,2025-04-01,4121,2025-05-29,12,-0.0010431213870636074,-0.12048192322254181,-0.1782306432723999,0.761904776096344,0.5952380895614624,0.6507936716079712
2025-05,2025-05-01,2025-05-31,2023-05-01,2025-04-01,4127,2025-05-29,13,-0.0010431213870636074,0.035063110291957855,-0.022685609757900238,0.761904776096344,0.5952380895614624,0.6507936716079712
2025-05,2025-05-01,2025-05-31,2023-05-01,2025-04-01,2646,2025-05-29,14,-0.0010431213870636074,0.005847938358783722,-0.05190078169107437,0.761904776096344,0.5952380895614624,0.6507936716079712
2025-05,2025-05-01,2025-05-31,2023-05-01,2025-04-01,6150,2025-05-29,15,-0.0010431213870636074,-0.0422535203397274,-0.1000022441148758,0.761904776096344,0.5952380895614624,0.6507936716079712
2025-05,2025-05-01,2025-05-31,2023-05-01,2025-04-01,2705,2025-05-29,16,-0.0010431213870636074,-0.007936487905681133,-0.0656852051615715,0.761904776096344,0.5952380895614624,0.6507936716079712
2025-05,2025-05-01,2025-05-31,2023-05-01,2025-04-01,3027,2025-05-29,17,-0.0010431213870636074,-0.1882353127002716,-0.2459840327501297,0.761904776096344,0.5952380895614624,0.6507936716079712
2025-05,2025-05-01,2025-05-31,2023-05-01,2025-04-01,2440,2025-05-29,18,-0.0010431213870636074,-0.09756100922822952,-0.1553097367286682,0.761904776096344,0.5952380895614624,0.6507936716079712
2025-05,2025-05-01,2025-05-31,2023-05-01,2025-04-01,3205,2025-05-29,19,-0.0010431213870636074,0.09101251512765884,0.03326379507780075,0.761904776096344,0.5952380895614624,0.6507936716079712
2025-05,2025-05-01,2025-05-31,2023-05-01,2025-04-01,3686,2025-05-29,20,-0.0010431213870636074,-0.03529414162039757,-0.09304286539554596,0.761904776096344,0.5952380895614624,0.6507936716079712
2025-05,2025-05-01,2025-05-31,2023-05-01,2025-04-01,4108,2025-05-29,21,-0.0010431213870636074,-0.07308972626924515,-0.13083845376968384,0.761904776096344,0.5952380895614624,0.6507936716079712
2025-05,2025-05-01,2025-05-31,2023-05-01,2025-04-01,4562,2025-05-29,22,-0.0010431213870636074,0.043010782450437546,-0.014737937599420547,0.761904776096344,0.5952380895614624,0.6507936716079712
2025-05,2025-05-01,2025-05-31,2023-05-01,2025-04-01,4168,2025-05-29,23,-0.0010431213870636074,0.03877554088830948,-0.018973179161548615,0.761904776096344,0.5952380895614624,0.6507936716079712
2025-05,2025-05-01,2025-05-31,2023-05-01,2025-04-01,4764,2025-05-29,24,-0.0010431213870636074,-0.011363636702299118,-0.06911236047744751,0.761904776096344,0.5952380895614624,0.6507936716079712
2025-05,2025-05-01,2025-05-31,2023-05-01,2025-04-01,7751,2025-05-29,25,-0.0010431213870636074,0.23208646476268768,0.1743377447128296,0.761904776096344,0.5952380895614624,0.6507936716079712
2025-05,2025-05-01,2025-05-31,2023-05-01,2025-04-01,1815,2025-05-29,26,-0.0010431213870636074,0.014367816038429737,-0.04338090494275093,0.761904776096344,0.5952380895614624,0.6507936716079712
2025-05,2025-05-01,2025-05-31,2023-05-01,2025-04-01,4523,2025-05-29,27,-0.0010431213870636074,0.09710140526294708,0.03935268521308899,0.761904776096344,0.5952380895614624,0.6507936716079712
2025-05,2025-05-01,2025-05-31,2023-05-01,2025-04-01,5210,2025-05-29,28,-0.0010431213870636074,0.13680151104927063,0.07905279099941254,0.761904776096344,0.5952380895614624,0.6507936716079712
2025-05,2025-05-01,2025-05-31,2023-05-01,2025-04-01,5291,2025-05-29,29,-0.0010431213870636074,-0.07518796622753143,-0.13293668627738953,0.761904776096344,0.5952380895614624,0.6507936716079712
2025-05,2025-05-01,2025-05-31,2023-05-01,2025-04-01,2102,2025-05-29,30,-0.0010431213870636074,0.02657001093029976,-0.031178709119558334,0.761904776096344,0.5952380895614624,0.6507936716079712
2025-06,2025-06-01,2025-06-30,2023-06-01,2025-05-02,2489,2025-06-30,1,0.06747882537589514,-0.021428585052490234,-0.07341276854276657,0.817460298538208,0.908730149269104,0.488095223903656
2025-06,2025-06-01,2025-06-30,2023-06-01,2025-05-02,6499,2025-06-30,2,0.051244681478125886,-0.06538461893796921,-0.11736880242824554,0.817460298538208,0.908730149269104,0.488095223903656
2025-06,2025-06-01,2025-06-30,2023-06-01,2025-05-02,6919,2025-06-30,3,0.04719898788312387,-0.08239700645208359,-0.13438118994235992,0.817460298538208,0.908730149269104,0.488095223903656
2025-06,2025-06-01,2025-06-30,2023-06-01,2025-05-02,6596,2025-06-30,4,0.031744498704614994,-0.11589404195547104,-0.16787822544574738,0.817460298538208,0.908730149269104,0.488095223903656
2025-06,2025-06-01,2025-06-30,2023-06-01,2025-05-02,3167,2025-06-30,5,0.027372447759407066,0.2889733910560608,0.23698921501636505,0.817460298538208,0.908730149269104,0.488095223903656
2025-06,2025-06-01,2025-06-30,2023-06-01,2025-05-02,6739,2025-06-30,6,0.023440395618522753,0.2628726363182068,0.21088846027851105,0.817460298538208,0.908730149269104,0.488095223903656
2025-06,2025-06-01,2025-06-30,2023-06-01,2025-05-02,6735,2025-06-30,7,0.02147601841442977,0.08016970753669739,0.02818552777171135,0.817460298538208,0.908730149269104,0.488095223903656
2025-06,2025-06-01,2025-06-30,2023-06-01,2025-05-02,2491,2025-06-30,8,0.01911345370832306,-0.0289855245500803,-0.08096970617771149,0.817460298538208,0.908730149269104,0.488095223903656
2025-06,2025-06-01,2025-06-30,2023-06-01,2025-05-02,3490,2025-06-30,9,0.018331727066947027,-0.02182573266327381,-0.073809914290905,0.817460298538208,0.908730149269104,0.488095223903656
2025-06,2025-06-01,2025-06-30,2023-06-01,2025-05-02,1519,2025-06-30,10,0.011763621380500269,0.2539251744747162,0.20194099843502045,0.817460298538208,0.908730149269104,0.488095223903656
2025-06,2025-06-01,2025-06-30,2023-06-01,2025-05-02,2836,2025-06-30,11,0.011484250924401154,0.013241440057754517,-0.03874273970723152,0.817460298538208,0.908730149269104,0.488095223903656
2025-06,2025-06-01,2025-06-30,2023-06-01,2025-05-02,3128,2025-06-30,12,0.008360909210816518,-0.12249211966991425,-0.17447629570960999,0.817460298538208,0.908730149269104,0.488095223903656
2025-06,2025-06-01,2025-06-30,2023-06-01,2025-05-02,6534,2025-06-30,13,0.006376521297108956,0.24681931734085083,0.1948351413011551,0.817460298538208,0.908730149269104,0.488095223903656
2025-06,2025-06-01,2025-06-30,2023-06-01,2025-05-02,7721,2025-06-30,14,0.0061758660572364555,0.06182793527841568,0.009843754582107067,0.817460298538208,0.908730149269104,0.488095223903656
2025-06,2025-06-01,2025-06-30,2023-06-01,2025-05-02,6139,2025-06-30,15,0.005448939993433589,0.11631663888692856,0.06433245539665222,0.817460298538208,0.908730149269104,0.488095223903656
2025-06,2025-06-01,2025-06-30,2023-06-01,2025-05-02,4934,2025-06-30,16,0.0037489224477394666,-0.09130436182022095,-0.1432885378599167,0.817460298538208,0.908730149269104,0.488095223903656
2025-06,2025-06-01,2025-06-30,2023-06-01,2025-05-02,2408,2025-06-30,17,0.0033430563231440415,-0.16570331156253815,-0.2176874876022339,0.817460298538208,0.908730149269104,0.488095223903656
2025-06,2025-06-01,2025-06-30,2023-06-01,2025-05-02,6405,2025-06-30,18,0.0027310588633619013,-0.010202927514910698,-0.062187109142541885,0.817460298538208,0.908730149269104,0.488095223903656
2025-06,2025-06-01,2025-06-30,2023-06-01,2025-05-02,6719,2025-06-30,19,0.002407540164323229,0.004926108289510012,-0.047058071941137314,0.817460298538208,0.908730149269104,0.488095223903656
2025-06,2025-06-01,2025-06-30,2023-06-01,2025-05-02,6196,2025-06-30,20,0.0023677336433132927,0.13676880300045013,0.0847846195101738,0.817460298538208,0.908730149269104,0.488095223903656
2025-06,2025-06-01,2025-06-30,2023-06-01,2025-05-02,2852,2025-06-30,21,0.0017641101000313393,-0.06499876081943512,-0.11698294430971146,0.817460298538208,0.908730149269104,0.488095223903656
2025-06,2025-06-01,2025-06-30,2023-06-01,2025-05-02,2838,2025-06-30,22,0.0014037300664616614,0.034129101783037186,-0.017855077981948853,0.817460298538208,0.908730149269104,0.488095223903656
2025-06,2025-06-01,2025-06-30,2023-06-01,2025-05-02,2812,2025-06-30,23,0.0011028240051967908,-0.020454611629247665,-0.0724387913942337,0.817460298538208,0.908730149269104,0.488095223903656
2025-06,2025-06-01,2025-06-30,2023-06-01,2025-05-02,7547,2025-06-30,24,0.0009697760434559163,0.32945412397384644,0.2774699330329895,0.817460298538208,0.908730149269104,0.488095223903656
2025-06,2025-06-01,2025-06-30,2023-06-01,2025-05-02,8210,2025-06-30,25,0.0009288790199753728,0.051229506731033325,-0.0007546737906523049,0.817460298538208,0.908730149269104,0.488095223903656
2025-06,2025-06-01,2025-06-30,2023-06-01,2025-05-02,2547,2025-06-30,26,0.00044727574215788367,-0.014795147813856602,-0.06677933037281036,0.817460298538208,0.908730149269104,0.488095223903656
2025-06,2025-06-01,2025-06-30,2023-06-01,2025-05-02,5522,2025-06-30,27,0.0002004718786569982,-0.018604662269353867,-0.0705888420343399,0.817460298538208,0.908730149269104,0.488095223903656
2025-06,2025-06-01,2025-06-30,2023-06-01,2025-05-02,2801,2025-06-30,28,0.0001955173417333721,0.06933340430259705,0.017349224537611008,0.817460298538208,0.908730149269104,0.488095223903656
2025-06,2025-06-01,2025-06-30,2023-06-01,2025-05-02,2834,2025-06-30,29,-6.165528084086915e-05,0.0651465654373169,0.013162384741008282,0.817460298538208,0.908730149269104,0.488095223903656
2025-06,2025-06-01,2025-06-30,2023-06-01,2025-05-02,3515,2025-06-30,30,-8.090577868361459e-05,-0.018148820847272873,-0.07013300061225891,0.817460298538208,0.908730149269104,0.488095223903656
2025-07,2025-07-01,2025-07-31,2023-07-01,2025-06-03,8033,2025-07-31,1,-0.0025003919641948184,0.7258883118629456,0.6964127421379089,0.7579365372657776,0.8769841194152832,0.5753968358039856
2025-07,2025-07-01,2025-07-31,2023-07-01,2025-06-03,4166,2025-07-31,2,-0.0025003919641948184,-0.30591636896133423,-0.33539196848869324,0.7579365372657776,0.8769841194152832,0.5753968358039856
2025-07,2025-07-01,2025-07-31,2023-07-01,2025-06-03,8045,2025-07-31,3,-0.0025003919641948184,0.0796460211277008,0.050170429050922394,0.7579365372657776,0.8769841194152832,0.5753968358039856
2025-07,2025-07-01,2025-07-31,2023-07-01,2025-06-03,3230,2025-07-31,4,-0.0025003919641948184,0.0598267987370491,0.03035120666027069,0.7579365372657776,0.8769841194152832,0.5753968358039856
2025-07,2025-07-01,2025-07-31,2023-07-01,2025-06-03,2429,2025-07-31,5,-0.0025003919641948184,0.044217705726623535,0.014742114581167698,0.7579365372657776,0.8769841194152832,0.5753968358039856
2025-07,2025-07-01,2025-07-31,2023-07-01,2025-06-03,3234,2025-07-31,6,-0.004043882104335502,0.08769455552101135,0.05821896344423294,0.7579365372657776,0.8769841194152832,0.5753968358039856
2025-07,2025-07-01,2025-07-31,2023-07-01,2025-06-03,2241,2025-07-31,7,-0.004043882104335502,0.04462476447224617,0.015149173326790333,0.7579365372657776,0.8769841194152832,0.5753968358039856
2025-07,2025-07-01,2025-07-31,2023-07-01,2025-06-03,2243,2025-07-31,8,-0.004043882104335502,0.2821781635284424,0.2527025640010834,0.7579365372657776,0.8769841194152832,0.5753968358039856
2025-07,2025-07-01,2025-07-31,2023-07-01,2025-06-03,8111,2025-07-31,9,-0.004043882104335502,0.036072127521038055,0.006596535909920931,0.7579365372657776,0.8769841194152832,0.5753968358039856
2025-07,2025-07-01,2025-07-31,2023-07-01,2025-06-03,3276,2025-07-31,10,-0.004043882104335502,0.1596958488225937,0.13022026419639587,0.7579365372657776,0.8769841194152832,0.5753968358039856
2025-07,2025-07-01,2025-07-31,2023-07-01,2025-06-03,2302,2025-07-31,11,-0.004043882104335502,0.055374614894390106,0.025899022817611694,0.7579365372657776,0.8769841194152832,0.5753968358039856
2025-07,2025-07-01,2025-07-31,2023-07-01,2025-06-03,8040,2025-07-31,12,-0.004043882104335502,-0.003448289120569825,-0.03292388096451759,0.7579365372657776,0.8769841194152832,0.5753968358039856
2025-07,2025-07-01,2025-07-31,2023-07-01,2025-06-03,2305,2025-07-31,13,-0.004043882104335502,0.11374405771493912,0.0842684656381607,0.7579365372657776,0.8769841194152832,0.5753968358039856
2025-07,2025-07-01,2025-07-31,2023-07-01,2025-06-03,8476,2025-07-31,14,-0.004043882104335502,0.022277170792222023,-0.0071984208188951015,0.7579365372657776,0.8769841194152832,0.5753968358039856
2025-07,2025-07-01,2025-07-31,2023-07-01,2025-06-03,2913,2025-07-31,15,-0.004043882104335502,0.017421603202819824,-0.012053987942636013,0.7579365372657776,0.8769841194152832,0.5753968358039856
2025-07,2025-07-01,2025-07-31,2023-07-01,2025-06-03,3011,2025-07-31,16,-0.004043882104335502,-0.018808789551258087,-0.0482843816280365,0.7579365372657776,0.8769841194152832,0.5753968358039856
2025-07,2025-07-01,2025-07-31,2023-07-01,2025-06-03,3466,2025-07-31,17,-0.004043882104335502,0.1325301229953766,0.10305453091859818,0.7579365372657776,0.8769841194152832,0.5753968358039856
2025-07,2025-07-01,2025-07-31,2023-07-01,2025-06-03,2314,2025-07-31,18,-0.004043882104335502,0.1463700234889984,0.11689443141222,0.7579365372657776,0.8769841194152832,0.5753968358039856
2025-07,2025-07-01,2025-07-31,2023-07-01,2025-06-03,2390,2025-07-31,19,-0.004043882104335502,0.03317530080676079,0.003699709428474307,0.7579365372657776,0.8769841194152832,0.5753968358039856
2025-07,2025-07-01,2025-07-31,2023-07-01,2025-06-03,2611,2025-07-31,20,-0.004043882104335502,-0.00619197404012084,-0.03566756471991539,0.7579365372657776,0.8769841194152832,0.5753968358039856
2025-07,2025-07-01,2025-07-31,2023-07-01,2025-06-03,3490,2025-07-31,21,-0.004043882104335502,0.22137406468391418,0.19189848005771637,0.7579365372657776,0.8769841194152832,0.5753968358039856
2025-07,2025-07-01,2025-07-31,2023-07-01,2025-06-03,3094,2025-07-31,22,-0.004043882104335502,0.08193280547857285,0.052457213401794434,0.7579365372657776,0.8769841194152832,0.5753968358039856
2025-07,2025-07-01,2025-07-31,2023-07-01,2025-06-03,7402,2025-07-31,23,-0.004043882104335502,0.37673431634902954,0.34725871682167053,0.7579365372657776,0.8769841194152832,0.5753968358039856
2025-07,2025-07-01,2025-07-31,2023-07-01,2025-06-03,1762,2025-07-31,24,-0.004043882104335502,-0.010582051239907742,-0.04005764424800873,0.7579365372657776,0.8769841194152832,0.5753968358039856
2025-07,2025-07-01,2025-07-31,2023-07-01,2025-06-03,3339,2025-07-31,25,-0.004043882104335502,0.010159607045352459,-0.01931598410010338,0.7579365372657776,0.8769841194152832,0.5753968358039856
2025-07,2025-07-01,2025-07-31,2023-07-01,2025-06-03,8085,2025-07-31,26,-0.004043882104335502,-0.01098905224353075,-0.04046464338898659,0.7579365372657776,0.8769841194152832,0.5753968358039856
2025-07,2025-07-01,2025-07-31,2023-07-01,2025-06-03,1808,2025-07-31,27,-0.004043882104335502,-0.021138198673725128,-0.05061379075050354,0.7579365372657776,0.8769841194152832,0.5753968358039856
2025-07,2025-07-01,2025-07-31,2023-07-01,2025-06-03,3169,2025-07-31,28,-0.004043882104335502,0.16949152946472168,0.14001594483852386,0.7579365372657776,0.8769841194152832,0.5753968358039856
2025-07,2025-07-01,2025-07-31,2023-07-01,2025-06-03,8088,2025-07-31,29,-0.004043882104335502,0.0115893529728055,-0.017886238172650337,0.7579365372657776,0.8769841194152832,0.5753968358039856
2025-07,2025-07-01,2025-07-31,2023-07-01,2025-06-03,8048,2025-07-31,30,-0.004043882104335502,0.06991259008646011,0.0404369980096817,0.7579365372657776,0.8769841194152832,0.5753968358039856
2025-08,2025-08-01,2025-08-31,2023-08-01,2025-07-04,3717,2025-08-29,1,0.003614445374719532,-0.015345229767262936,-0.07093946635723114,0.64682537317276,0.773809552192688,0.7976190447807312
2025-08,2025-08-01,2025-08-31,2023-08-01,2025-07-04,2401,2025-08-29,2,0.0030021626585314126,-0.08964142948389053,-0.14523567259311676,0.64682537317276,0.773809552192688,0.7976190447807312
2025-08,2025-08-01,2025-08-31,2023-08-01,2025-07-04,2338,2025-08-29,3,0.0030021626585314126,-0.059241704642772675,-0.1148359403014183,0.64682537317276,0.773809552192688,0.7976190447807312
2025-08,2025-08-01,2025-08-31,2023-08-01,2025-07-04,1785,2025-08-29,4,0.0030021626585314126,0.021739117801189423,-0.033855121582746506,0.64682537317276,0.773809552192688,0.7976190447807312
2025-08,2025-08-01,2025-08-31,2023-08-01,2025-07-04,2497,2025-08-29,5,0.0030021626585314126,-0.08460070192813873,-0.14019493758678436,0.64682537317276,0.773809552192688,0.7976190447807312
2025-08,2025-08-01,2025-08-31,2023-08-01,2025-07-04,2612,2025-08-29,6,0.0030021626585314126,0.014869874343276024,-0.040724363178014755,0.64682537317276,0.773809552192688,0.7976190447807312
2025-08,2025-08-01,2025-08-31,2023-08-01,2025-07-04,3059,2025-08-29,7,0.0030021626585314126,0.028864169493317604,-0.026730068027973175,0.64682537317276,0.773809552192688,0.7976190447807312
2025-08,2025-08-01,2025-08-31,2023-08-01,2025-07-04,1802,2025-08-29,8,0.0030021626585314126,-0.24312590062618256,-0.2987201511859894,0.64682537317276,0.773809552192688,0.7976190447807312
2025-08,2025-08-01,2025-08-31,2023-08-01,2025-07-04,2606,2025-08-29,9,0.0030021626585314126,0.014285700395703316,-0.04130853712558746,0.64682537317276,0.773809552192688,0.7976190447807312
2025-08,2025-08-01,2025-08-31,2023-08-01,2025-07-04,3149,2025-08-29,10,0.0030021626585314126,0.04060909524559975,-0.014985142275691032,0.64682537317276,0.773809552192688,0.7976190447807312
2025-08,2025-08-01,2025-08-31,2023-08-01,2025-07-04,3071,2025-08-29,11,0.0030021626585314126,-0.16483516991138458,-0.2204294055700302,0.64682537317276,0.773809552192688,0.7976190447807312
2025-08,2025-08-01,2025-08-31,2023-08-01,2025-07-04,2850,2025-08-29,12,0.0030021626585314126,0.09677419066429138,0.041179951280355453,0.64682537317276,0.773809552192688,0.7976190447807312
2025-08,2025-08-01,2025-08-31,2023-08-01,2025-07-04,2402,2025-08-29,13,0.0030021626585314126,-0.18780486285686493,-0.24339909851551056,0.64682537317276,0.773809552192688,0.7976190447807312
2025-08,2025-08-01,2025-08-31,2023-08-01,2025-07-04,1727,2025-08-29,14,0.0030021626585314126,-0.1541307121515274,-0.20972494781017303,0.64682537317276,0.773809552192688,0.7976190447807312
2025-08,2025-08-01,2025-08-31,2023-08-01,2025-07-04,3205,2025-08-29,15,0.0030021626585314126,-0.06896551698446274,-0.12455975264310837,0.64682537317276,0.773809552192688,0.7976190447807312
2025-08,2025-08-01,2025-08-31,2023-08-01,2025-07-04,2472,2025-08-29,16,0.0030021626585314126,-0.03054303675889969,-0.08613727241754532,0.64682537317276,0.773809552192688,0.7976190447807312
2025-08,2025-08-01,2025-08-31,2023-08-01,2025-07-04,2491,2025-08-29,17,0.0030021626585314126,-0.11643840372562408,-0.17203263938426971,0.64682537317276,0.773809552192688,0.7976190447807312
2025-08,2025-08-01,2025-08-31,2023-08-01,2025-07-04,2365,2025-08-29,18,0.0030021626585314126,-0.140625,-0.19621923565864563,0.64682537317276,0.773809552192688,0.7976190447807312
2025-08,2025-08-01,2025-08-31,2023-08-01,2025-07-04,2477,2025-08-29,19,0.0030021626585314126,-0.10447758436203003,-0.16007182002067566,0.64682537317276,0.773809552192688,0.7976190447807312
2025-08,2025-08-01,2025-08-31,2023-08-01,2025-07-04,3006,2025-08-29,20,0.0030021626585314126,0.22767075896263123,0.1720765233039856,0.64682537317276,0.773809552192688,0.7976190447807312
2025-08,2025-08-01,2025-08-31,2023-08-01,2025-07-04,2211,2025-08-29,21,0.0030021626585314126,0.0815642774105072,0.025970039889216423,0.64682537317276,0.773809552192688,0.7976190447807312
2025-08,2025-08-01,2025-08-31,2023-08-01,2025-07-04,2352,2025-08-29,22,0.0030021626585314126,0.16724735498428345,0.11165311932563782,0.64682537317276,0.773809552192688,0.7976190447807312
2025-08,2025-08-01,2025-08-31,2023-08-01,2025-07-04,2328,2025-08-29,23,0.0030021626585314126,-0.08474576473236084,-0.14034000039100647,0.64682537317276,0.773809552192688,0.7976190447807312
2025-08,2025-08-01,2025-08-31,2023-08-01,2025-07-04,2329,2025-08-29,24,0.0030021626585314126,-0.02013426274061203,-0.07572849839925766,0.64682537317276,0.773809552192688,0.7976190447807312
2025-08,2025-08-01,2025-08-31,2023-08-01,2025-07-04,3162,2025-08-29,25,0.0030021626585314126,-0.24855488538742065,-0.3041491210460663,0.64682537317276,0.773809552192688,0.7976190447807312
2025-08,2025-08-01,2025-08-31,2023-08-01,2025-07-04,2423,2025-08-29,26,0.0030021626585314126,-0.0334506630897522,-0.08904489874839783,0.64682537317276,0.773809552192688,0.7976190447807312
2025-08,2025-08-01,2025-08-31,2023-08-01,2025-07-04,1717,2025-08-29,27,0.0030021626585314126,-0.09523802995681763,-0.15083226561546326,0.64682537317276,0.773809552192688,0.7976190447807312
2025-08,2025-08-01,2025-08-31,2023-08-01,2025-07-04,2634,2025-08-29,28,0.0030021626585314126,-0.10158732533454895,-0.15718156099319458,0.64682537317276,0.773809552192688,0.7976190447807312
2025-08,2025-08-01,2025-08-31,2023-08-01,2025-07-04,2406,2025-08-29,29,0.0030021626585314126,-0.07954545319080353,-0.13513968884944916,0.64682537317276,0.773809552192688,0.7976190447807312
2025-08,2025-08-01,2025-08-31,2023-08-01,2025-07-04,1303,2025-08-29,30,0.0030021626585314126,-0.07584597915410995,-0.13144022226333618,0.64682537317276,0.773809552192688,0.7976190447807312
2025-09,2025-09-01,2025-09-30,2023-09-01,2025-08-04,3260,2025-09-30,1,0.01832838888961528,0.2611464858055115,0.1677010953426361,0.8134920597076416,0.817460298538208,0.2142857164144516
2025-09,2025-09-01,2025-09-30,2023-09-01,2025-08-04,8028,2025-09-30,2,0.0021270223884840714,-0.04670329764485359,-0.14014869928359985,0.8134920597076416,0.817460298538208,0.2142857164144516
2025-09,2025-09-01,2025-09-30,2023-09-01,2025-08-04,3625,2025-09-30,3,0.0021270223884840714,0.08627454191446304,-0.00717085599899292,0.8134920597076416,0.817460298538208,0.2142857164144516
2025-09,2025-09-01,2025-09-30,2023-09-01,2025-08-04,6515,2025-09-30,4,0.0021270223884840714,0.14596949517726898,0.05252409726381302,0.8134920597076416,0.817460298538208,0.2142857164144516
2025-09,2025-09-01,2025-09-30,2023-09-01,2025-08-04,6739,2025-09-30,5,0.0021270223884840714,-0.11213872581720352,-0.20558412373065948,0.8134920597076416,0.817460298538208,0.2142857164144516
2025-09,2025-09-01,2025-09-30,2023-09-01,2025-08-04,8299,2025-09-30,6,0.0021270223884840714,0.5151700973510742,0.42172470688819885,0.8134920597076416,0.817460298538208,0.2142857164144516
2025-09,2025-09-01,2025-09-30,2023-09-01,2025-08-04,6510,2025-09-30,7,0.0021270223884840714,-0.19298245012760162,-0.2864278554916382,0.8134920597076416,0.817460298538208,0.2142857164144516
2025-09,2025-09-01,2025-09-30,2023-09-01,2025-08-04,4760,2025-09-30,8,0.0021270223884840714,-0.008670520037412643,-0.10211591422557831,0.8134920597076416,0.817460298538208,0.2142857164144516
2025-09,2025-09-01,2025-09-30,2023-09-01,2025-08-04,4749,2025-09-30,9,0.0021270223884840714,-0.008898776024580002,-0.10234417021274567,0.8134920597076416,0.817460298538208,0.2142857164144516
2025-09,2025-09-01,2025-09-30,2023-09-01,2025-08-04,3317,2025-09-30,10,0.0021270223884840714,0.04814812168478966,-0.045297276228666306,0.8134920597076416,0.817460298538208,0.2142857164144516
2025-09,2025-09-01,2025-09-30,2023-09-01,2025-08-04,3323,2025-09-30,11,0.0021270223884840714,-0.23018869757652283,-0.3236340880393982,0.8134920597076416,0.817460298538208,0.2142857164144516
2025-09,2025-09-01,2025-09-30,2023-09-01,2025-08-04,8271,2025-09-30,12,0.0021270223884840714,0.4275861978530884,0.334140807390213,0.8134920597076416,0.817460298538208,0.2142857164144516
2025-09,2025-09-01,2025-09-30,2023-09-01,2025-08-04,4577,2025-09-30,13,0.0021270223884840714,0.029294336214661598,-0.06415106356143951,0.8134920597076416,0.817460298538208,0.2142857164144516
2025-09,2025-09-01,2025-09-30,2023-09-01,2025-08-04,6223,2025-09-30,14,0.0021270223884840714,0.21739129722118378,0.12394589930772781,0.8134920597076416,0.817460298538208,0.2142857164144516
2025-09,2025-09-01,2025-09-30,2023-09-01,2025-08-04,6182,2025-09-30,15,0.0021270223884840714,0.027914563193917274,-0.06553083658218384,0.8134920597076416,0.817460298538208,0.2142857164144516
2025-09,2025-09-01,2025-09-30,2023-09-01,2025-08-04,3057,2025-09-30,16,0.0021270223884840714,-0.11302629113197327,-0.20647168159484863,0.8134920597076416,0.817460298538208,0.2142857164144516
2025-09,2025-09-01,2025-09-30,2023-09-01,2025-08-04,6138,2025-09-30,17,0.0021270223884840714,0.07399103045463562,-0.019454367458820343,0.8134920597076416,0.817460298538208,0.2142857164144516
2025-09,2025-09-01,2025-09-30,2023-09-01,2025-08-04,5314,2025-09-30,18,0.0021270223884840714,-0.01606425642967224,-0.1095096543431282,0.8134920597076416,0.817460298538208,0.2142857164144516
2025-09,2025-09-01,2025-09-30,2023-09-01,2025-08-04,8021,2025-09-30,19,0.0021270223884840714,0.12857143580913544,0.035126037895679474,0.8134920597076416,0.817460298538208,0.2142857164144516
2025-09,2025-09-01,2025-09-30,2023-09-01,2025-08-04,8110,2025-09-30,20,-0.002995020594522675,0.37321946024894714,0.2797740697860718,0.8134920597076416,0.817460298538208,0.2142857164144516
2025-09,2025-09-01,2025-09-30,2023-09-01,2025-08-04,3709,2025-09-30,21,-0.002995020594522675,0.07674681395292282,-0.016698583960533142,0.8134920597076416,0.817460298538208,0.2142857164144516
2025-09,2025-09-01,2025-09-30,2023-09-01,2025-08-04,4807,2025-09-30,22,-0.002995020594522675,-0.008241841569542885,-0.1016872376203537,0.8134920597076416,0.817460298538208,0.2142857164144516
2025-09,2025-09-01,2025-09-30,2023-09-01,2025-08-04,8150,2025-09-30,23,-0.002995020594522675,0.094276063144207,0.0008306652307510376,0.8134920597076416,0.817460298538208,0.2142857164144516
2025-09,2025-09-01,2025-09-30,2023-09-01,2025-08-04,6716,2025-09-30,24,-0.002995020594522675,0.13786405324935913,0.04441865533590317,0.8134920597076416,0.817460298538208,0.2142857164144516
2025-09,2025-09-01,2025-09-30,2023-09-01,2025-08-04,6485,2025-09-30,25,-0.002995020594522675,0.20552150905132294,0.11207611113786697,0.8134920597076416,0.817460298538208,0.2142857164144516
2025-09,2025-09-01,2025-09-30,2023-09-01,2025-08-04,6568,2025-09-30,26,-0.002995020594522675,-0.14885495603084564,-0.242300346493721,0.8134920597076416,0.817460298538208,0.2142857164144516
2025-09,2025-09-01,2025-09-30,2023-09-01,2025-08-04,6770,2025-09-30,27,-0.002995020594522675,0.24015749990940094,0.14671210944652557,0.8134920597076416,0.817460298538208,0.2142857164144516
2025-09,2025-09-01,2025-09-30,2023-09-01,2025-08-04,3628,2025-09-30,28,-0.002995020594522675,0.42242705821990967,0.3289816677570343,0.8134920597076416,0.817460298538208,0.2142857164144516
2025-09,2025-09-01,2025-09-30,2023-09-01,2025-08-04,6277,2025-09-30,29,-0.002995020594522675,-0.05740516632795334,-0.1508505642414093,0.8134920597076416,0.817460298538208,0.2142857164144516
2025-09,2025-09-01,2025-09-30,2023-09-01,2025-08-04,3581,2025-09-30,30,-0.002995020594522675,0.13601741194725037,0.0425720140337944,0.8134920597076416,0.817460298538208,0.2142857164144516
2025-10,2025-10-01,2025-10-31,2023-10-01,2025-09-02,2491,2025-10-31,1,0.03369022425803993,0.1718749850988388,0.19336974620819092,0.9603174328804016,0.9841269850730896,0.3055555522441864
2025-10,2025-10-01,2025-10-31,2023-10-01,2025-09-02,8210,2025-10-31,2,0.027406940588177636,0.028846153989434242,0.0503409169614315,0.9603174328804016,0.9841269850730896,0.3055555522441864
2025-10,2025-10-01,2025-10-31,2023-10-01,2025-09-02,2360,2025-10-31,3,0.022631235365648827,0.012360939756035805,0.033855702728033066,0.9603174328804016,0.9841269850730896,0.3055555522441864
2025-10,2025-10-01,2025-10-31,2023-10-01,2025-09-02,3665,2025-10-31,4,0.021262674732327107,0.15412186086177826,0.17561662197113037,0.9603174328804016,0.9841269850730896,0.3055555522441864
2025-10,2025-10-01,2025-10-31,2023-10-01,2025-09-02,3017,2025-10-31,5,0.019346974752501384,-0.0517241396009922,-0.03022937662899494,0.9603174328804016,0.9841269850730896,0.3055555522441864
2025-10,2025-10-01,2025-10-31,2023-10-01,2025-09-02,2317,2025-10-31,6,0.01893514615179016,-0.11568627506494522,-0.09419151395559311,0.9603174328804016,0.9841269850730896,0.3055555522441864
2025-10,2025-10-01,2025-10-31,2023-10-01,2025-09-02,6669,2025-10-31,7,0.01503051862499295,0.05420991778373718,0.0757046788930893,0.9603174328804016,0.9841269850730896,0.3055555522441864
2025-10,2025-10-01,2025-10-31,2023-10-01,2025-09-02,6139,2025-10-31,8,0.014368859356902037,-0.06275720149278641,-0.041262440383434296,0.9603174328804016,0.9841269850730896,0.3055555522441864
2025-10,2025-10-01,2025-10-31,2023-10-01,2025-09-02,3324,2025-10-31,9,0.014281695404125237,-0.1605633795261383,-0.1390686184167862,0.9603174328804016,0.9841269850730896,0.3055555522441864
2025-10,2025-10-01,2025-10-31,2023-10-01,2025-09-02,2607,2025-10-31,10,0.012143052065677153,0.008650518953800201,0.030145281925797462,0.9603174328804016,0.9841269850730896,0.3055555522441864
2025-10,2025-10-01,2025-10-31,2023-10-01,2025-09-02,6409,2025-10-31,11,0.010207873598698784,-0.04918032884597778,-0.027685565873980522,0.9603174328804016,0.9841269850730896,0.3055555522441864
2025-10,2025-10-01,2025-10-31,2023-10-01,2025-09-02,3628,2025-10-31,12,0.010156412473517416,-0.17849460244178772,-0.1569998413324356,0.9603174328804016,0.9841269850730896,0.3055555522441864
2025-10,2025-10-01,2025-10-31,2023-10-01,2025-09-02,3693,2025-10-31,13,0.009838177435785965,-0.21307189762592316,-0.19157713651657104,0.9603174328804016,0.9841269850730896,0.3055555522441864
2025-10,2025-10-01,2025-10-31,2023-10-01,2025-09-02,8021,2025-10-31,14,0.009425041364759102,0.13389120995998383,0.15538597106933594,0.9603174328804016,0.9841269850730896,0.3055555522441864
2025-10,2025-10-01,2025-10-31,2023-10-01,2025-09-02,3231,2025-10-31,15,0.008917056989506985,-0.036666665226221085,-0.015171903185546398,0.9603174328804016,0.9841269850730896,0.3055555522441864
2025-10,2025-10-01,2025-10-31,2023-10-01,2025-09-02,2314,2025-10-31,16,0.008490141264764066,0.10849052667617798,0.1299852877855301,0.9603174328804016,0.9841269850730896,0.3055555522441864
2025-10,2025-10-01,2025-10-31,2023-10-01,2025-09-02,2301,2025-10-31,17,0.007435279067473453,-0.11666666716337204,-0.09517190605401993,0.9603174328804016,0.9841269850730896,0.3055555522441864
2025-10,2025-10-01,2025-10-31,2023-10-01,2025-09-02,2408,2025-10-31,18,0.0072292875979086835,0.07352941483259201,0.09502417594194412,0.9603174328804016,0.9841269850730896,0.3055555522441864
2025-10,2025-10-01,2025-10-31,2023-10-01,2025-09-02,1795,2025-10-31,19,0.00538964056732282,0.03999999910593033,0.06149476021528244,0.9603174328804016,0.9841269850730896,0.3055555522441864
2025-10,2025-10-01,2025-10-31,2023-10-01,2025-09-02,5289,2025-10-31,20,0.004973382253736837,0.14501160383224487,0.16650636494159698,0.9603174328804016,0.9841269850730896,0.3055555522441864
2025-10,2025-10-01,2025-10-31,2023-10-01,2025-09-02,3260,2025-10-31,21,0.004798423870666979,-0.11249999701976776,-0.09100523591041565,0.9603174328804016,0.9841269850730896,0.3055555522441864
2025-10,2025-10-01,2025-10-31,2023-10-01,2025-09-02,3543,2025-10-31,22,0.00331798608610764,-0.08020830154418945,-0.05871354043483734,0.9603174328804016,0.9841269850730896,0.3055555522441864
2025-10,2025-10-01,2025-10-31,2023-10-01,2025-09-02,6405,2025-10-31,23,0.002402347959115873,-0.09982172399759293,-0.07832696288824081,0.9603174328804016,0.9841269850730896,0.3055555522441864
2025-10,2025-10-01,2025-10-31,2023-10-01,2025-09-02,6209,2025-10-31,24,0.0016623834774060113,0.22413787245750427,0.24563263356685638,0.9603174328804016,0.9841269850730896,0.3055555522441864
2025-10,2025-10-01,2025-10-31,2023-10-01,2025-09-02,8183,2025-10-31,25,0.0011883536753601884,-0.08755132555961609,-0.06605656445026398,0.9603174328804016,0.9841269850730896,0.3055555522441864
2025-10,2025-10-01,2025-10-31,2023-10-01,2025-09-02,6691,2025-10-31,26,0.001175039891592494,0.09110628813505173,0.11260104924440384,0.9603174328804016,0.9841269850730896,0.3055555522441864
2025-10,2025-10-01,2025-10-31,2023-10-01,2025-09-02,8111,2025-10-31,27,0.0005825886128791164,0.095238097012043,0.11673285812139511,0.9603174328804016,0.9841269850730896,0.3055555522441864
2025-10,2025-10-01,2025-10-31,2023-10-01,2025-09-02,5314,2025-10-31,28,-0.00024399153693469683,-0.08606557548046112,-0.06457081437110901,0.9603174328804016,0.9841269850730896,0.3055555522441864
2025-10,2025-10-01,2025-10-31,2023-10-01,2025-09-02,3002,2025-10-31,29,-0.0005720575451090464,0.12499997764825821,0.14649474620819092,0.9603174328804016,0.9841269850730896,0.3055555522441864
2025-10,2025-10-01,2025-10-31,2023-10-01,2025-09-02,4967,2025-10-31,30,-0.0009770006530765416,-0.03999999910593033,-0.018505236133933067,0.9603174328804016,0.9841269850730896,0.3055555522441864
2025-11,2025-11-01,2025-11-30,2023-11-01,2025-10-01,4168,2025-11-28,1,-0.00980601899556398,0.19069768488407135,0.14782540500164032,0.1944444477558136,0.5436508059501648,0.5
2025-11,2025-11-01,2025-11-30,2023-11-01,2025-10-01,4743,2025-11-28,2,-0.00980601899556398,-0.1671553999185562,-0.21002767980098724,0.1944444477558136,0.5436508059501648,0.5
2025-11,2025-11-01,2025-11-30,2023-11-01,2025-10-01,6492,2025-11-28,3,-0.00980601899556398,0.028880884870886803,-0.013991393148899078,0.1944444477558136,0.5436508059501648,0.5
2025-11,2025-11-01,2025-11-30,2023-11-01,2025-10-01,6541,2025-11-28,4,-0.00980601899556398,0.08287292718887329,0.04000064730644226,0.1944444477558136,0.5436508059501648,0.5
2025-11,2025-11-01,2025-11-30,2023-11-01,2025-10-01,6885,2025-11-28,5,-0.00980601899556398,0.027444293722510338,-0.015427984297275543,0.1944444477558136,0.5436508059501648,0.5
2025-11,2025-11-01,2025-11-30,2023-11-01,2025-10-01,2528,2025-11-28,6,-0.01016645359814011,0.0,-0.04287227988243103,0.1944444477558136,0.5436508059501648,0.5
2025-11,2025-11-01,2025-11-30,2023-11-01,2025-10-01,2382,2025-11-28,7,-0.01062267103807707,-0.07067137956619263,-0.11354365944862366,0.1944444477558136,0.5436508059501648,0.5
2025-11,2025-11-01,2025-11-30,2023-11-01,2025-10-01,2383,2025-11-28,8,-0.01062267103807707,0.10561056435108185,0.06273828446865082,0.1944444477558136,0.5436508059501648,0.5
2025-11,2025-11-01,2025-11-30,2023-11-01,2025-10-01,2385,2025-11-28,9,-0.01062267103807707,-0.02092050202190876,-0.06379278004169464,0.1944444477558136,0.5436508059501648,0.5
2025-11,2025-11-01,2025-11-30,2023-11-01,2025-10-01,3443,2025-11-28,10,-0.01062267103807707,-0.08666666597127914,-0.12953893840312958,0.1944444477558136,0.5436508059501648,0.5
2025-11,2025-11-01,2025-11-30,2023-11-01,2025-10-01,2912,2025-11-28,11,-0.01062267103807707,-0.06639004498720169,-0.10926232486963272,0.1944444477558136,0.5436508059501648,0.5
2025-11,2025-11-01,2025-11-30,2023-11-01,2025-10-01,3653,2025-11-28,12,-0.01062267103807707,-0.0538194440305233,-0.09669172018766403,0.1944444477558136,0.5436508059501648,0.5
2025-11,2025-11-01,2025-11-30,2023-11-01,2025-10-01,2915,2025-11-28,13,-0.01062267103807707,0.018248176202178,-0.02462410181760788,0.1944444477558136,0.5436508059501648,0.5
2025-11,2025-11-01,2025-11-30,2023-11-01,2025-10-01,3231,2025-11-28,14,-0.01062267103807707,0.017421603202819824,-0.025450674816966057,0.1944444477558136,0.5436508059501648,0.5
2025-11,2025-11-01,2025-11-30,2023-11-01,2025-10-01,2395,2025-11-28,15,-0.01062267103807707,-0.013769363053143024,-0.05664164200425148,0.1944444477558136,0.5436508059501648,0.5
2025-11,2025-11-01,2025-11-30,2023-11-01,2025-10-01,3583,2025-11-28,16,-0.01062267103807707,0.05678233504295349,0.01391005702316761,0.1944444477558136,0.5436508059501648,0.5
2025-11,2025-11-01,2025-11-30,2023-11-01,2025-10-01,3526,2025-11-28,17,-0.01062267103807707,0.004115226212888956,-0.03875705227255821,0.1944444477558136,0.5436508059501648,0.5
2025-11,2025-11-01,2025-11-30,2023-11-01,2025-10-01,3005,2025-11-28,18,-0.01062267103807707,-0.05976095795631409,-0.10263323783874512,0.1944444477558136,0.5436508059501648,0.5
2025-11,2025-11-01,2025-11-30,2023-11-01,2025-10-01,3090,2025-11-28,19,-0.01062267103807707,0.05079006776213646,0.007917789742350578,0.1944444477558136,0.5436508059501648,0.5
2025-11,2025-11-01,2025-11-30,2023-11-01,2025-10-01,8996,2025-11-28,20,-0.01062267103807707,0.10769230872392654,0.06482002884149551,0.1944444477558136,0.5436508059501648,0.5
2025-11,2025-11-01,2025-11-30,2023-11-01,2025-10-01,2404,2025-11-28,21,-0.01062267103807707,0.1525000035762787,0.10962772369384766,0.1944444477558136,0.5436508059501648,0.5
2025-11,2025-11-01,2025-11-30,2023-11-01,2025-10-01,3008,2025-11-28,22,-0.01062267103807707,0.13378684222698212,0.09091456234455109,0.1944444477558136,0.5436508059501648,0.5
2025-11,2025-11-01,2025-11-30,2023-11-01,2025-10-01,3010,2025-11-28,23,-0.01062267103807707,0.018691588193178177,-0.024180689826607704,0.1944444477558136,0.5436508059501648,0.5
2025-11,2025-11-01,2025-11-30,2023-11-01,2025-10-01,3356,2025-11-28,24,-0.01062267103807707,-0.011422700248658657,-0.054294977337121964,0.1944444477558136,0.5436508059501648,0.5
2025-11,2025-11-01,2025-11-30,2023-11-01,2025-10-01,2597,2025-11-28,25,-0.01062267103807707,-0.005899704992771149,-0.04877198487520218,0.1944444477558136,0.5436508059501648,0.5
2025-11,2025-11-01,2025-11-30,2023-11-01,2025-10-01,2603,2025-11-28,26,-0.01062267103807707,0.05540166050195694,0.012529382482171059,0.1944444477558136,0.5436508059501648,0.5
2025-11,2025-11-01,2025-11-30,2023-11-01,2025-10-01,3260,2025-11-28,27,-0.01062267103807707,0.3501400649547577,0.30726778507232666,0.1944444477558136,0.5436508059501648,0.5
2025-11,2025-11-01,2025-11-30,2023-11-01,2025-10-01,3014,2025-11-28,28,-0.01062267103807707,-0.0416666679084301,-0.08453894406557083,0.1944444477558136,0.5436508059501648,0.5
2025-11,2025-11-01,2025-11-30,2023-11-01,2025-10-01,3357,2025-11-28,29,-0.01062267103807707,-0.11455108225345612,-0.15742336213588715,0.1944444477558136,0.5436508059501648,0.5
2025-11,2025-11-01,2025-11-30,2023-11-01,2025-10-01,3105,2025-11-28,30,-0.01062267103807707,0.2620689570903778,0.21919667720794678,0.1944444477558136,0.5436508059501648,0.5
2025-12,2025-12-01,2025-12-31,2023-12-01,2025-11-03,3229,2025-12-31,1,0.033197982009903045,-0.17407409846782684,-0.29742443561553955,0.7063491940498352,0.5515872836112976,0.5079365372657776
2025-12,2025-12-01,2025-12-31,2023-12-01,2025-11-03,3712,2025-12-31,2,0.03318557201084554,0.08571430295705795,-0.03763603791594505,0.7063491940498352,0.5515872836112976,0.5079365372657776
2025-12,2025-12-01,2025-12-31,2023-12-01,2025-11-03,6443,2025-12-31,3,0.03091774330288008,0.37566134333610535,0.25231099128723145,0.7063491940498352,0.5515872836112976,0.5079365372657776
2025-12,2025-12-01,2025-12-31,2023-12-01,2025-11-03,3092,2025-12-31,4,0.025412557798261067,0.015624985098838806,-0.1077253594994545,0.7063491940498352,0.5515872836112976,0.5079365372657776
2025-12,2025-12-01,2025-12-31,2023-12-01,2025-11-03,2392,2025-12-31,5,0.025203307491439255,0.08086253702640533,-0.04248780384659767,0.7063491940498352,0.5515872836112976,0.5079365372657776
2025-12,2025-12-01,2025-12-31,2023-12-01,2025-11-03,3054,2025-12-31,6,0.02278649423191779,-0.05392912030220032,-0.17727945744991302,0.7063491940498352,0.5515872836112976,0.5079365372657776
2025-12,2025-12-01,2025-12-31,2023-12-01,2025-11-03,7751,2025-12-31,7,0.02254676049629246,0.0946822315454483,-0.028668111190199852,0.7063491940498352,0.5515872836112976,0.5079365372657776
2025-12,2025-12-01,2025-12-31,2023-12-01,2025-11-03,4523,2025-12-31,8,0.014328732747089635,0.029513902962207794,-0.09383644163608551,0.7063491940498352,0.5515872836112976,0.5079365372657776
2025-12,2025-12-01,2025-12-31,2023-12-01,2025-11-03,6805,2025-12-31,9,0.012863891856750553,-0.0917431190609932,-0.2150934636592865,0.7063491940498352,0.5515872836112976,0.5079365372657776
2025-12,2025-12-01,2025-12-31,2023-12-01,2025-11-03,2404,2025-12-31,10,0.01270210983429181,0.0,-0.1233503445982933,0.7063491940498352,0.5515872836112976,0.5079365372657776
2025-12,2025-12-01,2025-12-31,2023-12-01,2025-11-03,4989,2025-12-31,11,0.011108764378235252,0.09293680638074875,-0.030413536354899406,0.7063491940498352,0.5515872836112976,0.5079365372657776
2025-12,2025-12-01,2025-12-31,2023-12-01,2025-11-03,2345,2025-12-31,12,0.010819781993012853,-0.016806723549962044,-0.1401570588350296,0.7063491940498352,0.5515872836112976,0.5079365372657776
2025-12,2025-12-01,2025-12-31,2023-12-01,2025-11-03,2360,2025-12-31,13,0.009859970917678299,0.289707750082016,0.16635741293430328,0.7063491940498352,0.5515872836112976,0.5079365372657776
2025-12,2025-12-01,2025-12-31,2023-12-01,2025-11-03,6139,2025-12-31,14,0.008844575156133504,0.1083032488822937,-0.01504709292203188,0.7063491940498352,0.5515872836112976,0.5079365372657776
2025-12,2025-12-01,2025-12-31,2023-12-01,2025-11-03,5498,2025-12-31,15,0.008492941443089494,0.21941746771335602,0.09606712311506271,0.7063491940498352,0.5515872836112976,0.5079365372657776
2025-12,2025-12-01,2025-12-31,2023-12-01,2025-11-03,4967,2025-12-31,16,0.008189606742309197,0.3131578862667084,0.18980754911899567,0.7063491940498352,0.5515872836112976,0.5079365372657776
2025-12,2025-12-01,2025-12-31,2023-12-01,2025-11-03,6669,2025-12-31,17,0.007007134081566878,-0.18061673641204834,-0.30396708846092224,0.7063491940498352,0.5515872836112976,0.5079365372657776
2025-12,2025-12-01,2025-12-31,2023-12-01,2025-11-03,3017,2025-12-31,18,0.006383680253504574,-0.026058631017804146,-0.1494089663028717,0.7063491940498352,0.5515872836112976,0.5079365372657776
2025-12,2025-12-01,2025-12-31,2023-12-01,2025-11-03,8131,2025-12-31,19,0.006338115853626497,0.16741399466991425,0.04406365379691124,0.7063491940498352,0.5515872836112976,0.5079365372657776
2025-12,2025-12-01,2025-12-31,2023-12-01,2025-11-03,1560,2025-12-31,20,0.005250475410922949,0.06716418266296387,-0.05618615821003914,0.7063491940498352,0.5515872836112976,0.5079365372657776
2025-12,2025-12-01,2025-12-31,2023-12-01,2025-11-03,6691,2025-12-31,21,0.004337626044371187,0.08495575189590454,-0.038394588977098465,0.7063491940498352,0.5515872836112976,0.5079365372657776
2025-12,2025-12-01,2025-12-31,2023-12-01,2025-11-03,3443,2025-12-31,22,0.003660726382614523,0.2362385392189026,0.11288819462060928,0.7063491940498352,0.5515872836112976,0.5079365372657776
2025-12,2025-12-01,2025-12-31,2023-12-01,2025-11-03,8210,2025-12-31,23,0.001775413647770017,-0.07000000029802322,-0.19335034489631653,0.7063491940498352,0.5515872836112976,0.5079365372657776
2025-12,2025-12-01,2025-12-31,2023-12-01,2025-11-03,5274,2025-12-31,24,0.0017246382036534109,0.28305783867836,0.15970750153064728,0.7063491940498352,0.5515872836112976,0.5079365372657776
2025-12,2025-12-01,2025-12-31,2023-12-01,2025-11-03,2498,2025-12-31,25,0.0014741427542136886,-0.08726175874471664,-0.21061210334300995,0.7063491940498352,0.5515872836112976,0.5079365372657776
2025-12,2025-12-01,2025-12-31,2023-12-01,2025-11-03,2383,2025-12-31,26,0.001357430991907265,0.08157099783420563,-0.04177934303879738,0.7063491940498352,0.5515872836112976,0.5079365372657776
2025-12,2025-12-01,2025-12-31,2023-12-01,2025-11-03,2059,2025-12-31,27,0.0011856455780299968,-0.14533333480358124,-0.26868367195129395,0.7063491940498352,0.5515872836112976,0.5079365372657776
2025-12,2025-12-01,2025-12-31,2023-12-01,2025-11-03,8110,2025-12-31,28,0.0007899947463919645,0.35910648107528687,0.23575614392757416,0.7063491940498352,0.5515872836112976,0.5079365372657776
2025-12,2025-12-01,2025-12-31,2023-12-01,2025-11-03,3665,2025-12-31,29,0.00044668295150541754,-0.10491803288459778,-0.22826837003231049,0.7063491940498352,0.5515872836112976,0.5079365372657776
2025-12,2025-12-01,2025-12-31,2023-12-01,2025-11-03,4707,2025-12-31,30,0.00024641114309315943,-0.01463410910218954,-0.13798445463180542,0.7063491940498352,0.5515872836112976,0.5079365372657776
2026-01,2026-01-01,2026-01-31,2024-01-01,2025-12-03,3234,2026-01-30,1,0.01573883485539922,0.40344831347465515,0.33949941396713257,0.9642857313156128,0.9960317611694336,0.6071428656578064
2026-01,2026-01-01,2026-01-31,2024-01-01,2025-12-03,6426,2026-01-30,2,0.01573883485539922,0.08536585420370102,0.021416958421468735,0.9642857313156128,0.9960317611694336,0.6071428656578064
2026-01,2026-01-01,2026-01-31,2024-01-01,2025-12-03,6588,2026-01-30,3,0.01573883485539922,0.16837480664253235,0.10442591458559036,0.9642857313156128,0.9960317611694336,0.6071428656578064
2026-01,2026-01-01,2026-01-31,2024-01-01,2025-12-03,4971,2026-01-30,4,0.011531165311899811,0.24418604373931885,0.18023714423179626,0.9642857313156128,0.9960317611694336,0.6071428656578064
2026-01,2026-01-01,2026-01-31,2024-01-01,2025-12-03,3555,2026-01-30,5,0.010961445367315787,0.12083332985639572,0.05688443407416344,0.9642857313156128,0.9960317611694336,0.6071428656578064
2026-01,2026-01-01,2026-01-31,2024-01-01,2025-12-03,5302,2026-01-30,6,0.009748671417953984,-0.013100403361022472,-0.07704930007457733,0.9642857313156128,0.9960317611694336,0.6071428656578064
2026-01,2026-01-01,2026-01-31,2024-01-01,2025-12-03,6465,2026-01-30,7,0.005482269781193896,-0.06043161079287529,-0.12438050657510757,0.9642857313156128,0.9960317611694336,0.6071428656578064
2026-01,2026-01-01,2026-01-31,2024-01-01,2025-12-03,1303,2026-01-30,8,0.0030488343876421188,0.10455768555402756,0.04060878977179527,0.9642857313156128,0.9960317611694336,0.6071428656578064
2026-01,2026-01-01,2026-01-31,2024-01-01,2025-12-03,1802,2026-01-30,9,0.0019974076175007204,0.23143164813518524,0.16748274862766266,0.9642857313156128,0.9960317611694336,0.6071428656578064
2026-01,2026-01-01,2026-01-31,2024-01-01,2025-12-03,5864,2026-01-30,10,0.0018239697473431595,0.05319149047136307,-0.010757405310869217,0.9642857313156128,0.9960317611694336,0.6071428656578064
2026-01,2026-01-01,2026-01-31,2024-01-01,2025-12-03,6021,2026-01-30,11,0.0016264979881283337,0.03955690190196037,-0.02439199388027191,0.9642857313156128,0.9960317611694336,0.6071428656578064
2026-01,2026-01-01,2026-01-31,2024-01-01,2025-12-03,1326,2026-01-30,12,0.00018692644249449278,0.05896512046456337,-0.004983775317668915,0.9642857313156128,0.9960317611694336,0.6071428656578064
2026-01,2026-01-01,2026-01-31,2024-01-01,2025-12-03,1809,2026-01-30,13,0.00018140297728491396,0.026694029569625854,-0.03725486621260643,0.9642857313156128,0.9960317611694336,0.6071428656578064
2026-01,2026-01-01,2026-01-31,2024-01-01,2025-12-03,1312,2026-01-30,14,7.899887522887336e-05,0.01886792480945587,-0.04508097097277641,0.9642857313156128,0.9960317611694336,0.6071428656578064
2026-01,2026-01-01,2026-01-31,2024-01-01,2025-12-03,6015,2026-01-30,15,-0.00012715572575443062,-0.021276608109474182,-0.08522550016641617,0.9642857313156128,0.9960317611694336,0.6071428656578064
2026-01,2026-01-01,2026-01-31,2024-01-01,2025-12-03,4127,2026-01-30,16,-0.001523710929553319,-0.11694514006376266,-0.18089403212070465,0.9642857313156128,0.9960317611694336,0.6071428656578064
2026-01,2026-01-01,2026-01-31,2024-01-01,2025-12-03,6919,2026-01-30,17,-0.002075205572896074,-0.18429003655910492,-0.2482389360666275,0.9642857313156128,0.9960317611694336,0.6071428656578064
2026-01,2026-01-01,2026-01-31,2024-01-01,2025-12-03,2314,2026-01-30,18,-0.002228121401469621,-0.16627079248428345,-0.23021969199180603,0.9642857313156128,0.9960317611694336,0.6071428656578064
2026-01,2026-01-01,2026-01-31,2024-01-01,2025-12-03,6016,2026-01-30,19,-0.0024193437263180305,0.06363631784915924,-0.00031257790396921337,0.9642857313156128,0.9960317611694336,0.6071428656578064
2026-01,2026-01-01,2026-01-31,2024-01-01,2025-12-03,3135,2026-01-30,20,-0.003285454811216498,0.01315789483487606,-0.050790999084711075,0.9642857313156128,0.9960317611694336,0.6071428656578064
2026-01,2026-01-01,2026-01-31,2024-01-01,2025-12-03,3081,2026-01-30,21,-0.0032961895378564835,0.5981500744819641,0.5342012047767639,0.9642857313156128,0.9960317611694336,0.6071428656578064
2026-01,2026-01-01,2026-01-31,2024-01-01,2025-12-03,7751,2026-01-30,22,-0.0034829265704313245,0.593137264251709,0.5291883945465088,0.9642857313156128,0.9960317611694336,0.6071428656578064
2026-01,2026-01-01,2026-01-31,2024-01-01,2025-12-03,3163,2026-01-30,23,-0.0034936612970713097,0.7701149582862854,0.7061660885810852,0.9642857313156128,0.9960317611694336,0.6071428656578064
2026-01,2026-01-01,2026-01-31,2024-01-01,2025-12-03,4168,2026-01-30,24,-0.0035941621866739664,-0.15000000596046448,-0.21394890546798706,0.9642857313156128,0.9960317611694336,0.6071428656578064
2026-01,2026-01-01,2026-01-31,2024-01-01,2025-12-03,6492,2026-01-30,25,-0.0035941621866739664,-0.18048778176307678,-0.24443668127059937,0.9642857313156128,0.9960317611694336,0.6071428656578064
2026-01,2026-01-01,2026-01-31,2024-01-01,2025-12-03,2855,2026-01-30,26,-0.00462367591286356,0.06065857782959938,-0.003290317952632904,0.9642857313156128,0.9960317611694336,0.6071428656578064
2026-01,2026-01-01,2026-01-31,2024-01-01,2025-12-03,6005,2026-01-30,27,-0.004666189727274684,-0.04384483024477959,-0.10779372602701187,0.9642857313156128,0.9960317611694336,0.6071428656578064
2026-01,2026-01-01,2026-01-31,2024-01-01,2025-12-03,3017,2026-01-30,28,-0.004742874454475973,0.2916666567325592,0.22771775722503662,0.9642857313156128,0.9960317611694336,0.6071428656578064
2026-01,2026-01-01,2026-01-31,2024-01-01,2025-12-03,6442,2026-01-30,29,-0.0049403462136907985,0.037249282002449036,-0.02669961377978325,0.9642857313156128,0.9960317611694336,0.6071428656578064
2026-01,2026-01-01,2026-01-31,2024-01-01,2025-12-03,6285,2026-01-30,30,-0.005908426352387859,-0.14173229038715363,-0.2056811898946762,0.9642857313156128,0.9960317611694336,0.6071428656578064
2026-02,2026-02-01,2026-02-28,2024-02-01,2026-01-05,6443,2026-02-26,1,0.1770341198054801,0.0044643026776611805,0.0694630816578865,0.9484127163887024,1.0,0.369047611951828
2026-02,2026-02-01,2026-02-28,2024-02-01,2026-01-05,6265,2026-02-26,2,0.14118586758567095,0.023936212062835693,0.088934987783432,0.9484127163887024,1.0,0.369047611951828
2026-02,2026-02-01,2026-02-28,2024-02-01,2026-01-05,2337,2026-02-26,3,0.13377153450368415,0.18483412265777588,0.2498328983783722,0.9484127163887024,1.0,0.369047611951828
2026-02,2026-02-01,2026-02-28,2024-02-01,2026-01-05,2408,2026-02-26,4,0.12215044105253975,-0.18097014725208282,-0.11597137153148651,0.9484127163887024,1.0,0.369047611951828
2026-02,2026-02-01,2026-02-28,2024-02-01,2026-01-05,3135,2026-02-26,5,0.10296868996820967,-0.07203389704227448,-0.0070351199246943,0.9484127163887024,1.0,0.369047611951828
2026-02,2026-02-01,2026-02-28,2024-02-01,2026-01-05,3006,2026-02-26,6,0.1028148867688692,0.15436241030693054,0.21936118602752686,0.9484127163887024,1.0,0.369047611951828
2026-02,2026-02-01,2026-02-28,2024-02-01,2026-01-05,6770,2026-02-26,7,0.1022778061741061,-0.17086835205554962,-0.10586957633495331,0.9484127163887024,1.0,0.369047611951828
2026-02,2026-02-01,2026-02-28,2024-02-01,2026-01-05,2367,2026-02-26,8,0.10003139093871476,0.2819671630859375,0.3469659388065338,0.9484127163887024,1.0,0.369047611951828
2026-02,2026-02-01,2026-02-28,2024-02-01,2026-01-05,5475,2026-02-26,9,0.09934032464445934,0.03140096738934517,0.09639974683523178,0.9484127163887024,1.0,0.369047611951828
2026-02,2026-02-01,2026-02-28,2024-02-01,2026-01-05,5498,2026-02-26,10,0.09174665515130602,-0.06644517928361893,-0.001446401933208108,0.9484127163887024,1.0,0.369047611951828
2026-02,2026-02-01,2026-02-28,2024-02-01,2026-01-05,6282,2026-02-26,11,0.0861126691563211,-0.01807224377989769,0.046926531940698624,0.9484127163887024,1.0,0.369047611951828
2026-02,2026-02-01,2026-02-28,2024-02-01,2026-01-05,1528,2026-02-26,12,0.08539794875957835,0.14898425340652466,0.21398302912712097,0.9484127163887024,1.0,0.369047611951828
2026-02,2026-02-01,2026-02-28,2024-02-01,2026-01-05,3149,2026-02-26,13,0.08476570666581443,-0.07999999821186066,-0.015001220628619194,0.9484127163887024,1.0,0.369047611951828
2026-02,2026-02-01,2026-02-28,2024-02-01,2026-01-05,3105,2026-02-26,14,0.08373548201870373,0.15558911859989166,0.22058789432048798,0.9484127163887024,1.0,0.369047611951828
2026-02,2026-02-01,2026-02-28,2024-02-01,2026-01-05,4989,2026-02-26,15,0.08197718986831334,0.03691812604665756,0.10191690176725388,0.9484127163887024,1.0,0.369047611951828
2026-02,2026-02-01,2026-02-28,2024-02-01,2026-01-05,2413,2026-02-26,16,0.08099625613632112,0.03731343522667885,0.10231221467256546,0.9484127163887024,1.0,0.369047611951828
2026-02,2026-02-01,2026-02-28,2024-02-01,2026-01-05,3481,2026-02-26,17,0.07968220145209313,-0.027451010420918465,0.037547767162323,0.9484127163887024,1.0,0.369047611951828
2026-02,2026-02-01,2026-02-28,2024-02-01,2026-01-05,3555,2026-02-26,18,0.07828724228093063,0.15037593245506287,0.21537470817565918,0.9484127163887024,1.0,0.369047611951828
2026-02,2026-02-01,2026-02-28,2024-02-01,2026-01-05,6152,2026-02-26,19,0.07759775041514588,0.05263155698776245,0.11763033270835876,0.9484127163887024,1.0,0.369047611951828
2026-02,2026-02-01,2026-02-28,2024-02-01,2026-01-05,2344,2026-02-26,20,0.07625824783074726,-0.19652172923088074,-0.13152295351028442,0.9484127163887024,1.0,0.369047611951828
2026-02,2026-02-01,2026-02-28,2024-02-01,2026-01-05,6127,2026-02-26,21,0.07033016492273676,0.12972970306873322,0.19472847878932953,0.9484127163887024,1.0,0.369047611951828
2026-02,2026-02-01,2026-02-28,2024-02-01,2026-01-05,3092,2026-02-26,22,0.06971092022724462,-0.1314285844564438,-0.06642980873584747,0.9484127163887024,1.0,0.369047611951828
2026-02,2026-02-01,2026-02-28,2024-02-01,2026-01-05,6217,2026-02-26,23,0.06913399795113086,0.7864077687263489,0.8514065742492676,0.9484127163887024,1.0,0.369047611951828
2026-02,2026-02-01,2026-02-28,2024-02-01,2026-01-05,2353,2026-02-26,24,0.06860885610897151,0.01858736015856266,0.08358613401651382,0.9484127163887024,1.0,0.369047611951828
2026-02,2026-02-01,2026-02-28,2024-02-01,2026-01-05,5291,2026-02-26,25,0.06731646595775521,0.40110915899276733,0.46610793471336365,0.9484127163887024,1.0,0.369047611951828
2026-02,2026-02-01,2026-02-28,2024-02-01,2026-01-05,6134,2026-02-26,26,0.06689928890725809,-0.049839265644550323,0.01515951193869114,0.9484127163887024,1.0,0.369047611951828
2026-02,2026-02-01,2026-02-28,2024-02-01,2026-01-05,3049,2026-02-26,27,0.06587446072209656,0.23786406219005585,0.30286285281181335,0.9484127163887024,1.0,0.369047611951828
2026-02,2026-02-01,2026-02-28,2024-02-01,2026-01-05,5351,2026-02-26,28,0.06565802147920391,0.2862318754196167,0.351230651140213,0.9484127163887024,1.0,0.369047611951828
2026-02,2026-02-01,2026-02-28,2024-02-01,2026-01-05,2460,2026-02-26,29,0.06493586237663626,-0.15878380835056305,-0.09378503262996674,0.9484127163887024,1.0,0.369047611951828
2026-02,2026-02-01,2026-02-28,2024-02-01,2026-01-05,6220,2026-02-26,30,0.06319660555395709,-0.07058822363615036,-0.005589446518570185,0.9484127163887024,1.0,0.369047611951828
2026-03,2026-03-01,2026-03-31,2024-03-01,2026-01-21,5016,2026-03-31,1,0.16436563463457535,-0.0987868383526802,-0.32586631178855896,0.0714285746216774,0.190476194024086,0.3888888955116272
2026-03,2026-03-01,2026-03-31,2024-03-01,2026-01-21,8415,2026-03-31,2,0.15531904411486408,-0.01605837233364582,-0.24313783645629883,0.0714285746216774,0.190476194024086,0.3888888955116272
2026-03,2026-03-01,2026-03-31,2024-03-01,2026-01-21,5475,2026-03-31,3,0.1373618577605716,0.642201840877533,0.4151223599910736,0.0714285746216774,0.190476194024086,0.3888888955116272
2026-03,2026-03-01,2026-03-31,2024-03-01,2026-01-21,6167,2026-03-31,4,0.12534474227415365,-0.10294121503829956,-0.3300206959247589,0.0714285746216774,0.190476194024086,0.3888888955116272
2026-03,2026-03-01,2026-03-31,2024-03-01,2026-01-21,4991,2026-03-31,5,0.11179512699861813,0.6289156675338745,0.40183618664741516,0.0714285746216774,0.190476194024086,0.3888888955116272
2026-03,2026-03-01,2026-03-31,2024-03-01,2026-01-21,2243,2026-03-31,6,0.10556673959507439,0.2853773236274719,0.05829785391688347,0.0714285746216774,0.190476194024086,0.3888888955116272
2026-03,2026-03-01,2026-03-31,2024-03-01,2026-01-21,6141,2026-03-31,7,0.0967715692090783,0.5853658318519592,0.3582863509654999,0.0714285746216774,0.190476194024086,0.3888888955116272
2026-03,2026-03-01,2026-03-31,2024-03-01,2026-01-21,4768,2026-03-31,8,0.09598782786446632,0.08043478429317474,-0.1466446816921234,0.0714285746216774,0.190476194024086,0.3888888955116272
2026-03,2026-03-01,2026-03-31,2024-03-01,2026-01-21,3576,2026-03-31,9,0.09329767931937688,-0.2951542139053345,-0.5222336649894714,0.0714285746216774,0.190476194024086,0.3888888955116272
2026-03,2026-03-01,2026-03-31,2024-03-01,2026-01-21,3006,2026-03-31,10,0.09000339171748149,0.06940063089132309,-0.15767884254455566,0.0714285746216774,0.190476194024086,0.3888888955116272
2026-03,2026-03-01,2026-03-31,2024-03-01,2026-01-21,3163,2026-03-31,11,0.08541253841413105,0.3221709132194519,0.09509144723415375,0.0714285746216774,0.190476194024086,0.3888888955116272
2026-03,2026-03-01,2026-03-31,2024-03-01,2026-01-21,2485,2026-03-31,12,0.08502001495797139,-0.30119046568870544,-0.5282699465751648,0.0714285746216774,0.190476194024086,0.3888888955116272
2026-03,2026-03-01,2026-03-31,2024-03-01,2026-01-21,4971,2026-03-31,13,0.07285156459363948,0.36379310488700867,0.1367136389017105,0.0714285746216774,0.190476194024086,0.3888888955116272
2026-03,2026-03-01,2026-03-31,2024-03-01,2026-01-21,3092,2026-03-31,14,0.07172126526292999,0.11498254537582397,-0.11209692060947418,0.0714285746216774,0.190476194024086,0.3888888955116272
2026-03,2026-03-01,2026-03-31,2024-03-01,2026-01-21,3363,2026-03-31,15,0.06837997434724953,0.29679596424102783,0.06971649825572968,0.0714285746216774,0.190476194024086,0.3888888955116272
2026-03,2026-03-01,2026-03-31,2024-03-01,2026-01-21,3081,2026-03-31,16,0.06827825535314824,0.5575221180915833,0.3304426372051239,0.0714285746216774,0.190476194024086,0.3888888955116272
2026-03,2026-03-01,2026-03-31,2024-03-01,2026-01-21,3508,2026-03-31,17,0.06823616751260571,-0.44336172938346863,-0.670441210269928,0.0714285746216774,0.190476194024086,0.3888888955116272
2026-03,2026-03-01,2026-03-31,2024-03-01,2026-01-21,8289,2026-03-31,18,0.06739959870808175,0.16881442070007324,-0.05826504901051521,0.0714285746216774,0.190476194024086,0.3888888955116272
2026-03,2026-03-01,2026-03-31,2024-03-01,2026-01-21,6443,2026-03-31,19,0.06584217689601297,-0.17406544089317322,-0.40114492177963257,0.0714285746216774,0.190476194024086,0.3888888955116272
2026-03,2026-03-01,2026-03-31,2024-03-01,2026-01-21,5498,2026-03-31,20,0.06555771146072463,0.3315315544605255,0.10445208847522736,0.0714285746216774,0.190476194024086,0.3888888955116272
2026-03,2026-03-01,2026-03-31,2024-03-01,2026-01-21,1711,2026-03-31,21,0.05757256468176876,0.4829396903514862,0.25586020946502686,0.0714285746216774,0.190476194024086,0.3888888955116272
2026-03,2026-03-01,2026-03-31,2024-03-01,2026-01-21,6588,2026-03-31,22,0.05736499812225342,0.06037735939025879,-0.16670210659503937,0.0714285746216774,0.190476194024086,0.3888888955116272
2026-03,2026-03-01,2026-03-31,2024-03-01,2026-01-21,4542,2026-03-31,23,0.05476207209073317,0.18100890517234802,-0.04607056453824043,0.0714285746216774,0.190476194024086,0.3888888955116272
2026-03,2026-03-01,2026-03-31,2024-03-01,2026-01-21,3037,2026-03-31,24,0.05366590878154724,0.8243801593780518,0.5973007082939148,0.0714285746216774,0.190476194024086,0.3888888955116272
2026-03,2026-03-01,2026-03-31,2024-03-01,2026-01-21,6830,2026-03-31,25,0.052874320053772544,0.6831682920455933,0.4560888111591339,0.0714285746216774,0.190476194024086,0.3888888955116272
2026-03,2026-03-01,2026-03-31,2024-03-01,2026-01-21,5351,2026-03-31,26,0.049644816173532294,0.02496335655450821,-0.20211611688137054,0.0714285746216774,0.190476194024086,0.3888888955116272
2026-03,2026-03-01,2026-03-31,2024-03-01,2026-01-21,4166,2026-03-31,27,0.049363700570798294,0.013752395287156105,-0.2133270800113678,0.0714285746216774,0.190476194024086,0.3888888955116272
2026-03,2026-03-01,2026-03-31,2024-03-01,2026-01-21,3105,2026-03-31,28,0.04847478929447255,0.42933332920074463,0.20225386321544647,0.0714285746216774,0.190476194024086,0.3888888955116272
2026-03,2026-03-01,2026-03-31,2024-03-01,2026-01-21,2406,2026-03-31,29,0.0477551548652103,-0.11449277400970459,-0.34157225489616394,0.0714285746216774,0.190476194024086,0.3888888955116272
2026-03,2026-03-01,2026-03-31,2024-03-01,2026-01-21,4989,2026-03-31,30,0.04689435297002486,0.6715976595878601,0.44451817870140076,0.0714285746216774,0.190476194024086,0.3888888955116272
2026-04,2026-04-01,2026-04-30,2024-04-01,2026-03-04,6683,2026-04-30,1,0.06876419212738022,-0.2869378924369812,-0.43609824776649475,1.0,0.9722222089767456,0.7976190447807312
2026-04,2026-04-01,2026-04-30,2024-04-01,2026-03-04,7751,2026-04-30,2,0.05660642901211678,-0.25840336084365845,-0.407563716173172,1.0,0.9722222089767456,0.7976190447807312
2026-04,2026-04-01,2026-04-30,2024-04-01,2026-03-04,5475,2026-04-30,3,0.05392097652868651,-0.2702702581882477,-0.41943061351776123,1.0,0.9722222089767456,0.7976190447807312
2026-04,2026-04-01,2026-04-30,2024-04-01,2026-03-04,5274,2026-04-30,4,0.052909661171245445,0.09064748138189316,-0.05851287394762039,1.0,0.9722222089767456,0.7976190447807312
2026-04,2026-04-01,2026-04-30,2024-04-01,2026-03-04,1725,2026-04-30,5,0.05076558197631037,0.04193545877933502,-0.10722489655017853,1.0,0.9722222089767456,0.7976190447807312
2026-04,2026-04-01,2026-04-30,2024-04-01,2026-03-04,2360,2026-04-30,6,0.03989679598824428,0.11258278042078018,-0.03657757490873337,1.0,0.9722222089767456,0.7976190447807312
2026-04,2026-04-01,2026-04-30,2024-04-01,2026-03-04,6515,2026-04-30,7,0.03898052328005943,-0.19768518209457397,-0.3468455374240875,1.0,0.9722222089767456,0.7976190447807312
2026-04,2026-04-01,2026-04-30,2024-04-01,2026-03-04,3576,2026-04-30,8,0.037818250810574106,0.1468750238418579,-0.0022853324189782143,1.0,0.9722222089767456,0.7976190447807312
2026-04,2026-04-01,2026-04-30,2024-04-01,2026-03-04,6830,2026-04-30,9,0.03367068886176364,-0.2748663127422333,-0.4240266680717468,1.0,0.9722222089767456,0.7976190447807312
2026-04,2026-04-01,2026-04-30,2024-04-01,2026-03-04,5289,2026-04-30,10,0.031538261811762634,0.40310078859329224,0.2539404332637787,1.0,0.9722222089767456,0.7976190447807312
2026-04,2026-04-01,2026-04-30,2024-04-01,2026-03-04,6739,2026-04-30,11,0.03126857794988325,-0.1423611044883728,-0.29152145981788635,1.0,0.9722222089767456,0.7976190447807312
2026-04,2026-04-01,2026-04-30,2024-04-01,2026-03-04,7734,2026-04-30,12,0.02894603285676687,0.035211268812417984,-0.11394909024238586,1.0,0.9722222089767456,0.7976190447807312
2026-04,2026-04-01,2026-04-30,2024-04-01,2026-03-04,3081,2026-04-30,13,0.028430907719229334,-0.06440071761608124,-0.2135610729455948,1.0,0.9722222089767456,0.7976190447807312
2026-04,2026-04-01,2026-04-30,2024-04-01,2026-03-04,4991,2026-04-30,14,0.028383608290927283,-0.001367989112623036,-0.15052834153175354,1.0,0.9722222089767456,0.7976190447807312
2026-04,2026-04-01,2026-04-30,2024-04-01,2026-03-04,3529,2026-04-30,15,0.026433989486317526,-0.12787723541259766,-0.2770375907421112,1.0,0.9722222089767456,0.7976190447807312
2026-04,2026-04-01,2026-04-30,2024-04-01,2026-03-04,3163,2026-04-30,16,0.026142693880904608,-0.17928287386894226,-0.3284432291984558,1.0,0.9722222089767456,0.7976190447807312
2026-04,2026-04-01,2026-04-30,2024-04-01,2026-03-04,1304,2026-04-30,17,0.025300002589706945,-0.1191336140036583,-0.26829397678375244,1.0,0.9722222089767456,0.7976190447807312
2026-04,2026-04-01,2026-04-30,2024-04-01,2026-03-04,6141,2026-04-30,18,0.024940193891111857,0.3731343150138855,0.22397395968437195,1.0,0.9722222089767456,0.7976190447807312
2026-04,2026-04-01,2026-04-30,2024-04-01,2026-03-04,3491,2026-04-30,19,0.02425121197201665,0.35384616255760193,0.20468580722808838,1.0,0.9722222089767456,0.7976190447807312
2026-04,2026-04-01,2026-04-30,2024-04-01,2026-03-04,6187,2026-04-30,20,0.02117259996146212,-0.10756972432136536,-0.2567300796508789,1.0,0.9722222089767456,0.7976190447807312
2026-04,2026-04-01,2026-04-30,2024-04-01,2026-03-04,3234,2026-04-30,21,0.018665891601775116,-0.07692307978868484,-0.226083442568779,1.0,0.9722222089767456,0.7976190447807312
2026-04,2026-04-01,2026-04-30,2024-04-01,2026-03-04,3131,2026-04-30,22,0.018627136818713818,0.1442786008119583,-0.004881755448877811,1.0,0.9722222089767456,0.7976190447807312
2026-04,2026-04-01,2026-04-30,2024-04-01,2026-03-04,6223,2026-04-30,23,0.01689996426529525,0.1908091902732849,0.04164883494377136,1.0,0.9722222089767456,0.7976190447807312
2026-04,2026-04-01,2026-04-30,2024-04-01,2026-03-04,6706,2026-04-30,24,0.01660551469713876,0.23795180022716522,0.08879144489765167,1.0,0.9722222089767456,0.7976190447807312
2026-04,2026-04-01,2026-04-30,2024-04-01,2026-03-04,3443,2026-04-30,25,0.01577210056782788,0.01965065486729145,-0.12950970232486725,1.0,0.9722222089767456,0.7976190447807312
2026-04,2026-04-01,2026-04-30,2024-04-01,2026-03-04,3324,2026-04-30,26,0.01521808559403004,-0.08189655095338821,-0.23105691373348236,1.0,0.9722222089767456,0.7976190447807312
2026-04,2026-04-01,2026-04-30,2024-04-01,2026-03-04,3017,2026-04-30,27,0.01473547246044098,-0.08732876926660538,-0.23648913204669952,1.0,0.9722222089767456,0.7976190447807312
2026-04,2026-04-01,2026-04-30,2024-04-01,2026-03-04,3665,2026-04-30,28,0.014131137710621175,-0.2932203412055969,-0.4423806965351105,1.0,0.9722222089767456,0.7976190447807312
2026-04,2026-04-01,2026-04-30,2024-04-01,2026-03-04,6658,2026-04-30,29,0.013927020642432097,0.4239482283592224,0.27478787302970886,1.0,0.9722222089767456,0.7976190447807312
2026-04,2026-04-01,2026-04-30,2024-04-01,2026-03-04,3498,2026-04-30,30,0.013299580755606154,0.6413043737411499,0.49214401841163635,1.0,0.9722222089767456,0.7976190447807312
2026-05,2026-05-01,2026-05-31,2024-05-01,2026-04-01,3583,2026-05-08,1,-0.0022855411913179514,0.08500000089406967,0.0016665473813191056,0.9801587462425232,1.0,0.7658730149269104
2026-05,2026-05-01,2026-05-31,2024-05-01,2026-04-01,8210,2026-05-08,2,-0.0022855411913179514,-0.05841924250125885,-0.141752690076828,0.9801587462425232,1.0,0.7658730149269104
2026-05,2026-05-01,2026-05-31,2024-05-01,2026-04-01,2360,2026-05-08,3,-0.0022855411913179514,0.16063348948955536,0.07730003446340561,0.9801587462425232,1.0,0.7658730149269104
2026-05,2026-05-01,2026-05-31,2024-05-01,2026-04-01,3533,2026-05-08,4,-0.0022855411913179514,-0.11753731220960617,-0.20087076723575592,0.9801587462425232,1.0,0.7658730149269104
2026-05,2026-05-01,2026-05-31,2024-05-01,2026-04-01,6669,2026-05-08,5,-0.0022855411913179514,0.06994328647851944,-0.01339016668498516,0.9801587462425232,1.0,0.7658730149269104
2026-05,2026-05-01,2026-05-31,2024-05-01,2026-04-01,6789,2026-05-08,6,-0.0022855411913179514,-0.1492537260055542,-0.23258717358112335,0.9801587462425232,1.0,0.7658730149269104
2026-05,2026-05-01,2026-05-31,2024-05-01,2026-04-01,1590,2026-05-08,7,-0.0022855411913179514,-0.1428571492433548,-0.22619059681892395,0.9801587462425232,1.0,0.7658730149269104
2026-05,2026-05-01,2026-05-31,2024-05-01,2026-04-01,4958,2026-05-08,8,-0.0022855411913179514,0.24444444477558136,0.1611109972000122,0.9801587462425232,1.0,0.7658730149269104
2026-05,2026-05-01,2026-05-31,2024-05-01,2026-04-01,3017,2026-05-08,9,-0.0022855411913179514,0.046277664601802826,-0.037055790424346924,0.9801587462425232,1.0,0.7658730149269104
2026-05,2026-05-01,2026-05-31,2024-05-01,2026-04-01,3665,2026-05-08,10,-0.0022855411913179514,-0.16981132328510284,-0.253144770860672,0.9801587462425232,1.0,0.7658730149269104
2026-05,2026-05-01,2026-05-31,2024-05-01,2026-04-01,3661,2026-05-08,11,-0.0022855411913179514,-0.17596153914928436,-0.2592949867248535,0.9801587462425232,1.0,0.7658730149269104
2026-05,2026-05-01,2026-05-31,2024-05-01,2026-04-01,3443,2026-05-08,12,-0.0022855411913179514,-0.16792452335357666,-0.251257985830307,0.9801587462425232,1.0,0.7658730149269104
2026-05,2026-05-01,2026-05-31,2024-05-01,2026-04-01,6715,2026-05-08,13,-0.0022855411913179514,-0.024719100445508957,-0.10805255174636841,0.9801587462425232,1.0,0.7658730149269104
2026-05,2026-05-01,2026-05-31,2024-05-01,2026-04-01,2467,2026-05-08,14,-0.0022855411913179514,0.07011070102453232,-0.013222752138972282,0.9801587462425232,1.0,0.7658730149269104
2026-05,2026-05-01,2026-05-31,2024-05-01,2026-04-01,2455,2026-05-08,15,-0.0022855411913179514,0.10833333432674408,0.02499988116323948,0.9801587462425232,1.0,0.7658730149269104
2026-05,2026-05-01,2026-05-31,2024-05-01,2026-04-01,2059,2026-05-08,16,-0.0022855411913179514,0.06037735939025879,-0.02295609377324581,0.9801587462425232,1.0,0.7658730149269104
2026-05,2026-05-01,2026-05-31,2024-05-01,2026-04-01,6526,2026-05-08,17,-0.0022855411913179514,-0.1367741972208023,-0.22010764479637146,0.9801587462425232,1.0,0.7658730149269104
2026-05,2026-05-01,2026-05-31,2024-05-01,2026-04-01,6234,2026-05-08,18,-0.01038627079433904,-0.14684687554836273,-0.23018032312393188,0.9801587462425232,1.0,0.7658730149269104
2026-05,2026-05-01,2026-05-31,2024-05-01,2026-04-01,3581,2026-05-08,19,-0.01038627079433904,-0.2770833373069763,-0.36041679978370667,0.9801587462425232,1.0,0.7658730149269104
2026-05,2026-05-01,2026-05-31,2024-05-01,2026-04-01,1721,2026-05-08,20,-0.01038627079433904,-0.07266437262296677,-0.15599782764911652,0.9801587462425232,1.0,0.7658730149269104
2026-05,2026-05-01,2026-05-31,2024-05-01,2026-04-01,3135,2026-05-08,21,-0.01038627079433904,0.16966581344604492,0.08633235841989517,0.9801587462425232,1.0,0.7658730149269104
2026-05,2026-05-01,2026-05-31,2024-05-01,2026-04-01,6274,2026-05-08,22,-0.01038627079433904,0.1709090918302536,0.08757563680410385,0.9801587462425232,1.0,0.7658730149269104
2026-05,2026-05-01,2026-05-31,2024-05-01,2026-04-01,2464,2026-05-08,23,-0.01038627079433904,0.3692946135997772,0.2859611511230469,0.9801587462425232,1.0,0.7658730149269104
2026-05,2026-05-01,2026-05-31,2024-05-01,2026-04-01,8299,2026-05-08,24,-0.01038627079433904,-0.08239700645208359,-0.16573046147823334,0.9801587462425232,1.0,0.7658730149269104
2026-05,2026-05-01,2026-05-31,2024-05-01,2026-04-01,8271,2026-05-08,25,-0.01038627079433904,-0.15909090638160706,-0.2424243539571762,0.9801587462425232,1.0,0.7658730149269104
2026-05,2026-05-01,2026-05-31,2024-05-01,2026-04-01,8358,2026-05-08,26,-0.01038627079433904,0.2956521809101105,0.21231873333454132,0.9801587462425232,1.0,0.7658730149269104
2026-05,2026-05-01,2026-05-31,2024-05-01,2026-04-01,3467,2026-05-08,27,-0.01038627079433904,-0.10497985035181046,-0.1883133053779602,0.9801587462425232,1.0,0.7658730149269104
2026-05,2026-05-01,2026-05-31,2024-05-01,2026-04-01,6147,2026-05-08,28,-0.01038627079433904,0.41361257433891296,0.3302791118621826,0.9801587462425232,1.0,0.7658730149269104
2026-05,2026-05-01,2026-05-31,2024-05-01,2026-04-01,6829,2026-05-08,29,-0.01038627079433904,-0.117903932929039,-0.20123738050460815,0.9801587462425232,1.0,0.7658730149269104
2026-05,2026-05-01,2026-05-31,2024-05-01,2026-04-01,6173,2026-05-08,30,-0.01038627079433904,0.862500011920929,0.779166579246521,0.9801587462425232,1.0,0.7658730149269104
