month,fold_test_start,fold_test_end,train_start,train_end_exclusive,ticker,date,rank,pred_return,trade_return_20d,trade_excess_return_20d,taiex_20d_return_pct,taiex_vs_ma60_pct,market_breadth_20d_pct
2024-01,2024-01-01,2024-01-31,2022-01-01,2023-12-04,5314,2024-01-31,1,0.07763946931885679,0.35329341888427734,0.25063470005989075,0.4761904776096344,0.523809552192688,0.1031746044754982
2024-01,2024-01-01,2024-01-31,2022-01-01,2023-12-04,5236,2024-01-31,2,0.0587412162623691,-0.08950609713792801,-0.1921648234128952,0.4761904776096344,0.523809552192688,0.1031746044754982
2024-01,2024-01-01,2024-01-31,2022-01-01,2023-12-04,1808,2024-01-31,3,0.0544620170963401,0.004901976324617863,-0.0977567508816719,0.4761904776096344,0.523809552192688,0.1031746044754982
2024-01,2024-01-01,2024-01-31,2022-01-01,2023-12-04,9919,2024-01-31,4,0.04732004826187192,-0.1309298425912857,-0.2335885763168335,0.4761904776096344,0.523809552192688,0.1031746044754982
2024-01,2024-01-01,2024-01-31,2022-01-01,2023-12-04,1436,2024-01-31,5,0.04156130589458637,0.16190475225448608,0.05924602597951889,0.4761904776096344,0.523809552192688,0.1031746044754982
2024-01,2024-01-01,2024-01-31,2022-01-01,2023-12-04,6919,2024-01-31,6,0.04078008950904691,0.101789690554142,-0.0008690375252626836,0.4761904776096344,0.523809552192688,0.1031746044754982
2024-01,2024-01-01,2024-01-31,2022-01-01,2023-12-04,6462,2024-01-31,7,0.040352493288719614,-0.06203007698059082,-0.1646888107061386,0.4761904776096344,0.523809552192688,0.1031746044754982
2024-01,2024-01-01,2024-01-31,2022-01-01,2023-12-04,5210,2024-01-31,8,0.04002613875117625,-0.2926829159259796,-0.3953416347503662,0.4761904776096344,0.523809552192688,0.1031746044754982
2024-01,2024-01-01,2024-01-31,2022-01-01,2023-12-04,2545,2024-01-31,9,0.03979986037208589,0.005813973024487495,-0.09684475511312485,0.4761904776096344,0.523809552192688,0.1031746044754982
2024-01,2024-01-01,2024-01-31,2022-01-01,2023-12-04,2630,2024-01-31,10,0.03937377788201042,-0.06818187981843948,-0.17084060609340668,0.4761904776096344,0.523809552192688,0.1031746044754982
2024-01,2024-01-01,2024-01-31,2022-01-01,2023-12-04,2516,2024-01-31,11,0.03804664452283339,0.08860752731561661,-0.014051200821995735,0.4761904776096344,0.523809552192688,0.1031746044754982
2024-01,2024-01-01,2024-01-31,2022-01-01,2023-12-04,3008,2024-01-31,12,0.03790918441428173,0.014084609225392342,-0.08857411891222,0.4761904776096344,0.523809552192688,0.1031746044754982
2024-01,2024-01-01,2024-01-31,2022-01-01,2023-12-04,6735,2024-01-31,13,0.0351514985497379,0.7414050102233887,0.6387462615966797,0.4761904776096344,0.523809552192688,0.1031746044754982
2024-01,2024-01-01,2024-01-31,2022-01-01,2023-12-04,6533,2024-01-31,14,0.03469142306695926,-0.09356136620044708,-0.19622009992599487,0.4761904776096344,0.523809552192688,0.1031746044754982
2024-01,2024-01-01,2024-01-31,2022-01-01,2023-12-04,2852,2024-01-31,15,0.034286779042645835,0.05962054431438446,-0.04303818196058273,0.4761904776096344,0.523809552192688,0.1031746044754982
2024-01,2024-01-01,2024-01-31,2022-01-01,2023-12-04,6499,2024-01-31,16,0.034129715268209716,-0.11789032071828842,-0.22054904699325562,0.4761904776096344,0.523809552192688,0.1031746044754982
2024-01,2024-01-01,2024-01-31,2022-01-01,2023-12-04,3041,2024-01-31,17,0.033406106827194804,0.07518794387578964,-0.0274707842618227,0.4761904776096344,0.523809552192688,0.1031746044754982
2024-01,2024-01-01,2024-01-31,2022-01-01,2023-12-04,7709,2024-01-31,18,0.033125301206213265,0.15294113755226135,0.05028241127729416,0.4761904776096344,0.523809552192688,0.1031746044754982
2024-01,2024-01-01,2024-01-31,2022-01-01,2023-12-04,6177,2024-01-31,19,0.0325135113123602,0.03235292062163353,-0.07030580937862396,0.4761904776096344,0.523809552192688,0.1031746044754982
2024-01,2024-01-01,2024-01-31,2022-01-01,2023-12-04,6186,2024-01-31,20,0.03247278273746408,-0.03773592785000801,-0.1403946578502655,0.4761904776096344,0.523809552192688,0.1031746044754982
2024-01,2024-01-01,2024-01-31,2022-01-01,2023-12-04,5213,2024-01-31,21,0.03197031225690296,0.12076600641012192,0.018107278272509575,0.4761904776096344,0.523809552192688,0.1031746044754982
2024-01,2024-01-01,2024-01-31,2022-01-01,2023-12-04,2851,2024-01-31,22,0.0309011632196973,0.04595188796520233,-0.05670683830976486,0.4761904776096344,0.523809552192688,0.1031746044754982
2024-01,2024-01-01,2024-01-31,2022-01-01,2023-12-04,2515,2024-01-31,23,0.03073489736483536,0.028455281630158424,-0.07420344650745392,0.4761904776096344,0.523809552192688,0.1031746044754982
2024-01,2024-01-01,2024-01-31,2022-01-01,2023-12-04,6712,2024-01-31,24,0.030377165546224456,0.05655523017048836,-0.046103496104478836,0.4761904776096344,0.523809552192688,0.1031746044754982
2024-01,2024-01-01,2024-01-31,2022-01-01,2023-12-04,2348,2024-01-31,25,0.029378730761744902,0.19576723873615265,0.09310851246118546,0.4761904776096344,0.523809552192688,0.1031746044754982
2024-01,2024-01-01,2024-01-31,2022-01-01,2023-12-04,3167,2024-01-31,26,0.029184513336486244,0.10545457899570465,0.002795850858092308,0.4761904776096344,0.523809552192688,0.1031746044754982
2024-01,2024-01-01,2024-01-31,2022-01-01,2023-12-04,8040,2024-01-31,27,0.028735800452020215,0.42654865980148315,0.32388994097709656,0.4761904776096344,0.523809552192688,0.1031746044754982
2024-01,2024-01-01,2024-01-31,2022-01-01,2023-12-04,4129,2024-01-31,28,0.028294722204115733,0.04747162386775017,-0.055187102407217026,0.4761904776096344,0.523809552192688,0.1031746044754982
2024-01,2024-01-01,2024-01-31,2022-01-01,2023-12-04,2597,2024-01-31,29,0.027767981634910736,0.23109221458435059,0.1284334808588028,0.4761904776096344,0.523809552192688,0.1031746044754982
2024-01,2024-01-01,2024-01-31,2022-01-01,2023-12-04,2379,2024-01-31,30,0.027405281579977105,0.27695557475090027,0.17429684102535248,0.4761904776096344,0.523809552192688,0.1031746044754982
2024-02,2024-02-01,2024-02-29,2022-02-01,2024-01-04,5314,2024-02-29,1,0.25183664306583475,0.771844744682312,0.709642231464386,0.9047619104385376,0.9365079402923584,0.6666666865348816
2024-02,2024-02-01,2024-02-29,2022-02-01,2024-01-04,6462,2024-02-29,2,0.09655616328161853,-0.25,-0.3122025430202484,0.9047619104385376,0.9365079402923584,0.6666666865348816
2024-02,2024-02-01,2024-02-29,2022-02-01,2024-01-04,6643,2024-02-29,3,0.08165158305723547,-0.29781413078308105,-0.36001667380332947,0.9047619104385376,0.9365079402923584,0.6666666865348816
2024-02,2024-02-01,2024-02-29,2022-02-01,2024-01-04,8096,2024-02-29,4,0.07414970656836475,-0.02676858939230442,-0.08897113054990768,0.9047619104385376,0.9365079402923584,0.6666666865348816
2024-02,2024-02-01,2024-02-29,2022-02-01,2024-01-04,3228,2024-02-29,5,0.07407663540497364,0.051080550998449326,-0.011121989227831364,0.9047619104385376,0.9365079402923584,0.6666666865348816
2024-02,2024-02-01,2024-02-29,2022-02-01,2024-01-04,6684,2024-02-29,6,0.0670248621541456,-0.3086419701576233,-0.3708445131778717,0.9047619104385376,0.9365079402923584,0.6666666865348816
2024-02,2024-02-01,2024-02-29,2022-02-01,2024-01-04,6231,2024-02-29,7,0.05165818207851233,-0.17028376460075378,-0.2324863076210022,0.9047619104385376,0.9365079402923584,0.6666666865348816
2024-02,2024-02-01,2024-02-29,2022-02-01,2024-01-04,8089,2024-02-29,8,0.050340217156417094,-0.28861331939697266,-0.35081586241722107,0.9047619104385376,0.9365079402923584,0.6666666865348816
2024-02,2024-02-01,2024-02-29,2022-02-01,2024-01-04,1436,2024-02-29,9,0.04857992327557913,0.21991242468357086,0.15770988166332245,0.9047619104385376,0.9365079402923584,0.6666666865348816
2024-02,2024-02-01,2024-02-29,2022-02-01,2024-01-04,5490,2024-02-29,10,0.04856418532355872,-0.056285176426172256,-0.11848771572113037,0.9047619104385376,0.9365079402923584,0.6666666865348816
2024-02,2024-02-01,2024-02-29,2022-02-01,2024-01-04,3234,2024-02-29,11,0.04709206365586753,-0.015625059604644775,-0.07782760262489319,0.9047619104385376,0.9365079402923584,0.6666666865348816
2024-02,2024-02-01,2024-02-29,2022-02-01,2024-01-04,8054,2024-02-29,12,0.045731940811970066,-0.13855420053005219,-0.2007567435503006,0.9047619104385376,0.9365079402923584,0.6666666865348816
2024-02,2024-02-01,2024-02-29,2022-02-01,2024-01-04,2365,2024-02-29,13,0.040848346983191806,-0.146938756108284,-0.2091412991285324,0.9047619104385376,0.9365079402923584,0.6666666865348816
2024-02,2024-02-01,2024-02-29,2022-02-01,2024-01-04,8045,2024-02-29,14,0.0402707325345381,0.08074527978897095,0.018542738631367683,0.9047619104385376,0.9365079402923584,0.6666666865348816
2024-02,2024-02-01,2024-02-29,2022-02-01,2024-01-04,2505,2024-02-29,15,0.03995784727127329,0.2261640578508377,0.1639615148305893,0.9047619104385376,0.9365079402923584,0.6666666865348816
2024-02,2024-02-01,2024-02-29,2022-02-01,2024-01-04,2603,2024-02-29,16,0.03832644121587883,0.06344413012266159,0.0012415896635502577,0.9047619104385376,0.9365079402923584,0.6666666865348816
2024-02,2024-02-01,2024-02-29,2022-02-01,2024-01-04,8383,2024-02-29,17,0.03693262601690217,-0.009661794640123844,-0.07186433672904968,0.9047619104385376,0.9365079402923584,0.6666666865348816
2024-02,2024-02-01,2024-02-29,2022-02-01,2024-01-04,6919,2024-02-29,18,0.034892878185291576,0.47058823704719543,0.408385694026947,0.9047619104385376,0.9365079402923584,0.6666666865348816
2024-02,2024-02-01,2024-02-29,2022-02-01,2024-01-04,3354,2024-02-29,19,0.03351627686130928,-0.18448276817798615,-0.24668531119823456,0.9047619104385376,0.9365079402923584,0.6666666865348816
2024-02,2024-02-01,2024-02-29,2022-02-01,2024-01-04,2467,2024-02-29,20,0.033322029997162154,0.007905121892690659,-0.054297417402267456,0.9047619104385376,0.9365079402923584,0.6666666865348816
2024-02,2024-02-01,2024-02-29,2022-02-01,2024-01-04,1570,2024-02-29,21,0.03219449309666379,0.23471392691135406,0.17251138389110565,0.9047619104385376,0.9365079402923584,0.6666666865348816
2024-02,2024-02-01,2024-02-29,2022-02-01,2024-01-04,6177,2024-02-29,22,0.03178251471144275,0.19460223615169525,0.13239969313144684,0.9047619104385376,0.9365079402923584,0.6666666865348816
2024-02,2024-02-01,2024-02-29,2022-02-01,2024-01-04,2527,2024-02-29,23,0.03099750223211633,0.2583200931549072,0.1961175501346588,0.9047619104385376,0.9365079402923584,0.6666666865348816
2024-02,2024-02-01,2024-02-29,2022-02-01,2024-01-04,8027,2024-02-29,24,0.030486114987043633,-0.07005083560943604,-0.13225337862968445,0.9047619104385376,0.9365079402923584,0.6666666865348816
2024-02,2024-02-01,2024-02-29,2022-02-01,2024-01-04,5213,2024-02-29,25,0.030163170802482805,0.11522040516138077,0.05301786586642265,0.9047619104385376,0.9365079402923584,0.6666666865348816
2024-02,2024-02-01,2024-02-29,2022-02-01,2024-01-04,2465,2024-02-29,26,0.029954900620429856,-0.19649122655391693,-0.25869375467300415,0.9047619104385376,0.9365079402923584,0.6666666865348816
2024-02,2024-02-01,2024-02-29,2022-02-01,2024-01-04,6141,2024-02-29,27,0.02986833371333902,-0.17272724211215973,-0.23492978513240814,0.9047619104385376,0.9365079402923584,0.6666666865348816
2024-02,2024-02-01,2024-02-29,2022-02-01,2024-01-04,4129,2024-02-29,28,0.02960002334464335,-0.02012065052986145,-0.08232319355010986,0.9047619104385376,0.9365079402923584,0.6666666865348816
2024-02,2024-02-01,2024-02-29,2022-02-01,2024-01-04,6465,2024-02-29,29,0.02916729095821721,-0.1612319052219391,-0.2234344482421875,0.9047619104385376,0.9365079402923584,0.6666666865348816
2024-02,2024-02-01,2024-02-29,2022-02-01,2024-01-04,2528,2024-02-29,30,0.02892299300416602,0.22077932953834534,0.15857678651809692,0.9047619104385376,0.9365079402923584,0.6666666865348816
2024-03,2024-03-01,2024-03-31,2022-03-01,2024-01-23,1101,2024-03-29,1,0.00807288832807279,-0.006201598327606916,-0.011235013604164124,0.8134920597076416,0.9444444179534912,0.1785714328289032
2024-03,2024-03-01,2024-03-31,2022-03-01,2024-01-23,1102,2024-03-29,2,0.00807288832807279,0.058111436665058136,0.053078021854162216,0.8134920597076416,0.9444444179534912,0.1785714328289032
2024-03,2024-03-01,2024-03-31,2022-03-01,2024-01-23,1103,2024-03-29,3,0.00807288832807279,0.05747131630778313,0.05243790149688721,0.8134920597076416,0.9444444179534912,0.1785714328289032
2024-03,2024-03-01,2024-03-31,2022-03-01,2024-01-23,1104,2024-03-29,4,0.00807288832807279,0.11058453470468521,0.10555111616849899,0.8134920597076416,0.9444444179534912,0.1785714328289032
2024-03,2024-03-01,2024-03-31,2022-03-01,2024-01-23,1108,2024-03-29,5,0.00807288832807279,0.06940066814422607,0.06436724960803986,0.8134920597076416,0.9444444179534912,0.1785714328289032
2024-03,2024-03-01,2024-03-31,2022-03-01,2024-01-23,1201,2024-03-29,6,0.00807288832807279,-6.813615982537158e-08,-0.005033483263105154,0.8134920597076416,0.9444444179534912,0.1785714328289032
2024-03,2024-03-01,2024-03-31,2022-03-01,2024-01-23,1210,2024-03-29,7,0.00807288832807279,-0.010380593128502369,-0.015414007939398289,0.8134920597076416,0.9444444179534912,0.1785714328289032
2024-03,2024-03-01,2024-03-31,2022-03-01,2024-01-23,1215,2024-03-29,8,0.00807288832807279,-0.04932735487818718,-0.0543607696890831,0.8134920597076416,0.9444444179534912,0.1785714328289032
2024-03,2024-03-01,2024-03-31,2022-03-01,2024-01-23,1216,2024-03-29,9,0.00807288832807279,-0.0077820816077291965,-0.012815496884286404,0.8134920597076416,0.9444444179534912,0.1785714328289032
2024-03,2024-03-01,2024-03-31,2022-03-01,2024-01-23,1218,2024-03-29,10,0.00807288832807279,0.006787297781556845,0.0017538825049996376,0.8134920597076416,0.9444444179534912,0.1785714328289032
2024-03,2024-03-01,2024-03-31,2022-03-01,2024-01-23,1219,2024-03-29,11,0.00807288832807279,0.02941187284886837,0.02437845803797245,0.8134920597076416,0.9444444179534912,0.1785714328289032
2024-03,2024-03-01,2024-03-31,2022-03-01,2024-01-23,1225,2024-03-29,12,0.00807288832807279,0.0672566294670105,0.06222321465611458,0.8134920597076416,0.9444444179534912,0.1785714328289032
2024-03,2024-03-01,2024-03-31,2022-03-01,2024-01-23,1227,2024-03-29,13,0.00807288832807279,0.003926741890609264,-0.0011066733859479427,0.8134920597076416,0.9444444179534912,0.1785714328289032
2024-03,2024-03-01,2024-03-31,2022-03-01,2024-01-23,1229,2024-03-29,14,0.00807288832807279,-0.019202375784516335,-0.024235790595412254,0.8134920597076416,0.9444444179534912,0.1785714328289032
2024-03,2024-03-01,2024-03-31,2022-03-01,2024-01-23,1231,2024-03-29,15,0.00807288832807279,0.012396694160997868,0.0073632788844406605,0.8134920597076416,0.9444444179534912,0.1785714328289032
2024-03,2024-03-01,2024-03-31,2022-03-01,2024-01-23,1301,2024-03-29,16,0.00807288832807279,-0.012968328781425953,-0.018001744523644447,0.8134920597076416,0.9444444179534912,0.1785714328289032
2024-03,2024-03-01,2024-03-31,2022-03-01,2024-01-23,1303,2024-03-29,17,0.00807288832807279,0.0035399245098233223,-0.0014934907667338848,0.8134920597076416,0.9444444179534912,0.1785714328289032
2024-03,2024-03-01,2024-03-31,2022-03-01,2024-01-23,1304,2024-03-29,18,0.00807288832807279,-0.012460971251130104,-0.017494386062026024,0.8134920597076416,0.9444444179534912,0.1785714328289032
2024-03,2024-03-01,2024-03-31,2022-03-01,2024-01-23,1305,2024-03-29,19,0.00807288832807279,0.002739720046520233,-0.002293695230036974,0.8134920597076416,0.9444444179534912,0.1785714328289032
2024-03,2024-03-01,2024-03-31,2022-03-01,2024-01-23,1307,2024-03-29,20,0.00807288832807279,0.021812111139297485,0.016778696328401566,0.8134920597076416,0.9444444179534912,0.1785714328289032
2024-03,2024-03-01,2024-03-31,2022-03-01,2024-01-23,1308,2024-03-29,21,0.00807288832807279,0.010416656732559204,0.005383241456001997,0.8134920597076416,0.9444444179534912,0.1785714328289032
2024-03,2024-03-01,2024-03-31,2022-03-01,2024-01-23,1309,2024-03-29,22,0.00807288832807279,-0.0064516025595366955,-0.011485017836093903,0.8134920597076416,0.9444444179534912,0.1785714328289032
2024-03,2024-03-01,2024-03-31,2022-03-01,2024-01-23,1312,2024-03-29,23,0.00807288832807279,0.015037579461932182,0.010004164651036263,0.8134920597076416,0.9444444179534912,0.1785714328289032
2024-03,2024-03-01,2024-03-31,2022-03-01,2024-01-23,1313,2024-03-29,24,0.00807288832807279,0.03773580491542816,0.03270239010453224,0.8134920597076416,0.9444444179534912,0.1785714328289032
2024-03,2024-03-01,2024-03-31,2022-03-01,2024-01-23,1316,2024-03-29,25,0.00807288832807279,0.05181347206234932,0.0467800572514534,0.8134920597076416,0.9444444179534912,0.1785714328289032
2024-03,2024-03-01,2024-03-31,2022-03-01,2024-01-23,1319,2024-03-29,26,0.00807288832807279,-0.028571367263793945,-0.033604782074689865,0.8134920597076416,0.9444444179534912,0.1785714328289032
2024-03,2024-03-01,2024-03-31,2022-03-01,2024-01-23,1323,2024-03-29,27,0.00807288832807279,0.003230955684557557,-0.00180245959199965,0.8134920597076416,0.9444444179534912,0.1785714328289032
2024-03,2024-03-01,2024-03-31,2022-03-01,2024-01-23,1325,2024-03-29,28,0.00807288832807279,-0.04948807880282402,-0.05452149361371994,0.8134920597076416,0.9444444179534912,0.1785714328289032
2024-03,2024-03-01,2024-03-31,2022-03-01,2024-01-23,1326,2024-03-29,29,0.00807288832807279,0.005434664431959391,0.00040124915540218353,0.8134920597076416,0.9444444179534912,0.1785714328289032
2024-03,2024-03-01,2024-03-31,2022-03-01,2024-01-23,1342,2024-03-29,30,0.00807288832807279,-0.1330934762954712,-0.1381268948316574,0.8134920597076416,0.9444444179534912,0.1785714328289032
2024-04,2024-04-01,2024-04-30,2022-04-01,2024-03-04,4166,2024-04-30,1,0.010424560208088126,0.09504128992557526,0.03297700360417366,0.5198412537574768,0.7420634627342224,0.7579365372657776
2024-04,2024-04-01,2024-04-30,2022-04-01,2024-03-04,3363,2024-04-30,2,0.00939494913367596,0.18110236525535583,0.11903808265924454,0.5198412537574768,0.7420634627342224,0.7579365372657776
2024-04,2024-04-01,2024-04-30,2022-04-01,2024-03-04,6919,2024-04-30,3,0.009036953188769417,0.07682283222675323,0.014758545905351639,0.5198412537574768,0.7420634627342224,0.7579365372657776
2024-04,2024-04-01,2024-04-30,2022-04-01,2024-03-04,1436,2024-04-30,4,0.008982093007900262,-0.06484649330377579,-0.12691077589988708,0.5198412537574768,0.7420634627342224,0.7579365372657776
2024-04,2024-04-01,2024-04-30,2022-04-01,2024-03-04,3467,2024-04-30,5,0.008385019751246786,0.1078997403383255,0.045835454016923904,0.5198412537574768,0.7420634627342224,0.7579365372657776
2024-04,2024-04-01,2024-04-30,2022-04-01,2024-03-04,3227,2024-04-30,6,0.008287201370334077,0.07301583886146545,0.010951552540063858,0.5198412537574768,0.7420634627342224,0.7579365372657776
2024-04,2024-04-01,2024-04-30,2022-04-01,2024-03-04,2731,2024-04-30,7,0.007972163625471087,0.029315952211618423,-0.03274833410978317,0.5198412537574768,0.7420634627342224,0.7579365372657776
2024-04,2024-04-01,2024-04-30,2022-04-01,2024-03-04,2851,2024-04-30,8,0.0075658345893255315,0.01660519652068615,-0.0454590879380703,0.5198412537574768,0.7420634627342224,0.7579365372657776
2024-04,2024-04-01,2024-04-30,2022-04-01,2024-03-04,6177,2024-04-30,9,0.0075658345893255315,-0.09999997913837433,-0.16206426918506622,0.5198412537574768,0.7420634627342224,0.7579365372657776
2024-04,2024-04-01,2024-04-30,2022-04-01,2024-03-04,1442,2024-04-30,10,0.0075658345893255315,0.015624982304871082,-0.04643930494785309,0.5198412537574768,0.7420634627342224,0.7579365372657776
2024-04,2024-04-01,2024-04-30,2022-04-01,2024-03-04,8045,2024-04-30,11,0.0075658345893255315,-0.17687076330184937,-0.23893505334854126,0.5198412537574768,0.7420634627342224,0.7579365372657776
2024-04,2024-04-01,2024-04-30,2022-04-01,2024-03-04,1736,2024-04-30,12,0.007498242063624737,0.04146923869848251,-0.020595047622919083,0.5198412537574768,0.7420634627342224,0.7579365372657776
2024-04,2024-04-01,2024-04-30,2022-04-01,2024-03-04,2903,2024-04-30,13,0.007498242063624737,-0.05441173166036606,-0.11647601425647736,0.5198412537574768,0.7420634627342224,0.7579365372657776
2024-04,2024-04-01,2024-04-30,2022-04-01,2024-03-04,4129,2024-04-30,14,0.007498242063624737,-0.05599997565150261,-0.1180642619729042,0.5198412537574768,0.7420634627342224,0.7579365372657776
2024-04,2024-04-01,2024-04-30,2022-04-01,2024-03-04,2313,2024-04-30,15,0.007239272547461574,-0.028497351333498955,-0.0905616357922554,0.5198412537574768,0.7420634627342224,0.7579365372657776
2024-04,2024-04-01,2024-04-30,2022-04-01,2024-03-04,3211,2024-04-30,16,0.007239272547461574,-0.017689891159534454,-0.07975417375564575,0.5198412537574768,0.7420634627342224,0.7579365372657776
2024-04,2024-04-01,2024-04-30,2022-04-01,2024-03-04,3213,2024-04-30,17,0.007239272547461574,0.0990099236369133,0.036945637315511703,0.5198412537574768,0.7420634627342224,0.7579365372657776
2024-04,2024-04-01,2024-04-30,2022-04-01,2024-03-04,1519,2024-04-30,18,0.007239272547461574,-0.12781067192554474,-0.18987496197223663,0.5198412537574768,0.7420634627342224,0.7579365372657776
2024-04,2024-04-01,2024-04-30,2022-04-01,2024-03-04,2316,2024-04-30,19,0.007239272547461574,-0.09462151676416397,-0.15668579936027527,0.5198412537574768,0.7420634627342224,0.7579365372657776
2024-04,2024-04-01,2024-04-30,2022-04-01,2024-03-04,3287,2024-04-30,20,0.007239272547461574,-0.12265755236148834,-0.18472184240818024,0.5198412537574768,0.7420634627342224,0.7579365372657776
2024-04,2024-04-01,2024-04-30,2022-04-01,2024-03-04,1231,2024-04-30,21,0.007239272547461574,0.017346885055303574,-0.04471740126609802,0.5198412537574768,0.7420634627342224,0.7579365372657776
2024-04,2024-04-01,2024-04-30,2022-04-01,2024-03-04,6669,2024-04-30,22,0.007239272547461574,0.12820498645305634,0.06614070385694504,0.5198412537574768,0.7420634627342224,0.7579365372657776
2024-04,2024-04-01,2024-04-30,2022-04-01,2024-03-04,3479,2024-04-30,23,0.007239272547461574,-0.03347276896238327,-0.09553705155849457,0.5198412537574768,0.7420634627342224,0.7579365372657776
2024-04,2024-04-01,2024-04-30,2022-04-01,2024-03-04,3042,2024-04-30,24,0.007239272547461574,0.031111013144254684,-0.03095327317714691,0.5198412537574768,0.7420634627342224,0.7579365372657776
2024-04,2024-04-01,2024-04-30,2022-04-01,2024-03-04,2493,2024-04-30,25,0.007239272547461574,-0.06243707984685898,-0.12450136244297028,0.5198412537574768,0.7420634627342224,0.7579365372657776
2024-04,2024-04-01,2024-04-30,2022-04-01,2024-03-04,2476,2024-04-30,26,0.007239272547461574,0.2843666076660156,0.22230231761932373,0.5198412537574768,0.7420634627342224,0.7579365372657776
2024-04,2024-04-01,2024-04-30,2022-04-01,2024-03-04,2420,2024-04-30,27,0.007239272547461574,0.16451016068458557,0.10244587808847427,0.5198412537574768,0.7420634627342224,0.7579365372657776
2024-04,2024-04-01,2024-04-30,2022-04-01,2024-03-04,3533,2024-04-30,28,0.007239272547461574,0.17253518104553223,0.11047089844942093,0.5198412537574768,0.7420634627342224,0.7579365372657776
2024-04,2024-04-01,2024-04-30,2022-04-01,2024-03-04,3032,2024-04-30,29,0.007239272547461574,0.01576869562268257,-0.046295590698719025,0.5198412537574768,0.7420634627342224,0.7579365372657776
2024-04,2024-04-01,2024-04-30,2022-04-01,2024-03-04,2059,2024-04-30,30,0.007239272547461574,0.016528896987438202,-0.045535389333963394,0.5198412537574768,0.7420634627342224,0.7579365372657776
2024-05,2024-05-01,2024-05-31,2022-05-01,2024-04-01,8089,2024-05-31,1,0.027830849556628706,0.1238531842827797,0.034860555082559586,0.7341269850730896,0.6190476417541504,0.6269841194152832
2024-05,2024-05-01,2024-05-31,2022-05-01,2024-04-01,3230,2024-05-31,2,0.025326657634760975,0.03492056205868721,-0.0540720671415329,0.7341269850730896,0.6190476417541504,0.6269841194152832
2024-05,2024-05-01,2024-05-31,2022-05-01,2024-04-01,3466,2024-05-31,3,0.012638346760285453,-0.014510241337120533,-0.10350286960601807,0.7341269850730896,0.6190476417541504,0.6269841194152832
2024-05,2024-05-01,2024-05-31,2022-05-01,2024-04-01,3321,2024-05-31,4,0.012219116493696515,0.02137770876288414,-0.06761492043733597,0.7341269850730896,0.6190476417541504,0.6269841194152832
2024-05,2024-05-01,2024-05-31,2022-05-01,2024-04-01,4991,2024-05-31,5,0.012219116493696515,0.10807608813047409,0.019083457067608833,0.7341269850730896,0.6190476417541504,0.6269841194152832
2024-05,2024-05-01,2024-05-31,2022-05-01,2024-04-01,3234,2024-05-31,6,0.009607672638492212,-0.023109212517738342,-0.11210184544324875,0.7341269850730896,0.6190476417541504,0.6269841194152832
2024-05,2024-05-01,2024-05-31,2022-05-01,2024-04-01,3455,2024-05-31,7,0.00866540550188322,0.09193406254053116,0.002941431477665901,0.7341269850730896,0.6190476417541504,0.6269841194152832
2024-05,2024-05-01,2024-05-31,2022-05-01,2024-04-01,4127,2024-05-31,8,0.00866540550188322,-0.09722225368022919,-0.186214879155159,0.7341269850730896,0.6190476417541504,0.6269841194152832
2024-05,2024-05-01,2024-05-31,2022-05-01,2024-04-01,2102,2024-05-31,9,0.00828153949758488,-0.03953490033745766,-0.12852753698825836,0.7341269850730896,0.6190476417541504,0.6269841194152832
2024-05,2024-05-01,2024-05-31,2022-05-01,2024-04-01,3535,2024-05-31,10,0.007719384329874881,0.5963454842567444,0.5073528289794922,0.7341269850730896,0.6190476417541504,0.6269841194152832
2024-05,2024-05-01,2024-05-31,2022-05-01,2024-04-01,6415,2024-05-31,11,0.007719384329874881,-0.07780081033706665,-0.16679343581199646,0.7341269850730896,0.6190476417541504,0.6269841194152832
2024-05,2024-05-01,2024-05-31,2022-05-01,2024-04-01,3056,2024-05-31,12,0.00733927236097589,0.05162234604358673,-0.03737028315663338,0.7341269850730896,0.6190476417541504,0.6269841194152832
2024-05,2024-05-01,2024-05-31,2022-05-01,2024-04-01,3490,2024-05-31,13,0.00733927236097589,-0.05198029428720474,-0.14097292721271515,0.7341269850730896,0.6190476417541504,0.6269841194152832
2024-05,2024-05-01,2024-05-31,2022-05-01,2024-04-01,1736,2024-05-31,14,0.00733927236097589,-0.0032966453582048416,-0.0922892764210701,0.7341269850730896,0.6190476417541504,0.6269841194152832
2024-05,2024-05-01,2024-05-31,2022-05-01,2024-04-01,2528,2024-05-31,15,0.00733927236097589,-0.07910753041505814,-0.16810016334056854,0.7341269850730896,0.6190476417541504,0.6269841194152832
2024-05,2024-05-01,2024-05-31,2022-05-01,2024-04-01,4166,2024-05-31,16,0.00733927236097589,0.009363295510411263,-0.0796293318271637,0.7341269850730896,0.6190476417541504,0.6269841194152832
2024-05,2024-05-01,2024-05-31,2022-05-01,2024-04-01,1436,2024-05-31,17,0.00733927236097589,0.1322033703327179,0.04321074113249779,0.7341269850730896,0.6190476417541504,0.6269841194152832
2024-05,2024-05-01,2024-05-31,2022-05-01,2024-04-01,6919,2024-05-31,18,0.00733927236097589,0.7906137704849243,0.7016211152076721,0.7341269850730896,0.6190476417541504,0.6269841194152832
2024-05,2024-05-01,2024-05-31,2022-05-01,2024-04-01,4534,2024-05-31,19,0.007103480716624484,0.4501718282699585,0.3611792027950287,0.7341269850730896,0.6190476417541504,0.6269841194152832
2024-05,2024-05-01,2024-05-31,2022-05-01,2024-04-01,2406,2024-05-31,20,0.007103480716624484,0.1567329466342926,0.0677403137087822,0.7341269850730896,0.6190476417541504,0.6269841194152832
2024-05,2024-05-01,2024-05-31,2022-05-01,2024-04-01,8096,2024-05-31,21,0.007103480716624484,0.13194435834884644,0.04295172914862633,0.7341269850730896,0.6190476417541504,0.6269841194152832
2024-05,2024-05-01,2024-05-31,2022-05-01,2024-04-01,5351,2024-05-31,22,0.007026481891265682,-0.046511586755514145,-0.13550421595573425,0.7341269850730896,0.6190476417541504,0.6269841194152832
2024-05,2024-05-01,2024-05-31,2022-05-01,2024-04-01,5210,2024-05-31,23,0.007026481891265682,-0.2699229121208191,-0.3589155375957489,0.7341269850730896,0.6190476417541504,0.6269841194152832
2024-05,2024-05-01,2024-05-31,2022-05-01,2024-04-01,4577,2024-05-31,24,0.007026481891265682,-0.09819641709327698,-0.1871890425682068,0.7341269850730896,0.6190476417541504,0.6269841194152832
2024-05,2024-05-01,2024-05-31,2022-05-01,2024-04-01,3041,2024-05-31,25,0.007026481891265682,-0.002237204695120454,-0.09122983366250992,0.7341269850730896,0.6190476417541504,0.6269841194152832
2024-05,2024-05-01,2024-05-31,2022-05-01,2024-04-01,3228,2024-05-31,26,0.007026481891265682,-0.10185185074806213,-0.19084447622299194,0.7341269850730896,0.6190476417541504,0.6269841194152832
2024-05,2024-05-01,2024-05-31,2022-05-01,2024-04-01,3045,2024-05-31,27,0.006866505422359856,0.03317529708147049,-0.05581733211874962,0.7341269850730896,0.6190476417541504,0.6269841194152832
2024-05,2024-05-01,2024-05-31,2022-05-01,2024-04-01,2636,2024-05-31,28,0.006866505422359856,-0.1278446614742279,-0.21683728694915771,0.7341269850730896,0.6190476417541504,0.6269841194152832
2024-05,2024-05-01,2024-05-31,2022-05-01,2024-04-01,3010,2024-05-31,29,0.006866505422359856,0.13944219052791595,0.05044956132769585,0.7341269850730896,0.6190476417541504,0.6269841194152832
2024-05,2024-05-01,2024-05-31,2022-05-01,2024-04-01,6257,2024-05-31,30,0.006866505422359856,0.0013824793277308345,-0.0876101553440094,0.7341269850730896,0.6190476417541504,0.6269841194152832
2024-06,2024-06-01,2024-06-30,2022-06-01,2024-05-06,6919,2024-06-28,1,0.06809921349904999,-0.04523429647088051,-0.010123541578650475,0.7658730149269104,0.8571428656578064,0.5198412537574768
2024-06,2024-06-01,2024-06-30,2022-06-01,2024-05-06,5278,2024-06-28,2,0.06450547602350622,-0.07279682159423828,-0.0376860648393631,0.7658730149269104,0.8571428656578064,0.5198412537574768
2024-06,2024-06-01,2024-06-30,2022-06-01,2024-05-06,5484,2024-06-28,3,0.059185944916801264,0.025641070678830147,0.06075182557106018,0.7658730149269104,0.8571428656578064,0.5198412537574768
2024-06,2024-06-01,2024-06-30,2022-06-01,2024-05-06,4166,2024-06-28,4,0.052214684799115486,0.022058766335248947,0.05716952309012413,0.7658730149269104,0.8571428656578064,0.5198412537574768
2024-06,2024-06-01,2024-06-30,2022-06-01,2024-05-06,6739,2024-06-28,5,0.04999042070340217,-0.007692363578826189,0.027418391779065132,0.7658730149269104,0.8571428656578064,0.5198412537574768
2024-06,2024-06-01,2024-06-30,2022-06-01,2024-05-06,4562,2024-06-28,6,0.04418441176432994,0.03578157350420952,0.0708923265337944,0.7658730149269104,0.8571428656578064,0.5198412537574768
2024-06,2024-06-01,2024-06-30,2022-06-01,2024-05-06,7751,2024-06-28,7,0.04125689118002454,0.2368381917476654,0.2719489336013794,0.7658730149269104,0.8571428656578064,0.5198412537574768
2024-06,2024-06-01,2024-06-30,2022-06-01,2024-05-06,3535,2024-06-28,8,0.03821007222465223,0.5642105937004089,0.5993213653564453,0.7658730149269104,0.8571428656578064,0.5198412537574768
2024-06,2024-06-01,2024-06-30,2022-06-01,2024-05-06,4716,2024-06-28,9,0.03590002782740076,0.01511331181973219,0.05022406578063965,0.7658730149269104,0.8571428656578064,0.5198412537574768
2024-06,2024-06-01,2024-06-30,2022-06-01,2024-05-06,2102,2024-06-28,10,0.03548006328474841,0.052505891770124435,0.08761664479970932,0.7658730149269104,0.8571428656578064,0.5198412537574768
2024-06,2024-06-01,2024-06-30,2022-06-01,2024-05-06,5302,2024-06-28,11,0.0349065548894877,-0.04961836338043213,-0.014507608488202095,0.7658730149269104,0.8571428656578064,0.5198412537574768
2024-06,2024-06-01,2024-06-30,2022-06-01,2024-05-06,4534,2024-06-28,12,0.03403918336542337,0.1865285187959671,0.22163927555084229,0.7658730149269104,0.8571428656578064,0.5198412537574768
2024-06,2024-06-01,2024-06-30,2022-06-01,2024-05-06,3379,2024-06-28,13,0.03392009585206661,0.51393723487854,0.5490480065345764,0.7658730149269104,0.8571428656578064,0.5198412537574768
2024-06,2024-06-01,2024-06-30,2022-06-01,2024-05-06,4991,2024-06-28,14,0.0328533622944615,-0.25239619612693787,-0.21728543937206268,0.7658730149269104,0.8571428656578064,0.5198412537574768
2024-06,2024-06-01,2024-06-30,2022-06-01,2024-05-06,2465,2024-06-28,15,0.032529898403624614,-0.1679999977350235,-0.13288924098014832,0.7658730149269104,0.8571428656578064,0.5198412537574768
2024-06,2024-06-01,2024-06-30,2022-06-01,2024-05-06,2438,2024-06-28,16,0.03076873388561325,0.07853402942419052,0.1136447861790657,0.7658730149269104,0.8571428656578064,0.5198412537574768
2024-06,2024-06-01,2024-06-30,2022-06-01,2024-05-06,6834,2024-06-28,17,0.0306464597654973,-0.1422594040632248,-0.10714864730834961,0.7658730149269104,0.8571428656578064,0.5198412537574768
2024-06,2024-06-01,2024-06-30,2022-06-01,2024-05-06,2429,2024-06-28,18,0.030373330200465617,0.2047492116689682,0.23985996842384338,0.7658730149269104,0.8571428656578064,0.5198412537574768
2024-06,2024-06-01,2024-06-30,2022-06-01,2024-05-06,3490,2024-06-28,19,0.029889600623992357,-0.04233727976679802,-0.0072265248745679855,0.7658730149269104,0.8571428656578064,0.5198412537574768
2024-06,2024-06-01,2024-06-30,2022-06-01,2024-05-06,3122,2024-06-28,20,0.029267589657814248,-0.18884892761707306,-0.15373817086219788,0.7658730149269104,0.8571428656578064,0.5198412537574768
2024-06,2024-06-01,2024-06-30,2022-06-01,2024-05-06,2548,2024-06-28,21,0.029220967698118657,0.24542118608951569,0.28053194284439087,0.7658730149269104,0.8571428656578064,0.5198412537574768
2024-06,2024-06-01,2024-06-30,2022-06-01,2024-05-06,1316,2024-06-28,22,0.0286437833882715,0.11640215665102005,0.15151290595531464,0.7658730149269104,0.8571428656578064,0.5198412537574768
2024-06,2024-06-01,2024-06-30,2022-06-01,2024-05-06,3229,2024-06-28,23,0.028406473260475063,0.1453830599784851,0.1804938167333603,0.7658730149269104,0.8571428656578064,0.5198412537574768
2024-06,2024-06-01,2024-06-30,2022-06-01,2024-05-06,8935,2024-06-28,24,0.02839407081932341,0.35125452280044556,0.38636526465415955,0.7658730149269104,0.8571428656578064,0.5198412537574768
2024-06,2024-06-01,2024-06-30,2022-06-01,2024-05-06,4726,2024-06-28,25,0.02819124164060158,-0.03166669234633446,0.00344406277872622,0.7658730149269104,0.8571428656578064,0.5198412537574768
2024-06,2024-06-01,2024-06-30,2022-06-01,2024-05-06,4571,2024-06-28,26,0.027301008496365024,-0.03515625,-4.549497316475026e-05,0.7658730149269104,0.8571428656578064,0.5198412537574768
2024-06,2024-06-01,2024-06-30,2022-06-01,2024-05-06,8096,2024-06-28,27,0.02725513253418258,-0.03972756862640381,-0.004616813734173775,0.7658730149269104,0.8571428656578064,0.5198412537574768
2024-06,2024-06-01,2024-06-30,2022-06-01,2024-05-06,3691,2024-06-28,28,0.027158776771712814,-0.12802767753601074,-0.09291692078113556,0.7658730149269104,0.8571428656578064,0.5198412537574768
2024-06,2024-06-01,2024-06-30,2022-06-01,2024-05-06,6164,2024-06-28,29,0.026545820844182524,-0.11834315955638885,-0.08323240280151367,0.7658730149269104,0.8571428656578064,0.5198412537574768
2024-06,2024-06-01,2024-06-30,2022-06-01,2024-05-06,2611,2024-06-28,30,0.026523034618992265,-0.15309444069862366,-0.11798368394374847,0.7658730149269104,0.8571428656578064,0.5198412537574768
2024-07,2024-07-01,2024-07-31,2022-07-01,2024-05-31,5278,2024-07-31,1,0.017534087595503244,0.28135451674461365,0.273637592792511,0.0436507947742939,0.2222222238779068,0.3928571343421936
2024-07,2024-07-01,2024-07-31,2022-07-01,2024-05-31,2845,2024-07-31,2,0.008565506716640685,0.013199594803154469,0.00548267737030983,0.0436507947742939,0.2222222238779068,0.3928571343421936
2024-07,2024-07-01,2024-07-31,2022-07-01,2024-05-31,8176,2024-07-31,3,0.008308979498827088,-0.026578111574053764,-0.03429502993822098,0.0436507947742939,0.2222222238779068,0.3928571343421936
2024-07,2024-07-01,2024-07-31,2022-07-01,2024-05-31,8040,2024-07-31,4,0.008308979498827088,0.09162303805351257,0.08390612155199051,0.0436507947742939,0.2222222238779068,0.3928571343421936
2024-07,2024-07-01,2024-07-31,2022-07-01,2024-05-31,6426,2024-07-31,5,0.008308979498827088,-0.04032256454229355,-0.04803948104381561,0.0436507947742939,0.2222222238779068,0.3928571343421936
2024-07,2024-07-01,2024-07-31,2022-07-01,2024-05-31,2438,2024-07-31,6,0.008308979498827088,-0.09574472159147263,-0.10346163809299469,0.0436507947742939,0.2222222238779068,0.3928571343421936
2024-07,2024-07-01,2024-07-31,2022-07-01,2024-05-31,6233,2024-07-31,7,0.008308979498827088,0.007824728265404701,0.00010781088349176571,0.0436507947742939,0.2222222238779068,0.3928571343421936
2024-07,2024-07-01,2024-07-31,2022-07-01,2024-05-31,6617,2024-07-31,8,0.008308979498827088,0.003759398590773344,-0.003957518842071295,0.0436507947742939,0.2222222238779068,0.3928571343421936
2024-07,2024-07-01,2024-07-31,2022-07-01,2024-05-31,6823,2024-07-31,9,0.008308979498827088,-0.08909369260072708,-0.09681060910224915,0.0436507947742939,0.2222222238779068,0.3928571343421936
2024-07,2024-07-01,2024-07-31,2022-07-01,2024-05-31,6643,2024-07-31,10,0.008308979498827088,-0.176419198513031,-0.18413612246513367,0.0436507947742939,0.2222222238779068,0.3928571343421936
2024-07,2024-07-01,2024-07-31,2022-07-01,2024-05-31,2417,2024-07-31,11,0.008308979498827088,0.11830351501703262,0.11058659851551056,0.0436507947742939,0.2222222238779068,0.3928571343421936
2024-07,2024-07-01,2024-07-31,2022-07-01,2024-05-31,6499,2024-07-31,12,0.008308979498827088,-0.042622968554496765,-0.05033988505601883,0.0436507947742939,0.2222222238779068,0.3928571343421936
2024-07,2024-07-01,2024-07-31,2022-07-01,2024-05-31,6510,2024-07-31,13,0.008308979498827088,0.11477268487215042,0.10705576837062836,0.0436507947742939,0.2222222238779068,0.3928571343421936
2024-07,2024-07-01,2024-07-31,2022-07-01,2024-05-31,6462,2024-07-31,14,0.008308979498827088,-0.04600000008940697,-0.05371691659092903,0.0436507947742939,0.2222222238779068,0.3928571343421936
2024-07,2024-07-01,2024-07-31,2022-07-01,2024-05-31,8027,2024-07-31,15,0.008308979498827088,0.013953488320112228,0.00623657088726759,0.0436507947742939,0.2222222238779068,0.3928571343421936
2024-07,2024-07-01,2024-07-31,2022-07-01,2024-05-31,3529,2024-07-31,16,0.008308979498827088,0.07578955590724945,0.06807263940572739,0.0436507947742939,0.2222222238779068,0.3928571343421936
2024-07,2024-07-01,2024-07-31,2022-07-01,2024-05-31,6465,2024-07-31,17,0.008308979498827088,-0.11530813574790955,-0.12302505224943161,0.0436507947742939,0.2222222238779068,0.3928571343421936
2024-07,2024-07-01,2024-07-31,2022-07-01,2024-05-31,3490,2024-07-31,18,0.008308979498827088,-0.06630586087703705,-0.07402277737855911,0.0436507947742939,0.2222222238779068,0.3928571343421936
2024-07,2024-07-01,2024-07-31,2022-07-01,2024-05-31,3498,2024-07-31,19,0.008308979498827088,0.1666666716337204,0.15894974768161774,0.0436507947742939,0.2222222238779068,0.3928571343421936
2024-07,2024-07-01,2024-07-31,2022-07-01,2024-05-31,3546,2024-07-31,20,0.008308979498827088,-0.0012361222179606557,-0.008953039534389973,0.0436507947742939,0.2222222238779068,0.3928571343421936
2024-07,2024-07-01,2024-07-31,2022-07-01,2024-05-31,6684,2024-07-31,21,0.008308979498827088,-0.11378002911806107,-0.12149694561958313,0.0436507947742939,0.2222222238779068,0.3928571343421936
2024-07,2024-07-01,2024-07-31,2022-07-01,2024-05-31,3577,2024-07-31,22,0.008308979498827088,0.01771657168865204,0.0099996542558074,0.0436507947742939,0.2222222238779068,0.3928571343421936
2024-07,2024-07-01,2024-07-31,2022-07-01,2024-05-31,3508,2024-07-31,23,0.008308979498827088,-0.06049824878573418,-0.06821516901254654,0.0436507947742939,0.2222222238779068,0.3928571343421936
2024-07,2024-07-01,2024-07-31,2022-07-01,2024-05-31,4127,2024-07-31,24,0.008308979498827088,0.10136524587869644,0.09364832937717438,0.0436507947742939,0.2222222238779068,0.3928571343421936
2024-07,2024-07-01,2024-07-31,2022-07-01,2024-05-31,1760,2024-07-31,25,0.008308979498827088,-0.01778237894177437,-0.025499295443296432,0.0436507947742939,0.2222222238779068,0.3928571343421936
2024-07,2024-07-01,2024-07-31,2022-07-01,2024-05-31,6695,2024-07-31,26,0.008308979498827088,-0.09955430030822754,-0.1072712168097496,0.0436507947742939,0.2222222238779068,0.3928571343421936
2024-07,2024-07-01,2024-07-31,2022-07-01,2024-05-31,6919,2024-07-31,27,0.008308979498827088,0.0694214403629303,0.061704523861408234,0.0436507947742939,0.2222222238779068,0.3928571343421936
2024-07,2024-07-01,2024-07-31,2022-07-01,2024-05-31,4128,2024-07-31,28,0.008308979498827088,0.1028151735663414,0.09509825706481934,0.0436507947742939,0.2222222238779068,0.3928571343421936
2024-07,2024-07-01,2024-07-31,2022-07-01,2024-05-31,5484,2024-07-31,29,0.008308979498827088,0.046451594680547714,0.03873467817902565,0.0436507947742939,0.2222222238779068,0.3928571343421936
2024-07,2024-07-01,2024-07-31,2022-07-01,2024-05-31,1316,2024-07-31,30,0.008308979498827088,-0.06474822014570236,-0.07246513664722443,0.0436507947742939,0.2222222238779068,0.3928571343421936
2024-08,2024-08-01,2024-08-31,2022-08-01,2024-07-02,8937,2024-08-30,1,0.08180284215362821,0.06616543978452682,0.06812118738889694,0.1626984179019928,0.170634925365448,0.8730158805847168
2024-08,2024-08-01,2024-08-31,2022-08-01,2024-07-02,6199,2024-08-30,2,0.04176713061215944,-0.06666669249534607,-0.06471094489097595,0.1626984179019928,0.170634925365448,0.8730158805847168
2024-08,2024-08-01,2024-08-31,2022-08-01,2024-07-02,4127,2024-08-30,3,0.04069034204520928,-0.12121210992336273,-0.11925636231899261,0.1626984179019928,0.170634925365448,0.8730158805847168
2024-08,2024-08-01,2024-08-31,2022-08-01,2024-07-02,4526,2024-08-30,4,0.0398978756994458,-0.11689958721399307,-0.11494383960962296,0.1626984179019928,0.170634925365448,0.8730158805847168
2024-08,2024-08-01,2024-08-31,2022-08-01,2024-07-02,3056,2024-08-30,5,0.03277926588529058,-0.1347423940896988,-0.13278664648532867,0.1626984179019928,0.170634925365448,0.8730158805847168
2024-08,2024-08-01,2024-08-31,2022-08-01,2024-07-02,6541,2024-08-30,6,0.030868756557127234,-0.0544959120452404,-0.052540164440870285,0.1626984179019928,0.170634925365448,0.8730158805847168
2024-08,2024-08-01,2024-08-31,2022-08-01,2024-07-02,2429,2024-08-30,7,0.029918167629642983,-0.117469921708107,-0.11551417410373688,0.1626984179019928,0.170634925365448,0.8730158805847168
2024-08,2024-08-01,2024-08-31,2022-08-01,2024-07-02,3230,2024-08-30,8,0.029766827274572083,0.1875000149011612,0.1894557625055313,0.1626984179019928,0.170634925365448,0.8730158805847168
2024-08,2024-08-01,2024-08-31,2022-08-01,2024-07-02,2534,2024-08-30,9,0.028668528794168636,-0.06545452028512955,-0.06349877268075943,0.1626984179019928,0.170634925365448,0.8730158805847168
2024-08,2024-08-01,2024-08-31,2022-08-01,2024-07-02,4174,2024-08-30,10,0.027235605083968953,-0.13929787278175354,-0.13734212517738342,0.1626984179019928,0.170634925365448,0.8730158805847168
2024-08,2024-08-01,2024-08-31,2022-08-01,2024-07-02,4764,2024-08-30,11,0.025424056672202912,0.013559287413954735,0.015515035949647427,0.1626984179019928,0.170634925365448,0.8730158805847168
2024-08,2024-08-01,2024-08-31,2022-08-01,2024-07-02,3555,2024-08-30,12,0.02490744139075138,-0.05968169495463371,-0.057725947350263596,0.1626984179019928,0.170634925365448,0.8730158805847168
2024-08,2024-08-01,2024-08-31,2022-08-01,2024-07-02,6901,2024-08-30,13,0.024473393143105746,-0.04265401139855385,-0.04069826379418373,0.1626984179019928,0.170634925365448,0.8730158805847168
2024-08,2024-08-01,2024-08-31,2022-08-01,2024-07-02,9918,2024-08-30,14,0.02433183728085895,-0.0060240766033530235,-0.004068328067660332,0.1626984179019928,0.170634925365448,0.8730158805847168
2024-08,2024-08-01,2024-08-31,2022-08-01,2024-07-02,3631,2024-08-30,15,0.024168555768291116,-0.058947350829839706,-0.05699160322546959,0.1626984179019928,0.170634925365448,0.8730158805847168
2024-08,2024-08-01,2024-08-31,2022-08-01,2024-07-02,3518,2024-08-30,16,0.023904050163832558,-0.2148241102695465,-0.2128683626651764,0.1626984179019928,0.170634925365448,0.8730158805847168
2024-08,2024-08-01,2024-08-31,2022-08-01,2024-07-02,4513,2024-08-30,17,0.022411320000580447,-0.3022959232330322,-0.3003401756286621,0.1626984179019928,0.170634925365448,0.8730158805847168
2024-08,2024-08-01,2024-08-31,2022-08-01,2024-07-02,1735,2024-08-30,18,0.022034546042282346,0.016736380755901337,0.018692128360271454,0.1626984179019928,0.170634925365448,0.8730158805847168
2024-08,2024-08-01,2024-08-31,2022-08-01,2024-07-02,3081,2024-08-30,19,0.021931309015188114,0.6280992031097412,0.6300549507141113,0.1626984179019928,0.170634925365448,0.8730158805847168
2024-08,2024-08-01,2024-08-31,2022-08-01,2024-07-02,4562,2024-08-30,20,0.020482978308043843,-0.0763888880610466,-0.07443314045667648,0.1626984179019928,0.170634925365448,0.8730158805847168
2024-08,2024-08-01,2024-08-31,2022-08-01,2024-07-02,6550,2024-08-30,21,0.019836140631632637,-0.12380950897932053,-0.12185376137495041,0.1626984179019928,0.170634925365448,0.8730158805847168
2024-08,2024-08-01,2024-08-31,2022-08-01,2024-07-02,5278,2024-08-30,22,0.01958541459714036,0.06026794761419296,0.06222369521856308,0.1626984179019928,0.170634925365448,0.8730158805847168
2024-08,2024-08-01,2024-08-31,2022-08-01,2024-07-02,7734,2024-08-30,23,0.016550875684731584,-0.024390125647187233,-0.022434378042817116,0.1626984179019928,0.170634925365448,0.8730158805847168
2024-08,2024-08-01,2024-08-31,2022-08-01,2024-07-02,3066,2024-08-30,24,0.015901784794498195,-0.07830341160297394,-0.07634766399860382,0.1626984179019928,0.170634925365448,0.8730158805847168
2024-08,2024-08-01,2024-08-31,2022-08-01,2024-07-02,2425,2024-08-30,25,0.01572382408994055,-0.0034602186642587185,-0.0015044702449813485,0.1626984179019928,0.170634925365448,0.8730158805847168
2024-08,2024-08-01,2024-08-31,2022-08-01,2024-07-02,2070,2024-08-30,26,0.015247070727659195,0.2617923319339752,0.26374807953834534,0.1626984179019928,0.170634925365448,0.8730158805847168
2024-08,2024-08-01,2024-08-31,2022-08-01,2024-07-02,6465,2024-08-30,27,0.01521380798355135,-0.0022026936057955027,-0.0002469451865181327,0.1626984179019928,0.170634925365448,0.8730158805847168
2024-08,2024-08-01,2024-08-31,2022-08-01,2024-07-02,3455,2024-08-30,28,0.015084570299660996,-0.0337078832089901,-0.03175213560461998,0.1626984179019928,0.170634925365448,0.8730158805847168
2024-08,2024-08-01,2024-08-31,2022-08-01,2024-07-02,6919,2024-08-30,29,0.015033102217399296,-0.06666667759418488,-0.06471092998981476,0.1626984179019928,0.170634925365448,0.8730158805847168
2024-08,2024-08-01,2024-08-31,2022-08-01,2024-07-02,4927,2024-08-30,30,0.013086836102327701,-0.041806019842624664,-0.03985027223825455,0.1626984179019928,0.170634925365448,0.8730158805847168
2024-09,2024-09-01,2024-09-30,2022-09-01,2024-08-05,4971,2024-09-30,1,0.06980651493774732,-0.05584419518709183,-0.08084093779325485,0.5555555820465088,0.3730158805847168,0.6746031641960144
2024-09,2024-09-01,2024-09-30,2022-09-01,2024-08-05,8937,2024-09-30,2,0.05933086777975375,0.3160839080810547,0.29108718037605286,0.5555555820465088,0.3730158805847168,0.6746031641960144
2024-09,2024-09-01,2024-09-30,2022-09-01,2024-08-05,7547,2024-09-30,3,0.05931751166773309,0.07187888026237488,0.04688214138150215,0.5555555820465088,0.3730158805847168,0.6746031641960144
2024-09,2024-09-01,2024-09-30,2022-09-01,2024-08-05,3631,2024-09-30,4,0.056719964483113026,-0.06896556913852692,-0.09396231174468994,0.5555555820465088,0.3730158805847168,0.6746031641960144
2024-09,2024-09-01,2024-09-30,2022-09-01,2024-08-05,1595,2024-09-30,5,0.05307777812560745,0.5489549040794373,0.523958146572113,0.5555555820465088,0.3730158805847168,0.6746031641960144
2024-09,2024-09-01,2024-09-30,2022-09-01,2024-08-05,6405,2024-09-30,6,0.04911097355011795,0.10807444155216217,0.08307769894599915,0.5555555820465088,0.3730158805847168,0.6746031641960144
2024-09,2024-09-01,2024-09-30,2022-09-01,2024-08-05,8059,2024-09-30,7,0.04894914349250559,0.03857564553618431,0.01357890572398901,0.5555555820465088,0.3730158805847168,0.6746031641960144
2024-09,2024-09-01,2024-09-30,2022-09-01,2024-08-05,4577,2024-09-30,8,0.04817913277413278,0.26570045948028564,0.24070371687412262,0.5555555820465088,0.3730158805847168,0.6746031641960144
2024-09,2024-09-01,2024-09-30,2022-09-01,2024-08-05,5278,2024-09-30,9,0.04754993302472754,0.23012562096118927,0.20512887835502625,0.5555555820465088,0.3730158805847168,0.6746031641960144
2024-09,2024-09-01,2024-09-30,2022-09-01,2024-08-05,3455,2024-09-30,10,0.046493619872998285,0.08076926320791245,0.05577252432703972,0.5555555820465088,0.3730158805847168,0.6746031641960144
2024-09,2024-09-01,2024-09-30,2022-09-01,2024-08-05,7734,2024-09-30,11,0.044491334006193685,0.18439717590808868,0.15940043330192566,0.5555555820465088,0.3730158805847168,0.6746031641960144
2024-09,2024-09-01,2024-09-30,2022-09-01,2024-08-05,7728,2024-09-30,12,0.04376088842629754,0.03020136058330536,0.005204620771110058,0.5555555820465088,0.3730158805847168,0.6746031641960144
2024-09,2024-09-01,2024-09-30,2022-09-01,2024-08-05,6199,2024-09-30,13,0.042789950425340055,0.25871556997299194,0.23371882736682892,0.5555555820465088,0.3730158805847168,0.6746031641960144
2024-09,2024-09-01,2024-09-30,2022-09-01,2024-08-05,3354,2024-09-30,14,0.04189103120817158,-0.09000007063150406,-0.11499681323766708,0.5555555820465088,0.3730158805847168,0.6746031641960144
2024-09,2024-09-01,2024-09-30,2022-09-01,2024-08-05,3230,2024-09-30,15,0.04038324500882648,-0.11226250231266022,-0.13725924491882324,0.5555555820465088,0.3730158805847168,0.6746031641960144
2024-09,2024-09-01,2024-09-30,2022-09-01,2024-08-05,2070,2024-09-30,16,0.034645526178206855,-0.2186046540737152,-0.24360139667987823,0.5555555820465088,0.3730158805847168,0.6746031641960144
2024-09,2024-09-01,2024-09-30,2022-09-01,2024-08-05,4977,2024-09-30,17,0.034558780994060255,0.014084504917263985,-0.010912234894931316,0.5555555820465088,0.3730158805847168,0.6746031641960144
2024-09,2024-09-01,2024-09-30,2022-09-01,2024-08-05,6706,2024-09-30,18,0.032946910582751815,0.01744186133146286,-0.007554878480732441,0.5555555820465088,0.3730158805847168,0.6746031641960144
2024-09,2024-09-01,2024-09-30,2022-09-01,2024-08-05,3141,2024-09-30,19,0.032542719304017365,-0.05900944396853447,-0.0840061828494072,0.5555555820465088,0.3730158805847168,0.6746031641960144
2024-09,2024-09-01,2024-09-30,2022-09-01,2024-08-05,3025,2024-09-30,20,0.0320985938244907,0.16049373149871826,0.13549698889255524,0.5555555820465088,0.3730158805847168,0.6746031641960144
2024-09,2024-09-01,2024-09-30,2022-09-01,2024-08-05,2444,2024-09-30,21,0.032015004658333616,-0.0371621735394001,-0.06215891242027283,0.5555555820465088,0.3730158805847168,0.6746031641960144
2024-09,2024-09-01,2024-09-30,2022-09-01,2024-08-05,3081,2024-09-30,22,0.03146865263390148,0.11908644437789917,0.09408970177173615,0.5555555820465088,0.3730158805847168,0.6746031641960144
2024-09,2024-09-01,2024-09-30,2022-09-01,2024-08-05,4416,2024-09-30,23,0.031203974743542813,-0.18058457970619202,-0.20558132231235504,0.5555555820465088,0.3730158805847168,0.6746031641960144
2024-09,2024-09-01,2024-09-30,2022-09-01,2024-08-05,4166,2024-09-30,24,0.029940759093480065,0.4377431869506836,0.41274645924568176,0.5555555820465088,0.3730158805847168,0.6746031641960144
2024-09,2024-09-01,2024-09-30,2022-09-01,2024-08-05,6104,2024-09-30,25,0.028388422914942694,-0.030303046107292175,-0.0552997849881649,0.5555555820465088,0.3730158805847168,0.6746031641960144
2024-09,2024-09-01,2024-09-30,2022-09-01,2024-08-05,1721,2024-09-30,26,0.028328063704963023,-0.18023255467414856,-0.20522929728031158,0.5555555820465088,0.3730158805847168,0.6746031641960144
2024-09,2024-09-01,2024-09-30,2022-09-01,2024-08-05,6919,2024-09-30,27,0.02751428950411211,-0.09693878889083862,-0.12193553149700165,0.5555555820465088,0.3730158805847168,0.6746031641960144
2024-09,2024-09-01,2024-09-30,2022-09-01,2024-08-05,4526,2024-09-30,28,0.02700078467740964,-0.07204610854387283,-0.09704285115003586,0.5555555820465088,0.3730158805847168,0.6746031641960144
2024-09,2024-09-01,2024-09-30,2022-09-01,2024-08-05,4927,2024-09-30,29,0.026260436756364563,-0.26003485918045044,-0.28503158688545227,0.5555555820465088,0.3730158805847168,0.6746031641960144
2024-09,2024-09-01,2024-09-30,2022-09-01,2024-08-05,3054,2024-09-30,30,0.0261542385631701,-0.032679736614227295,-0.05767647549510002,0.5555555820465088,0.3730158805847168,0.6746031641960144
2024-10,2024-10-01,2024-10-31,2022-10-01,2024-09-02,7734,2024-10-30,1,0.11092846170055955,0.041176505386829376,0.06403011828660965,0.2857142984867096,0.3928571343421936,0.0555555559694767
2024-10,2024-10-01,2024-10-31,2022-10-01,2024-09-02,8937,2024-10-30,2,0.08199950019683185,0.586758017539978,0.6096116304397583,0.2857142984867096,0.3928571343421936,0.0555555559694767
2024-10,2024-10-01,2024-10-31,2022-10-01,2024-09-02,8059,2024-10-30,3,0.07852845234903698,-0.07571432739496231,-0.05286071449518204,0.2857142984867096,0.3928571343421936,0.0555555559694767
2024-10,2024-10-01,2024-10-31,2022-10-01,2024-09-02,2431,2024-10-30,4,0.0721468812246053,-0.094117671251297,-0.07126405835151672,0.2857142984867096,0.3928571343421936,0.0555555559694767
2024-10,2024-10-01,2024-10-31,2022-10-01,2024-09-02,3498,2024-10-30,5,0.06983386807571544,-0.19195044040679932,-0.16909682750701904,0.2857142984867096,0.3928571343421936,0.0555555559694767
2024-10,2024-10-01,2024-10-31,2022-10-01,2024-09-02,4166,2024-10-30,6,0.06829487698185115,-0.01891893893480301,0.003934675361961126,0.2857142984867096,0.3928571343421936,0.0555555559694767
2024-10,2024-10-01,2024-10-31,2022-10-01,2024-09-02,3230,2024-10-30,7,0.06734539992340165,0.17595621943473816,0.19880983233451843,0.2857142984867096,0.3928571343421936,0.0555555559694767
2024-10,2024-10-01,2024-10-31,2022-10-01,2024-09-02,1569,2024-10-30,8,0.06608903625776971,0.7122507691383362,0.7351043820381165,0.2857142984867096,0.3928571343421936,0.0555555559694767
2024-10,2024-10-01,2024-10-31,2022-10-01,2024-09-02,1528,2024-10-30,9,0.06332978834817016,-0.13086417317390442,-0.10801056027412415,0.2857142984867096,0.3928571343421936,0.0555555559694767
2024-10,2024-10-01,2024-10-31,2022-10-01,2024-09-02,4934,2024-10-30,10,0.06082102851255709,-0.051020409911870956,-0.028166795149445534,0.2857142984867096,0.3928571343421936,0.0555555559694767
2024-10,2024-10-01,2024-10-31,2022-10-01,2024-09-02,6821,2024-10-30,11,0.058029270388153247,-0.08931854367256165,-0.06646493077278137,0.2857142984867096,0.3928571343421936,0.0555555559694767
2024-10,2024-10-01,2024-10-31,2022-10-01,2024-09-02,3466,2024-10-30,12,0.05576058689487176,-0.08104194700717926,-0.05818833410739899,0.2857142984867096,0.3928571343421936,0.0555555559694767
2024-10,2024-10-01,2024-10-31,2022-10-01,2024-09-02,7709,2024-10-30,13,0.0541624023122653,-0.025862108916044235,-0.0030084946192801,0.2857142984867096,0.3928571343421936,0.0555555559694767
2024-10,2024-10-01,2024-10-31,2022-10-01,2024-09-02,6823,2024-10-30,14,0.054029883789931295,-0.13769125938415527,-0.114837646484375,0.2857142984867096,0.3928571343421936,0.0555555559694767
2024-10,2024-10-01,2024-10-31,2022-10-01,2024-09-02,6706,2024-10-30,15,0.04987762495014698,-0.07255520671606064,-0.049701593816280365,0.2857142984867096,0.3928571343421936,0.0555555559694767
2024-10,2024-10-01,2024-10-31,2022-10-01,2024-09-02,8935,2024-10-30,16,0.049782273938706316,0.09774430096149445,0.12059791386127472,0.2857142984867096,0.3928571343421936,0.0555555559694767
2024-10,2024-10-01,2024-10-31,2022-10-01,2024-09-02,7728,2024-10-30,17,0.04978201522920142,0.012986983172595501,0.03584059700369835,0.2857142984867096,0.3928571343421936,0.0555555559694767
2024-10,2024-10-01,2024-10-31,2022-10-01,2024-09-02,3025,2024-10-30,18,0.04907783696586841,0.05322122201323509,0.07607483863830566,0.2857142984867096,0.3928571343421936,0.0555555559694767
2024-10,2024-10-01,2024-10-31,2022-10-01,2024-09-02,7721,2024-10-30,19,0.048091556432397854,-0.040391646325588226,-0.017538031563162804,0.2857142984867096,0.3928571343421936,0.0555555559694767
2024-10,2024-10-01,2024-10-31,2022-10-01,2024-09-02,5484,2024-10-30,20,0.04745757453704013,-0.10460995137691498,-0.0817563384771347,0.2857142984867096,0.3928571343421936,0.0555555559694767
2024-10,2024-10-01,2024-10-31,2022-10-01,2024-09-02,1595,2024-10-30,21,0.04718795969808854,-0.33379122614860535,-0.3109376132488251,0.2857142984867096,0.3928571343421936,0.0555555559694767
2024-10,2024-10-01,2024-10-31,2022-10-01,2024-09-02,7547,2024-10-30,22,0.046646286248287185,-0.0960383489727974,-0.07318473607301712,0.2857142984867096,0.3928571343421936,0.0555555559694767
2024-10,2024-10-01,2024-10-31,2022-10-01,2024-09-02,3714,2024-10-30,23,0.04478593936873679,-0.04301075264811516,-0.020157137885689735,0.2857142984867096,0.3928571343421936,0.0555555559694767
2024-10,2024-10-01,2024-10-31,2022-10-01,2024-09-02,8176,2024-10-30,24,0.04407167703501729,-0.044303786009550095,-0.021450171247124672,0.2857142984867096,0.3928571343421936,0.0555555559694767
2024-10,2024-10-01,2024-10-31,2022-10-01,2024-09-02,3066,2024-10-30,25,0.04364177312723518,-0.07042253762483597,-0.047568924725055695,0.2857142984867096,0.3928571343421936,0.0555555559694767
2024-10,2024-10-01,2024-10-31,2022-10-01,2024-09-02,4971,2024-10-30,26,0.04337956557177624,0.22297297418117523,0.2458265870809555,0.2857142984867096,0.3928571343421936,0.0555555559694767
2024-10,2024-10-01,2024-10-31,2022-10-01,2024-09-02,7751,2024-10-30,27,0.0430616954624971,-0.03953488916158676,-0.01668127439916134,0.2857142984867096,0.3928571343421936,0.0555555559694767
2024-10,2024-10-01,2024-10-31,2022-10-01,2024-09-02,5202,2024-10-30,28,0.0419985241401696,-0.2176080048084259,-0.19475439190864563,0.2857142984867096,0.3928571343421936,0.0555555559694767
2024-10,2024-10-01,2024-10-31,2022-10-01,2024-09-02,3455,2024-10-30,29,0.041663459780192015,-0.07251911610364914,-0.049665503203868866,0.2857142984867096,0.3928571343421936,0.0555555559694767
2024-10,2024-10-01,2024-10-31,2022-10-01,2024-09-02,6609,2024-10-30,30,0.04129309720349089,-0.2212560623884201,-0.19840244948863983,0.2857142984867096,0.3928571343421936,0.0555555559694767
2024-11,2024-11-01,2024-11-30,2022-11-01,2024-09-30,8937,2024-11-29,1,0.032466511823681515,-0.11564625799655914,-0.16115686297416687,0.1349206417798996,0.1111111119389534,0.2023809552192688
2024-11,2024-11-01,2024-11-30,2022-11-01,2024-09-30,4971,2024-11-29,2,0.031700804721955696,0.026106731966137886,-0.019403865560889244,0.1349206417798996,0.1111111119389534,0.2023809552192688
2024-11,2024-11-01,2024-11-30,2022-11-01,2024-09-30,1569,2024-11-29,3,0.03163605492812703,-0.19999998807907104,-0.24551059305667877,0.1349206417798996,0.1111111119389534,0.2023809552192688
2024-11,2024-11-01,2024-11-30,2022-11-01,2024-09-30,6877,2024-11-29,4,0.029837646596792455,0.2789471447467804,0.23343653976917267,0.1349206417798996,0.1111111119389534,0.2023809552192688
2024-11,2024-11-01,2024-11-30,2022-11-01,2024-09-30,6668,2024-11-29,5,0.025609790558725982,0.003759412793442607,-0.041751183569431305,0.1349206417798996,0.1111111119389534,0.2023809552192688
2024-11,2024-11-01,2024-11-30,2022-11-01,2024-09-30,6547,2024-11-29,6,0.02515982468109674,-0.052896782755851746,-0.09840738028287888,0.1349206417798996,0.1111111119389534,0.2023809552192688
2024-11,2024-11-01,2024-11-30,2022-11-01,2024-09-30,6558,2024-11-29,7,0.02502803033848821,0.0074720014818012714,-0.038038596510887146,0.1349206417798996,0.1111111119389534,0.2023809552192688
2024-11,2024-11-01,2024-11-30,2022-11-01,2024-09-30,6541,2024-11-29,8,0.020868278131669776,-0.1398891806602478,-0.18539978563785553,0.1349206417798996,0.1111111119389534,0.2023809552192688
2024-11,2024-11-01,2024-11-30,2022-11-01,2024-09-30,2236,2024-11-29,9,0.01931288790510658,-0.008130080997943878,-0.05364067852497101,0.1349206417798996,0.1111111119389534,0.2023809552192688
2024-11,2024-11-01,2024-11-30,2022-11-01,2024-09-30,3092,2024-11-29,10,0.01931288790510658,-0.13787876069545746,-0.18338936567306519,0.1349206417798996,0.1111111119389534,0.2023809552192688
2024-11,2024-11-01,2024-11-30,2022-11-01,2024-09-30,6919,2024-11-29,11,0.018581172783199908,0.006622478365898132,-0.038888119161129,0.1349206417798996,0.1111111119389534,0.2023809552192688
2024-11,2024-11-01,2024-11-30,2022-11-01,2024-09-30,8044,2024-11-29,12,0.017291113378089796,-0.13766731321811676,-0.1831779181957245,0.1349206417798996,0.1111111119389534,0.2023809552192688
2024-11,2024-11-01,2024-11-30,2022-11-01,2024-09-30,3625,2024-11-29,13,0.010889794263866284,0.18437504768371582,0.1388644427061081,0.1349206417798996,0.1111111119389534,0.2023809552192688
2024-11,2024-11-01,2024-11-30,2022-11-01,2024-09-30,4303,2024-11-29,14,0.01049837919871596,-0.03757226839661598,-0.08308286964893341,0.1349206417798996,0.1111111119389534,0.2023809552192688
2024-11,2024-11-01,2024-11-30,2022-11-01,2024-09-30,6199,2024-11-29,15,0.010053716826522424,0.3680258095264435,0.32251521944999695,0.1349206417798996,0.1111111119389534,0.2023809552192688
2024-11,2024-11-01,2024-11-30,2022-11-01,2024-09-30,4991,2024-11-29,16,0.008612644781990529,0.38945236802101135,0.3439417779445648,0.1349206417798996,0.1111111119389534,0.2023809552192688
2024-11,2024-11-01,2024-11-30,2022-11-01,2024-09-30,6854,2024-11-29,17,0.007965262142930793,0.1958041936159134,0.15029358863830566,0.1349206417798996,0.1111111119389534,0.2023809552192688
2024-11,2024-11-01,2024-11-30,2022-11-01,2024-09-30,3323,2024-11-29,18,0.007671246667418712,-0.11912942677736282,-0.16464002430438995,0.1349206417798996,0.1111111119389534,0.2023809552192688
2024-11,2024-11-01,2024-11-30,2022-11-01,2024-09-30,6174,2024-11-29,19,0.007095092299893983,-0.08211677521467209,-0.12762737274169922,0.1349206417798996,0.1111111119389534,0.2023809552192688
2024-11,2024-11-01,2024-11-30,2022-11-01,2024-09-30,4968,2024-11-29,20,0.006662974075715182,0.007009345572441816,-0.038501251488924026,0.1349206417798996,0.1111111119389534,0.2023809552192688
2024-11,2024-11-01,2024-11-30,2022-11-01,2024-09-30,3419,2024-11-29,21,0.006228399845744946,-0.0984455794095993,-0.14395618438720703,0.1349206417798996,0.1111111119389534,0.2023809552192688
2024-11,2024-11-01,2024-11-30,2022-11-01,2024-09-30,1815,2024-11-29,22,0.00616365005191628,-0.0758620947599411,-0.12137269228696823,0.1349206417798996,0.1111111119389534,0.2023809552192688
2024-11,2024-11-01,2024-11-30,2022-11-01,2024-09-30,2444,2024-11-29,23,0.00616365005191628,-0.010752729140222073,-0.05626332759857178,0.1349206417798996,0.1111111119389534,0.2023809552192688
2024-11,2024-11-01,2024-11-30,2022-11-01,2024-09-30,6757,2024-11-29,24,0.006133429319983438,-0.010256449691951275,-0.05576704815030098,0.1349206417798996,0.1111111119389534,0.2023809552192688
2024-11,2024-11-01,2024-11-30,2022-11-01,2024-09-30,6510,2024-11-29,25,0.005743296490126995,0.18010744452476501,0.1345968395471573,0.1349206417798996,0.1111111119389534,0.2023809552192688
2024-11,2024-11-01,2024-11-30,2022-11-01,2024-09-30,2359,2024-11-29,26,0.005736818012420655,0.1785714030265808,0.13306079804897308,0.1349206417798996,0.1111111119389534,0.2023809552192688
2024-11,2024-11-01,2024-11-30,2022-11-01,2024-09-30,7728,2024-11-29,27,0.005423703099977467,-0.04278919845819473,-0.08829979598522186,0.1349206417798996,0.1111111119389534,0.2023809552192688
2024-11,2024-11-01,2024-11-30,2022-11-01,2024-09-30,6472,2024-11-29,28,0.00538848488181138,-0.13808974623680115,-0.18360035121440887,0.1349206417798996,0.1111111119389534,0.2023809552192688
2024-11,2024-11-01,2024-11-30,2022-11-01,2024-09-30,3230,2024-11-29,29,0.005236126494241076,0.09773128479719162,0.05222068727016449,0.1349206417798996,0.1111111119389534,0.2023809552192688
2024-11,2024-11-01,2024-11-30,2022-11-01,2024-09-30,3511,2024-11-29,30,0.00506630793663275,-0.10943392664194107,-0.1549445241689682,0.1349206417798996,0.1111111119389534,0.2023809552192688
2024-12,2024-12-01,2024-12-31,2022-12-01,2024-11-04,1442,2024-12-31,1,0.02412046112693903,0.10949864983558655,0.09025975316762924,0.4841269850730896,0.261904776096344,0.1230158731341362
2024-12,2024-12-01,2024-12-31,2022-12-01,2024-11-04,6739,2024-12-31,2,0.02412046112693903,0.031862739473581314,0.012623841874301434,0.4841269850730896,0.261904776096344,0.1230158731341362
2024-12,2024-12-01,2024-12-31,2022-12-01,2024-11-04,7728,2024-12-31,3,0.02412046112693903,0.3779660761356354,0.35872718691825867,0.4841269850730896,0.261904776096344,0.1230158731341362
2024-12,2024-12-01,2024-12-31,2022-12-01,2024-11-04,7734,2024-12-31,4,0.02412046112693903,0.06211191415786743,0.042873017489910126,0.4841269850730896,0.261904776096344,0.1230158731341362
2024-12,2024-12-01,2024-12-31,2022-12-01,2024-11-04,7709,2024-12-31,5,0.024118633374502214,-0.01628660224378109,-0.035525500774383545,0.4841269850730896,0.261904776096344,0.1230158731341362
2024-12,2024-12-01,2024-12-31,2022-12-01,2024-11-04,4772,2024-12-31,6,0.022737874997388878,0.41379305720329285,0.39455416798591614,0.4841269850730896,0.261904776096344,0.1230158731341362
2024-12,2024-12-01,2024-12-31,2022-12-01,2024-11-04,6199,2024-12-31,7,0.009919737290284489,0.046692606061697006,0.0274537093937397,0.4841269850730896,0.261904776096344,0.1230158731341362
2024-12,2024-12-01,2024-12-31,2022-12-01,2024-11-04,6913,2024-12-31,8,0.005993820323335901,-0.020161304622888565,-0.03940020129084587,0.4841269850730896,0.261904776096344,0.1230158731341362
2024-12,2024-12-01,2024-12-31,2022-12-01,2024-11-04,5443,2024-12-31,9,0.005993820323335901,-0.1533631831407547,-0.1726020872592926,0.4841269850730896,0.261904776096344,0.1230158731341362
2024-12,2024-12-01,2024-12-31,2022-12-01,2024-11-04,3211,2024-12-31,10,0.005993820323335901,-0.13539192080497742,-0.15463082492351532,0.4841269850730896,0.261904776096344,0.1230158731341362
2024-12,2024-12-01,2024-12-31,2022-12-01,2024-11-04,6510,2024-12-31,11,0.002551010324540978,-0.11186438053846359,-0.1311032772064209,0.4841269850730896,0.261904776096344,0.1230158731341362
2024-12,2024-12-01,2024-12-31,2022-12-01,2024-11-04,8404,2024-12-31,12,0.002551010324540978,-0.051724180579185486,-0.07096307724714279,0.4841269850730896,0.261904776096344,0.1230158731341362
2024-12,2024-12-01,2024-12-31,2022-12-01,2024-11-04,6890,2024-12-31,13,0.002551010324540978,0.22597406804561615,0.20673516392707825,0.4841269850730896,0.261904776096344,0.1230158731341362
2024-12,2024-12-01,2024-12-31,2022-12-01,2024-11-04,3528,2024-12-31,14,0.002551010324540978,0.005893894471228123,-0.013345003128051758,0.4841269850730896,0.261904776096344,0.1230158731341362
2024-12,2024-12-01,2024-12-31,2022-12-01,2024-11-04,2615,2024-12-31,15,0.002551010324540978,-0.08078333735466003,-0.10002223402261734,0.4841269850730896,0.261904776096344,0.1230158731341362
2024-12,2024-12-01,2024-12-31,2022-12-01,2024-11-04,6187,2024-12-31,16,0.002551010324540978,-0.006165228318423033,-0.025404125452041626,0.4841269850730896,0.261904776096344,0.1230158731341362
2024-12,2024-12-01,2024-12-31,2022-12-01,2024-11-04,6220,2024-12-31,17,0.002551010324540978,-0.07208868861198425,-0.09132758527994156,0.4841269850730896,0.261904776096344,0.1230158731341362
2024-12,2024-12-01,2024-12-31,2022-12-01,2024-11-04,6994,2024-12-31,18,0.002551010324540978,0.0952380821108818,0.0759991854429245,0.4841269850730896,0.261904776096344,0.1230158731341362
2024-12,2024-12-01,2024-12-31,2022-12-01,2024-11-04,2609,2024-12-31,19,0.002551010324540978,-0.11548550426959991,-0.13472440838813782,0.4841269850730896,0.261904776096344,0.1230158731341362
2024-12,2024-12-01,2024-12-31,2022-12-01,2024-11-04,7721,2024-12-31,20,0.002551010324540978,-0.044416267424821854,-0.06365516781806946,0.4841269850730896,0.261904776096344,0.1230158731341362
2024-12,2024-12-01,2024-12-31,2022-12-01,2024-11-04,2545,2024-12-31,21,0.002551010324540978,0.007751957979053259,-0.011486939154565334,0.4841269850730896,0.261904776096344,0.1230158731341362
2024-12,2024-12-01,2024-12-31,2022-12-01,2024-11-04,4541,2024-12-31,22,0.002551010324540978,0.030612239614129066,0.011373342014849186,0.4841269850730896,0.261904776096344,0.1230158731341362
2024-12,2024-12-01,2024-12-31,2022-12-01,2024-11-04,6919,2024-12-31,23,0.0025491825721041615,0.3607085645198822,0.3414696753025055,0.4841269850730896,0.261904776096344,0.1230158731341362
2024-12,2024-12-01,2024-12-31,2022-12-01,2024-11-04,3450,2024-12-31,24,0.0025491825721041615,0.06854135543107986,0.04930245876312256,0.4841269850730896,0.261904776096344,0.1230158731341362
2024-12,2024-12-01,2024-12-31,2022-12-01,2024-11-04,4749,2024-12-31,25,0.0025491825721041615,-0.0427098423242569,-0.0619487389922142,0.4841269850730896,0.261904776096344,0.1230158731341362
2024-12,2024-12-01,2024-12-31,2022-12-01,2024-11-04,3363,2024-12-31,26,0.0025491825721041615,0.3562752902507782,0.3370364010334015,0.4841269850730896,0.261904776096344,0.1230158731341362
2024-12,2024-12-01,2024-12-31,2022-12-01,2024-11-04,2332,2024-12-31,27,0.0025491825721041615,-0.03137250989675522,-0.050611406564712524,0.4841269850730896,0.261904776096344,0.1230158731341362
2024-12,2024-12-01,2024-12-31,2022-12-01,2024-11-04,2355,2024-12-31,28,0.001282502545600861,-0.029639147222042084,-0.04887804388999939,0.4841269850730896,0.261904776096344,0.1230158731341362
2024-12,2024-12-01,2024-12-31,2022-12-01,2024-11-04,2211,2024-12-31,29,0.001282502545600861,0.0011223279871046543,-0.01811656914651394,0.4841269850730896,0.261904776096344,0.1230158731341362
2024-12,2024-12-01,2024-12-31,2022-12-01,2024-11-04,2483,2024-12-31,30,0.001282502545600861,0.0022321445867419243,-0.017006753012537956,0.4841269850730896,0.261904776096344,0.1230158731341362
2025-01,2025-01-01,2025-01-31,2023-01-01,2024-12-04,3005,2025-01-22,1,0.014243646403750957,0.06926403939723969,0.10195890814065933,0.4166666567325592,0.3373015820980072,0.3650793731212616
2025-01,2025-01-01,2025-01-31,2023-01-01,2024-12-04,2324,2025-01-22,2,0.014243646403750957,0.02060442417860031,0.05329929292201996,0.4166666567325592,0.3373015820980072,0.3650793731212616
2025-01,2025-01-01,2025-01-31,2023-01-01,2024-12-04,3231,2025-01-22,3,0.014243646403750957,0.05940592288970947,0.09210079163312912,0.4166666567325592,0.3373015820980072,0.3650793731212616
2025-01,2025-01-01,2025-01-31,2023-01-01,2024-12-04,2395,2025-01-22,4,0.014243646403750957,0.007547110319137573,0.04024197906255722,0.4166666567325592,0.3373015820980072,0.3650793731212616
2025-01,2025-01-01,2025-01-31,2023-01-01,2024-12-04,2356,2025-01-22,5,0.014243646403750957,0.0010798878502100706,0.03377475589513779,0.4166666567325592,0.3373015820980072,0.3650793731212616
2025-01,2025-01-01,2025-01-31,2023-01-01,2024-12-04,2365,2025-01-22,6,0.012532412957461004,0.1611374169588089,0.19383227825164795,0.4166666567325592,0.3373015820980072,0.3650793731212616
2025-01,2025-01-01,2025-01-31,2023-01-01,2024-12-04,2417,2025-01-22,7,0.012532412957461004,0.05217393860220909,0.08486880362033844,0.4166666567325592,0.3373015820980072,0.3650793731212616
2025-01,2025-01-01,2025-01-31,2023-01-01,2024-12-04,3224,2025-01-22,8,0.005730521261901765,-0.06906908005475998,-0.03637421131134033,0.4166666567325592,0.3373015820980072,0.3650793731212616
2025-01,2025-01-01,2025-01-31,2023-01-01,2024-12-04,3056,2025-01-22,9,0.005730521261901765,0.11353039741516113,0.14622525870800018,0.4166666567325592,0.3373015820980072,0.3650793731212616
2025-01,2025-01-01,2025-01-31,2023-01-01,2024-12-04,4938,2025-01-22,10,0.005481368463843991,0.0010525481775403023,0.033747415989637375,0.4166666567325592,0.3373015820980072,0.3650793731212616
2025-01,2025-01-01,2025-01-31,2023-01-01,2024-12-04,8076,2025-01-22,11,0.005481368463843991,0.06006501242518425,0.0927598774433136,0.4166666567325592,0.3373015820980072,0.3650793731212616
2025-01,2025-01-01,2025-01-31,2023-01-01,2024-12-04,6188,2025-01-22,12,0.005481368463843991,0.03640036657452583,0.06909523159265518,0.4166666567325592,0.3373015820980072,0.3650793731212616
2025-01,2025-01-01,2025-01-31,2023-01-01,2024-12-04,2387,2025-01-22,13,0.005481368463843991,0.15737707912921906,0.1900719404220581,0.4166666567325592,0.3373015820980072,0.3650793731212616
2025-01,2025-01-01,2025-01-31,2023-01-01,2024-12-04,2362,2025-01-22,14,0.005481368463843991,-0.032480232417583466,0.00021463457960635424,0.4166666567325592,0.3373015820980072,0.3650793731212616
2025-01,2025-01-01,2025-01-31,2023-01-01,2024-12-04,3017,2025-01-22,15,0.005481368463843991,-0.005747160408645868,0.026947706937789917,0.4166666567325592,0.3373015820980072,0.3650793731212616
2025-01,2025-01-01,2025-01-31,2023-01-01,2024-12-04,2301,2025-01-22,16,0.005481368463843991,0.04285714030265808,0.07555200904607773,0.4166666567325592,0.3373015820980072,0.3650793731212616
2025-01,2025-01-01,2025-01-31,2023-01-01,2024-12-04,3416,2025-01-22,17,0.005481368463843991,0.05295950919389725,0.0856543779373169,0.4166666567325592,0.3373015820980072,0.3650793731212616
2025-01,2025-01-01,2025-01-31,2023-01-01,2024-12-04,3211,2025-01-22,18,0.005481368463843991,-0.0758807361125946,-0.04318586736917496,0.4166666567325592,0.3373015820980072,0.3650793731212616
2025-01,2025-01-01,2025-01-31,2023-01-01,2024-12-04,2495,2025-01-22,19,0.005481368463843991,-0.03278690204024315,-9.203503577737138e-05,0.4166666567325592,0.3373015820980072,0.3650793731212616
2025-01,2025-01-01,2025-01-31,2023-01-01,2024-12-04,6121,2025-01-22,20,0.005481368463843991,-0.02577320672571659,0.006921660155057907,0.4166666567325592,0.3373015820980072,0.3650793731212616
2025-01,2025-01-01,2025-01-31,2023-01-01,2024-12-04,5474,2025-01-22,21,0.005481368463843991,0.08215297758579254,0.11484784632921219,0.4166666567325592,0.3373015820980072,0.3650793731212616
2025-01,2025-01-01,2025-01-31,2023-01-01,2024-12-04,6206,2025-01-22,22,0.005481368463843991,0.6109914183616638,0.6436862945556641,0.4166666567325592,0.3373015820980072,0.3650793731212616
2025-01,2025-01-01,2025-01-31,2023-01-01,2024-12-04,6534,2025-01-22,23,0.005481368463843991,0.026731397956609726,0.05942626670002937,0.4166666567325592,0.3373015820980072,0.3650793731212616
2025-01,2025-01-01,2025-01-31,2023-01-01,2024-12-04,3712,2025-01-22,24,0.005481368463843991,0.1284722536802292,0.16116711497306824,0.4166666567325592,0.3373015820980072,0.3650793731212616
2025-01,2025-01-01,2025-01-31,2023-01-01,2024-12-04,2377,2025-01-22,25,0.005481368463843991,0.03921561688184738,0.07191048562526703,0.4166666567325592,0.3373015820980072,0.3650793731212616
2025-01,2025-01-01,2025-01-31,2023-01-01,2024-12-04,2025,2025-01-22,26,0.005413204884510485,0.03738604113459587,0.07008090615272522,0.4166666567325592,0.3373015820980072,0.3650793731212616
2025-01,2025-01-01,2025-01-31,2023-01-01,2024-12-04,2023,2025-01-22,27,0.005413204884510485,0.10784317553043365,0.1405380368232727,0.4166666567325592,0.3373015820980072,0.3650793731212616
2025-01,2025-01-01,2025-01-31,2023-01-01,2024-12-04,8071,2025-01-22,28,0.005413204884510485,0.04838544502854347,0.08108031004667282,0.4166666567325592,0.3373015820980072,0.3650793731212616
2025-01,2025-01-01,2025-01-31,2023-01-01,2024-12-04,1598,2025-01-22,29,0.005413204884510485,-0.027570005506277084,0.005124861374497414,0.4166666567325592,0.3373015820980072,0.3650793731212616
2025-01,2025-01-01,2025-01-31,2023-01-01,2024-12-04,4526,2025-01-22,30,0.005413204884510485,0.18861213326454163,0.22130699455738068,0.4166666567325592,0.3373015820980072,0.3650793731212616
2025-02,2025-02-01,2025-02-28,2023-02-01,2024-12-25,4971,2025-02-27,1,0.010037034345902526,-0.20121951401233673,-0.13830892741680145,0.369047611951828,0.3452380895614624,0.9603174328804016
2025-02,2025-02-01,2025-02-28,2023-02-01,2024-12-25,1436,2025-02-27,2,0.004284110173789478,-0.06810034811496735,-0.0051897610537707806,0.369047611951828,0.3452380895614624,0.9603174328804016
2025-02,2025-02-01,2025-02-28,2023-02-01,2024-12-25,2615,2025-02-27,3,0.004284110173789478,-0.004842587746679783,0.05806799978017807,0.369047611951828,0.3452380895614624,0.9603174328804016
2025-02,2025-02-01,2025-02-28,2023-02-01,2024-12-25,3712,2025-02-27,4,-0.0008176682930809768,-0.18445122241973877,-0.12154063582420349,0.369047611951828,0.3452380895614624,0.9603174328804016
2025-02,2025-02-01,2025-02-28,2023-02-01,2024-12-25,6141,2025-02-27,5,-0.0008176682930809768,-0.14332252740859985,-0.08041194081306458,0.369047611951828,0.3452380895614624,0.9603174328804016
2025-02,2025-02-01,2025-02-28,2023-02-01,2024-12-25,8227,2025-02-27,6,-0.0008176682930809768,-0.1532033383846283,-0.09029275178909302,0.369047611951828,0.3452380895614624,0.9603174328804016
2025-02,2025-02-01,2025-02-28,2023-02-01,2024-12-25,1618,2025-02-27,7,-0.0008176682930809768,-0.057114288210868835,0.00579629885032773,0.369047611951828,0.3452380895614624,0.9603174328804016
2025-02,2025-02-01,2025-02-28,2023-02-01,2024-12-25,5608,2025-02-27,8,-0.0008176682930809768,-0.07038838416337967,-0.0074777971021831036,0.369047611951828,0.3452380895614624,0.9603174328804016
2025-02,2025-02-01,2025-02-28,2023-02-01,2024-12-25,8088,2025-02-27,9,-0.0008176682930809768,0.26890766620635986,0.33181825280189514,0.369047611951828,0.3452380895614624,0.9603174328804016
2025-02,2025-02-01,2025-02-28,2023-02-01,2024-12-25,5864,2025-02-27,10,-0.0008176682930809768,-0.04430382698774338,0.0186067596077919,0.369047611951828,0.3452380895614624,0.9603174328804016
2025-02,2025-02-01,2025-02-28,2023-02-01,2024-12-25,1540,2025-02-27,11,-0.0008176682930809768,-0.15288221836090088,-0.0899716317653656,0.369047611951828,0.3452380895614624,0.9603174328804016
2025-02,2025-02-01,2025-02-28,2023-02-01,2024-12-25,1616,2025-02-27,12,-0.0008176682930809768,0.19900493323802948,0.26191553473472595,0.369047611951828,0.3452380895614624,0.9603174328804016
2025-02,2025-02-01,2025-02-28,2023-02-01,2024-12-25,3504,2025-02-27,13,-0.0008176682930809768,-0.14499253034591675,-0.08208194375038147,0.369047611951828,0.3452380895614624,0.9603174328804016
2025-02,2025-02-01,2025-02-28,2023-02-01,2024-12-25,1815,2025-02-27,14,-0.0008176682930809768,-0.03603605926036835,0.02687452733516693,0.369047611951828,0.3452380895614624,0.9603174328804016
2025-02,2025-02-01,2025-02-28,2023-02-01,2024-12-25,6175,2025-02-27,15,-0.0008176682930809768,-0.07242982089519501,-0.009519234299659729,0.369047611951828,0.3452380895614624,0.9603174328804016
2025-02,2025-02-01,2025-02-28,2023-02-01,2024-12-25,3558,2025-02-27,16,-0.0008176682930809768,-0.11691022664308548,-0.0539996400475502,0.369047611951828,0.3452380895614624,0.9603174328804016
2025-02,2025-02-01,2025-02-28,2023-02-01,2024-12-25,8089,2025-02-27,17,-0.0008176682930809768,-0.1595442146062851,-0.09663362801074982,0.369047611951828,0.3452380895614624,0.9603174328804016
2025-02,2025-02-01,2025-02-28,2023-02-01,2024-12-25,3188,2025-02-27,18,-0.0008176682930809768,0.013694077730178833,0.07660466432571411,0.369047611951828,0.3452380895614624,0.9603174328804016
2025-02,2025-02-01,2025-02-28,2023-02-01,2024-12-25,4976,2025-02-27,19,-0.0008176682930809768,-0.11590295284986496,-0.05299236625432968,0.369047611951828,0.3452380895614624,0.9603174328804016
2025-02,2025-02-01,2025-02-28,2023-02-01,2024-12-25,4949,2025-02-27,20,-0.0008176682930809768,0.17492017149925232,0.2378307580947876,0.369047611951828,0.3452380895614624,0.9603174328804016
2025-02,2025-02-01,2025-02-28,2023-02-01,2024-12-25,3693,2025-02-27,21,-0.0008176682930809768,-0.11369863152503967,-0.050788044929504395,0.369047611951828,0.3452380895614624,0.9603174328804016
2025-02,2025-02-01,2025-02-28,2023-02-01,2024-12-25,3689,2025-02-27,22,-0.0008176682930809768,-0.10344825685024261,-0.040537670254707336,0.369047611951828,0.3452380895614624,0.9603174328804016
2025-02,2025-02-01,2025-02-28,2023-02-01,2024-12-25,3066,2025-02-27,23,-0.0008176682930809768,-0.12916667759418488,-0.0662560909986496,0.369047611951828,0.3452380895614624,0.9603174328804016
2025-02,2025-02-01,2025-02-28,2023-02-01,2024-12-25,2606,2025-02-27,24,-0.0008176682930809768,-0.03851640596985817,0.02439418062567711,0.369047611951828,0.3452380895614624,0.9603174328804016
2025-02,2025-02-01,2025-02-28,2023-02-01,2024-12-25,4540,2025-02-27,25,-0.0008176682930809768,-0.180242657661438,-0.11733207106590271,0.369047611951828,0.3452380895614624,0.9603174328804016
2025-02,2025-02-01,2025-02-28,2023-02-01,2024-12-25,6962,2025-02-27,26,-0.0008176682930809768,-0.030456850305199623,0.032453738152980804,0.369047611951828,0.3452380895614624,0.9603174328804016
2025-02,2025-02-01,2025-02-28,2023-02-01,2024-12-25,6499,2025-02-27,27,-0.0008176682930809768,0.08930668234825134,0.15221726894378662,0.369047611951828,0.3452380895614624,0.9603174328804016
2025-02,2025-02-01,2025-02-28,2023-02-01,2024-12-25,6739,2025-02-27,28,-0.0008176682930809768,-0.24657537043094635,-0.18366478383541107,0.369047611951828,0.3452380895614624,0.9603174328804016
2025-02,2025-02-01,2025-02-28,2023-02-01,2024-12-25,6541,2025-02-27,29,-0.0008176682930809768,-0.12451867014169693,-0.06160808354616165,0.369047611951828,0.3452380895614624,0.9603174328804016
2025-02,2025-02-01,2025-02-28,2023-02-01,2024-12-25,2387,2025-02-27,30,-0.0008176682930809768,-0.09714287519454956,-0.03423228859901428,0.369047611951828,0.3452380895614624,0.9603174328804016
2025-03,2025-03-01,2025-03-31,2023-03-01,2025-01-22,5314,2025-03-31,1,0.2656063511888858,-0.22589166462421417,-0.2036229521036148,0.0515873022377491,0.0357142873108387,0.02777777798473835
2025-03,2025-03-01,2025-03-31,2023-03-01,2025-01-22,2208,2025-03-31,2,0.07646365492507488,-0.011764750815927982,0.010503963567316532,0.0515873022377491,0.0357142873108387,0.02777777798473835
2025-03,2025-03-01,2025-03-31,2023-03-01,2025-01-22,6869,2025-03-31,3,0.07623695396358,-0.0262294914573431,-0.003960777074098587,0.0515873022377491,0.0357142873108387,0.02777777798473835
2025-03,2025-03-01,2025-03-31,2023-03-01,2025-01-22,4303,2025-03-31,4,0.0728128234414126,-0.10059881955385208,-0.07833010703325272,0.0515873022377491,0.0357142873108387,0.02777777798473835
2025-03,2025-03-01,2025-03-31,2023-03-01,2025-01-22,4949,2025-03-31,5,0.0724129805555753,0.6194444298744202,0.6417131423950195,0.0515873022377491,0.0357142873108387,0.02777777798473835
2025-03,2025-03-01,2025-03-31,2023-03-01,2025-01-22,2236,2025-03-31,6,0.06233761549569286,-0.09371978044509888,-0.07145106792449951,0.0515873022377491,0.0357142873108387,0.02777777798473835
2025-03,2025-03-01,2025-03-31,2023-03-01,2025-01-22,3211,2025-03-31,7,0.05901578663425888,0.008746410720050335,0.031015124171972275,0.0515873022377491,0.0357142873108387,0.02777777798473835
2025-03,2025-03-01,2025-03-31,2023-03-01,2025-01-22,6227,2025-03-31,8,0.0573425216444201,-0.0411764420568943,-0.018907727673649788,0.0515873022377491,0.0357142873108387,0.02777777798473835
2025-03,2025-03-01,2025-03-31,2023-03-01,2025-01-22,6465,2025-03-31,9,0.05570562471457889,-0.12727275490760803,-0.10500404238700867,0.0515873022377491,0.0357142873108387,0.02777777798473835
2025-03,2025-03-01,2025-03-31,2023-03-01,2025-01-22,5278,2025-03-31,10,0.05515601955572127,-0.08402359485626221,-0.06175488233566284,0.0515873022377491,0.0357142873108387,0.02777777798473835
2025-03,2025-03-01,2025-03-31,2023-03-01,2025-01-22,2429,2025-03-31,11,0.04809598957837238,-0.1180327981710434,-0.09576408565044403,0.0515873022377491,0.0357142873108387,0.02777777798473835
2025-03,2025-03-01,2025-03-31,2023-03-01,2025-01-22,5530,2025-03-31,12,0.04701078243650917,-0.09587213397026062,-0.07360342144966125,0.0515873022377491,0.0357142873108387,0.02777777798473835
2025-03,2025-03-01,2025-03-31,2023-03-01,2025-01-22,6640,2025-03-31,13,0.04578464234643104,-0.05703885480761528,-0.034770142287015915,0.0515873022377491,0.0357142873108387,0.02777777798473835
2025-03,2025-03-01,2025-03-31,2023-03-01,2025-01-22,6141,2025-03-31,14,0.04522503338270333,-0.25839996337890625,-0.23613125085830688,0.0515873022377491,0.0357142873108387,0.02777777798473835
2025-03,2025-03-01,2025-03-31,2023-03-01,2025-01-22,2314,2025-03-31,15,0.04331120423878527,-0.05603453144431114,-0.03376581892371178,0.0515873022377491,0.0357142873108387,0.02777777798473835
2025-03,2025-03-01,2025-03-31,2023-03-01,2025-01-22,3528,2025-03-31,16,0.0399821074056309,0.30118685960769653,0.3234555721282959,0.0515873022377491,0.0357142873108387,0.02777777798473835
2025-03,2025-03-01,2025-03-31,2023-03-01,2025-01-22,1597,2025-03-31,17,0.03973677928453334,0.08508020639419556,0.10734891891479492,0.0515873022377491,0.0357142873108387,0.02777777798473835
2025-03,2025-03-01,2025-03-31,2023-03-01,2025-01-22,8085,2025-03-31,18,0.03901940747616119,-0.08091289550065994,-0.05864418298006058,0.0515873022377491,0.0357142873108387,0.02777777798473835
2025-03,2025-03-01,2025-03-31,2023-03-01,2025-01-22,6219,2025-03-31,19,0.03871870762036009,-0.21448862552642822,-0.19221991300582886,0.0515873022377491,0.0357142873108387,0.02777777798473835
2025-03,2025-03-01,2025-03-31,2023-03-01,2025-01-22,1808,2025-03-31,20,0.03838569432513672,-0.08250359445810318,-0.060234881937503815,0.0515873022377491,0.0357142873108387,0.02777777798473835
2025-03,2025-03-01,2025-03-31,2023-03-01,2025-01-22,5475,2025-03-31,21,0.03807433274201309,-0.12800003588199615,-0.10573132336139679,0.0515873022377491,0.0357142873108387,0.02777777798473835
2025-03,2025-03-01,2025-03-31,2023-03-01,2025-01-22,6199,2025-03-31,22,0.037871651521298726,-0.13899613916873932,-0.11672742664813995,0.0515873022377491,0.0357142873108387,0.02777777798473835
2025-03,2025-03-01,2025-03-31,2023-03-01,2025-01-22,6113,2025-03-31,23,0.03785229892312248,0.23170726001262665,0.2539759874343872,0.0515873022377491,0.0357142873108387,0.02777777798473835
2025-03,2025-03-01,2025-03-31,2023-03-01,2025-01-22,5274,2025-03-31,24,0.03719621366272574,-0.008264441043138504,0.01400427334010601,0.0515873022377491,0.0357142873108387,0.02777777798473835
2025-03,2025-03-01,2025-03-31,2023-03-01,2025-01-22,3455,2025-03-31,25,0.03708339317691065,-0.03913483768701553,-0.01686612330377102,0.0515873022377491,0.0357142873108387,0.02777777798473835
2025-03,2025-03-01,2025-03-31,2023-03-01,2025-01-22,6854,2025-03-31,26,0.03672223937838125,0.038869258016347885,0.06113797053694725,0.0515873022377491,0.0357142873108387,0.02777777798473835
2025-03,2025-03-01,2025-03-31,2023-03-01,2025-01-22,2491,2025-03-31,27,0.03641492160280117,-0.16412217915058136,-0.141853466629982,0.0515873022377491,0.0357142873108387,0.02777777798473835
2025-03,2025-03-01,2025-03-31,2023-03-01,2025-01-22,8489,2025-03-31,28,0.03596364655016265,0.003044209908694029,0.02531292475759983,0.0515873022377491,0.0357142873108387,0.02777777798473835
2025-03,2025-03-01,2025-03-31,2023-03-01,2025-01-22,6739,2025-03-31,29,0.0350999414850394,0.12383179366588593,0.1461005061864853,0.0515873022377491,0.0357142873108387,0.02777777798473835
2025-03,2025-03-01,2025-03-31,2023-03-01,2025-01-22,6933,2025-03-31,30,0.034572862771026586,0.03236246109008789,0.054631173610687256,0.0515873022377491,0.0357142873108387,0.02777777798473835
2025-04,2025-04-01,2025-04-30,2023-04-01,2025-03-04,4303,2025-04-30,1,0.033266927482170736,0.04675322771072388,-0.008214396424591541,0.1230158731341362,0.0793650820851326,0.920634925365448
2025-04,2025-04-01,2025-04-30,2023-04-01,2025-03-04,5278,2025-04-30,2,0.028931000636609194,0.022222209721803665,-0.03274541348218918,0.1230158731341362,0.0793650820851326,0.920634925365448
2025-04,2025-04-01,2025-04-30,2023-04-01,2025-03-04,8932,2025-04-30,3,0.023171687342259963,0.11170212924480438,0.05673450604081154,0.1230158731341362,0.0793650820851326,0.920634925365448
2025-04,2025-04-01,2025-04-30,2023-04-01,2025-03-04,3529,2025-04-30,4,0.020739177108517463,-0.09245282411575317,-0.14742045104503632,0.1230158731341362,0.0793650820851326,0.920634925365448
2025-04,2025-04-01,2025-04-30,2023-04-01,2025-03-04,4744,2025-04-30,5,0.019741674153229086,0.03087892197072506,-0.024088701233267784,0.1230158731341362,0.0793650820851326,0.920634925365448
2025-04,2025-04-01,2025-04-30,2023-04-01,2025-03-04,5210,2025-04-30,6,0.01910408672209586,-0.0361010804772377,-0.09106870740652084,0.1230158731341362,0.0793650820851326,0.920634925365448
2025-04,2025-04-01,2025-04-30,2023-04-01,2025-03-04,2438,2025-04-30,7,0.015124394431718246,-0.14027775824069977,-0.1952453851699829,0.1230158731341362,0.0793650820851326,0.920634925365448
2025-04,2025-04-01,2025-04-30,2023-04-01,2025-03-04,3691,2025-04-30,8,0.01389521754252064,0.0729813203215599,0.018013697117567062,0.1230158731341362,0.0793650820851326,0.920634925365448
2025-04,2025-04-01,2025-04-30,2023-04-01,2025-03-04,6743,2025-04-30,9,0.01329732881637229,-0.034690842032432556,-0.0896584689617157,0.1230158731341362,0.0793650820851326,0.920634925365448
2025-04,2025-04-01,2025-04-30,2023-04-01,2025-03-04,2406,2025-04-30,10,0.013178007968274749,-0.012244867160916328,-0.06721249222755432,0.1230158731341362,0.0793650820851326,0.920634925365448
2025-04,2025-04-01,2025-04-30,2023-04-01,2025-03-04,3231,2025-04-30,11,0.013127879563240361,0.1256038397550583,0.07063621282577515,0.1230158731341362,0.0793650820851326,0.920634925365448
2025-04,2025-04-01,2025-04-30,2023-04-01,2025-03-04,6186,2025-04-30,12,0.013022282146490417,0.009599975310266018,-0.04536764696240425,0.1230158731341362,0.0793650820851326,0.920634925365448
2025-04,2025-04-01,2025-04-30,2023-04-01,2025-03-04,7751,2025-04-30,13,0.012147660977647811,0.298561155796051,0.24359352886676788,0.1230158731341362,0.0793650820851326,0.920634925365448
2025-04,2025-04-01,2025-04-30,2023-04-01,2025-03-04,6148,2025-04-30,14,0.012087924175904891,-0.18930044770240784,-0.24426807463169098,0.1230158731341362,0.0793650820851326,0.920634925365448
2025-04,2025-04-01,2025-04-30,2023-04-01,2025-03-04,5314,2025-04-30,15,0.012080821026834401,-0.06456956267356873,-0.11953718960285187,0.1230158731341362,0.0793650820851326,0.920634925365448
2025-04,2025-04-01,2025-04-30,2023-04-01,2025-03-04,2382,2025-04-30,16,0.011042301161912816,0.11042941361665726,0.05546179041266441,0.1230158731341362,0.0793650820851326,0.920634925365448
2025-04,2025-04-01,2025-04-30,2023-04-01,2025-03-04,2429,2025-04-30,17,0.011015167872919856,0.005504573229700327,-0.04946305230259895,0.1230158731341362,0.0793650820851326,0.920634925365448
2025-04,2025-04-01,2025-04-30,2023-04-01,2025-03-04,6534,2025-04-30,18,0.010981459567274901,0.012903191149234772,-0.04206443205475807,0.1230158731341362,0.0793650820851326,0.920634925365448
2025-04,2025-04-01,2025-04-30,2023-04-01,2025-03-04,5274,2025-04-30,19,0.01056800499472498,0.24094495177268982,0.18597732484340668,0.1230158731341362,0.0793650820851326,0.920634925365448
2025-04,2025-04-01,2025-04-30,2023-04-01,2025-03-04,6219,2025-04-30,20,0.01043662747197299,-0.02120133303105831,-0.076168954372406,0.1230158731341362,0.0793650820851326,0.920634925365448
2025-04,2025-04-01,2025-04-30,2023-04-01,2025-03-04,3546,2025-04-30,21,0.010308545996269935,0.04435064643621445,-0.010616977699100971,0.1230158731341362,0.0793650820851326,0.920634925365448
2025-04,2025-04-01,2025-04-30,2023-04-01,2025-03-04,8072,2025-04-30,22,0.010093928035701558,-0.07302229106426239,-0.12798991799354553,0.1230158731341362,0.0793650820851326,0.920634925365448
2025-04,2025-04-01,2025-04-30,2023-04-01,2025-03-04,4129,2025-04-30,23,0.009851937647532689,0.17318440973758698,0.11821678280830383,0.1230158731341362,0.0793650820851326,0.920634925365448
2025-04,2025-04-01,2025-04-30,2023-04-01,2025-03-04,6869,2025-04-30,24,0.009011626151530129,0.0830564796924591,0.028088856488466263,0.1230158731341362,0.0793650820851326,0.920634925365448
2025-04,2025-04-01,2025-04-30,2023-04-01,2025-03-04,2528,2025-04-30,25,0.008548194155723313,0.011126522906124592,-0.043841101229190826,0.1230158731341362,0.0793650820851326,0.920634925365448
2025-04,2025-04-01,2025-04-30,2023-04-01,2025-03-04,3669,2025-04-30,26,0.008430230491843946,-0.06767963618040085,-0.12264726310968399,0.1230158731341362,0.0793650820851326,0.920634925365448
2025-04,2025-04-01,2025-04-30,2023-04-01,2025-03-04,6592,2025-04-30,27,0.007987963088727689,0.025036772713065147,-0.029930850490927696,0.1230158731341362,0.0793650820851326,0.920634925365448
2025-04,2025-04-01,2025-04-30,2023-04-01,2025-03-04,5876,2025-04-30,28,0.00751474183775635,-0.009574429132044315,-0.06454205513000488,0.1230158731341362,0.0793650820851326,0.920634925365448
2025-04,2025-04-01,2025-04-30,2023-04-01,2025-03-04,6177,2025-04-30,29,0.007487105949676542,0.06609807163476944,0.011130447499454021,0.1230158731341362,0.0793650820851326,0.920634925365448
2025-04,2025-04-01,2025-04-30,2023-04-01,2025-03-04,4951,2025-04-30,30,0.0074442877162580745,0.0480000376701355,-0.00696758646517992,0.1230158731341362,0.0793650820851326,0.920634925365448
2025-05,2025-05-01,2025-05-31,2023-05-01,2025-04-01,6919,2025-05-29,1,0.02522901718332011,0.5222349166870117,0.46448618173599243,0.761904776096344,0.5952380895614624,0.6507936716079712
2025-05,2025-05-01,2025-05-31,2023-05-01,2025-04-01,2498,2025-05-29,2,0.016284568822870556,0.01940491423010826,-0.03834380581974983,0.761904776096344,0.5952380895614624,0.6507936716079712
2025-05,2025-05-01,2025-05-31,2023-05-01,2025-04-01,7751,2025-05-29,3,0.002975455943864501,0.23208646476268768,0.1743377447128296,0.761904776096344,0.5952380895614624,0.6507936716079712
2025-05,2025-05-01,2025-05-31,2023-05-01,2025-04-01,8059,2025-05-29,4,0.0024586907897561423,0.020467858761548996,-0.0372808612883091,0.761904776096344,0.5952380895614624,0.6507936716079712
2025-05,2025-05-01,2025-05-31,2023-05-01,2025-04-01,6510,2025-05-29,5,0.0015729427197715032,-0.05340908467769623,-0.11115780472755432,0.761904776096344,0.5952380895614624,0.6507936716079712
2025-05,2025-05-01,2025-05-31,2023-05-01,2025-04-01,4523,2025-05-29,6,0.000698891749529577,0.09710140526294708,0.03935268521308899,0.761904776096344,0.5952380895614624,0.6507936716079712
2025-05,2025-05-01,2025-05-31,2023-05-01,2025-04-01,4121,2025-05-29,7,0.0006910512269509353,-0.12048192322254181,-0.1782306432723999,0.761904776096344,0.5952380895614624,0.6507936716079712
2025-05,2025-05-01,2025-05-31,2023-05-01,2025-04-01,3257,2025-05-29,8,-0.0007772165794315317,-0.029173407703638077,-0.08692213147878647,0.761904776096344,0.5952380895614624,0.6507936716079712
2025-05,2025-05-01,2025-05-31,2023-05-01,2025-04-01,4167,2025-05-29,9,-0.0014580784827826375,-0.11697240173816681,-0.1747211217880249,0.761904776096344,0.5952380895614624,0.6507936716079712
2025-05,2025-05-01,2025-05-31,2023-05-01,2025-04-01,8489,2025-05-29,10,-0.0014636265938270327,0.08186397701501846,0.02411525696516037,0.761904776096344,0.5952380895614624,0.6507936716079712
2025-05,2025-05-01,2025-05-31,2023-05-01,2025-04-01,2753,2025-05-29,11,-0.0014684016967686305,-0.05716410279273987,-0.11491282284259796,0.761904776096344,0.5952380895614624,0.6507936716079712
2025-05,2025-05-01,2025-05-31,2023-05-01,2025-04-01,4746,2025-05-29,12,-0.001535418075536981,-0.019858166575431824,-0.07760688662528992,0.761904776096344,0.5952380895614624,0.6507936716079712
2025-05,2025-05-01,2025-05-31,2023-05-01,2025-04-01,6224,2025-05-29,13,-0.001535418075536981,-0.038144297897815704,-0.0958930179476738,0.761904776096344,0.5952380895614624,0.6507936716079712
2025-05,2025-05-01,2025-05-31,2023-05-01,2025-04-01,4123,2025-05-29,14,-0.001535418075536981,-0.030573267489671707,-0.0883219912648201,0.761904776096344,0.5952380895614624,0.6507936716079712
2025-05,2025-05-01,2025-05-31,2023-05-01,2025-04-01,4127,2025-05-29,15,-0.0017964117606070066,0.035063110291957855,-0.022685609757900238,0.761904776096344,0.5952380895614624,0.6507936716079712
2025-05,2025-05-01,2025-05-31,2023-05-01,2025-04-01,1432,2025-05-29,16,-0.0017964117606070066,-0.008645511232316494,-0.06639423221349716,0.761904776096344,0.5952380895614624,0.6507936716079712
2025-05,2025-05-01,2025-05-31,2023-05-01,2025-04-01,7547,2025-05-29,17,-0.0017964117606070066,0.4247227609157562,0.36697402596473694,0.761904776096344,0.5952380895614624,0.6507936716079712
2025-05,2025-05-01,2025-05-31,2023-05-01,2025-04-01,4562,2025-05-29,18,-0.0017964117606070066,0.043010782450437546,-0.014737937599420547,0.761904776096344,0.5952380895614624,0.6507936716079712
2025-05,2025-05-01,2025-05-31,2023-05-01,2025-04-01,8033,2025-05-29,19,-0.0017964117606070066,0.05017303675413132,-0.007575683295726776,0.761904776096344,0.5952380895614624,0.6507936716079712
2025-05,2025-05-01,2025-05-31,2023-05-01,2025-04-01,3057,2025-05-29,20,-0.0017964117606070066,-0.03636360168457031,-0.0941123217344284,0.761904776096344,0.5952380895614624,0.6507936716079712
2025-05,2025-05-01,2025-05-31,2023-05-01,2025-04-01,3086,2025-05-29,21,-0.0017964117606070066,0.05263157933950424,-0.005117140710353851,0.761904776096344,0.5952380895614624,0.6507936716079712
2025-05,2025-05-01,2025-05-31,2023-05-01,2025-04-01,6127,2025-05-29,22,-0.0017964117606070066,0.060367535799741745,0.0026188157498836517,0.761904776096344,0.5952380895614624,0.6507936716079712
2025-05,2025-05-01,2025-05-31,2023-05-01,2025-04-01,2838,2025-05-29,23,-0.002032244931036289,0.06194693595170975,0.004198215901851654,0.761904776096344,0.5952380895614624,0.6507936716079712
2025-05,2025-05-01,2025-05-31,2023-05-01,2025-04-01,2388,2025-05-29,24,-0.0020910657871928483,-0.03910854458808899,-0.09685726463794708,0.761904776096344,0.5952380895614624,0.6507936716079712
2025-05,2025-05-01,2025-05-31,2023-05-01,2025-04-01,2305,2025-05-29,25,-0.0021426527870243668,-0.1428571492433548,-0.2006058692932129,0.761904776096344,0.5952380895614624,0.6507936716079712
2025-05,2025-05-01,2025-05-31,2023-05-01,2025-04-01,6202,2025-05-29,26,-0.0021426527870243668,-0.04157552495598793,-0.09932424873113632,0.761904776096344,0.5952380895614624,0.6507936716079712
2025-05,2025-05-01,2025-05-31,2023-05-01,2025-04-01,4129,2025-05-29,27,-0.0022075846308897353,-0.0236966572701931,-0.08144538104534149,0.761904776096344,0.5952380895614624,0.6507936716079712
2025-05,2025-05-01,2025-05-31,2023-05-01,2025-04-01,2820,2025-05-29,28,-0.0022181801327144377,0.0064516435377299786,-0.05129707604646683,0.761904776096344,0.5952380895614624,0.6507936716079712
2025-05,2025-05-01,2025-05-31,2023-05-01,2025-04-01,3027,2025-05-29,29,-0.0023720610194943206,-0.1882353127002716,-0.2459840327501297,0.761904776096344,0.5952380895614624,0.6507936716079712
2025-05,2025-05-01,2025-05-31,2023-05-01,2025-04-01,6104,2025-05-29,30,-0.0024376476015779843,-0.09580838680267334,-0.15355710685253143,0.761904776096344,0.5952380895614624,0.6507936716079712
2025-06,2025-06-01,2025-06-30,2023-06-01,2025-05-02,6919,2025-06-30,1,0.07151675947532853,-0.08239700645208359,-0.13438118994235992,0.817460298538208,0.908730149269104,0.488095223903656
2025-06,2025-06-01,2025-06-30,2023-06-01,2025-05-02,8937,2025-06-30,2,0.05512580009934248,-0.06711409240961075,-0.11909827589988708,0.817460298538208,0.908730149269104,0.488095223903656
2025-06,2025-06-01,2025-06-30,2023-06-01,2025-05-02,6739,2025-06-30,3,0.050020707102491326,0.2628726363182068,0.21088846027851105,0.817460298538208,0.908730149269104,0.488095223903656
2025-06,2025-06-01,2025-06-30,2023-06-01,2025-05-02,3054,2025-06-30,4,0.03648922654119061,-0.04411761462688446,-0.0961017981171608,0.817460298538208,0.908730149269104,0.488095223903656
2025-06,2025-06-01,2025-06-30,2023-06-01,2025-05-02,2404,2025-06-30,5,0.03491053532387067,0.30394792556762695,0.25196373462677,0.817460298538208,0.908730149269104,0.488095223903656
2025-06,2025-06-01,2025-06-30,2023-06-01,2025-05-02,3167,2025-06-30,6,0.03332209435015004,0.2889733910560608,0.23698921501636505,0.817460298538208,0.908730149269104,0.488095223903656
2025-06,2025-06-01,2025-06-30,2023-06-01,2025-05-02,6499,2025-06-30,7,0.03266800029748618,-0.06538461893796921,-0.11736880242824554,0.817460298538208,0.908730149269104,0.488095223903656
2025-06,2025-06-01,2025-06-30,2023-06-01,2025-05-02,7547,2025-06-30,8,0.025884921599656243,0.32945412397384644,0.2774699330329895,0.817460298538208,0.908730149269104,0.488095223903656
2025-06,2025-06-01,2025-06-30,2023-06-01,2025-05-02,6596,2025-06-30,9,0.025798955515053273,-0.11589404195547104,-0.16787822544574738,0.817460298538208,0.908730149269104,0.488095223903656
2025-06,2025-06-01,2025-06-30,2023-06-01,2025-05-02,4934,2025-06-30,10,0.025591479871303197,-0.09130436182022095,-0.1432885378599167,0.817460298538208,0.908730149269104,0.488095223903656
2025-06,2025-06-01,2025-06-30,2023-06-01,2025-05-02,2423,2025-06-30,11,0.021778283549915744,0.05005815252661705,-0.0019260280532762408,0.817460298538208,0.908730149269104,0.488095223903656
2025-06,2025-06-01,2025-06-30,2023-06-01,2025-05-02,3057,2025-06-30,12,0.020068998401123694,-0.014150996692478657,-0.06613517552614212,0.817460298538208,0.908730149269104,0.488095223903656
2025-06,2025-06-01,2025-06-30,2023-06-01,2025-05-02,2542,2025-06-30,13,0.01785557432644177,-0.003623225027695298,-0.05560740455985069,0.817460298538208,0.908730149269104,0.488095223903656
2025-06,2025-06-01,2025-06-30,2023-06-01,2025-05-02,6139,2025-06-30,14,0.01646771797292081,0.11631663888692856,0.06433245539665222,0.817460298538208,0.908730149269104,0.488095223903656
2025-06,2025-06-01,2025-06-30,2023-06-01,2025-05-02,6196,2025-06-30,15,0.013343135995742548,0.13676880300045013,0.0847846195101738,0.817460298538208,0.908730149269104,0.488095223903656
2025-06,2025-06-01,2025-06-30,2023-06-01,2025-05-02,3490,2025-06-30,16,0.011982582905789414,-0.02182573266327381,-0.073809914290905,0.817460298538208,0.908730149269104,0.488095223903656
2025-06,2025-06-01,2025-06-30,2023-06-01,2025-05-02,3025,2025-06-30,17,0.011258532251757668,0.005050505045801401,-0.046933677047491074,0.817460298538208,0.908730149269104,0.488095223903656
2025-06,2025-06-01,2025-06-30,2023-06-01,2025-05-02,3563,2025-06-30,18,0.010937875367089418,-0.06469500809907913,-0.11667919158935547,0.817460298538208,0.908730149269104,0.488095223903656
2025-06,2025-06-01,2025-06-30,2023-06-01,2025-05-02,6903,2025-06-30,19,0.01091497881331379,-0.0848214253783226,-0.13680560886859894,0.817460298538208,0.908730149269104,0.488095223903656
2025-06,2025-06-01,2025-06-30,2023-06-01,2025-05-02,3625,2025-06-30,20,0.010298357293247514,0.1438595950603485,0.09187541157007217,0.817460298538208,0.908730149269104,0.488095223903656
2025-06,2025-06-01,2025-06-30,2023-06-01,2025-05-02,2609,2025-06-30,21,0.009910646592240436,-0.02751084603369236,-0.07949502766132355,0.817460298538208,0.908730149269104,0.488095223903656
2025-06,2025-06-01,2025-06-30,2023-06-01,2025-05-02,4142,2025-06-30,22,0.009903171872714427,0.056886155158281326,0.0049019744619727135,0.817460298538208,0.908730149269104,0.488095223903656
2025-06,2025-06-01,2025-06-30,2023-06-01,2025-05-02,3498,2025-06-30,23,0.009562192689011914,0.10463578253984451,0.052651602774858475,0.817460298538208,0.908730149269104,0.488095223903656
2025-06,2025-06-01,2025-06-30,2023-06-01,2025-05-02,7721,2025-06-30,24,0.00928437473439387,0.06182793527841568,0.009843754582107067,0.817460298538208,0.908730149269104,0.488095223903656
2025-06,2025-06-01,2025-06-30,2023-06-01,2025-05-02,6854,2025-06-30,25,0.008831440346567219,-0.17989417910575867,-0.2318783551454544,0.817460298538208,0.908730149269104,0.488095223903656
2025-06,2025-06-01,2025-06-30,2023-06-01,2025-05-02,6510,2025-06-30,26,0.00854248782931561,-0.02295047789812088,-0.07493466138839722,0.817460298538208,0.908730149269104,0.488095223903656
2025-06,2025-06-01,2025-06-30,2023-06-01,2025-05-02,2520,2025-06-30,27,0.006938102657803579,0.025641052052378654,-0.026343127712607384,0.817460298538208,0.908730149269104,0.488095223903656
2025-06,2025-06-01,2025-06-30,2023-06-01,2025-05-02,6658,2025-06-30,28,0.006815289523937675,-0.19141532480716705,-0.2433995008468628,0.817460298538208,0.908730149269104,0.488095223903656
2025-06,2025-06-01,2025-06-30,2023-06-01,2025-05-02,3450,2025-06-30,29,0.006757579746534288,-0.04047619178891182,-0.09246037155389786,0.817460298538208,0.908730149269104,0.488095223903656
2025-06,2025-06-01,2025-06-30,2023-06-01,2025-05-02,2379,2025-06-30,30,0.0065545626633391205,0.01587301678955555,-0.03611116483807564,0.817460298538208,0.908730149269104,0.488095223903656
2025-07,2025-07-01,2025-07-31,2023-07-01,2025-06-03,2338,2025-07-31,1,0.013419478380471656,0.3286163806915283,0.2991407811641693,0.7579365372657776,0.8769841194152832,0.5753968358039856
2025-07,2025-07-01,2025-07-31,2023-07-01,2025-06-03,6823,2025-07-31,2,0.013419478380471656,0.476340651512146,0.446865051984787,0.7579365372657776,0.8769841194152832,0.5753968358039856
2025-07,2025-07-01,2025-07-31,2023-07-01,2025-06-03,4927,2025-07-31,3,0.013419478380471656,0.12083331495523453,0.09135772287845612,0.7579365372657776,0.8769841194152832,0.5753968358039856
2025-07,2025-07-01,2025-07-31,2023-07-01,2025-06-03,3035,2025-07-31,4,-0.0020583232680700227,0.01607717014849186,-0.013398420996963978,0.7579365372657776,0.8769841194152832,0.5753968358039856
2025-07,2025-07-01,2025-07-31,2023-07-01,2025-06-03,5508,2025-07-31,5,-0.0020583232680700227,-0.07487311214208603,-0.10434870421886444,0.7579365372657776,0.8769841194152832,0.5753968358039856
2025-07,2025-07-01,2025-07-31,2023-07-01,2025-06-03,4933,2025-07-31,6,-0.0020583232680700227,0.007936508394777775,-0.021539082750678062,0.7579365372657776,0.8769841194152832,0.5753968358039856
2025-07,2025-07-01,2025-07-31,2023-07-01,2025-06-03,7751,2025-07-31,7,-0.0022000051903317943,0.08342362195253372,0.05394802987575531,0.7579365372657776,0.8769841194152832,0.5753968358039856
2025-07,2025-07-01,2025-07-31,2023-07-01,2025-06-03,2883,2025-07-31,8,-0.002853321761195986,0.00660068541765213,-0.022874906659126282,0.7579365372657776,0.8769841194152832,0.5753968358039856
2025-07,2025-07-01,2025-07-31,2023-07-01,2025-06-03,6462,2025-07-31,9,-0.004586712124878737,0.0,-0.029475592076778412,0.7579365372657776,0.8769841194152832,0.5753968358039856
2025-07,2025-07-01,2025-07-31,2023-07-01,2025-06-03,6894,2025-07-31,10,-0.004596893867824879,0.046341463923454285,0.016865871846675873,0.7579365372657776,0.8769841194152832,0.5753968358039856
2025-07,2025-07-01,2025-07-31,2023-07-01,2025-06-03,6683,2025-07-31,11,-0.004596893867824879,0.25346261262893677,0.22398702800273895,0.7579365372657776,0.8769841194152832,0.5753968358039856
2025-07,2025-07-01,2025-07-31,2023-07-01,2025-06-03,5607,2025-07-31,12,-0.004596893867824879,0.09753481298685074,0.06805922091007233,0.7579365372657776,0.8769841194152832,0.5753968358039856
2025-07,2025-07-01,2025-07-31,2023-07-01,2025-06-03,6166,2025-07-31,13,-0.004596893867824879,-0.045655351132154465,-0.07513093948364258,0.7579365372657776,0.8769841194152832,0.5753968358039856
2025-07,2025-07-01,2025-07-31,2023-07-01,2025-06-03,2308,2025-07-31,14,-0.004596893867824879,0.22797927260398865,0.19850368797779083,0.7579365372657776,0.8769841194152832,0.5753968358039856
2025-07,2025-07-01,2025-07-31,2023-07-01,2025-06-03,2313,2025-07-31,15,-0.004596893867824879,0.2515431344509125,0.22206754982471466,0.7579365372657776,0.8769841194152832,0.5753968358039856
2025-07,2025-07-01,2025-07-31,2023-07-01,2025-06-03,4971,2025-07-31,16,-0.004596893867824879,0.18553459644317627,0.15605901181697845,0.7579365372657776,0.8769841194152832,0.5753968358039856
2025-07,2025-07-01,2025-07-31,2023-07-01,2025-06-03,2316,2025-07-31,17,-0.004596893867824879,0.42500001192092896,0.39552441239356995,0.7579365372657776,0.8769841194152832,0.5753968358039856
2025-07,2025-07-01,2025-07-31,2023-07-01,2025-06-03,6933,2025-07-31,18,-0.004596893867824879,-0.10000000149011612,-0.12947559356689453,0.7579365372657776,0.8769841194152832,0.5753968358039856
2025-07,2025-07-01,2025-07-31,2023-07-01,2025-06-03,6274,2025-07-31,19,-0.004596893867824879,0.3808630406856537,0.3513874411582947,0.7579365372657776,0.8769841194152832,0.5753968358039856
2025-07,2025-07-01,2025-07-31,2023-07-01,2025-06-03,4979,2025-07-31,20,-0.004596893867824879,0.07894736528396606,0.04947177320718765,0.7579365372657776,0.8769841194152832,0.5753968358039856
2025-07,2025-07-01,2025-07-31,2023-07-01,2025-06-03,4989,2025-07-31,21,-0.004596893867824879,0.38947367668151855,0.35999807715415955,0.7579365372657776,0.8769841194152832,0.5753968358039856
2025-07,2025-07-01,2025-07-31,2023-07-01,2025-06-03,4991,2025-07-31,22,-0.004596893867824879,-0.03021148033440113,-0.05968707054853439,0.7579365372657776,0.8769841194152832,0.5753968358039856
2025-07,2025-07-01,2025-07-31,2023-07-01,2025-06-03,5258,2025-07-31,23,-0.004596893867824879,0.09315794706344604,0.06368235498666763,0.7579365372657776,0.8769841194152832,0.5753968358039856
2025-07,2025-07-01,2025-07-31,2023-07-01,2025-06-03,6153,2025-07-31,24,-0.004596893867824879,0.07692303508520126,0.04744744300842285,0.7579365372657776,0.8769841194152832,0.5753968358039856
2025-07,2025-07-01,2025-07-31,2023-07-01,2025-06-03,6290,2025-07-31,25,-0.004596893867824879,0.056872036308050156,0.027396444231271744,0.7579365372657776,0.8769841194152832,0.5753968358039856
2025-07,2025-07-01,2025-07-31,2023-07-01,2025-06-03,6695,2025-07-31,26,-0.004596893867824879,0.0784313753247261,0.04895578324794769,0.7579365372657776,0.8769841194152832,0.5753968358039856
2025-07,2025-07-01,2025-07-31,2023-07-01,2025-06-03,6698,2025-07-31,27,-0.004596893867824879,0.22475561499595642,0.1952800303697586,0.7579365372657776,0.8769841194152832,0.5753968358039856
2025-07,2025-07-01,2025-07-31,2023-07-01,2025-06-03,6877,2025-07-31,28,-0.004596893867824879,0.0908367931842804,0.061361201107501984,0.7579365372657776,0.8769841194152832,0.5753968358039856
2025-07,2025-07-01,2025-07-31,2023-07-01,2025-06-03,6215,2025-07-31,29,-0.004596893867824879,0.28205129504203796,0.25257569551467896,0.7579365372657776,0.8769841194152832,0.5753968358039856
2025-07,2025-07-01,2025-07-31,2023-07-01,2025-06-03,6269,2025-07-31,30,-0.004596893867824879,0.09854601323604584,0.06907042115926743,0.7579365372657776,0.8769841194152832,0.5753968358039856
2025-08,2025-08-01,2025-08-31,2023-08-01,2025-07-04,3228,2025-08-29,1,-0.0009083213897600549,0.10204081982374191,0.046446580439805984,0.64682537317276,0.773809552192688,0.7976190447807312
2025-08,2025-08-01,2025-08-31,2023-08-01,2025-07-04,2723,2025-08-29,2,-0.0009083213897600549,-0.08641975373029709,-0.14201399683952332,0.64682537317276,0.773809552192688,0.7976190447807312
2025-08,2025-08-01,2025-08-31,2023-08-01,2025-07-04,3055,2025-08-29,3,-0.0009083213897600549,-0.07993198931217194,-0.13552622497081757,0.64682537317276,0.773809552192688,0.7976190447807312
2025-08,2025-08-01,2025-08-31,2023-08-01,2025-07-04,3030,2025-08-29,4,-0.0017570273621039562,-0.17990654706954956,-0.2355007827281952,0.64682537317276,0.773809552192688,0.7976190447807312
2025-08,2025-08-01,2025-08-31,2023-08-01,2025-07-04,2221,2025-08-29,5,-0.0017570273621039562,0.003539836499840021,-0.052054401487112045,0.64682537317276,0.773809552192688,0.7976190447807312
2025-08,2025-08-01,2025-08-31,2023-08-01,2025-07-04,1104,2025-08-29,6,-0.0017570273621039562,0.015151476487517357,-0.04044276103377342,0.64682537317276,0.773809552192688,0.7976190447807312
2025-08,2025-08-01,2025-08-31,2023-08-01,2025-07-04,2423,2025-08-29,7,-0.0017570273621039562,-0.0334506630897522,-0.08904489874839783,0.64682537317276,0.773809552192688,0.7976190447807312
2025-08,2025-08-01,2025-08-31,2023-08-01,2025-07-04,2208,2025-08-29,8,-0.0017570273621039562,0.1190476194024086,0.06345338374376297,0.64682537317276,0.773809552192688,0.7976190447807312
2025-08,2025-08-01,2025-08-31,2023-08-01,2025-07-04,2317,2025-08-29,9,-0.0017570273621039562,0.08128079026937485,0.02568655274808407,0.64682537317276,0.773809552192688,0.7976190447807312
2025-08,2025-08-01,2025-08-31,2023-08-01,2025-07-04,2614,2025-08-29,10,-0.0017570273621039562,0.17827290296554565,0.12267866730690002,0.64682537317276,0.773809552192688,0.7976190447807312
2025-08,2025-08-01,2025-08-31,2023-08-01,2025-07-04,2633,2025-08-29,11,-0.0017570273621039562,0.010869537480175495,-0.04472469910979271,0.64682537317276,0.773809552192688,0.7976190447807312
2025-08,2025-08-01,2025-08-31,2023-08-01,2025-07-04,2630,2025-08-29,12,-0.0017570273621039562,-0.20451125502586365,-0.2601054906845093,0.64682537317276,0.773809552192688,0.7976190447807312
2025-08,2025-08-01,2025-08-31,2023-08-01,2025-07-04,2634,2025-08-29,13,-0.0017570273621039562,-0.10158732533454895,-0.15718156099319458,0.64682537317276,0.773809552192688,0.7976190447807312
2025-08,2025-08-01,2025-08-31,2023-08-01,2025-07-04,2612,2025-08-29,14,-0.0017570273621039562,0.014869874343276024,-0.040724363178014755,0.64682537317276,0.773809552192688,0.7976190447807312
2025-08,2025-08-01,2025-08-31,2023-08-01,2025-07-04,2645,2025-08-29,15,-0.0017570273621039562,-0.1304347813129425,-0.18602901697158813,0.64682537317276,0.773809552192688,0.7976190447807312
2025-08,2025-08-01,2025-08-31,2023-08-01,2025-07-04,2414,2025-08-29,16,-0.0017570273621039562,-0.07375266402959824,-0.12934690713882446,0.64682537317276,0.773809552192688,0.7976190447807312
2025-08,2025-08-01,2025-08-31,2023-08-01,2025-07-04,2404,2025-08-29,17,-0.0017570273621039562,-0.2644897997379303,-0.3200840353965759,0.64682537317276,0.773809552192688,0.7976190447807312
2025-08,2025-08-01,2025-08-31,2023-08-01,2025-07-04,2360,2025-08-29,18,-0.0017570273621039562,-0.027586206793785095,-0.08318044245243073,0.64682537317276,0.773809552192688,0.7976190447807312
2025-08,2025-08-01,2025-08-31,2023-08-01,2025-07-04,1108,2025-08-29,19,-0.0017570273621039562,-0.02272723615169525,-0.07832147181034088,0.64682537317276,0.773809552192688,0.7976190447807312
2025-08,2025-08-01,2025-08-31,2023-08-01,2025-07-04,2527,2025-08-29,20,-0.001850380720453215,0.05660378932952881,0.001009551458992064,0.64682537317276,0.773809552192688,0.7976190447807312
2025-08,2025-08-01,2025-08-31,2023-08-01,2025-07-04,3025,2025-08-29,21,-0.001850380720453215,-0.23007246851921082,-0.28566670417785645,0.64682537317276,0.773809552192688,0.7976190447807312
2025-08,2025-08-01,2025-08-31,2023-08-01,2025-07-04,2850,2025-08-29,22,-0.0019588392726980135,0.09677419066429138,0.041179951280355453,0.64682537317276,0.773809552192688,0.7976190447807312
2025-08,2025-08-01,2025-08-31,2023-08-01,2025-07-04,1519,2025-08-29,23,-0.0019940356160048954,-0.13698630034923553,-0.19258053600788116,0.64682537317276,0.773809552192688,0.7976190447807312
2025-08,2025-08-01,2025-08-31,2023-08-01,2025-07-04,1303,2025-08-29,24,-0.0019940356160048954,-0.07584597915410995,-0.13144022226333618,0.64682537317276,0.773809552192688,0.7976190447807312
2025-08,2025-08-01,2025-08-31,2023-08-01,2025-07-04,1815,2025-08-29,25,-0.0019940356160048954,-0.1505376398563385,-0.20613187551498413,0.64682537317276,0.773809552192688,0.7976190447807312
2025-08,2025-08-01,2025-08-31,2023-08-01,2025-07-04,3078,2025-08-29,26,-0.0019940356160048954,-0.11546436697244644,-0.17105861008167267,0.64682537317276,0.773809552192688,0.7976190447807312
2025-08,2025-08-01,2025-08-31,2023-08-01,2025-07-04,3211,2025-08-29,27,-0.0019940356160048954,-0.008403361774981022,-0.06399759650230408,0.64682537317276,0.773809552192688,0.7976190447807312
2025-08,2025-08-01,2025-08-31,2023-08-01,2025-07-04,3026,2025-08-29,28,-0.0019940356160048954,0.10199292749166489,0.04639868810772896,0.64682537317276,0.773809552192688,0.7976190447807312
2025-08,2025-08-01,2025-08-31,2023-08-01,2025-07-04,3167,2025-08-29,29,-0.0019940356160048954,-0.17339667677879333,-0.22899091243743896,0.64682537317276,0.773809552192688,0.7976190447807312
2025-08,2025-08-01,2025-08-31,2023-08-01,2025-07-04,3205,2025-08-29,30,-0.0019940356160048954,-0.06896551698446274,-0.12455975264310837,0.64682537317276,0.773809552192688,0.7976190447807312
2025-09,2025-09-01,2025-09-30,2023-09-01,2025-08-04,3321,2025-09-30,1,0.013867857264703378,0.26877468824386597,0.1753292977809906,0.8134920597076416,0.817460298538208,0.2142857164144516
2025-09,2025-09-01,2025-09-30,2023-09-01,2025-08-04,4939,2025-09-30,2,-0.0010658464126867308,-0.1257142573595047,-0.21915964782238007,0.8134920597076416,0.817460298538208,0.2142857164144516
2025-09,2025-09-01,2025-09-30,2023-09-01,2025-08-04,5469,2025-09-30,3,-0.0010658464126867308,0.03846153989434242,-0.05498385801911354,0.8134920597076416,0.817460298538208,0.2142857164144516
2025-09,2025-09-01,2025-09-30,2023-09-01,2025-08-04,5475,2025-09-30,4,-0.0010658464126867308,0.12479471415281296,0.031349316239356995,0.8134920597076416,0.817460298538208,0.2142857164144516
2025-09,2025-09-01,2025-09-30,2023-09-01,2025-08-04,8042,2025-09-30,5,-0.0010658464126867308,0.11979161947965622,0.026346221566200256,0.8134920597076416,0.817460298538208,0.2142857164144516
2025-09,2025-09-01,2025-09-30,2023-09-01,2025-08-04,8043,2025-09-30,6,-0.0010658464126867308,0.24479159712791443,0.15134620666503906,0.8134920597076416,0.817460298538208,0.2142857164144516
2025-09,2025-09-01,2025-09-30,2023-09-01,2025-08-04,8046,2025-09-30,7,-0.0010658464126867308,0.2853982448577881,0.19195285439491272,0.8134920597076416,0.817460298538208,0.2142857164144516
2025-09,2025-09-01,2025-09-30,2023-09-01,2025-08-04,8121,2025-09-30,8,-0.0010658464126867308,0.03914592042565346,-0.054299477487802505,0.8134920597076416,0.817460298538208,0.2142857164144516
2025-09,2025-09-01,2025-09-30,2023-09-01,2025-08-04,6173,2025-09-30,9,-0.0010658464126867308,0.10943394899368286,0.015988551080226898,0.8134920597076416,0.817460298538208,0.2142857164144516
2025-09,2025-09-01,2025-09-30,2023-09-01,2025-08-04,6418,2025-09-30,10,-0.0028233793411327943,-0.2707483172416687,-0.36419370770454407,0.8134920597076416,0.817460298538208,0.2142857164144516
2025-09,2025-09-01,2025-09-30,2023-09-01,2025-08-04,1402,2025-09-30,11,-0.00453851002611912,-0.04676256328821182,-0.14020796120166779,0.8134920597076416,0.817460298538208,0.2142857164144516
2025-09,2025-09-01,2025-09-30,2023-09-01,2025-08-04,1342,2025-09-30,12,-0.00453851002611912,-0.11809266358613968,-0.21153806149959564,0.8134920597076416,0.817460298538208,0.2142857164144516
2025-09,2025-09-01,2025-09-30,2023-09-01,2025-08-04,1101,2025-09-30,13,-0.00453851002611912,-0.09053493291139603,-0.183980330824852,0.8134920597076416,0.817460298538208,0.2142857164144516
2025-09,2025-09-01,2025-09-30,2023-09-01,2025-08-04,1102,2025-09-30,14,-0.00453851002611912,-0.04973825812339783,-0.1431836485862732,0.8134920597076416,0.817460298538208,0.2142857164144516
2025-09,2025-09-01,2025-09-30,2023-09-01,2025-08-04,1103,2025-09-30,15,-0.00453851002611912,-0.05128203704953194,-0.1447274386882782,0.8134920597076416,0.817460298538208,0.2142857164144516
2025-09,2025-09-01,2025-09-30,2023-09-01,2025-08-04,1104,2025-09-30,16,-0.00453851002611912,0.008130080997943878,-0.08531531691551208,0.8134920597076416,0.817460298538208,0.2142857164144516
2025-09,2025-09-01,2025-09-30,2023-09-01,2025-08-04,1108,2025-09-30,17,-0.00453851002611912,-0.016447369009256363,-0.10989276319742203,0.8134920597076416,0.817460298538208,0.2142857164144516
2025-09,2025-09-01,2025-09-30,2023-09-01,2025-08-04,1201,2025-09-30,18,-0.00453851002611912,-0.025889942422509193,-0.11933533847332001,0.8134920597076416,0.817460298538208,0.2142857164144516
2025-09,2025-09-01,2025-09-30,2023-09-01,2025-08-04,1216,2025-09-30,19,-0.00453851002611912,0.011568044312298298,-0.08187735080718994,0.8134920597076416,0.817460298538208,0.2142857164144516
2025-09,2025-09-01,2025-09-30,2023-09-01,2025-08-04,1218,2025-09-30,20,-0.00453851002611912,-0.02887135185301304,-0.12231674790382385,0.8134920597076416,0.817460298538208,0.2142857164144516
2025-09,2025-09-01,2025-09-30,2023-09-01,2025-08-04,1219,2025-09-30,21,-0.00453851002611912,0.011111082509160042,-0.08233431726694107,0.8134920597076416,0.817460298538208,0.2142857164144516
2025-09,2025-09-01,2025-09-30,2023-09-01,2025-08-04,1312,2025-09-30,22,-0.00453851002611912,0.08307044953107834,-0.010374948382377625,0.8134920597076416,0.817460298538208,0.2142857164144516
2025-09,2025-09-01,2025-09-30,2023-09-01,2025-08-04,1569,2025-09-30,23,-0.00453851002611912,0.0807754397392273,-0.012669958174228668,0.8134920597076416,0.817460298538208,0.2142857164144516
2025-09,2025-09-01,2025-09-30,2023-09-01,2025-08-04,1570,2025-09-30,24,-0.00453851002611912,0.1284722536802292,0.035026855766773224,0.8134920597076416,0.817460298538208,0.2142857164144516
2025-09,2025-09-01,2025-09-30,2023-09-01,2025-08-04,1582,2025-09-30,25,-0.00453851002611912,-0.012875557877123356,-0.10632095485925674,0.8134920597076416,0.817460298538208,0.2142857164144516
2025-09,2025-09-01,2025-09-30,2023-09-01,2025-08-04,1528,2025-09-30,26,-0.00453851002611912,-0.08306704461574554,-0.1765124350786209,0.8134920597076416,0.817460298538208,0.2142857164144516
2025-09,2025-09-01,2025-09-30,2023-09-01,2025-08-04,1586,2025-09-30,27,-0.00453851002611912,-0.05582690238952637,-0.14927229285240173,0.8134920597076416,0.817460298538208,0.2142857164144516
2025-09,2025-09-01,2025-09-30,2023-09-01,2025-08-04,1587,2025-09-30,28,-0.00453851002611912,-0.05627201497554779,-0.14971740543842316,0.8134920597076416,0.817460298538208,0.2142857164144516
2025-09,2025-09-01,2025-09-30,2023-09-01,2025-08-04,1595,2025-09-30,29,-0.00453851002611912,-0.08233737200498581,-0.17578276991844177,0.8134920597076416,0.817460298538208,0.2142857164144516
2025-09,2025-09-01,2025-09-30,2023-09-01,2025-08-04,1597,2025-09-30,30,-0.00453851002611912,-0.053682841360569,-0.14712823927402496,0.8134920597076416,0.817460298538208,0.2142857164144516
2025-10,2025-10-01,2025-10-31,2023-10-01,2025-09-02,2314,2025-10-31,1,0.2053814160683178,0.10849052667617798,0.1299852877855301,0.9603174328804016,0.9841269850730896,0.3055555522441864
2025-10,2025-10-01,2025-10-31,2023-10-01,2025-09-02,6739,2025-10-31,2,0.03231203436571346,-0.1426701545715332,-0.12117539346218109,0.9603174328804016,0.9841269850730896,0.3055555522441864
2025-10,2025-10-01,2025-10-31,2023-10-01,2025-09-02,2360,2025-10-31,3,0.029124943132016714,0.012360939756035805,0.033855702728033066,0.9603174328804016,0.9841269850730896,0.3055555522441864
2025-10,2025-10-01,2025-10-31,2023-10-01,2025-09-02,3665,2025-10-31,4,0.026522067321730305,0.15412186086177826,0.17561662197113037,0.9603174328804016,0.9841269850730896,0.3055555522441864
2025-10,2025-10-01,2025-10-31,2023-10-01,2025-09-02,4934,2025-10-31,5,0.0246876246459582,-0.13993169367313385,-0.11843693256378174,0.9603174328804016,0.9841269850730896,0.3055555522441864
2025-10,2025-10-01,2025-10-31,2023-10-01,2025-09-02,5314,2025-10-31,6,0.019888797540330086,-0.08606557548046112,-0.06457081437110901,0.9603174328804016,0.9841269850730896,0.3055555522441864
2025-10,2025-10-01,2025-10-31,2023-10-01,2025-09-02,8996,2025-10-31,7,0.019438644027100237,-0.1825396865606308,-0.1610449254512787,0.9603174328804016,0.9841269850730896,0.3055555522441864
2025-10,2025-10-01,2025-10-31,2023-10-01,2025-09-02,6409,2025-10-31,8,0.016300307022814542,-0.04918032884597778,-0.027685565873980522,0.9603174328804016,0.9841269850730896,0.3055555522441864
2025-10,2025-10-01,2025-10-31,2023-10-01,2025-09-02,3321,2025-10-31,9,0.01610624875506318,-0.07802561670541763,-0.05653085559606552,0.9603174328804016,0.9841269850730896,0.3055555522441864
2025-10,2025-10-01,2025-10-31,2023-10-01,2025-09-02,6515,2025-10-31,10,0.01578950575567531,0.07400379329919815,0.09549855440855026,0.9603174328804016,0.9841269850730896,0.3055555522441864
2025-10,2025-10-01,2025-10-31,2023-10-01,2025-09-02,3563,2025-10-31,11,0.011501977657858589,-0.007413371466100216,0.01408139057457447,0.9603174328804016,0.9841269850730896,0.3055555522441864
2025-10,2025-10-01,2025-10-31,2023-10-01,2025-09-02,6290,2025-10-31,12,0.011402357326735958,-0.03191489353775978,-0.010420131497085094,0.9603174328804016,0.9841269850730896,0.3055555522441864
2025-10,2025-10-01,2025-10-31,2023-10-01,2025-09-02,3693,2025-10-31,13,0.010533183712098177,-0.21307189762592316,-0.19157713651657104,0.9603174328804016,0.9841269850730896,0.3055555522441864
2025-10,2025-10-01,2025-10-31,2023-10-01,2025-09-02,3717,2025-10-31,14,0.010299156868245198,-0.08730156719684601,-0.0658068060874939,0.9603174328804016,0.9841269850730896,0.3055555522441864
2025-10,2025-10-01,2025-10-31,2023-10-01,2025-09-02,6419,2025-10-31,15,0.009949506764168881,0.12352939695119858,0.1450241655111313,0.9603174328804016,0.9841269850730896,0.3055555522441864
2025-10,2025-10-01,2025-10-31,2023-10-01,2025-09-02,3324,2025-10-31,16,0.00965377746632791,-0.1605633795261383,-0.1390686184167862,0.9603174328804016,0.9841269850730896,0.3055555522441864
2025-10,2025-10-01,2025-10-31,2023-10-01,2025-09-02,8932,2025-10-31,17,0.009536047444083144,-0.05135134980082512,-0.029856586828827858,0.9603174328804016,0.9841269850730896,0.3055555522441864
2025-10,2025-10-01,2025-10-31,2023-10-01,2025-09-02,2317,2025-10-31,18,0.009309139548077619,-0.11568627506494522,-0.09419151395559311,0.9603174328804016,0.9841269850730896,0.3055555522441864
2025-10,2025-10-01,2025-10-31,2023-10-01,2025-09-02,8059,2025-10-31,19,0.009254332410221179,-0.19354836642742157,-0.17205360531806946,0.9603174328804016,0.9841269850730896,0.3055555522441864
2025-10,2025-10-01,2025-10-31,2023-10-01,2025-09-02,6139,2025-10-31,20,0.008609649463172641,-0.06275720149278641,-0.041262440383434296,0.9603174328804016,0.9841269850730896,0.3055555522441864
2025-10,2025-10-01,2025-10-31,2023-10-01,2025-09-02,8038,2025-10-31,21,0.007208246624670421,-0.07779023796319962,-0.056295476853847504,0.9603174328804016,0.9841269850730896,0.3055555522441864
2025-10,2025-10-01,2025-10-31,2023-10-01,2025-09-02,1519,2025-10-31,22,0.006577261457609131,-0.06790945678949356,-0.04641469568014145,0.9603174328804016,0.9841269850730896,0.3055555522441864
2025-10,2025-10-01,2025-10-31,2023-10-01,2025-09-02,6669,2025-10-31,23,0.005078115026862684,0.05420991778373718,0.0757046788930893,0.9603174328804016,0.9841269850730896,0.3055555522441864
2025-10,2025-10-01,2025-10-31,2023-10-01,2025-09-02,2308,2025-10-31,24,0.0038205331431966447,-0.060483869165182114,-0.03898910805583,0.9603174328804016,0.9841269850730896,0.3055555522441864
2025-10,2025-10-01,2025-10-31,2023-10-01,2025-09-02,8210,2025-10-31,25,0.0037934751695766792,0.028846153989434242,0.0503409169614315,0.9603174328804016,0.9841269850730896,0.3055555522441864
2025-10,2025-10-01,2025-10-31,2023-10-01,2025-09-02,3017,2025-10-31,26,0.003791542534884655,-0.0517241396009922,-0.03022937662899494,0.9603174328804016,0.9841269850730896,0.3055555522441864
2025-10,2025-10-01,2025-10-31,2023-10-01,2025-09-02,3141,2025-10-31,27,0.003134083612568655,-0.05875953659415245,-0.03726477548480034,0.9603174328804016,0.9841269850730896,0.3055555522441864
2025-10,2025-10-01,2025-10-31,2023-10-01,2025-09-02,3508,2025-10-31,28,0.002029353909391354,-0.10878662765026093,-0.08729186654090881,0.9603174328804016,0.9841269850730896,0.3055555522441864
2025-10,2025-10-01,2025-10-31,2023-10-01,2025-09-02,6706,2025-10-31,29,0.0017864740869778257,0.2718168795108795,0.2933116555213928,0.9603174328804016,0.9841269850730896,0.3055555522441864
2025-10,2025-10-01,2025-10-31,2023-10-01,2025-09-02,8103,2025-10-31,30,0.0009169865263314234,-0.09094341844320297,-0.06944865733385086,0.9603174328804016,0.9841269850730896,0.3055555522441864
2025-11,2025-11-01,2025-11-30,2023-11-01,2025-10-01,6541,2025-11-28,1,-0.009463355735101986,0.08287292718887329,0.04000064730644226,0.1944444477558136,0.5436508059501648,0.5
2025-11,2025-11-01,2025-11-30,2023-11-01,2025-10-01,6885,2025-11-28,2,-0.009463355735101986,0.027444293722510338,-0.015427984297275543,0.1944444477558136,0.5436508059501648,0.5
2025-11,2025-11-01,2025-11-30,2023-11-01,2025-10-01,6492,2025-11-28,3,-0.009463355735101986,0.028880884870886803,-0.013991393148899078,0.1944444477558136,0.5436508059501648,0.5
2025-11,2025-11-01,2025-11-30,2023-11-01,2025-10-01,4743,2025-11-28,4,-0.009463355735101986,-0.1671553999185562,-0.21002767980098724,0.1944444477558136,0.5436508059501648,0.5
2025-11,2025-11-01,2025-11-30,2023-11-01,2025-10-01,4168,2025-11-28,5,-0.009463355735101986,0.19069768488407135,0.14782540500164032,0.1944444477558136,0.5436508059501648,0.5
2025-11,2025-11-01,2025-11-30,2023-11-01,2025-10-01,6461,2025-11-28,6,-0.009938593294480947,0.13013695180416107,0.08726467192173004,0.1944444477558136,0.5436508059501648,0.5
2025-11,2025-11-01,2025-11-30,2023-11-01,2025-10-01,2528,2025-11-28,7,-0.009938593294480947,0.0,-0.04287227988243103,0.1944444477558136,0.5436508059501648,0.5
2025-11,2025-11-01,2025-11-30,2023-11-01,2025-10-01,6727,2025-11-28,8,-0.01061536695031015,0.040462426841259,-0.002409851411357522,0.1944444477558136,0.5436508059501648,0.5
2025-11,2025-11-01,2025-11-30,2023-11-01,2025-10-01,9941,2025-11-28,9,-0.01061536695031015,-0.07217574864625931,-0.11504802852869034,0.1944444477558136,0.5436508059501648,0.5
2025-11,2025-11-01,2025-11-30,2023-11-01,2025-10-01,8091,2025-11-28,10,-0.01061536695031015,-0.017467249184846878,-0.06033952906727791,0.1944444477558136,0.5436508059501648,0.5
2025-11,2025-11-01,2025-11-30,2023-11-01,2025-10-01,8069,2025-11-28,11,-0.01061536695031015,-0.025773195549845695,-0.06864547729492188,0.1944444477558136,0.5436508059501648,0.5
2025-11,2025-11-01,2025-11-30,2023-11-01,2025-10-01,8114,2025-11-28,12,-0.01061536695031015,-0.0873015895485878,-0.13017386198043823,0.1944444477558136,0.5436508059501648,0.5
2025-11,2025-11-01,2025-11-30,2023-11-01,2025-10-01,8081,2025-11-28,13,-0.01061536695031015,0.017073171213269234,-0.025799106806516647,0.1944444477558136,0.5436508059501648,0.5
2025-11,2025-11-01,2025-11-30,2023-11-01,2025-10-01,8299,2025-11-28,14,-0.01061536695031015,0.19244235754013062,0.14957007765769958,0.1944444477558136,0.5436508059501648,0.5
2025-11,2025-11-01,2025-11-30,2023-11-01,2025-10-01,8210,2025-11-28,15,-0.01061536695031015,0.023883696645498276,-0.018988581374287605,0.1944444477558136,0.5436508059501648,0.5
2025-11,2025-11-01,2025-11-30,2023-11-01,2025-10-01,1436,2025-11-28,16,-0.01061536695031015,0.0,-0.04287227988243103,0.1944444477558136,0.5436508059501648,0.5
2025-11,2025-11-01,2025-11-30,2023-11-01,2025-10-01,8255,2025-11-28,17,-0.01061536695031015,-0.07058823853731155,-0.11346051841974258,0.1944444477558136,0.5436508059501648,0.5
2025-11,2025-11-01,2025-11-30,2023-11-01,2025-10-01,8261,2025-11-28,18,-0.01061536695031015,-0.02049615979194641,-0.06336843967437744,0.1944444477558136,0.5436508059501648,0.5
2025-11,2025-11-01,2025-11-30,2023-11-01,2025-10-01,8155,2025-11-28,19,-0.01061536695031015,-0.03921568766236305,-0.08208796381950378,0.1944444477558136,0.5436508059501648,0.5
2025-11,2025-11-01,2025-11-30,2023-11-01,2025-10-01,8109,2025-11-28,20,-0.01061536695031015,-0.014634146355092525,-0.05750642344355583,0.1944444477558136,0.5436508059501648,0.5
2025-11,2025-11-01,2025-11-30,2023-11-01,2025-10-01,7749,2025-11-28,21,-0.01061536695031015,-0.02921348251402378,-0.07208576053380966,0.1944444477558136,0.5436508059501648,0.5
2025-11,2025-11-01,2025-11-30,2023-11-01,2025-10-01,7751,2025-11-28,22,-0.01061536695031015,0.4990176856517792,0.45614540576934814,0.1944444477558136,0.5436508059501648,0.5
2025-11,2025-11-01,2025-11-30,2023-11-01,2025-10-01,8016,2025-11-28,23,-0.01061536695031015,-0.01373626384884119,-0.056608542799949646,0.1944444477558136,0.5436508059501648,0.5
2025-11,2025-11-01,2025-11-30,2023-11-01,2025-10-01,6944,2025-11-28,24,-0.01061536695031015,0.2531645596027374,0.2102922797203064,0.1944444477558136,0.5436508059501648,0.5
2025-11,2025-11-01,2025-11-30,2023-11-01,2025-10-01,7734,2025-11-28,25,-0.01061536695031015,-0.006802720949053764,-0.049674998968839645,0.1944444477558136,0.5436508059501648,0.5
2025-11,2025-11-01,2025-11-30,2023-11-01,2025-10-01,6788,2025-11-28,26,-0.01061536695031015,0.5982142686843872,0.5553420186042786,0.1944444477558136,0.5436508059501648,0.5
2025-11,2025-11-01,2025-11-30,2023-11-01,2025-10-01,6805,2025-11-28,27,-0.01061536695031015,0.02866242080926895,-0.01420985721051693,0.1944444477558136,0.5436508059501648,0.5
2025-11,2025-11-01,2025-11-30,2023-11-01,2025-10-01,6781,2025-11-28,28,-0.01061536695031015,-0.0662020891904831,-0.10907436907291412,0.1944444477558136,0.5436508059501648,0.5
2025-11,2025-11-01,2025-11-30,2023-11-01,2025-10-01,6782,2025-11-28,29,-0.01061536695031015,0.0058139534667134285,-0.03705832362174988,0.1944444477558136,0.5436508059501648,0.5
2025-11,2025-11-01,2025-11-30,2023-11-01,2025-10-01,6890,2025-11-28,30,-0.01061536695031015,-0.07299269735813141,-0.11586497724056244,0.1944444477558136,0.5436508059501648,0.5
2025-12,2025-12-01,2025-12-31,2023-12-01,2025-11-03,3092,2025-12-31,1,0.05080551297873435,0.015624985098838806,-0.1077253594994545,0.7063491940498352,0.5515872836112976,0.5079365372657776
2025-12,2025-12-01,2025-12-31,2023-12-01,2025-11-03,5498,2025-12-31,2,0.03776918972642548,0.21941746771335602,0.09606712311506271,0.7063491940498352,0.5515872836112976,0.5079365372657776
2025-12,2025-12-01,2025-12-31,2023-12-01,2025-11-03,6205,2025-12-31,3,0.03466192456369927,-0.12437810748815536,-0.24772845208644867,0.7063491940498352,0.5515872836112976,0.5079365372657776
2025-12,2025-12-01,2025-12-31,2023-12-01,2025-11-03,6443,2025-12-31,4,0.031211880532080846,0.37566134333610535,0.25231099128723145,0.7063491940498352,0.5515872836112976,0.5079365372657776
2025-12,2025-12-01,2025-12-31,2023-12-01,2025-11-03,3308,2025-12-31,5,0.031088853008240335,0.030232541263103485,-0.09311780333518982,0.7063491940498352,0.5515872836112976,0.5079365372657776
2025-12,2025-12-01,2025-12-31,2023-12-01,2025-11-03,2413,2025-12-31,6,0.01819035462532293,-0.05245532467961311,-0.17580567300319672,0.7063491940498352,0.5515872836112976,0.5079365372657776
2025-12,2025-12-01,2025-12-31,2023-12-01,2025-11-03,6669,2025-12-31,7,0.01720451081789754,-0.18061673641204834,-0.30396708846092224,0.7063491940498352,0.5515872836112976,0.5079365372657776
2025-12,2025-12-01,2025-12-31,2023-12-01,2025-11-03,2308,2025-12-31,8,0.016756620084594203,0.29381442070007324,0.17046408355236053,0.7063491940498352,0.5515872836112976,0.5079365372657776
2025-12,2025-12-01,2025-12-31,2023-12-01,2025-11-03,6173,2025-12-31,9,0.015831066700420077,0.06020556017756462,-0.06314478069543839,0.7063491940498352,0.5515872836112976,0.5079365372657776
2025-12,2025-12-01,2025-12-31,2023-12-01,2025-11-03,3090,2025-12-31,10,0.014751010726059137,-0.04545454680919647,-0.16880488395690918,0.7063491940498352,0.5515872836112976,0.5079365372657776
2025-12,2025-12-01,2025-12-31,2023-12-01,2025-11-03,7547,2025-12-31,11,0.012925685810346718,-0.020869579166173935,-0.14421992003917694,0.7063491940498352,0.5515872836112976,0.5079365372657776
2025-12,2025-12-01,2025-12-31,2023-12-01,2025-11-03,6139,2025-12-31,12,0.011386561711975739,0.1083032488822937,-0.01504709292203188,0.7063491940498352,0.5515872836112976,0.5079365372657776
2025-12,2025-12-01,2025-12-31,2023-12-01,2025-11-03,5439,2025-12-31,13,0.010880394851420316,-0.03448275849223137,-0.15783309936523438,0.7063491940498352,0.5515872836112976,0.5079365372657776
2025-12,2025-12-01,2025-12-31,2023-12-01,2025-11-03,2467,2025-12-31,14,0.010648251260049845,0.02594810351729393,-0.09740223735570908,0.7063491940498352,0.5515872836112976,0.5079365372657776
2025-12,2025-12-01,2025-12-31,2023-12-01,2025-11-03,3017,2025-12-31,15,0.009408425527086118,-0.026058631017804146,-0.1494089663028717,0.7063491940498352,0.5515872836112976,0.5079365372657776
2025-12,2025-12-01,2025-12-31,2023-12-01,2025-11-03,4542,2025-12-31,16,0.009267545887466916,0.18087553977966309,0.05752519890666008,0.7063491940498352,0.5515872836112976,0.5079365372657776
2025-12,2025-12-01,2025-12-31,2023-12-01,2025-11-03,6805,2025-12-31,17,0.007597485056086721,-0.0917431190609932,-0.2150934636592865,0.7063491940498352,0.5515872836112976,0.5079365372657776
2025-12,2025-12-01,2025-12-31,2023-12-01,2025-11-03,2316,2025-12-31,18,0.006054756150195585,-0.07246376574039459,-0.1958141028881073,0.7063491940498352,0.5515872836112976,0.5079365372657776
2025-12,2025-12-01,2025-12-31,2023-12-01,2025-11-03,2466,2025-12-31,19,0.005796113776144296,-0.1119515597820282,-0.2353018969297409,0.7063491940498352,0.5515872836112976,0.5079365372657776
2025-12,2025-12-01,2025-12-31,2023-12-01,2025-11-03,6944,2025-12-31,20,0.0046392274817091475,0.04040404036641121,-0.0829463005065918,0.7063491940498352,0.5515872836112976,0.5079365372657776
2025-12,2025-12-01,2025-12-31,2023-12-01,2025-11-03,6419,2025-12-31,21,0.004591118243310594,-0.17076021432876587,-0.29411056637763977,0.7063491940498352,0.5515872836112976,0.5079365372657776
2025-12,2025-12-01,2025-12-31,2023-12-01,2025-11-03,2258,2025-12-31,22,0.004111841237901452,-0.10489509999752045,-0.22824543714523315,0.7063491940498352,0.5515872836112976,0.5079365372657776
2025-12,2025-12-01,2025-12-31,2023-12-01,2025-11-03,2383,2025-12-31,23,0.003573616289002746,0.08157099783420563,-0.04177934303879738,0.7063491940498352,0.5515872836112976,0.5079365372657776
2025-12,2025-12-01,2025-12-31,2023-12-01,2025-11-03,2327,2025-12-31,24,0.003056809579311373,0.19139784574508667,0.06804750114679337,0.7063491940498352,0.5515872836112976,0.5079365372657776
2025-12,2025-12-01,2025-12-31,2023-12-01,2025-11-03,5464,2025-12-31,25,0.002825898181756348,0.047325167804956436,-0.07602517306804657,0.7063491940498352,0.5515872836112976,0.5079365372657776
2025-12,2025-12-01,2025-12-31,2023-12-01,2025-11-03,5475,2025-12-31,26,0.0028095378881130896,0.11518324911594391,-0.008167092688381672,0.7063491940498352,0.5515872836112976,0.5079365372657776
2025-12,2025-12-01,2025-12-31,2023-12-01,2025-11-03,3631,2025-12-31,27,0.0027282485797168543,0.13771186769008636,0.014361525885760784,0.7063491940498352,0.5515872836112976,0.5079365372657776
2025-12,2025-12-01,2025-12-31,2023-12-01,2025-11-03,4707,2025-12-31,28,0.0018892838556723644,-0.01463410910218954,-0.13798445463180542,0.7063491940498352,0.5515872836112976,0.5079365372657776
2025-12,2025-12-01,2025-12-31,2023-12-01,2025-11-03,8046,2025-12-31,29,0.0017590365394069688,0.5359342694282532,0.4125839173793793,0.7063491940498352,0.5515872836112976,0.5079365372657776
2025-12,2025-12-01,2025-12-31,2023-12-01,2025-11-03,8043,2025-12-31,30,0.0013971975692629863,-0.03530758619308472,-0.15865792334079742,0.7063491940498352,0.5515872836112976,0.5079365372657776
2026-01,2026-01-01,2026-01-31,2024-01-01,2025-12-03,8163,2026-01-30,1,-0.009501503398622801,-0.07580646127462387,-0.13975535333156586,0.9642857313156128,0.9960317611694336,0.6071428656578064
2026-01,2026-01-01,2026-01-31,2024-01-01,2025-12-03,5484,2026-01-30,2,-0.009501503398622801,-0.01468784548342228,-0.07863674312829971,0.9642857313156128,0.9960317611694336,0.6071428656578064
2026-01,2026-01-01,2026-01-31,2024-01-01,2025-12-03,1532,2026-01-30,3,-0.009501503398622801,-0.018442576751112938,-0.08239147067070007,0.9642857313156128,0.9960317611694336,0.6071428656578064
2026-01,2026-01-01,2026-01-31,2024-01-01,2025-12-03,1522,2026-01-30,4,-0.009501503398622801,-0.15784114599227905,-0.22179004549980164,0.9642857313156128,0.9960317611694336,0.6071428656578064
2026-01,2026-01-01,2026-01-31,2024-01-01,2025-12-03,4938,2026-01-30,5,-0.009501503398622801,0.004297928418964148,-0.059650968760252,0.9642857313156128,0.9960317611694336,0.6071428656578064
2026-01,2026-01-01,2026-01-31,2024-01-01,2025-12-03,6177,2026-01-30,6,-0.009501503398622801,-0.025531930848956108,-0.08948082476854324,0.9642857313156128,0.9960317611694336,0.6071428656578064
2026-01,2026-01-01,2026-01-31,2024-01-01,2025-12-03,1810,2026-01-30,7,-0.009501503398622801,-0.03513511270284653,-0.09908400475978851,0.9642857313156128,0.9960317611694336,0.6071428656578064
2026-01,2026-01-01,2026-01-31,2024-01-01,2025-12-03,4906,2026-01-30,8,-0.009501503398622801,-0.05263157933950424,-0.11658047139644623,0.9642857313156128,0.9960317611694336,0.6071428656578064
2026-01,2026-01-01,2026-01-31,2024-01-01,2025-12-03,4720,2026-01-30,9,-0.009501503398622801,0.025236567482352257,-0.03871232643723488,0.9642857313156128,0.9960317611694336,0.6071428656578064
2026-01,2026-01-01,2026-01-31,2024-01-01,2025-12-03,3702,2026-01-30,10,-0.009501503398622801,0.14106589555740356,0.07711700350046158,0.9642857313156128,0.9960317611694336,0.6071428656578064
2026-01,2026-01-01,2026-01-31,2024-01-01,2025-12-03,3530,2026-01-30,11,-0.009501503398622801,-0.08641978353261948,-0.15036867558956146,0.9642857313156128,0.9960317611694336,0.6071428656578064
2026-01,2026-01-01,2026-01-31,2024-01-01,2025-12-03,2312,2026-01-30,12,-0.009501503398622801,-0.06614788621664047,-0.13009677827358246,0.9642857313156128,0.9960317611694336,0.6071428656578064
2026-01,2026-01-01,2026-01-31,2024-01-01,2025-12-03,1907,2026-01-30,13,-0.009501503398622801,-0.021999970078468323,-0.08594886213541031,0.9642857313156128,0.9960317611694336,0.6071428656578064
2026-01,2026-01-01,2026-01-31,2024-01-01,2025-12-03,2371,2026-01-30,14,-0.009501503398622801,-0.1354166865348816,-0.19936558604240417,0.9642857313156128,0.9960317611694336,0.6071428656578064
2026-01,2026-01-01,2026-01-31,2024-01-01,2025-12-03,2009,2026-01-30,15,-0.009501503398622801,-0.07426776736974716,-0.13821665942668915,0.9642857313156128,0.9960317611694336,0.6071428656578064
2026-01,2026-01-01,2026-01-31,2024-01-01,2025-12-03,5522,2026-01-30,16,-0.009501503398622801,-0.0015220468631014228,-0.06547094136476517,0.9642857313156128,0.9960317611694336,0.6071428656578064
2026-01,2026-01-01,2026-01-31,2024-01-01,2025-12-03,2633,2026-01-30,17,-0.009501503398622801,-0.038461510092020035,-0.10241040587425232,0.9642857313156128,0.9960317611694336,0.6071428656578064
2026-01,2026-01-01,2026-01-31,2024-01-01,2025-12-03,2542,2026-01-30,18,-0.009501503398622801,-0.004037725739181042,-0.0679866224527359,0.9642857313156128,0.9960317611694336,0.6071428656578064
2026-01,2026-01-01,2026-01-31,2024-01-01,2025-12-03,2527,2026-01-30,19,-0.009501503398622801,0.034662045538425446,-0.02928685024380684,0.9642857313156128,0.9960317611694336,0.6071428656578064
2026-01,2026-01-01,2026-01-31,2024-01-01,2025-12-03,3015,2026-01-30,20,-0.009501503398622801,0.001938028959557414,-0.06201086565852165,0.9642857313156128,0.9960317611694336,0.6071428656578064
2026-01,2026-01-01,2026-01-31,2024-01-01,2025-12-03,2413,2026-01-30,21,-0.009501503398622801,0.24581733345985413,0.18186843395233154,0.9642857313156128,0.9960317611694336,0.6071428656578064
2026-01,2026-01-01,2026-01-31,2024-01-01,2025-12-03,2356,2026-01-30,22,-0.009501503398622801,-0.03910614550113678,-0.10305503755807877,0.9642857313156128,0.9960317611694336,0.6071428656578064
2026-01,2026-01-01,2026-01-31,2024-01-01,2025-12-03,2352,2026-01-30,23,-0.009501503398622801,-0.051792874932289124,-0.11574176698923111,0.9642857313156128,0.9960317611694336,0.6071428656578064
2026-01,2026-01-01,2026-01-31,2024-01-01,2025-12-03,3033,2026-01-30,24,-0.009501503398622801,-0.025974001735448837,-0.08992289751768112,0.9642857313156128,0.9960317611694336,0.6071428656578064
2026-01,2026-01-01,2026-01-31,2024-01-01,2025-12-03,9933,2026-01-30,25,-0.009501503398622801,0.04025765135884285,-0.023691244423389435,0.9642857313156128,0.9960317611694336,0.6071428656578064
2026-01,2026-01-01,2026-01-31,2024-01-01,2025-12-03,1402,2026-01-30,26,-0.009501503398622801,0.023381350561976433,-0.0405675433576107,0.9642857313156128,0.9960317611694336,0.6071428656578064
2026-01,2026-01-01,2026-01-31,2024-01-01,2025-12-03,5871,2026-01-30,27,-0.009501503398622801,-0.009569377638399601,-0.07351827621459961,0.9642857313156128,0.9960317611694336,0.6071428656578064
2026-01,2026-01-01,2026-01-31,2024-01-01,2025-12-03,3025,2026-01-30,28,-0.010134112578253434,-0.05990780144929886,-0.12385669350624084,0.9642857313156128,0.9960317611694336,0.6071428656578064
2026-01,2026-01-01,2026-01-31,2024-01-01,2025-12-03,6442,2026-01-30,29,-0.010134112578253434,0.037249282002449036,-0.02669961377978325,0.9642857313156128,0.9960317611694336,0.6071428656578064
2026-01,2026-01-01,2026-01-31,2024-01-01,2025-12-03,2498,2026-01-30,30,-0.010327044361913083,-0.019058262929320335,-0.08300715684890747,0.9642857313156128,0.9960317611694336,0.6071428656578064
2026-02,2026-02-01,2026-02-28,2024-02-01,2026-01-05,6265,2026-02-26,1,0.19193013710855977,0.023936212062835693,0.088934987783432,0.9484127163887024,1.0,0.369047611951828
2026-02,2026-02-01,2026-02-28,2024-02-01,2026-01-05,3006,2026-02-26,2,0.1755630206683066,0.15436241030693054,0.21936118602752686,0.9484127163887024,1.0,0.369047611951828
2026-02,2026-02-01,2026-02-28,2024-02-01,2026-01-05,5351,2026-02-26,3,0.17529655996168164,0.2862318754196167,0.351230651140213,0.9484127163887024,1.0,0.369047611951828
2026-02,2026-02-01,2026-02-28,2024-02-01,2026-01-05,2344,2026-02-26,4,0.17361258210451885,-0.19652172923088074,-0.13152295351028442,0.9484127163887024,1.0,0.369047611951828
2026-02,2026-02-01,2026-02-28,2024-02-01,2026-01-05,6443,2026-02-26,5,0.14577528872572182,0.0044643026776611805,0.0694630816578865,0.9484127163887024,1.0,0.369047611951828
2026-02,2026-02-01,2026-02-28,2024-02-01,2026-01-05,5498,2026-02-26,6,0.1397177279089913,-0.06644517928361893,-0.001446401933208108,0.9484127163887024,1.0,0.369047611951828
2026-02,2026-02-01,2026-02-28,2024-02-01,2026-01-05,1528,2026-02-26,7,0.12699664371723932,0.14898425340652466,0.21398302912712097,0.9484127163887024,1.0,0.369047611951828
2026-02,2026-02-01,2026-02-28,2024-02-01,2026-01-05,3149,2026-02-26,8,0.12213548198753071,-0.07999999821186066,-0.015001220628619194,0.9484127163887024,1.0,0.369047611951828
2026-02,2026-02-01,2026-02-28,2024-02-01,2026-01-05,2485,2026-02-26,9,0.1207789447722473,0.8939929604530334,0.9589917659759521,0.9484127163887024,1.0,0.369047611951828
2026-02,2026-02-01,2026-02-28,2024-02-01,2026-01-05,2408,2026-02-26,10,0.11745038549701022,-0.18097014725208282,-0.11597137153148651,0.9484127163887024,1.0,0.369047611951828
2026-02,2026-02-01,2026-02-28,2024-02-01,2026-01-05,4768,2026-02-26,11,0.10871349189828844,0.07760532200336456,0.14260409772396088,0.9484127163887024,1.0,0.369047611951828
2026-02,2026-02-01,2026-02-28,2024-02-01,2026-01-05,6770,2026-02-26,12,0.09937439131313491,-0.17086835205554962,-0.10586957633495331,0.9484127163887024,1.0,0.369047611951828
2026-02,2026-02-01,2026-02-28,2024-02-01,2026-01-05,3135,2026-02-26,13,0.09534072491887309,-0.07203389704227448,-0.0070351199246943,0.9484127163887024,1.0,0.369047611951828
2026-02,2026-02-01,2026-02-28,2024-02-01,2026-01-05,2406,2026-02-26,14,0.09309919676834054,0.08841468393802643,0.15341345965862274,0.9484127163887024,1.0,0.369047611951828
2026-02,2026-02-01,2026-02-28,2024-02-01,2026-01-05,3691,2026-02-26,15,0.08927862594002017,-0.18681319057941437,-0.12181441485881805,0.9484127163887024,1.0,0.369047611951828
2026-02,2026-02-01,2026-02-28,2024-02-01,2026-01-05,6155,2026-02-26,16,0.08583626049510441,-0.1033797413110733,-0.03838096559047699,0.9484127163887024,1.0,0.369047611951828
2026-02,2026-02-01,2026-02-28,2024-02-01,2026-01-05,6706,2026-02-26,17,0.07933185463621387,-0.01171875,0.053280025720596313,0.9484127163887024,1.0,0.369047611951828
2026-02,2026-02-01,2026-02-28,2024-02-01,2026-01-05,8131,2026-02-26,18,0.07888710092000721,-0.043939415365457535,0.021059362217783928,0.9484127163887024,1.0,0.369047611951828
2026-02,2026-02-01,2026-02-28,2024-02-01,2026-01-05,6465,2026-02-26,19,0.07752475262538176,0.4059097468852997,0.470908522605896,0.9484127163887024,1.0,0.369047611951828
2026-02,2026-02-01,2026-02-28,2024-02-01,2026-01-05,1721,2026-02-26,20,0.07738281354835591,0.051282141357660294,0.1162809208035469,0.9484127163887024,1.0,0.369047611951828
2026-02,2026-02-01,2026-02-28,2024-02-01,2026-01-05,6163,2026-02-26,21,0.0746246469839145,0.19807690382003784,0.26307567954063416,0.9484127163887024,1.0,0.369047611951828
2026-02,2026-02-01,2026-02-28,2024-02-01,2026-01-05,2367,2026-02-26,22,0.06939935720136604,0.2819671630859375,0.3469659388065338,0.9484127163887024,1.0,0.369047611951828
2026-02,2026-02-01,2026-02-28,2024-02-01,2026-01-05,3049,2026-02-26,23,0.06856059940534714,0.23786406219005585,0.30286285281181335,0.9484127163887024,1.0,0.369047611951828
2026-02,2026-02-01,2026-02-28,2024-02-01,2026-01-05,2413,2026-02-26,24,0.06837086944090628,0.03731343522667885,0.10231221467256546,0.9484127163887024,1.0,0.369047611951828
2026-02,2026-02-01,2026-02-28,2024-02-01,2026-01-05,2369,2026-02-26,25,0.06819680733371344,0.12867647409439087,0.19367524981498718,0.9484127163887024,1.0,0.369047611951828
2026-02,2026-02-01,2026-02-28,2024-02-01,2026-01-05,8110,2026-02-26,26,0.06628325717049063,-0.1854838728904724,-0.1204850971698761,0.9484127163887024,1.0,0.369047611951828
2026-02,2026-02-01,2026-02-28,2024-02-01,2026-01-05,3092,2026-02-26,27,0.0654748866788152,-0.1314285844564438,-0.06642980873584747,0.9484127163887024,1.0,0.369047611951828
2026-02,2026-02-01,2026-02-28,2024-02-01,2026-01-05,3105,2026-02-26,28,0.06539511517153493,0.15558911859989166,0.22058789432048798,0.9484127163887024,1.0,0.369047611951828
2026-02,2026-02-01,2026-02-28,2024-02-01,2026-01-05,2337,2026-02-26,29,0.06521357105116031,0.18483412265777588,0.2498328983783722,0.9484127163887024,1.0,0.369047611951828
2026-02,2026-02-01,2026-02-28,2024-02-01,2026-01-05,3663,2026-02-26,30,0.06239727529139479,0.16480004787445068,0.229798823595047,0.9484127163887024,1.0,0.369047611951828
2026-03,2026-03-01,2026-03-31,2024-03-01,2026-01-21,4768,2026-03-31,1,0.1821407691075191,0.08043478429317474,-0.1466446816921234,0.0714285746216774,0.190476194024086,0.3888888955116272
2026-03,2026-03-01,2026-03-31,2024-03-01,2026-01-21,3081,2026-03-31,2,0.14431602576258812,0.5575221180915833,0.3304426372051239,0.0714285746216774,0.190476194024086,0.3888888955116272
2026-03,2026-03-01,2026-03-31,2024-03-01,2026-01-21,5475,2026-03-31,3,0.1255257995265546,0.642201840877533,0.4151223599910736,0.0714285746216774,0.190476194024086,0.3888888955116272
2026-03,2026-03-01,2026-03-31,2024-03-01,2026-01-21,2408,2026-03-31,4,0.11155205671213747,0.018912529572844505,-0.2081669420003891,0.0714285746216774,0.190476194024086,0.3888888955116272
2026-03,2026-03-01,2026-03-31,2024-03-01,2026-01-21,3163,2026-03-31,5,0.11074457513532329,0.3221709132194519,0.09509144723415375,0.0714285746216774,0.190476194024086,0.3888888955116272
2026-03,2026-03-01,2026-03-31,2024-03-01,2026-01-21,6265,2026-03-31,6,0.10903594591778505,0.04736839979887009,-0.17971107363700867,0.0714285746216774,0.190476194024086,0.3888888955116272
2026-03,2026-03-01,2026-03-31,2024-03-01,2026-01-21,6588,2026-03-31,7,0.10517764087277943,0.06037735939025879,-0.16670210659503937,0.0714285746216774,0.190476194024086,0.3888888955116272
2026-03,2026-03-01,2026-03-31,2024-03-01,2026-01-21,3363,2026-03-31,8,0.09964257491972973,0.29679596424102783,0.06971649825572968,0.0714285746216774,0.190476194024086,0.3888888955116272
2026-03,2026-03-01,2026-03-31,2024-03-01,2026-01-21,3555,2026-03-31,9,0.08749382857090421,0.5796178579330444,0.3525383770465851,0.0714285746216774,0.190476194024086,0.3888888955116272
2026-03,2026-03-01,2026-03-31,2024-03-01,2026-01-21,7728,2026-03-31,10,0.0869852873514215,-0.04413793236017227,-0.271217405796051,0.0714285746216774,0.190476194024086,0.3888888955116272
2026-03,2026-03-01,2026-03-31,2024-03-01,2026-01-21,5274,2026-03-31,11,0.0847534897274763,0.45154184103012085,0.2244623750448227,0.0714285746216774,0.190476194024086,0.3888888955116272
2026-03,2026-03-01,2026-03-31,2024-03-01,2026-01-21,8996,2026-03-31,12,0.08119318007067634,0.40134528279304504,0.1742658168077469,0.0714285746216774,0.190476194024086,0.3888888955116272
2026-03,2026-03-01,2026-03-31,2024-03-01,2026-01-21,3234,2026-03-31,13,0.08076022746822348,0.2971428632736206,0.07006339728832245,0.0714285746216774,0.190476194024086,0.3888888955116272
2026-03,2026-03-01,2026-03-31,2024-03-01,2026-01-21,7751,2026-03-31,14,0.07999356995580163,0.5973597168922424,0.3702802360057831,0.0714285746216774,0.190476194024086,0.3888888955116272
2026-03,2026-03-01,2026-03-31,2024-03-01,2026-01-21,3491,2026-03-31,15,0.06913374065947528,0.029900332912802696,-0.1971791386604309,0.0714285746216774,0.190476194024086,0.3888888955116272
2026-03,2026-03-01,2026-03-31,2024-03-01,2026-01-21,6426,2026-03-31,16,0.06720398679059669,0.5629370808601379,0.3358575999736786,0.0714285746216774,0.190476194024086,0.3888888955116272
2026-03,2026-03-01,2026-03-31,2024-03-01,2026-01-21,6739,2026-03-31,17,0.06422943767878043,0.19831223785877228,-0.028767229989171028,0.0714285746216774,0.190476194024086,0.3888888955116272
2026-03,2026-03-01,2026-03-31,2024-03-01,2026-01-21,4542,2026-03-31,18,0.06416919535262894,0.18100890517234802,-0.04607056453824043,0.0714285746216774,0.190476194024086,0.3888888955116272
2026-03,2026-03-01,2026-03-31,2024-03-01,2026-01-21,3037,2026-03-31,19,0.06278101388207825,0.8243801593780518,0.5973007082939148,0.0714285746216774,0.190476194024086,0.3888888955116272
2026-03,2026-03-01,2026-03-31,2024-03-01,2026-01-21,4971,2026-03-31,20,0.06254325136649587,0.36379310488700867,0.1367136389017105,0.0714285746216774,0.190476194024086,0.3888888955116272
2026-03,2026-03-01,2026-03-31,2024-03-01,2026-01-21,8046,2026-03-31,21,0.06254301396527322,0.7914438247680664,0.5643643736839294,0.0714285746216774,0.190476194024086,0.3888888955116272
2026-03,2026-03-01,2026-03-31,2024-03-01,2026-01-21,3135,2026-03-31,22,0.05965131482288997,0.31018519401550293,0.08310572803020477,0.0714285746216774,0.190476194024086,0.3888888955116272
2026-03,2026-03-01,2026-03-31,2024-03-01,2026-01-21,6510,2026-03-31,23,0.05961805879091693,0.06666667014360428,-0.16041280329227448,0.0714285746216774,0.190476194024086,0.3888888955116272
2026-03,2026-03-01,2026-03-31,2024-03-01,2026-01-21,6770,2026-03-31,24,0.05823175904350026,-0.089473657310009,-0.31655311584472656,0.0714285746216774,0.190476194024086,0.3888888955116272
2026-03,2026-03-01,2026-03-31,2024-03-01,2026-01-21,3049,2026-03-31,25,0.05703784232378867,0.02092050202190876,-0.20615896582603455,0.0714285746216774,0.190476194024086,0.3888888955116272
2026-03,2026-03-01,2026-03-31,2024-03-01,2026-01-21,5351,2026-03-31,26,0.05341396109715575,0.02496335655450821,-0.20211611688137054,0.0714285746216774,0.190476194024086,0.3888888955116272
2026-03,2026-03-01,2026-03-31,2024-03-01,2026-01-21,6223,2026-03-31,27,0.05047540092489726,0.2628205120563507,0.03574104234576225,0.0714285746216774,0.190476194024086,0.3888888955116272
2026-03,2026-03-01,2026-03-31,2024-03-01,2026-01-21,1711,2026-03-31,28,0.05040346726525006,0.4829396903514862,0.25586020946502686,0.0714285746216774,0.190476194024086,0.3888888955116272
2026-03,2026-03-01,2026-03-31,2024-03-01,2026-01-21,3576,2026-03-31,29,0.04921414780304665,-0.2951542139053345,-0.5222336649894714,0.0714285746216774,0.190476194024086,0.3888888955116272
2026-03,2026-03-01,2026-03-31,2024-03-01,2026-01-21,3054,2026-03-31,30,0.048565164278262414,-0.08713696897029877,-0.3142164349555969,0.0714285746216774,0.190476194024086,0.3888888955116272
2026-04,2026-04-01,2026-04-30,2024-04-01,2026-03-04,7751,2026-04-30,1,0.11102728845804342,-0.25840336084365845,-0.407563716173172,1.0,0.9722222089767456,0.7976190447807312
2026-04,2026-04-01,2026-04-30,2024-04-01,2026-03-04,5475,2026-04-30,2,0.06510824965388765,-0.2702702581882477,-0.41943061351776123,1.0,0.9722222089767456,0.7976190447807312
2026-04,2026-04-01,2026-04-30,2024-04-01,2026-03-04,5274,2026-04-30,3,0.06208104478134715,0.09064748138189316,-0.05851287394762039,1.0,0.9722222089767456,0.7976190447807312
2026-04,2026-04-01,2026-04-30,2024-04-01,2026-03-04,3576,2026-04-30,4,0.0619992389145539,0.1468750238418579,-0.0022853324189782143,1.0,0.9722222089767456,0.7976190447807312
2026-04,2026-04-01,2026-04-30,2024-04-01,2026-03-04,6515,2026-04-30,5,0.05065405584117889,-0.19768518209457397,-0.3468455374240875,1.0,0.9722222089767456,0.7976190447807312
2026-04,2026-04-01,2026-04-30,2024-04-01,2026-03-04,2489,2026-04-30,6,0.05037306292555026,0.17577201128005981,0.026611654087901115,1.0,0.9722222089767456,0.7976190447807312
2026-04,2026-04-01,2026-04-30,2024-04-01,2026-03-04,6683,2026-04-30,7,0.048246086710296135,-0.2869378924369812,-0.43609824776649475,1.0,0.9722222089767456,0.7976190447807312
2026-04,2026-04-01,2026-04-30,2024-04-01,2026-03-04,6141,2026-04-30,8,0.04447216453850228,0.3731343150138855,0.22397395968437195,1.0,0.9722222089767456,0.7976190447807312
2026-04,2026-04-01,2026-04-30,2024-04-01,2026-03-04,3081,2026-04-30,9,0.03701680797711349,-0.06440071761608124,-0.2135610729455948,1.0,0.9722222089767456,0.7976190447807312
2026-04,2026-04-01,2026-04-30,2024-04-01,2026-03-04,2360,2026-04-30,10,0.036504960894057754,0.11258278042078018,-0.03657757490873337,1.0,0.9722222089767456,0.7976190447807312
2026-04,2026-04-01,2026-04-30,2024-04-01,2026-03-04,3163,2026-04-30,11,0.03647414628320873,-0.17928287386894226,-0.3284432291984558,1.0,0.9722222089767456,0.7976190447807312
2026-04,2026-04-01,2026-04-30,2024-04-01,2026-03-04,3665,2026-04-30,12,0.035864054023061566,-0.2932203412055969,-0.4423806965351105,1.0,0.9722222089767456,0.7976190447807312
2026-04,2026-04-01,2026-04-30,2024-04-01,2026-03-04,2368,2026-04-30,13,0.03401170960317065,-0.07692307978868484,-0.226083442568779,1.0,0.9722222089767456,0.7976190447807312
2026-04,2026-04-01,2026-04-30,2024-04-01,2026-03-04,3498,2026-04-30,14,0.03372865624234034,0.6413043737411499,0.49214401841163635,1.0,0.9722222089767456,0.7976190447807312
2026-04,2026-04-01,2026-04-30,2024-04-01,2026-03-04,2383,2026-04-30,15,0.03280800351837382,0.11183496564626694,-0.03732538968324661,1.0,0.9722222089767456,0.7976190447807312
2026-04,2026-04-01,2026-04-30,2024-04-01,2026-03-04,6739,2026-04-30,16,0.029984483632264598,-0.1423611044883728,-0.29152145981788635,1.0,0.9722222089767456,0.7976190447807312
2026-04,2026-04-01,2026-04-30,2024-04-01,2026-03-04,3017,2026-04-30,17,0.02995169475763199,-0.08732876926660538,-0.23648913204669952,1.0,0.9722222089767456,0.7976190447807312
2026-04,2026-04-01,2026-04-30,2024-04-01,2026-03-04,6442,2026-04-30,18,0.029711333948245926,-0.1689189225435257,-0.31807929277420044,1.0,0.9722222089767456,0.7976190447807312
2026-04,2026-04-01,2026-04-30,2024-04-01,2026-03-04,2426,2026-04-30,19,0.02910406534738942,0.37860772013664246,0.2294473648071289,1.0,0.9722222089767456,0.7976190447807312
2026-04,2026-04-01,2026-04-30,2024-04-01,2026-03-04,3131,2026-04-30,20,0.028960958858657244,0.1442786008119583,-0.004881755448877811,1.0,0.9722222089767456,0.7976190447807312
2026-04,2026-04-01,2026-04-30,2024-04-01,2026-03-04,3653,2026-04-30,21,0.028609352320167494,-0.32668566703796387,-0.4758460223674774,1.0,0.9722222089767456,0.7976190447807312
2026-04,2026-04-01,2026-04-30,2024-04-01,2026-03-04,3529,2026-04-30,22,0.026351376788289523,-0.12787723541259766,-0.2770375907421112,1.0,0.9722222089767456,0.7976190447807312
2026-04,2026-04-01,2026-04-30,2024-04-01,2026-03-04,6658,2026-04-30,23,0.02346414445328619,0.4239482283592224,0.27478787302970886,1.0,0.9722222089767456,0.7976190447807312
2026-04,2026-04-01,2026-04-30,2024-04-01,2026-03-04,7734,2026-04-30,24,0.021738513037452462,0.035211268812417984,-0.11394909024238586,1.0,0.9722222089767456,0.7976190447807312
2026-04,2026-04-01,2026-04-30,2024-04-01,2026-03-04,2467,2026-04-30,25,0.020615760019073684,-0.03732503950595856,-0.1864853948354721,1.0,0.9722222089767456,0.7976190447807312
2026-04,2026-04-01,2026-04-30,2024-04-01,2026-03-04,8046,2026-04-30,26,0.020171198407016255,-0.16862745583057404,-0.3177878260612488,1.0,0.9722222089767456,0.7976190447807312
2026-04,2026-04-01,2026-04-30,2024-04-01,2026-03-04,2345,2026-04-30,27,0.02013224367796128,0.021008403971791267,-0.12815195322036743,1.0,0.9722222089767456,0.7976190447807312
2026-04,2026-04-01,2026-04-30,2024-04-01,2026-03-04,6223,2026-04-30,28,0.01977655884897665,0.1908091902732849,0.04164883494377136,1.0,0.9722222089767456,0.7976190447807312
2026-04,2026-04-01,2026-04-30,2024-04-01,2026-03-04,3167,2026-04-30,29,0.019510699115323077,-0.08515535295009613,-0.23431570827960968,1.0,0.9722222089767456,0.7976190447807312
2026-04,2026-04-01,2026-04-30,2024-04-01,2026-03-04,1304,2026-04-30,30,0.019270748544894214,-0.1191336140036583,-0.26829397678375244,1.0,0.9722222089767456,0.7976190447807312
