ticker,date,changed_cells,before_foreign_cumsum_1d,after_foreign_cumsum_1d,before_foreign_cumsum_1d_norm,after_foreign_cumsum_1d_norm,before_foreign_cumsum_3d,after_foreign_cumsum_3d,before_foreign_cumsum_3d_norm,after_foreign_cumsum_3d_norm,before_foreign_cumsum_5d,after_foreign_cumsum_5d,before_foreign_cumsum_5d_norm,after_foreign_cumsum_5d_norm,before_foreign_cumsum_10d,after_foreign_cumsum_10d,before_foreign_cumsum_10d_norm,after_foreign_cumsum_10d_norm,before_foreign_cumsum_20d,after_foreign_cumsum_20d,before_foreign_cumsum_20d_norm,after_foreign_cumsum_20d_norm,before_foreign_trust_sync,after_foreign_trust_sync,before_foreign_reversal_buy,after_foreign_reversal_buy,before_foreign_buy_streak,after_foreign_buy_streak,before_turnover_rate,after_turnover_rate
0050,2026-09-04,0,12906389.0,12906389.0,0.2763351798057556,0.2763351798057556,-17408512.0,-17408512.0,-0.10666649043560028,-0.10666649043560028,5598931.0,5598931.0,0.016304168850183487,0.016304168850183487,30625372.0,30625372.0,0.04423235356807709,0.04423235356807709,75032384.0,75032384.0,0.05397351458668709,0.05397351458668709,0.0,0.0,1.0,1.0,1.0,1.0,0.2116486132144928,0.2116486132144928
0051,2026-09-04,0,6000.0,6000.0,0.1470480114221573,0.1470480114221573,6030.0,6030.0,0.047847650945186615,0.047847650945186615,6030.0,6030.0,0.02558673359453678,0.02558673359453678,4730.0,4730.0,0.01083972305059433,0.01083972305059433,10455.0,10455.0,0.011668253690004349,0.011668253690004349,0.0,0.0,0.0,0.0,1.0,1.0,0.16654285788536072,0.16654285788536072
0052,2026-09-04,0,3411767.0,3411767.0,0.31302863359451294,0.31302863359451294,3165402.0,3165402.0,0.10059811919927597,0.10059811919927597,12936944.0,12936944.0,0.19064825773239136,0.19064825773239136,20476964.0,20476964.0,0.160148486495018,0.160148486495018,40286800.0,40286800.0,0.13972601294517517,0.13972601294517517,0.0,0.0,1.0,1.0,1.0,1.0,0.42442435026168823,0.42442435026168823
0053,2026-09-04,0,3.0,3.0,0.00011360624193912372,0.00011360624193912372,-1991.0,-1991.0,-0.011170833371579647,-0.011170833371579647,-1989.0,-1989.0,-0.006874954793602228,-0.006874954793602228,-2964.0,-2964.0,-0.00484887370839715,-0.00484887370839715,-1682.0,-1682.0,-0.0012750267051160336,-0.0012750267051160336,0.0,0.0,0.0,0.0,2.0,2.0,0.26438724994659424,0.26438724994659424
0055,2026-09-04,0,33003.0,33003.0,0.033513136208057404,0.033513136208057404,-136971.0,-136971.0,-0.045480262488126755,-0.045480262488126755,-106180.0,-106180.0,-0.027798961848020554,-0.027798961848020554,-375123.0,-375123.0,-0.07015439867973328,-0.07015439867973328,-870122.0,-870122.0,-0.10791485756635666,-0.10791485756635666,0.0,0.0,1.0,1.0,1.0,1.0,1.1632976531982422,1.1632976531982422
0056,2026-09-04,0,10531932.0,10531932.0,0.4583098292350769,0.4583098292350769,5305936.0,5305936.0,0.06395252048969269,0.06395252048969269,13807820.0,13807820.0,0.0822426825761795,0.0822426825761795,26052764.0,26052764.0,0.08930418640375137,0.08930418640375137,64891424.0,64891424.0,0.10220204293727875,0.10220204293727875,0.0,0.0,1.0,1.0,1.0,1.0,0.16341830790042877,0.16341830790042877
0057,2026-09-04,0,1000.0,1000.0,0.03233734145760536,0.03233734145760536,1003.0,1003.0,0.014944275841116905,0.014944275841116905,1084.0,1084.0,0.009544857777655125,0.009544857777655125,1092.0,1092.0,0.0055442447774112225,0.0055442447774112225,2083.0,2083.0,0.00491695711389184,0.00491695711389184,0.0,0.0,0.0,0.0,2.0,2.0,2.0251474380493164,2.0251474380493164
0061,2026-09-04,0,108000.0,108000.0,0.7285187840461731,0.7285187840461731,68000.0,68000.0,0.1880473792552948,0.1880473792552948,112000.0,112000.0,0.22800002992153168,0.22800002992153168,-89000.0,-89000.0,-0.08478935807943344,-0.08478935807943344,374000.0,374000.0,0.13635213673114777,0.13635213673114777,0.0,0.0,0.0,0.0,2.0,2.0,0.1542365401983261,0.1542365401983261
1101,2026-09-04,0,-5210414.0,-5210414.0,-0.2757471203804016,-0.2757471203804016,-35513656.0,-35513656.0,-0.4107040762901306,-0.4107040762901306,-17900342.0,-17900342.0,-0.023791033774614334,-0.023791033774614334,-45937716.0,-45937716.0,-0.05067959427833557,-0.05067959427833557,-23179302.0,-23179302.0,-0.020079337060451508,-0.020079337060451508,0.0,0.0,0.0,0.0,0.0,0.0,0.25116533041000366,0.25116533041000366
1102,2026-09-04,0,-1502076.0,-1502076.0,-0.3411818742752075,-0.3411818742752075,-2403582.0,-2403582.0,-0.12590065598487854,-0.12590065598487854,788991.0,788991.0,0.020658548921346664,0.020658548921346664,10224968.0,10224968.0,0.12850262224674225,0.12850262224674225,36289304.0,36289304.0,0.17042510211467743,0.17042510211467743,3.0,3.0,0.0,0.0,0.0,0.0,0.12413615733385086,0.12413615733385086
1103,2026-09-04,0,22000.0,22000.0,0.097501739859581,0.097501739859581,-141257.0,-141257.0,-0.2582574188709259,-0.2582574188709259,-313004.0,-313004.0,-0.23074552416801453,-0.23074552416801453,-688062.0,-688062.0,-0.23828937113285065,-0.23828937113285065,-34323.0,-34323.0,-0.006060424260795116,-0.006060424260795116,0.0,0.0,1.0,1.0,1.0,1.0,0.02709135413169861,0.02709135413169861
1104,2026-09-04,0,-37160.0,-37160.0,-0.05439978092908859,-0.05439978092908859,870664.0,870664.0,0.2675839066505432,0.2675839066505432,1235019.0,1235019.0,0.09556121379137039,0.09556121379137039,-576850.0,-576850.0,-0.03514832258224487,-0.03514832258224487,-2318594.0,-2318594.0,-0.09559549391269684,-0.09559549391269684,1.0,1.0,0.0,0.0,0.0,0.0,0.09947707504034042,0.09947707504034042
1108,2026-09-04,0,-72000.0,-72000.0,-0.1689232736825943,-0.1689232736825943,-142000.0,-142000.0,-0.1619623452425003,-0.1619623452425003,-224000.0,-224000.0,-0.1943543553352356,-0.1943543553352356,-273000.0,-273000.0,-0.1471567153930664,-0.1471567153930664,-104930.0,-104930.0,-0.019036972895264626,-0.019036972895264626,0.0,0.0,0.0,0.0,0.0,0.0,0.10530984401702881,0.10530984401702881
1109,2026-09-04,0,22000.0,22000.0,0.24312615394592285,0.24312615394592285,-4980.0,-4980.0,-0.021825065836310387,-0.021825065836310387,-33980.0,-33980.0,-0.08739487081766129,-0.08739487081766129,-216980.0,-216980.0,-0.2733227610588074,-0.2733227610588074,-202980.0,-202980.0,-0.08922315388917923,-0.08922315388917923,0.0,0.0,1.0,1.0,1.0,1.0,0.026523713022470474,0.026523713022470474
1110,2026-09-04,0,107000.0,107000.0,0.514586329460144,0.514586329460144,115000.0,115000.0,0.2268611490726471,0.2268611490726471,91000.0,91000.0,0.0883496031165123,0.0883496031165123,145000.0,145000.0,0.0932198315858841,0.0932198315858841,420452.0,420452.0,0.09228254109621048,0.09228254109621048,0.0,0.0,0.0,0.0,2.0,2.0,0.036352045834064484,0.036352045834064484
1201,2026-09-04,0,-176255.0,-176255.0,-0.3869535028934479,-0.3869535028934479,-561255.0,-561255.0,-0.5139133334159851,-0.5139133334159851,-929219.0,-929219.0,-0.481622576713562,-0.481622576713562,-985039.0,-985039.0,-0.2509286403656006,-0.2509286403656006,-833669.0,-833669.0,-0.12749893963336945,-0.12749893963336945,0.0,0.0,0.0,0.0,0.0,0.0,0.09000738710165024,0.09000738710165024
1203,2026-09-04,0,8000.0,8000.0,0.31117507815361023,0.31117507815361023,2000.0,2000.0,0.027208292856812477,0.027208292856812477,-13000.0,-13000.0,-0.12151122838258743,-0.12151122838258743,-7000.0,-7000.0,-0.038084667176008224,-0.038084667176008224,-12129.0,-12129.0,-0.03354082629084587,-0.03354082629084587,0.0,0.0,0.0,0.0,2.0,2.0,0.01071208342909813,0.01071208342909813
1210,2026-09-04,0,263869.0,263869.0,0.2848784923553467,0.2848784923553467,564051.0,564051.0,0.17854608595371246,0.17854608595371246,-887813.0,-887813.0,-0.1325903832912445,-0.1325903832912445,-1367610.0,-1367610.0,-0.11165699362754822,-0.11165699362754822,153851.0,153851.0,0.004181526601314545,0.004181526601314545,1.0,1.0,0.0,0.0,3.0,3.0,0.10351865738630295,0.10351865738630295
1213,2026-09-04,0,0.0,0.0,0.0,0.0,0.0,0.0,0.0,0.0,0.0,0.0,0.0,0.0,-2000.0,-2000.0,-0.00848154816776514,-0.00848154816776514,0.0,0.0,0.0,0.0,0.0,0.0,0.0,0.0,0.0,0.0,0.00936198141425848,0.00936198141425848
1215,2026-09-04,0,45370.0,45370.0,0.11350303143262863,0.11350303143262863,143131.0,143131.0,0.09072872251272202,0.09072872251272202,105368.0,105368.0,0.029371926560997963,0.029371926560997963,-407955.0,-407955.0,-0.059742290526628494,-0.059742290526628494,-383082.0,-383082.0,-0.030543949455022812,-0.030543949455022812,0.0,0.0,1.0,1.0,1.0,1.0,0.13559648394584656,0.13559648394584656
1216,2026-09-04,0,1856640.0,1856640.0,0.2759803831577301,0.2759803831577301,6543195.0,6543195.0,0.30417773127555847,0.30417773127555847,14231026.0,14231026.0,0.3045026361942291,0.3045026361942291,32674812.0,32674812.0,0.3237111270427704,0.3237111270427704,102669768.0,102669768.0,0.4583348035812378,0.4583348035812378,0.0,0.0,0.0,0.0,5.0,5.0,0.1183987483382225,0.1183987483382225
1217,2026-09-04,0,47492.0,47492.0,0.11813783645629883,0.11813783645629883,109492.0,109492.0,0.13558238744735718,0.13558238744735718,65492.0,65492.0,0.046900633722543716,0.046900633722543716,959701.0,959701.0,0.2693431079387665,0.2693431079387665,1715999.0,1715999.0,0.21392419934272766,0.21392419934272766,0.0,0.0,0.0,0.0,2.0,2.0,0.08129305392503738,0.08129305392503738
1218,2026-09-04,0,383000.0,383000.0,0.5053743720054626,0.5053743720054626,328339.0,328339.0,0.14545059204101562,0.14545059204101562,-118611.0,-118611.0,-0.027962567284703255,-0.027962567284703255,-311461.0,-311461.0,-0.023571930825710297,-0.023571930825710297,-1761653.0,-1761653.0,-0.06270281970500946,-0.06270281970500946,0.0,0.0,1.0,1.0,1.0,1.0,0.1515710949897766,0.1515710949897766
1219,2026-09-04,0,55273.0,55273.0,0.388614296913147,0.388614296913147,171680.0,171680.0,0.279860258102417,0.279860258102417,-1637.0,-1637.0,-0.0015502598835155368,-0.0015502598835155368,-414904.0,-414904.0,-0.09535855054855347,-0.09535855054855347,-65393.0,-65393.0,-0.007953213527798653,-0.007953213527798653,0.0,0.0,0.0,0.0,3.0,3.0,0.04168083518743515,0.04168083518743515
1220,2026-09-04,0,14000.0,14000.0,0.3240140676498413,0.3240140676498413,17000.0,17000.0,0.10252884030342102,0.10252884030342102,31000.0,31000.0,0.06034662202000618,0.06034662202000618,83378.0,83378.0,0.09407997131347656,0.09407997131347656,75020.0,75020.0,0.03576952591538429,0.03576952591538429,0.0,0.0,0.0,0.0,12.0,12.0,0.024400554597377777,0.024400554597377777
1225,2026-09-04,0,97000.0,97000.0,0.4582323431968689,0.4582323431968689,69000.0,69000.0,0.1420738250017166,0.1420738250017166,75000.0,75000.0,0.09771070629358292,0.09771070629358292,102000.0,102000.0,0.06443600356578827,0.06443600356578827,152969.0,152969.0,0.0663260966539383,0.0663260966539383,0.0,0.0,1.0,1.0,1.0,1.0,0.08737543970346451,0.08737543970346451
1227,2026-09-04,0,-95000.0,-95000.0,-0.2270413339138031,-0.2270413339138031,-261104.0,-261104.0,-0.20588794350624084,-0.20588794350624084,-2191544.0,-2191544.0,-0.5329587459564209,-0.5329587459564209,-3160591.0,-3160591.0,-0.4638616740703583,-0.4638616740703583,-4120681.0,-4120681.0,-0.2716943025588989,-0.2716943025588989,0.0,0.0,0.0,0.0,0.0,0.0,0.04572514072060585,0.04572514072060585
1229,2026-09-04,0,-469672.0,-469672.0,-0.4021267592906952,-0.4021267592906952,105659.0,105659.0,0.021269824355840683,0.021269824355840683,-735320.0,-735320.0,-0.08525584638118744,-0.08525584638118744,805500.0,805500.0,0.05391622707247734,0.05391622707247734,7151658.0,7151658.0,0.20023858547210693,0.20023858547210693,1.0,1.0,0.0,0.0,0.0,0.0,0.0637580007314682,0.0637580007314682
1231,2026-09-04,0,29923.0,29923.0,0.10371851921081543,0.10371851921081543,-175493.0,-175493.0,-0.19770050048828125,-0.19770050048828125,-289728.0,-289728.0,-0.22458507120609283,-0.22458507120609283,-647228.0,-647228.0,-0.2691786587238312,-0.2691786587238312,-797415.0,-797415.0,-0.1353558748960495,-0.1353558748960495,0.0,0.0,1.0,1.0,1.0,1.0,0.08787757158279419,0.08787757158279419
1232,2026-09-04,0,77173.0,77173.0,0.7200115919113159,0.7200115919113159,113898.0,113898.0,0.34796395897865295,0.34796395897865295,88668.0,88668.0,0.17372632026672363,0.17372632026672363,92391.0,92391.0,0.09917400777339935,0.09917400777339935,295239.0,295239.0,0.09787731617689133,0.09787731617689133,0.0,0.0,1.0,1.0,1.0,1.0,0.0669998824596405,0.0669998824596405
1233,2026-09-04,0,1000.0,1000.0,0.06558667123317719,0.06558667123317719,-8019.0,-8019.0,-0.2331443578004837,-0.2331443578004837,-21019.0,-21019.0,-0.23445098102092743,-0.23445098102092743,-12019.0,-12019.0,-0.07538353651762009,-0.07538353651762009,-115019.0,-115019.0,-0.23267138004302979,-0.23267138004302979,0.0,0.0,1.0,1.0,1.0,1.0,0.016830414533615112,0.016830414533615112
1234,2026-09-04,0,53000.0,53000.0,0.6664235591888428,0.6664235591888428,78000.0,78000.0,0.3978292942047119,0.3978292942047119,21000.0,21000.0,0.058344028890132904,0.058344028890132904,-14923.0,-14923.0,-0.022544577717781067,-0.022544577717781067,-186583.0,-186583.0,-0.10423899441957474,-0.10423899441957474,0.0,0.0,0.0,0.0,3.0,3.0,0.01978967897593975,0.01978967897593975
1235,2026-09-04,0,1000.0,1000.0,0.08264462649822235,0.08264462649822235,0.0,0.0,0.0,0.0,-1000.0,-1000.0,-0.017705382779240608,-0.017705382779240608,17000.0,17000.0,0.09240385890007019,0.09240385890007019,25000.0,25000.0,0.0696103498339653,0.0696103498339653,0.0,0.0,0.0,0.0,2.0,2.0,0.00641644885763526,0.00641644885763526
1236,2026-09-04,0,7770.0,7770.0,0.0827176496386528,0.0827176496386528,770.0,770.0,0.0026707362849265337,0.0026707362849265337,58570.0,58570.0,0.10082022845745087,0.10082022845745087,74546.0,74546.0,0.08153225481510162,0.08153225481510162,48966.0,48966.0,0.024134986102581024,0.024134986102581024,0.0,0.0,0.0,0.0,2.0,2.0,0.10837620496749878,0.10837620496749878
1240,2026-09-04,0,1000.0,1000.0,0.1666666716337204,0.1666666716337204,5000.0,5000.0,0.0458715595304966,0.0458715595304966,10000.0,10000.0,0.05917159840464592,0.05917159840464592,6000.0,6000.0,0.027522936463356018,0.027522936463356018,19000.0,19000.0,0.05588235333561897,0.05588235333561897,0.0,0.0,1.0,1.0,1.0,1.0,0.013564725406467915,0.013564725406467915
1256,2026-09-04,0,-14788.0,-14788.0,-0.20026272535324097,-0.20026272535324097,-79768.0,-79768.0,-0.30299392342567444,-0.30299392342567444,-167773.0,-167773.0,-0.23609748482704163,-0.23609748482704163,-194592.0,-194592.0,-0.18473964929580688,-0.18473964929580688,-165105.0,-165105.0,-0.10578683018684387,-0.10578683018684387,0.0,0.0,0.0,0.0,0.0,0.0,0.20642589032649994,0.20642589032649994
1259,2026-09-04,0,0.0,0.0,0.0,0.0,0.0,0.0,0.0,0.0,-1000.0,-1000.0,-0.024390242993831635,-0.024390242993831635,4000.0,4000.0,0.012121211737394333,0.012121211737394333,-8000.0,-8000.0,-0.012139605358242989,-0.012139605358242989,0.0,0.0,0.0,0.0,0.0,0.0,0.05866098403930664,0.05866098403930664
1264,2026-09-04,0,-2000.0,-2000.0,-0.1666666716337204,-0.1666666716337204,-3060.0,-3060.0,-0.1133333370089531,-0.1133333370089531,-5060.0,-5060.0,-0.07784615457057953,-0.07784615457057953,-51035.0,-51035.0,-0.24895122647285461,-0.24895122647285461,-53176.0,-53176.0,-0.125711590051651,-0.125711590051651,0.0,0.0,0.0,0.0,0.0,0.0,0.03238659352064133,0.03238659352064133
1268,2026-09-04,0,-38000.0,-38000.0,-0.37254902720451355,-0.37254902720451355,-109000.0,-109000.0,-0.4485596716403961,-0.4485596716403961,-117000.0,-117000.0,-0.4006849229335785,-0.4006849229335785,-125327.0,-125327.0,-0.3550339937210083,-0.3550339937210083,-151918.0,-151918.0,-0.21764756739139557,-0.21764756739139557,0.0,0.0,0.0,0.0,0.0,0.0,0.24157032370567322,0.24157032370567322
1294,2026-09-04,0,0.0,0.0,0.0,0.0,6000.0,6000.0,0.1666666716337204,0.1666666716337204,-8000.0,-8000.0,-0.0784313753247261,-0.0784313753247261,12000.0,12000.0,0.050632912665605545,0.050632912665605545,10600.0,10600.0,0.02598039247095585,0.02598039247095585,0.0,0.0,0.0,0.0,0.0,0.0,0.010921240784227848,0.010921240784227848
1295,2026-09-04,0,-1000.0,-1000.0,-0.10000000149011612,-0.10000000149011612,0.0,0.0,0.0,0.0,5000.0,5000.0,0.05263157933950424,0.05263157933950424,35000.0,35000.0,0.09562841802835464,0.09562841802835464,24067.0,24067.0,0.030815621837973595,0.030815621837973595,0.0,0.0,0.0,0.0,0.0,0.0,0.026595886796712875,0.026595886796712875
1301,2026-09-04,0,-768205.0,-768205.0,-0.028534866869449615,-0.028534866869449615,5542809.0,5542809.0,0.0417487695813179,0.0417487695813179,46122972.0,46122972.0,0.17364592850208282,0.17364592850208282,68619912.0,68619912.0,0.15379367768764496,0.15379367768764496,77432888.0,77432888.0,0.11256842315196991,0.11256842315196991,0.0,0.0,0.0,0.0,0.0,0.0,0.4229142665863037,0.4229142665863037
1303,2026-09-04,0,-5624819.0,-5624819.0,-0.08357924222946167,-0.08357924222946167,-13241563.0,-13241563.0,-0.04426926374435425,-0.04426926374435425,-9236194.0,-9236194.0,-0.015326575376093388,-0.015326575376093388,-8812022.0,-8812022.0,-0.007441801019012928,-0.007441801019012928,-45257400.0,-45257400.0,-0.02121853455901146,-0.02121853455901146,1.0,1.0,0.0,0.0,0.0,0.0,0.8485783338546753,0.8485783338546753
1304,2026-09-04,0,-500527.0,-500527.0,-0.2419324368238449,-0.2419324368238449,55800.0,55800.0,0.006269516889005899,0.006269516889005899,1461892.0,1461892.0,0.07736511528491974,0.07736511528491974,2296372.0,2296372.0,0.06702430546283722,0.06702430546283722,7416664.0,7416664.0,0.13450214266777039,0.13450214266777039,0.0,0.0,0.0,0.0,0.0,0.0,0.17403554916381836,0.17403554916381836
1305,2026-09-04,0,-649375.0,-649375.0,-0.2969569265842438,-0.2969569265842438,-1341677.0,-1341677.0,-0.18867823481559753,-0.18867823481559753,-759631.0,-759631.0,-0.057033464312553406,-0.057033464312553406,464087.0,464087.0,0.019316697493195534,0.019316697493195534,3453081.0,3453081.0,0.09311845898628235,0.09311845898628235,0.0,0.0,0.0,0.0,0.0,0.0,0.37634679675102234,0.37634679675102234
1307,2026-09-04,0,-104293.0,-104293.0,-0.156307190656662,-0.156307190656662,-254293.0,-254293.0,-0.1347080022096634,-0.1347080022096634,-69293.0,-69293.0,-0.024437682703137398,-0.024437682703137398,294733.0,294733.0,0.054292626678943634,0.054292626678943634,-1554228.0,-1554228.0,-0.11617463082075119,-0.11617463082075119,0.0,0.0,0.0,0.0,0.0,0.0,0.16772262752056122,0.16772262752056122
1308,2026-09-04,0,-323873.0,-323873.0,-0.2945947051048279,-0.2945947051048279,-1011614.0,-1011614.0,-0.19931049644947052,-0.19931049644947052,-87128.0,-87128.0,-0.00694118719547987,-0.00694118719547987,1180935.0,1180935.0,0.05605456978082657,0.05605456978082657,5139527.0,5139527.0,0.14169855415821075,0.14169855415821075,0.0,0.0,0.0,0.0,0.0,0.0,0.18516147136688232,0.18516147136688232
1309,2026-09-04,0,-28736.0,-28736.0,-0.02409784123301506,-0.02409784123301506,82833.0,82833.0,0.009641427546739578,0.009641427546739578,-69890.0,-69890.0,-0.003973772283643484,-0.003973772283643484,16665.0,16665.0,0.0006001760484650731,0.0006001760484650731,1043874.0,1043874.0,0.02495737001299858,0.02495737001299858,0.0,0.0,0.0,0.0,0.0,0.0,0.29992741346359253,0.29992741346359253
1310,2026-09-04,0,-62301.0,-62301.0,-0.020141420885920525,-0.020141420885920525,-555932.0,-555932.0,-0.0542374923825264,-0.0542374923825264,526145.0,526145.0,0.028109952807426453,0.028109952807426453,-478412.0,-478412.0,-0.011122877709567547,-0.011122877709567547,2545917.0,2545917.0,0.033676858991384506,0.033676858991384506,0.0,0.0,0.0,0.0,0.0,0.0,0.5859736800193787,0.5859736800193787
1312,2026-09-04,0,-2967444.0,-2967444.0,-0.08978157490491867,-0.08978157490491867,-7693294.0,-7693294.0,-0.060110703110694885,-0.060110703110694885,10722836.0,10722836.0,0.028539834544062614,0.028539834544062614,16112159.0,16112159.0,0.026478877291083336,0.026478877291083336,18146294.0,18146294.0,0.027871450409293175,0.027871450409293175,0.0,0.0,0.0,0.0,0.0,0.0,2.165031671524048,2.165031671524048
1313,2026-09-04,0,-523968.0,-523968.0,-0.2607481777667999,-0.2607481777667999,-676033.0,-676033.0,-0.09214845299720764,-0.09214845299720764,1449431.0,1449431.0,0.09350734949111938,0.09350734949111938,3682774.0,3682774.0,0.11331009864807129,0.11331009864807129,7569684.0,7569684.0,0.13290147483348846,0.13290147483348846,0.0,0.0,0.0,0.0,0.0,0.0,0.15099258720874786,0.15099258720874786
1314,2026-09-04,0,-3873634.0,-3873634.0,-0.236345112323761,-0.236345112323761,-4192000.0,-4192000.0,-0.0622452050447464,-0.0622452050447464,10830709.0,10830709.0,0.09156551212072372,0.09156551212072372,12068700.0,12068700.0,0.05216622352600098,0.05216622352600098,16246333.0,16246333.0,0.03465627506375313,0.03465627506375313,0.0,0.0,0.0,0.0,0.0,0.0,0.433035284280777,0.433035284280777
1315,2026-09-04,0,-1000.0,-1000.0,-0.059119123965501785,-0.059119123965501785,-2382.0,-2382.0,-0.047076959162950516,-0.047076959162950516,-11385.0,-11385.0,-0.08242056518793106,-0.08242056518793106,-8385.0,-8385.0,-0.02156064659357071,-0.02156064659357071,-135385.0,-135385.0,-0.11236687004566193,-0.11236687004566193,0.0,0.0,0.0,0.0,0.0,0.0,0.017068790271878242,0.017068790271878242
1316,2026-09-04,0,-295000.0,-295000.0,-0.1289273053407669,-0.1289273053407669,5467.0,5467.0,0.0009672185988165438,0.0009672185988165438,-206423.0,-206423.0,-0.01775338500738144,-0.01775338500738144,-5008078.0,-5008078.0,-0.08571193367242813,-0.08571193367242813,-2904778.0,-2904778.0,-0.031965404748916626,-0.031965404748916626,0.0,0.0,0.0,0.0,0.0,0.0,0.569683313369751,0.569683313369751
1319,2026-09-04,0,683911.0,683911.0,0.4132877290248871,0.4132877290248871,538902.0,538902.0,0.11499331146478653,0.11499331146478653,1678062.0,1678062.0,0.21613645553588867,0.21613645553588867,3042720.0,3042720.0,0.18551106750965118,0.18551106750965118,15523682.0,15523682.0,0.30022308230400085,0.30022308230400085,2.0,2.0,1.0,1.0,1.0,1.0,0.2797751724720001,0.2797751724720001
1321,2026-09-04,0,3000.0,3000.0,0.04098360612988472,0.04098360612988472,-9000.0,-9000.0,-0.0554528646171093,-0.0554528646171093,-119921.0,-119921.0,-0.24871206283569336,-0.24871206283569336,222079.0,222079.0,0.13497208058834076,0.13497208058834076,339079.0,339079.0,0.12521015107631683,0.12521015107631683,0.0,0.0,1.0,1.0,1.0,1.0,0.03221430256962776,0.03221430256962776
1323,2026-09-04,0,-1236.0,-1236.0,-0.14675849676132202,-0.14675849676132202,6761.0,6761.0,0.09449204057455063,0.09449204057455063,2638.0,2638.0,0.02075580134987831,0.02075580134987831,4588.0,4588.0,0.018862571567296982,0.018862571567296982,194999.0,194999.0,0.14599624276161194,0.14599624276161194,0.0,0.0,0.0,0.0,0.0,0.0,0.009227106347680092,0.009227106347680092
1324,2026-09-04,0,9000.0,9000.0,0.16187050938606262,0.16187050938606262,13000.0,13000.0,0.12000812590122223,0.12000812590122223,11000.0,11000.0,0.07343320548534393,0.07343320548534393,11000.0,11000.0,0.04374714195728302,0.04374714195728302,20000.0,20000.0,0.0410737507045269,0.0410737507045269,0.0,0.0,0.0,0.0,1.0,1.0,0.07401305437088013,0.07401305437088013
1325,2026-09-04,0,-6999.0,-6999.0,-0.04910476133227348,-0.04910476133227348,-8938.0,-8938.0,-0.025621987879276276,-0.025621987879276276,57062.0,57062.0,0.0743422657251358,0.0743422657251358,197062.0,197062.0,0.13777996599674225,0.13777996599674225,-27818.0,-27818.0,-0.007146659307181835,-0.007146659307181835,0.0,0.0,0.0,0.0,0.0,0.0,0.16713179647922516,0.16713179647922516
1326,2026-09-04,0,-2269633.0,-2269633.0,-0.05496605858206749,-0.05496605858206749,225969.0,225969.0,0.0012132935225963593,0.0012132935225963593,62678708.0,62678708.0,0.16628967225551605,0.16628967225551605,75815168.0,75815168.0,0.1483653485774994,0.1483653485774994,79334496.0,79334496.0,0.10832211375236511,0.10832211375236511,2.0,2.0,0.0,0.0,0.0,0.0,0.7044910788536072,0.7044910788536072
1336,2026-09-04,0,-13965.0,-13965.0,-0.1091015636920929,-0.1091015636920929,-158693.0,-158693.0,-0.2228834331035614,-0.2228834331035614,34162.0,34162.0,0.023956522345542908,0.023956522345542908,261308.0,261308.0,0.08324562013149261,0.08324562013149261,335178.0,335178.0,0.025009550154209137,0.025009550154209137,0.0,0.0,0.0,0.0,0.0,0.0,0.16491781175136566,0.16491781175136566
1337,2026-09-04,0,-79000.0,-79000.0,-0.3722885251045227,-0.3722885251045227,-295080.0,-295080.0,-0.47076693177223206,-0.47076693177223206,-256714.0,-256714.0,-0.2155219316482544,-0.2155219316482544,-192503.0,-192503.0,-0.06693505495786667,-0.06693505495786667,58560.0,58560.0,0.010277027264237404,0.010277027264237404,0.0,0.0,0.0,0.0,0.0,0.0,0.07889840751886368,0.07889840751886368
1338,2026-09-04,0,-1000.0,-1000.0,-0.030293850228190422,-0.030293850228190422,-19000.0,-19000.0,-0.1992010921239853,-0.1992010921239853,-34000.0,-34000.0,-0.13232867419719696,-0.13232867419719696,-61000.0,-61000.0,-0.10571007430553436,-0.10571007430553436,-123001.0,-123001.0,-0.07260088622570038,-0.07260088622570038,0.0,0.0,0.0,0.0,0.0,0.0,0.03937261551618576,0.03937261551618576
1339,2026-09-04,0,26000.0,26000.0,0.24257124960422516,0.24257124960422516,-3270.0,-3270.0,-0.017432933673262596,-0.017432933673262596,-48270.0,-48270.0,-0.15622825920581818,-0.15622825920581818,-202272.0,-202272.0,-0.153835266828537,-0.153835266828537,-107602.0,-107602.0,-0.039548538625240326,-0.039548538625240326,0.0,0.0,1.0,1.0,1.0,1.0,0.14460253715515137,0.14460253715515137
1340,2026-09-04,0,64000.0,64000.0,0.5039687752723694,0.5039687752723694,78000.0,78000.0,0.2591809928417206,0.2591809928417206,100000.0,100000.0,0.2033909410238266,0.2033909410238266,227000.0,227000.0,0.17156119644641876,0.17156119644641876,380000.0,380000.0,0.1267343908548355,0.1267343908548355,0.0,0.0,0.0,0.0,4.0,4.0,0.0830431804060936,0.0830431804060936
1341,2026-09-04,0,0.0,0.0,0.0,0.0,-2000.0,-2000.0,-0.24953213334083557,-0.24953213334083557,-4000.0,-4000.0,-0.20929259061813354,-0.20929259061813354,-1000.0,-1000.0,-0.021629104390740395,-0.021629104390740395,5000.0,5000.0,0.028945403173565865,0.028945403173565865,0.0,0.0,0.0,0.0,0.0,0.0,0.007576067931950092,0.007576067931950092
1342,2026-09-04,0,-31749.0,-31749.0,-0.36349794268608093,-0.36349794268608093,-178072.0,-178072.0,-0.4223578870296478,-0.4223578870296478,-238952.0,-238952.0,-0.35271281003952026,-0.35271281003952026,-245662.0,-245662.0,-0.1820015162229538,-0.1820015162229538,-116552.0,-116552.0,-0.03567316383123398,-0.03567316383123398,0.0,0.0,0.0,0.0,0.0,0.0,0.11197690665721893,0.11197690665721893
1402,2026-09-04,0,-90701.0,-90701.0,-0.016366928815841675,-0.016366928815841675,-3162846.0,-3162846.0,-0.14736159145832062,-0.14736159145832062,798272.0,798272.0,0.014620873145759106,0.014620873145759106,-17154216.0,-17154216.0,-0.1315641850233078,-0.1315641850233078,54886000.0,54886000.0,0.16282354295253754,0.16282354295253754,1.0,1.0,0.0,0.0,0.0,0.0,0.1035279855132103,0.1035279855132103
1409,2026-09-04,0,-1363984.0,-1363984.0,-0.12706461548805237,-0.12706461548805237,-7052396.0,-7052396.0,-0.11900543421506882,-0.11900543421506882,-17836830.0,-17836830.0,-0.1308160424232483,-0.1308160424232483,-18536308.0,-18536308.0,-0.09349439293146133,-0.09349439293146133,-30294340.0,-30294340.0,-0.09274172782897949,-0.09274172782897949,0.0,0.0,0.0,0.0,0.0,0.0,0.6632790565490723,0.6632790565490723
1410,2026-09-04,0,11000.0,11000.0,0.08156123012304306,0.08156123012304306,14000.0,14000.0,0.02603769488632679,0.02603769488632679,25000.0,25000.0,0.030157579109072685,0.030157579109072685,21000.0,21000.0,0.016695261001586914,0.016695261001586914,38000.0,38000.0,0.02090846188366413,0.02090846188366413,0.0,0.0,0.0,0.0,2.0,2.0,0.2175290286540985,0.2175290286540985
1413,2026-09-04,0,-1000.0,-1000.0,-0.04309787601232529,-0.04309787601232529,-6000.0,-6000.0,-0.06549360603094101,-0.06549360603094101,-14000.0,-14000.0,-0.10768485069274902,-0.10768485069274902,-8000.0,-8000.0,-0.039016205817461014,-0.039016205817461014,-10000.0,-10000.0,-0.025152739137411118,-0.025152739137411118,0.0,0.0,0.0,0.0,0.0,0.0,0.017563067376613617,0.017563067376613617
1414,2026-09-04,0,-78000.0,-78000.0,-0.3207091689109802,-0.3207091689109802,-170000.0,-170000.0,-0.24502384662628174,-0.24502384662628174,-306387.0,-306387.0,-0.2712388038635254,-0.2712388038635254,114095.0,114095.0,0.0325661338865757,0.0325661338865757,549503.0,549503.0,0.07637840509414673,0.07637840509414673,0.0,0.0,0.0,0.0,0.0,0.0,0.12283384054899216,0.12283384054899216
1416,2026-09-04,0,-15732.0,-15732.0,-0.06745388358831406,-0.06745388358831406,-25860.0,-25860.0,-0.038949478417634964,-0.038949478417634964,14610.0,14610.0,0.012783471494913101,0.012783471494913101,240935.0,240935.0,0.07419080287218094,0.07419080287218094,1273012.0,1273012.0,0.09335099905729294,0.09335099905729294,0.0,0.0,0.0,0.0,0.0,0.0,0.1258353739976883,0.1258353739976883
1417,2026-09-04,0,-11000.0,-11000.0,-0.11754648387432098,-0.11754648387432098,-12000.0,-12000.0,-0.03534182906150818,-0.03534182906150818,-115022.0,-115022.0,-0.17377759516239166,-0.17377759516239166,-146831.0,-146831.0,-0.12692366540431976,-0.12692366540431976,-158000.0,-158000.0,-0.06593911349773407,-0.06593911349773407,0.0,0.0,0.0,0.0,0.0,0.0,0.049267712980508804,0.049267712980508804
1418,2026-09-04,0,1000.0,1000.0,0.16084928810596466,0.16084928810596466,2000.0,2000.0,0.07775142788887024,0.07775142788887024,0.0,0.0,0.0,0.0,9000.0,9000.0,0.08762535452842712,0.08762535452842712,21000.0,21000.0,0.09265264868736267,0.09265264868736267,0.0,0.0,0.0,0.0,1.0,1.0,0.010938814841210842,0.010938814841210842
1419,2026-09-04,0,5225.0,5225.0,0.11404561996459961,0.11404561996459961,19296.0,19296.0,0.08563516288995743,0.08563516288995743,121296.0,121296.0,0.19639737904071808,0.19639737904071808,45281.0,45281.0,0.04592565819621086,0.04592565819621086,-1082.0,-1082.0,-0.0005641472525894642,-0.0005641472525894642,0.0,0.0,0.0,0.0,2.0,2.0,0.015269565396010876,0.015269565396010876
1423,2026-09-04,0,0.0,0.0,0.0,0.0,5000.0,5000.0,0.17225341498851776,0.17225341498851776,6000.0,6000.0,0.10286831110715866,0.10286831110715866,23000.0,23000.0,0.20987507700920105,0.20987507700920105,45000.0,45000.0,0.17700716853141785,0.17700716853141785,0.0,0.0,0.0,0.0,0.0,0.0,0.0012925497721880674,0.0012925497721880674
1432,2026-09-04,0,9999.0,9999.0,0.10569655895233154,0.10569655895233154,26000.0,26000.0,0.10887771844863892,0.10887771844863892,39599.0,39599.0,0.10923470556735992,0.10923470556735992,55598.0,55598.0,0.08222999423742294,0.08222999423742294,190586.0,190586.0,0.11007019877433777,0.11007019877433777,0.0,0.0,0.0,0.0,4.0,4.0,0.08759351819753647,0.08759351819753647
1434,2026-09-04,0,-120199.0,-120199.0,-0.07729267328977585,-0.07729267328977585,-622563.0,-622563.0,-0.12648709118366241,-0.12648709118366241,1168833.0,1168833.0,0.11598179489374161,0.11598179489374161,5211045.0,5211045.0,0.2101994901895523,0.2101994901895523,9020233.0,9020233.0,0.2174958437681198,0.2174958437681198,0.0,0.0,0.0,0.0,0.0,0.0,0.09231006354093552,0.09231006354093552
1435,2026-09-04,0,16000.0,16000.0,0.4828730821609497,0.4828730821609497,17000.0,17000.0,0.2847905158996582,0.2847905158996582,19000.0,19000.0,0.23717685043811798,0.23717685043811798,38000.0,38000.0,0.24428030848503113,0.24428030848503113,84000.0,84000.0,0.20672139525413513,0.20672139525413513,0.0,0.0,0.0,0.0,2.0,2.0,0.023705095052719116,0.023705095052719116
1436,2026-09-04,0,31825.0,31825.0,0.24771356582641602,0.24771356582641602,47829.0,47829.0,0.16356100142002106,0.16356100142002106,83044.0,83044.0,0.17518426477909088,0.17518426477909088,158468.0,158468.0,0.15216253697872162,0.15216253697872162,707690.0,707690.0,0.14045754075050354,0.14045754075050354,0.0,0.0,0.0,0.0,4.0,4.0,0.06617245078086853,0.06617245078086853
1437,2026-09-04,0,-13099.0,-13099.0,-0.2297385036945343,-0.2297385036945343,12741.0,12741.0,0.08143451809883118,0.08143451809883118,139741.0,139741.0,0.358327716588974,0.358327716588974,84456.0,84456.0,0.12243974953889847,0.12243974953889847,406527.0,406527.0,0.03178054094314575,0.03178054094314575,0.0,0.0,0.0,0.0,0.0,0.0,0.02824423462152481,0.02824423462152481
1438,2026-09-04,0,1000.0,1000.0,0.04216562584042549,0.04216562584042549,19000.0,19000.0,0.20778653025627136,0.20778653025627136,10000.0,10000.0,0.06118902564048767,0.06118902564048767,68000.0,68000.0,0.1845078468322754,0.1845078468322754,55387.0,55387.0,0.08921415358781815,0.08921415358781815,0.0,0.0,0.0,0.0,3.0,3.0,0.021326234564185143,0.021326234564185143
1439,2026-09-04,0,1000.0,1000.0,0.09070295095443726,0.09070295095443726,2000.0,2000.0,0.050880227237939835,0.050880227237939835,-12000.0,-12000.0,-0.1629394292831421,-0.1629394292831421,-14000.0,-14000.0,-0.04428558051586151,-0.04428558051586151,19000.0,19000.0,0.02163711003959179,0.02163711003959179,0.0,0.0,0.0,0.0,1.0,1.0,0.011983695439994335,0.011983695439994335
1440,2026-09-04,0,-1443921.0,-1443921.0,-0.2711651921272278,-0.2711651921272278,147756.0,147756.0,0.007192858494818211,0.007192858494818211,1475446.0,1475446.0,0.053536612540483475,0.053536612540483475,1927805.0,1927805.0,0.05666644126176834,0.05666644126176834,9787684.0,9787684.0,0.1669793576002121,0.1669793576002121,1.0,1.0,0.0,0.0,0.0,0.0,0.32139214873313904,0.32139214873313904
1441,2026-09-04,0,0.0,0.0,0.0,0.0,-1000.0,-1000.0,-0.020625360310077667,-0.020625360310077667,-3000.0,-3000.0,-0.037975165992975235,-0.037975165992975235,-2000.0,-2000.0,-0.014955172315239906,-0.014955172315239906,-13000.0,-13000.0,-0.049293771386146545,-0.049293771386146545,0.0,0.0,0.0,0.0,0.0,0.0,0.016204752027988434,0.016204752027988434
1442,2026-09-04,0,114000.0,114000.0,0.6122481822967529,0.6122481822967529,162032.0,162032.0,0.515083909034729,0.515083909034729,103012.0,103012.0,0.1553516983985901,0.1553516983985901,136995.0,136995.0,0.11762508749961853,0.11762508749961853,612924.0,612924.0,0.1939021795988083,0.1939021795988083,0.0,0.0,0.0,0.0,4.0,4.0,0.05084468051791191,0.05084468051791191
1443,2026-09-04,0,0.0,0.0,0.0,0.0,-2000.0,-2000.0,-0.030155451968312263,-0.030155451968312263,-12000.0,-12000.0,-0.08425723761320114,-0.08425723761320114,-5000.0,-5000.0,-0.02739936299622059,-0.02739936299622059,-26000.0,-26000.0,-0.09646528959274292,-0.09646528959274292,0.0,0.0,0.0,0.0,0.0,0.0,0.014141845516860485,0.014141845516860485
1444,2026-09-04,0,-873838.0,-873838.0,-0.4555923640727997,-0.4555923640727997,-1153835.0,-1153835.0,-0.20138637721538544,-0.20138637721538544,-1235403.0,-1235403.0,-0.1413763165473938,-0.1413763165473938,-2615769.0,-2615769.0,-0.16590458154678345,-0.16590458154678345,-1309895.0,-1309895.0,-0.044311992824077606,-0.044311992824077606,0.0,0.0,0.0,0.0,0.0,0.0,0.19265121221542358,0.19265121221542358
1445,2026-09-04,0,88000.0,88000.0,0.884377658367157,0.884377658367157,149000.0,149000.0,0.697128176689148,0.697128176689148,142000.0,142000.0,0.4847409129142761,0.4847409129142761,195000.0,195000.0,0.32827895879745483,0.32827895879745483,288000.0,288000.0,0.19417619705200195,0.19417619705200195,0.0,0.0,0.0,0.0,4.0,4.0,0.07615215331315994,0.07615215331315994
1446,2026-09-04,0,-25000.0,-25000.0,-0.27894625067710876,-0.27894625067710876,-60000.0,-60000.0,-0.19151951372623444,-0.19151951372623444,-75000.0,-75000.0,-0.1456344574689865,-0.1456344574689865,-148000.0,-148000.0,-0.14219994843006134,-0.14219994843006134,-178000.0,-178000.0,-0.06943989545106888,-0.06943989545106888,0.0,0.0,0.0,0.0,0.0,0.0,0.06508119404315948,0.06508119404315948
1447,2026-09-04,0,-405375.0,-405375.0,-0.3527776300907135,-0.3527776300907135,-650421.0,-650421.0,-0.17505766451358795,-0.17505766451358795,-670302.0,-670302.0,-0.10833179205656052,-0.10833179205656052,-904840.0,-904840.0,-0.07619170099496841,-0.07619170099496841,-771244.0,-771244.0,-0.028253205120563507,-0.028253205120563507,0.0,0.0,0.0,0.0,0.0,0.0,0.126264289021492,0.126264289021492
1449,2026-09-04,0,71000.0,71000.0,0.2183365821838379,0.2183365821838379,157699.0,157699.0,0.18629863858222961,0.18629863858222961,287699.0,287699.0,0.20554465055465698,0.20554465055465698,494449.0,494449.0,0.16413713991641998,0.16413713991641998,598775.0,598775.0,0.10288716107606888,0.10288716107606888,0.0,0.0,0.0,0.0,6.0,6.0,0.255821168422699,0.255821168422699
1451,2026-09-04,0,10000.0,10000.0,0.24493594467639923,0.24493594467639923,-8000.0,-8000.0,-0.06471863389015198,-0.06471863389015198,-114000.0,-114000.0,-0.2954002916812897,-0.2954002916812897,-267061.0,-267061.0,-0.3175222873687744,-0.3175222873687744,-430061.0,-430061.0,-0.24013814330101013,-0.24013814330101013,0.0,0.0,0.0,0.0,2.0,2.0,0.020619697868824005,0.020619697868824005
1452,2026-09-04,0,0.0,0.0,0.0,0.0,-9002.0,-9002.0,-0.042202480137348175,-0.042202480137348175,-12015.0,-12015.0,-0.03868531063199043,-0.03868531063199043,-22972.0,-22972.0,-0.03443685546517372,-0.03443685546517372,-164985.0,-164985.0,-0.10202554613351822,-0.10202554613351822,0.0,0.0,0.0,0.0,0.0,0.0,0.056434113532304764,0.056434113532304764
1453,2026-09-04,0,3000.0,3000.0,0.13182756304740906,0.13182756304740906,-2000.0,-2000.0,-0.03172387555241585,-0.03172387555241585,0.0,0.0,0.0,0.0,17000.0,17000.0,0.05284508690237999,0.05284508690237999,40000.0,40000.0,0.04563084617257118,0.04563084617257118,0.0,0.0,0.0,0.0,1.0,1.0,0.020095715299248695,0.020095715299248695
1454,2026-09-04,0,6000.0,6000.0,0.2931405007839203,0.2931405007839203,-3000.0,-3000.0,-0.03929324448108673,-0.03929324448108673,-9000.0,-9000.0,-0.05280512571334839,-0.05280512571334839,3000.0,3000.0,0.011550678871572018,0.011550678871572018,-46000.0,-46000.0,-0.07993688434362411,-0.07993688434362411,0.0,0.0,1.0,1.0,1.0,1.0,0.015764763578772545,0.015764763578772545
1455,2026-09-04,0,-287705.0,-287705.0,-0.32285159826278687,-0.32285159826278687,-78794.0,-78794.0,-0.019287385046482086,-0.019287385046482086,767209.0,767209.0,0.09267405420541763,0.09267405420541763,1173392.0,1173392.0,0.09095650166273117,0.09095650166273117,3961693.0,3961693.0,0.1247926577925682,0.1247926577925682,0.0,0.0,0.0,0.0,0.0,0.0,0.16760513186454773,0.16760513186454773
1456,2026-09-04,0,2000.0,2000.0,0.036363635212183,0.036363635212183,4000.0,4000.0,0.021024635061621666,0.021024635061621666,-3000.0,-3000.0,-0.007859266363084316,-0.007859266363084316,11000.0,11000.0,0.01737523451447487,0.01737523451447487,21000.0,21000.0,0.016901476308703423,0.016901476308703423,0.0,0.0,0.0,0.0,2.0,2.0,0.05868544429540634,0.05868544429540634
1457,2026-09-04,0,9000.0,9000.0,0.05950964242219925,0.05950964242219925,-52000.0,-52000.0,-0.15750321745872498,-0.15750321745872498,-71000.0,-71000.0,-0.14405012130737305,-0.14405012130737305,-127000.0,-127000.0,-0.14775636792182922,-0.14775636792182922,-136917.0,-136917.0,-0.07122679799795151,-0.07122679799795151,0.0,0.0,1.0,1.0,1.0,1.0,0.04774918407201767,0.04774918407201767
1459,2026-09-04,0,15000.0,15000.0,0.04893277585506439,0.04893277585506439,73000.0,73000.0,0.13513438403606415,0.13513438403606415,44611.0,44611.0,0.05735735222697258,0.05735735222697258,-59169.0,-59169.0,-0.01723625138401985,-0.01723625138401985,-42121.0,-42121.0,-0.007172262761741877,-0.007172262761741877,0.0,0.0,0.0,0.0,3.0,3.0,0.11396850645542145,0.11396850645542145
1460,2026-09-04,0,42000.0,42000.0,0.17183396220207214,0.17183396220207214,59000.0,59000.0,0.11273504793643951,0.11273504793643951,-2745.0,-2745.0,-0.002898924285545945,-0.002898924285545945,-24731.0,-24731.0,-0.013779220171272755,-0.013779220171272755,-434759.0,-434759.0,-0.10708718746900558,-0.10708718746900558,0.0,0.0,0.0,0.0,2.0,2.0,0.035186681896448135,0.035186681896448135
1463,2026-09-04,0,4000.0,4000.0,0.2581977844238281,0.2581977844238281,19992.0,19992.0,0.2151736617088318,0.2151736617088318,83992.0,83992.0,0.3857603967189789,0.3857603967189789,92991.0,92991.0,0.28655290603637695,0.28655290603637695,186002.0,186002.0,0.22500260174274445,0.22500260174274445,0.0,0.0,0.0,0.0,2.0,2.0,0.00894104316830635,0.00894104316830635
1464,2026-09-04,0,62000.0,62000.0,0.27498969435691833,0.27498969435691833,173000.0,173000.0,0.1854245513677597,0.1854245513677597,233000.0,233000.0,0.13614265620708466,0.13614265620708466,361186.0,361186.0,0.13923139870166779,0.13923139870166779,275701.0,275701.0,0.051256198436021805,0.051256198436021805,0.0,0.0,0.0,0.0,5.0,5.0,0.05297834798693657,0.05297834798693657
1465,2026-09-04,0,-7072.0,-7072.0,-0.04510060325264931,-0.04510060325264931,-46989.0,-46989.0,-0.05233490467071533,-0.05233490467071533,-45258.0,-45258.0,-0.031614284962415695,-0.031614284962415695,57000.0,57000.0,0.023034043610095978,0.023034043610095978,33000.0,33000.0,0.007419554982334375,0.007419554982334375,0.0,0.0,0.0,0.0,0.0,0.0,0.15134556591510773,0.15134556591510773
1466,2026-09-04,0,-12145.0,-12145.0,-0.10104665905237198,-0.10104665905237198,-20475.0,-20475.0,-0.036812759935855865,-0.036812759935855865,101862.0,101862.0,0.10273991525173187,0.10273991525173187,207533.0,207533.0,0.08877445012331009,0.08877445012331009,434551.0,434551.0,0.05826947093009949,0.05826947093009949,0.0,0.0,0.0,0.0,0.0,0.0,0.10812783241271973,0.10812783241271973
1467,2026-09-04,0,21000.0,21000.0,0.10849293321371078,0.10849293321371078,24633.0,24633.0,0.07694975286722183,0.07694975286722183,-37000.0,-37000.0,-0.05324077978730202,-0.05324077978730202,-8327.0,-8327.0,-0.004495688714087009,-0.004495688714087009,-511862.0,-511862.0,-0.09362903982400894,-0.09362903982400894,0.0,0.0,1.0,1.0,1.0,1.0,0.08285126835107803,0.08285126835107803
1468,2026-09-04,0,6000.0,6000.0,0.08443450182676315,0.08443450182676315,-2000.0,-2000.0,-0.010040966793894768,-0.010040966793894768,-13000.0,-13000.0,-0.022666603326797485,-0.022666603326797485,10000.0,10000.0,0.011139591224491596,0.011139591224491596,-33000.0,-33000.0,-0.02398139052093029,-0.02398139052093029,0.0,0.0,1.0,1.0,1.0,1.0,0.04430092126131058,0.04430092126131058
1470,2026-09-04,0,3000.0,3000.0,0.09677419066429138,0.09677419066429138,1000.0,1000.0,0.028428474441170692,0.028428474441170692,-2000.0,-2000.0,-0.0415291003882885,-0.0415291003882885,12000.0,12000.0,0.10178721696138382,0.10178721696138382,16000.0,16000.0,0.058708056807518005,0.058708056807518005,0.0,0.0,1.0,1.0,1.0,1.0,0.0361444391310215,0.0361444391310215
1471,2026-09-04,0,21000.0,21000.0,0.09281111508607864,0.09281111508607864,-4000.0,-4000.0,-0.008356732316315174,-0.008356732316315174,41000.0,41000.0,0.04206565022468567,0.04206565022468567,-172000.0,-172000.0,-0.0349653922021389,-0.0349653922021389,-149000.0,-149000.0,-0.020078513771295547,-0.020078513771295547,0.0,0.0,1.0,1.0,1.0,1.0,0.15042828023433685,0.15042828023433685
1472,2026-09-04,0,14000.0,14000.0,0.5057438015937805,0.5057438015937805,22000.0,22000.0,0.43320730328559875,0.43320730328559875,18200.0,18200.0,0.15763990581035614,0.15763990581035614,23200.0,23200.0,0.06677469611167908,0.06677469611167908,29200.0,29200.0,0.04073427617549896,0.04073427617549896,0.0,0.0,0.0,0.0,2.0,2.0,0.05273959040641785,0.05273959040641785
1473,2026-09-04,0,9000.0,9000.0,0.33705341815948486,0.33705341815948486,30000.0,30000.0,0.2981366515159607,0.2981366515159607,30000.0,30000.0,0.1961117535829544,0.1961117535829544,40000.0,40000.0,0.1185220330953598,0.1185220330953598,77000.0,77000.0,0.08266228437423706,0.08266228437423706,0.0,0.0,0.0,0.0,4.0,4.0,0.018269827589392662,0.018269827589392662
1474,2026-09-04,0,-3000.0,-3000.0,-0.13968431949615479,-0.13968431949615479,4000.0,4000.0,0.019548526033759117,0.019548526033759117,-14000.0,-14000.0,-0.02976076677441597,-0.02976076677441597,4000.0,4000.0,0.005552324466407299,0.005552324466407299,15000.0,15000.0,0.012122338637709618,0.012122338637709618,0.0,0.0,0.0,0.0,0.0,0.0,0.016533873975276947,0.016533873975276947
1475,2026-09-04,0,6000.0,6000.0,0.5,0.5,6000.0,6000.0,0.14961101114749908,0.14961101114749908,2000.0,2000.0,0.026246029883623123,0.026246029883623123,7000.0,7000.0,0.0574311837553978,0.0574311837553978,-42000.0,-42000.0,-0.06481551378965378,-0.06481551378965378,0.0,0.0,0.0,0.0,1.0,1.0,0.018177205696702003,0.018177205696702003
1476,2026-09-04,0,294436.0,294436.0,0.3382960855960846,0.3382960855960846,768853.0,768853.0,0.31256893277168274,0.31256893277168274,474014.0,474014.0,0.11028077453374863,0.11028077453374863,126658.0,126658.0,0.015494080260396004,0.015494080260396004,-3727683.0,-3727683.0,-0.15833669900894165,-0.15833669900894165,2.0,2.0,0.0,0.0,2.0,2.0,0.3172209560871124,0.3172209560871124
1477,2026-09-04,0,237433.0,237433.0,0.24104897677898407,0.24104897677898407,296130.0,296130.0,0.08479227870702744,0.08479227870702744,432516.0,432516.0,0.06776778399944305,0.06776778399944305,293555.0,293555.0,0.02225021831691265,0.02225021831691265,-8781548.0,-8781548.0,-0.2173033207654953,-0.2173033207654953,2.0,2.0,1.0,1.0,1.0,1.0,0.3992801308631897,0.3992801308631897
1503,2026-09-04,0,547191.0,547191.0,0.42728766798973083,0.42728766798973083,-323713.0,-323713.0,-0.05899183824658394,-0.05899183824658394,176689.0,176689.0,0.016060179099440575,0.016060179099440575,584302.0,584302.0,0.02695893682539463,0.02695893682539463,2589848.0,2589848.0,0.07312019169330597,0.07312019169330597,2.0,2.0,1.0,1.0,1.0,1.0,0.2458125352859497,0.2458125352859497
1504,2026-09-04,0,886381.0,886381.0,0.18016591668128967,0.18016591668128967,-2741788.0,-2741788.0,-0.14975936710834503,-0.14975936710834503,1351352.0,1351352.0,0.03754269331693649,0.03754269331693649,1465824.0,1465824.0,0.015984389930963516,0.015984389930963516,24571412.0,24571412.0,0.1213798075914383,0.1213798075914383,2.0,2.0,1.0,1.0,1.0,1.0,0.20702406764030457,0.20702406764030457
1506,2026-09-04,0,-3000.0,-3000.0,-0.02020719088613987,-0.02020719088613987,-46000.0,-46000.0,-0.11266087740659714,-0.11266087740659714,-60000.0,-60000.0,-0.08130400627851486,-0.08130400627851486,-111556.0,-111556.0,-0.07804474979639053,-0.07804474979639053,-154197.0,-154197.0,-0.041071098297834396,-0.041071098297834396,0.0,0.0,0.0,0.0,0.0,0.0,0.049423329532146454,0.049423329532146454
1512,2026-09-04,0,1000.0,1000.0,0.012774328701198101,0.012774328701198101,-13000.0,-13000.0,-0.04827473685145378,-0.04827473685145378,-22000.0,-22000.0,-0.052003923803567886,-0.052003923803567886,-37000.0,-37000.0,-0.045541711151599884,-0.045541711151599884,-32000.0,-32000.0,-0.02374383993446827,-0.02374383993446827,0.0,0.0,1.0,1.0,1.0,1.0,0.07973030209541321,0.07973030209541321
1513,2026-09-04,0,406607.0,406607.0,0.27566033601760864,0.27566033601760864,166217.0,166217.0,0.030423004180192947,0.030423004180192947,-878553.0,-878553.0,-0.07100296020507812,-0.07100296020507812,2069613.0,2069613.0,0.07948103547096252,0.07948103547096252,17187348.0,17187348.0,0.25035879015922546,0.25035879015922546,1.0,1.0,1.0,1.0,1.0,1.0,0.2931807339191437,0.2931807339191437
1514,2026-09-04,0,370228.0,370228.0,0.31648126244544983,0.31648126244544983,-60565.0,-60565.0,-0.013408389873802662,-0.013408389873802662,-324897.0,-324897.0,-0.039622098207473755,-0.039622098207473755,-1562459.0,-1562459.0,-0.07841314375400543,-0.07841314375400543,-1236806.0,-1236806.0,-0.038872379809617996,-0.038872379809617996,2.0,2.0,1.0,1.0,1.0,1.0,0.41993871331214905,0.41993871331214905
1515,2026-09-04,0,-140250.0,-140250.0,-0.10633805394172668,-0.10633805394172668,-623448.0,-623448.0,-0.1667572557926178,-0.1667572557926178,-939080.0,-939080.0,-0.1347392201423645,-0.1347392201423645,-2201166.0,-2201166.0,-0.07734642922878265,-0.07734642922878265,-6751707.0,-6751707.0,-0.10741940140724182,-0.10741940140724182,0.0,0.0,0.0,0.0,0.0,0.0,0.726776659488678,0.726776659488678
1516,2026-09-04,0,0.0,0.0,0.0,0.0,-23000.0,-23000.0,-0.4265895187854767,-0.4265895187854767,-61000.0,-61000.0,-0.5990141034126282,-0.5990141034126282,-115000.0,-115000.0,-0.5041118264198303,-0.5041118264198303,-128001.0,-128001.0,-0.12983952462673187,-0.12983952462673187,0.0,0.0,0.0,0.0,0.0,0.0,0.011347674764692783,0.011347674764692783
1517,2026-09-04,0,62708.0,62708.0,0.22016943991184235,0.22016943991184235,-37661.0,-37661.0,-0.033693037927150726,-0.033693037927150726,-110661.0,-110661.0,-0.07528220117092133,-0.07528220117092133,-236871.0,-236871.0,-0.08283265680074692,-0.08283265680074692,120339.0,120339.0,0.010781994089484215,0.010781994089484215,0.0,0.0,1.0,1.0,1.0,1.0,0.12946227192878723,0.12946227192878723
1519,2026-09-04,0,282634.0,282634.0,0.1659972220659256,0.1659972220659256,-345495.0,-345495.0,-0.07295069098472595,-0.07295069098472595,-291051.0,-291051.0,-0.02735084854066372,-0.02735084854066372,-962925.0,-962925.0,-0.03946714848279953,-0.03946714848279953,-2712389.0,-2712389.0,-0.06801330298185349,-0.06801330298185349,2.0,2.0,1.0,1.0,1.0,1.0,0.4900130331516266,0.4900130331516266
1521,2026-09-04,0,6000.0,6000.0,0.3418608605861664,0.3418608605861664,2000.0,2000.0,0.05778009071946144,0.05778009071946144,5000.0,5000.0,0.08583101630210876,0.08583101630210876,16000.0,16000.0,0.11757616698741913,0.11757616698741913,49000.0,49000.0,0.141306072473526,0.141306072473526,0.0,0.0,1.0,1.0,1.0,1.0,0.02302374318242073,0.02302374318242073
1522,2026-09-04,0,-13000.0,-13000.0,-0.024899492040276527,-0.024899492040276527,-594998.0,-594998.0,-0.36117681860923767,-0.36117681860923767,-31998.0,-31998.0,-0.009408785961568356,-0.009408785961568356,170008.0,170008.0,0.0350881889462471,0.0350881889462471,964403.0,964403.0,0.10838957875967026,0.10838957875967026,0.0,0.0,0.0,0.0,0.0,0.0,0.1668592244386673,0.1668592244386673
1524,2026-09-04,0,81000.0,81000.0,0.3151015341281891,0.3151015341281891,232000.0,232000.0,0.2434903085231781,0.2434903085231781,350140.0,350140.0,0.24620243906974792,0.24620243906974792,858762.0,858762.0,0.30486738681793213,0.30486738681793213,1801976.0,1801976.0,0.3009180426597595,0.3009180426597595,0.0,0.0,0.0,0.0,20.0,20.0,0.15550141036510468,0.15550141036510468
1525,2026-09-04,0,-1000.0,-1000.0,-0.027683960273861885,-0.027683960273861885,-3000.0,-3000.0,-0.06881839036941528,-0.06881839036941528,-14000.0,-14000.0,-0.18509459495544434,-0.18509459495544434,2000.0,2000.0,0.011906533502042294,0.011906533502042294,26000.0,26000.0,0.06908279657363892,0.06908279657363892,0.0,0.0,0.0,0.0,0.0,0.0,0.04921244457364082,0.04921244457364082
1526,2026-09-04,0,-28000.0,-28000.0,-0.22688598930835724,-0.22688598930835724,-16217.0,-16217.0,-0.02247937023639679,-0.02247937023639679,-38147.0,-38147.0,-0.03621421009302139,-0.03621421009302139,147218.0,147218.0,0.06914135813713074,0.06914135813713074,110601.0,110601.0,0.013026347383856773,0.013026347383856773,0.0,0.0,0.0,0.0,0.0,0.0,0.20568333566188812,0.20568333566188812
1527,2026-09-04,0,-4001.0,-4001.0,-0.06069570407271385,-0.06069570407271385,-26001.0,-26001.0,-0.07556387037038803,-0.07556387037038803,-55001.0,-55001.0,-0.10567177832126617,-0.10567177832126617,-162840.0,-162840.0,-0.15913377702236176,-0.15913377702236176,-71038.0,-71038.0,-0.02768629789352417,-0.02768629789352417,0.0,0.0,0.0,0.0,0.0,0.0,0.04757068306207657,0.04757068306207657
1528,2026-09-04,0,231000.0,231000.0,0.43967002630233765,0.43967002630233765,81465.0,81465.0,0.04643920436501503,0.04643920436501503,-29355.0,-29355.0,-0.010036841034889221,-0.010036841034889221,593625.0,593625.0,0.09284546226263046,0.09284546226263046,1420326.0,1420326.0,0.11049820482730865,0.11049820482730865,0.0,0.0,1.0,1.0,1.0,1.0,0.27459952235221863,0.27459952235221863
1529,2026-09-04,0,-94282.0,-94282.0,-0.18999886512756348,-0.18999886512756348,-298559.0,-298559.0,-0.21461741626262665,-0.21461741626262665,-555703.0,-555703.0,-0.2652679681777954,-0.2652679681777954,-577328.0,-577328.0,-0.14127512276172638,-0.14127512276172638,-256604.0,-256604.0,-0.03737513720989227,-0.03737513720989227,0.0,0.0,0.0,0.0,0.0,0.0,0.3199482560157776,0.3199482560157776
1530,2026-09-04,0,-2000.0,-2000.0,-0.09919650852680206,-0.09919650852680206,-4000.0,-4000.0,-0.0696779116988182,-0.0696779116988182,-8820.0,-8820.0,-0.09753400087356567,-0.09753400087356567,-4820.0,-4820.0,-0.026145491749048233,-0.026145491749048233,-36820.0,-36820.0,-0.05165906623005867,-0.05165906623005867,0.0,0.0,0.0,0.0,0.0,0.0,0.021314209327101707,0.021314209327101707
1531,2026-09-04,0,27000.0,27000.0,0.1530100405216217,0.1530100405216217,-174000.0,-174000.0,-0.3449232876300812,-0.3449232876300812,-621000.0,-621000.0,-0.35837268829345703,-0.35837268829345703,-524152.0,-524152.0,-0.1309393048286438,-0.1309393048286438,-376000.0,-376000.0,-0.0729803591966629,-0.0729803591966629,0.0,0.0,1.0,1.0,1.0,1.0,0.09689795225858688,0.09689795225858688
1532,2026-09-04,0,-29000.0,-29000.0,-0.17085658013820648,-0.17085658013820648,-52445.0,-52445.0,-0.07633393257856369,-0.07633393257856369,38729.0,38729.0,0.02954019606113434,0.02954019606113434,121577.0,121577.0,0.046680938452482224,0.046680938452482224,400794.0,400794.0,0.06509039551019669,0.06509039551019669,0.0,0.0,0.0,0.0,0.0,0.0,0.04016358032822609,0.04016358032822609
1533,2026-09-04,0,-29000.0,-29000.0,-0.3348381817340851,-0.3348381817340851,-36000.0,-36000.0,-0.1483612209558487,-0.1483612209558487,-80000.0,-80000.0,-0.14274269342422485,-0.14274269342422485,-101124.0,-101124.0,-0.10431402921676636,-0.10431402921676636,-176296.0,-176296.0,-0.07794610410928726,-0.07794610410928726,0.0,0.0,0.0,0.0,0.0,0.0,0.0878855511546135,0.0878855511546135
1535,2026-09-04,0,0.0,0.0,0.0,0.0,-14000.0,-14000.0,-0.18311424553394318,-0.18311424553394318,-30000.0,-30000.0,-0.1830596625804901,-0.1830596625804901,-47000.0,-47000.0,-0.14900483191013336,-0.14900483191013336,-62000.0,-62000.0,-0.08202208578586578,-0.08202208578586578,0.0,0.0,0.0,0.0,0.0,0.0,0.01794128119945526,0.01794128119945526
1536,2026-09-04,0,-193981.0,-193981.0,-0.16488996148109436,-0.16488996148109436,-135322.0,-135322.0,-0.0330163836479187,-0.0330163836479187,-538811.0,-538811.0,-0.08925572037696838,-0.08925572037696838,16701.0,16701.0,0.001628032186999917,0.001628032186999917,2308246.0,2308246.0,0.09785788506269455,0.09785788506269455,0.0,0.0,0.0,0.0,0.0,0.0,0.42171961069107056,0.42171961069107056
1537,2026-09-04,0,-44000.0,-44000.0,-0.20207123458385468,-0.20207123458385468,-92937.0,-92937.0,-0.14720220863819122,-0.14720220863819122,-166937.0,-166937.0,-0.162679985165596,-0.162679985165596,-239937.0,-239937.0,-0.1390218585729599,-0.1390218585729599,-785011.0,-785011.0,-0.21226036548614502,-0.21226036548614502,0.0,0.0,0.0,0.0,0.0,0.0,0.2653394937515259,0.2653394937515259
1538,2026-08-24,0,0.0,0.0,0.0,0.0,0.0,0.0,0.0,0.0,0.0,0.0,0.0,0.0,-8000.0,-8000.0,-0.1547568440437317,-0.1547568440437317,-8000.0,-8000.0,-0.05667809769511223,-0.05667809769511223,0.0,0.0,0.0,0.0,0.0,0.0,0.0092941178008914,0.0092941178008914
1539,2026-09-04,0,4000.0,4000.0,0.08262073248624802,0.08262073248624802,-2000.0,-2000.0,-0.02575792744755745,-0.02575792744755745,-10000.0,-10000.0,-0.08798247575759888,-0.08798247575759888,-13000.0,-13000.0,-0.04719652608036995,-0.04719652608036995,-4000.0,-4000.0,-0.004805693868547678,-0.004805693868547678,0.0,0.0,1.0,1.0,1.0,1.0,0.07406149804592133,0.07406149804592133
1540,2026-09-04,0,11000.0,11000.0,0.09204250574111938,0.09204250574111938,79000.0,79000.0,0.17227354645729065,0.17227354645729065,161020.0,161020.0,0.23392203450202942,0.23392203450202942,192020.0,192020.0,0.17099405825138092,0.17099405825138092,-211980.0,-211980.0,-0.07179014384746552,-0.07179014384746552,0.0,0.0,0.0,0.0,5.0,5.0,0.13982093334197998,0.13982093334197998
1541,2026-09-04,0,-2000.0,-2000.0,-0.32792261242866516,-0.32792261242866516,-6000.0,-6000.0,-0.24471816420555115,-0.24471816420555115,-10000.0,-10000.0,-0.17662227153778076,-0.17662227153778076,5000.0,5000.0,0.043825048953294754,0.043825048953294754,5000.0,5000.0,0.018149280920624733,0.018149280920624733,0.0,0.0,0.0,0.0,0.0,0.0,0.0077398475259542465,0.0077398475259542465
1558,2026-09-04,0,4390.0,4390.0,0.054572124034166336,0.054572124034166336,110969.0,110969.0,0.1807565838098526,0.1807565838098526,100216.0,100216.0,0.11539679765701294,0.11539679765701294,61820.0,61820.0,0.04590180516242981,0.04590180516242981,243112.0,243112.0,0.08446383476257324,0.08446383476257324,0.0,0.0,0.0,0.0,3.0,3.0,0.12465052306652069,0.12465052306652069
1560,2026-09-04,0,-408801.0,-408801.0,-0.26025399565696716,-0.26025399565696716,-851244.0,-851244.0,-0.21679189801216125,-0.21679189801216125,-52558.0,-52558.0,-0.007550328969955444,-0.007550328969955444,-2554.0,-2554.0,-0.0002562004083301872,-0.0002562004083301872,1944159.0,1944159.0,0.0767541155219078,0.0767541155219078,0.0,0.0,0.0,0.0,0.0,0.0,1.0498619079589844,1.0498619079589844
1563,2026-08-26,0,164749.0,164749.0,0.0512496754527092,0.0512496754527092,711770.0,711770.0,0.10937383025884628,0.10937383025884628,960727.0,960727.0,0.10941284149885178,0.10941284149885178,1006255.0,1006255.0,0.07280849665403366,0.07280849665403366,2147964.0,2147964.0,0.07332755625247955,0.07332755625247955,0.0,0.0,0.0,0.0,7.0,7.0,1.8998339176177979,1.8998339176177979
1565,2026-09-04,0,-17000.0,-17000.0,-0.20987653732299805,-0.20987653732299805,14605.0,14605.0,0.04333828017115593,0.04333828017115593,183.0,183.0,0.00032913670293055475,0.00032913670293055475,112836.0,112836.0,0.079461969435215,0.079461969435215,370783.0,370783.0,0.1652330607175827,0.1652330607175827,0.0,0.0,0.0,0.0,0.0,0.0,0.16066163778305054,0.16066163778305054
1568,2026-09-04,0,118981.0,118981.0,0.443583220243454,0.443583220243454,60981.0,60981.0,0.10835596174001694,0.10835596174001694,81309.0,81309.0,0.09074412286281586,0.09074412286281586,178077.0,178077.0,0.10489543527364731,0.10489543527364731,98535.0,98535.0,0.02183682844042778,0.02183682844042778,0.0,0.0,1.0,1.0,1.0,1.0,0.26019591093063354,0.26019591093063354
1569,2026-09-04,0,195000.0,195000.0,0.3391304314136505,0.3391304314136505,-28977.0,-28977.0,-0.01525105256587267,-0.01525105256587267,-81977.0,-81977.0,-0.02970181219279766,-0.02970181219279766,387023.0,387023.0,0.0799138993024826,0.0799138993024826,838659.0,838659.0,0.10193983465433121,0.10193983465433121,0.0,0.0,1.0,1.0,1.0,1.0,0.3986205756664276,0.3986205756664276
1570,2026-09-04,0,-9000.0,-9000.0,-0.28125,-0.28125,-25000.0,-25000.0,-0.2380952388048172,-0.2380952388048172,-30000.0,-30000.0,-0.17751479148864746,-0.17751479148864746,-9000.0,-9000.0,-0.02200488932430744,-0.02200488932430744,-47001.0,-47001.0,-0.059419721364974976,-0.059419721364974976,0.0,0.0,0.0,0.0,0.0,0.0,0.06213491037487984,0.06213491037487984
1580,2026-09-04,0,-7000.0,-7000.0,-0.07865168899297714,-0.07865168899297714,-30000.0,-30000.0,-0.12448132783174515,-0.12448132783174515,-63570.0,-63570.0,-0.13107216358184814,-0.13107216358184814,-83380.0,-83380.0,-0.11548476666212082,-0.11548476666212082,-170664.0,-170664.0,-0.08444532752037048,-0.08444532752037048,0.0,0.0,0.0,0.0,0.0,0.0,0.1803838014602661,0.1803838014602661
1582,2026-09-04,0,126000.0,126000.0,0.4162207245826721,0.4162207245826721,187452.0,187452.0,0.18879146873950958,0.18879146873950958,180457.0,180457.0,0.08532185107469559,0.08532185107469559,138918.0,138918.0,0.024963708594441414,0.024963708594441414,887684.0,887684.0,0.08454068750143051,0.08454068750143051,0.0,0.0,1.0,1.0,1.0,1.0,0.20983359217643738,0.20983359217643738
1583,2026-09-04,0,5000.0,5000.0,0.49236828088760376,0.49236828088760376,-3000.0,-3000.0,-0.1034732535481453,-0.1034732535481453,-13840.0,-13840.0,-0.20192882418632507,-0.20192882418632507,14160.0,14160.0,0.05102739483118057,0.05102739483118057,30160.0,30160.0,0.03619905188679695,0.03619905188679695,0.0,0.0,1.0,1.0,1.0,1.0,0.00928241852670908,0.00928241852670908
1584,2026-09-04,0,-112552.0,-112552.0,-0.28566497564315796,-0.28566497564315796,-107292.0,-107292.0,-0.1031653881072998,-0.1031653881072998,22260.0,22260.0,0.013409638777375221,0.013409638777375221,105499.0,105499.0,0.027954159304499626,0.027954159304499626,484142.0,484142.0,0.0695706307888031,0.0695706307888031,0.0,0.0,0.0,0.0,0.0,0.0,0.16948384046554565,0.16948384046554565
1586,2026-09-04,0,-20907.0,-20907.0,-0.102485291659832,-0.102485291659832,-46885.0,-46885.0,-0.10980093479156494,-0.10980093479156494,-72846.0,-72846.0,-0.11293953657150269,-0.11293953657150269,-79172.0,-79172.0,-0.032715704292058945,-0.032715704292058945,405827.0,405827.0,0.04257522150874138,0.04257522150874138,0.0,0.0,0.0,0.0,0.0,0.0,0.15752838551998138,0.15752838551998138
1587,2026-09-04,0,11000.0,11000.0,0.08383187651634216,0.08383187651634216,113000.0,113000.0,0.28392744064331055,0.28392744064331055,130999.0,130999.0,0.1963096559047699,0.1963096559047699,169069.0,169069.0,0.13642683625221252,0.13642683625221252,511239.0,511239.0,0.1637050211429596,0.1637050211429596,0.0,0.0,0.0,0.0,4.0,4.0,0.16390468180179596,0.16390468180179596
1589,2026-04-02,0,1521952.0,1521952.0,0.1804925799369812,0.1804925799369812,2248909.0,2248909.0,0.20308221876621246,0.20308221876621246,2416185.0,2416185.0,0.19425295293331146,0.19425295293331146,2483783.0,2483783.0,0.1524527668952942,0.1524527668952942,3095066.0,3095066.0,0.07385788857936859,0.07385788857936859,0.0,0.0,0.0,0.0,9.0,9.0,5.506358623504639,5.506358623504639
1590,2026-09-04,0,-8096.0,-8096.0,-0.02792629413306713,-0.02792629413306713,-139046.0,-139046.0,-0.11751452088356018,-0.11751452088356018,-79974.0,-79974.0,-0.0339292548596859,-0.0339292548596859,-261729.0,-261729.0,-0.04997280240058899,-0.04997280240058899,76601.0,76601.0,0.005444639828056097,0.005444639828056097,0.0,0.0,0.0,0.0,0.0,0.0,0.14495299756526947,0.14495299756526947
1591,2026-09-04,0,19099.0,19099.0,0.15279200673103333,0.15279200673103333,-52445.0,-52445.0,-0.08995711803436279,-0.08995711803436279,-78901.0,-78901.0,-0.08375902473926544,-0.08375902473926544,-194625.0,-194625.0,-0.1028129979968071,-0.1028129979968071,-242023.0,-242023.0,-0.06700526177883148,-0.06700526177883148,0.0,0.0,1.0,1.0,1.0,1.0,0.32853198051452637,0.32853198051452637
1593,2026-09-04,0,2000.0,2000.0,0.1666666716337204,0.1666666716337204,20000.0,20000.0,0.5128205418586731,0.5128205418586731,21000.0,21000.0,0.4285714328289032,0.4285714328289032,16000.0,16000.0,0.10810811072587967,0.10810811072587967,32000.0,32000.0,0.06986899673938751,0.06986899673938751,0.0,0.0,0.0,0.0,3.0,3.0,0.03016229346394539,0.03016229346394539
1595,2026-09-04,0,-152838.0,-152838.0,-0.25096550583839417,-0.25096550583839417,-819838.0,-819838.0,-0.24248388409614563,-0.24248388409614563,-707798.0,-707798.0,-0.1762884110212326,-0.1762884110212326,-651586.0,-651586.0,-0.13521187007427216,-0.13521187007427216,-624677.0,-624677.0,-0.08370320498943329,-0.08370320498943329,0.0,0.0,0.0,0.0,0.0,0.0,1.0831798315048218,1.0831798315048218
1597,2026-09-04,0,65127.0,65127.0,0.009185181930661201,0.009185181930661201,-1618182.0,-1618182.0,-0.08367954194545746,-0.08367954194545746,-2743714.0,-2743714.0,-0.10541485995054245,-0.10541485995054245,-3365733.0,-3365733.0,-0.09031219035387039,-0.09031219035387039,-3321641.0,-3321641.0,-0.05965447798371315,-0.05965447798371315,0.0,0.0,1.0,1.0,1.0,1.0,7.943422317504883,7.943422317504883
1598,2026-09-04,0,-53000.0,-53000.0,-0.22669626772403717,-0.22669626772403717,-134129.0,-134129.0,-0.3036090135574341,-0.3036090135574341,-219443.0,-219443.0,-0.34185200929641724,-0.34185200929641724,136962.0,136962.0,0.0683799684047699,0.0683799684047699,256008.0,256008.0,0.05022583156824112,0.05022583156824112,0.0,0.0,0.0,0.0,0.0,0.0,0.13050702214241028,0.13050702214241028
1599,2026-09-04,0,-1000.0,-1000.0,-0.03999999910593033,-0.03999999910593033,-2000.0,-2000.0,-0.043478261679410934,-0.043478261679410934,-5000.0,-5000.0,-0.05263157933950424,-0.05263157933950424,-14000.0,-14000.0,-0.07567567378282547,-0.07567567378282547,-10000.0,-10000.0,-0.02463054098188877,-0.02463054098188877,0.0,0.0,0.0,0.0,0.0,0.0,0.03423308581113815,0.03423308581113815
1603,2026-09-04,0,8455.0,8455.0,0.04492322355508804,0.04492322355508804,63675.0,63675.0,0.13106894493103027,0.13106894493103027,70643.0,70643.0,0.08751653879880905,0.08751653879880905,287748.0,287748.0,0.19559884071350098,0.19559884071350098,1025239.0,1025239.0,0.24175432324409485,0.24175432324409485,0.0,0.0,0.0,0.0,3.0,3.0,0.09818559139966965,0.09818559139966965
1604,2026-09-04,0,42113.0,42113.0,0.18558277189731598,0.18558277189731598,32372.0,32372.0,0.03770266845822334,0.03770266845822334,13814.0,13814.0,0.010248641483485699,0.010248641483485699,42764.0,42764.0,0.021455463021993637,0.021455463021993637,156061.0,156061.0,0.04135774075984955,0.04135774075984955,0.0,0.0,0.0,0.0,2.0,2.0,0.05906376987695694,0.05906376987695694
1605,2026-09-04,0,-313844.0,-313844.0,-0.01998746581375599,-0.01998746581375599,427342.0,427342.0,0.008257683366537094,0.008257683366537094,153595.0,153595.0,0.001706165843643248,0.001706165843643248,27132764.0,27132764.0,0.11861294507980347,0.11861294507980347,137430992.0,137430992.0,0.21290592849254608,0.21290592849254608,1.0,1.0,0.0,0.0,0.0,0.0,0.3543412387371063,0.3543412387371063
1608,2026-09-04,0,-305267.0,-305267.0,-0.17798693478107452,-0.17798693478107452,-1310417.0,-1310417.0,-0.18615195155143738,-0.18615195155143738,-1004628.0,-1004628.0,-0.07396280765533447,-0.07396280765533447,7248701.0,7248701.0,0.1629011332988739,0.1629011332988739,19783744.0,19783744.0,0.17934465408325195,0.17934465408325195,0.0,0.0,0.0,0.0,0.0,0.0,0.2710462808609009,0.2710462808609009
1609,2026-09-04,0,365551.0,365551.0,0.16598668694496155,0.16598668694496155,1087502.0,1087502.0,0.1590990275144577,0.1590990275144577,-98576.0,-98576.0,-0.007305194158107042,-0.007305194158107042,-1138991.0,-1138991.0,-0.0331573449075222,-0.0331573449075222,4124361.0,4124361.0,0.06059183552861214,0.06059183552861214,0.0,0.0,1.0,1.0,1.0,1.0,0.28045302629470825,0.28045302629470825
1611,2026-09-04,0,-160277.0,-160277.0,-0.36524710059165955,-0.36524710059165955,-540252.0,-540252.0,-0.4927971065044403,-0.4927971065044403,-1028032.0,-1028032.0,-0.4431951940059662,-0.4431951940059662,-1466861.0,-1466861.0,-0.26026490330696106,-0.26026490330696106,-1504745.0,-1504745.0,-0.15234781801700592,-0.15234781801700592,0.0,0.0,0.0,0.0,0.0,0.0,0.13596820831298828,0.13596820831298828
1612,2026-09-04,0,17000.0,17000.0,0.044708721339702606,0.044708721339702606,226471.0,226471.0,0.18975192308425903,0.18975192308425903,-120374.0,-120374.0,-0.05465243011713028,-0.05465243011713028,944139.0,944139.0,0.1572265475988388,0.1572265475988388,3366824.0,3366824.0,0.18745844066143036,0.18745844066143036,0.0,0.0,0.0,0.0,3.0,3.0,0.12029831856489182,0.12029831856489182
1614,2026-09-04,0,22000.0,22000.0,0.319869726896286,0.319869726896286,11000.0,11000.0,0.1038578450679779,0.1038578450679779,-8000.0,-8000.0,-0.04243649169802666,-0.04243649169802666,25000.0,25000.0,0.06952807307243347,0.06952807307243347,-15000.0,-15000.0,-0.01532905362546444,-0.01532905362546444,0.0,0.0,1.0,1.0,1.0,1.0,0.025557255372405052,0.025557255372405052
1615,2026-09-04,0,1000.0,1000.0,0.01375667192041874,0.01375667192041874,-196.0,-196.0,-0.0007846182561479509,-0.0007846182561479509,-47046.0,-47046.0,-0.12077569961547852,-0.12077569961547852,171641.0,171641.0,0.17410369217395782,0.17410369217395782,360818.0,360818.0,0.12236867845058441,0.12236867845058441,0.0,0.0,0.0,0.0,2.0,2.0,0.0365966260433197,0.0365966260433197
1616,2026-09-04,0,88969.0,88969.0,0.37817147374153137,0.37817147374153137,75081.0,75081.0,0.09879273921251297,0.09879273921251297,-28905.0,-28905.0,-0.01886320859193802,-0.01886320859193802,358496.0,358496.0,0.1171622946858406,0.1171622946858406,326522.0,326522.0,0.059440866112709045,0.059440866112709045,0.0,0.0,1.0,1.0,1.0,1.0,0.12117578834295273,0.12117578834295273
1617,2026-09-04,0,-58492.0,-58492.0,-0.2011534422636032,-0.2011534422636032,-1307412.0,-1307412.0,-0.3579846918582916,-0.3579846918582916,-1336263.0,-1336263.0,-0.21764829754829407,-0.21764829754829407,-1100140.0,-1100140.0,-0.13935033977031708,-0.13935033977031708,-110583.0,-110583.0,-0.008149598725140095,-0.008149598725140095,0.0,0.0,0.0,0.0,0.0,0.0,0.17153851687908173,0.17153851687908173
1618,2026-09-04,0,25000.0,25000.0,0.10896854847669601,0.10896854847669601,64359.0,64359.0,0.07400393486022949,0.07400393486022949,11111.0,11111.0,0.006563324946910143,0.006563324946910143,672826.0,672826.0,0.13568076491355896,0.13568076491355896,2483118.0,2483118.0,0.1582830399274826,0.1582830399274826,0.0,0.0,0.0,0.0,3.0,3.0,0.11906269937753677,0.11906269937753677
1626,2026-09-04,0,12000.0,12000.0,0.2599259316921234,0.2599259316921234,21000.0,21000.0,0.176630899310112,0.176630899310112,9000.0,9000.0,0.036823973059654236,0.036823973059654236,64000.0,64000.0,0.08778908848762512,0.08778908848762512,41000.0,41000.0,0.02773861214518547,0.02773861214518547,0.0,0.0,0.0,0.0,3.0,3.0,0.030814623460173607,0.030814623460173607
1702,2026-09-04,0,-48995.0,-48995.0,-0.2871737480163574,-0.2871737480163574,-52995.0,-52995.0,-0.12052426487207413,-0.12052426487207413,13005.0,13005.0,0.017176048830151558,0.017176048830151558,148005.0,148005.0,0.10735922306776047,0.10735922306776047,161585.0,161585.0,0.0489436611533165,0.0489436611533165,0.0,0.0,0.0,0.0,0.0,0.0,0.0580047182738781,0.0580047182738781
1707,2026-09-04,0,-34968.0,-34968.0,-0.19441355764865875,-0.19441355764865875,-4930.0,-4930.0,-0.004921471234411001,-0.004921471234411001,-29043.0,-29043.0,-0.005607659462839365,-0.005607659462839365,-585092.0,-585092.0,-0.07652481645345688,-0.07652481645345688,-974148.0,-974148.0,-0.08606306463479996,-0.08606306463479996,0.0,0.0,0.0,0.0,0.0,0.0,0.12141703069210052,0.12141703069210052
1708,2026-09-04,0,-161770.0,-161770.0,-0.06867960095405579,-0.06867960095405579,-339612.0,-339612.0,-0.03757001832127571,-0.03757001832127571,304984.0,304984.0,0.02173530124127865,0.02173530124127865,450866.0,450866.0,0.014619815163314342,0.014619815163314342,-2841267.0,-2841267.0,-0.044306106865406036,-0.044306106865406036,0.0,0.0,0.0,0.0,0.0,0.0,0.9459495544433594,0.9459495544433594
1709,2026-09-04,0,1389818.0,1389818.0,0.17089390754699707,0.17089390754699707,-2824114.0,-2824114.0,-0.08257424086332321,-0.08257424086332321,-951595.0,-951595.0,-0.012146398425102234,-0.012146398425102234,-5382827.0,-5382827.0,-0.030526885762810707,-0.030526885762810707,5400308.0,5400308.0,0.01921970024704933,0.01921970024704933,0.0,0.0,1.0,1.0,1.0,1.0,1.7048969268798828,1.7048969268798828
1710,2026-09-04,0,-1785641.0,-1785641.0,-0.2053678035736084,-0.2053678035736084,338879.0,338879.0,0.01657569408416748,0.01657569408416748,2517385.0,2517385.0,0.07758262753486633,0.07758262753486633,3532694.0,3532694.0,0.06103215739130974,0.06103215739130974,11294175.0,11294175.0,0.10811395943164825,0.10811395943164825,0.0,0.0,0.0,0.0,0.0,0.0,0.9816884398460388,0.9816884398460388
1711,2026-09-04,0,580091.0,580091.0,0.1490611582994461,0.1490611582994461,759664.0,759664.0,0.0699298158288002,0.0699298158288002,1848009.0,1848009.0,0.08693157881498337,0.08693157881498337,4833543.0,4833543.0,0.06607617437839508,0.06607617437839508,4771705.0,4771705.0,0.03816875070333481,0.03816875070333481,0.0,0.0,0.0,0.0,2.0,2.0,0.7104728817939758,0.7104728817939758
1712,2026-09-04,0,32078.0,32078.0,0.05399182438850403,0.05399182438850403,776380.0,776380.0,0.2057674676179886,0.2057674676179886,1103543.0,1103543.0,0.08047452569007874,0.08047452569007874,1233940.0,1233940.0,0.06902112811803818,0.06902112811803818,1092302.0,1092302.0,0.03956969454884529,0.03956969454884529,0.0,0.0,1.0,1.0,1.0,1.0,0.14129309356212616,0.14129309356212616
1713,2026-09-04,0,32000.0,32000.0,0.042978979647159576,0.042978979647159576,162972.0,162972.0,0.10066182911396027,0.10066182911396027,250034.0,250034.0,0.12370963394641876,0.12370963394641876,131144.0,131144.0,0.05361870303750038,0.05361870303750038,-130677.0,-130677.0,-0.026940589770674706,-0.026940589770674706,0.0,0.0,0.0,0.0,4.0,4.0,0.4932372272014618,0.4932372272014618
1714,2026-09-04,0,-990416.0,-990416.0,-0.10607269406318665,-0.10607269406318665,-18178496.0,-18178496.0,-0.20626281201839447,-0.20626281201839447,-13483191.0,-13483191.0,-0.10471150279045105,-0.10471150279045105,-11351173.0,-11351173.0,-0.06366944313049316,-0.06366944313049316,-10162603.0,-10162603.0,-0.027014806866645813,-0.027014806866645813,0.0,0.0,0.0,0.0,0.0,0.0,0.9414106011390686,0.9414106011390686
1717,2026-09-04,0,-1704495.0,-1704495.0,-0.07201790809631348,-0.07201790809631348,-6646190.0,-6646190.0,-0.09779722988605499,-0.09779722988605499,16777658.0,16777658.0,0.09638751298189163,0.09638751298189163,29456684.0,29456684.0,0.11553429067134857,0.11553429067134857,47894720.0,47894720.0,0.11131925880908966,0.11131925880908966,2.0,2.0,0.0,0.0,0.0,0.0,1.9985430240631104,1.9985430240631104
1718,2026-09-04,0,1983832.0,1983832.0,0.11156091094017029,0.11156091094017029,-2945468.0,-2945468.0,-0.05394215136766434,-0.05394215136766434,-9078950.0,-9078950.0,-0.07041377574205399,-0.07041377574205399,-6667491.0,-6667491.0,-0.030761511996388435,-0.030761511996388435,2126630.0,2126630.0,0.004320672247558832,0.004320672247558832,0.0,0.0,1.0,1.0,1.0,1.0,1.054774284362793,1.054774284362793
1720,2026-09-04,0,-39913.0,-39913.0,-0.28857848048210144,-0.28857848048210144,-166613.0,-166613.0,-0.2262318879365921,-0.2262318879365921,-218813.0,-218813.0,-0.1687658280134201,-0.1687658280134201,-346506.0,-346506.0,-0.1598220318555832,-0.1598220318555832,-994122.0,-994122.0,-0.2144070714712143,-0.2144070714712143,0.0,0.0,0.0,0.0,0.0,0.0,0.07036273181438446,0.07036273181438446
1721,2026-09-04,0,108985.0,108985.0,0.2445068061351776,0.2445068061351776,32992.0,32992.0,0.02029349096119404,0.02029349096119404,14572.0,14572.0,0.004312893841415644,0.004312893841415644,309924.0,309924.0,0.05196676030755043,0.05196676030755043,663781.0,663781.0,0.05750121548771858,0.05750121548771858,0.0,0.0,1.0,1.0,1.0,1.0,0.24108834564685822,0.24108834564685822
1722,2026-09-04,0,-193048.0,-193048.0,-0.10210420191287994,-0.10210420191287994,1522401.0,1522401.0,0.20526981353759766,0.20526981353759766,4425448.0,4425448.0,0.25717732310295105,0.25717732310295105,1683628.0,1683628.0,0.05593538284301758,0.05593538284301758,-244700.0,-244700.0,-0.004710759036242962,-0.004710759036242962,1.0,1.0,0.0,0.0,0.0,0.0,0.19292816519737244,0.19292816519737244
1723,2026-09-04,0,-257349.0,-257349.0,-0.3128129243850708,-0.3128129243850708,-151869.0,-151869.0,-0.07542271912097931,-0.07542271912097931,-416172.0,-416172.0,-0.14326807856559753,-0.14326807856559753,-474257.0,-474257.0,-0.09548716992139816,-0.09548716992139816,1003398.0,1003398.0,0.09258455783128738,0.09258455783128738,2.0,2.0,0.0,0.0,0.0,0.0,0.3472678065299988,0.3472678065299988
1725,2026-09-04,0,28000.0,28000.0,0.6976975798606873,0.6976975798606873,39000.0,39000.0,0.40683481097221375,0.40683481097221375,36000.0,36000.0,0.27059733867645264,0.27059733867645264,101000.0,101000.0,0.34753644466400146,0.34753644466400146,153000.0,153000.0,0.22819574177265167,0.22819574177265167,0.0,0.0,0.0,0.0,4.0,4.0,0.022071167826652527,0.022071167826652527
1726,2026-09-04,0,1000.0,1000.0,0.0714285746216774,0.0714285746216774,-12380.0,-12380.0,-0.30254894495010376,-0.30254894495010376,-48651.0,-48651.0,-0.4827062785625458,-0.4827062785625458,-63003.0,-63003.0,-0.25270137190818787,-0.25270137190818787,-134364.0,-134364.0,-0.2618461549282074,-0.2618461549282074,0.0,0.0,1.0,1.0,1.0,1.0,0.008641975000500679,0.008641975000500679
1727,2026-09-04,0,280164.0,280164.0,0.04756349325180054,0.04756349325180054,411860.0,411860.0,0.03284657746553421,0.03284657746553421,-783241.0,-783241.0,-0.025786373764276505,-0.025786373764276505,4094025.0,4094025.0,0.06734246015548706,0.06734246015548706,6130279.0,6130279.0,0.04995547980070114,0.04995547980070114,0.0,0.0,1.0,1.0,1.0,1.0,4.6011061668396,4.6011061668396
1730,2026-09-04,0,1000.0,1000.0,0.0827951654791832,0.0827951654791832,-4000.0,-4000.0,-0.07478313148021698,-0.07478313148021698,-5000.0,-5000.0,-0.03708731010556221,-0.03708731010556221,37000.0,37000.0,0.08405155688524246,0.08405155688524246,32000.0,32000.0,0.042962536215782166,0.042962536215782166,0.0,0.0,1.0,1.0,1.0,1.0,0.019100528210401535,0.019100528210401535
1731,2026-09-04,0,46894.0,46894.0,0.47520318627357483,0.47520318627357483,30882.0,30882.0,0.09516443312168121,0.09516443312168121,47882.0,47882.0,0.10903757810592651,0.10903757810592651,13649.0,13649.0,0.016936492174863815,0.016936492174863815,99103.0,99103.0,0.046514760702848434,0.046514760702848434,0.0,0.0,1.0,1.0,1.0,1.0,0.07424430549144745,0.07424430549144745
1732,2026-09-04,0,2000.0,2000.0,0.04919444024562836,0.04919444024562836,-20000.0,-20000.0,-0.11063476651906967,-0.11063476651906967,-68000.0,-68000.0,-0.15102486312389374,-0.15102486312389374,-35000.0,-35000.0,-0.03396821394562721,-0.03396821394562721,-216200.0,-216200.0,-0.0849190205335617,-0.0849190205335617,0.0,0.0,1.0,1.0,1.0,1.0,0.09578513354063034,0.09578513354063034
1733,2026-09-04,0,58251.0,58251.0,0.23654364049434662,0.23654364049434662,113846.0,113846.0,0.2122013121843338,0.2122013121843338,61747.0,61747.0,0.07863546162843704,0.07863546162843704,13956.0,13956.0,0.010324172675609589,0.010324172675609589,-265419.0,-265419.0,-0.08206930011510849,-0.08206930011510849,0.0,0.0,0.0,0.0,4.0,4.0,0.2463817149400711,0.2463817149400711
1734,2026-09-04,0,-46085.0,-46085.0,-0.39179930090904236,-0.39179930090904236,-126548.0,-126548.0,-0.33745864033699036,-0.33745864033699036,-244024.0,-244024.0,-0.30274128913879395,-0.30274128913879395,-366913.0,-366913.0,-0.16249433159828186,-0.16249433159828186,-158522.0,-158522.0,-0.035256560891866684,-0.035256560891866684,0.0,0.0,0.0,0.0,0.0,0.0,0.06184332072734833,0.06184332072734833
1735,2026-09-04,0,-1000.0,-1000.0,-0.025246787816286087,-0.025246787816286087,-49900.0,-49900.0,-0.21992357075214386,-0.21992357075214386,38100.0,38100.0,0.06403232365846634,0.06403232365846634,155100.0,155100.0,0.14221477508544922,0.14221477508544922,227638.0,227638.0,0.12495176494121552,0.12495176494121552,0.0,0.0,0.0,0.0,0.0,0.0,0.03985289856791496,0.03985289856791496
1736,2026-09-04,0,33000.0,33000.0,0.24065984785556793,0.24065984785556793,69371.0,69371.0,0.05042739585042,0.05042739585042,175019.0,175019.0,0.07818294316530228,0.07818294316530228,-44500.0,-44500.0,-0.01259184256196022,-0.01259184256196022,1578894.0,1578894.0,0.12042651325464249,0.12042651325464249,0.0,0.0,0.0,0.0,2.0,2.0,0.045196253806352615,0.045196253806352615
1737,2026-09-04,0,-44261.0,-44261.0,-0.15675322711467743,-0.15675322711467743,-252261.0,-252261.0,-0.3853890001773834,-0.3853890001773834,-411268.0,-411268.0,-0.390836238861084,-0.390836238861084,-1084268.0,-1084268.0,-0.41409406065940857,-0.41409406065940857,-1308739.0,-1308739.0,-0.2600586712360382,-0.2600586712360382,0.0,0.0,0.0,0.0,0.0,0.0,0.14118050038814545,0.14118050038814545
1742,2026-09-04,0,-1000.0,-1000.0,-0.017241379246115685,-0.017241379246115685,-1000.0,-1000.0,-0.0042553190141916275,-0.0042553190141916275,1000.0,1000.0,0.0024509804788976908,0.0024509804788976908,0.0,0.0,0.0,0.0,4000.0,4000.0,0.002365464111790061,0.002365464111790061,0.0,0.0,0.0,0.0,0.0,0.0,0.06258679926395416,0.06258679926395416
1752,2026-09-04,0,-1000.0,-1000.0,-0.03433122858405113,-0.03433122858405113,6000.0,6000.0,0.055283233523368835,0.055283233523368835,1000.0,1000.0,0.006174516398459673,0.006174516398459673,30263.0,30263.0,0.06269226968288422,0.06269226968288422,53263.0,53263.0,0.06238097697496414,0.06238097697496414,0.0,0.0,0.0,0.0,0.0,0.0,0.028842896223068237,0.028842896223068237
1760,2026-09-04,0,-10000.0,-10000.0,-0.06449449062347412,-0.06449449062347412,-199000.0,-199000.0,-0.32019051909446716,-0.32019051909446716,-295153.0,-295153.0,-0.3413771688938141,-0.3413771688938141,-294137.0,-294137.0,-0.24023675918579102,-0.24023675918579102,-410904.0,-410904.0,-0.18358877301216125,-0.18358877301216125,0.0,0.0,0.0,0.0,0.0,0.0,0.1808418333530426,0.1808418333530426
1762,2026-09-04,0,-26000.0,-26000.0,-0.26191195845603943,-0.26191195845603943,23000.0,23000.0,0.06938432157039642,0.06938432157039642,9000.0,9000.0,0.019014379009604454,0.019014379009604454,-85118.0,-85118.0,-0.10214004665613174,-0.10214004665613174,43624.0,43624.0,0.013914578594267368,0.013914578594267368,0.0,0.0,0.0,0.0,0.0,0.0,0.12905952334403992,0.12905952334403992
1773,2026-09-04,0,-36593.0,-36593.0,-0.08465506881475449,-0.08465506881475449,-1175677.0,-1175677.0,-0.4278489053249359,-0.4278489053249359,-1709331.0,-1709331.0,-0.25889575481414795,-0.25889575481414795,-1747314.0,-1747314.0,-0.21883684396743774,-0.21883684396743774,-1309868.0,-1309868.0,-0.11046788096427917,-0.11046788096427917,0.0,0.0,0.0,0.0,0.0,0.0,0.14408667385578156,0.14408667385578156
1776,2026-09-04,0,-14000.0,-14000.0,-0.5600000023841858,-0.5600000023841858,-30000.0,-30000.0,-0.38165026903152466,-0.38165026903152466,-29000.0,-29000.0,-0.22706452012062073,-0.22706452012062073,-46000.0,-46000.0,-0.12468963116407394,-0.12468963116407394,-4000.0,-4000.0,-0.003684564493596554,-0.003684564493596554,0.0,0.0,0.0,0.0,0.0,0.0,0.04159252718091011,0.04159252718091011
1777,2026-09-04,0,32000.0,32000.0,0.2666666805744171,0.2666666805744171,39000.0,39000.0,0.17488789558410645,0.17488789558410645,37000.0,37000.0,0.11858974397182465,0.11858974397182465,39000.0,39000.0,0.0878378376364708,0.0878378376364708,16000.0,16000.0,0.02435312047600746,0.02435312047600746,0.0,0.0,0.0,0.0,4.0,4.0,0.26910829544067383,0.26910829544067383
1781,2026-09-04,0,2000.0,2000.0,0.11764705926179886,0.11764705926179886,3000.0,3000.0,0.0731707289814949,0.0731707289814949,0.0,0.0,0.0,0.0,-25000.0,-25000.0,-0.11520737409591675,-0.11520737409591675,-5000.0,-5000.0,-0.012224938720464706,-0.012224938720464706,0.0,0.0,1.0,1.0,1.0,1.0,0.03585922718048096,0.03585922718048096
1783,2026-09-04,0,-24000.0,-24000.0,-0.3342897593975067,-0.3342897593975067,-40000.0,-40000.0,-0.204131618142128,-0.204131618142128,-7000.0,-7000.0,-0.015621025115251541,-0.015621025115251541,0.0,0.0,0.0,0.0,-104086.0,-104086.0,-0.059781644493341446,-0.059781644493341446,0.0,0.0,0.0,0.0,0.0,0.0,0.08003958314657211,0.08003958314657211
1784,2026-09-04,0,7000.0,7000.0,0.1147540956735611,0.1147540956735611,9900.0,9900.0,0.05156249925494194,0.05156249925494194,-37839.0,-37839.0,-0.096528060734272,-0.096528060734272,79387.0,79387.0,0.10713495314121246,0.10713495314121246,262465.0,262465.0,0.1790347844362259,0.1790347844362259,0.0,0.0,1.0,1.0,1.0,1.0,0.11483176052570343,0.11483176052570343
1785,2026-09-04,0,400501.0,400501.0,0.13959603011608124,0.13959603011608124,-1360707.0,-1360707.0,-0.12565398216247559,-0.12565398216247559,-2413702.0,-2413702.0,-0.1360521912574768,-0.1360521912574768,-2088745.0,-2088745.0,-0.06391508877277374,-0.06391508877277374,911433.0,911433.0,0.008248784579336643,0.008248784579336643,1.0,1.0,1.0,1.0,1.0,1.0,0.4813917875289917,0.4813917875289917
1786,2026-09-04,0,58418.0,58418.0,0.2526227533817291,0.2526227533817291,-15427.0,-15427.0,-0.014410390518605709,-0.014410390518605709,-212427.0,-212427.0,-0.12405814975500107,-0.12405814975500107,-308398.0,-308398.0,-0.137893944978714,-0.137893944978714,121778.0,121778.0,0.03358251601457596,0.03358251601457596,0.0,0.0,1.0,1.0,1.0,1.0,0.3090381920337677,0.3090381920337677
1788,2026-09-04,0,0.0,0.0,0.0,0.0,-4510.0,-4510.0,-0.18039999902248383,-0.18039999902248383,-8313.0,-8313.0,-0.13854999840259552,-0.13854999840259552,-10244.0,-10244.0,-0.0533541664481163,-0.0533541664481163,-19813.0,-19813.0,-0.05443131923675537,-0.05443131923675537,0.0,0.0,0.0,0.0,0.0,0.0,0.013476794585585594,0.013476794585585594
1789,2026-09-04,0,-30315.0,-30315.0,-0.08735983818769455,-0.08735983818769455,9672.0,9672.0,0.00830454844981432,0.00830454844981432,-72158.0,-72158.0,-0.039070870727300644,-0.039070870727300644,-34672.0,-34672.0,-0.011852925643324852,-0.011852925643324852,35506.0,35506.0,0.0046014911495149136,0.0046014911495149136,0.0,0.0,0.0,0.0,0.0,0.0,0.043884631246328354,0.043884631246328354
1795,2026-09-04,0,-93379.0,-93379.0,-0.12435610592365265,-0.12435610592365265,-352688.0,-352688.0,-0.15639260411262512,-0.15639260411262512,-700682.0,-700682.0,-0.18468354642391205,-0.18468354642391205,-1141153.0,-1141153.0,-0.10753282159566879,-0.10753282159566879,446150.0,446150.0,0.018558315932750702,0.018558315932750702,0.0,0.0,0.0,0.0,0.0,0.0,0.2813689410686493,0.2813689410686493
1796,2026-09-04,0,-2000.0,-2000.0,-0.20000000298023224,-0.20000000298023224,-3000.0,-3000.0,-0.15789473056793213,-0.15789473056793213,-4000.0,-4000.0,-0.1538461595773697,-0.1538461595773697,-4000.0,-4000.0,-0.018433179706335068,-0.018433179706335068,-6000.0,-6000.0,-0.015037594363093376,-0.015037594363093376,0.0,0.0,0.0,0.0,0.0,0.0,0.024119753390550613,0.024119753390550613
1799,2026-09-04,0,-21000.0,-21000.0,-0.2876712381839752,-0.2876712381839752,-62000.0,-62000.0,-0.21305841207504272,-0.21305841207504272,-50000.0,-50000.0,-0.08620689809322357,-0.08620689809322357,-69000.0,-69000.0,-0.06359446793794632,-0.06359446793794632,-298476.0,-298476.0,-0.11929496377706528,-0.11929496377706528,0.0,0.0,0.0,0.0,0.0,0.0,0.029343679547309875,0.029343679547309875
1802,2026-09-04,0,-1489290.0,-1489290.0,-0.07251404970884323,-0.07251404970884323,-7848751.0,-7848751.0,-0.07388142496347427,-0.07388142496347427,-7195380.0,-7195380.0,-0.042180512100458145,-0.042180512100458145,16632888.0,16632888.0,0.045143209397792816,0.045143209397792816,26486364.0,26486364.0,0.03830088675022125,0.03830088675022125,1.0,1.0,0.0,0.0,0.0,0.0,0.7062421441078186,0.7062421441078186
1805,2026-09-04,0,8000.0,8000.0,0.21047647297382355,0.21047647297382355,15777.0,15777.0,0.12492477893829346,0.12492477893829346,-30223.0,-30223.0,-0.10995299369096756,-0.10995299369096756,26189.0,26189.0,0.041296303272247314,0.041296303272247314,75189.0,75189.0,0.05730200558900833,0.05730200558900833,0.0,0.0,0.0,0.0,2.0,2.0,0.028160978108644485,0.028160978108644485
1806,2026-09-04,0,17564.0,17564.0,0.05271308496594429,0.05271308496594429,123389.0,123389.0,0.1816742867231369,0.1816742867231369,187868.0,187868.0,0.14598435163497925,0.14598435163497925,378687.0,378687.0,0.18148528039455414,0.18148528039455414,502687.0,502687.0,0.10459181666374207,0.10459181666374207,0.0,0.0,0.0,0.0,12.0,12.0,0.08534751832485199,0.08534751832485199
1808,2026-09-04,0,-1206115.0,-1206115.0,-0.6811003684997559,-0.6811003684997559,-1570758.0,-1570758.0,-0.24619494378566742,-0.24619494378566742,-1875758.0,-1875758.0,-0.15297722816467285,-0.15297722816467285,-5556374.0,-5556374.0,-0.22197231650352478,-0.22197231650352478,421565.0,421565.0,0.00930637214332819,0.00930637214332819,1.0,1.0,0.0,0.0,0.0,0.0,0.1982945203781128,0.1982945203781128
1809,2026-09-04,0,214222.0,214222.0,0.19110754132270813,0.19110754132270813,12813.0,12813.0,0.004487849771976471,0.004487849771976471,116345.0,116345.0,0.025288136675953865,0.025288136675953865,269081.0,269081.0,0.023330500349402428,0.023330500349402428,-27364.0,-27364.0,-0.0007972426828928292,-0.0007972426828928292,0.0,0.0,1.0,1.0,1.0,1.0,0.6710590124130249,0.6710590124130249
1810,2026-09-04,0,933683.0,933683.0,0.37690043449401855,0.37690043449401855,303741.0,303741.0,0.043773550540208817,0.043773550540208817,388261.0,388261.0,0.030021140351891518,0.030021140351891518,-1290195.0,-1290195.0,-0.032040148973464966,-0.032040148973464966,-8815960.0,-8815960.0,-0.057308029383420944,-0.057308029383420944,0.0,0.0,1.0,1.0,1.0,1.0,0.8194629549980164,0.8194629549980164
1813,2026-09-04,0,-1000.0,-1000.0,-0.5,-0.5,-2000.0,-2000.0,-0.11764705926179886,-0.11764705926179886,-2000.0,-2000.0,-0.0714285746216774,-0.0714285746216774,25000.0,25000.0,0.19379845261573792,0.19379845261573792,33000.0,33000.0,0.11148648709058762,0.11148648709058762,0.0,0.0,0.0,0.0,0.0,0.0,0.004288577474653721,0.004288577474653721
1815,2026-09-04,0,1670103.0,1670103.0,0.03338870406150818,0.03338870406150818,6513015.0,6513015.0,0.022332992404699326,0.022332992404699326,20361342.0,20361342.0,0.04626694321632385,0.04626694321632385,66257656.0,66257656.0,0.0777914896607399,0.0777914896607399,112553776.0,112553776.0,0.08666849136352539,0.08666849136352539,2.0,2.0,0.0,0.0,2.0,2.0,8.543716430664062,8.543716430664062
1817,2026-09-04,0,4000.0,4000.0,0.21375514566898346,0.21375514566898346,0.0,0.0,0.0,0.0,-10000.0,-10000.0,-0.05267677083611488,-0.05267677083611488,39000.0,39000.0,0.09506097435951233,0.09506097435951233,89000.0,89000.0,0.06557376682758331,0.06557376682758331,0.0,0.0,1.0,1.0,1.0,1.0,0.02577548287808895,0.02577548287808895
1903,2026-09-04,0,1842.0,1842.0,0.033416178077459335,0.033416178077459335,15842.0,15842.0,0.08075113594532013,0.08075113594532013,-6158.0,-6158.0,-0.01628626510500908,-0.01628626510500908,37842.0,37842.0,0.04112013801932335,0.04112013801932335,446706.0,446706.0,0.20671722292900085,0.20671722292900085,0.0,0.0,0.0,0.0,4.0,4.0,0.021197963505983353,0.021197963505983353
1904,2026-09-04,0,-307983.0,-307983.0,-0.1864233911037445,-0.1864233911037445,-12362.0,-12362.0,-0.0020313540007919073,-0.0020313540007919073,632201.0,632201.0,0.05864156037569046,0.05864156037569046,1725313.0,1725313.0,0.07914707064628601,0.07914707064628601,16361656.0,16361656.0,0.25939664244651794,0.25939664244651794,1.0,1.0,0.0,0.0,0.0,0.0,0.14906613528728485,0.14906613528728485
1905,2026-09-04,0,-582874.0,-582874.0,-0.383856862783432,-0.383856862783432,-982573.0,-982573.0,-0.17879481613636017,-0.17879481613636017,-169425.0,-169425.0,-0.018052978441119194,-0.018052978441119194,-176605.0,-176605.0,-0.01099525485187769,-0.01099525485187769,1661852.0,1661852.0,0.04837493970990181,0.04837493970990181,0.0,0.0,0.0,0.0,0.0,0.0,0.1376875638961792,0.1376875638961792
1906,2026-09-04,0,7000.0,7000.0,0.4187855124473572,0.4187855124473572,5000.0,5000.0,0.020610397681593895,0.020610397681593895,6429.0,6429.0,0.01844101771712303,0.01844101771712303,15326.0,15326.0,0.015632538124918938,0.015632538124918938,194020.0,194020.0,0.07812024652957916,0.07812024652957916,0.0,0.0,0.0,0.0,2.0,2.0,0.011069536209106445,0.011069536209106445
1907,2026-09-04,0,-251381.0,-251381.0,-0.24290905892848969,-0.24290905892848969,401183.0,401183.0,0.15700896084308624,0.15700896084308624,530651.0,530651.0,0.11132568120956421,0.11132568120956421,62156.0,62156.0,0.006303234025835991,0.006303234025835991,2903478.0,2903478.0,0.11164213716983795,0.11164213716983795,1.0,1.0,0.0,0.0,0.0,0.0,0.062328040599823,0.062328040599823
1909,2026-09-04,0,-1405000.0,-1405000.0,-0.47460508346557617,-0.47460508346557617,-525094.0,-525094.0,-0.05212637409567833,-0.05212637409567833,-508020.0,-508020.0,-0.02880161628127098,-0.02880161628127098,-356172.0,-356172.0,-0.010990339331328869,-0.010990339331328869,10939732.0,10939732.0,0.11118852347135544,0.11118852347135544,0.0,0.0,0.0,0.0,0.0,0.0,0.2229711413383484,0.2229711413383484
2002,2026-09-04,0,2116673.0,2116673.0,0.1464853733778,0.1464853733778,3623765.0,3623765.0,0.054374467581510544,0.054374467581510544,-6621743.0,-6621743.0,-0.05237438529729843,-0.05237438529729843,-20720306.0,-20720306.0,-0.08717257529497147,-0.08717257529497147,84801480.0,84801480.0,0.11447276920080185,0.11447276920080185,2.0,2.0,0.0,0.0,2.0,2.0,0.09183254092931747,0.09183254092931747
2006,2026-09-04,0,-579900.0,-579900.0,-0.4204099178314209,-0.4204099178314209,-528019.0,-528019.0,-0.10045646876096725,-0.10045646876096725,-933614.0,-933614.0,-0.09055409580469131,-0.09055409580469131,-1648364.0,-1648364.0,-0.0975971594452858,-0.0975971594452858,-2170322.0,-2170322.0,-0.053430382162332535,-0.053430382162332535,1.0,1.0,0.0,0.0,0.0,0.0,0.1888991892337799,0.1888991892337799
2007,2026-09-04,0,29000.0,29000.0,0.26539522409439087,0.26539522409439087,5000.0,5000.0,0.00936014112085104,0.00936014112085104,-98200.0,-98200.0,-0.11263974010944366,-0.11263974010944366,-12200.0,-12200.0,-0.007327243685722351,-0.007327243685722351,-108200.0,-108200.0,-0.02921224758028984,-0.02921224758028984,0.0,0.0,0.0,0.0,2.0,2.0,0.02059185318648815,0.02059185318648815
2008,2026-09-04,0,6000.0,6000.0,0.48610547184944153,0.48610547184944153,3000.0,3000.0,0.10451505333185196,0.10451505333185196,-5000.0,-5000.0,-0.11980064958333969,-0.11980064958333969,2000.0,2000.0,0.00911053828895092,0.00911053828895092,-5000.0,-5000.0,-0.011739596724510193,-0.011739596724510193,0.0,0.0,0.0,0.0,1.0,1.0,0.006467305123806,0.006467305123806
2009,2026-09-04,0,-385000.0,-385000.0,-0.35302090644836426,-0.35302090644836426,-762789.0,-762789.0,-0.17822684347629547,-0.17822684347629547,-928412.0,-928412.0,-0.12788508832454681,-0.12788508832454681,2739895.0,2739895.0,0.07386859506368637,0.07386859506368637,5635311.0,5635311.0,0.09683039784431458,0.09683039784431458,0.0,0.0,0.0,0.0,0.0,0.0,0.30325910449028015,0.30325910449028015
2010,2026-09-04,0,-445204.0,-445204.0,-0.5543617010116577,-0.5543617010116577,58092.0,58092.0,0.024410074576735497,0.024410074576735497,135887.0,135887.0,0.03432686999440193,0.03432686999440193,576986.0,576986.0,0.07647612690925598,0.07647612690925598,2996158.0,2996158.0,0.13353556394577026,0.13353556394577026,0.0,0.0,0.0,0.0,0.0,0.0,0.12400005012750626,0.12400005012750626
2012,2026-09-04,0,17000.0,17000.0,0.2563445270061493,0.2563445270061493,5000.0,5000.0,0.028470885008573532,0.028470885008573532,-2000.0,-2000.0,-0.00631686020642519,-0.00631686020642519,36000.0,36000.0,0.06807956844568253,0.06807956844568253,47000.0,47000.0,0.04151459410786629,0.04151459410786629,0.0,0.0,0.0,0.0,2.0,2.0,0.021947447210550308,0.021947447210550308
2013,2026-09-04,0,11000.0,11000.0,0.23734518885612488,0.23734518885612488,14000.0,14000.0,0.11050072312355042,0.11050072312355042,13000.0,13000.0,0.05764966830611229,0.05764966830611229,79975.0,79975.0,0.13323438167572021,0.13323438167572021,157731.0,157731.0,0.10295945405960083,0.10295945405960083,0.0,0.0,0.0,0.0,2.0,2.0,0.023173000663518906,0.023173000663518906
2014,2026-09-04,0,-334490.0,-334490.0,-0.19811955094337463,-0.19811955094337463,-1060425.0,-1060425.0,-0.21595333516597748,-0.21595333516597748,-956501.0,-956501.0,-0.12166991829872131,-0.12166991829872131,-1206293.0,-1206293.0,-0.0815163403749466,-0.0815163403749466,1868504.0,1868504.0,0.04196130856871605,0.04196130856871605,0.0,0.0,0.0,0.0,0.0,0.0,0.11760862171649933,0.11760862171649933
2015,2026-09-04,0,62000.0,62000.0,0.3236262798309326,0.3236262798309326,175373.0,175373.0,0.3608126640319824,0.3608126640319824,170373.0,170373.0,0.20556066930294037,0.20556066930294037,297578.0,297578.0,0.18664100766181946,0.18664100766181946,-155262.0,-155262.0,-0.040174078196287155,-0.040174078196287155,0.0,0.0,0.0,0.0,4.0,4.0,0.03294002637267113,0.03294002637267113
2017,2026-09-04,0,50683.0,50683.0,0.08617813885211945,0.08617813885211945,-57024.0,-57024.0,-0.037506215274333954,-0.037506215274333954,188606.0,188606.0,0.06440898776054382,0.06440898776054382,-864916.0,-864916.0,-0.06355998665094376,-0.06355998665094376,-771730.0,-771730.0,-0.04235527291893959,-0.04235527291893959,0.0,0.0,1.0,1.0,1.0,1.0,0.13160714507102966,0.13160714507102966
2020,2026-09-04,0,-26000.0,-26000.0,-0.09947926551103592,-0.09947926551103592,32602.0,32602.0,0.02639290876686573,0.02639290876686573,61606.0,61606.0,0.04051493853330612,0.04051493853330612,287087.0,287087.0,0.11206622421741486,0.11206622421741486,452025.0,452025.0,0.07749298214912415,0.07749298214912415,0.0,0.0,0.0,0.0,0.0,0.0,0.09787653386592865,0.09787653386592865
2022,2026-09-04,0,-1715.0,-1715.0,-0.0077482955530285835,-0.0077482955530285835,-17000.0,-17000.0,-0.02505815029144287,-0.02505815029144287,-75501.0,-75501.0,-0.06257064640522003,-0.06257064640522003,-205479.0,-205479.0,-0.08180609345436096,-0.08180609345436096,-456795.0,-456795.0,-0.06206893175840378,-0.06206893175840378,0.0,0.0,0.0,0.0,0.0,0.0,0.06564647704362869,0.06564647704362869
2023,2026-09-04,0,161839.0,161839.0,0.21764050424098969,0.21764050424098969,473709.0,473709.0,0.2654532492160797,0.2654532492160797,838089.0,838089.0,0.14793749153614044,0.14793749153614044,-23346.0,-23346.0,-0.0021494387183338404,-0.0021494387183338404,1580535.0,1580535.0,0.08074049651622772,0.08074049651622772,1.0,1.0,0.0,0.0,3.0,3.0,0.04082970321178436,0.04082970321178436
2024,2026-09-04,0,3000.0,3000.0,0.49570390582084656,0.49570390582084656,4000.0,4000.0,0.10906314849853516,0.10906314849853516,-1000.0,-1000.0,-0.019058508798480034,-0.019058508798480034,0.0,0.0,0.0,0.0,2998.0,2998.0,0.013470948673784733,0.013470948673784733,0.0,0.0,0.0,0.0,2.0,2.0,0.0062071792781353,0.0062071792781353
2025,2026-09-04,0,-50099.0,-50099.0,-0.1966702789068222,-0.1966702789068222,27235.0,27235.0,0.03645990043878555,0.03645990043878555,-239450.0,-239450.0,-0.11727305501699448,-0.11727305501699448,208386.0,208386.0,0.037378694862127304,0.037378694862127304,397115.0,397115.0,0.031844593584537506,0.031844593584537506,0.0,0.0,0.0,0.0,0.0,0.0,0.14753574132919312,0.14753574132919312
2027,2026-09-04,0,-4372029.0,-4372029.0,-0.25200146436691284,-0.25200146436691284,-4416201.0,-4416201.0,-0.12296567857265472,-0.12296567857265472,-5335334.0,-5335334.0,-0.08175721764564514,-0.08175721764564514,-7034116.0,-7034116.0,-0.054867926985025406,-0.054867926985025406,64729208.0,64729208.0,0.17511095106601715,0.17511095106601715,2.0,2.0,0.0,0.0,0.0,0.0,0.6713417768478394,0.6713417768478394
2028,2026-09-04,0,15000.0,15000.0,0.23060958087444305,0.23060958087444305,-6000.0,-6000.0,-0.032397933304309845,-0.032397933304309845,-12000.0,-12000.0,-0.037159986793994904,-0.037159986793994904,59000.0,59000.0,0.08075443655252457,0.08075443655252457,68000.0,68000.0,0.03964143246412277,0.03964143246412277,0.0,0.0,1.0,1.0,1.0,1.0,0.01996992528438568,0.01996992528438568
2029,2026-09-04,0,-55090.0,-55090.0,-0.16950248181819916,-0.16950248181819916,257249.0,257249.0,0.2653430104255676,0.2653430104255676,340011.0,340011.0,0.2395935207605362,0.2395935207605362,603244.0,603244.0,0.1714048683643341,0.1714048683643341,1561259.0,1561259.0,0.19213445484638214,0.19213445484638214,0.0,0.0,0.0,0.0,0.0,0.0,0.10119247436523438,0.10119247436523438
2030,2026-09-04,0,-190750.0,-190750.0,-0.08122856169939041,-0.08122856169939041,494990.0,494990.0,0.07267166674137115,0.07267166674137115,512255.0,512255.0,0.05066828429698944,0.05066828429698944,4073806.0,4073806.0,0.13253095746040344,0.13253095746040344,10656900.0,10656900.0,0.1373102068901062,0.1373102068901062,0.0,0.0,0.0,0.0,0.0,0.0,0.8371102213859558,0.8371102213859558
2031,2026-09-04,0,-170322.0,-170322.0,-0.21060454845428467,-0.21060454845428467,84704.0,84704.0,0.04904531314969063,0.04904531314969063,-89039.0,-89039.0,-0.030759572982788086,-0.030759572982788086,363597.0,363597.0,0.04553839564323425,0.04553839564323425,1201734.0,1201734.0,0.03654077276587486,0.03654077276587486,0.0,0.0,0.0,0.0,0.0,0.0,0.2518256902694702,0.2518256902694702
2032,2026-09-04,0,43952.0,43952.0,0.13715969026088715,0.13715969026088715,25970.0,25970.0,0.02903304435312748,0.02903304435312748,-6651.0,-6651.0,-0.005316568072885275,-0.005316568072885275,8324.0,8324.0,0.0026040738448500633,0.0026040738448500633,542354.0,542354.0,0.052784405648708344,0.052784405648708344,0.0,0.0,0.0,0.0,2.0,2.0,0.24551042914390564,0.24551042914390564
2033,2026-09-04,0,-298381.0,-298381.0,-0.17833082377910614,-0.17833082377910614,-300864.0,-300864.0,-0.08616358041763306,-0.08616358041763306,-630285.0,-630285.0,-0.055869776755571365,-0.055869776755571365,-252954.0,-252954.0,-0.013965965248644352,-0.013965965248644352,217660.0,217660.0,0.006308753043413162,0.006308753043413162,0.0,0.0,0.0,0.0,0.0,0.0,2.07348370552063,2.07348370552063
2034,2026-09-04,0,1395758.0,1395758.0,0.4488125145435333,0.4488125145435333,2185811.0,2185811.0,0.4317167103290558,0.4317167103290558,2957626.0,2957626.0,0.4051220118999481,0.4051220118999481,4257566.0,4257566.0,0.3474118709564209,0.3474118709564209,9359273.0,9359273.0,0.35974186658859253,0.35974186658859253,0.0,0.0,0.0,0.0,13.0,13.0,0.5878859758377075,0.5878859758377075
2035,2026-09-04,0,0.0,0.0,0.0,0.0,0.0,0.0,0.0,0.0,0.0,0.0,0.0,0.0,-3000.0,-3000.0,-0.030927835032343864,-0.030927835032343864,0.0,0.0,0.0,0.0,0.0,0.0,0.0,0.0,0.0,0.0,0.0002857142826542258,0.0002857142826542258
2038,2026-09-04,0,61741.0,61741.0,0.25774604082107544,0.25774604082107544,50966.0,50966.0,0.10668235272169113,0.10668235272169113,77927.0,77927.0,0.1127176359295845,0.1127176359295845,224832.0,224832.0,0.14746437966823578,0.14746437966823578,508293.0,508293.0,0.11171132326126099,0.11171132326126099,0.0,0.0,1.0,1.0,1.0,1.0,0.1233898401260376,0.1233898401260376
2049,2026-09-04,0,1090698.0,1090698.0,0.23559029400348663,0.23559029400348663,814041.0,814041.0,0.062157224863767624,0.062157224863767624,1975870.0,1975870.0,0.10482971370220184,0.10482971370220184,1765334.0,1765334.0,0.05262342095375061,0.05262342095375061,1975436.0,1975436.0,0.018509306013584137,0.018509306013584137,1.0,1.0,1.0,1.0,1.0,1.0,1.3085756301879883,1.3085756301879883
2059,2026-09-04,0,86229.0,86229.0,0.18094201385974884,0.18094201385974884,37692.0,37692.0,0.02405308373272419,0.02405308373272419,147933.0,147933.0,0.05115609988570213,0.05115609988570213,275311.0,275311.0,0.050679367035627365,0.050679367035627365,244668.0,244668.0,0.021582484245300293,0.021582484245300293,0.0,0.0,1.0,1.0,1.0,1.0,0.5000741481781006,0.5000741481781006
2061,2026-09-04,0,112623.0,112623.0,0.052578430622816086,0.052578430622816086,-832345.0,-832345.0,-0.12332864105701447,-0.12332864105701447,-229133.0,-229133.0,-0.017780166119337082,-0.017780166119337082,71554.0,71554.0,0.003445894457399845,0.003445894457399845,-502259.0,-502259.0,-0.011320553719997406,-0.011320553719997406,0.0,0.0,1.0,1.0,1.0,1.0,3.7331347465515137,3.7331347465515137
2062,2026-09-04,0,33000.0,33000.0,0.25451377034187317,0.25451377034187317,107431.0,107431.0,0.22190618515014648,0.22190618515014648,19294.0,19294.0,0.02715197019279003,0.02715197019279003,54080.0,54080.0,0.04138628765940666,0.04138628765940666,131433.0,131433.0,0.050656773149967194,0.050656773149967194,0.0,0.0,0.0,0.0,3.0,3.0,0.06483139842748642,0.06483139842748642
2063,2026-09-04,0,2000.0,2000.0,0.01834862306714058,0.01834862306714058,7000.0,7000.0,0.044871795922517776,0.044871795922517776,9000.0,9000.0,0.0445544570684433,0.0445544570684433,22000.0,22000.0,0.05744125321507454,0.05744125321507454,17000.0,17000.0,0.02467343956232071,0.02467343956232071,0.0,0.0,0.0,0.0,3.0,3.0,0.2266043871641159,0.2266043871641159
2064,2026-09-04,0,19000.0,19000.0,0.06785714626312256,0.06785714626312256,27000.0,27000.0,0.046471599489450455,0.046471599489450455,-12000.0,-12000.0,-0.009958506561815739,-0.009958506561815739,-13000.0,-13000.0,-0.007311585824936628,-0.007311585824936628,7000.0,7000.0,0.0023482053074985743,0.0023482053074985743,0.0,0.0,0.0,0.0,3.0,3.0,0.4038655757904053,0.4038655757904053
2065,2026-09-04,0,1000.0,1000.0,0.02777777798473835,0.02777777798473835,0.0,0.0,0.0,0.0,-7000.0,-7000.0,-0.03703703731298447,-0.03703703731298447,23000.0,23000.0,0.05808080732822418,0.05808080732822418,68998.0,68998.0,0.041918590664863586,0.041918590664863586,0.0,0.0,0.0,0.0,2.0,2.0,0.05667800083756447,0.05667800083756447
2066,2026-09-04,0,7000.0,7000.0,0.2916666567325592,0.2916666567325592,2000.0,2000.0,0.027027027681469917,0.027027027681469917,-2976.0,-2976.0,-0.019578946754336357,-0.019578946754336357,-16976.0,-16976.0,-0.03239694610238075,-0.03239694610238075,-52953.0,-52953.0,-0.02464076317846775,-0.02464076317846775,0.0,0.0,1.0,1.0,1.0,1.0,0.0539938248693943,0.0539938248693943
2067,2026-09-04,0,0.0,0.0,0.0,0.0,0.0,0.0,0.0,0.0,0.0,0.0,0.0,0.0,0.0,0.0,0.0,0.0,-6000.0,-6000.0,-0.009188361465930939,-0.009188361465930939,0.0,0.0,0.0,0.0,0.0,0.0,0.031015872955322266,0.031015872955322266
2069,2026-09-04,0,-30256.0,-30256.0,-0.10931741446256638,-0.10931741446256638,53437.0,53437.0,0.04938678815960884,0.04938678815960884,91247.0,91247.0,0.04526367783546448,0.04526367783546448,436627.0,436627.0,0.06920520961284637,0.06920520961284637,1679137.0,1679137.0,0.15022972226142883,0.15022972226142883,0.0,0.0,0.0,0.0,0.0,0.0,0.16634248197078705,0.16634248197078705
2070,2026-09-04,0,72490.0,72490.0,0.10739259421825409,0.10739259421825409,55608.0,55608.0,0.055221449583768845,0.055221449583768845,143051.0,143051.0,0.08607160300016403,0.08607160300016403,407895.0,407895.0,0.13641972839832306,0.13641972839832306,326685.0,326685.0,0.042782217264175415,0.042782217264175415,0.0,0.0,0.0,0.0,2.0,2.0,1.6154972314834595,1.6154972314834595
2073,2026-09-04,0,0.0,0.0,0.0,0.0,0.0,0.0,0.0,0.0,0.0,0.0,0.0,0.0,0.0,0.0,0.0,0.0,0.0,0.0,0.0,0.0,0.0,0.0,0.0,0.0,0.0,0.0,0.010909090749919415,0.010909090749919415
2101,2026-09-04,0,-104680.0,-104680.0,-0.14033600687980652,-0.14033600687980652,661480.0,661480.0,0.21276582777500153,0.21276582777500153,-389995.0,-389995.0,-0.06220599263906479,-0.06220599263906479,-1738623.0,-1738623.0,-0.11828210949897766,-0.11828210949897766,-5292344.0,-5292344.0,-0.12279736250638962,-0.12279736250638962,0.0,0.0,0.0,0.0,0.0,0.0,0.10163353383541107,0.10163353383541107
2102,2026-09-04,0,34000.0,34000.0,0.18776023387908936,0.18776023387908936,134000.0,134000.0,0.17936043441295624,0.17936043441295624,219501.0,219501.0,0.1916503757238388,0.1916503757238388,203563.0,203563.0,0.08635587990283966,0.08635587990283966,447531.0,447531.0,0.11698660999536514,0.11698660999536514,0.0,0.0,0.0,0.0,5.0,5.0,0.038257092237472534,0.038257092237472534
2103,2026-09-04,0,-248271.0,-248271.0,-0.0758148580789566,-0.0758148580789566,-895095.0,-895095.0,-0.0700959712266922,-0.0700959712266922,-238128.0,-238128.0,-0.010318946093320847,-0.010318946093320847,1898268.0,1898268.0,0.040816780179739,0.040816780179739,18300752.0,18300752.0,0.10254694521427155,0.10254694521427155,0.0,0.0,0.0,0.0,0.0,0.0,0.3965921700000763,0.3965921700000763
2104,2026-09-04,0,-983000.0,-983000.0,-0.43909019231796265,-0.43909019231796265,-1559769.0,-1559769.0,-0.25125250220298767,-0.25125250220298767,-149840.0,-149840.0,-0.012910604476928711,-0.012910604476928711,3062848.0,3062848.0,0.09884733706712723,0.09884733706712723,11538155.0,11538155.0,0.18805302679538727,0.18805302679538727,0.0,0.0,0.0,0.0,0.0,0.0,0.22734269499778748,0.22734269499778748
2105,2026-09-04,0,232234.0,232234.0,0.11319062858819962,0.11319062858819962,-1220714.0,-1220714.0,-0.15737485885620117,-0.15737485885620117,204808.0,204808.0,0.012366509065032005,0.012366509065032005,-5811069.0,-5811069.0,-0.15789246559143066,-0.15789246559143066,-10094715.0,-10094715.0,-0.09839694201946259,-0.09839694201946259,1.0,1.0,1.0,1.0,1.0,1.0,0.06329663842916489,0.06329663842916489
2106,2026-09-04,0,-133000.0,-133000.0,-0.2117672562599182,-0.2117672562599182,-680191.0,-680191.0,-0.3543381094932556,-0.3543381094932556,61729.0,61729.0,0.0031340562272816896,0.0031340562272816896,-3815132.0,-3815132.0,-0.12898382544517517,-0.12898382544517517,-8125264.0,-8125264.0,-0.17811907827854156,-0.17811907827854156,0.0,0.0,0.0,0.0,0.0,0.0,0.06577176600694656,0.06577176600694656
2107,2026-09-04,0,-2785.0,-2785.0,-0.025606606155633926,-0.025606606155633926,-37575.0,-37575.0,-0.0801996961236,-0.0801996961236,-92196.0,-92196.0,-0.10656193643808365,-0.10656193643808365,146289.0,146289.0,0.05365703999996185,0.05365703999996185,590547.0,590547.0,0.10046818852424622,0.10046818852424622,0.0,0.0,0.0,0.0,0.0,0.0,0.03582455962896347,0.03582455962896347
2108,2026-09-04,0,-156531.0,-156531.0,-0.2548103332519531,-0.2548103332519531,-120143.0,-120143.0,-0.05845029279589653,-0.05845029279589653,78732.0,78732.0,0.02214076928794384,0.02214076928794384,86999.0,86999.0,0.010935310274362564,0.010935310274362564,5249331.0,5249331.0,0.22692076861858368,0.22692076861858368,0.0,0.0,0.0,0.0,0.0,0.0,0.12475288659334183,0.12475288659334183
2109,2026-09-04,0,12373.0,12373.0,0.21935220062732697,0.21935220062732697,29902.0,29902.0,0.08202846348285675,0.08202846348285675,22757.0,22757.0,0.03532472625374794,0.03532472625374794,65742.0,65742.0,0.06751611828804016,0.06751611828804016,188901.0,188901.0,0.10183501243591309,0.10183501243591309,0.0,0.0,0.0,0.0,4.0,4.0,0.02019229531288147,0.02019229531288147
2114,2026-09-04,0,0.0,0.0,0.0,0.0,0.0,0.0,0.0,0.0,1000.0,1000.0,0.009978247806429863,0.009978247806429863,68000.0,68000.0,0.1780664026737213,0.1780664026737213,135000.0,135000.0,0.2064899057149887,0.2064899057149887,0.0,0.0,0.0,0.0,0.0,0.0,0.023217853158712387,0.023217853158712387
2115,2026-09-04,0,3000.0,3000.0,0.07682458311319351,0.07682458311319351,-11000.0,-11000.0,-0.08453799784183502,-0.08453799784183502,-17000.0,-17000.0,-0.07886508852243423,-0.07886508852243423,-60000.0,-60000.0,-0.1373852789402008,-0.1373852789402008,51000.0,51000.0,0.03424737975001335,0.03424737975001335,0.0,0.0,1.0,1.0,1.0,1.0,0.0374138318002224,0.0374138318002224
2201,2026-09-04,0,-1655883.0,-1655883.0,-0.2877888083457947,-0.2877888083457947,-6069346.0,-6069346.0,-0.2554696500301361,-0.2554696500301361,-5870002.0,-5870002.0,-0.12131334841251373,-0.12131334841251373,-6621387.0,-6621387.0,-0.11324752867221832,-0.11324752867221832,510729.0,510729.0,0.005931958090513945,0.005931958090513945,0.0,0.0,0.0,0.0,0.0,0.0,0.5377389192581177,0.5377389192581177
2204,2026-09-04,0,-167000.0,-167000.0,-0.3196655511856079,-0.3196655511856079,-340000.0,-340000.0,-0.17048734426498413,-0.17048734426498413,320297.0,320297.0,0.08986000716686249,0.08986000716686249,-406657.0,-406657.0,-0.057509154081344604,-0.057509154081344604,5183748.0,5183748.0,0.2611127495765686,0.2611127495765686,0.0,0.0,0.0,0.0,0.0,0.0,0.09436448663473129,0.09436448663473129
2206,2026-09-04,0,-109430.0,-109430.0,-0.2142443209886551,-0.2142443209886551,-310947.0,-310947.0,-0.2184016853570938,-0.2184016853570938,-524002.0,-524002.0,-0.1988101750612259,-0.1988101750612259,-686987.0,-686987.0,-0.11709174513816833,-0.11709174513816833,903664.0,903664.0,0.06886710971593857,0.06886710971593857,0.0,0.0,0.0,0.0,0.0,0.0,0.06601888686418533,0.06601888686418533
2207,2026-09-04,0,198325.0,198325.0,0.5107598900794983,0.5107598900794983,285010.0,285010.0,0.3978208601474762,0.3978208601474762,199960.0,199960.0,0.11666624993085861,0.11666624993085861,236033.0,236033.0,0.09073048830032349,0.09073048830032349,-29453.0,-29453.0,-0.005675815977156162,-0.005675815977156162,1.0,1.0,0.0,0.0,3.0,3.0,0.06969881057739258,0.06969881057739258
2208,2026-09-04,0,38395.0,38395.0,0.01766771450638771,0.01766771450638771,-808348.0,-808348.0,-0.11689576506614685,-0.11689576506614685,-1089844.0,-1089844.0,-0.10378794372081757,-0.10378794372081757,-3560480.0,-3560480.0,-0.14022813737392426,-0.14022813737392426,-8628102.0,-8628102.0,-0.1250031292438507,-0.1250031292438507,0.0,0.0,1.0,1.0,1.0,1.0,0.1705065369606018,0.1705065369606018
2211,2026-09-04,0,-88644.0,-88644.0,-0.24787412583827972,-0.24787412583827972,83983.0,83983.0,0.07334606349468231,0.07334606349468231,45983.0,45983.0,0.025321049615740776,0.025321049615740776,-457515.0,-457515.0,-0.12240994721651077,-0.12240994721651077,-1414147.0,-1414147.0,-0.0876227542757988,-0.0876227542757988,0.0,0.0,0.0,0.0,0.0,0.0,0.08574066311120987,0.08574066311120987
2221,2026-09-04,0,-835948.0,-835948.0,-0.06613512337207794,-0.06613512337207794,-866882.0,-866882.0,-0.04197975620627403,-0.04197975620627403,-857520.0,-857520.0,-0.034624889492988586,-0.034624889492988586,-71053.0,-71053.0,-0.0019145043333992362,-0.0019145043333992362,765678.0,765678.0,0.018679173663258553,0.018679173663258553,0.0,0.0,0.0,0.0,0.0,0.0,29.864147186279297,29.864147186279297
2227,2026-09-04,0,13000.0,13000.0,0.3286729156970978,0.3286729156970978,4391.0,4391.0,0.0517391711473465,0.0517391711473465,-10859.0,-10859.0,-0.05914713442325592,-0.05914713442325592,-14443.0,-14443.0,-0.03834604471921921,-0.03834604471921921,-58899.0,-58899.0,-0.08284164220094681,-0.08284164220094681,0.0,0.0,0.0,0.0,2.0,2.0,0.013184333220124245,0.013184333220124245
2228,2026-09-04,0,-36000.0,-36000.0,-0.2551743686199188,-0.2551743686199188,-26429.0,-26429.0,-0.07828054577112198,-0.07828054577112198,-37907.0,-37907.0,-0.06947993487119675,-0.06947993487119675,-137030.0,-137030.0,-0.12076213210821152,-0.12076213210821152,-136761.0,-136761.0,-0.0546451210975647,-0.0546451210975647,0.0,0.0,0.0,0.0,0.0,0.0,0.1768369823694229,0.1768369823694229
2230,2026-09-04,0,9000.0,9000.0,0.2195121943950653,0.2195121943950653,9000.0,9000.0,0.051428571343421936,0.051428571343421936,6500.0,6500.0,0.015776699408888817,0.015776699408888817,-53250.0,-53250.0,-0.06346841156482697,-0.06346841156482697,-57945.0,-57945.0,-0.028842708095908165,-0.028842708095908165,0.0,0.0,1.0,1.0,1.0,1.0,0.06026788055896759,0.06026788055896759
2231,2026-09-04,0,-34225.0,-34225.0,-0.23223227262496948,-0.23223227262496948,-133259.0,-133259.0,-0.2661597430706024,-0.2661597430706024,-164259.0,-164259.0,-0.21053744852542877,-0.21053744852542877,-372287.0,-372287.0,-0.16471323370933533,-0.16471323370933533,-878662.0,-878662.0,-0.14143986999988556,-0.14143986999988556,0.0,0.0,0.0,0.0,0.0,0.0,0.10841754823923111,0.10841754823923111
2233,2026-09-04,0,184615.0,184615.0,0.40069061517715454,0.40069061517715454,96313.0,96313.0,0.07009144127368927,0.07009144127368927,99088.0,99088.0,0.04262538626790047,0.04262538626790047,206961.0,206961.0,0.021048586815595627,0.021048586815595627,857868.0,857868.0,0.049801141023635864,0.049801141023635864,0.0,0.0,1.0,1.0,1.0,1.0,0.7642338871955872,0.7642338871955872
2235,2026-09-04,0,-1000.0,-1000.0,-0.5,-0.5,-2000.0,-2000.0,-0.2857142984867096,-0.2857142984867096,-2000.0,-2000.0,-0.10000000149011612,-0.10000000149011612,-4000.0,-4000.0,-0.095238097012043,-0.095238097012043,0.0,0.0,0.0,0.0,0.0,0.0,0.0,0.0,0.0,0.0,0.005574446637183428,0.005574446637183428
2236,2026-09-04,0,-13000.0,-13000.0,-0.0876205638051033,-0.0876205638051033,-9863.0,-9863.0,-0.0198659747838974,-0.0198659747838974,-57264.0,-57264.0,-0.06664378196001053,-0.06664378196001053,-178211.0,-178211.0,-0.08044793456792831,-0.08044793456792831,-873680.0,-873680.0,-0.10109049081802368,-0.10109049081802368,0.0,0.0,0.0,0.0,0.0,0.0,0.2387971431016922,0.2387971431016922
2239,2026-09-04,0,12000.0,12000.0,0.3632400929927826,0.3632400929927826,11000.0,11000.0,0.12176762521266937,0.12176762521266937,10000.0,10000.0,0.05659117549657822,0.05659117549657822,39000.0,39000.0,0.11552714556455612,0.11552714556455612,76000.0,76000.0,0.08008354157209396,0.08008354157209396,0.0,0.0,0.0,0.0,2.0,2.0,0.028064966201782227,0.028064966201782227
2241,2026-09-04,0,-26925.0,-26925.0,-0.05874229222536087,-0.05874229222536087,-85883.0,-85883.0,-0.09042438119649887,-0.09042438119649887,108113.0,108113.0,0.060904476791620255,0.060904476791620255,-303075.0,-303075.0,-0.08056331425905228,-0.08056331425905228,-891229.0,-891229.0,-0.09869395196437836,-0.09869395196437836,0.0,0.0,0.0,0.0,0.0,0.0,0.43819111585617065,0.43819111585617065
2243,2026-09-04,0,7646.0,7646.0,0.025437910109758377,0.025437910109758377,-355178.0,-355178.0,-0.2306356579065323,-0.2306356579065323,-288629.0,-288629.0,-0.14282822608947754,-0.14282822608947754,-528871.0,-528871.0,-0.17649106681346893,-0.17649106681346893,-758063.0,-758063.0,-0.1498589813709259,-0.1498589813709259,0.0,0.0,0.0,0.0,2.0,2.0,0.43327003717422485,0.43327003717422485
2247,2026-09-04,0,22420.0,22420.0,0.5477109551429749,0.5477109551429749,36501.0,36501.0,0.40054208040237427,0.40054208040237427,53759.0,53759.0,0.339546263217926,0.339546263217926,110813.0,110813.0,0.3595781624317169,0.3595781624317169,122278.0,122278.0,0.1705266386270523,0.1705266386270523,1.0,1.0,0.0,0.0,5.0,5.0,0.05071817710995674,0.05071817710995674
2248,2026-09-04,0,-6000.0,-6000.0,-0.14197486639022827,-0.14197486639022827,-7000.0,-7000.0,-0.07116858661174774,-0.07116858661174774,-31001.0,-31001.0,-0.10940229147672653,-0.10940229147672653,-77876.0,-77876.0,-0.08213780075311661,-0.08213780075311661,-39786.0,-39786.0,-0.01921144500374794,-0.01921144500374794,0.0,0.0,0.0,0.0,0.0,0.0,0.0887836143374443,0.0887836143374443
2250,2026-09-04,0,7000.0,7000.0,0.1588706523180008,0.1588706523180008,-8000.0,-8000.0,-0.06413288414478302,-0.06413288414478302,-7000.0,-7000.0,-0.03566988185048103,-0.03566988185048103,-18000.0,-18000.0,-0.03047526255249977,-0.03047526255249977,76920.0,76920.0,0.06258849054574966,0.06258849054574966,0.0,0.0,1.0,1.0,1.0,1.0,0.12108586728572845,0.12108586728572845
2254,2026-09-04,0,-2000.0,-2000.0,-0.001302036689594388,-0.001302036689594388,10000.0,10000.0,0.003963441122323275,0.003963441122323275,33000.0,33000.0,0.008741485886275768,0.008741485886275768,26000.0,26000.0,0.005334139801561832,0.005334139801561832,22000.0,22000.0,0.004462800454348326,0.004462800454348326,0.0,0.0,0.0,0.0,0.0,0.0,2.403553009033203,2.403553009033203
2258,2026-09-04,0,125000.0,125000.0,0.1901724934577942,0.1901724934577942,-287000.0,-287000.0,-0.18187221884727478,-0.18187221884727478,-208000.0,-208000.0,-0.09275221824645996,-0.09275221824645996,-386040.0,-386040.0,-0.10766083747148514,-0.10766083747148514,487177.0,487177.0,0.06506043672561646,0.06506043672561646,0.0,0.0,1.0,1.0,1.0,1.0,0.03753678873181343,0.03753678873181343
2301,2026-09-04,0,4774853.0,4774853.0,0.17344824969768524,0.17344824969768524,657045.0,657045.0,0.005841212812811136,0.005841212812811136,-6988082.0,-6988082.0,-0.0444386787712574,-0.0444386787712574,81322.0,81322.0,0.00020167860202491283,0.00020167860202491283,13292089.0,13292089.0,0.018322857096791267,0.018322857096791267,2.0,2.0,1.0,1.0,1.0,1.0,1.1885879039764404,1.1885879039764404
2302,2026-09-04,0,466540.0,466540.0,0.15443450212478638,0.15443450212478638,387379.0,387379.0,0.054609108716249466,0.054609108716249466,321827.0,321827.0,0.023152003064751625,0.023152003064751625,1452882.0,1452882.0,0.04426448792219162,0.04426448792219162,697362.0,697362.0,0.007329780608415604,0.007329780608415604,0.0,0.0,0.0,0.0,2.0,2.0,1.8165391683578491,1.8165391683578491
2303,2026-09-04,0,26550700.0,26550700.0,0.18584193289279938,0.18584193289279938,3452347.0,3452347.0,0.008245567791163921,0.008245567791163921,-43201016.0,-43201016.0,-0.050249092280864716,-0.050249092280864716,-11813314.0,-11813314.0,-0.006650085560977459,-0.006650085560977459,83542432.0,83542432.0,0.029098572209477425,0.029098572209477425,1.0,1.0,0.0,0.0,2.0,2.0,1.1365635395050049,1.1365635395050049
2305,2026-09-04,0,-1151958.0,-1151958.0,-0.09002833068370819,-0.09002833068370819,-1801609.0,-1801609.0,-0.08575242757797241,-0.08575242757797241,-2142247.0,-2142247.0,-0.059688977897167206,-0.059688977897167206,-848231.0,-848231.0,-0.013183780945837498,-0.013183780945837498,-1335546.0,-1335546.0,-0.011548677459359169,-0.011548677459359169,0.0,0.0,0.0,0.0,0.0,0.0,6.221654415130615,6.221654415130615
2308,2026-09-04,0,1406988.0,1406988.0,0.15301558375358582,0.15301558375358582,-3514385.0,-3514385.0,-0.09894544631242752,-0.09894544631242752,-3741056.0,-3741056.0,-0.07078320533037186,-0.07078320533037186,-3489944.0,-3489944.0,-0.03456714749336243,-0.03456714749336243,-9522753.0,-9522753.0,-0.04288846254348755,-0.04288846254348755,2.0,2.0,0.0,0.0,2.0,2.0,0.35399073362350464,0.35399073362350464
2312,2026-09-04,0,5308954.0,5308954.0,0.46797218918800354,0.46797218918800354,4510431.0,4510431.0,0.13510975241661072,0.13510975241661072,10858227.0,10858227.0,0.16350330412387848,0.16350330412387848,16785476.0,16785476.0,0.1562228500843048,0.1562228500843048,25431766.0,25431766.0,0.09898903220891953,0.09898903220891953,1.0,1.0,1.0,1.0,1.0,1.0,0.7534024715423584,0.7534024715423584
2313,2026-09-04,0,3876584.0,3876584.0,0.07465885579586029,0.07465885579586029,4473479.0,4473479.0,0.041820377111434937,0.041820377111434937,6301524.0,6301524.0,0.027376824989914894,0.027376824989914894,17264268.0,17264268.0,0.039132509380578995,0.039132509380578995,13209183.0,13209183.0,0.019793830811977386,0.019793830811977386,3.0,3.0,0.0,0.0,2.0,2.0,4.208388805389404,4.208388805389404
2314,2026-09-04,0,-4000.0,-4000.0,-0.05422331765294075,-0.05422331765294075,-3237.0,-3237.0,-0.018871665000915527,-0.018871665000915527,-6237.0,-6237.0,-0.020802827551960945,-0.020802827551960945,-35237.0,-35237.0,-0.028445404022932053,-0.028445404022932053,-111237.0,-111237.0,-0.04313300549983978,-0.04313300549983978,0.0,0.0,0.0,0.0,0.0,0.0,0.06792949140071869,0.06792949140071869
2316,2026-09-04,0,-350692.0,-350692.0,-0.129661425948143,-0.129661425948143,-1641873.0,-1641873.0,-0.25518396496772766,-0.25518396496772766,-1505104.0,-1505104.0,-0.12303290516138077,-0.12303290516138077,-1069353.0,-1069353.0,-0.052531469613313675,-0.052531469613313675,1712496.0,1712496.0,0.03545483201742172,0.03545483201742172,0.0,0.0,0.0,0.0,0.0,0.0,1.4800629615783691,1.4800629615783691
2317,2026-09-04,0,26407792.0,26407792.0,0.5345453023910522,0.5345453023910522,15665898.0,15665898.0,0.14436060190200806,0.14436060190200806,25284952.0,25284952.0,0.14215072989463806,0.14215072989463806,19588440.0,19588440.0,0.05805320292711258,0.05805320292711258,-9320940.0,-9320940.0,-0.0119579266756773,-0.0119579266756773,2.0,2.0,1.0,1.0,1.0,1.0,0.3521532416343689,0.3521532416343689
2321,2026-09-04,0,0.0,0.0,0.0,0.0,0.0,0.0,0.0,0.0,0.0,0.0,0.0,0.0,0.0,0.0,0.0,0.0,0.0,0.0,0.0,0.0,0.0,0.0,0.0,0.0,0.0,0.0,0.013289540074765682,0.013289540074765682
2323,2026-09-04,0,-2345678.0,-2345678.0,-0.46772679686546326,-0.46772679686546326,-4151555.0,-4151555.0,-0.27423423528671265,-0.27423423528671265,-4517201.0,-4517201.0,-0.20287875831127167,-0.20287875831127167,-6066879.0,-6066879.0,-0.13782471418380737,-0.13782471418380737,4413939.0,4413939.0,0.0293570589274168,0.0293570589274168,0.0,0.0,0.0,0.0,0.0,0.0,0.4603724777698517,0.4603724777698517
2324,2026-09-04,0,69366288.0,69366288.0,0.4902001619338989,0.4902001619338989,45550504.0,45550504.0,0.1627800613641739,0.1627800613641739,45571580.0,45571580.0,0.11457447707653046,0.11457447707653046,36119152.0,36119152.0,0.04460159316658974,0.04460159316658974,123997904.0,123997904.0,0.05500924587249756,0.05500924587249756,0.0,0.0,1.0,1.0,1.0,1.0,3.2108314037323,3.2108314037323
2327,2026-09-04,0,18525832.0,18525832.0,0.32105499505996704,0.32105499505996704,-2833520.0,-2833520.0,-0.022173330187797546,-0.022173330187797546,-6277951.0,-6277951.0,-0.0243990421295166,-0.0243990421295166,-8209045.0,-8209045.0,-0.017315147444605827,-0.017315147444605827,-53378840.0,-53378840.0,-0.05542093887925148,-0.05542093887925148,0.0,0.0,1.0,1.0,1.0,1.0,2.802842855453491,2.802842855453491
2328,2026-09-04,0,238548.0,238548.0,0.2376321703195572,0.2376321703195572,402262.0,402262.0,0.06690489500761032,0.06690489500761032,1761847.0,1761847.0,0.17300160229206085,0.17300160229206085,3991233.0,3991233.0,0.20914524793624878,0.20914524793624878,5601645.0,5601645.0,0.12300378084182739,0.12300378084182739,0.0,0.0,1.0,1.0,1.0,1.0,0.19366474449634552,0.19366474449634552
2329,2026-09-04,0,502868.0,502868.0,0.34963685274124146,0.34963685274124146,297865.0,297865.0,0.06410155445337296,0.06410155445337296,586517.0,586517.0,0.06916885077953339,0.06916885077953339,1910419.0,1910419.0,0.10526122897863388,0.10526122897863388,958984.0,958984.0,0.022921068593859673,0.022921068593859673,0.0,0.0,1.0,1.0,1.0,1.0,0.21826566755771637,0.21826566755771637
2330,2026-09-04,0,1885085.0,1885085.0,0.13367484509944916,0.13367484509944916,-11062653.0,-11062653.0,-0.20675629377365112,-0.20675629377365112,-9886030.0,-9886030.0,-0.08367086946964264,-0.08367086946964264,78700.0,78700.0,0.00039652749546803534,0.00039652749546803534,7578596.0,7578596.0,0.019039232283830643,0.019039232283830643,1.0,1.0,1.0,1.0,1.0,1.0,0.05437998101115227,0.05437998101115227
2331,2026-09-04,0,481000.0,481000.0,0.34235191345214844,0.34235191345214844,-279232.0,-279232.0,-0.06639795005321503,-0.06639795005321503,-148685.0,-148685.0,-0.024033844470977783,-0.024033844470977783,-23279.0,-23279.0,-0.0019632878247648478,-0.0019632878247648478,-925985.0,-925985.0,-0.0197458416223526,-0.0197458416223526,0.0,0.0,1.0,1.0,1.0,1.0,0.2520594894886017,0.2520594894886017
2332,2026-09-04,0,539884.0,539884.0,0.026791082695126534,0.026791082695126534,473391.0,473391.0,0.009569325484335423,0.009569325484335423,-3809260.0,-3809260.0,-0.05482026934623718,-0.05482026934623718,-7700028.0,-7700028.0,-0.06034482643008232,-0.06034482643008232,-24165192.0,-24165192.0,-0.06447561085224152,-0.06447561085224152,0.0,0.0,0.0,0.0,2.0,2.0,3.3465397357940674,3.3465397357940674
2337,2026-09-04,0,2750766.0,2750766.0,0.09240474551916122,0.09240474551916122,-12645673.0,-12645673.0,-0.13219231367111206,-0.13219231367111206,-13683279.0,-13683279.0,-0.08361157774925232,-0.08361157774925232,2946116.0,2946116.0,0.00882461853325367,0.00882461853325367,28656526.0,28656526.0,0.023648349568247795,0.023648349568247795,0.0,0.0,1.0,1.0,1.0,1.0,1.5024749040603638,1.5024749040603638
2338,2026-09-04,0,-103870.0,-103870.0,-0.1392267793416977,-0.1392267793416977,-365618.0,-365618.0,-0.13906213641166687,-0.13906213641166687,-846651.0,-846651.0,-0.14404989778995514,-0.14404989778995514,-1182605.0,-1182605.0,-0.09566252678632736,-0.09566252678632736,-1457034.0,-1457034.0,-0.06570738554000854,-0.06570738554000854,0.0,0.0,0.0,0.0,0.0,0.0,0.20336668193340302,0.20336668193340302
2340,2026-09-04,0,428034.0,428034.0,0.18132008612155914,0.18132008612155914,737497.0,737497.0,0.09903649985790253,0.09903649985790253,1341297.0,1341297.0,0.10165699571371078,0.10165699571371078,5176972.0,5176972.0,0.1334591507911682,0.1334591507911682,6391331.0,6391331.0,0.09253041446208954,0.09253041446208954,0.0,0.0,0.0,0.0,4.0,4.0,0.5381968021392822,0.5381968021392822
2342,2026-09-04,0,-90948.0,-90948.0,-0.05709969997406006,-0.05709969997406006,-574770.0,-574770.0,-0.12361343950033188,-0.12361343950033188,322945.0,322945.0,0.03751824051141739,0.03751824051141739,1591331.0,1591331.0,0.07629720866680145,0.07629720866680145,184545.0,184545.0,0.003425471018999815,0.003425471018999815,0.0,0.0,0.0,0.0,0.0,0.0,1.012356162071228,1.012356162071228
2344,2026-09-04,0,5354719.0,5354719.0,0.05327760800719261,0.05327760800719261,-6488989.0,-6488989.0,-0.01878100074827671,-0.01878100074827671,-49192244.0,-49192244.0,-0.05584995821118355,-0.05584995821118355,-42448776.0,-42448776.0,-0.029233571141958237,-0.029233571141958237,77836688.0,77836688.0,0.02458280697464943,0.02458280697464943,1.0,1.0,1.0,1.0,1.0,1.0,2.233466386795044,2.233466386795044
2345,2026-09-04,0,-265365.0,-265365.0,-0.12263914942741394,-0.12263914942741394,-812731.0,-812731.0,-0.09716015309095383,-0.09716015309095383,-737585.0,-737585.0,-0.040608588606119156,-0.040608588606119156,-793428.0,-793428.0,-0.025593217462301254,-0.025593217462301254,-3498254.0,-3498254.0,-0.05692479759454727,-0.05692479759454727,0.0,0.0,0.0,0.0,0.0,0.0,0.38562074303627014,0.38562074303627014
2347,2026-09-04,0,3537848.0,3537848.0,0.6027629971504211,0.6027629971504211,5104681.0,5104681.0,0.45695099234580994,0.45695099234580994,4887034.0,4887034.0,0.26120755076408386,0.26120755076408386,2134396.0,2134396.0,0.0766204223036766,0.0766204223036766,2188987.0,2188987.0,0.033384695649147034,0.033384695649147034,1.0,1.0,0.0,0.0,4.0,4.0,0.35189276933670044,0.35189276933670044
2348,2026-09-04,0,68130.0,68130.0,0.2380627989768982,0.2380627989768982,185164.0,185164.0,0.340809166431427,0.340809166431427,88714.0,88714.0,0.09940534085035324,0.09940534085035324,-70385.0,-70385.0,-0.0330674983561039,-0.0330674983561039,88148.0,88148.0,0.01351212989538908,0.01351212989538908,0.0,0.0,0.0,0.0,3.0,3.0,0.17944253981113434,0.17944253981113434
2349,2026-09-04,0,-83200.0,-83200.0,-0.07288815081119537,-0.07288815081119537,-787531.0,-787531.0,-0.17727750539779663,-0.17727750539779663,-1066722.0,-1066722.0,-0.15310761332511902,-0.15310761332511902,-880338.0,-880338.0,-0.06300053000450134,-0.06300053000450134,-2310984.0,-2310984.0,-0.06865014880895615,-0.06865014880895615,0.0,0.0,0.0,0.0,0.0,0.0,0.16455362737178802,0.16455362737178802
2351,2026-09-04,0,-596085.0,-596085.0,-0.08854992687702179,-0.08854992687702179,-1033929.0,-1033929.0,-0.06523403525352478,-0.06523403525352478,668278.0,668278.0,0.025075169280171394,0.025075169280171394,6798101.0,6798101.0,0.0940474197268486,0.0940474197268486,5004454.0,5004454.0,0.04683771729469299,0.04683771729469299,2.0,2.0,0.0,0.0,0.0,0.0,3.695847511291504,3.695847511291504
2352,2026-09-04,0,3795117.0,3795117.0,0.4825783669948578,0.4825783669948578,2855429.0,2855429.0,0.15334555506706238,0.15334555506706238,4328561.0,4328561.0,0.16285507380962372,0.16285507380962372,-1481430.0,-1481430.0,-0.03211892396211624,-0.03211892396211624,-12390502.0,-12390502.0,-0.1060054823756218,-0.1060054823756218,3.0,3.0,1.0,1.0,1.0,1.0,0.49757784605026245,0.49757784605026245
2353,2026-09-04,0,14303460.0,14303460.0,0.3569526970386505,0.3569526970386505,12101535.0,12101535.0,0.15493425726890564,0.15493425726890564,17435050.0,17435050.0,0.16987313330173492,0.16987313330173492,26523362.0,26523362.0,0.18028922379016876,0.18028922379016876,50591156.0,50591156.0,0.13413409888744354,0.13413409888744354,4.0,4.0,1.0,1.0,1.0,1.0,1.3147292137145996,1.3147292137145996
2354,2026-09-04,0,1358228.0,1358228.0,0.10891301929950714,0.10891301929950714,8468696.0,8468696.0,0.18526875972747803,0.18526875972747803,21723204.0,21723204.0,0.2579888701438904,0.2579888701438904,24674200.0,24674200.0,0.16615843772888184,0.16615843772888184,45961188.0,45961188.0,0.16600301861763,0.16600301861763,1.0,1.0,0.0,0.0,5.0,5.0,0.8816465139389038,0.8816465139389038
2355,2026-09-04,0,308298.0,308298.0,0.24923260509967804,0.24923260509967804,-163498.0,-163498.0,-0.03718932718038559,-0.03718932718038559,-304283.0,-304283.0,-0.04302637651562691,-0.04302637651562691,1034622.0,1034622.0,0.051336660981178284,0.051336660981178284,1150059.0,1150059.0,0.027034243568778038,0.027034243568778038,0.0,0.0,1.0,1.0,1.0,1.0,0.3111957907676697,0.3111957907676697
2356,2026-09-04,0,13444182.0,13444182.0,0.49656206369400024,0.49656206369400024,17098984.0,17098984.0,0.2610543668270111,0.2610543668270111,23543954.0,23543954.0,0.23457270860671997,0.23457270860671997,21817780.0,21817780.0,0.13317595422267914,0.13317595422267914,65445504.0,65445504.0,0.12954866886138916,0.12954866886138916,4.0,4.0,0.0,0.0,5.0,5.0,0.7546958327293396,0.7546958327293396
2357,2026-09-04,0,2385514.0,2385514.0,0.467496395111084,0.467496395111084,3225318.0,3225318.0,0.26761388778686523,0.26761388778686523,5317752.0,5317752.0,0.2322806566953659,0.2322806566953659,7250841.0,7250841.0,0.2163149118423462,0.2163149118423462,17066064.0,17066064.0,0.21122092008590698,0.21122092008590698,4.0,4.0,1.0,1.0,1.0,1.0,0.6869972944259644,0.6869972944259644
2359,2026-09-04,0,438279.0,438279.0,0.1543693095445633,0.1543693095445633,-2124101.0,-2124101.0,-0.1358795017004013,-0.1358795017004013,-3306444.0,-3306444.0,-0.14190413057804108,-0.14190413057804108,-7596938.0,-7596938.0,-0.14984238147735596,-0.14984238147735596,-1409677.0,-1409677.0,-0.006331639364361763,-0.006331639364361763,0.0,0.0,1.0,1.0,1.0,1.0,1.6557657718658447,1.6557657718658447
2360,2026-09-04,0,-293171.0,-293171.0,-0.1811242699623108,-0.1811242699623108,-250650.0,-250650.0,-0.0523386150598526,-0.0523386150598526,-72349.0,-72349.0,-0.008353501558303833,-0.008353501558303833,1041346.0,1041346.0,0.055504750460386276,0.055504750460386276,2014222.0,2014222.0,0.04995972663164139,0.04995972663164139,0.0,0.0,0.0,0.0,0.0,0.0,0.3806312084197998,0.3806312084197998
2362,2026-09-04,0,1370070.0,1370070.0,0.6616429686546326,0.6616429686546326,997715.0,997715.0,0.19596241414546967,0.19596241414546967,1010936.0,1010936.0,0.14929211139678955,0.14929211139678955,1554077.0,1554077.0,0.12813080847263336,0.12813080847263336,569142.0,569142.0,0.016088875010609627,0.016088875010609627,0.0,0.0,1.0,1.0,1.0,1.0,0.3327707052230835,0.3327707052230835
2363,2026-09-04,0,532085.0,532085.0,0.2708638906478882,0.2708638906478882,460497.0,460497.0,0.06274833530187607,0.06274833530187607,-349808.0,-349808.0,-0.023501800373196602,-0.023501800373196602,-2319790.0,-2319790.0,-0.07201020419597626,-0.07201020419597626,-4344298.0,-4344298.0,-0.05867635831236839,-0.05867635831236839,0.0,0.0,0.0,0.0,2.0,2.0,0.38144567608833313,0.38144567608833313
2364,2026-09-04,0,89200.0,89200.0,0.3124540150165558,0.3124540150165558,-104332.0,-104332.0,-0.10577379912137985,-0.10577379912137985,-281998.0,-281998.0,-0.14816227555274963,-0.14816227555274963,-907682.0,-907682.0,-0.12217611074447632,-0.12217611074447632,1455822.0,1455822.0,0.09330391883850098,0.09330391883850098,0.0,0.0,1.0,1.0,1.0,1.0,0.5449310541152954,0.5449310541152954
2365,2026-09-04,0,29000.0,29000.0,0.03899946063756943,0.03899946063756943,-217795.0,-217795.0,-0.06333978474140167,-0.06333978474140167,-521795.0,-521795.0,-0.11003435403108597,-0.11003435403108597,-884265.0,-884265.0,-0.08144278824329376,-0.08144278824329376,-1299610.0,-1299610.0,-0.054258447140455246,-0.054258447140455246,0.0,0.0,1.0,1.0,1.0,1.0,0.3356678783893585,0.3356678783893585
2367,2026-09-04,0,634197.0,634197.0,0.17370624840259552,0.17370624840259552,937568.0,937568.0,0.09212777763605118,0.09212777763605118,1574960.0,1574960.0,0.07763668149709702,0.07763668149709702,1342358.0,1342358.0,0.023490259423851967,0.023490259423851967,7782392.0,7782392.0,0.06710599362850189,0.06710599362850189,0.0,0.0,1.0,1.0,1.0,1.0,0.5169497728347778,0.5169497728347778
2368,2026-09-04,0,-1463009.0,-1463009.0,-0.15320706367492676,-0.15320706367492676,-1554764.0,-1554764.0,-0.06227082386612892,-0.06227082386612892,-6648243.0,-6648243.0,-0.11286672949790955,-0.11286672949790955,-6620758.0,-6620758.0,-0.06989804655313492,-0.06989804655313492,-18081664.0,-18081664.0,-0.08395671844482422,-0.08395671844482422,0.0,0.0,0.0,0.0,0.0,0.0,1.846986174583435,1.846986174583435
2369,2026-09-04,0,827374.0,827374.0,0.2976389229297638,0.2976389229297638,-466617.0,-466617.0,-0.04700333997607231,-0.04700333997607231,-922675.0,-922675.0,-0.048692941665649414,-0.048692941665649414,-1516560.0,-1516560.0,-0.029107483103871346,-0.029107483103871346,-234443.0,-234443.0,-0.0023966089356690645,-0.0023966089356690645,0.0,0.0,1.0,1.0,1.0,1.0,0.7313269972801208,0.7313269972801208
2371,2026-09-04,0,-169012.0,-169012.0,-0.023288365453481674,-0.023288365453481674,-2441583.0,-2441583.0,-0.12126187980175018,-0.12126187980175018,532873.0,532873.0,0.01378614641726017,0.01378614641726017,4357656.0,4357656.0,0.03860275447368622,0.03860275447368622,10171964.0,10171964.0,0.04838275909423828,0.04838275909423828,0.0,0.0,0.0,0.0,0.0,0.0,0.3374205231666565,0.3374205231666565
2373,2026-09-04,0,12000.0,12000.0,0.3537840247154236,0.3537840247154236,5000.0,5000.0,0.05464779585599899,0.05464779585599899,-18000.0,-18000.0,-0.1067299172282219,-0.1067299172282219,-5000.0,-5000.0,-0.015294822864234447,-0.015294822864234447,-21020.0,-21020.0,-0.033864062279462814,-0.033864062279462814,0.0,0.0,0.0,0.0,2.0,2.0,0.014360134489834309,0.014360134489834309
2374,2026-09-04,0,21081.0,21081.0,0.013803521171212196,0.013803521171212196,-858763.0,-858763.0,-0.08126156777143478,-0.08126156777143478,-1010582.0,-1010582.0,-0.06692720204591751,-0.06692720204591751,-1007127.0,-1007127.0,-0.03448166325688362,-0.03448166325688362,-1277766.0,-1277766.0,-0.022977188229560852,-0.022977188229560852,0.0,0.0,1.0,1.0,1.0,1.0,0.45185044407844543,0.45185044407844543
2375,2026-09-04,0,276502.0,276502.0,0.044609542936086655,0.044609542936086655,-154412.0,-154412.0,-0.01420524064451456,-0.01420524064451456,-1045655.0,-1045655.0,-0.04940367117524147,-0.04940367117524147,-3298840.0,-3298840.0,-0.06239979341626167,-0.06239979341626167,-8280953.0,-8280953.0,-0.06930289417505264,-0.06930289417505264,0.0,0.0,1.0,1.0,1.0,1.0,5.703474521636963,5.703474521636963
2376,2026-09-04,0,1823547.0,1823547.0,0.24424737691879272,0.24424737691879272,537106.0,537106.0,0.026103459298610687,0.026103459298610687,968072.0,968072.0,0.02962566912174225,0.02962566912174225,2033406.0,2033406.0,0.03952505812048912,0.03952505812048912,5920470.0,5920470.0,0.035835567861795425,0.035835567861795425,1.0,1.0,1.0,1.0,1.0,1.0,1.1145107746124268,1.1145107746124268
2377,2026-09-04,0,10951518.0,10951518.0,0.46959078311920166,0.46959078311920166,13793760.0,13793760.0,0.3068375587463379,0.3068375587463379,22977528.0,22977528.0,0.31031736731529236,0.31031736731529236,26544372.0,26544372.0,0.2526387870311737,0.2526387870311737,21091800.0,21091800.0,0.06714789569377899,0.06714789569377899,3.0,3.0,0.0,0.0,6.0,6.0,2.76039981842041,2.76039981842041
2379,2026-09-04,0,-182315.0,-182315.0,-0.12986138463020325,-0.12986138463020325,-2499737.0,-2499737.0,-0.3496212065219879,-0.3496212065219879,-3068939.0,-3068939.0,-0.23854446411132812,-0.23854446411132812,-2584829.0,-2584829.0,-0.1301409900188446,-0.1301409900188446,-4598805.0,-4598805.0,-0.09787560999393463,-0.09787560999393463,0.0,0.0,0.0,0.0,0.0,0.0,0.2723347246646881,0.2723347246646881
2380,2026-09-04,0,-3000.0,-3000.0,-0.05174287408590317,-0.05174287408590317,30000.0,30000.0,0.11302755773067474,0.11302755773067474,56894.0,56894.0,0.1409939080476761,0.1409939080476761,107293.0,107293.0,0.11216992139816284,0.11216992139816284,129293.0,129293.0,0.07698087394237518,0.07698087394237518,0.0,0.0,0.0,0.0,0.0,0.0,0.09663166850805283,0.09663166850805283
2382,2026-09-04,0,12836784.0,12836784.0,0.6240216493606567,0.6240216493606567,16324819.0,16324819.0,0.3899427056312561,0.3899427056312561,20603244.0,20603244.0,0.2771829068660736,0.2771829068660736,28767814.0,28767814.0,0.22030119597911835,0.22030119597911835,39644720.0,39644720.0,0.11460323631763458,0.11460323631763458,4.0,4.0,0.0,0.0,2.0,2.0,0.5008013844490051,0.5008013844490051
2383,2026-09-04,0,-20749.0,-20749.0,-0.012192470952868462,-0.012192470952868462,-388205.0,-388205.0,-0.08033932745456696,-0.08033932745456696,-425148.0,-425148.0,-0.04942792281508446,-0.04942792281508446,-376703.0,-376703.0,-0.01917314901947975,-0.01917314901947975,2336488.0,2336488.0,0.05464509129524231,0.05464509129524231,0.0,0.0,0.0,0.0,0.0,0.0,0.47493377327919006,0.47493377327919006
2385,2026-09-04,0,1843444.0,1843444.0,0.5399837493896484,0.5399837493896484,988524.0,988524.0,0.10604846477508545,0.10604846477508545,4277892.0,4277892.0,0.22605030238628387,0.22605030238628387,6811795.0,6811795.0,0.22003455460071564,0.22003455460071564,14427800.0,14427800.0,0.24843856692314148,0.24843856692314148,3.0,3.0,1.0,1.0,1.0,1.0,0.4458395540714264,0.4458395540714264
2387,2026-09-04,0,-11000.0,-11000.0,-0.031059056520462036,-0.031059056520462036,70394.0,70394.0,0.08717415481805801,0.08717415481805801,173635.0,173635.0,0.14247465133666992,0.14247465133666992,183658.0,183658.0,0.08236608654260635,0.08236608654260635,-1879764.0,-1879764.0,-0.2489594668149948,-0.2489594668149948,0.0,0.0,0.0,0.0,0.0,0.0,0.18138903379440308,0.18138903379440308
2388,2026-09-04,0,4346625.0,4346625.0,0.304544061422348,0.304544061422348,4335573.0,4335573.0,0.16726675629615784,0.16726675629615784,3710556.0,3710556.0,0.12381377816200256,0.12381377816200256,2232545.0,2232545.0,0.05446230247616768,0.05446230247616768,-3256257.0,-3256257.0,-0.039102956652641296,-0.039102956652641296,0.0,0.0,1.0,1.0,1.0,1.0,2.567216157913208,2.567216157913208
2390,2026-09-04,0,12877.0,12877.0,0.032915741205215454,0.032915741205215454,-256152.0,-256152.0,-0.21497954428195953,-0.21497954428195953,-418181.0,-418181.0,-0.2178432196378708,-0.2178432196378708,-375068.0,-375068.0,-0.0842585489153862,-0.0842585489153862,-808809.0,-808809.0,-0.08812704682350159,-0.08812704682350159,0.0,0.0,1.0,1.0,1.0,1.0,0.20310047268867493,0.20310047268867493
2392,2026-09-04,0,-172612.0,-172612.0,-0.05281976982951164,-0.05281976982951164,815230.0,815230.0,0.0763719454407692,0.0763719454407692,2270027.0,2270027.0,0.07524094730615616,0.07524094730615616,4479668.0,4479668.0,0.06910861283540726,0.06910861283540726,11120051.0,11120051.0,0.08649313449859619,0.08649313449859619,1.0,1.0,0.0,0.0,0.0,0.0,0.6378628015518188,0.6378628015518188
2393,2026-09-04,0,90076.0,90076.0,0.11442247033119202,0.11442247033119202,995596.0,995596.0,0.31724023818969727,0.31724023818969727,1881121.0,1881121.0,0.2578112483024597,0.2578112483024597,4499725.0,4499725.0,0.30649200081825256,0.30649200081825256,9325189.0,9325189.0,0.21435247361660004,0.21435247361660004,1.0,1.0,0.0,0.0,5.0,5.0,0.17754517495632172,0.17754517495632172
2395,2026-09-04,0,945509.0,945509.0,0.1883457452058792,0.1883457452058792,772484.0,772484.0,0.06916466355323792,0.06916466355323792,1984311.0,1984311.0,0.10188575834035873,0.10188575834035873,1716327.0,1716327.0,0.05933712422847748,0.05933712422847748,782496.0,782496.0,0.010581872425973415,0.010581872425973415,3.0,3.0,1.0,1.0,1.0,1.0,0.578179657459259,0.578179657459259
2397,2026-09-04,0,-13930.0,-13930.0,-0.06811802834272385,-0.06811802834272385,-210930.0,-210930.0,-0.32771220803260803,-0.32771220803260803,-364855.0,-364855.0,-0.3452470302581787,-0.3452470302581787,-550290.0,-550290.0,-0.296011745929718,-0.296011745929718,-834547.0,-834547.0,-0.07676276564598083,-0.07676276564598083,0.0,0.0,0.0,0.0,0.0,0.0,0.17861825227737427,0.17861825227737427
2399,2026-09-04,0,-290043.0,-290043.0,-0.024649225175380707,-0.024649225175380707,-592043.0,-592043.0,-0.030622897669672966,-0.030622897669672966,-790140.0,-790140.0,-0.03148796409368515,-0.03148796409368515,1926708.0,1926708.0,0.029781023040413857,0.029781023040413857,1295358.0,1295358.0,0.009436053223907948,0.009436053223907948,0.0,0.0,0.0,0.0,0.0,0.0,6.606861114501953,6.606861114501953
2401,2026-09-04,0,609323.0,609323.0,0.2860643267631531,0.2860643267631531,-99574.0,-99574.0,-0.017397886142134666,-0.017397886142134666,-405964.0,-405964.0,-0.04097745940089226,-0.04097745940089226,-1552670.0,-1552670.0,-0.07978010922670364,-0.07978010922670364,-7046827.0,-7046827.0,-0.14524361491203308,-0.14524361491203308,0.0,0.0,1.0,1.0,1.0,1.0,0.3598039448261261,0.3598039448261261
2402,2026-09-04,0,-196204.0,-196204.0,-0.13812144100666046,-0.13812144100666046,-2641424.0,-2641424.0,-0.3065212368965149,-0.3065212368965149,-2398451.0,-2398451.0,-0.10954427719116211,-0.10954427719116211,-1402198.0,-1402198.0,-0.049929358065128326,-0.049929358065128326,-782062.0,-782062.0,-0.01886199414730072,-0.01886199414730072,0.0,0.0,0.0,0.0,0.0,0.0,0.4619022011756897,0.4619022011756897
2404,2026-09-04,0,-150882.0,-150882.0,-0.08476145565509796,-0.08476145565509796,-1456259.0,-1456259.0,-0.2596394419670105,-0.2596394419670105,-1624911.0,-1624911.0,-0.18912184238433838,-0.18912184238433838,-2287175.0,-2287175.0,-0.17177341878414154,-0.17177341878414154,-2412023.0,-2412023.0,-0.08811768889427185,-0.08811768889427185,0.0,0.0,0.0,0.0,0.0,0.0,0.9339990615844727,0.9339990615844727
2405,2026-09-04,0,107000.0,107000.0,0.1160963848233223,0.1160963848233223,-138606.0,-138606.0,-0.04382796958088875,-0.04382796958088875,-45534.0,-45534.0,-0.010066484101116657,-0.010066484101116657,151466.0,151466.0,0.017927037551999092,0.017927037551999092,-618556.0,-618556.0,-0.03161909803748131,-0.03161909803748131,0.0,0.0,1.0,1.0,1.0,1.0,0.2683677077293396,0.2683677077293396
2406,2026-09-04,0,321220.0,321220.0,0.10491999238729477,0.10491999238729477,-1404301.0,-1404301.0,-0.13800707459449768,-0.13800707459449768,-770623.0,-770623.0,-0.047591451555490494,-0.047591451555490494,-2730268.0,-2730268.0,-0.08475538343191147,-0.08475538343191147,-8517236.0,-8517236.0,-0.10443923622369766,-0.10443923622369766,0.0,0.0,1.0,1.0,1.0,1.0,0.8724768757820129,0.8724768757820129
2408,2026-09-04,0,429943.0,429943.0,0.005723515525460243,0.005723515525460243,-33140998.0,-33140998.0,-0.1315808892250061,-0.1315808892250061,-64235104.0,-64235104.0,-0.12217564880847931,-0.12217564880847931,-43638136.0,-43638136.0,-0.04900301620364189,-0.04900301620364189,52912892.0,52912892.0,0.02932014688849449,0.02932014688849449,1.0,1.0,1.0,1.0,1.0,1.0,2.4242568016052246,2.4242568016052246
2409,2026-09-04,0,-14772865.0,-14772865.0,-0.09334959089756012,-0.09334959089756012,50960072.0,50960072.0,0.07107513397932053,0.07107513397932053,77581176.0,77581176.0,0.07866869866847992,0.07866869866847992,97504712.0,97504712.0,0.0691668912768364,0.0691668912768364,33475684.0,33475684.0,0.01029228325933218,0.01029228325933218,0.0,0.0,0.0,0.0,0.0,0.0,2.0968735218048096,2.0968735218048096
2412,2026-09-04,0,1584238.0,1584238.0,0.21456612646579742,0.21456612646579742,12042449.0,12042449.0,0.3834613561630249,0.3834613561630249,13678650.0,13678650.0,0.2545091509819031,0.2545091509819031,6753826.0,6753826.0,0.07468049973249435,0.07468049973249435,-9899299.0,-9899299.0,-0.0552600659430027,-0.0552600659430027,2.0,2.0,0.0,0.0,4.0,4.0,0.09517885744571686,0.09517885744571686
2413,2026-09-04,0,675137.0,675137.0,0.15246762335300446,0.15246762335300446,487257.0,487257.0,0.09330880641937256,0.09330880641937256,459257.0,459257.0,0.07650874555110931,0.07650874555110931,536874.0,536874.0,0.06376289576292038,0.06376289576292038,1222372.0,1222372.0,0.06744007766246796,0.06744007766246796,0.0,0.0,1.0,1.0,1.0,1.0,3.4768340587615967,3.4768340587615967
2414,2026-09-04,0,-105.0,-105.0,-0.0020674988627433777,-0.0020674988627433777,21606.0,21606.0,0.09027060866355896,0.09027060866355896,-9394.0,-9394.0,-0.02111874893307686,-0.02111874893307686,-310252.0,-310252.0,-0.23925389349460602,-0.23925389349460602,-1185523.0,-1185523.0,-0.18535976111888885,-0.18535976111888885,0.0,0.0,0.0,0.0,0.0,0.0,0.03140058368444443,0.03140058368444443
2415,2026-09-04,0,-31707.0,-31707.0,-0.2568678855895996,-0.2568678855895996,-135828.0,-135828.0,-0.2919148802757263,-0.2919148802757263,-182883.0,-182883.0,-0.22775933146476746,-0.22775933146476746,-191064.0,-191064.0,-0.0835459902882576,-0.0835459902882576,-393394.0,-393394.0,-0.08941388130187988,-0.08941388130187988,0.0,0.0,0.0,0.0,0.0,0.0,0.13715222477912903,0.13715222477912903
2417,2026-09-04,0,20700.0,20700.0,0.054672230035066605,0.054672230035066605,174507.0,174507.0,0.12004978209733963,0.12004978209733963,204708.0,204708.0,0.09552822262048721,0.09552822262048721,664084.0,664084.0,0.11821148544549942,0.11821148544549942,-862224.0,-862224.0,-0.031772781163454056,-0.031772781163454056,0.0,0.0,1.0,1.0,1.0,1.0,0.24082352221012115,0.24082352221012115
2419,2026-09-04,0,-436244.0,-436244.0,-0.13721182942390442,-0.13721182942390442,-2353841.0,-2353841.0,-0.12397444248199463,-0.12397444248199463,-2153939.0,-2153939.0,-0.1095183864235878,-0.1095183864235878,-1856689.0,-1856689.0,-0.08714739233255386,-0.08714739233255386,-1400628.0,-1400628.0,-0.056864894926548004,-0.056864894926548004,0.0,0.0,0.0,0.0,0.0,0.0,0.9894729256629944,0.9894729256629944
2420,2026-09-04,0,23489.0,23489.0,0.11381597816944122,0.11381597816944122,7855.0,7855.0,0.01306768786162138,0.01306768786162138,-32080.0,-32080.0,-0.026961110532283783,-0.026961110532283783,-605798.0,-605798.0,-0.12842300534248352,-0.12842300534248352,1216767.0,1216767.0,0.10461831092834473,0.10461831092834473,0.0,0.0,1.0,1.0,1.0,1.0,0.13519735634326935,0.13519735634326935
2421,2026-09-04,0,-231108.0,-231108.0,-0.028701959177851677,-0.028701959177851677,-799159.0,-799159.0,-0.04053083062171936,-0.04053083062171936,9585729.0,9585729.0,0.1785929650068283,0.1785929650068283,17115024.0,17115024.0,0.21233923733234406,0.21233923733234406,17362538.0,17362538.0,0.17204828560352325,0.17204828560352325,1.0,1.0,0.0,0.0,0.0,0.0,2.8061234951019287,2.8061234951019287
2423,2026-09-04,0,-27550.0,-27550.0,-0.2454168051481247,-0.2454168051481247,-57301.0,-57301.0,-0.24780310690402985,-0.24780310690402985,-85301.0,-85301.0,-0.2428104132413864,-0.2428104132413864,-122111.0,-122111.0,-0.1524023413658142,-0.1524023413658142,-194175.0,-194175.0,-0.07607855647802353,-0.07607855647802353,0.0,0.0,0.0,0.0,0.0,0.0,0.07739406824111938,0.07739406824111938
2424,2026-09-04,0,-3000.0,-3000.0,-0.12289038300514221,-0.12289038300514221,0.0,0.0,0.0,0.0,-11000.0,-11000.0,-0.0808960348367691,-0.0808960348367691,-27100.0,-27100.0,-0.12017205357551575,-0.12017205357551575,-53100.0,-53100.0,-0.13284963369369507,-0.13284963369369507,0.0,0.0,0.0,0.0,0.0,0.0,0.04097004234790802,0.04097004234790802
2425,2026-09-04,0,415056.0,415056.0,0.4282618761062622,0.4282618761062622,432403.0,432403.0,0.1605345457792282,0.1605345457792282,416133.0,416133.0,0.10233855247497559,0.10233855247497559,892049.0,892049.0,0.10342647135257721,0.10342647135257721,-3454214.0,-3454214.0,-0.054435789585113525,-0.054435789585113525,0.0,0.0,1.0,1.0,1.0,1.0,1.0043271780014038,1.0043271780014038
2426,2026-09-04,0,11198762.0,11198762.0,0.1800648719072342,0.1800648719072342,5704712.0,5704712.0,0.029574165120720863,0.029574165120720863,3573896.0,3573896.0,0.010267858393490314,0.010267858393490314,9784256.0,9784256.0,0.013718944974243641,0.013718944974243641,17072796.0,17072796.0,0.01868557371199131,0.01868557371199131,0.0,0.0,1.0,1.0,1.0,1.0,20.688066482543945,20.688066482543945
2427,2026-09-04,0,113000.0,113000.0,0.5135570168495178,0.5135570168495178,104284.0,104284.0,0.1468277871608734,0.1468277871608734,-18716.0,-18716.0,-0.01495529618114233,-0.01495529618114233,365483.0,365483.0,0.14777755737304688,0.14777755737304688,854477.0,854477.0,0.11605516076087952,0.11605516076087952,0.0,0.0,1.0,1.0,1.0,1.0,0.11112852394580841,0.11112852394580841
2428,2026-09-04,0,1078027.0,1078027.0,0.43693941831588745,0.43693941831588745,827864.0,827864.0,0.17075496912002563,0.17075496912002563,338550.0,338550.0,0.04185450077056885,0.04185450077056885,660612.0,660612.0,0.04106742888689041,0.04106742888689041,-6012967.0,-6012967.0,-0.15788079798221588,-0.15788079798221588,0.0,0.0,1.0,1.0,1.0,1.0,1.9258219003677368,1.9258219003677368
2429,2026-09-04,0,67318.0,67318.0,0.2501170337200165,0.2501170337200165,-74682.0,-74682.0,-0.11384468525648117,-0.11384468525648117,-81070.0,-81070.0,-0.08550695329904556,-0.08550695329904556,-17720.0,-17720.0,-0.006963547319173813,-0.006963547319173813,-334792.0,-334792.0,-0.04512210562825203,-0.04512210562825203,0.0,0.0,1.0,1.0,1.0,1.0,0.31479063630104065,0.31479063630104065
2430,2026-09-04,0,-1000.0,-1000.0,-0.01965099759399891,-0.01965099759399891,-10000.0,-10000.0,-0.06708887964487076,-0.06708887964487076,-10001.0,-10001.0,-0.050727613270282745,-0.050727613270282745,-1001.0,-1001.0,-0.001948915421962738,-0.001948915421962738,73999.0,73999.0,0.06996489316225052,0.06996489316225052,0.0,0.0,0.0,0.0,0.0,0.0,0.04356849193572998,0.04356849193572998
2431,2026-09-04,0,3000.0,3000.0,0.046678803861141205,0.046678803861141205,-63997.0,-63997.0,-0.11618074029684067,-0.11618074029684067,-102120.0,-102120.0,-0.11422959715127945,-0.11422959715127945,-142139.0,-142139.0,-0.09880603104829788,-0.09880603104829788,375159.0,375159.0,0.10661718249320984,0.10661718249320984,0.0,0.0,1.0,1.0,1.0,1.0,0.057938095182180405,0.057938095182180405
2432,2026-09-04,0,0.0,0.0,0.0,0.0,-17000.0,-17000.0,-0.16302263736724854,-0.16302263736724854,-21000.0,-21000.0,-0.15605956315994263,-0.15605956315994263,-15000.0,-15000.0,-0.07669339329004288,-0.07669339329004288,-29000.0,-29000.0,-0.07600735872983932,-0.07600735872983932,0.0,0.0,0.0,0.0,0.0,0.0,0.024594245478510857,0.024594245478510857
2433,2026-09-04,0,3000.0,3000.0,0.08628872036933899,0.08628872036933899,7000.0,7000.0,0.09937958419322968,0.09937958419322968,9000.0,9000.0,0.07880289852619171,0.07880289852619171,27000.0,27000.0,0.11447371542453766,0.11447371542453766,16000.0,16000.0,0.04070345684885979,0.04070345684885979,0.0,0.0,0.0,0.0,2.0,2.0,0.024060871452093124,0.024060871452093124
2434,2026-09-04,0,-189552.0,-189552.0,-0.10678733140230179,-0.10678733140230179,-624529.0,-624529.0,-0.081815205514431,-0.081815205514431,-476966.0,-476966.0,-0.047335848212242126,-0.047335848212242126,-457799.0,-457799.0,-0.02873876504600048,-0.02873876504600048,-878583.0,-878583.0,-0.038862135261297226,-0.038862135261297226,0.0,0.0,0.0,0.0,0.0,0.0,4.79741096496582,4.79741096496582
2436,2026-09-04,0,133006.0,133006.0,0.061917368322610855,0.061917368322610855,45226.0,45226.0,0.006016260478645563,0.006016260478645563,350847.0,350847.0,0.022493528202176094,0.022493528202176094,-2412433.0,-2412433.0,-0.049924157559871674,-0.049924157559871674,1608622.0,1608622.0,0.015456168912351131,0.015456168912351131,0.0,0.0,1.0,1.0,1.0,1.0,1.073560357093811,1.073560357093811
2438,2026-09-04,0,-56000.0,-56000.0,-0.061839573085308075,-0.061839573085308075,-64000.0,-64000.0,-0.02926529012620449,-0.02926529012620449,-58000.0,-58000.0,-0.025610433891415596,-0.025610433891415596,-22000.0,-22000.0,-0.009022139944136143,-0.009022139944136143,-218000.0,-218000.0,-0.0643237829208374,-0.0643237829208374,0.0,0.0,0.0,0.0,0.0,0.0,1.2719444036483765,1.2719444036483765
2439,2026-09-04,0,-328300.0,-328300.0,-0.3187192976474762,-0.3187192976474762,-979289.0,-979289.0,-0.3094973862171173,-0.3094973862171173,-1597395.0,-1597395.0,-0.31711000204086304,-0.31711000204086304,-1786063.0,-1786063.0,-0.12675125896930695,-0.12675125896930695,-4732376.0,-4732376.0,-0.15772657096385956,-0.15772657096385956,0.0,0.0,0.0,0.0,0.0,0.0,0.41427546739578247,0.41427546739578247
2440,2026-09-04,0,89000.0,89000.0,0.29441148042678833,0.29441148042678833,35467.0,35467.0,0.05067785829305649,0.05067785829305649,26701.0,26701.0,0.024015361443161964,0.024015361443161964,5867.0,5867.0,0.0027248626574873924,0.0027248626574873924,-712317.0,-712317.0,-0.1015513613820076,-0.1015513613820076,0.0,0.0,1.0,1.0,1.0,1.0,0.2172972410917282,0.2172972410917282
2441,2026-09-04,0,-509924.0,-509924.0,-0.2139977067708969,-0.2139977067708969,-1261227.0,-1261227.0,-0.15807057917118073,-0.15807057917118073,-1917112.0,-1917112.0,-0.10559892654418945,-0.10559892654418945,-2150978.0,-2150978.0,-0.05516946688294411,-0.05516946688294411,2223832.0,2223832.0,0.02232116460800171,0.02232116460800171,0.0,0.0,0.0,0.0,0.0,0.0,0.41889163851737976,0.41889163851737976
2442,2026-09-04,0,-877000.0,-877000.0,-0.30277085304260254,-0.30277085304260254,-1851000.0,-1851000.0,-0.25656965374946594,-0.25656965374946594,-3123000.0,-3123000.0,-0.2906125783920288,-0.2906125783920288,-6450241.0,-6450241.0,-0.3666222095489502,-0.3666222095489502,-4340194.0,-4340194.0,-0.1329231560230255,-0.1329231560230255,0.0,0.0,0.0,0.0,0.0,0.0,0.8906195759773254,0.8906195759773254
2444,2026-09-04,0,73392.0,73392.0,0.27852118015289307,0.27852118015289307,47198.0,47198.0,0.06277915835380554,0.06277915835380554,40198.0,40198.0,0.04251304641366005,0.04251304641366005,124198.0,124198.0,0.08414167910814285,0.08414167910814285,57198.0,57198.0,0.01656237058341503,0.01656237058341503,0.0,0.0,1.0,1.0,1.0,1.0,0.2594339847564697,0.2594339847564697
2449,2026-09-04,0,-4993569.0,-4993569.0,-0.3135482370853424,-0.3135482370853424,-22487676.0,-22487676.0,-0.29925593733787537,-0.29925593733787537,-34028280.0,-34028280.0,-0.20478206872940063,-0.20478206872940063,-19402642.0,-19402642.0,-0.07127522677183151,-0.07127522677183151,-39548196.0,-39548196.0,-0.08529237657785416,-0.08529237657785416,1.0,1.0,0.0,0.0,0.0,0.0,1.2404563426971436,1.2404563426971436
2450,2026-09-04,0,53000.0,53000.0,0.3463395833969116,0.3463395833969116,31000.0,31000.0,0.1217452809214592,0.1217452809214592,-27000.0,-27000.0,-0.06775645911693573,-0.06775645911693573,-23000.0,-23000.0,-0.032076627016067505,-0.032076627016067505,-252200.0,-252200.0,-0.1251845806837082,-0.1251845806837082,0.0,0.0,1.0,1.0,1.0,1.0,0.059255536645650864,0.059255536645650864
2451,2026-09-04,0,-1387388.0,-1387388.0,-0.28774628043174744,-0.28774628043174744,-2359229.0,-2359229.0,-0.19911736249923706,-0.19911736249923706,-2456184.0,-2456184.0,-0.13815388083457947,-0.13815388083457947,-7785656.0,-7785656.0,-0.14651601016521454,-0.14651601016521454,2375009.0,2375009.0,0.020683959126472473,0.020683959126472473,1.0,1.0,0.0,0.0,0.0,0.0,1.117796540260315,1.117796540260315
2453,2026-09-04,0,39000.0,39000.0,0.25038841366767883,0.25038841366767883,62630.0,62630.0,0.12798401713371277,0.12798401713371277,165281.0,165281.0,0.21199166774749756,0.21199166774749756,248751.0,248751.0,0.16248029470443726,0.16248029470443726,74790.0,74790.0,0.021196745336055756,0.021196745336055756,0.0,0.0,1.0,1.0,1.0,1.0,0.15575799345970154,0.15575799345970154
2454,2026-09-04,0,534504.0,534504.0,0.059050846844911575,0.059050846844911575,485136.0,485136.0,0.011515486985445023,0.011515486985445023,-467774.0,-467774.0,-0.008617335930466652,-0.008617335930466652,1896669.0,1896669.0,0.023089129477739334,0.023089129477739334,9767995.0,9767995.0,0.05695713311433792,0.05695713311433792,2.0,2.0,0.0,0.0,2.0,2.0,0.5643503069877625,0.5643503069877625
2455,2026-09-04,0,1267333.0,1267333.0,0.05253075435757637,0.05253075435757637,6702616.0,6702616.0,0.08422264456748962,0.08422264456748962,8340349.0,8340349.0,0.05957796797156334,0.05957796797156334,12782858.0,12782858.0,0.08104200661182404,0.08104200661182404,9047695.0,9047695.0,0.033278562128543854,0.033278562128543854,3.0,3.0,0.0,0.0,3.0,3.0,13.047470092773438,13.047470092773438
2457,2026-09-04,0,208503.0,208503.0,0.25915318727493286,0.25915318727493286,74209.0,74209.0,0.021596083417534828,0.021596083417534828,-1944943.0,-1944943.0,-0.1783251315355301,-0.1783251315355301,-1435959.0,-1435959.0,-0.09120982885360718,-0.09120982885360718,-166701.0,-166701.0,-0.006311104632914066,-0.006311104632914066,0.0,0.0,1.0,1.0,1.0,1.0,0.18940848112106323,0.18940848112106323
2458,2026-09-04,0,255522.0,255522.0,0.16882452368736267,0.16882452368736267,-622821.0,-622821.0,-0.14205095171928406,-0.14205095171928406,-1172979.0,-1172979.0,-0.1654859483242035,-0.1654859483242035,-2533311.0,-2533311.0,-0.1904982626438141,-0.1904982626438141,-8637576.0,-8637576.0,-0.20818714797496796,-0.20818714797496796,2.0,2.0,1.0,1.0,1.0,1.0,0.4980696439743042,0.4980696439743042
2459,2026-09-04,0,19000.0,19000.0,0.3619806170463562,0.3619806170463562,34000.0,34000.0,0.21050676703453064,0.21050676703453064,15247.0,15247.0,0.06165460869669914,0.06165460869669914,-30777.0,-30777.0,-0.04470308497548103,-0.04470308497548103,102131.0,102131.0,0.0602717362344265,0.0602717362344265,0.0,0.0,0.0,0.0,3.0,3.0,0.0497075580060482,0.0497075580060482
2460,2026-09-04,0,45902.0,45902.0,0.37905463576316833,0.37905463576316833,59776.0,59776.0,0.10024820268154144,0.10024820268154144,80768.0,80768.0,0.06259173899888992,0.06259173899888992,196915.0,196915.0,0.08005335181951523,0.08005335181951523,-76047.0,-76047.0,-0.012465191073715687,-0.012465191073715687,0.0,0.0,0.0,0.0,2.0,2.0,0.07156974077224731,0.07156974077224731
2461,2026-09-04,0,-281297.0,-281297.0,-0.33801162242889404,-0.33801162242889404,-441368.0,-441368.0,-0.271537721157074,-0.271537721157074,-639448.0,-639448.0,-0.22456146776676178,-0.22456146776676178,1832975.0,1832975.0,0.23089052736759186,0.23089052736759186,3019987.0,3019987.0,0.1749870777130127,0.1749870777130127,0.0,0.0,0.0,0.0,0.0,0.0,0.47555363178253174,0.47555363178253174
2462,2026-09-04,0,20000.0,20000.0,0.10663823038339615,0.10663823038339615,-199219.0,-199219.0,-0.3151625990867615,-0.3151625990867615,-452020.0,-452020.0,-0.29090455174446106,-0.29090455174446106,-133020.0,-133020.0,-0.04970105364918709,-0.04970105364918709,-47710.0,-47710.0,-0.011901892721652985,-0.011901892721652985,0.0,0.0,1.0,1.0,1.0,1.0,0.12438282370567322,0.12438282370567322
2464,2026-09-04,0,1960.0,1960.0,3.579689655452967e-05,3.579689655452967e-05,12691650.0,12691650.0,0.12763799726963043,0.12763799726963043,11071695.0,11071695.0,0.08824028819799423,0.08824028819799423,6852758.0,6852758.0,0.03407979756593704,0.03407979756593704,19897124.0,19897124.0,0.052771929651498795,0.052771929651498795,1.0,1.0,0.0,0.0,3.0,3.0,25.2691707611084,25.2691707611084
2465,2026-09-04,0,-6373.0,-6373.0,-0.0011052596382796764,-0.0011052596382796764,1309250.0,1309250.0,0.04927521198987961,0.04927521198987961,1350943.0,1350943.0,0.04275716468691826,0.04275716468691826,2445519.0,2445519.0,0.04708248749375343,0.04708248749375343,2743832.0,2743832.0,0.023876551538705826,0.023876551538705826,0.0,0.0,0.0,0.0,0.0,0.0,6.137636661529541,6.137636661529541
2466,2026-09-04,0,34410.0,34410.0,0.04365316405892372,0.04365316405892372,-444287.0,-444287.0,-0.09156329929828644,-0.09156329929828644,-701710.0,-701710.0,-0.09897684305906296,-0.09897684305906296,-1707070.0,-1707070.0,-0.09332802891731262,-0.09332802891731262,-2164602.0,-2164602.0,-0.05608254298567772,-0.05608254298567772,0.0,0.0,1.0,1.0,1.0,1.0,0.45443612337112427,0.45443612337112427
2467,2026-09-04,0,-15113.0,-15113.0,-0.012140496633946896,-0.012140496633946896,16097.0,16097.0,0.004888951312750578,0.004888951312750578,86476.0,86476.0,0.01357303187251091,0.01357303187251091,1087914.0,1087914.0,0.08313802629709244,0.08313802629709244,2720644.0,2720644.0,0.09652786701917648,0.09652786701917648,1.0,1.0,0.0,0.0,0.0,0.0,0.793624222278595,0.793624222278595
2468,2026-09-04,0,120000.0,120000.0,0.5078075528144836,0.5078075528144836,29000.0,29000.0,0.0403510257601738,0.0403510257601738,-25000.0,-25000.0,-0.025076331570744514,-0.025076331570744514,-39030.0,-39030.0,-0.021030012518167496,-0.021030012518167496,78106.0,78106.0,0.014207934029400349,0.014207934029400349,0.0,0.0,1.0,1.0,1.0,1.0,0.3377726972103119,0.3377726972103119
2471,2026-09-04,0,51000.0,51000.0,0.6882591247558594,0.6882591247558594,51960.0,51960.0,0.19639860093593597,0.19639860093593597,136901.0,136901.0,0.2522585988044739,0.2522585988044739,241819.0,241819.0,0.2619016170501709,0.2619016170501709,520154.0,520154.0,0.23796603083610535,0.23796603083610535,0.0,0.0,1.0,1.0,1.0,1.0,0.15681248903274536,0.15681248903274536
2472,2026-09-04,0,936415.0,936415.0,0.2651202380657196,0.2651202380657196,1214012.0,1214012.0,0.1716408133506775,0.1716408133506775,1961682.0,1961682.0,0.1532975435256958,0.1532975435256958,186799.0,186799.0,0.007200578693300486,0.007200578693300486,-976510.0,-976510.0,-0.016637535765767097,-0.016637535765767097,0.0,0.0,0.0,0.0,5.0,5.0,2.144071340560913,2.144071340560913
2474,2026-09-04,0,147807.0,147807.0,0.07191798835992813,0.07191798835992813,-880173.0,-880173.0,-0.1102331206202507,-0.1102331206202507,965300.0,965300.0,0.05602659657597542,0.05602659657597542,1254429.0,1254429.0,0.042277079075574875,0.042277079075574875,1772476.0,1772476.0,0.02719501592218876,0.02719501592218876,3.0,3.0,1.0,1.0,1.0,1.0,0.3814283013343811,0.3814283013343811
2476,2026-09-04,0,-411901.0,-411901.0,-0.25299662351608276,-0.25299662351608276,-361761.0,-361761.0,-0.09365837275981903,-0.09365837275981903,-102155.0,-102155.0,-0.013578172773122787,-0.013578172773122787,401810.0,401810.0,0.02154008485376835,0.02154008485376835,-3763315.0,-3763315.0,-0.10180695354938507,-0.10180695354938507,0.0,0.0,0.0,0.0,0.0,0.0,0.7462437152862549,0.7462437152862549
2477,2026-09-04,0,-22000.0,-22000.0,-0.16172070801258087,-0.16172070801258087,-132000.0,-132000.0,-0.2699601948261261,-0.2699601948261261,-503985.0,-503985.0,-0.2250523865222931,-0.2250523865222931,-598985.0,-598985.0,-0.2320830523967743,-0.2320830523967743,-894081.0,-894081.0,-0.23197714984416962,-0.23197714984416962,0.0,0.0,0.0,0.0,0.0,0.0,0.08578811585903168,0.08578811585903168
2478,2026-09-04,0,2389582.0,2389582.0,0.407196968793869,0.407196968793869,2331033.0,2331033.0,0.23216870427131653,0.23216870427131653,1464358.0,1464358.0,0.08084189146757126,0.08084189146757126,1508948.0,1508948.0,0.032991841435432434,0.032991841435432434,-12366173.0,-12366173.0,-0.07946315407752991,-0.07946315407752991,0.0,0.0,1.0,1.0,1.0,1.0,4.05466365814209,4.05466365814209
2480,2026-09-04,0,-10394.0,-10394.0,-0.09524507820606232,-0.09524507820606232,74890.0,74890.0,0.22654946148395538,0.22654946148395538,140118.0,140118.0,0.20348598062992096,0.20348598062992096,209564.0,209564.0,0.15230396389961243,0.15230396389961243,849610.0,849610.0,0.2516656816005707,0.2516656816005707,2.0,2.0,0.0,0.0,0.0,0.0,0.10260314494371414,0.10260314494371414
2481,2026-09-04,0,-14570120.0,-14570120.0,-0.20300638675689697,-0.20300638675689697,-6281590.0,-6281590.0,-0.03935892507433891,-0.03935892507433891,-13253037.0,-13253037.0,-0.06077481806278229,-0.06077481806278229,3567232.0,3567232.0,0.010055902414023876,0.010055902414023876,-23314430.0,-23314430.0,-0.03767329081892967,-0.03767329081892967,1.0,1.0,0.0,0.0,0.0,0.0,18.782760620117188,18.782760620117188
2482,2026-09-04,0,46000.0,46000.0,0.32478535175323486,0.32478535175323486,41000.0,41000.0,0.15191656351089478,0.15191656351089478,48000.0,48000.0,0.11985796689987183,0.11985796689987183,74000.0,74000.0,0.08157523721456528,0.08157523721456528,-124800.0,-124800.0,-0.051368191838264465,-0.051368191838264465,0.0,0.0,1.0,1.0,1.0,1.0,0.18185293674468994,0.18185293674468994
2483,2026-09-04,0,94792.0,94792.0,0.10555796325206757,0.10555796325206757,49548.0,49548.0,0.019076168537139893,0.019076168537139893,-369729.0,-369729.0,-0.08072692900896072,-0.08072692900896072,-547095.0,-547095.0,-0.05679451301693916,-0.05679451301693916,-1600571.0,-1600571.0,-0.0595262348651886,-0.0595262348651886,0.0,0.0,1.0,1.0,1.0,1.0,0.8323390483856201,0.8323390483856201
2484,2026-09-04,0,-187248.0,-187248.0,-0.031482912600040436,-0.031482912600040436,-3228625.0,-3228625.0,-0.13028867542743683,-0.13028867542743683,-629542.0,-629542.0,-0.014652745798230171,-0.014652745798230171,-9027272.0,-9027272.0,-0.06278098374605179,-0.06278098374605179,-453403.0,-453403.0,-0.001459216815419495,-0.001459216815419495,0.0,0.0,0.0,0.0,0.0,0.0,3.7307546138763428,3.7307546138763428
2485,2026-09-04,0,251868.0,251868.0,0.12950703501701355,0.12950703501701355,413648.0,413648.0,0.06980430334806442,0.06980430334806442,511546.0,511546.0,0.041931383311748505,0.041931383311748505,-279419.0,-279419.0,-0.007354548666626215,-0.007354548666626215,2396298.0,2396298.0,0.03282938525080681,0.03282938525080681,0.0,0.0,0.0,0.0,4.0,4.0,0.6121775507926941,0.6121775507926941
2486,2026-09-04,0,-2088909.0,-2088909.0,-0.16429603099822998,-0.16429603099822998,-6694519.0,-6694519.0,-0.12210863828659058,-0.12210863828659058,-5759310.0,-5759310.0,-0.092561736702919,-0.092561736702919,-6958166.0,-6958166.0,-0.06071699410676956,-0.06071699410676956,-11593271.0,-11593271.0,-0.056095369160175323,-0.056095369160175323,0.0,0.0,0.0,0.0,0.0,0.0,5.434423446655273,5.434423446655273
2488,2026-09-04,0,5000.0,5000.0,0.07395683974027634,0.07395683974027634,-6000.0,-6000.0,-0.03582175076007843,-0.03582175076007843,-34456.0,-34456.0,-0.11415470391511917,-0.11415470391511917,-168948.0,-168948.0,-0.24649763107299805,-0.24649763107299805,-405124.0,-405124.0,-0.18658122420310974,-0.18658122420310974,0.0,0.0,1.0,1.0,1.0,1.0,0.08450935035943985,0.08450935035943985
2489,2026-09-04,0,847185.0,847185.0,0.027412980794906616,0.027412980794906616,-5317450.0,-5317450.0,-0.03902164846658707,-0.03902164846658707,3374900.0,3374900.0,0.010287489742040634,0.010287489742040634,-6349590.0,-6349590.0,-0.009121348150074482,-0.009121348150074482,1539744.0,1539744.0,0.0019136915216222405,0.0019136915216222405,0.0,0.0,1.0,1.0,1.0,1.0,5.066314697265625,5.066314697265625
2491,2026-09-04,0,-37000.0,-37000.0,-0.012188597582280636,-0.012188597582280636,135279.0,135279.0,0.008238966576755047,0.008238966576755047,693279.0,693279.0,0.03692837804555893,0.03692837804555893,3695598.0,3695598.0,0.09715641289949417,0.09715641289949417,3491592.0,3491592.0,0.07461241632699966,0.07461241632699966,0.0,0.0,0.0,0.0,0.0,0.0,3.7016193866729736,3.7016193866729736
2492,2026-09-04,0,10242177.0,10242177.0,0.37413567304611206,0.37413567304611206,6995051.0,6995051.0,0.10407624393701553,0.10407624393701553,8330307.0,8330307.0,0.05166390538215637,0.05166390538215637,9028763.0,9028763.0,0.03213108330965042,0.03213108330965042,-44947544.0,-44947544.0,-0.06692951917648315,-0.06692951917648315,0.0,0.0,1.0,1.0,1.0,1.0,5.642065048217773,5.642065048217773
2493,2026-09-04,0,134198.0,134198.0,0.16337954998016357,0.16337954998016357,43695.0,43695.0,0.01190443430095911,0.01190443430095911,805160.0,805160.0,0.11799157410860062,0.11799157410860062,228985.0,228985.0,0.014452710747718811,0.014452710747718811,-2798551.0,-2798551.0,-0.0532744936645031,-0.0532744936645031,1.0,1.0,0.0,0.0,2.0,2.0,0.647799551486969,0.647799551486969
2495,2026-09-04,0,30321.0,30321.0,0.02337019145488739,0.02337019145488739,-408133.0,-408133.0,-0.09296305477619171,-0.09296305477619171,-324925.0,-324925.0,-0.052523769438266754,-0.052523769438266754,225222.0,225222.0,0.018333423882722855,0.018333423882722855,1605484.0,1605484.0,0.0684516578912735,0.0684516578912735,3.0,3.0,1.0,1.0,1.0,1.0,0.4742879569530487,0.4742879569530487
2496,2026-09-04,0,0.0,0.0,0.0,0.0,0.0,0.0,0.0,0.0,-4800.0,-4800.0,-0.07071510702371597,-0.07071510702371597,-9800.0,-9800.0,-0.05284158140420914,-0.05284158140420914,1200.0,1200.0,0.0027055058162659407,0.0027055058162659407,0.0,0.0,0.0,0.0,0.0,0.0,0.044145580381155014,0.044145580381155014
2497,2026-09-04,0,-20970.0,-20970.0,-0.08395051956176758,-0.08395051956176758,-145811.0,-145811.0,-0.22870483994483948,-0.22870483994483948,-218311.0,-218311.0,-0.23371140658855438,-0.23371140658855438,-253929.0,-253929.0,-0.1318506896495819,-0.1318506896495819,-768337.0,-768337.0,-0.15245063602924347,-0.15245063602924347,0.0,0.0,0.0,0.0,0.0,0.0,0.19084303081035614,0.19084303081035614
2498,2026-09-04,0,-2077281.0,-2077281.0,-0.22419299185276031,-0.22419299185276031,-3314300.0,-3314300.0,-0.11900627613067627,-0.11900627613067627,-3039149.0,-3039149.0,-0.08494839072227478,-0.08494839072227478,-3550161.0,-3550161.0,-0.07514912635087967,-0.07514912635087967,-1954872.0,-1954872.0,-0.022709423676133156,-0.022709423676133156,0.0,0.0,0.0,0.0,0.0,0.0,1.1082382202148438,1.1082382202148438
2501,2026-09-04,0,-340396.0,-340396.0,-0.21533802151679993,-0.21533802151679993,105223.0,105223.0,0.024531342089176178,0.024531342089176178,-562281.0,-562281.0,-0.08643118292093277,-0.08643118292093277,-3067086.0,-3067086.0,-0.22965750098228455,-0.22965750098228455,443332.0,443332.0,0.014862659387290478,0.014862659387290478,0.0,0.0,0.0,0.0,0.0,0.0,0.13632330298423767,0.13632330298423767
2504,2026-09-04,0,-396000.0,-396000.0,-0.3401787281036377,-0.3401787281036377,-531805.0,-531805.0,-0.17796875536441803,-0.17796875536441803,-982316.0,-982316.0,-0.17326807975769043,-0.17326807975769043,-1456852.0,-1456852.0,-0.10004318505525589,-0.10004318505525589,-1117987.0,-1117987.0,-0.03659742698073387,-0.03659742698073387,0.0,0.0,0.0,0.0,0.0,0.0,0.09865203499794006,0.09865203499794006
2505,2026-09-04,0,98151.0,98151.0,0.4787106513977051,0.4787106513977051,30151.0,30151.0,0.06450142711400986,0.06450142711400986,-123849.0,-123849.0,-0.11969047784805298,-0.11969047784805298,-532849.0,-532849.0,-0.26584282517433167,-0.26584282517433167,-32345.0,-32345.0,-0.006071781739592552,-0.006071781739592552,0.0,0.0,1.0,1.0,1.0,1.0,0.053955789655447006,0.053955789655447006
2506,2026-09-04,0,-22000.0,-22000.0,-0.15881609916687012,-0.15881609916687012,-106000.0,-106000.0,-0.29505670070648193,-0.29505670070648193,-215000.0,-215000.0,-0.3181518316268921,-0.3181518316268921,-427000.0,-427000.0,-0.346015989780426,-0.346015989780426,-631191.0,-631191.0,-0.08528415113687515,-0.08528415113687515,0.0,0.0,0.0,0.0,0.0,0.0,0.03579457476735115,0.03579457476735115
2509,2026-09-04,0,28000.0,28000.0,0.24240745604038239,0.24240745604038239,157816.0,157816.0,0.2958996295928955,0.2958996295928955,185804.0,185804.0,0.23495790362358093,0.23495790362358093,284000.0,284000.0,0.16854189336299896,0.16854189336299896,448000.0,448000.0,0.13362540304660797,0.13362540304660797,0.0,0.0,0.0,0.0,6.0,6.0,0.05143964663147926,0.05143964663147926
2511,2026-09-04,0,744209.0,744209.0,0.4994637668132782,0.4994637668132782,994607.0,994607.0,0.43648555874824524,0.43648555874824524,356729.0,356729.0,0.08815685659646988,0.08815685659646988,653444.0,653444.0,0.09391193091869354,0.09391193091869354,-879606.0,-879606.0,-0.056308913975954056,-0.056308913975954056,0.0,0.0,0.0,0.0,3.0,3.0,0.09178783744573593,0.09178783744573593
2514,2026-09-04,0,21000.0,21000.0,0.1962873637676239,0.1962873637676239,-15000.0,-15000.0,-0.06128903105854988,-0.06128903105854988,-61000.0,-61000.0,-0.15975654125213623,-0.15975654125213623,49000.0,49000.0,0.037265844643116,0.037265844643116,-29000.0,-29000.0,-0.011717072688043118,-0.011717072688043118,0.0,0.0,1.0,1.0,1.0,1.0,0.027103640139102936,0.027103640139102936
2515,2026-09-04,0,850918.0,850918.0,0.3216409981250763,0.3216409981250763,1726725.0,1726725.0,0.0991353690624237,0.0991353690624237,3761968.0,3761968.0,0.13920529186725616,0.13920529186725616,5998454.0,5998454.0,0.11500097066164017,0.11500097066164017,10260893.0,10260893.0,0.09405320882797241,0.09405320882797241,0.0,0.0,1.0,1.0,1.0,1.0,0.15668430924415588,0.15668430924415588
2516,2026-09-04,0,55000.0,55000.0,0.4201905429363251,0.4201905429363251,51000.0,51000.0,0.1823088824748993,0.1823088824748993,31205.0,31205.0,0.08232749253511429,0.08232749253511429,16481.0,16481.0,0.022530971094965935,0.022530971094965935,365433.0,365433.0,0.1479715257883072,0.1479715257883072,0.0,0.0,1.0,1.0,1.0,1.0,0.057845983654260635,0.057845983654260635
2520,2026-09-04,0,-522413.0,-522413.0,-0.14611050486564636,-0.14611050486564636,-462940.0,-462940.0,-0.07314877212047577,-0.07314877212047577,-1266898.0,-1266898.0,-0.12834295630455017,-0.12834295630455017,-2234718.0,-2234718.0,-0.13902448117733002,-0.13902448117733002,4373458.0,4373458.0,0.1266479641199112,0.1266479641199112,1.0,1.0,0.0,0.0,0.0,0.0,0.5866350531578064,0.5866350531578064
2524,2026-09-04,0,23000.0,23000.0,0.4265657663345337,0.4265657663345337,3000.0,3000.0,0.015660317614674568,0.015660317614674568,11000.0,11000.0,0.03632916882634163,0.03632916882634163,126000.0,126000.0,0.22243602573871613,0.22243602573871613,292000.0,292000.0,0.22926054894924164,0.22926054894924164,0.0,0.0,1.0,1.0,1.0,1.0,0.014732629992067814,0.014732629992067814
2527,2026-09-04,0,-98501.0,-98501.0,-0.25301820039749146,-0.25301820039749146,-117685.0,-117685.0,-0.07864988595247269,-0.07864988595247269,-140938.0,-140938.0,-0.05464530363678932,-0.05464530363678932,-845983.0,-845983.0,-0.14992135763168335,-0.14992135763168335,-1521197.0,-1521197.0,-0.104462631046772,-0.104462631046772,0.0,0.0,0.0,0.0,0.0,0.0,0.14402343332767487,0.14402343332767487
2528,2026-09-04,0,160000.0,160000.0,0.5587645769119263,0.5587645769119263,213398.0,213398.0,0.331941157579422,0.331941157579422,301397.0,301397.0,0.2222604900598526,0.2222604900598526,856376.0,856376.0,0.33797982335090637,0.33797982335090637,1757954.0,1757954.0,0.33524006605148315,0.33524006605148315,2.0,2.0,0.0,0.0,5.0,5.0,0.06567621976137161,0.06567621976137161
2530,2026-09-04,0,718979.0,718979.0,0.5516040921211243,0.5516040921211243,619905.0,619905.0,0.22956520318984985,0.22956520318984985,-202362.0,-202362.0,-0.015004121698439121,-0.015004121698439121,-1279421.0,-1279421.0,-0.07705845683813095,-0.07705845683813095,-661152.0,-661152.0,-0.029503827914595604,-0.029503827914595604,2.0,2.0,0.0,0.0,2.0,2.0,0.1549389809370041,0.1549389809370041
2534,2026-09-04,0,179908.0,179908.0,0.5265949368476868,0.5265949368476868,224709.0,224709.0,0.29804033041000366,0.29804033041000366,5137.0,5137.0,0.003791124327108264,0.003791124327108264,992203.0,992203.0,0.3125976324081421,0.3125976324081421,1892809.0,1892809.0,0.3088165521621704,0.3088165521621704,0.0,0.0,0.0,0.0,2.0,2.0,0.07204214483499527,0.07204214483499527
2535,2026-09-04,0,37719.0,37719.0,0.24049963057041168,0.24049963057041168,44458.0,44458.0,0.07267609238624573,0.07267609238624573,43646.0,43646.0,0.03736504912376404,0.03736504912376404,-122146.0,-122146.0,-0.05667430907487869,-0.05667430907487869,-58831.0,-58831.0,-0.010762575082480907,-0.010762575082480907,0.0,0.0,1.0,1.0,1.0,1.0,0.057917095720767975,0.057917095720767975
2536,2026-09-04,0,-84000.0,-84000.0,-0.06931808590888977,-0.06931808590888977,-1905000.0,-1905000.0,-0.2220049649477005,-0.2220049649477005,-3361174.0,-3361174.0,-0.27962037920951843,-0.27962037920951843,-5125705.0,-5125705.0,-0.2610433101654053,-0.2610433101654053,-7343322.0,-7343322.0,-0.19997219741344452,-0.19997219741344452,0.0,0.0,0.0,0.0,0.0,0.0,0.3641146421432495,0.3641146421432495
2537,2026-09-04,0,-217997.0,-217997.0,-0.3215598464012146,-0.3215598464012146,466392.0,466392.0,0.21273048222064972,0.21273048222064972,936600.0,936600.0,0.23476561903953552,0.23476561903953552,1191366.0,1191366.0,0.1645447015762329,0.1645447015762329,3215202.0,3215202.0,0.1498926728963852,0.1498926728963852,0.0,0.0,0.0,0.0,0.0,0.0,0.2255592793226242,0.2255592793226242
2538,2026-09-04,0,-52000.0,-52000.0,-0.09658803045749664,-0.09658803045749664,-640000.0,-640000.0,-0.3011247515678406,-0.3011247515678406,-1213999.0,-1213999.0,-0.3755601644515991,-0.3755601644515991,-1303999.0,-1303999.0,-0.22067013382911682,-0.22067013382911682,-1808709.0,-1808709.0,-0.19420579075813293,-0.19420579075813293,0.0,0.0,0.0,0.0,0.0,0.0,0.12097486853599548,0.12097486853599548
2539,2026-09-04,0,140510.0,140510.0,0.1672154814004898,0.1672154814004898,400612.0,400612.0,0.15657885372638702,0.15657885372638702,682359.0,682359.0,0.12736894190311432,0.12736894190311432,-1173934.0,-1173934.0,-0.10754181444644928,-0.10754181444644928,-3418581.0,-3418581.0,-0.11442196369171143,-0.11442196369171143,0.0,0.0,0.0,0.0,3.0,3.0,0.0704292356967926,0.0704292356967926
2540,2026-09-04,0,36000.0,36000.0,0.14315994083881378,0.14315994083881378,-97490.0,-97490.0,-0.07591082900762558,-0.07591082900762558,-844336.0,-844336.0,-0.22745011746883392,-0.22745011746883392,-1228977.0,-1228977.0,-0.16100721061229706,-0.16100721061229706,-1535736.0,-1535736.0,-0.06368830800056458,-0.06368830800056458,0.0,0.0,0.0,0.0,2.0,2.0,0.026613814756274223,0.026613814756274223
2542,2026-09-04,0,-2882898.0,-2882898.0,-0.4154634475708008,-0.4154634475708008,378757.0,378757.0,0.017551438882946968,0.017551438882946968,-2905396.0,-2905396.0,-0.0824708342552185,-0.0824708342552185,-2772609.0,-2772609.0,-0.04340917617082596,-0.04340917617082596,31558898.0,31558898.0,0.1869012713432312,0.1869012713432312,2.0,2.0,0.0,0.0,0.0,0.0,0.3222816288471222,0.3222816288471222
2543,2026-09-04,0,128268.0,128268.0,0.2978709638118744,0.2978709638118744,379782.0,379782.0,0.22880542278289795,0.22880542278289795,622098.0,622098.0,0.1452997922897339,0.1452997922897339,653257.0,653257.0,0.0969877615571022,0.0969877615571022,1179345.0,1179345.0,0.06968940049409866,0.06968940049409866,0.0,0.0,0.0,0.0,2.0,2.0,0.08147243410348892,0.08147243410348892
2545,2026-09-04,0,107378.0,107378.0,0.519804060459137,0.519804060459137,244023.0,244023.0,0.3780541718006134,0.3780541718006134,281863.0,281863.0,0.262567937374115,0.262567937374115,450423.0,450423.0,0.21982018649578094,0.21982018649578094,1018646.0,1018646.0,0.18346507847309113,0.18346507847309113,0.0,0.0,0.0,0.0,2.0,2.0,0.05439954251050949,0.05439954251050949
2546,2026-09-04,0,-42181.0,-42181.0,-0.274435430765152,-0.274435430765152,-97550.0,-97550.0,-0.14864353835582733,-0.14864353835582733,-128258.0,-128258.0,-0.11009005457162857,-0.11009005457162857,-55318.0,-55318.0,-0.02287544682621956,-0.02287544682621956,721517.0,721517.0,0.09110010415315628,0.09110010415315628,0.0,0.0,0.0,0.0,0.0,0.0,0.10513991862535477,0.10513991862535477
2547,2026-09-04,0,-28000.0,-28000.0,-0.02106092870235443,-0.02106092870235443,602309.0,602309.0,0.1658945381641388,0.1658945381641388,-394691.0,-394691.0,-0.058292243629693985,-0.058292243629693985,-612609.0,-612609.0,-0.05365753546357155,-0.05365753546357155,-2950467.0,-2950467.0,-0.08569616079330444,-0.08569616079330444,1.0,1.0,0.0,0.0,0.0,0.0,0.1284400373697281,0.1284400373697281
2548,2026-09-04,0,95713.0,95713.0,0.1600302904844284,0.1600302904844284,322502.0,322502.0,0.16178156435489655,0.16178156435489655,-966433.0,-966433.0,-0.22786061465740204,-0.22786061465740204,-2453952.0,-2453952.0,-0.3017543852329254,-0.3017543852329254,-5347070.0,-5347070.0,-0.23269173502922058,-0.23269173502922058,0.0,0.0,0.0,0.0,3.0,3.0,0.17816048860549927,0.17816048860549927
2596,2026-09-04,0,-7000.0,-7000.0,-0.11666666716337204,-0.11666666716337204,38000.0,38000.0,0.13058419525623322,0.13058419525623322,54000.0,54000.0,0.12442396581172943,0.12442396581172943,99000.0,99000.0,0.10050761699676514,0.10050761699676514,108000.0,108000.0,0.0711931437253952,0.0711931437253952,0.0,0.0,0.0,0.0,0.0,0.0,0.05999999865889549,0.05999999865889549
2597,2026-09-04,0,37036.0,37036.0,0.2837790250778198,0.2837790250778198,204495.0,204495.0,0.289206862449646,0.289206862449646,474539.0,474539.0,0.3512951731681824,0.3512951731681824,837425.0,837425.0,0.3834475874900818,0.3834475874900818,1488957.0,1488957.0,0.3538949191570282,0.3538949191570282,1.0,1.0,1.0,1.0,1.0,1.0,0.04200298711657524,0.04200298711657524
2601,2026-09-04,0,-215866.0,-215866.0,-0.12419739365577698,-0.12419739365577698,-395186.0,-395186.0,-0.06854447722434998,-0.06854447722434998,-556287.0,-556287.0,-0.05923023447394371,-0.05923023447394371,-2190569.0,-2190569.0,-0.04476475715637207,-0.04476475715637207,-1951201.0,-1951201.0,-0.020838791504502296,-0.020838791504502296,0.0,0.0,0.0,0.0,0.0,0.0,0.2107345312833786,0.2107345312833786
2603,2026-09-04,0,-8088631.0,-8088631.0,-0.4590425193309784,-0.4590425193309784,-7879406.0,-7879406.0,-0.21112634241580963,-0.21112634241580963,-3167289.0,-3167289.0,-0.052153460681438446,-0.052153460681438446,19867360.0,19867360.0,0.12061058729887009,0.12061058729887009,114125912.0,114125912.0,0.3043769896030426,0.3043769896030426,1.0,1.0,0.0,0.0,0.0,0.0,0.8138709664344788,0.8138709664344788
2605,2026-09-04,0,-727957.0,-727957.0,-0.07980447262525558,-0.07980447262525558,755088.0,755088.0,0.022713519632816315,0.022713519632816315,-734252.0,-734252.0,-0.015068295411765575,-0.015068295411765575,-7133623.0,-7133623.0,-0.042497165501117706,-0.042497165501117706,-7897984.0,-7897984.0,-0.02143949829041958,-0.02143949829041958,1.0,1.0,0.0,0.0,0.0,0.0,1.5583336353302002,1.5583336353302002
2606,2026-09-04,0,-918566.0,-918566.0,-0.11925194412469864,-0.11925194412469864,1498832.0,1498832.0,0.060391101986169815,0.060391101986169815,4686195.0,4686195.0,0.111060231924057,0.111060231924057,20336928.0,20336928.0,0.1314772665500641,0.1314772665500641,30730002.0,30730002.0,0.1452956199645996,0.1452956199645996,1.0,1.0,0.0,0.0,0.0,0.0,0.9115060567855835,0.9115060567855835
2607,2026-09-04,0,49832.0,49832.0,0.14124396443367004,0.14124396443367004,75173.0,75173.0,0.08277387917041779,0.08277387917041779,239535.0,239535.0,0.09455050528049469,0.09455050528049469,389153.0,389153.0,0.0734410285949707,0.0734410285949707,989572.0,989572.0,0.07820071280002594,0.07820071280002594,0.0,0.0,0.0,0.0,4.0,4.0,0.06612209230661392,0.06612209230661392
2608,2026-09-04,0,-106000.0,-106000.0,-0.4162445366382599,-0.4162445366382599,-185000.0,-185000.0,-0.3985162377357483,-0.3985162377357483,-273000.0,-273000.0,-0.3899158835411072,-0.3899158835411072,-340962.0,-340962.0,-0.1904802918434143,-0.1904802918434143,-1183897.0,-1183897.0,-0.2909194529056549,-0.2909194529056549,0.0,0.0,0.0,0.0,0.0,0.0,0.054530564695596695,0.054530564695596695
2609,2026-09-04,0,-13633.0,-13633.0,-0.00046532205305993557,-0.00046532205305993557,6572022.0,6572022.0,0.062028657644987106,0.062028657644987106,6989407.0,6989407.0,0.017937196418642998,0.017937196418642998,2251909.0,2251909.0,0.002220873488113284,0.002220873488113284,179915648.0,179915648.0,0.10218314081430435,0.10218314081430435,0.0,0.0,0.0,0.0,0.0,0.0,0.8389780521392822,0.8389780521392822
2610,2026-09-04,0,390045.0,390045.0,0.029188349843025208,0.029188349843025208,13426664.0,13426664.0,0.28790318965911865,0.28790318965911865,10406074.0,10406074.0,0.12701953947544098,0.12701953947544098,19921086.0,19921086.0,0.08447059243917465,0.08447059243917465,-142118720.0,-142118720.0,-0.22289016842842102,-0.22289016842842102,3.0,3.0,0.0,0.0,3.0,3.0,0.2184237539768219,0.2184237539768219
2611,2026-09-04,0,12000.0,12000.0,0.021929943934082985,0.021929943934082985,153001.0,153001.0,0.0913442075252533,0.0913442075252533,93679.0,93679.0,0.0307335015386343,0.0307335015386343,-257914.0,-257914.0,-0.015380666591227055,-0.015380666591227055,-1093142.0,-1093142.0,-0.030949821695685387,-0.030949821695685387,0.0,0.0,1.0,1.0,1.0,1.0,0.2895187437534332,0.2895187437534332
2612,2026-09-04,0,-181427.0,-181427.0,-0.18200431764125824,-0.18200431764125824,655788.0,655788.0,0.19641822576522827,0.19641822576522827,682813.0,682813.0,0.12279557436704636,0.12279557436704636,2036944.0,2036944.0,0.09115865081548691,0.09115865081548691,3848335.0,3848335.0,0.12327966839075089,0.12327966839075089,0.0,0.0,0.0,0.0,0.0,0.0,0.5047624111175537,0.5047624111175537
2613,2026-09-04,0,66318.0,66318.0,0.18567004799842834,0.18567004799842834,110710.0,110710.0,0.0749964639544487,0.0749964639544487,83608.0,83608.0,0.02952725999057293,0.02952725999057293,-1326154.0,-1326154.0,-0.05026744678616524,-0.05026744678616524,-983154.0,-983154.0,-0.027237815782427788,-0.027237815782427788,0.0,0.0,0.0,0.0,2.0,2.0,0.24065063893795013,0.24065063893795013
2614,2026-09-04,0,-33170.0,-33170.0,-0.07036934792995453,-0.07036934792995453,196957.0,196957.0,0.12941980361938477,0.12941980361938477,-96974.0,-96974.0,-0.03958398848772049,-0.03958398848772049,-321849.0,-321849.0,-0.055780816823244095,-0.055780816823244095,1092801.0,1092801.0,0.08378252387046814,0.08378252387046814,0.0,0.0,0.0,0.0,0.0,0.0,0.14403314888477325,0.14403314888477325
2615,2026-09-04,0,-518206.0,-518206.0,-0.02615964412689209,-0.02615964412689209,144011.0,144011.0,0.0023913017939776182,0.0023913017939776182,-1537836.0,-1537836.0,-0.012846562080085278,-0.012846562080085278,20301352.0,20301352.0,0.045299772173166275,0.045299772173166275,104507592.0,104507592.0,0.12163176387548447,0.12163176387548447,2.0,2.0,0.0,0.0,0.0,0.0,0.7059277892112732,0.7059277892112732
2616,2026-09-04,0,-5000.0,-5000.0,-0.06087613105773926,-0.06087613105773926,25000.0,25000.0,0.09425070881843567,0.09425070881843567,47000.0,47000.0,0.11512976884841919,0.11512976884841919,64000.0,64000.0,0.08030787855386734,0.08030787855386734,162000.0,162000.0,0.09431194514036179,0.09431194514036179,0.0,0.0,0.0,0.0,0.0,0.0,0.0598287507891655,0.0598287507891655
2617,2026-09-04,0,169856.0,169856.0,0.06680445373058319,0.06680445373058319,2497394.0,2497394.0,0.2969571352005005,0.2969571352005005,2927526.0,2927526.0,0.2734520733356476,0.2734520733356476,4729628.0,4729628.0,0.19063931703567505,0.19063931703567505,6568813.0,6568813.0,0.1459135264158249,0.1459135264158249,0.0,0.0,0.0,0.0,3.0,3.0,0.6093023419380188,0.6093023419380188
2618,2026-09-04,0,-2466867.0,-2466867.0,-0.2458963841199875,-0.2458963841199875,4863621.0,4863621.0,0.08610155433416367,0.08610155433416367,7796542.0,7796542.0,0.07899892330169678,0.07899892330169678,12788563.0,12788563.0,0.06258510053157806,0.06258510053157806,34428108.0,34428108.0,0.06427556276321411,0.06427556276321411,3.0,3.0,0.0,0.0,0.0,0.0,0.1857650876045227,0.1857650876045227
2630,2026-09-04,0,119902.0,119902.0,0.14321838319301605,0.14321838319301605,-156386.0,-156386.0,-0.03698228672146797,-0.03698228672146797,-30698.0,-30698.0,-0.00450907601043582,-0.00450907601043582,-445859.0,-445859.0,-0.015957972034811974,-0.015957972034811974,-3225262.0,-3225262.0,-0.03978295624256134,-0.03978295624256134,0.0,0.0,1.0,1.0,1.0,1.0,0.39973461627960205,0.39973461627960205
2633,2026-09-04,0,-1675000.0,-1675000.0,-0.4516538977622986,-0.4516538977622986,-1724119.0,-1724119.0,-0.19797907769680023,-0.19797907769680023,-3746082.0,-3746082.0,-0.2202378511428833,-0.2202378511428833,-1856171.0,-1856171.0,-0.06606493145227432,-0.06606493145227432,-17802950.0,-17802950.0,-0.2589292526245117,-0.2589292526245117,2.0,2.0,0.0,0.0,0.0,0.0,0.06589195132255554,0.06589195132255554
2634,2026-09-04,0,880317.0,880317.0,0.0895327627658844,0.0895327627658844,-2866769.0,-2866769.0,-0.07807891070842743,-0.07807891070842743,-8820260.0,-8820260.0,-0.13406488299369812,-0.13406488299369812,-27245232.0,-27245232.0,-0.08774042129516602,-0.08774042129516602,-4829734.0,-4829734.0,-0.005287426523864269,-0.005287426523864269,0.0,0.0,1.0,1.0,1.0,1.0,1.043920636177063,1.043920636177063
2636,2026-09-04,0,25000.0,25000.0,0.057785697281360626,0.057785697281360626,105370.0,105370.0,0.07227771729230881,0.07227771729230881,189334.0,189334.0,0.071235291659832,0.071235291659832,-343622.0,-343622.0,-0.027246976271271706,-0.027246976271271706,2135517.0,2135517.0,0.09971809387207031,0.09971809387207031,0.0,0.0,0.0,0.0,2.0,2.0,0.3050250709056854,0.3050250709056854
2637,2026-09-04,0,-469107.0,-469107.0,-0.07544662803411484,-0.07544662803411484,1962542.0,1962542.0,0.12043092399835587,0.12043092399835587,3470160.0,3470160.0,0.13257499039173126,0.13257499039173126,13149986.0,13149986.0,0.12421148270368576,0.12421148270368576,20653142.0,20653142.0,0.13119180500507355,0.13119180500507355,3.0,3.0,0.0,0.0,0.0,0.0,0.8330193161964417,0.8330193161964417
2640,2026-09-04,0,4000.0,4000.0,0.4444444477558136,0.4444444477558136,8922.0,8922.0,0.15652631223201752,0.15652631223201752,11122.0,11122.0,0.07617808133363724,0.07617808133363724,19862.0,19862.0,0.07698449492454529,0.07698449492454529,37373.0,37373.0,0.06410463154315948,0.06410463154315948,0.0,0.0,0.0,0.0,2.0,2.0,0.015186039730906487,0.015186039730906487
2641,2026-09-04,0,-940959.0,-940959.0,-0.42926961183547974,-0.42926961183547974,-325766.0,-325766.0,-0.04475422576069832,-0.04475422576069832,-481766.0,-481766.0,-0.04350031539797783,-0.04350031539797783,-2931334.0,-2931334.0,-0.0510881170630455,-0.0510881170630455,-694157.0,-694157.0,-0.0074132769368588924,-0.0074132769368588924,0.0,0.0,0.0,0.0,0.0,0.0,0.663571298122406,0.663571298122406
2642,2026-09-04,0,8000.0,8000.0,0.3979901373386383,0.3979901373386383,5000.0,5000.0,0.05032307282090187,0.05032307282090187,16000.0,16000.0,0.09654082357883453,0.09654082357883453,88000.0,88000.0,0.16204321384429932,0.16204321384429932,136000.0,136000.0,0.14102676510810852,0.14102676510810852,0.0,0.0,0.0,0.0,1.0,1.0,0.021055443212389946,0.021055443212389946
2643,2026-09-04,0,13000.0,13000.0,0.8666666746139526,0.8666666746139526,12000.0,12000.0,0.5,0.5,12000.0,12000.0,0.3076923191547394,0.3076923191547394,4000.0,4000.0,0.050632912665605545,0.050632912665605545,14000.0,14000.0,0.0382513664662838,0.0382513664662838,0.0,0.0,0.0,0.0,1.0,1.0,0.04285714402794838,0.04285714402794838
2645,2026-09-04,0,-146391.0,-146391.0,-0.16172781586647034,-0.16172781586647034,-740073.0,-740073.0,-0.15189896523952484,-0.15189896523952484,-1199300.0,-1199300.0,-0.14481209218502045,-0.14481209218502045,-5160134.0,-5160134.0,-0.16665393114089966,-0.16665393114089966,-19578536.0,-19578536.0,-0.2511381208896637,-0.2511381208896637,1.0,1.0,0.0,0.0,0.0,0.0,0.2416548728942871,0.2416548728942871
2646,2026-09-04,0,-497608.0,-497608.0,-0.14931932091712952,-0.14931932091712952,-15991.0,-15991.0,-0.0018522476311773062,-0.0018522476311773062,-2994884.0,-2994884.0,-0.17853890359401703,-0.17853890359401703,-1219492.0,-1219492.0,-0.04133300110697746,-0.04133300110697746,-6411830.0,-6411830.0,-0.07402967661619186,-0.07402967661619186,0.0,0.0,0.0,0.0,0.0,0.0,0.1107611358165741,0.1107611358165741
2701,2026-09-04,0,22000.0,22000.0,0.5232613682746887,0.5232613682746887,7000.0,7000.0,0.03775905445218086,0.03775905445218086,-29000.0,-29000.0,-0.08880586922168732,-0.08880586922168732,-83000.0,-83000.0,-0.1422528773546219,-0.1422528773546219,-249000.0,-249000.0,-0.19402965903282166,-0.19402965903282166,0.0,0.0,0.0,0.0,2.0,2.0,0.00934377871453762,0.00934377871453762
2702,2026-09-04,0,5000.0,5000.0,0.337245374917984,0.337245374917984,3000.0,3000.0,0.04976940155029297,0.04976940155029297,-7000.0,-7000.0,-0.04566895216703415,-0.04566895216703415,2000.0,2000.0,0.005828473716974258,0.005828473716974258,34000.0,34000.0,0.05109616369009018,0.05109616369009018,0.0,0.0,0.0,0.0,1.0,1.0,0.009466632269322872,0.009466632269322872
2704,2026-09-04,0,14217.0,14217.0,0.23882879316806793,0.23882879316806793,44217.0,44217.0,0.19894984364509583,0.19894984364509583,-256383.0,-256383.0,-0.05650925636291504,-0.05650925636291504,-469383.0,-469383.0,-0.09239351749420166,-0.09239351749420166,-940383.0,-940383.0,-0.14974148571491241,-0.14974148571491241,0.0,0.0,0.0,0.0,4.0,4.0,0.016223551705479622,0.016223551705479622
2705,2026-09-04,0,9000.0,9000.0,0.2957899272441864,0.2957899272441864,-53979.0,-53979.0,-0.2510125935077667,-0.2510125935077667,-42979.0,-42979.0,-0.1214761734008789,-0.1214761734008789,-58999.0,-58999.0,-0.08983328938484192,-0.08983328938484192,-114922.0,-114922.0,-0.04463864117860794,-0.04463864117860794,0.0,0.0,1.0,1.0,1.0,1.0,0.015904316678643227,0.015904316678643227
2706,2026-09-04,0,-20000.0,-20000.0,-0.2618349492549896,-0.2618349492549896,-62000.0,-62000.0,-0.20697574317455292,-0.20697574317455292,-148000.0,-148000.0,-0.2876584827899933,-0.2876584827899933,-179000.0,-179000.0,-0.1809232085943222,-0.1809232085943222,-432000.0,-432000.0,-0.24494142830371857,-0.24494142830371857,0.0,0.0,0.0,0.0,0.0,0.0,0.015276850201189518,0.015276850201189518
2707,2026-09-04,0,-44000.0,-44000.0,-0.44063010811805725,-0.44063010811805725,-67566.0,-67566.0,-0.2938520908355713,-0.2938520908355713,-315566.0,-315566.0,-0.43319010734558105,-0.43319010734558105,-408341.0,-408341.0,-0.34764111042022705,-0.34764111042022705,-140835.0,-140835.0,-0.052951522171497345,-0.052951522171497345,0.0,0.0,0.0,0.0,0.0,0.0,0.07837869971990585,0.07837869971990585
2712,2026-09-04,0,6000.0,6000.0,0.31321778893470764,0.31321778893470764,5000.0,5000.0,0.19875973463058472,0.19875973463058472,6000.0,6000.0,0.13588187098503113,0.13588187098503113,11000.0,11000.0,0.1414991170167923,0.1414991170167923,6000.0,6000.0,0.035236287862062454,0.035236287862062454,0.0,0.0,0.0,0.0,1.0,1.0,0.018243810161948204,0.018243810161948204
2718,2026-09-04,0,-7000.0,-7000.0,-0.1944444477558136,-0.1944444477558136,-11000.0,-11000.0,-0.1527777761220932,-0.1527777761220932,-25000.0,-25000.0,-0.18796992301940918,-0.18796992301940918,-180000.0,-180000.0,-0.2331606149673462,-0.2331606149673462,-59000.0,-59000.0,-0.04008152335882187,-0.04008152335882187,0.0,0.0,0.0,0.0,0.0,0.0,0.04110715165734291,0.04110715165734291
2719,2026-09-04,0,1000.0,1000.0,0.125,0.125,3000.0,3000.0,0.09677419066429138,0.09677419066429138,2000.0,2000.0,0.05128205195069313,0.05128205195069313,-2000.0,-2000.0,-0.0181818176060915,-0.0181818176060915,-19000.0,-19000.0,-0.08296943455934525,-0.08296943455934525,0.0,0.0,0.0,0.0,2.0,2.0,0.01156361773610115,0.01156361773610115
2722,2026-09-04,0,4000.0,4000.0,0.08529330044984818,0.08529330044984818,-2000.0,-2000.0,-0.018038656562566757,-0.018038656562566757,-5000.0,-5000.0,-0.028557557612657547,-0.028557557612657547,25000.0,25000.0,0.060192376375198364,0.060192376375198364,43033.0,43033.0,0.04740554466843605,0.04740554466843605,0.0,0.0,1.0,1.0,1.0,1.0,0.03275623172521591,0.03275623172521591
2723,2026-09-04,0,29131.0,29131.0,0.09218700230121613,0.09218700230121613,189630.0,189630.0,0.1336245983839035,0.1336245983839035,538154.0,538154.0,0.1589209884405136,0.1589209884405136,1215761.0,1215761.0,0.13236962258815765,0.13236962258815765,1313548.0,1313548.0,0.0897819995880127,0.0897819995880127,0.0,0.0,1.0,1.0,1.0,1.0,0.1755550056695938,0.1755550056695938
2724,2026-09-03,0,0.0,0.0,0.0,0.0,0.0,0.0,0.0,0.0,0.0,0.0,0.0,0.0,0.0,0.0,0.0,0.0,0.0,0.0,0.0,0.0,0.0,0.0,0.0,0.0,0.0,0.0,0.018438944593071938,0.018438944593071938
2726,2026-09-04,0,0.0,0.0,0.0,0.0,0.0,0.0,0.0,0.0,0.0,0.0,0.0,0.0,0.0,0.0,0.0,0.0,0.0,0.0,0.0,0.0,0.0,0.0,0.0,0.0,0.0,0.0,0.12393712997436523,0.12393712997436523
2727,2026-09-04,0,6999.0,6999.0,0.06155781075358391,0.06155781075358391,105380.0,105380.0,0.2221159040927887,0.2221159040927887,210970.0,210970.0,0.2137814462184906,0.2137814462184906,279068.0,279068.0,0.13293536007404327,0.13293536007404327,976817.0,976817.0,0.15558846294879913,0.15558846294879913,0.0,0.0,1.0,1.0,1.0,1.0,0.1370844542980194,0.1370844542980194
2729,2026-09-04,0,5000.0,5000.0,0.4545454680919647,0.4545454680919647,10000.0,10000.0,0.2857142984867096,0.2857142984867096,15000.0,15000.0,0.2542372941970825,0.2542372941970825,47000.0,47000.0,0.1773584932088852,0.1773584932088852,62085.0,62085.0,0.166447713971138,0.166447713971138,0.0,0.0,0.0,0.0,6.0,6.0,0.025557156652212143,0.025557156652212143
2731,2026-09-04,0,500.0,500.0,0.0035004690289497375,0.0035004690289497375,-34443.0,-34443.0,-0.06489764899015427,-0.06489764899015427,-125443.0,-125443.0,-0.12619930505752563,-0.12619930505752563,-113999.0,-113999.0,-0.061440445482730865,-0.061440445482730865,-493908.0,-493908.0,-0.08336209505796432,-0.08336209505796432,0.0,0.0,1.0,1.0,1.0,1.0,0.15313193202018738,0.15313193202018738
2732,2026-09-04,0,-4000.0,-4000.0,-0.23529411852359772,-0.23529411852359772,1000.0,1000.0,0.008928571827709675,0.008928571827709675,9000.0,9000.0,0.05844155699014664,0.05844155699014664,27000.0,27000.0,0.1071428582072258,0.1071428582072258,29000.0,29000.0,0.060796644538640976,0.060796644538640976,0.0,0.0,0.0,0.0,0.0,0.0,0.036544546484947205,0.036544546484947205
2734,2026-09-04,0,-1000.0,-1000.0,-0.1111111119389534,-0.1111111119389534,-11000.0,-11000.0,-0.1964285671710968,-0.1964285671710968,-10000.0,-10000.0,-0.06172839552164078,-0.06172839552164078,38000.0,38000.0,0.0875576063990593,0.0875576063990593,43000.0,43000.0,0.04638619348406792,0.04638619348406792,0.0,0.0,0.0,0.0,0.0,0.0,0.015717843547463417,0.015717843547463417
2736,2026-09-04,0,1000.0,1000.0,0.0357142873108387,0.0357142873108387,10000.0,10000.0,0.056179776787757874,0.056179776787757874,17000.0,17000.0,0.05044510215520859,0.05044510215520859,50000.0,50000.0,0.05330490320920944,0.05330490320920944,103000.0,103000.0,0.0616028718650341,0.0616028718650341,0.0,0.0,0.0,0.0,8.0,8.0,0.035012152045965195,0.035012152045965195
2739,2026-09-04,0,-6000.0,-6000.0,-0.0826013907790184,-0.0826013907790184,44000.0,44000.0,0.18552406132221222,0.18552406132221222,102000.0,102000.0,0.19601888954639435,0.19601888954639435,194952.0,194952.0,0.1398596167564392,0.1398596167564392,575442.0,575442.0,0.21092639863491058,0.21092639863491058,0.0,0.0,0.0,0.0,0.0,0.0,0.07936324179172516,0.07936324179172516
2740,2026-09-04,0,0.0,0.0,0.0,0.0,0.0,0.0,0.0,0.0,0.0,0.0,0.0,0.0,0.0,0.0,0.0,0.0,0.0,0.0,0.0,0.0,0.0,0.0,0.0,0.0,0.0,0.0,0.035795215517282486,0.035795215517282486
2743,2026-09-04,0,4623.0,4623.0,0.144468754529953,0.144468754529953,20883.0,20883.0,0.15355147421360016,0.15355147421360016,29883.0,29883.0,0.13106578588485718,0.13106578588485718,5883.0,5883.0,0.008205020800232887,0.008205020800232887,135803.0,135803.0,0.08755835145711899,0.08755835145711899,0.0,0.0,0.0,0.0,4.0,4.0,0.06835385411977768,0.06835385411977768
2745,2026-09-04,0,7000.0,7000.0,0.11290322244167328,0.11290322244167328,-4000.0,-4000.0,-0.028776979073882103,-0.028776979073882103,-29000.0,-29000.0,-0.11934156715869904,-0.11934156715869904,-27000.0,-27000.0,-0.051428571343421936,-0.051428571343421936,-680.0,-680.0,-0.0005029586027376354,-0.0005029586027376354,0.0,0.0,1.0,1.0,1.0,1.0,0.1833856999874115,0.1833856999874115
2748,2026-09-04,0,-9000.0,-9000.0,-0.24290841817855835,-0.24290841817855835,-31000.0,-31000.0,-0.21881838142871857,-0.21881838142871857,-12000.0,-12000.0,-0.04288210719823837,-0.04288210719823837,-12000.0,-12000.0,-0.02257366105914116,-0.02257366105914116,34000.0,34000.0,0.028366120532155037,0.028366120532155037,0.0,0.0,0.0,0.0,0.0,0.0,0.03502688556909561,0.03502688556909561
2751,2026-09-04,0,0.0,0.0,0.0,0.0,5000.0,5000.0,0.2777777910232544,0.2777777910232544,10000.0,10000.0,0.2083333283662796,0.2083333283662796,12000.0,12000.0,0.11999999731779099,0.11999999731779099,16000.0,16000.0,0.09090909361839294,0.09090909361839294,0.0,0.0,0.0,0.0,0.0,0.0,0.010118897072970867,0.010118897072970867
2752,2026-09-04,0,0.0,0.0,0.0,0.0,0.0,0.0,0.0,0.0,1000.0,1000.0,0.02857142873108387,0.02857142873108387,1000.0,1000.0,0.01923076994717121,0.01923076994717121,-8066.0,-8066.0,-0.06835593283176422,-0.06835593283176422,0.0,0.0,0.0,0.0,0.0,0.0,0.011238538660109043,0.011238538660109043
2753,2026-09-04,0,-36000.0,-36000.0,-0.4369197189807892,-0.4369197189807892,20196.0,20196.0,0.07314423471689224,0.07314423471689224,-27999.0,-27999.0,-0.04799025133252144,-0.04799025133252144,-83938.0,-83938.0,-0.05756724998354912,-0.05756724998354912,324303.0,324303.0,0.0960298553109169,0.0960298553109169,0.0,0.0,0.0,0.0,0.0,0.0,0.12363305687904358,0.12363305687904358
2754,2026-09-04,0,1000.0,1000.0,0.1666666716337204,0.1666666716337204,2000.0,2000.0,0.07999999821186066,0.07999999821186066,3000.0,3000.0,0.05999999865889549,0.05999999865889549,-10000.0,-10000.0,-0.0694444477558136,-0.0694444477558136,-48109.0,-48109.0,-0.0666329637169838,-0.0666329637169838,0.0,0.0,0.0,0.0,2.0,2.0,0.012791267596185207,0.012791267596185207
2755,2026-09-04,0,-34000.0,-34000.0,-0.3505154550075531,-0.3505154550075531,-32000.0,-32000.0,-0.30188679695129395,-0.30188679695129395,-29002.0,-29002.0,-0.20423944294452667,-0.20423944294452667,-35253.0,-35253.0,-0.15529955923557281,-0.15529955923557281,-47794.0,-47794.0,-0.08384912461042404,-0.08384912461042404,0.0,0.0,0.0,0.0,0.0,0.0,0.20729821920394897,0.20729821920394897
2756,2026-09-04,0,1000.0,1000.0,0.05263157933950424,0.05263157933950424,1000.0,1000.0,0.02083333395421505,0.02083333395421505,2000.0,2000.0,0.028985507786273956,0.028985507786273956,6000.0,6000.0,0.04411764815449715,0.04411764815449715,34000.0,34000.0,0.06378986686468124,0.06378986686468124,0.0,0.0,1.0,1.0,1.0,1.0,0.07724335789680481,0.07724335789680481
2762,2026-09-04,0,-6000.0,-6000.0,-0.23485204577445984,-0.23485204577445984,-83363.0,-83363.0,-0.5010066628456116,-0.5010066628456116,-160363.0,-160363.0,-0.4855850338935852,-0.4855850338935852,-147318.0,-147318.0,-0.19081085920333862,-0.19081085920333862,-207092.0,-207092.0,-0.14881350100040436,-0.14881350100040436,0.0,0.0,0.0,0.0,0.0,0.0,0.022709332406520844,0.022709332406520844
2801,2026-09-04,0,-6872322.0,-6872322.0,-0.26749899983406067,-0.26749899983406067,6298769.0,6298769.0,0.06219491735100746,0.06219491735100746,9412365.0,9412365.0,0.06071082502603531,0.06071082502603531,14196337.0,14196337.0,0.05997701734304428,0.05997701734304428,23593728.0,23593728.0,0.061983872205019,0.061983872205019,2.0,2.0,0.0,0.0,0.0,0.0,0.21302320063114166,0.21302320063114166
2812,2026-09-04,0,-1689150.0,-1689150.0,-0.17270013689994812,-0.17270013689994812,34434064.0,34434064.0,0.46964260935783386,0.46964260935783386,54207820.0,54207820.0,0.4920927584171295,0.4920927584171295,60693748.0,60693748.0,0.39698418974876404,0.39698418974876404,49151320.0,49151320.0,0.19056229293346405,0.19056229293346405,0.0,0.0,0.0,0.0,0.0,0.0,0.15222898125648499,0.15222898125648499
2816,2026-09-04,0,150204.0,150204.0,0.24409206211566925,0.24409206211566925,598353.0,598353.0,0.33859047293663025,0.33859047293663025,731674.0,731674.0,0.23732855916023254,0.23732855916023254,1081927.0,1081927.0,0.10716025531291962,0.10716025531291962,2031618.0,2031618.0,0.12643057107925415,0.12643057107925415,0.0,0.0,0.0,0.0,5.0,5.0,0.2751949727535248,0.2751949727535248
2820,2026-09-04,0,-71624.0,-71624.0,-0.0445479117333889,-0.0445479117333889,4931888.0,4931888.0,0.4405305087566376,0.4405305087566376,2617868.0,2617868.0,0.1621081531047821,0.1621081531047821,5791230.0,5791230.0,0.20567308366298676,0.20567308366298676,-1889299.0,-1889299.0,-0.03807130083441734,-0.03807130083441734,0.0,0.0,0.0,0.0,0.0,0.0,0.11972039192914963,0.11972039192914963
2832,2026-09-04,0,-16000.0,-16000.0,-0.15249133110046387,-0.15249133110046387,-139943.0,-139943.0,-0.2806352972984314,-0.2806352972984314,-414974.0,-414974.0,-0.32638880610466003,-0.32638880610466003,-464571.0,-464571.0,-0.23209738731384277,-0.23209738731384277,-255736.0,-255736.0,-0.07424426078796387,-0.07424426078796387,0.0,0.0,0.0,0.0,0.0,0.0,0.04138356074690819,0.04138356074690819
2834,2026-09-04,0,-19378086.0,-19378086.0,-0.29611533880233765,-0.29611533880233765,-34834756.0,-34834756.0,-0.16366903483867645,-0.16366903483867645,-3028777.0,-3028777.0,-0.002965447725728154,-0.002965447725728154,-26792198.0,-26792198.0,-0.022902334108948708,-0.022902334108948708,-102538440.0,-102538440.0,-0.0714261531829834,-0.0714261531829834,0.0,0.0,0.0,0.0,0.0,0.0,0.6293417811393738,0.6293417811393738
2836,2026-09-04,0,-197254.0,-197254.0,-0.1206994280219078,-0.1206994280219078,2031069.0,2031069.0,0.2883724570274353,0.2883724570274353,892920.0,892920.0,0.0807657316327095,0.0807657316327095,1273558.0,1273558.0,0.08755777031183243,0.08755777031183243,1627936.0,1627936.0,0.056566156446933746,0.056566156446933746,0.0,0.0,0.0,0.0,0.0,0.0,0.0879429504275322,0.0879429504275322
2838,2026-09-04,0,-19740.0,-19740.0,-0.01238491851836443,-0.01238491851836443,1561726.0,1561726.0,0.23340833187103271,0.23340833187103271,1516820.0,1516820.0,0.1318812221288681,0.1318812221288681,-443222.0,-443222.0,-0.021623710170388222,-0.021623710170388222,-5927264.0,-5927264.0,-0.14011076092720032,-0.14011076092720032,1.0,1.0,0.0,0.0,0.0,0.0,0.03459056466817856,0.03459056466817856
2845,2026-09-04,0,-1406033.0,-1406033.0,-0.08927030861377716,-0.08927030861377716,42232040.0,42232040.0,0.4454715847969055,0.4454715847969055,46849016.0,46849016.0,0.3085353672504425,0.3085353672504425,37819040.0,37819040.0,0.17248395085334778,0.17248395085334778,55561936.0,55561936.0,0.18000128865242004,0.18000128865242004,1.0,1.0,0.0,0.0,0.0,0.0,0.32372796535491943,0.32372796535491943
2849,2026-09-04,0,152000.0,152000.0,0.6592844128608704,0.6592844128608704,151000.0,151000.0,0.30800989270210266,0.30800989270210266,-92000.0,-92000.0,-0.08365050703287125,-0.08365050703287125,-101000.0,-101000.0,-0.06728237867355347,-0.06728237867355347,-64000.0,-64000.0,-0.022552793845534325,-0.022552793845534325,0.0,0.0,0.0,0.0,2.0,2.0,0.011777273379266262,0.011777273379266262
2850,2026-09-04,0,-93000.0,-93000.0,-0.6264229416847229,-0.6264229416847229,-224925.0,-224925.0,-0.40503746271133423,-0.40503746271133423,-404205.0,-404205.0,-0.358693927526474,-0.358693927526474,-769317.0,-769317.0,-0.3611321747303009,-0.3611321747303009,-408506.0,-408506.0,-0.0887412577867508,-0.0887412577867508,0.0,0.0,0.0,0.0,0.0,0.0,0.046987101435661316,0.046987101435661316
2851,2026-09-04,0,-361051.0,-361051.0,-0.13514795899391174,-0.13514795899391174,1270508.0,1270508.0,0.15043208003044128,0.15043208003044128,1055042.0,1055042.0,0.06611254066228867,0.06611254066228867,376793.0,376793.0,0.009001413360238075,0.009001413360238075,8555100.0,8555100.0,0.09453490376472473,0.09453490376472473,1.0,1.0,0.0,0.0,0.0,0.0,0.3337782919406891,0.3337782919406891
2852,2026-09-04,0,-122000.0,-122000.0,-0.3670254647731781,-0.3670254647731781,-111000.0,-111000.0,-0.14444398880004883,-0.14444398880004883,-324000.0,-324000.0,-0.21441519260406494,-0.21441519260406494,22896.0,22896.0,0.0031137329060584307,0.0031137329060584307,2542989.0,2542989.0,0.18423247337341309,0.18423247337341309,0.0,0.0,0.0,0.0,0.0,0.0,0.11037249863147736,0.11037249863147736
2855,2026-09-04,0,-633479.0,-633479.0,-0.14699266850948334,-0.14699266850948334,-2354727.0,-2354727.0,-0.16284751892089844,-0.16284751892089844,-3433395.0,-3433395.0,-0.14859217405319214,-0.14859217405319214,-3763708.0,-3763708.0,-0.09386059641838074,-0.09386059641838074,-7450100.0,-7450100.0,-0.09938035160303116,-0.09938035160303116,1.0,1.0,0.0,0.0,0.0,0.0,0.26911184191703796,0.26911184191703796
2867,2026-08-19,0,2989250.0,2989250.0,0.03922281041741371,0.03922281041741371,15274293.0,15274293.0,0.1336871236562729,0.1336871236562729,25402292.0,25402292.0,0.18325015902519226,0.18325015902519226,39083920.0,39083920.0,0.18995320796966553,0.18995320796966553,108638648.0,108638648.0,0.2457633763551712,0.2457633763551712,0.0,0.0,0.0,0.0,2.0,2.0,,
2880,2026-09-04,0,3976996.0,3976996.0,0.31327754259109497,0.31327754259109497,24063492.0,24063492.0,0.4643702507019043,0.4643702507019043,51159280.0,51159280.0,0.4131395220756531,0.4131395220756531,73770328.0,73770328.0,0.35490888357162476,0.35490888357162476,51556240.0,51556240.0,0.09493417292833328,0.09493417292833328,0.0,0.0,0.0,0.0,7.0,7.0,0.09031502157449722,0.09031502157449722
2881,2026-09-04,0,3294593.0,3294593.0,0.1720723956823349,0.1720723956823349,6001453.0,6001453.0,0.11390464752912521,0.11390464752912521,117286.0,117286.0,0.0011110574705526233,0.0011110574705526233,12373410.0,12373410.0,0.053053781390190125,0.053053781390190125,43635760.0,43635760.0,0.1082652285695076,0.1082652285695076,1.0,1.0,0.0,0.0,3.0,3.0,0.1366891711950302,0.1366891711950302
2882,2026-09-04,0,2098088.0,2098088.0,0.12044709175825119,0.12044709175825119,-516035.0,-516035.0,-0.006604318972676992,-0.006604318972676992,3018470.0,3018470.0,0.01834399811923504,0.01834399811923504,15821574.0,15821574.0,0.059362828731536865,0.059362828731536865,25691732.0,25691732.0,0.05718265473842621,0.05718265473842621,3.0,3.0,0.0,0.0,2.0,2.0,0.11874645203351974,0.11874645203351974
2883,2026-09-04,0,10007300.0,10007300.0,0.23380152881145477,0.23380152881145477,8756339.0,8756339.0,0.05812986195087433,0.05812986195087433,57592224.0,57592224.0,0.18090449273586273,0.18090449273586273,127545096.0,127545096.0,0.24800629913806915,0.24800629913806915,103683552.0,103683552.0,0.1142333447933197,0.1142333447933197,4.0,4.0,0.0,0.0,2.0,2.0,0.2306545525789261,0.2306545525789261
2884,2026-09-04,0,8186726.0,8186726.0,0.13343022763729095,0.13343022763729095,24042130.0,24042130.0,0.1169729083776474,0.1169729083776474,27417864.0,27417864.0,0.0853152722120285,0.0853152722120285,14550481.0,14550481.0,0.0318414606153965,0.0318414606153965,-108942432.0,-108942432.0,-0.12054771184921265,-0.12054771184921265,4.0,4.0,0.0,0.0,3.0,3.0,0.3461834192276001,0.3461834192276001
2885,2026-09-04,0,7943464.0,7943464.0,0.39118117094039917,0.39118117094039917,25990232.0,25990232.0,0.3471394181251526,0.3471394181251526,41987696.0,41987696.0,0.27422255277633667,0.27422255277633667,35641928.0,35641928.0,0.1545160710811615,0.1545160710811615,-14972834.0,-14972834.0,-0.030969271436333656,-0.030969271436333656,2.0,2.0,0.0,0.0,7.0,7.0,0.15232260525226593,0.15232260525226593
2886,2026-09-04,0,13042537.0,13042537.0,0.408204585313797,0.408204585313797,54041120.0,54041120.0,0.5218002796173096,0.5218002796173096,76497880.0,76497880.0,0.4547416567802429,0.4547416567802429,158179968.0,158179968.0,0.493747353553772,0.493747353553772,229880800.0,229880800.0,0.32399389147758484,0.32399389147758484,2.0,2.0,0.0,0.0,17.0,17.0,0.21539922058582306,0.21539922058582306
2887,2026-09-04,0,-653248.0,-653248.0,-0.013692595064640045,-0.013692595064640045,3304945.0,3304945.0,0.015410423278808594,0.015410423278808594,62965088.0,62965088.0,0.12860150635242462,0.12860150635242462,60630600.0,60630600.0,0.09042170643806458,0.09042170643806458,10225369.0,10225369.0,0.008111466653645039,0.008111466653645039,3.0,3.0,0.0,0.0,0.0,0.0,0.18995819985866547,0.18995819985866547
2889,2026-09-04,0,6722433.0,6722433.0,0.3255617022514343,0.3255617022514343,38226276.0,38226276.0,0.4362068176269531,0.4362068176269531,47346928.0,47346928.0,0.347886323928833,0.347886323928833,63347468.0,63347468.0,0.27746716141700745,0.27746716141700745,72296608.0,72296608.0,0.24657697975635529,0.24657697975635529,0.0,0.0,0.0,0.0,5.0,5.0,0.5682774186134338,0.5682774186134338
2890,2026-09-04,0,-1641845.0,-1641845.0,-0.08579819649457932,-0.08579819649457932,6193981.0,6193981.0,0.08071393519639969,0.08071393519639969,38145152.0,38145152.0,0.22823645174503326,0.22823645174503326,43987392.0,43987392.0,0.17081208527088165,0.17081208527088165,19164852.0,19164852.0,0.03841971606016159,0.03841971606016159,3.0,3.0,0.0,0.0,0.0,0.0,0.12936659157276154,0.12936659157276154
2891,2026-09-04,0,5083286.0,5083286.0,0.17409640550613403,0.17409640550613403,10248742.0,10248742.0,0.09037834405899048,0.09037834405899048,14927271.0,14927271.0,0.0772223249077797,0.0772223249077797,9954320.0,9954320.0,0.031004877761006355,0.031004877761006355,-8693667.0,-8693667.0,-0.013051217421889305,-0.013051217421889305,5.0,5.0,0.0,0.0,6.0,6.0,0.14839504659175873,0.14839504659175873
2892,2026-09-04,0,14323628.0,14323628.0,0.46853911876678467,0.46853911876678467,40164688.0,40164688.0,0.3782159090042114,0.3782159090042114,83230320.0,83230320.0,0.3570130467414856,0.3570130467414856,176457952.0,176457952.0,0.4207381010055542,0.4207381010055542,239842736.0,239842736.0,0.2894570231437683,0.2894570231437683,3.0,3.0,0.0,0.0,13.0,13.0,0.21260052919387817,0.21260052919387817
2897,2026-09-04,0,-1938000.0,-1938000.0,-0.4159483015537262,-0.4159483015537262,9155467.0,9155467.0,0.2974100112915039,0.2974100112915039,16621467.0,16621467.0,0.3469633460044861,0.3469633460044861,25809204.0,25809204.0,0.3808726966381073,0.3808726966381073,26241876.0,26241876.0,0.27528107166290283,0.27528107166290283,2.0,2.0,0.0,0.0,0.0,0.0,0.16608338057994843,0.16608338057994843
2901,2026-09-04,0,2000.0,2000.0,0.32765400409698486,0.32765400409698486,2000.0,2000.0,0.12494533509016037,0.12494533509016037,0.0,0.0,0.0,0.0,6000.0,6000.0,0.09319374710321426,0.09319374710321426,7000.0,7000.0,0.04631069302558899,0.04631069302558899,0.0,0.0,0.0,0.0,2.0,2.0,0.008356688544154167,0.008356688544154167
2903,2026-09-04,0,-331000.0,-331000.0,-0.4896210730075836,-0.4896210730075836,-940501.0,-940501.0,-0.2908335328102112,-0.2908335328102112,-2297615.0,-2297615.0,-0.30760419368743896,-0.30760419368743896,-439420.0,-439420.0,-0.028452297672629356,-0.028452297672629356,150440.0,150440.0,0.0033033303916454315,0.0033033303916454315,1.0,1.0,0.0,0.0,0.0,0.0,0.04771075025200844,0.04771075025200844
2904,2026-09-04,0,-3000.0,-3000.0,-0.09251835197210312,-0.09251835197210312,-11000.0,-11000.0,-0.1058567687869072,-0.1058567687869072,4000.0,4000.0,0.020195186138153076,0.020195186138153076,15000.0,15000.0,0.0386957973241806,0.0386957973241806,34000.0,34000.0,0.0357603020966053,0.0357603020966053,0.0,0.0,0.0,0.0,0.0,0.0,0.04166022688150406,0.04166022688150406
2905,2026-09-04,0,-209150.0,-209150.0,-0.13548335433006287,-0.13548335433006287,658877.0,658877.0,0.10944969952106476,0.10944969952106476,956271.0,956271.0,0.11088903248310089,0.11088903248310089,1988365.0,1988365.0,0.14010842144489288,0.14010842144489288,4429138.0,4429138.0,0.13959558308124542,0.13959558308124542,0.0,0.0,0.0,0.0,0.0,0.0,0.139028400182724,0.139028400182724
2906,2026-09-04,0,14000.0,14000.0,0.15292523801326752,0.15292523801326752,29000.0,29000.0,0.11142874509096146,0.11142874509096146,8000.0,8000.0,0.01669968292117119,0.01669968292117119,119000.0,119000.0,0.07450739294290543,0.07450739294290543,505794.0,505794.0,0.13226592540740967,0.13226592540740967,0.0,0.0,0.0,0.0,3.0,3.0,0.0437784381210804,0.0437784381210804
2908,2026-09-04,0,101000.0,101000.0,0.4125749468803406,0.4125749468803406,159110.0,159110.0,0.24228866398334503,0.24228866398334503,140997.0,140997.0,0.12190139293670654,0.12190139293670654,252485.0,252485.0,0.11439335346221924,0.11439335346221924,273585.0,273585.0,0.06609645485877991,0.06609645485877991,0.0,0.0,0.0,0.0,4.0,4.0,0.04801137000322342,0.04801137000322342
2910,2026-09-04,0,5000.0,5000.0,0.4891410768032074,0.4891410768032074,1000.0,1000.0,0.028187276795506477,0.028187276795506477,-10000.0,-10000.0,-0.13577547669410706,-0.13577547669410706,-7000.0,-7000.0,-0.05744815245270729,-0.05744815245270729,-37000.0,-37000.0,-0.1298687607049942,-0.1298687607049942,0.0,0.0,1.0,1.0,1.0,1.0,0.005827722605317831,0.005827722605317831
2911,2026-09-04,0,63000.0,63000.0,0.602743923664093,0.602743923664093,61000.0,61000.0,0.21657471358776093,0.21657471358776093,50000.0,50000.0,0.12367513030767441,0.12367513030767441,28000.0,28000.0,0.029011065140366554,0.029011065140366554,66000.0,66000.0,0.028995515778660774,0.028995515778660774,0.0,0.0,1.0,1.0,1.0,1.0,0.09942544996738434,0.09942544996738434
2912,2026-09-04,0,-114897.0,-114897.0,-0.13911142945289612,-0.13911142945289612,278662.0,278662.0,0.09553037583827972,0.09553037583827972,-250045.0,-250045.0,-0.03404504060745239,-0.03404504060745239,600643.0,600643.0,0.043338194489479065,0.043338194489479065,3841741.0,3841741.0,0.09443847090005875,0.09443847090005875,0.0,0.0,0.0,0.0,0.0,0.0,0.07944568246603012,0.07944568246603012
2913,2026-09-04,0,-927243.0,-927243.0,-0.559660017490387,-0.559660017490387,-1081988.0,-1081988.0,-0.28977158665657043,-0.28977158665657043,-1130988.0,-1130988.0,-0.20258894562721252,-0.20258894562721252,-622329.0,-622329.0,-0.051083870232105255,-0.051083870232105255,1954916.0,1954916.0,0.07230538874864578,0.07230538874864578,0.0,0.0,0.0,0.0,0.0,0.0,0.2097211331129074,0.2097211331129074
2915,2026-09-04,0,129236.0,129236.0,0.08686575293540955,0.08686575293540955,585787.0,585787.0,0.12324073165655136,0.12324073165655136,-418403.0,-418403.0,-0.03651173412799835,-0.03651173412799835,-1772927.0,-1772927.0,-0.06577857583761215,-0.06577857583761215,6607150.0,6607150.0,0.08100933581590652,0.08100933581590652,0.0,0.0,1.0,1.0,1.0,1.0,0.13472260534763336,0.13472260534763336
2916,2026-09-04,0,-12000.0,-12000.0,-0.3076923191547394,-0.3076923191547394,-10000.0,-10000.0,-0.10000000149011612,-0.10000000149011612,-14000.0,-14000.0,-0.08383233845233917,-0.08383233845233917,-31000.0,-31000.0,-0.11032028496265411,-0.11032028496265411,-73000.0,-73000.0,-0.12829525768756866,-0.12829525768756866,0.0,0.0,0.0,0.0,0.0,0.0,0.06034640967845917,0.06034640967845917
2923,2026-09-04,0,73000.0,73000.0,0.2885706126689911,0.2885706126689911,-20985.0,-20985.0,-0.04140898957848549,-0.04140898957848549,-125986.0,-125986.0,-0.14342978596687317,-0.14342978596687317,-142986.0,-142986.0,-0.08754895627498627,-0.08754895627498627,-326055.0,-326055.0,-0.08857150375843048,-0.08857150375843048,0.0,0.0,1.0,1.0,1.0,1.0,0.014536081813275814,0.014536081813275814
2924,2026-09-04,0,0.0,0.0,0.0,0.0,0.0,0.0,0.0,0.0,0.0,0.0,0.0,0.0,0.0,0.0,0.0,0.0,0.0,0.0,0.0,0.0,0.0,0.0,0.0,0.0,0.0,0.0,0.0211392380297184,0.0211392380297184
2926,2026-09-04,0,-2000.0,-2000.0,-0.4000000059604645,-0.4000000059604645,-1000.0,-1000.0,-0.0714285746216774,-0.0714285746216774,-1000.0,-1000.0,-0.03703703731298447,-0.03703703731298447,4000.0,4000.0,0.03773584961891174,0.03773584961891174,13000.0,13000.0,0.05284553021192551,0.05284553021192551,0.0,0.0,0.0,0.0,0.0,0.0,0.010550826787948608,0.010550826787948608
2929,2026-09-04,0,55000.0,55000.0,0.3578771948814392,0.3578771948814392,50000.0,50000.0,0.16041630506515503,0.16041630506515503,29000.0,29000.0,0.054823316633701324,0.054823316633701324,83999.0,83999.0,0.09478624165058136,0.09478624165058136,35999.0,35999.0,0.009019464254379272,0.009019464254379272,0.0,0.0,1.0,1.0,1.0,1.0,0.1403585821390152,0.1403585821390152
2937,2026-09-04,0,0.0,0.0,0.0,0.0,0.0,0.0,0.0,0.0,-1000.0,-1000.0,-0.025641025975346565,-0.025641025975346565,-3000.0,-3000.0,-0.027522936463356018,-0.027522936463356018,-1008.0,-1008.0,-0.004645161330699921,-0.004645161330699921,0.0,0.0,0.0,0.0,0.0,0.0,0.004593268968164921,0.004593268968164921
2939,2026-09-04,0,17000.0,17000.0,0.047887325286865234,0.047887325286865234,16000.0,16000.0,0.04395604506134987,0.04395604506134987,14000.0,14000.0,0.03723305091261864,0.03723305091261864,6000.0,6000.0,0.01394654717296362,0.01394654717296362,-16000.0,-16000.0,-0.024307243525981903,-0.024307243525981903,0.0,0.0,0.0,0.0,1.0,1.0,0.7793861627578735,0.7793861627578735
2941,2026-09-04,0,0.0,0.0,0.0,0.0,0.0,0.0,0.0,0.0,0.0,0.0,0.0,0.0,0.0,0.0,0.0,0.0,3000.0,3000.0,0.0535714291036129,0.0535714291036129,0.0,0.0,0.0,0.0,0.0,0.0,0.05198180675506592,0.05198180675506592
2945,2026-09-04,0,3000.0,3000.0,0.2701972424983978,0.2701972424983978,1000.0,1000.0,0.042367495596408844,0.042367495596408844,-1000.0,-1000.0,-0.01403469406068325,-0.01403469406068325,-3000.0,-3000.0,-0.02474757470190525,-0.02474757470190525,-9000.0,-9000.0,-0.026156023144721985,-0.026156023144721985,0.0,0.0,1.0,1.0,1.0,1.0,0.016448888927698135,0.016448888927698135
2947,2026-09-04,0,2000.0,2000.0,0.2857142984867096,0.2857142984867096,2000.0,2000.0,0.021276595070958138,0.021276595070958138,2000.0,2000.0,0.017699114978313446,0.017699114978313446,6000.0,6000.0,0.03125,0.03125,5200.0,5200.0,0.018118467181921005,0.018118467181921005,0.0,0.0,0.0,0.0,1.0,1.0,0.0296078659594059,0.0296078659594059
2948,2026-09-04,0,0.0,0.0,0.0,0.0,0.0,0.0,0.0,0.0,0.0,0.0,0.0,0.0,0.0,0.0,0.0,0.0,0.0,0.0,0.0,0.0,0.0,0.0,0.0,0.0,0.0,0.0,0.019354838877916336,0.019354838877916336
2949,2026-09-01,0,-1000.0,-1000.0,-1.0,-1.0,1000.0,1000.0,0.125,0.125,1000.0,1000.0,0.07692307978868484,0.07692307978868484,1000.0,1000.0,0.03333333507180214,0.03333333507180214,1000.0,1000.0,0.016393441706895828,0.016393441706895828,0.0,0.0,0.0,0.0,0.0,0.0,0.0032635903917253017,0.0032635903917253017
3002,2026-09-04,0,32000.0,32000.0,0.5787351131439209,0.5787351131439209,68000.0,68000.0,0.34826967120170593,0.34826967120170593,75000.0,75000.0,0.22544457018375397,0.22544457018375397,187000.0,187000.0,0.263902872800827,0.263902872800827,271000.0,271000.0,0.12492918223142624,0.12492918223142624,0.0,0.0,1.0,1.0,1.0,1.0,0.054208822548389435,0.054208822548389435
3003,2026-09-04,0,-111061.0,-111061.0,-0.3026391565799713,-0.3026391565799713,-222100.0,-222100.0,-0.14466840028762817,-0.14466840028762817,-814505.0,-814505.0,-0.2391156107187271,-0.2391156107187271,831669.0,831669.0,0.0918198674917221,0.0918198674917221,3388128.0,3388128.0,0.12498443573713303,0.12498443573713303,0.0,0.0,0.0,0.0,0.0,0.0,0.23576194047927856,0.23576194047927856
3004,2026-09-04,0,-147051.0,-147051.0,-0.2152436226606369,-0.2152436226606369,-293278.0,-293278.0,-0.15429577231407166,-0.15429577231407166,-329979.0,-329979.0,-0.12880441546440125,-0.12880441546440125,-840939.0,-840939.0,-0.19430243968963623,-0.19430243968963623,-1042935.0,-1042935.0,-0.13401448726654053,-0.13401448726654053,0.0,0.0,0.0,0.0,0.0,0.0,1.0614206790924072,1.0614206790924072
3005,2026-09-04,0,828000.0,828000.0,0.3829393982887268,0.3829393982887268,-644640.0,-644640.0,-0.10296723991632462,-0.10296723991632462,1105653.0,1105653.0,0.09916327893733978,0.09916327893733978,1011108.0,1011108.0,0.0504387728869915,0.0504387728869915,3433148.0,3433148.0,0.05440479516983032,0.05440479516983032,1.0,1.0,1.0,1.0,1.0,1.0,0.34633779525756836,0.34633779525756836
3006,2026-09-04,0,-5051999.0,-5051999.0,-0.18988202512264252,-0.18988202512264252,-6066900.0,-6066900.0,-0.07801606506109238,-0.07801606506109238,-9310455.0,-9310455.0,-0.07684087753295898,-0.07684087753295898,-7926477.0,-7926477.0,-0.04040521755814552,-0.04040521755814552,-1954809.0,-1954809.0,-0.006892141420394182,-0.006892141420394182,0.0,0.0,0.0,0.0,0.0,0.0,8.949634552001953,8.949634552001953
3008,2026-09-04,0,-7956.0,-7956.0,-0.004891620017588139,-0.004891620017588139,178155.0,178155.0,0.031759440898895264,0.031759440898895264,-490199.0,-490199.0,-0.03857151418924332,-0.03857151418924332,-438138.0,-438138.0,-0.016194088384509087,-0.016194088384509087,-938052.0,-938052.0,-0.017337443307042122,-0.017337443307042122,0.0,0.0,0.0,0.0,0.0,0.0,1.2434842586517334,1.2434842586517334
3010,2026-09-04,0,-61975.0,-61975.0,-0.20874734222888947,-0.20874734222888947,-112632.0,-112632.0,-0.07672484964132309,-0.07672484964132309,-36632.0,-36632.0,-0.015999188646674156,-0.015999188646674156,-511057.0,-511057.0,-0.10927773267030716,-0.10927773267030716,1377899.0,1377899.0,0.09137286990880966,0.09137286990880966,0.0,0.0,0.0,0.0,0.0,0.0,0.11443634331226349,0.11443634331226349
3011,2026-09-04,0,113334.0,113334.0,0.2686040699481964,0.2686040699481964,128334.0,128334.0,0.11953769624233246,0.11953769624233246,-252666.0,-252666.0,-0.14072345197200775,-0.14072345197200775,-367999.0,-367999.0,-0.11195765435695648,-0.11195765435695648,-694999.0,-694999.0,-0.07172054797410965,-0.07172054797410965,0.0,0.0,1.0,1.0,1.0,1.0,0.32556653022766113,0.32556653022766113
3013,2026-09-04,0,189170.0,189170.0,0.24187196791172028,0.24187196791172028,-972533.0,-972533.0,-0.20216678082942963,-0.20216678082942963,-905358.0,-905358.0,-0.07415315508842468,-0.07415315508842468,-1059388.0,-1059388.0,-0.06131277605891228,-0.06131277605891228,-512257.0,-512257.0,-0.019704904407262802,-0.019704904407262802,0.0,0.0,1.0,1.0,1.0,1.0,0.38125771284103394,0.38125771284103394
3014,2026-09-04,0,-619447.0,-619447.0,-0.4854333996772766,-0.4854333996772766,-870945.0,-870945.0,-0.30507001280784607,-0.30507001280784607,-1034160.0,-1034160.0,-0.22475792467594147,-0.22475792467594147,-585324.0,-585324.0,-0.08612652122974396,-0.08612652122974396,-1659070.0,-1659070.0,-0.0995958000421524,-0.0995958000421524,1.0,1.0,0.0,0.0,0.0,0.0,0.7689293622970581,0.7689293622970581
3015,2026-09-04,0,23090.0,23090.0,0.08426761627197266,0.08426761627197266,-224312.0,-224312.0,-0.22319646179676056,-0.22319646179676056,-299312.0,-299312.0,-0.1885887235403061,-0.1885887235403061,-503242.0,-503242.0,-0.14798149466514587,-0.14798149466514587,-223280.0,-223280.0,-0.02697507105767727,-0.02697507105767727,1.0,1.0,1.0,1.0,1.0,1.0,0.14632336795330048,0.14632336795330048
3016,2026-09-04,0,292839.0,292839.0,0.08154424279928207,0.08154424279928207,-672137.0,-672137.0,-0.06473109871149063,-0.06473109871149063,-702958.0,-702958.0,-0.031599290668964386,-0.031599290668964386,-696532.0,-696532.0,-0.01597888208925724,-0.01597888208925724,-1896690.0,-1896690.0,-0.01824089325964451,-0.01824089325964451,0.0,0.0,1.0,1.0,1.0,1.0,1.244591474533081,1.244591474533081
3017,2026-09-04,0,448987.0,448987.0,0.09943372011184692,0.09943372011184692,1121034.0,1121034.0,0.0928761437535286,0.0928761437535286,1438983.0,1438983.0,0.07332967221736908,0.07332967221736908,872775.0,872775.0,0.021712834015488625,0.021712834015488625,4475779.0,4475779.0,0.0524824894964695,0.0524824894964695,2.0,2.0,0.0,0.0,3.0,3.0,1.1503045558929443,1.1503045558929443
3018,2026-09-04,0,0.0,0.0,0.0,0.0,-10000.0,-10000.0,-0.06947242468595505,-0.06947242468595505,-9000.0,-9000.0,-0.03203439712524414,-0.03203439712524414,-11000.0,-11000.0,-0.016522346064448357,-0.016522346064448357,-33000.0,-33000.0,-0.018794283270835876,-0.018794283270835876,0.0,0.0,0.0,0.0,0.0,0.0,0.051401134580373764,0.051401134580373764
3019,2026-09-04,0,-1236509.0,-1236509.0,-0.15663135051727295,-0.15663135051727295,1603185.0,1603185.0,0.024212269112467766,0.024212269112467766,3388920.0,3388920.0,0.042055677622556686,0.042055677622556686,3697953.0,3697953.0,0.03844894468784332,0.03844894468784332,6998363.0,6998363.0,0.056622784584760666,0.056622784584760666,0.0,0.0,0.0,0.0,0.0,0.0,2.827059030532837,2.827059030532837
3021,2026-09-04,0,-10000.0,-10000.0,-0.031592682003974915,-0.031592682003974915,72000.0,72000.0,0.0800800770521164,0.0800800770521164,134000.0,134000.0,0.11953549087047577,0.11953549087047577,108000.0,108000.0,0.06348874419927597,0.06348874419927597,118000.0,118000.0,0.042437952011823654,0.042437952011823654,0.0,0.0,0.0,0.0,0.0,0.0,0.33430394530296326,0.33430394530296326
3022,2026-09-04,0,2030287.0,2030287.0,0.4274859130382538,0.4274859130382538,1804574.0,1804574.0,0.25259652733802795,0.25259652733802795,1773723.0,1773723.0,0.18417783081531525,0.18417783081531525,1089412.0,1089412.0,0.06683026999235153,0.06683026999235153,1769717.0,1769717.0,0.030872898176312447,0.030872898176312447,0.0,0.0,1.0,1.0,1.0,1.0,2.689368963241577,2.689368963241577
3023,2026-09-04,0,255884.0,255884.0,0.15418961644172668,0.15418961644172668,1124399.0,1124399.0,0.18630504608154297,0.18630504608154297,1694478.0,1694478.0,0.22494077682495117,0.22494077682495117,1997994.0,1997994.0,0.19873188436031342,0.19873188436031342,5255051.0,5255051.0,0.26996278762817383,0.26996278762817383,2.0,2.0,0.0,0.0,7.0,7.0,0.6912766098976135,0.6912766098976135
3024,2026-09-04,0,-643370.0,-643370.0,-0.36934128403663635,-0.36934128403663635,-770735.0,-770735.0,-0.2088896781206131,-0.2088896781206131,-854760.0,-854760.0,-0.10273599624633789,-0.10273599624633789,-929290.0,-929290.0,-0.052167344838380814,-0.052167344838380814,-19346.0,-19346.0,-0.0006625425303354859,-0.0006625425303354859,0.0,0.0,0.0,0.0,0.0,0.0,0.6285014748573303,0.6285014748573303
3025,2026-09-04,0,30100.0,30100.0,0.22824817895889282,0.22824817895889282,-30902.0,-30902.0,-0.07700300961732864,-0.07700300961732864,-96917.0,-96917.0,-0.11241224408149719,-0.11241224408149719,-514622.0,-514622.0,-0.2751575708389282,-0.2751575708389282,-732584.0,-732584.0,-0.2028467208147049,-0.2028467208147049,0.0,0.0,1.0,1.0,1.0,1.0,0.23243263363838196,0.23243263363838196
3026,2026-09-04,0,1429482.0,1429482.0,0.19612933695316315,0.19612933695316315,1925170.0,1925170.0,0.08979922533035278,0.08979922533035278,-730216.0,-730216.0,-0.01427934318780899,-0.01427934318780899,-598246.0,-598246.0,-0.0058566126972436905,-0.0058566126972436905,-12051195.0,-12051195.0,-0.06128225103020668,-0.06128225103020668,1.0,1.0,0.0,0.0,2.0,2.0,4.393545150756836,4.393545150756836
3027,2026-09-04,0,110000.0,110000.0,0.5529388785362244,0.5529388785362244,208000.0,208000.0,0.43867048621177673,0.43867048621177673,233000.0,233000.0,0.3495805859565735,0.3495805859565735,405000.0,405000.0,0.26771530508995056,0.26771530508995056,579080.0,579080.0,0.19282330572605133,0.19282330572605133,0.0,0.0,0.0,0.0,4.0,4.0,0.15402333438396454,0.15402333438396454
3028,2026-09-04,0,-171000.0,-171000.0,-0.34973543882369995,-0.34973543882369995,-200508.0,-200508.0,-0.095021091401577,-0.095021091401577,-255657.0,-255657.0,-0.0740700289607048,-0.0740700289607048,-1682697.0,-1682697.0,-0.2265520542860031,-0.2265520542860031,-1867289.0,-1867289.0,-0.09937012195587158,-0.09937012195587158,0.0,0.0,0.0,0.0,0.0,0.0,0.20609447360038757,0.20609447360038757
3029,2026-09-04,0,403235.0,403235.0,0.6461923122406006,0.6461923122406006,551935.0,551935.0,0.2971741557121277,0.2971741557121277,1068811.0,1068811.0,0.27621394395828247,0.27621394395828247,1228381.0,1228381.0,0.14856238663196564,0.14856238663196564,2910962.0,2910962.0,0.15515097975730896,0.15515097975730896,1.0,1.0,1.0,1.0,1.0,1.0,0.3736512064933777,0.3736512064933777
3030,2026-09-04,0,-1471079.0,-1471079.0,-0.5460668802261353,-0.5460668802261353,-1794125.0,-1794125.0,-0.27137434482574463,-0.27137434482574463,-1686039.0,-1686039.0,-0.1942381113767624,-0.1942381113767624,-1533581.0,-1533581.0,-0.12847554683685303,-0.12847554683685303,-344126.0,-344126.0,-0.01551472395658493,-0.01551472395658493,0.0,0.0,0.0,0.0,0.0,0.0,1.1404621601104736,1.1404621601104736
3031,2026-09-04,0,142000.0,142000.0,0.149937704205513,0.149937704205513,366054.0,366054.0,0.1874670684337616,0.1874670684337616,609502.0,609502.0,0.20809005200862885,0.20809005200862885,278137.0,278137.0,0.029526064172387123,0.029526064172387123,567659.0,567659.0,0.038780417293310165,0.038780417293310165,0.0,0.0,0.0,0.0,4.0,4.0,0.5467911958694458,0.5467911958694458
3032,2026-09-04,0,30464.0,30464.0,0.11396079510450363,0.11396079510450363,-56002.0,-56002.0,-0.06722493469715118,-0.06722493469715118,115491.0,115491.0,0.05827157571911812,0.05827157571911812,204948.0,204948.0,0.06730437278747559,0.06730437278747559,-638113.0,-638113.0,-0.0725703313946724,-0.0725703313946724,0.0,0.0,1.0,1.0,1.0,1.0,0.2359699159860611,0.2359699159860611
3033,2026-09-04,0,-838000.0,-838000.0,-0.24528485536575317,-0.24528485536575317,-957792.0,-957792.0,-0.11137090623378754,-0.11137090623378754,-3368564.0,-3368564.0,-0.22636772692203522,-0.22636772692203522,-6419646.0,-6419646.0,-0.19066089391708374,-0.19066089391708374,-11014102.0,-11014102.0,-0.10560950636863708,-0.10560950636863708,0.0,0.0,0.0,0.0,0.0,0.0,0.706473171710968,0.706473171710968
3034,2026-09-04,0,226078.0,226078.0,0.11010240018367767,0.11010240018367767,652562.0,652562.0,0.08197230100631714,0.08197230100631714,2537198.0,2537198.0,0.14168255031108856,0.14168255031108856,8561606.0,8561606.0,0.21971996128559113,0.21971996128559113,11272219.0,11272219.0,0.15856483578681946,0.15856483578681946,3.0,3.0,1.0,1.0,1.0,1.0,0.3374370336532593,0.3374370336532593
3035,2026-09-04,0,-33622.0,-33622.0,-0.022859418764710426,-0.022859418764710426,-626098.0,-626098.0,-0.0907427966594696,-0.0907427966594696,166826.0,166826.0,0.010941432788968086,0.010941432788968086,1787119.0,1787119.0,0.06827890127897263,0.06827890127897263,1190071.0,1190071.0,0.02111252024769783,0.02111252024769783,0.0,0.0,0.0,0.0,0.0,0.0,0.5645036101341248,0.5645036101341248
3036,2026-09-04,0,-2273367.0,-2273367.0,-0.30679476261138916,-0.30679476261138916,-16201136.0,-16201136.0,-0.3143715560436249,-0.3143715560436249,-17341816.0,-17341816.0,-0.2842291295528412,-0.2842291295528412,-26815224.0,-26815224.0,-0.28240302205085754,-0.28240302205085754,-19980780.0,-19980780.0,-0.10899380594491959,-0.10899380594491959,0.0,0.0,0.0,0.0,0.0,0.0,0.5832107067108154,0.5832107067108154
3037,2026-09-04,0,2585200.0,2585200.0,0.06322235614061356,0.06322235614061356,2827674.0,2827674.0,0.02816401794552803,0.02816401794552803,9304852.0,9304852.0,0.04634539410471916,0.04634539410471916,19691308.0,19691308.0,0.06507465988397598,0.06507465988397598,68988072.0,68988072.0,0.1384151130914688,0.1384151130914688,1.0,1.0,0.0,0.0,20.0,20.0,2.4913671016693115,2.4913671016693115
3038,2026-09-04,0,-8000.0,-8000.0,-0.06747410446405411,-0.06747410446405411,-77000.0,-77000.0,-0.2082589566707611,-0.2082589566707611,-96602.0,-96602.0,-0.1410410851240158,-0.1410410851240158,-143897.0,-143897.0,-0.10152395069599152,-0.10152395069599152,-110160.0,-110160.0,-0.03867625817656517,-0.03867625817656517,0.0,0.0,0.0,0.0,0.0,0.0,0.07532291859388351,0.07532291859388351
3040,2026-09-04,0,-23000.0,-23000.0,-0.37338873744010925,-0.37338873744010925,4000.0,4000.0,0.006545637734234333,0.006545637734234333,-18000.0,-18000.0,-0.01952582597732544,-0.01952582597732544,-4001.0,-4001.0,-0.0027507166378200054,-0.0027507166378200054,131999.0,131999.0,0.06505317240953445,0.06505317240953445,0.0,0.0,0.0,0.0,0.0,0.0,0.09301386028528214,0.09301386028528214
3041,2026-09-04,0,73603.0,73603.0,0.1411592960357666,0.1411592960357666,355400.0,355400.0,0.1450747847557068,0.1450747847557068,210081.0,210081.0,0.053021594882011414,0.053021594882011414,329000.0,329000.0,0.05057445913553238,0.05057445913553238,-60616.0,-60616.0,-0.00423670606687665,-0.00423670606687665,0.0,0.0,1.0,1.0,1.0,1.0,0.3669460117816925,0.3669460117816925
3042,2026-09-04,0,-897953.0,-897953.0,-0.1401432901620865,-0.1401432901620865,395017.0,395017.0,0.014702485874295235,0.014702485874295235,10336142.0,10336142.0,0.17912445962429047,0.17912445962429047,6701138.0,6701138.0,0.054811351001262665,0.054811351001262665,2266504.0,2266504.0,0.006743937730789185,0.006743937730789185,1.0,1.0,0.0,0.0,0.0,0.0,1.8680826425552368,1.8680826425552368
3043,2026-09-04,0,-3000.0,-3000.0,-0.04074924439191818,-0.04074924439191818,-16000.0,-16000.0,-0.08834409713745117,-0.08834409713745117,-4000.0,-4000.0,-0.016416924074292183,-0.016416924074292183,42999.0,42999.0,0.05229940265417099,0.05229940265417099,247996.0,247996.0,0.1412269026041031,0.1412269026041031,0.0,0.0,0.0,0.0,0.0,0.0,0.18888980150222778,0.18888980150222778
3044,2026-09-04,0,-339036.0,-339036.0,-0.14951762557029724,-0.14951762557029724,-374835.0,-374835.0,-0.05226531997323036,-0.05226531997323036,-177543.0,-177543.0,-0.011957387439906597,-0.011957387439906597,-619.0,-619.0,-2.2598362193093635e-05,-2.2598362193093635e-05,-4550129.0,-4550129.0,-0.054619692265987396,-0.054619692265987396,2.0,2.0,0.0,0.0,0.0,0.0,0.4314129650592804,0.4314129650592804
3045,2026-09-04,0,2166757.0,2166757.0,0.426814466714859,0.426814466714859,14393356.0,14393356.0,0.6029409170150757,0.6029409170150757,18090136.0,18090136.0,0.39829346537590027,0.39829346537590027,37689944.0,37689944.0,0.42167195677757263,0.42167195677757263,71683184.0,71683184.0,0.31024888157844543,0.31024888157844543,5.0,5.0,0.0,0.0,15.0,15.0,0.13634759187698364,0.13634759187698364
3046,2026-09-04,0,-31000.0,-31000.0,-0.14259232580661774,-0.14259232580661774,-165945.0,-165945.0,-0.21584291756153107,-0.21584291756153107,-412172.0,-412172.0,-0.2971930503845215,-0.2971930503845215,-731640.0,-731640.0,-0.2759460210800171,-0.2759460210800171,173316.0,173316.0,0.016349144279956818,0.016349144279956818,0.0,0.0,0.0,0.0,0.0,0.0,0.27713003754615784,0.27713003754615784
3047,2026-09-04,0,75000.0,75000.0,0.16907694935798645,0.16907694935798645,-128721.0,-128721.0,-0.09219632297754288,-0.09219632297754288,-227721.0,-227721.0,-0.10295936465263367,-0.10295936465263367,-265555.0,-265555.0,-0.05628839135169983,-0.05628839135169983,610450.0,610450.0,0.06365034729242325,0.06365034729242325,0.0,0.0,1.0,1.0,1.0,1.0,0.19735799729824066,0.19735799729824066
3048,2026-09-04,0,401036.0,401036.0,0.38877180218696594,0.38877180218696594,43842.0,43842.0,0.011920551769435406,0.011920551769435406,-125598.0,-125598.0,-0.019690435379743576,-0.019690435379743576,-1451396.0,-1451396.0,-0.10001341998577118,-0.10001341998577118,-1156408.0,-1156408.0,-0.02012903429567814,-0.02012903429567814,0.0,0.0,1.0,1.0,1.0,1.0,0.38229507207870483,0.38229507207870483
3049,2026-09-04,0,636507.0,636507.0,0.1010311096906662,0.1010311096906662,1181282.0,1181282.0,0.04704134538769722,0.04704134538769722,-9669142.0,-9669142.0,-0.13995936512947083,-0.13995936512947083,-7919333.0,-7919333.0,-0.03619392588734627,-0.03619392588734627,-10997718.0,-10997718.0,-0.04374939575791359,-0.04374939575791359,0.0,0.0,1.0,1.0,1.0,1.0,0.785539448261261,0.785539448261261
3050,2026-09-04,0,87000.0,87000.0,0.30393436551094055,0.30393436551094055,133317.0,133317.0,0.11841011047363281,0.11841011047363281,41503.0,41503.0,0.02136407233774662,0.02136407233774662,585556.0,585556.0,0.14287017285823822,0.14287017285823822,865858.0,865858.0,0.0893969014286995,0.0893969014286995,0.0,0.0,1.0,1.0,1.0,1.0,0.1846933662891388,0.1846933662891388
3051,2026-09-04,0,38000.0,38000.0,0.07731371372938156,0.07731371372938156,-323240.0,-323240.0,-0.1809530258178711,-0.1809530258178711,-394275.0,-394275.0,-0.14938166737556458,-0.14938166737556458,38583.0,38583.0,0.00753175700083375,0.00753175700083375,1338061.0,1338061.0,0.1402234584093094,0.1402234584093094,0.0,0.0,1.0,1.0,1.0,1.0,0.2943137586116791,0.2943137586116791
3052,2026-09-04,0,-141000.0,-141000.0,-0.2836593985557556,-0.2836593985557556,-418000.0,-418000.0,-0.3465491831302643,-0.3465491831302643,-637000.0,-637000.0,-0.3100892901420593,-0.3100892901420593,-424308.0,-424308.0,-0.10088061541318893,-0.10088061541318893,416692.0,416692.0,0.0468914769589901,0.0468914769589901,0.0,0.0,0.0,0.0,0.0,0.0,0.21311211585998535,0.21311211585998535
3054,2026-09-04,0,10610.0,10610.0,0.1944042295217514,0.1944042295217514,-29390.0,-29390.0,-0.16174747049808502,-0.16174747049808502,-65340.0,-65340.0,-0.1289619654417038,-0.1289619654417038,-43976.0,-43976.0,-0.04306694120168686,-0.04306694120168686,-164940.0,-164940.0,-0.06277748942375183,-0.06277748942375183,0.0,0.0,1.0,1.0,1.0,1.0,0.0676705464720726,0.0676705464720726
3055,2026-09-04,0,-620776.0,-620776.0,-0.18435099720954895,-0.18435099720954895,-1222835.0,-1222835.0,-0.0785001665353775,-0.0785001665353775,-921445.0,-921445.0,-0.03972186893224716,-0.03972186893224716,-1927261.0,-1927261.0,-0.056307438760995865,-0.056307438760995865,-5495936.0,-5495936.0,-0.09810380637645721,-0.09810380637645721,0.0,0.0,0.0,0.0,0.0,0.0,2.928776979446411,2.928776979446411
3056,2026-09-04,0,-109369.0,-109369.0,-0.15923087298870087,-0.15923087298870087,147592.0,147592.0,0.10239546000957489,0.10239546000957489,-90606.0,-90606.0,-0.03790196031332016,-0.03790196031332016,213899.0,213899.0,0.04167766869068146,0.04167766869068146,2874353.0,2874353.0,0.2170698344707489,0.2170698344707489,0.0,0.0,0.0,0.0,0.0,0.0,0.14293013513088226,0.14293013513088226
3057,2026-09-04,0,-13000.0,-13000.0,-0.28674784302711487,-0.28674784302711487,-44000.0,-44000.0,-0.2794609069824219,-0.2794609069824219,-45000.0,-45000.0,-0.14067775011062622,-0.14067775011062622,-4084.0,-4084.0,-0.0045766690745949745,-0.0045766690745949745,-47084.0,-47084.0,-0.01891297474503517,-0.01891297474503517,0.0,0.0,0.0,0.0,0.0,0.0,0.06680357456207275,0.06680357456207275
3058,2026-09-04,0,-86000.0,-86000.0,-0.19634120166301727,-0.19634120166301727,-205000.0,-205000.0,-0.2083839476108551,-0.2083839476108551,-184000.0,-184000.0,-0.10709965974092484,-0.10709965974092484,-119000.0,-119000.0,-0.03599166497588158,-0.03599166497588158,-41009.0,-41009.0,-0.006353850942105055,-0.006353850942105055,0.0,0.0,0.0,0.0,0.0,0.0,0.21713611483573914,0.21713611483573914
3059,2026-09-04,0,161393.0,161393.0,0.1271844506263733,0.1271844506263733,-892582.0,-892582.0,-0.14430442452430725,-0.14430442452430725,-1228824.0,-1228824.0,-0.14093796908855438,-0.14093796908855438,-1689389.0,-1689389.0,-0.10654550790786743,-0.10654550790786743,-94942.0,-94942.0,-0.0027511739172041416,-0.0027511739172041416,2.0,2.0,1.0,1.0,1.0,1.0,0.41244715452194214,0.41244715452194214
3060,2026-09-04,0,-20052.0,-20052.0,-0.02877677232027054,-0.02877677232027054,-1078072.0,-1078072.0,-0.3266163468360901,-0.3266163468360901,-1362262.0,-1362262.0,-0.28425559401512146,-0.28425559401512146,-2052512.0,-2052512.0,-0.24295933544635773,-0.24295933544635773,-2603655.0,-2603655.0,-0.14686089754104614,-0.14686089754104614,0.0,0.0,0.0,0.0,0.0,0.0,0.5065395832061768,0.5065395832061768
3062,2026-09-04,0,130893.0,130893.0,0.14654208719730377,0.14654208719730377,-379107.0,-379107.0,-0.11668898910284042,-0.11668898910284042,-232998.0,-232998.0,-0.049777206033468246,-0.049777206033468246,-20712.0,-20712.0,-0.0022429057862609625,-0.0022429057862609625,1709281.0,1709281.0,0.08706697821617126,0.08706697821617126,0.0,0.0,1.0,1.0,1.0,1.0,0.27060291171073914,0.27060291171073914
3064,2026-08-26,0,0.0,0.0,0.0,0.0,0.0,0.0,0.0,0.0,0.0,0.0,0.0,0.0,0.0,0.0,0.0,0.0,0.0,0.0,0.0,0.0,0.0,0.0,0.0,0.0,0.0,0.0,0.02305661328136921,0.02305661328136921
3066,2026-09-04,0,249928.0,249928.0,0.23270763456821442,0.23270763456821442,103309.0,103309.0,0.020811643451452255,0.020811643451452255,-134871.0,-134871.0,-0.012444269843399525,-0.012444269843399525,505727.0,505727.0,0.030627846717834473,0.030627846717834473,114758.0,114758.0,0.004520345013588667,0.004520345013588667,0.0,0.0,1.0,1.0,1.0,1.0,1.2928760051727295,1.2928760051727295
3067,2026-09-03,0,0.0,0.0,0.0,0.0,0.0,0.0,0.0,0.0,0.0,0.0,0.0,0.0,0.0,0.0,0.0,0.0,-1000.0,-1000.0,-0.011627906933426857,-0.011627906933426857,0.0,0.0,0.0,0.0,0.0,0.0,0.004999999888241291,0.004999999888241291
3071,2026-09-04,0,-51000.0,-51000.0,-0.07993730157613754,-0.07993730157613754,-134000.0,-134000.0,-0.14316239953041077,-0.14316239953041077,-133000.0,-133000.0,-0.10982658714056015,-0.10982658714056015,-262110.0,-262110.0,-0.13831661641597748,-0.13831661641597748,-498335.0,-498335.0,-0.12473967671394348,-0.12473967671394348,0.0,0.0,0.0,0.0,0.0,0.0,0.5799999833106995,0.5799999833106995
3073,2026-09-04,0,-2000.0,-2000.0,-0.035087719559669495,-0.035087719559669495,-18000.0,-18000.0,-0.10588235408067703,-0.10588235408067703,-15000.0,-15000.0,-0.06976744532585144,-0.06976744532585144,-47000.0,-47000.0,-0.1111111119389534,-0.1111111119389534,-71000.0,-71000.0,-0.054322876036167145,-0.054322876036167145,0.0,0.0,0.0,0.0,0.0,0.0,0.14426352083683014,0.14426352083683014
3078,2026-09-04,0,-233400.0,-233400.0,-0.20636604726314545,-0.20636604726314545,-769600.0,-769600.0,-0.23513595759868622,-0.23513595759868622,-1942200.0,-1942200.0,-0.2874777913093567,-0.2874777913093567,-3070670.0,-3070670.0,-0.2873544692993164,-0.2873544692993164,-2220171.0,-2220171.0,-0.1318078190088272,-0.1318078190088272,0.0,0.0,0.0,0.0,0.0,0.0,0.4973810315132141,0.4973810315132141
3081,2026-09-04,0,626465.0,626465.0,0.1185588538646698,0.1185588538646698,1335558.0,1335558.0,0.10771497339010239,0.10771497339010239,987076.0,987076.0,0.05242317542433739,0.05242317542433739,757033.0,757033.0,0.017761554569005966,0.017761554569005966,-792543.0,-792543.0,-0.011052057147026062,-0.011052057147026062,0.0,0.0,0.0,0.0,3.0,3.0,5.192150592803955,5.192150592803955
3083,2026-09-04,0,-9000.0,-9000.0,-0.09890110045671463,-0.09890110045671463,-4000.0,-4000.0,-0.02857142873108387,-0.02857142873108387,0.0,0.0,0.0,0.0,5000.0,5000.0,0.013089004904031754,0.013089004904031754,-156755.0,-156755.0,-0.10613066703081131,-0.10613066703081131,0.0,0.0,0.0,0.0,0.0,0.0,0.1052182987332344,0.1052182987332344
3085,2026-09-04,0,0.0,0.0,0.0,0.0,0.0,0.0,0.0,0.0,0.0,0.0,0.0,0.0,0.0,0.0,0.0,0.0,0.0,0.0,0.0,0.0,0.0,0.0,0.0,0.0,0.0,0.0,0.027528537437319756,0.027528537437319756
3086,2026-09-04,0,12500.0,12500.0,0.11261261254549026,0.11261261254549026,-21500.0,-21500.0,-0.037197232246398926,-0.037197232246398926,27000.0,27000.0,0.015472779050469398,0.015472779050469398,167000.0,167000.0,0.07529305666685104,0.07529305666685104,308000.0,308000.0,0.09456554800271988,0.09456554800271988,0.0,0.0,1.0,1.0,1.0,1.0,0.04070250317454338,0.04070250317454338
3088,2026-09-04,0,639815.0,639815.0,0.4125177264213562,0.4125177264213562,242339.0,242339.0,0.08932510018348694,0.08932510018348694,225257.0,225257.0,0.05430496484041214,0.05430496484041214,-574547.0,-574547.0,-0.08549806475639343,-0.08549806475639343,-1957408.0,-1957408.0,-0.10664749145507812,-0.10664749145507812,0.0,0.0,1.0,1.0,1.0,1.0,1.427532434463501,1.427532434463501
3090,2026-09-04,0,4896896.0,4896896.0,0.40330368280410767,0.40330368280410767,3852821.0,3852821.0,0.18863630294799805,0.18863630294799805,2691677.0,2691677.0,0.06882797181606293,0.06882797181606293,784356.0,784356.0,0.009944839403033257,0.009944839403033257,-11544127.0,-11544127.0,-0.04681622236967087,-0.04681622236967087,1.0,1.0,1.0,1.0,1.0,1.0,4.22230339050293,4.22230339050293
3092,2026-09-04,0,48000.0,48000.0,0.42305657267570496,0.42305657267570496,123011.0,123011.0,0.30016738176345825,0.30016738176345825,107011.0,107011.0,0.15650786459445953,0.15650786459445953,209910.0,209910.0,0.13046178221702576,0.13046178221702576,401094.0,401094.0,0.13306038081645966,0.13306038081645966,0.0,0.0,1.0,1.0,1.0,1.0,0.10638611763715744,0.10638611763715744
3093,2026-09-04,0,-35982.0,-35982.0,-0.17725123465061188,-0.17725123465061188,-256972.0,-256972.0,-0.29201364517211914,-0.29201364517211914,-212870.0,-212870.0,-0.14560191333293915,-0.14560191333293915,-413194.0,-413194.0,-0.10028980672359467,-0.10028980672359467,-206576.0,-206576.0,-0.028197651728987694,-0.028197651728987694,0.0,0.0,0.0,0.0,0.0,0.0,0.1398499459028244,0.1398499459028244
3094,2026-09-04,0,2835897.0,2835897.0,0.15824751555919647,0.15824751555919647,3300696.0,3300696.0,0.10080724209547043,0.10080724209547043,3023681.0,3023681.0,0.0702233612537384,0.0702233612537384,4770496.0,4770496.0,0.07707159966230392,0.07707159966230392,3906190.0,3906190.0,0.04929739236831665,0.04929739236831665,0.0,0.0,0.0,0.0,2.0,2.0,21.560718536376953,21.560718536376953
3095,2026-09-04,0,0.0,0.0,0.0,0.0,1000.0,1000.0,0.125,0.125,3000.0,3000.0,0.1071428582072258,0.1071428582072258,0.0,0.0,0.0,0.0,-9000.0,-9000.0,-0.0810810774564743,-0.0810810774564743,0.0,0.0,0.0,0.0,0.0,0.0,0.006180469878017902,0.006180469878017902
3105,2026-09-04,0,-3459463.0,-3459463.0,-0.14546559751033783,-0.14546559751033783,-10747419.0,-10747419.0,-0.1022181361913681,-0.1022181361913681,-8519656.0,-8519656.0,-0.04031847044825554,-0.04031847044825554,1479178.0,1479178.0,0.004157727118581533,0.004157727118581533,-4790817.0,-4790817.0,-0.008130943402647972,-0.008130943402647972,1.0,1.0,0.0,0.0,0.0,0.0,5.609751224517822,5.609751224517822
3114,2026-09-04,0,83000.0,83000.0,0.3333333432674408,0.3333333432674408,-199435.0,-199435.0,-0.13888230919837952,-0.13888230919837952,-194267.0,-194267.0,-0.10149791091680527,-0.10149791091680527,-223136.0,-223136.0,-0.07211893796920776,-0.07211893796920776,-386648.0,-386648.0,-0.046974606812000275,-0.046974606812000275,0.0,0.0,1.0,1.0,1.0,1.0,0.3823135197162628,0.3823135197162628
3115,2026-09-04,0,0.0,0.0,0.0,0.0,0.0,0.0,0.0,0.0,3000.0,3000.0,0.1071428582072258,0.1071428582072258,2999.0,2999.0,0.03998666629195213,0.03998666629195213,5998.0,5998.0,0.03998666629195213,0.03998666629195213,0.0,0.0,0.0,0.0,0.0,0.0,0.002770174527540803,0.002770174527540803
3118,2026-09-04,0,0.0,0.0,0.0,0.0,4000.0,4000.0,0.04395604506134987,0.04395604506134987,3000.0,3000.0,0.02142857201397419,0.02142857201397419,3999.0,3999.0,0.018774647265672684,0.018774647265672684,13999.0,13999.0,0.03921288624405861,0.03921288624405861,0.0,0.0,0.0,0.0,0.0,0.0,0.05546506494283676,0.05546506494283676
3122,2026-09-04,0,2000.0,2000.0,0.04878048598766327,0.04878048598766327,8000.0,8000.0,0.03539822995662689,0.03539822995662689,18000.0,18000.0,0.0569620244204998,0.0569620244204998,37603.0,37603.0,0.06562478095293045,0.06562478095293045,30932.0,30932.0,0.027204925194382668,0.027204925194382668,0.0,0.0,1.0,1.0,1.0,1.0,0.10057690739631653,0.10057690739631653
3128,2026-09-04,0,29000.0,29000.0,0.2566371560096741,0.2566371560096741,37000.0,37000.0,0.125,0.125,6000.0,6000.0,0.011070110835134983,0.011070110835134983,-157873.0,-157873.0,-0.11456676572561264,-0.11456676572561264,110124.0,110124.0,0.04962775856256485,0.04962775856256485,0.0,0.0,1.0,1.0,1.0,1.0,0.23881232738494873,0.23881232738494873
3130,2026-09-04,0,-1000.0,-1000.0,-0.05633167922496796,-0.05633167922496796,-19000.0,-19000.0,-0.20120085775852203,-0.20120085775852203,-35000.0,-35000.0,-0.21802234649658203,-0.21802234649658203,-104781.0,-104781.0,-0.24966879189014435,-0.24966879189014435,-449352.0,-449352.0,-0.2729552388191223,-0.2729552388191223,0.0,0.0,0.0,0.0,0.0,0.0,0.05348486080765724,0.05348486080765724
3131,2026-09-04,0,-27131.0,-27131.0,-0.11594444513320923,-0.11594444513320923,-34510.0,-34510.0,-0.04229166731238365,-0.04229166731238365,125545.0,125545.0,0.05861110985279083,0.05861110985279083,368266.0,368266.0,0.0751563236117363,0.0751563236117363,31962.0,31962.0,0.00332279852591455,0.00332279852591455,1.0,1.0,0.0,0.0,0.0,0.0,0.7908214926719666,0.7908214926719666
3135,2026-09-04,0,11660.0,11660.0,0.015164797194302082,0.015164797194302082,-204931.0,-204931.0,-0.04844105616211891,-0.04844105616211891,-544709.0,-544709.0,-0.07742635160684586,-0.07742635160684586,-1904828.0,-1904828.0,-0.07639091461896896,-0.07639091461896896,-1267054.0,-1267054.0,-0.028237253427505493,-0.028237253427505493,0.0,0.0,1.0,1.0,1.0,1.0,0.819689929485321,0.819689929485321
3138,2026-09-04,0,63000.0,63000.0,0.413744181394577,0.413744181394577,37997.0,37997.0,0.09173388034105301,0.09173388034105301,51864.0,51864.0,0.06801033020019531,0.06801033020019531,103687.0,103687.0,0.07381124049425125,0.07381124049425125,113458.0,113458.0,0.03321002423763275,0.03321002423763275,0.0,0.0,1.0,1.0,1.0,1.0,0.27001550793647766,0.27001550793647766
3141,2026-09-04,0,-1002250.0,-1002250.0,-0.06848309189081192,-0.06848309189081192,689982.0,689982.0,0.012794028967618942,0.012794028967618942,3489310.0,3489310.0,0.05154762044548988,0.05154762044548988,3948635.0,3948635.0,0.05532936006784439,0.05532936006784439,4065101.0,4065101.0,0.052215754985809326,0.052215754985809326,0.0,0.0,0.0,0.0,0.0,0.0,19.394193649291992,19.394193649291992
3147,2026-09-04,0,216000.0,216000.0,0.6016713380813599,0.6016713380813599,54325.0,54325.0,0.060428254306316376,0.060428254306316376,88365.0,88365.0,0.06056545674800873,0.06056545674800873,261771.0,261771.0,0.08822750300168991,0.08822750300168991,577741.0,577741.0,0.06999527662992477,0.06999527662992477,0.0,0.0,1.0,1.0,1.0,1.0,0.8217579126358032,0.8217579126358032
3149,2026-09-04,0,761786.0,761786.0,0.12168123573064804,0.12168123573064804,-2456581.0,-2456581.0,-0.10135788470506668,-0.10135788470506668,-2973734.0,-2973734.0,-0.09254250675439835,-0.09254250675439835,-2856291.0,-2856291.0,-0.04810498654842377,-0.04810498654842377,-3399755.0,-3399755.0,-0.02135675959289074,-0.02135675959289074,0.0,0.0,1.0,1.0,1.0,1.0,2.1872012615203857,2.1872012615203857
3150,2026-09-04,0,3000.0,3000.0,0.9990010261535645,0.9990010261535645,2000.0,2000.0,0.03571237251162529,0.03571237251162529,14000.0,14000.0,0.16666071116924286,0.16666071116924286,-1000.0,-1000.0,-0.005271342117339373,-0.005271342117339373,23006.0,23006.0,0.03923126682639122,0.03923126682639122,0.0,0.0,0.0,0.0,2.0,2.0,0.00676701869815588,0.00676701869815588
3152,2026-09-04,0,19500.0,19500.0,0.19499999284744263,0.19499999284744263,-8385.0,-8385.0,-0.029946427792310715,-0.029946427792310715,-13345.0,-13345.0,-0.025274621322751045,-0.025274621322751045,-638730.0,-638730.0,-0.1953900307416916,-0.1953900307416916,-880241.0,-880241.0,-0.17622442543506622,-0.17622442543506622,0.0,0.0,1.0,1.0,1.0,1.0,0.2563037872314453,0.2563037872314453
3162,2026-09-04,0,-449943.0,-449943.0,-0.34216198325157166,-0.34216198325157166,-712863.0,-712863.0,-0.11865229904651642,-0.11865229904651642,-813704.0,-813704.0,-0.10564840584993362,-0.10564840584993362,-2078161.0,-2078161.0,-0.10043306648731232,-0.10043306648731232,-2418470.0,-2418470.0,-0.09222704917192459,-0.09222704917192459,0.0,0.0,0.0,0.0,0.0,0.0,0.8520088791847229,0.8520088791847229
3163,2026-09-04,0,207228.0,207228.0,0.2204553186893463,0.2204553186893463,348995.0,348995.0,0.1388758420944214,0.1388758420944214,594467.0,594467.0,0.14000636339187622,0.14000636339187622,-1328670.0,-1328670.0,-0.04141997545957565,-0.04141997545957565,-1549514.0,-1549514.0,-0.026087850332260132,-0.026087850332260132,0.0,0.0,0.0,0.0,5.0,5.0,0.9932861328125,0.9932861328125
3164,2026-09-04,0,3000.0,3000.0,0.237981915473938,0.237981915473938,1000.0,1000.0,0.027547450736165047,0.027547450736165047,1000.0,1000.0,0.01744196191430092,0.01744196191430092,6000.0,6000.0,0.03781099617481232,0.03781099617481232,14000.0,14000.0,0.025460008531808853,0.025460008531808853,0.0,0.0,1.0,1.0,1.0,1.0,0.014656373299658298,0.014656373299658298
3167,2026-09-04,0,311623.0,311623.0,0.06460215151309967,0.06460215151309967,162106.0,162106.0,0.013771849684417248,0.013771849684417248,331047.0,331047.0,0.01609579473733902,0.01609579473733902,-70120.0,-70120.0,-0.0015695480396971107,-0.0015695480396971107,-3048148.0,-3048148.0,-0.03703652322292328,-0.03703652322292328,0.0,0.0,0.0,0.0,2.0,2.0,5.388824462890625,5.388824462890625
3168,2026-09-04,0,2000.0,2000.0,0.15445208549499512,0.15445208549499512,18000.0,18000.0,0.2672843933105469,0.2672843933105469,16000.0,16000.0,0.184024378657341,0.184024378657341,24000.0,24000.0,0.187438502907753,0.187438502907753,6000.0,6000.0,0.020118093118071556,0.020118093118071556,0.0,0.0,0.0,0.0,3.0,3.0,0.017242424190044403,0.017242424190044403
3169,2026-09-04,0,-6670.0,-6670.0,-0.03403061255812645,-0.03403061255812645,-560358.0,-560358.0,-0.17073674499988556,-0.17073674499988556,-537208.0,-537208.0,-0.1497652679681778,-0.1497652679681778,-476572.0,-476572.0,-0.12138868868350983,-0.12138868868350983,-467818.0,-467818.0,-0.10036858916282654,-0.10036858916282654,0.0,0.0,0.0,0.0,0.0,0.0,0.3096024990081787,0.3096024990081787
3171,2026-09-04,0,0.0,0.0,0.0,0.0,8000.0,8000.0,0.08791209012269974,0.08791209012269974,11000.0,11000.0,0.09166666865348816,0.09166666865348816,13000.0,13000.0,0.07514450699090958,0.07514450699090958,43000.0,43000.0,0.09052631258964539,0.09052631258964539,0.0,0.0,0.0,0.0,0.0,0.0,0.09058474749326706,0.09058474749326706
3176,2026-09-04,0,33000.0,33000.0,0.07349666208028793,0.07349666208028793,30627.0,30627.0,0.02440398372709751,0.02440398372709751,-637392.0,-637392.0,-0.1827385276556015,-0.1827385276556015,1558780.0,1558780.0,0.1477096527814865,0.1477096527814865,2683472.0,2683472.0,0.1638561338186264,0.1638561338186264,0.0,0.0,0.0,0.0,2.0,2.0,0.32231029868125916,0.32231029868125916
3178,2026-09-04,0,0.0,0.0,0.0,0.0,-2495.0,-2495.0,-0.01442196499556303,-0.01442196499556303,-23495.0,-23495.0,-0.08186411112546921,-0.08186411112546921,-29495.0,-29495.0,-0.057720158249139786,-0.057720158249139786,32505.0,32505.0,0.031135058030486107,0.031135058030486107,0.0,0.0,0.0,0.0,0.0,0.0,0.10432852059602737,0.10432852059602737
3188,2026-09-04,0,77765.0,77765.0,0.3073715269565582,0.3073715269565582,60765.0,60765.0,0.12375763803720474,0.12375763803720474,55765.0,55765.0,0.07103821635246277,0.07103821635246277,247028.0,247028.0,0.1553635150194168,0.1553635150194168,612103.0,612103.0,0.17394231259822845,0.17394231259822845,0.0,0.0,1.0,1.0,1.0,1.0,0.13413751125335693,0.13413751125335693
3189,2026-09-04,0,732130.0,732130.0,0.03701600804924965,0.03701600804924965,-4115504.0,-4115504.0,-0.06663914769887924,-0.06663914769887924,-2561404.0,-2561404.0,-0.01969422586262226,-0.01969422586262226,-3827142.0,-3827142.0,-0.016589822247624397,-0.016589822247624397,-5787481.0,-5787481.0,-0.015633296221494675,-0.015633296221494675,2.0,2.0,1.0,1.0,1.0,1.0,3.753720283508301,3.753720283508301
3191,2026-09-04,0,0.0,0.0,0.0,0.0,28000.0,28000.0,0.2947368323802948,0.2947368323802948,35000.0,35000.0,0.2430555522441864,0.2430555522441864,43000.0,43000.0,0.16104869544506073,0.16104869544506073,51000.0,51000.0,0.10139165073633194,0.10139165073633194,0.0,0.0,0.0,0.0,0.0,0.0,0.041286882013082504,0.041286882013082504
3205,2026-09-04,0,3000.0,3000.0,0.02654867246747017,0.02654867246747017,14000.0,14000.0,0.06698564440011978,0.06698564440011978,-14000.0,-14000.0,-0.04516129195690155,-0.04516129195690155,-16000.0,-16000.0,-0.039024390280246735,-0.039024390280246735,99000.0,99000.0,0.13378378748893738,0.13378378748893738,0.0,0.0,0.0,0.0,3.0,3.0,0.16729430854320526,0.16729430854320526
3206,2026-09-04,0,28000.0,28000.0,0.2800000011920929,0.2800000011920929,28000.0,28000.0,0.20143884420394897,0.20143884420394897,35000.0,35000.0,0.17766498029232025,0.17766498029232025,47000.0,47000.0,0.13905325531959534,0.13905325531959534,183000.0,183000.0,0.24015748500823975,0.24015748500823975,0.0,0.0,1.0,1.0,1.0,1.0,0.16973139345645905,0.16973139345645905
3207,2026-09-04,0,18000.0,18000.0,0.2278480976819992,0.2278480976819992,30000.0,30000.0,0.07075471431016922,0.07075471431016922,-60000.0,-60000.0,-0.09259258955717087,-0.09259258955717087,-47820.0,-47820.0,-0.040976863354444504,-0.040976863354444504,-105472.0,-105472.0,-0.03378347307443619,-0.03378347307443619,0.0,0.0,1.0,1.0,1.0,1.0,0.11893627792596817,0.11893627792596817
3209,2026-09-04,0,-453000.0,-453000.0,-0.3928646147251129,-0.3928646147251129,110494.0,110494.0,0.021676331758499146,0.021676331758499146,-2868268.0,-2868268.0,-0.24549968540668488,-0.24549968540668488,-6629649.0,-6629649.0,-0.2829686105251312,-0.2829686105251312,-11278703.0,-11278703.0,-0.23286916315555573,-0.23286916315555573,0.0,0.0,0.0,0.0,0.0,0.0,0.48985224962234497,0.48985224962234497
3211,2026-09-04,0,30380.0,30380.0,0.009217233397066593,0.009217233397066593,-656251.0,-656251.0,-0.05430293828248978,-0.05430293828248978,-1246342.0,-1246342.0,-0.04768132045865059,-0.04768132045865059,-4642309.0,-4642309.0,-0.059344835579395294,-0.059344835579395294,-8515782.0,-8515782.0,-0.05249008908867836,-0.05249008908867836,1.0,1.0,1.0,1.0,1.0,1.0,2.1350743770599365,2.1350743770599365
3213,2026-09-04,0,-244790.0,-244790.0,-0.2784869074821472,-0.2784869074821472,-423080.0,-423080.0,-0.3300155997276306,-0.3300155997276306,-439362.0,-439362.0,-0.27967026829719543,-0.27967026829719543,-686228.0,-686228.0,-0.2867647409439087,-0.2867647409439087,-639374.0,-639374.0,-0.10691872984170914,-0.10691872984170914,0.0,0.0,0.0,0.0,0.0,0.0,1.4978134632110596,1.4978134632110596
3217,2026-09-04,0,-189452.0,-189452.0,-0.4643431305885315,-0.4643431305885315,-587053.0,-587053.0,-0.49332183599472046,-0.49332183599472046,-685792.0,-685792.0,-0.30877622961997986,-0.30877622961997986,-1155466.0,-1155466.0,-0.297647088766098,-0.297647088766098,-4109547.0,-4109547.0,-0.3666292130947113,-0.3666292130947113,0.0,0.0,0.0,0.0,0.0,0.0,0.45280906558036804,0.45280906558036804
3218,2026-09-04,0,-26717.0,-26717.0,-0.23854464292526245,-0.23854464292526245,-147717.0,-147717.0,-0.3020797669887543,-0.3020797669887543,278749.0,278749.0,0.19210819900035858,0.19210819900035858,425886.0,425886.0,0.19598987698554993,0.19598987698554993,-30890.0,-30890.0,-0.006050930358469486,-0.006050930358469486,0.0,0.0,0.0,0.0,0.0,0.0,0.13219255208969116,0.13219255208969116
3219,2026-09-04,0,82000.0,82000.0,0.13898305594921112,0.13898305594921112,575946.0,575946.0,0.21466492116451263,0.21466492116451263,1023758.0,1023758.0,0.16865864396095276,0.16865864396095276,1311698.0,1311698.0,0.11614114046096802,0.11614114046096802,1431753.0,1431753.0,0.10278935730457306,0.10278935730457306,0.0,0.0,0.0,0.0,8.0,8.0,0.8219459056854248,0.8219459056854248
3221,2026-09-04,0,408904.0,408904.0,0.24662484228610992,0.24662484228610992,-1508855.0,-1508855.0,-0.18189933896064758,-0.18189933896064758,-639513.0,-639513.0,-0.048145223408937454,-0.048145223408937454,154090.0,154090.0,0.006571002304553986,0.006571002304553986,1841193.0,1841193.0,0.03566613793373108,0.03566613793373108,0.0,0.0,1.0,1.0,1.0,1.0,1.5792099237442017,1.5792099237442017
3224,2026-09-04,0,4000.0,4000.0,0.025316456332802773,0.025316456332802773,-4000.0,-4000.0,-0.019801979884505272,-0.019801979884505272,0.0,0.0,0.0,0.0,6000.0,6000.0,0.014527845196425915,0.014527845196425915,-7000.0,-7000.0,-0.009845288470387459,-0.009845288470387459,0.0,0.0,1.0,1.0,1.0,1.0,0.2021167278289795,0.2021167278289795
3226,2026-09-04,0,0.0,0.0,0.0,0.0,-1000.0,-1000.0,-0.021739130839705467,-0.021739130839705467,-3000.0,-3000.0,-0.037974681705236435,-0.037974681705236435,-6000.0,-6000.0,-0.03141361102461815,-0.03141361102461815,7000.0,7000.0,0.011705685406923294,0.011705685406923294,0.0,0.0,0.0,0.0,0.0,0.0,0.031041163951158524,0.031041163951158524
3227,2026-09-04,0,-178000.0,-178000.0,-0.4082568883895874,-0.4082568883895874,-377092.0,-377092.0,-0.26973676681518555,-0.26973676681518555,-516263.0,-516263.0,-0.18732330203056335,-0.18732330203056335,-481020.0,-481020.0,-0.08391835540533066,-0.08391835540533066,-1152392.0,-1152392.0,-0.0750255212187767,-0.0750255212187767,1.0,1.0,0.0,0.0,0.0,0.0,0.287006676197052,0.287006676197052
3228,2026-09-04,0,47100.0,47100.0,0.2074889838695526,0.2074889838695526,-14884.0,-14884.0,-0.013630036264657974,-0.013630036264657974,-93232.0,-93232.0,-0.038798168301582336,-0.038798168301582336,-155504.0,-155504.0,-0.03762497007846832,-0.03762497007846832,-127921.0,-127921.0,-0.02213549055159092,-0.02213549055159092,0.0,0.0,1.0,1.0,1.0,1.0,0.3155517280101776,0.3155517280101776
3229,2026-09-04,0,-20970.0,-20970.0,-0.01887405477464199,-0.01887405477464199,-18945.0,-18945.0,-0.007163551170378923,-0.007163551170378923,-507705.0,-507705.0,-0.09968077391386032,-0.09968077391386032,-1541388.0,-1541388.0,-0.070527084171772,-0.070527084171772,-1447094.0,-1447094.0,-0.036479316651821136,-0.036479316651821136,0.0,0.0,0.0,0.0,0.0,0.0,1.7289093732833862,1.7289093732833862
3230,2026-09-04,0,-5000.0,-5000.0,-0.016447369009256363,-0.016447369009256363,-73100.0,-73100.0,-0.06526785343885422,-0.06526785343885422,-73010.0,-73010.0,-0.0350504070520401,-0.0350504070520401,-563291.0,-563291.0,-0.06521835923194885,-0.06521835923194885,-860705.0,-860705.0,-0.04524073749780655,-0.04524073749780655,0.0,0.0,0.0,0.0,0.0,0.0,0.35344356298446655,0.35344356298446655
3231,2026-09-04,0,23925304.0,23925304.0,0.28858956694602966,0.28858956694602966,33754104.0,33754104.0,0.1277429163455963,0.1277429163455963,30392052.0,30392052.0,0.09178058058023453,0.09178058058023453,5179388.0,5179388.0,0.01022473257035017,0.01022473257035017,4898515.0,4898515.0,0.004890692885965109,0.004890692885965109,4.0,4.0,0.0,0.0,4.0,4.0,2.6070094108581543,2.6070094108581543
3232,2026-09-04,0,0.0,0.0,0.0,0.0,4000.0,4000.0,0.08695652335882187,0.08695652335882187,2000.0,2000.0,0.0235294122248888,0.0235294122248888,12000.0,12000.0,0.08053690940141678,0.08053690940141678,23000.0,23000.0,0.06906907260417938,0.06906907260417938,0.0,0.0,0.0,0.0,0.0,0.0,0.01073701772838831,0.01073701772838831
3234,2026-09-04,0,-459296.0,-459296.0,-0.08532342314720154,-0.08532342314720154,1357119.0,1357119.0,0.07010998576879501,0.07010998576879501,2076119.0,2076119.0,0.07956003397703171,0.07956003397703171,3341358.0,3341358.0,0.06458102911710739,0.06458102911710739,9283656.0,9283656.0,0.09667856991291046,0.09667856991291046,1.0,1.0,0.0,0.0,0.0,0.0,4.828898906707764,4.828898906707764
3236,2026-09-04,0,790873.0,790873.0,0.2264813929796219,0.2264813929796219,432978.0,432978.0,0.07363571226596832,0.07363571226596832,-587022.0,-587022.0,-0.047826461493968964,-0.047826461493968964,-596565.0,-596565.0,-0.02485998161137104,-0.02485998161137104,-1768615.0,-1768615.0,-0.02736607939004898,-0.02736607939004898,0.0,0.0,1.0,1.0,1.0,1.0,3.3256947994232178,3.3256947994232178
3252,2026-09-04,0,-2000.0,-2000.0,-0.1666666716337204,-0.1666666716337204,-4000.0,-4000.0,-0.1428571492433548,-0.1428571492433548,1000.0,1000.0,0.016129031777381897,0.016129031777381897,5000.0,5000.0,0.016835017129778862,0.016835017129778862,-11000.0,-11000.0,-0.014686248265206814,-0.014686248265206814,0.0,0.0,0.0,0.0,0.0,0.0,0.02390640415251255,0.02390640415251255
3257,2026-09-04,0,-20000.0,-20000.0,-0.10385294258594513,-0.10385294258594513,27050.0,27050.0,0.04357512667775154,0.04357512667775154,50050.0,50050.0,0.0509268082678318,0.0509268082678318,69051.0,69051.0,0.03480468690395355,0.03480468690395355,28840.0,28840.0,0.007122209761291742,0.007122209761291742,0.0,0.0,0.0,0.0,0.0,0.0,0.24125699698925018,0.24125699698925018
3259,2026-09-04,0,22000.0,22000.0,0.25,0.25,22000.0,22000.0,0.1679389327764511,0.1679389327764511,-10000.0,-10000.0,-0.0272479560226202,-0.0272479560226202,-5000.0,-5000.0,-0.0056689344346523285,-0.0056689344346523285,-2000.0,-2000.0,-0.0010471204295754433,-0.0010471204295754433,0.0,0.0,0.0,0.0,1.0,1.0,0.12060422450304031,0.12060422450304031
3260,2026-09-04,0,-1609264.0,-1609264.0,-0.341814786195755,-0.341814786195755,-5339113.0,-5339113.0,-0.2930036783218384,-0.2930036783218384,-6345101.0,-6345101.0,-0.23732423782348633,-0.23732423782348633,-6520393.0,-6520393.0,-0.06862416118383408,-0.06862416118383408,2249803.0,2249803.0,0.011794449761509895,0.011794449761509895,0.0,0.0,0.0,0.0,0.0,0.0,1.3992606401443481,1.3992606401443481
3264,2026-09-04,0,-328625.0,-328625.0,-0.10680045187473297,-0.10680045187473297,138050.0,138050.0,0.011251935735344887,0.011251935735344887,-130435.0,-130435.0,-0.005029691848903894,-0.005029691848903894,7894661.0,7894661.0,0.1396617740392685,0.1396617740392685,3890699.0,3890699.0,0.03010864183306694,0.03010864183306694,1.0,1.0,0.0,0.0,0.0,0.0,0.627741277217865,0.627741277217865
3265,2026-09-04,0,61100.0,61100.0,0.08369863033294678,0.08369863033294678,-579644.0,-579644.0,-0.16499970853328705,-0.16499970853328705,-1443965.0,-1443965.0,-0.1616619974374771,-0.1616619974374771,410880.0,410880.0,0.02325560338795185,0.02325560338795185,-1770395.0,-1770395.0,-0.03934473544359207,-0.03934473544359207,0.0,0.0,1.0,1.0,1.0,1.0,0.5357339978218079,0.5357339978218079
3266,2026-09-04,0,20000.0,20000.0,0.7678722143173218,0.7678722143173218,8000.0,8000.0,0.09091219305992126,0.09091219305992126,-8000.0,-8000.0,-0.05814080312848091,-0.05814080312848091,32000.0,32000.0,0.11007003486156464,0.11007003486156464,30000.0,30000.0,0.0495283268392086,0.0495283268392086,0.0,0.0,1.0,1.0,1.0,1.0,0.007392830681055784,0.007392830681055784
3268,2026-09-04,0,-1000.0,-1000.0,-0.023255813866853714,-0.023255813866853714,-4000.0,-4000.0,-0.056338027119636536,-0.056338027119636536,23000.0,23000.0,0.12169311940670013,0.12169311940670013,20000.0,20000.0,0.04555808752775192,0.04555808752775192,-15001.0,-15001.0,-0.012500833719968796,-0.012500833719968796,0.0,0.0,0.0,0.0,0.0,0.0,0.12384508550167084,0.12384508550167084
3272,2026-09-04,0,-23000.0,-23000.0,-0.06133333221077919,-0.06133333221077919,-11000.0,-11000.0,-0.025404157117009163,-0.025404157117009163,1000.0,1000.0,0.0015479875728487968,0.0015479875728487968,10000.0,10000.0,0.01373626384884119,0.01373626384884119,82000.0,82000.0,0.045404206961393356,0.045404206961393356,0.0,0.0,0.0,0.0,0.0,0.0,0.6129775643348694,0.6129775643348694
3276,2026-09-04,0,-33000.0,-33000.0,-0.2374100685119629,-0.2374100685119629,-94000.0,-94000.0,-0.2910216748714447,-0.2910216748714447,-107000.0,-107000.0,-0.19073083996772766,-0.19073083996772766,-272001.0,-272001.0,-0.22761589288711548,-0.22761589288711548,-431716.0,-431716.0,-0.16390128433704376,-0.16390128433704376,0.0,0.0,0.0,0.0,0.0,0.0,0.19938987493515015,0.19938987493515015
3284,2026-09-04,0,47000.0,47000.0,0.4392523467540741,0.4392523467540741,64000.0,64000.0,0.3076923191547394,0.3076923191547394,-4000.0,-4000.0,-0.0091116176918149,-0.0091116176918149,-37547.0,-37547.0,-0.033110227435827255,-0.033110227435827255,-391010.0,-391010.0,-0.08923094719648361,-0.08923094719648361,0.0,0.0,0.0,0.0,3.0,3.0,0.09863344579935074,0.09863344579935074
3285,2026-09-04,0,-1000.0,-1000.0,-0.0714285746216774,-0.0714285746216774,-7000.0,-7000.0,-0.109375,-0.109375,-1000.0,-1000.0,-0.004219409078359604,-0.004219409078359604,31000.0,31000.0,0.06709956377744675,0.06709956377744675,-63000.0,-63000.0,-0.07062780112028122,-0.07062780112028122,0.0,0.0,0.0,0.0,0.0,0.0,0.032759785652160645,0.032759785652160645
3287,2026-09-04,0,32308.0,32308.0,0.2584640085697174,0.2584640085697174,74318.0,74318.0,0.13611355423927307,0.13611355423927307,3628.0,3628.0,0.0035779091995209455,0.0035779091995209455,355758.0,355758.0,0.09376858174800873,0.09376858174800873,188180.0,188180.0,0.015686895698308945,0.015686895698308945,0.0,0.0,0.0,0.0,3.0,3.0,0.2842816114425659,0.2842816114425659
3288,2026-09-04,0,1000.0,1000.0,0.0476190485060215,0.0476190485060215,0.0,0.0,0.0,0.0,10000.0,10000.0,0.10638298094272614,0.10638298094272614,6000.0,6000.0,0.024291498586535454,0.024291498586535454,23000.0,23000.0,0.028894472867250443,0.028894472867250443,0.0,0.0,1.0,1.0,1.0,1.0,0.12820513546466827,0.12820513546466827
3289,2026-09-04,0,86930.0,86930.0,0.19712017476558685,0.19712017476558685,12291.0,12291.0,0.006455357186496258,0.006455357186496258,213978.0,213978.0,0.06396950781345367,0.06396950781345367,592687.0,592687.0,0.10047245025634766,0.10047245025634766,475842.0,475842.0,0.039400678128004074,0.039400678128004074,0.0,0.0,1.0,1.0,1.0,1.0,0.5083786249160767,0.5083786249160767
3290,2026-09-04,0,102170.0,102170.0,0.08861231803894043,0.08861231803894043,-349830.0,-349830.0,-0.14449813961982727,-0.14449813961982727,-584341.0,-584341.0,-0.1354522556066513,-0.1354522556066513,-818908.0,-818908.0,-0.12375819683074951,-0.12375819683074951,-1215226.0,-1215226.0,-0.09853450208902359,-0.09853450208902359,0.0,0.0,1.0,1.0,1.0,1.0,1.2780574560165405,1.2780574560165405
3293,2026-09-04,0,-128278.0,-128278.0,-0.14543990790843964,-0.14543990790843964,405414.0,405414.0,0.068011075258255,0.068011075258255,2374252.0,2374252.0,0.07271605730056763,0.07271605730056763,3000169.0,3000169.0,0.05946345254778862,0.05946345254778862,4014886.0,4014886.0,0.05796413868665695,0.05796413868665695,0.0,0.0,0.0,0.0,0.0,0.0,0.31298619508743286,0.31298619508743286
3294,2026-09-04,0,11000.0,11000.0,0.04150943458080292,0.04150943458080292,-151382.0,-151382.0,-0.15768958628177643,-0.15768958628177643,-176402.0,-176402.0,-0.1335367113351822,-0.1335367113351822,8870.0,8870.0,0.0036382281687110662,0.0036382281687110662,662695.0,662695.0,0.11698058247566223,0.11698058247566223,0.0,0.0,1.0,1.0,1.0,1.0,0.20073336362838745,0.20073336362838745
3296,2026-09-04,0,3000.0,3000.0,0.10559290647506714,0.10559290647506714,1000.0,1000.0,0.01484648697078228,0.01484648697078228,-1000.0,-1000.0,-0.009803537279367447,-0.009803537279367447,-1000.0,-1000.0,-0.005001375451683998,-0.005001375451683998,-9000.0,-9000.0,-0.021168701350688934,-0.021168701350688934,0.0,0.0,1.0,1.0,1.0,1.0,0.029373131692409515,0.029373131692409515
3297,2026-09-04,0,12000.0,12000.0,0.2142857164144516,0.2142857164144516,-3000.0,-3000.0,-0.023076923564076424,-0.023076923564076424,-19000.0,-19000.0,-0.09359605610370636,-0.09359605610370636,-7000.0,-7000.0,-0.01871657744050026,-0.01871657744050026,-3000.0,-3000.0,-0.004385964944958687,-0.004385964944958687,0.0,0.0,1.0,1.0,1.0,1.0,0.1553421914577484,0.1553421914577484
3303,2026-09-04,0,-63488.0,-63488.0,-0.298065721988678,-0.298065721988678,-148628.0,-148628.0,-0.2702327370643616,-0.2702327370643616,-202628.0,-202628.0,-0.2241460233926773,-0.2241460233926773,-285986.0,-285986.0,-0.16066628694534302,-0.16066628694534302,-625611.0,-625611.0,-0.10950656235218048,-0.10950656235218048,0.0,0.0,0.0,0.0,0.0,0.0,0.22470581531524658,0.22470581531524658
3305,2026-09-04,0,151214.0,151214.0,0.17734967172145844,0.17734967172145844,-351653.0,-351653.0,-0.11554784327745438,-0.11554784327745438,-1530563.0,-1530563.0,-0.21640954911708832,-0.21640954911708832,-1681334.0,-1681334.0,-0.1067063957452774,-0.1067063957452774,-3351428.0,-3351428.0,-0.09432045370340347,-0.09432045370340347,0.0,0.0,1.0,1.0,1.0,1.0,0.5950532555580139,0.5950532555580139
3306,2026-09-04,0,14000.0,14000.0,0.21875,0.21875,24000.0,24000.0,0.145454540848732,0.145454540848732,36000.0,36000.0,0.11076922714710236,0.11076922714710236,46283.0,46283.0,0.08651027828454971,0.08651027828454971,243416.0,243416.0,0.20769283175468445,0.20769283175468445,0.0,0.0,0.0,0.0,8.0,8.0,0.12646296620368958,0.12646296620368958
3308,2026-09-04,0,5000.0,5000.0,0.09236851334571838,0.09236851334571838,44000.0,44000.0,0.2549690008163452,0.2549690008163452,117000.0,117000.0,0.2764741778373718,0.2764741778373718,108000.0,108000.0,0.03131025657057762,0.03131025657057762,131040.0,131040.0,0.03393850475549698,0.03393850475549698,0.0,0.0,0.0,0.0,5.0,5.0,0.09021833539009094,0.09021833539009094
3310,2026-09-04,0,1000.0,1000.0,0.0714285746216774,0.0714285746216774,2000.0,2000.0,0.03703703731298447,0.03703703731298447,10000.0,10000.0,0.10869564861059189,0.10869564861059189,15000.0,15000.0,0.1071428582072258,0.1071428582072258,59000.0,59000.0,0.16809116303920746,0.16809116303920746,0.0,0.0,0.0,0.0,1.0,1.0,0.01867951825261116,0.01867951825261116
3311,2026-09-04,0,-34425.0,-34425.0,-0.39546236395835876,-0.39546236395835876,-83425.0,-83425.0,-0.17206671833992004,-0.17206671833992004,-129425.0,-129425.0,-0.1456489861011505,-0.1456489861011505,-43937.0,-43937.0,-0.029623471200466156,-0.029623471200466156,-66927.0,-66927.0,-0.021733729168772697,-0.021733729168772697,0.0,0.0,0.0,0.0,0.0,0.0,0.08704999834299088,0.08704999834299088
3312,2026-09-04,0,67000.0,67000.0,0.07998309284448624,0.07998309284448624,-808148.0,-808148.0,-0.12481065839529037,-0.12481065839529037,-711698.0,-711698.0,-0.09150078892707825,-0.09150078892707825,-566316.0,-566316.0,-0.050676874816417694,-0.050676874816417694,-2215129.0,-2215129.0,-0.0746852457523346,-0.0746852457523346,0.0,0.0,1.0,1.0,1.0,1.0,0.4586823582649231,0.4586823582649231
3313,2026-09-04,0,7000.0,7000.0,0.109375,0.109375,42000.0,42000.0,0.1438356190919876,0.1438356190919876,23020.0,23020.0,0.04223853349685669,0.04223853349685669,-242980.0,-242980.0,-0.08504725247621536,-0.08504725247621536,-197980.0,-197980.0,-0.05273841321468353,-0.05273841321468353,0.0,0.0,0.0,0.0,3.0,3.0,0.028941750526428223,0.028941750526428223
3317,2026-09-04,0,217776.0,217776.0,0.5088224411010742,0.5088224411010742,260363.0,260363.0,0.1589517742395401,0.1589517742395401,96647.0,96647.0,0.03026839904487133,0.03026839904487133,201991.0,201991.0,0.026828397065401077,0.026828397065401077,263670.0,263670.0,0.01953979581594467,0.01953979581594467,0.0,0.0,1.0,1.0,1.0,1.0,0.47555556893348694,0.47555556893348694
3321,2026-09-04,0,-57000.0,-57000.0,-0.3688628077507019,-0.3688628077507019,-35000.0,-35000.0,-0.07102661579847336,-0.07102661579847336,-214000.0,-214000.0,-0.2015143781900406,-0.2015143781900406,-376000.0,-376000.0,-0.18436197936534882,-0.18436197936534882,-399993.0,-399993.0,-0.11213092505931854,-0.11213092505931854,0.0,0.0,0.0,0.0,0.0,0.0,0.1794474869966507,0.1794474869966507
3322,2026-09-04,0,-41000.0,-41000.0,-0.2789115607738495,-0.2789115607738495,-68000.0,-68000.0,-0.13737373054027557,-0.13737373054027557,-243000.0,-243000.0,-0.19377990067005157,-0.19377990067005157,-263000.0,-263000.0,-0.12086397409439087,-0.12086397409439087,-12799.0,-12799.0,-0.002864592708647251,-0.002864592708647251,0.0,0.0,0.0,0.0,0.0,0.0,0.10684525221586227,0.10684525221586227
3323,2026-09-04,0,39000.0,39000.0,0.22159090638160706,0.22159090638160706,-18951.0,-18951.0,-0.02778738923370838,-0.02778738923370838,-133111.0,-133111.0,-0.11223524808883667,-0.11223524808883667,82932.0,82932.0,0.03289647027850151,0.03289647027850151,652567.0,652567.0,0.10004093497991562,0.10004093497991562,0.0,0.0,1.0,1.0,1.0,1.0,0.17696383595466614,0.17696383595466614
3324,2026-09-04,0,178445.0,178445.0,0.06560477614402771,0.06560477614402771,1937078.0,1937078.0,0.126169353723526,0.126169353723526,6127984.0,6127984.0,0.1878136545419693,0.1878136545419693,9677819.0,9677819.0,0.18469472229480743,0.18469472229480743,9476641.0,9476641.0,0.12995941936969757,0.12995941936969757,2.0,2.0,0.0,0.0,7.0,7.0,2.922316789627075,2.922316789627075
3325,2026-09-04,0,5000.0,5000.0,0.09090909361839294,0.09090909361839294,14000.0,14000.0,0.05932203307747841,0.05932203307747841,3000.0,3000.0,0.007246376946568489,0.007246376946568489,83000.0,83000.0,0.08618899434804916,0.08618899434804916,24997.0,24997.0,0.012599294073879719,0.012599294073879719,0.0,0.0,0.0,0.0,1.0,1.0,0.049923475831747055,0.049923475831747055
3332,2026-09-04,0,-1000.0,-1000.0,-0.3333333432674408,-0.3333333432674408,-3000.0,-3000.0,-0.125,-0.125,-6000.0,-6000.0,-0.1463414579629898,-0.1463414579629898,-8000.0,-8000.0,-0.13114753365516663,-0.13114753365516663,-13000.0,-13000.0,-0.12380952388048172,-0.12380952388048172,0.0,0.0,0.0,0.0,0.0,0.0,0.0062364558689296246,0.0062364558689296246
3338,2026-09-04,0,133000.0,133000.0,0.3533521890640259,0.3533521890640259,49479.0,49479.0,0.038862716406583786,0.038862716406583786,181856.0,181856.0,0.0807838886976242,0.0807838886976242,414668.0,414668.0,0.11854901909828186,0.11854901909828186,514297.0,514297.0,0.08451387286186218,0.08451387286186218,0.0,0.0,1.0,1.0,1.0,1.0,0.42816853523254395,0.42816853523254395
3339,2026-09-04,0,241912.0,241912.0,0.09730973094701767,0.09730973094701767,-891029.0,-891029.0,-0.07969848066568375,-0.07969848066568375,-36589.0,-36589.0,-0.0013551481533795595,-0.0013551481533795595,251184.0,251184.0,0.006002150475978851,0.006002150475978851,531764.0,531764.0,0.009789650328457355,0.009789650328457355,0.0,0.0,1.0,1.0,1.0,1.0,3.7345101833343506,3.7345101833343506
3346,2026-09-04,0,24000.0,24000.0,0.10196841508150101,0.10196841508150101,-147920.0,-147920.0,-0.20930969715118408,-0.20930969715118408,-294920.0,-294920.0,-0.21886034309864044,-0.21886034309864044,-419920.0,-419920.0,-0.17401523888111115,-0.17401523888111115,-162907.0,-162907.0,-0.032273925840854645,-0.032273925840854645,0.0,0.0,1.0,1.0,1.0,1.0,0.19415177404880524,0.19415177404880524
3349,2026-09-04,0,-6000.0,-6000.0,-0.1428571492433548,-0.1428571492433548,-11000.0,-11000.0,-0.0827067643404007,-0.0827067643404007,12000.0,12000.0,0.0338028185069561,0.0338028185069561,30000.0,30000.0,0.028598666191101074,0.028598666191101074,203000.0,203000.0,0.07789716124534607,0.07789716124534607,0.0,0.0,0.0,0.0,0.0,0.0,0.08782633394002914,0.08782633394002914
3354,2026-09-04,0,-68414.0,-68414.0,-0.17769870162010193,-0.17769870162010193,-154204.0,-154204.0,-0.05933205038309097,-0.05933205038309097,-178204.0,-178204.0,-0.04991708695888519,-0.04991708695888519,-696204.0,-696204.0,-0.08549723774194717,-0.08549723774194717,-580204.0,-580204.0,-0.06452446430921555,-0.06452446430921555,0.0,0.0,0.0,0.0,0.0,0.0,0.5491180419921875,0.5491180419921875
3356,2026-09-04,0,-123931.0,-123931.0,-0.198612779378891,-0.198612779378891,-483495.0,-483495.0,-0.25426042079925537,-0.25426042079925537,-572859.0,-572859.0,-0.22337698936462402,-0.22337698936462402,-696339.0,-696339.0,-0.15895222127437592,-0.15895222127437592,743853.0,743853.0,0.05257389694452286,0.05257389694452286,0.0,0.0,0.0,0.0,0.0,0.0,0.7747331261634827,0.7747331261634827
3357,2026-09-04,0,394546.0,394546.0,0.24460384249687195,0.24460384249687195,-29331.0,-29331.0,-0.008073492906987667,-0.008073492906987667,-51578.0,-51578.0,-0.0075738620944321156,-0.0075738620944321156,-718664.0,-718664.0,-0.050429023802280426,-0.050429023802280426,-2863974.0,-2863974.0,-0.07182740420103073,-0.07182740420103073,0.0,0.0,1.0,1.0,1.0,1.0,1.403377890586853,1.403377890586853
3360,2026-09-04,0,31005.0,31005.0,0.12111327797174454,0.12111327797174454,-128726.0,-128726.0,-0.10629727691411972,-0.10629727691411972,-296524.0,-296524.0,-0.14564047753810883,-0.14564047753810883,22676.0,22676.0,0.005734952166676521,0.005734952166676521,-271277.0,-271277.0,-0.021603647619485855,-0.021603647619485855,0.0,0.0,1.0,1.0,1.0,1.0,0.3350687026977539,0.3350687026977539
3362,2026-09-04,0,120002.0,120002.0,0.0864567756652832,0.0864567756652832,844542.0,844542.0,0.1728847473859787,0.1728847473859787,1610578.0,1610578.0,0.21130648255348206,0.21130648255348206,1932142.0,1932142.0,0.030328091233968735,0.030328091233968735,1166172.0,1166172.0,0.01055779680609703,0.01055779680609703,0.0,0.0,0.0,0.0,9.0,9.0,0.9413649439811707,0.9413649439811707
3363,2026-09-04,0,-1251271.0,-1251271.0,-0.14705264568328857,-0.14705264568328857,-637428.0,-637428.0,-0.02680296078324318,-0.02680296078324318,-791468.0,-791468.0,-0.02089463733136654,-0.02089463733136654,792435.0,792435.0,0.012550443410873413,0.012550443410873413,-1218685.0,-1218685.0,-0.012583871372044086,-0.012583871372044086,0.0,0.0,0.0,0.0,0.0,0.0,7.487643241882324,7.487643241882324
3372,2026-09-04,0,-49171.0,-49171.0,-0.16611824929714203,-0.16611824929714203,-246557.0,-246557.0,-0.2526198625564575,-0.2526198625564575,-369685.0,-369685.0,-0.22919094562530518,-0.22919094562530518,-620194.0,-620194.0,-0.21002167463302612,-0.21002167463302612,-731265.0,-731265.0,-0.10819130390882492,-0.10819130390882492,0.0,0.0,0.0,0.0,0.0,0.0,0.1257840245962143,0.1257840245962143
3373,2026-09-04,0,-4000.0,-4000.0,-0.14814814925193787,-0.14814814925193787,-12000.0,-12000.0,-0.1599999964237213,-0.1599999964237213,-10000.0,-10000.0,-0.09433962404727936,-0.09433962404727936,-26000.0,-26000.0,-0.06532663106918335,-0.06532663106918335,30000.0,30000.0,0.02935420721769333,0.02935420721769333,0.0,0.0,0.0,0.0,0.0,0.0,0.056700315326452255,0.056700315326452255
3374,2026-09-04,0,1339995.0,1339995.0,0.2870597541332245,0.2870597541332245,2848777.0,2848777.0,0.22202299535274506,0.22202299535274506,7068050.0,7068050.0,0.09260100871324539,0.09260100871324539,15762538.0,15762538.0,0.09768432378768921,0.09768432378768921,5546947.0,5546947.0,0.01726391352713108,0.01726391352713108,2.0,2.0,0.0,0.0,10.0,10.0,1.7201967239379883,1.7201967239379883
3376,2026-09-04,0,23601.0,23601.0,0.00660969503223896,0.00660969503223896,803501.0,803501.0,0.05868440866470337,0.05868440866470337,-564387.0,-564387.0,-0.021144459024071693,-0.021144459024071693,6849425.0,6849425.0,0.09719305485486984,0.09719305485486984,7034818.0,7034818.0,0.07399710267782211,0.07399710267782211,0.0,0.0,0.0,0.0,3.0,3.0,1.8239651918411255,1.8239651918411255
3379,2026-09-04,0,7000.0,7000.0,0.09090909361839294,0.09090909361839294,-17000.0,-17000.0,-0.08947368711233139,-0.08947368711233139,77000.0,77000.0,0.20000000298023224,0.20000000298023224,180488.0,180488.0,0.19365665316581726,0.19365665316581726,-100502.0,-100502.0,-0.028073184192180634,-0.028073184192180634,0.0,0.0,1.0,1.0,1.0,1.0,0.20240920782089233,0.20240920782089233
3380,2026-09-04,0,777420.0,777420.0,0.2636096775531769,0.2636096775531769,-1709249.0,-1709249.0,-0.09205254912376404,-0.09205254912376404,-2906206.0,-2906206.0,-0.10728900134563446,-0.10728900134563446,-3410671.0,-3410671.0,-0.10583123564720154,-0.10583123564720154,-5597513.0,-5597513.0,-0.12644179165363312,-0.12644179165363312,1.0,1.0,1.0,1.0,1.0,1.0,0.5444032549858093,0.5444032549858093
3388,2026-09-04,0,198002.0,198002.0,0.2907518446445465,0.2907518446445465,356666.0,356666.0,0.1453406661748886,0.1453406661748886,-33760.0,-33760.0,-0.0062218946404755116,-0.0062218946404755116,-324109.0,-324109.0,-0.015148819424211979,-0.015148819424211979,-3316156.0,-3316156.0,-0.05160609260201454,-0.05160609260201454,0.0,0.0,0.0,0.0,4.0,4.0,0.919455885887146,0.919455885887146
3390,2026-09-04,0,9000.0,9000.0,0.10000000149011612,0.10000000149011612,19000.0,19000.0,0.04398148134350777,0.04398148134350777,42000.0,42000.0,0.06402438879013062,0.06402438879013062,-21954.0,-21954.0,-0.01387737039476633,-0.01387737039476633,-233166.0,-233166.0,-0.07266002148389816,-0.07266002148389816,0.0,0.0,1.0,1.0,1.0,1.0,0.11345063149929047,0.11345063149929047
3402,2026-09-04,0,-31000.0,-31000.0,-0.19018404185771942,-0.19018404185771942,-64000.0,-64000.0,-0.11490125954151154,-0.11490125954151154,-76890.0,-76890.0,-0.08348534256219864,-0.08348534256219864,-220770.0,-220770.0,-0.1318817138671875,-0.1318817138671875,-663411.0,-663411.0,-0.16264060139656067,-0.16264060139656067,0.0,0.0,0.0,0.0,0.0,0.0,0.2231418937444687,0.2231418937444687
3406,2026-09-04,0,264779.0,264779.0,0.10082091391086578,0.10082091391086578,1063687.0,1063687.0,0.14245976507663727,0.14245976507663727,1773201.0,1773201.0,0.056084129959344864,0.056084129959344864,4436544.0,4436544.0,0.06290072947740555,0.06290072947740555,2792320.0,2792320.0,0.025370938703417778,0.025370938703417778,2.0,2.0,0.0,0.0,7.0,7.0,2.329394817352295,2.329394817352295
3413,2026-09-04,0,-87968.0,-87968.0,-0.1665770411491394,-0.1665770411491394,-203546.0,-203546.0,-0.11097432672977448,-0.11097432672977448,-1408923.0,-1408923.0,-0.29658713936805725,-0.29658713936805725,-2238496.0,-2238496.0,-0.2803504765033722,-0.2803504765033722,-4883915.0,-4883915.0,-0.24177186191082,-0.24177186191082,0.0,0.0,0.0,0.0,0.0,0.0,0.47677963972091675,0.47677963972091675
3416,2026-09-04,0,39289.0,39289.0,0.15068383514881134,0.15068383514881134,-273671.0,-273671.0,-0.2361127734184265,-0.2361127734184265,-360550.0,-360550.0,-0.21562924981117249,-0.21562924981117249,-88332.0,-88332.0,-0.03052263893187046,-0.03052263893187046,-165756.0,-165756.0,-0.02202725037932396,-0.02202725037932396,0.0,0.0,1.0,1.0,1.0,1.0,0.3239232003688812,0.3239232003688812
3419,2026-09-04,0,-29000.0,-29000.0,-0.22438004612922668,-0.22438004612922668,-5000.0,-5000.0,-0.014464118517935276,-0.014464118517935276,22000.0,22000.0,0.04228963702917099,0.04228963702917099,-7000.0,-7000.0,-0.00708126462996006,-0.00708126462996006,-131000.0,-131000.0,-0.06640233844518661,-0.06640233844518661,0.0,0.0,0.0,0.0,0.0,0.0,0.10727469623088837,0.10727469623088837
3430,2026-09-04,0,60000.0,60000.0,0.4137931168079376,0.4137931168079376,-1676.0,-1676.0,-0.002914782613515854,-0.002914782613515854,7774.0,7774.0,0.008243902586400509,0.008243902586400509,194160.0,194160.0,0.0907713919878006,0.0907713919878006,-182879.0,-182879.0,-0.017698539420962334,-0.017698539420962334,0.0,0.0,1.0,1.0,1.0,1.0,0.43006178736686707,0.43006178736686707
3432,2026-09-04,0,3000.0,3000.0,0.05131011828780174,0.05131011828780174,6000.0,6000.0,0.05314861238002777,0.05314861238002777,-1000.0,-1000.0,-0.005922767333686352,-0.005922767333686352,3000.0,3000.0,0.011711247265338898,0.011711247265338898,-3000.0,-3000.0,-0.004980186931788921,-0.004980186931788921,0.0,0.0,0.0,0.0,3.0,3.0,0.13845133781433105,0.13845133781433105
3434,2026-09-04,0,1000.0,1000.0,0.02083333395421505,0.02083333395421505,-17000.0,-17000.0,-0.12318840622901917,-0.12318840622901917,-1000.0,-1000.0,-0.004716981202363968,-0.004716981202363968,33000.0,33000.0,0.0870712399482727,0.0870712399482727,83000.0,83000.0,0.06297419965267181,0.06297419965267181,0.0,0.0,1.0,1.0,1.0,1.0,0.13424792885780334,0.13424792885780334
3437,2026-09-04,0,208870.0,208870.0,0.2652893662452698,0.2652893662452698,171325.0,171325.0,0.10118433088064194,0.10118433088064194,132328.0,132328.0,0.056583650410175323,0.056583650410175323,292763.0,292763.0,0.05063149333000183,0.05063149333000183,1082655.0,1082655.0,0.1148286834359169,0.1148286834359169,0.0,0.0,1.0,1.0,1.0,1.0,0.5446834564208984,0.5446834564208984
3438,2026-09-04,0,-61000.0,-61000.0,-0.3812499940395355,-0.3812499940395355,-116488.0,-116488.0,-0.14542821049690247,-0.14542821049690247,-50488.0,-50488.0,-0.03332541137933731,-0.03332541137933731,-110488.0,-110488.0,-0.043328627943992615,-0.043328627943992615,-146229.0,-146229.0,-0.04621649906039238,-0.04621649906039238,0.0,0.0,0.0,0.0,0.0,0.0,0.3392287492752075,0.3392287492752075
3441,2026-09-04,0,88874.0,88874.0,0.01888926699757576,0.01888926699757576,240816.0,240816.0,0.02048974670469761,0.02048974670469761,854992.0,854992.0,0.043929096311330795,0.043929096311330795,-325259.0,-325259.0,-0.0022369944490492344,-0.0022369944490492344,1719848.0,1719848.0,0.005777680780738592,0.005777680780738592,0.0,0.0,1.0,1.0,1.0,1.0,11.750772476196289,11.750772476196289
3443,2026-09-04,0,63245.0,63245.0,0.03998389095067978,0.03998389095067978,318488.0,318488.0,0.07335071265697479,0.07335071265697479,81869.0,81869.0,0.0096448278054595,0.0096448278054595,400817.0,400817.0,0.02107275277376175,0.02107275277376175,1492231.0,1492231.0,0.03180950507521629,0.03180950507521629,2.0,2.0,0.0,0.0,3.0,3.0,1.180314540863037,1.180314540863037
3444,2026-09-04,0,137129.0,137129.0,0.2229739874601364,0.2229739874601364,217129.0,217129.0,0.18369628489017487,0.18369628489017487,211526.0,211526.0,0.12156666815280914,0.12156666815280914,-11101.0,-11101.0,-0.0013708323240280151,-0.0013708323240280151,-270539.0,-270539.0,-0.024614593014121056,-0.024614593014121056,0.0,0.0,1.0,1.0,1.0,1.0,1.366761565208435,1.366761565208435
3447,2026-09-04,0,24000.0,24000.0,0.24752986431121826,0.24752986431121826,18000.0,18000.0,0.048924874514341354,0.048924874514341354,26999.0,26999.0,0.023413339629769325,0.023413339629769325,71999.0,71999.0,0.04581846669316292,0.04581846669316292,130999.0,130999.0,0.05451792851090431,0.05451792851090431,0.0,0.0,1.0,1.0,1.0,1.0,0.12518928945064545,0.12518928945064545
3450,2026-09-04,0,-252930.0,-252930.0,-0.15369732677936554,-0.15369732677936554,220385.0,220385.0,0.014355234801769257,0.014355234801769257,-1406903.0,-1406903.0,-0.027576932683587074,-0.027576932683587074,2957531.0,2957531.0,0.023009613156318665,0.023009613156318665,3946569.0,3946569.0,0.01768462546169758,0.01768462546169758,2.0,2.0,0.0,0.0,0.0,0.0,1.1296137571334839,1.1296137571334839
3455,2026-09-04,0,-4078.0,-4078.0,-0.0021983827464282513,-0.0021983827464282513,-538361.0,-538361.0,-0.06624350696802139,-0.06624350696802139,-858789.0,-858789.0,-0.05556706711649895,-0.05556706711649895,-1637714.0,-1637714.0,-0.06678277254104614,-0.06678277254104614,-825073.0,-825073.0,-0.016263363882899284,-0.016263363882899284,0.0,0.0,0.0,0.0,0.0,0.0,3.0993764400482178,3.0993764400482178
3465,2026-09-04,0,1000.0,1000.0,0.043478261679410934,0.043478261679410934,-3000.0,-3000.0,-0.0517241396009922,-0.0517241396009922,-3000.0,-3000.0,-0.04054053872823715,-0.04054053872823715,-3000.0,-3000.0,-0.01744186133146286,-0.01744186133146286,-39000.0,-39000.0,-0.09974424540996552,-0.09974424540996552,0.0,0.0,1.0,1.0,1.0,1.0,0.05433516576886177,0.05433516576886177
3466,2026-09-04,0,8000.0,8000.0,0.0833333358168602,0.0833333358168602,61000.0,61000.0,0.1635388731956482,0.1635388731956482,112010.0,112010.0,0.17048706114292145,0.17048706114292145,179010.0,179010.0,0.15106329321861267,0.15106329321861267,323108.0,323108.0,0.1373174637556076,0.1373174637556076,0.0,0.0,0.0,0.0,5.0,5.0,0.12324745953083038,0.12324745953083038
3467,2026-09-04,0,-15000.0,-15000.0,-0.12711864709854126,-0.12711864709854126,12000.0,12000.0,0.03669724613428116,0.03669724613428116,6000.0,6000.0,0.015915120020508766,0.015915120020508766,-2000.0,-2000.0,-0.0031104199588298798,-0.0031104199588298798,-12000.0,-12000.0,-0.01157184224575758,-0.01157184224575758,0.0,0.0,0.0,0.0,0.0,0.0,0.37934109568595886,0.37934109568595886
3479,2026-09-04,0,103245.0,103245.0,0.26006296277046204,0.26006296277046204,127245.0,127245.0,0.10204090178012848,0.10204090178012848,82045.0,82045.0,0.03313610702753067,0.03313610702753067,-57212.0,-57212.0,-0.013612181879580021,-0.013612181879580021,-1606465.0,-1606465.0,-0.1243201494216919,-0.1243201494216919,0.0,0.0,1.0,1.0,1.0,1.0,0.5466048717498779,0.5466048717498779
3481,2026-09-04,0,-16944972.0,-16944972.0,-0.1297924816608429,-0.1297924816608429,6716453.0,6716453.0,0.010072782635688782,0.010072782635688782,-12060837.0,-12060837.0,-0.011281033046543598,-0.011281033046543598,-17086464.0,-17086464.0,-0.008842647075653076,-0.008842647075653076,-55164648.0,-55164648.0,-0.01326091680675745,-0.01326091680675745,0.0,0.0,0.0,0.0,0.0,0.0,1.6341360807418823,1.6341360807418823
3483,2026-09-04,0,9150.0,9150.0,0.019635193049907684,0.019635193049907684,-172476.0,-172476.0,-0.07882815599441528,-0.07882815599441528,-106759.0,-106759.0,-0.03964314982295036,-0.03964314982295036,-20369.0,-20369.0,-0.005547113250941038,-0.005547113250941038,-163502.0,-163502.0,-0.026379799470305443,-0.026379799470305443,0.0,0.0,1.0,1.0,1.0,1.0,0.4704729914665222,0.4704729914665222
3484,2026-09-04,0,-192939.0,-192939.0,-0.6890678405761719,-0.6890678405761719,-372846.0,-372846.0,-0.3004399538040161,-0.3004399538040161,-498244.0,-498244.0,-0.3019660711288452,-0.3019660711288452,-611016.0,-611016.0,-0.26348254084587097,-0.26348254084587097,-670240.0,-670240.0,-0.13980808854103088,-0.13980808854103088,0.0,0.0,0.0,0.0,0.0,0.0,0.35520288348197937,0.35520288348197937
3489,2026-09-04,0,7219.0,7219.0,0.2062571495771408,0.2062571495771408,-16678.0,-16678.0,-0.05711643770337105,-0.05711643770337105,-129678.0,-129678.0,-0.2788774073123932,-0.2788774073123932,-63366.0,-63366.0,-0.045423656702041626,-0.045423656702041626,-218268.0,-218268.0,-0.03408839553594589,-0.03408839553594589,0.0,0.0,1.0,1.0,1.0,1.0,0.03869448974728584,0.03869448974728584
3490,2026-09-04,0,-11401.0,-11401.0,-0.0038168730679899454,-0.0038168730679899454,-316867.0,-316867.0,-0.028241265565156937,-0.028241265565156937,-616507.0,-616507.0,-0.02785716950893402,-0.02785716950893402,-1262324.0,-1262324.0,-0.026443304494023323,-0.026443304494023323,5079900.0,5079900.0,0.04320083558559418,0.04320083558559418,0.0,0.0,0.0,0.0,0.0,0.0,5.430273532867432,5.430273532867432
3491,2026-09-04,0,-2920.0,-2920.0,-0.0015673644375056028,-0.0015673644375056028,-566090.0,-566090.0,-0.11818163096904755,-0.11818163096904755,-918483.0,-918483.0,-0.1009654849767685,-0.1009654849767685,-1783597.0,-1783597.0,-0.0982968881726265,-0.0982968881726265,-2589266.0,-2589266.0,-0.08010847121477127,-0.08010847121477127,0.0,0.0,0.0,0.0,0.0,0.0,2.7076470851898193,2.7076470851898193
3492,2026-09-04,0,0.0,0.0,0.0,0.0,5000.0,5000.0,0.060975611209869385,0.060975611209869385,-10000.0,-10000.0,-0.06211180239915848,-0.06211180239915848,-84000.0,-84000.0,-0.10169491171836853,-0.10169491171836853,-49000.0,-49000.0,-0.019429024308919907,-0.019429024308919907,0.0,0.0,0.0,0.0,0.0,0.0,0.039401546120643616,0.039401546120643616
3494,2026-09-04,0,0.0,0.0,0.0,0.0,-13000.0,-13000.0,-0.08697979152202606,-0.08697979152202606,-28000.0,-28000.0,-0.11795582622289658,-0.11795582622289658,-39000.0,-39000.0,-0.06408824026584625,-0.06408824026584625,-77000.0,-77000.0,-0.0675157904624939,-0.0675157904624939,0.0,0.0,0.0,0.0,0.0,0.0,0.05776054784655571,0.05776054784655571
3498,2026-09-04,0,-491699.0,-491699.0,-0.1440243124961853,-0.1440243124961853,-379784.0,-379784.0,-0.029184969142079353,-0.029184969142079353,-438546.0,-438546.0,-0.022801747545599937,-0.022801747545599937,207453.0,207453.0,0.008922326378524303,0.008922326378524303,4933170.0,4933170.0,0.08361446857452393,0.08361446857452393,0.0,0.0,0.0,0.0,0.0,0.0,5.571784496307373,5.571784496307373
3499,2026-09-04,0,9000.0,9000.0,0.029702970758080482,0.029702970758080482,7000.0,7000.0,0.019999999552965164,0.019999999552965164,5000.0,5000.0,0.011363636702299118,0.011363636702299118,5000.0,5000.0,0.008849557489156723,0.008849557489156723,-17001.0,-17001.0,-0.02023928612470627,-0.02023928612470627,0.0,0.0,1.0,1.0,1.0,1.0,0.5512037873268127,0.5512037873268127
3501,2026-09-04,0,98000.0,98000.0,0.46522006392478943,0.46522006392478943,5241.0,5241.0,0.010362417437136173,0.010362417437136173,-50759.0,-50759.0,-0.0717429518699646,-0.0717429518699646,141191.0,141191.0,0.10485272109508514,0.10485272109508514,287444.0,287444.0,0.10645013302564621,0.10645013302564621,0.0,0.0,1.0,1.0,1.0,1.0,0.1781301349401474,0.1781301349401474
3504,2026-09-04,0,338292.0,338292.0,0.10162309557199478,0.10162309557199478,288988.0,288988.0,0.014593344181776047,0.014593344181776047,-248571.0,-248571.0,-0.008042342960834503,-0.008042342960834503,1729120.0,1729120.0,0.026499545201659203,0.026499545201659203,2035850.0,2035850.0,0.024301858618855476,0.024301858618855476,0.0,0.0,1.0,1.0,1.0,1.0,2.9185473918914795,2.9185473918914795
3508,2026-09-04,0,-8000.0,-8000.0,-0.07619047909975052,-0.07619047909975052,-95003.0,-95003.0,-0.20519006252288818,-0.20519006252288818,-84394.0,-84394.0,-0.08241601288318634,-0.08241601288318634,-23303.0,-23303.0,-0.007556096184998751,-0.007556096184998751,-165805.0,-165805.0,-0.020474808290600777,-0.020474808290600777,0.0,0.0,0.0,0.0,0.0,0.0,0.09644819051027298,0.09644819051027298
3511,2026-09-04,0,-23000.0,-23000.0,-0.38333332538604736,-0.38333332538604736,-103000.0,-103000.0,-0.287709504365921,-0.287709504365921,-87000.0,-87000.0,-0.15051902830600739,-0.15051902830600739,-138000.0,-138000.0,-0.12147887051105499,-0.12147887051105499,113527.0,113527.0,0.03834076225757599,0.03834076225757599,0.0,0.0,0.0,0.0,0.0,0.0,0.07502537220716476,0.07502537220716476
3512,2026-09-04,0,5000.0,5000.0,0.03378378227353096,0.03378378227353096,6000.0,6000.0,0.031088082119822502,0.031088082119822502,6000.0,6000.0,0.0260869562625885,0.0260869562625885,38000.0,38000.0,0.10079575330018997,0.10079575330018997,71000.0,71000.0,0.10425844043493271,0.10425844043493271,0.0,0.0,1.0,1.0,1.0,1.0,0.1308896243572235,0.1308896243572235
3515,2026-09-04,0,205564.0,205564.0,0.3745385706424713,0.3745385706424713,442330.0,442330.0,0.1894131898880005,0.1894131898880005,607412.0,607412.0,0.14988172054290771,0.14988172054290771,909028.0,909028.0,0.16971851885318756,0.16971851885318756,1698808.0,1698808.0,0.11123577505350113,0.11123577505350113,3.0,3.0,1.0,1.0,1.0,1.0,0.44433456659317017,0.44433456659317017
3516,2026-09-04,0,-4000.0,-4000.0,-0.012987012974917889,-0.012987012974917889,13000.0,13000.0,0.01150442473590374,0.01150442473590374,4000.0,4000.0,0.0027874563820660114,0.0027874563820660114,49000.0,49000.0,0.021313615143299103,0.021313615143299103,34000.0,34000.0,0.013401655480265617,0.013401655480265617,0.0,0.0,0.0,0.0,0.0,0.0,0.517117977142334,0.517117977142334
3518,2026-09-04,0,-109707.0,-109707.0,-0.07240033894777298,-0.07240033894777298,-810613.0,-810613.0,-0.08782994747161865,-0.08782994747161865,-715605.0,-715605.0,-0.05771306902170181,-0.05771306902170181,-511605.0,-511605.0,-0.038439009338617325,-0.038439009338617325,-949605.0,-949605.0,-0.05519954487681389,-0.05519954487681389,0.0,0.0,0.0,0.0,0.0,0.0,1.4787976741790771,1.4787976741790771
3520,2026-09-04,0,11000.0,11000.0,0.09482758492231369,0.09482758492231369,-17954.0,-17954.0,-0.05791613087058067,-0.05791613087058067,-193954.0,-193954.0,-0.2852264642715454,-0.2852264642715454,-373416.0,-373416.0,-0.21735505759716034,-0.21735505759716034,-161148.0,-161148.0,-0.03248296678066254,-0.03248296678066254,0.0,0.0,1.0,1.0,1.0,1.0,0.16849009692668915,0.16849009692668915
3522,2026-09-04,0,-1000.0,-1000.0,-0.03846153989434242,-0.03846153989434242,-4000.0,-4000.0,-0.019801979884505272,-0.019801979884505272,-11000.0,-11000.0,-0.04296875,-0.04296875,47000.0,47000.0,0.06491712480783463,0.06491712480783463,36000.0,36000.0,0.02477632462978363,0.02477632462978363,0.0,0.0,0.0,0.0,0.0,0.0,0.02497689425945282,0.02497689425945282
3523,2026-09-04,0,0.0,0.0,0.0,0.0,1000.0,1000.0,0.1428571492433548,0.1428571492433548,4000.0,4000.0,0.125,0.125,-1000.0,-1000.0,-0.012987012974917889,-0.012987012974917889,13000.0,13000.0,0.06372549384832382,0.06372549384832382,0.0,0.0,0.0,0.0,0.0,0.0,0.001556229661218822,0.001556229661218822
3526,2026-09-04,0,16054.0,16054.0,0.21405333280563354,0.21405333280563354,-135429.0,-135429.0,-0.3216840922832489,-0.3216840922832489,-173429.0,-173429.0,-0.2272988259792328,-0.2272988259792328,-475857.0,-475857.0,-0.24887917935848236,-0.24887917935848236,-900655.0,-900655.0,-0.20019003748893738,-0.20019003748893738,0.0,0.0,1.0,1.0,1.0,1.0,0.11389371752738953,0.11389371752738953
3527,2026-09-04,0,-7000.0,-7000.0,-0.21212121844291687,-0.21212121844291687,-3970.0,-3970.0,-0.019850000739097595,-0.019850000739097595,-1970.0,-1970.0,-0.00517060374841094,-0.00517060374841094,-56970.0,-56970.0,-0.07408322393894196,-0.07408322393894196,-57873.0,-57873.0,-0.04582185298204422,-0.04582185298204422,0.0,0.0,0.0,0.0,0.0,0.0,0.07424886524677277,0.07424886524677277
3528,2026-09-04,0,-8000.0,-8000.0,-0.09028632193803787,-0.09028632193803787,-114780.0,-114780.0,-0.19141101837158203,-0.19141101837158203,-110685.0,-110685.0,-0.12570683658123016,-0.12570683658123016,-305235.0,-305235.0,-0.1663137674331665,-0.1663137674331665,-302229.0,-302229.0,-0.057079751044511795,-0.057079751044511795,0.0,0.0,0.0,0.0,0.0,0.0,0.13296525180339813,0.13296525180339813
3529,2026-09-04,0,-192017.0,-192017.0,-0.17392843961715698,-0.17392843961715698,-615561.0,-615561.0,-0.1573922336101532,-0.1573922336101532,-1201567.0,-1201567.0,-0.10426648706197739,-0.10426648706197739,-1342842.0,-1342842.0,-0.08449266850948334,-0.08449266850948334,-2533789.0,-2533789.0,-0.09711352735757828,-0.09711352735757828,0.0,0.0,0.0,0.0,0.0,0.0,1.4781789779663086,1.4781789779663086
3530,2026-09-04,0,-880.0,-880.0,-0.009357421658933163,-0.009357421658933163,-32622.0,-32622.0,-0.08903700113296509,-0.08903700113296509,-70472.0,-70472.0,-0.10722985863685608,-0.10722985863685608,-422634.0,-422634.0,-0.17269018292427063,-0.17269018292427063,-431667.0,-431667.0,-0.12980341911315918,-0.12980341911315918,0.0,0.0,0.0,0.0,0.0,0.0,0.12138355523347855,0.12138355523347855
3531,2026-09-04,0,0.0,0.0,0.0,0.0,0.0,0.0,0.0,0.0,0.0,0.0,0.0,0.0,0.0,0.0,0.0,0.0,0.0,0.0,0.0,0.0,0.0,0.0,0.0,0.0,0.0,0.0,0.0032693087123334408,0.0032693087123334408
3532,2026-09-04,0,555700.0,555700.0,0.08128667622804642,0.08128667622804642,137734.0,137734.0,0.008251306600868702,0.008251306600868702,331362.0,331362.0,0.01096261665225029,0.01096261665225029,-1457633.0,-1457633.0,-0.01634560152888298,-0.01634560152888298,-140851.0,-140851.0,-0.0007024981896393001,-0.0007024981896393001,2.0,2.0,1.0,1.0,1.0,1.0,1.7626218795776367,1.7626218795776367
3533,2026-09-04,0,-8417.0,-8417.0,-0.019182121381163597,-0.019182121381163597,-78506.0,-78506.0,-0.03318524360656738,-0.03318524360656738,-52831.0,-52831.0,-0.00960723776370287,-0.00960723776370287,-620248.0,-620248.0,-0.04608578234910965,-0.04608578234910965,-5870708.0,-5870708.0,-0.1661723405122757,-0.1661723405122757,0.0,0.0,0.0,0.0,0.0,0.0,0.38991886377334595,0.38991886377334595
3535,2026-09-04,0,62782.0,62782.0,0.14017531275749207,0.14017531275749207,-242124.0,-242124.0,-0.12628759443759918,-0.12628759443759918,-94653.0,-94653.0,-0.033601317554712296,-0.033601317554712296,139875.0,139875.0,0.028622152283787727,0.028622152283787727,577257.0,577257.0,0.05522574111819267,0.05522574111819267,0.0,0.0,1.0,1.0,1.0,1.0,0.5665637850761414,0.5665637850761414
3537,2026-09-04,0,258077.0,258077.0,0.44267067313194275,0.44267067313194275,139225.0,139225.0,0.11319105327129364,0.11319105327129364,64256.0,64256.0,0.03305349871516228,0.03305349871516228,-14703.0,-14703.0,-0.0033415909856557846,-0.0033415909856557846,-886260.0,-886260.0,-0.05356663465499878,-0.05356663465499878,0.0,0.0,1.0,1.0,1.0,1.0,1.036573886871338,1.036573886871338
3540,2026-09-04,0,-9000.0,-9000.0,-0.03461538627743721,-0.03461538627743721,-168000.0,-168000.0,-0.09459459781646729,-0.09459459781646729,-167300.0,-167300.0,-0.028084605932235718,-0.028084605932235718,-967822.0,-967822.0,-0.07147873193025589,-0.07147873193025589,-545123.0,-545123.0,-0.027434473857283592,-0.027434473857283592,0.0,0.0,0.0,0.0,0.0,0.0,0.30784332752227783,0.30784332752227783
3541,2026-09-04,0,1000.0,1000.0,0.20000000298023224,0.20000000298023224,4000.0,4000.0,0.12903225421905518,0.12903225421905518,13000.0,13000.0,0.13131313025951385,0.13131313025951385,19000.0,19000.0,0.07569721341133118,0.07569721341133118,31000.0,31000.0,0.05740740895271301,0.05740740895271301,0.0,0.0,0.0,0.0,5.0,5.0,0.008873249404132366,0.008873249404132366
3543,2026-09-04,0,-200935.0,-200935.0,-0.11900588124990463,-0.11900588124990463,-1235448.0,-1235448.0,-0.11922962963581085,-0.11922962963581085,-395933.0,-395933.0,-0.014538531191647053,-0.014538531191647053,916373.0,916373.0,0.01793164573609829,0.01793164573609829,1254907.0,1254907.0,0.01649448089301586,0.01649448089301586,0.0,0.0,0.0,0.0,0.0,0.0,1.531287670135498,1.531287670135498
3545,2026-09-04,0,-102974.0,-102974.0,-0.16108740866184235,-0.16108740866184235,101675.0,101675.0,0.025293780490756035,0.025293780490756035,629803.0,629803.0,0.11443205177783966,0.11443205177783966,652782.0,652782.0,0.07753036916255951,0.07753036916255951,645403.0,645403.0,0.04323256015777588,0.04323256015777588,0.0,0.0,0.0,0.0,0.0,0.0,0.2874147295951843,0.2874147295951843
3546,2026-09-04,0,9050.0,9050.0,0.17075471580028534,0.17075471580028534,-32570.0,-32570.0,-0.12873518466949463,-0.12873518466949463,-371.0,-371.0,-0.000742000003810972,-0.000742000003810972,-75486.0,-75486.0,-0.07679145783185959,-0.07679145783185959,-274398.0,-274398.0,-0.11154390126466751,-0.11154390126466751,0.0,0.0,1.0,1.0,1.0,1.0,0.08639141172170639,0.08639141172170639
3548,2026-09-04,0,38000.0,38000.0,0.2657342553138733,0.2657342553138733,97040.0,97040.0,0.13572028279304504,0.13572028279304504,-143382.0,-143382.0,-0.06258489936590195,-0.06258489936590195,77836.0,77836.0,0.0136076919734478,0.0136076919734478,371796.0,371796.0,0.05254324525594711,0.05254324525594711,0.0,0.0,0.0,0.0,3.0,3.0,0.2095416933298111,0.2095416933298111
3550,2026-09-04,0,-149881.0,-149881.0,-0.11951451003551483,-0.11951451003551483,-207760.0,-207760.0,-0.06610116362571716,-0.06610116362571716,-760699.0,-760699.0,-0.11499862372875214,-0.11499862372875214,130006.0,130006.0,0.009485380724072456,0.009485380724072456,-369802.0,-369802.0,-0.010628057643771172,-0.010628057643771172,0.0,0.0,0.0,0.0,0.0,0.0,1.1660455465316772,1.1660455465316772
3551,2026-09-04,0,79000.0,79000.0,0.2893773019313812,0.2893773019313812,144030.0,144030.0,0.1930697113275528,0.1930697113275528,214522.0,214522.0,0.14169220626354218,0.14169220626354218,198115.0,198115.0,0.0690777525305748,0.0690777525305748,373618.0,373618.0,0.06987432390451431,0.06987432390451431,0.0,0.0,0.0,0.0,4.0,4.0,0.4383789300918579,0.4383789300918579
3552,2026-09-04,0,1000.0,1000.0,0.02222222276031971,0.02222222276031971,7536.0,7536.0,0.03334513306617737,0.03334513306617737,-17362.0,-17362.0,-0.03269679844379425,-0.03269679844379425,26838.0,26838.0,0.020409125834703445,0.020409125834703445,222083.0,222083.0,0.10021796077489853,0.10021796077489853,0.0,0.0,1.0,1.0,1.0,1.0,0.04595666378736496,0.04595666378736496
3555,2026-09-04,0,-14760.0,-14760.0,-0.1240336149930954,-0.1240336149930954,-21260.0,-21260.0,-0.04864988476037979,-0.04864988476037979,15740.0,15740.0,0.013441503047943115,0.013441503047943115,36767.0,36767.0,0.021820178255438805,0.021820178255438805,39922.0,39922.0,0.018212590366601944,0.018212590366601944,0.0,0.0,0.0,0.0,0.0,0.0,0.29750895500183105,0.29750895500183105
3556,2026-09-04,0,-262627.0,-262627.0,-0.2886011004447937,-0.2886011004447937,-248526.0,-248526.0,-0.1870022565126419,-0.1870022565126419,-216413.0,-216413.0,-0.12523899972438812,-0.12523899972438812,-203261.0,-203261.0,-0.06235000118613243,-0.06235000118613243,-53371.0,-53371.0,-0.008091419003903866,-0.008091419003903866,0.0,0.0,0.0,0.0,0.0,0.0,1.428507685661316,1.428507685661316
3557,2026-09-04,0,8000.0,8000.0,0.3652968108654022,0.3652968108654022,4000.0,4000.0,0.0786580964922905,0.0786580964922905,-6630.0,-6630.0,-0.05526381731033325,-0.05526381731033325,-15630.0,-15630.0,-0.07239328324794769,-0.07239328324794769,-39780.0,-39780.0,-0.06548633426427841,-0.06548633426427841,0.0,0.0,1.0,1.0,1.0,1.0,0.025973891839385033,0.025973891839385033
3558,2026-09-04,0,2940.0,2940.0,0.06533333659172058,0.06533333659172058,-80430.0,-80430.0,-0.3230120539665222,-0.3230120539665222,-110028.0,-110028.0,-0.29419252276420593,-0.29419252276420593,-44758.0,-44758.0,-0.04797213152050972,-0.04797213152050972,176995.0,176995.0,0.09854955226182938,0.09854955226182938,0.0,0.0,1.0,1.0,1.0,1.0,0.07619256526231766,0.07619256526231766
3563,2026-09-04,0,4136.0,4136.0,0.00908699445426464,0.00908699445426464,-139890.0,-139890.0,-0.0760539174079895,-0.0760539174079895,96563.0,96563.0,0.032577380537986755,0.032577380537986755,178200.0,178200.0,0.03944456949830055,0.03944456949830055,-16823.0,-16823.0,-0.0018787921871989965,-0.0018787921871989965,1.0,1.0,1.0,1.0,1.0,1.0,0.7116164565086365,0.7116164565086365
3564,2026-09-04,0,14120.0,14120.0,0.008808484300971031,0.008808484300971031,25120.0,25120.0,0.006333837751299143,0.006333837751299143,20120.0,20120.0,0.004819161724299192,0.004819161724299192,32120.0,32120.0,0.0071219513192772865,0.0071219513192772865,149120.0,149120.0,0.02674318477511406,0.02674318477511406,0.0,0.0,1.0,1.0,1.0,1.0,2.711292266845703,2.711292266845703
3567,2026-09-04,0,-11000.0,-11000.0,-0.42307692766189575,-0.42307692766189575,-15000.0,-15000.0,-0.234375,-0.234375,-9000.0,-9000.0,-0.07500000298023224,-0.07500000298023224,-9000.0,-9000.0,-0.04072398319840431,-0.04072398319840431,-35000.0,-35000.0,-0.04978662729263306,-0.04978662729263306,0.0,0.0,0.0,0.0,0.0,0.0,0.07657419145107269,0.07657419145107269
3570,2026-09-04,0,1000.0,1000.0,0.3333333432674408,0.3333333432674408,9000.0,9000.0,0.2432432472705841,0.2432432472705841,10000.0,10000.0,0.19230769574642181,0.19230769574642181,2535.0,2535.0,0.021302521228790283,0.021302521228790283,-44600.0,-44600.0,-0.12354570627212524,-0.12354570627212524,0.0,0.0,0.0,0.0,4.0,4.0,0.017546938732266426,0.017546938732266426
3576,2026-09-04,0,-199924.0,-199924.0,-0.05508507415652275,-0.05508507415652275,-3514072.0,-3514072.0,-0.1897711455821991,-0.1897711455821991,433436.0,433436.0,0.0063516502268612385,0.0063516502268612385,2362943.0,2362943.0,0.019785894080996513,0.019785894080996513,10111354.0,10111354.0,0.047323331236839294,0.047323331236839294,0.0,0.0,0.0,0.0,0.0,0.0,0.2229621708393097,0.2229621708393097
3577,2026-09-04,0,106000.0,106000.0,0.4140625,0.4140625,-170265.0,-170265.0,-0.16514548659324646,-0.16514548659324646,-494819.0,-494819.0,-0.22646178305149078,-0.22646178305149078,-726406.0,-726406.0,-0.214913010597229,-0.214913010597229,-991151.0,-991151.0,-0.10795675963163376,-0.10795675963163376,0.0,0.0,1.0,1.0,1.0,1.0,0.4002147912979126,0.4002147912979126
3580,2026-09-04,0,-15499.0,-15499.0,-0.051491692662239075,-0.051491692662239075,-150837.0,-150837.0,-0.08469230681657791,-0.08469230681657791,-42176.0,-42176.0,-0.01807801052927971,-0.01807801052927971,19855.0,19855.0,0.006116759032011032,0.006116759032011032,187659.0,187659.0,0.030165407806634903,0.030165407806634903,0.0,0.0,0.0,0.0,0.0,0.0,0.7625918388366699,0.7625918388366699
3581,2026-09-04,0,34026.0,34026.0,0.11573469638824463,0.11573469638824463,-47388.0,-47388.0,-0.037079811096191406,-0.037079811096191406,-44245.0,-44245.0,-0.020417628809809685,-0.020417628809809685,-117223.0,-117223.0,-0.03079952672123909,-0.03079952672123909,257463.0,257463.0,0.028857095167040825,0.028857095167040825,0.0,0.0,0.0,0.0,2.0,2.0,0.5764027833938599,0.5764027833938599
3583,2026-09-04,0,-819251.0,-819251.0,-0.408833384513855,-0.408833384513855,-1044037.0,-1044037.0,-0.27098557353019714,-0.27098557353019714,-1289316.0,-1289316.0,-0.189719095826149,-0.189719095826149,-1136152.0,-1136152.0,-0.09358884394168854,-0.09358884394168854,67086.0,67086.0,0.0031964993104338646,0.0031964993104338646,0.0,0.0,0.0,0.0,0.0,0.0,2.4940545558929443,2.4940545558929443
3587,2026-09-04,0,55823.0,55823.0,0.181833878159523,0.181833878159523,-421086.0,-421086.0,-0.13878905773162842,-0.13878905773162842,-345151.0,-345151.0,-0.09290739893913269,-0.09290739893913269,-94713.0,-94713.0,-0.01697974093258381,-0.01697974093258381,-143711.0,-143711.0,-0.013372196815907955,-0.013372196815907955,0.0,0.0,1.0,1.0,1.0,1.0,0.43137243390083313,0.43137243390083313
3588,2026-09-04,0,10101.0,10101.0,0.10571649670600891,0.10571649670600891,-14610.0,-14610.0,-0.04301132261753082,-0.04301132261753082,-11573.0,-11573.0,-0.01679658703505993,-0.01679658703505993,13994.0,13994.0,0.00979460310190916,0.00979460310190916,32894.0,32894.0,0.009571090340614319,0.009571090340614319,0.0,0.0,1.0,1.0,1.0,1.0,0.15413160622119904,0.15413160622119904
3591,2026-09-04,0,958793.0,958793.0,0.18208825588226318,0.18208825588226318,1184825.0,1184825.0,0.16247007250785828,0.16247007250785828,1257888.0,1257888.0,0.13824228942394257,0.13824228942394257,1994973.0,1994973.0,0.16345351934432983,0.16345351934432983,2051571.0,2051571.0,0.1174347996711731,0.1174347996711731,0.0,0.0,1.0,1.0,1.0,1.0,3.6217446327209473,3.6217446327209473
3592,2026-09-04,0,-7000.0,-7000.0,-0.03936808556318283,-0.03936808556318283,-6000.0,-6000.0,-0.00756382942199707,-0.00756382942199707,-192173.0,-192173.0,-0.057468757033348083,-0.057468757033348083,-106544.0,-106544.0,-0.024937553331255913,-0.024937553331255913,-999570.0,-999570.0,-0.12343829870223999,-0.12343829870223999,1.0,1.0,0.0,0.0,0.0,0.0,0.2344057410955429,0.2344057410955429
3593,2026-09-04,0,-1000.0,-1000.0,-0.2987750172615051,-0.2987750172615051,-1000.0,-1000.0,-0.01743314415216446,-0.01743314415216446,-1100.0,-1100.0,-0.008429894223809242,-0.008429894223809242,-1100.0,-1100.0,-0.005147017538547516,-0.005147017538547516,17900.0,17900.0,0.043255940079689026,0.043255940079689026,0.0,0.0,0.0,0.0,0.0,0.0,0.005502630956470966,0.005502630956470966
3594,2026-09-04,0,-30180.0,-30180.0,-0.040132977068424225,-0.040132977068424225,-924103.0,-924103.0,-0.31593266129493713,-0.31593266129493713,-1389636.0,-1389636.0,-0.22673127055168152,-0.22673127055168152,-1579791.0,-1579791.0,-0.17561037838459015,-0.17561037838459015,-2740700.0,-2740700.0,-0.11276280879974365,-0.11276280879974365,0.0,0.0,0.0,0.0,0.0,0.0,0.7837549448013306,0.7837549448013306
3596,2026-09-04,0,-52208.0,-52208.0,-0.06804198026657104,-0.06804198026657104,-1449100.0,-1449100.0,-0.39746254682540894,-0.39746254682540894,-3089616.0,-3089616.0,-0.4481349289417267,-0.4481349289417267,-5254711.0,-5254711.0,-0.4123334288597107,-0.4123334288597107,-15344172.0,-15344172.0,-0.5259695649147034,-0.5259695649147034,0.0,0.0,0.0,0.0,0.0,0.0,0.34820783138275146,0.34820783138275146
3597,2026-09-04,0,-1000.0,-1000.0,-0.07692307978868484,-0.07692307978868484,-4000.0,-4000.0,-0.13333334028720856,-0.13333334028720856,-5000.0,-5000.0,-0.08620689809322357,-0.08620689809322357,-6000.0,-6000.0,-0.032608695328235626,-0.032608695328235626,9000.0,9000.0,0.01875000074505806,0.01875000074505806,0.0,0.0,0.0,0.0,0.0,0.0,0.03313246741890907,0.03313246741890907
3605,2026-09-04,0,284573.0,284573.0,0.022582193836569786,0.022582193836569786,-170319.0,-170319.0,-0.0036803081165999174,-0.0036803081165999174,-2872322.0,-2872322.0,-0.03170551359653473,-0.03170551359653473,-13777754.0,-13777754.0,-0.08538208156824112,-0.08538208156824112,-4128446.0,-4128446.0,-0.015386544167995453,-0.015386544167995453,0.0,0.0,0.0,0.0,2.0,2.0,7.213416576385498,7.213416576385498
3607,2026-09-04,0,-40000.0,-40000.0,-0.41145068407058716,-0.41145068407058716,-144000.0,-144000.0,-0.4212201237678528,-0.4212201237678528,-143000.0,-143000.0,-0.19095641374588013,-0.19095641374588013,-250000.0,-250000.0,-0.15724724531173706,-0.15724724531173706,-182002.0,-182002.0,-0.05607736483216286,-0.05607736483216286,0.0,0.0,0.0,0.0,0.0,0.0,0.07990729063749313,0.07990729063749313
3609,2026-09-04,0,48000.0,48000.0,0.260869562625885,0.260869562625885,34000.0,34000.0,0.1082802563905716,0.1082802563905716,66000.0,66000.0,0.07300885021686554,0.07300885021686554,194000.0,194000.0,0.08940092474222183,0.08940092474222183,158000.0,158000.0,0.034588441252708435,0.034588441252708435,0.0,0.0,1.0,1.0,1.0,1.0,0.47892487049102783,0.47892487049102783
3611,2026-09-04,0,-9030.0,-9030.0,-0.3473076820373535,-0.3473076820373535,-16056.0,-16056.0,-0.27213558554649353,-0.27213558554649353,-28056.0,-28056.0,-0.16699999570846558,-0.16699999570846558,-8156.0,-8156.0,-0.021020619198679924,-0.021020619198679924,-55223.0,-55223.0,-0.07382754236459732,-0.07382754236459732,0.0,0.0,0.0,0.0,0.0,0.0,0.05467395484447479,0.05467395484447479
3615,2026-09-04,0,127620.0,127620.0,0.40386074781417847,0.40386074781417847,79620.0,79620.0,0.068051278591156,0.068051278591156,93951.0,93951.0,0.051395513117313385,0.051395513117313385,310546.0,310546.0,0.06669802218675613,0.06669802218675613,236331.0,236331.0,0.019571924582123756,0.019571924582123756,0.0,0.0,1.0,1.0,1.0,1.0,0.46153637766838074,0.46153637766838074
3617,2026-09-04,0,99552.0,99552.0,0.37443017959594727,0.37443017959594727,-15841.0,-15841.0,-0.015604790300130844,-0.015604790300130844,171616.0,171616.0,0.06274984776973724,0.06274984776973724,-38035.0,-38035.0,-0.006448837928473949,-0.006448837928473949,636200.0,636200.0,0.03835904598236084,0.03835904598236084,0.0,0.0,1.0,1.0,1.0,1.0,0.28057223558425903,0.28057223558425903
3622,2026-09-04,0,-112000.0,-112000.0,-0.2716798186302185,-0.2716798186302185,-516000.0,-516000.0,-0.4420764148235321,-0.4420764148235321,-698286.0,-698286.0,-0.35264796018600464,-0.35264796018600464,-898361.0,-898361.0,-0.14731648564338684,-0.14731648564338684,-2007090.0,-2007090.0,-0.19939589500427246,-0.19939589500427246,0.0,0.0,0.0,0.0,0.0,0.0,0.2724222242832184,0.2724222242832184
3623,2026-09-04,0,3000.0,3000.0,0.03999999910593033,0.03999999910593033,45000.0,45000.0,0.2008928507566452,0.2008928507566452,74000.0,74000.0,0.2222222238779068,0.2222222238779068,113000.0,113000.0,0.20433996617794037,0.20433996617794037,141000.0,141000.0,0.15376226603984833,0.15376226603984833,0.0,0.0,0.0,0.0,8.0,8.0,0.256972998380661,0.256972998380661
3624,2026-09-04,0,3653402.0,3653402.0,0.40315625071525574,0.40315625071525574,3069126.0,3069126.0,0.17515842616558075,0.17515842616558075,2763860.0,2763860.0,0.10035073757171631,0.10035073757171631,760913.0,760913.0,0.012314898893237114,0.012314898893237114,-4974444.0,-4974444.0,-0.03666738420724869,-0.03666738420724869,0.0,0.0,1.0,1.0,1.0,1.0,7.722801208496094,7.722801208496094
3625,2026-09-04,0,-86894.0,-86894.0,-0.4259509742259979,-0.4259509742259979,-107641.0,-107641.0,-0.15970474481582642,-0.15970474481582642,-206634.0,-206634.0,-0.1425062119960785,-0.1425062119960785,-190876.0,-190876.0,-0.05652235820889473,-0.05652235820889473,210906.0,210906.0,0.019705316051840782,0.019705316051840782,0.0,0.0,0.0,0.0,0.0,0.0,0.17856085300445557,0.17856085300445557
3628,2026-09-04,0,4000.0,4000.0,0.08510638028383255,0.08510638028383255,35000.0,35000.0,0.2822580635547638,0.2822580635547638,56000.0,56000.0,0.29015544056892395,0.29015544056892395,22000.0,22000.0,0.05714285746216774,0.05714285746216774,136238.0,136238.0,0.12498898804187775,0.12498898804187775,0.0,0.0,0.0,0.0,5.0,5.0,0.10444444417953491,0.10444444417953491
3629,2026-09-04,0,0.0,0.0,0.0,0.0,0.0,0.0,0.0,0.0,0.0,0.0,0.0,0.0,0.0,0.0,0.0,0.0,0.0,0.0,0.0,0.0,0.0,0.0,0.0,0.0,0.0,0.0,0.01213784422725439,0.01213784422725439
3630,2026-09-04,0,-368894.0,-368894.0,-0.09059283137321472,-0.09059283137321472,-18656.0,-18656.0,-0.002567575080320239,-0.002567575080320239,-86298.0,-86298.0,-0.010803455486893654,-0.010803455486893654,201035.0,201035.0,0.01664886064827442,0.01664886064827442,135568.0,135568.0,0.007874078117311,0.007874078117311,0.0,0.0,0.0,0.0,0.0,0.0,1.994202971458435,1.994202971458435
3631,2026-09-04,0,17000.0,17000.0,0.11971831321716309,0.11971831321716309,7280.0,7280.0,0.013684210367500782,0.013684210367500782,-151540.0,-151540.0,-0.07929879426956177,-0.07929879426956177,129460.0,129460.0,0.03951770439743996,0.03951770439743996,147460.0,147460.0,0.022950973361730576,0.022950973361730576,0.0,0.0,0.0,0.0,2.0,2.0,0.17354977130889893,0.17354977130889893
3632,2026-09-03,0,0.0,0.0,0.0,0.0,-1.0,-1.0,-8.333333244081587e-05,-8.333333244081587e-05,-1.0,-1.0,-2.2222222469281405e-05,-2.2222222469281405e-05,-1.0,-1.0,-1.4084506801737007e-05,-1.4084506801737007e-05,-1002.0,-1002.0,-0.0046822428703308105,-0.0046822428703308105,0.0,0.0,0.0,0.0,0.0,0.0,0.004891202785074711,0.004891202785074711
3645,2026-09-04,0,-214900.0,-214900.0,-0.10048442333936691,-0.10048442333936691,-762320.0,-762320.0,-0.09589172154664993,-0.09589172154664993,-4498937.0,-4498937.0,-0.20765015482902527,-0.20765015482902527,-7289029.0,-7289029.0,-0.21003375947475433,-0.21003375947475433,-7361095.0,-7361095.0,-0.1554969698190689,-0.1554969698190689,0.0,0.0,0.0,0.0,0.0,0.0,1.563856840133667,1.563856840133667
3646,2026-09-04,0,0.0,0.0,0.0,0.0,2000.0,2000.0,0.10526315867900848,0.10526315867900848,2000.0,2000.0,0.043478261679410934,0.043478261679410934,1000.0,1000.0,0.006666666828095913,0.006666666828095913,4999.0,4999.0,0.01201682724058628,0.01201682724058628,0.0,0.0,0.0,0.0,0.0,0.0,0.01781289651989937,0.01781289651989937
3652,2026-09-04,0,19000.0,19000.0,0.18164783716201782,0.18164783716201782,10000.0,10000.0,0.03419048711657524,0.03419048711657524,-3000.0,-3000.0,-0.006531550548970699,-0.006531550548970699,-26000.0,-26000.0,-0.026634132489562035,-0.026634132489562035,279531.0,279531.0,0.013578408397734165,0.013578408397734165,0.0,0.0,1.0,1.0,1.0,1.0,0.1392829269170761,0.1392829269170761
3653,2026-09-04,0,98892.0,98892.0,0.10486311465501785,0.10486311465501785,519076.0,519076.0,0.1655419021844864,0.1655419021844864,397527.0,397527.0,0.06775572150945663,0.06775572150945663,1073686.0,1073686.0,0.07870198041200638,0.07870198041200638,1992737.0,1992737.0,0.06653693318367004,0.06653693318367004,1.0,1.0,0.0,0.0,3.0,3.0,0.6427042484283447,0.6427042484283447
3661,2026-09-04,0,185451.0,185451.0,0.10553232580423355,0.10553232580423355,39719.0,39719.0,0.007541865110397339,0.007541865110397339,255931.0,255931.0,0.026039736345410347,0.026039736345410347,360505.0,360505.0,0.019895287230610847,0.019895287230610847,1874122.0,1874122.0,0.038724616169929504,0.038724616169929504,3.0,3.0,1.0,1.0,1.0,1.0,2.038508892059326,2.038508892059326
3663,2026-09-04,0,137000.0,137000.0,0.3301204741001129,0.3301204741001129,-114270.0,-114270.0,-0.07287627458572388,-0.07287627458572388,-22158.0,-22158.0,-0.00981310848146677,-0.00981310848146677,254245.0,254245.0,0.06482534110546112,0.06482534110546112,133726.0,133726.0,0.01605546846985817,0.01605546846985817,0.0,0.0,1.0,1.0,1.0,1.0,0.38250938057899475,0.38250938057899475
3664,2026-09-04,0,0.0,0.0,0.0,0.0,-1000.0,-1000.0,-0.0023419202771037817,-0.0023419202771037817,-1000.0,-1000.0,-0.0016806722851470113,-0.0016806722851470113,-1000.0,-1000.0,-0.0014534883666783571,-0.0014534883666783571,-1000.0,-1000.0,-0.0013192612677812576,-0.0013192612677812576,0.0,0.0,0.0,0.0,0.0,0.0,0.08295435458421707,0.08295435458421707
3665,2026-09-04,0,-283417.0,-283417.0,-0.19430968165397644,-0.19430968165397644,-2146411.0,-2146411.0,-0.29388228058815,-0.29388228058815,-2244483.0,-2244483.0,-0.14960229396820068,-0.14960229396820068,-4819553.0,-4819553.0,-0.14059670269489288,-0.14059670269489288,-5711355.0,-5711355.0,-0.09284491837024689,-0.09284491837024689,0.0,0.0,0.0,0.0,0.0,0.0,0.7476911544799805,0.7476911544799805
3669,2026-09-04,0,6000.0,6000.0,0.06285025924444199,0.06285025924444199,-69000.0,-69000.0,-0.17517447471618652,-0.17517447471618652,-94000.0,-94000.0,-0.10840296000242233,-0.10840296000242233,-78068.0,-78068.0,-0.0358617901802063,-0.0358617901802063,10683.0,10683.0,0.0019558286294341087,0.0019558286294341087,0.0,0.0,1.0,1.0,1.0,1.0,0.10273896902799606,0.10273896902799606
3672,2026-09-04,0,0.0,0.0,0.0,0.0,-1000.0,-1000.0,-0.01315789483487606,-0.01315789483487606,-1000.0,-1000.0,-0.009009009227156639,-0.009009009227156639,-4000.0,-4000.0,-0.025641025975346565,-0.025641025975346565,-3000.0,-3000.0,-0.010714286006987095,-0.010714286006987095,0.0,0.0,0.0,0.0,0.0,0.0,0.0907076746225357,0.0907076746225357
3673,2026-09-04,0,84209.0,84209.0,0.030797233805060387,0.030797233805060387,276970.0,276970.0,0.021772511303424835,0.021772511303424835,324600.0,324600.0,0.013992211781442165,0.013992211781442165,2412802.0,2412802.0,0.04115968942642212,0.04115968942642212,573630.0,573630.0,0.005601763725280762,0.005601763725280762,0.0,0.0,0.0,0.0,2.0,2.0,0.6723746657371521,0.6723746657371521
3675,2026-09-04,0,-60432.0,-60432.0,-0.06938231736421585,-0.06938231736421585,60497.0,60497.0,0.023855283856391907,0.023855283856391907,257481.0,257481.0,0.06983482837677002,0.06983482837677002,159429.0,159429.0,0.01927100121974945,0.01927100121974945,-944128.0,-944128.0,-0.05026502534747124,-0.05026502534747124,0.0,0.0,0.0,0.0,0.0,0.0,1.6416021585464478,1.6416021585464478
3679,2026-09-04,0,14000.0,14000.0,0.10620784759521484,0.10620784759521484,12818.0,12818.0,0.0844205915927887,0.0844205915927887,4818.0,4818.0,0.02420995943248272,0.02420995943248272,22818.0,22818.0,0.04831957072019577,0.04831957072019577,98946.0,98946.0,0.10371404886245728,0.10371404886245728,2.0,2.0,0.0,0.0,2.0,2.0,0.20915953814983368,0.20915953814983368
3680,2026-09-04,0,29020.0,29020.0,0.027823586016893387,0.027823586016893387,725849.0,725849.0,0.13552072644233704,0.13552072644233704,1582842.0,1582842.0,0.16661494970321655,0.16661494970321655,2099334.0,2099334.0,0.13987167179584503,0.13987167179584503,2719949.0,2719949.0,0.11198274791240692,0.11198274791240692,0.0,0.0,0.0,0.0,4.0,4.0,1.0859891176223755,1.0859891176223755
3684,2026-09-04,0,-1000.0,-1000.0,-0.02857142873108387,-0.02857142873108387,-2000.0,-2000.0,-0.0317460335791111,-0.0317460335791111,-4007.0,-4007.0,-0.04355434700846672,-0.04355434700846672,2993.0,2993.0,0.009813115000724792,0.009813115000724792,-24007.0,-24007.0,-0.032662585377693176,-0.032662585377693176,0.0,0.0,0.0,0.0,0.0,0.0,0.1155310869216919,0.1155310869216919
3685,2026-09-04,0,121003.0,121003.0,0.11909744143486023,0.11909744143486023,228003.0,228003.0,0.09091028571128845,0.09091028571128845,284254.0,284254.0,0.05974232777953148,0.05974232777953148,339053.0,339053.0,0.04812675714492798,0.04812675714492798,-79997.0,-79997.0,-0.00642391387373209,-0.00642391387373209,0.0,0.0,1.0,1.0,1.0,1.0,1.276798963546753,1.276798963546753
3686,2026-09-04,0,-15000.0,-15000.0,-0.27856704592704773,-0.27856704592704773,-22000.0,-22000.0,-0.16463738679885864,-0.16463738679885864,-7000.0,-7000.0,-0.028238901868462563,-0.028238901868462563,-39000.0,-39000.0,-0.07864710688591003,-0.07864710688591003,-96002.0,-96002.0,-0.07998993247747421,-0.07998993247747421,0.0,0.0,0.0,0.0,0.0,0.0,0.07039272785186768,0.07039272785186768
3687,2026-09-04,0,21000.0,21000.0,0.2164948433637619,0.2164948433637619,26000.0,26000.0,0.1538461595773697,0.1538461595773697,40000.0,40000.0,0.15444014966487885,0.15444014966487885,56000.0,56000.0,0.12173912674188614,0.12173912674188614,118941.0,118941.0,0.1212446466088295,0.1212446466088295,0.0,0.0,1.0,1.0,1.0,1.0,0.32267916202545166,0.32267916202545166
3689,2026-09-04,0,-153664.0,-153664.0,-0.15474723279476166,-0.15474723279476166,-748456.0,-748456.0,-0.11986803263425827,-0.11986803263425827,-662170.0,-662170.0,-0.06938803195953369,-0.06938803195953369,-450762.0,-450762.0,-0.026848651468753815,-0.026848651468753815,-176284.0,-176284.0,-0.007031952030956745,-0.007031952030956745,0.0,0.0,0.0,0.0,0.0,0.0,1.110850214958191,1.110850214958191
3691,2026-09-04,0,-32418.0,-32418.0,-0.18957895040512085,-0.18957895040512085,-311818.0,-311818.0,-0.2353343367576599,-0.2353343367576599,-151772.0,-151772.0,-0.05667363852262497,-0.05667363852262497,-310596.0,-310596.0,-0.07457286864519119,-0.07457286864519119,-466558.0,-466558.0,-0.04837304353713989,-0.04837304353713989,0.0,0.0,0.0,0.0,0.0,0.0,0.1861054003238678,0.1861054003238678
3693,2026-09-04,0,158484.0,158484.0,0.07810941338539124,0.07810941338539124,1436430.0,1436430.0,0.1996983140707016,0.1996983140707016,2069698.0,2069698.0,0.19657118618488312,0.19657118618488312,2956517.0,2956517.0,0.1850946545600891,0.1850946545600891,2848711.0,2848711.0,0.11784680932760239,0.11784680932760239,0.0,0.0,0.0,0.0,10.0,10.0,4.719625949859619,4.719625949859619
3694,2026-09-04,0,-112338.0,-112338.0,-0.20444010198116302,-0.20444010198116302,-385365.0,-385365.0,-0.19694125652313232,-0.19694125652313232,-207486.0,-207486.0,-0.0655459389090538,-0.0655459389090538,-193635.0,-193635.0,-0.032283831387758255,-0.032283831387758255,-2078423.0,-2078423.0,-0.13823658227920532,-0.13823658227920532,0.0,0.0,0.0,0.0,0.0,0.0,0.35476046800613403,0.35476046800613403
3701,2026-09-04,0,236461.0,236461.0,0.13276755809783936,0.13276755809783936,-357572.0,-357572.0,-0.04014917090535164,-0.04014917090535164,-232260.0,-232260.0,-0.023313671350479126,-0.023313671350479126,110542.0,110542.0,0.008814920671284199,0.008814920671284199,527355.0,527355.0,0.028425242751836777,0.028425242751836777,0.0,0.0,1.0,1.0,1.0,1.0,0.7526339292526245,0.7526339292526245
3702,2026-09-04,0,610976.0,610976.0,0.11364749819040298,0.11364749819040298,1030782.0,1030782.0,0.04431173577904701,0.04431173577904701,2332387.0,2332387.0,0.049869898706674576,0.049869898706674576,-8156894.0,-8156894.0,-0.07096707075834274,-0.07096707075834274,-28475392.0,-28475392.0,-0.1163415014743805,-0.1163415014743805,3.0,3.0,0.0,0.0,6.0,6.0,0.3195701837539673,0.3195701837539673
3703,2026-09-04,0,211193.0,211193.0,0.1859443634748459,0.1859443634748459,1613824.0,1613824.0,0.41404202580451965,0.41404202580451965,1273005.0,1273005.0,0.08633079379796982,0.08633079379796982,-1219995.0,-1219995.0,-0.05623505637049675,-0.05623505637049675,-10745595.0,-10745595.0,-0.23251348733901978,-0.23251348733901978,0.0,0.0,0.0,0.0,3.0,3.0,0.13796937465667725,0.13796937465667725
3704,2026-09-04,0,581000.0,581000.0,0.20157289505004883,0.20157289505004883,-1388090.0,-1388090.0,-0.19674649834632874,-0.19674649834632874,-2852090.0,-2852090.0,-0.2712797522544861,-0.2712797522544861,-4253875.0,-4253875.0,-0.25318488478660583,-0.25318488478660583,-14065889.0,-14065889.0,-0.2206205576658249,-0.2206205576658249,0.0,0.0,1.0,1.0,1.0,1.0,0.6937939524650574,0.6937939524650574
3705,2026-09-04,0,44010.0,44010.0,0.353775292634964,0.353775292634964,78684.0,78684.0,0.24852575361728668,0.24852575361728668,95684.0,95684.0,0.1612720489501953,0.1612720489501953,212766.0,212766.0,0.17114244401454926,0.17114244401454926,310860.0,310860.0,0.09427265077829361,0.09427265077829361,0.0,0.0,0.0,0.0,4.0,4.0,0.046693041920661926,0.046693041920661926
3706,2026-09-04,0,-1014508.0,-1014508.0,-0.0960426777601242,-0.0960426777601242,-7347635.0,-7347635.0,-0.1930052638053894,-0.1930052638053894,1980787.0,1980787.0,0.02618703432381153,0.02618703432381153,4744351.0,4744351.0,0.0433681383728981,0.0433681383728981,15281287.0,15281287.0,0.070865698158741,0.070865698158741,1.0,1.0,0.0,0.0,0.0,0.0,0.7958858609199524,0.7958858609199524
3707,2026-09-04,0,795235.0,795235.0,0.32888129353523254,0.32888129353523254,367110.0,367110.0,0.04825949668884277,0.04825949668884277,500938.0,500938.0,0.0384037122130394,0.0384037122130394,1487081.0,1487081.0,0.04842807725071907,0.04842807725071907,2426084.0,2426084.0,0.03317222744226456,0.03317222744226456,0.0,0.0,0.0,0.0,2.0,2.0,0.6098754405975342,0.6098754405975342
3708,2026-09-04,0,-59570.0,-59570.0,-0.1523081511259079,-0.1523081511259079,-7030.0,-7030.0,-0.005323885940015316,-0.005323885940015316,-9991.0,-9991.0,-0.004400951322168112,-0.004400951322168112,-123932.0,-123932.0,-0.028978046029806137,-0.028978046029806137,874721.0,874721.0,0.07973546534776688,0.07973546534776688,1.0,1.0,0.0,0.0,0.0,0.0,0.4246385991573334,0.4246385991573334
3709,2026-09-04,0,-45200.0,-45200.0,-0.12877492606639862,-0.12877492606639862,-224250.0,-224250.0,-0.1784009486436844,-0.1784009486436844,-350848.0,-350848.0,-0.19172021746635437,-0.19172021746635437,-890203.0,-890203.0,-0.2555851340293884,-0.2555851340293884,-3284497.0,-3284497.0,-0.25774911046028137,-0.25774911046028137,0.0,0.0,0.0,0.0,0.0,0.0,0.2411220222711563,0.2411220222711563
3710,2026-09-04,0,-39000.0,-39000.0,-0.15294118225574493,-0.15294118225574493,-21000.0,-21000.0,-0.025672372430562973,-0.025672372430562973,48000.0,48000.0,0.03413940221071243,0.03413940221071243,-51000.0,-51000.0,-0.020572811365127563,-0.020572811365127563,127999.0,127999.0,0.02778358943760395,0.02778358943760395,0.0,0.0,0.0,0.0,0.0,0.0,0.08877261728048325,0.08877261728048325
3711,2026-09-04,0,-3581433.0,-3581433.0,-0.22737744450569153,-0.22737744450569153,-2435165.0,-2435165.0,-0.05428837239742279,-0.05428837239742279,-4081932.0,-4081932.0,-0.03920841962099075,-0.03920841962099075,-995277.0,-995277.0,-0.00597430719062686,-0.00597430719062686,20798716.0,20798716.0,0.0567525178194046,0.0567525178194046,1.0,1.0,0.0,0.0,0.0,0.0,0.3523273169994354,0.3523273169994354
3712,2026-09-04,0,-263344.0,-263344.0,-0.34569016098976135,-0.34569016098976135,-591894.0,-591894.0,-0.2770528197288513,-0.2770528197288513,749056.0,749056.0,0.1337374746799469,0.1337374746799469,3891001.0,3891001.0,0.21251855790615082,0.21251855790615082,3454988.0,3454988.0,0.11097438633441925,0.11097438633441925,0.0,0.0,0.0,0.0,0.0,0.0,0.30936703085899353,0.30936703085899353
3713,2026-09-04,0,-1000.0,-1000.0,-0.0833333358168602,-0.0833333358168602,0.0,0.0,0.0,0.0,-2000.0,-2000.0,-0.013888888992369175,-0.013888888992369175,11000.0,11000.0,0.044534411281347275,0.044534411281347275,62000.0,62000.0,0.0974842756986618,0.0974842756986618,0.0,0.0,0.0,0.0,0.0,0.0,0.013620981015264988,0.013620981015264988
3714,2026-09-04,0,9578120.0,9578120.0,0.27172842621803284,0.27172842621803284,11127517.0,11127517.0,0.12373320013284683,0.12373320013284683,11929704.0,11929704.0,0.11409246921539307,0.11409246921539307,15074533.0,15074533.0,0.08730683475732803,0.08730683475732803,18040856.0,18040856.0,0.07317224889993668,0.07317224889993668,0.0,0.0,0.0,0.0,4.0,4.0,4.776655197143555,4.776655197143555
3715,2026-09-04,0,-819900.0,-819900.0,-0.22893959283828735,-0.22893959283828735,-4970096.0,-4970096.0,-0.22991876304149628,-0.22991876304149628,-7138234.0,-7138234.0,-0.16696694493293762,-0.16696694493293762,-6496430.0,-6496430.0,-0.10123281180858612,-0.10123281180858612,-9656672.0,-9656672.0,-0.08243491500616074,-0.08243491500616074,0.0,0.0,0.0,0.0,0.0,0.0,1.2629107236862183,1.2629107236862183
3716,2026-09-04,0,-134000.0,-134000.0,-0.2108466476202011,-0.2108466476202011,-149649.0,-149649.0,-0.11870960146188736,-0.11870960146188736,-363030.0,-363030.0,-0.20379853248596191,-0.20379853248596191,-1159734.0,-1159734.0,-0.28016966581344604,-0.28016966581344604,-47209.0,-47209.0,-0.004211153835058212,-0.004211153835058212,0.0,0.0,0.0,0.0,0.0,0.0,0.42205893993377686,0.42205893993377686
3717,2026-09-04,0,255407.0,255407.0,0.28137385845184326,0.28137385845184326,201951.0,201951.0,0.06432289630174637,0.06432289630174637,-531553.0,-531553.0,-0.0886358916759491,-0.0886358916759491,-596130.0,-596130.0,-0.04780992120504379,-0.04780992120504379,-957032.0,-957032.0,-0.0318429060280323,-0.0318429060280323,0.0,0.0,1.0,1.0,1.0,1.0,0.4367254674434662,0.4367254674434662
4102,2026-09-04,0,-2000.0,-2000.0,-0.125,-0.125,-9000.0,-9000.0,-0.16363635659217834,-0.16363635659217834,-9000.0,-9000.0,-0.1304347813129425,-0.1304347813129425,-14000.0,-14000.0,-0.06698564440011978,-0.06698564440011978,1000.0,1000.0,0.0022727272007614374,0.0022727272007614374,0.0,0.0,0.0,0.0,0.0,0.0,0.03775949776172638,0.03775949776172638
4104,2026-09-04,0,17000.0,17000.0,0.20851220190525055,0.20851220190525055,-30000.0,-30000.0,-0.10958103835582733,-0.10958103835582733,-62956.0,-62956.0,-0.12547284364700317,-0.12547284364700317,-49956.0,-49956.0,-0.05118374526500702,-0.05118374526500702,154293.0,154293.0,0.06495814025402069,0.06495814025402069,0.0,0.0,1.0,1.0,1.0,1.0,0.04328242316842079,0.04328242316842079
4105,2026-09-04,0,-421451.0,-421451.0,-0.5649477243423462,-0.5649477243423462,-476718.0,-476718.0,-0.37477830052375793,-0.37477830052375793,-592984.0,-592984.0,-0.3047194182872772,-0.3047194182872772,-695397.0,-695397.0,-0.18524160981178284,-0.18524160981178284,-621164.0,-621164.0,-0.06315209716558456,-0.06315209716558456,0.0,0.0,0.0,0.0,0.0,0.0,0.30002015829086304,0.30002015829086304
4106,2026-09-04,0,-3000.0,-3000.0,-0.010614171624183655,-0.010614171624183655,-64000.0,-64000.0,-0.11556685715913773,-0.11556685715913773,-76000.0,-76000.0,-0.12078215926885605,-0.12078215926885605,-151000.0,-151000.0,-0.10875726491212845,-0.10875726491212845,-45895.0,-45895.0,-0.0163144338876009,-0.0163144338876009,0.0,0.0,0.0,0.0,0.0,0.0,0.28008782863616943,0.28008782863616943
4107,2026-09-04,0,-5000.0,-5000.0,-0.1666666716337204,-0.1666666716337204,-12000.0,-12000.0,-0.15000000596046448,-0.15000000596046448,-20000.0,-20000.0,-0.1428571492433548,-0.1428571492433548,-62991.0,-62991.0,-0.19030512869358063,-0.19030512869358063,-87431.0,-87431.0,-0.12026272714138031,-0.12026272714138031,0.0,0.0,0.0,0.0,0.0,0.0,0.043291084468364716,0.043291084468364716
4108,2026-09-04,0,8203.0,8203.0,0.06619112193584442,0.06619112193584442,30203.0,30203.0,0.055966202169656754,0.055966202169656754,35203.0,35203.0,0.017657598480582237,0.017657598480582237,40203.0,40203.0,0.008234796114265919,0.008234796114265919,148150.0,148150.0,0.018527377396821976,0.018527377396821976,0.0,0.0,0.0,0.0,4.0,4.0,0.062395378947257996,0.062395378947257996
4109,2026-09-04,0,-17000.0,-17000.0,-0.1349206417798996,-0.1349206417798996,-46000.0,-46000.0,-0.0934959352016449,-0.0934959352016449,-43000.0,-43000.0,-0.06544901430606842,-0.06544901430606842,8000.0,8000.0,0.0059746080078184605,0.0059746080078184605,40000.0,40000.0,0.015145777724683285,0.015145777724683285,0.0,0.0,0.0,0.0,0.0,0.0,0.10611716657876968,0.10611716657876968
4111,2026-09-04,0,-6000.0,-6000.0,-0.13636364042758942,-0.13636364042758942,-20000.0,-20000.0,-0.12195122241973877,-0.12195122241973877,-31000.0,-31000.0,-0.13901345431804657,-0.13901345431804657,-141000.0,-141000.0,-0.1573660671710968,-0.1573660671710968,-72000.0,-72000.0,-0.034285712987184525,-0.034285712987184525,0.0,0.0,0.0,0.0,0.0,0.0,0.07353907823562622,0.07353907823562622
4113,2026-09-04,0,1000.0,1000.0,0.009009009227156639,0.009009009227156639,106000.0,106000.0,0.3011363744735718,0.3011363744735718,174000.0,174000.0,0.3558282256126404,0.3558282256126404,369000.0,369000.0,0.3140425384044647,0.3140425384044647,383887.0,383887.0,0.11294116079807281,0.11294116079807281,0.0,0.0,0.0,0.0,11.0,11.0,0.04802323132753372,0.04802323132753372
4114,2026-09-04,0,159630.0,159630.0,0.26649415493011475,0.26649415493011475,101472.0,101472.0,0.0703689306974411,0.0703689306974411,-14392.0,-14392.0,-0.006106066983193159,-0.006106066983193159,-455568.0,-455568.0,-0.08143868297338486,-0.08143868297338486,3786493.0,3786493.0,0.20644964277744293,0.20644964277744293,0.0,0.0,1.0,1.0,1.0,1.0,0.10882407426834106,0.10882407426834106
4116,2026-09-04,0,-2000.0,-2000.0,-0.095238097012043,-0.095238097012043,23000.0,23000.0,0.1825396865606308,0.1825396865606308,21000.0,21000.0,0.1381578892469406,0.1381578892469406,32666.0,32666.0,0.11421678215265274,0.11421678215265274,20904.0,20904.0,0.03856826573610306,0.03856826573610306,0.0,0.0,0.0,0.0,0.0,0.0,0.04712112247943878,0.04712112247943878
4119,2026-09-04,0,-92610.0,-92610.0,-0.46265673637390137,-0.46265673637390137,-196831.0,-196831.0,-0.26277804374694824,-0.26277804374694824,-76570.0,-76570.0,-0.0605350024998188,-0.0605350024998188,-55941.0,-55941.0,-0.03079795278608799,-0.03079795278608799,-93771.0,-93771.0,-0.02145533636212349,-0.02145533636212349,0.0,0.0,0.0,0.0,0.0,0.0,0.16749417781829834,0.16749417781829834
4120,2026-09-04,0,1000.0,1000.0,0.125,0.125,7000.0,7000.0,0.10144927352666855,0.10144927352666855,5000.0,5000.0,0.060975611209869385,0.060975611209869385,-24030.0,-24030.0,-0.12386597692966461,-0.12386597692966461,-47030.0,-47030.0,-0.09312871098518372,-0.09312871098518372,0.0,0.0,0.0,0.0,3.0,3.0,0.009222208522260189,0.009222208522260189
4121,2026-09-04,0,2000.0,2000.0,0.095238097012043,0.095238097012043,-8000.0,-8000.0,-0.072727270424366,-0.072727270424366,-11000.0,-11000.0,-0.06586826592683792,-0.06586826592683792,-2000.0,-2000.0,-0.0066225165501236916,-0.0066225165501236916,6999.0,6999.0,0.01093593705445528,0.01093593705445528,0.0,0.0,1.0,1.0,1.0,1.0,0.025267399847507477,0.025267399847507477
4123,2026-09-04,0,-410000.0,-410000.0,-0.2252747267484665,-0.2252747267484665,-1508000.0,-1508000.0,-0.2855519652366638,-0.2855519652366638,-2508999.0,-2508999.0,-0.294656366109848,-0.294656366109848,-5885048.0,-5885048.0,-0.35407304763793945,-0.35407304763793945,-9881408.0,-9881408.0,-0.1944393515586853,-0.1944393515586853,0.0,0.0,0.0,0.0,0.0,0.0,0.23674018681049347,0.23674018681049347
4126,2026-09-04,0,5000.0,5000.0,0.18518517911434174,0.18518517911434174,20000.0,20000.0,0.37037035822868347,0.37037035822868347,26000.0,26000.0,0.18840579688549042,0.18840579688549042,18000.0,18000.0,0.07468879967927933,0.07468879967927933,-10000.0,-10000.0,-0.01666666753590107,-0.01666666753590107,0.0,0.0,0.0,0.0,6.0,6.0,0.03719008341431618,0.03719008341431618
4127,2026-09-04,0,221000.0,221000.0,0.14568226039409637,0.14568226039409637,253000.0,253000.0,0.11626838147640228,0.11626838147640228,228000.0,228000.0,0.0771312564611435,0.0771312564611435,-359000.0,-359000.0,-0.09545333683490753,-0.09545333683490753,-225000.0,-225000.0,-0.03112463653087616,-0.03112463653087616,0.0,0.0,1.0,1.0,1.0,1.0,3.315122365951538,3.315122365951538
4128,2026-09-04,0,-200543.0,-200543.0,-0.2642200291156769,-0.2642200291156769,-349359.0,-349359.0,-0.13016356527805328,-0.13016356527805328,-632578.0,-632578.0,-0.14741972088813782,-0.14741972088813782,-927011.0,-927011.0,-0.1036345437169075,-0.1036345437169075,-370384.0,-370384.0,-0.01622854173183441,-0.01622854173183441,0.0,0.0,0.0,0.0,0.0,0.0,0.12904419004917145,0.12904419004917145
4129,2026-09-04,0,-108000.0,-108000.0,-0.6666666865348816,-0.6666666865348816,-332000.0,-332000.0,-0.6446601748466492,-0.6446601748466492,-646333.0,-646333.0,-0.6330391764640808,-0.6330391764640808,-768333.0,-768333.0,-0.1293707638978958,-0.1293707638978958,-807686.0,-807686.0,-0.11403162777423859,-0.11403162777423859,0.0,0.0,0.0,0.0,0.0,0.0,0.16798418760299683,0.16798418760299683
4130,2026-07-21,0,83000.0,83000.0,0.2968643307685852,0.2968643307685852,92417.0,92417.0,0.23244355618953705,0.23244355618953705,82417.0,82417.0,0.15302391350269318,0.15302391350269318,295749.0,295749.0,0.23130889236927032,0.23130889236927032,1237470.0,1237470.0,0.36040133237838745,0.36040133237838745,0.0,0.0,0.0,0.0,2.0,2.0,,
4131,2026-09-04,0,0.0,0.0,0.0,0.0,0.0,0.0,0.0,0.0,0.0,0.0,0.0,0.0,0.0,0.0,0.0,0.0,6000.0,6000.0,0.02985074557363987,0.02985074557363987,0.0,0.0,0.0,0.0,0.0,0.0,0.012537927366793156,0.012537927366793156
4133,2026-09-04,0,-1000.0,-1000.0,-0.011632099747657776,-0.011632099747657776,8000.0,8000.0,0.039063263684511185,0.039063263684511185,16000.0,16000.0,0.06171149015426636,0.06171149015426636,8000.0,8000.0,0.012350977398455143,0.012350977398455143,-56192.0,-56192.0,-0.036307528614997864,-0.036307528614997864,0.0,0.0,0.0,0.0,0.0,0.0,0.14197175204753876,0.14197175204753876
4137,2026-09-04,0,-37630.0,-37630.0,-0.1181197538971901,-0.1181197538971901,-211379.0,-211379.0,-0.17608416080474854,-0.17608416080474854,-499078.0,-499078.0,-0.2705163359642029,-0.2705163359642029,-990936.0,-990936.0,-0.3060894012451172,-0.3060894012451172,-1420046.0,-1420046.0,-0.25436174869537354,-0.25436174869537354,0.0,0.0,0.0,0.0,0.0,0.0,0.3861873149871826,0.3861873149871826
4138,2026-09-04,0,1000.0,1000.0,0.014492753893136978,0.014492753893136978,-1000.0,-1000.0,-0.008064515888690948,-0.008064515888690948,-8000.0,-8000.0,-0.041025642305612564,-0.041025642305612564,7000.0,7000.0,0.013358778320252895,0.013358778320252895,22000.0,22000.0,0.032210834324359894,0.032210834324359894,0.0,0.0,1.0,1.0,1.0,1.0,0.1728024035692215,0.1728024035692215
4139,2026-09-04,0,-4000.0,-4000.0,-0.1111111119389534,-0.1111111119389534,-13000.0,-13000.0,-0.10483870655298233,-0.10483870655298233,-8000.0,-8000.0,-0.027681661769747734,-0.027681661769747734,-5000.0,-5000.0,-0.009380863048136234,-0.009380863048136234,6000.0,6000.0,0.008708273060619831,0.008708273060619831,0.0,0.0,0.0,0.0,0.0,0.0,0.07998238503932953,0.07998238503932953
4142,2026-09-04,0,-154000.0,-154000.0,-0.33986955881118774,-0.33986955881118774,-214000.0,-214000.0,-0.15104909241199493,-0.15104909241199493,-558000.0,-558000.0,-0.22475747764110565,-0.22475747764110565,-250562.0,-250562.0,-0.030601179227232933,-0.030601179227232933,2629587.0,2629587.0,0.1270858496427536,0.1270858496427536,0.0,0.0,0.0,0.0,0.0,0.0,0.105496346950531,0.105496346950531
4147,2026-09-04,0,140021.0,140021.0,0.3294611871242523,0.3294611871242523,432946.0,432946.0,0.26593735814094543,0.26593735814094543,-118698.0,-118698.0,-0.03568791225552559,-0.03568791225552559,-194161.0,-194161.0,-0.01817646436393261,-0.01817646436393261,1191617.0,1191617.0,0.04430956020951271,0.04430956020951271,0.0,0.0,0.0,0.0,3.0,3.0,0.15556231141090393,0.15556231141090393
4148,2026-09-04,0,1000.0,1000.0,0.1111111119389534,0.1111111119389534,-3000.0,-3000.0,-0.0643293634057045,-0.0643293634057045,-20000.0,-20000.0,-0.16272598505020142,-0.16272598505020142,-10000.0,-10000.0,-0.02458258718252182,-0.02458258718252182,8000.0,8000.0,0.007292755879461765,0.007292755879461765,0.0,0.0,1.0,1.0,1.0,1.0,0.013385745696723461,0.013385745696723461
4153,2026-09-04,0,0.0,0.0,0.0,0.0,0.0,0.0,0.0,0.0,7000.0,7000.0,0.12962962687015533,0.12962962687015533,2000.0,2000.0,0.019801979884505272,0.019801979884505272,-8000.0,-8000.0,-0.03252032399177551,-0.03252032399177551,0.0,0.0,0.0,0.0,0.0,0.0,0.006818003952503204,0.006818003952503204
4154,2026-09-03,0,0.0,0.0,0.0,0.0,0.0,0.0,0.0,0.0,0.0,0.0,0.0,0.0,-1000.0,-1000.0,-0.007092198356986046,-0.007092198356986046,1000.0,1000.0,0.003436426166445017,0.003436426166445017,0.0,0.0,0.0,0.0,0.0,0.0,0.013024224899709225,0.013024224899709225
4155,2026-09-04,0,87000.0,87000.0,0.37721288204193115,0.37721288204193115,91000.0,91000.0,0.1403736025094986,0.1403736025094986,138000.0,138000.0,0.15612643957138062,0.15612643957138062,117969.0,117969.0,0.07235981523990631,0.07235981523990631,484703.0,484703.0,0.104057177901268,0.104057177901268,0.0,0.0,0.0,0.0,2.0,2.0,0.1842355877161026,0.1842355877161026
4157,2026-09-04,0,49000.0,49000.0,0.11187214404344559,0.11187214404344559,205000.0,205000.0,0.14118456840515137,0.14118456840515137,-33000.0,-33000.0,-0.012790697626769543,-0.012790697626769543,713301.0,713301.0,0.10324229300022125,0.10324229300022125,1357397.0,1357397.0,0.09436853229999542,0.09436853229999542,0.0,0.0,0.0,0.0,3.0,3.0,0.06153123825788498,0.06153123825788498
4160,2026-09-04,0,-2000.0,-2000.0,-0.1428571492433548,-0.1428571492433548,-8000.0,-8000.0,-0.1355932205915451,-0.1355932205915451,-9000.0,-9000.0,-0.10465116053819656,-0.10465116053819656,-15000.0,-15000.0,-0.07614213228225708,-0.07614213228225708,-39000.0,-39000.0,-0.10077519714832306,-0.10077519714832306,0.0,0.0,0.0,0.0,0.0,0.0,0.05245344713330269,0.05245344713330269
4161,2026-09-04,0,-2000.0,-2000.0,-0.4000000059604645,-0.4000000059604645,-2000.0,-2000.0,-0.0833333358168602,-0.0833333358168602,16000.0,16000.0,0.3137255012989044,0.3137255012989044,14000.0,14000.0,0.10606060922145844,0.10606060922145844,46000.0,46000.0,0.08880309015512466,0.08880309015512466,0.0,0.0,0.0,0.0,0.0,0.0,0.00836145505309105,0.00836145505309105
4162,2026-09-04,0,14000.0,14000.0,0.05147058889269829,0.05147058889269829,179000.0,179000.0,0.23337678611278534,0.23337678611278534,47699.0,47699.0,0.04094334691762924,0.04094334691762924,93585.0,93585.0,0.04612370580434799,0.04612370580434799,510179.0,510179.0,0.08788613229990005,0.08788613229990005,0.0,0.0,0.0,0.0,3.0,3.0,0.18931268155574799,0.18931268155574799
4163,2026-09-04,0,-16000.0,-16000.0,-0.4444444477558136,-0.4444444477558136,-16019.0,-16019.0,-0.17998875677585602,-0.17998875677585602,-53983.0,-53983.0,-0.34827741980552673,-0.34827741980552673,-70648.0,-70648.0,-0.1356007605791092,-0.1356007605791092,-7249.0,-7249.0,-0.003287528408691287,-0.003287528408691287,0.0,0.0,0.0,0.0,0.0,0.0,0.07100501656532288,0.07100501656532288
4164,2026-09-04,0,32998.0,32998.0,0.10875856131315231,0.10875856131315231,42753.0,42753.0,0.04599188640713692,0.04599188640713692,-236589.0,-236589.0,-0.1480352133512497,-0.1480352133512497,-224595.0,-224595.0,-0.0803949385881424,-0.0803949385881424,163861.0,163861.0,0.023609187453985214,0.023609187453985214,0.0,0.0,1.0,1.0,1.0,1.0,0.15534506738185883,0.15534506738185883
4166,2026-09-04,0,14000.0,14000.0,0.2222222238779068,0.2222222238779068,62000.0,62000.0,0.30693069100379944,0.30693069100379944,101000.0,101000.0,0.22100655734539032,0.22100655734539032,161000.0,161000.0,0.20909090340137482,0.20909090340137482,-114000.0,-114000.0,-0.05949895456433296,-0.05949895456433296,0.0,0.0,0.0,0.0,14.0,14.0,0.025922182947397232,0.025922182947397232
4167,2026-09-04,0,-165516.0,-165516.0,-0.19426760077476501,-0.19426760077476501,-646272.0,-646272.0,-0.29256314039230347,-0.29256314039230347,-1358350.0,-1358350.0,-0.33341923356056213,-0.33341923356056213,-1451947.0,-1451947.0,-0.18407036364078522,-0.18407036364078522,935667.0,935667.0,0.045778512954711914,0.045778512954711914,0.0,0.0,0.0,0.0,0.0,0.0,0.25697147846221924,0.25697147846221924
4168,2026-09-04,0,-50000.0,-50000.0,-0.34246575832366943,-0.34246575832366943,-29000.0,-29000.0,-0.0996563583612442,-0.0996563583612442,-46000.0,-46000.0,-0.11138014495372772,-0.11138014495372772,28000.0,28000.0,0.0365535244345665,0.0365535244345665,39000.0,39000.0,0.02366504818201065,0.02366504818201065,0.0,0.0,0.0,0.0,0.0,0.0,0.12975318729877472,0.12975318729877472
4171,2026-09-04,0,-5000.0,-5000.0,-0.0746268630027771,-0.0746268630027771,-15000.0,-15000.0,-0.11450381577014923,-0.11450381577014923,-25000.0,-25000.0,-0.12077295035123825,-0.12077295035123825,37000.0,37000.0,0.07240704447031021,0.07240704447031021,61999.0,61999.0,0.05372530221939087,0.05372530221939087,0.0,0.0,0.0,0.0,0.0,0.0,0.11540289223194122,0.11540289223194122
4173,2026-09-04,0,-1000.0,-1000.0,-0.020408162847161293,-0.020408162847161293,-3000.0,-3000.0,-0.032967034727334976,-0.032967034727334976,-6000.0,-6000.0,-0.032608695328235626,-0.032608695328235626,-10000.0,-10000.0,-0.027624309062957764,-0.027624309062957764,-124000.0,-124000.0,-0.08972503989934921,-0.08972503989934921,0.0,0.0,0.0,0.0,0.0,0.0,0.06570623070001602,0.06570623070001602
4174,2026-09-04,0,167000.0,167000.0,0.30642202496528625,0.30642202496528625,-157362.0,-157362.0,-0.12420047074556351,-0.12420047074556351,-640468.0,-640468.0,-0.29419752955436707,-0.29419752955436707,-856973.0,-856973.0,-0.266388863325119,-0.266388863325119,-453551.0,-453551.0,-0.07510366290807724,-0.07510366290807724,0.0,0.0,1.0,1.0,1.0,1.0,0.4141976833343506,0.4141976833343506
4175,2026-09-04,0,0.0,0.0,0.0,0.0,1000.0,1000.0,0.027027027681469917,0.027027027681469917,7000.0,7000.0,0.11666666716337204,0.11666666716337204,12000.0,12000.0,0.11009174585342407,0.11009174585342407,18000.0,18000.0,0.08144796639680862,0.08144796639680862,0.0,0.0,0.0,0.0,0.0,0.0,0.03544146567583084,0.03544146567583084
4183,2026-09-04,0,0.0,0.0,0.0,0.0,0.0,0.0,0.0,0.0,0.0,0.0,0.0,0.0,0.0,0.0,0.0,0.0,0.0,0.0,0.0,0.0,0.0,0.0,0.0,0.0,0.0,0.0,0.008403361774981022,0.008403361774981022
4188,2026-09-04,0,6000.0,6000.0,0.02380952425301075,0.02380952425301075,-7000.0,-7000.0,-0.010670731775462627,-0.010670731775462627,-21000.0,-21000.0,-0.01285189762711525,-0.01285189762711525,-3265.0,-3265.0,-0.0005584059981629252,-0.0005584059981629252,-3265.0,-3265.0,-0.0005233210395090282,-0.0005233210395090282,0.0,0.0,0.0,0.0,1.0,1.0,0.3978974521160126,0.3978974521160126
4190,2026-09-04,0,2000.0,2000.0,0.2741979658603668,0.2741979658603668,1000.0,1000.0,0.05181347206234932,0.05181347206234932,0.0,0.0,0.0,0.0,11000.0,11000.0,0.10096467286348343,0.10096467286348343,1000.0,1000.0,0.004662743769586086,0.004662743769586086,0.0,0.0,0.0,0.0,2.0,2.0,0.011905335821211338,0.011905335821211338
4192,2026-09-04,0,0.0,0.0,0.0,0.0,0.0,0.0,0.0,0.0,0.0,0.0,0.0,0.0,0.0,0.0,0.0,0.0,0.0,0.0,0.0,0.0,0.0,0.0,0.0,0.0,0.0,0.0,0.019906438887119293,0.019906438887119293
4198,2026-09-04,0,0.0,0.0,0.0,0.0,2000.0,2000.0,0.025974025949835777,0.025974025949835777,2000.0,2000.0,0.022727273404598236,0.022727273404598236,2000.0,2000.0,0.013698630034923553,0.013698630034923553,2000.0,2000.0,0.009615384973585606,0.009615384973585606,0.0,0.0,0.0,0.0,0.0,0.0,0.03733200579881668,0.03733200579881668
4205,2026-09-04,0,1000.0,1000.0,0.1428571492433548,0.1428571492433548,0.0,0.0,0.0,0.0,1200.0,1200.0,0.02181818149983883,0.02181818149983883,5200.0,5200.0,0.0356164388358593,0.0356164388358593,11200.0,11200.0,0.032463766634464264,0.032463766634464264,0.0,0.0,1.0,1.0,1.0,1.0,0.007168515585362911,0.007168515585362911
4207,2026-09-04,0,-19000.0,-19000.0,-0.34545454382896423,-0.34545454382896423,-19000.0,-19000.0,-0.1472868174314499,-0.1472868174314499,-26000.0,-26000.0,-0.11063829809427261,-0.11063829809427261,-64000.0,-64000.0,-0.11895910650491714,-0.11895910650491714,-114999.0,-114999.0,-0.03877241909503937,-0.03877241909503937,0.0,0.0,0.0,0.0,0.0,0.0,0.02770250476896763,0.02770250476896763
4303,2026-09-04,0,-88494.0,-88494.0,-0.10739563405513763,-0.10739563405513763,-404870.0,-404870.0,-0.12955839931964874,-0.12955839931964874,-838818.0,-838818.0,-0.14234142005443573,-0.14234142005443573,-1394837.0,-1394837.0,-0.057358212769031525,-0.057358212769031525,-425994.0,-425994.0,-0.013164621777832508,-0.013164621777832508,0.0,0.0,0.0,0.0,0.0,0.0,0.8709869980812073,0.8709869980812073
4304,2026-09-04,0,1000.0,1000.0,0.0357142873108387,0.0357142873108387,-2000.0,-2000.0,-0.015037594363093376,-0.015037594363093376,17000.0,17000.0,0.04066985473036766,0.04066985473036766,14050.0,14050.0,0.013242224231362343,0.013242224231362343,23050.0,23050.0,0.016523297876119614,0.016523297876119614,0.0,0.0,1.0,1.0,1.0,1.0,0.045873012393713,0.045873012393713
4305,2026-09-04,0,0.0,0.0,0.0,0.0,1000.0,1000.0,0.20000000298023224,0.20000000298023224,1000.0,1000.0,0.125,0.125,0.0,0.0,0.0,0.0,-4000.0,-4000.0,-0.05797101557254791,-0.05797101557254791,0.0,0.0,0.0,0.0,0.0,0.0,0.001817719079554081,0.001817719079554081
4306,2026-09-04,0,-323904.0,-323904.0,-0.35250866413116455,-0.35250866413116455,-215985.0,-215985.0,-0.056241657584905624,-0.056241657584905624,-516985.0,-516985.0,-0.1010371744632721,-0.1010371744632721,-469525.0,-469525.0,-0.056775812059640884,-0.056775812059640884,2212522.0,2212522.0,0.10264132171869278,0.10264132171869278,0.0,0.0,0.0,0.0,0.0,0.0,0.13577306270599365,0.13577306270599365
4401,2026-09-04,0,-2000.0,-2000.0,-0.025641025975346565,-0.025641025975346565,-2000.0,-2000.0,-0.015625,-0.015625,1000.0,1000.0,0.004629629664123058,0.004629629664123058,9000.0,9000.0,0.022113021463155746,0.022113021463155746,7000.0,7000.0,0.010654490441083908,0.010654490441083908,0.0,0.0,0.0,0.0,0.0,0.0,0.06357382237911224,0.06357382237911224
4402,2026-09-04,0,1000.0,1000.0,0.0714285746216774,0.0714285746216774,6000.0,6000.0,0.0833333358168602,0.0833333358168602,6000.0,6000.0,0.07500000298023224,0.07500000298023224,6000.0,6000.0,0.04580152779817581,0.04580152779817581,5998.0,5998.0,0.023158300668001175,0.023158300668001175,0.0,0.0,0.0,0.0,2.0,2.0,0.020590709522366524,0.020590709522366524
4406,2026-09-03,0,-1000.0,-1000.0,-0.25,-0.25,-1000.0,-1000.0,-0.008620689623057842,-0.008620689623057842,-2000.0,-2000.0,-0.013888888992369175,-0.013888888992369175,-1000.0,-1000.0,-0.0035714285913854837,-0.0035714285913854837,-2000.0,-2000.0,-0.005524862091988325,-0.005524862091988325,0.0,0.0,0.0,0.0,0.0,0.0,0.007705347612500191,0.007705347612500191
4413,2026-09-04,0,-4000.0,-4000.0,-0.2666666805744171,-0.2666666805744171,-12000.0,-12000.0,-0.1318681389093399,-0.1318681389093399,-10000.0,-10000.0,-0.04901960864663124,-0.04901960864663124,-9000.0,-9000.0,-0.014308426529169083,-0.014308426529169083,-17000.0,-17000.0,-0.0104744303971529,-0.0104744303971529,0.0,0.0,0.0,0.0,0.0,0.0,0.04790084436535835,0.04790084436535835
4414,2026-09-04,0,66000.0,66000.0,0.3159058690071106,0.3159058690071106,97490.0,97490.0,0.18664517998695374,0.18664517998695374,117490.0,117490.0,0.16418184340000153,0.16418184340000153,223490.0,223490.0,0.15794748067855835,0.15794748067855835,362490.0,362490.0,0.10672227293252945,0.10672227293252945,0.0,0.0,0.0,0.0,5.0,5.0,0.07919877022504807,0.07919877022504807
4416,2026-09-04,0,87165.0,87165.0,0.17226284742355347,0.17226284742355347,-114419.0,-114419.0,-0.06790444999933243,-0.06790444999933243,247581.0,247581.0,0.04736579209566116,0.04736579209566116,-401693.0,-401693.0,-0.02367216721177101,-0.02367216721177101,523307.0,523307.0,0.01786823570728302,0.01786823570728302,0.0,0.0,1.0,1.0,1.0,1.0,0.6876288056373596,0.6876288056373596
4417,2026-09-04,0,16000.0,16000.0,0.4324324429035187,0.4324324429035187,67000.0,67000.0,0.5447154641151428,0.5447154641151428,110000.0,110000.0,0.4932735562324524,0.4932735562324524,101000.0,101000.0,0.29190751910209656,0.29190751910209656,110000.0,110000.0,0.06267806142568588,0.06267806142568588,0.0,0.0,0.0,0.0,5.0,5.0,0.044062621891498566,0.044062621891498566
4419,2026-09-04,0,0.0,0.0,0.0,0.0,0.0,0.0,0.0,0.0,-1000.0,-1000.0,-0.016393441706895828,-0.016393441706895828,0.0,0.0,0.0,0.0,5000.0,5000.0,0.02958579920232296,0.02958579920232296,0.0,0.0,0.0,0.0,0.0,0.0,0.0005911453627049923,0.0005911453627049923
4420,2026-09-04,0,-3000.0,-3000.0,-0.11999999731779099,-0.11999999731779099,11000.0,11000.0,0.09166666865348816,0.09166666865348816,54000.0,54000.0,0.2571428716182709,0.2571428716182709,56000.0,56000.0,0.2145593911409378,0.2145593911409378,66000.0,66000.0,0.15789473056793213,0.15789473056793213,0.0,0.0,0.0,0.0,0.0,0.0,0.06179706007242203,0.06179706007242203
4426,2026-09-04,0,4000.0,4000.0,0.061948273330926895,0.061948273330926895,0.0,0.0,0.0,0.0,-25000.0,-25000.0,-0.04154929146170616,-0.04154929146170616,-66000.0,-66000.0,-0.06056524068117142,-0.06056524068117142,-61000.0,-61000.0,-0.029889008030295372,-0.029889008030295372,0.0,0.0,1.0,1.0,1.0,1.0,0.0373934730887413,0.0373934730887413
4430,2026-09-04,0,-3000.0,-3000.0,-0.0810810774564743,-0.0810810774564743,5000.0,5000.0,0.05319149047136307,0.05319149047136307,4000.0,4000.0,0.03448275849223137,0.03448275849223137,20000.0,20000.0,0.061919502913951874,0.061919502913951874,35000.0,35000.0,0.027195027098059654,0.027195027098059654,0.0,0.0,0.0,0.0,0.0,0.0,0.06575018167495728,0.06575018167495728
4432,2026-09-04,0,-2000.0,-2000.0,-0.1666666716337204,-0.1666666716337204,-5000.0,-5000.0,-0.11363636702299118,-0.11363636702299118,-7000.0,-7000.0,-0.10606060922145844,-0.10606060922145844,5000.0,5000.0,0.02994011901319027,0.02994011901319027,3000.0,3000.0,0.005514706019312143,0.005514706019312143,0.0,0.0,0.0,0.0,0.0,0.0,0.023720571771264076,0.023720571771264076
4433,2026-09-04,0,-1000.0,-1000.0,-0.09090909361839294,-0.09090909361839294,-8000.0,-8000.0,-0.1538461595773697,-0.1538461595773697,-11000.0,-11000.0,-0.09401709586381912,-0.09401709586381912,-37000.0,-37000.0,-0.14230769872665405,-0.14230769872665405,-23000.0,-23000.0,-0.03030303120613098,-0.03030303120613098,0.0,0.0,0.0,0.0,0.0,0.0,0.01794460043311119,0.01794460043311119
4438,2026-09-04,0,-4000.0,-4000.0,-0.09699320793151855,-0.09699320793151855,-34416.0,-34416.0,-0.10141054540872574,-0.10141054540872574,1473.0,1473.0,0.0017408692510798573,0.0017408692510798573,22473.0,22473.0,0.019091106951236725,0.019091106951236725,175473.0,175473.0,0.07901708036661148,0.07901708036661148,0.0,0.0,0.0,0.0,0.0,0.0,0.036358680576086044,0.036358680576086044
4439,2026-09-04,0,-4000.0,-4000.0,-0.18982535600662231,-0.18982535600662231,-9000.0,-9000.0,-0.25284451246261597,-0.25284451246261597,-20000.0,-20000.0,-0.26205793023109436,-0.26205793023109436,-31000.0,-31000.0,-0.19357337057590485,-0.19357337057590485,-76000.0,-76000.0,-0.06673984974622726,-0.06673984974622726,0.0,0.0,0.0,0.0,0.0,0.0,0.05528940260410309,0.05528940260410309
4440,2026-09-04,0,42000.0,42000.0,0.65625,0.65625,42000.0,42000.0,0.32985934615135193,0.32985934615135193,56000.0,56000.0,0.18762606382369995,0.18762606382369995,53000.0,53000.0,0.11553158611059189,0.11553158611059189,102000.0,102000.0,0.0405346117913723,0.0405346117913723,0.0,0.0,0.0,0.0,2.0,2.0,0.09467735886573792,0.09467735886573792
4442,2026-09-04,0,0.0,0.0,0.0,0.0,-9000.0,-9000.0,-0.2142857164144516,-0.2142857164144516,-12000.0,-12000.0,-0.13483145833015442,-0.13483145833015442,-89000.0,-89000.0,-0.30584192276000977,-0.30584192276000977,-223949.0,-223949.0,-0.15349486470222473,-0.15349486470222473,0.0,0.0,0.0,0.0,0.0,0.0,0.05608649179339409,0.05608649179339409
4502,2026-09-04,0,1000.0,1000.0,0.07692307978868484,0.07692307978868484,0.0,0.0,0.0,0.0,-3000.0,-3000.0,-0.02654867246747017,-0.02654867246747017,-9000.0,-9000.0,-0.04072398319840431,-0.04072398319840431,-8000.0,-8000.0,-0.021739130839705467,-0.021739130839705467,0.0,0.0,0.0,0.0,2.0,2.0,0.02262062206864357,0.02262062206864357
4503,2026-09-04,0,46000.0,46000.0,0.23000000417232513,0.23000000417232513,-71000.0,-71000.0,-0.1099071204662323,-0.1099071204662323,-74726.0,-74726.0,-0.07849369943141937,-0.07849369943141937,-120626.0,-120626.0,-0.05274420604109764,-0.05274420604109764,-96341.0,-96341.0,-0.01106223464012146,-0.01106223464012146,0.0,0.0,1.0,1.0,1.0,1.0,0.2553843855857849,0.2553843855857849
4506,2026-09-04,0,7100.0,7100.0,0.13148148357868195,0.13148148357868195,2609.0,2609.0,0.016941558569669724,0.016941558569669724,14609.0,14609.0,0.06435682624578476,0.06435682624578476,3848.0,3848.0,0.008532150648534298,0.008532150648534298,73280.0,73280.0,0.07871106266975403,0.07871106266975403,0.0,0.0,1.0,1.0,1.0,1.0,0.030506405979394913,0.030506405979394913
4510,2026-09-04,0,-909900.0,-909900.0,-0.14067718386650085,-0.14067718386650085,-361816.0,-361816.0,-0.020441582426428795,-0.020441582426428795,-841817.0,-841817.0,-0.04316788911819458,-0.04316788911819458,-773760.0,-773760.0,-0.02808872051537037,-0.02808872051537037,-510761.0,-510761.0,-0.009321987628936768,-0.009321987628936768,0.0,0.0,0.0,0.0,0.0,0.0,5.935157775878906,5.935157775878906
4513,2026-09-04,0,-14000.0,-14000.0,-0.08139535039663315,-0.08139535039663315,-1229.0,-1229.0,-0.002218411536887288,-0.002218411536887288,-36049.0,-36049.0,-0.0352729931473732,-0.0352729931473732,-203927.0,-203927.0,-0.08528941869735718,-0.08528941869735718,-613973.0,-613973.0,-0.07518650591373444,-0.07518650591373444,0.0,0.0,0.0,0.0,0.0,0.0,0.12801246345043182,0.12801246345043182
4523,2026-09-04,0,7000.0,7000.0,0.08536585420370102,0.08536585420370102,12000.0,12000.0,0.08633093535900116,0.08633093535900116,23000.0,23000.0,0.09623430669307709,0.09623430669307709,61000.0,61000.0,0.12978723645210266,0.12978723645210266,-54000.0,-54000.0,-0.04368932172656059,-0.04368932172656059,0.0,0.0,0.0,0.0,4.0,4.0,0.1262529045343399,0.1262529045343399
4526,2026-09-04,0,-1367000.0,-1367000.0,-0.17633236944675446,-0.17633236944675446,-5820865.0,-5820865.0,-0.27617719769477844,-0.27617719769477844,-6311718.0,-6311718.0,-0.26982834935188293,-0.26982834935188293,-6613503.0,-6613503.0,-0.23987390100955963,-0.23987390100955963,-6069438.0,-6069438.0,-0.1547108143568039,-0.1547108143568039,0.0,0.0,0.0,0.0,0.0,0.0,3.042229175567627,3.042229175567627
4527,2026-09-04,0,5000.0,5000.0,0.2631579041481018,0.2631579041481018,9000.0,9000.0,0.10112359374761581,0.10112359374761581,22000.0,22000.0,0.1325301229953766,0.1325301229953766,40000.0,40000.0,0.1599999964237213,0.1599999964237213,47000.0,47000.0,0.0833333358168602,0.0833333358168602,0.0,0.0,0.0,0.0,1.0,1.0,0.024949979037046432,0.024949979037046432
4528,2026-09-04,0,-1000.0,-1000.0,-0.125,-0.125,-2000.0,-2000.0,-0.06060606241226196,-0.06060606241226196,-4000.0,-4000.0,-0.08695652335882187,-0.08695652335882187,2000.0,2000.0,0.016393441706895828,0.016393441706895828,-6000.0,-6000.0,-0.02158273383975029,-0.02158273383975029,0.0,0.0,0.0,0.0,0.0,0.0,0.009505060501396656,0.009505060501396656
4529,2026-09-04,0,1000.0,1000.0,0.01923076994717121,0.01923076994717121,1000.0,1000.0,0.006329114083200693,0.006329114083200693,1000.0,1000.0,0.0023923444095999002,0.0023923444095999002,1000.0,1000.0,0.0016474464209750295,0.0016474464209750295,-2000.0,-2000.0,-0.0013917884789407253,-0.0013917884789407253,0.0,0.0,0.0,0.0,1.0,1.0,0.06150272861123085,0.06150272861123085
4530,2026-09-04,0,-2000.0,-2000.0,-0.2857142984867096,-0.2857142984867096,0.0,0.0,0.0,0.0,0.0,0.0,0.0,0.0,4000.0,4000.0,0.014925372786819935,0.014925372786819935,6000.0,6000.0,0.016713092103600502,0.016713092103600502,0.0,0.0,0.0,0.0,0.0,0.0,0.019555825740098953,0.019555825740098953
4532,2026-09-04,0,80260.0,80260.0,0.181020587682724,0.181020587682724,-228430.0,-228430.0,-0.15260204672813416,-0.15260204672813416,-444420.0,-444420.0,-0.198284313082695,-0.198284313082695,-361446.0,-361446.0,-0.08154173940420151,-0.08154173940420151,-1117239.0,-1117239.0,-0.09549982100725174,-0.09549982100725174,0.0,0.0,1.0,1.0,1.0,1.0,0.0895896926522255,0.0895896926522255
4533,2026-09-04,0,-103000.0,-103000.0,-0.27837836742401123,-0.27837836742401123,-204378.0,-204378.0,-0.12064816802740097,-0.12064816802740097,-628077.0,-628077.0,-0.20326116681098938,-0.20326116681098938,-327686.0,-327686.0,-0.05676182359457016,-0.05676182359457016,-1470196.0,-1470196.0,-0.07577939331531525,-0.07577939331531525,0.0,0.0,0.0,0.0,0.0,0.0,0.2073594629764557,0.2073594629764557
4534,2026-09-04,0,227000.0,227000.0,0.38279932737350464,0.38279932737350464,137377.0,137377.0,0.0804314985871315,0.0804314985871315,25313.0,25313.0,0.009822661988437176,0.009822661988437176,-268729.0,-268729.0,-0.05057952180504799,-0.05057952180504799,-775541.0,-775541.0,-0.05939202010631561,-0.05939202010631561,0.0,0.0,1.0,1.0,1.0,1.0,0.6832666993141174,0.6832666993141174
4535,2026-09-04,0,0.0,0.0,0.0,0.0,0.0,0.0,0.0,0.0,5000.0,5000.0,0.09090909361839294,0.09090909361839294,7000.0,7000.0,0.0833333358168602,0.0833333358168602,0.0,0.0,0.0,0.0,0.0,0.0,0.0,0.0,0.0,0.0,0.010573375970125198,0.010573375970125198
4536,2026-09-04,0,-19000.0,-19000.0,-0.18076473474502563,-0.18076473474502563,21157.0,21157.0,0.07378101348876953,0.07378101348876953,-232748.0,-232748.0,-0.2288704812526703,-0.2288704812526703,-203521.0,-203521.0,-0.12264002859592438,-0.12264002859592438,387397.0,387397.0,0.10858084261417389,0.10858084261417389,1.0,1.0,0.0,0.0,0.0,0.0,0.1157333180308342,0.1157333180308342
4538,2026-09-04,0,-3000.0,-3000.0,-0.27272728085517883,-0.27272728085517883,-1000.0,-1000.0,-0.025641025975346565,-0.025641025975346565,-3000.0,-3000.0,-0.04615384712815285,-0.04615384712815285,-4000.0,-4000.0,-0.028985507786273956,-0.028985507786273956,0.0,0.0,0.0,0.0,0.0,0.0,0.0,0.0,0.0,0.0,0.018496844917535782,0.018496844917535782
4540,2026-09-04,0,87452.0,87452.0,0.03545258939266205,0.03545258939266205,-432163.0,-432163.0,-0.039463307708501816,-0.039463307708501816,-895003.0,-895003.0,-0.06379831582307816,-0.06379831582307816,-114639.0,-114639.0,-0.004412089474499226,-0.004412089474499226,-221136.0,-221136.0,-0.003271636553108692,-0.003271636553108692,0.0,0.0,1.0,1.0,1.0,1.0,2.1415064334869385,2.1415064334869385
4541,2026-09-04,0,-334985.0,-334985.0,-0.1863097846508026,-0.1863097846508026,-862233.0,-862233.0,-0.1899610012769699,-0.1899610012769699,-518880.0,-518880.0,-0.06846285611391068,-0.06846285611391068,-1914673.0,-1914673.0,-0.08484017103910446,-0.08484017103910446,-4718878.0,-4718878.0,-0.055785294622182846,-0.055785294622182846,0.0,0.0,0.0,0.0,0.0,0.0,2.6579127311706543,2.6579127311706543
4542,2026-09-04,0,19846.0,19846.0,0.042315565049648285,0.042315565049648285,-218570.0,-218570.0,-0.0853455662727356,-0.0853455662727356,-635746.0,-635746.0,-0.10162180662155151,-0.10162180662155151,-921909.0,-921909.0,-0.09968739002943039,-0.09968739002943039,-839278.0,-839278.0,-0.053467415273189545,-0.053467415273189545,0.0,0.0,1.0,1.0,1.0,1.0,1.3560224771499634,1.3560224771499634
4543,2026-09-04,0,-18000.0,-18000.0,-0.1782178282737732,-0.1782178282737732,-46000.0,-46000.0,-0.23232322931289673,-0.23232322931289673,-24000.0,-24000.0,-0.06916426867246628,-0.06916426867246628,-142850.0,-142850.0,-0.16571925580501556,-0.16571925580501556,49.0,49.0,3.2089064916362986e-05,3.2089064916362986e-05,0.0,0.0,0.0,0.0,0.0,0.0,0.1689745932817459,0.1689745932817459
4545,2026-09-04,0,-6000.0,-6000.0,-0.22206595540046692,-0.22206595540046692,9000.0,9000.0,0.03764209896326065,0.03764209896326065,18000.0,18000.0,0.04830658435821533,0.04830658435821533,35000.0,35000.0,0.05629833787679672,0.05629833787679672,73001.0,73001.0,0.05904027819633484,0.05904027819633484,0.0,0.0,0.0,0.0,0.0,0.0,0.03508961200714111,0.03508961200714111
4549,2026-09-04,0,23276.0,23276.0,0.4655199944972992,0.4655199944972992,31722.0,31722.0,0.3140791952610016,0.3140791952610016,24828.0,24828.0,0.06783606857061386,0.06783606857061386,124269.0,124269.0,0.17093397676944733,0.17093397676944733,296639.0,296639.0,0.1807672083377838,0.1807672083377838,0.0,0.0,1.0,1.0,1.0,1.0,0.08771553635597229,0.08771553635597229
4550,2026-09-03,0,1000.0,1000.0,0.01515151560306549,0.01515151560306549,1000.0,1000.0,0.01075268816202879,0.01075268816202879,2000.0,2000.0,0.01123595517128706,0.01123595517128706,0.0,0.0,0.0,0.0,33000.0,33000.0,0.06613226234912872,0.06613226234912872,0.0,0.0,0.0,0.0,1.0,1.0,0.1744242161512375,0.1744242161512375
4551,2026-09-04,0,209846.0,209846.0,0.10379413515329361,0.10379413515329361,-155923.0,-155923.0,-0.042723990976810455,-0.042723990976810455,-422070.0,-422070.0,-0.0662461444735527,-0.0662461444735527,-988379.0,-988379.0,-0.08520713448524475,-0.08520713448524475,-4250906.0,-4250906.0,-0.15707290172576904,-0.15707290172576904,0.0,0.0,1.0,1.0,1.0,1.0,1.754650354385376,1.754650354385376
4552,2026-09-04,0,9000.0,9000.0,0.034204404801130295,0.034204404801130295,-15000.0,-15000.0,-0.029752695932984352,-0.029752695932984352,-37000.0,-37000.0,-0.03810453787446022,-0.03810453787446022,-65000.0,-65000.0,-0.03731803968548775,-0.03731803968548775,20000.0,20000.0,0.008551478385925293,0.008551478385925293,0.0,0.0,1.0,1.0,1.0,1.0,0.22683103382587433,0.22683103382587433
4554,2026-09-04,0,-5000.0,-5000.0,-0.25,-0.25,-8000.0,-8000.0,-0.12903225421905518,-0.12903225421905518,15000.0,15000.0,0.10869564861059189,0.10869564861059189,47000.0,47000.0,0.06159895285964012,0.06159895285964012,36000.0,36000.0,0.027334852144122124,0.027334852144122124,0.0,0.0,0.0,0.0,0.0,0.0,0.07596629858016968,0.07596629858016968
4555,2026-09-04,0,14000.0,14000.0,0.12268218398094177,0.12268218398094177,-22120.0,-22120.0,-0.08563486486673355,-0.08563486486673355,-62120.0,-62120.0,-0.1289733201265335,-0.1289733201265335,33797.0,33797.0,0.029723694548010826,0.029723694548010826,385525.0,385525.0,0.08702686429023743,0.08702686429023743,0.0,0.0,1.0,1.0,1.0,1.0,0.16305162012577057,0.16305162012577057
4556,2026-09-04,0,61000.0,61000.0,0.2837209403514862,0.2837209403514862,26000.0,26000.0,0.04676258936524391,0.04676258936524391,72203.0,72203.0,0.07697547972202301,0.07697547972202301,-40797.0,-40797.0,-0.0186885017901659,-0.0186885017901659,-350922.0,-350922.0,-0.058516256511211395,-0.058516256511211395,0.0,0.0,1.0,1.0,1.0,1.0,0.5082401037216187,0.5082401037216187
4557,2026-09-04,0,7000.0,7000.0,0.2709292769432068,0.2709292769432068,2000.0,2000.0,0.022424541413784027,0.022424541413784027,-11000.0,-11000.0,-0.06545788049697876,-0.06545788049697876,10000.0,10000.0,0.022085634991526604,0.022085634991526604,177464.0,177464.0,0.14748281240463257,0.14748281240463257,0.0,0.0,1.0,1.0,1.0,1.0,0.0538586787879467,0.0538586787879467
4558,2026-09-04,0,0.0,0.0,0.0,0.0,3000.0,3000.0,0.0731707289814949,0.0731707289814949,14000.0,14000.0,0.06422018259763718,0.06422018259763718,41000.0,41000.0,0.046590909361839294,0.046590909361839294,31000.0,31000.0,0.02805429883301258,0.02805429883301258,0.0,0.0,0.0,0.0,0.0,0.0,0.009999999776482582,0.009999999776482582
4560,2026-09-04,0,-67000.0,-67000.0,-0.19878356158733368,-0.19878356158733368,-127000.0,-127000.0,-0.12724366784095764,-0.12724366784095764,-270000.0,-270000.0,-0.14994610846042633,-0.14994610846042633,-578000.0,-578000.0,-0.12507060170173645,-0.12507060170173645,-659910.0,-659910.0,-0.08116837590932846,-0.08116837590932846,0.0,0.0,0.0,0.0,0.0,0.0,0.494953989982605,0.494953989982605
4561,2026-09-04,0,45568.0,45568.0,0.23130963742733002,0.23130963742733002,43568.0,43568.0,0.07683950662612915,0.07683950662612915,112568.0,112568.0,0.1305893212556839,0.1305893212556839,201997.0,201997.0,0.10181300342082977,0.10181300342082977,11173.0,11173.0,0.0008876618812792003,0.0008876618812792003,0.0,0.0,1.0,1.0,1.0,1.0,0.336627721786499,0.336627721786499
4562,2026-09-04,0,55000.0,55000.0,0.378600150346756,0.378600150346756,98000.0,98000.0,0.22504368424415588,0.22504368424415588,145030.0,145030.0,0.22698283195495605,0.22698283195495605,286030.0,286030.0,0.23409871757030487,0.23409871757030487,669794.0,669794.0,0.14515869319438934,0.14515869319438934,0.0,0.0,0.0,0.0,5.0,5.0,0.1659379005432129,0.1659379005432129
4563,2026-09-04,0,28000.0,28000.0,0.1428571492433548,0.1428571492433548,-247000.0,-247000.0,-0.1741890013217926,-0.1741890013217926,-243000.0,-243000.0,-0.14319387078285217,-0.14319387078285217,-201001.0,-201001.0,-0.0983370840549469,-0.0983370840549469,-61990.0,-61990.0,-0.023018937557935715,-0.023018937557935715,0.0,0.0,0.0,0.0,2.0,2.0,0.35668790340423584,0.35668790340423584
4564,2026-09-04,0,-19000.0,-19000.0,-0.015643667429685593,-0.015643667429685593,75000.0,75000.0,0.024408072233200073,0.024408072233200073,-243000.0,-243000.0,-0.05716542899608612,-0.05716542899608612,-307114.0,-307114.0,-0.040979985147714615,-0.040979985147714615,-1083707.0,-1083707.0,-0.05123366788029671,-0.05123366788029671,0.0,0.0,0.0,0.0,0.0,0.0,0.5217397212982178,0.5217397212982178
4566,2026-09-04,0,3511.0,3511.0,0.006310979835689068,0.006310979835689068,-387293.0,-387293.0,-0.13051308691501617,-0.13051308691501617,-687249.0,-687249.0,-0.14813248813152313,-0.14813248813152313,-2840913.0,-2840913.0,-0.2354239970445633,-0.2354239970445633,-4176272.0,-4176272.0,-0.08138912171125412,-0.08138912171125412,0.0,0.0,1.0,1.0,1.0,1.0,0.5044583082199097,0.5044583082199097
4568,2026-09-04,0,-1000.0,-1000.0,-0.3333333432674408,-0.3333333432674408,-2000.0,-2000.0,-0.1666666716337204,-0.1666666716337204,-4000.0,-4000.0,-0.1818181872367859,-0.1818181872367859,6000.0,6000.0,0.1071428582072258,0.1071428582072258,5000.0,5000.0,0.036231882870197296,0.036231882870197296,0.0,0.0,0.0,0.0,0.0,0.0,0.00936179794371128,0.00936179794371128
4569,2026-09-04,0,-1857.0,-1857.0,-0.00693547073751688,-0.00693547073751688,68143.0,68143.0,0.07442580163478851,0.07442580163478851,52143.0,52143.0,0.03951379656791687,0.03951379656791687,34143.0,34143.0,0.01915600895881653,0.01915600895881653,64367.0,64367.0,0.029198016971349716,0.029198016971349716,0.0,0.0,0.0,0.0,0.0,0.0,0.8750130534172058,0.8750130534172058
4571,2026-09-04,0,38067.0,38067.0,0.16166390478610992,0.16166390478610992,-25933.0,-25933.0,-0.04951956495642662,-0.04951956495642662,-110933.0,-110933.0,-0.1482403576374054,-0.1482403576374054,-154421.0,-154421.0,-0.11985718458890915,-0.11985718458890915,-450736.0,-450736.0,-0.10736730694770813,-0.10736730694770813,0.0,0.0,1.0,1.0,1.0,1.0,0.44413959980010986,0.44413959980010986
4572,2026-09-04,0,0.0,0.0,0.0,0.0,-5944.0,-5944.0,-0.2280365228652954,-0.2280365228652954,-29944.0,-29944.0,-0.25800004601478577,-0.25800004601478577,-25944.0,-25944.0,-0.14868728816509247,-0.14868728816509247,-7944.0,-7944.0,-0.022917412221431732,-0.022917412221431732,0.0,0.0,0.0,0.0,0.0,0.0,0.006342499982565641,0.006342499982565641
4576,2026-09-04,0,-84658.0,-84658.0,-0.02404874376952648,-0.02404874376952648,9347.0,9347.0,0.0004700695862993598,0.0004700695862993598,1091012.0,1091012.0,0.04393067583441734,0.04393067583441734,1461566.0,1461566.0,0.045007091015577316,0.045007091015577316,1840804.0,1840804.0,0.031850382685661316,0.031850382685661316,0.0,0.0,0.0,0.0,0.0,0.0,2.9384078979492188,2.9384078979492188
4577,2026-09-04,0,-2384.0,-2384.0,-0.0011181988520547748,-0.0011181988520547748,-92284.0,-92284.0,-0.024615630507469177,-0.024615630507469177,-661018.0,-661018.0,-0.08954456448554993,-0.08954456448554993,-175414.0,-175414.0,-0.017846576869487762,-0.017846576869487762,-216876.0,-216876.0,-0.01593153551220894,-0.01593153551220894,0.0,0.0,0.0,0.0,0.0,0.0,4.33880090713501,4.33880090713501
4580,2026-09-04,0,-28000.0,-28000.0,-0.3499999940395355,-0.3499999940395355,-42975.0,-42975.0,-0.04061909392476082,-0.04061909392476082,-44975.0,-44975.0,-0.026316558942198753,-0.026316558942198753,-111975.0,-111975.0,-0.05890320986509323,-0.05890320986509323,-240975.0,-240975.0,-0.09405737370252609,-0.09405737370252609,0.0,0.0,0.0,0.0,0.0,0.0,0.17092882096767426,0.17092882096767426
4581,2026-09-04,0,1000.0,1000.0,0.19421246647834778,0.19421246647834778,0.0,0.0,0.0,0.0,-1000.0,-1000.0,-0.03515927121043205,-0.03515927121043205,0.0,0.0,0.0,0.0,-2980.0,-2980.0,-0.009958694688975811,-0.009958694688975811,0.0,0.0,0.0,0.0,1.0,1.0,0.01518923882395029,0.01518923882395029
4583,2026-09-04,0,24923.0,24923.0,0.4148992896080017,0.4148992896080017,-14598.0,-14598.0,-0.06899387389421463,-0.06899387389421463,-20763.0,-20763.0,-0.031900037080049515,-0.031900037080049515,-56663.0,-56663.0,-0.060718510299921036,-0.060718510299921036,199576.0,199576.0,0.06902612745761871,0.06902612745761871,0.0,0.0,1.0,1.0,1.0,1.0,0.07492701709270477,0.07492701709270477
4584,2026-09-04,0,0.0,0.0,0.0,0.0,0.0,0.0,0.0,0.0,0.0,0.0,0.0,0.0,-2000.0,-2000.0,-0.0625,-0.0625,-4000.0,-4000.0,-0.04040404036641121,-0.04040404036641121,0.0,0.0,0.0,0.0,0.0,0.0,0.003333066590130329,0.003333066590130329
4588,2026-09-04,0,-6000.0,-6000.0,-0.14798736572265625,-0.14798736572265625,6000.0,6000.0,0.08096837997436523,0.08096837997436523,-9000.0,-9000.0,-0.05996561795473099,-0.05996561795473099,31000.0,31000.0,0.09961791336536407,0.09961791336536407,64000.0,64000.0,0.09331853687763214,0.09331853687763214,0.0,0.0,0.0,0.0,0.0,0.0,0.09432127326726913,0.09432127326726913
4609,2026-09-04,0,0.0,0.0,0.0,0.0,0.0,0.0,0.0,0.0,0.0,0.0,0.0,0.0,0.0,0.0,0.0,0.0,0.0,0.0,0.0,0.0,0.0,0.0,0.0,0.0,0.0,0.0,0.0062569319270551205,0.0062569319270551205
4702,2026-09-04,0,-5000.0,-5000.0,-0.0223214291036129,-0.0223214291036129,18000.0,18000.0,0.04118993133306503,0.04118993133306503,14000.0,14000.0,0.025179855525493622,0.025179855525493622,14000.0,14000.0,0.017031630501151085,0.017031630501151085,69000.0,69000.0,0.044315993785858154,0.044315993785858154,0.0,0.0,0.0,0.0,0.0,0.0,0.30967798829078674,0.30967798829078674
4706,2026-09-04,0,-1000.0,-1000.0,-0.003246753243729472,-0.003246753243729472,-1000.0,-1000.0,-0.003225806402042508,-0.003225806402042508,2000.0,2000.0,0.006006006151437759,0.006006006151437759,-4000.0,-4000.0,-0.010869565419852734,-0.010869565419852734,-13000.0,-13000.0,-0.02429906465113163,-0.02429906465113163,0.0,0.0,0.0,0.0,0.0,0.0,0.3897249698638916,0.3897249698638916
4707,2026-09-04,0,146770.0,146770.0,0.050592899322509766,0.050592899322509766,-584150.0,-584150.0,-0.08077295124530792,-0.08077295124530792,-1958745.0,-1958745.0,-0.13534721732139587,-0.13534721732139587,-3510419.0,-3510419.0,-0.07950038462877274,-0.07950038462877274,-2396544.0,-2396544.0,-0.027282750234007835,-0.027282750234007835,0.0,0.0,1.0,1.0,1.0,1.0,0.7185757160186768,0.7185757160186768
4711,2026-09-04,0,-5000.0,-5000.0,-0.054347824305295944,-0.054347824305295944,-8000.0,-8000.0,-0.039603959769010544,-0.039603959769010544,-12000.0,-12000.0,-0.045627377927303314,-0.045627377927303314,-20000.0,-20000.0,-0.0520833320915699,-0.0520833320915699,79000.0,79000.0,0.05638829246163368,0.05638829246163368,0.0,0.0,0.0,0.0,0.0,0.0,0.15068134665489197,0.15068134665489197
4714,2026-09-04,0,45000.0,45000.0,0.09846827387809753,0.09846827387809753,340.0,340.0,0.0002735317684710026,0.0002735317684710026,-204377.0,-204377.0,-0.05576452985405922,-0.05576452985405922,-1804620.0,-1804620.0,-0.10438570380210876,-0.10438570380210876,-561198.0,-561198.0,-0.024636639282107353,-0.024636639282107353,0.0,0.0,1.0,1.0,1.0,1.0,0.2060060054063797,0.2060060054063797
4716,2026-09-04,0,-98000.0,-98000.0,-0.09193246066570282,-0.09193246066570282,-282349.0,-282349.0,-0.09084588289260864,-0.09084588289260864,-1520258.0,-1520258.0,-0.09300489723682404,-0.09300489723682404,-690654.0,-690654.0,-0.029417071491479874,-0.029417071491479874,-846091.0,-846091.0,-0.021367013454437256,-0.021367013454437256,0.0,0.0,0.0,0.0,0.0,0.0,1.128912091255188,1.128912091255188
4720,2026-09-04,0,-890.0,-890.0,-0.00309208151884377,-0.00309208151884377,-154379.0,-154379.0,-0.11083454638719559,-0.11083454638719559,-46313.0,-46313.0,-0.01965359039604664,-0.01965359039604664,-398593.0,-398593.0,-0.04867944493889809,-0.04867944493889809,-898208.0,-898208.0,-0.055689044296741486,-0.055689044296741486,0.0,0.0,0.0,0.0,0.0,0.0,0.2513464689254761,0.2513464689254761
4721,2026-09-04,0,-64464.0,-64464.0,-0.14325332641601562,-0.14325332641601562,-198190.0,-198190.0,-0.1783888339996338,-0.1783888339996338,-366132.0,-366132.0,-0.21587972342967987,-0.21587972342967987,-179287.0,-179287.0,-0.04865318909287453,-0.04865318909287453,-844019.0,-844019.0,-0.10580656677484512,-0.10580656677484512,0.0,0.0,0.0,0.0,0.0,0.0,0.6001095771789551,0.6001095771789551
4722,2026-09-04,0,79750.0,79750.0,0.203478142619133,0.203478142619133,-45931.0,-45931.0,-0.03238730877637863,-0.03238730877637863,92678.0,92678.0,0.03493644297122955,0.03493644297122955,409743.0,409743.0,0.07507527619600296,0.07507527619600296,220351.0,220351.0,0.013528035953640938,0.013528035953640938,0.0,0.0,1.0,1.0,1.0,1.0,0.3813147246837616,0.3813147246837616
4726,2026-09-04,0,-21000.0,-21000.0,-0.26249998807907104,-0.26249998807907104,-52000.0,-52000.0,-0.2921348214149475,-0.2921348214149475,-57000.0,-57000.0,-0.15573769807815552,-0.15573769807815552,3000.0,3000.0,0.003778337500989437,0.003778337500989437,-65000.0,-65000.0,-0.03030303120613098,-0.03030303120613098,0.0,0.0,0.0,0.0,0.0,0.0,0.03863954171538353,0.03863954171538353
4728,2026-09-04,0,0.0,0.0,0.0,0.0,-2000.0,-2000.0,-0.25,-0.25,-2000.0,-2000.0,-0.20000000298023224,-0.20000000298023224,3000.0,3000.0,0.056603774428367615,0.056603774428367615,7000.0,7000.0,0.05645161122083664,0.05645161122083664,0.0,0.0,0.0,0.0,0.0,0.0,0.005508326925337315,0.005508326925337315
4729,2026-09-04,0,0.0,0.0,0.0,0.0,5950.0,5950.0,0.04343065619468689,0.04343065619468689,48950.0,48950.0,0.1882692277431488,0.1882692277431488,107950.0,107950.0,0.13426616787910461,0.13426616787910461,123950.0,123950.0,0.07160601019859314,0.07160601019859314,0.0,0.0,0.0,0.0,0.0,0.0,0.04543920233845711,0.04543920233845711
4735,2026-09-04,0,-3000.0,-3000.0,-0.04477611929178238,-0.04477611929178238,-19000.0,-19000.0,-0.12925170361995697,-0.12925170361995697,-40000.0,-40000.0,-0.1190476194024086,-0.1190476194024086,-40000.0,-40000.0,-0.04866180196404457,-0.04866180196404457,8999.0,8999.0,0.0025844343472272158,0.0025844343472272158,0.0,0.0,0.0,0.0,0.0,0.0,0.16117873787879944,0.16117873787879944
4736,2026-09-04,0,-67000.0,-67000.0,-0.4328165352344513,-0.4328165352344513,-139858.0,-139858.0,-0.2058148831129074,-0.2058148831129074,-141960.0,-141960.0,-0.08057412505149841,-0.08057412505149841,-886366.0,-886366.0,-0.2047753930091858,-0.2047753930091858,-68074.0,-68074.0,-0.007220123894512653,-0.007220123894512653,1.0,1.0,0.0,0.0,0.0,0.0,0.16230759024620056,0.16230759024620056
4737,2026-09-04,0,58000.0,58000.0,0.27667269110679626,0.27667269110679626,57000.0,57000.0,0.1754682958126068,0.1754682958126068,61000.0,61000.0,0.13653558492660522,0.13653558492660522,157000.0,157000.0,0.2288946658372879,0.2288946658372879,335344.0,335344.0,0.27824345231056213,0.27824345231056213,0.0,0.0,1.0,1.0,1.0,1.0,0.2708510756492615,0.2708510756492615
4739,2026-09-04,0,37000.0,37000.0,0.0627332329750061,0.0627332329750061,-289576.0,-289576.0,-0.09657768160104752,-0.09657768160104752,-870580.0,-870580.0,-0.15861234068870544,-0.15861234068870544,-1200485.0,-1200485.0,-0.08940145373344421,-0.08940145373344421,-1873341.0,-1873341.0,-0.06285450607538223,-0.06285450607538223,0.0,0.0,1.0,1.0,1.0,1.0,0.473166823387146,0.473166823387146
4741,2026-09-04,0,-16000.0,-16000.0,-0.22535210847854614,-0.22535210847854614,-117000.0,-117000.0,-0.41489362716674805,-0.41489362716674805,-181156.0,-181156.0,-0.34505903720855713,-0.34505903720855713,-145156.0,-145156.0,-0.1540934145450592,-0.1540934145450592,12844.0,12844.0,0.0077654169872403145,0.0077654169872403145,0.0,0.0,0.0,0.0,0.0,0.0,0.20395219326019287,0.20395219326019287
4743,2026-09-04,0,-310756.0,-310756.0,-0.2920639216899872,-0.2920639216899872,-914499.0,-914499.0,-0.2684176564216614,-0.2684176564216614,-1352797.0,-1352797.0,-0.2643214166164398,-0.2643214166164398,-2266171.0,-2266171.0,-0.1823146492242813,-0.1823146492242813,858302.0,858302.0,0.031013622879981995,0.031013622879981995,0.0,0.0,0.0,0.0,0.0,0.0,0.22147773206233978,0.22147773206233978
4744,2026-09-04,0,-27000.0,-27000.0,-0.27000001072883606,-0.27000001072883606,-21000.0,-21000.0,-0.11052631586790085,-0.11052631586790085,-31000.0,-31000.0,-0.1260162591934204,-0.1260162591934204,-17000.0,-17000.0,-0.03213610500097275,-0.03213610500097275,-88000.0,-88000.0,-0.08576998114585876,-0.08576998114585876,0.0,0.0,0.0,0.0,0.0,0.0,0.1755973994731903,0.1755973994731903
4745,2026-09-04,0,0.0,0.0,0.0,0.0,1000.0,1000.0,0.06666667014360428,0.06666667014360428,2000.0,2000.0,0.04878048598766327,0.04878048598766327,-12000.0,-12000.0,-0.07999999821186066,-0.07999999821186066,-14000.0,-14000.0,-0.03526448458433151,-0.03526448458433151,0.0,0.0,0.0,0.0,0.0,0.0,0.007550526410341263,0.007550526410341263
4746,2026-09-04,0,-394000.0,-394000.0,-0.46007129549980164,-0.46007129549980164,-1639900.0,-1639900.0,-0.5180379748344421,-0.5180379748344421,-1974600.0,-1974600.0,-0.43192678689956665,-0.43192678689956665,-3076400.0,-3076400.0,-0.3743308186531067,-0.3743308186531067,-3341778.0,-3341778.0,-0.22106873989105225,-0.22106873989105225,0.0,0.0,0.0,0.0,0.0,0.0,0.7121384739875793,0.7121384739875793
4747,2026-09-04,0,-3000.0,-3000.0,-0.04918032884597778,-0.04918032884597778,-22000.0,-22000.0,-0.05314009636640549,-0.05314009636640549,-27000.0,-27000.0,-0.04192546755075455,-0.04192546755075455,-10000.0,-10000.0,-0.010822511278092861,-0.010822511278092861,96000.0,96000.0,0.05445263907313347,0.05445263907313347,0.0,0.0,0.0,0.0,0.0,0.0,0.06709042936563492,0.06709042936563492
4749,2026-09-04,0,105631.0,105631.0,0.08376764506101608,0.08376764506101608,-33401.0,-33401.0,-0.013462716713547707,-0.013462716713547707,-123915.0,-123915.0,-0.032446976751089096,-0.032446976751089096,-332767.0,-332767.0,-0.05293779820203781,-0.05293779820203781,-825648.0,-825648.0,-0.07798696309328079,-0.07798696309328079,1.0,1.0,1.0,1.0,1.0,1.0,1.359820008277893,1.359820008277893
4754,2026-09-04,0,-1000.0,-1000.0,-0.0833333358168602,-0.0833333358168602,-5000.0,-5000.0,-0.0746268630027771,-0.0746268630027771,4000.0,4000.0,0.022727273404598236,0.022727273404598236,7000.0,7000.0,0.022364217787981033,0.022364217787981033,17000.0,17000.0,0.020858895033597946,0.020858895033597946,0.0,0.0,0.0,0.0,0.0,0.0,0.03962591290473938,0.03962591290473938
4755,2026-09-04,0,-17350.0,-17350.0,-0.22497990727424622,-0.22497990727424622,-73970.0,-73970.0,-0.2162574678659439,-0.2162574678659439,-85970.0,-85970.0,-0.13505573570728302,-0.13505573570728302,-226522.0,-226522.0,-0.10988020896911621,-0.10988020896911621,-148053.0,-148053.0,-0.03822119161486626,-0.03822119161486626,0.0,0.0,0.0,0.0,0.0,0.0,0.07657736539840698,0.07657736539840698
4760,2026-09-04,0,-3545.0,-3545.0,-0.008302107453346252,-0.008302107453346252,-156207.0,-156207.0,-0.11869832873344421,-0.11869832873344421,-98700.0,-98700.0,-0.04565217345952988,-0.04565217345952988,-107880.0,-107880.0,-0.028706759214401245,-0.028706759214401245,-153618.0,-153618.0,-0.01804298721253872,-0.01804298721253872,0.0,0.0,0.0,0.0,0.0,0.0,1.3283177614212036,1.3283177614212036
4763,2026-09-04,0,800218.0,800218.0,0.16089971363544464,0.16089971363544464,-1250801.0,-1250801.0,-0.03802816569805145,-0.03802816569805145,5860793.0,5860793.0,0.11381883919239044,0.11381883919239044,-1111251.0,-1111251.0,-0.011330442503094673,-0.011330442503094673,3566710.0,3566710.0,0.019360845908522606,0.019360845908522606,3.0,3.0,1.0,1.0,1.0,1.0,0.5027965903282166,0.5027965903282166
4764,2026-09-04,0,101861.0,101861.0,0.0872342586517334,0.0872342586517334,70569.0,70569.0,0.017004307359457016,0.017004307359457016,-322055.0,-322055.0,-0.045396264642477036,-0.045396264642477036,-765676.0,-765676.0,-0.05116802826523781,-0.05116802826523781,-371922.0,-371922.0,-0.011419793590903282,-0.011419793590903282,0.0,0.0,0.0,0.0,2.0,2.0,1.3650267124176025,1.3650267124176025
4766,2026-09-04,0,14672.0,14672.0,0.1556248515844345,0.1556248515844345,-38615.0,-38615.0,-0.09950780868530273,-0.09950780868530273,16375.0,16375.0,0.019697731360793114,0.019697731360793114,88557.0,88557.0,0.05323285236954689,0.05323285236954689,433375.0,433375.0,0.10666778683662415,0.10666778683662415,0.0,0.0,1.0,1.0,1.0,1.0,0.07819307595491409,0.07819307595491409
4767,2026-09-04,0,1000.0,1000.0,0.03333333507180214,0.03333333507180214,2000.0,2000.0,0.032786883413791656,0.032786883413791656,1000.0,1000.0,0.011363636702299118,0.011363636702299118,-1000.0,-1000.0,-0.004587155766785145,-0.004587155766785145,-4000.0,-4000.0,-0.004756242502480745,-0.004756242502480745,0.0,0.0,0.0,0.0,2.0,2.0,0.0954957827925682,0.0954957827925682
4768,2026-09-04,0,28880.0,28880.0,0.06593607366085052,0.06593607366085052,-173258.0,-173258.0,-0.17733675241470337,-0.17733675241470337,-229505.0,-229505.0,-0.16487428545951843,-0.16487428545951843,-575060.0,-575060.0,-0.17936992645263672,-0.17936992645263672,-253839.0,-253839.0,-0.03612852096557617,-0.03612852096557617,0.0,0.0,1.0,1.0,1.0,1.0,0.9223389029502869,0.9223389029502869
4770,2026-09-04,0,256697.0,256697.0,0.29079538583755493,0.29079538583755493,230906.0,230906.0,0.16294434666633606,0.16294434666633606,621130.0,621130.0,0.1832859367132187,0.1832859367132187,451841.0,451841.0,0.08196070045232773,0.08196070045232773,477831.0,477831.0,0.057168032974004745,0.057168032974004745,0.0,0.0,0.0,0.0,2.0,2.0,1.103757381439209,1.103757381439209
4771,2026-09-04,0,69.0,69.0,0.0005752061260864139,0.0005752061260864139,-63740.0,-63740.0,-0.14191566407680511,-0.14191566407680511,213734.0,213734.0,0.16521447896957397,0.16521447896957397,619201.0,619201.0,0.22558727860450745,0.22558727860450745,1140566.0,1140566.0,0.22253470122814178,0.22253470122814178,0.0,0.0,1.0,1.0,1.0,1.0,0.20432576537132263,0.20432576537132263
4772,2026-09-04,0,96000.0,96000.0,0.19393938779830933,0.19393938779830933,-416900.0,-416900.0,-0.213030144572258,-0.213030144572258,-427800.0,-427800.0,-0.14222075045108795,-0.14222075045108795,-336051.0,-336051.0,-0.052483368664979935,-0.052483368664979935,-410440.0,-410440.0,-0.03348890319466591,-0.03348890319466591,0.0,0.0,1.0,1.0,1.0,1.0,0.3351806700229645,0.3351806700229645
4804,2026-04-13,0,1.0,1.0,2.197802132286597e-06,2.197802132286597e-06,1.0,1.0,5.257623456600413e-07,5.257623456600413e-07,1.0,1.0,3.489183484362002e-07,3.489183484362002e-07,1.0,1.0,2.8735632895404706e-07,2.8735632895404706e-07,2.0,2.0,5.091649768473872e-07,5.091649768473872e-07,0.0,0.0,0.0,0.0,1.0,1.0,0.6320153474807739,0.6320153474807739
4806,2026-09-04,0,0.0,0.0,0.0,0.0,0.0,0.0,0.0,0.0,0.0,0.0,0.0,0.0,0.0,0.0,0.0,0.0,-1.0,-1.0,-2.304147528775502e-06,-2.304147528775502e-06,0.0,0.0,0.0,0.0,0.0,0.0,0.020010586827993393,0.020010586827993393
4807,2026-09-04,0,100000.0,100000.0,0.39559152722358704,0.39559152722358704,119000.0,119000.0,0.3233388066291809,0.3233388066291809,121000.0,121000.0,0.23286516964435577,0.23286516964435577,80888.0,80888.0,0.03962268307805061,0.03962268307805061,309888.0,309888.0,0.0825699046254158,0.0825699046254158,0.0,0.0,0.0,0.0,3.0,3.0,0.5159315466880798,0.5159315466880798
4903,2026-09-04,0,-305000.0,-305000.0,-0.2978515625,-0.2978515625,101203.0,101203.0,0.01874476671218872,0.01874476671218872,344978.0,344978.0,0.0492192879319191,0.0492192879319191,507116.0,507116.0,0.04789987578988075,0.04789987578988075,-258857.0,-258857.0,-0.012172913178801537,-0.012172913178801537,0.0,0.0,0.0,0.0,0.0,0.0,0.9720560908317566,0.9720560908317566
4904,2026-09-04,0,917749.0,917749.0,0.27496030926704407,0.27496030926704407,5961429.0,5961429.0,0.360725998878479,0.360725998878479,7415840.0,7415840.0,0.2539924085140228,0.2539924085140228,12000322.0,12000322.0,0.2131463587284088,0.2131463587284088,19981800.0,19981800.0,0.18645432591438293,0.18645432591438293,2.0,2.0,0.0,0.0,5.0,5.0,0.09251728653907776,0.09251728653907776
4905,2026-09-04,0,-1000.0,-1000.0,-0.0555555559694767,-0.0555555559694767,-13000.0,-13000.0,-0.14942528307437897,-0.14942528307437897,0.0,0.0,0.0,0.0,2000.0,2000.0,0.005263158120214939,0.005263158120214939,-4000.0,-4000.0,-0.0025461488403379917,-0.0025461488403379917,0.0,0.0,0.0,0.0,0.0,0.0,0.06151733919978142,0.06151733919978142
4906,2026-09-04,0,1880430.0,1880430.0,0.31593161821365356,0.31593161821365356,-2906238.0,-2906238.0,-0.1525900512933731,-0.1525900512933731,-2520448.0,-2520448.0,-0.05408972129225731,-0.05408972129225731,-11485609.0,-11485609.0,-0.1332584023475647,-0.1332584023475647,-8874718.0,-8874718.0,-0.0740138590335846,-0.0740138590335846,0.0,0.0,1.0,1.0,1.0,1.0,1.369901180267334,1.369901180267334
4907,2026-09-04,0,-5000.0,-5000.0,-0.19230769574642181,-0.19230769574642181,-29000.0,-29000.0,-0.2265625,-0.2265625,-27000.0,-27000.0,-0.1007462665438652,-0.1007462665438652,-38000.0,-38000.0,-0.04475853964686394,-0.04475853964686394,-53000.0,-53000.0,-0.02461681328713894,-0.02461681328713894,0.0,0.0,0.0,0.0,0.0,0.0,0.02200671099126339,0.02200671099126339
4908,2026-09-04,0,113910.0,113910.0,0.06611143052577972,0.06611143052577972,874072.0,874072.0,0.04043260216712952,0.04043260216712952,756405.0,756405.0,0.023211151361465454,0.023211151361465454,-1299430.0,-1299430.0,-0.019204722717404366,-0.019204722717404366,-1386096.0,-1386096.0,-0.016651801764965057,-0.016651801764965057,0.0,0.0,1.0,1.0,1.0,1.0,2.202848434448242,2.202848434448242
4909,2026-09-04,0,32001.0,32001.0,0.10191401094198227,0.10191401094198227,-39829.0,-39829.0,-0.038857560604810715,-0.038857560604810715,-236778.0,-236778.0,-0.11189886927604675,-0.11189886927604675,-910873.0,-910873.0,-0.1560783088207245,-0.1560783088207245,-782868.0,-782868.0,-0.09554161876440048,-0.09554161876440048,0.0,0.0,1.0,1.0,1.0,1.0,0.33634376525878906,0.33634376525878906
4911,2026-09-04,0,-1000.0,-1000.0,-0.1666666716337204,-0.1666666716337204,6000.0,6000.0,0.15000000596046448,0.15000000596046448,15921.0,15921.0,0.167589470744133,0.167589470744133,14921.0,14921.0,0.09564743936061859,0.09564743936061859,1721.0,1721.0,0.004259901121258736,0.004259901121258736,0.0,0.0,0.0,0.0,0.0,0.0,0.008718758821487427,0.008718758821487427
4912,2026-09-04,0,439041.0,439041.0,0.37579861283302307,0.37579861283302307,825153.0,825153.0,0.22945845127105713,0.22945845127105713,430478.0,430478.0,0.07993590086698532,0.07993590086698532,1173852.0,1173852.0,0.10315032303333282,0.10315032303333282,1517013.0,1517013.0,0.10430244356393814,0.10430244356393814,0.0,0.0,0.0,0.0,3.0,3.0,1.743893027305603,1.743893027305603
4915,2026-09-04,0,32108.0,32108.0,0.015100700780749321,0.015100700780749321,-404496.0,-404496.0,-0.06305871903896332,-0.06305871903896332,-546382.0,-546382.0,-0.059161704033613205,-0.059161704033613205,-3830270.0,-3830270.0,-0.2155616730451584,-0.2155616730451584,-8281509.0,-8281509.0,-0.19280581176280975,-0.19280581176280975,1.0,1.0,1.0,1.0,1.0,1.0,0.45059236884117126,0.45059236884117126
4916,2026-09-04,0,23904.0,23904.0,0.02480558305978775,0.02480558305978775,-409753.0,-409753.0,-0.09233227372169495,-0.09233227372169495,-608773.0,-608773.0,-0.08419837057590485,-0.08419837057590485,-391579.0,-391579.0,-0.02121119759976864,-0.02121119759976864,-5381489.0,-5381489.0,-0.08555546402931213,-0.08555546402931213,0.0,0.0,1.0,1.0,1.0,1.0,0.8712736964225769,0.8712736964225769
4919,2026-09-04,0,769882.0,769882.0,0.39572346210479736,0.39572346210479736,365830.0,365830.0,0.0643223375082016,0.0643223375082016,1061405.0,1061405.0,0.10394060611724854,0.10394060611724854,1385731.0,1385731.0,0.05724414065480232,0.05724414065480232,2149539.0,2149539.0,0.0366976335644722,0.0366976335644722,1.0,1.0,1.0,1.0,1.0,1.0,0.4634745121002197,0.4634745121002197
4923,2026-09-04,0,27101.0,27101.0,0.1949712187051773,0.1949712187051773,102220.0,102220.0,0.1928679198026657,0.1928679198026657,23280.0,23280.0,0.02208728715777397,0.02208728715777397,461148.0,461148.0,0.12870444357395172,0.12870444357395172,304837.0,304837.0,0.04075361043214798,0.04075361043214798,0.0,0.0,0.0,0.0,3.0,3.0,0.4101408123970032,0.4101408123970032
4924,2026-09-04,0,9000.0,9000.0,0.020642202347517014,0.020642202347517014,76000.0,76000.0,0.10644257813692093,0.10644257813692093,86000.0,86000.0,0.11574697494506836,0.11574697494506836,93000.0,93000.0,0.10801393538713455,0.10801393538713455,108000.0,108000.0,0.09944751113653183,0.09944751113653183,0.0,0.0,0.0,0.0,2.0,2.0,1.1731654405593872,1.1731654405593872
4927,2026-09-04,0,232465.0,232465.0,0.09680995345115662,0.09680995345115662,-860652.0,-860652.0,-0.06404576450586319,-0.06404576450586319,-1140364.0,-1140364.0,-0.04839491471648216,-0.04839491471648216,2039271.0,2039271.0,0.03521910309791565,0.03521910309791565,3895621.0,3895621.0,0.05027308687567711,0.05027308687567711,0.0,0.0,1.0,1.0,1.0,1.0,0.9063445329666138,0.9063445329666138
4930,2026-09-04,0,4000.0,4000.0,0.3134304881095886,0.3134304881095886,6000.0,6000.0,0.15902885794639587,0.15902885794639587,4000.0,4000.0,0.04864700511097908,0.04864700511097908,-12000.0,-12000.0,-0.059007495641708374,-0.059007495641708374,17000.0,17000.0,0.030885392799973488,0.030885392799973488,0.0,0.0,0.0,0.0,1.0,1.0,0.015952499583363533,0.015952499583363533
4931,2026-09-04,0,-114980.0,-114980.0,-0.031974416226148605,-0.031974416226148605,-369306.0,-369306.0,-0.02999074198305607,-0.02999074198305607,-1970755.0,-1970755.0,-0.06601972877979279,-0.06601972877979279,-5081796.0,-5081796.0,-0.06215275824069977,-0.06215275824069977,1288120.0,1288120.0,0.009554864838719368,0.009554864838719368,0.0,0.0,0.0,0.0,0.0,0.0,5.484570026397705,5.484570026397705
4933,2026-09-04,0,-3000.0,-3000.0,-0.0810810774564743,-0.0810810774564743,-21000.0,-21000.0,-0.1764705926179886,-0.1764705926179886,-48000.0,-48000.0,-0.20600858330726624,-0.20600858330726624,-136000.0,-136000.0,-0.2222222238779068,-0.2222222238779068,-17416.0,-17416.0,-0.01283419318497181,-0.01283419318497181,0.0,0.0,0.0,0.0,0.0,0.0,0.04478785768151283,0.04478785768151283
4934,2026-09-04,0,40004.0,40004.0,0.09877579659223557,0.09877579659223557,-63532.0,-63532.0,-0.054964564740657806,-0.054964564740657806,-256369.0,-256369.0,-0.1359013170003891,-0.1359013170003891,-97275.0,-97275.0,-0.02528315782546997,-0.02528315782546997,62357.0,62357.0,0.008107155561447144,0.008107155561447144,0.0,0.0,1.0,1.0,1.0,1.0,0.17999911308288574,0.17999911308288574
4935,2026-09-04,0,-16000.0,-16000.0,-0.13536608219146729,-0.13536608219146729,-33000.0,-33000.0,-0.13268038630485535,-0.13268038630485535,-68000.0,-68000.0,-0.1730777621269226,-0.1730777621269226,-168431.0,-168431.0,-0.20112244784832,-0.20112244784832,-198431.0,-198431.0,-0.13717611134052277,-0.13717611134052277,0.0,0.0,0.0,0.0,0.0,0.0,0.0917229950428009,0.0917229950428009
4938,2026-09-04,0,9303010.0,9303010.0,0.4989747703075409,0.4989747703075409,2876949.0,2876949.0,0.08372477442026138,0.08372477442026138,3657194.0,3657194.0,0.057134732604026794,0.057134732604026794,1796753.0,1796753.0,0.01965794339776039,0.01965794339776039,13627832.0,13627832.0,0.0493907667696476,0.0493907667696476,2.0,2.0,1.0,1.0,1.0,1.0,0.6967966556549072,0.6967966556549072
4939,2026-09-04,0,783000.0,783000.0,0.2142270803451538,0.2142270803451538,1064300.0,1064300.0,0.08050072193145752,0.08050072193145752,28060.0,28060.0,0.0005771762225776911,0.0005771762225776911,8729737.0,8729737.0,0.036800481379032135,0.036800481379032135,9525146.0,9525146.0,0.02622656151652336,0.02622656151652336,0.0,0.0,1.0,1.0,1.0,1.0,3.7219629287719727,3.7219629287719727
4942,2026-09-04,0,-8000.0,-8000.0,-0.23869197070598602,-0.23869197070598602,-25000.0,-25000.0,-0.14077289402484894,-0.14077289402484894,-17000.0,-17000.0,-0.05740566924214363,-0.05740566924214363,-91000.0,-91000.0,-0.13382863998413086,-0.13382863998413086,-313532.0,-313532.0,-0.16642417013645172,-0.16642417013645172,0.0,0.0,0.0,0.0,0.0,0.0,0.023541871458292007,0.023541871458292007
4943,2026-09-04,0,0.0,0.0,0.0,0.0,0.0,0.0,0.0,0.0,0.0,0.0,0.0,0.0,0.0,0.0,0.0,0.0,111.0,111.0,0.00014620614820159972,0.00014620614820159972,0.0,0.0,0.0,0.0,0.0,0.0,0.1252399981021881,0.1252399981021881
4946,2026-09-04,0,-1000.0,-1000.0,-0.1428571492433548,-0.1428571492433548,1000.0,1000.0,0.0416666679084301,0.0416666679084301,-4000.0,-4000.0,-0.07692307978868484,-0.07692307978868484,-14000.0,-14000.0,-0.10071942210197449,-0.10071942210197449,-10000.0,-10000.0,-0.021691974252462387,-0.021691974252462387,0.0,0.0,0.0,0.0,0.0,0.0,0.07907088845968246,0.07907088845968246
4949,2026-09-04,0,28010.0,28010.0,0.0420386902987957,0.0420386902987957,-1139224.0,-1139224.0,-0.19823268055915833,-0.19823268055915833,-608224.0,-608224.0,-0.06736337393522263,-0.06736337393522263,-403781.0,-403781.0,-0.03331734612584114,-0.03331734612584114,-1089305.0,-1089305.0,-0.0526505671441555,-0.0526505671441555,0.0,0.0,1.0,1.0,1.0,1.0,0.9838613271713257,0.9838613271713257
4950,2026-09-04,0,0.0,0.0,0.0,0.0,-1000.0,-1000.0,-0.019607843831181526,-0.019607843831181526,-1000.0,-1000.0,-0.016949152573943138,-0.016949152573943138,-1000.0,-1000.0,-0.005681818351149559,-0.005681818351149559,0.0,0.0,0.0,0.0,0.0,0.0,0.0,0.0,0.0,0.0,0.04330570995807648,0.04330570995807648
4951,2026-09-04,0,34290.0,34290.0,0.24319149553775787,0.24319149553775787,15652.0,15652.0,0.03573516011238098,0.03573516011238098,-120358.0,-120358.0,-0.12831343710422516,-0.12831343710422516,-85440.0,-85440.0,-0.0512230210006237,-0.0512230210006237,-11371.0,-11371.0,-0.0036668817047029734,-0.0036668817047029734,0.0,0.0,1.0,1.0,1.0,1.0,0.4128998816013336,0.4128998816013336
4952,2026-09-04,0,43090.0,43090.0,0.23871120810508728,0.23871120810508728,116521.0,116521.0,0.183197021484375,0.183197021484375,197820.0,197820.0,0.1667894870042801,0.1667894870042801,870176.0,870176.0,0.27692678570747375,0.27692678570747375,9173.0,9173.0,0.0009411861537955701,0.0009411861537955701,0.0,0.0,0.0,0.0,10.0,10.0,0.16588672995567322,0.16588672995567322
4953,2026-09-04,0,37560.0,37560.0,0.21462857723236084,0.21462857723236084,-50326.0,-50326.0,-0.07851170003414154,-0.07851170003414154,-145465.0,-145465.0,-0.1569201797246933,-0.1569201797246933,-286505.0,-286505.0,-0.17023469507694244,-0.17023469507694244,-415520.0,-415520.0,-0.12268083542585373,-0.12268083542585373,2.0,2.0,1.0,1.0,1.0,1.0,0.2392442226409912,0.2392442226409912
4956,2026-09-04,0,1200961.0,1200961.0,0.2278241366147995,0.2278241366147995,1237981.0,1237981.0,0.12160458415746689,0.12160458415746689,900269.0,900269.0,0.05868702754378319,0.05868702754378319,-1109773.0,-1109773.0,-0.024503115564584732,-0.024503115564584732,424919.0,424919.0,0.007269687484949827,0.007269687484949827,0.0,0.0,1.0,1.0,1.0,1.0,5.250006675720215,5.250006675720215
4958,2026-09-04,0,-7534100.0,-7534100.0,-0.2220473736524582,-0.2220473736524582,-25355764.0,-25355764.0,-0.24256320297718048,-0.24256320297718048,-15837515.0,-15837515.0,-0.07026618719100952,-0.07026618719100952,-10443206.0,-10443206.0,-0.0319116935133934,-0.0319116935133934,-39527160.0,-39527160.0,-0.055002033710479736,-0.055002033710479736,2.0,2.0,0.0,0.0,0.0,0.0,3.1692700386047363,3.1692700386047363
4960,2026-09-04,0,203271.0,203271.0,0.17523951828479767,0.17523951828479767,-36229.0,-36229.0,-0.006502916105091572,-0.006502916105091572,501047.0,501047.0,0.05514943227171898,0.05514943227171898,2074692.0,2074692.0,0.09161671251058578,0.09161671251058578,361527.0,361527.0,0.006230732426047325,0.006230732426047325,0.0,0.0,1.0,1.0,1.0,1.0,0.2028948813676834,0.2028948813676834
4961,2026-09-04,0,-24377.0,-24377.0,-0.0712561085820198,-0.0712561085820198,-312768.0,-312768.0,-0.1535828858613968,-0.1535828858613968,-178743.0,-178743.0,-0.049994729459285736,-0.049994729459285736,-292720.0,-292720.0,-0.06088056042790413,-0.06088056042790413,692134.0,692134.0,0.06778895109891891,0.06778895109891891,0.0,0.0,0.0,0.0,0.0,0.0,0.28213924169540405,0.28213924169540405
4966,2026-09-04,0,102524.0,102524.0,0.4457565248012543,0.4457565248012543,156256.0,156256.0,0.09675294160842896,0.09675294160842896,307652.0,307652.0,0.11302424967288971,0.11302424967288971,494948.0,494948.0,0.07709470391273499,0.07709470391273499,-527155.0,-527155.0,-0.03700631856918335,-0.03700631856918335,0.0,0.0,0.0,0.0,2.0,2.0,0.2912949025630951,0.2912949025630951
4967,2026-09-04,0,740723.0,740723.0,0.30920183658599854,0.30920183658599854,-448325.0,-448325.0,-0.0337834469974041,-0.0337834469974041,321332.0,321332.0,0.015583250671625137,0.015583250671625137,-398825.0,-398825.0,-0.008290334604680538,-0.008290334604680538,-2093665.0,-2093665.0,-0.021907014772295952,-0.021907014772295952,2.0,2.0,1.0,1.0,1.0,1.0,2.8195672035217285,2.8195672035217285
4968,2026-09-04,0,62180.0,62180.0,0.30324164032936096,0.30324164032936096,-15207.0,-15207.0,-0.017277736216783524,-0.017277736216783524,142889.0,142889.0,0.09212000668048859,0.09212000668048859,227442.0,227442.0,0.07056552171707153,0.07056552171707153,186459.0,186459.0,0.02572540193796158,0.02572540193796158,0.0,0.0,1.0,1.0,1.0,1.0,0.22237417101860046,0.22237417101860046
4971,2026-09-04,0,-417497.0,-417497.0,-0.08511661738157272,-0.08511661738157272,-478274.0,-478274.0,-0.022097302600741386,-0.022097302600741386,-137263.0,-137263.0,-0.004940894898027182,-0.004940894898027182,-631077.0,-631077.0,-0.019002048298716545,-0.019002048298716545,-1783863.0,-1783863.0,-0.029797598719596863,-0.029797598719596863,0.0,0.0,0.0,0.0,0.0,0.0,10.395089149475098,10.395089149475098
4972,2026-09-04,0,-1000.0,-1000.0,-0.05000000074505806,-0.05000000074505806,-3000.0,-3000.0,-0.06976744532585144,-0.06976744532585144,2000.0,2000.0,0.02631578966975212,0.02631578966975212,2000.0,2000.0,0.014925372786819935,0.014925372786819935,-11000.0,-11000.0,-0.04280155524611473,-0.04280155524611473,0.0,0.0,0.0,0.0,0.0,0.0,0.03515643626451492,0.03515643626451492
4973,2026-09-04,0,177601.0,177601.0,0.24666805565357208,0.24666805565357208,-171398.0,-171398.0,-0.056399472057819366,-0.056399472057819366,-165989.0,-165989.0,-0.03619472309947014,-0.03619472309947014,-851889.0,-851889.0,-0.07271159440279007,-0.07271159440279007,-1163810.0,-1163810.0,-0.03445977717638016,-0.03445977717638016,0.0,0.0,1.0,1.0,1.0,1.0,1.1027241945266724,1.1027241945266724
4974,2026-09-04,0,72090.0,72090.0,0.33530232310295105,0.33530232310295105,243090.0,243090.0,0.2859882414340973,0.2859882414340973,261662.0,261662.0,0.26864680647850037,0.26864680647850037,439772.0,439772.0,0.2914327383041382,0.2914327383041382,808127.0,808127.0,0.32572633028030396,0.32572633028030396,0.0,0.0,1.0,1.0,1.0,1.0,0.29655128717422485,0.29655128717422485
4976,2026-09-04,0,406000.0,406000.0,0.13951405882835388,0.13951405882835388,1110361.0,1110361.0,0.03929999843239784,0.03929999843239784,291514.0,291514.0,0.00908216554671526,0.00908216554671526,1276362.0,1276362.0,0.021732591092586517,0.021732591092586517,2399915.0,2399915.0,0.02679937705397606,0.02679937705397606,0.0,0.0,1.0,1.0,1.0,1.0,2.060715436935425,2.060715436935425
4977,2026-09-04,0,-261568.0,-261568.0,-0.04278174787759781,-0.04278174787759781,-385002.0,-385002.0,-0.021063221618533134,-0.021063221618533134,-1009255.0,-1009255.0,-0.03583665192127228,-0.03583665192127228,-355250.0,-355250.0,-0.006364119239151478,-0.006364119239151478,-1091361.0,-1091361.0,-0.011364203877747059,-0.011364203877747059,0.0,0.0,0.0,0.0,0.0,0.0,7.624418258666992,7.624418258666992
4979,2026-09-04,0,1118430.0,1118430.0,0.06041322275996208,0.06041322275996208,1874470.0,1874470.0,0.07927218079566956,0.07927218079566956,2306424.0,2306424.0,0.08330650627613068,0.08330650627613068,-495448.0,-495448.0,-0.004326867870986462,-0.004326867870986462,-1599060.0,-1599060.0,-0.007421885151416063,-0.007421885151416063,1.0,1.0,0.0,0.0,6.0,6.0,13.004420280456543,13.004420280456543
4989,2026-09-04,0,138541.0,138541.0,0.054614655673503876,0.054614655673503876,-298459.0,-298459.0,-0.029374971985816956,-0.029374971985816956,-1845427.0,-1845427.0,-0.08788545429706573,-0.08788545429706573,-2445694.0,-2445694.0,-0.039972711354494095,-0.039972711354494095,-2672781.0,-2672781.0,-0.020832953974604607,-0.020832953974604607,0.0,0.0,1.0,1.0,1.0,1.0,1.4681973457336426,1.4681973457336426
4991,2026-09-04,0,68200.0,68200.0,0.06100178882479668,0.06100178882479668,-1412261.0,-1412261.0,-0.07165563851594925,-0.07165563851594925,-3282357.0,-3282357.0,-0.09486032277345657,-0.09486032277345657,-2383690.0,-2383690.0,-0.03675414249300957,-0.03675414249300957,-5547748.0,-5547748.0,-0.04985171556472778,-0.04985171556472778,0.0,0.0,1.0,1.0,1.0,1.0,0.9212612509727478,0.9212612509727478
4994,2026-09-04,0,-2000.0,-2000.0,-0.15372790396213531,-0.15372790396213531,-5000.0,-5000.0,-0.176584854722023,-0.176584854722023,-10000.0,-10000.0,-0.1865149736404419,-0.1865149736404419,-10000.0,-10000.0,-0.09410347789525986,-0.09410347789525986,-8900.0,-8900.0,-0.030955014750361443,-0.030955014750361443,0.0,0.0,0.0,0.0,0.0,0.0,0.019598273560404778,0.019598273560404778
4995,2026-09-04,0,-6000.0,-6000.0,-0.2222222238779068,-0.2222222238779068,-4000.0,-4000.0,-0.050632912665605545,-0.050632912665605545,-4000.0,-4000.0,-0.03921568766236305,-0.03921568766236305,-1000.0,-1000.0,-0.004739336669445038,-0.004739336669445038,33000.0,33000.0,0.053658537566661835,0.053658537566661835,0.0,0.0,0.0,0.0,0.0,0.0,0.06339213252067566,0.06339213252067566
4999,2026-09-04,0,5000.0,5000.0,0.19960877299308777,0.19960877299308777,21000.0,21000.0,0.18903762102127075,0.18903762102127075,22000.0,22000.0,0.13574214279651642,0.13574214279651642,-8000.0,-8000.0,-0.023295700550079346,-0.023295700550079346,-69000.0,-69000.0,-0.0757487565279007,-0.0757487565279007,0.0,0.0,0.0,0.0,4.0,4.0,0.03366022929549217,0.03366022929549217
5007,2026-09-04,0,10000.0,10000.0,0.4000000059604645,0.4000000059604645,-1000.0,-1000.0,-0.020785698667168617,-0.020785698667168617,-15000.0,-15000.0,-0.08462480455636978,-0.08462480455636978,-6000.0,-6000.0,-0.020362867042422295,-0.020362867042422295,-16000.0,-16000.0,-0.016596924513578415,-0.016596924513578415,0.0,0.0,1.0,1.0,1.0,1.0,0.00847629550844431,0.00847629550844431
5009,2026-09-04,0,-422000.0,-422000.0,-0.3009985685348511,-0.3009985685348511,-929800.0,-929800.0,-0.22761322557926178,-0.22761322557926178,-478241.0,-478241.0,-0.050383586436510086,-0.050383586436510086,-2463100.0,-2463100.0,-0.14742039144039154,-0.14742039144039154,2904720.0,2904720.0,0.0775129422545433,0.0775129422545433,0.0,0.0,0.0,0.0,0.0,0.0,0.23270821571350098,0.23270821571350098
5011,2026-09-04,0,-41000.0,-41000.0,-0.5616438388824463,-0.5616438388824463,-115000.0,-115000.0,-0.30423280596733093,-0.30423280596733093,-327000.0,-327000.0,-0.32408323884010315,-0.32408323884010315,-528010.0,-528010.0,-0.21205221116542816,-0.21205221116542816,-948717.0,-948717.0,-0.2279473841190338,-0.2279473841190338,0.0,0.0,0.0,0.0,0.0,0.0,0.07251133024692535,0.07251133024692535
5013,2026-09-04,0,5000.0,5000.0,0.10638298094272614,0.10638298094272614,6000.0,6000.0,0.07692307978868484,0.07692307978868484,2000.0,2000.0,0.01904761977493763,0.01904761977493763,19000.0,19000.0,0.08296943455934525,0.08296943455934525,103000.0,103000.0,0.1976967304944992,0.1976967304944992,0.0,0.0,0.0,0.0,2.0,2.0,0.03522815927863121,0.03522815927863121
5014,2026-09-04,0,-38000.0,-38000.0,-0.3486238420009613,-0.3486238420009613,-66000.0,-66000.0,-0.15714286267757416,-0.15714286267757416,-108000.0,-108000.0,-0.13432836532592773,-0.13432836532592773,-213929.0,-213929.0,-0.13084343075752258,-0.13084343075752258,-544505.0,-544505.0,-0.06499999761581421,-0.06499999761581421,0.0,0.0,0.0,0.0,0.0,0.0,0.05947669595479965,0.05947669595479965
5015,2026-09-04,0,-5000.0,-5000.0,-0.29411765933036804,-0.29411765933036804,-4000.0,-4000.0,-0.11428571492433548,-0.11428571492433548,-3000.0,-3000.0,-0.03846153989434242,-0.03846153989434242,1000.0,1000.0,0.0060606058686971664,0.0060606058686971664,17000.0,17000.0,0.043927647173404694,0.043927647173404694,0.0,0.0,0.0,0.0,0.0,0.0,0.028034675866365433,0.028034675866365433
5016,2026-09-04,0,0.0,0.0,0.0,0.0,-1000.0,-1000.0,-0.03846153989434242,-0.03846153989434242,-9000.0,-9000.0,-0.16981132328510284,-0.16981132328510284,-5000.0,-5000.0,-0.04032257944345474,-0.04032257944345474,-5000.0,-5000.0,-0.02118644118309021,-0.02118644118309021,0.0,0.0,0.0,0.0,0.0,0.0,0.0020152321085333824,0.0020152321085333824
5201,2026-09-04,0,-7000.0,-7000.0,-0.046666666865348816,-0.046666666865348816,-9000.0,-9000.0,-0.0381355918943882,-0.0381355918943882,-7000.0,-7000.0,-0.02527075819671154,-0.02527075819671154,11000.0,11000.0,0.02360515110194683,0.02360515110194683,-11000.0,-11000.0,-0.013681592419743538,-0.013681592419743538,0.0,0.0,0.0,0.0,0.0,0.0,0.38785144686698914,0.38785144686698914
5202,2026-09-04,0,0.0,0.0,0.0,0.0,-3000.0,-3000.0,-0.011450381949543953,-0.011450381949543953,10000.0,10000.0,0.02320185676217079,0.02320185676217079,59000.0,59000.0,0.05717054381966591,0.05717054381966591,267600.0,267600.0,0.10657108575105667,0.10657108575105667,0.0,0.0,0.0,0.0,0.0,0.0,0.10101690143346786,0.10101690143346786
5203,2026-09-04,0,46000.0,46000.0,0.4723617136478424,0.4723617136478424,87176.0,87176.0,0.3648630678653717,0.3648630678653717,49095.0,49095.0,0.11860385537147522,0.11860385537147522,123095.0,123095.0,0.12516549229621887,0.12516549229621887,-477905.0,-477905.0,-0.15765085816383362,-0.15765085816383362,0.0,0.0,0.0,0.0,3.0,3.0,0.12591128051280975,0.12591128051280975
5205,2026-09-03,0,0.0,0.0,0.0,0.0,0.0,0.0,0.0,0.0,0.0,0.0,0.0,0.0,0.0,0.0,0.0,0.0,0.0,0.0,0.0,0.0,0.0,0.0,0.0,0.0,0.0,0.0,0.029629629105329514,0.029629629105329514
5206,2026-09-04,0,26909.0,26909.0,0.24915741384029388,0.24915741384029388,38455.0,38455.0,0.10924715548753738,0.10924715548753738,-54853.0,-54853.0,-0.05725782737135887,-0.05725782737135887,26331.0,26331.0,0.012628776952624321,0.012628776952624321,2331.0,2331.0,0.0006444567115977407,0.0006444567115977407,0.0,0.0,0.0,0.0,4.0,4.0,0.059968892484903336,0.059968892484903336
5209,2026-09-04,0,-10078.0,-10078.0,-0.1171860471367836,-0.1171860471367836,-18901.0,-18901.0,-0.0969282016158104,-0.0969282016158104,-37901.0,-37901.0,-0.11626073718070984,-0.11626073718070984,-86917.0,-86917.0,-0.13862361013889313,-0.13862361013889313,-12307.0,-12307.0,-0.012173095718026161,-0.012173095718026161,0.0,0.0,0.0,0.0,0.0,0.0,0.30121171474456787,0.30121171474456787
5210,2026-09-04,0,33000.0,33000.0,0.550000011920929,0.550000011920929,23000.0,23000.0,0.07165109366178513,0.07165109366178513,-18853.0,-18853.0,-0.036536820232868195,-0.036536820232868195,157196.0,157196.0,0.1409829556941986,0.1409829556941986,260110.0,260110.0,0.1045878604054451,0.1045878604054451,0.0,0.0,1.0,1.0,1.0,1.0,0.07301244139671326,0.07301244139671326
5211,2026-09-04,0,-1000.0,-1000.0,-0.3333333432674408,-0.3333333432674408,-2000.0,-2000.0,-0.1428571492433548,-0.1428571492433548,2000.0,2000.0,0.05714285746216774,0.05714285746216774,-12000.0,-12000.0,-0.09090909361839294,-0.09090909361839294,0.0,0.0,0.0,0.0,0.0,0.0,0.0,0.0,0.0,0.0,0.009367761202156544,0.009367761202156544
5212,2026-09-04,0,0.0,0.0,0.0,0.0,2000.0,2000.0,0.09090909361839294,0.09090909361839294,2000.0,2000.0,0.05882352963089943,0.05882352963089943,8000.0,8000.0,0.10389610379934311,0.10389610379934311,15000.0,15000.0,0.11538461595773697,0.11538461595773697,0.0,0.0,0.0,0.0,0.0,0.0,0.02021193690598011,0.02021193690598011
5213,2026-09-04,0,20000.0,20000.0,0.2469135820865631,0.2469135820865631,145000.0,145000.0,0.37662336230278015,0.37662336230278015,263000.0,263000.0,0.32998746633529663,0.32998746633529663,394031.0,394031.0,0.2778779864311218,0.2778779864311218,1194768.0,1194768.0,0.35047462582588196,0.35047462582588196,0.0,0.0,0.0,0.0,20.0,20.0,0.011229190044105053,0.011229190044105053
5215,2026-09-04,0,5000.0,5000.0,0.18932940065860748,0.18932940065860748,19000.0,19000.0,0.2717741131782532,0.2717741131782532,7000.0,7000.0,0.04386569559574127,0.04386569559574127,-19000.0,-19000.0,-0.030663905665278435,-0.030663905665278435,-30955.0,-30955.0,-0.022156229242682457,-0.022156229242682457,0.0,0.0,0.0,0.0,4.0,4.0,0.0410475991666317,0.0410475991666317
5220,2026-09-04,0,-2000.0,-2000.0,-0.1428571492433548,-0.1428571492433548,-7000.0,-7000.0,-0.10769230872392654,-0.10769230872392654,6000.0,6000.0,0.06593406945466995,0.06593406945466995,1000.0,1000.0,0.005291005130857229,0.005291005130857229,-8000.0,-8000.0,-0.011627906933426857,-0.011627906933426857,0.0,0.0,0.0,0.0,0.0,0.0,0.0352938212454319,0.0352938212454319
5222,2026-09-04,0,-22000.0,-22000.0,-0.14314807951450348,-0.14314807951450348,-140661.0,-140661.0,-0.2813906669616699,-0.2813906669616699,-190494.0,-190494.0,-0.22644294798374176,-0.22644294798374176,-336030.0,-336030.0,-0.1740896850824356,-0.1740896850824356,-417913.0,-417913.0,-0.07906966656446457,-0.07906966656446457,0.0,0.0,0.0,0.0,0.0,0.0,0.16871075332164764,0.16871075332164764
5223,2026-09-04,0,-1000.0,-1000.0,-0.1666666716337204,-0.1666666716337204,5000.0,5000.0,0.01976284570991993,0.01976284570991993,6000.0,6000.0,0.021897809579968452,0.021897809579968452,3000.0,3000.0,0.009259259328246117,0.009259259328246117,12000.0,12000.0,0.02672605775296688,0.02672605775296688,0.0,0.0,0.0,0.0,0.0,0.0,0.013468079268932343,0.013468079268932343
5225,2026-09-04,0,-204900.0,-204900.0,-0.17623548209667206,-0.17623548209667206,-119550.0,-119550.0,-0.08421748131513596,-0.08421748131513596,-10160.0,-10160.0,-0.0060972170904278755,-0.0060972170904278755,102983.0,102983.0,0.0369223989546299,0.0369223989546299,-948009.0,-948009.0,-0.10880668461322784,-0.10880668461322784,0.0,0.0,0.0,0.0,0.0,0.0,1.4691691398620605,1.4691691398620605
5227,2026-09-04,0,-30666.0,-30666.0,-0.13751569390296936,-0.13751569390296936,-135596.0,-135596.0,-0.2679762840270996,-0.2679762840270996,-104346.0,-104346.0,-0.12077083438634872,-0.12077083438634872,-219809.0,-219809.0,-0.10963042080402374,-0.10963042080402374,-601585.0,-601585.0,-0.0690683126449585,-0.0690683126449585,0.0,0.0,0.0,0.0,0.0,0.0,0.3279411792755127,0.3279411792755127
5228,2026-09-04,0,132000.0,132000.0,0.38372093439102173,0.38372093439102173,-9750.0,-9750.0,-0.013000000268220901,-0.013000000268220901,-80455.0,-80455.0,-0.06472647190093994,-0.06472647190093994,-16331.0,-16331.0,-0.006979059893637896,-0.006979059893637896,143021.0,143021.0,0.02196943201124668,0.02196943201124668,0.0,0.0,1.0,1.0,1.0,1.0,0.9039250612258911,0.9039250612258911
5230,2026-09-04,0,-7000.0,-7000.0,-0.06796116381883621,-0.06796116381883621,32000.0,32000.0,0.09580838680267334,0.09580838680267334,33000.0,33000.0,0.07692307978868484,0.07692307978868484,90000.0,90000.0,0.09164969623088837,0.09164969623088837,59000.0,59000.0,0.031366296112537384,0.031366296112537384,0.0,0.0,0.0,0.0,0.0,0.0,0.1840050369501114,0.1840050369501114
5234,2026-09-04,0,-29000.0,-29000.0,-0.12609736621379852,-0.12609736621379852,-190842.0,-190842.0,-0.2485281080007553,-0.2485281080007553,-321350.0,-321350.0,-0.2327166199684143,-0.2327166199684143,-407102.0,-407102.0,-0.1639593243598938,-0.1639593243598938,-710988.0,-710988.0,-0.15446972846984863,-0.15446972846984863,0.0,0.0,0.0,0.0,0.0,0.0,0.22390007972717285,0.22390007972717285
5236,2026-09-04,0,18906.0,18906.0,0.1681729257106781,0.1681729257106781,76897.0,76897.0,0.20095857977867126,0.20095857977867126,89403.0,89403.0,0.15250524878501892,0.15250524878501892,67298.0,67298.0,0.0653490275144577,0.0653490275144577,-283054.0,-283054.0,-0.12665288150310516,-0.12665288150310516,0.0,0.0,1.0,1.0,1.0,1.0,0.18735405802726746,0.18735405802726746
5243,2026-09-04,0,122723.0,122723.0,0.16279196739196777,0.16279196739196777,-140885.0,-140885.0,-0.06058965250849724,-0.06058965250849724,215853.0,215853.0,0.05343598499894142,0.05343598499894142,21489.0,21489.0,0.0020148209296166897,0.0020148209296166897,-244757.0,-244757.0,-0.013220300897955894,-0.013220300897955894,0.0,0.0,1.0,1.0,1.0,1.0,0.44732028245925903,0.44732028245925903
5244,2026-09-04,0,69000.0,69000.0,0.48210617899894714,0.48210617899894714,197000.0,197000.0,0.43172121047973633,0.43172121047973633,212300.0,212300.0,0.29342129826545715,0.29342129826545715,459999.0,459999.0,0.30023184418678284,0.30023184418678284,930022.0,930022.0,0.35592934489250183,0.35592934489250183,0.0,0.0,0.0,0.0,4.0,4.0,0.2097274512052536,0.2097274512052536
5245,2026-09-04,0,8000.0,8000.0,0.24242424964904785,0.24242424964904785,29000.0,29000.0,0.24786324799060822,0.24786324799060822,36000.0,36000.0,0.21176470816135406,0.21176470816135406,40000.0,40000.0,0.14035087823867798,0.14035087823867798,68000.0,68000.0,0.11221121996641159,0.11221121996641159,0.0,0.0,0.0,0.0,5.0,5.0,0.07312672585248947,0.07312672585248947
5251,2026-09-04,0,10000.0,10000.0,0.2631579041481018,0.2631579041481018,24000.0,24000.0,0.17518247663974762,0.17518247663974762,30000.0,30000.0,0.14492753148078918,0.14492753148078918,40100.0,40100.0,0.10552631318569183,0.10552631318569183,91100.0,91100.0,0.09082751721143723,0.09082751721143723,0.0,0.0,1.0,1.0,1.0,1.0,0.11264807730913162,0.11264807730913162
5258,2026-09-04,0,32046.0,32046.0,0.2016511708498001,0.2016511708498001,-151837.0,-151837.0,-0.21686631441116333,-0.21686631441116333,-446670.0,-446670.0,-0.3462064266204834,-0.3462064266204834,-444236.0,-444236.0,-0.13286210596561432,-0.13286210596561432,-1708304.0,-1708304.0,-0.21390675008296967,-0.21390675008296967,0.0,0.0,1.0,1.0,1.0,1.0,0.14399325847625732,0.14399325847625732
5263,2026-09-04,0,22052.0,22052.0,0.029880758374929428,0.029880758374929428,52002.0,52002.0,0.047839924693107605,0.047839924693107605,138691.0,138691.0,0.08456768095493317,0.08456768095493317,305174.0,305174.0,0.08749254792928696,0.08749254792928696,313235.0,313235.0,0.05609509348869324,0.05609509348869324,0.0,0.0,0.0,0.0,2.0,2.0,0.9349240660667419,0.9349240660667419
5269,2026-09-04,0,-121142.0,-121142.0,-0.38138502836227417,-0.38138502836227417,-132555.0,-132555.0,-0.08857662230730057,-0.08857662230730057,18433.0,18433.0,0.0073480079881846905,0.0073480079881846905,205286.0,205286.0,0.04635794460773468,0.04635794460773468,265724.0,265724.0,0.02454160898923874,0.02454160898923874,1.0,1.0,0.0,0.0,0.0,0.0,0.42833414673805237,0.42833414673805237
5272,2026-09-04,0,4000.0,4000.0,0.05797101557254791,0.05797101557254791,-4000.0,-4000.0,-0.03076923079788685,-0.03076923079788685,5000.0,5000.0,0.016447369009256363,0.016447369009256363,14000.0,14000.0,0.027613412588834763,0.027613412588834763,60000.0,60000.0,0.04938271641731262,0.04938271641731262,0.0,0.0,1.0,1.0,1.0,1.0,0.12482786923646927,0.12482786923646927
5274,2026-09-04,0,-36422.0,-36422.0,-0.16631050407886505,-0.16631050407886505,-169298.0,-169298.0,-0.11972984671592712,-0.11972984671592712,-142672.0,-142672.0,-0.06467452645301819,-0.06467452645301819,60618.0,60618.0,0.017865605652332306,0.017865605652332306,120999.0,120999.0,0.021442318335175514,0.021442318335175514,0.0,0.0,0.0,0.0,0.0,0.0,0.5266581177711487,0.5266581177711487
5276,2026-09-04,0,0.0,0.0,0.0,0.0,1000.0,1000.0,0.125,0.125,1000.0,1000.0,0.0625,0.0625,-6000.0,-6000.0,-0.034285712987184525,-0.034285712987184525,-6000.0,-6000.0,-0.020202020183205605,-0.020202020183205605,0.0,0.0,0.0,0.0,0.0,0.0,0.005063291173428297,0.005063291173428297
5278,2026-09-04,0,-3000.0,-3000.0,-0.043478261679410934,-0.043478261679410934,9000.0,9000.0,0.07199999690055847,0.07199999690055847,35000.0,35000.0,0.1548672616481781,0.1548672616481781,246000.0,246000.0,0.3365253210067749,0.3365253210067749,350000.0,350000.0,0.2380952388048172,0.2380952388048172,0.0,0.0,0.0,0.0,0.0,0.0,0.023000000044703484,0.023000000044703484
5283,2026-09-04,0,-9230.0,-9230.0,-0.12408915907144547,-0.12408915907144547,28770.0,28770.0,0.11734188348054886,0.11734188348054886,25936.0,25936.0,0.06212140992283821,0.06212140992283821,9377.0,9377.0,0.005213682074099779,0.005213682074099779,303736.0,303736.0,0.1014995202422142,0.1014995202422142,0.0,0.0,0.0,0.0,0.0,0.0,0.08491046726703644,0.08491046726703644
5284,2026-09-04,0,-154760.0,-154760.0,-0.16315634548664093,-0.16315634548664093,-417859.0,-417859.0,-0.1582295149564743,-0.1582295149564743,-221953.0,-221953.0,-0.06758584827184677,-0.06758584827184677,-283953.0,-283953.0,-0.058929506689310074,-0.058929506689310074,-290674.0,-290674.0,-0.030933987349271774,-0.030933987349271774,0.0,0.0,0.0,0.0,0.0,0.0,1.7933255434036255,1.7933255434036255
5285,2026-09-04,0,-126718.0,-126718.0,-0.08313323557376862,-0.08313323557376862,-40895.0,-40895.0,-0.004732348490506411,-0.004732348490506411,-91056.0,-91056.0,-0.009047698229551315,-0.009047698229551315,164231.0,164231.0,0.009932600893080235,0.009932600893080235,-211451.0,-211451.0,-0.008623592555522919,-0.008623592555522919,0.0,0.0,0.0,0.0,0.0,0.0,1.4937888383865356,1.4937888383865356
5287,2026-09-04,0,-21000.0,-21000.0,-0.4883720874786377,-0.4883720874786377,-112799.0,-112799.0,-0.5814381241798401,-0.5814381241798401,-212799.0,-212799.0,-0.6547661423683167,-0.6547661423683167,-632692.0,-632692.0,-0.5623928904533386,-0.5623928904533386,-748854.0,-748854.0,-0.4221273958683014,-0.4221273958683014,0.0,0.0,0.0,0.0,0.0,0.0,0.07129764556884766,0.07129764556884766
5288,2026-09-04,0,7003.0,7003.0,0.1023426428437233,0.1023426428437233,29213.0,29213.0,0.1066603884100914,0.1066603884100914,115213.0,115213.0,0.2091955840587616,0.2091955840587616,142534.0,142534.0,0.18839001655578613,0.18839001655578613,198755.0,198755.0,0.093366339802742,0.093366339802742,1.0,1.0,0.0,0.0,2.0,2.0,0.09817539900541306,0.09817539900541306
5289,2026-09-04,0,-112989.0,-112989.0,-0.09178635478019714,-0.09178635478019714,-628618.0,-628618.0,-0.15464156866073608,-0.15464156866073608,-875130.0,-875130.0,-0.1247512474656105,-0.1247512474656105,-2447651.0,-2447651.0,-0.14565883576869965,-0.14565883576869965,-2233468.0,-2233468.0,-0.05507799983024597,-0.05507799983024597,0.0,0.0,0.0,0.0,0.0,0.0,1.2767773866653442,1.2767773866653442
5291,2026-09-04,0,-93000.0,-93000.0,-0.05980707332491875,-0.05980707332491875,-246909.0,-246909.0,-0.05267953872680664,-0.05267953872680664,465725.0,465725.0,0.046787723898887634,0.046787723898887634,1464138.0,1464138.0,0.06678547710180283,0.06678547710180283,1340660.0,1340660.0,0.045027878135442734,0.045027878135442734,0.0,0.0,0.0,0.0,0.0,0.0,3.7120494842529297,3.7120494842529297
5292,2026-09-04,0,-8681.0,-8681.0,-0.10729868710041046,-0.10729868710041046,-342818.0,-342818.0,-0.35196632146835327,-0.35196632146835327,166509.0,166509.0,0.07502058148384094,0.07502058148384094,-279092.0,-279092.0,-0.0678064301609993,-0.0678064301609993,-526791.0,-526791.0,-0.07640214264392853,-0.07640214264392853,0.0,0.0,0.0,0.0,0.0,0.0,0.17466989159584045,0.17466989159584045
5299,2026-09-04,0,61000.0,61000.0,0.5545454621315002,0.5545454621315002,36999.0,36999.0,0.07474545389413834,0.07474545389413834,-10919.0,-10919.0,-0.012998809106647968,-0.012998809106647968,64878.0,64878.0,0.026764851063489914,0.026764851063489914,-233755.0,-233755.0,-0.036893151700496674,-0.036893151700496674,0.0,0.0,1.0,1.0,1.0,1.0,0.21615681052207947,0.21615681052207947
5301,2026-09-04,0,1000.0,1000.0,0.032258063554763794,0.032258063554763794,0.0,0.0,0.0,0.0,-5000.0,-5000.0,-0.078125,-0.078125,-11000.0,-11000.0,-0.05092592537403107,-0.05092592537403107,-9000.0,-9000.0,-0.027272727340459824,-0.027272727340459824,0.0,0.0,1.0,1.0,1.0,1.0,0.047047894448041916,0.047047894448041916
5302,2026-09-04,0,-70000.0,-70000.0,-0.1236749142408371,-0.1236749142408371,-141000.0,-141000.0,-0.13007380068302155,-0.13007380068302155,-165000.0,-165000.0,-0.10147601366043091,-0.10147601366043091,-388000.0,-388000.0,-0.15168100595474243,-0.15168100595474243,-1140573.0,-1140573.0,-0.13245534896850586,-0.13245534896850586,0.0,0.0,0.0,0.0,0.0,0.0,0.35399702191352844,0.35399702191352844
5306,2026-09-04,0,-44000.0,-44000.0,-0.21182972192764282,-0.21182972192764282,-129891.0,-129891.0,-0.3153689205646515,-0.3153689205646515,-194891.0,-194891.0,-0.32854291796684265,-0.32854291796684265,-247736.0,-247736.0,-0.28566914796829224,-0.28566914796829224,-57201.0,-57201.0,-0.018397046253085136,-0.018397046253085136,0.0,0.0,0.0,0.0,0.0,0.0,0.1648513674736023,0.1648513674736023
5309,2026-09-04,0,37117.0,37117.0,0.047222647815942764,0.047222647815942764,-372612.0,-372612.0,-0.13403309881687164,-0.13403309881687164,-265229.0,-265229.0,-0.05783449485898018,-0.05783449485898018,-616643.0,-616643.0,-0.05191471800208092,-0.05191471800208092,-1094400.0,-1094400.0,-0.035559020936489105,-0.035559020936489105,1.0,1.0,1.0,1.0,1.0,1.0,0.34119608998298645,0.34119608998298645
5310,2026-09-02,0,-1000.0,-1000.0,-1.0,-1.0,-2000.0,-2000.0,-0.2857142984867096,-0.2857142984867096,-3000.0,-3000.0,-0.20000000298023224,-0.20000000298023224,-2000.0,-2000.0,-0.029411764815449715,-0.029411764815449715,-2000.0,-2000.0,-0.016949152573943138,-0.016949152573943138,0.0,0.0,0.0,0.0,0.0,0.0,0.003455005120486021,0.003455005120486021
5312,2026-09-04,0,2000.0,2000.0,0.25,0.25,5000.0,5000.0,0.25,0.25,5000.0,5000.0,0.06410256773233414,0.06410256773233414,2000.0,2000.0,0.01075268816202879,0.01075268816202879,37005.0,37005.0,0.0527888722717762,0.0527888722717762,0.0,0.0,1.0,1.0,1.0,1.0,0.013320036232471466,0.013320036232471466
5314,2026-09-04,0,1174080.0,1174080.0,0.3322241008281708,0.3322241008281708,2512907.0,2512907.0,0.21410129964351654,0.21410129964351654,5768011.0,5768011.0,0.2017069160938263,0.2017069160938263,7356106.0,7356106.0,0.11874454468488693,0.11874454468488693,6027499.0,6027499.0,0.06562042981386185,0.06562042981386185,1.0,1.0,0.0,0.0,7.0,7.0,1.2102739810943604,1.2102739810943604
5315,2026-09-04,0,-95000.0,-95000.0,-0.34545454382896423,-0.34545454382896423,-21000.0,-21000.0,-0.016380654647946358,-0.016380654647946358,-5000.0,-5000.0,-0.003335556946694851,-0.003335556946694851,155000.0,155000.0,0.06846290081739426,0.06846290081739426,-134989.0,-134989.0,-0.03359606862068176,-0.03359606862068176,0.0,0.0,0.0,0.0,0.0,0.0,0.2585757076740265,0.2585757076740265
5321,2026-09-04,0,-32808.0,-32808.0,-0.09400573372840881,-0.09400573372840881,82151.0,82151.0,0.03754616156220436,0.03754616156220436,-407374.0,-407374.0,-0.07269342988729477,-0.07269342988729477,-302354.0,-302354.0,-0.032968487590551376,-0.032968487590551376,225204.0,225204.0,0.013094017282128334,0.013094017282128334,0.0,0.0,0.0,0.0,0.0,0.0,0.6562641859054565,0.6562641859054565
5324,2026-09-04,0,3000.0,3000.0,0.04109589010477066,0.04109589010477066,-7000.0,-7000.0,-0.011725293472409248,-0.011725293472409248,-117000.0,-117000.0,-0.11006585508584976,-0.11006585508584976,-255381.0,-255381.0,-0.11003059148788452,-0.11003059148788452,577454.0,577454.0,0.10047920793294907,0.10047920793294907,0.0,0.0,0.0,0.0,2.0,2.0,0.03224679455161095,0.03224679455161095
5328,2026-09-04,0,278015.0,278015.0,0.04377499595284462,0.04377499595284462,368975.0,368975.0,0.03023146279156208,0.03023146279156208,194685.0,194685.0,0.008614761754870415,0.008614761754870415,390755.0,390755.0,0.006485883146524429,0.006485883146524429,-107506.0,-107506.0,-0.0005153196980245411,-0.0005153196980245411,0.0,0.0,1.0,1.0,1.0,1.0,3.6772470474243164,3.6772470474243164
5340,2026-09-04,0,200363.0,200363.0,0.12284672260284424,0.12284672260284424,-353020.0,-353020.0,-0.04180224984884262,-0.04180224984884262,-1502146.0,-1502146.0,-0.08920636773109436,-0.08920636773109436,543034.0,543034.0,0.015927553176879883,0.015927553176879883,-279595.0,-279595.0,-0.0038754590786993504,-0.0038754590786993504,0.0,0.0,1.0,1.0,1.0,1.0,0.8368653059005737,0.8368653059005737
5344,2026-09-04,0,-2000.0,-2000.0,-0.042553190141916275,-0.042553190141916275,3000.0,3000.0,0.03947368264198303,0.03947368264198303,6000.0,6000.0,0.05454545468091965,0.05454545468091965,-4000.0,-4000.0,-0.014440433122217655,-0.014440433122217655,-6000.0,-6000.0,-0.010434783063828945,-0.010434783063828945,0.0,0.0,0.0,0.0,0.0,0.0,0.05915859341621399,0.05915859341621399
5345,2026-09-04,0,0.0,0.0,0.0,0.0,10000.0,10000.0,0.3448275923728943,0.3448275923728943,6000.0,6000.0,0.15000000596046448,0.15000000596046448,9000.0,9000.0,0.07438016682863235,0.07438016682863235,20000.0,20000.0,0.05730659142136574,0.05730659142136574,0.0,0.0,0.0,0.0,0.0,0.0,0.007937557995319366,0.007937557995319366
5347,2026-09-04,0,690560.0,690560.0,0.14525872468948364,0.14525872468948364,-389435.0,-389435.0,-0.017832905054092407,-0.017832905054092407,-1164307.0,-1164307.0,-0.02615714818239212,-0.02615714818239212,104213.0,104213.0,0.0009491511736996472,0.0009491511736996472,-1541866.0,-1541866.0,-0.00564740551635623,-0.00564740551635623,2.0,2.0,1.0,1.0,1.0,1.0,0.25307396054267883,0.25307396054267883
5348,2026-09-04,0,0.0,0.0,0.0,0.0,0.0,0.0,0.0,0.0,0.0,0.0,0.0,0.0,0.0,0.0,0.0,0.0,0.0,0.0,0.0,0.0,0.0,0.0,0.0,0.0,0.0,0.0,0.020303308963775635,0.020303308963775635
5351,2026-09-04,0,1153320.0,1153320.0,0.095244862139225,0.095244862139225,-5880864.0,-5880864.0,-0.1234516054391861,-0.1234516054391861,-10795372.0,-10795372.0,-0.14201821386814117,-0.14201821386814117,-21507680.0,-21507680.0,-0.1484537273645401,-0.1484537273645401,-525679.0,-525679.0,-0.0014978828839957714,-0.0014978828839957714,0.0,0.0,1.0,1.0,1.0,1.0,3.686544418334961,3.686544418334961
5353,2026-09-04,0,-1000.0,-1000.0,-0.03448275849223137,-0.03448275849223137,-2000.0,-2000.0,-0.01550387591123581,-0.01550387591123581,14000.0,14000.0,0.0729166641831398,0.0729166641831398,12000.0,12000.0,0.03703703731298447,0.03703703731298447,-55000.0,-55000.0,-0.08986928313970566,-0.08986928313970566,0.0,0.0,0.0,0.0,0.0,0.0,0.038276247680187225,0.038276247680187225
5355,2026-09-04,0,-7000.0,-7000.0,-0.10769230872392654,-0.10769230872392654,0.0,0.0,0.0,0.0,0.0,0.0,0.0,0.0,20000.0,20000.0,0.027285128831863403,0.027285128831863403,45000.0,45000.0,0.028160199522972107,0.028160199522972107,0.0,0.0,0.0,0.0,0.0,0.0,0.03912768512964249,0.03912768512964249
5356,2026-09-04,0,-2000.0,-2000.0,-0.10526315867900848,-0.10526315867900848,-11000.0,-11000.0,-0.13750000298023224,-0.13750000298023224,-4000.0,-4000.0,-0.023668639361858368,-0.023668639361858368,-85000.0,-85000.0,-0.09703196585178375,-0.09703196585178375,-126879.0,-126879.0,-0.07359571009874344,-0.07359571009874344,0.0,0.0,0.0,0.0,0.0,0.0,0.018439441919326782,0.018439441919326782
5364,2026-09-04,0,-185000.0,-185000.0,-0.7115384340286255,-0.7115384340286255,-188000.0,-188000.0,-0.5714285969734192,-0.5714285969734192,-178000.0,-178000.0,-0.3296296298503876,-0.3296296298503876,-186000.0,-186000.0,-0.27393224835395813,-0.27393224835395813,-225000.0,-225000.0,-0.20270270109176636,-0.20270270109176636,0.0,0.0,0.0,0.0,0.0,0.0,0.4072047770023346,0.4072047770023346
5371,2026-08-21,0,-17000.0,-17000.0,-0.008180943317711353,-0.008180943317711353,-298500.0,-298500.0,-0.020997468382120132,-0.020997468382120132,-1071839.0,-1071839.0,-0.024477357044816017,-0.024477357044816017,1845519.0,1845519.0,0.01622890867292881,0.01622890867292881,22726372.0,22726372.0,0.09630145132541656,0.09630145132541656,0.0,0.0,0.0,0.0,0.0,0.0,,
5381,2026-09-04,0,-29112.0,-29112.0,-0.07825806736946106,-0.07825806736946106,-270602.0,-270602.0,-0.18700897693634033,-0.18700897693634033,-283696.0,-283696.0,-0.08963538706302643,-0.08963538706302643,126643.0,126643.0,0.01592392846941948,0.01592392846941948,715063.0,715063.0,0.06746514141559601,0.06746514141559601,0.0,0.0,0.0,0.0,0.0,0.0,0.17911261320114136,0.17911261320114136
5386,2026-09-04,0,-29504.0,-29504.0,-0.034588512033224106,-0.034588512033224106,-365202.0,-365202.0,-0.08999556303024292,-0.08999556303024292,-501069.0,-501069.0,-0.05297832563519478,-0.05297832563519478,-309812.0,-309812.0,-0.02094314806163311,-0.02094314806163311,-1169191.0,-1169191.0,-0.04431775584816933,-0.04431775584816933,0.0,0.0,0.0,0.0,0.0,0.0,1.5760886669158936,1.5760886669158936
5388,2026-09-04,0,-511713.0,-511713.0,-0.19303813576698303,-0.19303813576698303,-3944819.0,-3944819.0,-0.41154298186302185,-0.41154298186302185,-5723652.0,-5723652.0,-0.3975408971309662,-0.3975408971309662,-10242432.0,-10242432.0,-0.38477078080177307,-0.38477078080177307,-44246464.0,-44246464.0,-0.4870510399341583,-0.4870510399341583,0.0,0.0,0.0,0.0,0.0,0.0,0.8710050582885742,0.8710050582885742
5392,2026-09-04,0,-133720.0,-133720.0,-0.11097095161676407,-0.11097095161676407,-475570.0,-475570.0,-0.10572921484708786,-0.10572921484708786,-1925338.0,-1925338.0,-0.22510674595832825,-0.22510674595832825,471472.0,471472.0,0.02254229038953781,0.02254229038953781,2165106.0,2165106.0,0.051036134362220764,0.051036134362220764,0.0,0.0,0.0,0.0,0.0,0.0,0.6824792623519897,0.6824792623519897
5398,2026-09-04,0,-15000.0,-15000.0,-0.75,-0.75,-30000.0,-30000.0,-0.12820513546466827,-0.12820513546466827,-23000.0,-23000.0,-0.05912596359848976,-0.05912596359848976,-33000.0,-33000.0,-0.05999999865889549,-0.05999999865889549,-45001.0,-45001.0,-0.03380991891026497,-0.03380991891026497,0.0,0.0,0.0,0.0,0.0,0.0,0.04043225198984146,0.04043225198984146
5403,2026-09-04,0,6000.0,6000.0,0.20000000298023224,0.20000000298023224,32000.0,32000.0,0.42105263471603394,0.42105263471603394,149000.0,149000.0,0.6260504126548767,0.6260504126548767,217077.0,217077.0,0.5804197788238525,0.5804197788238525,297858.0,297858.0,0.34796494245529175,0.34796494245529175,0.0,0.0,0.0,0.0,15.0,15.0,0.0383748896420002,0.0383748896420002
5410,2026-09-04,0,1093.0,1093.0,0.010821782052516937,0.010821782052516937,-21907.0,-21907.0,-0.05178959667682648,-0.05178959667682648,-195241.0,-195241.0,-0.22969529032707214,-0.22969529032707214,-477184.0,-477184.0,-0.23448845744132996,-0.23448845744132996,-498631.0,-498631.0,-0.09220247715711594,-0.09220247715711594,0.0,0.0,1.0,1.0,1.0,1.0,0.1094440221786499,0.1094440221786499
5425,2026-09-04,0,1688570.0,1688570.0,0.1637798249721527,0.1637798249721527,-692420.0,-692420.0,-0.01840808242559433,-0.01840808242559433,-3488845.0,-3488845.0,-0.05727022886276245,-0.05727022886276245,-3957983.0,-3957983.0,-0.02025911584496498,-0.02025911584496498,-17352596.0,-17352596.0,-0.04652956500649452,-0.04652956500649452,0.0,0.0,1.0,1.0,1.0,1.0,3.912929058074951,3.912929058074951
5426,2026-09-04,0,107922.0,107922.0,0.19271785020828247,0.19271785020828247,-366468.0,-366468.0,-0.13577917218208313,-0.13577917218208313,163452.0,163452.0,0.019631516188383102,0.019631516188383102,601156.0,601156.0,0.04698733612895012,0.04698733612895012,-317238.0,-317238.0,-0.011611932888627052,-0.011611932888627052,0.0,0.0,1.0,1.0,1.0,1.0,0.3894297778606415,0.3894297778606415
5432,2026-09-04,0,6000.0,6000.0,0.04477611929178238,0.04477611929178238,-4797.0,-4797.0,-0.012757978402078152,-0.012757978402078152,-18797.0,-18797.0,-0.021556193009018898,-0.021556193009018898,-49797.0,-49797.0,-0.02608538419008255,-0.02608538419008255,-39489.0,-39489.0,-0.009640868753194809,-0.009640868753194809,0.0,0.0,0.0,0.0,2.0,2.0,0.6477246284484863,0.6477246284484863
5434,2026-09-04,0,-24903.0,-24903.0,-0.038626011461019516,-0.038626011461019516,-360839.0,-360839.0,-0.1926262229681015,-0.1926262229681015,-798035.0,-798035.0,-0.20818035304546356,-0.20818035304546356,-622158.0,-622158.0,-0.10789848864078522,-0.10789848864078522,-1775947.0,-1775947.0,-0.11236937344074249,-0.11236937344074249,0.0,0.0,0.0,0.0,0.0,0.0,0.3329178988933563,0.3329178988933563
5438,2026-09-04,0,10000.0,10000.0,0.32258063554763794,0.32258063554763794,13000.0,13000.0,0.17105263471603394,0.17105263471603394,11000.0,11000.0,0.06470588594675064,0.06470588594675064,21000.0,21000.0,0.06583072245121002,0.06583072245121002,43000.0,43000.0,0.04589114338159561,0.04589114338159561,0.0,0.0,1.0,1.0,1.0,1.0,0.027546601369976997,0.027546601369976997
5439,2026-09-04,0,-30063.0,-30063.0,-0.018871938809752464,-0.018871938809752464,-429618.0,-429618.0,-0.06997036188840866,-0.06997036188840866,-2342650.0,-2342650.0,-0.12567190825939178,-0.12567190825939178,-2553944.0,-2553944.0,-0.07847905904054642,-0.07847905904054642,-5599057.0,-5599057.0,-0.1009293720126152,-0.1009293720126152,0.0,0.0,0.0,0.0,0.0,0.0,1.7133315801620483,1.7133315801620483
5443,2026-09-04,0,110791.0,110791.0,0.05038244649767876,0.05038244649767876,515149.0,515149.0,0.06555726379156113,0.06555726379156113,-1172003.0,-1172003.0,-0.06656838208436966,-0.06656838208436966,-237908.0,-237908.0,-0.009801343083381653,-0.009801343083381653,1187828.0,1187828.0,0.026068296283483505,0.026068296283483505,0.0,0.0,0.0,0.0,3.0,3.0,1.334776759147644,1.334776759147644
5450,2026-09-04,0,-5000.0,-5000.0,-0.05747126415371895,-0.05747126415371895,2000.0,2000.0,0.007968127727508545,0.007968127727508545,2000.0,2000.0,0.005464480724185705,0.005464480724185705,-57000.0,-57000.0,-0.06745561957359314,-0.06745561957359314,-6000.0,-6000.0,-0.002298850566148758,-0.002298850566148758,0.0,0.0,0.0,0.0,0.0,0.0,0.07107654958963394,0.07107654958963394
5452,2026-09-04,0,75000.0,75000.0,0.2798507511615753,0.2798507511615753,232101.0,232101.0,0.20928855240345,0.20928855240345,277869.0,277869.0,0.15454338490962982,0.15454338490962982,768184.0,768184.0,0.2046307921409607,0.2046307921409607,1625388.0,1625388.0,0.23319770395755768,0.23319770395755768,0.0,0.0,1.0,1.0,1.0,1.0,0.18015150725841522,0.18015150725841522
5455,2026-09-04,0,-1000.0,-1000.0,-0.125,-0.125,-3000.0,-3000.0,-0.30000001192092896,-0.30000001192092896,-4000.0,-4000.0,-0.25,-0.25,-3000.0,-3000.0,-0.0882352963089943,-0.0882352963089943,-8000.0,-8000.0,-0.0416666679084301,-0.0416666679084301,0.0,0.0,0.0,0.0,0.0,0.0,0.012213402427732944,0.012213402427732944
5457,2026-09-04,0,-12000.0,-12000.0,-0.0833333358168602,-0.0833333358168602,-82141.0,-82141.0,-0.1351003348827362,-0.1351003348827362,-155755.0,-155755.0,-0.12322389334440231,-0.12322389334440231,-145356.0,-145356.0,-0.050453316420316696,-0.050453316420316696,-310509.0,-310509.0,-0.05254848673939705,-0.05254848673939705,0.0,0.0,0.0,0.0,0.0,0.0,0.07330900430679321,0.07330900430679321
5460,2026-09-04,0,-1000.0,-1000.0,-0.09090909361839294,-0.09090909361839294,-1000.0,-1000.0,-0.014285714365541935,-0.014285714365541935,6000.0,6000.0,0.023622047156095505,0.023622047156095505,22000.0,22000.0,0.04150943458080292,0.04150943458080292,14000.0,14000.0,0.015572858974337578,0.015572858974337578,0.0,0.0,0.0,0.0,0.0,0.0,0.01871444284915924,0.01871444284915924
5464,2026-09-04,0,31000.0,31000.0,0.14691942930221558,0.14691942930221558,-30000.0,-30000.0,-0.0397351011633873,-0.0397351011633873,-84412.0,-84412.0,-0.0643874928355217,-0.0643874928355217,-332024.0,-332024.0,-0.08382327854633331,-0.08382327854633331,-972524.0,-972524.0,-0.10031191259622574,-0.10031191259622574,0.0,0.0,1.0,1.0,1.0,1.0,0.2968841791152954,0.2968841791152954
5465,2026-09-04,0,24000.0,24000.0,0.3199999928474426,0.3199999928474426,23000.0,23000.0,0.13450291752815247,0.13450291752815247,52000.0,52000.0,0.17747440934181213,0.17747440934181213,80000.0,80000.0,0.1742919385433197,0.1742919385433197,63000.0,63000.0,0.03710247203707695,0.03710247203707695,0.0,0.0,0.0,0.0,1.0,1.0,0.050784576684236526,0.050784576684236526
5468,2026-09-04,0,-8930.0,-8930.0,-0.11597402393817902,-0.11597402393817902,-69666.0,-69666.0,-0.18727418780326843,-0.18727418780326843,-71666.0,-71666.0,-0.07989520579576492,-0.07989520579576492,-60453.0,-60453.0,-0.030363133177161217,-0.030363133177161217,-28453.0,-28453.0,-0.0034509398974478245,-0.0034509398974478245,0.0,0.0,0.0,0.0,0.0,0.0,0.13067921996116638,0.13067921996116638
5469,2026-09-04,0,-29000.0,-29000.0,-0.03605485334992409,-0.03605485334992409,-494783.0,-494783.0,-0.2013935148715973,-0.2013935148715973,-556555.0,-556555.0,-0.11933238059282303,-0.11933238059282303,42257.0,42257.0,0.003937052097171545,0.003937052097171545,-1410951.0,-1410951.0,-0.049604520201683044,-0.049604520201683044,0.0,0.0,0.0,0.0,0.0,0.0,0.16544349491596222,0.16544349491596222
5471,2026-09-04,0,268926.0,268926.0,0.19285079836845398,0.19285079836845398,581211.0,581211.0,0.1112520769238472,0.1112520769238472,192618.0,192618.0,0.016989469528198242,0.016989469528198242,1485122.0,1485122.0,0.04483029991388321,0.04483029991388321,-594164.0,-594164.0,-0.009196199476718903,-0.009196199476718903,0.0,0.0,0.0,0.0,3.0,3.0,0.8306536674499512,0.8306536674499512
5474,2026-09-04,0,47800.0,47800.0,0.4267857074737549,0.4267857074737549,26801.0,26801.0,0.07768405973911285,0.07768405973911285,25692.0,25692.0,0.05431712418794632,0.05431712418794632,45803.0,45803.0,0.04530464857816696,0.04530464857816696,86365.0,86365.0,0.02421901375055313,0.02421901375055313,0.0,0.0,1.0,1.0,1.0,1.0,0.28171178698539734,0.28171178698539734
5475,2026-09-04,0,109861.0,109861.0,0.020183905959129333,0.020183905959129333,483135.0,483135.0,0.027941415086388588,0.027941415086388588,91823.0,91823.0,0.00282506225630641,0.00282506225630641,-1675938.0,-1675938.0,-0.024866655468940735,-0.024866655468940735,-8441506.0,-8441506.0,-0.051088809967041016,-0.051088809967041016,0.0,0.0,0.0,0.0,3.0,3.0,4.2815446853637695,4.2815446853637695
5478,2026-09-04,0,-37000.0,-37000.0,-0.578125,-0.578125,-93861.0,-93861.0,-0.5333011150360107,-0.5333011150360107,-130246.0,-130246.0,-0.43415334820747375,-0.43415334820747375,-289958.0,-289958.0,-0.46171656250953674,-0.46171656250953674,-522634.0,-522634.0,-0.3672761917114258,-0.3672761917114258,0.0,0.0,0.0,0.0,0.0,0.0,0.04100610315799713,0.04100610315799713
5481,2026-09-04,0,42000.0,42000.0,0.30215826630592346,0.30215826630592346,106180.0,106180.0,0.14195187389850616,0.14195187389850616,122179.0,122179.0,0.10487467795610428,0.10487467795610428,281499.0,281499.0,0.08413000404834747,0.08413000404834747,409498.0,409498.0,0.07971540093421936,0.07971540093421936,0.0,0.0,0.0,0.0,3.0,3.0,0.19466999173164368,0.19466999173164368
5483,2026-09-04,0,4021337.0,4021337.0,0.3748799264431,0.3748799264431,5646562.0,5646562.0,0.154598668217659,0.154598668217659,6205428.0,6205428.0,0.09163767099380493,0.09163767099380493,4356333.0,4356333.0,0.027633465826511383,0.027633465826511383,-23329344.0,-23329344.0,-0.05396363511681557,-0.05396363511681557,1.0,1.0,0.0,0.0,2.0,2.0,1.6729004383087158,1.6729004383087158
5484,2026-09-04,0,17000.0,17000.0,0.13392998278141022,0.13392998278141022,-59000.0,-59000.0,-0.10919515788555145,-0.10919515788555145,-80000.0,-80000.0,-0.09472477436065674,-0.09472477436065674,-39940.0,-39940.0,-0.023433741182088852,-0.023433741182088852,-107940.0,-107940.0,-0.019401825964450836,-0.019401825964450836,0.0,0.0,1.0,1.0,1.0,1.0,0.19001512229442596,0.19001512229442596
5487,2026-09-04,0,66000.0,66000.0,0.38596490025520325,0.38596490025520325,63000.0,63000.0,0.31979694962501526,0.31979694962501526,59000.0,59000.0,0.19471947848796844,0.19471947848796844,65000.0,65000.0,0.10124610364437103,0.10124610364437103,108000.0,108000.0,0.07797834277153015,0.07797834277153015,0.0,0.0,1.0,1.0,1.0,1.0,0.7059547305107117,0.7059547305107117
5488,2026-09-04,0,6000.0,6000.0,0.03030303120613098,0.03030303120613098,-253000.0,-253000.0,-0.32814526557922363,-0.32814526557922363,-182168.0,-182168.0,-0.09757257997989655,-0.09757257997989655,-345463.0,-345463.0,-0.11565550416707993,-0.11565550416707993,-984794.0,-984794.0,-0.13022930920124054,-0.13022930920124054,0.0,0.0,1.0,1.0,1.0,1.0,0.21618995070457458,0.21618995070457458
5489,2026-09-04,0,6000.0,6000.0,0.13333334028720856,0.13333334028720856,18000.0,18000.0,0.15126051008701324,0.15126051008701324,16000.0,16000.0,0.07476635277271271,0.07476635277271271,13000.0,13000.0,0.028634361922740936,0.028634361922740936,25000.0,25000.0,0.019025875255465508,0.019025875255465508,0.0,0.0,1.0,1.0,1.0,1.0,0.043814193457365036,0.043814193457365036
5490,2026-09-04,0,-236180.0,-236180.0,-0.44394737482070923,-0.44394737482070923,-763120.0,-763120.0,-0.30342742800712585,-0.30342742800712585,-1011498.0,-1011498.0,-0.29032662510871887,-0.29032662510871887,-1636161.0,-1636161.0,-0.26839911937713623,-0.26839911937713623,-2156381.0,-2156381.0,-0.15568414330482483,-0.15568414330482483,0.0,0.0,0.0,0.0,0.0,0.0,0.5532894730567932,0.5532894730567932
5493,2026-09-04,0,19000.0,19000.0,0.29230770468711853,0.29230770468711853,23000.0,23000.0,0.08243727684020996,0.08243727684020996,-133000.0,-133000.0,-0.17295189201831818,-0.17295189201831818,-15000.0,-15000.0,-0.009836065582931042,-0.009836065582931042,1650.0,1650.0,0.0008308156975544989,0.0008308156975544989,0.0,0.0,1.0,1.0,1.0,1.0,0.1487780064344406,0.1487780064344406
5498,2026-09-04,0,32161.0,32161.0,0.027048779651522636,0.027048779651522636,172039.0,172039.0,0.030677424743771553,0.030677424743771553,-1054293.0,-1054293.0,-0.061467643827199936,-0.061467643827199936,1024874.0,1024874.0,0.030467744916677475,0.030467744916677475,162267.0,162267.0,0.002844244707375765,0.002844244707375765,0.0,0.0,0.0,0.0,2.0,2.0,0.6143161654472351,0.6143161654472351
5508,2026-09-04,0,72270.0,72270.0,0.21193549036979675,0.21193549036979675,438282.0,438282.0,0.452303409576416,0.452303409576416,394627.0,394627.0,0.30309292674064636,0.30309292674064636,377048.0,377048.0,0.17287848889827728,0.17287848889827728,791758.0,791758.0,0.18056054413318634,0.18056054413318634,0.0,0.0,0.0,0.0,3.0,3.0,0.15683342516422272,0.15683342516422272
5511,2026-09-04,0,-75000.0,-75000.0,-0.5244755148887634,-0.5244755148887634,-256144.0,-256144.0,-0.548488199710846,-0.548488199710846,-336263.0,-336263.0,-0.5048993825912476,-0.5048993825912476,-455087.0,-455087.0,-0.37149959802627563,-0.37149959802627563,-503255.0,-503255.0,-0.1582065373659134,-0.1582065373659134,0.0,0.0,0.0,0.0,0.0,0.0,0.10514705628156662,0.10514705628156662
5512,2026-09-04,0,-106000.0,-106000.0,-0.24036280810832977,-0.24036280810832977,-3062.0,-3062.0,-0.0017058495432138443,-0.0017058495432138443,-161062.0,-161062.0,-0.05770763009786606,-0.05770763009786606,79617.0,79617.0,0.013803225010633469,0.013803225010633469,830822.0,830822.0,0.07460016012191772,0.07460016012191772,0.0,0.0,0.0,0.0,0.0,0.0,0.05754832550883293,0.05754832550883293
5514,2026-09-04,0,-2000.0,-2000.0,-0.20000000298023224,-0.20000000298023224,-7000.0,-7000.0,-0.21875,-0.21875,-8000.0,-8000.0,-0.023188406601548195,-0.023188406601548195,-23000.0,-23000.0,-0.05693069472908974,-0.05693069472908974,-44800.0,-44800.0,-0.08160291612148285,-0.08160291612148285,0.0,0.0,0.0,0.0,0.0,0.0,0.004235165659338236,0.004235165659338236
5515,2026-09-04,0,-108609.0,-108609.0,-0.25836339592933655,-0.25836339592933655,-159549.0,-159549.0,-0.1748645007610321,-0.1748645007610321,-230698.0,-230698.0,-0.15182293951511383,-0.15182293951511383,82347.0,82347.0,0.01780547760426998,0.01780547760426998,2279095.0,2279095.0,0.1343945860862732,0.1343945860862732,0.0,0.0,0.0,0.0,0.0,0.0,0.20851826667785645,0.20851826667785645
5516,2026-09-04,0,3000.0,3000.0,0.375,0.375,-1000.0,-1000.0,-0.02500000037252903,-0.02500000037252903,2000.0,2000.0,0.025316456332802773,0.025316456332802773,-12000.0,-12000.0,-0.08053690940141678,-0.08053690940141678,-6000.0,-6000.0,-0.004819277208298445,-0.004819277208298445,0.0,0.0,0.0,0.0,1.0,1.0,0.015520351938903332,0.015520351938903332
5519,2026-09-04,0,18000.0,18000.0,0.0784272700548172,0.0784272700548172,-311000.0,-311000.0,-0.3498218357563019,-0.3498218357563019,-458835.0,-458835.0,-0.3359312117099762,-0.3359312117099762,-232905.0,-232905.0,-0.10202749818563461,-0.10202749818563461,42439.0,42439.0,0.008714685216546059,0.008714685216546059,0.0,0.0,1.0,1.0,1.0,1.0,0.09971974045038223,0.09971974045038223
5520,2026-09-02,0,0.0,0.0,0.0,0.0,-2000.0,-2000.0,-0.04878048598766327,-0.04878048598766327,-1000.0,-1000.0,-0.017543859779834747,-0.017543859779834747,3000.0,3000.0,0.03999999910593033,0.03999999910593033,2000.0,2000.0,0.017094017937779427,0.017094017937779427,0.0,0.0,0.0,0.0,0.0,0.0,0.01667354628443718,0.01667354628443718
5521,2026-09-04,0,-252000.0,-252000.0,-0.25695353746414185,-0.25695353746414185,-408000.0,-408000.0,-0.12145156413316727,-0.12145156413316727,-988000.0,-988000.0,-0.1567196547985077,-0.1567196547985077,-2105590.0,-2105590.0,-0.13857227563858032,-0.13857227563858032,4358868.0,4358868.0,0.10363299399614334,0.10363299399614334,0.0,0.0,0.0,0.0,0.0,0.0,0.19922029972076416,0.19922029972076416
5522,2026-09-04,0,28548.0,28548.0,0.07653455436229706,0.07653455436229706,305342.0,305342.0,0.31280776858329773,0.31280776858329773,-361888.0,-361888.0,-0.15117979049682617,-0.15117979049682617,-818956.0,-818956.0,-0.18997152149677277,-0.18997152149677277,-2460369.0,-2460369.0,-0.18568141758441925,-0.18568141758441925,1.0,1.0,0.0,0.0,3.0,3.0,0.04772387444972992,0.04772387444972992
5523,2026-09-04,0,0.0,0.0,0.0,0.0,0.0,0.0,0.0,0.0,0.0,0.0,0.0,0.0,-1000.0,-1000.0,-0.006211180239915848,-0.006211180239915848,4000.0,4000.0,0.010554090142250061,0.010554090142250061,0.0,0.0,0.0,0.0,0.0,0.0,0.01741919107735157,0.01741919107735157
5525,2026-09-04,0,80000.0,80000.0,0.6694448590278625,0.6694448590278625,83000.0,83000.0,0.30013197660446167,0.30013197660446167,56000.0,56000.0,0.11549273133277893,0.11549273133277893,21000.0,21000.0,0.02568288892507553,0.02568288892507553,97000.0,97000.0,0.055180102586746216,0.055180102586746216,0.0,0.0,0.0,0.0,2.0,2.0,0.03756679594516754,0.03756679594516754
5529,2026-09-04,0,-18000.0,-18000.0,-0.08294931054115295,-0.08294931054115295,-8000.0,-8000.0,-0.015810277312994003,-0.015810277312994003,19000.0,19000.0,0.024203822016716003,0.024203822016716003,100275.0,100275.0,0.07282134890556335,0.07282134890556335,309621.0,309621.0,0.1348523497581482,0.1348523497581482,0.0,0.0,0.0,0.0,0.0,0.0,0.2051634043455124,0.2051634043455124
5530,2026-09-04,0,15000.0,15000.0,0.10000000149011612,0.10000000149011612,4779.0,4779.0,0.009208092465996742,0.009208092465996742,-212468.0,-212468.0,-0.19227872788906097,-0.19227872788906097,270978.0,270978.0,0.10291606187820435,0.10291606187820435,1455592.0,1455592.0,0.21621984243392944,0.21621984243392944,0.0,0.0,1.0,1.0,1.0,1.0,0.035707127302885056,0.035707127302885056
5531,2026-09-04,0,-104840.0,-104840.0,-0.19816839694976807,-0.19816839694976807,-602840.0,-602840.0,-0.2861596643924713,-0.2861596643924713,-1225840.0,-1225840.0,-0.3760930597782135,-0.3760930597782135,-2291840.0,-2291840.0,-0.424279123544693,-0.424279123544693,-3466681.0,-3466681.0,-0.29449397325515747,-0.29449397325515747,0.0,0.0,0.0,0.0,0.0,0.0,0.05411731079220772,0.05411731079220772
5533,2026-09-04,0,-25000.0,-25000.0,-0.2287219911813736,-0.2287219911813736,-62000.0,-62000.0,-0.2235386222600937,-0.2235386222600937,-81000.0,-81000.0,-0.21262353658676147,-0.21262353658676147,-348000.0,-348000.0,-0.4115849435329437,-0.4115849435329437,-870000.0,-870000.0,-0.38051068782806396,-0.38051068782806396,0.0,0.0,0.0,0.0,0.0,0.0,0.038318995386362076,0.038318995386362076
5534,2026-09-04,0,-2447.0,-2447.0,-0.0054458496160805225,-0.0054458496160805225,437512.0,437512.0,0.29653266072273254,0.29653266072273254,748612.0,748612.0,0.27992233633995056,0.27992233633995056,1462002.0,1462002.0,0.11980496346950531,0.11980496346950531,1987213.0,1987213.0,0.0988527163863182,0.0988527163863182,2.0,2.0,0.0,0.0,0.0,0.0,0.1424979418516159,0.1424979418516159
5536,2026-09-04,0,68843.0,68843.0,0.13137976825237274,0.13137976825237274,-899738.0,-899738.0,-0.3139351010322571,-0.3139351010322571,-884168.0,-884168.0,-0.2066778838634491,-0.2066778838634491,-1161637.0,-1161637.0,-0.14410582184791565,-0.14410582184791565,108600.0,108600.0,0.0044790892861783504,0.0044790892861783504,1.0,1.0,1.0,1.0,1.0,1.0,0.42230501770973206,0.42230501770973206
5538,2026-09-04,0,9000.0,9000.0,0.1997780203819275,0.1997780203819275,-19000.0,-19000.0,-0.1332491785287857,-0.1332491785287857,-14000.0,-14000.0,-0.06148846074938774,-0.06148846074938774,100110.0,100110.0,0.14787821471691132,0.14787821471691132,122110.0,122110.0,0.03786778077483177,0.03786778077483177,0.0,0.0,1.0,1.0,1.0,1.0,0.02239028550684452,0.02239028550684452
5543,2026-09-04,0,0.0,0.0,0.0,0.0,-1000.0,-1000.0,-0.0625,-0.0625,-3000.0,-3000.0,-0.03703703731298447,-0.03703703731298447,9000.0,9000.0,0.024193547666072845,0.024193547666072845,3000.0,3000.0,0.0069444444961845875,0.0069444444961845875,0.0,0.0,0.0,0.0,0.0,0.0,0.021411629393696785,0.021411629393696785
5546,2026-09-04,0,11000.0,11000.0,0.14493326842784882,0.14493326842784882,12000.0,12000.0,0.10222074389457703,0.10222074389457703,4000.0,4000.0,0.01698174886405468,0.01698174886405468,20000.0,20000.0,0.03081844560801983,0.03081844560801983,29024.0,29024.0,0.03162344917654991,0.03162344917654991,0.0,0.0,0.0,0.0,1.0,1.0,0.09216012805700302,0.09216012805700302
5548,2026-09-04,0,1000.0,1000.0,0.3333333432674408,0.3333333432674408,2000.0,2000.0,0.11764705926179886,0.11764705926179886,3000.0,3000.0,0.06521739065647125,0.06521739065647125,0.0,0.0,0.0,0.0,14000.0,14000.0,0.030237581580877304,0.030237581580877304,0.0,0.0,0.0,0.0,2.0,2.0,0.004707871470600367,0.004707871470600367
5601,2026-09-04,0,0.0,0.0,0.0,0.0,0.0,0.0,0.0,0.0,0.0,0.0,0.0,0.0,-1000.0,-1000.0,-0.009345794096589088,-0.009345794096589088,5000.0,5000.0,0.022624434903264046,0.022624434903264046,0.0,0.0,0.0,0.0,0.0,0.0,0.009259259328246117,0.009259259328246117
5603,2026-09-04,0,-12000.0,-12000.0,-0.11214952915906906,-0.11214952915906906,-35000.0,-35000.0,-0.11006288975477219,-0.11006288975477219,-37000.0,-37000.0,-0.08371040970087051,-0.08371040970087051,-35985.0,-35985.0,-0.027787644416093826,-0.027787644416093826,23015.0,23015.0,0.00910403486341238,0.00910403486341238,0.0,0.0,0.0,0.0,0.0,0.0,0.10202465951442719,0.10202465951442719
5604,2026-09-04,0,-1000.0,-1000.0,-0.1666666716337204,-0.1666666716337204,-4000.0,-4000.0,-0.12903225421905518,-0.12903225421905518,8000.0,8000.0,0.09756097197532654,0.09756097197532654,10000.0,10000.0,0.08771929889917374,0.08771929889917374,3000.0,3000.0,0.013274336233735085,0.013274336233735085,0.0,0.0,0.0,0.0,0.0,0.0,0.005515569355338812,0.005515569355338812
5607,2026-09-04,0,445169.0,445169.0,0.2503683865070343,0.2503683865070343,2373019.0,2373019.0,0.33903631567955017,0.33903631567955017,1915918.0,1915918.0,0.23691326379776,0.23691326379776,2623782.0,2623782.0,0.16821004450321198,0.16821004450321198,6512573.0,6512573.0,0.2269037961959839,0.2269037961959839,0.0,0.0,0.0,0.0,3.0,3.0,0.47983860969543457,0.47983860969543457
5608,2026-09-04,0,-2199366.0,-2199366.0,-0.22328652441501617,-0.22328652441501617,2578187.0,2578187.0,0.0938117727637291,0.0938117727637291,2279482.0,2279482.0,0.056997913867235184,0.056997913867235184,-2070857.0,-2070857.0,-0.011299197562038898,-0.011299197562038898,1121545.0,1121545.0,0.003335986752063036,0.003335986752063036,0.0,0.0,0.0,0.0,0.0,0.0,2.530330181121826,2.530330181121826
5609,2026-09-04,0,-9042.0,-9042.0,-0.20550000667572021,-0.20550000667572021,-17237.0,-17237.0,-0.09367934614419937,-0.09367934614419937,-15237.0,-15237.0,-0.04041644558310509,-0.04041644558310509,-85071.0,-85071.0,-0.06762400269508362,-0.06762400269508362,-77020.0,-77020.0,-0.024797167629003525,-0.024797167629003525,0.0,0.0,0.0,0.0,0.0,0.0,0.030794210731983185,0.030794210731983185
5701,2026-09-04,0,7000.0,7000.0,0.13725490868091583,0.13725490868091583,3000.0,3000.0,0.01886792480945587,0.01886792480945587,30000.0,30000.0,0.07075471431016922,0.07075471431016922,57000.0,57000.0,0.04048295319080353,0.04048295319080353,43000.0,43000.0,0.016494054347276688,0.016494054347276688,0.0,0.0,1.0,1.0,1.0,1.0,0.035664334893226624,0.035664334893226624
5703,2026-09-03,0,0.0,0.0,0.0,0.0,0.0,0.0,0.0,0.0,0.0,0.0,0.0,0.0,0.0,0.0,0.0,0.0,0.0,0.0,0.0,0.0,0.0,0.0,0.0,0.0,0.0,0.0,0.005694793537259102,0.005694793537259102
5704,2026-09-04,0,-1000.0,-1000.0,-0.01923076994717121,-0.01923076994717121,-2000.0,-2000.0,-0.01600000075995922,-0.01600000075995922,-2000.0,-2000.0,-0.009523809887468815,-0.009523809887468815,0.0,0.0,0.0,0.0,22000.0,22000.0,0.02014652080833912,0.02014652080833912,0.0,0.0,0.0,0.0,0.0,0.0,0.08834274113178253,0.08834274113178253
5706,2026-09-04,0,30000.0,30000.0,0.2685500979423523,0.2685500979423523,37000.0,37000.0,0.14322876930236816,0.14322876930236816,96632.0,96632.0,0.1945824921131134,0.1945824921131134,66852.0,66852.0,0.07737347483634949,0.07737347483634949,326592.0,326592.0,0.16005951166152954,0.16005951166152954,0.0,0.0,1.0,1.0,1.0,1.0,0.13335773348808289,0.13335773348808289
5864,2026-09-04,0,279169.0,279169.0,0.13057483732700348,0.13057483732700348,268813.0,268813.0,0.03787698969244957,0.03787698969244957,511722.0,511722.0,0.041488729417324066,0.041488729417324066,579785.0,579785.0,0.022970879450440407,0.022970879450440407,162773.0,162773.0,0.002796931192278862,0.002796931192278862,0.0,0.0,0.0,0.0,2.0,2.0,0.4237942695617676,0.4237942695617676
5871,2026-09-04,0,-1844219.0,-1844219.0,-0.4050912857055664,-0.4050912857055664,-5115960.0,-5115960.0,-0.3046814799308777,-0.3046814799308777,-9015712.0,-9015712.0,-0.19929668307304382,-0.19929668307304382,-2797257.0,-2797257.0,-0.038570523262023926,-0.038570523262023926,3628259.0,3628259.0,0.027067532762885094,0.027067532762885094,0.0,0.0,0.0,0.0,0.0,0.0,0.2607969641685486,0.2607969641685486
5876,2026-09-04,0,1968611.0,1968611.0,0.2608482539653778,0.2608482539653778,12407598.0,12407598.0,0.33803120255470276,0.33803120255470276,18956980.0,18956980.0,0.28634196519851685,0.28634196519851685,17697378.0,17697378.0,0.19576869904994965,0.19576869904994965,23056876.0,23056876.0,0.14791712164878845,0.14791712164878845,3.0,3.0,0.0,0.0,4.0,4.0,0.15369902551174164,0.15369902551174164
5878,2026-09-04,0,0.0,0.0,0.0,0.0,0.0,0.0,0.0,0.0,0.0,0.0,0.0,0.0,0.0,0.0,0.0,0.0,0.0,0.0,0.0,0.0,0.0,0.0,0.0,0.0,0.0,0.0,0.003996115177869797,0.003996115177869797
5880,2026-09-04,0,7784848.0,7784848.0,0.3636012673377991,0.3636012673377991,52443072.0,52443072.0,0.5806440114974976,0.5806440114974976,62576404.0,62576404.0,0.4147694706916809,0.4147694706916809,76844240.0,76844240.0,0.3845539093017578,0.3845539093017578,15569274.0,15569274.0,0.03405580297112465,0.03405580297112465,1.0,1.0,0.0,0.0,11.0,11.0,0.1332075595855713,0.1332075595855713
5902,2026-09-04,0,0.0,0.0,0.0,0.0,0.0,0.0,0.0,0.0,50.0,50.0,0.0029411765281111,0.0029411765281111,-950.0,-950.0,-0.012179487384855747,-0.012179487384855747,-4950.0,-4950.0,-0.029289940372109413,-0.029289940372109413,0.0,0.0,0.0,0.0,0.0,0.0,0.002116402145475149,0.002116402145475149
5903,2026-09-04,0,2000.0,2000.0,0.4000000059604645,0.4000000059604645,15000.0,15000.0,0.3658536672592163,0.3658536672592163,21011.0,21011.0,0.28014665842056274,0.28014665842056274,46011.0,46011.0,0.3334130346775055,0.3334130346775055,62461.0,62461.0,0.20960067212581635,0.20960067212581635,0.0,0.0,0.0,0.0,19.0,19.0,0.0022399425506591797,0.0022399425506591797
5904,2026-09-04,0,670269.0,670269.0,0.10396602749824524,0.10396602749824524,-3858653.0,-3858653.0,-0.1984393447637558,-0.1984393447637558,-7432896.0,-7432896.0,-0.23285286128520966,-0.23285286128520966,-11637844.0,-11637844.0,-0.19206582009792328,-0.19206582009792328,-67571880.0,-67571880.0,-0.23511523008346558,-0.23511523008346558,1.0,1.0,1.0,1.0,1.0,1.0,0.6056715846061707,0.6056715846061707
5905,2026-09-04,0,-59000.0,-59000.0,-0.15733332931995392,-0.15733332931995392,-118000.0,-118000.0,-0.1119544580578804,-0.1119544580578804,-141000.0,-141000.0,-0.08468468487262726,-0.08468468487262726,-570000.0,-570000.0,-0.14759191870689392,-0.14759191870689392,-1276000.0,-1276000.0,-0.16959063708782196,-0.16959063708782196,0.0,0.0,0.0,0.0,0.0,0.0,0.13315662741661072,0.13315662741661072
5906,2026-09-03,0,0.0,0.0,0.0,0.0,-2000.0,-2000.0,-0.4964011013507843,-0.4964011013507843,0.0,0.0,0.0,0.0,2000.0,2000.0,0.0931142047047615,0.0931142047047615,8000.0,8000.0,0.1254764199256897,0.1254764199256897,0.0,0.0,0.0,0.0,0.0,0.0,0.002797874854877591,0.002797874854877591
5907,2026-09-04,0,153000.0,153000.0,0.5402618646621704,0.5402618646621704,237000.0,237000.0,0.19084399938583374,0.19084399938583374,229000.0,229000.0,0.14787817001342773,0.14787817001342773,173000.0,173000.0,0.046578776091337204,0.046578776091337204,316000.0,316000.0,0.05296840891242027,0.05296840891242027,0.0,0.0,0.0,0.0,4.0,4.0,0.14483432471752167,0.14483432471752167
6005,2026-09-04,0,579397.0,579397.0,0.13708266615867615,0.13708266615867615,1016680.0,1016680.0,0.05770400911569595,0.05770400911569595,2336213.0,2336213.0,0.06688419729471207,0.06688419729471207,1689691.0,1689691.0,0.03036104515194893,0.03036104515194893,-22817420.0,-22817420.0,-0.1743055135011673,-0.1743055135011673,0.0,0.0,0.0,0.0,2.0,2.0,0.1721431165933609,0.1721431165933609
6015,2026-09-04,0,456349.0,456349.0,0.19678696990013123,0.19678696990013123,799885.0,799885.0,0.15004408359527588,0.15004408359527588,1709274.0,1709274.0,0.18389177322387695,0.18389177322387695,2214897.0,2214897.0,0.1385263055562973,0.1385263055562973,1289700.0,1289700.0,0.03888151794672012,0.03888151794672012,0.0,0.0,0.0,0.0,2.0,2.0,0.5898537635803223,0.5898537635803223
6016,2026-09-04,0,899747.0,899747.0,0.14012567698955536,0.14012567698955536,2028659.0,2028659.0,0.10631269961595535,0.10631269961595535,1413737.0,1413737.0,0.05469636619091034,0.05469636619091034,749959.0,749959.0,0.017190249636769295,0.017190249636769295,-276284.0,-276284.0,-0.0031961037311702967,-0.0031961037311702967,0.0,0.0,0.0,0.0,2.0,2.0,0.8312835693359375,0.8312835693359375
6020,2026-09-04,0,16000.0,16000.0,0.6153846383094788,0.6153846383094788,22000.0,22000.0,0.47826087474823,0.47826087474823,23000.0,23000.0,0.31081080436706543,0.31081080436706543,22000.0,22000.0,0.1617647111415863,0.1617647111415863,47000.0,47000.0,0.06610407680273056,0.06610407680273056,0.0,0.0,0.0,0.0,4.0,4.0,0.010303021408617496,0.010303021408617496
6021,2026-09-04,0,137000.0,137000.0,0.5,0.5,202084.0,202084.0,0.40660765767097473,0.40660765767097473,172084.0,172084.0,0.23540902137756348,0.23540902137756348,383084.0,383084.0,0.27799999713897705,0.27799999713897705,241084.0,241084.0,0.08827681839466095,0.08827681839466095,0.0,0.0,0.0,0.0,4.0,4.0,0.08775554597377777,0.08775554597377777
6023,2026-09-04,0,116881.0,116881.0,0.32648324966430664,0.32648324966430664,365554.0,365554.0,0.3344501256942749,0.3344501256942749,694154.0,694154.0,0.24271118640899658,0.24271118640899658,104854.0,104854.0,0.02153501659631729,0.02153501659631729,-1339600.0,-1339600.0,-0.12959273159503937,-0.12959273159503937,0.0,0.0,0.0,0.0,3.0,3.0,0.09728981554508209,0.09728981554508209
6024,2026-09-04,0,-11828.0,-11828.0,-0.038356393575668335,-0.038356393575668335,30190.0,30190.0,0.048875730484724045,0.048875730484724045,68811.0,68811.0,0.05133390799164772,0.05133390799164772,-39977.0,-39977.0,-0.01662529446184635,-0.01662529446184635,972031.0,972031.0,0.15697431564331055,0.15697431564331055,0.0,0.0,0.0,0.0,0.0,0.0,0.11563187092542648,0.11563187092542648
6026,2026-09-04,0,207984.0,207984.0,0.21962407231330872,0.21962407231330872,1127479.0,1127479.0,0.38506796956062317,0.38506796956062317,1074469.0,1074469.0,0.23096926510334015,0.23096926510334015,3301469.0,3301469.0,0.3350384533405304,0.3350384533405304,3457701.0,3457701.0,0.18560850620269775,0.18560850620269775,2.0,2.0,0.0,0.0,4.0,4.0,0.2390437126159668,0.2390437126159668
6101,2026-09-04,0,-43000.0,-43000.0,-0.16996046900749207,-0.16996046900749207,9140.0,9140.0,0.012659279629588127,0.012659279629588127,3154.0,3154.0,0.0024336420465260744,0.0024336420465260744,-145846.0,-145846.0,-0.056971095502376556,-0.056971095502376556,-229254.0,-229254.0,-0.04536090046167374,-0.04536090046167374,0.0,0.0,0.0,0.0,0.0,0.0,0.22073251008987427,0.22073251008987427
6103,2026-09-04,0,0.0,0.0,0.0,0.0,25.0,25.0,0.0002100840356433764,0.0002100840356433764,25.0,25.0,0.00010683760774554685,0.00010683760774554685,-2975.0,-2975.0,-0.005821917671710253,-0.005821917671710253,25.0,25.0,4.570384044200182e-05,4.570384044200182e-05,0.0,0.0,0.0,0.0,0.0,0.0,0.16905684769153595,0.16905684769153595
6104,2026-09-04,0,85000.0,85000.0,0.30909091234207153,0.30909091234207153,49086.0,49086.0,0.04486837238073349,0.04486837238073349,-38028.0,-38028.0,-0.018134478479623795,-0.018134478479623795,1966485.0,1966485.0,0.2636745870113373,0.2636745870113373,2953090.0,2953090.0,0.247929647564888,0.247929647564888,0.0,0.0,1.0,1.0,1.0,1.0,0.30177628993988037,0.30177628993988037
6108,2026-09-04,0,-96802.0,-96802.0,-0.07020767778158188,-0.07020767778158188,-245203.0,-245203.0,-0.03672916814684868,-0.03672916814684868,-1787129.0,-1787129.0,-0.11188579350709915,-0.11188579350709915,2274655.0,2274655.0,0.05067567899823189,0.05067567899823189,9415651.0,9415651.0,0.10959605872631073,0.10959605872631073,0.0,0.0,0.0,0.0,0.0,0.0,0.8924568295478821,0.8924568295478821
6109,2026-09-04,0,-40000.0,-40000.0,-0.47058823704719543,-0.47058823704719543,-47000.0,-47000.0,-0.1872510015964508,-0.1872510015964508,-77000.0,-77000.0,-0.18689320981502533,-0.18689320981502533,-120000.0,-120000.0,-0.15748031437397003,-0.15748031437397003,-260002.0,-260002.0,-0.13485580682754517,-0.13485580682754517,0.0,0.0,0.0,0.0,0.0,0.0,0.09678292274475098,0.09678292274475098
6111,2026-09-04,0,70000.0,70000.0,0.4000000059604645,0.4000000059604645,43000.0,43000.0,0.09188034385442734,0.09188034385442734,19050.0,19050.0,0.019379450008273125,0.019379450008273125,253057.0,253057.0,0.15996018052101135,0.15996018052101135,442956.0,442956.0,0.15724387764930725,0.15724387764930725,0.0,0.0,1.0,1.0,1.0,1.0,0.16127389669418335,0.16127389669418335
6112,2026-09-04,0,138011.0,138011.0,0.3863343596458435,0.3863343596458435,377307.0,377307.0,0.3007904291152954,0.3007904291152954,362582.0,362582.0,0.21307684481143951,0.21307684481143951,658114.0,658114.0,0.23505514860153198,0.23505514860153198,1641601.0,1641601.0,0.20983928442001343,0.20983928442001343,0.0,0.0,1.0,1.0,1.0,1.0,0.18965654075145721,0.18965654075145721
6113,2026-09-04,0,16000.0,16000.0,0.1428571492433548,0.1428571492433548,-28000.0,-28000.0,-0.07821229100227356,-0.07821229100227356,-30000.0,-30000.0,-0.06060606241226196,-0.06060606241226196,-47000.0,-47000.0,-0.0555555559694767,-0.0555555559694767,150000.0,150000.0,0.052210234105587006,0.052210234105587006,0.0,0.0,1.0,1.0,1.0,1.0,0.2131325602531433,0.2131325602531433
6114,2026-09-04,0,0.0,0.0,0.0,0.0,-3000.0,-3000.0,-0.0833333358168602,-0.0833333358168602,-5000.0,-5000.0,-0.09259258955717087,-0.09259258955717087,-6000.0,-6000.0,-0.04477611929178238,-0.04477611929178238,26000.0,26000.0,0.04498269781470299,0.04498269781470299,0.0,0.0,0.0,0.0,0.0,0.0,0.02505013532936573,0.02505013532936573
6115,2026-09-04,0,-7000.0,-7000.0,-0.050836995244026184,-0.050836995244026184,20000.0,20000.0,0.04927540570497513,0.04927540570497513,-163000.0,-163000.0,-0.1723361313343048,-0.1723361313343048,-376000.0,-376000.0,-0.1627781093120575,-0.1627781093120575,-509000.0,-509000.0,-0.12031441181898117,-0.12031441181898117,0.0,0.0,0.0,0.0,0.0,0.0,0.07337387651205063,0.07337387651205063
6116,2026-09-04,0,-752738.0,-752738.0,-0.05258936434984207,-0.05258936434984207,-11080676.0,-11080676.0,-0.14601251482963562,-0.14601251482963562,-12805276.0,-12805276.0,-0.11285503953695297,-0.11285503953695297,2659790.0,2659790.0,0.009330022148787975,0.009330022148787975,-12113544.0,-12113544.0,-0.019622040912508965,-0.019622040912508965,0.0,0.0,0.0,0.0,0.0,0.0,0.5007076263427734,0.5007076263427734
6117,2026-09-04,0,-7850.0,-7850.0,-0.056896425783634186,-0.056896425783634186,-50468.0,-50468.0,-0.07958582788705826,-0.07958582788705826,-64749.0,-64749.0,-0.0635823905467987,-0.0635823905467987,-9026.0,-9026.0,-0.005310251843184233,-0.005310251843184233,-364233.0,-364233.0,-0.09734074026346207,-0.09734074026346207,0.0,0.0,0.0,0.0,0.0,0.0,0.14905859529972076,0.14905859529972076
6118,2026-09-04,0,19000.0,19000.0,0.09405940771102905,0.09405940771102905,34000.0,34000.0,0.08923884481191635,0.08923884481191635,43000.0,43000.0,0.08829569071531296,0.08829569071531296,91000.0,91000.0,0.11489898711442947,0.11489898711442947,61000.0,61000.0,0.03598820045590401,0.03598820045590401,0.0,0.0,1.0,1.0,1.0,1.0,0.22224771976470947,0.22224771976470947
6120,2026-09-04,0,-556000.0,-556000.0,-0.25689053535461426,-0.25689053535461426,-1088761.0,-1088761.0,-0.22143276035785675,-0.22143276035785675,-1579720.0,-1579720.0,-0.2295086830854416,-0.2295086830854416,-1677857.0,-1677857.0,-0.12838754057884216,-0.12838754057884216,-4593806.0,-4593806.0,-0.14599360525608063,-0.14599360525608063,0.0,0.0,0.0,0.0,0.0,0.0,0.36132678389549255,0.36132678389549255
6121,2026-09-04,0,-19187.0,-19187.0,-0.07186142355203629,-0.07186142355203629,-164830.0,-164830.0,-0.1502552479505539,-0.1502552479505539,-78468.0,-78468.0,-0.042553145438432693,-0.042553145438432693,-54948.0,-54948.0,-0.013474252074956894,-0.013474252074956894,2417971.0,2417971.0,0.1660466343164444,0.1660466343164444,3.0,3.0,0.0,0.0,0.0,0.0,0.14434732496738434,0.14434732496738434
6122,2026-09-04,0,-112450.0,-112450.0,-0.1283675730228424,-0.1283675730228424,400433.0,400433.0,0.13268157839775085,0.13268157839775085,394433.0,394433.0,0.12257084995508194,0.12257084995508194,757320.0,757320.0,0.18301594257354736,0.18301594257354736,1243557.0,1243557.0,0.20541080832481384,0.20541080832481384,1.0,1.0,0.0,0.0,0.0,0.0,1.121759057044983,1.121759057044983
6123,2026-09-04,0,-7000.0,-7000.0,-0.30434781312942505,-0.30434781312942505,16000.0,16000.0,0.190476194024086,0.190476194024086,25000.0,25000.0,0.20000000298023224,0.20000000298023224,19000.0,19000.0,0.06440678238868713,0.06440678238868713,-15000.0,-15000.0,-0.02074688859283924,-0.02074688859283924,0.0,0.0,0.0,0.0,0.0,0.0,0.037043340504169464,0.037043340504169464
6124,2026-09-04,0,0.0,0.0,0.0,0.0,2015.0,2015.0,0.03950980305671692,0.03950980305671692,10015.0,10015.0,0.11127778142690659,0.11127778142690659,59025.0,59025.0,0.3190540671348572,0.3190540671348572,79025.0,79025.0,0.2532852590084076,0.2532852590084076,0.0,0.0,0.0,0.0,0.0,0.0,0.013700135983526707,0.013700135983526707
6125,2026-09-04,0,-247000.0,-247000.0,-0.21422375738620758,-0.21422375738620758,-877536.0,-877536.0,-0.1572927087545395,-0.1572927087545395,-1051509.0,-1051509.0,-0.14778763055801392,-0.14778763055801392,-2267244.0,-2267244.0,-0.17422915995121002,-0.17422915995121002,-4178511.0,-4178511.0,-0.12704503536224365,-0.12704503536224365,0.0,0.0,0.0,0.0,0.0,0.0,0.4451545774936676,0.4451545774936676
6126,2026-09-04,0,-70230.0,-70230.0,-0.28091999888420105,-0.28091999888420105,-301303.0,-301303.0,-0.26950177550315857,-0.26950177550315857,-398434.0,-398434.0,-0.23273013532161713,-0.23273013532161713,-699284.0,-699284.0,-0.22420135140419006,-0.22420135140419006,-1785114.0,-1785114.0,-0.22662359476089478,-0.22662359476089478,0.0,0.0,0.0,0.0,0.0,0.0,0.19264718890190125,0.19264718890190125
6127,2026-09-04,0,919870.0,919870.0,0.29788535833358765,0.29788535833358765,-984892.0,-984892.0,-0.1385805606842041,-0.1385805606842041,-862658.0,-862658.0,-0.06156565621495247,-0.06156565621495247,-1456443.0,-1456443.0,-0.05040990561246872,-0.05040990561246872,-1900314.0,-1900314.0,-0.03045082278549671,-0.03045082278549671,0.0,0.0,1.0,1.0,1.0,1.0,2.857149362564087,2.857149362564087
6128,2026-09-04,0,8000.0,8000.0,0.16383370757102966,0.16383370757102966,2000.0,2000.0,0.012153548188507557,0.012153548188507557,1000.0,1000.0,0.0026412683073431253,0.0026412683073431253,13000.0,13000.0,0.022737806662917137,0.022737806662917137,96000.0,96000.0,0.06556037813425064,0.06556037813425064,0.0,0.0,0.0,0.0,1.0,1.0,0.038271401077508926,0.038271401077508926
6129,2026-09-02,0,131999.0,131999.0,0.24043533205986023,0.24043533205986023,2123.0,2123.0,0.0011494314530864358,0.0011494314530864358,123.0,123.0,4.450072447070852e-05,4.450072447070852e-05,-227337.0,-227337.0,-0.04351780191063881,-0.04351780191063881,-168624.0,-168624.0,-0.01922517456114292,-0.01922517456114292,0.0,0.0,0.0,0.0,2.0,2.0,0.3034093379974365,0.3034093379974365
6130,2026-09-04,0,-5000.0,-5000.0,-0.04901960864663124,-0.04901960864663124,5000.0,5000.0,0.01879699155688286,0.01879699155688286,40000.0,40000.0,0.09661835432052612,0.09661835432052612,-24970.0,-24970.0,-0.026791846379637718,-0.026791846379637718,162029.0,162029.0,0.035185448825359344,0.035185448825359344,0.0,0.0,0.0,0.0,0.0,0.0,0.2068965584039688,0.2068965584039688
6133,2026-09-04,0,-149683.0,-149683.0,-0.17231541872024536,-0.17231541872024536,239646.0,239646.0,0.0530574806034565,0.0530574806034565,205601.0,205601.0,0.03772379085421562,0.03772379085421562,785700.0,785700.0,0.09204661101102829,0.09204661101102829,1863797.0,1863797.0,0.13057442009449005,0.13057442009449005,0.0,0.0,0.0,0.0,0.0,0.0,0.7424019575119019,0.7424019575119019
6134,2026-09-04,0,23000.0,23000.0,0.0934959352016449,0.0934959352016449,7999.0,7999.0,0.017580220475792885,0.017580220475792885,58046.0,58046.0,0.07255750149488449,0.07255750149488449,356196.0,356196.0,0.23937903344631195,0.23937903344631195,-76374.0,-76374.0,-0.019998429343104362,-0.019998429343104362,0.0,0.0,1.0,1.0,1.0,1.0,0.30043190717697144,0.30043190717697144
6136,2026-09-04,0,56000.0,56000.0,0.43529292941093445,0.43529292941093445,121000.0,121000.0,0.30701541900634766,0.30701541900634766,-58900.0,-58900.0,-0.07562674582004547,-0.07562674582004547,-119735.0,-119735.0,-0.061587896198034286,-0.061587896198034286,-10734.0,-10734.0,-0.002726220525801182,-0.002726220525801182,0.0,0.0,0.0,0.0,3.0,3.0,0.11134931445121765,0.11134931445121765
6138,2026-09-04,0,35017.0,35017.0,0.16286976635456085,0.16286976635456085,-100257.0,-100257.0,-0.09422650188207626,-0.09422650188207626,-94503.0,-94503.0,-0.04367051646113396,-0.04367051646113396,31924.0,31924.0,0.005028193350881338,0.005028193350881338,-656270.0,-656270.0,-0.04300026223063469,-0.04300026223063469,1.0,1.0,1.0,1.0,1.0,1.0,0.28426557779312134,0.28426557779312134
6139,2026-09-04,0,179958.0,179958.0,0.07605188339948654,0.07605188339948654,-1192321.0,-1192321.0,-0.13333141803741455,-0.13333141803741455,-1114305.0,-1114305.0,-0.0799565538764,-0.0799565538764,-3376453.0,-3376453.0,-0.13650713860988617,-0.13650713860988617,-6358571.0,-6358571.0,-0.1256016045808792,-0.1256016045808792,1.0,1.0,0.0,0.0,2.0,2.0,1.004455327987671,1.004455327987671
6140,2026-09-04,0,-11000.0,-11000.0,-0.18644067645072937,-0.18644067645072937,-30800.0,-30800.0,-0.20000000298023224,-0.20000000298023224,-60700.0,-60700.0,-0.27844035625457764,-0.27844035625457764,-61700.0,-61700.0,-0.11238615959882736,-0.11238615959882736,-11572.0,-11572.0,-0.009191421791911125,-0.009191421791911125,0.0,0.0,0.0,0.0,0.0,0.0,0.1074725091457367,0.1074725091457367
6141,2026-09-04,0,83643.0,83643.0,0.03500029444694519,0.03500029444694519,1088459.0,1088459.0,0.0945633128285408,0.0945633128285408,231708.0,231708.0,0.01139077078551054,0.01139077078551054,1818039.0,1818039.0,0.035297028720378876,0.035297028720378876,5141203.0,5141203.0,0.060904648154973984,0.060904648154973984,0.0,0.0,0.0,0.0,3.0,3.0,2.1082448959350586,2.1082448959350586
6142,2026-09-04,0,13000.0,13000.0,0.04578867554664612,0.04578867554664612,-50999.0,-50999.0,-0.05873146653175354,-0.05873146653175354,-294099.0,-294099.0,-0.15812267363071442,-0.15812267363071442,-288119.0,-288119.0,-0.07309258729219437,-0.07309258729219437,-714314.0,-714314.0,-0.08436258882284164,-0.08436258882284164,0.0,0.0,1.0,1.0,1.0,1.0,0.08583157509565353,0.08583157509565353
6143,2026-09-04,0,-46003.0,-46003.0,-0.13530294597148895,-0.13530294597148895,-94903.0,-94903.0,-0.11073862016201019,-0.11073862016201019,-234023.0,-234023.0,-0.17131991684436798,-0.17131991684436798,-327717.0,-327717.0,-0.13637827336788177,-0.13637827336788177,-1195867.0,-1195867.0,-0.15057504177093506,-0.15057504177093506,0.0,0.0,0.0,0.0,0.0,0.0,0.39507827162742615,0.39507827162742615
6144,2026-09-04,0,0.0,0.0,0.0,0.0,0.0,0.0,0.0,0.0,0.0,0.0,0.0,0.0,3000.0,3000.0,0.0211267601698637,0.0211267601698637,10000.0,10000.0,0.014598540030419827,0.014598540030419827,0.0,0.0,0.0,0.0,0.0,0.0,0.007838279940187931,0.007838279940187931
6146,2026-09-04,0,-389000.0,-389000.0,-0.6765217185020447,-0.6765217185020447,-685549.0,-685549.0,-0.5488783121109009,-0.5488783121109009,-685549.0,-685549.0,-0.44228968024253845,-0.44228968024253845,-875030.0,-875030.0,-0.3137432634830475,-0.3137432634830475,-1159487.0,-1159487.0,-0.2111998200416565,-0.2111998200416565,0.0,0.0,0.0,0.0,0.0,0.0,0.5644603967666626,0.5644603967666626
6147,2026-09-04,0,-15844284.0,-15844284.0,-0.25273215770721436,-0.25273215770721436,-10328850.0,-10328850.0,-0.07271328568458557,-0.07271328568458557,-10001258.0,-10001258.0,-0.053808391094207764,-0.053808391094207764,-13563979.0,-13563979.0,-0.03614834323525429,-0.03614834323525429,-23877954.0,-23877954.0,-0.03900842368602753,-0.03900842368602753,0.0,0.0,0.0,0.0,0.0,0.0,8.419808387756348,8.419808387756348
6148,2026-09-04,0,54000.0,54000.0,0.33128833770751953,0.33128833770751953,79000.0,79000.0,0.27816900610923767,0.27816900610923767,96000.0,96000.0,0.2689075767993927,0.2689075767993927,113000.0,113000.0,0.13325472176074982,0.13325472176074982,226041.0,226041.0,0.08428075909614563,0.08428075909614563,0.0,0.0,0.0,0.0,5.0,5.0,0.34975722432136536,0.34975722432136536
6150,2026-09-04,0,39000.0,39000.0,0.23353293538093567,0.23353293538093567,26049.0,26049.0,0.03558606654405594,0.03558606654405594,74127.0,74127.0,0.08172767609357834,0.08172767609357834,126077.0,126077.0,0.07535983622074127,0.07535983622074127,406345.0,406345.0,0.12306026369333267,0.12306026369333267,0.0,0.0,1.0,1.0,1.0,1.0,0.3454268276691437,0.3454268276691437
6151,2026-09-04,0,-7000.0,-7000.0,-0.10769230872392654,-0.10769230872392654,-49000.0,-49000.0,-0.1416184902191162,-0.1416184902191162,-8000.0,-8000.0,-0.0139860138297081,-0.0139860138297081,83947.0,83947.0,0.08873890340328217,0.08873890340328217,-50719.0,-50719.0,-0.019024381414055824,-0.019024381414055824,0.0,0.0,0.0,0.0,0.0,0.0,0.11763151735067368,0.11763151735067368
6152,2026-09-04,0,74454.0,74454.0,0.2333776354789734,0.2333776354789734,-4545.0,-4545.0,-0.004084967542439699,-0.004084967542439699,-346172.0,-346172.0,-0.1283068060874939,-0.1283068060874939,-41840.0,-41840.0,-0.007393845822662115,-0.007393845822662115,1077765.0,1077765.0,0.036382485181093216,0.036382485181093216,0.0,0.0,1.0,1.0,1.0,1.0,0.19019371271133423,0.19019371271133423
6153,2026-09-04,0,805221.0,805221.0,0.3597574532032013,0.3597574532032013,-74747.0,-74747.0,-0.008913461118936539,-0.008913461118936539,-2117306.0,-2117306.0,-0.10881684720516205,-0.10881684720516205,329218.0,329218.0,0.009955351240932941,0.009955351240932941,1664391.0,1664391.0,0.02881050854921341,0.02881050854921341,0.0,0.0,1.0,1.0,1.0,1.0,0.35182511806488037,0.35182511806488037
6154,2026-09-04,0,-2000.0,-2000.0,-0.3333333432674408,-0.3333333432674408,-1000.0,-1000.0,-0.02631578966975212,-0.02631578966975212,-1000.0,-1000.0,-0.012658228166401386,-0.012658228166401386,2000.0,2000.0,0.010989011265337467,0.010989011265337467,31000.0,31000.0,0.04579025134444237,0.04579025134444237,0.0,0.0,0.0,0.0,0.0,0.0,0.007492507342249155,0.007492507342249155
6155,2026-09-04,0,186118.0,186118.0,0.1386307328939438,0.1386307328939438,-2092.0,-2092.0,-0.0007471233839169145,-0.0007471233839169145,-111052.0,-111052.0,-0.022228926420211792,-0.022228926420211792,1819.0,1819.0,0.00013898096221964806,0.00013898096221964806,-2456065.0,-2456065.0,-0.047596048563718796,-0.047596048563718796,0.0,0.0,1.0,1.0,1.0,1.0,1.5252035856246948,1.5252035856246948
6156,2026-09-04,0,29417.0,29417.0,0.0774131566286087,0.0774131566286087,-124583.0,-124583.0,-0.09864053875207901,-0.09864053875207901,-397583.0,-397583.0,-0.1798204481601715,-0.1798204481601715,-95174.0,-95174.0,-0.02045433036983013,-0.02045433036983013,516999.0,516999.0,0.04736591875553131,0.04736591875553131,0.0,0.0,1.0,1.0,1.0,1.0,0.3522595167160034,0.3522595167160034
6158,2026-09-04,0,-9000.0,-9000.0,-0.20930232107639313,-0.20930232107639313,-22000.0,-22000.0,-0.0572916679084301,-0.0572916679084301,20000.0,20000.0,0.04246284440159798,0.04246284440159798,28000.0,28000.0,0.047700170427560806,0.047700170427560806,106100.0,106100.0,0.09707228094339371,0.09707228094339371,0.0,0.0,0.0,0.0,0.0,0.0,0.07814091444015503,0.07814091444015503
6160,2026-09-04,0,-6000.0,-6000.0,-0.1304347813129425,-0.1304347813129425,46000.0,46000.0,0.18930041790008545,0.18930041790008545,45000.0,45000.0,0.1380368024110794,0.1380368024110794,48000.0,48000.0,0.05423728749155998,0.05423728749155998,78000.0,78000.0,0.032258063554763794,0.032258063554763794,0.0,0.0,0.0,0.0,0.0,0.0,0.06716395169496536,0.06716395169496536
6161,2026-09-04,0,-36691.0,-36691.0,-0.38219791650772095,-0.38219791650772095,40390.0,40390.0,0.0787329450249672,0.0787329450249672,-5610.0,-5610.0,-0.008793103508651257,-0.008793103508651257,-109703.0,-109703.0,-0.09918896853923798,-0.09918896853923798,-193177.0,-193177.0,-0.06475929915904999,-0.06475929915904999,0.0,0.0,0.0,0.0,0.0,0.0,0.1707046777009964,0.1707046777009964
6163,2026-09-04,0,108000.0,108000.0,0.34069401025772095,0.34069401025772095,749139.0,749139.0,0.3599899113178253,0.3599899113178253,757239.0,757239.0,0.2580030560493469,0.2580030560493469,1291977.0,1291977.0,0.2628640830516815,0.2628640830516815,1299191.0,1299191.0,0.0605175606906414,0.0605175606906414,0.0,0.0,0.0,0.0,4.0,4.0,0.21384353935718536,0.21384353935718536
6164,2026-09-04,0,-11388.0,-11388.0,-0.04270510748028755,-0.04270510748028755,-32387.0,-32387.0,-0.05124865844845772,-0.05124865844845772,-143836.0,-143836.0,-0.1368408352136612,-0.1368408352136612,114170.0,114170.0,0.028565524145960808,0.028565524145960808,136174.0,136174.0,0.017990268766880035,0.017990268766880035,0.0,0.0,0.0,0.0,0.0,0.0,0.33333250880241394,0.33333250880241394
6165,2026-09-04,0,-61873.0,-61873.0,-0.4316851496696472,-0.4316851496696472,-62788.0,-62788.0,-0.08209030330181122,-0.08209030330181122,455757.0,455757.0,0.17324039340019226,0.17324039340019226,524894.0,524894.0,0.09179776161909103,0.09179776161909103,273182.0,273182.0,0.029855486005544662,0.029855486005544662,0.0,0.0,0.0,0.0,0.0,0.0,0.1843397617340088,0.1843397617340088
6166,2026-09-04,0,834361.0,834361.0,0.287394255399704,0.287394255399704,-780812.0,-780812.0,-0.10870666056871414,-0.10870666056871414,-830112.0,-830112.0,-0.0886717215180397,-0.0886717215180397,-1822297.0,-1822297.0,-0.12459026277065277,-0.12459026277065277,-4128121.0,-4128121.0,-0.10561902821063995,-0.10561902821063995,0.0,0.0,1.0,1.0,1.0,1.0,1.333089828491211,1.333089828491211
6167,2026-09-04,0,-70000.0,-70000.0,-0.20467835664749146,-0.20467835664749146,-246000.0,-246000.0,-0.2830840051174164,-0.2830840051174164,-143000.0,-143000.0,-0.07486911118030548,-0.07486911118030548,-241001.0,-241001.0,-0.07682531327009201,-0.07682531327009201,325999.0,325999.0,0.0611630380153656,0.0611630380153656,0.0,0.0,0.0,0.0,0.0,0.0,0.23424658179283142,0.23424658179283142
6168,2026-09-04,0,-669000.0,-669000.0,-0.06934253871440887,-0.06934253871440887,-1279267.0,-1279267.0,-0.06528840214014053,-0.06528840214014053,-849003.0,-849003.0,-0.03468616306781769,-0.03468616306781769,-44704.0,-44704.0,-0.0006730959285050631,-0.0006730959285050631,1655935.0,1655935.0,0.020827677100896835,0.020827677100896835,0.0,0.0,0.0,0.0,0.0,0.0,4.6887993812561035,4.6887993812561035
6169,2026-09-04,0,0.0,0.0,0.0,0.0,0.0,0.0,0.0,0.0,0.0,0.0,0.0,0.0,2000.0,2000.0,0.024390242993831635,0.024390242993831635,-3000.0,-3000.0,-0.015463917516171932,-0.015463917516171932,0.0,0.0,0.0,0.0,0.0,0.0,0.0769396498799324,0.0769396498799324
6170,2026-09-04,0,14008.0,14008.0,0.11029921472072601,0.11029921472072601,53008.0,53008.0,0.12472470849752426,0.12472470849752426,23559.0,23559.0,0.03553393483161926,0.03553393483161926,262550.0,262550.0,0.173989400267601,0.173989400267601,86812.0,86812.0,0.03221224620938301,0.03221224620938301,0.0,0.0,0.0,0.0,3.0,3.0,0.13057778775691986,0.13057778775691986
6171,2026-09-04,0,-4000.0,-4000.0,-0.08888889104127884,-0.08888889104127884,-6000.0,-6000.0,-0.043795619159936905,-0.043795619159936905,-3000.0,-3000.0,-0.013274336233735085,-0.013274336233735085,-2000.0,-2000.0,-0.0028612304013222456,-0.0028612304013222456,2000.0,2000.0,0.0023068049922585487,0.0023068049922585487,0.0,0.0,0.0,0.0,0.0,0.0,0.04500000178813934,0.04500000178813934
6173,2026-09-04,0,488199.0,488199.0,0.026788795366883278,0.026788795366883278,1127487.0,1127487.0,0.028118284419178963,0.028118284419178963,1054849.0,1054849.0,0.01171143539249897,0.01171143539249897,3241473.0,3241473.0,0.023326830938458443,0.023326830938458443,-3526214.0,-3526214.0,-0.010277151130139828,-0.010277151130139828,3.0,3.0,0.0,0.0,4.0,4.0,10.64486026763916,10.64486026763916
6174,2026-09-04,0,86207.0,86207.0,0.27989286184310913,0.27989286184310913,-96692.0,-96692.0,-0.06818899512290955,-0.06818899512290955,-256584.0,-256584.0,-0.10034571588039398,-0.10034571588039398,-128673.0,-128673.0,-0.018905818462371826,-0.018905818462371826,27560.0,27560.0,0.0011262770276516676,0.0011262770276516676,0.0,0.0,1.0,1.0,1.0,1.0,0.6159999966621399,0.6159999966621399
6175,2026-09-04,0,491255.0,491255.0,0.39363381266593933,0.39363381266593933,161255.0,161255.0,0.057202909141778946,0.057202909141778946,-126575.0,-126575.0,-0.026012124493718147,-0.026012124493718147,-276989.0,-276989.0,-0.026111330837011337,-0.026111330837011337,-107091.0,-107091.0,-0.004695120267570019,-0.004695120267570019,0.0,0.0,1.0,1.0,1.0,1.0,0.8313248753547668,0.8313248753547668
6176,2026-09-04,0,477773.0,477773.0,0.31003665924072266,0.31003665924072266,-1153585.0,-1153585.0,-0.1911204308271408,-0.1911204308271408,-1436872.0,-1436872.0,-0.13051214814186096,-0.13051214814186096,-5182609.0,-5182609.0,-0.18312188982963562,-0.18312188982963562,-10161799.0,-10161799.0,-0.10792233794927597,-0.10792233794927597,0.0,0.0,1.0,1.0,1.0,1.0,0.4418439269065857,0.4418439269065857
6177,2026-09-04,0,578904.0,578904.0,0.18618419766426086,0.18618419766426086,1989914.0,1989914.0,0.29020991921424866,0.29020991921424866,1745290.0,1745290.0,0.20685584843158722,0.20685584843158722,2689600.0,2689600.0,0.17831747233867645,0.17831747233867645,1247375.0,1247375.0,0.028513101860880852,0.028513101860880852,2.0,2.0,0.0,0.0,2.0,2.0,0.6589032411575317,0.6589032411575317
6179,2026-09-04,0,-78307.0,-78307.0,-0.029034852981567383,-0.029034852981567383,-254015.0,-254015.0,-0.035541485995054245,-0.035541485995054245,-2194413.0,-2194413.0,-0.09942066669464111,-0.09942066669464111,1888392.0,1888392.0,0.04674237594008446,0.04674237594008446,4519172.0,4519172.0,0.07826896756887436,0.07826896756887436,0.0,0.0,0.0,0.0,0.0,0.0,1.5209391117095947,1.5209391117095947
6180,2026-09-04,0,31021.0,31021.0,0.05509946867823601,0.05509946867823601,-24095.0,-24095.0,-0.02332526631653309,-0.02332526631653309,-403566.0,-403566.0,-0.20716939866542816,-0.20716939866542816,-178133.0,-178133.0,-0.04762914404273033,-0.04762914404273033,-222254.0,-222254.0,-0.03408803790807724,-0.03408803790807724,0.0,0.0,1.0,1.0,1.0,1.0,0.3208094835281372,0.3208094835281372
6182,2026-09-04,0,2416435.0,2416435.0,0.06670627743005753,0.06670627743005753,-13121902.0,-13121902.0,-0.08693916350603104,-0.08693916350603104,-6027727.0,-6027727.0,-0.023975875228643417,-0.023975875228643417,-19749344.0,-19749344.0,-0.034927017986774445,-0.034927017986774445,-73849552.0,-73849552.0,-0.055271271616220474,-0.055271271616220474,0.0,0.0,1.0,1.0,1.0,1.0,6.102581024169922,6.102581024169922
6183,2026-09-04,0,5000.0,5000.0,0.35898908972740173,0.35898908972740173,9350.0,9350.0,0.1861659735441208,0.1861659735441208,-14650.0,-14650.0,-0.11284073442220688,-0.11284073442220688,-11660.0,-11660.0,-0.032310985028743744,-0.032310985028743744,-7674.0,-7674.0,-0.011349384672939777,-0.011349384672939777,0.0,0.0,0.0,0.0,2.0,2.0,0.009285333566367626,0.009285333566367626
6184,2026-09-04,0,1000.0,1000.0,0.005725376773625612,0.005725376773625612,-1000.0,-1000.0,-0.003132007783278823,-0.003132007783278823,-72000.0,-72000.0,-0.1264175921678543,-0.1264175921678543,-80000.0,-80000.0,-0.07964541763067245,-0.07964541763067245,-85000.0,-85000.0,-0.05498326197266579,-0.05498326197266579,0.0,0.0,0.0,0.0,2.0,2.0,0.10773056000471115,0.10773056000471115
6185,2026-09-04,0,-41000.0,-41000.0,-0.2949640154838562,-0.2949640154838562,-60000.0,-60000.0,-0.14423076808452606,-0.14423076808452606,-30310.0,-30310.0,-0.03224468231201172,-0.03224468231201172,180690.0,180690.0,0.06382550299167633,0.06382550299167633,-94770.0,-94770.0,-0.016021978110074997,-0.016021978110074997,0.0,0.0,0.0,0.0,0.0,0.0,0.09274857491254807,0.09274857491254807
6186,2026-09-04,0,-218880.0,-218880.0,-0.15064005553722382,-0.15064005553722382,-124395.0,-124395.0,-0.0556328259408474,-0.0556328259408474,-657650.0,-657650.0,-0.16836917400360107,-0.16836917400360107,-1282692.0,-1282692.0,-0.19529415667057037,-0.19529415667057037,-2632503.0,-2632503.0,-0.18394961953163147,-0.18394961953163147,0.0,0.0,0.0,0.0,0.0,0.0,0.7454814314842224,0.7454814314842224
6187,2026-09-04,0,-101815.0,-101815.0,-0.0530286468565464,-0.0530286468565464,-282713.0,-282713.0,-0.04188961163163185,-0.04188961163163185,-950635.0,-950635.0,-0.07574781030416489,-0.07574781030416489,-780238.0,-780238.0,-0.026347819715738297,-0.026347819715738297,762254.0,762254.0,0.01015580352395773,0.01015580352395773,0.0,0.0,0.0,0.0,0.0,0.0,1.9553323984146118,1.9553323984146118
6188,2026-09-04,0,125000.0,125000.0,0.37764349579811096,0.37764349579811096,-1570.0,-1570.0,-0.0006292585167102516,-0.0006292585167102516,-209806.0,-209806.0,-0.057829659432172775,-0.057829659432172775,-147513.0,-147513.0,-0.023281723260879517,-0.023281723260879517,-358631.0,-358631.0,-0.029575375840067863,-0.029575375840067863,0.0,0.0,1.0,1.0,1.0,1.0,0.11891122907400131,0.11891122907400131
6189,2026-09-04,0,120000.0,120000.0,0.45926159620285034,0.45926159620285034,294027.0,294027.0,0.38778483867645264,0.38778483867645264,369926.0,369926.0,0.26693210005760193,0.26693210005760193,508210.0,508210.0,0.16087986528873444,0.16087986528873444,1180556.0,1180556.0,0.17049598693847656,0.17049598693847656,0.0,0.0,0.0,0.0,4.0,4.0,0.09905578196048737,0.09905578196048737
6190,2026-09-04,0,-37640.0,-37640.0,-0.015762144699692726,-0.015762144699692726,-1954345.0,-1954345.0,-0.21261368691921234,-0.21261368691921234,-1429521.0,-1429521.0,-0.1034310832619667,-0.1034310832619667,1118669.0,1118669.0,0.046273794025182724,0.046273794025182724,1556998.0,1556998.0,0.044548023492097855,0.044548023492097855,0.0,0.0,0.0,0.0,0.0,0.0,1.2802913188934326,1.2802913188934326
6191,2026-09-04,0,196491.0,196491.0,0.22348102927207947,0.22348102927207947,-314816.0,-314816.0,-0.08372723311185837,-0.08372723311185837,-319382.0,-319382.0,-0.044530950486660004,-0.044530950486660004,339241.0,339241.0,0.022858262062072754,0.022858262062072754,1564766.0,1564766.0,0.045517709106206894,0.045517709106206894,2.0,2.0,1.0,1.0,1.0,1.0,0.176091268658638,0.176091268658638
6192,2026-09-04,0,-34130.0,-34130.0,-0.2178047150373459,-0.2178047150373459,-112660.0,-112660.0,-0.21541067957878113,-0.21541067957878113,-137409.0,-137409.0,-0.1484886258840561,-0.1484886258840561,-196251.0,-196251.0,-0.13677114248275757,-0.13677114248275757,-529234.0,-529234.0,-0.13006888329982758,-0.13006888329982758,0.0,0.0,0.0,0.0,0.0,0.0,0.16296474635601044,0.16296474635601044
6194,2026-09-04,0,0.0,0.0,0.0,0.0,-10000.0,-10000.0,-0.07751937955617905,-0.07751937955617905,2000.0,2000.0,0.01092896144837141,0.01092896144837141,8000.0,8000.0,0.02469135820865631,0.02469135820865631,-15000.0,-15000.0,-0.018915509805083275,-0.018915509805083275,0.0,0.0,0.0,0.0,0.0,0.0,0.07083333283662796,0.07083333283662796
6195,2026-09-04,0,-1000.0,-1000.0,-0.023255813866853714,-0.023255813866853714,-1000.0,-1000.0,-0.014705882407724857,-0.014705882407724857,-2000.0,-2000.0,-0.023255813866853714,-0.023255813866853714,-2000.0,-2000.0,-0.014492753893136978,-0.014492753893136978,15000.0,15000.0,0.01963350735604763,0.01963350735604763,0.0,0.0,0.0,0.0,0.0,0.0,0.08566941320896149,0.08566941320896149
6196,2026-09-04,0,-10462.0,-10462.0,-0.004421106539666653,-0.004421106539666653,830311.0,830311.0,0.132863387465477,0.132863387465477,1497481.0,1497481.0,0.17383596301078796,0.17383596301078796,1408437.0,1408437.0,0.104395791888237,0.104395791888237,2196179.0,2196179.0,0.09088027477264404,0.09088027477264404,0.0,0.0,0.0,0.0,0.0,0.0,1.0740166902542114,1.0740166902542114
6197,2026-09-04,0,135416.0,135416.0,0.042945075780153275,0.042945075780153275,-2619540.0,-2619540.0,-0.2074277698993683,-0.2074277698993683,-2579202.0,-2579202.0,-0.16546319425106049,-0.16546319425106049,-2530940.0,-2530940.0,-0.11994625627994537,-0.11994625627994537,-1944902.0,-1944902.0,-0.058300264179706573,-0.058300264179706573,0.0,0.0,1.0,1.0,1.0,1.0,2.5828022956848145,2.5828022956848145
6198,2026-09-04,0,0.0,0.0,0.0,0.0,4000.0,4000.0,0.07407407462596893,0.07407407462596893,5000.0,5000.0,0.07246376574039459,0.07246376574039459,6000.0,6000.0,0.020066889002919197,0.020066889002919197,1000.0,1000.0,0.001485884073190391,0.001485884073190391,0.0,0.0,0.0,0.0,0.0,0.0,0.003500576363876462,0.003500576363876462
6199,2026-09-04,0,-50000.0,-50000.0,-0.01861504092812538,-0.01861504092812538,17097.0,17097.0,0.003164938883855939,0.003164938883855939,-48903.0,-48903.0,-0.007487827446311712,-0.007487827446311712,252097.0,252097.0,0.024258757010102272,0.024258757010102272,535026.0,535026.0,0.03298354148864746,0.03298354148864746,0.0,0.0,0.0,0.0,0.0,0.0,4.34909200668335,4.34909200668335
6201,2026-09-04,0,-5000.0,-5000.0,-0.15020427107810974,-0.15020427107810974,-9000.0,-9000.0,-0.15341083705425262,-0.15341083705425262,-21000.0,-21000.0,-0.14122678339481354,-0.14122678339481354,-9000.0,-9000.0,-0.039802227169275284,-0.039802227169275284,-19000.0,-19000.0,-0.03359876200556755,-0.03359876200556755,0.0,0.0,0.0,0.0,0.0,0.0,0.037318386137485504,0.037318386137485504
6202,2026-09-04,0,395238.0,395238.0,0.3913491666316986,0.3913491666316986,466919.0,466919.0,0.16719135642051697,0.16719135642051697,1015949.0,1015949.0,0.1941884309053421,0.1941884309053421,1478900.0,1478900.0,0.137681782245636,0.137681782245636,2653341.0,2653341.0,0.08325246721506119,0.08325246721506119,0.0,0.0,0.0,0.0,4.0,4.0,0.4383631646633148,0.4383631646633148
6203,2026-09-04,0,-7000.0,-7000.0,-0.3181818127632141,-0.3181818127632141,33000.0,33000.0,0.18232044577598572,0.18232044577598572,43942.0,43942.0,0.14946258068084717,0.14946258068084717,45353.0,45353.0,0.07713095098733902,0.07713095098733902,-70436.0,-70436.0,-0.04891388863325119,-0.04891388863325119,0.0,0.0,0.0,0.0,0.0,0.0,0.026698585599660873,0.026698585599660873
6204,2026-09-04,0,111000.0,111000.0,0.33841463923454285,0.33841463923454285,4634.0,4634.0,0.004982795566320419,0.004982795566320419,97634.0,97634.0,0.06352244317531586,0.06352244317531586,54028.0,54028.0,0.016512224450707436,0.016512224450707436,27205.0,27205.0,0.004530391190201044,0.004530391190201044,0.0,0.0,1.0,1.0,1.0,1.0,1.4197856187820435,1.4197856187820435
6205,2026-09-04,0,13092.0,13092.0,0.05044717341661453,0.05044717341661453,-38922.0,-38922.0,-0.02086358517408371,-0.02086358517408371,-118307.0,-118307.0,-0.02429981902241707,-0.02429981902241707,-251355.0,-251355.0,-0.02799156680703163,-0.02799156680703163,-125166.0,-125166.0,-0.010408734902739525,-0.010408734902739525,0.0,0.0,1.0,1.0,1.0,1.0,0.3155786991119385,0.3155786991119385
6206,2026-09-04,0,430811.0,430811.0,0.44015011191368103,0.44015011191368103,259397.0,259397.0,0.11083494871854782,0.11083494871854782,421450.0,421450.0,0.11650243401527405,0.11650243401527405,-41633.0,-41633.0,-0.003871699096634984,-0.003871699096634984,1184445.0,1184445.0,0.026699548587203026,0.026699548587203026,0.0,0.0,1.0,1.0,1.0,1.0,0.6841647624969482,0.6841647624969482
6207,2026-09-04,0,425637.0,425637.0,0.04487001895904541,0.04487001895904541,-2528209.0,-2528209.0,-0.11046002060174942,-0.11046002060174942,-3008326.0,-3008326.0,-0.10643666982650757,-0.10643666982650757,-3292307.0,-3292307.0,-0.06900519877672195,-0.06900519877672195,-2469159.0,-2469159.0,-0.029692023992538452,-0.029692023992538452,0.0,0.0,1.0,1.0,1.0,1.0,11.892393112182617,11.892393112182617
6208,2026-09-04,0,-26000.0,-26000.0,-0.05543709918856621,-0.05543709918856621,-245960.0,-245960.0,-0.17357797920703888,-0.17357797920703888,-203232.0,-203232.0,-0.11580170691013336,-0.11580170691013336,-112932.0,-112932.0,-0.04316972568631172,-0.04316972568631172,190583.0,190583.0,0.03628769889473915,0.03628769889473915,0.0,0.0,0.0,0.0,0.0,0.0,0.4964941442012787,0.4964941442012787
6209,2026-09-04,0,508442.0,508442.0,0.04819890484213829,0.04819890484213829,642008.0,642008.0,0.010064994916319847,0.010064994916319847,913541.0,913541.0,0.008591456338763237,0.008591456338763237,-1172683.0,-1172683.0,-0.007117650471627712,-0.007117650471627712,-4646261.0,-4646261.0,-0.022345300763845444,-0.022345300763845444,0.0,0.0,1.0,1.0,1.0,1.0,5.844175815582275,5.844175815582275
6210,2026-09-04,0,1000.0,1000.0,0.20000000298023224,0.20000000298023224,8000.0,8000.0,0.47058823704719543,0.47058823704719543,6000.0,6000.0,0.19354838132858276,0.19354838132858276,6000.0,6000.0,0.0845070406794548,0.0845070406794548,9000.0,9000.0,0.0517241396009922,0.0517241396009922,0.0,0.0,0.0,0.0,3.0,3.0,0.014266149140894413,0.014266149140894413
6212,2026-09-04,0,0.0,0.0,0.0,0.0,-1000.0,-1000.0,-0.20000000298023224,-0.20000000298023224,1000.0,1000.0,0.10000000149011612,0.10000000149011612,1000.0,1000.0,0.0476190485060215,0.0476190485060215,-1000.0,-1000.0,-0.020408162847161293,-0.020408162847161293,0.0,0.0,0.0,0.0,0.0,0.0,0.0029411765281111,0.0029411765281111
6213,2026-09-04,0,-1043550.0,-1043550.0,-0.07869257032871246,-0.07869257032871246,152582.0,152582.0,0.003937062341719866,0.003937062341719866,673408.0,673408.0,0.009685746394097805,0.009685746394097805,2045053.0,2045053.0,0.009986849501729012,0.009986849501729012,19424104.0,19424104.0,0.06228954717516899,0.06228954717516899,1.0,1.0,0.0,0.0,0.0,0.0,3.6475460529327393,3.6475460529327393
6214,2026-09-04,0,298476.0,298476.0,0.18407446146011353,0.18407446146011353,-367380.0,-367380.0,-0.08040065318346024,-0.08040065318346024,385664.0,385664.0,0.05004357174038887,0.05004357174038887,907444.0,907444.0,0.05338424816727638,0.05338424816727638,2481828.0,2481828.0,0.034910451620817184,0.034910451620817184,1.0,1.0,1.0,1.0,1.0,1.0,0.5956059694290161,0.5956059694290161
6215,2026-09-04,0,-95081.0,-95081.0,-0.174205482006073,-0.174205482006073,-155730.0,-155730.0,-0.05304505676031113,-0.05304505676031113,122858.0,122858.0,0.030973922461271286,0.030973922461271286,82455.0,82455.0,0.011953684501349926,0.011953684501349926,301855.0,301855.0,0.013590059243142605,0.013590059243142605,0.0,0.0,0.0,0.0,0.0,0.0,0.6592583656311035,0.6592583656311035
6216,2026-09-04,0,-20000.0,-20000.0,-0.16626761853694916,-0.16626761853694916,-38000.0,-38000.0,-0.12932032346725464,-0.12932032346725464,-198000.0,-198000.0,-0.29170024394989014,-0.29170024394989014,-459000.0,-459000.0,-0.27975165843963623,-0.27975165843963623,-129298.0,-129298.0,-0.0452386848628521,-0.0452386848628521,0.0,0.0,0.0,0.0,0.0,0.0,0.12363080680370331,0.12363080680370331
6217,2026-09-04,0,-362585.0,-362585.0,-0.04282331466674805,-0.04282331466674805,-1630881.0,-1630881.0,-0.04288632050156593,-0.04288632050156593,-351948.0,-351948.0,-0.007433845661580563,-0.007433845661580563,-945975.0,-945975.0,-0.013948113657534122,-0.013948113657534122,-1658049.0,-1658049.0,-0.01910414732992649,-0.01910414732992649,0.0,0.0,0.0,0.0,0.0,0.0,7.223785400390625,7.223785400390625
6218,2026-09-04,0,-22851.0,-22851.0,-0.017645560204982758,-0.017645560204982758,942273.0,942273.0,0.1298433244228363,0.1298433244228363,1312824.0,1312824.0,0.1318625956773758,0.1318625956773758,2825903.0,2825903.0,0.14623042941093445,0.14623042941093445,3642398.0,3642398.0,0.13056126236915588,0.13056126236915588,0.0,0.0,0.0,0.0,0.0,0.0,2.0151877403259277,2.0151877403259277
6219,2026-09-04,0,-52000.0,-52000.0,-0.19402985274791718,-0.19402985274791718,-81000.0,-81000.0,-0.18325792253017426,-0.18325792253017426,-79000.0,-79000.0,-0.15737052261829376,-0.15737052261829376,-94000.0,-94000.0,-0.1093023270368576,-0.1093023270368576,-70000.0,-70000.0,-0.04224502295255661,-0.04224502295255661,0.0,0.0,0.0,0.0,0.0,0.0,0.2144564688205719,0.2144564688205719
6220,2026-09-04,0,-132000.0,-132000.0,-0.5593220591545105,-0.5593220591545105,-186000.0,-186000.0,-0.369047611951828,-0.369047611951828,-303999.0,-303999.0,-0.37163692712783813,-0.37163692712783813,-100949.0,-100949.0,-0.05166274309158325,-0.05166274309158325,550172.0,550172.0,0.1247272714972496,0.1247272714972496,0.0,0.0,0.0,0.0,0.0,0.0,0.16113324463367462,0.16113324463367462
6221,2026-09-04,0,-6493.0,-6493.0,-0.08116249740123749,-0.08116249740123749,507.0,507.0,0.00241428567096591,0.00241428567096591,4507.0,4507.0,0.011352645233273506,0.011352645233273506,37507.0,37507.0,0.04214269667863846,0.04214269667863846,28507.0,28507.0,0.010765483602881432,0.010765483602881432,0.0,0.0,0.0,0.0,0.0,0.0,0.04744924604892731,0.04744924604892731
6222,2026-09-04,0,-2000.0,-2000.0,-0.13333334028720856,-0.13333334028720856,-2000.0,-2000.0,-0.06896551698446274,-0.06896551698446274,2000.0,2000.0,0.03703703731298447,0.03703703731298447,8000.0,8000.0,0.0634920671582222,0.0634920671582222,5000.0,5000.0,0.021008403971791267,0.021008403971791267,0.0,0.0,0.0,0.0,0.0,0.0,0.015675803646445274,0.015675803646445274
6223,2026-09-04,0,29672.0,29672.0,0.058409448713064194,0.058409448713064194,250648.0,250648.0,0.08954912424087524,0.08954912424087524,-85883.0,-85883.0,-0.015883669257164,-0.015883669257164,111874.0,111874.0,0.009474423713982105,0.009474423713982105,-196006.0,-196006.0,-0.009563600644469261,-0.009563600644469261,0.0,0.0,0.0,0.0,3.0,3.0,0.5184662342071533,0.5184662342071533
6224,2026-09-04,0,693324.0,693324.0,0.20104342699050903,0.20104342699050903,172052.0,172052.0,0.012867643497884274,0.012867643497884274,396043.0,396043.0,0.023636190220713615,0.023636190220713615,938439.0,938439.0,0.03865034505724907,0.03865034505724907,1846742.0,1846742.0,0.054022178053855896,0.054022178053855896,0.0,0.0,1.0,1.0,1.0,1.0,4.026637077331543,4.026637077331543
6225,2026-09-04,0,5000.0,5000.0,0.08672124147415161,0.08672124147415161,0.0,0.0,0.0,0.0,43000.0,43000.0,0.11378250271081924,0.11378250271081924,75000.0,75000.0,0.05054739490151405,0.05054739490151405,107000.0,107000.0,0.029514366760849953,0.029514366760849953,0.0,0.0,1.0,1.0,1.0,1.0,0.20739568769931793,0.20739568769931793
6226,2026-09-04,0,248000.0,248000.0,0.04966747760772705,0.04966747760772705,-570320.0,-570320.0,-0.033250827342271805,-0.033250827342271805,2095380.0,2095380.0,0.022588778287172318,0.022588778287172318,8444154.0,8444154.0,0.037080273032188416,0.037080273032188416,3283001.0,3283001.0,0.00870820228010416,0.00870820228010416,0.0,0.0,1.0,1.0,1.0,1.0,4.321821212768555,4.321821212768555
6227,2026-09-04,0,-36125.0,-36125.0,-0.14927685260772705,-0.14927685260772705,131690.0,131690.0,0.11939256638288498,0.11939256638288498,-112946.0,-112946.0,-0.05042232200503349,-0.05042232200503349,-1282640.0,-1282640.0,-0.17072275280952454,-0.17072275280952454,-1566357.0,-1566357.0,-0.13048624992370605,-0.13048624992370605,0.0,0.0,0.0,0.0,0.0,0.0,0.3179533779621124,0.3179533779621124
6228,2026-08-27,0,0.0,0.0,0.0,0.0,0.0,0.0,0.0,0.0,1000.0,1000.0,0.029411764815449715,0.029411764815449715,3000.0,3000.0,0.0535714291036129,0.0535714291036129,-5000.0,-5000.0,-0.044247787445783615,-0.044247787445783615,0.0,0.0,0.0,0.0,0.0,0.0,0.01034482754766941,0.01034482754766941
6229,2026-09-04,0,-3000.0,-3000.0,-0.1034482792019844,-0.1034482792019844,2000.0,2000.0,0.019417475908994675,0.019417475908994675,5000.0,5000.0,0.032258063554763794,0.032258063554763794,18000.0,18000.0,0.04522613063454628,0.04522613063454628,25000.0,25000.0,0.02590673603117466,0.02590673603117466,0.0,0.0,0.0,0.0,0.0,0.0,0.07185207307338715,0.07185207307338715
6230,2026-09-04,0,11000.0,11000.0,0.2616617977619171,0.2616617977619171,0.0,0.0,0.0,0.0,14000.0,14000.0,0.0778288021683693,0.0778288021683693,69101.0,69101.0,0.22138389945030212,0.22138389945030212,26881.0,26881.0,0.029783688485622406,0.029783688485622406,0.0,0.0,1.0,1.0,1.0,1.0,0.048688147217035294,0.048688147217035294
6231,2026-09-04,0,36225.0,36225.0,0.3449999988079071,0.3449999988079071,-69450.0,-69450.0,-0.168567955493927,-0.168567955493927,9010.0,9010.0,0.012444751337170601,0.012444751337170601,77957.0,77957.0,0.048300497233867645,0.048300497233867645,-51974.0,-51974.0,-0.01374609861522913,-0.01374609861522913,0.0,0.0,1.0,1.0,1.0,1.0,0.22999994456768036,0.22999994456768036
6233,2026-09-04,0,-10000.0,-10000.0,-0.10869564861059189,-0.10869564861059189,-41000.0,-41000.0,-0.1474820077419281,-0.1474820077419281,2000.0,2000.0,0.0033444815780967474,0.0033444815780967474,47000.0,47000.0,0.037660256028175354,0.037660256028175354,-56880.0,-56880.0,-0.02142372913658619,-0.02142372913658619,0.0,0.0,0.0,0.0,0.0,0.0,0.11361967027187347,0.11361967027187347
6234,2026-09-04,0,102806.0,102806.0,0.3532852232456207,0.3532852232456207,68856.0,68856.0,0.11475999653339386,0.11475999653339386,94273.0,94273.0,0.09170525521039963,0.09170525521039963,380633.0,380633.0,0.1687951236963272,0.1687951236963272,616805.0,616805.0,0.10133152455091476,0.10133152455091476,0.0,0.0,1.0,1.0,1.0,1.0,0.2898799180984497,0.2898799180984497
6235,2026-09-04,0,-1683.0,-1683.0,-0.007102075032889843,-0.007102075032889843,208511.0,208511.0,0.25027066469192505,0.25027066469192505,345929.0,345929.0,0.24732373654842377,0.24732373654842377,592435.0,592435.0,0.20387673377990723,0.20387673377990723,1060765.0,1060765.0,0.15375865995883942,0.15375865995883942,0.0,0.0,0.0,0.0,0.0,0.0,0.11854203045368195,0.11854203045368195
6236,2026-09-01,0,0.0,0.0,0.0,0.0,0.0,0.0,0.0,0.0,0.0,0.0,0.0,0.0,0.0,0.0,0.0,0.0,0.0,0.0,0.0,0.0,0.0,0.0,0.0,0.0,0.0,0.0,0.004801454953849316,0.004801454953849316
6237,2026-09-04,0,46000.0,46000.0,0.2598870098590851,0.2598870098590851,-166999.0,-166999.0,-0.13274960219860077,-0.13274960219860077,-165861.0,-165861.0,-0.11116688698530197,-0.11116688698530197,-39458.0,-39458.0,-0.01860348880290985,-0.01860348880290985,6541.0,6541.0,0.0017373174196109176,0.0017373174196109176,0.0,0.0,1.0,1.0,1.0,1.0,0.22223514318466187,0.22223514318466187
6239,2026-09-04,0,-927418.0,-927418.0,-0.09720776975154877,-0.09720776975154877,-3538688.0,-3538688.0,-0.13016492128372192,-0.13016492128372192,-5953393.0,-5953393.0,-0.10232754796743393,-0.10232754796743393,-7648622.0,-7648622.0,-0.05210205540060997,-0.05210205540060997,-19933348.0,-19933348.0,-0.07035057246685028,-0.07035057246685028,1.0,1.0,0.0,0.0,0.0,0.0,1.2567499876022339,1.2567499876022339
6240,2026-09-04,0,0.0,0.0,0.0,0.0,4000.0,4000.0,0.004036326892673969,0.004036326892673969,-5000.0,-5000.0,-0.003465003566816449,-0.003465003566816449,-1000.0,-1000.0,-0.0005534034571610391,-0.0005534034571610391,-12000.0,-12000.0,-0.00563115905970335,-0.00563115905970335,0.0,0.0,0.0,0.0,0.0,0.0,2.330832004547119,2.330832004547119
6241,2026-09-04,0,-24000.0,-24000.0,-0.5454545617103577,-0.5454545617103577,-61000.0,-61000.0,-0.4357142746448517,-0.4357142746448517,-123000.0,-123000.0,-0.3306451737880707,-0.3306451737880707,-328791.0,-328791.0,-0.23154295980930328,-0.23154295980930328,-402598.0,-402598.0,-0.08450839668512344,-0.08450839668512344,0.0,0.0,0.0,0.0,0.0,0.0,0.09663178771734238,0.09663178771734238
6242,2026-09-04,0,0.0,0.0,0.0,0.0,2000.0,2000.0,0.25,0.25,2000.0,2000.0,0.11764705926179886,0.11764705926179886,2000.0,2000.0,0.05882352963089943,0.05882352963089943,5000.0,5000.0,0.049504950642585754,0.049504950642585754,0.0,0.0,0.0,0.0,0.0,0.0,0.003144011367112398,0.003144011367112398
6243,2026-09-04,0,36038.0,36038.0,0.09731951355934143,0.09731951355934143,4649.0,4649.0,0.00380954728461802,0.00380954728461802,-50720.0,-50720.0,-0.021536991000175476,-0.021536991000175476,18452.0,18452.0,0.0024017994292080402,0.0024017994292080402,-998191.0,-998191.0,-0.035200927406549454,-0.035200927406549454,0.0,0.0,1.0,1.0,1.0,1.0,0.8180152177810669,0.8180152177810669
6244,2026-09-04,0,109545.0,109545.0,0.07544421404600143,0.07544421404600143,-574029.0,-574029.0,-0.10608556866645813,-0.10608556866645813,-1257225.0,-1257225.0,-0.15281695127487183,-0.15281695127487183,-625763.0,-625763.0,-0.033663079142570496,-0.033663079142570496,4685136.0,4685136.0,0.10952465236186981,0.10952465236186981,0.0,0.0,1.0,1.0,1.0,1.0,0.37515321373939514,0.37515321373939514
6245,2026-09-04,0,116000.0,116000.0,0.29591837525367737,0.29591837525367737,-558511.0,-558511.0,-0.3456132411956787,-0.3456132411956787,-1261993.0,-1261993.0,-0.3997443914413452,-0.3997443914413452,-1351631.0,-1351631.0,-0.2586853504180908,-0.2586853504180908,-987341.0,-987341.0,-0.07161910831928253,-0.07161910831928253,0.0,0.0,1.0,1.0,1.0,1.0,0.26737913489341736,0.26737913489341736
6246,2026-09-04,0,1000.0,1000.0,0.05000000074505806,0.05000000074505806,12000.0,12000.0,0.02637362666428089,0.02637362666428089,18000.0,18000.0,0.036437246948480606,0.036437246948480606,7000.0,7000.0,0.012216405011713505,0.012216405011713505,37000.0,37000.0,0.02358189970254898,0.02358189970254898,0.0,0.0,0.0,0.0,1.0,1.0,0.05283818393945694,0.05283818393945694
6248,2026-09-04,0,-5000.0,-5000.0,-0.08620689809322357,-0.08620689809322357,-8000.0,-8000.0,-0.024539876729249954,-0.024539876729249954,-7000.0,-7000.0,-0.01799485832452774,-0.01799485832452774,-107000.0,-107000.0,-0.09410730004310608,-0.09410730004310608,-2000.0,-2000.0,-0.0010198878590017557,-0.0010198878590017557,0.0,0.0,0.0,0.0,0.0,0.0,0.05802544578909874,0.05802544578909874
6257,2026-09-04,0,-2040429.0,-2040429.0,-0.3507033586502075,-0.3507033586502075,-10356200.0,-10356200.0,-0.364902138710022,-0.364902138710022,-14103039.0,-14103039.0,-0.2445918321609497,-0.2445918321609497,-14003252.0,-14003252.0,-0.1598435938358307,-0.1598435938358307,-17854240.0,-17854240.0,-0.12500399351119995,-0.12500399351119995,1.0,1.0,0.0,0.0,0.0,0.0,1.202305555343628,1.202305555343628
6259,2026-09-04,0,207999.0,207999.0,0.5060802698135376,0.5060802698135376,-78654.0,-78654.0,-0.08017736673355103,-0.08017736673355103,-190620.0,-190620.0,-0.10485148429870605,-0.10485148429870605,95765.0,95765.0,0.024404944851994514,0.024404944851994514,-68057.0,-68057.0,-0.005647415295243263,-0.005647415295243263,0.0,0.0,1.0,1.0,1.0,1.0,1.4649196863174438,1.4649196863174438
6261,2026-09-04,0,25100.0,25100.0,0.04817658290266991,0.04817658290266991,14099.0,14099.0,0.009221059270203114,0.009221059270203114,161245.0,161245.0,0.06465316563844681,0.06465316563844681,93608.0,93608.0,0.01649770885705948,0.01649770885705948,848146.0,848146.0,0.09500907361507416,0.09500907361507416,0.0,0.0,0.0,0.0,2.0,2.0,0.4054538309574127,0.4054538309574127
6263,2026-09-04,0,22972.0,22972.0,0.1767076849937439,0.1767076849937439,209760.0,209760.0,0.2416589856147766,0.2416589856147766,308310.0,308310.0,0.29168400168418884,0.29168400168418884,457436.0,457436.0,0.30783042311668396,0.30783042311668396,868860.0,868860.0,0.33913350105285645,0.33913350105285645,0.0,0.0,0.0,0.0,18.0,18.0,0.20799678564071655,0.20799678564071655
6264,2026-09-04,0,0.0,0.0,0.0,0.0,0.0,0.0,0.0,0.0,0.0,0.0,0.0,0.0,-1000.0,-1000.0,-0.004651162773370743,-0.004651162773370743,-1000.0,-1000.0,-0.0026525198481976986,-0.0026525198481976986,0.0,0.0,0.0,0.0,0.0,0.0,0.01980121247470379,0.01980121247470379
6265,2026-09-04,0,-420900.0,-420900.0,-0.15372534096240997,-0.15372534096240997,-1448995.0,-1448995.0,-0.19480976462364197,-0.19480976462364197,-2420226.0,-2420226.0,-0.1808568239212036,-0.1808568239212036,-4770349.0,-4770349.0,-0.11140729486942291,-0.11140729486942291,2440812.0,2440812.0,0.017806658521294594,0.017806658521294594,0.0,0.0,0.0,0.0,0.0,0.0,2.3169586658477783,2.3169586658477783
6266,2026-09-04,0,-19590.0,-19590.0,-0.13417808711528778,-0.13417808711528778,-54590.0,-54590.0,-0.16198812425136566,-0.16198812425136566,-83590.0,-83590.0,-0.1562429964542389,-0.1562429964542389,-53590.0,-53590.0,-0.05332338437438011,-0.05332338437438011,109961.0,109961.0,0.05304437875747681,0.05304437875747681,0.0,0.0,0.0,0.0,0.0,0.0,0.09488428384065628,0.09488428384065628
6269,2026-09-04,0,-37825.0,-37825.0,-0.0050680371932685375,-0.0050680371932685375,-2841389.0,-2841389.0,-0.10256170481443405,-0.10256170481443405,-6983397.0,-6983397.0,-0.07793822139501572,-0.07793822139501572,1101025.0,1101025.0,0.008026705123484135,0.008026705123484135,2589443.0,2589443.0,0.014283654280006886,0.014283654280006886,0.0,0.0,0.0,0.0,0.0,0.0,2.304730176925659,2.304730176925659
6270,2026-09-04,0,21220.0,21220.0,0.25261905789375305,0.25261905789375305,-48837.0,-48837.0,-0.1078079491853714,-0.1078079491853714,25387.0,25387.0,0.03169413283467293,0.03169413283467293,140004.0,140004.0,0.10028939694166183,0.10028939694166183,672336.0,672336.0,0.19030173122882843,0.19030173122882843,0.0,0.0,1.0,1.0,1.0,1.0,0.11643096059560776,0.11643096059560776
6271,2026-09-04,0,4342944.0,4342944.0,0.2824767827987671,0.2824767827987671,3587052.0,3587052.0,0.14805245399475098,0.14805245399475098,6521817.0,6521817.0,0.16434122622013092,0.16434122622013092,5472031.0,5472031.0,0.08739177882671356,0.08739177882671356,7991233.0,7991233.0,0.08054248988628387,0.08054248988628387,1.0,1.0,1.0,1.0,1.0,1.0,7.354186534881592,7.354186534881592
6274,2026-09-04,0,1025403.0,1025403.0,0.18317309021949768,0.18317309021949768,1161061.0,1161061.0,0.08711442351341248,0.08711442351341248,2816051.0,2816051.0,0.11297644674777985,0.11297644674777985,-136698.0,-136698.0,-0.002599859144538641,-0.002599859144538641,-3285816.0,-3285816.0,-0.03480331599712372,-0.03480331599712372,0.0,0.0,0.0,0.0,6.0,6.0,1.9382758140563965,1.9382758140563965
6275,2026-09-04,0,-49000.0,-49000.0,-0.03251492977142334,-0.03251492977142334,-41000.0,-41000.0,-0.02275249734520912,-0.02275249734520912,-83000.0,-83000.0,-0.03394683077931404,-0.03394683077931404,-126113.0,-126113.0,-0.028251120820641518,-0.028251120820641518,-527451.0,-527451.0,-0.07363548874855042,-0.07363548874855042,0.0,0.0,0.0,0.0,0.0,0.0,1.8780087232589722,1.8780087232589722
6276,2026-09-04,0,-3000.0,-3000.0,-0.1764705926179886,-0.1764705926179886,-2000.0,-2000.0,-0.03333333507180214,-0.03333333507180214,-3000.0,-3000.0,-0.02857142873108387,-0.02857142873108387,-11000.0,-11000.0,-0.04661016911268234,-0.04661016911268234,-19000.0,-19000.0,-0.03380782902240753,-0.03380782902240753,0.0,0.0,0.0,0.0,0.0,0.0,0.07712198793888092,0.07712198793888092
6277,2026-09-04,0,10000.0,10000.0,0.04314938932657242,0.04314938932657242,94266.0,94266.0,0.12821190059185028,0.12821190059185028,12536.0,12536.0,0.011678865179419518,0.011678865179419518,-51915.0,-51915.0,-0.02127072960138321,-0.02127072960138321,2223451.0,2223451.0,0.20529499650001526,0.20529499650001526,0.0,0.0,0.0,0.0,3.0,3.0,0.19398237764835358,0.19398237764835358
6278,2026-09-04,0,-498539.0,-498539.0,-0.1152772605419159,-0.1152772605419159,676709.0,676709.0,0.06680677831172943,0.06680677831172943,536094.0,536094.0,0.03022300824522972,0.03022300824522972,-5567060.0,-5567060.0,-0.0758853405714035,-0.0758853405714035,-1816012.0,-1816012.0,-0.012637406587600708,-0.012637406587600708,3.0,3.0,0.0,0.0,0.0,0.0,1.4790421724319458,1.4790421724319458
6279,2026-09-04,0,-214200.0,-214200.0,-0.4656521677970886,-0.4656521677970886,-638740.0,-638740.0,-0.24853695929050446,-0.24853695929050446,-756294.0,-756294.0,-0.20363327860832214,-0.20363327860832214,-943702.0,-943702.0,-0.17000576853752136,-0.17000576853752136,866635.0,866635.0,0.05801934748888016,0.05801934748888016,0.0,0.0,0.0,0.0,0.0,0.0,0.38650351762771606,0.38650351762771606
6281,2026-09-04,0,-8000.0,-8000.0,-0.16197611391544342,-0.16197611391544342,-3000.0,-3000.0,-0.03434223309159279,-0.03434223309159279,-7000.0,-7000.0,-0.037895601242780685,-0.037895601242780685,-11000.0,-11000.0,-0.03357681632041931,-0.03357681632041931,-15000.0,-15000.0,-0.022761449217796326,-0.022761449217796326,0.0,0.0,0.0,0.0,0.0,0.0,0.049801889806985855,0.049801889806985855
6282,2026-09-04,0,529798.0,529798.0,0.11654157191514969,0.11654157191514969,-1189375.0,-1189375.0,-0.08690031617879868,-0.08690031617879868,-1029699.0,-1029699.0,-0.044324226677417755,-0.044324226677417755,-2972899.0,-2972899.0,-0.05788867548108101,-0.05788867548108101,-10876751.0,-10876751.0,-0.07110738009214401,-0.07110738009214401,1.0,1.0,1.0,1.0,1.0,1.0,0.5310553312301636,0.5310553312301636
6283,2026-09-04,0,-7000.0,-7000.0,-0.10731587558984756,-0.10731587558984756,15000.0,15000.0,0.07207934558391571,0.07207934558391571,7000.0,7000.0,0.01688842847943306,0.01688842847943306,-67000.0,-67000.0,-0.07875940948724747,-0.07875940948724747,-104000.0,-104000.0,-0.05763081833720207,-0.05763081833720207,0.0,0.0,0.0,0.0,0.0,0.0,0.04419799894094467,0.04419799894094467
6284,2026-09-04,0,409011.0,409011.0,0.38842451572418213,0.38842451572418213,-493103.0,-493103.0,-0.1551126092672348,-0.1551126092672348,-1381296.0,-1381296.0,-0.19620682299137115,-0.19620682299137115,-1297059.0,-1297059.0,-0.09647147357463837,-0.09647147357463837,-343687.0,-343687.0,-0.014676189050078392,-0.014676189050078392,1.0,1.0,1.0,1.0,1.0,1.0,0.7068046927452087,0.7068046927452087
6285,2026-09-04,0,1148676.0,1148676.0,0.3403528928756714,0.3403528928756714,1218885.0,1218885.0,0.12460555881261826,0.12460555881261826,2102844.0,2102844.0,0.10273882001638412,0.10273882001638412,3438446.0,3438446.0,0.08012036234140396,0.08012036234140396,3246701.0,3246701.0,0.03428982198238373,0.03428982198238373,0.0,0.0,1.0,1.0,1.0,1.0,0.6981107592582703,0.6981107592582703
6290,2026-09-04,0,1468974.0,1468974.0,0.2480955868959427,0.2480955868959427,1116661.0,1116661.0,0.10220217704772949,0.10220217704772949,1274953.0,1274953.0,0.05904200300574303,0.05904200300574303,-761762.0,-761762.0,-0.013345515355467796,-0.013345515355467796,-767874.0,-767874.0,-0.00913124717772007,-0.00913124717772007,0.0,0.0,0.0,0.0,2.0,2.0,3.4937398433685303,3.4937398433685303
6291,2026-09-04,0,-138849.0,-138849.0,-0.051635924726724625,-0.051635924726724625,-644119.0,-644119.0,-0.07079008966684341,-0.07079008966684341,-534922.0,-534922.0,-0.05149422585964203,-0.05149422585964203,-875637.0,-875637.0,-0.05866521596908569,-0.05866521596908569,-1200483.0,-1200483.0,-0.05925677344202995,-0.05925677344202995,1.0,1.0,0.0,0.0,0.0,0.0,6.40238094329834,6.40238094329834
6292,2026-09-04,0,76000.0,76000.0,0.5277777910232544,0.5277777910232544,76807.0,76807.0,0.22007736563682556,0.22007736563682556,30781.0,30781.0,0.0527975969016552,0.0527975969016552,-39587.0,-39587.0,-0.02720756083726883,-0.02720756083726883,161282.0,161282.0,0.02393973618745804,0.02393973618745804,0.0,0.0,1.0,1.0,1.0,1.0,0.3090081512928009,0.3090081512928009
6294,2026-09-04,0,1000.0,1000.0,0.25,0.25,19000.0,19000.0,0.4318181872367859,0.4318181872367859,16000.0,16000.0,0.2711864411830902,0.2711864411830902,15000.0,15000.0,0.1515151560306549,0.1515151560306549,49000.0,49000.0,0.09760956466197968,0.09760956466197968,0.0,0.0,0.0,0.0,3.0,3.0,0.015356792137026787,0.015356792137026787
6405,2026-09-04,0,10960.0,10960.0,0.0168385598808527,0.0168385598808527,-401813.0,-401813.0,-0.10807107388973236,-0.10807107388973236,-385813.0,-385813.0,-0.08985570818185806,-0.08985570818185806,-711690.0,-711690.0,-0.1003311276435852,-0.1003311276435852,-377038.0,-377038.0,-0.036177538335323334,-0.036177538335323334,0.0,0.0,1.0,1.0,1.0,1.0,0.9891899824142456,0.9891899824142456
6409,2026-09-04,0,2023.0,2023.0,0.006142979953438044,0.006142979953438044,-272871.0,-272871.0,-0.24841910600662231,-0.24841910600662231,-304260.0,-304260.0,-0.1649615317583084,-0.1649615317583084,-245709.0,-245709.0,-0.06581923365592957,-0.06581923365592957,-331358.0,-331358.0,-0.03333260118961334,-0.03333260118961334,2.0,2.0,1.0,1.0,1.0,1.0,0.37315091490745544,0.37315091490745544
6411,2026-09-04,0,76105.0,76105.0,0.31710416078567505,0.31710416078567505,-1895.0,-1895.0,-0.0019160768715664744,-0.0019160768715664744,3580.0,3580.0,0.002615047385916114,0.002615047385916114,91733.0,91733.0,0.03464237228035927,0.03464237228035927,-82287.0,-82287.0,-0.012486646883189678,-0.012486646883189678,0.0,0.0,1.0,1.0,1.0,1.0,0.24118655920028687,0.24118655920028687
6412,2026-09-04,0,92000.0,92000.0,0.13916894793510437,0.13916894793510437,-266318.0,-266318.0,-0.15323306620121002,-0.15323306620121002,-364690.0,-364690.0,-0.115524522960186,-0.115524522960186,217498.0,217498.0,0.038828637450933456,0.038828637450933456,844003.0,844003.0,0.0723394826054573,0.0723394826054573,2.0,2.0,1.0,1.0,1.0,1.0,0.16494958102703094,0.16494958102703094
6414,2026-09-04,0,396673.0,396673.0,0.2861323356628418,0.2861323356628418,90687.0,90687.0,0.027280578389763832,0.027280578389763832,-17281.0,-17281.0,-0.0029822213109582663,-0.0029822213109582663,-568680.0,-568680.0,-0.054917771369218826,-0.054917771369218826,-3902953.0,-3902953.0,-0.1011345237493515,-0.1011345237493515,0.0,0.0,1.0,1.0,1.0,1.0,0.9502784609794617,0.9502784609794617
6415,2026-09-04,0,-164134.0,-164134.0,-0.07160428911447525,-0.07160428911447525,365497.0,365497.0,0.029216529801487923,0.029216529801487923,17227.0,17227.0,0.000742014090064913,0.000742014090064913,-163154.0,-163154.0,-0.003985635470598936,-0.003985635470598936,1889730.0,1889730.0,0.02512466348707676,0.02512466348707676,0.0,0.0,0.0,0.0,0.0,0.0,0.5893426537513733,0.5893426537513733
6416,2026-09-04,0,325000.0,325000.0,0.5944814085960388,0.5944814085960388,110853.0,110853.0,0.07235542684793472,0.07235542684793472,54793.0,54793.0,0.02491542138159275,0.02491542138159275,135146.0,135146.0,0.031686775386333466,0.031686775386333466,489686.0,489686.0,0.03902258723974228,0.03902258723974228,0.0,0.0,1.0,1.0,1.0,1.0,0.7453394532203674,0.7453394532203674
6417,2026-09-04,0,3000.0,3000.0,0.0810810774564743,0.0810810774564743,-46000.0,-46000.0,-0.35384616255760193,-0.35384616255760193,-63950.0,-63950.0,-0.3016509413719177,-0.3016509413719177,-102926.0,-102926.0,-0.2774285674095154,-0.2774285674095154,-133091.0,-133091.0,-0.14280150830745697,-0.14280150830745697,0.0,0.0,1.0,1.0,1.0,1.0,0.08752425014972687,0.08752425014972687
6418,2026-09-04,0,9000.0,9000.0,0.1267605572938919,0.1267605572938919,6000.0,6000.0,0.015037594363093376,0.015037594363093376,-9000.0,-9000.0,-0.007894736714661121,-0.007894736714661121,49000.0,49000.0,0.013845719397068024,0.013845719397068024,140000.0,140000.0,0.032429929822683334,0.032429929822683334,0.0,0.0,1.0,1.0,1.0,1.0,0.2056659460067749,0.2056659460067749
6419,2026-09-04,0,50607.0,50607.0,0.21626922488212585,0.21626922488212585,-23253.0,-23253.0,-0.030198700726032257,-0.030198700726032257,-71484.0,-71484.0,-0.06731073558330536,-0.06731073558330536,-77770.0,-77770.0,-0.03651173785328865,-0.03651173785328865,164886.0,164886.0,0.020464938133955002,0.020464938133955002,0.0,0.0,1.0,1.0,1.0,1.0,1.778227686882019,1.778227686882019
6423,2026-09-04,0,6000.0,6000.0,0.1875,0.1875,45500.0,45500.0,0.1358208954334259,0.1358208954334259,72530.0,72530.0,0.1864524483680725,0.1864524483680725,136530.0,136530.0,0.24644404649734497,0.24644404649734497,316530.0,316530.0,0.2828686237335205,0.2828686237335205,0.0,0.0,1.0,1.0,1.0,1.0,0.10317255556583405,0.10317255556583405
6425,2026-09-04,0,8150.0,8150.0,0.0354347825050354,0.0354347825050354,-196780.0,-196780.0,-0.15266098082065582,-0.15266098082065582,-1251280.0,-1251280.0,-0.2619384527206421,-0.2619384527206421,-1200839.0,-1200839.0,-0.17819246649742126,-0.17819246649742126,-1439575.0,-1439575.0,-0.15348917245864868,-0.15348917245864868,0.0,0.0,1.0,1.0,1.0,1.0,0.45253095030784607,0.45253095030784607
6426,2026-09-04,0,-146575.0,-146575.0,-0.04506978392601013,-0.04506978392601013,578692.0,578692.0,0.05999530106782913,0.05999530106782913,846265.0,846265.0,0.06511712074279785,0.06511712074279785,1134562.0,1134562.0,0.041690658777952194,0.041690658777952194,985080.0,985080.0,0.02101368084549904,0.02101368084549904,0.0,0.0,0.0,0.0,0.0,0.0,8.445243835449219,8.445243835449219
6431,2026-09-04,0,0.0,0.0,0.0,0.0,-2000.0,-2000.0,-0.0049137272872030735,-0.0049137272872030735,0.0,0.0,0.0,0.0,6000.0,6000.0,0.005991043522953987,0.005991043522953987,8000.0,8000.0,0.0036055671516805887,0.0036055671516805887,0.0,0.0,0.0,0.0,0.0,0.0,0.21150150895118713,0.21150150895118713
6435,2026-09-04,0,91874.0,91874.0,0.38602522015571594,0.38602522015571594,30296.0,30296.0,0.0365893729031086,0.0365893729031086,31435.0,31435.0,0.01589231565594673,0.01589231565594673,-192539.0,-192539.0,-0.032100532203912735,-0.032100532203912735,-1061406.0,-1061406.0,-0.08242649585008621,-0.08242649585008621,0.0,0.0,1.0,1.0,1.0,1.0,0.6353223323822021,0.6353223323822021
6438,2026-09-04,0,16692.0,16692.0,0.03816579282283783,0.03816579282283783,333124.0,333124.0,0.09129786491394043,0.09129786491394043,606705.0,606705.0,0.1272173523902893,0.1272173523902893,1136867.0,1136867.0,0.18201515078544617,0.18201515078544617,1611267.0,1611267.0,0.18598243594169617,0.18598243594169617,0.0,0.0,1.0,1.0,1.0,1.0,0.5320211052894592,0.5320211052894592
6441,2026-09-04,0,6000.0,6000.0,0.2142857164144516,0.2142857164144516,2000.0,2000.0,0.036363635212183,0.036363635212183,30000.0,30000.0,0.2097902148962021,0.2097902148962021,38000.0,38000.0,0.14022140204906464,0.14022140204906464,-17001.0,-17001.0,-0.008387272246181965,-0.008387272246181965,0.0,0.0,1.0,1.0,1.0,1.0,0.05251467600464821,0.05251467600464821
6442,2026-09-04,0,-467559.0,-467559.0,-0.11670657992362976,-0.11670657992362976,29986.0,29986.0,0.0017613798845559359,0.0017613798845559359,516102.0,516102.0,0.0230864230543375,0.0230864230543375,692351.0,692351.0,0.020187169313430786,0.020187169313430786,-234184.0,-234184.0,-0.0036629519890993834,-0.0036629519890993834,3.0,3.0,0.0,0.0,0.0,0.0,4.9798264503479,4.9798264503479
6443,2026-09-04,0,652874.0,652874.0,0.21063204109668732,0.21063204109668732,-932551.0,-932551.0,-0.09474842250347137,-0.09474842250347137,-1484053.0,-1484053.0,-0.07803580909967422,-0.07803580909967422,-98237.0,-98237.0,-0.002428250852972269,-0.002428250852972269,2383725.0,2383725.0,0.031252142041921616,0.031252142041921616,0.0,0.0,1.0,1.0,1.0,1.0,0.6044490337371826,0.6044490337371826
6446,2026-09-04,0,-754957.0,-754957.0,-0.21640098094940186,-0.21640098094940186,-1377780.0,-1377780.0,-0.1334141194820404,-0.1334141194820404,-3142475.0,-3142475.0,-0.11436871439218521,-0.11436871439218521,-2729577.0,-2729577.0,-0.05671536922454834,-0.05671536922454834,-1217705.0,-1217705.0,-0.013778848573565483,-0.013778848573565483,1.0,1.0,0.0,0.0,0.0,0.0,0.8258544206619263,0.8258544206619263
6449,2026-09-04,0,572584.0,572584.0,0.3618462085723877,0.3618462085723877,128392.0,128392.0,0.0396389402449131,0.0396389402449131,117956.0,117956.0,0.01932554319500923,0.01932554319500923,-1668890.0,-1668890.0,-0.10728735476732254,-0.10728735476732254,-2530929.0,-2530929.0,-0.10026804357767105,-0.10026804357767105,0.0,0.0,1.0,1.0,1.0,1.0,1.7222793102264404,1.7222793102264404
6451,2026-09-04,0,-89609.0,-89609.0,-0.017814084887504578,-0.017814084887504578,-4264406.0,-4264406.0,-0.14582599699497223,-0.14582599699497223,-4681452.0,-4681452.0,-0.12206786870956421,-0.12206786870956421,-3390727.0,-3390727.0,-0.05120116472244263,-0.05120116472244263,-4492042.0,-4492042.0,-0.04454430937767029,-0.04454430937767029,0.0,0.0,0.0,0.0,0.0,0.0,4.48816442489624,4.48816442489624
6456,2026-09-04,0,82855.0,82855.0,0.048584338277578354,0.048584338277578354,-802490.0,-802490.0,-0.09537577629089355,-0.09537577629089355,-2312215.0,-2312215.0,-0.1216546818614006,-0.1216546818614006,368197.0,368197.0,0.008252197876572609,0.008252197876572609,4019667.0,4019667.0,0.04377500340342522,0.04377500340342522,0.0,0.0,1.0,1.0,1.0,1.0,0.5046416521072388,0.5046416521072388
6461,2026-09-01,0,-16000.0,-16000.0,-0.12403100728988647,-0.12403100728988647,-45001.0,-45001.0,-0.11250250041484833,-0.11250250041484833,-19001.0,-19001.0,-0.03166833147406578,-0.03166833147406578,-190001.0,-190001.0,-0.15728560090065002,-0.15728560090065002,-206001.0,-206001.0,-0.08887014538049698,-0.08887014538049698,0.0,0.0,0.0,0.0,0.0,0.0,0.07232897728681564,0.07232897728681564
6462,2026-09-04,0,161249.0,161249.0,0.32509878277778625,0.32509878277778625,97586.0,97586.0,0.08132166415452957,0.08132166415452957,216686.0,216686.0,0.119386225938797,0.119386225938797,437627.0,437627.0,0.11331615597009659,0.11331615597009659,744478.0,744478.0,0.09240139275789261,0.09240139275789261,0.0,0.0,1.0,1.0,1.0,1.0,0.5435571670532227,0.5435571670532227
6464,2026-09-04,0,-4000.0,-4000.0,-0.10755869001150131,-0.10755869001150131,-5000.0,-5000.0,-0.1174977645277977,-0.1174977645277977,-21000.0,-21000.0,-0.2838681638240814,-0.2838681638240814,-15000.0,-15000.0,-0.013629511930048466,-0.013629511930048466,-92000.0,-92000.0,-0.029883557930588722,-0.029883557930588722,0.0,0.0,0.0,0.0,0.0,0.0,0.027766911312937737,0.027766911312937737
6465,2026-09-04,0,7000.0,7000.0,0.10144927352666855,0.10144927352666855,-74000.0,-74000.0,-0.2371794879436493,-0.2371794879436493,-90000.0,-90000.0,-0.12430939078330994,-0.12430939078330994,-91969.0,-91969.0,-0.05895448848605156,-0.05895448848605156,-158475.0,-158475.0,-0.05535277724266052,-0.05535277724266052,0.0,0.0,1.0,1.0,1.0,1.0,0.11680327355861664,0.11680327355861664
6469,2026-09-04,0,23163.0,23163.0,0.13312068581581116,0.13312068581581116,13428.0,13428.0,0.02001192234456539,0.02001192234456539,-318819.0,-318819.0,-0.2016565501689911,-0.2016565501689911,-818229.0,-818229.0,-0.27512744069099426,-0.27512744069099426,-1597720.0,-1597720.0,-0.23266637325286865,-0.23266637325286865,0.0,0.0,0.0,0.0,2.0,2.0,0.10936225950717926,0.10936225950717926
6470,2026-09-04,0,4000.0,4000.0,0.190476194024086,0.190476194024086,1000.0,1000.0,0.013333333656191826,0.013333333656191826,27000.0,27000.0,0.17419354617595673,0.17419354617595673,97000.0,97000.0,0.26795580983161926,0.26795580983161926,115000.0,115000.0,0.1857835203409195,0.1857835203409195,0.0,0.0,1.0,1.0,1.0,1.0,0.05571163818240166,0.05571163818240166
6472,2026-09-04,0,21613.0,21613.0,0.06652405112981796,0.06652405112981796,-179304.0,-179304.0,-0.11358533799648285,-0.11358533799648285,-830787.0,-830787.0,-0.23855462670326233,-0.23855462670326233,-2803370.0,-2803370.0,-0.2137223184108734,-0.2137223184108734,-2240895.0,-2240895.0,-0.09261519461870193,-0.09261519461870193,0.0,0.0,1.0,1.0,1.0,1.0,0.254304975271225,0.254304975271225
6477,2026-09-04,0,-20090.0,-20090.0,-0.03564660623669624,-0.03564660623669624,-410814.0,-410814.0,-0.19679778814315796,-0.19679778814315796,-772919.0,-772919.0,-0.18279996514320374,-0.18279996514320374,-357916.0,-357916.0,-0.02405206859111786,-0.02405206859111786,-3006188.0,-3006188.0,-0.057798828929662704,-0.057798828929662704,0.0,0.0,0.0,0.0,0.0,0.0,0.45528778433799744,0.45528778433799744
6482,2026-09-04,0,0.0,0.0,0.0,0.0,0.0,0.0,0.0,0.0,-1000.0,-1000.0,-0.012820512987673283,-0.012820512987673283,-22000.0,-22000.0,-0.06010929122567177,-0.06010929122567177,-33000.0,-33000.0,-0.06133829057216644,-0.06133829057216644,0.0,0.0,0.0,0.0,0.0,0.0,0.038415249437093735,0.038415249437093735
6485,2026-09-04,0,48000.0,48000.0,0.16961130499839783,0.16961130499839783,21504.0,21504.0,0.028406869620084763,0.028406869620084763,-74466.0,-74466.0,-0.06584084779024124,-0.06584084779024124,66689.0,66689.0,0.029586955904960632,0.029586955904960632,-125522.0,-125522.0,-0.023913506418466568,-0.023913506418466568,0.0,0.0,1.0,1.0,1.0,1.0,0.5974687337875366,0.5974687337875366
6486,2026-09-04,0,-40980.0,-40980.0,-0.08179640769958496,-0.08179640769958496,-55476.0,-55476.0,-0.016211573034524918,-0.016211573034524918,-54410.0,-54410.0,-0.015172895044088364,-0.015172895044088364,40158.0,40158.0,0.010105183348059654,0.010105183348059654,120924.0,120924.0,0.02674718014895916,0.02674718014895916,0.0,0.0,0.0,0.0,0.0,0.0,0.9844127297401428,0.9844127297401428
6488,2026-09-04,0,1471742.0,1471742.0,0.1822139471769333,0.1822139471769333,-845440.0,-845440.0,-0.0378696545958519,-0.0378696545958519,1168540.0,1168540.0,0.025839505717158318,0.025839505717158318,-3962231.0,-3962231.0,-0.042294926941394806,-0.042294926941394806,-8277186.0,-8277186.0,-0.042596302926540375,-0.042596302926540375,2.0,2.0,1.0,1.0,1.0,1.0,1.6893470287322998,1.6893470287322998
6491,2026-09-04,0,10000.0,10000.0,0.04807484149932861,0.04807484149932861,87504.0,87504.0,0.07838957011699677,0.07838957011699677,573642.0,573642.0,0.16959644854068756,0.16959644854068756,715071.0,715071.0,0.1606379896402359,0.1606379896402359,1578811.0,1578811.0,0.18366633355617523,0.18366633355617523,0.0,0.0,0.0,0.0,2.0,2.0,0.26667821407318115,0.26667821407318115
6492,2026-09-04,0,76829.0,76829.0,0.2676968574523926,0.2676968574523926,12314.0,12314.0,0.01712656393647194,0.01712656393647194,-37407.0,-37407.0,-0.030313614755868912,-0.030313614755868912,590231.0,590231.0,0.16725163161754608,0.16725163161754608,1565814.0,1565814.0,0.20554134249687195,0.20554134249687195,0.0,0.0,1.0,1.0,1.0,1.0,0.24977454543113708,0.24977454543113708
6494,2026-09-04,0,29050.0,29050.0,0.23240000009536743,0.23240000009536743,84050.0,84050.0,0.22473262250423431,0.22473262250423431,95151.0,95151.0,0.18089543282985687,0.18089543282985687,102151.0,102151.0,0.09841136634349823,0.09841136634349823,195058.0,195058.0,0.07447804510593414,0.07447804510593414,0.0,0.0,0.0,0.0,4.0,4.0,0.3960748612880707,0.3960748612880707
6496,2026-09-03,0,0.0,0.0,0.0,0.0,0.0,0.0,0.0,0.0,0.0,0.0,0.0,0.0,0.0,0.0,0.0,0.0,0.0,0.0,0.0,0.0,0.0,0.0,0.0,0.0,0.0,0.0,0.01691681705415249,0.01691681705415249
6498,2026-09-04,0,53000.0,53000.0,0.3557046949863434,0.3557046949863434,149000.0,149000.0,0.1619565188884735,0.1619565188884735,132000.0,132000.0,0.11518324911594391,0.11518324911594391,140041.0,140041.0,0.07677686214447021,0.07677686214447021,148920.0,148920.0,0.05401523411273956,0.05401523411273956,0.0,0.0,1.0,1.0,1.0,1.0,0.3159129321575165,0.3159129321575165
6499,2026-09-04,0,-19900.0,-19900.0,-0.07896825671195984,-0.07896825671195984,-57876.0,-57876.0,-0.04822999984025955,-0.04822999984025955,-586606.0,-586606.0,-0.1959271878004074,-0.1959271878004074,-554039.0,-554039.0,-0.09324116259813309,-0.09324116259813309,-894590.0,-894590.0,-0.09672288596630096,-0.09672288596630096,0.0,0.0,0.0,0.0,0.0,0.0,0.2599414885044098,0.2599414885044098
6504,2026-09-04,0,-9000.0,-9000.0,-0.40051621198654175,-0.40051621198654175,3960.0,3960.0,0.05381019786000252,0.05381019786000252,2960.0,2960.0,0.023595809936523438,0.023595809936523438,-3040.0,-3040.0,-0.01712714694440365,-0.01712714694440365,-45000.0,-45000.0,-0.09032861888408661,-0.09032861888408661,0.0,0.0,0.0,0.0,0.0,0.0,0.030951790511608124,0.030951790511608124
6505,2026-09-04,0,-1903940.0,-1903940.0,-0.1271257996559143,-0.1271257996559143,-17575442.0,-17575442.0,-0.20599165558815002,-0.20599165558815002,-9924084.0,-9924084.0,-0.07468906044960022,-0.07468906044960022,-23100280.0,-23100280.0,-0.10196009278297424,-0.10196009278297424,-17297976.0,-17297976.0,-0.039451997727155685,-0.039451997727155685,2.0,2.0,0.0,0.0,0.0,0.0,0.15722109377384186,0.15722109377384186
6506,2026-09-04,0,8000.0,8000.0,0.08695652335882187,0.08695652335882187,66000.0,66000.0,0.20624999701976776,0.20624999701976776,74000.0,74000.0,0.18546365201473236,0.18546365201473236,62000.0,62000.0,0.10580204427242279,0.10580204427242279,36000.0,36000.0,0.025974025949835777,0.025974025949835777,0.0,0.0,0.0,0.0,4.0,4.0,0.11170358955860138,0.11170358955860138
6508,2026-09-04,0,-1000.0,-1000.0,-0.05882352963089943,-0.05882352963089943,1000.0,1000.0,0.03846153989434242,0.03846153989434242,0.0,0.0,0.0,0.0,6010.0,6010.0,0.036646340042352676,0.036646340042352676,-3960.0,-3960.0,-0.007689320482313633,-0.007689320482313633,0.0,0.0,0.0,0.0,0.0,0.0,0.019644353538751602,0.019644353538751602
6509,2026-09-04,0,-268620.0,-268620.0,-0.33661654591560364,-0.33661654591560364,-216220.0,-216220.0,-0.08028963953256607,-0.08028963953256607,-622220.0,-622220.0,-0.15168698132038116,-0.15168698132038116,-1181285.0,-1181285.0,-0.1514856368303299,-0.1514856368303299,-644794.0,-644794.0,-0.038610417395830154,-0.038610417395830154,1.0,1.0,0.0,0.0,0.0,0.0,0.40601733326911926,0.40601733326911926
6510,2026-09-04,0,-381396.0,-381396.0,-0.31313300132751465,-0.31313300132751465,-1584512.0,-1584512.0,-0.3307267725467682,-0.3307267725467682,-1733216.0,-1733216.0,-0.26546424627304077,-0.26546424627304077,-1713539.0,-1713539.0,-0.2145947366952896,-0.2145947366952896,-2108201.0,-2108201.0,-0.16302204132080078,-0.16302204132080078,0.0,0.0,0.0,0.0,0.0,0.0,3.71465802192688,3.71465802192688
6512,2026-09-04,0,0.0,0.0,0.0,0.0,0.0,0.0,0.0,0.0,0.0,0.0,0.0,0.0,0.0,0.0,0.0,0.0,0.0,0.0,0.0,0.0,0.0,0.0,0.0,0.0,0.0,0.0,0.01979414001107216,0.01979414001107216
6515,2026-09-04,0,-243544.0,-243544.0,-0.3537431061267853,-0.3537431061267853,-759768.0,-759768.0,-0.30272209644317627,-0.30272209644317627,-762508.0,-762508.0,-0.2254389375448227,-0.2254389375448227,-482281.0,-482281.0,-0.09533155709505081,-0.09533155709505081,245518.0,245518.0,0.027755456045269966,0.027755456045269966,1.0,1.0,0.0,0.0,0.0,0.0,1.9104173183441162,1.9104173183441162
6516,2026-09-04,0,1000.0,1000.0,0.02500000037252903,0.02500000037252903,0.0,0.0,0.0,0.0,-12000.0,-12000.0,-0.08888889104127884,-0.08888889104127884,-53000.0,-53000.0,-0.15727002918720245,-0.15727002918720245,-57000.0,-57000.0,-0.07702703028917313,-0.07702703028917313,0.0,0.0,0.0,0.0,2.0,2.0,0.07100138068199158,0.07100138068199158
6517,2026-09-04,0,226769.0,226769.0,0.33947455883026123,0.33947455883026123,-52099.0,-52099.0,-0.01903507485985756,-0.01903507485985756,-242884.0,-242884.0,-0.06183401122689247,-0.06183401122689247,814893.0,814893.0,0.07523015141487122,0.07523015141487122,1338451.0,1338451.0,0.06907421350479126,0.06907421350479126,0.0,0.0,1.0,1.0,1.0,1.0,2.184501886367798,2.184501886367798
6523,2026-09-04,0,2000.0,2000.0,0.07407407462596893,0.07407407462596893,21025.0,21025.0,0.2336111068725586,0.2336111068725586,26025.0,26025.0,0.22630435228347778,0.22630435228347778,27025.0,27025.0,0.15991124510765076,0.15991124510765076,67025.0,67025.0,0.14730769395828247,0.14730769395828247,0.0,0.0,0.0,0.0,8.0,8.0,0.05993656814098358,0.05993656814098358
6525,2026-09-04,0,42780.0,42780.0,0.05525140091776848,0.05525140091776848,-394711.0,-394711.0,-0.12750215828418732,-0.12750215828418732,-342178.0,-342178.0,-0.06411072611808777,-0.06411072611808777,74559.0,74559.0,0.006092246621847153,0.006092246621847153,-2163986.0,-2163986.0,-0.059077829122543335,-0.059077829122543335,0.0,0.0,0.0,0.0,2.0,2.0,0.5999959111213684,0.5999959111213684
6526,2026-09-04,0,9867.0,9867.0,0.026851098984479904,0.026851098984479904,-401332.0,-401332.0,-0.09394568204879761,-0.09394568204879761,-415475.0,-415475.0,-0.08367252349853516,-0.08367252349853516,-175388.0,-175388.0,-0.02695239521563053,-0.02695239521563053,180736.0,180736.0,0.018724141642451286,0.018724141642451286,0.0,0.0,0.0,0.0,2.0,2.0,0.21937839686870575,0.21937839686870575
6527,2026-09-04,0,0.0,0.0,0.0,0.0,-1000.0,-1000.0,-0.03448275849223137,-0.03448275849223137,2000.0,2000.0,0.03773584961891174,0.03773584961891174,-1000.0,-1000.0,-0.007692307699471712,-0.007692307699471712,-3000.0,-3000.0,-0.008333333767950535,-0.008333333767950535,0.0,0.0,0.0,0.0,0.0,0.0,0.03927953541278839,0.03927953541278839
6530,2026-09-04,0,-156000.0,-156000.0,-0.0597243495285511,-0.0597243495285511,-795666.0,-795666.0,-0.05248456448316574,-0.05248456448316574,-916602.0,-916602.0,-0.04161454737186432,-0.04161454737186432,-815693.0,-815693.0,-0.027397071942687035,-0.027397071942687035,-1148308.0,-1148308.0,-0.026413671672344208,-0.026413671672344208,0.0,0.0,0.0,0.0,0.0,0.0,7.739259243011475,7.739259243011475
6531,2026-09-04,0,-443077.0,-443077.0,-0.15341810882091522,-0.15341810882091522,-1562593.0,-1562593.0,-0.10986050963401794,-0.10986050963401794,-1615399.0,-1615399.0,-0.07618723064661026,-0.07618723064661026,-928110.0,-928110.0,-0.025025496259331703,-0.025025496259331703,3332089.0,3332089.0,0.04826437681913376,0.04826437681913376,2.0,2.0,0.0,0.0,0.0,0.0,1.7734708786010742,1.7734708786010742
6532,2026-09-04,0,-213030.0,-213030.0,-0.24346286058425903,-0.24346286058425903,426461.0,426461.0,0.12665905058383942,0.12665905058383942,639444.0,639444.0,0.09635985642671585,0.09635985642671585,932864.0,932864.0,0.10305611789226532,0.10305611789226532,539167.0,539167.0,0.036227036267519,0.036227036267519,0.0,0.0,0.0,0.0,0.0,0.0,2.3367514610290527,2.3367514610290527
6533,2026-09-04,0,-217174.0,-217174.0,-0.26770490407943726,-0.26770490407943726,86880.0,86880.0,0.02146213687956333,0.02146213687956333,-85852.0,-85852.0,-0.007277377415448427,-0.007277377415448427,157454.0,157454.0,0.008496096357703209,0.008496096357703209,-597071.0,-597071.0,-0.016325991600751877,-0.016325991600751877,0.0,0.0,0.0,0.0,0.0,0.0,1.6016374826431274,1.6016374826431274
6534,2026-09-04,0,7000.0,7000.0,0.33927878737449646,0.33927878737449646,16000.0,16000.0,0.14351706206798553,0.14351706206798553,-23000.0,-23000.0,-0.12891726195812225,-0.12891726195812225,-67458.0,-67458.0,-0.19475199282169342,-0.19475199282169342,-356458.0,-356458.0,-0.25355157256126404,-0.25355157256126404,0.0,0.0,0.0,0.0,3.0,3.0,0.020070038735866547,0.020070038735866547
6535,2026-09-04,0,88698.0,88698.0,0.2527008652687073,0.2527008652687073,-274894.0,-274894.0,-0.16000814735889435,-0.16000814735889435,-579882.0,-579882.0,-0.13239315152168274,-0.13239315152168274,-677210.0,-677210.0,-0.10607925802469254,-0.10607925802469254,-934538.0,-934538.0,-0.11181358993053436,-0.11181358993053436,0.0,0.0,1.0,1.0,1.0,1.0,0.20912671089172363,0.20912671089172363
6538,2026-09-04,0,1440904.0,1440904.0,0.15212246775627136,0.15212246775627136,1388904.0,1388904.0,0.13212557137012482,0.13212557137012482,2198229.0,2198229.0,0.15350760519504547,0.15350760519504547,1438721.0,1438721.0,0.0498984158039093,0.0498984158039093,1570167.0,1570167.0,0.027168339118361473,0.027168339118361473,0.0,0.0,1.0,1.0,1.0,1.0,24.9106388092041,24.9106388092041
6541,2026-09-04,0,86269.0,86269.0,0.1953112930059433,0.1953112930059433,-6166.0,-6166.0,-0.00451459689065814,-0.00451459689065814,-463166.0,-463166.0,-0.13547448813915253,-0.13547448813915253,-355283.0,-355283.0,-0.07864610850811005,-0.07864610850811005,-403780.0,-403780.0,-0.05357985571026802,-0.05357985571026802,0.0,0.0,1.0,1.0,1.0,1.0,0.16668781638145447,0.16668781638145447
6542,2026-09-04,0,0.0,0.0,0.0,0.0,-3000.0,-3000.0,-0.15000000596046448,-0.15000000596046448,8000.0,8000.0,0.07547169923782349,0.07547169923782349,4000.0,4000.0,0.0317460335791111,0.0317460335791111,7275.0,7275.0,0.0408707857131958,0.0408707857131958,0.0,0.0,0.0,0.0,0.0,0.0,0.016666416078805923,0.016666416078805923
6546,2026-09-04,0,70000.0,70000.0,0.3097345232963562,0.3097345232963562,13025.0,13025.0,0.0205118115991354,0.0205118115991354,31475.0,31475.0,0.0356859415769577,0.0356859415769577,7485.0,7485.0,0.004172240849584341,0.004172240849584341,-566774.0,-566774.0,-0.09530418366193771,-0.09530418366193771,0.0,0.0,1.0,1.0,1.0,1.0,0.3380781412124634,0.3380781412124634
6547,2026-09-04,0,-681326.0,-681326.0,-0.2123834192752838,-0.2123834192752838,-933879.0,-933879.0,-0.0992749035358429,-0.0992749035358429,-3023395.0,-3023395.0,-0.12537923455238342,-0.12537923455238342,5972571.0,5972571.0,0.07658713310956955,0.07658713310956955,9203273.0,9203273.0,0.08348018676042557,0.08348018676042557,0.0,0.0,0.0,0.0,0.0,0.0,0.9758203029632568,0.9758203029632568
6548,2026-09-04,0,406988.0,406988.0,0.11565444618463516,0.11565444618463516,-277671.0,-277671.0,-0.032441992312669754,-0.032441992312669754,-298465.0,-298465.0,-0.02355496771633625,-0.02355496771633625,212036.0,212036.0,0.007290970534086227,0.007290970534086227,2598880.0,2598880.0,0.051978640258312225,0.051978640258312225,2.0,2.0,1.0,1.0,1.0,1.0,0.3702399432659149,0.3702399432659149
6550,2026-09-04,0,-49934.0,-49934.0,-0.060518212616443634,-0.060518212616443634,-251325.0,-251325.0,-0.1056269183754921,-0.1056269183754921,-287077.0,-287077.0,-0.047414958477020264,-0.047414958477020264,-3824728.0,-3824728.0,-0.19775937497615814,-0.19775937497615814,-4009069.0,-4009069.0,-0.13164329528808594,-0.13164329528808594,0.0,0.0,0.0,0.0,0.0,0.0,0.09221208840608597,0.09221208840608597
6552,2026-09-04,0,32000.0,32000.0,0.44684624671936035,0.44684624671936035,43000.0,43000.0,0.20861127972602844,0.20861127972602844,58000.0,58000.0,0.13910306990146637,0.13910306990146637,99000.0,99000.0,0.12505953013896942,0.12505953013896942,176000.0,176000.0,0.1053154394030571,0.1053154394030571,0.0,0.0,1.0,1.0,1.0,1.0,0.08628072589635849,0.08628072589635849
6556,2026-09-04,0,0.0,0.0,0.0,0.0,4000.0,4000.0,0.20000000298023224,0.20000000298023224,0.0,0.0,0.0,0.0,-1000.0,-1000.0,-0.01315789483487606,-0.01315789483487606,-1000.0,-1000.0,-0.001700680237263441,-0.001700680237263441,0.0,0.0,0.0,0.0,0.0,0.0,0.010434783063828945,0.010434783063828945
6558,2026-09-04,0,11000.0,11000.0,0.10601489990949631,0.10601489990949631,-3000.0,-3000.0,-0.00860239751636982,-0.00860239751636982,-56000.0,-56000.0,-0.07881241291761398,-0.07881241291761398,14000.0,14000.0,0.00916556641459465,0.00916556641459465,305400.0,305400.0,0.0930541530251503,0.0930541530251503,0.0,0.0,1.0,1.0,1.0,1.0,0.11063039302825928,0.11063039302825928
6560,2026-09-04,0,0.0,0.0,0.0,0.0,2000.0,2000.0,0.07407407462596893,0.07407407462596893,8000.0,8000.0,0.12121212482452393,0.12121212482452393,6000.0,6000.0,0.03821656107902527,0.03821656107902527,-57000.0,-57000.0,-0.13411764800548553,-0.13411764800548553,0.0,0.0,0.0,0.0,0.0,0.0,0.015396594069898129,0.015396594069898129
6561,2026-09-04,0,2000.0,2000.0,0.06451612710952759,0.06451612710952759,15094.0,15094.0,0.13012069463729858,0.13012069463729858,7463.0,7463.0,0.03907329961657524,0.03907329961657524,39493.0,39493.0,0.11967575550079346,0.11967575550079346,10692.0,10692.0,0.014995792880654335,0.014995792880654335,2.0,2.0,1.0,1.0,1.0,1.0,0.03976481407880783,0.03976481407880783
6568,2026-09-04,0,-22000.0,-22000.0,-0.2650602459907532,-0.2650602459907532,-140492.0,-140492.0,-0.2951512634754181,-0.2951512634754181,-148237.0,-148237.0,-0.26283156871795654,-0.26283156871795654,-173779.0,-173779.0,-0.185265451669693,-0.185265451669693,-64485.0,-64485.0,-0.039320122450590134,-0.039320122450590134,0.0,0.0,0.0,0.0,0.0,0.0,0.26948314905166626,0.26948314905166626
6569,2026-09-04,0,-3000.0,-3000.0,-0.1111111119389534,-0.1111111119389534,-20000.0,-20000.0,-0.2298850566148758,-0.2298850566148758,-39000.0,-39000.0,-0.2565789520740509,-0.2565789520740509,-51681.0,-51681.0,-0.1524513214826584,-0.1524513214826584,-45631.0,-45631.0,-0.04321117326617241,-0.04321117326617241,0.0,0.0,0.0,0.0,0.0,0.0,0.06305354833602905,0.06305354833602905
6570,2026-09-04,0,46000.0,46000.0,0.4893617033958435,0.4893617033958435,-10916.0,-10916.0,-0.03912544623017311,-0.03912544623017311,15034.0,15034.0,0.031126294285058975,0.031126294285058975,-38769.0,-38769.0,-0.04279138892889023,-0.04279138892889023,-243402.0,-243402.0,-0.07537999749183655,-0.07537999749183655,0.0,0.0,1.0,1.0,1.0,1.0,0.25323840975761414,0.25323840975761414
6573,2026-09-04,0,1000.0,1000.0,0.005039992276579142,0.005039992276579142,-35999.0,-35999.0,-0.04848206415772438,-0.04848206415772438,-283279.0,-283279.0,-0.2037302702665329,-0.2037302702665329,-309253.0,-309253.0,-0.08173912018537521,-0.08173912018537521,-536043.0,-536043.0,-0.07535328716039658,-0.07535328716039658,0.0,0.0,1.0,1.0,1.0,1.0,0.24647778272628784,0.24647778272628784
6574,2026-09-04,0,-3405.0,-3405.0,-0.18916666507720947,-0.18916666507720947,-15795.0,-15795.0,-0.2163698673248291,-0.2163698673248291,-23595.0,-23595.0,-0.17097826302051544,-0.17097826302051544,-23816.0,-23816.0,-0.06524931639432907,-0.06524931639432907,-105844.0,-105844.0,-0.06030997261404991,-0.06030997261404991,0.0,0.0,0.0,0.0,0.0,0.0,0.08185538649559021,0.08185538649559021
6576,2026-09-04,0,-50000.0,-50000.0,-0.3012048304080963,-0.3012048304080963,-47000.0,-47000.0,-0.15161290764808655,-0.15161290764808655,-67000.0,-67000.0,-0.130859375,-0.130859375,-40935.0,-40935.0,-0.045891255140304565,-0.045891255140304565,-94859.0,-94859.0,-0.052206385880708694,-0.052206385880708694,0.0,0.0,0.0,0.0,0.0,0.0,0.1053697019815445,0.1053697019815445
6577,2026-09-04,0,1000.0,1000.0,0.03999999910593033,0.03999999910593033,-8000.0,-8000.0,-0.13114753365516663,-0.13114753365516663,-18000.0,-18000.0,-0.09000000357627869,-0.09000000357627869,31038.0,31038.0,0.074790358543396,0.074790358543396,-118885.0,-118885.0,-0.10788112878799438,-0.10788112878799438,1.0,1.0,1.0,1.0,1.0,1.0,0.04162494093179703,0.04162494093179703
6578,2026-09-04,0,2000.0,2000.0,0.007905138656497002,0.007905138656497002,62000.0,62000.0,0.15233415365219116,0.15233415365219116,70000.0,70000.0,0.15945330262184143,0.15945330262184143,60000.0,60000.0,0.09852216392755508,0.09852216392755508,82000.0,82000.0,0.08282828330993652,0.08282828330993652,0.0,0.0,0.0,0.0,5.0,5.0,0.3516726791858673,0.3516726791858673
6579,2026-09-04,0,192057.0,192057.0,0.328512579202652,0.328512579202652,-28743.0,-28743.0,-0.024570152163505554,-0.024570152163505554,-153575.0,-153575.0,-0.08567356318235397,-0.08567356318235397,-882845.0,-882845.0,-0.25134629011154175,-0.25134629011154175,-3057184.0,-3057184.0,-0.29002320766448975,-0.29002320766448975,0.0,0.0,1.0,1.0,1.0,1.0,0.3450113832950592,0.3450113832950592
6581,2026-09-04,0,4000.0,4000.0,0.2959674298763275,0.2959674298763275,-1000.0,-1000.0,-0.030604436993598938,-0.030604436993598938,-15000.0,-15000.0,-0.15621745586395264,-0.15621745586395264,-4707.0,-4707.0,-0.02254299633204937,-0.02254299633204937,-15707.0,-15707.0,-0.04048498347401619,-0.04048498347401619,0.0,0.0,1.0,1.0,1.0,1.0,0.01214603427797556,0.01214603427797556
6582,2026-09-04,0,1000.0,1000.0,0.047118693590164185,0.047118693590164185,-6000.0,-6000.0,-0.0917038545012474,-0.0917038545012474,-19000.0,-19000.0,-0.1185736209154129,-0.1185736209154129,-26000.0,-26000.0,-0.07012206315994263,-0.07012206315994263,-53066.0,-53066.0,-0.06906856596469879,-0.06906856596469879,0.0,0.0,0.0,0.0,1.0,1.0,0.019988859072327614,0.019988859072327614
6584,2026-09-04,0,-68483.0,-68483.0,-0.12428856641054153,-0.12428856641054153,-69012.0,-69012.0,-0.02672811783850193,-0.02672811783850193,187878.0,187878.0,0.023180505260825157,0.023180505260825157,206240.0,206240.0,0.014240143820643425,0.014240143820643425,-1595254.0,-1595254.0,-0.06451205164194107,-0.06451205164194107,1.0,1.0,0.0,0.0,0.0,0.0,0.7719269394874573,0.7719269394874573
6585,2026-09-04,0,82000.0,82000.0,0.5042461156845093,0.5042461156845093,34822.0,34822.0,0.08102360367774963,0.08102360367774963,-27782.0,-27782.0,-0.044801872223615646,-0.044801872223615646,-143197.0,-143197.0,-0.11063236743211746,-0.11063236743211746,323906.0,323906.0,0.07370705157518387,0.07370705157518387,0.0,0.0,1.0,1.0,1.0,1.0,0.22544144093990326,0.22544144093990326
6588,2026-09-04,0,90399.0,90399.0,0.07667429745197296,0.07667429745197296,-16481.0,-16481.0,-0.0035374544095247984,-0.0035374544095247984,-244642.0,-244642.0,-0.02900663949549198,-0.02900663949549198,-350827.0,-350827.0,-0.013472619466483593,-0.013472619466483593,-336997.0,-336997.0,-0.007165422663092613,-0.007165422663092613,0.0,0.0,1.0,1.0,1.0,1.0,3.397613763809204,3.397613763809204
6589,2026-09-04,0,3000.0,3000.0,0.008227563463151455,0.008227563463151455,167811.0,167811.0,0.18441559374332428,0.18441559374332428,-319718.0,-319718.0,-0.13321521878242493,-0.13321521878242493,-46524.0,-46524.0,-0.010165083222091198,-0.010165083222091198,2484877.0,2484877.0,0.18299216032028198,0.18299216032028198,0.0,0.0,0.0,0.0,3.0,3.0,0.11882119625806808,0.11882119625806808
6590,2026-09-04,0,5000.0,5000.0,0.2083333283662796,0.2083333283662796,5000.0,5000.0,0.1041666641831398,0.1041666641831398,6000.0,6000.0,0.0882352963089943,0.0882352963089943,8000.0,8000.0,0.06956521421670914,0.06956521421670914,3000.0,3000.0,0.014423076994717121,0.014423076994717121,0.0,0.0,0.0,0.0,1.0,1.0,0.09618298709392548,0.09618298709392548
6591,2026-09-04,0,16000.0,16000.0,0.24432703852653503,0.24432703852653503,-17000.0,-17000.0,-0.07901023328304291,-0.07901023328304291,-2000.0,-2000.0,-0.005123803857713938,-0.005123803857713938,104816.0,104816.0,0.13013523817062378,0.13013523817062378,4846.0,4846.0,0.0021633291617035866,0.0021633291617035866,0.0,0.0,1.0,1.0,1.0,1.0,0.1592462956905365,0.1592462956905365
6592,2026-09-04,0,-45000.0,-45000.0,-0.15705764293670654,-0.15705764293670654,162155.0,162155.0,0.14302195608615875,0.14302195608615875,-144125.0,-144125.0,-0.05761377140879631,-0.05761377140879631,-137758.0,-137758.0,-0.030639028176665306,-0.030639028176665306,746781.0,746781.0,0.09299586713314056,0.09299586713314056,0.0,0.0,0.0,0.0,0.0,0.0,0.03862248733639717,0.03862248733639717
6593,2026-09-04,0,5000.0,5000.0,0.0625,0.0625,65000.0,65000.0,0.2037617564201355,0.2037617564201355,88000.0,88000.0,0.1964285671710968,0.1964285671710968,104000.0,104000.0,0.19512194395065308,0.19512194395065308,125999.0,125999.0,0.15536251664161682,0.15536251664161682,0.0,0.0,1.0,1.0,1.0,1.0,0.2511252760887146,0.2511252760887146
6596,2026-09-04,0,12000.0,12000.0,0.23999999463558197,0.23999999463558197,49967.0,49967.0,0.18169818818569183,0.18169818818569183,59897.0,59897.0,0.14609023928642273,0.14609023928642273,124265.0,124265.0,0.14533917605876923,0.14533917605876923,358877.0,358877.0,0.13899186253547668,0.13899186253547668,0.0,0.0,0.0,0.0,5.0,5.0,0.1315789520740509,0.1315789520740509
6597,2026-09-04,0,0.0,0.0,0.0,0.0,0.0,0.0,0.0,0.0,0.0,0.0,0.0,0.0,4992.0,4992.0,0.034909091889858246,0.034909091889858246,4990.0,4990.0,0.02387559786438942,0.02387559786438942,0.0,0.0,0.0,0.0,0.0,0.0,0.016643228009343147,0.016643228009343147
6598,2026-09-04,0,20000.0,20000.0,0.09728288650512695,0.09728288650512695,-77001.0,-77001.0,-0.1485247015953064,-0.1485247015953064,-170810.0,-170810.0,-0.20366576313972473,-0.20366576313972473,-157270.0,-157270.0,-0.09047074615955353,-0.09047074615955353,17311.0,17311.0,0.0037602682132273912,0.0037602682132273912,0.0,0.0,1.0,1.0,1.0,1.0,0.19994930922985077,0.19994930922985077
6603,2026-09-04,0,-98850.0,-98850.0,-0.16311880946159363,-0.16311880946159363,-347675.0,-347675.0,-0.14857906103134155,-0.14857906103134155,-565425.0,-565425.0,-0.13693994283676147,-0.13693994283676147,-827440.0,-827440.0,-0.08116135001182556,-0.08116135001182556,1177470.0,1177470.0,0.028263123705983162,0.028263123705983162,0.0,0.0,0.0,0.0,0.0,0.0,0.3619143068790436,0.3619143068790436
6605,2026-09-04,0,235245.0,235245.0,0.7126778960227966,0.7126778960227966,167403.0,167403.0,0.2343880534172058,0.2343880534172058,214387.0,214387.0,0.19184090197086334,0.19184090197086334,127644.0,127644.0,0.04883117228746414,0.04883117228746414,381117.0,381117.0,0.04919189214706421,0.04919189214706421,0.0,0.0,1.0,1.0,1.0,1.0,0.199067160487175,0.199067160487175
6606,2026-09-04,0,32000.0,32000.0,0.20869338512420654,0.20869338512420654,60000.0,60000.0,0.15743815898895264,0.15743815898895264,33000.0,33000.0,0.06535999476909637,0.06535999476909637,64000.0,64000.0,0.076020248234272,0.076020248234272,155029.0,155029.0,0.061698444187641144,0.061698444187641144,0.0,0.0,1.0,1.0,1.0,1.0,0.13901154696941376,0.13901154696941376
6609,2026-09-04,0,38412.0,38412.0,0.3623773455619812,0.3623773455619812,205088.0,205088.0,0.3708643615245819,0.3708643615245819,292276.0,292276.0,0.37810608744621277,0.37810608744621277,414548.0,414548.0,0.34119176864624023,0.34119176864624023,678060.0,678060.0,0.28561919927597046,0.28561919927597046,0.0,0.0,0.0,0.0,5.0,5.0,0.1462951898574829,0.1462951898574829
6612,2026-09-04,0,-10000.0,-10000.0,-0.4545454680919647,-0.4545454680919647,-12000.0,-12000.0,-0.12903225421905518,-0.12903225421905518,-4000.0,-4000.0,-0.029411764815449715,-0.029411764815449715,4000.0,4000.0,0.011560693383216858,0.011560693383216858,30160.0,30160.0,0.04985123872756958,0.04985123872756958,0.0,0.0,0.0,0.0,0.0,0.0,0.046301573514938354,0.046301573514938354
6613,2026-09-04,0,-40880.0,-40880.0,-0.19374407827854156,-0.19374407827854156,-358840.0,-358840.0,-0.29828760027885437,-0.29828760027885437,-1351750.0,-1351750.0,-0.3091127276420593,-0.3091127276420593,-1668605.0,-1668605.0,-0.2474573701620102,-0.2474573701620102,-2359243.0,-2359243.0,-0.23123031854629517,-0.23123031854629517,0.0,0.0,0.0,0.0,0.0,0.0,0.27120304107666016,0.27120304107666016
6615,2026-09-03,0,0.0,0.0,0.0,0.0,-1000.0,-1000.0,-0.10000000149011612,-0.10000000149011612,3000.0,3000.0,0.1111111119389534,0.1111111119389534,0.0,0.0,0.0,0.0,-5000.0,-5000.0,-0.03311258181929588,-0.03311258181929588,0.0,0.0,0.0,0.0,0.0,0.0,0.009262089617550373,0.009262089617550373
6616,2026-09-04,0,0.0,0.0,0.0,0.0,0.0,0.0,0.0,0.0,0.0,0.0,0.0,0.0,0.0,0.0,0.0,0.0,0.0,0.0,0.0,0.0,0.0,0.0,0.0,0.0,0.0,0.0,0.025403296574950218,0.025403296574950218
6617,2026-09-04,0,208104.0,208104.0,0.17156141996383667,0.17156141996383667,-35646.0,-35646.0,-0.010178755037486553,-0.010178755037486553,-75979.0,-75979.0,-0.014586101286113262,-0.014586101286113262,177316.0,177316.0,0.012767569161951542,0.012767569161951542,94855.0,94855.0,0.004175874870270491,0.004175874870270491,0.0,0.0,1.0,1.0,1.0,1.0,0.9513270258903503,0.9513270258903503
6624,2026-09-04,0,0.0,0.0,0.0,0.0,-1000.0,-1000.0,-0.05882352963089943,-0.05882352963089943,-3000.0,-3000.0,-0.1428571492433548,-0.1428571492433548,-5000.0,-5000.0,-0.10869564861059189,-0.10869564861059189,-13000.0,-13000.0,-0.12745098769664764,-0.12745098769664764,0.0,0.0,0.0,0.0,0.0,0.0,0.004428799729794264,0.004428799729794264
6625,2026-09-04,0,7000.0,7000.0,0.0722692534327507,0.0722692534327507,7000.0,7000.0,0.031490396708250046,0.031490396708250046,-30000.0,-30000.0,-0.08353381603956223,-0.08353381603956223,143146.0,143146.0,0.181415393948555,0.181415393948555,197170.0,197170.0,0.11221496760845184,0.11221496760845184,0.0,0.0,1.0,1.0,1.0,1.0,0.16707925498485565,0.16707925498485565
6629,2026-09-04,0,0.0,0.0,0.0,0.0,4000.0,4000.0,0.0833333358168602,0.0833333358168602,4000.0,4000.0,0.03921568766236305,0.03921568766236305,-9000.0,-9000.0,-0.0422535203397274,-0.0422535203397274,-11000.0,-11000.0,-0.02144249528646469,-0.02144249528646469,0.0,0.0,0.0,0.0,0.0,0.0,0.010424479842185974,0.010424479842185974
6637,2026-09-04,0,0.0,0.0,0.0,0.0,14023.0,14023.0,0.25041070580482483,0.25041070580482483,8023.0,8023.0,0.055715277791023254,0.055715277791023254,-91977.0,-91977.0,-0.1622169315814972,-0.1622169315814972,-82877.0,-82877.0,-0.06889193505048752,-0.06889193505048752,0.0,0.0,0.0,0.0,0.0,0.0,0.05967922508716583,0.05967922508716583
6640,2026-09-04,0,-247171.0,-247171.0,-0.20875929296016693,-0.20875929296016693,-156403.0,-156403.0,-0.04251236841082573,-0.04251236841082573,-273787.0,-273787.0,-0.04946468025445938,-0.04946468025445938,-421031.0,-421031.0,-0.061734750866889954,-0.061734750866889954,-763448.0,-763448.0,-0.07619241625070572,-0.07619241625070572,0.0,0.0,0.0,0.0,0.0,0.0,4.151836395263672,4.151836395263672
6641,2026-09-04,0,7000.0,7000.0,0.5384615659713745,0.5384615659713745,11000.0,11000.0,0.1949041485786438,0.1949041485786438,8000.0,8000.0,0.08642855286598206,0.08642855286598206,-4000.0,-4000.0,-0.022245703265070915,-0.022245703265070915,-621632.0,-621632.0,-0.6102220416069031,-0.6102220416069031,0.0,0.0,0.0,0.0,2.0,2.0,0.0356164388358593,0.0356164388358593
6642,2026-09-04,0,80000.0,80000.0,0.3088802993297577,0.3088802993297577,69910.0,69910.0,0.11061708629131317,0.11061708629131317,81130.0,81130.0,0.07690047472715378,0.07690047472715378,206466.0,206466.0,0.10185791552066803,0.10185791552066803,940054.0,940054.0,0.11727220565080643,0.11727220565080643,0.0,0.0,0.0,0.0,2.0,2.0,0.6925196051597595,0.6925196051597595
6643,2026-09-04,0,-31780.0,-31780.0,-0.21186666190624237,-0.21186666190624237,-211901.0,-211901.0,-0.34909555315971375,-0.34909555315971375,-313363.0,-313363.0,-0.1308404952287674,-0.1308404952287674,-194176.0,-194176.0,-0.053892865777015686,-0.053892865777015686,-151684.0,-151684.0,-0.022847415879368782,-0.022847415879368782,0.0,0.0,0.0,0.0,0.0,0.0,0.3519461154937744,0.3519461154937744
6645,2026-09-04,0,4000.0,4000.0,0.11727453768253326,0.11727453768253326,15000.0,15000.0,0.2377782016992569,0.2377782016992569,15000.0,15000.0,0.10514215379953384,0.10514215379953384,21000.0,21000.0,0.08533012866973877,0.08533012866973877,2000.0,2000.0,0.005050620064139366,0.005050620064139366,0.0,0.0,0.0,0.0,1.0,1.0,0.05603964999318123,0.05603964999318123
6649,2026-09-04,0,1000.0,1000.0,0.20000000298023224,0.20000000298023224,2000.0,2000.0,0.03999999910593033,0.03999999910593033,-15000.0,-15000.0,-0.15789473056793213,-0.15789473056793213,-30000.0,-30000.0,-0.14705882966518402,-0.14705882966518402,-43000.0,-43000.0,-0.06924315541982651,-0.06924315541982651,0.0,0.0,1.0,1.0,1.0,1.0,0.011904762126505375,0.011904762126505375
6651,2026-09-04,0,9245.0,9245.0,0.08721698075532913,0.08721698075532913,-23384.0,-23384.0,-0.06513649225234985,-0.06513649225234985,94480.0,94480.0,0.09505030512809753,0.09505030512809753,245639.0,245639.0,0.09716732800006866,0.09716732800006866,347082.0,347082.0,0.06623702496290207,0.06623702496290207,0.0,0.0,1.0,1.0,1.0,1.0,0.30634474754333496,0.30634474754333496
6654,2026-09-04,0,24000.0,24000.0,0.1678321659564972,0.1678321659564972,40000.0,40000.0,0.08510638028383255,0.08510638028383255,49000.0,49000.0,0.06347150355577469,0.06347150355577469,60000.0,60000.0,0.070505291223526,0.070505291223526,59000.0,59000.0,0.052820052951574326,0.052820052951574326,0.0,0.0,0.0,0.0,4.0,4.0,0.3490979075431824,0.3490979075431824
6655,2026-09-04,0,5000.0,5000.0,0.3125,0.3125,2000.0,2000.0,0.0992211177945137,0.0992211177945137,2000.0,2000.0,0.08235536515712738,0.08235536515712738,13000.0,13000.0,0.32968148589134216,0.32968148589134216,5000.0,5000.0,0.0579380989074707,0.0579380989074707,0.0,0.0,1.0,1.0,1.0,1.0,0.019858060404658318,0.019858060404658318
6657,2026-09-04,0,-13000.0,-13000.0,-0.09271012991666794,-0.09271012991666794,-11000.0,-11000.0,-0.03907054662704468,-0.03907054662704468,11030.0,11030.0,0.022053340449929237,0.022053340449929237,46030.0,46030.0,0.055392760783433914,0.055392760783433914,134030.0,134030.0,0.07661352306604385,0.07661352306604385,0.0,0.0,0.0,0.0,0.0,0.0,0.15789343416690826,0.15789343416690826
6658,2026-09-04,0,25895.0,25895.0,0.09767680615186691,0.09767680615186691,-231992.0,-231992.0,-0.11002437025308609,-0.11002437025308609,-7880.0,-7880.0,-0.00222126767039299,-0.00222126767039299,-25723.0,-25723.0,-0.0053001148626208305,-0.0053001148626208305,-8948.0,-8948.0,-0.0011209246004000306,-0.0011209246004000306,0.0,0.0,1.0,1.0,1.0,1.0,0.7289221882820129,0.7289221882820129
6661,2026-09-04,0,0.0,0.0,0.0,0.0,0.0,0.0,0.0,0.0,0.0,0.0,0.0,0.0,0.0,0.0,0.0,0.0,0.0,0.0,0.0,0.0,0.0,0.0,0.0,0.0,0.0,0.0,0.047201693058013916,0.047201693058013916
6662,2026-09-04,0,0.0,0.0,0.0,0.0,0.0,0.0,0.0,0.0,-1000.0,-1000.0,-0.05000000074505806,-0.05000000074505806,-2000.0,-2000.0,-0.0625,-0.0625,-3000.0,-3000.0,-0.017241379246115685,-0.017241379246115685,0.0,0.0,0.0,0.0,0.0,0.0,0.0039043587166815996,0.0039043587166815996
6664,2026-09-04,0,-185750.0,-185750.0,-0.2583449184894562,-0.2583449184894562,-54346.0,-54346.0,-0.02117101661860943,-0.02117101661860943,125056.0,125056.0,0.03557780757546425,0.03557780757546425,-167694.0,-167694.0,-0.02391187846660614,-0.02391187846660614,206032.0,206032.0,0.020143918693065643,0.020143918693065643,1.0,1.0,0.0,0.0,0.0,0.0,1.1824380159378052,1.1824380159378052
6666,2026-09-04,0,2000.0,2000.0,0.06890611350536346,0.06890611350536346,-4000.0,-4000.0,-0.07238247245550156,-0.07238247245550156,-10000.0,-10000.0,-0.10638637095689774,-0.10638637095689774,-1000.0,-1000.0,-0.004390721675008535,-0.004390721675008535,7000.0,7000.0,0.011378598399460316,0.011378598399460316,0.0,0.0,1.0,1.0,1.0,1.0,0.061249684542417526,0.061249684542417526
6667,2026-09-04,0,25309.0,25309.0,0.030237754806876183,0.030237754806876183,33357.0,33357.0,0.03102976828813553,0.03102976828813553,-62693.0,-62693.0,-0.04332619160413742,-0.04332619160413742,-34693.0,-34693.0,-0.018069270998239517,-0.018069270998239517,-214035.0,-214035.0,-0.06236451119184494,-0.06236451119184494,0.0,0.0,0.0,0.0,2.0,2.0,1.6984964609146118,1.6984964609146118
6668,2026-09-04,0,-115654.0,-115654.0,-0.08171412348747253,-0.08171412348747253,-381332.0,-381332.0,-0.030862988904118538,-0.030862988904118538,-715619.0,-715619.0,-0.03938018158078194,-0.03938018158078194,120213.0,120213.0,0.0033901387359946966,0.0033901387359946966,602270.0,602270.0,0.01485515758395195,0.01485515758395195,0.0,0.0,0.0,0.0,0.0,0.0,1.3213225603103638,1.3213225603103638
6669,2026-09-04,0,-432408.0,-432408.0,-0.09914808720350266,-0.09914808720350266,-5327997.0,-5327997.0,-0.2613755464553833,-0.2613755464553833,-6097757.0,-6097757.0,-0.24234463274478912,-0.24234463274478912,-6980551.0,-6980551.0,-0.21397483348846436,-0.21397483348846436,-6942974.0,-6942974.0,-0.14710229635238647,-0.14710229635238647,0.0,0.0,0.0,0.0,0.0,0.0,2.3467581272125244,2.3467581272125244
6670,2026-09-04,0,1000.0,1000.0,0.008689003065228462,0.008689003065228462,42904.0,42904.0,0.06251411885023117,0.06251411885023117,204856.0,204856.0,0.12773720920085907,0.12773720920085907,472181.0,472181.0,0.16885395348072052,0.16885395348072052,688895.0,688895.0,0.15677738189697266,0.15677738189697266,1.0,1.0,1.0,1.0,1.0,1.0,0.0825672596693039,0.0825672596693039
6671,2026-09-04,0,-4000.0,-4000.0,-0.18099547922611237,-0.18099547922611237,-6000.0,-6000.0,-0.030402837321162224,-0.030402837321162224,-7000.0,-7000.0,-0.034246575087308884,-0.034246575087308884,-8000.0,-8000.0,-0.018436364829540253,-0.018436364829540253,17000.0,17000.0,0.015171879902482033,0.015171879902482033,0.0,0.0,0.0,0.0,0.0,0.0,0.03637859970331192,0.03637859970331192
6672,2026-09-04,0,266000.0,266000.0,0.04487299174070358,0.04487299174070358,-140787.0,-140787.0,-0.014397899620234966,-0.014397899620234966,-937852.0,-937852.0,-0.06049949303269386,-0.06049949303269386,257447.0,257447.0,0.008113391697406769,0.008113391697406769,1876131.0,1876131.0,0.019790612161159515,0.019790612161159515,0.0,0.0,1.0,1.0,1.0,1.0,8.298261642456055,8.298261642456055
6674,2026-09-04,0,1000.0,1000.0,0.02923036366701126,0.02923036366701126,-1000.0,-1000.0,-0.021181505173444748,-0.021181505173444748,2000.0,2000.0,0.025056062266230583,0.025056062266230583,13000.0,13000.0,0.026172054931521416,0.026172054931521416,-2000.0,-2000.0,-0.0019276384264230728,-0.0019276384264230728,0.0,0.0,1.0,1.0,1.0,1.0,0.049906156957149506,0.049906156957149506
6679,2026-09-04,0,-162452.0,-162452.0,-0.249542236328125,-0.249542236328125,-201312.0,-201312.0,-0.16420228779315948,-0.16420228779315948,-118199.0,-118199.0,-0.06466028094291687,-0.06466028094291687,-149827.0,-149827.0,-0.05526632070541382,-0.05526632070541382,-183553.0,-183553.0,-0.03965283930301666,-0.03965283930301666,0.0,0.0,0.0,0.0,0.0,0.0,1.1841673851013184,1.1841673851013184
6680,2026-09-04,0,0.0,0.0,0.0,0.0,-1000.0,-1000.0,-0.09090909361839294,-0.09090909361839294,-1000.0,-1000.0,-0.0714285746216774,-0.0714285746216774,-1000.0,-1000.0,-0.02500000037252903,-0.02500000037252903,0.0,0.0,0.0,0.0,0.0,0.0,0.0,0.0,0.0,0.0,0.021013515070080757,0.021013515070080757
6683,2026-09-04,0,-234021.0,-234021.0,-0.1867685616016388,-0.1867685616016388,-99557.0,-99557.0,-0.025698760524392128,-0.025698760524392128,-23815.0,-23815.0,-0.005199781619012356,-0.005199781619012356,-274590.0,-274590.0,-0.036680471152067184,-0.036680471152067184,-338966.0,-338966.0,-0.024120543152093887,-0.024120543152093887,0.0,0.0,0.0,0.0,0.0,0.0,4.54765510559082,4.54765510559082
6684,2026-09-04,0,5000.0,5000.0,0.1428571492433548,0.1428571492433548,-13000.0,-13000.0,-0.05829596519470215,-0.05829596519470215,12000.0,12000.0,0.037974681705236435,0.037974681705236435,37000.0,37000.0,0.058544304221868515,0.058544304221868515,321494.0,321494.0,0.1873508095741272,0.1873508095741272,0.0,0.0,1.0,1.0,1.0,1.0,0.0785466730594635,0.0785466730594635
6689,2026-09-04,0,43000.0,43000.0,0.4363621473312378,0.4363621473312378,1000.0,1000.0,0.003475818783044815,0.003475818783044815,32000.0,32000.0,0.06393644958734512,0.06393644958734512,68015.0,68015.0,0.07148134708404541,0.07148134708404541,82775.0,82775.0,0.04224132373929024,0.04224132373929024,0.0,0.0,1.0,1.0,1.0,1.0,0.14491470158100128,0.14491470158100128
6690,2026-09-04,0,-3950.0,-3950.0,-0.09634146094322205,-0.09634146094322205,-15523.0,-15523.0,-0.15218627452850342,-0.15218627452850342,-19523.0,-19523.0,-0.13191215693950653,-0.13191215693950653,42685.0,42685.0,0.13380877673625946,0.13380877673625946,66336.0,66336.0,0.10821533203125,0.10821533203125,0.0,0.0,0.0,0.0,0.0,0.0,0.13666793704032898,0.13666793704032898
6691,2026-09-04,0,-159601.0,-159601.0,-0.22638696432113647,-0.22638696432113647,-577286.0,-577286.0,-0.31136250495910645,-0.31136250495910645,-500839.0,-500839.0,-0.17409060895442963,-0.17409060895442963,-1006104.0,-1006104.0,-0.1606501191854477,-0.1606501191854477,-4152788.0,-4152788.0,-0.2949817478656769,-0.2949817478656769,1.0,1.0,0.0,0.0,0.0,0.0,0.5803014039993286,0.5803014039993286
6692,2026-09-04,0,4000.0,4000.0,0.2222222238779068,0.2222222238779068,3000.0,3000.0,0.0810810774564743,0.0810810774564743,2000.0,2000.0,0.03333333507180214,0.03333333507180214,1000.0,1000.0,0.007874015718698502,0.007874015718698502,33000.0,33000.0,0.0901639312505722,0.0901639312505722,0.0,0.0,1.0,1.0,1.0,1.0,0.03058941289782524,0.03058941289782524
6693,2026-09-04,0,-604355.0,-604355.0,-0.2977118194103241,-0.2977118194103241,-1132258.0,-1132258.0,-0.2023334503173828,-0.2023334503173828,-1576683.0,-1576683.0,-0.19869981706142426,-0.19869981706142426,-1520438.0,-1520438.0,-0.1267031729221344,-0.1267031729221344,-2993384.0,-2993384.0,-0.12641513347625732,-0.12641513347625732,0.0,0.0,0.0,0.0,0.0,0.0,4.440070152282715,4.440070152282715
6695,2026-09-04,0,4247.0,4247.0,0.021232876926660538,0.021232876926660538,-298502.0,-298502.0,-0.16876141726970673,-0.16876141726970673,-442013.0,-442013.0,-0.18031182885169983,-0.18031182885169983,-572132.0,-572132.0,-0.13626238703727722,-0.13626238703727722,-863360.0,-863360.0,-0.10087980329990387,-0.10087980329990387,0.0,0.0,1.0,1.0,1.0,1.0,0.18785162270069122,0.18785162270069122
6697,2026-09-04,0,0.0,0.0,0.0,0.0,-9000.0,-9000.0,-0.19565217196941376,-0.19565217196941376,24000.0,24000.0,0.1846153885126114,0.1846153885126114,42000.0,42000.0,0.18340611457824707,0.18340611457824707,49000.0,49000.0,0.12128712981939316,0.12128712981939316,0.0,0.0,0.0,0.0,0.0,0.0,0.021959228441119194,0.021959228441119194
6698,2026-09-04,0,14000.0,14000.0,0.19720254838466644,0.19720254838466644,53000.0,53000.0,0.10138864070177078,0.10138864070177078,132000.0,132000.0,0.17437459528446198,0.17437459528446198,160000.0,160000.0,0.11949823051691055,0.11949823051691055,135374.0,135374.0,0.04853080213069916,0.04853080213069916,0.0,0.0,1.0,1.0,1.0,1.0,0.10693366825580597,0.10693366825580597
6703,2026-09-04,0,-6000.0,-6000.0,-0.1538461595773697,-0.1538461595773697,-12000.0,-12000.0,-0.13483145833015442,-0.13483145833015442,-12000.0,-12000.0,-0.0794702023267746,-0.0794702023267746,-16739.0,-16739.0,-0.059148408472537994,-0.059148408472537994,-94154.0,-94154.0,-0.1111617460846901,-0.1111617460846901,0.0,0.0,0.0,0.0,0.0,0.0,0.10756481438875198,0.10756481438875198
6706,2026-09-04,0,48498.0,48498.0,0.03291572630405426,0.03291572630405426,-1266833.0,-1266833.0,-0.14971241354942322,-0.14971241354942322,-888180.0,-888180.0,-0.07535102218389511,-0.07535102218389511,-1459152.0,-1459152.0,-0.07049418985843658,-0.07049418985843658,-514064.0,-514064.0,-0.014483299106359482,-0.014483299106359482,0.0,0.0,1.0,1.0,1.0,1.0,1.8757737874984741,1.8757737874984741
6708,2026-09-04,0,0.0,0.0,0.0,0.0,0.0,0.0,0.0,0.0,-3000.0,-3000.0,-0.0714285746216774,-0.0714285746216774,-4000.0,-4000.0,-0.02500000037252903,-0.02500000037252903,9000.0,9000.0,0.02654867246747017,0.02654867246747017,0.0,0.0,0.0,0.0,0.0,0.0,0.010341696441173553,0.010341696441173553
6712,2026-09-04,0,47418.0,47418.0,0.3001139163970947,0.3001139163970947,97618.0,97618.0,0.1718626767396927,0.1718626767396927,-14342.0,-14342.0,-0.013594312593340874,-0.013594312593340874,-212627.0,-212627.0,-0.051923565566539764,-0.051923565566539764,-328724.0,-328724.0,-0.04849151894450188,-0.04849151894450188,0.0,0.0,1.0,1.0,1.0,1.0,0.15723136067390442,0.15723136067390442
6715,2026-09-04,0,86500.0,86500.0,0.0747927650809288,0.0747927650809288,-193780.0,-193780.0,-0.04239844158291817,-0.04239844158291817,-322637.0,-322637.0,-0.05035145953297615,-0.05035145953297615,-1098316.0,-1098316.0,-0.09304546564817429,-0.09304546564817429,-1226905.0,-1226905.0,-0.048378318548202515,-0.048378318548202515,0.0,0.0,1.0,1.0,1.0,1.0,1.723598599433899,1.723598599433899
6716,2026-09-04,0,-132159.0,-132159.0,-0.05708812177181244,-0.05708812177181244,-442132.0,-442132.0,-0.09276793897151947,-0.09276793897151947,-390407.0,-390407.0,-0.07108648866415024,-0.07108648866415024,-267807.0,-267807.0,-0.029335852712392807,-0.029335852712392807,1070003.0,1070003.0,0.056312981992959976,0.056312981992959976,0.0,0.0,0.0,0.0,0.0,0.0,7.654963970184326,7.654963970184326
6719,2026-09-04,0,162491.0,162491.0,0.3735399544239044,0.3735399544239044,119546.0,119546.0,0.09430625289678574,0.09430625289678574,-9237.0,-9237.0,-0.0036060563288629055,-0.0036060563288629055,-272220.0,-272220.0,-0.04970907047390938,-0.04970907047390938,-1001474.0,-1001474.0,-0.06413707882165909,-0.06413707882165909,0.0,0.0,1.0,1.0,1.0,1.0,0.4123876988887787,0.4123876988887787
6720,2026-09-04,0,2000.0,2000.0,0.06896551698446274,0.06896551698446274,5000.0,5000.0,0.06849315017461777,0.06849315017461777,3000.0,3000.0,0.02857142873108387,0.02857142873108387,2000.0,2000.0,0.009900989942252636,0.009900989942252636,42050.0,42050.0,0.11713092029094696,0.11713092029094696,0.0,0.0,0.0,0.0,1.0,1.0,0.09594471007585526,0.09594471007585526
6721,2026-09-04,0,-1000.0,-1000.0,-0.0117647061124444,-0.0117647061124444,0.0,0.0,0.0,0.0,1000.0,1000.0,0.0069444444961845875,0.0069444444961845875,1000.0,1000.0,0.0054054055362939835,0.0054054055362939835,0.0,0.0,0.0,0.0,0.0,0.0,0.0,0.0,0.0,0.0,0.3469387888908386,0.3469387888908386
6727,2026-09-04,0,150360.0,150360.0,0.0767926424741745,0.0767926424741745,393342.0,393342.0,0.05862026661634445,0.05862026661634445,440928.0,440928.0,0.04027475416660309,0.04027475416660309,528232.0,528232.0,0.025894995778799057,0.025894995778799057,-652509.0,-652509.0,-0.01923670433461666,-0.01923670433461666,1.0,1.0,0.0,0.0,4.0,4.0,7.28309440612793,7.28309440612793
6728,2026-09-04,0,-1000.0,-1000.0,-0.09090909361839294,-0.09090909361839294,10000.0,10000.0,0.13513512909412384,0.13513512909412384,8000.0,8000.0,0.08888889104127884,0.08888889104127884,5000.0,5000.0,0.03787878900766373,0.03787878900766373,17360.0,17360.0,0.04890140891075134,0.04890140891075134,0.0,0.0,0.0,0.0,0.0,0.0,0.0365205854177475,0.0365205854177475
6732,2026-09-04,0,-12575.0,-12575.0,-0.13818681240081787,-0.13818681240081787,-98485.0,-98485.0,-0.23337677121162415,-0.23337677121162415,-119342.0,-119342.0,-0.18220151960849762,-0.18220151960849762,-122762.0,-122762.0,-0.10062459111213684,-0.10062459111213684,-177081.0,-177081.0,-0.06941630691289902,-0.06941630691289902,0.0,0.0,0.0,0.0,0.0,0.0,0.1860460638999939,0.1860460638999939
6733,2026-09-04,0,-35000.0,-35000.0,-0.5645161271095276,-0.5645161271095276,-84000.0,-84000.0,-0.36206895112991333,-0.36206895112991333,-38000.0,-38000.0,-0.05621301755309105,-0.05621301755309105,8000.0,8000.0,0.00717488769441843,0.00717488769441843,-165000.0,-165000.0,-0.08152174204587936,-0.08152174204587936,0.0,0.0,0.0,0.0,0.0,0.0,0.04615979269146919,0.04615979269146919
6735,2026-09-04,0,5000.0,5000.0,0.05681818351149559,0.05681818351149559,-47000.0,-47000.0,-0.14242424070835114,-0.14242424070835114,-27000.0,-27000.0,-0.03862661123275757,-0.03862661123275757,43000.0,43000.0,0.0385650210082531,0.0385650210082531,213323.0,213323.0,0.09885217994451523,0.09885217994451523,0.0,0.0,1.0,1.0,1.0,1.0,0.19054922461509705,0.19054922461509705
6739,2026-09-04,0,9000.0,9000.0,0.07199999690055847,0.07199999690055847,55110.0,55110.0,0.147352933883667,0.147352933883667,74873.0,74873.0,0.09266460686922073,0.09266460686922073,-16074.0,-16074.0,-0.008735870011150837,-0.008735870011150837,5379.0,5379.0,0.001662237336859107,0.001662237336859107,0.0,0.0,0.0,0.0,5.0,5.0,0.5343592762947083,0.5343592762947083
6741,2026-09-04,0,55000.0,55000.0,0.4661017060279846,0.4661017060279846,27400.0,27400.0,0.0469982847571373,0.0469982847571373,-10975.0,-10975.0,-0.01106350775808096,-0.01106350775808096,260531.0,260531.0,0.08834554255008698,0.08834554255008698,941916.0,941916.0,0.1592419296503067,0.1592419296503067,0.0,0.0,1.0,1.0,1.0,1.0,0.09786196798086166,0.09786196798086166
6742,2026-09-04,0,51120.0,51120.0,0.14919187128543854,0.14919187128543854,-368170.0,-368170.0,-0.18715766072273254,-0.18715766072273254,-303050.0,-303050.0,-0.11017852276563644,-0.11017852276563644,-302004.0,-302004.0,-0.05598006397485733,-0.05598006397485733,23130.0,23130.0,0.002911881310865283,0.002911881310865283,0.0,0.0,1.0,1.0,1.0,1.0,0.4807855486869812,0.4807855486869812
6743,2026-09-04,0,-28000.0,-28000.0,-0.10864799469709396,-0.10864799469709396,-102000.0,-102000.0,-0.12220515310764313,-0.12220515310764313,-175281.0,-175281.0,-0.13374552130699158,-0.13374552130699158,93665.0,93665.0,0.03627025708556175,0.03627025708556175,249103.0,249103.0,0.048878833651542664,0.048878833651542664,0.0,0.0,0.0,0.0,0.0,0.0,0.171808660030365,0.171808660030365
6751,2026-09-04,0,0.0,0.0,0.0,0.0,0.0,0.0,0.0,0.0,-2000.0,-2000.0,-0.05000000074505806,-0.05000000074505806,-3000.0,-3000.0,-0.04615384712815285,-0.04615384712815285,-8000.0,-8000.0,-0.06779661029577255,-0.06779661029577255,0.0,0.0,0.0,0.0,0.0,0.0,0.0045045046135783195,0.0045045046135783195
6752,2026-09-04,0,-1000.0,-1000.0,-0.1428571492433548,-0.1428571492433548,-1000.0,-1000.0,-0.03846153989434242,-0.03846153989434242,0.0,0.0,0.0,0.0,9000.0,9000.0,0.09677419066429138,0.09677419066429138,29900.0,29900.0,0.09614147990942001,0.09614147990942001,0.0,0.0,0.0,0.0,0.0,0.0,0.01884549856185913,0.01884549856185913
6753,2026-09-04,0,-97000.0,-97000.0,-0.114874467253685,-0.114874467253685,-440263.0,-440263.0,-0.18184217810630798,-0.18184217810630798,62419.0,62419.0,0.01461245771497488,0.01461245771497488,-1716819.0,-1716819.0,-0.1086461991071701,-0.1086461991071701,-1376066.0,-1376066.0,-0.03013630583882332,-0.03013630583882332,0.0,0.0,0.0,0.0,0.0,0.0,0.7201507687568665,0.7201507687568665
6754,2026-09-04,0,1000.0,1000.0,0.47984644770622253,0.47984644770622253,3000.0,3000.0,0.26164311170578003,0.26164311170578003,0.0,0.0,0.0,0.0,-3000.0,-3000.0,-0.04683328792452812,-0.04683328792452812,-4000.0,-4000.0,-0.02236098423600197,-0.02236098423600197,0.0,0.0,0.0,0.0,3.0,3.0,0.003157575847581029,0.003157575847581029
6756,2026-09-04,0,79050.0,79050.0,0.38325971364974976,0.38325971364974976,192130.0,192130.0,0.3121780753135681,0.3121780753135681,298124.0,298124.0,0.32309821248054504,0.32309821248054504,391997.0,391997.0,0.26063302159309387,0.26063302159309387,342997.0,342997.0,0.13426294922828674,0.13426294922828674,0.0,0.0,0.0,0.0,4.0,4.0,0.2946949601173401,0.2946949601173401
6757,2026-09-04,0,-75003.0,-75003.0,-0.1903131902217865,-0.1903131902217865,757418.0,757418.0,0.42307236790657043,0.42307236790657043,1022468.0,1022468.0,0.25710704922676086,0.25710704922676086,697719.0,697719.0,0.08261087536811829,0.08261087536811829,1199466.0,1199466.0,0.05565952882170677,0.05565952882170677,0.0,0.0,0.0,0.0,0.0,0.0,0.08576219528913498,0.08576219528913498
6761,2026-09-04,0,98666.0,98666.0,0.25042131543159485,0.25042131543159485,131666.0,131666.0,0.13023343682289124,0.13023343682289124,257852.0,257852.0,0.1381843537092209,0.1381843537092209,438447.0,438447.0,0.10595625638961792,0.10595625638961792,79672.0,79672.0,0.0061656092293560505,0.0061656092293560505,0.0,0.0,0.0,0.0,9.0,9.0,1.1271355152130127,1.1271355152130127
6762,2026-09-03,0,0.0,0.0,0.0,0.0,0.0,0.0,0.0,0.0,-1829.0,-1829.0,-0.16627272963523865,-0.16627272963523865,-3829.0,-3829.0,-0.1823333352804184,-0.1823333352804184,5171.0,5171.0,0.07181944698095322,0.07181944698095322,0.0,0.0,0.0,0.0,0.0,0.0,0.0027078045532107353,0.0027078045532107353
6763,2026-09-04,0,5000.0,5000.0,0.03105590119957924,0.03105590119957924,-51000.0,-51000.0,-0.10515464097261429,-0.10515464097261429,-190619.0,-190619.0,-0.228834331035614,-0.228834331035614,-207953.0,-207953.0,-0.13975335657596588,-0.13975335657596588,-143956.0,-143956.0,-0.051689766347408295,-0.051689766347408295,1.0,1.0,1.0,1.0,1.0,1.0,0.08748139441013336,0.08748139441013336
6767,2026-09-01,0,0.0,0.0,0.0,0.0,0.0,0.0,0.0,0.0,0.0,0.0,0.0,0.0,0.0,0.0,0.0,0.0,0.0,0.0,0.0,0.0,0.0,0.0,0.0,0.0,0.0,0.0,0.010208345018327236,0.010208345018327236
6768,2026-09-04,0,25000.0,25000.0,0.14920295774936676,0.14920295774936676,58057.0,58057.0,0.10389882326126099,0.10389882326126099,45485.0,45485.0,0.018824126571416855,0.018824126571416855,186635.0,186635.0,0.04797160252928734,0.04797160252928734,78429.0,78429.0,0.008767574094235897,0.008767574094235897,0.0,0.0,0.0,0.0,3.0,3.0,0.08373869955539703,0.08373869955539703
6770,2026-09-04,0,-16245709.0,-16245709.0,-0.1905694305896759,-0.1905694305896759,-35590052.0,-35590052.0,-0.13216951489448547,-0.13216951489448547,-39952472.0,-39952472.0,-0.06354454904794693,-0.06354454904794693,-28951776.0,-28951776.0,-0.02219376526772976,-0.02219376526772976,99586016.0,99586016.0,0.024775780737400055,0.024775780737400055,0.0,0.0,0.0,0.0,0.0,0.0,1.8099339008331299,1.8099339008331299
6771,2026-09-04,0,3000.0,3000.0,0.09229349344968796,0.09229349344968796,-3000.0,-3000.0,-0.034218840301036835,-0.034218840301036835,-7000.0,-7000.0,-0.048533257097005844,-0.048533257097005844,-54000.0,-54000.0,-0.1134403720498085,-0.1134403720498085,-1000.0,-1000.0,-0.0009017229895107448,-0.0009017229895107448,0.0,0.0,1.0,1.0,1.0,1.0,0.1042511910200119,0.1042511910200119
6776,2026-09-04,0,-9000.0,-9000.0,-0.15865181386470795,-0.15865181386470795,38000.0,38000.0,0.11952241510152817,0.11952241510152817,19000.0,19000.0,0.04118455573916435,0.04118455573916435,-20079.0,-20079.0,-0.02589542232453823,-0.02589542232453823,64861.0,64861.0,0.03694158419966698,0.03694158419966698,0.0,0.0,0.0,0.0,0.0,0.0,0.0619426891207695,0.0619426891207695
6781,2026-09-04,0,80005.0,80005.0,0.22545574605464935,0.22545574605464935,70454.0,70454.0,0.0445282906293869,0.0445282906293869,256132.0,256132.0,0.08569064736366272,0.08569064736366272,375295.0,375295.0,0.05520161986351013,0.05520161986351013,1410751.0,1410751.0,0.09482007473707199,0.09482007473707199,1.0,1.0,0.0,0.0,2.0,2.0,0.4154343903064728,0.4154343903064728
6782,2026-09-04,0,-13476.0,-13476.0,-0.03431059420108795,-0.03431059420108795,-89292.0,-89292.0,-0.06417467445135117,-0.06417467445135117,-690318.0,-690318.0,-0.17493432760238647,-0.17493432760238647,-165965.0,-165965.0,-0.015961915254592896,-0.015961915254592896,215376.0,215376.0,0.01650950312614441,0.01650950312614441,0.0,0.0,0.0,0.0,0.0,0.0,0.6234365105628967,0.6234365105628967
6785,2026-09-04,0,12000.0,12000.0,0.4444444477558136,0.4444444477558136,32000.0,32000.0,0.29906541109085083,0.29906541109085083,-6000.0,-6000.0,-0.023346303030848503,-0.023346303030848503,-31000.0,-31000.0,-0.06609807908535004,-0.06609807908535004,90030.0,90030.0,0.08038392663002014,0.08038392663002014,0.0,0.0,0.0,0.0,3.0,3.0,0.040419161319732666,0.040419161319732666
6788,2026-09-04,0,-23000.0,-23000.0,-0.07958477735519409,-0.07958477735519409,-219970.0,-219970.0,-0.267929345369339,-0.267929345369339,-196568.0,-196568.0,-0.10735554248094559,-0.10735554248094559,-71292.0,-71292.0,-0.02511165849864483,-0.02511165849864483,209766.0,209766.0,0.04477395862340927,0.04477395862340927,1.0,1.0,0.0,0.0,0.0,0.0,0.7460050582885742,0.7460050582885742
6789,2026-09-04,0,-30818.0,-30818.0,-0.027258647605776787,-0.027258647605776787,-476972.0,-476972.0,-0.06778386980295181,-0.06778386980295181,-741386.0,-741386.0,-0.058919258415699005,-0.058919258415699005,-392084.0,-392084.0,-0.018444402143359184,-0.018444402143359184,295562.0,295562.0,0.009732786566019058,0.009732786566019058,0.0,0.0,0.0,0.0,0.0,0.0,0.35519325733184814,0.35519325733184814
6790,2026-09-04,0,46000.0,46000.0,0.3384169340133667,0.3384169340133667,55870.0,55870.0,0.1864701509475708,0.1864701509475708,-32030.0,-32030.0,-0.05602206662297249,-0.05602206662297249,-23389.0,-23389.0,-0.021935734897851944,-0.021935734897851944,-282632.0,-282632.0,-0.10989832133054733,-0.10989832133054733,0.0,0.0,0.0,0.0,2.0,2.0,0.05088439956307411,0.05088439956307411
6791,2026-09-04,0,0.0,0.0,0.0,0.0,0.0,0.0,0.0,0.0,-1000.0,-1000.0,-0.027027027681469917,-0.027027027681469917,11000.0,11000.0,0.130952388048172,0.130952388048172,-1000.0,-1000.0,-0.0038314175326377153,-0.0038314175326377153,0.0,0.0,0.0,0.0,0.0,0.0,0.0047968532890081406,0.0047968532890081406
6792,2026-09-04,0,-4000.0,-4000.0,-0.28510335087776184,-0.28510335087776184,-6000.0,-6000.0,-0.07259528338909149,-0.07259528338909149,-5000.0,-5000.0,-0.04575653746724129,-0.04575653746724129,48000.0,48000.0,0.20943504571914673,0.20943504571914673,68050.0,68050.0,0.12273357808589935,0.12273357808589935,0.0,0.0,0.0,0.0,0.0,0.0,0.029305284842848778,0.029305284842848778
6794,2026-09-04,0,-2000.0,-2000.0,-0.07399459928274155,-0.07399459928274155,-4000.0,-4000.0,-0.05615217238664627,-0.05615217238664627,-9000.0,-9000.0,-0.07808839529752731,-0.07808839529752731,5000.0,5000.0,0.013976162299513817,0.013976162299513817,-25000.0,-25000.0,-0.029059022665023804,-0.029059022665023804,0.0,0.0,0.0,0.0,0.0,0.0,0.04247371852397919,0.04247371852397919
6796,2026-09-04,0,6000.0,6000.0,0.13421016931533813,0.13421016931533813,-5000.0,-5000.0,-0.025009753182530403,-0.025009753182530403,6000.0,6000.0,0.016233941540122032,0.016233941540122032,-63998.0,-63998.0,-0.0852806344628334,-0.0852806344628334,-71998.0,-71998.0,-0.04696919769048691,-0.04696919769048691,0.0,0.0,1.0,1.0,1.0,1.0,0.11111506074666977,0.11111506074666977
6799,2026-09-04,0,-11000.0,-11000.0,-0.10480282455682755,-0.10480282455682755,-11000.0,-11000.0,-0.03218981623649597,-0.03218981623649597,36998.0,36998.0,0.0578385666012764,0.0578385666012764,-67706.0,-67706.0,-0.044225577265024185,-0.044225577265024185,-301453.0,-301453.0,-0.08621320128440857,-0.08621320128440857,0.0,0.0,0.0,0.0,0.0,0.0,0.24044382572174072,0.24044382572174072
6803,2026-09-04,0,-4000.0,-4000.0,-0.4000000059604645,-0.4000000059604645,31218.0,31218.0,0.3121800124645233,0.3121800124645233,25376.0,25376.0,0.14927059412002563,0.14927059412002563,23238.0,23238.0,0.0667758584022522,0.0667758584022522,-109383.0,-109383.0,-0.128837451338768,-0.128837451338768,0.0,0.0,0.0,0.0,0.0,0.0,0.013737323693931103,0.013737323693931103
6804,2026-09-04,0,-23000.0,-23000.0,-0.5,-0.5,-15000.0,-15000.0,-0.0833333358168602,-0.0833333358168602,0.0,0.0,0.0,0.0,25000.0,25000.0,0.039246466010808945,0.039246466010808945,-20000.0,-20000.0,-0.0076540373265743256,-0.0076540373265743256,0.0,0.0,0.0,0.0,0.0,0.0,0.09684210270643234,0.09684210270643234
6805,2026-09-04,0,6593.0,6593.0,0.01168410200625658,0.01168410200625658,227746.0,227746.0,0.08519165217876434,0.08519165217876434,1560144.0,1560144.0,0.1912728250026703,0.1912728250026703,1579163.0,1579163.0,0.07353030890226364,0.07353030890226364,-1248923.0,-1248923.0,-0.029969897121191025,-0.029969897121191025,0.0,0.0,0.0,0.0,6.0,6.0,0.8231056332588196,0.8231056332588196
6807,2026-09-04,0,1000.0,1000.0,0.10000000149011612,0.10000000149011612,-4000.0,-4000.0,-0.12113136798143387,-0.12113136798143387,-4000.0,-4000.0,-0.06945650279521942,-0.06945650279521942,-3000.0,-3000.0,-0.024378154426813126,-0.024378154426813126,-10000.0,-10000.0,-0.05148482322692871,-0.05148482322692871,0.0,0.0,1.0,1.0,1.0,1.0,0.018518518656492233,0.018518518656492233
6811,2026-09-04,0,4801.0,4801.0,0.12310256063938141,0.12310256063938141,-27177.0,-27177.0,-0.20905384421348572,-0.20905384421348572,-78179.0,-78179.0,-0.3257458209991455,-0.3257458209991455,-77270.0,-77270.0,-0.1687117964029312,-0.1687117964029312,-189392.0,-189392.0,-0.11354436725378036,-0.11354436725378036,0.0,0.0,1.0,1.0,1.0,1.0,0.09409153461456299,0.09409153461456299
6821,2026-09-04,0,38000.0,38000.0,0.40425533056259155,0.40425533056259155,-13000.0,-13000.0,-0.04659498110413551,-0.04659498110413551,-7000.0,-7000.0,-0.014583333395421505,-0.014583333395421505,39000.0,39000.0,0.0331914909183979,0.0331914909183979,221000.0,221000.0,0.09676007181406021,0.09676007181406021,0.0,0.0,1.0,1.0,1.0,1.0,0.28600648045539856,0.28600648045539856
6823,2026-09-04,0,8000.0,8000.0,0.11594203114509583,0.11594203114509583,-24000.0,-24000.0,-0.07619047909975052,-0.07619047909975052,1000.0,1000.0,0.001788908732123673,0.001788908732123673,-14000.0,-14000.0,-0.011484823189675808,-0.011484823189675808,-18000.0,-18000.0,-0.008075370453298092,-0.008075370453298092,0.0,0.0,1.0,1.0,1.0,1.0,0.20761920511722565,0.20761920511722565
6829,2026-09-04,0,-85564.0,-85564.0,-0.1382293999195099,-0.1382293999195099,-267307.0,-267307.0,-0.10328709334135056,-0.10328709334135056,-52786.0,-52786.0,-0.01006598025560379,-0.01006598025560379,436954.0,436954.0,0.038319215178489685,0.038319215178489685,1149471.0,1149471.0,0.049443867057561874,0.049443867057561874,0.0,0.0,0.0,0.0,0.0,0.0,1.0461559295654297,1.0461559295654297
6830,2026-09-04,0,8670.0,8670.0,0.0028420283924788237,0.0028420283924788237,190744.0,190744.0,0.013781001791357994,0.013781001791357994,271597.0,271597.0,0.014701084233820438,0.014701084233820438,-1523540.0,-1523540.0,-0.041444629430770874,-0.041444629430770874,-1008085.0,-1008085.0,-0.0182181503623724,-0.0182181503623724,1.0,1.0,1.0,1.0,1.0,1.0,5.707793712615967,5.707793712615967
6834,2026-09-04,0,1364319.0,1364319.0,0.313266396522522,0.313266396522522,1808043.0,1808043.0,0.15988950431346893,0.15988950431346893,1413029.0,1413029.0,0.09120038896799088,0.09120038896799088,887634.0,887634.0,0.031585413962602615,0.031585413962602615,259098.0,259098.0,0.0031934583093971014,0.0031934583093971014,0.0,0.0,1.0,1.0,1.0,1.0,4.922670841217041,4.922670841217041
6835,2026-09-04,0,10000.0,10000.0,0.35328197479248047,0.35328197479248047,-1000.0,-1000.0,-0.015470057725906372,-0.015470057725906372,2000.0,2000.0,0.020631955936551094,0.020631955936551094,20000.0,20000.0,0.1109243854880333,0.1109243854880333,4000.0,4000.0,0.011071346700191498,0.011071346700191498,0.0,0.0,1.0,1.0,1.0,1.0,0.042776208370923996,0.042776208370923996
6838,2026-09-04,0,29000.0,29000.0,0.13907939195632935,0.13907939195632935,212000.0,212000.0,0.2946580648422241,0.2946580648422241,190000.0,190000.0,0.2276921570301056,0.2276921570301056,176000.0,176000.0,0.15886282920837402,0.15886282920837402,80000.0,80000.0,0.046107303351163864,0.046107303351163864,0.0,0.0,0.0,0.0,3.0,3.0,0.13810968399047852,0.13810968399047852
6840,2026-09-04,0,33901.0,33901.0,0.08670332282781601,0.08670332282781601,69141.0,69141.0,0.05159776285290718,0.05159776285290718,133343.0,133343.0,0.06030891090631485,0.06030891090631485,72754.0,72754.0,0.012652869336307049,0.012652869336307049,555754.0,555754.0,0.04553867504000664,0.04553867504000664,0.0,0.0,1.0,1.0,1.0,1.0,1.2713335752487183,1.2713335752487183
6841,2026-09-04,0,39084.0,39084.0,0.23831707239151,0.23831707239151,-59866.0,-59866.0,-0.10633392632007599,-0.10633392632007599,-108866.0,-108866.0,-0.13022248446941376,-0.13022248446941376,-208522.0,-208522.0,-0.10542062669992447,-0.10542062669992447,-361013.0,-361013.0,-0.08850526809692383,-0.08850526809692383,0.0,0.0,1.0,1.0,1.0,1.0,0.17222729325294495,0.17222729325294495
6843,2026-09-04,0,2000.0,2000.0,0.1538461595773697,0.1538461595773697,6000.0,6000.0,0.15789473056793213,0.15789473056793213,2000.0,2000.0,0.03448275849223137,0.03448275849223137,0.0,0.0,0.0,0.0,-9000.0,-9000.0,-0.04568528011441231,-0.04568528011441231,0.0,0.0,0.0,0.0,3.0,3.0,0.03903435170650482,0.03903435170650482
6844,2026-09-04,0,0.0,0.0,0.0,0.0,1000.0,1000.0,0.011111111380159855,0.011111111380159855,1000.0,1000.0,0.0069444444961845875,0.0069444444961845875,-1000.0,-1000.0,-0.003921568859368563,-0.003921568859368563,0.0,0.0,0.0,0.0,0.0,0.0,0.0,0.0,0.0,0.0,0.14427532255649567,0.14427532255649567
6846,2026-09-04,0,1000.0,1000.0,0.20000000298023224,0.20000000298023224,0.0,0.0,0.0,0.0,4000.0,4000.0,0.12121212482452393,0.12121212482452393,3000.0,3000.0,0.0422535203397274,0.0422535203397274,4050.0,4050.0,0.02014925330877304,0.02014925330877304,0.0,0.0,0.0,0.0,1.0,1.0,0.01847333461046219,0.01847333461046219
6854,2026-09-04,0,-7000.0,-7000.0,-0.022806502878665924,-0.022806502878665924,-418990.0,-418990.0,-0.2648678719997406,-0.2648678719997406,-454990.0,-454990.0,-0.2018972486257553,-0.2018972486257553,-350271.0,-350271.0,-0.11453947424888611,-0.11453947424888611,-295859.0,-295859.0,-0.06778791546821594,-0.06778791546821594,0.0,0.0,0.0,0.0,0.0,0.0,0.26082053780555725,0.26082053780555725
6855,2026-09-04,0,0.0,0.0,0.0,0.0,1000.0,1000.0,0.09090909361839294,0.09090909361839294,4000.0,4000.0,0.1599999964237213,0.1599999964237213,3000.0,3000.0,0.0476190485060215,0.0476190485060215,1000.0,1000.0,0.0057142856530845165,0.0057142856530845165,0.0,0.0,0.0,0.0,0.0,0.0,0.004301127977669239,0.004301127977669239
6856,2026-09-04,0,0.0,0.0,0.0,0.0,0.0,0.0,0.0,0.0,-1000.0,-1000.0,-0.09090909361839294,-0.09090909361839294,9000.0,9000.0,0.10975609719753265,0.10975609719753265,9000.0,9000.0,0.06521739065647125,0.06521739065647125,0.0,0.0,0.0,0.0,0.0,0.0,0.010638297535479069,0.010638297535479069
6859,2026-09-04,0,9000.0,9000.0,0.3103448152542114,0.3103448152542114,32026.0,32026.0,0.1668020784854889,0.1668020784854889,47026.0,47026.0,0.14788050949573517,0.14788050949573517,17204.0,17204.0,0.03489655256271362,0.03489655256271362,47302.0,47302.0,0.044248830527067184,0.044248830527067184,0.0,0.0,1.0,1.0,1.0,1.0,0.06973064690828323,0.06973064690828323
6861,2026-09-04,0,63638.0,63638.0,0.27524253726005554,0.27524253726005554,183411.0,183411.0,0.18525409698486328,0.18525409698486328,211760.0,211760.0,0.14666180312633514,0.14666180312633514,311485.0,311485.0,0.10166244953870773,0.10166244953870773,584682.0,584682.0,0.0885925143957138,0.0885925143957138,0.0,0.0,0.0,0.0,4.0,4.0,0.5557960867881775,0.5557960867881775
6862,2026-09-04,0,21000.0,21000.0,0.10158472508192062,0.10158472508192062,7000.0,7000.0,0.01787853240966797,0.01787853240966797,-11000.0,-11000.0,-0.014934289269149303,-0.014934289269149303,-7320.0,-7320.0,-0.004499597940593958,-0.004499597940593958,-15765.0,-15765.0,-0.004824136849492788,-0.004824136849492788,0.0,0.0,1.0,1.0,1.0,1.0,0.4134480059146881,0.4134480059146881
6863,2026-09-04,0,17048.0,17048.0,0.1951688677072525,0.1951688677072525,-54952.0,-54952.0,-0.19972959160804749,-0.19972959160804749,-85877.0,-85877.0,-0.2071506679058075,-0.2071506679058075,-103148.0,-103148.0,-0.12535318732261658,-0.12535318732261658,-345938.0,-345938.0,-0.09221836179494858,-0.09221836179494858,0.0,0.0,1.0,1.0,1.0,1.0,0.1166408509016037,0.1166408509016037
6865,2026-09-04,0,0.0,0.0,0.0,0.0,0.0,0.0,0.0,0.0,0.0,0.0,0.0,0.0,0.0,0.0,0.0,0.0,11000.0,11000.0,0.04545454680919647,0.04545454680919647,0.0,0.0,0.0,0.0,0.0,0.0,0.07575449347496033,0.07575449347496033
6869,2026-09-04,0,-104958.0,-104958.0,-0.33449018001556396,-0.33449018001556396,-415972.0,-415972.0,-0.463308185338974,-0.463308185338974,-252176.0,-252176.0,-0.13368463516235352,-0.13368463516235352,152144.0,152144.0,0.045594166964292526,0.045594166964292526,-510450.0,-510450.0,-0.05579477548599243,-0.05579477548599243,0.0,0.0,0.0,0.0,0.0,0.0,0.22766081988811493,0.22766081988811493
6870,2026-09-04,0,-3000.0,-3000.0,-0.05999999865889549,-0.05999999865889549,29010.0,29010.0,0.0769496038556099,0.0769496038556099,63162.0,63162.0,0.10089776664972305,0.10089776664972305,48652.0,48652.0,0.06285788118839264,0.06285788118839264,35622.0,35622.0,0.030111581087112427,0.030111581087112427,0.0,0.0,0.0,0.0,0.0,0.0,0.17649151384830475,0.17649151384830475
6872,2026-09-04,0,10000.0,10000.0,0.02631578966975212,0.02631578966975212,34000.0,34000.0,0.04619565233588219,0.04619565233588219,33000.0,33000.0,0.040942929685115814,0.040942929685115814,18000.0,18000.0,0.01631912961602211,0.01631912961602211,19000.0,19000.0,0.01413690485060215,0.01413690485060215,0.0,0.0,0.0,0.0,2.0,2.0,0.5370985865592957,0.5370985865592957
6873,2026-09-04,0,34000.0,34000.0,0.16649854183197021,0.16649854183197021,-31474.0,-31474.0,-0.04838922992348671,-0.04838922992348671,-279601.0,-279601.0,-0.1920531690120697,-0.1920531690120697,190570.0,190570.0,0.052100349217653275,0.052100349217653275,-653907.0,-653907.0,-0.06601297110319138,-0.06601297110319138,0.0,0.0,1.0,1.0,1.0,1.0,0.14315266907215118,0.14315266907215118
6874,2026-09-04,0,-3000.0,-3000.0,-0.056603774428367615,-0.056603774428367615,-59000.0,-59000.0,-0.19536423683166504,-0.19536423683166504,-49000.0,-49000.0,-0.12311557680368423,-0.12311557680368423,-27000.0,-27000.0,-0.05113636329770088,-0.05113636329770088,-48800.0,-48800.0,-0.05416204035282135,-0.05416204035282135,0.0,0.0,0.0,0.0,0.0,0.0,0.24090908467769623,0.24090908467769623
6875,2026-09-04,0,127000.0,127000.0,0.6105769276618958,0.6105769276618958,240000.0,240000.0,0.4247787594795227,0.4247787594795227,225000.0,225000.0,0.3429878056049347,0.3429878056049347,218000.0,218000.0,0.2636033892631531,0.2636033892631531,256000.0,256000.0,0.17643004655838013,0.17643004655838013,0.0,0.0,0.0,0.0,2.0,2.0,0.16101214289665222,0.16101214289665222
6877,2026-09-04,0,1000.0,1000.0,0.03703703731298447,0.03703703731298447,23548.0,23548.0,0.15698666870594025,0.15698666870594025,56548.0,56548.0,0.21833205223083496,0.21833205223083496,66726.0,66726.0,0.15590186417102814,0.15590186417102814,157140.0,157140.0,0.18955367803573608,0.18955367803573608,0.0,0.0,0.0,0.0,4.0,4.0,0.057243265211582184,0.057243265211582184
6881,2026-09-04,0,0.0,0.0,0.0,0.0,0.0,0.0,0.0,0.0,0.0,0.0,0.0,0.0,4000.0,4000.0,0.07017543911933899,0.07017543911933899,7000.0,7000.0,0.05882352963089943,0.05882352963089943,0.0,0.0,0.0,0.0,0.0,0.0,0.013333333656191826,0.013333333656191826
6885,2026-09-04,0,160000.0,160000.0,0.30393925309181213,0.30393925309181213,-46000.0,-46000.0,-0.021186430007219315,-0.021186430007219315,-87455.0,-87455.0,-0.0292085949331522,-0.0292085949331522,-806612.0,-806612.0,-0.1221466138958931,-0.1221466138958931,-1145939.0,-1145939.0,-0.13379892706871033,-0.13379892706871033,0.0,0.0,1.0,1.0,1.0,1.0,0.3956238031387329,0.3956238031387329
6887,2026-09-04,0,1000.0,1000.0,0.06657789647579193,0.06657789647579193,10000.0,10000.0,0.27012425661087036,0.27012425661087036,19000.0,19000.0,0.17341779172420502,0.17341779172420502,8000.0,8000.0,0.01904090866446495,0.01904090866446495,-13000.0,-13000.0,-0.01798546314239502,-0.01798546314239502,0.0,0.0,0.0,0.0,5.0,5.0,0.02025582455098629,0.02025582455098629
6890,2026-09-04,0,17895.0,17895.0,0.03408921882510185,0.03408921882510185,9342.0,9342.0,0.009655564092099667,0.009655564092099667,-36260.0,-36260.0,-0.028602687641978264,-0.028602687641978264,251019.0,251019.0,0.07471766322851181,0.07471766322851181,-232189.0,-232189.0,-0.03959726169705391,-0.03959726169705391,0.0,0.0,0.0,0.0,2.0,2.0,0.21048356592655182,0.21048356592655182
6894,2026-09-04,0,5000.0,5000.0,0.2380952388048172,0.2380952388048172,11000.0,11000.0,0.11340206116437912,0.11340206116437912,-10800.0,-10800.0,-0.03333333507180214,-0.03333333507180214,-14800.0,-14800.0,-0.027106227353215218,-0.027106227353215218,-66165.0,-66165.0,-0.07152973115444183,-0.07152973115444183,0.0,0.0,1.0,1.0,1.0,1.0,0.0882352963089943,0.0882352963089943
6895,2026-09-04,0,7000.0,7000.0,0.1489361673593521,0.1489361673593521,-11050.0,-11050.0,-0.04402390494942665,-0.04402390494942665,-9688.0,-9688.0,-0.012549222446978092,-0.012549222446978092,-62748.0,-62748.0,-0.05622580647468567,-0.05622580647468567,-103931.0,-103931.0,-0.06516049802303314,-0.06516049802303314,0.0,0.0,1.0,1.0,1.0,1.0,0.13782991468906403,0.13782991468906403
6899,2026-09-04,0,0.0,0.0,0.0,0.0,2000.0,2000.0,0.11764705926179886,0.11764705926179886,9000.0,9000.0,0.2368421107530594,0.2368421107530594,10000.0,10000.0,0.10000000149011612,0.10000000149011612,21000.0,21000.0,0.09090909361839294,0.09090909361839294,0.0,0.0,0.0,0.0,0.0,0.0,0.009434297680854797,0.009434297680854797
6901,2026-09-04,0,-144445.0,-144445.0,-0.10656914860010147,-0.10656914860010147,-558445.0,-558445.0,-0.1669779270887375,-0.1669779270887375,-1690395.0,-1690395.0,-0.25214850902557373,-0.25214850902557373,-3146531.0,-3146531.0,-0.22097302973270416,-0.22097302973270416,-3465439.0,-3465439.0,-0.0790427029132843,-0.0790427029132843,0.0,0.0,0.0,0.0,0.0,0.0,0.1589253842830658,0.1589253842830658
6902,2026-09-04,0,15000.0,15000.0,0.44880616664886475,0.44880616664886475,-5000.0,-5000.0,-0.025929441675543785,-0.025929441675543785,-31940.0,-31940.0,-0.10680238157510757,-0.10680238157510757,16989.0,16989.0,0.028521304950118065,0.028521304950118065,-9206.0,-9206.0,-0.005557071417570114,-0.005557071417570114,0.0,0.0,1.0,1.0,1.0,1.0,0.09406712651252747,0.09406712651252747
6903,2026-09-04,0,-7563.0,-7563.0,-0.034692659974098206,-0.034692659974098206,-114107.0,-114107.0,-0.18054905533790588,-0.18054905533790588,-97421.0,-97421.0,-0.09113283455371857,-0.09113283455371857,21968.0,21968.0,0.011202448047697544,0.011202448047697544,-510870.0,-510870.0,-0.0892193466424942,-0.0892193466424942,0.0,0.0,0.0,0.0,0.0,0.0,0.3269542157649994,0.3269542157649994
6904,2026-09-02,0,0.0,0.0,0.0,0.0,0.0,0.0,0.0,0.0,1000.0,1000.0,0.1666666716337204,0.1666666716337204,0.0,0.0,0.0,0.0,0.0,0.0,0.0,0.0,0.0,0.0,0.0,0.0,0.0,0.0,0.010810811072587967,0.010810811072587967
6906,2026-09-04,0,-31000.0,-31000.0,-0.0624297671020031,-0.0624297671020031,9100.0,9100.0,0.010001043789088726,0.010001043789088726,-54780.0,-54780.0,-0.04958260431885719,-0.04958260431885719,13220.0,13220.0,0.009504801593720913,0.009504801593720913,-27730.0,-27730.0,-0.01436995342373848,-0.01436995342373848,0.0,0.0,0.0,0.0,0.0,0.0,1.480609655380249,1.480609655380249
6909,2026-09-04,0,58095.0,58095.0,0.4037739634513855,0.4037739634513855,42095.0,42095.0,0.08441335707902908,0.08441335707902908,68095.0,68095.0,0.08426868915557861,0.08426868915557861,117095.0,117095.0,0.06976094096899033,0.06976094096899033,339095.0,339095.0,0.09411723911762238,0.09411723911762238,0.0,0.0,1.0,1.0,1.0,1.0,0.2140670120716095,0.2140670120716095
6913,2026-09-04,0,-124992.0,-124992.0,-0.1524292677640915,-0.1524292677640915,-33287.0,-33287.0,-0.015798291191458702,-0.015798291191458702,-184458.0,-184458.0,-0.03394516184926033,-0.03394516184926033,-29078.0,-29078.0,-0.0031996038742363453,-0.0031996038742363453,1150129.0,1150129.0,0.07726246118545532,0.07726246118545532,0.0,0.0,0.0,0.0,0.0,0.0,1.870059847831726,1.870059847831726
6914,2026-09-04,0,-17000.0,-17000.0,-0.18166080117225647,-0.18166080117225647,-8490.0,-8490.0,-0.05415058881044388,-0.05415058881044388,-68690.0,-68690.0,-0.21893645823001862,-0.21893645823001862,-186761.0,-186761.0,-0.12275464087724686,-0.12275464087724686,-210083.0,-210083.0,-0.08493098616600037,-0.08493098616600037,0.0,0.0,0.0,0.0,0.0,0.0,0.14130553603172302,0.14130553603172302
6916,2026-09-04,0,2000.0,2000.0,0.11057054251432419,0.11057054251432419,6000.0,6000.0,0.1013718992471695,0.1013718992471695,13000.0,13000.0,0.1261083036661148,0.1261083036661148,7000.0,7000.0,0.030658723786473274,0.030658723786473274,-34000.0,-34000.0,-0.08280101418495178,-0.08280101418495178,0.0,0.0,0.0,0.0,2.0,2.0,0.026797037571668625,0.026797037571668625
6918,2026-09-04,0,1000.0,1000.0,0.019546519964933395,0.019546519964933395,-2000.0,-2000.0,-0.02232915349304676,-0.02232915349304676,5000.0,5000.0,0.03417564928531647,0.03417564928531647,41000.0,41000.0,0.11229615658521652,0.11229615658521652,103000.0,103000.0,0.14349600672721863,0.14349600672721863,0.0,0.0,1.0,1.0,1.0,1.0,0.1479853093624115,0.1479853093624115
6919,2026-09-04,0,-1854594.0,-1854594.0,-0.21392130851745605,-0.21392130851745605,-10477409.0,-10477409.0,-0.3515463173389435,-0.3515463173389435,-27260452.0,-27260452.0,-0.2056756317615509,-0.2056756317615509,-38178096.0,-38178096.0,-0.2287246137857437,-0.2287246137857437,-33780196.0,-33780196.0,-0.1527012437582016,-0.1527012437582016,0.0,0.0,0.0,0.0,0.0,0.0,0.5567371249198914,0.5567371249198914
6922,2026-09-04,0,67985.0,67985.0,0.5150378942489624,0.5150378942489624,54176.0,54176.0,0.14332275092601776,0.14332275092601776,11213.0,11213.0,0.016686011105775833,0.016686011105775833,32349.0,32349.0,0.016462596133351326,0.016462596133351326,405043.0,405043.0,0.06830404698848724,0.06830404698848724,0.0,0.0,1.0,1.0,1.0,1.0,0.4860914349555969,0.4860914349555969
6923,2026-09-04,0,3000.0,3000.0,0.18484288454055786,0.18484288454055786,9000.0,9000.0,0.11721497029066086,0.11721497029066086,-31000.0,-31000.0,-0.1570861041545868,-0.1570861041545868,26000.0,26000.0,0.07119756937026978,0.07119756937026978,180250.0,180250.0,0.1851317435503006,0.1851317435503006,0.0,0.0,0.0,0.0,2.0,2.0,0.017945798113942146,0.017945798113942146
6924,2026-09-04,0,14000.0,14000.0,0.24283632636070251,0.24283632636070251,18000.0,18000.0,0.24050024151802063,0.24050024151802063,15100.0,15100.0,0.11309845000505447,0.11309845000505447,57100.0,57100.0,0.17583730816841125,0.17583730816841125,24288.0,24288.0,0.03442903980612755,0.03442903980612755,0.0,0.0,0.0,0.0,2.0,2.0,0.2795383930206299,0.2795383930206299
6925,2026-09-04,0,0.0,0.0,0.0,0.0,2000.0,2000.0,0.07999999821186066,0.07999999821186066,9000.0,9000.0,0.08653846383094788,0.08653846383094788,15000.0,15000.0,0.09554140269756317,0.09554140269756317,19000.0,19000.0,0.046116504818201065,0.046116504818201065,0.0,0.0,0.0,0.0,0.0,0.0,0.02999955043196678,0.02999955043196678
6928,2026-09-04,0,26000.0,26000.0,0.35909122228622437,0.35909122228622437,44000.0,44000.0,0.2957545816898346,0.2957545816898346,40000.0,40000.0,0.15670296549797058,0.15670296549797058,-29000.0,-29000.0,-0.04642428830265999,-0.04642428830265999,-166110.0,-166110.0,-0.08510422706604004,-0.08510422706604004,0.0,0.0,0.0,0.0,4.0,4.0,0.08419185876846313,0.08419185876846313
6929,2026-09-04,0,0.0,0.0,0.0,0.0,0.0,0.0,0.0,0.0,0.0,0.0,0.0,0.0,-3000.0,-3000.0,-0.06976744532585144,-0.06976744532585144,1000.0,1000.0,0.007575757801532745,0.007575757801532745,0.0,0.0,0.0,0.0,0.0,0.0,0.008871146477758884,0.008871146477758884
6931,2026-09-04,0,2000.0,2000.0,0.0396825410425663,0.0396825410425663,-6000.0,-6000.0,-0.053708095103502274,-0.053708095103502274,-12000.0,-12000.0,-0.05265143886208534,-0.05265143886208534,-17000.0,-17000.0,-0.03576628118753433,-0.03576628118753433,-16000.0,-16000.0,-0.007637311704456806,-0.007637311704456806,0.0,0.0,1.0,1.0,1.0,1.0,0.07618799060583115,0.07618799060583115
6933,2026-09-04,0,106815.0,106815.0,0.11166436225175858,0.11166436225175858,150852.0,150852.0,0.042166098952293396,0.042166098952293396,2167513.0,2167513.0,0.23943375051021576,0.23943375051021576,2545136.0,2545136.0,0.1812877058982849,0.1812877058982849,3011325.0,3011325.0,0.14962808787822723,0.14962808787822723,0.0,0.0,0.0,0.0,6.0,6.0,2.2568750381469727,2.2568750381469727
6936,2026-09-04,0,0.0,0.0,0.0,0.0,3000.0,3000.0,0.07134872674942017,0.07134872674942017,3000.0,3000.0,0.039901576936244965,0.039901576936244965,9000.0,9000.0,0.043194472789764404,0.043194472789764404,10000.0,10000.0,0.021991457790136337,0.021991457790136337,0.0,0.0,0.0,0.0,0.0,0.0,0.01510906033217907,0.01510906033217907
6937,2026-09-04,0,-14566.0,-14566.0,-0.027366839349269867,-0.027366839349269867,-99839.0,-99839.0,-0.035687003284692764,-0.035687003284692764,24471.0,24471.0,0.00693328445777297,0.00693328445777297,301299.0,301299.0,0.058814674615859985,0.058814674615859985,949629.0,949629.0,0.09846855700016022,0.09846855700016022,0.0,0.0,0.0,0.0,0.0,0.0,0.7867089509963989,0.7867089509963989
6944,2026-09-04,0,-137788.0,-137788.0,-0.40515872836112976,-0.40515872836112976,-260296.0,-260296.0,-0.2183845192193985,-0.2183845192193985,-246859.0,-246859.0,-0.14087286591529846,-0.14087286591529846,-450820.0,-450820.0,-0.1682521402835846,-0.1682521402835846,-1072805.0,-1072805.0,-0.199784055352211,-0.199784055352211,0.0,0.0,0.0,0.0,0.0,0.0,0.34112685918807983,0.34112685918807983
6949,2026-08-26,0,-26000.0,-26000.0,-0.046252891421318054,-0.046252891421318054,220374.0,220374.0,0.10591024160385132,0.10591024160385132,309384.0,309384.0,0.1175532341003418,0.1175532341003418,564563.0,564563.0,0.14893342554569244,0.14893342554569244,740050.0,740050.0,0.12482963502407074,0.12482963502407074,0.0,0.0,0.0,0.0,0.0,0.0,0.04285807907581329,0.04285807907581329
6951,2026-09-04,0,-4000.0,-4000.0,-0.07866118848323822,-0.07866118848323822,-5000.0,-5000.0,-0.06077918782830238,-0.06077918782830238,-8000.0,-8000.0,-0.07648476213216782,-0.07648476213216782,-2000.0,-2000.0,-0.012667928822338581,-0.012667928822338581,5910.0,5910.0,0.014495917595922947,0.014495917595922947,0.0,0.0,0.0,0.0,0.0,0.0,0.09779038280248642,0.09779038280248642
6952,2026-09-04,0,5000.0,5000.0,0.3822630047798157,0.3822630047798157,6000.0,6000.0,0.3295254707336426,0.3295254707336426,1000.0,1000.0,0.015294729731976986,0.015294729731976986,3000.0,3000.0,0.02690751850605011,0.02690751850605011,-18000.0,-18000.0,-0.04641711339354515,-0.04641711339354515,0.0,0.0,0.0,0.0,1.0,1.0,0.019138196483254433,0.019138196483254433
6953,2026-09-04,0,0.0,0.0,0.0,0.0,-4000.0,-4000.0,-0.06557376682758331,-0.06557376682758331,52000.0,52000.0,0.2626262605190277,0.2626262605190277,115000.0,115000.0,0.31593406200408936,0.31593406200408936,162000.0,162000.0,0.26776859164237976,0.26776859164237976,0.0,0.0,0.0,0.0,0.0,0.0,0.053307391703128815,0.053307391703128815
6955,2026-09-04,0,1000.0,1000.0,0.3333333432674408,0.3333333432674408,-2000.0,-2000.0,-0.12406948208808899,-0.12406948208808899,-2000.0,-2000.0,-0.06778282672166824,-0.06778282672166824,1000.0,1000.0,0.009052558802068233,0.009052558802068233,-7000.0,-7000.0,-0.037908121943473816,-0.037908121943473816,0.0,0.0,0.0,0.0,1.0,1.0,0.012096391059458256,0.012096391059458256
6957,2026-09-04,0,-13000.0,-13000.0,-0.2438018023967743,-0.2438018023967743,-47844.0,-47844.0,-0.35042333602905273,-0.35042333602905273,-120704.0,-120704.0,-0.30426254868507385,-0.30426254868507385,-155226.0,-155226.0,-0.18882586061954498,-0.18882586061954498,-174325.0,-174325.0,-0.11817514151334763,-0.11817514151334763,0.0,0.0,0.0,0.0,0.0,0.0,0.09605326503515244,0.09605326503515244
6958,2026-09-04,0,16000.0,16000.0,0.6227861642837524,0.6227861642837524,19500.0,19500.0,0.30294084548950195,0.30294084548950195,-3500.0,-3500.0,-0.030264511704444885,-0.030264511704444885,8500.0,8500.0,0.04403072968125343,0.04403072968125343,-41500.0,-41500.0,-0.06037004664540291,-0.06037004664540291,0.0,0.0,0.0,0.0,2.0,2.0,0.006095804274082184,0.006095804274082184
6962,2026-09-04,0,173000.0,173000.0,0.15511062741279602,0.15511062741279602,917094.0,917094.0,0.17883320152759552,0.17883320152759552,-2733301.0,-2733301.0,-0.1210847944021225,-0.1210847944021225,-3278035.0,-3278035.0,-0.1061476618051529,-0.1061476618051529,-4689736.0,-4689736.0,-0.08275134861469269,-0.08275134861469269,0.0,0.0,0.0,0.0,3.0,3.0,0.2265111207962036,0.2265111207962036
6965,2026-09-04,0,9000.0,9000.0,0.8155128955841064,0.8155128955841064,1000.0,1000.0,0.01524901669472456,0.01524901669472456,-10000.0,-10000.0,-0.08246606588363647,-0.08246606588363647,6000.0,6000.0,0.03193137049674988,0.03193137049674988,12000.0,12000.0,0.02713317610323429,0.02713317610323429,0.0,0.0,0.0,0.0,2.0,2.0,0.007059154566377401,0.007059154566377401
6967,2026-09-04,0,-7000.0,-7000.0,-0.17073170840740204,-0.17073170840740204,-65031.0,-65031.0,-0.33349230885505676,-0.33349230885505676,-78031.0,-78031.0,-0.2837491035461426,-0.2837491035461426,-54031.0,-54031.0,-0.10272052884101868,-0.10272052884101868,20012.0,20012.0,0.010605193674564362,0.010605193674564362,0.0,0.0,0.0,0.0,0.0,0.0,0.1646290272474289,0.1646290272474289
6968,2026-09-04,0,-1140.0,-1140.0,-0.03799999877810478,-0.03799999877810478,-10140.0,-10140.0,-0.09218181669712067,-0.09218181669712067,-14140.0,-14140.0,-0.08467065542936325,-0.08467065542936325,-45140.0,-45140.0,-0.12401098757982254,-0.12401098757982254,-79640.0,-79640.0,-0.09688564389944077,-0.09688564389944077,0.0,0.0,0.0,0.0,0.0,0.0,0.06067061424255371,0.06067061424255371
6969,2026-09-04,0,-3000.0,-3000.0,-0.03543376922607422,-0.03543376922607422,-83000.0,-83000.0,-0.24708043038845062,-0.24708043038845062,-79000.0,-79000.0,-0.14990200102329254,-0.14990200102329254,29000.0,29000.0,0.024205151945352554,0.024205151945352554,151330.0,151330.0,0.043732695281505585,0.043732695281505585,0.0,0.0,0.0,0.0,0.0,0.0,0.19304703176021576,0.19304703176021576
6982,2026-09-04,0,-3000.0,-3000.0,-0.25,-0.25,5000.0,5000.0,0.0892857164144516,0.0892857164144516,11000.0,11000.0,0.13750000298023224,0.13750000298023224,16000.0,16000.0,0.10596026480197906,0.10596026480197906,11000.0,11000.0,0.026570048183202744,0.026570048183202744,0.0,0.0,0.0,0.0,0.0,0.0,0.02944847010076046,0.02944847010076046
6988,2026-09-04,0,-3000.0,-3000.0,-0.11999999731779099,-0.11999999731779099,-38000.0,-38000.0,-0.33794599771499634,-0.33794599771499634,-81000.0,-81000.0,-0.3691146671772003,-0.3691146671772003,-194000.0,-194000.0,-0.36885565519332886,-0.36885565519332886,-357000.0,-357000.0,-0.3680264353752136,-0.3680264353752136,0.0,0.0,0.0,0.0,0.0,0.0,0.052521008998155594,0.052521008998155594
6994,2026-09-04,0,-138000.0,-138000.0,-0.339126318693161,-0.339126318693161,-159580.0,-159580.0,-0.12264365702867508,-0.12264365702867508,-291505.0,-291505.0,-0.136007621884346,-0.136007621884346,-598324.0,-598324.0,-0.14707936346530914,-0.14707936346530914,-911050.0,-911050.0,-0.10660293698310852,-0.10660293698310852,0.0,0.0,0.0,0.0,0.0,0.0,0.5487009882926941,0.5487009882926941
6996,2026-09-04,0,-20000.0,-20000.0,-0.37037035822868347,-0.37037035822868347,8697.0,8697.0,0.034511905163526535,0.034511905163526535,-11336.0,-11336.0,-0.031576599925756454,-0.031576599925756454,-90358.0,-90358.0,-0.115547314286232,-0.115547314286232,-183896.0,-183896.0,-0.12235262989997864,-0.12235262989997864,0.0,0.0,0.0,0.0,0.0,0.0,0.12829549610614777,0.12829549610614777
6997,2026-09-03,0,0.0,0.0,0.0,0.0,0.0,0.0,0.0,0.0,2000.0,2000.0,0.1538461595773697,0.1538461595773697,-2000.0,-2000.0,-0.0714285746216774,-0.0714285746216774,-4000.0,-4000.0,-0.0470588244497776,-0.0470588244497776,0.0,0.0,0.0,0.0,0.0,0.0,0.01357435341924429,0.01357435341924429
7402,2026-09-04,0,21000.0,21000.0,0.07118643820285797,0.07118643820285797,55491.0,55491.0,0.05254829674959183,0.05254829674959183,91217.0,91217.0,0.05017436668276787,0.05017436668276787,62733.0,62733.0,0.005935566499829292,0.005935566499829292,-419192.0,-419192.0,-0.02043941617012024,-0.02043941617012024,0.0,0.0,0.0,0.0,2.0,2.0,0.8361524939537048,0.8361524939537048
7547,2026-09-04,0,-3000.0,-3000.0,-0.2142857164144516,-0.2142857164144516,-2000.0,-2000.0,-0.095238097012043,-0.095238097012043,-4000.0,-4000.0,-0.095238097012043,-0.095238097012043,-5000.0,-5000.0,-0.03759398311376572,-0.03759398311376572,-10000.0,-10000.0,-0.03105590119957924,-0.03105590119957924,0.0,0.0,0.0,0.0,0.0,0.0,0.041631974279880524,0.041631974279880524
7556,2026-09-04,0,7000.0,7000.0,0.5384615659713745,0.5384615659713745,6000.0,6000.0,0.09090909361839294,0.09090909361839294,16000.0,16000.0,0.1221374049782753,0.1221374049782753,42736.0,42736.0,0.11426737904548645,0.11426737904548645,98386.0,98386.0,0.13259568810462952,0.13259568810462952,0.0,0.0,1.0,1.0,1.0,1.0,0.0447029285132885,0.0447029285132885
7584,2026-09-04,0,0.0,0.0,0.0,0.0,2000.0,2000.0,0.1111111119389534,0.1111111119389534,3000.0,3000.0,0.13636364042758942,0.13636364042758942,3000.0,3000.0,0.07692307978868484,0.07692307978868484,1012928.0,1012928.0,13.154909133911133,13.154909133911133,0.0,0.0,0.0,0.0,0.0,0.0,0.012148595415055752,0.012148595415055752
7631,2026-09-04,0,15000.0,15000.0,0.22534364461898804,0.22534364461898804,-6000.0,-6000.0,-0.03961337357759476,-0.03961337357759476,8649.0,8649.0,0.029887106269598007,0.029887106269598007,22744.0,22744.0,0.04601728916168213,0.04601728916168213,75414.0,75414.0,0.0381302647292614,0.0381302647292614,0.0,0.0,1.0,1.0,1.0,1.0,0.33047860860824585,0.33047860860824585
7642,2026-09-04,0,0.0,0.0,0.0,0.0,-3000.0,-3000.0,-0.13636364042758942,-0.13636364042758942,7000.0,7000.0,0.1489361673593521,0.1489361673593521,6000.0,6000.0,0.056603774428367615,0.056603774428367615,-7000.0,-7000.0,-0.02187499962747097,-0.02187499962747097,0.0,0.0,0.0,0.0,0.0,0.0,0.016583748161792755,0.016583748161792755
7703,2026-09-04,0,-22000.0,-22000.0,-0.15942029654979706,-0.15942029654979706,16289.0,16289.0,0.048192307353019714,0.048192307353019714,31289.0,31289.0,0.07650122046470642,0.07650122046470642,85897.0,85897.0,0.12782292068004608,0.12782292068004608,194827.0,194827.0,0.13996192812919617,0.13996192812919617,0.0,0.0,0.0,0.0,0.0,0.0,0.3971794545650482,0.3971794545650482
7704,2026-09-04,0,-4000.0,-4000.0,-0.17391304671764374,-0.17391304671764374,-43000.0,-43000.0,-0.33076924085617065,-0.33076924085617065,-39000.0,-39000.0,-0.23353293538093567,-0.23353293538093567,-18000.0,-18000.0,-0.06271777302026749,-0.06271777302026749,-36000.0,-36000.0,-0.054135337471961975,-0.054135337471961975,0.0,0.0,0.0,0.0,0.0,0.0,0.06810818612575531,0.06810818612575531
7705,2026-09-04,0,-10000.0,-10000.0,-0.1464986801147461,-0.1464986801147461,17000.0,17000.0,0.04426069185137749,0.04426069185137749,34000.0,34000.0,0.06903497129678726,0.06903497129678726,68000.0,68000.0,0.09753341227769852,0.09753341227769852,61000.0,61000.0,0.06675194948911667,0.06675194948911667,0.0,0.0,0.0,0.0,0.0,0.0,0.10331888496875763,0.10331888496875763
7708,2026-09-04,0,1000.0,1000.0,0.0714285746216774,0.0714285746216774,1000.0,1000.0,0.03703703731298447,0.03703703731298447,1000.0,1000.0,0.024390242993831635,0.024390242993831635,0.0,0.0,0.0,0.0,-4000.0,-4000.0,-0.019704433158040047,-0.019704433158040047,0.0,0.0,0.0,0.0,1.0,1.0,0.054901961237192154,0.054901961237192154
7709,2026-09-04,0,26000.0,26000.0,0.1306532621383667,0.1306532621383667,-23000.0,-23000.0,-0.06036745384335518,-0.06036745384335518,-5000.0,-5000.0,-0.00803858507424593,-0.00803858507424593,-2000.0,-2000.0,-0.002487562131136656,-0.002487562131136656,30000.0,30000.0,0.02678571455180645,0.02678571455180645,0.0,0.0,1.0,1.0,1.0,1.0,0.5089157223701477,0.5089157223701477
7712,2026-09-04,0,33961.0,33961.0,0.24789051711559296,0.24789051711559296,82998.0,82998.0,0.1463809460401535,0.1463809460401535,78306.0,78306.0,0.06911385804414749,0.06911385804414749,-345386.0,-345386.0,-0.06978905200958252,-0.06978905200958252,-353536.0,-353536.0,-0.04976576566696167,-0.04976576566696167,0.0,0.0,0.0,0.0,4.0,4.0,0.42073747515678406,0.42073747515678406
7713,2026-09-04,0,0.0,0.0,0.0,0.0,-1000.0,-1000.0,-0.0357142873108387,-0.0357142873108387,-1000.0,-1000.0,-0.021276595070958138,-0.021276595070958138,14000.0,14000.0,0.0939597338438034,0.0939597338438034,16000.0,16000.0,0.06225680932402611,0.06225680932402611,0.0,0.0,0.0,0.0,0.0,0.0,0.013192947953939438,0.013192947953939438
7714,2026-09-04,0,29000.0,29000.0,0.2788461446762085,0.2788461446762085,-5904.0,-5904.0,-0.010196891613304615,-0.010196891613304615,-639.0,-639.0,-0.0006197866168804467,-0.0006197866168804467,-122493.0,-122493.0,-0.03023025579750538,-0.03023025579750538,-186302.0,-186302.0,-0.020815866068005562,-0.020815866068005562,0.0,0.0,1.0,1.0,1.0,1.0,0.4952380955219269,0.4952380955219269
7715,2026-09-04,0,-2000.0,-2000.0,-0.05882352963089943,-0.05882352963089943,-2000.0,-2000.0,-0.025641025975346565,-0.025641025975346565,130000.0,130000.0,0.2760084867477417,0.2760084867477417,182000.0,182000.0,0.2044943869113922,0.2044943869113922,249000.0,249000.0,0.15313653647899628,0.15313653647899628,0.0,0.0,0.0,0.0,0.0,0.0,0.10074969381093979,0.10074969381093979
7718,2026-09-04,0,0.0,0.0,0.0,0.0,-4000.0,-4000.0,-0.0833333358168602,-0.0833333358168602,-4000.0,-4000.0,-0.04301075264811516,-0.04301075264811516,-4000.0,-4000.0,-0.019900497049093246,-0.019900497049093246,2000.0,2000.0,0.004415011033415794,0.004415011033415794,0.0,0.0,0.0,0.0,0.0,0.0,0.045301105827093124,0.045301105827093124
7721,2026-09-04,0,9000.0,9000.0,0.2387837916612625,0.2387837916612625,23000.0,23000.0,0.1050439327955246,0.1050439327955246,14000.0,14000.0,0.046624548733234406,0.046624548733234406,45000.0,45000.0,0.07777568697929382,0.07777568697929382,141875.0,141875.0,0.11955463141202927,0.11955463141202927,0.0,0.0,0.0,0.0,3.0,3.0,0.0680711567401886,0.0680711567401886
7722,2026-09-04,0,9152.0,9152.0,0.1931046098470688,0.1931046098470688,-4090.0,-4090.0,-0.027295053005218506,-0.027295053005218506,-19350.0,-19350.0,-0.08264604210853577,-0.08264604210853577,1176.0,1176.0,0.002554772188887,0.002554772188887,-43875.0,-43875.0,-0.027359716594219208,-0.027359716594219208,0.0,0.0,1.0,1.0,1.0,1.0,0.066378153860569,0.066378153860569
7723,2026-09-04,0,1000.0,1000.0,0.03125,0.03125,16000.0,16000.0,0.13223139941692352,0.13223139941692352,13000.0,13000.0,0.07182320207357407,0.07182320207357407,28000.0,28000.0,0.058091286569833755,0.058091286569833755,-72000.0,-72000.0,-0.029544521123170853,-0.029544521123170853,0.0,0.0,0.0,0.0,3.0,3.0,0.06449071317911148,0.06449071317911148
7728,2026-09-04,0,-4000.0,-4000.0,-0.10000000149011612,-0.10000000149011612,-15000.0,-15000.0,-0.12295082211494446,-0.12295082211494446,-14000.0,-14000.0,-0.07608695328235626,-0.07608695328235626,-3500.0,-3500.0,-0.010802469216287136,-0.010802469216287136,9510.0,9510.0,0.023715710267424583,0.023715710267424583,0.0,0.0,0.0,0.0,0.0,0.0,0.2887236177921295,0.2887236177921295
7732,2026-09-04,0,1000.0,1000.0,0.25,0.25,0.0,0.0,0.0,0.0,-1000.0,-1000.0,-0.05263157933950424,-0.05263157933950424,1000.0,1000.0,0.017226528376340866,0.017226528376340866,-34000.0,-34000.0,-0.05963217467069626,-0.05963217467069626,0.0,0.0,0.0,0.0,1.0,1.0,0.006184292025864124,0.006184292025864124
7734,2026-09-04,0,66201.0,66201.0,0.42166242003440857,0.42166242003440857,38316.0,38316.0,0.09627135843038559,0.09627135843038559,90791.0,90791.0,0.1022421196103096,0.1022421196103096,123665.0,123665.0,0.05548003688454628,0.05548003688454628,279681.0,279681.0,0.06378129869699478,0.06378129869699478,0.0,0.0,1.0,1.0,1.0,1.0,0.5607143044471741,0.5607143044471741
7736,2026-09-04,0,-1000.0,-1000.0,-0.1666666716337204,-0.1666666716337204,-3000.0,-3000.0,-0.09969758242368698,-0.09969758242368698,-10000.0,-10000.0,-0.20695364475250244,-0.20695364475250244,9000.0,9000.0,0.05972645431756973,0.05972645431756973,25000.0,25000.0,0.07074137032032013,0.07074137032032013,0.0,0.0,0.0,0.0,0.0,0.0,0.007894736714661121,0.007894736714661121
7740,2026-09-04,0,4000.0,4000.0,0.050851766020059586,0.050851766020059586,-6000.0,-6000.0,-0.030321253463625908,-0.030321253463625908,20242.0,20242.0,0.040970318019390106,0.040970318019390106,-158758.0,-158758.0,-0.1477578729391098,-0.1477578729391098,-654029.0,-654029.0,-0.14603924751281738,-0.14603924751281738,0.0,0.0,1.0,1.0,1.0,1.0,0.13109999895095825,0.13109999895095825
7743,2026-09-04,0,0.0,0.0,0.0,0.0,0.0,0.0,0.0,0.0,1000.0,1000.0,0.007407407276332378,0.007407407276332378,5000.0,5000.0,0.02994011901319027,0.02994011901319027,5000.0,5000.0,0.02450980432331562,0.02450980432331562,0.0,0.0,0.0,0.0,0.0,0.0,0.06578345596790314,0.06578345596790314
7747,2026-09-04,0,0.0,0.0,0.0,0.0,0.0,0.0,0.0,0.0,0.0,0.0,0.0,0.0,-100.0,-100.0,-0.00042918455437757075,-0.00042918455437757075,-4300.0,-4300.0,-0.016104869544506073,-0.016104869544506073,0.0,0.0,0.0,0.0,0.0,0.0,0.026517637073993683,0.026517637073993683
7749,2026-09-04,0,60000.0,60000.0,0.40267103910446167,0.40267103910446167,36000.0,36000.0,0.071474090218544,0.071474090218544,-85499.0,-85499.0,-0.047840896993875504,-0.047840896993875504,-142095.0,-142095.0,-0.051538314670324326,-0.051538314670324326,-265101.0,-265101.0,-0.06811823695898056,-0.06811823695898056,0.0,0.0,0.0,0.0,2.0,2.0,0.3205392360687256,0.3205392360687256
7751,2026-09-04,0,-54832.0,-54832.0,-0.15022465586662292,-0.15022465586662292,-12567.0,-12567.0,-0.010061649605631828,-0.010061649605631828,257357.0,257357.0,0.07582704722881317,0.07582704722881317,324061.0,324061.0,0.04050762578845024,0.04050762578845024,420754.0,420754.0,0.03547672927379608,0.03547672927379608,0.0,0.0,0.0,0.0,0.0,0.0,1.357452630996704,1.357452630996704
7753,2026-09-04,0,-1000.0,-1000.0,-0.1666666716337204,-0.1666666716337204,1000.0,1000.0,0.025641025975346565,0.025641025975346565,16000.0,16000.0,0.10526315867900848,0.10526315867900848,20000.0,20000.0,0.08658009022474289,0.08658009022474289,14000.0,14000.0,0.038997214287519455,0.038997214287519455,0.0,0.0,0.0,0.0,0.0,0.0,0.024000000208616257,0.024000000208616257
8011,2026-09-04,0,-29000.0,-29000.0,-0.11761318147182465,-0.11761318147182465,33875.0,33875.0,0.043083272874355316,0.043083272874355316,-88125.0,-88125.0,-0.06693117320537567,-0.06693117320537567,120045.0,120045.0,0.04718777909874916,0.04718777909874916,365740.0,365740.0,0.05461931601166725,0.05461931601166725,0.0,0.0,0.0,0.0,0.0,0.0,0.14860667288303375,0.14860667288303375
8016,2026-09-04,0,31403.0,31403.0,0.12782281637191772,0.12782281637191772,35223.0,35223.0,0.03044767677783966,0.03044767677783966,50554.0,50554.0,0.01969464309513569,0.01969464309513569,-85956.0,-85956.0,-0.018279068171977997,-0.018279068171977997,2207930.0,2207930.0,0.13129155337810516,0.13129155337810516,1.0,1.0,1.0,1.0,1.0,1.0,0.20449674129486084,0.20449674129486084
8021,2026-09-04,0,203058.0,203058.0,0.03206513449549675,0.03206513449549675,-4645968.0,-4645968.0,-0.16615533828735352,-0.16615533828735352,-5988017.0,-5988017.0,-0.13060176372528076,-0.13060176372528076,-6218356.0,-6218356.0,-0.07545381784439087,-0.07545381784439087,-7407918.0,-7407918.0,-0.06220570206642151,-0.06220570206642151,1.0,1.0,1.0,1.0,1.0,1.0,4.366082191467285,4.366082191467285
8024,2026-09-04,0,-5000.0,-5000.0,-0.29411765933036804,-0.29411765933036804,-11000.0,-11000.0,-0.11340206116437912,-0.11340206116437912,-13000.0,-13000.0,-0.08666666597127914,-0.08666666597127914,13000.0,13000.0,0.043478261679410934,0.043478261679410934,11000.0,11000.0,0.013597032986581326,0.013597032986581326,0.0,0.0,0.0,0.0,0.0,0.0,0.03764384984970093,0.03764384984970093
8027,2026-09-04,0,-54037.0,-54037.0,-0.013916301541030407,-0.013916301541030407,-1241806.0,-1241806.0,-0.10386466979980469,-0.10386466979980469,-1023046.0,-1023046.0,-0.05951401963829994,-0.05951401963829994,-1374534.0,-1374534.0,-0.04602491110563278,-0.04602491110563278,-1150500.0,-1150500.0,-0.023838629946112633,-0.023838629946112633,0.0,0.0,0.0,0.0,0.0,0.0,3.530221700668335,3.530221700668335
8028,2026-09-04,0,-112890.0,-112890.0,-0.08535350859165192,-0.08535350859165192,-1657554.0,-1657554.0,-0.2850286662578583,-0.2850286662578583,-385478.0,-385478.0,-0.029207026585936546,-0.029207026585936546,-1460608.0,-1460608.0,-0.06705831736326218,-0.06705831736326218,281999.0,281999.0,0.005364235490560532,0.005364235490560532,0.0,0.0,0.0,0.0,0.0,0.0,0.7372608184814453,0.7372608184814453
8032,2026-09-04,0,-2000.0,-2000.0,-0.07999999821186066,-0.07999999821186066,2000.0,2000.0,0.014084506779909134,0.014084506779909134,7000.0,7000.0,0.037837836891412735,0.037837836891412735,-8000.0,-8000.0,-0.025974025949835777,-0.025974025949835777,-99869.0,-99869.0,-0.11284632980823517,-0.11284632980823517,0.0,0.0,0.0,0.0,0.0,0.0,0.048252955079078674,0.048252955079078674
8033,2026-09-04,0,-258970.0,-258970.0,-0.09027301520109177,-0.09027301520109177,-1177257.0,-1177257.0,-0.0931997150182724,-0.0931997150182724,-1572477.0,-1572477.0,-0.0756116509437561,-0.0756116509437561,-5308913.0,-5308913.0,-0.05811706930398941,-0.05811706930398941,-18162804.0,-18162804.0,-0.09914885461330414,-0.09914885461330414,0.0,0.0,0.0,0.0,0.0,0.0,1.7425414323806763,1.7425414323806763
8034,2026-09-04,0,4000.0,4000.0,0.0714285746216774,0.0714285746216774,8000.0,8000.0,0.06299212574958801,0.06299212574958801,6000.0,6000.0,0.025316456332802773,0.025316456332802773,59050.0,59050.0,0.05994923785328865,0.05994923785328865,126050.0,126050.0,0.07392961531877518,0.07392961531877518,0.0,0.0,1.0,1.0,1.0,1.0,0.09896378964185715,0.09896378964185715
8038,2026-09-04,0,23000.0,23000.0,0.2017543911933899,0.2017543911933899,25000.0,25000.0,0.06868132203817368,0.06868132203817368,46945.0,46945.0,0.06863304227590561,0.06863304227590561,-8976.0,-8976.0,-0.006457554176449776,-0.006457554176449776,61181.0,61181.0,0.02208700403571129,0.02208700403571129,0.0,0.0,1.0,1.0,1.0,1.0,0.18304963409900665,0.18304963409900665
8039,2026-09-04,0,-3816273.0,-3816273.0,-0.0944799929857254,-0.0944799929857254,-4586065.0,-4586065.0,-0.04471966251730919,-0.04471966251730919,-10042517.0,-10042517.0,-0.05619120970368385,-0.05619120970368385,-9206357.0,-9206357.0,-0.022099804133176804,-0.022099804133176804,-13386436.0,-13386436.0,-0.01668703556060791,-0.01668703556060791,0.0,0.0,0.0,0.0,0.0,0.0,15.319356918334961,15.319356918334961
8040,2026-09-04,0,-236563.0,-236563.0,-0.17733357846736908,-0.17733357846736908,-1713563.0,-1713563.0,-0.25292444229125977,-0.25292444229125977,-1822500.0,-1822500.0,-0.24300000071525574,-0.24300000071525574,-1539200.0,-1539200.0,-0.17311888933181763,-0.17311888933181763,-978156.0,-978156.0,-0.07982340455055237,-0.07982340455055237,0.0,0.0,0.0,0.0,0.0,0.0,1.3836183547973633,1.3836183547973633
8042,2026-09-04,0,3136380.0,3136380.0,0.35287803411483765,0.35287803411483765,1654480.0,1654480.0,0.08503700792789459,0.08503700792789459,1939529.0,1939529.0,0.06583824753761292,0.06583824753761292,1561481.0,1561481.0,0.0323549248278141,0.0323549248278141,-4004501.0,-4004501.0,-0.03650011867284775,-0.03650011867284775,0.0,0.0,1.0,1.0,1.0,1.0,6.8653059005737305,6.8653059005737305
8043,2026-09-04,0,235265.0,235265.0,0.040844619274139404,0.040844619274139404,62275.0,62275.0,0.006708499509841204,0.006708499509841204,-161389.0,-161389.0,-0.008636431768536568,-0.008636431768536568,-413319.0,-413319.0,-0.009166330099105835,-0.009166330099105835,-2048463.0,-2048463.0,-0.0181148461997509,-0.0181148461997509,0.0,0.0,1.0,1.0,1.0,1.0,7.208364486694336,7.208364486694336
8044,2026-09-04,0,107440.0,107440.0,0.2564200460910797,0.2564200460910797,-18245.0,-18245.0,-0.015090984292328358,-0.015090984292328358,-52563.0,-52563.0,-0.025454238057136536,-0.025454238057136536,-329113.0,-329113.0,-0.07659134268760681,-0.07659134268760681,-806448.0,-806448.0,-0.10960152000188828,-0.10960152000188828,0.0,0.0,1.0,1.0,1.0,1.0,0.20462174713611603,0.20462174713611603
8045,2026-09-04,0,76000.0,76000.0,0.22016541659832,0.22016541659832,187000.0,187000.0,0.24660912156105042,0.24660912156105042,136308.0,136308.0,0.13821859657764435,0.13821859657764435,271664.0,271664.0,0.1748768389225006,0.1748768389225006,188664.0,188664.0,0.05427836626768112,0.05427836626768112,0.0,0.0,0.0,0.0,3.0,3.0,0.3632032871246338,0.3632032871246338
8046,2026-09-04,0,2022145.0,2022145.0,0.10860427469015121,0.10860427469015121,-2896729.0,-2896729.0,-0.058317698538303375,-0.058317698538303375,-2659358.0,-2659358.0,-0.03003314509987831,-0.03003314509987831,-6839693.0,-6839693.0,-0.047840602695941925,-0.047840602695941925,-15224614.0,-15224614.0,-0.05634697526693344,-0.05634697526693344,0.0,0.0,1.0,1.0,1.0,1.0,2.8815197944641113,2.8815197944641113
8047,2026-09-04,0,0.0,0.0,0.0,0.0,2000.0,2000.0,0.025316456332802773,0.025316456332802773,1000.0,1000.0,0.01123595517128706,0.01123595517128706,-3000.0,-3000.0,-0.018987340852618217,-0.018987340852618217,-2000.0,-2000.0,-0.004807692486792803,-0.004807692486792803,0.0,0.0,0.0,0.0,0.0,0.0,0.04560035467147827,0.04560035467147827
8048,2026-09-04,0,-3000.0,-3000.0,-0.05263157933950424,-0.05263157933950424,-46000.0,-46000.0,-0.18775510787963867,-0.18775510787963867,-48580.0,-48580.0,-0.11040908843278885,-0.11040908843278885,-71580.0,-71580.0,-0.09941666573286057,-0.09941666573286057,-142514.0,-142514.0,-0.10928987711668015,-0.10928987711668015,0.0,0.0,0.0,0.0,0.0,0.0,0.09589998424053192,0.09589998424053192
8049,2026-09-04,0,-40000.0,-40000.0,-0.30534350872039795,-0.30534350872039795,-33000.0,-33000.0,-0.0929577499628067,-0.0929577499628067,-66453.0,-66453.0,-0.12170878797769547,-0.12170878797769547,-110453.0,-110453.0,-0.10284264385700226,-0.10284264385700226,-770528.0,-770528.0,-0.24253320693969727,-0.24253320693969727,0.0,0.0,0.0,0.0,0.0,0.0,0.11075432598590851,0.11075432598590851
8050,2026-09-04,0,453511.0,453511.0,0.42703482508659363,0.42703482508659363,-111599.0,-111599.0,-0.03198595717549324,-0.03198595717549324,50401.0,50401.0,0.010163540951907635,0.010163540951907635,218406.0,218406.0,0.023202592507004738,0.023202592507004738,-7365375.0,-7365375.0,-0.13958826661109924,-0.13958826661109924,0.0,0.0,1.0,1.0,1.0,1.0,0.5175315141677856,0.5175315141677856
8054,2026-09-04,0,123965.0,123965.0,0.32536745071411133,0.32536745071411133,-222944.0,-222944.0,-0.11871352791786194,-0.11871352791786194,-160295.0,-160295.0,-0.05330728366971016,-0.05330728366971016,200965.0,200965.0,0.03168295696377754,0.03168295696377754,420126.0,420126.0,0.03124774992465973,0.03124774992465973,0.0,0.0,1.0,1.0,1.0,1.0,0.35040101408958435,0.35040101408958435
8059,2026-09-04,0,18000.0,18000.0,0.1666666716337204,0.1666666716337204,93000.0,93000.0,0.2409326434135437,0.2409326434135437,74000.0,74000.0,0.10724637657403946,0.10724637657403946,0.0,0.0,0.0,0.0,139000.0,139000.0,0.03322973847389221,0.03322973847389221,0.0,0.0,1.0,1.0,1.0,1.0,0.055657047778367996,0.055657047778367996
8064,2026-09-04,0,1168654.0,1168654.0,0.08601266145706177,0.08601266145706177,-674605.0,-674605.0,-0.024276847019791603,-0.024276847019791603,-964385.0,-964385.0,-0.02908892184495926,-0.02908892184495926,-117445.0,-117445.0,-0.0026826788671314716,-0.0026826788671314716,378146.0,378146.0,0.005783640779554844,0.005783640779554844,0.0,0.0,1.0,1.0,1.0,1.0,7.351562976837158,7.351562976837158
8066,2026-09-04,0,0.0,0.0,0.0,0.0,3000.0,3000.0,0.0731707289814949,0.0731707289814949,3000.0,3000.0,0.05454545468091965,0.05454545468091965,3000.0,3000.0,0.034090910106897354,0.034090910106897354,28000.0,28000.0,0.10108303278684616,0.10108303278684616,0.0,0.0,0.0,0.0,0.0,0.0,0.019103601574897766,0.019103601574897766
8067,2026-09-04,0,0.0,0.0,0.0,0.0,0.0,0.0,0.0,0.0,0.0,0.0,0.0,0.0,0.0,0.0,0.0,0.0,0.0,0.0,0.0,0.0,0.0,0.0,0.0,0.0,0.0,0.0,0.02415458858013153,0.02415458858013153
8068,2026-09-04,0,-31000.0,-31000.0,-0.3263157904148102,-0.3263157904148102,-15000.0,-15000.0,-0.0746268630027771,-0.0746268630027771,12000.0,12000.0,0.036363635212183,0.036363635212183,51000.0,51000.0,0.07692307978868484,0.07692307978868484,-33000.0,-33000.0,-0.01675126887857914,-0.01675126887857914,0.0,0.0,0.0,0.0,0.0,0.0,0.11762382835149765,0.11762382835149765
8069,2026-09-04,0,-503485.0,-503485.0,-0.09592017531394958,-0.09592017531394958,-6366786.0,-6366786.0,-0.32869312167167664,-0.32869312167167664,-9063062.0,-9063062.0,-0.22767508029937744,-0.22767508029937744,-13592919.0,-13592919.0,-0.21738235652446747,-0.21738235652446747,-44994344.0,-44994344.0,-0.2560555934906006,-0.2560555934906006,1.0,1.0,0.0,0.0,0.0,0.0,0.45471060276031494,0.45471060276031494
8070,2026-09-04,0,537472.0,537472.0,0.32761916518211365,0.32761916518211365,431836.0,431836.0,0.08344241231679916,0.08344241231679916,-183745.0,-183745.0,-0.01901756413280964,-0.01901756413280964,1951728.0,1951728.0,0.07677636295557022,0.07677636295557022,-2712227.0,-2712227.0,-0.030490189790725708,-0.030490189790725708,1.0,1.0,1.0,1.0,1.0,1.0,0.2260790318250656,0.2260790318250656
8071,2026-09-04,0,63000.0,63000.0,0.2128378450870514,0.2128378450870514,-134999.0,-134999.0,-0.1157795861363411,-0.1157795861363411,-239474.0,-239474.0,-0.11949800699949265,-0.11949800699949265,292052.0,292052.0,0.05667611211538315,0.05667611211538315,70942.0,70942.0,0.00479337852448225,0.00479337852448225,0.0,0.0,1.0,1.0,1.0,1.0,0.49264129996299744,0.49264129996299744
8072,2026-09-04,0,11000.0,11000.0,0.2525194585323334,0.2525194585323334,-36990.0,-36990.0,-0.1607079952955246,-0.1607079952955246,-45990.0,-45990.0,-0.11092137545347214,-0.11092137545347214,-101990.0,-101990.0,-0.1168329194188118,-0.1168329194188118,-52990.0,-52990.0,-0.030251165851950645,-0.030251165851950645,0.0,0.0,1.0,1.0,1.0,1.0,0.05445124953985214,0.05445124953985214
8074,2026-09-04,0,-1900.0,-1900.0,-0.006713781040161848,-0.006713781040161848,-89620.0,-89620.0,-0.08988966792821884,-0.08988966792821884,-192594.0,-192594.0,-0.09917301684617996,-0.09917301684617996,271792.0,271792.0,0.051671482622623444,0.051671482622623444,628617.0,628617.0,0.06221466884016991,0.06221466884016991,0.0,0.0,0.0,0.0,0.0,0.0,0.32538285851478577,0.32538285851478577
8076,2026-09-04,0,29005.0,29005.0,0.05097539722919464,0.05097539722919464,-919400.0,-919400.0,-0.36455193161964417,-0.36455193161964417,-1257699.0,-1257699.0,-0.3361932635307312,-0.3361932635307312,-1129439.0,-1129439.0,-0.17700031399726868,-0.17700031399726868,-1062938.0,-1062938.0,-0.0966658815741539,-0.0966658815741539,0.0,0.0,1.0,1.0,1.0,1.0,0.1947205811738968,0.1947205811738968
8077,2026-09-03,0,0.0,0.0,0.0,0.0,0.0,0.0,0.0,0.0,1000.0,1000.0,0.03030303120613098,0.03030303120613098,1000.0,1000.0,0.010638297535479069,0.010638297535479069,-1000.0,-1000.0,-0.007407407276332378,-0.007407407276332378,0.0,0.0,0.0,0.0,0.0,0.0,0.09113415330648422,0.09113415330648422
8080,2026-09-04,0,-2000.0,-2000.0,-0.09090909361839294,-0.09090909361839294,-3000.0,-3000.0,-0.04411764815449715,-0.04411764815449715,-4000.0,-4000.0,-0.02139037474989891,-0.02139037474989891,-4000.0,-4000.0,-0.017391303554177284,-0.017391303554177284,2000.0,2000.0,0.004950494971126318,0.004950494971126318,0.0,0.0,0.0,0.0,0.0,0.0,0.03275572881102562,0.03275572881102562
8081,2026-09-04,0,44361.0,44361.0,0.16508077085018158,0.16508077085018158,23996.0,23996.0,0.029638485983014107,0.029638485983014107,-139004.0,-139004.0,-0.09023333340883255,-0.09023333340883255,106676.0,106676.0,0.030139904469251633,0.030139904469251633,1792960.0,1792960.0,0.1411416381597519,0.1411416381597519,1.0,1.0,1.0,1.0,1.0,1.0,0.3118446469306946,0.3118446469306946
8083,2026-09-04,0,-5560.0,-5560.0,-0.39714285731315613,-0.39714285731315613,-44560.0,-44560.0,-0.4843478202819824,-0.4843478202819824,-91560.0,-91560.0,-0.38470587134361267,-0.38470587134361267,-171499.0,-171499.0,-0.25906193256378174,-0.25906193256378174,-133579.0,-133579.0,-0.0815998762845993,-0.0815998762845993,0.0,0.0,0.0,0.0,0.0,0.0,0.03984835743904114,0.03984835743904114
8084,2026-09-04,0,-8000.0,-8000.0,-0.019950125366449356,-0.019950125366449356,-1000.0,-1000.0,-0.00045392647734843194,-0.00045392647734843194,-8000.0,-8000.0,-0.003034901339560747,-0.003034901339560747,-74932.0,-74932.0,-0.01679336652159691,-0.01679336652159691,-263732.0,-263732.0,-0.027239413931965828,-0.027239413931965828,0.0,0.0,0.0,0.0,0.0,0.0,0.5768609642982483,0.5768609642982483
8085,2026-09-04,0,62969.0,62969.0,0.16187404096126556,0.16187404096126556,293067.0,293067.0,0.16823594272136688,0.16823594272136688,314136.0,314136.0,0.08919250220060349,0.08919250220060349,373176.0,373176.0,0.03151824325323105,0.03151824325323105,210175.0,210175.0,0.01403037365525961,0.01403037365525961,0.0,0.0,0.0,0.0,4.0,4.0,0.27789077162742615,0.27789077162742615
8086,2026-09-04,0,-1013342.0,-1013342.0,-0.39879652857780457,-0.39879652857780457,-5372553.0,-5372553.0,-0.43732625246047974,-0.43732625246047974,-4917511.0,-4917511.0,-0.175449937582016,-0.175449937582016,-6367971.0,-6367971.0,-0.12757885456085205,-0.12757885456085205,-16395200.0,-16395200.0,-0.17407073080539703,-0.17407073080539703,0.0,0.0,0.0,0.0,0.0,0.0,1.293023705482483,1.293023705482483
8087,2026-09-04,0,0.0,0.0,0.0,0.0,-6000.0,-6000.0,-0.25,-0.25,-8000.0,-8000.0,-0.1702127605676651,-0.1702127605676651,-13000.0,-13000.0,-0.11711711436510086,-0.11711711436510086,17000.0,17000.0,0.0379464291036129,0.0379464291036129,0.0,0.0,0.0,0.0,0.0,0.0,0.012937935069203377,0.012937935069203377
8088,2026-09-04,0,17000.0,17000.0,0.03899082541465759,0.03899082541465759,-181991.0,-181991.0,-0.11779353022575378,-0.11779353022575378,-400896.0,-400896.0,-0.14175954461097717,-0.14175954461097717,-518047.0,-518047.0,-0.09815213829278946,-0.09815213829278946,-443317.0,-443317.0,-0.03156853839755058,-0.03156853839755058,0.0,0.0,1.0,1.0,1.0,1.0,0.7156721353530884,0.7156721353530884
8089,2026-09-04,0,-39000.0,-39000.0,-0.29323309659957886,-0.29323309659957886,-93000.0,-93000.0,-0.29712459444999695,-0.29712459444999695,-132000.0,-132000.0,-0.2218487411737442,-0.2218487411737442,-52000.0,-52000.0,-0.047706421464681625,-0.047706421464681625,-67000.0,-67000.0,-0.035733334720134735,-0.035733334720134735,0.0,0.0,0.0,0.0,0.0,0.0,0.20151907205581665,0.20151907205581665
8091,2026-09-04,0,20000.0,20000.0,0.08583690971136093,0.08583690971136093,-129639.0,-129639.0,-0.16792616248130798,-0.16792616248130798,-233467.0,-233467.0,-0.17754144966602325,-0.17754144966602325,-237946.0,-237946.0,-0.09960067272186279,-0.09960067272186279,-159693.0,-159693.0,-0.02660219930112362,-0.02660219930112362,0.0,0.0,1.0,1.0,1.0,1.0,0.436234712600708,0.436234712600708
8092,2026-09-04,0,0.0,0.0,0.0,0.0,0.0,0.0,0.0,0.0,8583.0,8583.0,0.060872338712215424,0.060872338712215424,-4498.0,-4498.0,-0.008017824962735176,-0.008017824962735176,7000.0,7000.0,0.007231405004858971,0.007231405004858971,0.0,0.0,0.0,0.0,0.0,0.0,0.03323286399245262,0.03323286399245262
8093,2026-09-04,0,-800.0,-800.0,-0.05714285746216774,-0.05714285746216774,-8800.0,-8800.0,-0.06376811861991882,-0.06376811861991882,-12800.0,-12800.0,-0.050196077674627304,-0.050196077674627304,-14800.0,-14800.0,-0.014467253349721432,-0.014467253349721432,-20800.0,-20800.0,-0.011600669473409653,-0.011600669473409653,0.0,0.0,0.0,0.0,0.0,0.0,0.024749163538217545,0.024749163538217545
8096,2026-09-04,0,562503.0,562503.0,0.3662129044532776,0.3662129044532776,-52592.0,-52592.0,-0.006634540390223265,-0.006634540390223265,94347.0,94347.0,0.008015887811779976,0.008015887811779976,-1194599.0,-1194599.0,-0.04709820821881294,-0.04709820821881294,-1583254.0,-1583254.0,-0.020637858659029007,-0.020637858659029007,0.0,0.0,1.0,1.0,1.0,1.0,1.0285043716430664,1.0285043716430664
8097,2026-09-04,0,25000.0,25000.0,0.36764705181121826,0.36764705181121826,46000.0,46000.0,0.3458646535873413,0.3458646535873413,45000.0,45000.0,0.14423076808452606,0.14423076808452606,97000.0,97000.0,0.16869565844535828,0.16869565844535828,35597.0,35597.0,0.021379578858613968,0.021379578858613968,0.0,0.0,0.0,0.0,4.0,4.0,0.112764872610569,0.112764872610569
8099,2026-09-04,0,-629.0,-629.0,-0.000892198586370796,-0.000892198586370796,-36629.0,-36629.0,-0.020159052684903145,-0.020159052684903145,-66589.0,-66589.0,-0.029873933643102646,-0.029873933643102646,754912.0,754912.0,0.1366603970527649,0.1366603970527649,791104.0,791104.0,0.12200863659381866,0.12200863659381866,0.0,0.0,0.0,0.0,0.0,0.0,0.704487144947052,0.704487144947052
8101,2026-09-04,0,0.0,0.0,0.0,0.0,0.0,0.0,0.0,0.0,0.0,0.0,0.0,0.0,-150.0,-150.0,-0.0016404916532337666,-0.0016404916532337666,0.0,0.0,0.0,0.0,0.0,0.0,0.0,0.0,0.0,0.0,0.014009066857397556,0.014009066857397556
8103,2026-09-04,0,-400353.0,-400353.0,-0.0699462816119194,-0.0699462816119194,-80924.0,-80924.0,-0.005683280061930418,-0.005683280061930418,1090359.0,1090359.0,0.031029950827360153,0.031029950827360153,3974885.0,3974885.0,0.05031279847025871,0.05031279847025871,2188766.0,2188766.0,0.02200198732316494,0.02200198732316494,0.0,0.0,0.0,0.0,0.0,0.0,7.297251224517822,7.297251224517822
8104,2026-09-04,0,56000.0,56000.0,0.29399412870407104,0.29399412870407104,-26999.0,-26999.0,-0.04185151681303978,-0.04185151681303978,-4463.0,-4463.0,-0.004034168086946011,-0.004034168086946011,346672.0,346672.0,0.1316724568605423,0.1316724568605423,648025.0,648025.0,0.12424011528491974,0.12424011528491974,0.0,0.0,1.0,1.0,1.0,1.0,0.18305142223834991,0.18305142223834991
8105,2026-09-04,0,-32000.0,-32000.0,-0.008186966180801392,-0.008186966180801392,-2690659.0,-2690659.0,-0.19514299929141998,-0.19514299929141998,-7044765.0,-7044765.0,-0.20909495651721954,-0.20909495651721954,3449037.0,3449037.0,0.036539074033498764,0.036539074033498764,4838825.0,4838825.0,0.041777193546295166,0.041777193546295166,0.0,0.0,0.0,0.0,0.0,0.0,0.8852219581604004,0.8852219581604004
8107,2026-09-04,0,3000.0,3000.0,0.06382978707551956,0.06382978707551956,7000.0,7000.0,0.07954545319080353,0.07954545319080353,4000.0,4000.0,0.026143791154026985,0.026143791154026985,21000.0,21000.0,0.059490084648132324,0.059490084648132324,129999.0,129999.0,0.12275637686252594,0.12275637686252594,0.0,0.0,0.0,0.0,3.0,3.0,0.06266666948795319,0.06266666948795319
8109,2026-09-04,0,-14880.0,-14880.0,-0.047539934515953064,-0.047539934515953064,-357675.0,-357675.0,-0.216379314661026,-0.216379314661026,-276675.0,-276675.0,-0.136025071144104,-0.136025071144104,-344868.0,-344868.0,-0.08849576860666275,-0.08849576860666275,-1405105.0,-1405105.0,-0.15522591769695282,-0.15522591769695282,0.0,0.0,0.0,0.0,0.0,0.0,0.38095822930336,0.38095822930336
8110,2026-09-04,0,144389.0,144389.0,0.06212858110666275,0.06212858110666275,119739.0,119739.0,0.016137177124619484,0.016137177124619484,548508.0,548508.0,0.041900940239429474,0.041900940239429474,1684239.0,1684239.0,0.05470051243901253,0.05470051243901253,6402280.0,6402280.0,0.07603199034929276,0.07603199034929276,0.0,0.0,1.0,1.0,1.0,1.0,0.4488808214664459,0.4488808214664459
8111,2026-09-04,0,-646408.0,-646408.0,-0.04059077054262161,-0.04059077054262161,731826.0,731826.0,0.007409995887428522,0.007409995887428522,2217648.0,2217648.0,0.015149007551372051,0.015149007551372051,1753130.0,1753130.0,0.009219188243150711,0.009219188243150711,2221201.0,2221201.0,0.009570388123393059,0.009570388123393059,0.0,0.0,0.0,0.0,0.0,0.0,14.596403121948242,14.596403121948242
8112,2026-09-04,0,-1420089.0,-1420089.0,-0.25484713912010193,-0.25484713912010193,-9168835.0,-9168835.0,-0.4217718839645386,-0.4217718839645386,-12038343.0,-12038343.0,-0.3676716387271881,-0.3676716387271881,-15989449.0,-15989449.0,-0.1884964406490326,-0.1884964406490326,6671829.0,6671829.0,0.0214072298258543,0.0214072298258543,0.0,0.0,0.0,0.0,0.0,0.0,0.985739529132843,0.985739529132843
8114,2026-09-04,0,138230.0,138230.0,0.47617900371551514,0.47617900371551514,-63014.0,-63014.0,-0.053499672561883926,-0.053499672561883926,-64818.0,-64818.0,-0.03278784826397896,-0.03278784826397896,-359508.0,-359508.0,-0.09895266592502594,-0.09895266592502594,-1769438.0,-1769438.0,-0.1672632098197937,-0.1672632098197937,0.0,0.0,1.0,1.0,1.0,1.0,0.37952470779418945,0.37952470779418945
8121,2026-09-04,0,165753.0,165753.0,0.47905492782592773,0.47905492782592773,-89373.0,-89373.0,-0.07972613722085953,-0.07972613722085953,-231738.0,-231738.0,-0.10620439797639847,-0.10620439797639847,-285657.0,-285657.0,-0.05878925696015358,-0.05878925696015358,-704170.0,-704170.0,-0.05633360147476196,-0.05633360147476196,0.0,0.0,1.0,1.0,1.0,1.0,0.16244608163833618,0.16244608163833618
8131,2026-09-04,0,56014.0,56014.0,0.04986921325325966,0.04986921325325966,-422302.0,-422302.0,-0.11525275558233261,-0.11525275558233261,-384238.0,-384238.0,-0.060161035507917404,-0.060161035507917404,-757881.0,-757881.0,-0.04949771240353584,-0.04949771240353584,-214075.0,-214075.0,-0.005025806371122599,-0.005025806371122599,0.0,0.0,1.0,1.0,1.0,1.0,0.25399401783943176,0.25399401783943176
8147,2026-09-04,0,-44376.0,-44376.0,-0.12500281631946564,-0.12500281631946564,-99577.0,-99577.0,-0.16596166789531708,-0.16596166789531708,-150472.0,-150472.0,-0.12994128465652466,-0.12994128465652466,107008.0,107008.0,0.05587885156273842,0.05587885156273842,-4977.0,-4977.0,-0.001534690149128437,-0.001534690149128437,0.0,0.0,0.0,0.0,0.0,0.0,0.8511624932289124,0.8511624932289124
8150,2026-09-04,0,-2380533.0,-2380533.0,-0.13948185741901398,-0.13948185741901398,-5654660.0,-5654660.0,-0.09517191350460052,-0.09517191350460052,7678887.0,7678887.0,0.06154732406139374,0.06154732406139374,11716748.0,11716748.0,0.050732504576444626,0.050732504576444626,-6187937.0,-6187937.0,-0.009142213501036167,-0.009142213501036167,1.0,1.0,0.0,0.0,0.0,0.0,2.422485589981079,2.422485589981079
8155,2026-09-04,0,-81000.0,-81000.0,-0.154875710606575,-0.154875710606575,-291912.0,-291912.0,-0.1556863933801651,-0.1556863933801651,-428795.0,-428795.0,-0.12000979483127594,-0.12000979483127594,-943847.0,-943847.0,-0.1024584248661995,-0.1024584248661995,-1572317.0,-1572317.0,-0.1002817153930664,-0.1002817153930664,0.0,0.0,0.0,0.0,0.0,0.0,0.8629705905914307,0.8629705905914307
8162,2026-09-04,0,10000.0,10000.0,0.18413832783699036,0.18413832783699036,22203.0,22203.0,0.08378490805625916,0.08378490805625916,11639.0,11639.0,0.024370530620217323,0.024370530620217323,-213422.0,-213422.0,-0.14408595860004425,-0.14408595860004425,-365975.0,-365975.0,-0.1151641234755516,-0.1151641234755516,0.0,0.0,0.0,0.0,3.0,3.0,0.07904718816280365,0.07904718816280365
8163,2026-09-04,0,164000.0,164000.0,0.30588510632514954,0.30588510632514954,256540.0,256540.0,0.15493501722812653,0.15493501722812653,127909.0,127909.0,0.04834294319152832,0.04834294319152832,517445.0,517445.0,0.0981360673904419,0.0981360673904419,1445600.0,1445600.0,0.12195771187543869,0.12195771187543869,0.0,0.0,1.0,1.0,1.0,1.0,0.1914817839860916,0.1914817839860916
8171,2026-09-04,0,22000.0,22000.0,0.2650602459907532,0.2650602459907532,-61000.0,-61000.0,-0.17941176891326904,-0.17941176891326904,-61000.0,-61000.0,-0.09457364678382874,-0.09457364678382874,-6249.0,-6249.0,-0.004999199882149696,-0.004999199882149696,-74249.0,-74249.0,-0.03746165335178375,-0.03746165335178375,0.0,0.0,1.0,1.0,1.0,1.0,0.07354678958654404,0.07354678958654404
8176,2026-09-04,0,-5000.0,-5000.0,-0.07352941483259201,-0.07352941483259201,-7000.0,-7000.0,-0.05343511328101158,-0.05343511328101158,-5000.0,-5000.0,-0.023923445492982864,-0.023923445492982864,25000.0,25000.0,0.04595588147640228,0.04595588147640228,93000.0,93000.0,0.0600387342274189,0.0600387342274189,0.0,0.0,0.0,0.0,0.0,0.0,0.09483828395605087,0.09483828395605087
8182,2026-09-04,0,80150.0,80150.0,0.3130859434604645,0.3130859434604645,-233150.0,-233150.0,-0.17030678689479828,-0.17030678689479828,-302974.0,-302974.0,-0.12876072525978088,-0.12876072525978088,-87804.0,-87804.0,-0.014164219610393047,-0.014164219610393047,119521.0,119521.0,0.005916588474065065,0.005916588474065065,0.0,0.0,1.0,1.0,1.0,1.0,0.2391602098941803,0.2391602098941803
8183,2026-09-04,0,-63000.0,-63000.0,-0.09473684430122375,-0.09473684430122375,-120001.0,-120001.0,-0.11183690279722214,-0.11183690279722214,-133001.0,-133001.0,-0.09166160970926285,-0.09166160970926285,80999.0,80999.0,0.03473370522260666,0.03473370522260666,313998.0,313998.0,0.07004193961620331,0.07004193961620331,0.0,0.0,0.0,0.0,0.0,0.0,0.5484488010406494,0.5484488010406494
8201,2026-09-04,0,-3000.0,-3000.0,-0.11535799503326416,-0.11535799503326416,2000.0,2000.0,0.038291435688734055,0.038291435688734055,-177.0,-177.0,-0.001552522648125887,-0.001552522648125887,-8177.0,-8177.0,-0.032421138137578964,-0.032421138137578964,-14177.0,-14177.0,-0.027323415502905846,-0.027323415502905846,0.0,0.0,0.0,0.0,0.0,0.0,0.041698817163705826,0.041698817163705826
8210,2026-09-04,0,174344.0,174344.0,0.1887654960155487,0.1887654960155487,-18729.0,-18729.0,-0.005385688040405512,-0.005385688040405512,27547.0,27547.0,0.004406342748552561,0.004406342748552561,758982.0,758982.0,0.05663811042904854,0.05663811042904854,288841.0,288841.0,0.009126583114266396,0.009126583114266396,0.0,0.0,1.0,1.0,1.0,1.0,0.7352390289306641,0.7352390289306641
8213,2026-09-04,0,-30000.0,-30000.0,-0.1134219765663147,-0.1134219765663147,-160421.0,-160421.0,-0.16959255933761597,-0.16959255933761597,118105.0,118105.0,0.06628312915563583,0.06628312915563583,237125.0,237125.0,0.07048279792070389,0.07048279792070389,595921.0,595921.0,0.06557951867580414,0.06557951867580414,0.0,0.0,0.0,0.0,0.0,0.0,0.09751385450363159,0.09751385450363159
8215,2026-09-04,0,-64180.0,-64180.0,-0.10045437514781952,-0.10045437514781952,-256199.0,-256199.0,-0.09140490740537643,-0.09140490740537643,-829170.0,-829170.0,-0.19507449865341187,-0.19507449865341187,13522.0,13522.0,0.0018169839167967439,0.0018169839167967439,748763.0,748763.0,0.06341327726840973,0.06341327726840973,1.0,1.0,0.0,0.0,0.0,0.0,0.19923534989356995,0.19923534989356995
8222,2026-09-04,0,-105934.0,-105934.0,-0.2608126103878021,-0.2608126103878021,-235254.0,-235254.0,-0.17742471396923065,-0.17742471396923065,-260763.0,-260763.0,-0.1023452877998352,-0.1023452877998352,-123.0,-123.0,-1.463545959268231e-05,-1.463545959268231e-05,121894.0,121894.0,0.005544954910874367,0.005544954910874367,0.0,0.0,0.0,0.0,0.0,0.0,0.5923119187355042,0.5923119187355042
8227,2026-09-04,0,2938.0,2938.0,0.010921932756900787,0.010921932756900787,-49790.0,-49790.0,-0.0490059070289135,-0.0490059070289135,-102471.0,-102471.0,-0.03723510354757309,-0.03723510354757309,-200183.0,-200183.0,-0.024793535470962524,-0.024793535470962524,-686787.0,-686787.0,-0.04575224965810776,-0.04575224965810776,0.0,0.0,1.0,1.0,1.0,1.0,0.680272102355957,0.680272102355957
8234,2026-09-04,0,208092.0,208092.0,0.46762245893478394,0.46762245893478394,58622.0,58622.0,0.035464003682136536,0.035464003682136536,187030.0,187030.0,0.0798250138759613,0.0798250138759613,659745.0,659745.0,0.14535029232501984,0.14535029232501984,704717.0,704717.0,0.04684995487332344,0.04684995487332344,0.0,0.0,1.0,1.0,1.0,1.0,0.31509673595428467,0.31509673595428467
8240,2026-09-04,0,65000.0,65000.0,0.05086072161793709,0.05086072161793709,-946000.0,-946000.0,-0.16764132678508759,-0.16764132678508759,-1113000.0,-1113000.0,-0.1477891355752945,-0.1477891355752945,-1656900.0,-1656900.0,-0.16627195477485657,-0.16627195477485657,-1388349.0,-1388349.0,-0.12327730655670166,-0.12327730655670166,0.0,0.0,1.0,1.0,1.0,1.0,1.2779436111450195,1.2779436111450195
8249,2026-09-04,0,134000.0,134000.0,0.49872156977653503,0.49872156977653503,163016.0,163016.0,0.1932889074087143,0.1932889074087143,154125.0,154125.0,0.12778843939304352,0.12778843939304352,257431.0,257431.0,0.12190353125333786,0.12190353125333786,896926.0,896926.0,0.18304391205310822,0.18304391205310822,0.0,0.0,1.0,1.0,1.0,1.0,0.19494864344596863,0.19494864344596863
8255,2026-09-04,0,6275.0,6275.0,0.03373656049370766,0.03373656049370766,98806.0,98806.0,0.1366611272096634,0.1366611272096634,41292.0,41292.0,0.029749279841780663,0.029749279841780663,154368.0,154368.0,0.05039764940738678,0.05039764940738678,336752.0,336752.0,0.045298896729946136,0.045298896729946136,0.0,0.0,0.0,0.0,4.0,4.0,0.18271572887897491,0.18271572887897491
8261,2026-09-04,0,480632.0,480632.0,0.1370910406112671,0.1370910406112671,-138356.0,-138356.0,-0.015318023040890694,-0.015318023040890694,24192.0,24192.0,0.0017088360618799925,0.0017088360618799925,-201006.0,-201006.0,-0.004705401137471199,-0.004705401137471199,-5899061.0,-5899061.0,-0.04715721309185028,-0.04715721309185028,0.0,0.0,1.0,1.0,1.0,1.0,2.949176073074341,2.949176073074341
8271,2026-09-04,0,-329374.0,-329374.0,-0.17002739012241364,-0.17002739012241364,-1145086.0,-1145086.0,-0.17068885266780853,-0.17068885266780853,-1888138.0,-1888138.0,-0.16563649475574493,-0.16563649475574493,935498.0,935498.0,0.026869095861911774,0.026869095861911774,-3401352.0,-3401352.0,-0.040139082819223404,-0.040139082819223404,0.0,0.0,0.0,0.0,0.0,0.0,1.4945746660232544,1.4945746660232544
8272,2026-09-04,0,0.0,0.0,0.0,0.0,0.0,0.0,0.0,0.0,0.0,0.0,0.0,0.0,2000.0,2000.0,0.02380952425301075,0.02380952425301075,-1000.0,-1000.0,-0.0060606058686971664,-0.0060606058686971664,0.0,0.0,0.0,0.0,0.0,0.0,0.026318898424506187,0.026318898424506187
8277,2026-09-04,0,2000.0,2000.0,0.019607843831181526,0.019607843831181526,3999.0,3999.0,0.004715801682323217,0.004715801682323217,16999.0,16999.0,0.015439600683748722,0.015439600683748722,1999.0,1999.0,0.0012700126972049475,0.0012700126972049475,-7001.0,-7001.0,-0.0029766156803816557,-0.0029766156803816557,0.0,0.0,0.0,0.0,2.0,2.0,0.1113186702132225,0.1113186702132225
8279,2026-09-04,0,-15000.0,-15000.0,-0.11627907305955887,-0.11627907305955887,6000.0,6000.0,0.020066889002919197,0.020066889002919197,9000.0,9000.0,0.017786560580134392,0.017786560580134392,-1980.0,-1980.0,-0.0017506631556898355,-0.0017506631556898355,11020.0,11020.0,0.007810063660144806,0.007810063660144806,0.0,0.0,0.0,0.0,0.0,0.0,0.4759998023509979,0.4759998023509979
8284,2026-09-04,0,-1000.0,-1000.0,-0.0833333358168602,-0.0833333358168602,3000.0,3000.0,0.037974681705236435,0.037974681705236435,3000.0,3000.0,0.02459016442298889,0.02459016442298889,5000.0,5000.0,0.0229357797652483,0.0229357797652483,31000.0,31000.0,0.025683512911200523,0.025683512911200523,0.0,0.0,0.0,0.0,0.0,0.0,0.02536837011575699,0.02536837011575699
8289,2026-09-04,0,61110.0,61110.0,0.28161290287971497,0.28161290287971497,-115051.0,-115051.0,-0.11644838005304337,-0.11644838005304337,48326.0,48326.0,0.029147164896130562,0.029147164896130562,285359.0,285359.0,0.08343830704689026,0.08343830704689026,186825.0,186825.0,0.019254354760050774,0.019254354760050774,0.0,0.0,1.0,1.0,1.0,1.0,0.31755897402763367,0.31755897402763367
8291,2026-09-04,0,0.0,0.0,0.0,0.0,-2000.0,-2000.0,-0.08695652335882187,-0.08695652335882187,4000.0,4000.0,0.08163265138864517,0.08163265138864517,-10000.0,-10000.0,-0.061349693685770035,-0.061349693685770035,-5000.0,-5000.0,-0.010438413359224796,-0.010438413359224796,0.0,0.0,0.0,0.0,0.0,0.0,0.08009863644838333,0.08009863644838333
8299,2026-09-04,0,122140.0,122140.0,0.04446304962038994,0.04446304962038994,671591.0,671591.0,0.07655203342437744,0.07655203342437744,305314.0,305314.0,0.01035419013351202,0.01035419013351202,1824650.0,1824650.0,0.037602268159389496,0.037602268159389496,-228804.0,-228804.0,-0.002218361245468259,-0.002218361245468259,1.0,1.0,0.0,0.0,3.0,3.0,1.242504358291626,1.242504358291626
8341,2026-09-04,0,-29000.0,-29000.0,-0.18347927927970886,-0.18347927927970886,-44000.0,-44000.0,-0.12385399639606476,-0.12385399639606476,-72982.0,-72982.0,-0.08749359846115112,-0.08749359846115112,41144.0,41144.0,0.026033997535705566,0.026033997535705566,195677.0,195677.0,0.06392496079206467,0.06392496079206467,0.0,0.0,0.0,0.0,0.0,0.0,0.1215815395116806,0.1215815395116806
8342,2026-09-02,0,0.0,0.0,0.0,0.0,1000.0,1000.0,0.125,0.125,1000.0,1000.0,0.0625,0.0625,3000.0,3000.0,0.09677419066429138,0.09677419066429138,6000.0,6000.0,0.09090909361839294,0.09090909361839294,0.0,0.0,0.0,0.0,0.0,0.0,0.014909043908119202,0.014909043908119202
8349,2026-09-04,0,13000.0,13000.0,0.22413793206214905,0.22413793206214905,145000.0,145000.0,0.44207316637039185,0.44207316637039185,164000.0,164000.0,0.30540037155151367,0.30540037155151367,156000.0,156000.0,0.17848969995975494,0.17848969995975494,113864.0,113864.0,0.07252483814954758,0.07252483814954758,0.0,0.0,0.0,0.0,4.0,4.0,0.027774931862950325,0.027774931862950325
8354,2026-09-04,0,-5000.0,-5000.0,-0.09803921729326248,-0.09803921729326248,34000.0,34000.0,0.056105609983205795,0.056105609983205795,31000.0,31000.0,0.044668588787317276,0.044668588787317276,42000.0,42000.0,0.0382862351834774,0.0382862351834774,96002.0,96002.0,0.024102937430143356,0.024102937430143356,0.0,0.0,0.0,0.0,0.0,0.0,0.06494146585464478,0.06494146585464478
8358,2026-09-04,0,908089.0,908089.0,0.21876391768455505,0.21876391768455505,1837180.0,1837180.0,0.11060020327568054,0.11060020327568054,1806621.0,1806621.0,0.018851369619369507,0.018851369619369507,3392213.0,3392213.0,0.014746187254786491,0.014746187254786491,-7834116.0,-7834116.0,-0.015313869342207909,-0.015313869342207909,2.0,2.0,0.0,0.0,3.0,3.0,1.6433876752853394,1.6433876752853394
8367,2026-09-04,0,-1000.0,-1000.0,-0.09938382357358932,-0.09938382357358932,0.0,0.0,0.0,0.0,-7000.0,-7000.0,-0.11629645526409149,-0.11629645526409149,4000.0,4000.0,0.0326874814927578,0.0326874814927578,-1950.0,-1950.0,-0.004965597297996283,-0.004965597297996283,0.0,0.0,0.0,0.0,0.0,0.0,0.010916543193161488,0.010916543193161488
8374,2026-09-04,0,93000.0,93000.0,0.30958104133605957,0.30958104133605957,88100.0,88100.0,0.08771973848342896,0.08771973848342896,32690.0,32690.0,0.023512165993452072,0.023512165993452072,122910.0,122910.0,0.043461643159389496,0.043461643159389496,-282326.0,-282326.0,-0.024842580780386925,-0.024842580780386925,0.0,0.0,1.0,1.0,1.0,1.0,0.26762109994888306,0.26762109994888306
8383,2026-09-04,0,144850.0,144850.0,0.18197235465049744,0.18197235465049744,-382963.0,-382963.0,-0.14247135818004608,-0.14247135818004608,-631040.0,-631040.0,-0.12476077675819397,-0.12476077675819397,-1746357.0,-1746357.0,-0.10466628521680832,-0.10466628521680832,-4866768.0,-4866768.0,-0.1135980561375618,-0.1135980561375618,0.0,0.0,1.0,1.0,1.0,1.0,0.6997157335281372,0.6997157335281372
8390,2026-09-04,0,-80000.0,-80000.0,-0.21447721123695374,-0.21447721123695374,-150526.0,-150526.0,-0.17750707268714905,-0.17750707268714905,-338805.0,-338805.0,-0.24444805085659027,-0.24444805085659027,-605817.0,-605817.0,-0.13994386792182922,-0.13994386792182922,-814563.0,-814563.0,-0.09318876266479492,-0.09318876266479492,0.0,0.0,0.0,0.0,0.0,0.0,0.3880722224712372,0.3880722224712372
8401,2026-09-04,0,0.0,0.0,0.0,0.0,14000.0,14000.0,0.27450981736183167,0.27450981736183167,25000.0,25000.0,0.23148147761821747,0.23148147761821747,23000.0,23000.0,0.09871244430541992,0.09871244430541992,70000.0,70000.0,0.1380670666694641,0.1380670666694641,0.0,0.0,0.0,0.0,0.0,0.0,0.022640742361545563,0.022640742361545563
8403,2026-09-04,0,-13000.0,-13000.0,-0.3095238208770752,-0.3095238208770752,-25000.0,-25000.0,-0.14367815852165222,-0.14367815852165222,-32000.0,-32000.0,-0.14035087823867798,-0.14035087823867798,-74000.0,-74000.0,-0.10709117352962494,-0.10709117352962494,206361.0,206361.0,0.10369899868965149,0.10369899868965149,0.0,0.0,0.0,0.0,0.0,0.0,0.0305143091827631,0.0305143091827631
8404,2026-09-04,0,-36000.0,-36000.0,-0.13281583786010742,-0.13281583786010742,-55950.0,-55950.0,-0.0654643252491951,-0.0654643252491951,34333.0,34333.0,0.024147694930434227,0.024147694930434227,328034.0,328034.0,0.14894360303878784,0.14894360303878784,709934.0,709934.0,0.15635597705841064,0.15635597705841064,0.0,0.0,0.0,0.0,0.0,0.0,0.06454635411500931,0.06454635411500931
8409,2026-09-04,0,0.0,0.0,0.0,0.0,0.0,0.0,0.0,0.0,0.0,0.0,0.0,0.0,0.0,0.0,0.0,0.0,2000.0,2000.0,0.00917431153357029,0.00917431153357029,0.0,0.0,0.0,0.0,0.0,0.0,0.012500000186264515,0.012500000186264515
8410,2026-09-04,0,-1000.0,-1000.0,-0.1428571492433548,-0.1428571492433548,6000.0,6000.0,0.23076923191547394,0.23076923191547394,9000.0,9000.0,0.20000000298023224,0.20000000298023224,26000.0,26000.0,0.10833333432674408,0.10833333432674408,12000.0,12000.0,0.026030369102954865,0.026030369102954865,0.0,0.0,0.0,0.0,0.0,0.0,0.019131328910589218,0.019131328910589218
8411,2026-09-04,0,8000.0,8000.0,0.1755232810974121,0.1755232810974121,-1000.0,-1000.0,-0.0057929037138819695,-0.0057929037138819695,-21000.0,-21000.0,-0.05779169499874115,-0.05779169499874115,-9000.0,-9000.0,-0.015784461051225662,-0.015784461051225662,112000.0,112000.0,0.07947512716054916,0.07947512716054916,0.0,0.0,1.0,1.0,1.0,1.0,0.020868634805083275,0.020868634805083275
8415,2026-09-04,0,-72959.0,-72959.0,-0.1945573389530182,-0.1945573389530182,9308.0,9308.0,0.007592169567942619,0.007592169567942619,-133692.0,-133692.0,-0.04863295704126358,-0.04863295704126358,-637478.0,-637478.0,-0.11698990315198898,-0.11698990315198898,553165.0,553165.0,0.04526348039507866,0.04526348039507866,2.0,2.0,0.0,0.0,0.0,0.0,0.036354824900627136,0.036354824900627136
8416,2026-09-02,0,0.0,0.0,0.0,0.0,0.0,0.0,0.0,0.0,0.0,0.0,0.0,0.0,-2000.0,-2000.0,-0.03703703731298447,-0.03703703731298447,0.0,0.0,0.0,0.0,0.0,0.0,0.0,0.0,0.0,0.0,0.010634259320795536,0.010634259320795536
8421,2026-09-04,0,-41000.0,-41000.0,-0.4019607901573181,-0.4019607901573181,-58000.0,-58000.0,-0.14987079799175262,-0.14987079799175262,-162000.0,-162000.0,-0.19262781739234924,-0.19262781739234924,-135000.0,-135000.0,-0.10489510744810104,-0.10489510744810104,35126.0,35126.0,0.008821194991469383,0.008821194991469383,0.0,0.0,0.0,0.0,0.0,0.0,0.1598316729068756,0.1598316729068756
8422,2026-09-04,0,-444000.0,-444000.0,-0.14882972836494446,-0.14882972836494446,104000.0,104000.0,0.011297274380922318,0.011297274380922318,-162000.0,-162000.0,-0.007917124778032303,-0.007917124778032303,5741359.0,5741359.0,0.13732817769050598,0.13732817769050598,15111714.0,15111714.0,0.16499952971935272,0.16499952971935272,1.0,1.0,0.0,0.0,0.0,0.0,0.21977993845939636,0.21977993845939636
8423,2026-09-04,0,0.0,0.0,0.0,0.0,14025.0,14025.0,0.15412087738513947,0.15412087738513947,13025.0,13025.0,0.10854166746139526,0.10854166746139526,13025.0,13025.0,0.0824367105960846,0.0824367105960846,10025.0,10025.0,0.03606115281581879,0.03606115281581879,0.0,0.0,0.0,0.0,0.0,0.0,0.03595912456512451,0.03595912456512451
8424,2026-09-04,0,-1000.0,-1000.0,-0.3333333432674408,-0.3333333432674408,1000.0,1000.0,0.0833333358168602,0.0833333358168602,2000.0,2000.0,0.08695652335882187,0.08695652335882187,-6000.0,-6000.0,-0.0882352963089943,-0.0882352963089943,5000.0,5000.0,0.0223214291036129,0.0223214291036129,0.0,0.0,0.0,0.0,0.0,0.0,0.008320767432451248,0.008320767432451248
8426,2026-09-04,0,21000.0,21000.0,0.6176470518112183,0.6176470518112183,25000.0,25000.0,0.34246575832366943,0.34246575832366943,26000.0,26000.0,0.3333333432674408,0.3333333432674408,46000.0,46000.0,0.1796875,0.1796875,20000.0,20000.0,0.04032257944345474,0.04032257944345474,0.0,0.0,0.0,0.0,1.0,1.0,0.06767179071903229,0.06767179071903229
8429,2026-09-04,0,49000.0,49000.0,0.6855064630508423,0.6855064630508423,72000.0,72000.0,0.3068425953388214,0.3068425953388214,77000.0,77000.0,0.2050085961818695,0.2050085961818695,305000.0,305000.0,0.33622413873672485,0.33622413873672485,389000.0,389000.0,0.18619540333747864,0.18619540333747864,0.0,0.0,0.0,0.0,4.0,4.0,0.0384824201464653,0.0384824201464653
8431,2026-09-04,0,710202.0,710202.0,0.06692442297935486,0.06692442297935486,1503039.0,1503039.0,0.07021249830722809,0.07021249830722809,1297499.0,1297499.0,0.05586407333612442,0.05586407333612442,1317507.0,1317507.0,0.05261819437146187,0.05261819437146187,1326857.0,1326857.0,0.04940635338425636,0.04940635338425636,0.0,0.0,0.0,0.0,4.0,4.0,21.75556182861328,21.75556182861328
8432,2026-09-04,0,25000.0,25000.0,0.17123287916183472,0.17123287916183472,35000.0,35000.0,0.1569506675004959,0.1569506675004959,35000.0,35000.0,0.14227642118930817,0.14227642118930817,38000.0,38000.0,0.1111111119389534,0.1111111119389534,21000.0,21000.0,0.036332178860902786,0.036332178860902786,0.0,0.0,0.0,0.0,3.0,3.0,0.3802267611026764,0.3802267611026764
8433,2026-09-04,0,-1000.0,-1000.0,-0.3333333432674408,-0.3333333432674408,-3000.0,-3000.0,-0.13636364042758942,-0.13636364042758942,-3000.0,-3000.0,-0.0810810774564743,-0.0810810774564743,1000.0,1000.0,0.010101010091602802,0.010101010091602802,28000.0,28000.0,0.07821229100227356,0.07821229100227356,0.0,0.0,0.0,0.0,0.0,0.0,0.005503971129655838,0.005503971129655838
8435,2026-09-04,0,0.0,0.0,0.0,0.0,6000.0,6000.0,0.2142857164144516,0.2142857164144516,9000.0,9000.0,0.10588235408067703,0.10588235408067703,19000.0,19000.0,0.12337662279605865,0.12337662279605865,20000.0,20000.0,0.05524861812591553,0.05524861812591553,0.0,0.0,0.0,0.0,0.0,0.0,0.011363491415977478,0.011363491415977478
8436,2026-09-04,0,-147950.0,-147950.0,-0.11259512603282928,-0.11259512603282928,-575830.0,-575830.0,-0.2041226476430893,-0.2041226476430893,-572815.0,-572815.0,-0.09702151268720627,-0.09702151268720627,-1365815.0,-1365815.0,-0.13912753760814667,-0.13912753760814667,-4100486.0,-4100486.0,-0.1899956464767456,-0.1899956464767456,0.0,0.0,0.0,0.0,0.0,0.0,1.1161242723464966,1.1161242723464966
8437,2026-09-04,0,0.0,0.0,0.0,0.0,13000.0,13000.0,0.2954545319080353,0.2954545319080353,13000.0,13000.0,0.22033898532390594,0.22033898532390594,35000.0,35000.0,0.2800000011920929,0.2800000011920929,56999.0,56999.0,0.15039314329624176,0.15039314329624176,0.0,0.0,0.0,0.0,0.0,0.0,0.023397251963615417,0.023397251963615417
8438,2026-09-04,0,5050.0,5050.0,0.02736741676926613,0.02736741676926613,-51679.0,-51679.0,-0.094339519739151,-0.094339519739151,-53254.0,-53254.0,-0.05981592833995819,-0.05981592833995819,24832.0,24832.0,0.011564909480512142,0.011564909480512142,-261051.0,-261051.0,-0.05796627327799797,-0.05796627327799797,0.0,0.0,1.0,1.0,1.0,1.0,0.26382339000701904,0.26382339000701904
8440,2026-09-04,0,2000.0,2000.0,0.07407407462596893,0.07407407462596893,7000.0,7000.0,0.05303030461072922,0.05303030461072922,10000.0,10000.0,0.05291005223989487,0.05291005223989487,78999.0,78999.0,0.15991699695587158,0.15991699695587158,138998.0,138998.0,0.12300708144903183,0.12300708144903183,0.0,0.0,0.0,0.0,5.0,5.0,0.053725678473711014,0.053725678473711014
8442,2026-09-04,0,4000.0,4000.0,0.20034058392047882,0.20034058392047882,19000.0,19000.0,0.28528955578804016,0.28528955578804016,46000.0,46000.0,0.18520905077457428,0.18520905077457428,-110000.0,-110000.0,-0.08978580683469772,-0.08978580683469772,24000.0,24000.0,0.012278802692890167,0.012278802692890167,2.0,2.0,0.0,0.0,5.0,5.0,0.028453851118683815,0.028453851118683815
8443,2026-09-04,0,2000.0,2000.0,0.0632271096110344,0.0632271096110344,0.0,0.0,0.0,0.0,-1000.0,-1000.0,-0.007081199903041124,-0.007081199903041124,3000.0,3000.0,0.011273110285401344,0.011273110285401344,17000.0,17000.0,0.008397205732762814,0.008397205732762814,0.0,0.0,1.0,1.0,1.0,1.0,0.047353293746709824,0.047353293746709824
8444,2026-09-04,0,0.0,0.0,0.0,0.0,0.0,0.0,0.0,0.0,8000.0,8000.0,0.17391304671764374,0.17391304671764374,8000.0,8000.0,0.060150377452373505,0.060150377452373505,10000.0,10000.0,0.0416666679084301,0.0416666679084301,0.0,0.0,0.0,0.0,0.0,0.0,0.004795977380126715,0.004795977380126715
8446,2026-09-04,0,4000.0,4000.0,0.1666666716337204,0.1666666716337204,19000.0,19000.0,0.16239316761493683,0.16239316761493683,40000.0,40000.0,0.20304568111896515,0.20304568111896515,83000.0,83000.0,0.24057970941066742,0.24057970941066742,128000.0,128000.0,0.16161616146564484,0.16161616146564484,0.0,0.0,0.0,0.0,14.0,14.0,0.04535626992583275,0.04535626992583275
8450,2026-09-04,0,0.0,0.0,0.0,0.0,-1000.0,-1000.0,-0.012658228166401386,-0.012658228166401386,-1000.0,-1000.0,-0.007751937955617905,-0.007751937955617905,-3000.0,-3000.0,-0.013392857275903225,-0.013392857275903225,-12000.0,-12000.0,-0.028708133846521378,-0.028708133846521378,0.0,0.0,0.0,0.0,0.0,0.0,0.08770228922367096,0.08770228922367096
8454,2026-09-04,0,168944.0,168944.0,0.42679116129875183,0.42679116129875183,-55172.0,-55172.0,-0.04406902939081192,-0.04406902939081192,-69758.0,-69758.0,-0.038649361580610275,-0.038649361580610275,-81764.0,-81764.0,-0.024389319121837616,-0.024389319121837616,-600738.0,-600738.0,-0.05906020104885101,-0.05906020104885101,0.0,0.0,1.0,1.0,1.0,1.0,0.14939016103744507,0.14939016103744507
8455,2026-09-04,0,0.0,0.0,0.0,0.0,0.0,0.0,0.0,0.0,0.0,0.0,0.0,0.0,3000.0,3000.0,0.04838709533214569,0.04838709533214569,3000.0,3000.0,0.0260869562625885,0.0260869562625885,0.0,0.0,0.0,0.0,0.0,0.0,0.06344408541917801,0.06344408541917801
8462,2026-09-04,0,-12070.0,-12070.0,-0.1600838154554367,-0.1600838154554367,-93370.0,-93370.0,-0.35590267181396484,-0.35590267181396484,-143492.0,-143492.0,-0.28370100259780884,-0.28370100259780884,-197873.0,-197873.0,-0.2221609652042389,-0.2221609652042389,19013.0,19013.0,0.008282593451440334,0.008282593451440334,0.0,0.0,0.0,0.0,0.0,0.0,0.09379421919584274,0.09379421919584274
8463,2026-09-04,0,4000.0,4000.0,0.31974419951438904,0.31974419951438904,8000.0,8000.0,0.1623936891555786,0.1623936891555786,-14000.0,-14000.0,-0.0990954041481018,-0.0990954041481018,-8000.0,-8000.0,-0.026793578639626503,-0.026793578639626503,-10000.0,-10000.0,-0.008900978602468967,-0.008900978602468967,0.0,0.0,0.0,0.0,2.0,2.0,0.008340000174939632,0.008340000174939632
8464,2026-09-04,0,29173.0,29173.0,0.16853652894496918,0.16853652894496918,-149741.0,-149741.0,-0.23261316120624542,-0.23261316120624542,-131272.0,-131272.0,-0.1028815358877182,-0.1028815358877182,-15365.0,-15365.0,-0.00504732970148325,-0.00504732970148325,154668.0,154668.0,0.01689945161342621,0.01689945161342621,2.0,2.0,1.0,1.0,1.0,1.0,0.059073060750961304,0.059073060750961304
8466,2026-09-04,0,3000.0,3000.0,0.2098635882139206,0.2098635882139206,-1000.0,-1000.0,-0.037383176386356354,-0.037383176386356354,1000.0,1000.0,0.013631592504680157,0.013631592504680157,21000.0,21000.0,0.11345525085926056,0.11345525085926056,-29000.0,-29000.0,-0.06979995965957642,-0.06979995965957642,0.0,0.0,1.0,1.0,1.0,1.0,0.017993438988924026,0.017993438988924026
8467,2026-09-04,0,2000.0,2000.0,0.08305303007364273,0.08305303007364273,-3000.0,-3000.0,-0.046694058924913406,-0.046694058924913406,-6000.0,-6000.0,-0.07711784541606903,-0.07711784541606903,-26000.0,-26000.0,-0.159544438123703,-0.159544438123703,-4000.0,-4000.0,-0.008511381223797798,-0.008511381223797798,0.0,0.0,0.0,0.0,1.0,1.0,0.04978131130337715,0.04978131130337715
8472,2026-09-04,0,0.0,0.0,0.0,0.0,3000.0,3000.0,0.15000000596046448,0.15000000596046448,8000.0,8000.0,0.13114753365516663,0.13114753365516663,8000.0,8000.0,0.07619047909975052,0.07619047909975052,8000.0,8000.0,0.0476190485060215,0.0476190485060215,0.0,0.0,0.0,0.0,0.0,0.0,0.028191566467285156,0.028191566467285156
8473,2026-09-04,0,-173264.0,-173264.0,-0.2505875527858734,-0.2505875527858734,-420029.0,-420029.0,-0.24894678592681885,-0.24894678592681885,-427626.0,-427626.0,-0.16780300438404083,-0.16780300438404083,-584219.0,-584219.0,-0.11313347518444061,-0.11313347518444061,-421428.0,-421428.0,-0.03319338709115982,-0.03319338709115982,0.0,0.0,0.0,0.0,0.0,0.0,0.38158154487609863,0.38158154487609863
8476,2026-09-04,0,29000.0,29000.0,0.12875384092330933,0.12875384092330933,63416.0,63416.0,0.09681403636932373,0.09681403636932373,40006.0,40006.0,0.0338735356926918,0.0338735356926918,271417.0,271417.0,0.11271198838949203,0.11271198838949203,641107.0,641107.0,0.12000445276498795,0.12000445276498795,0.0,0.0,1.0,1.0,1.0,1.0,0.13549956679344177,0.13549956679344177
8477,2026-09-04,0,-1000.0,-1000.0,-0.125,-0.125,-1000.0,-1000.0,-0.0714285746216774,-0.0714285746216774,-3000.0,-3000.0,-0.06382978707551956,-0.06382978707551956,-3000.0,-3000.0,-0.02380952425301075,-0.02380952425301075,-3000.0,-3000.0,-0.008379888720810413,-0.008379888720810413,0.0,0.0,0.0,0.0,0.0,0.0,0.00950450450181961,0.00950450450181961
8478,2026-09-04,0,-9000.0,-9000.0,-0.1397407054901123,-0.1397407054901123,-1651.0,-1651.0,-0.006488249637186527,-0.006488249637186527,43210.0,43210.0,0.08941726386547089,0.08941726386547089,190867.0,190867.0,0.1927787810564041,0.1927787810564041,-197327.0,-197327.0,-0.07760954648256302,-0.07760954648256302,0.0,0.0,0.0,0.0,0.0,0.0,0.0685361698269844,0.0685361698269844
8481,2026-09-04,0,2000.0,2000.0,0.09966114908456802,0.09966114908456802,3000.0,3000.0,0.06793324649333954,0.06793324649333954,5000.0,5000.0,0.09020549058914185,0.09020549058914185,-3000.0,-3000.0,-0.030772702768445015,-0.030772702768445015,-1000.0,-1000.0,-0.003607841907069087,-0.003607841907069087,0.0,0.0,0.0,0.0,2.0,2.0,0.03013128787279129,0.03013128787279129
8482,2026-09-04,0,10000.0,10000.0,0.7586677670478821,0.7586677670478821,11000.0,11000.0,0.3310162127017975,0.3310162127017975,8000.0,8000.0,0.19043084979057312,0.19043084979057312,8000.0,8000.0,0.06515560299158096,0.06515560299158096,12000.0,12000.0,0.07480783760547638,0.07480783760547638,0.0,0.0,0.0,0.0,2.0,2.0,0.01226778607815504,0.01226778607815504
8487,2026-09-04,0,1000.0,1000.0,0.43572986125946045,0.43572986125946045,0.0,0.0,0.0,0.0,-4000.0,-4000.0,-0.055855002254247665,-0.055855002254247665,-2000.0,-2000.0,-0.015514339320361614,-0.015514339320361614,-26000.0,-26000.0,-0.08826544880867004,-0.08826544880867004,0.0,0.0,0.0,0.0,1.0,1.0,0.008648954331874847,0.008648954331874847
8488,2026-09-04,0,78000.0,78000.0,0.40792205929756165,0.40792205929756165,75000.0,75000.0,0.09088562428951263,0.09088562428951263,75000.0,75000.0,0.09001299738883972,0.09001299738883972,74000.0,74000.0,0.05771271884441376,0.05771271884441376,59000.0,59000.0,0.023169392719864845,0.023169392719864845,0.0,0.0,1.0,1.0,1.0,1.0,0.26015374064445496,0.26015374064445496
8489,2026-09-04,0,5000.0,5000.0,0.2083333283662796,0.2083333283662796,15000.0,15000.0,0.1190476194024086,0.1190476194024086,22000.0,22000.0,0.12716762721538544,0.12716762721538544,42000.0,42000.0,0.11444141715765,0.11444141715765,49999.0,49999.0,0.08361037075519562,0.08361037075519562,0.0,0.0,0.0,0.0,6.0,6.0,0.04000736027956009,0.04000736027956009
8499,2026-09-04,0,1000.0,1000.0,0.19546520709991455,0.19546520709991455,-6000.0,-6000.0,-0.16758371889591217,-0.16758371889591217,-36000.0,-36000.0,-0.28845691680908203,-0.28845691680908203,-20000.0,-20000.0,-0.050160009413957596,-0.050160009413957596,38000.0,38000.0,0.05385395884513855,0.05385395884513855,0.0,0.0,1.0,1.0,1.0,1.0,0.012427865527570248,0.012427865527570248
8905,2026-09-04,0,1000.0,1000.0,0.10000000149011612,0.10000000149011612,-12000.0,-12000.0,-0.3636363744735718,-0.3636363744735718,-11990.0,-11990.0,-0.3240540623664856,-0.3240540623664856,-8990.0,-8990.0,-0.1096341460943222,-0.1096341460943222,-14990.0,-14990.0,-0.08236263692378998,-0.08236263692378998,0.0,0.0,0.0,0.0,2.0,2.0,0.008372404612600803,0.008372404612600803
8906,2026-09-04,0,-2000.0,-2000.0,-0.3333333432674408,-0.3333333432674408,22000.0,22000.0,0.28205129504203796,0.28205129504203796,19000.0,19000.0,0.16239316761493683,0.16239316761493683,35000.0,35000.0,0.16990290582180023,0.16990290582180023,63000.0,63000.0,0.12352941185235977,0.12352941185235977,0.0,0.0,0.0,0.0,0.0,0.0,0.013624791987240314,0.013624791987240314
8908,2026-09-04,0,1000.0,1000.0,0.03333333507180214,0.03333333507180214,44000.0,44000.0,0.22448979318141937,0.22448979318141937,97000.0,97000.0,0.3265993297100067,0.3265993297100067,114000.0,114000.0,0.286432147026062,0.286432147026062,163999.0,163999.0,0.2570517361164093,0.2570517361164093,0.0,0.0,0.0,0.0,11.0,11.0,0.00951375998556614,0.00951375998556614
8916,2026-09-04,0,10000.0,10000.0,0.3125,0.3125,8000.0,8000.0,0.060150377452373505,0.060150377452373505,10000.0,10000.0,0.04273504391312599,0.04273504391312599,61344.0,61344.0,0.11662357300519943,0.11662357300519943,-297770.0,-297770.0,-0.16113094985485077,-0.16113094985485077,0.0,0.0,0.0,0.0,2.0,2.0,0.02125128172338009,0.02125128172338009
8917,2026-09-04,0,2000.0,2000.0,0.2222222238779068,0.2222222238779068,11000.0,11000.0,0.18965516984462738,0.18965516984462738,12000.0,12000.0,0.1666666716337204,0.1666666716337204,16000.0,16000.0,0.15841583907604218,0.15841583907604218,15000.0,15000.0,0.1111111119389534,0.1111111119389534,0.0,0.0,0.0,0.0,3.0,3.0,0.005533270072191954,0.005533270072191954
8921,2026-09-04,0,0.0,0.0,0.0,0.0,0.0,0.0,0.0,0.0,0.0,0.0,0.0,0.0,0.0,0.0,0.0,0.0,0.0,0.0,0.0,0.0,0.0,0.0,0.0,0.0,0.0,0.0,0.04292567819356918,0.04292567819356918
8923,2026-09-01,0,0.0,0.0,0.0,0.0,0.0,0.0,0.0,0.0,0.0,0.0,0.0,0.0,0.0,0.0,0.0,0.0,0.0,0.0,0.0,0.0,0.0,0.0,0.0,0.0,0.0,0.0,0.026336755603551865,0.026336755603551865
8924,2026-09-04,0,5000.0,5000.0,0.05000000074505806,0.05000000074505806,52000.0,52000.0,0.18309858441352844,0.18309858441352844,72015.0,72015.0,0.19838842749595642,0.19838842749595642,89035.0,89035.0,0.15565559267997742,0.15565559267997742,82217.0,82217.0,0.06897399574518204,0.06897399574518204,2.0,2.0,0.0,0.0,8.0,8.0,0.1193317398428917,0.1193317398428917
8926,2026-09-04,0,857000.0,857000.0,0.4372870624065399,0.4372870624065399,587765.0,587765.0,0.11119841039180756,0.11119841039180756,618043.0,618043.0,0.05873534455895424,0.05873534455895424,327155.0,327155.0,0.017053082585334778,0.017053082585334778,-6751613.0,-6751613.0,-0.10206004977226257,-0.10206004977226257,2.0,2.0,0.0,0.0,2.0,2.0,0.2360416054725647,0.2360416054725647
8927,2026-09-04,0,86.0,86.0,0.0014098361134529114,0.0014098361134529114,-2914.0,-2914.0,-0.015582887455821037,-0.015582887455821037,45027.0,45027.0,0.09788478165864944,0.09788478165864944,167928.0,167928.0,0.189534991979599,0.189534991979599,232980.0,232980.0,0.10618960857391357,0.10618960857391357,0.0,0.0,0.0,0.0,2.0,2.0,0.01455609779804945,0.01455609779804945
8928,2026-09-04,0,3000.0,3000.0,0.1034482792019844,0.1034482792019844,1000.0,1000.0,0.013888888992369175,0.013888888992369175,-2000.0,-2000.0,-0.02380952425301075,-0.02380952425301075,11000.0,11000.0,0.028795812278985977,0.028795812278985977,34000.0,34000.0,0.05000000074505806,0.05000000074505806,0.0,0.0,1.0,1.0,1.0,1.0,0.057025980204343796,0.057025980204343796
8929,2026-09-03,0,2000.0,2000.0,0.6666666865348816,0.6666666865348816,3000.0,3000.0,0.20000000298023224,0.20000000298023224,6000.0,6000.0,0.1875,0.1875,13000.0,13000.0,0.203125,0.203125,7000.0,7000.0,0.020771512761712074,0.020771512761712074,0.0,0.0,0.0,0.0,1.0,1.0,0.005931097082793713,0.005931097082793713
8930,2026-09-04,0,2000.0,2000.0,0.04444444552063942,0.04444444552063942,-7000.0,-7000.0,-0.08641975373029709,-0.08641975373029709,-7000.0,-7000.0,-0.046357616782188416,-0.046357616782188416,-10000.0,-10000.0,-0.026595745235681534,-0.026595745235681534,-20000.0,-20000.0,-0.028776979073882103,-0.028776979073882103,0.0,0.0,0.0,0.0,2.0,2.0,0.05500590056180954,0.05500590056180954
8931,2026-09-04,0,3000.0,3000.0,0.06382978707551956,0.06382978707551956,5000.0,5000.0,0.043478261679410934,0.043478261679410934,37000.0,37000.0,0.14859437942504883,0.14859437942504883,38000.0,38000.0,0.10160427540540695,0.10160427540540695,53000.0,53000.0,0.08103975653648376,0.08103975653648376,0.0,0.0,0.0,0.0,5.0,5.0,0.03844428062438965,0.03844428062438965
8932,2026-09-04,0,-5778.0,-5778.0,-0.0026144797448068857,-0.0026144797448068857,-1067810.0,-1067810.0,-0.1904083490371704,-0.1904083490371704,-1826414.0,-1826414.0,-0.15865305066108704,-0.15865305066108704,-1031501.0,-1031501.0,-0.023321297019720078,-0.023321297019720078,3933385.0,3933385.0,0.05489184707403183,0.05489184707403183,0.0,0.0,0.0,0.0,0.0,0.0,0.617381751537323,0.617381751537323
8933,2026-09-04,0,0.0,0.0,0.0,0.0,-14000.0,-14000.0,-0.1147540956735611,-0.1147540956735611,-30000.0,-30000.0,-0.11320754885673523,-0.11320754885673523,100000.0,100000.0,0.11312217265367508,0.11312217265367508,39000.0,39000.0,0.020678685978055,0.020678685978055,0.0,0.0,0.0,0.0,0.0,0.0,0.006121369078755379,0.006121369078755379
8935,2026-09-04,0,-14000.0,-14000.0,-0.13333334028720856,-0.13333334028720856,-18000.0,-18000.0,-0.04724409431219101,-0.04724409431219101,-4000.0,-4000.0,-0.0074487896636128426,-0.0074487896636128426,-44000.0,-44000.0,-0.03978300094604492,-0.03978300094604492,-253000.0,-253000.0,-0.1023462787270546,-0.1023462787270546,0.0,0.0,0.0,0.0,0.0,0.0,0.09251508861780167,0.09251508861780167
8936,2026-09-04,0,-169000.0,-169000.0,-0.1944764107465744,-0.1944764107465744,-528000.0,-528000.0,-0.21238937973976135,-0.21238937973976135,-513980.0,-513980.0,-0.13622581958770752,-0.13622581958770752,-274980.0,-274980.0,-0.035739537328481674,-0.035739537328481674,-3731775.0,-3731775.0,-0.1876867115497589,-0.1876867115497589,0.0,0.0,0.0,0.0,0.0,0.0,0.350292831659317,0.350292831659317
8937,2026-09-04,0,3000.0,3000.0,0.019354838877916336,0.019354838877916336,28000.0,28000.0,0.025385312736034393,0.025385312736034393,64000.0,64000.0,0.03712296858429909,0.03712296858429909,-76000.0,-76000.0,-0.01904761977493763,-0.01904761977493763,9000.0,9000.0,0.0017182130832225084,0.0017182130832225084,0.0,0.0,0.0,0.0,3.0,3.0,0.03590620309114456,0.03590620309114456
8938,2026-09-04,0,-20000.0,-20000.0,-0.11695906519889832,-0.11695906519889832,36000.0,36000.0,0.10112359374761581,0.10112359374761581,23040.0,23040.0,0.03517557308077812,0.03517557308077812,49263.0,49263.0,0.0385168083012104,0.0385168083012104,-104533.0,-104533.0,-0.04745029658079147,-0.04745029658079147,1.0,1.0,0.0,0.0,0.0,0.0,0.10892657190561295,0.10892657190561295
8940,2026-09-04,0,1000.0,1000.0,0.02129743993282318,0.02129743993282318,-8000.0,-8000.0,-0.06459739804267883,-0.06459739804267883,-21000.0,-21000.0,-0.05825129523873329,-0.05825129523873329,-20000.0,-20000.0,-0.03257175162434578,-0.03257175162434578,-33000.0,-33000.0,-0.03092684969305992,-0.03092684969305992,0.0,0.0,1.0,1.0,1.0,1.0,0.06957072764635086,0.06957072764635086
8941,2026-09-04,0,-1000.0,-1000.0,-0.25,-0.25,-2000.0,-2000.0,-0.2857142984867096,-0.2857142984867096,-3000.0,-3000.0,-0.23076923191547394,-0.23076923191547394,-3000.0,-3000.0,-0.056603774428367615,-0.056603774428367615,6000.0,6000.0,0.03750000149011612,0.03750000149011612,0.0,0.0,0.0,0.0,0.0,0.0,0.011437698267400265,0.011437698267400265
8942,2026-09-04,0,14639.0,14639.0,0.10685401409864426,0.10685401409864426,127639.0,127639.0,0.2346305102109909,0.2346305102109909,96699.0,96699.0,0.1140318363904953,0.1140318363904953,328233.0,328233.0,0.1339726597070694,0.1339726597070694,1515878.0,1515878.0,0.22074821591377258,0.22074821591377258,0.0,0.0,0.0,0.0,2.0,2.0,0.06889883428812027,0.06889883428812027
8996,2026-09-04,0,-312013.0,-312013.0,-0.05610727518796921,-0.05610727518796921,-1118173.0,-1118173.0,-0.07604706287384033,-0.07604706287384033,-2219842.0,-2219842.0,-0.10825289040803909,-0.10825289040803909,-7255603.0,-7255603.0,-0.1704222410917282,-0.1704222410917282,-12624080.0,-12624080.0,-0.17955972254276276,-0.17955972254276276,0.0,0.0,0.0,0.0,0.0,0.0,5.954771518707275,5.954771518707275
9802,2026-09-04,0,-294404.0,-294404.0,-0.724911630153656,-0.724911630153656,-566327.0,-566327.0,-0.3436698317527771,-0.3436698317527771,-850078.0,-850078.0,-0.36157652735710144,-0.36157652735710144,-839806.0,-839806.0,-0.19923897087574005,-0.19923897087574005,-34735.0,-34735.0,-0.002983075100928545,-0.002983075100928545,1.0,1.0,0.0,0.0,0.0,0.0,0.20206011831760406,0.20206011831760406
9902,2026-09-04,0,8000.0,8000.0,0.21296986937522888,0.21296986937522888,15000.0,15000.0,0.08351660519838333,0.08351660519838333,20000.0,20000.0,0.06379911303520203,0.06379911303520203,55000.0,55000.0,0.08026150614023209,0.08026150614023209,165000.0,165000.0,0.10062552243471146,0.10062552243471146,0.0,0.0,0.0,0.0,2.0,2.0,0.038311220705509186,0.038311220705509186
9904,2026-09-04,0,-1098004.0,-1098004.0,-0.191665917634964,-0.191665917634964,-7567004.0,-7567004.0,-0.3420087993144989,-0.3420087993144989,41898.0,41898.0,0.0008674566633999348,0.0008674566633999348,-24933644.0,-24933644.0,-0.21102523803710938,-0.21102523803710938,-14426283.0,-14426283.0,-0.04578286409378052,-0.04578286409378052,2.0,2.0,0.0,0.0,0.0,0.0,0.19440627098083496,0.19440627098083496
9905,2026-09-04,0,20000.0,20000.0,0.37861576676368713,0.37861576676368713,44000.0,44000.0,0.20884159207344055,0.20884159207344055,52000.0,52000.0,0.10810451209545135,0.10810451209545135,136000.0,136000.0,0.1370747983455658,0.1370747983455658,333082.0,333082.0,0.11237061023712158,0.11237061023712158,0.0,0.0,0.0,0.0,4.0,4.0,0.017319343984127045,0.017319343984127045
9906,2026-09-04,0,5000.0,5000.0,0.10553198307752609,0.10553198307752609,89736.0,89736.0,0.4209696650505066,0.4209696650505066,94736.0,94736.0,0.33027011156082153,0.33027011156082153,170736.0,170736.0,0.34105047583580017,0.34105047583580017,335464.0,335464.0,0.3367483615875244,0.3367483615875244,0.0,0.0,0.0,0.0,5.0,5.0,0.052424106746912,0.052424106746912
9907,2026-09-04,0,-452000.0,-452000.0,-0.4051046669483185,-0.4051046669483185,908668.0,908668.0,0.22948816418647766,0.22948816418647766,1828770.0,1828770.0,0.21949826180934906,0.21949826180934906,6911170.0,6911170.0,0.36740949749946594,0.36740949749946594,13144265.0,13144265.0,0.3583216071128845,0.3583216071128845,0.0,0.0,0.0,0.0,0.0,0.0,0.07065600156784058,0.07065600156784058
9908,2026-09-04,0,42000.0,42000.0,0.26376938819885254,0.26376938819885254,127000.0,127000.0,0.248887836933136,0.248887836933136,44050.0,44050.0,0.06100567430257797,0.06100567430257797,20571.0,20571.0,0.01620367355644703,0.01620367355644703,-85098.0,-85098.0,-0.034485943615436554,-0.034485943615436554,0.0,0.0,0.0,0.0,3.0,3.0,0.030837131664156914,0.030837131664156914
9910,2026-09-04,0,527180.0,527180.0,0.6579625606536865,0.6579625606536865,625428.0,625428.0,0.2403363436460495,0.2403363436460495,416887.0,416887.0,0.08856801688671112,0.08856801688671112,-688216.0,-688216.0,-0.06878004223108292,-0.06878004223108292,3770207.0,3770207.0,0.15696966648101807,0.15696966648101807,4.0,4.0,0.0,0.0,4.0,4.0,0.0811387300491333,0.0811387300491333
9911,2026-09-04,0,-432000.0,-432000.0,-0.6924941539764404,-0.6924941539764404,-455894.0,-455894.0,-0.40321266651153564,-0.40321266651153564,-666674.0,-666674.0,-0.4337022006511688,-0.4337022006511688,-665216.0,-665216.0,-0.3084610402584076,-0.3084610402584076,-812274.0,-812274.0,-0.19429975748062134,-0.19429975748062134,0.0,0.0,0.0,0.0,0.0,0.0,0.2805854380130768,0.2805854380130768
9912,2026-09-04,0,3000.0,3000.0,0.034747157245874405,0.034747157245874405,7000.0,7000.0,0.0230111014097929,0.0230111014097929,37000.0,37000.0,0.034910667687654495,0.034910667687654495,55000.0,55000.0,0.01961575262248516,0.01961575262248516,21998.0,21998.0,0.005476671736687422,0.005476671736687422,0.0,0.0,1.0,1.0,1.0,1.0,0.16050171852111816,0.16050171852111816
9914,2026-09-04,0,-99980.0,-99980.0,-0.10906226933002472,-0.10906226933002472,-929137.0,-929137.0,-0.28018850088119507,-0.28018850088119507,-1513290.0,-1513290.0,-0.2573380768299103,-0.2573380768299103,-3138822.0,-3138822.0,-0.20575308799743652,-0.20575308799743652,-619830.0,-619830.0,-0.007490621414035559,-0.007490621414035559,0.0,0.0,0.0,0.0,0.0,0.0,0.3066132664680481,0.3066132664680481
9917,2026-09-04,0,17440.0,17440.0,0.06275299936532974,0.06275299936532974,-164794.0,-164794.0,-0.20052127540111542,-0.20052127540111542,-794848.0,-794848.0,-0.3799360990524292,-0.3799360990524292,-384542.0,-384542.0,-0.11053989827632904,-0.11053989827632904,11347.0,11347.0,0.0018500571604818106,0.0018500571604818106,1.0,1.0,1.0,1.0,1.0,1.0,0.06159503385424614,0.06159503385424614
9918,2026-09-04,0,6000.0,6000.0,0.14453303813934326,0.14453303813934326,3000.0,3000.0,0.06134843826293945,0.06134843826293945,0.0,0.0,0.0,0.0,-2000.0,-2000.0,-0.010638241656124592,-0.010638241656124592,-29883.0,-29883.0,-0.05500944331288338,-0.05500944331288338,0.0,0.0,0.0,0.0,2.0,2.0,0.02299412153661251,0.02299412153661251
9919,2026-09-04,0,82000.0,82000.0,0.36368152499198914,0.36368152499198914,128000.0,128000.0,0.3284139633178711,0.3284139633178711,196000.0,196000.0,0.3088296949863434,0.3088296949863434,581000.0,581000.0,0.38039344549179077,0.38039344549179077,837137.0,837137.0,0.2644731104373932,0.2644731104373932,0.0,0.0,0.0,0.0,15.0,15.0,0.11541197448968887,0.11541197448968887
9921,2026-09-04,0,85181.0,85181.0,0.06335444748401642,0.06335444748401642,-15837.0,-15837.0,-0.004804795607924461,-0.004804795607924461,311130.0,311130.0,0.05009424686431885,0.05009424686431885,1852463.0,1852463.0,0.10658217966556549,0.10658217966556549,14945357.0,14945357.0,0.1776898056268692,0.1776898056268692,0.0,0.0,0.0,0.0,2.0,2.0,0.3429313004016876,0.3429313004016876
9924,2026-09-04,0,5000.0,5000.0,0.06669512391090393,0.06669512391090393,-33378.0,-33378.0,-0.11972366273403168,-0.11972366273403168,-36978.0,-36978.0,-0.07562365382909775,-0.07562365382909775,-54882.0,-54882.0,-0.05651017278432846,-0.05651017278432846,229879.0,229879.0,0.06587226688861847,0.06587226688861847,0.0,0.0,1.0,1.0,1.0,1.0,0.04972614720463753,0.04972614720463753
9925,2026-09-04,0,-845238.0,-845238.0,-0.676948606967926,-0.676948606967926,-1593695.0,-1593695.0,-0.5422348976135254,-0.5422348976135254,-2888476.0,-2888476.0,-0.19707144796848297,-0.19707144796848297,-4562327.0,-4562327.0,-0.24192745983600616,-0.24192745983600616,-7823519.0,-7823519.0,-0.3057350814342499,-0.3057350814342499,0.0,0.0,0.0,0.0,0.0,0.0,0.32222798466682434,0.32222798466682434
9926,2026-09-04,0,5000.0,5000.0,0.38109755516052246,0.38109755516052246,2000.0,2000.0,0.07054673880338669,0.07054673880338669,-5000.0,-5000.0,-0.07260793447494507,-0.07260793447494507,23000.0,23000.0,0.17540916800498962,0.17540916800498962,-17000.0,-17000.0,-0.05664835125207901,-0.05664835125207901,0.0,0.0,0.0,0.0,2.0,2.0,0.007309026084840298,0.007309026084840298
9927,2026-09-04,0,-7980.0,-7980.0,-0.13405455648899078,-0.13405455648899078,-115520.0,-115520.0,-0.39292916655540466,-0.39292916655540466,-184520.0,-184520.0,-0.35158318281173706,-0.35158318281173706,-128520.0,-128520.0,-0.1621699333190918,-0.1621699333190918,43105.0,43105.0,0.02352067455649376,0.02352067455649376,0.0,0.0,0.0,0.0,0.0,0.0,0.04960666596889496,0.04960666596889496
9928,2026-09-04,0,0.0,0.0,0.0,0.0,0.0,0.0,0.0,0.0,0.0,0.0,0.0,0.0,0.0,0.0,0.0,0.0,0.0,0.0,0.0,0.0,0.0,0.0,0.0,0.0,0.0,0.0,0.055146314203739166,0.055146314203739166
9929,2026-09-04,0,-2000.0,-2000.0,-0.0950118750333786,-0.0950118750333786,-4000.0,-4000.0,-0.033137544989585876,-0.033137544989585876,-7000.0,-7000.0,-0.049875665456056595,-0.049875665456056595,-3000.0,-3000.0,-0.017813457176089287,-0.017813457176089287,-16000.0,-16000.0,-0.06230480968952179,-0.06230480968952179,0.0,0.0,0.0,0.0,0.0,0.0,0.020783964544534683,0.020783964544534683
9930,2026-09-04,0,11000.0,11000.0,0.13550803065299988,0.13550803065299988,11000.0,11000.0,0.04641624540090561,0.04641624540090561,-1000.0,-1000.0,-0.0025670118629932404,-0.0025670118629932404,-10000.0,-10000.0,-0.012900329194962978,-0.012900329194962978,-7036.0,-7036.0,-0.004549392964690924,-0.004549392964690924,0.0,0.0,0.0,0.0,2.0,2.0,0.03266109153628349,0.03266109153628349
9931,2026-09-04,0,3000.0,3000.0,0.3472624123096466,0.3472624123096466,0.0,0.0,0.0,0.0,-9000.0,-9000.0,-0.11983063817024231,-0.11983063817024231,19000.0,19000.0,0.11294397711753845,0.11294397711753845,19000.0,19000.0,0.05358346551656723,0.05358346551656723,0.0,0.0,0.0,0.0,1.0,1.0,0.0071770790964365005,0.0071770790964365005
9933,2026-09-04,0,-1531975.0,-1531975.0,-0.6235611438751221,-0.6235611438751221,-2554506.0,-2554506.0,-0.43891531229019165,-0.43891531229019165,-3282211.0,-3282211.0,-0.2952980101108551,-0.2952980101108551,-4884851.0,-4884851.0,-0.24807584285736084,-0.24807584285736084,4044535.0,4044535.0,0.08163048326969147,0.08163048326969147,0.0,0.0,0.0,0.0,0.0,0.0,0.2601355016231537,0.2601355016231537
9934,2026-09-04,0,-220000.0,-220000.0,-0.4077237844467163,-0.4077237844467163,-598000.0,-598000.0,-0.4537941813468933,-0.4537941813468933,-946510.0,-946510.0,-0.41196778416633606,-0.41196778416633606,-1279226.0,-1279226.0,-0.21003367006778717,-0.21003367006778717,99574.0,99574.0,0.0029721383471041918,0.0029721383471041918,0.0,0.0,0.0,0.0,0.0,0.0,0.13127949833869934,0.13127949833869934
9935,2026-09-04,0,0.0,0.0,0.0,0.0,-64895.0,-64895.0,-0.14442132413387299,-0.14442132413387299,-66056.0,-66056.0,-0.06891932338476181,-0.06891932338476181,92406.0,92406.0,0.03193185478448868,0.03193185478448868,536037.0,536037.0,0.07460789382457733,0.07460789382457733,0.0,0.0,0.0,0.0,0.0,0.0,0.08979979902505875,0.08979979902505875
9937,2026-09-04,0,41000.0,41000.0,0.5246254205703735,0.5246254205703735,28000.0,28000.0,0.21348948776721954,0.21348948776721954,4000.0,4000.0,0.019487764686346054,0.019487764686346054,27000.0,27000.0,0.0895083025097847,0.0895083025097847,-37000.0,-37000.0,-0.06625920534133911,-0.06625920534133911,0.0,0.0,1.0,1.0,1.0,1.0,0.025288065895438194,0.025288065895438194
9938,2026-09-04,0,-244000.0,-244000.0,-0.3237495422363281,-0.3237495422363281,11160.0,11160.0,0.004984850995242596,0.004984850995242596,-349618.0,-349618.0,-0.08931595087051392,-0.08931595087051392,-346436.0,-346436.0,-0.048577237874269485,-0.048577237874269485,385399.0,385399.0,0.020919784903526306,0.020919784903526306,0.0,0.0,0.0,0.0,0.0,0.0,0.25293970108032227,0.25293970108032227
9939,2026-09-04,0,-112000.0,-112000.0,-0.29072105884552,-0.29072105884552,-238928.0,-238928.0,-0.21004770696163177,-0.21004770696163177,96232.0,96232.0,0.0365247018635273,0.0365247018635273,91782.0,91782.0,0.014915098436176777,0.014915098436176777,719897.0,719897.0,0.03194523975253105,0.03194523975253105,0.0,0.0,0.0,0.0,0.0,0.0,0.130245640873909,0.130245640873909
9940,2026-09-04,0,150799.0,150799.0,0.5921069979667664,0.5921069979667664,211799.0,211799.0,0.3052448034286499,0.3052448034286499,-101201.0,-101201.0,-0.07280129194259644,-0.07280129194259644,-400926.0,-400926.0,-0.1484406441450119,-0.1484406441450119,-455543.0,-455543.0,-0.06623513251543045,-0.06623513251543045,0.0,0.0,0.0,0.0,2.0,2.0,0.03456377983093262,0.03456377983093262
9941,2026-09-04,0,104550.0,104550.0,0.21182748675346375,0.21182748675346375,1101769.0,1101769.0,0.3370131254196167,0.3370131254196167,591953.0,591953.0,0.062065716832876205,0.062065716832876205,-266455.0,-266455.0,-0.014463656581938267,-0.014463656581938267,729925.0,729925.0,0.025939732789993286,0.025939732789993286,1.0,1.0,1.0,1.0,1.0,1.0,0.08574198186397552,0.08574198186397552
9942,2026-09-04,0,-2223.0,-2223.0,-0.0485413558781147,-0.0485413558781147,-7583.0,-7583.0,-0.06375215202569962,-0.06375215202569962,-62413.0,-62413.0,-0.2577366828918457,-0.2577366828918457,-22637.0,-22637.0,-0.03206814453005791,-0.03206814453005791,-61366.0,-61366.0,-0.03266068547964096,-0.03266068547964096,0.0,0.0,0.0,0.0,0.0,0.0,0.05506886914372444,0.05506886914372444
9943,2026-09-04,0,6000.0,6000.0,0.17409975826740265,0.17409975826740265,46300.0,46300.0,0.28388363122940063,0.28388363122940063,66300.0,66300.0,0.2630607783794403,0.2630607783794403,93300.0,93300.0,0.22666041553020477,0.22666041553020477,96293.0,96293.0,0.07861384749412537,0.07861384749412537,0.0,0.0,0.0,0.0,5.0,5.0,0.02753262221813202,0.02753262221813202
9944,2026-09-04,0,3000.0,3000.0,0.05464978516101837,0.05464978516101837,10000.0,10000.0,0.07553497701883316,0.07553497701883316,17020.0,17020.0,0.08955773711204529,0.08955773711204529,16020.0,16020.0,0.047824036329984665,0.047824036329984665,-1960.0,-1960.0,-0.0026594914961606264,-0.0026594914961606264,0.0,0.0,0.0,0.0,2.0,2.0,0.05183267220854759,0.05183267220854759
9945,2026-09-04,0,646291.0,646291.0,0.16779078543186188,0.16779078543186188,1291113.0,1291113.0,0.11447829753160477,0.11447829753160477,-576561.0,-576561.0,-0.02891445718705654,-0.02891445718705654,-3902324.0,-3902324.0,-0.0685308501124382,-0.0685308501124382,15203814.0,15203814.0,0.09135531634092331,0.09135531634092331,0.0,0.0,0.0,0.0,2.0,2.0,0.13542412221431732,0.13542412221431732
9946,2026-09-04,0,-27920.0,-27920.0,-0.12397042661905289,-0.12397042661905289,13080.0,13080.0,0.026029124855995178,0.026029124855995178,-217918.0,-217918.0,-0.16894452273845673,-0.16894452273845673,-890636.0,-890636.0,-0.194710835814476,-0.194710835814476,-327346.0,-327346.0,-0.041488781571388245,-0.041488781571388245,0.0,0.0,0.0,0.0,0.0,0.0,0.06896711885929108,0.06896711885929108
9949,2026-09-04,0,0.0,0.0,0.0,0.0,-5000.0,-5000.0,-0.1041666641831398,-0.1041666641831398,-25000.0,-25000.0,-0.20661157369613647,-0.20661157369613647,-15000.0,-15000.0,-0.0260869562625885,-0.0260869562625885,-1000.0,-1000.0,-0.0012738853693008423,-0.0012738853693008423,0.0,0.0,0.0,0.0,0.0,0.0,0.06241534650325775,0.06241534650325775
9950,2026-09-04,0,0.0,0.0,0.0,0.0,-2000.0,-2000.0,-0.019607843831181526,-0.019607843831181526,-2000.0,-2000.0,-0.010204081423580647,-0.010204081423580647,-6000.0,-6000.0,-0.016997167840600014,-0.016997167840600014,-6000.0,-6000.0,-0.00899550225585699,-0.00899550225585699,0.0,0.0,0.0,0.0,0.0,0.0,0.00775119848549366,0.00775119848549366
9951,2026-09-04,0,-23000.0,-23000.0,-0.4035087823867798,-0.4035087823867798,-116000.0,-116000.0,-0.2678983807563782,-0.2678983807563782,-92000.0,-92000.0,-0.14696486294269562,-0.14696486294269562,-116000.0,-116000.0,-0.13410404324531555,-0.13410404324531555,-111000.0,-111000.0,-0.08512269705533981,-0.08512269705533981,0.0,0.0,0.0,0.0,0.0,0.0,0.07776261866092682,0.07776261866092682
9955,2026-09-04,0,18000.0,18000.0,0.09275003522634506,0.09275003522634506,29384.0,29384.0,0.05172492563724518,0.05172492563724518,-71290.0,-71290.0,-0.07360836863517761,-0.07360836863517761,-104148.0,-104148.0,-0.03665229305624962,-0.03665229305624962,12961.0,12961.0,0.002217615954577923,0.002217615954577923,0.0,0.0,1.0,1.0,1.0,1.0,0.1858469545841217,0.1858469545841217
9958,2026-09-04,0,362051.0,362051.0,0.21817345917224884,0.21817345917224884,-931284.0,-931284.0,-0.2040783017873764,-0.2040783017873764,-740817.0,-740817.0,-0.0890583023428917,-0.0890583023428917,-4380670.0,-4380670.0,-0.20600375533103943,-0.20600375533103943,-9568258.0,-9568258.0,-0.22732271254062653,-0.22732271254062653,0.0,0.0,1.0,1.0,1.0,1.0,0.6721289753913879,0.6721289753913879
9960,2026-09-04,0,-1000.0,-1000.0,-1.0,-1.0,-1000.0,-1000.0,-0.20000000298023224,-0.20000000298023224,0.0,0.0,0.0,0.0,-2000.0,-2000.0,-0.03846153989434242,-0.03846153989434242,-11000.0,-11000.0,-0.05188679322600365,-0.05188679322600365,0.0,0.0,0.0,0.0,0.0,0.0,0.002976855030283332,0.002976855030283332
9962,2026-09-04,0,-2000.0,-2000.0,-0.07692307978868484,-0.07692307978868484,0.0,0.0,0.0,0.0,-2000.0,-2000.0,-0.012578615918755531,-0.012578615918755531,-16000.0,-16000.0,-0.05111820995807648,-0.05111820995807648,8000.0,8000.0,0.00799200776964426,0.00799200776964426,0.0,0.0,0.0,0.0,0.0,0.0,0.028818361461162567,0.028818361461162567
