stock_id,date,before_price,after_price,stock_and_cache_dividend
8473,2019-01-02,56.2,56.09,0.105651
1786,2019-01-07,69.0,67.19,1.807229
4556,2019-01-10,35.2,34.39,0.81
00714,2019-01-16,19.09,18.92,0.17
00722B,2019-01-16,39.78,39.48,0.3
00723B,2019-01-16,38.0,37.67,0.33
00724B,2019-01-16,36.78,36.41,0.37
00687B,2019-01-17,39.73,39.45,0.28
00701,2019-01-17,21.25,20.78,0.47
00702,2019-01-17,20.19,19.91,0.28
00725B,2019-01-17,39.36,39.13,0.23
00726B,2019-01-17,41.3,40.96,0.34
00727B,2019-01-17,42.9,42.27,0.63
00735,2019-01-17,17.05,16.56,0.49
00736,2019-01-17,18.8,18.59,0.21
00744B,2019-01-17,42.8,42.42,0.38
911608,2019-01-18,1.52,1.2,0.312
00734B,2019-01-21,20.99,20.76,0.23
00749B,2019-01-21,40.4,40.31,0.09
00750B,2019-01-21,39.48,39.29,0.19
0050,2019-01-22,76.5,74.2,2.3
006203,2019-01-22,35.25,34.4,0.85
00719B,2019-01-22,31.96,31.88,0.08
00720B,2019-01-22,38.25,37.99,0.26
00694B,2019-01-24,41.0,40.82,0.18
00695B,2019-01-24,40.11,37.63,2.48
00696B,2019-01-24,40.47,39.98,0.49
00717,2019-01-24,19.22,19.01,0.204
00728,2019-01-24,18.15,17.02,1.123
00740B,2019-01-24,41.1,41.03,0.07
00741B,2019-01-24,41.55,40.34,1.21
3207,2019-01-24,11.9,11.76,0.14
2613,2019-02-18,13.65,13.33,0.311609
5386,2019-02-19,45.95,42.11,3.84
6414,2019-02-21,257.5,254.78,2.713476
1472,2019-02-25,37.0,36.0,0.998408
00754B,2019-02-26,42.35,42.26,0.09
00755B,2019-02-26,40.99,40.82,0.17
00756B,2019-02-26,43.07,42.96,0.11
3346,2019-02-26,38.95,37.96,0.984707
00679B,2019-03-05,38.0,37.75,0.25
00721B,2019-03-05,48.25,47.45,0.8
00718B,2019-03-07,21.69,21.0,0.69
00758B,2019-03-07,63.5,63.4,0.1
00759B,2019-03-07,62.7,62.56,0.14
00760B,2019-03-07,63.5,63.42,0.08
1785,2019-03-12,18.6,18.56,0.04
9105,2019-03-20,2.55,2.52,0.029493
00710B,2019-03-21,20.73,20.47,0.253
00711B,2019-03-21,20.04,19.85,0.181
00712,2019-03-21,18.82,18.68,0.135
00697B,2019-03-22,40.78,40.14,0.64
01004T,2019-03-26,13.38,13.2,0.177265
01009T,2019-03-26,9.15,9.0,0.146854
912000,2019-04-09,2.5,2.42,0.07812
00714,2019-04-17,21.52,21.37,0.15
00722B,2019-04-17,43.36,42.93,0.43
00723B,2019-04-17,40.46,40.05,0.41
00724B,2019-04-17,40.08,39.64,0.44
4142,2019-04-18,21.95,20.65,1.293629
6576,2019-04-18,90.3,88.11,2.19
00687B,2019-04-19,40.58,40.31,0.27
00725B,2019-04-19,41.77,41.39,0.38
00726B,2019-04-19,42.98,42.5,0.48
00727B,2019-04-19,43.93,43.35,0.58
00761B,2019-04-19,43.84,43.5,0.34
1788,2019-04-19,107.5,106.87,0.63
00734B,2019-04-22,21.67,21.44,0.23
00719B,2019-04-23,32.19,32.04,0.15
00720B,2019-04-23,41.11,40.81,0.3
00749B,2019-04-23,42.63,42.46,0.17
00750B,2019-04-23,41.64,41.2,0.44
00747B,2019-04-24,53.4,52.46,0.94
01003T,2019-04-25,16.9,16.51,0.383219
4174,2019-04-25,158.0,156.17,1.83
8038,2019-04-25,60.5,59.97,0.53
01001T,2019-04-26,15.4,15.0,0.397677
0052,2019-05-02,56.4,55.35,1.047
00694B,2019-05-02,41.29,40.91,0.38
00695B,2019-05-02,38.35,38.23,0.12
00696B,2019-05-02,41.35,41.06,0.29
00717,2019-05-02,19.89,19.63,0.255
00733,2019-05-02,17.63,17.23,0.4
00740B,2019-05-02,44.51,44.27,0.24
00741B,2019-05-02,41.75,41.42,0.33
00746B,2019-05-02,42.78,42.42,0.36
2430,2019-05-08,20.95,20.05,0.9
8440,2019-05-14,16.0,15.5,0.5
00754B,2019-05-16,43.67,43.52,0.15
00755B,2019-05-16,42.72,42.34,0.38
00756B,2019-05-16,44.72,44.55,0.17
01002T,2019-05-21,15.26,14.83,0.420609
01007T,2019-05-21,16.0,15.77,0.224729
9136,2019-05-21,8.0,7.6,0.392
00679B,2019-05-22,40.76,40.5,0.26
00758B,2019-05-23,67.45,65.82,1.63
00759B,2019-05-23,67.5,65.6,1.9
00760B,2019-05-23,67.45,66.13,1.32
00769B,2019-05-23,62.8,62.35,0.45
00775B,2019-05-23,42.18,41.93,0.25
8482,2019-05-23,142.0,134.0,8.0
6219,2019-05-28,13.7,13.06,0.64
6425,2019-05-30,44.9,41.9,3.0
2101,2019-05-31,35.35,35.14,0.200103
2823,2019-06-03,24.4,24.01,0.383101
3443,2019-06-03,228.5,223.5,5.0
8074,2019-06-03,20.85,19.61,1.24
8454,2019-06-03,262.0,253.0,9.0
910322,2019-06-06,25.7,24.69,1.008
4527,2019-06-11,30.15,28.15,2.0
1218,2019-06-12,22.0,21.2,0.8
4939,2019-06-12,17.3,16.8,0.5
1773,2019-06-13,86.8,81.8,5.0
3081,2019-06-13,239.5,234.5,5.0
4167,2019-06-13,19.0,18.91,0.09
5234,2019-06-13,90.0,85.0,5.0
6023,2019-06-13,49.85,47.05,2.8
6185,2019-06-13,14.4,13.63,0.77
8942,2019-06-13,76.3,70.74,5.56
2739,2019-06-14,29.0,28.0,1.0
3030,2019-06-14,51.1,47.4,3.7
3167,2019-06-14,41.0,37.5,3.5
4972,2019-06-14,34.05,31.69,2.36
5904,2019-06-14,407.5,391.75,15.75
2231,2019-06-17,264.0,244.3,19.691696
2939,2019-06-17,105.0,96.0,9.0
4995,2019-06-17,42.0,39.85,2.15
5274,2019-06-17,610.0,592.0,18.0
5864,2019-06-17,11.6,10.38,1.22
6530,2019-06-17,15.65,14.65,1.0
8028,2019-06-17,44.75,43.15,1.6
00764B,2019-06-18,44.61,44.05,0.56
00765B,2019-06-18,41.84,41.37,0.47
00792B,2019-06-18,42.7,42.43,0.27
00793B,2019-06-18,42.74,42.47,0.27
1605,2019-06-18,16.0,14.8,1.2
2063,2019-06-18,41.1,38.1,3.0
2614,2019-06-18,12.4,11.4,1.0
3388,2019-06-18,73.7,68.6,5.1
4747,2019-06-18,40.4,38.75,1.65
5878,2019-06-18,44.85,42.1,2.75
6470,2019-06-18,43.0,40.5,2.5
8416,2019-06-18,124.0,116.5,7.5
2851,2019-06-19,18.65,17.75,0.9
5007,2019-06-19,55.1,52.1,3.0
6155,2019-06-19,21.6,20.6,1.0
6456,2019-06-19,102.5,98.5,4.0
8066,2019-06-19,107.0,97.0,10.0
8401,2019-06-19,12.4,11.55,0.85
9940,2019-06-19,32.9,31.6,1.3
00777B,2019-06-20,44.29,44.12,0.17
00778B,2019-06-20,44.76,44.46,0.3
00779B,2019-06-20,45.09,44.67,0.42
2415,2019-06-20,23.95,22.45,1.5
2642,2019-06-20,22.95,22.35,0.6
6109,2019-06-20,10.1,10.0,0.1
6505,2019-06-20,118.5,113.7,4.8
1268,2019-06-21,149.0,142.03,6.97
2916,2019-06-21,19.85,18.45,1.4
6494,2019-06-21,31.85,29.65,2.2
6596,2019-06-21,62.8,60.8,2.0
8424,2019-06-21,60.0,56.2,3.8
00697B,2019-06-24,42.48,42.21,0.27
00751B,2019-06-24,46.05,45.46,0.59
1707,2019-06-24,220.0,213.5,6.5
1711,2019-06-24,17.0,16.5,0.5
1906,2019-06-24,13.55,13.05,0.5
2107,2019-06-24,17.95,17.27,0.68
2330,2019-06-24,248.5,240.5,8.0
2722,2019-06-24,24.8,24.6,0.2
2727,2019-06-24,84.5,80.1,4.393263
3048,2019-06-24,13.65,12.95,0.7
3373,2019-06-24,17.2,16.7,0.5
3416,2019-06-24,55.2,52.6,2.6
4420,2019-06-24,35.45,33.85,1.6
4722,2019-06-24,30.1,28.3,1.8
6024,2019-06-24,47.8,44.4,3.4
6123,2019-06-24,46.65,43.55,3.1
6164,2019-06-24,7.47,7.27,0.2
6180,2019-06-24,73.4,67.2,6.2
6208,2019-06-24,26.65,24.95,1.7
6556,2019-06-24,41.5,40.3,1.2
6613,2019-06-24,175.0,160.0,15.0
6641,2019-06-24,66.2,62.4,3.8
8908,2019-06-24,45.05,44.15,0.9
8924,2019-06-24,38.25,37.05,1.2
00710B,2019-06-25,21.12,20.85,0.264
00711B,2019-06-25,21.53,21.35,0.176
00712,2019-06-25,18.79,18.35,0.438
00772B,2019-06-25,45.05,44.71,0.34
00773B,2019-06-25,45.65,45.48,0.17
1259,2019-06-25,72.3,69.3,3.0
1731,2019-06-25,13.65,13.15,0.5
2385,2019-06-25,78.6,74.8,3.8
2926,2019-06-25,130.5,123.7,6.8
4153,2019-06-25,35.95,34.47,1.48
5009,2019-06-25,19.85,19.4,0.45
5604,2019-06-25,40.5,36.75,3.75
6242,2019-06-25,46.2,43.7,2.5
8086,2019-06-25,57.4,55.9,1.5
8342,2019-06-25,49.45,45.95,3.5
1326,2019-06-26,110.0,103.8,6.2
1457,2019-06-26,14.65,13.95,0.7
1702,2019-06-26,56.7,54.0,2.7
2024,2019-06-26,10.6,10.0,0.6
3563,2019-06-26,401.0,374.0,27.0
5213,2019-06-26,19.45,17.45,2.0
5225,2019-06-26,34.1,32.79,1.300411
5490,2019-06-26,26.15,25.65,0.5
5533,2019-06-26,16.25,15.55,0.7
6026,2019-06-26,8.56,8.36,0.2
8466,2019-06-26,72.8,69.8,3.0
1314,2019-06-27,11.6,10.57,1.028572
1515,2019-06-27,86.1,84.1,2.0
1760,2019-06-27,92.7,90.9,1.8
2359,2019-06-27,22.1,21.0,1.1
2455,2019-06-27,80.3,77.8,2.5
2461,2019-06-27,19.05,18.64,0.41
2478,2019-06-27,47.0,44.5,2.5
2480,2019-06-27,54.7,51.28,3.42
3056,2019-06-27,21.2,19.7,1.5
3310,2019-06-27,47.85,42.85,5.0
3515,2019-06-27,62.7,58.69,4.000616
4155,2019-06-27,28.9,26.65,2.25
5016,2019-06-27,34.8,32.3,2.5
5536,2019-06-27,184.5,169.5,15.0
6185,2019-06-27,13.65,13.27,0.38
6266,2019-06-27,29.95,26.32,3.63
6412,2019-06-27,49.9,47.9,2.0
6561,2019-06-27,205.5,198.0,7.5
6569,2019-06-27,170.5,164.0,6.5
6643,2019-06-27,294.5,287.5,7.0
8271,2019-06-27,32.9,30.4,2.5
8299,2019-06-27,291.0,278.0,13.0
8422,2019-06-27,169.0,159.0,10.0
8916,2019-06-27,49.1,45.73,3.37
8916A,2019-06-27,52.8,52.72,0.08
1444,2019-06-28,10.15,9.75,0.4
1447,2019-06-28,7.53,7.32,0.201765
1909,2019-06-28,15.05,14.55,0.5
3003,2019-06-28,41.7,39.9,1.8
3029,2019-06-28,29.6,28.1,1.497073
3499,2019-06-28,17.4,17.05,0.35
3669,2019-06-28,16.6,16.2,0.4
8024,2019-06-28,10.8,10.5,0.3
8111,2019-06-28,10.15,9.7,0.45
8279,2019-06-28,126.0,123.5,2.5
8477,2019-06-28,55.0,53.12,1.88
8921,2019-06-28,13.65,13.3,0.35
1315,2019-07-01,31.5,30.3,1.2
1452,2019-07-01,20.9,19.5,1.4
1733,2019-07-01,31.25,30.4,0.847793
2015,2019-07-01,62.9,58.9,4.0
2032,2019-07-01,8.66,8.53,0.13
2340,2019-07-01,21.1,20.6,0.5
2423,2019-07-01,28.05,26.25,1.8
2425,2019-07-01,31.5,30.0,1.5
2726,2019-07-01,74.9,71.92,2.98
2731,2019-07-01,85.5,81.7,3.8
2882,2019-07-01,43.0,41.5,1.5
2882A,2019-07-01,64.0,61.72,2.28
2882B,2019-07-01,62.3,61.2,1.097095
3105,2019-07-01,199.0,194.0,5.0
4755,2019-07-01,46.7,44.0,2.7
4974,2019-07-01,45.75,42.65,3.1
5432,2019-07-01,19.15,18.65,0.5
6112,2019-07-01,36.9,32.18,4.718182
6176,2019-07-01,104.0,97.0,7.0
6187,2019-07-01,43.2,40.1,3.1
6212,2019-07-01,40.3,37.3,3.0
6215,2019-07-01,16.8,16.3,0.5
6568,2019-07-01,181.0,175.1,5.9
6570,2019-07-01,41.65,39.85,1.8
6624,2019-07-01,60.4,58.18,2.22
8039,2019-07-01,43.2,40.7,2.5
8358,2019-07-01,32.1,29.9,2.2
8435,2019-07-01,51.3,48.1,3.2
9934,2019-07-01,17.95,16.65,1.29815
9962,2019-07-01,11.85,10.95,0.9
1301,2019-07-02,115.0,109.2,5.8
2034,2019-07-02,27.05,25.25,1.8
2308,2019-07-02,160.5,155.5,5.0
2501,2019-07-02,27.85,25.75,2.1
2597,2019-07-02,61.6,56.8,4.8
2723,2019-07-02,176.0,171.0,5.0
2850,2019-07-02,39.95,37.3,2.65
2885,2019-07-02,18.95,18.05,0.9
3010,2019-07-02,55.1,51.9,3.2
3529,2019-07-02,394.0,386.0,8.0
4532,2019-07-02,26.15,24.95,1.2
4760,2019-07-02,27.35,25.95,1.4
5353,2019-07-02,17.8,16.68,1.12
5438,2019-07-02,14.85,13.8,1.05
6184,2019-07-02,37.55,35.05,2.5
6579,2019-07-02,85.0,80.9,4.1
8083,2019-07-02,152.0,143.2,8.8
8938,2019-07-02,43.25,41.05,2.2
1303,2019-07-03,78.3,73.3,5.0
1307,2019-07-03,24.65,24.15,0.5
1437,2019-07-03,21.15,20.65,0.5
1504,2019-07-03,23.05,22.15,0.9
1560,2019-07-03,61.2,57.7,3.5
2362,2019-07-03,31.5,30.5,1.0
2397,2019-07-03,87.9,82.62,5.28
2451,2019-07-03,71.3,66.3,5.0
2548,2019-07-03,85.0,80.0,5.0
2820,2019-07-03,15.0,14.21,0.79
3006,2019-07-03,32.3,30.8,1.5
3016,2019-07-03,46.45,45.45,1.0
3118,2019-07-03,28.0,27.0,1.0
3188,2019-07-03,21.2,20.7,0.5
3211,2019-07-03,51.5,48.0,3.5
4183,2019-07-03,17.8,17.1,0.7
4557,2019-07-03,76.5,69.47,7.024719
4952,2019-07-03,36.8,34.3,2.5
5230,2019-07-03,25.65,24.43,1.22
5601,2019-07-03,26.15,25.85,0.3
6151,2019-07-03,19.6,18.3,1.3
6281,2019-07-03,66.9,62.9,4.0
6294,2019-07-03,111.5,103.5,8.0
6405,2019-07-03,13.85,13.35,0.5
6418,2019-07-03,21.7,20.6,1.1
6532,2019-07-03,30.3,28.0,2.3
6577,2019-07-03,68.6,64.1,4.5
6594,2019-07-03,20.4,19.65,0.75
6667,2019-07-03,38.8,36.0,2.8
8054,2019-07-03,15.95,14.95,1.0
8341,2019-07-03,278.0,271.5,6.5
8420,2019-07-03,28.25,27.45,0.8
8463,2019-07-03,25.15,24.45,0.7
8467,2019-07-03,43.1,40.6,2.5
9931,2019-07-03,33.45,32.15,1.3
1451,2019-07-04,28.5,26.5,2.0
1521,2019-07-04,64.5,60.7,3.8
1529,2019-07-04,16.9,14.91,1.981845
1536,2019-07-04,108.5,105.0,3.5
1558,2019-07-04,148.0,137.0,11.0
1568,2019-07-04,20.0,19.35,0.65
1570,2019-07-04,13.85,13.05,0.8
1710,2019-07-04,25.7,23.95,1.75
1712,2019-07-04,21.25,19.95,1.3
1727,2019-07-04,13.4,12.8,0.6
2316,2019-07-04,24.15,23.15,1.0
2353,2019-07-04,19.3,18.53,0.77
2408,2019-07-04,65.2,58.08,7.110499
2436,2019-07-04,26.55,25.54,1.000168
2456,2019-07-04,93.7,85.71,7.985546
2481,2019-07-04,25.2,24.7,0.5
2520,2019-07-04,27.55,26.55,1.0
2538,2019-07-04,12.35,11.75,0.6
2546,2019-07-04,38.9,35.9,3.0
2630,2019-07-04,21.7,20.7,1.0
2729,2019-07-04,330.0,316.4,13.6
2732,2019-07-04,149.0,144.62,4.38
2748,2019-07-04,62.0,59.25,2.75
2832,2019-07-04,20.65,19.75,0.9
2881,2019-07-04,46.1,44.1,2.0
2883,2019-07-04,9.5,9.2,0.3
3005,2019-07-04,45.85,42.85,2.998317
3019,2019-07-04,87.0,84.7,2.3
3038,2019-07-04,18.35,17.85,0.5
3040,2019-07-04,32.05,30.05,2.0
3071,2019-07-04,18.95,17.75,1.2
3093,2019-07-04,27.25,25.95,1.3
3169,2019-07-04,42.35,40.35,2.0
3213,2019-07-04,44.45,41.65,2.8
3218,2019-07-04,34.95,33.7,1.25
3296,2019-07-04,16.45,15.45,1.0
3324,2019-07-04,150.0,148.48,1.52
3338,2019-07-04,63.2,62.0,1.2
3363,2019-07-04,45.8,44.3,1.5
3479,2019-07-04,48.3,45.7,2.6
3530,2019-07-04,82.2,80.2,1.998769
3540,2019-07-04,28.7,27.2,1.5
3607,2019-07-04,19.85,19.35,0.5
3684,2019-07-04,33.15,31.61,1.54
4126,2019-07-04,79.3,76.1,3.2
4148,2019-07-04,52.0,49.6,2.4
4510,2019-07-04,13.85,13.2,0.65
4542,2019-07-04,22.4,21.2,1.2
4545,2019-07-04,22.3,21.95,0.35
4916,2019-07-04,36.15,33.67,2.472703
5347,2019-07-04,64.6,61.4,3.2
5388,2019-07-04,67.6,65.1,2.496941
5474,2019-07-04,76.7,72.9,3.8
5512,2019-07-04,9.46,9.06,0.4
6146,2019-07-04,186.5,180.3,6.2
6224,2019-07-04,59.5,55.75,3.75
6438,2019-07-04,50.1,47.3,2.8
6510,2019-07-04,416.5,406.5,10.0
6523,2019-07-04,71.8,71.35,0.45
6655,2019-07-04,51.0,49.0,2.0
8923,2019-07-04,15.55,14.7,0.85
8930,2019-07-04,13.3,12.7,0.6
1787,2019-07-05,27.2,25.95,1.25
2421,2019-07-05,33.65,31.65,2.0
2453,2019-07-05,14.75,14.25,0.5
2493,2019-07-05,31.05,28.55,2.5
2640,2019-07-05,69.1,65.8,3.3
2915,2019-07-05,76.0,70.5,5.5
3021,2019-07-05,15.25,14.5,0.75
3587,2019-07-05,72.0,69.0,3.0
3625,2019-07-05,20.5,19.5,1.0
4968,2019-07-05,92.3,90.8,1.492018
4989,2019-07-05,25.6,24.0,1.6
5514,2019-07-05,16.0,15.8,0.2
6148,2019-07-05,12.75,11.75,1.0
6462,2019-07-05,250.5,242.41,8.09
6499,2019-07-05,84.0,76.37,7.63
6542,2019-07-05,79.1,76.1,3.0
6603,2019-07-05,12.65,12.15,0.5
8255,2019-07-05,101.0,96.0,5.0
9188,2019-07-05,4.8,4.65,0.140805
9939,2019-07-05,56.7,54.4,2.3
9945,2019-07-05,44.55,42.55,2.0
1582,2019-07-08,84.9,78.4,6.5
1593,2019-07-08,58.7,54.7,4.0
1595,2019-07-08,42.2,39.7,2.5
1802,2019-07-08,12.25,11.95,0.3
2017,2019-07-08,8.02,7.62,0.4
2357,2019-07-08,232.0,217.0,15.0
2433,2019-07-08,50.1,46.6,3.5
2454,2019-07-08,321.0,312.0,9.0
2612,2019-07-08,34.45,32.85,1.6
3028,2019-07-08,23.45,21.75,1.7
3035,2019-07-08,54.5,53.7,0.8
3090,2019-07-08,60.3,53.8,6.5
3130,2019-07-08,173.5,164.98,8.510256
3290,2019-07-08,25.15,24.15,1.0
3685,2019-07-08,29.9,29.3,0.6
3698,2019-07-08,15.2,15.0,0.197021
4706,2019-07-08,19.7,18.7,1.0
4739,2019-07-08,84.2,81.0,3.2
4958,2019-07-08,104.5,100.04,4.459774
5015,2019-07-08,46.2,42.0,4.2
5704,2019-07-08,24.2,23.7,0.5
5876,2019-07-08,57.4,55.4,2.0
6136,2019-07-08,21.25,19.75,1.5
6205,2019-07-08,27.85,26.35,1.5
6590,2019-07-08,31.8,30.3,1.5
8432,2019-07-08,69.6,68.0,1.6
8462,2019-07-08,301.0,269.1,31.895918
8481,2019-07-08,61.3,58.3,3.0
9904,2019-07-08,39.1,37.6,1.5
1464,2019-07-09,26.4,24.9,1.5
1507,2019-07-09,67.5,65.7,1.8
1612,2019-07-09,10.2,9.88,0.32
1615,2019-07-09,17.95,16.6,1.35
1813,2019-07-09,29.15,27.15,2.0
2312,2019-07-09,10.6,10.3,0.3
2314,2019-07-09,25.6,25.4,0.2
2395,2019-07-09,264.0,257.2,6.795671
2404,2019-07-09,157.5,147.5,10.0
2467,2019-07-09,33.65,31.15,2.5
2634,2019-07-09,34.4,33.06,1.34
2809,2019-07-09,34.35,32.85,1.5
2887E,2019-07-09,55.5,53.12,2.375
2887F,2019-07-09,51.7,51.53,0.166575
3031,2019-07-09,12.35,11.83,0.52
3044,2019-07-09,112.0,106.1,5.9
3045,2019-07-09,122.0,116.45,5.54897
3217,2019-07-09,57.6,54.6,3.0
3558,2019-07-09,101.0,94.5,6.5
3630,2019-07-09,115.0,110.62,4.38
3708,2019-07-09,84.8,79.8,5.0
4144,2019-07-09,29.35,28.82,0.525
4164,2019-07-09,45.0,43.2,1.793888
4560,2019-07-09,55.6,52.12,3.470516
4563,2019-07-09,57.5,54.5,3.0
5212,2019-07-09,28.8,27.3,1.5
5215,2019-07-09,43.8,41.3,2.5
5223,2019-07-09,39.45,37.15,2.3
5315,2019-07-09,20.55,19.08,1.47
5356,2019-07-09,29.3,27.3,2.0
6021,2019-07-09,12.9,11.9,1.0
6150,2019-07-09,81.7,79.7,2.0
6190,2019-07-09,19.45,18.45,1.0
6197,2019-07-09,31.7,29.7,2.0
6465,2019-07-09,58.1,57.1,1.0
6525,2019-07-09,76.5,65.9,10.590909
6591,2019-07-09,43.05,41.55,1.497589
6640,2019-07-09,40.45,37.45,3.0
8046,2019-07-09,40.4,39.7,0.7
8048,2019-07-09,39.0,36.8,2.2
8163,2019-07-09,46.5,43.0,3.5
8176,2019-07-09,11.7,11.1,0.6
8240,2019-07-09,25.8,24.95,0.85
8433,2019-07-09,57.8,54.8,3.0
8926,2019-07-09,27.55,26.05,1.5
1232,2019-07-10,130.0,125.0,5.0
1233,2019-07-10,39.6,37.7,1.9
1580,2019-07-10,113.0,106.5,6.5
1618,2019-07-10,8.5,8.2,0.3
1723,2019-07-10,135.0,129.7,5.3
2070,2019-07-10,35.55,33.55,2.0
2369,2019-07-10,8.4,8.2,0.1999
2464,2019-07-10,48.95,45.65,3.3
3094,2019-07-10,18.0,17.2,0.8
3532,2019-07-10,120.5,111.5,9.0
4417,2019-07-10,37.65,35.15,2.5
4538,2019-07-10,19.3,18.1,1.2
4973,2019-07-10,18.1,16.9,1.2
5276,2019-07-10,13.7,13.16,0.54
5287,2019-07-10,275.0,262.5,12.5
5317,2019-07-10,56.8,52.8,4.0
5471,2019-07-10,32.2,30.12,2.08
5520,2019-07-10,28.75,27.55,1.2
5538,2019-07-10,35.85,33.85,2.0
5609,2019-07-10,22.85,21.35,1.5
6173,2019-07-10,67.1,62.8,4.3
6213,2019-07-10,117.5,113.7,3.8
6270,2019-07-10,14.55,13.55,1.0
6457,2019-07-10,28.4,26.57,1.83
6496,2019-07-10,49.2,45.2,4.0
6615,2019-07-10,90.0,88.0,2.0
6671,2019-07-10,47.45,44.45,3.0
8064,2019-07-10,18.15,17.15,1.0
8088,2019-07-10,18.3,17.86,0.44
8905,2019-07-10,17.0,16.0,1.0
9802,2019-07-10,74.6,70.97,3.6257
1338,2019-07-11,70.4,66.9,3.5
1341,2019-07-11,58.0,55.0,3.0
1419,2019-07-11,41.8,40.95,0.847522
1476,2019-07-11,398.0,387.0,11.0
1531,2019-07-11,16.1,15.6,0.5
1592,2019-07-11,27.0,26.15,0.843409
1713,2019-07-11,18.7,17.99,0.71
1809,2019-07-11,12.85,12.65,0.2
1904,2019-07-11,20.6,19.5,1.1
2012,2019-07-11,24.0,22.7,1.3
2313,2019-07-11,26.3,25.5,0.8
2344,2019-07-11,16.85,15.85,1.0
2345,2019-07-11,133.0,129.0,3.9984
2356,2019-07-11,25.5,24.0,1.5
2373,2019-07-11,99.2,93.2,6.0
2409,2019-07-11,9.3,8.8,0.5
2459,2019-07-11,39.7,36.7,3.0
2606,2019-07-11,34.6,32.8,1.8
2888,2019-07-11,9.5,9.3,0.2
2890,2019-07-11,13.0,12.36,0.636
3014,2019-07-11,36.4,33.69,2.700234
3026,2019-07-11,108.0,99.0,9.0
3050,2019-07-11,11.45,11.15,0.3
3227,2019-07-11,115.5,110.23,5.27
3541,2019-07-11,91.3,87.3,4.0
3615,2019-07-11,14.4,14.1,0.3
3705,2019-07-11,44.25,42.05,2.2
4114,2019-07-11,30.25,26.38,3.87
4116,2019-07-11,39.95,38.6,1.35
4120,2019-07-11,62.5,60.7,1.8
4133,2019-07-11,28.5,27.9,0.6
4306,2019-07-11,13.15,12.57,0.571554
4535,2019-07-11,30.65,29.5,1.15
4550,2019-07-11,18.6,17.35,1.25
4711,2019-07-11,14.9,14.4,0.5
4736,2019-07-11,151.0,143.01,7.99
5245,2019-07-11,40.1,38.6,1.5
5305,2019-07-11,34.85,32.65,2.19919
6115,2019-07-11,43.9,40.9,3.0
6160,2019-07-11,20.7,19.97,0.73
6182,2019-07-11,37.6,35.1,2.5
6214,2019-07-11,77.3,72.3,5.0
6229,2019-07-11,13.65,12.72,0.93
6278,2019-07-11,70.0,68.7,1.3
6477,2019-07-11,23.8,23.0,0.8
6666,2019-07-11,227.0,200.0,27.0
6669,2019-07-11,356.5,340.5,16.0
8042,2019-07-11,36.45,34.45,2.0
8072,2019-07-11,20.55,20.05,0.5
8104,2019-07-11,57.5,54.5,3.0
8210,2019-07-11,68.2,64.2,4.0
8289,2019-07-11,12.15,11.75,0.4
8446,2019-07-11,130.5,124.5,6.0
8464,2019-07-11,251.5,241.5,10.0
8478,2019-07-11,42.2,40.19,2.00066
9924,2019-07-11,46.85,44.45,2.4
9930,2019-07-11,53.3,51.3,2.0
1325,2019-07-12,16.05,15.55,0.5
1611,2019-07-12,9.59,9.44,0.15
2020,2019-07-12,16.6,15.2,1.4
2375,2019-07-12,45.8,42.8,3.0
2462,2019-07-12,28.25,27.75,0.5
2615,2019-07-12,19.45,18.84,0.605629
2838A,2019-07-12,55.3,52.9,2.4
2897A,2019-07-12,10.35,10.31,0.038424
3024,2019-07-12,7.0,6.68,0.32
3034,2019-07-12,183.0,174.2,8.8
3055,2019-07-12,26.2,25.2,1.0
3481,2019-07-12,7.41,7.35,0.06
4105,2019-07-12,88.0,83.5,4.5
4977,2019-07-12,95.7,89.41,6.2871
4999,2019-07-12,47.2,43.7,3.5
5278,2019-07-12,229.0,218.22,10.78
5291,2019-07-12,19.2,18.4,0.8
5515,2019-07-12,10.75,10.25,0.5
6166,2019-07-12,40.55,39.24,1.300016
6192,2019-07-12,82.0,78.7,3.3
6231,2019-07-12,41.9,40.4,1.5
6616,2019-07-12,27.1,26.1,1.0
6664,2019-07-12,60.4,56.4,4.0
8349,2019-07-12,72.1,67.44,4.66
1104,2019-07-15,20.0,19.0,1.0
1215,2019-07-15,69.4,66.4,3.0
1264,2019-07-15,230.0,219.0,11.0
1410,2019-07-15,27.25,25.95,1.3
1614,2019-07-15,28.6,27.69,0.908598
2324,2019-07-15,20.45,19.25,1.2
2376,2019-07-15,53.5,50.5,3.0
2401,2019-07-15,13.1,12.74,0.36
2608,2019-07-15,37.6,36.04,1.56
2616,2019-07-15,30.85,29.24,1.600002
2891,2019-07-15,21.6,20.6,1.0
2891B,2019-07-15,65.0,62.75,2.25
2903,2019-07-15,23.7,22.85,0.85
3141,2019-07-15,35.2,33.69,1.51
3260,2019-07-15,52.7,52.5,0.2
3294,2019-07-15,13.85,13.62,0.23
3490,2019-07-15,21.35,20.86,0.49
3672,2019-07-15,17.2,16.9,0.3
4303,2019-07-15,23.4,22.2,1.2
4556,2019-07-15,33.1,31.85,1.25
5206,2019-07-15,18.95,18.25,0.7
6104,2019-07-15,35.35,32.99,2.36
6123,2019-07-15,43.7,41.62,2.08
6257,2019-07-15,31.25,29.19,2.059843
6533,2019-07-15,127.5,126.8,0.697086
6654,2019-07-15,68.9,60.38,8.52
6670,2019-07-15,199.0,188.0,11.0
8016,2019-07-15,145.5,140.5,5.0
9902,2019-07-15,9.9,9.6,0.3
9907,2019-07-15,13.25,12.78,0.47
00714,2019-07-16,22.25,22.11,0.135
00722B,2019-07-16,45.84,45.34,0.5
00723B,2019-07-16,42.83,42.45,0.38
00724B,2019-07-16,42.37,42.0,0.37
1109,2019-07-16,19.2,18.4,0.8
1312A,2019-07-16,33.95,33.35,0.6
1313,2019-07-16,11.25,11.05,0.198454
1454,2019-07-16,8.12,7.92,0.2
1524,2019-07-16,10.45,9.95,0.5
1532,2019-07-16,36.4,33.7,2.7
1591,2019-07-16,33.65,32.65,1.0
1717,2019-07-16,26.65,25.75,0.9
1907,2019-07-16,12.55,11.95,0.6
2006,2019-07-16,23.65,22.45,1.2
2031,2019-07-16,31.4,29.9,1.5
2207,2019-07-16,492.0,480.0,12.0
2303,2019-07-16,14.9,14.31,0.589893
2419,2019-07-16,21.3,20.48,0.813529
2483,2019-07-16,21.35,20.06,1.288024
2855,2019-07-16,13.75,13.05,0.699069
2906,2019-07-16,11.8,11.4,0.4
2908,2019-07-16,22.15,20.84,1.303704
3265,2019-07-16,25.0,23.8,1.2
3305,2019-07-16,20.75,19.72,1.02726
3450,2019-07-16,59.8,56.8,3.0
3545,2019-07-16,23.6,23.07,0.520108
3679,2019-07-16,48.9,45.9,3.0
4129,2019-07-16,47.95,45.95,2.0
4904,2019-07-16,76.0,72.25,3.75
5284,2019-07-16,60.7,58.1,2.6
5469,2019-07-16,32.65,31.03,1.61706
5511,2019-07-16,30.75,28.65,2.1
5522,2019-07-16,41.0,38.0,3.0
6121,2019-07-16,270.0,258.5,11.5
6141,2019-07-16,19.65,19.55,0.1
6194,2019-07-16,20.0,19.25,0.75
6196,2019-07-16,53.1,50.1,2.996839
6415,2019-07-16,650.0,643.47,6.523673
6514,2019-07-16,63.0,51.33,11.67
6548,2019-07-16,279.0,262.0,17.0
8070,2019-07-16,172.5,160.5,12.0
8131,2019-07-16,36.95,34.45,2.5
8917,2019-07-16,50.1,48.0,2.1
00687B,2019-07-17,43.64,43.36,0.28
00702,2019-07-17,21.67,21.22,0.45
00725B,2019-07-17,44.33,43.82,0.51
00726B,2019-07-17,45.52,45.02,0.5
00727B,2019-07-17,43.61,43.17,0.44
00735,2019-07-17,18.26,18.07,0.19
00736,2019-07-17,20.37,20.2,0.17
00744B,2019-07-17,42.8,42.38,0.42
00749B,2019-07-17,45.89,45.64,0.25
00750B,2019-07-17,44.36,44.04,0.32
00761B,2019-07-17,46.6,46.2,0.4
00782B,2019-07-17,44.06,43.7,0.36
1236,2019-07-17,13.75,13.35,0.4
1256,2019-07-17,240.0,212.54,27.454546
1434,2019-07-17,39.4,37.3,2.1
1463,2019-07-17,16.15,14.75,1.4
1734,2019-07-17,19.8,19.7,0.1
1736,2019-07-17,79.0,78.35,0.65
2029,2019-07-17,19.6,19.35,0.25
2030,2019-07-17,13.4,12.4,1.0
2426,2019-07-17,17.9,16.7,1.2
2448,2019-07-17,24.6,24.3,0.3
2596,2019-07-17,22.65,20.65,2.0
3015,2019-07-17,20.35,19.1,1.25
3088,2019-07-17,58.9,55.15,3.75
3131,2019-07-17,142.5,134.5,8.0
3441,2019-07-17,32.8,31.3,1.5
4130,2019-07-17,29.5,27.81,1.69
4205,2019-07-17,78.0,75.2,2.8
4506,2019-07-17,60.1,57.5,2.6
4714,2019-07-17,17.25,15.67,1.58
5011,2019-07-17,18.8,17.8,1.0
5371,2019-07-17,47.0,43.5,3.5
6163,2019-07-17,18.2,17.9,0.3
6206,2019-07-17,80.6,75.6,5.0
6488,2019-07-17,352.5,327.5,25.0
6612,2019-07-17,71.6,71.1,0.5
6662,2019-07-17,42.35,40.5,1.85
8996,2019-07-17,44.55,42.55,2.0
006208,2019-07-18,47.41,46.74,0.661
00692,2019-07-18,21.69,21.43,0.256
00694B,2019-07-18,41.38,41.31,0.07
00695B,2019-07-18,39.78,39.6,0.18
00696B,2019-07-18,44.07,43.78,0.29
00717,2019-07-18,20.08,19.85,0.225
00734B,2019-07-18,22.53,22.3,0.23
00740B,2019-07-18,47.06,46.43,0.63
00741B,2019-07-18,42.27,41.66,0.61
00746B,2019-07-18,45.12,44.71,0.41
00784B,2019-07-18,41.32,40.96,0.36
00785B,2019-07-18,43.09,42.91,0.18
1110,2019-07-18,16.9,16.8,0.1
1219,2019-07-18,18.0,17.9,0.1
1227,2019-07-18,61.5,59.0,2.5
1414,2019-07-18,7.06,6.86,0.2
1519,2019-07-18,27.8,27.5,0.3
1535,2019-07-18,33.45,32.35,1.1
1752,2019-07-18,30.7,29.5,1.2
1796,2019-07-18,31.35,30.85,0.5
1905,2019-07-18,10.85,10.5,0.35
2013,2019-07-18,25.2,24.73,0.47
2204,2019-07-18,28.35,26.65,1.7
2235,2019-07-18,68.0,65.0,3.0
2417,2019-07-18,11.2,11.1,0.1
2449,2019-07-18,32.55,31.2,1.35
2496,2019-07-18,82.9,78.9,4.0
2535,2019-07-18,21.95,20.32,1.621114
2613,2019-07-18,13.45,13.16,0.282731
2707,2019-07-18,188.0,176.98,11.017956
3032,2019-07-18,29.05,26.8,2.25
3114,2019-07-18,38.8,34.65,4.15
3354,2019-07-18,16.25,15.75,0.5
3492,2019-07-18,19.9,18.9,1.0
3550,2019-07-18,15.8,14.8,1.0
3591,2019-07-18,14.45,14.15,0.299996
3617,2019-07-18,97.7,92.4,5.3
3707,2019-07-18,20.5,20.35,0.15
3709,2019-07-18,18.3,17.6,0.7
4163,2019-07-18,148.5,144.0,4.5
4562,2019-07-18,33.5,32.0,1.5
4909,2019-07-18,20.65,19.95,0.7
4935,2019-07-18,59.5,58.7,0.8
5263,2019-07-18,204.5,190.95,13.55
5386,2019-07-18,40.5,34.78,5.72
5403,2019-07-18,39.65,36.65,3.0
5410,2019-07-18,18.8,17.5,1.3
5465,2019-07-18,17.0,16.73,0.27
5493,2019-07-18,30.0,28.25,1.75
6016,2019-07-18,7.56,7.34,0.22
6161,2019-07-18,21.65,20.05,1.6
6188,2019-07-18,48.45,46.95,1.5
6189,2019-07-18,35.15,32.52,2.63
6195,2019-07-18,45.4,42.4,3.0
6218,2019-07-18,23.05,21.45,1.6
6284,2019-07-18,28.6,27.8,0.8
6411,2019-07-18,86.5,77.71,8.79
6451,2019-07-18,112.0,109.66,2.333239
6486,2019-07-18,75.2,70.4,4.8
8032,2019-07-18,28.9,26.9,2.0
8222,2019-07-18,20.5,20.0,0.5
8249,2019-07-18,23.15,21.85,1.3
8497,2019-07-18,53.2,49.7,3.5
9911,2019-07-18,48.9,46.25,2.65
9917,2019-07-18,89.9,85.9,4.0
9919,2019-07-18,10.75,10.55,0.2
0050,2019-07-19,82.7,82.0,0.7
006203,2019-07-19,39.0,38.6,0.4
00719B,2019-07-19,32.81,32.66,0.15
00720B,2019-07-19,44.02,43.57,0.45
1319,2019-07-19,47.7,46.0,1.7
1323,2019-07-19,35.15,33.35,1.8
1402,2019-07-19,33.9,32.1,1.8
2010,2019-07-19,10.8,10.24,0.56
2206,2019-07-19,22.55,21.55,1.0
2367,2019-07-19,24.25,23.85,0.4
3652,2019-07-19,16.75,16.05,0.7
4513,2019-07-19,11.35,10.55,0.8
4564,2019-07-19,58.0,55.5,2.5
4744,2019-07-19,31.9,30.4,1.5
5706,2019-07-19,39.0,35.6,3.390476
6672,2019-07-19,80.6,77.25,3.347
7402,2019-07-19,48.5,47.3,1.2
8374,2019-07-19,19.8,19.3,0.5
1455,2019-07-22,9.19,8.99,0.2
1477,2019-07-22,214.0,197.04,16.952381
1708,2019-07-22,28.0,26.19,1.809524
1735,2019-07-22,16.15,16.0,0.15
2065,2019-07-22,43.3,40.6,2.7
2105,2019-07-22,40.4,39.3,1.1
2301,2019-07-22,47.1,44.18,2.92
2387,2019-07-22,32.8,31.79,1.005361
2442,2019-07-22,15.4,13.53,1.860769
2636,2019-07-22,26.55,24.35,2.2
3164,2019-07-22,28.4,26.9,1.5
3231,2019-07-22,25.3,23.81,1.487932
3303,2019-07-22,25.7,24.1,1.6
3380,2019-07-22,20.85,19.84,1.000373
3413,2019-07-22,130.5,123.5,7.0
3504,2019-07-22,96.2,95.7,0.5
3526,2019-07-22,64.9,59.7,5.2
3580,2019-07-22,32.55,30.45,2.1
4905,2019-07-22,62.0,59.45,2.55
4915,2019-07-22,53.5,51.09,2.400257
5488,2019-07-22,11.15,9.8,1.35
6120,2019-07-22,18.0,17.66,0.34
6179,2019-07-22,33.55,32.05,1.5
6442,2019-07-22,39.8,36.47,3.32381
6506,2019-07-22,19.4,18.04,1.36
8112,2019-07-22,31.9,28.9,3.0
8415,2019-07-22,35.65,33.25,2.4
8444,2019-07-22,95.3,93.3,2.0
8473,2019-07-22,53.9,51.34,2.555632
9918,2019-07-22,34.55,33.4,1.15
9926,2019-07-22,41.0,39.5,1.5
00789B,2019-07-23,66.5,65.84,0.66
00790B,2019-07-23,66.05,65.29,0.76
00791B,2019-07-23,62.95,62.22,0.73
1220,2019-07-23,11.25,10.79,0.46
1465,2019-07-23,14.9,14.6,0.3
2201,2019-07-23,23.2,22.53,0.67
2610,2019-07-23,9.89,9.68,0.209607
2937,2019-07-23,21.7,21.0,0.7
3171,2019-07-23,14.4,13.9,0.5
3537,2019-07-23,33.75,31.35,2.4
3581,2019-07-23,15.5,14.8,0.7
3583,2019-07-23,65.4,62.9,2.5
3611,2019-07-23,292.0,256.36,35.64
4119,2019-07-23,107.5,103.3,4.2
4190,2019-07-23,116.0,111.5,4.5
4536,2019-07-23,180.0,174.5,5.5
4555,2019-07-23,55.8,53.8,2.0
4561,2019-07-23,26.4,25.4,1.0
5306,2019-07-23,105.5,101.0,4.5
5434,2019-07-23,87.1,81.8,5.3
5439,2019-07-23,48.15,45.35,2.8
5483,2019-07-23,88.1,85.1,3.0
6153,2019-07-23,32.3,31.06,1.232039
6158,2019-07-23,41.0,31.0,10.0
6226,2019-07-23,7.69,7.57,0.12
6609,2019-07-23,32.2,30.0,2.2
8472,2019-07-23,27.15,26.6,0.55
9910,2019-07-23,237.0,209.36,27.636364
1102,2019-07-24,46.8,44.0,2.8
1540,2019-07-24,22.05,20.55,1.5
1762,2019-07-24,37.4,36.2,1.2
1783,2019-07-24,27.5,26.81,0.680498
2067,2019-07-24,12.45,12.05,0.4
2352,2019-07-24,20.25,19.4,0.85
2633,2019-07-24,43.45,42.33,1.12
3092,2019-07-24,57.2,50.19,7.01
3645,2019-07-24,52.1,48.19,3.909524
3689,2019-07-24,28.05,26.85,1.2
4543,2019-07-24,20.5,19.5,1.0
4720,2019-07-24,13.8,13.65,0.15
4754,2019-07-24,67.2,54.75,12.45
5102,2019-07-24,16.05,15.25,0.8
6108,2019-07-24,30.65,28.15,2.5
6125,2019-07-24,14.9,14.39,0.51
6469,2019-07-24,91.6,90.3,1.3
8443,2019-07-24,12.55,12.12,0.43
9941,2019-07-24,132.0,115.0,16.999999
9941A,2019-07-24,54.1,53.67,0.421917
1234,2019-07-25,33.3,31.7,1.6
1304,2019-07-25,12.05,11.75,0.3
1305,2019-07-25,24.15,21.77,2.371154
1308,2019-07-25,14.25,13.95,0.3
1309,2019-07-25,10.65,10.24,0.404902
1473,2019-07-25,26.45,25.95,0.5
1522,2019-07-25,28.2,26.9,1.3
1528,2019-07-25,9.48,9.28,0.2
1701,2019-07-25,19.55,18.75,0.8
1777,2019-07-25,79.8,76.5,3.3
1789,2019-07-25,25.5,25.01,0.49
1810,2019-07-25,7.89,7.69,0.2
2002,2019-07-25,25.0,24.0,1.0
2002A,2019-07-25,48.7,47.3,1.4
2014,2019-07-25,10.65,10.55,0.1
2069,2019-07-25,24.7,22.2,2.5
2317,2019-07-25,81.3,77.3,4.0
2354,2019-07-25,66.7,63.5,3.2
2412,2019-07-25,112.0,107.52,4.479
2414,2019-07-25,22.2,20.75,1.45
2511,2019-07-25,11.9,11.25,0.65
2884,2019-07-25,28.1,25.57,2.528178
3013,2019-07-25,15.1,14.8,0.3
3406,2019-07-25,416.5,413.0,3.4954
3444,2019-07-25,26.0,25.0,1.0
3546,2019-07-25,69.9,65.6,4.3
3548,2019-07-25,73.7,69.2,4.5
3551,2019-07-25,45.9,44.3,1.6
3567,2019-07-25,25.9,23.9,2.0
3605,2019-07-25,22.55,21.85,0.7
4104,2019-07-25,54.7,51.7,3.0
4106,2019-07-25,27.3,26.65,0.65
4137,2019-07-25,275.5,263.5,12.0
4526,2019-07-25,18.3,18.0,0.3
4540,2019-07-25,74.0,70.4,3.6
4566,2019-07-25,45.0,43.0,1.994206
4735,2019-07-25,45.75,43.45,2.3
4767,2019-07-25,20.35,19.15,1.2
5209,2019-07-25,44.45,41.67,2.78
5227,2019-07-25,16.45,15.88,0.57
5425,2019-07-25,53.0,50.0,3.0
5530,2019-07-25,64.2,61.2,3.0
6128,2019-07-25,35.15,33.15,2.0
6147,2019-07-25,67.3,63.8,3.5
6191,2019-07-25,15.7,15.4,0.3
6207,2019-07-25,29.0,26.5,2.5
6217,2019-07-25,35.2,34.5,0.7
6238,2019-07-25,163.5,149.36,14.14
6271,2019-07-25,134.0,128.0,6.0
6277,2019-07-25,93.5,85.5,8.0
6288,2019-07-25,20.05,19.5,0.55
6416,2019-07-25,80.8,77.3,3.5
6558,2019-07-25,64.2,62.99,1.203624
6573,2019-07-25,26.25,25.36,0.884147
6593,2019-07-25,28.55,26.75,1.8
6655,2019-07-25,44.75,44.2,0.541606
6803,2019-07-25,212.5,201.68,10.82
8021,2019-07-25,20.25,19.05,1.2
8099,2019-07-25,19.1,17.7,1.4
8110,2019-07-25,10.5,10.2,0.3
8215,2019-07-25,24.4,23.8,0.6
8937,2019-07-25,15.75,15.64,0.11
9905,2019-07-25,25.2,24.2,1.0
9908,2019-07-25,29.95,28.85,1.1
9925,2019-07-25,38.75,36.75,2.0
9933,2019-07-25,47.0,44.74,2.254929
9960,2019-07-25,31.5,31.05,0.45
2360,2019-07-26,159.5,155.32,4.177826
2427,2019-07-26,10.5,10.1,0.4
2495,2019-07-26,13.55,13.15,0.4
2637,2019-07-26,35.2,33.71,1.48709
3022,2019-07-26,35.2,33.7,1.5
3323,2019-07-26,31.95,29.89,2.06
4551,2019-07-26,125.5,122.4,3.1
5220,2019-07-26,35.8,32.8,3.0
5283,2019-07-26,106.5,97.5,9.0
5443,2019-07-26,21.5,20.2,1.3
6414,2019-07-26,234.0,227.0,7.0
8109,2019-07-26,97.5,84.55,12.95
1503,2019-07-29,46.55,45.05,1.5
1788,2019-07-29,110.0,104.0,6.0
2382,2019-07-29,61.5,57.95,3.55
2420,2019-07-29,38.6,35.8,2.8
2471,2019-07-29,18.65,17.45,1.2
2536,2019-07-29,21.45,20.45,1.0
3037,2019-07-29,41.15,40.34,0.800053
3511,2019-07-29,37.5,36.39,1.11
3556,2019-07-29,51.4,48.1,3.3
3624,2019-07-29,28.95,27.75,1.2
4175,2019-07-29,82.0,74.98,7.02
4401,2019-07-29,52.4,50.4,2.0
4528,2019-07-29,48.95,46.85,2.1
4943,2019-07-29,176.5,163.67,12.821696
6269,2019-07-29,96.4,91.4,4.99504
6435,2019-07-29,124.5,117.43,7.07
9937,2019-07-29,43.5,41.5,2.0
1201,2019-07-30,30.65,29.85,0.8
1725,2019-07-30,15.55,14.71,0.84
2348,2019-07-30,49.8,46.0,3.8
2355,2019-07-30,33.75,33.25,0.5
3272,2019-07-30,32.9,31.9,1.0
3332,2019-07-30,40.85,38.65,2.2
3390,2019-07-30,23.65,22.55,1.1
3531,2019-07-30,23.95,22.75,1.2
6116,2019-07-30,6.95,6.65,0.3
6126,2019-07-30,12.3,12.0,0.3
6292,2019-07-30,32.85,30.55,2.3
6504,2019-07-30,154.0,149.0,5.0
6509,2019-07-30,19.4,18.8,0.6
6582,2019-07-30,55.4,51.8,3.59262
8928,2019-07-30,33.2,31.7,1.5
8931,2019-07-30,27.0,25.14,1.86
9188,2019-07-30,4.82,4.42,0.3988
1525,2019-07-31,59.7,57.9,1.8
1598,2019-07-31,45.8,43.91,1.886189
2351,2019-07-31,66.5,63.7,2.8
2392,2019-07-31,35.15,33.65,1.5
2504,2019-07-31,8.61,8.36,0.25
2912,2019-07-31,306.5,297.7,8.8
3206,2019-07-31,28.75,26.62,2.13
3501,2019-07-31,54.6,51.1,3.5
3533,2019-07-31,234.0,225.3,8.7
3653,2019-07-31,129.5,125.97,3.527518
4161,2019-07-31,26.6,26.1,0.5
4938,2019-07-31,56.0,52.49,3.500896
5426,2019-07-31,13.6,12.6,1.0
5871,2019-07-31,139.5,131.35,8.140776
6472,2019-07-31,193.5,146.55,46.95
8404,2019-07-31,50.5,46.57,3.925926
9938,2019-07-31,92.9,90.3,2.6
9942,2019-07-31,75.0,70.8,4.2
1216,2019-08-01,80.8,78.3,2.5
1316,2019-08-01,15.45,13.56,1.885037
1470,2019-08-01,22.65,22.25,0.4
1530,2019-08-01,31.05,29.05,2.0
1720,2019-08-01,33.6,32.1,1.5
1724,2019-08-01,13.6,13.1,0.5
1730,2019-08-01,88.4,84.9,3.5
2033,2019-08-01,9.72,9.52,0.2
2115,2019-08-01,41.65,38.71,2.935714
2228,2019-08-01,109.0,104.0,5.0
2393,2019-08-01,30.05,28.55,1.499781
2485,2019-08-01,22.7,22.2,0.5
2849,2019-08-01,16.25,15.25,1.0
2852,2019-08-01,15.05,14.56,0.49
3023,2019-08-01,133.0,128.52,4.477053
3046,2019-08-01,23.7,23.4,0.3
3128,2019-08-01,14.35,13.85,0.5
3209,2019-08-01,20.0,18.62,1.372549
3221,2019-08-01,20.75,20.33,0.42
3232,2019-08-01,16.0,15.8,0.2
3284,2019-08-01,12.9,12.6,0.3
3628,2019-08-01,34.0,32.5,1.5
3703,2019-08-01,17.4,16.5,0.9
4305,2019-08-01,39.8,37.2,2.6
4433,2019-08-01,50.0,41.76,8.24
4737,2019-08-01,50.9,48.9,1.998121
4971,2019-08-01,62.0,61.01,0.99
5312,2019-08-01,66.3,62.5,3.8
5392,2019-08-01,37.75,35.59,2.16
6138,2019-08-01,63.0,58.8,4.2
6156,2019-08-01,15.15,14.75,0.4
6171,2019-08-01,16.2,16.0,0.2
6175,2019-08-01,24.3,22.8,1.5
6177,2019-08-01,29.9,28.0,1.898405
6230,2019-08-01,246.0,241.3,4.7
6239,2019-08-01,85.6,80.8,4.8
6464,2019-08-01,110.0,103.45,6.542642
6625,2019-08-01,49.85,46.04,3.802381
8081,2019-08-01,99.8,94.8,5.0
8107,2019-08-01,22.65,21.65,1.0
8114,2019-08-01,116.0,109.8,6.2
8155,2019-08-01,72.7,67.1,5.6
8437,2019-08-01,294.0,228.6,65.4
8936,2019-08-01,19.7,19.6,0.1
1604,2019-08-02,18.4,17.0,1.4
2838,2019-08-02,11.95,11.16,0.781776
3596,2019-08-02,106.0,102.5,3.5
3665,2019-08-02,248.0,240.5,7.5
4766,2019-08-02,176.5,171.5,5.0
8091,2019-08-02,74.0,68.37,5.63
8103,2019-08-02,24.7,23.7,1.0
8213,2019-08-02,40.5,38.31,2.183484
8929,2019-08-02,26.65,25.19,1.46
1464,2019-08-05,24.0,23.73,0.260034
1609,2019-08-05,11.0,10.7,0.3
2332,2019-08-05,12.65,12.45,0.2
2476,2019-08-05,24.4,23.14,1.26
3049,2019-08-05,14.25,14.18,0.06506
3402,2019-08-05,31.7,28.7,3.0
3623,2019-08-05,28.4,25.9,2.5
3712,2019-08-05,23.8,21.3,2.5
4160,2019-08-05,28.35,27.72,0.63
4745,2019-08-05,50.2,41.58,8.62
5531,2019-08-05,9.63,9.53,0.095347
6201,2019-08-05,36.7,34.0,2.7
6245,2019-08-05,76.7,69.17,7.53
6290,2019-08-05,54.3,52.81,1.49
8436,2019-08-05,413.5,353.83,59.67
1240,2019-08-06,48.6,45.73,2.87
1453,2019-08-06,9.0,8.18,0.818182
1718,2019-08-06,9.1,8.45,0.649296
2477,2019-08-06,21.1,20.24,0.86
2801,2019-08-06,21.15,20.1,1.042157
2889,2019-08-06,10.9,10.45,0.45
3008,2019-08-06,3875.0,3807.0,68.0
4432,2019-08-06,26.45,25.29,1.16
4707,2019-08-06,10.45,9.67,0.78
4953,2019-08-06,130.5,117.12,13.38
8383,2019-08-06,41.0,38.5,2.5
2049,2019-08-07,249.0,234.95,14.048542
2539,2019-08-07,30.45,26.76,3.680089
3058,2019-08-07,7.72,7.51,0.203255
3062,2019-08-07,14.85,14.45,0.4
5243,2019-08-07,38.35,36.85,1.5
5299,2019-08-07,114.0,108.9,5.1
5607,2019-08-07,22.4,22.0,0.4
5903,2019-08-07,223.0,217.2,5.8
6285,2019-08-07,74.8,71.29,3.500717
6605,2019-08-07,69.4,67.1,2.3
6679,2019-08-07,105.0,103.4,1.6
8150,2019-08-07,28.25,27.04,1.20004
1440,2019-08-08,12.1,11.7,0.4
1817,2019-08-08,39.2,36.9,2.3
2108,2019-08-08,33.35,31.55,1.8
2450,2019-08-08,31.6,30.15,1.45
2492,2019-08-08,165.5,149.16,16.331528
2545,2019-08-08,30.75,28.95,1.8
2547,2019-08-08,13.45,12.4,1.04804
2607,2019-08-08,14.1,13.75,0.35
2704,2019-08-08,21.45,21.05,0.4
2745,2019-08-08,20.1,19.8,0.3
3078,2019-08-08,24.2,22.75,1.45
3152,2019-08-08,222.5,212.62,9.88
3306,2019-08-08,22.8,22.3,0.5
4764,2019-08-08,81.8,69.81,11.981818
4947,2019-08-08,163.0,155.8,7.2
5291,2019-08-08,20.0,19.71,0.29
6263,2019-08-08,66.7,62.4,4.3
6574,2019-08-08,82.7,78.7,4.0
8480,2019-08-08,122.5,117.2,5.3
9914,2019-08-08,188.5,185.0,3.5
1442,2019-08-09,16.55,15.55,1.0
2337,2019-08-09,28.3,27.09,1.200125
2458,2019-08-09,79.5,74.5,5.0
2886,2019-08-09,31.1,29.4,1.7
2892,2019-08-09,22.8,21.58,1.215842
3491,2019-08-09,112.0,102.46,9.54
4207,2019-08-09,11.8,11.06,0.74
6143,2019-08-09,47.7,43.7,4.0
8390,2019-08-09,18.1,17.65,0.45
1786,2019-08-12,69.7,68.1,1.6
2887,2019-08-12,14.3,13.51,0.78932
4919,2019-08-12,48.3,45.8,2.5
4927,2019-08-12,56.5,54.03,2.461032
5820,2019-08-12,10.5,9.65,0.85
6005,2019-08-12,9.35,8.95,0.4
6581,2019-08-12,94.8,89.82,4.98
6668,2019-08-12,63.3,62.29,1.000263
1101,2019-08-13,43.95,37.98,5.968005
1101B,2019-08-13,52.5,52.4,0.091095
1537,2019-08-13,159.0,149.0,10.0
3454,2019-08-13,112.0,106.82,5.170731
3711,2019-08-13,68.9,66.4,2.498682
5285,2019-08-13,63.6,60.06,3.537865
6199,2019-08-13,13.85,13.65,0.2
6202,2019-08-13,71.4,66.7,4.7
6220,2019-08-13,28.8,26.8,2.0
8050,2019-08-13,43.05,41.05,2.0
8183,2019-08-13,15.1,14.7,0.4
2027,2019-08-14,45.4,42.4,3.0
2834,2019-08-14,13.4,12.47,0.92381
3178,2019-08-14,28.5,27.5,1.0
4541,2019-08-14,29.05,27.96,1.09
4746,2019-08-14,36.7,36.2,0.5
4977,2019-08-14,84.6,83.1,1.493298
5203,2019-08-14,85.0,82.0,2.990238
5880,2019-08-14,20.7,19.36,1.331068
6417,2019-08-14,54.9,54.3,0.6
00754B,2019-08-15,49.32,48.93,0.39
00755B,2019-08-15,48.05,47.69,0.36
00756B,2019-08-15,50.4,49.97,0.43
00794B,2019-08-15,40.85,40.67,0.18
2880,2019-08-15,21.5,19.87,1.628023
3042,2019-08-15,39.55,37.55,2.0
3376,2019-08-15,122.0,118.01,3.988729
4912,2019-08-15,141.5,115.84,25.654376
4933,2019-08-15,29.9,28.29,1.61
5269,2019-08-15,556.0,544.0,12.0
5489,2019-08-15,35.35,33.35,2.0
6139,2019-08-15,27.4,25.9,1.5
6449,2019-08-15,29.5,28.51,0.985102
8049,2019-08-15,25.65,23.65,2.0
3675,2019-08-16,42.8,40.8,2.0
4123,2019-08-16,77.3,65.92,11.38
4533,2019-08-16,11.4,10.95,0.45
00748B,2019-08-19,43.0,42.52,0.48
00780B,2019-08-19,43.95,43.8,0.15
2374,2019-08-19,16.3,15.8,0.5
2498,2019-08-19,34.2,33.82,0.38
3004,2019-08-19,92.2,89.7,2.5
3609,2019-08-19,17.25,16.75,0.5
4741,2019-08-19,33.6,31.65,1.95
5288,2019-08-19,136.5,131.5,5.0
6274,2019-08-19,136.5,132.1,4.4
9921,2019-08-19,233.5,228.9,4.6
9946,2019-08-19,26.3,24.29,2.000935
00718B,2019-08-20,20.69,20.2,0.49
1340,2019-08-20,18.0,16.18,1.818181
1722,2019-08-20,47.95,45.75,2.2
1737,2019-08-20,33.95,32.15,1.8
3163,2019-08-20,44.2,43.6,0.6
3257,2019-08-20,55.9,51.9,4.0
3264,2019-08-20,29.8,28.2,1.6
3317,2019-08-20,41.9,41.2,0.7
3702,2019-08-20,40.2,37.5,2.7
4113,2019-08-20,10.55,10.25,0.3
4138,2019-08-20,51.3,48.15,3.15
6443,2019-08-20,8.39,8.15,0.23838
6512,2019-08-20,16.5,16.03,0.47
6683,2019-08-20,176.0,173.0,3.0
00679B,2019-08-21,46.79,46.51,0.28
00721B,2019-08-21,46.88,46.13,0.75
1445,2019-08-21,7.44,7.24,0.2
2064,2019-08-21,14.5,13.5,1.0
2227,2019-08-21,270.0,252.33,17.67
2472,2019-08-21,41.0,38.7,2.3
2701,2019-08-21,13.35,12.95,0.4
2881A,2019-08-21,65.9,63.44,2.46
2881B,2019-08-21,64.4,62.67,1.722082
3189,2019-08-21,37.95,36.45,1.499066
3570,2019-08-21,90.0,87.0,3.0
5905,2019-08-21,8.65,8.22,0.43
8182,2019-08-21,21.65,20.55,1.1
8489,2019-08-21,137.0,125.71,11.29
00758B,2019-08-22,71.65,71.01,0.64
00759B,2019-08-22,74.05,73.48,0.57
00760B,2019-08-22,72.1,71.34,0.76
00769B,2019-08-22,63.35,62.74,0.61
00775B,2019-08-22,47.21,47.07,0.135
00795B,2019-08-22,47.81,47.11,0.7
00796B,2019-08-22,40.26,40.14,0.12
00797B,2019-08-22,43.76,42.94,0.82
1336,2019-08-22,15.0,14.21,0.79
2101,2019-08-22,38.2,37.7,0.5
2233,2019-08-22,71.1,67.1,4.0
2439,2019-08-22,152.5,144.0,8.497657
2617,2019-08-22,21.05,19.75,1.3
2643,2019-08-22,33.8,31.8,2.0
2702,2019-08-22,19.95,18.28,1.662963
3147,2019-08-22,44.0,42.3,1.7
3434,2019-08-22,15.0,14.7,0.3
3661,2019-08-22,118.0,116.46,1.530463
3680,2019-08-22,73.5,73.25,0.25
4111,2019-08-22,25.25,24.65,0.6
4173,2019-08-22,17.8,16.76,1.04
4721,2019-08-22,72.1,69.3,2.8
5289,2019-08-22,129.0,120.59,8.41
5523,2019-08-22,10.75,10.55,0.2
6114,2019-08-22,41.0,39.5,1.5
6186,2019-08-22,25.45,24.45,1.0
6210,2019-08-22,41.65,39.05,2.6
6227,2019-08-22,24.1,22.6,1.5
6569,2019-08-22,205.0,186.36,18.64
8043,2019-08-22,35.55,32.95,2.6
1225,2019-08-23,51.1,49.95,1.15
1516,2019-08-23,15.25,14.58,0.666326
1586,2019-08-23,33.3,31.24,2.06
1609,2019-08-23,10.05,9.66,0.386539
1709,2019-08-23,13.15,12.65,0.497241
1902,2019-08-23,20.1,19.75,0.35
2114,2019-08-23,89.2,80.19,9.009524
2338,2019-08-23,27.2,26.36,0.834
2347,2019-08-23,38.65,36.65,2.0
2484,2019-08-23,21.65,20.2,1.45
2913,2019-08-23,15.65,15.35,0.3
3622,2019-08-23,18.3,17.8,0.5
4908,2019-08-23,25.75,24.89,0.86
4942,2019-08-23,39.3,36.8,2.5
5013,2019-08-23,26.0,25.5,0.5
6183,2019-08-23,37.0,35.34,1.66
6204,2019-08-23,22.55,21.55,1.0
6282,2019-08-23,23.4,22.4,1.0
6552,2019-08-23,100.0,98.0,2.0
8423,2019-08-23,24.5,22.38,2.12
8477,2019-08-23,54.5,49.55,4.95
8906,2019-08-23,17.45,17.34,0.11
8927,2019-08-23,17.05,16.85,0.2
9927,2019-08-23,31.7,30.32,1.38
1310,2019-08-26,24.5,22.5,2.0
1313,2019-08-26,10.25,9.95,0.296303
1324,2019-08-26,10.55,10.25,0.3
1460,2019-08-26,10.25,10.04,0.200981
1533,2019-08-26,37.65,36.85,0.8
1541,2019-08-26,36.3,35.3,1.0
1565,2019-08-26,484.0,457.5,26.5
1587,2019-08-26,18.6,18.13,0.462746
1597,2019-08-26,93.5,84.09,9.41
1617,2019-08-26,13.35,12.35,1.0
1726,2019-08-26,72.0,68.5,3.5
2327,2019-08-26,258.0,213.16,44.834894
2377,2019-08-26,88.8,83.8,5.0
2904,2019-08-26,25.05,23.53,1.514495
3144,2019-08-26,32.3,31.3,1.0
3266,2019-08-26,14.5,14.0,0.5
3285,2019-08-26,18.05,16.85,1.2
3289,2019-08-26,46.5,43.13,3.37
3293,2019-08-26,394.0,383.0,11.0
3362,2019-08-26,49.35,47.89,1.46
3527,2019-08-26,126.0,121.0,5.0
3588,2019-08-26,23.7,22.94,0.750191
4807,2019-08-26,34.85,30.84,4.003119
4966,2019-08-26,574.0,561.69,12.31
5201,2019-08-26,29.0,27.6,1.4
5525,2019-08-26,27.95,23.59,4.359091
6234,2019-08-26,24.85,24.25,0.6
6237,2019-08-26,16.95,16.7,0.25
6469,2019-08-26,89.4,79.17,10.23
6508,2019-08-26,29.65,28.15,1.5
6531,2019-08-26,42.25,41.73,0.510234
6538,2019-08-26,83.0,82.0,1.0
6560,2019-08-26,42.1,39.1,3.0
8069,2019-08-26,30.3,28.21,2.09
8147,2019-08-26,34.9,33.68,1.22
8406,2019-08-26,182.0,177.0,5.0
8932,2019-08-26,14.0,13.4,0.6
1210,2019-08-27,39.55,36.23,3.311905
1339,2019-08-27,45.9,43.9,2.0
1457,2019-08-27,14.0,13.5,0.5
1474,2019-08-27,9.46,9.16,0.3
2023,2019-08-27,9.05,8.77,0.275491
2059,2019-08-27,340.0,330.5,9.5
2106,2019-08-27,30.15,29.15,1.0
2428,2019-08-27,80.2,76.4,3.8
2441,2019-08-27,43.45,40.75,2.7
2514,2019-08-27,15.05,14.8,0.25
2706,2019-08-27,15.0,14.55,0.45
2736,2019-08-27,12.75,12.65,0.1
2812,2019-08-27,12.45,11.56,0.881559
3226,2019-08-27,60.8,57.8,3.0
3312,2019-08-27,16.1,14.48,1.614019
3484,2019-08-27,26.9,25.6,1.3
3489,2019-08-27,8.71,8.41,0.3
3528,2019-08-27,39.8,37.3,2.5
4121,2019-08-27,10.5,10.4,0.1
5202,2019-08-27,15.8,15.37,0.43
5278,2019-08-27,188.5,183.5,5.0
5452,2019-08-27,7.1,6.9,0.2
5460,2019-08-27,11.25,10.95,0.3
5534,2019-08-27,88.4,81.4,7.0
5876,2019-08-27,50.0,48.63,1.368389
6279,2019-08-27,75.0,71.0,4.0
6516,2019-08-27,146.0,124.81,21.19
6578,2019-08-27,26.0,25.2,0.8
8255,2019-08-27,94.0,92.86,1.14
8367,2019-08-27,22.55,21.55,1.0
1409,2019-08-28,12.5,11.65,0.85
1416,2019-08-28,15.15,13.95,1.2
1513,2019-08-28,20.85,19.85,1.0
1514,2019-08-28,17.25,16.06,1.182039
1527,2019-08-28,55.3,51.3,4.0
1776,2019-08-28,15.7,14.9,0.8
1784,2019-08-28,42.15,41.87,0.28
2104,2019-08-28,37.0,31.41,5.584071
2365,2019-08-28,8.06,7.86,0.2
2530,2019-08-28,16.2,15.9,0.3
2640,2019-08-28,75.9,72.29,3.61
3236,2019-08-28,22.7,20.6,2.1
3360,2019-08-28,21.15,20.75,0.4
3483,2019-08-28,48.1,45.28,2.82
3663,2019-08-28,18.8,18.4,0.4
3706,2019-08-28,31.55,26.13,5.419566
4162,2019-08-28,73.3,72.3,1.0
4549,2019-08-28,92.4,84.19,8.21
5281,2019-08-28,30.8,29.8,1.0
5478,2019-08-28,74.0,71.8,2.2
5508,2019-08-28,34.15,31.29,2.86
6168,2019-08-28,14.25,13.25,1.0
6203,2019-08-28,35.0,32.5,2.5
6216,2019-08-28,28.9,26.91,1.98399
6441,2019-08-28,38.05,36.05,2.0
6485,2019-08-28,39.0,33.92,5.08
6674,2019-08-28,32.0,30.2,1.8
8071,2019-08-28,14.3,13.88,0.42
8410,2019-08-28,26.2,24.45,1.75
8442,2019-08-28,58.0,56.5,1.5
8941,2019-08-28,51.0,48.0,3.0
1103,2019-08-29,16.4,15.4,1.0
1229,2019-08-29,36.1,32.85,3.242857
1231,2019-08-29,46.0,42.09,3.904762
1436,2019-08-29,41.5,32.91,8.583334
1441,2019-08-29,13.9,10.46,3.438517
1446,2019-08-29,30.55,30.25,0.3
1526,2019-08-29,29.95,28.95,1.0
1599,2019-08-29,45.0,36.67,8.33
2066,2019-08-29,82.3,79.3,3.0
2328,2019-08-29,24.15,23.05,1.1
2383,2019-08-29,135.5,131.7,3.8
2402,2019-08-29,16.05,15.55,0.5
2505,2019-08-29,12.5,12.0,0.5
2509,2019-08-29,29.4,24.4,4.993221
2527,2019-08-29,23.2,22.0,1.2
2611,2019-08-29,7.99,7.57,0.414659
2845,2019-08-29,12.3,11.54,0.755919
2923,2019-08-29,24.5,23.78,0.72
3033,2019-08-29,19.75,17.67,2.077343
3036,2019-08-29,40.05,37.69,2.351148
3426,2019-08-29,44.45,41.95,2.5
4107,2019-08-29,137.0,133.0,4.0
4728,2019-08-29,88.2,87.0,1.2
4907,2019-08-29,24.7,23.2,1.5
4987,2019-08-29,65.0,60.0,5.0
4991,2019-08-29,64.0,62.81,1.19
5264,2019-08-29,51.6,50.6,1.0
5543,2019-08-29,20.9,20.4,0.5
6261,2019-08-29,45.25,42.25,3.0
8908,2019-08-29,45.05,41.33,3.72
9188,2019-08-29,3.81,3.73,0.076114
1517,2019-08-30,9.6,9.35,0.25
1539,2019-08-30,23.9,22.1,1.8
2103,2019-08-30,24.95,23.97,0.98
2221,2019-08-30,34.05,31.95,2.1
2468,2019-08-30,12.85,12.35,0.5
4961,2019-08-30,40.7,39.39,1.300818
6174,2019-08-30,16.0,15.0,1.0
1583,2019-09-02,55.1,52.1,3.0
2901,2019-09-02,23.1,22.71,0.386695
2905,2019-09-02,18.25,17.75,0.5
6409,2019-09-02,705.0,651.42,53.571429
8429,2019-09-02,13.9,13.53,0.360177
8488,2019-09-02,17.85,17.35,0.5
9105,2019-09-02,2.37,2.3,0.060576
1590,2019-09-03,327.5,322.26,5.23972
1815,2019-09-03,15.15,14.5,0.65
2230,2019-09-03,15.2,15.05,0.15
3455,2019-09-03,74.8,71.8,3.0
3646,2019-09-03,18.8,17.8,1.0
4438,2019-09-03,159.0,153.0,6.0
4568,2019-09-03,70.1,65.62,4.48
4803,2019-09-03,134.5,127.55,6.95
5607,2019-09-03,23.45,21.63,1.813209
5907,2019-09-03,31.3,29.6,1.693776
8421,2019-09-03,15.3,14.59,0.71
9951,2019-09-03,99.9,95.7,4.2
1203,2019-09-04,27.05,26.05,1.0
2816,2019-09-04,20.3,19.4,0.9
3346,2019-09-04,33.3,31.8,1.495717
4763,2019-09-04,149.0,131.81,17.181819
6020,2019-09-04,12.9,12.87,0.03
6223,2019-09-04,66.3,64.3,2.0
2379,2019-09-05,220.0,213.0,7.0
2618,2019-09-05,14.25,13.35,0.895725
4420,2019-09-05,34.65,33.65,1.0
4426,2019-09-05,61.3,56.21,5.082288
8234,2019-09-05,30.8,30.1,0.7
8403,2019-09-05,30.4,28.48,1.92
4416,2019-09-06,72.5,70.5,2.0
5464,2019-09-06,17.95,16.95,1.0
6426,2019-09-06,132.0,130.51,1.49
8076,2019-09-06,40.6,39.6,1.0
8450,2019-09-06,41.25,40.45,0.8
9943,2019-09-06,70.2,64.8,5.4
2236,2019-09-09,24.8,22.61,2.187296
2888,2019-09-09,9.34,9.31,0.020023
3577,2019-09-09,36.35,32.41,3.94
4430,2019-09-09,34.7,33.2,1.5
4716,2019-09-09,14.75,14.35,0.4
5519,2019-09-09,16.75,15.79,0.95148
8499,2019-09-09,142.0,137.0,5.0
01010T,2019-09-10,10.2,10.08,0.113498
3594,2019-09-10,24.0,23.43,0.57
4919,2019-09-10,52.8,50.62,2.170025
8354,2019-09-10,22.95,19.96,2.99
2707,2019-09-11,164.0,157.87,6.1248
2836,2019-09-11,9.88,9.4,0.476728
5487,2019-09-11,34.75,33.87,0.88
8261,2019-09-11,28.7,27.7,1.0
910861,2019-09-12,8.75,8.68,0.06155
2474,2019-09-16,235.0,223.0,12.0
6616,2019-09-16,35.95,35.15,0.8
00765B,2019-09-17,40.3,39.97,0.33
3059,2019-09-17,24.9,24.4,0.497368
3432,2019-09-17,14.3,13.8,0.5
00764B,2019-09-18,46.02,45.77,0.25
00792B,2019-09-18,44.45,44.02,0.43
00793B,2019-09-18,44.13,43.71,0.42
2601,2019-09-18,12.35,12.25,0.1
3322,2019-09-18,8.75,8.5,0.25
6133,2019-09-18,8.54,8.29,0.25
9958,2019-09-18,77.3,77.0,0.299932
00777B,2019-09-19,45.93,45.68,0.25
00778B,2019-09-19,46.89,46.43,0.46
00779B,2019-09-19,46.88,46.78,0.1
00781B,2019-09-19,45.76,44.96,0.8
1569,2019-09-19,23.1,22.85,0.25
2330,2019-09-19,267.0,265.0,2.0
6235,2019-09-19,13.3,12.8,0.497576
8279,2019-09-19,143.5,140.03,3.47
2605,2019-09-20,17.2,16.5,0.695146
6154,2019-09-20,16.1,15.1,1.0
00697B,2019-09-23,42.82,42.65,0.17
00751B,2019-09-23,47.75,47.35,0.4
2342,2019-09-23,21.3,21.03,0.27
00831B,2019-09-24,40.64,40.61,0.03
2062,2019-09-24,30.7,30.4,0.3
2488,2019-09-24,39.15,36.65,2.5
2889,2019-09-24,10.95,10.84,0.108416
00710B,2019-09-25,21.04,20.76,0.275
00711B,2019-09-25,22.98,22.72,0.255
00712,2019-09-25,17.86,17.75,0.104
00772B,2019-09-25,47.68,47.32,0.36
00773B,2019-09-25,48.15,47.74,0.41
01004T,2019-09-25,13.45,13.26,0.186602
01009T,2019-09-25,9.0,8.84,0.152173
4552,2019-09-25,51.8,42.67,9.127587
2506,2019-09-26,11.45,11.29,0.16
3017,2019-09-26,40.55,39.55,1.0
6590,2019-09-26,31.5,30.1,1.4
4967,2019-09-30,25.45,23.45,2.0
6596,2019-09-30,80.3,73.0,7.3
8027,2019-09-30,33.4,32.44,0.96
00836B,2019-10-01,44.57,44.16,0.41
00837B,2019-10-01,43.95,43.33,0.62
6221,2019-10-01,52.5,45.56,6.94
2542,2019-10-02,49.95,45.45,4.5
4563,2019-10-03,49.3,48.27,1.03
6246,2019-10-03,9.89,9.51,0.38
4152,2019-10-04,83.5,83.29,0.21
5521,2019-10-04,7.1,6.96,0.13407
6432,2019-10-07,28.85,27.25,1.6
2515,2019-10-09,7.88,7.68,0.197
2882,2019-10-14,40.55,40.32,0.228757
2882A,2019-10-14,63.8,63.61,0.182963
2882B,2019-10-14,63.8,63.61,0.182963
00714,2019-10-17,22.67,22.57,0.1
1603,2019-10-17,22.0,21.5,0.5
5481,2019-10-17,15.9,15.49,0.41
00687B,2019-10-18,46.17,45.91,0.26
00722B,2019-10-18,47.82,47.34,0.48
00723B,2019-10-18,44.83,44.43,0.4
00724B,2019-10-18,44.06,43.62,0.44
00725B,2019-10-18,45.63,45.13,0.5
00726B,2019-10-18,46.39,45.92,0.47
00727B,2019-10-18,43.06,42.55,0.51
00761B,2019-10-18,48.33,47.96,0.37
00782B,2019-10-18,45.85,45.48,0.37
00749B,2019-10-21,47.86,47.44,0.42
00750B,2019-10-21,46.31,45.82,0.49
00833B,2019-10-21,44.36,43.92,0.44
00834B,2019-10-21,44.3,43.91,0.39
00835B,2019-10-21,44.3,43.7,0.6
00694B,2019-10-22,40.89,40.76,0.13
00695B,2019-10-22,40.13,39.86,0.27
00696B,2019-10-22,46.12,45.8,0.32
00717,2019-10-22,20.06,19.84,0.215
00730,2019-10-22,18.61,17.86,0.746
00733,2019-10-22,19.72,19.16,0.56
00734B,2019-10-22,22.62,22.39,0.23
00740B,2019-10-22,48.46,47.95,0.51
00741B,2019-10-22,41.7,41.34,0.36
00746B,2019-10-22,46.57,46.25,0.32
00784B,2019-10-22,41.08,40.77,0.31
00785B,2019-10-22,44.75,44.29,0.46
00842B,2019-10-22,42.0,41.56,0.44
4503,2019-10-22,27.9,27.4,0.5
0056,2019-10-23,29.03,27.23,1.8
00660,2019-10-23,26.32,25.57,0.75
00719B,2019-10-23,32.31,32.23,0.08
00720B,2019-10-23,44.8,44.32,0.48
00774B,2019-10-23,39.2,38.86,0.34
00774C,2019-10-23,9.02,8.94,0.0777
00788B,2019-10-23,43.66,42.96,0.7
3596,2019-10-23,95.1,93.43,1.661432
4502,2019-10-23,61.2,56.91,4.29
8936,2019-10-23,19.05,18.7,0.35
00789B,2019-10-24,68.8,68.27,0.53
00790B,2019-10-24,68.15,67.55,0.6
00791B,2019-10-24,62.9,62.27,0.63
6257,2019-10-24,36.5,36.09,0.408915
1714,2019-10-25,7.4,7.25,0.15
2239,2019-10-28,101.5,97.0,4.5
6461,2019-10-28,21.0,20.63,0.37
006204,2019-10-29,58.25,56.73,1.52
9935,2019-10-29,45.85,45.52,0.33
00747B,2019-10-31,50.5,49.56,0.94
1808,2019-11-04,68.4,60.4,8.0
3406,2019-11-04,447.0,438.7,8.296475
6541,2019-11-04,53.7,53.26,0.431734
2603,2019-11-05,12.8,12.68,0.112197
1909,2019-11-06,13.7,13.67,0.024637
1235,2019-11-14,29.25,26.0,3.25
00794B,2019-11-15,39.41,39.2,0.21
00754B,2019-11-18,47.67,47.31,0.36
00755B,2019-11-18,45.88,45.51,0.37
00756B,2019-11-18,48.97,48.47,0.5
00860B,2019-11-18,39.81,39.77,0.04
3188,2019-11-18,19.35,18.27,1.08
00780B,2019-11-19,42.62,42.34,0.28
00798B,2019-11-19,42.6,41.93,0.67
00799B,2019-11-19,44.52,43.81,0.71
00839B,2019-11-19,42.69,42.17,0.52
00840B,2019-11-19,41.92,41.51,0.41
00841B,2019-11-19,42.07,41.77,0.3
4168,2019-11-19,20.05,20.05,0.0
8446,2019-11-19,134.5,130.0,4.5
006208,2019-11-20,53.1,51.96,1.138
00692,2019-11-20,24.05,23.52,0.53
00845B,2019-11-20,40.11,39.68,0.43
00846B,2019-11-20,39.78,39.58,0.2
01007T,2019-11-20,17.35,17.14,0.201648
3680,2019-11-20,125.0,124.28,0.72
1626,2019-11-21,29.7,29.37,0.324442
6547,2019-11-21,27.75,27.47,0.28
8442,2019-11-21,57.0,55.49,1.500008
0051,2019-11-22,35.36,34.16,1.2
0053,2019-11-22,41.3,39.8,1.5
0054,2019-11-22,24.58,23.83,0.75
0055,2019-11-22,19.5,18.8,0.7
006201,2019-11-22,13.95,13.5,0.45
00679B,2019-11-22,44.12,43.87,0.25
00713,2019-11-22,33.66,32.06,1.6
00771,2019-11-22,20.8,20.55,0.25
00775B,2019-11-22,45.62,45.49,0.13
00776,2019-11-22,22.37,21.98,0.39
00786B,2019-11-22,45.16,44.16,1.0
00844B,2019-11-22,42.04,41.72,0.32
6426,2019-11-22,147.5,141.33,6.17
00795B,2019-11-25,44.47,43.78,0.69
00797B,2019-11-25,41.56,40.82,0.74
00847B,2019-11-25,41.14,40.42,0.72
00731,2019-11-26,50.7,48.43,2.266
00758B,2019-11-26,68.8,67.81,0.99
00759B,2019-11-26,72.0,71.6,0.4
00760B,2019-11-26,69.8,69.05,0.75
00769B,2019-11-26,61.7,61.19,0.51
3252,2019-11-27,16.85,16.35,0.5
5278,2019-11-27,141.0,138.74,2.26
5284,2019-11-27,52.0,51.51,0.480939
6452,2019-11-27,257.0,197.96,59.036
8099,2019-11-27,17.85,17.11,0.74
8455,2019-11-27,30.45,30.28,0.17
8941,2019-11-27,47.15,42.86,4.29
00690,2019-11-28,24.53,23.41,1.12
2929,2019-11-28,107.5,90.84,16.659021
6219,2019-12-03,16.2,15.68,0.52
1598,2019-12-04,40.05,39.87,0.179567
3576,2019-12-04,7.19,7.15,0.037704
3321,2019-12-05,17.0,15.69,1.308021
4979,2019-12-10,23.9,23.47,0.43
6548,2019-12-12,34.4,34.06,0.34
8070,2019-12-12,177.5,173.4,4.1
00764B,2019-12-16,44.54,44.31,0.23
00765B,2019-12-16,40.01,39.69,0.32
00792B,2019-12-16,44.28,44.13,0.15
00793B,2019-12-16,43.91,43.52,0.39
00859B,2019-12-16,39.49,39.39,0.1
00777B,2019-12-18,45.97,45.74,0.23
00778B,2019-12-18,47.57,47.24,0.33
00779B,2019-12-18,45.52,45.31,0.21
00781B,2019-12-18,45.4,45.05,0.35
2330,2019-12-19,344.5,342.0,2.5
00697B,2019-12-20,41.4,41.21,0.19
00751B,2019-12-20,47.14,46.76,0.38
00787B,2019-12-20,45.05,44.02,1.03
00853B,2019-12-20,37.95,37.59,0.36
2643,2019-12-20,40.4,39.72,0.68
00772B,2019-12-23,46.57,46.27,0.3
00773B,2019-12-23,47.82,47.44,0.38
00831B,2019-12-23,39.68,39.45,0.23
00832B,2019-12-23,44.06,43.3,0.76
00710B,2019-12-24,20.55,20.28,0.266
00711B,2019-12-24,22.36,22.12,0.24
00712,2019-12-24,18.36,18.09,0.264
00836B,2019-12-24,43.26,42.85,0.41
00837B,2019-12-24,42.75,41.67,1.08
00838B,2019-12-24,38.77,38.32,0.45
6438,2019-12-24,82.3,81.71,0.59
4104,2019-12-25,54.1,53.26,0.838122
5278,2019-12-26,131.5,129.99,1.50518
6123,2019-12-27,41.45,40.45,1.0
00742,2019-12-30,22.16,21.16,1.0
5324,2020-01-02,9.8,9.73,0.065993
6472,2020-01-15,149.0,147.46,1.535195
00714,2020-01-16,22.13,21.92,0.21
00722B,2020-01-16,48.24,47.78,0.46
00723B,2020-01-16,44.13,43.79,0.344
00724B,2020-01-16,44.08,43.66,0.417
00848B,2020-01-17,40.35,39.94,0.412
00849B,2020-01-17,39.34,39.0,0.344
00687B,2020-01-30,44.41,44.15,0.26
00694B,2020-01-30,40.15,39.9,0.255
00695B,2020-01-30,39.03,38.88,0.148
00696B,2020-01-30,44.6,44.42,0.178
00701,2020-01-30,25.12,23.46,1.66
00702,2020-01-30,21.78,21.55,0.23
00717,2020-01-30,19.85,19.65,0.2
00725B,2020-01-30,46.22,45.75,0.47
00726B,2020-01-30,45.86,45.41,0.45
00727B,2020-01-30,42.09,41.61,0.48
00728,2020-01-30,21.85,21.11,0.737
00734B,2020-01-30,22.26,22.06,0.2
00735,2020-01-30,22.47,22.09,0.38
00736,2020-01-30,21.12,20.87,0.25
00740B,2020-01-30,49.38,48.94,0.445
00741B,2020-01-30,40.64,40.18,0.461
00744B,2020-01-30,42.14,41.54,0.6
00746B,2020-01-30,46.23,45.88,0.35
00761B,2020-01-30,47.87,47.53,0.34
00770,2020-01-30,26.53,25.77,0.76
00782B,2020-01-30,45.06,44.68,0.38
00784B,2020-01-30,40.46,40.14,0.324
00785B,2020-01-30,45.29,44.9,0.386
00833B,2020-01-30,42.41,42.2,0.212
00834B,2020-01-30,44.57,44.23,0.34
00835B,2020-01-30,43.35,43.04,0.31
00842B,2020-01-30,42.51,42.13,0.38
00843B,2020-01-30,39.65,39.02,0.63
0050,2020-01-31,92.15,89.25,2.9
006203,2020-01-31,43.5,42.1,1.4
00719B,2020-01-31,32.12,31.99,0.13
00720B,2020-01-31,47.18,46.72,0.46
00749B,2020-01-31,48.77,48.3,0.475
00750B,2020-01-31,47.5,47.07,0.43
00788B,2020-01-31,44.97,44.6,0.375
00789B,2020-02-04,70.65,70.1,0.553
00790B,2020-02-04,69.5,68.86,0.637
00791B,2020-02-04,62.0,61.32,0.678
00858,2020-02-04,21.93,21.92,0.01
3483,2020-02-11,55.8,54.76,1.035601
8086,2020-02-12,99.7,98.07,1.63019
6023,2020-02-13,55.8,55.25,0.552292
6213,2020-02-13,140.0,137.29,2.70305
00754B,2020-02-18,49.03,48.66,0.37
00755B,2020-02-18,47.39,47.01,0.382
00756B,2020-02-18,51.4,50.89,0.515
00794B,2020-02-18,40.35,40.03,0.323
00860B,2020-02-18,39.59,39.36,0.23
00748B,2020-02-19,41.84,41.16,0.68
00839B,2020-02-19,44.2,43.82,0.38
00840B,2020-02-19,43.22,42.9,0.321
00841B,2020-02-19,43.6,43.28,0.32
5215,2020-02-19,61.8,60.8,0.994313
00718B,2020-02-20,20.08,19.68,0.405
00780B,2020-02-20,43.08,42.83,0.25
00798B,2020-02-20,43.89,43.58,0.31
00799B,2020-02-20,45.88,45.54,0.34
00845B,2020-02-20,40.76,40.4,0.359
00846B,2020-02-20,40.6,40.26,0.336
00855B,2020-02-20,41.73,40.89,0.836
2542,2020-02-20,46.2,45.2,1.0
00679B,2020-02-21,45.26,45.03,0.23
00721B,2020-02-21,45.74,45.06,0.68
00771,2020-02-21,20.96,20.78,0.18
00786B,2020-02-21,46.06,45.69,0.368
00775B,2020-02-24,47.8,47.35,0.45
00795B,2020-02-24,46.21,45.99,0.225
00796B,2020-02-24,40.17,39.54,0.631
00797B,2020-02-24,42.3,42.01,0.294
00844B,2020-02-24,44.2,43.91,0.295
00847B,2020-02-24,42.7,42.41,0.293
00758B,2020-02-26,72.1,71.44,0.659
00759B,2020-02-26,76.3,75.7,0.599
00760B,2020-02-26,73.85,73.11,0.741
00769B,2020-02-26,61.7,61.28,0.418
4563,2020-03-02,46.7,45.48,1.21929
6024,2020-03-04,44.75,43.07,1.67223
6220,2020-03-04,22.25,21.93,0.315857
1449,2020-03-05,12.55,12.04,0.51
4746,2020-03-05,41.9,41.47,0.420727
6523,2020-03-05,91.0,81.0,10.0
1506,2020-03-10,11.9,11.43,0.465796
01010T,2020-03-11,10.3,10.09,0.207351
2101,2020-03-12,41.55,40.8,0.75
3680,2020-03-12,160.0,159.05,0.952309
6208,2020-03-12,27.35,25.65,1.7
2406,2020-03-16,10.15,10.1,0.041972
2483,2020-03-16,18.35,17.35,1.0
2752,2020-03-16,105.0,99.8,5.2
5225,2020-03-16,23.1,22.59,0.51
00764B,2020-03-17,54.4,54.13,0.274
00765B,2020-03-17,40.45,40.1,0.348
00792B,2020-03-17,44.0,43.62,0.379
00793B,2020-03-17,45.9,45.52,0.384
00859B,2020-03-17,39.57,39.38,0.187
00777B,2020-03-18,45.45,45.09,0.36
00778B,2020-03-18,44.4,43.97,0.43
00779B,2020-03-18,53.7,53.45,0.255
00710B,2020-03-19,17.17,16.9,0.261
00711B,2020-03-19,19.42,19.17,0.25
00712,2020-03-19,11.65,11.37,0.278
00781B,2020-03-19,41.66,41.34,0.32
00836B,2020-03-19,39.71,38.71,0.997
00837B,2020-03-19,42.24,37.5,4.736
00854B,2020-03-19,37.8,36.99,0.811
00856B,2020-03-19,39.93,39.77,0.165
00857B,2020-03-19,43.0,42.8,0.197
01009T,2020-03-19,9.47,9.31,0.150963
2330,2020-03-19,260.0,257.5,2.5
00697B,2020-03-20,43.38,43.24,0.14
00751B,2020-03-20,39.0,38.64,0.365
00787B,2020-03-20,36.67,36.3,0.366
00853B,2020-03-20,32.54,32.2,0.345
5283,2020-03-20,82.1,78.1,4.0
9105,2020-03-20,2.21,2.18,0.029166
00772B,2020-03-23,39.63,39.28,0.355
00773B,2020-03-23,37.77,37.4,0.367
00831B,2020-03-23,40.73,40.49,0.239
00832B,2020-03-23,49.03,48.69,0.34
00862B,2020-03-23,33.83,33.55,0.28
00863B,2020-03-23,34.9,34.58,0.324
01004T,2020-03-26,14.34,14.14,0.193512
2613,2020-03-26,10.55,10.38,0.17
2939,2020-03-26,92.3,87.8,4.5
3005,2020-03-27,45.55,42.75,2.795972
3563,2020-03-27,237.0,237.61,0.0
3004,2020-03-30,53.6,50.93,2.67
6104,2020-03-30,29.5,27.5,2.0
1313,2020-03-31,8.13,7.93,0.2
5904,2020-03-31,440.0,422.9,17.1
8908,2020-03-31,43.2,42.3,0.9
8401,2020-04-01,11.0,10.5,0.500561
1712,2020-04-08,19.15,17.85,1.3
1457,2020-04-09,11.8,11.3,0.5
1524,2020-04-09,8.83,8.43,0.4
2063,2020-04-09,35.85,33.35,2.5
2385,2020-04-09,82.8,76.9,5.9
6412,2020-04-09,57.6,54.4,3.2
4973,2020-04-13,26.9,25.7,1.2
3218,2020-04-15,76.3,74.3,2.0
4173,2020-04-16,20.65,18.38,2.272899
8446,2020-04-16,114.5,110.0,4.5
2888,2020-04-17,8.43,8.4,0.020259
2888A,2020-04-17,44.05,44.03,0.014952
6208,2020-04-17,24.35,24.14,0.209148
6274,2020-04-17,132.0,127.4,4.603735
00714,2020-04-20,18.16,18.04,0.12
00722B,2020-04-20,50.5,50.05,0.45
00723B,2020-04-20,47.54,47.17,0.374
00724B,2020-04-20,44.46,44.06,0.4
00772B,2020-04-20,48.86,48.74,0.116
00773B,2020-04-20,48.91,48.78,0.132
00848B,2020-04-20,37.83,37.6,0.231
00849B,2020-04-20,38.78,38.49,0.294
00747B,2020-04-21,52.55,51.69,0.858
00749B,2020-04-21,43.04,42.61,0.435
00750B,2020-04-21,48.35,47.91,0.438
00789B,2020-04-21,73.0,72.48,0.525
00790B,2020-04-21,66.8,66.25,0.55
00791B,2020-04-21,59.4,58.77,0.634
0052,2020-04-22,65.0,63.07,1.927
00687B,2020-04-22,54.2,54.02,0.18
00694B,2020-04-22,40.95,40.68,0.268
00695B,2020-04-22,42.7,42.47,0.226
00696B,2020-04-22,54.65,54.08,0.568
00717,2020-04-22,16.39,16.2,0.189
00725B,2020-04-22,43.9,43.42,0.48
00726B,2020-04-22,41.3,40.86,0.44
00727B,2020-04-22,39.2,38.68,0.52
00734B,2020-04-22,19.85,19.64,0.21
00740B,2020-04-22,48.19,47.68,0.511
00741B,2020-04-22,38.21,37.69,0.52
00746B,2020-04-22,48.38,47.97,0.415
00761B,2020-04-22,50.6,50.23,0.37
00782B,2020-04-22,46.92,46.56,0.36
00784B,2020-04-22,40.9,40.55,0.352
00785B,2020-04-22,45.25,44.83,0.418
00833B,2020-04-22,51.45,51.24,0.21
00834B,2020-04-22,45.0,44.65,0.35
00835B,2020-04-22,45.7,45.39,0.31
00842B,2020-04-22,42.54,42.13,0.41
2910,2020-04-22,30.9,30.2,0.7
6589,2020-04-22,35.4,34.3,1.097168
00719B,2020-04-23,32.43,32.41,0.02
00720B,2020-04-23,45.69,45.21,0.48
00788B,2020-04-23,45.69,45.3,0.39
00870B,2020-04-23,37.47,37.35,0.125
2064,2020-04-23,12.1,11.5,0.6
2726,2020-04-23,58.2,55.7,2.500514
5215,2020-04-23,67.8,66.3,1.499895
5469,2020-04-23,39.35,39.11,0.234558
6224,2020-04-23,65.5,61.5,4.0
8112,2020-04-23,34.95,32.25,2.7
00774B,2020-04-24,40.81,40.21,0.6
00774C,2020-04-24,9.6,9.45,0.1401
01001T,2020-04-24,16.6,16.23,0.367472
01003T,2020-04-24,18.6,18.21,0.38153
6219,2020-05-12,16.95,16.3,0.652082
00679B,2020-05-19,50.85,50.69,0.16
00754B,2020-05-19,49.24,48.87,0.369
00755B,2020-05-19,46.58,46.27,0.315
00756B,2020-05-19,46.73,46.29,0.445
00772B,2020-05-19,47.17,47.06,0.115
00773B,2020-05-19,46.67,46.55,0.125
00786B,2020-05-19,43.11,42.74,0.37
00794B,2020-05-19,40.08,39.65,0.434
00795B,2020-05-19,51.2,51.04,0.158
00847B,2020-05-19,38.38,38.1,0.278
00860B,2020-05-19,39.48,39.24,0.242
00871B,2020-05-19,39.64,39.48,0.163
00758B,2020-05-20,58.15,57.51,0.64
00759B,2020-05-20,75.7,75.11,0.59
00760B,2020-05-20,63.25,62.51,0.74
00839B,2020-05-20,44.42,44.03,0.39
00840B,2020-05-20,42.62,42.32,0.305
00841B,2020-05-20,43.05,42.76,0.29
01002T,2020-05-20,17.2,16.79,0.403678
01007T,2020-05-20,17.54,17.34,0.19647
5864,2020-05-20,8.8,8.25,0.55
8440,2020-05-20,13.3,12.9,0.4
00775B,2020-05-21,44.8,44.46,0.34
00780B,2020-05-21,42.95,42.71,0.24
00798B,2020-05-21,42.65,42.37,0.28
00799B,2020-05-21,45.7,45.38,0.32
00844B,2020-05-21,41.5,41.12,0.38
00845B,2020-05-21,36.74,36.38,0.362
00846B,2020-05-21,39.35,38.92,0.43
00855B,2020-05-21,36.8,35.97,0.829
00867B,2020-05-21,42.0,41.45,0.55
00771,2020-05-22,18.62,18.41,0.21
8924,2020-05-27,47.9,44.1,3.8
2809,2020-05-28,34.1,32.6,1.5
6251,2020-05-28,19.55,19.2,0.342379
3443,2020-06-01,231.0,226.0,5.0
8454,2020-06-02,585.0,576.5,8.5
9136,2020-06-03,9.7,9.31,0.3834
5274,2020-06-04,1295.0,1273.0,22.0
2467,2020-06-08,33.0,30.5,2.5
3388,2020-06-08,69.5,65.9,3.6
4420,2020-06-08,25.0,24.0,1.0
5211,2020-06-08,14.3,13.9,0.4
1218,2020-06-09,25.25,24.35,0.9
910322,2020-06-09,25.05,23.77,1.272
9940,2020-06-09,29.3,28.1,1.2
2406,2020-06-10,9.28,9.06,0.218254
2548,2020-06-10,98.5,91.0,7.5
3029,2020-06-10,38.2,36.18,2.010132
4152,2020-06-10,71.9,71.44,0.46331
5230,2020-06-10,23.2,22.56,0.638334
6123,2020-06-10,43.2,40.6,2.6
6654,2020-06-10,57.6,56.6,1.0
1504,2020-06-11,28.65,27.66,0.99
2890,2020-06-11,12.35,11.65,0.7
3030,2020-06-11,59.2,55.9,3.3
4747,2020-06-11,43.9,42.1,1.8
5543,2020-06-11,20.55,19.75,0.8
5878,2020-06-11,49.2,46.2,3.0
6023,2020-06-11,58.6,55.4,3.2
6491,2020-06-11,169.0,166.5,2.5
6680,2020-06-11,66.6,64.08,2.521759
8213,2020-06-11,38.2,35.65,2.54668
1587,2020-06-12,13.25,12.74,0.502463
2006,2020-06-12,24.3,22.95,1.35
2832,2020-06-12,20.5,19.5,1.0
3675,2020-06-12,66.9,65.6,1.3
6266,2020-06-12,21.3,19.72,1.58
6579,2020-06-12,67.8,64.6,3.2
6596,2020-06-12,60.9,56.4,4.5
8482,2020-06-12,113.0,106.96,6.037303
1611,2020-06-15,13.65,12.45,1.2
1727,2020-06-15,9.42,9.22,0.2
2458,2020-06-15,126.5,120.0,6.5
2642,2020-06-15,36.7,35.5,1.2
3303,2020-06-15,25.1,23.43,1.668764
3416,2020-06-15,61.1,58.1,3.0
3563,2020-06-15,322.0,312.0,10.0
4527,2020-06-15,26.45,24.85,1.6
5514,2020-06-15,20.75,20.25,0.5
6581,2020-06-15,62.0,59.4,2.6
8416,2020-06-15,121.5,114.5,7.0
00697B,2020-06-16,44.48,44.4,0.08
00751B,2020-06-16,48.7,48.34,0.365
00764B,2020-06-16,52.7,52.44,0.256
00765B,2020-06-16,39.04,38.75,0.295
00772B,2020-06-16,48.12,48.01,0.112
00773B,2020-06-16,48.18,48.06,0.125
00787B,2020-06-16,46.49,46.14,0.351
00792B,2020-06-16,46.57,46.18,0.389
00793B,2020-06-16,46.75,46.39,0.36
00859B,2020-06-16,38.83,38.63,0.199
00862B,2020-06-16,41.48,41.1,0.381
00863B,2020-06-16,42.78,42.57,0.208
1264,2020-06-16,228.0,217.0,11.003919
2347,2020-06-16,46.1,43.5,2.6
3118,2020-06-16,36.3,35.0,1.3
3167,2020-06-16,40.95,38.95,2.0
3512,2020-06-16,29.6,28.73,0.866667
4972,2020-06-16,31.05,28.81,2.24136
00710B,2020-06-17,18.94,18.68,0.26
00711B,2020-06-17,21.71,21.46,0.25
00712,2020-06-17,11.49,11.15,0.338
00777B,2020-06-17,47.49,47.06,0.43
00778B,2020-06-17,48.2,47.72,0.48
00779B,2020-06-17,51.85,51.59,0.265
00872B,2020-06-17,40.37,40.15,0.222
00873B,2020-06-17,39.64,38.81,0.835
00874B,2020-06-17,39.54,39.08,0.458
1711,2020-06-17,14.85,14.55,0.3
2404,2020-06-17,224.0,211.0,13.0
6112,2020-06-17,45.95,42.95,3.0
6505,2020-06-17,90.8,87.9,2.9
8432,2020-06-17,67.8,66.0,1.8
00781B,2020-06-18,47.98,47.65,0.33
00831B,2020-06-18,39.55,39.24,0.31
00832B,2020-06-18,50.1,49.85,0.25
00836B,2020-06-18,44.09,43.74,0.348
00838B,2020-06-18,38.57,37.83,0.74
00854B,2020-06-18,42.07,41.72,0.35
00856B,2020-06-18,39.11,38.99,0.119
00857B,2020-06-18,43.29,43.07,0.219
2020,2020-06-18,18.9,17.05,1.85
2330,2020-06-18,315.0,312.5,2.5
2480,2020-06-18,72.7,68.25,4.45
2851,2020-06-18,19.7,18.8,0.9
6494,2020-06-18,33.15,31.15,2.0
8930,2020-06-18,12.0,11.39,0.610029
9924,2020-06-18,42.35,39.75,2.6
00853B,2020-06-19,38.79,38.47,0.325
1315,2020-06-19,59.5,55.85,3.65
2430,2020-06-19,19.2,18.2,1.0
6425,2020-06-19,25.0,24.49,0.512927
6612,2020-06-19,75.3,74.8,0.5
2327,2020-06-22,404.5,391.43,13.061654
2359,2020-06-22,21.5,20.7,0.8
2375,2020-06-22,36.2,35.7,0.5
2723,2020-06-22,104.0,101.0,3.0
2926,2020-06-22,93.7,89.5,4.2
3489,2020-06-22,10.75,10.45,0.3
4155,2020-06-22,31.75,29.6,2.149169
5009,2020-06-22,16.2,15.69,0.507026
5523,2020-06-22,11.3,11.0,0.3
6573,2020-06-22,19.25,18.8,0.444103
1259,2020-06-23,70.8,67.6,3.2
1319,2020-06-23,39.8,38.0,1.8
1410,2020-06-23,34.05,33.05,1.0
1605,2020-06-23,14.7,14.19,0.506086
1731,2020-06-23,15.25,14.65,0.6
2301,2020-06-23,53.1,49.9,3.2
2426,2020-06-23,13.85,13.54,0.302674
2722,2020-06-23,35.95,35.75,0.2
2916,2020-06-23,16.85,15.75,1.1
3583,2020-06-23,49.3,47.3,2.0
5871,2020-06-23,128.0,118.65,9.346153
6643,2020-06-23,354.5,346.95,7.550873
6716,2020-06-23,72.5,69.77,2.728812
8109,2020-06-23,72.2,68.18,4.024707
8342,2020-06-23,56.8,53.3,3.5
9911,2020-06-23,49.35,46.7,2.65
1707,2020-06-24,198.0,191.5,6.5
2357,2020-06-24,246.5,232.5,14.0
3081,2020-06-24,293.5,289.5,4.000066
3363,2020-06-24,27.1,26.3,0.8
4711,2020-06-24,14.4,13.8,0.6
4977,2020-06-24,123.0,119.5,3.5
5278,2020-06-24,135.5,129.55,5.948215
6190,2020-06-24,15.95,15.15,0.8
6594,2020-06-24,26.1,25.12,0.981114
8028,2020-06-24,59.1,57.1,2.0
8271,2020-06-24,46.6,44.05,2.55
8424,2020-06-24,56.1,52.1,4.0
8472,2020-06-24,31.5,29.71,1.788818
1215,2020-06-29,72.2,68.2,4.0
1341,2020-06-29,68.0,63.0,5.0
1536,2020-06-29,106.0,104.0,2.0
2015,2020-06-29,54.8,51.8,3.0
2616,2020-06-29,31.2,29.4,1.8
2640,2020-06-29,81.5,77.8,3.7
2838A,2020-06-29,55.5,53.1,2.4
2885,2020-06-29,18.4,17.75,0.65
3003,2020-06-29,42.15,41.15,1.0
4121,2020-06-29,20.5,20.3,0.2
4144,2020-06-29,26.6,26.27,0.328
4557,2020-06-29,70.6,65.6,5.0
5533,2020-06-29,16.85,16.35,0.5
6282,2020-06-29,20.95,19.85,1.1
6288,2020-06-29,22.6,21.81,0.781987
6294,2020-06-29,116.0,108.0,8.0
6613,2020-06-29,155.5,145.5,10.0
8420,2020-06-29,21.85,20.55,1.3
1437,2020-06-30,22.5,21.4,1.1
1760,2020-06-30,142.0,140.2,1.8
2450,2020-06-30,30.7,29.25,1.45
3031,2020-06-30,15.05,14.22,0.8233
3211,2020-06-30,80.2,75.2,5.0
3528,2020-06-30,39.4,36.9,2.5
3529,2020-06-30,525.0,518.0,7.0
3669,2020-06-30,32.4,31.9,0.5
4741,2020-06-30,27.4,25.9,1.5
4938,2020-06-30,69.8,65.29,4.500484
5490,2020-06-30,27.15,25.65,1.5
5601,2020-06-30,25.3,25.09,0.21
6242,2020-06-30,39.65,37.65,2.0
6457,2020-06-30,65.1,63.28,1.815454
6525,2020-06-30,64.7,61.2,3.5
6570,2020-06-30,41.6,36.22,5.383784
6577,2020-06-30,79.4,74.4,5.0
8086,2020-06-30,90.6,88.9,1.7
8284,2020-06-30,64.7,61.7,3.0
8358,2020-06-30,42.9,40.9,2.0
8938,2020-06-30,33.25,30.95,2.3
1326,2020-07-01,75.7,71.9,3.8
1558,2020-07-01,139.0,130.2,8.8
1604,2020-07-01,21.55,20.05,1.5
1702,2020-07-01,46.0,44.0,2.0
1733,2020-07-01,27.5,26.39,1.106342
1817,2020-07-01,34.0,32.28,1.712359
2423,2020-07-01,24.65,23.15,1.5
2436,2020-07-01,28.1,26.6,1.5
2455,2020-07-01,91.5,88.99,2.500027
2606,2020-07-01,31.3,29.4,1.9
2731,2020-07-01,78.5,76.5,2.0
2881,2020-07-01,43.9,41.9,2.0
2881A,2020-07-01,65.5,63.04,2.46
2881B,2020-07-01,64.8,62.64,2.16
2882,2020-07-01,41.85,39.85,2.0
2882A,2020-07-01,64.6,62.32,2.28
2882B,2020-07-01,64.1,61.97,2.13
3040,2020-07-01,38.8,37.3,1.5
3105,2020-07-01,299.0,292.0,7.0
3373,2020-07-01,132.5,130.5,2.0
3570,2020-07-01,99.6,94.1,5.5
3679,2020-07-01,65.0,61.0,4.0
4739,2020-07-01,58.6,57.37,1.2267
5315,2020-07-01,14.0,13.18,0.823369
5487,2020-07-01,32.6,31.62,0.978466
5604,2020-07-01,70.2,64.65,5.55
6281,2020-07-01,72.1,68.1,4.0
6666,2020-07-01,133.0,126.0,7.0
8040,2020-07-01,15.95,15.75,0.2
8150,2020-07-01,33.8,32.0,1.8
8341,2020-07-01,257.5,249.5,8.0
9931,2020-07-01,41.8,41.3,0.5
1301,2020-07-02,87.6,83.2,4.4
1570,2020-07-02,14.2,13.4,0.8
1909,2020-07-02,14.35,14.05,0.3
2024,2020-07-02,14.45,14.1,0.35
2308,2020-07-02,169.5,164.5,5.0
2344,2020-07-02,13.55,13.45,0.1
2353,2020-07-02,17.9,17.12,0.776841
2408,2020-07-02,61.0,59.5,1.497289
2412,2020-07-02,116.5,112.27,4.226
2415,2020-07-02,17.7,17.2,0.5
2451,2020-07-02,73.5,69.0,4.5
2464,2020-07-02,39.0,36.5,2.5
2732,2020-07-02,159.5,151.05,8.450195
2887E,2020-07-02,56.5,54.12,2.375
2887F,2020-07-02,54.0,52.1,1.9
3010,2020-07-02,56.9,53.6,3.3
3035,2020-07-02,47.75,46.65,1.1
3294,2020-07-02,13.6,13.3,0.3
3305,2020-07-02,21.05,20.04,1.005005
3325,2020-07-02,26.7,26.0,0.7
3479,2020-07-02,67.8,63.8,4.0
3499,2020-07-02,11.75,11.3,0.45
3684,2020-07-02,37.4,35.25,2.149562
4148,2020-07-02,41.9,40.9,1.0
4545,2020-07-02,30.8,30.45,0.35
4916,2020-07-02,28.25,26.25,2.0
4974,2020-07-02,56.9,53.6,3.3
4987,2020-07-02,50.5,47.3,3.2
5007,2020-07-02,45.1,43.1,2.0
5016,2020-07-02,28.95,27.65,1.3
5353,2020-07-02,19.2,17.85,1.35
5474,2020-07-02,198.0,193.42,4.581359
5520,2020-07-02,38.65,36.8,1.85
6126,2020-07-02,16.1,15.4,0.7
6146,2020-07-02,242.0,236.0,6.0
6184,2020-07-02,44.7,41.7,3.0
6418,2020-07-02,14.35,13.85,0.5
6578,2020-07-02,20.0,19.5,0.5
6698,2020-07-02,50.2,48.6,1.6
8048,2020-07-02,33.4,30.9,2.5
8083,2020-07-02,169.5,160.5,9.0
8111,2020-07-02,11.0,10.54,0.458249
8279,2020-07-02,113.0,110.0,3.0
8422,2020-07-02,169.0,159.0,10.0
9934,2020-07-02,13.45,12.85,0.6
1612,2020-07-03,10.85,10.35,0.5
1724,2020-07-03,13.0,12.5,0.5
2012,2020-07-03,18.05,16.85,1.2
2070,2020-07-03,31.75,30.75,1.0
2107,2020-07-03,18.45,17.63,0.817933
3006,2020-07-03,40.2,39.2,1.0
3310,2020-07-03,30.85,28.85,2.0
3540,2020-07-03,41.6,40.82,0.77595
4952,2020-07-03,32.55,30.75,1.8
4994,2020-07-03,74.5,73.5,1.0
4995,2020-07-03,48.3,44.6,3.699114
6151,2020-07-03,21.85,20.85,1.0
6669,2020-07-03,844.0,821.0,22.998816
8941,2020-07-03,39.7,38.7,1.0
9943,2020-07-03,72.6,67.69,4.901896
1452,2020-07-06,17.8,16.6,1.2
1560,2020-07-06,66.2,63.4,2.8
1735,2020-07-06,17.35,16.7,0.65
1784,2020-07-06,40.8,40.67,0.125115
1904,2020-07-06,23.95,22.75,1.2
2032,2020-07-06,8.7,8.35,0.35
2417,2020-07-06,28.95,28.84,0.10158
2433,2020-07-06,55.8,52.0,3.8
2454,2020-07-06,585.0,574.49,10.500859
2617,2020-07-06,17.0,16.2,0.8
2637,2020-07-06,25.2,23.23,1.966683
2820,2020-07-06,15.5,14.78,0.72
2883,2020-07-06,9.47,8.87,0.6
2904,2020-07-06,25.25,23.6,1.65
3024,2020-07-06,10.25,10.03,0.22
3033,2020-07-06,15.55,14.97,0.577706
3591,2020-07-06,11.2,11.09,0.102211
4532,2020-07-06,17.2,16.69,0.500019
4755,2020-07-06,55.0,52.5,2.5
4939,2020-07-06,13.6,13.35,0.25
5347,2020-07-06,80.9,77.7,3.2
5536,2020-07-06,213.5,198.5,15.0
5609,2020-07-06,41.35,39.99,1.36
5704,2020-07-06,30.2,29.4,0.8
6213,2020-07-06,150.5,145.5,5.0
6438,2020-07-06,70.1,68.57,1.525295
6472,2020-07-06,178.5,176.5,2.0
6506,2020-07-06,18.15,17.05,1.1
6605,2020-07-06,51.2,49.7,1.5
6667,2020-07-06,69.7,67.71,1.985677
8039,2020-07-06,50.6,48.1,2.5
8088,2020-07-06,31.25,29.17,2.08
910861,2020-07-06,9.65,9.52,0.121472
9962,2020-07-06,9.14,8.94,0.2
1303,2020-07-07,67.0,64.8,2.2
1477,2020-07-07,163.0,158.0,5.0
1752,2020-07-07,54.1,52.4,1.7
2453,2020-07-07,19.05,18.05,1.0
2456,2020-07-07,94.3,90.93,3.369441
2459,2020-07-07,42.15,39.14,3.008665
2538,2020-07-07,10.55,10.05,0.5
3019,2020-07-07,72.1,70.1,2.0
3038,2020-07-07,25.0,23.8,1.2
3044,2020-07-07,141.0,133.75,7.25
3093,2020-07-07,30.55,28.95,1.6
3130,2020-07-07,168.0,159.38,8.62
3213,2020-07-07,52.2,48.0,4.2
3231,2020-07-07,38.65,36.6,2.042251
3338,2020-07-07,90.5,88.41,2.086405
3587,2020-07-07,87.4,84.4,3.0
4120,2020-07-07,51.2,49.4,1.8
4175,2020-07-07,76.5,72.9,3.6
4572,2020-07-07,99.9,94.9,5.0
4722,2020-07-07,28.15,26.35,1.8
4906,2020-07-07,25.15,24.64,0.50315
4930,2020-07-07,10.75,10.25,0.5
5287,2020-07-07,235.5,222.7,12.8
5356,2020-07-07,30.45,28.25,2.2
6136,2020-07-07,19.75,18.35,1.4
6176,2020-07-07,126.5,118.5,8.0
6185,2020-07-07,17.65,17.15,0.5
6527,2020-07-07,52.9,50.35,2.55
6568,2020-07-07,161.0,155.0,5.995702
6590,2020-07-07,60.0,57.85,2.15
6615,2020-07-07,68.7,66.1,2.6
6679,2020-07-07,195.0,192.56,2.443816
8064,2020-07-07,16.35,15.35,1.0
8081,2020-07-07,171.0,163.5,7.5
1219,2020-07-08,21.5,21.09,0.400452
1507,2020-07-08,57.8,55.6,2.2
1593,2020-07-08,70.5,67.3,3.2
1595,2020-07-08,36.65,35.4,1.25
1608,2020-07-08,9.98,9.32,0.66
1773,2020-07-08,129.0,105.66,23.333334
2373,2020-07-08,94.5,88.5,6.0
2421,2020-07-08,52.8,50.8,2.0
2425,2020-07-08,24.95,24.65,0.3
2605,2020-07-08,15.85,15.35,0.5
2608,2020-07-08,41.65,40.2,1.45
2612,2020-07-08,26.1,25.3,0.8
2633,2020-07-08,37.15,35.93,1.2101
3048,2020-07-08,18.35,17.35,1.0
3056,2020-07-08,39.4,36.4,3.0
3217,2020-07-08,118.5,114.2,4.3
3264,2020-07-08,32.8,31.5,1.3
3532,2020-07-08,136.0,132.5,3.5
3558,2020-07-08,114.5,109.3,5.2
3687,2020-07-08,60.1,60.03,0.069
4931,2020-07-08,29.0,27.3,1.7
4958,2020-07-08,137.0,132.5,4.5
5015,2020-07-08,35.95,33.55,2.4
6108,2020-07-08,23.3,21.7,1.6
6115,2020-07-08,45.2,42.2,3.0
6205,2020-07-08,40.4,39.18,1.210565
6215,2020-07-08,15.4,14.9,0.5
6642,2020-07-08,39.5,38.0,1.5
8072,2020-07-08,27.3,27.1,0.2
8255,2020-07-08,89.0,84.5,4.5
8433,2020-07-08,43.6,41.6,2.0
8435,2020-07-08,52.5,49.15,3.35
8481,2020-07-08,64.0,61.0,3.0
8499,2020-07-08,134.0,129.0,5.0
9188,2020-07-08,3.08,2.98,0.09565
1232,2020-07-09,127.0,122.0,5.0
1338,2020-07-09,59.1,55.6,3.5
1464,2020-07-09,21.65,20.15,1.5
1476,2020-07-09,345.5,334.5,11.0
1521,2020-07-09,63.5,59.5,4.0
1580,2020-07-09,88.4,83.4,5.0
1708,2020-07-09,27.3,24.53,2.762963
1713,2020-07-09,18.55,17.97,0.58
1717,2020-07-09,34.3,32.9,1.4
1906,2020-07-09,13.05,12.55,0.5
2010,2020-07-09,10.05,9.75,0.3
2231,2020-07-09,156.5,146.49,10.003676
2312,2020-07-09,10.85,10.54,0.305909
2313,2020-07-09,49.8,48.6,1.2
2338,2020-07-09,28.9,27.9,1.0
2362,2020-07-09,30.65,30.25,0.4
2493,2020-07-09,36.95,34.45,2.5
2634,2020-07-09,29.75,28.56,1.19
3028,2020-07-09,20.0,18.99,1.000351
3266,2020-07-09,13.95,13.45,0.5
3685,2020-07-09,20.0,19.8,0.2
3705,2020-07-09,50.6,48.4,2.2
4114,2020-07-09,27.05,25.02,2.025905
4528,2020-07-09,41.4,39.6,1.8
4535,2020-07-09,28.6,27.6,1.0
4542,2020-07-09,23.4,22.2,1.2
5212,2020-07-09,49.8,47.62,2.18
5234,2020-07-09,92.0,87.0,5.0
5388,2020-07-09,86.2,83.17,3.024261
6024,2020-07-09,40.1,38.2,1.9
6187,2020-07-09,45.9,44.37,1.534437
6197,2020-07-09,43.7,40.7,3.0
6510,2020-07-09,852.0,842.0,10.0
6514,2020-07-09,73.4,70.4,3.0
6697,2020-07-09,52.7,50.7,2.0
8034,2020-07-09,26.5,26.3,0.2
8046,2020-07-09,88.1,87.4,0.7
8074,2020-07-09,18.1,17.1,1.0
8131,2020-07-09,39.85,37.65,2.2
8163,2020-07-09,40.2,37.9,2.3
8182,2020-07-09,30.4,29.4,1.0
8240,2020-07-09,26.55,25.25,1.3
8249,2020-07-09,19.4,18.2,1.2
8367,2020-07-09,25.7,24.6,1.1
8374,2020-07-09,21.85,21.55,0.3
1233,2020-07-10,38.25,36.65,1.6
1323,2020-07-10,33.7,32.1,1.6
1417,2020-07-10,10.95,10.45,0.5
1568,2020-07-10,16.4,15.89,0.503634
2114,2020-07-10,85.3,80.3,5.0
2597,2020-07-10,66.6,62.1,4.5
3014,2020-07-10,74.6,71.3,3.3
3016,2020-07-10,72.2,71.95,0.247216
3090,2020-07-10,54.0,50.5,3.5
3188,2020-07-10,14.6,14.1,0.5
3296,2020-07-10,13.2,12.92,0.274187
3441,2020-07-10,31.55,29.45,2.1
3444,2020-07-10,42.0,40.2,1.8
4163,2020-07-10,137.0,132.0,5.0
4164,2020-07-10,48.5,46.5,1.996702
5434,2020-07-10,122.0,115.5,6.5
6125,2020-07-10,18.65,16.65,2.0
6179,2020-07-10,39.0,37.5,1.5
6231,2020-07-10,128.5,126.5,2.0
6271,2020-07-10,147.5,145.05,2.444841
6470,2020-07-10,48.4,45.9,2.5
6496,2020-07-10,34.05,33.05,1.0
8054,2020-07-10,20.75,20.21,0.536106
8463,2020-07-10,39.5,39.01,0.49
1414,2020-07-13,7.21,7.01,0.2
1434,2020-07-13,36.25,33.75,2.5
1598,2020-07-13,68.0,66.89,1.105891
1710,2020-07-13,16.8,16.5,0.3
1788,2020-07-13,117.0,111.0,5.998998
2108,2020-07-13,38.5,36.4,2.1
2316,2020-07-13,31.3,30.8,0.5
2348,2020-07-13,78.8,74.47,4.329747
2401,2020-07-13,12.3,12.0,0.3
2449,2020-07-13,38.55,36.75,1.8
2547,2020-07-13,10.65,10.04,0.608141
2891,2020-07-13,20.9,19.9,1.0
2891B,2020-07-13,67.5,65.25,2.25
2891C,2020-07-13,64.4,62.96,1.436054
3013,2020-07-13,13.5,13.2,0.3
3034,2020-07-13,285.5,275.0,10.5
3050,2020-07-13,10.1,9.6,0.5
3071,2020-07-13,23.05,21.5,1.545625
3324,2020-07-13,179.5,174.46,5.042768
3354,2020-07-13,12.5,12.0,0.50015
3376,2020-07-13,161.5,155.02,6.476283
3580,2020-07-13,25.4,23.66,1.744761
4119,2020-07-13,133.5,127.7,5.8
4183,2020-07-13,26.5,25.8,0.7
4417,2020-07-13,32.85,30.85,2.0
4571,2020-07-13,67.6,64.3,3.3
4735,2020-07-13,95.0,92.3,2.702088
4912,2020-07-13,89.3,86.77,2.52688
5215,2020-07-13,145.0,142.0,3.0
5245,2020-07-13,42.0,41.57,0.43
5538,2020-07-13,29.55,28.05,1.5
6155,2020-07-13,24.2,23.16,1.04
6182,2020-07-13,35.55,33.75,1.8
6192,2020-07-13,69.7,66.4,3.3
6214,2020-07-13,88.3,83.3,5.0
6229,2020-07-13,15.4,14.86,0.536647
6533,2020-07-13,158.0,157.65,0.340122
6592,2020-07-13,86.1,83.0,3.1
6641,2020-07-13,69.2,64.63,4.567164
6655,2020-07-13,42.55,40.55,2.0
8104,2020-07-13,53.5,53.15,0.35
8210,2020-07-13,96.9,92.3,4.6
8222,2020-07-13,14.75,14.3,0.45
8349,2020-07-13,50.8,48.8,2.0
8923,2020-07-13,15.55,14.7,0.85
9926,2020-07-13,42.6,40.9,1.7
1236,2020-07-14,13.0,12.7,0.3
1256,2020-07-14,213.5,207.3,6.2
1312A,2020-07-14,30.25,29.65,0.6
1515,2020-07-14,80.9,77.9,3.0
2207,2020-07-14,748.0,734.0,14.0
2462,2020-07-14,26.55,25.85,0.7
2477,2020-07-14,23.4,21.8,1.6
2726,2020-07-14,69.0,65.7,3.295938
2816,2020-07-14,20.05,19.17,0.88
2889,2020-07-14,12.2,11.54,0.65229
2908,2020-07-14,22.0,21.29,0.709999
3169,2020-07-14,38.35,36.25,2.1
3450,2020-07-14,78.6,77.6,1.0
3645,2020-07-14,39.8,39.3,0.5
3706,2020-07-14,34.2,29.64,4.557143
4116,2020-07-14,37.75,36.4,1.35
4904,2020-07-14,69.0,65.75,3.25
5102,2020-07-14,15.5,14.9,0.6
5227,2020-07-14,17.45,16.35,1.09674
5511,2020-07-14,31.2,29.0,2.2
6161,2020-07-14,19.2,18.3,0.9
6166,2020-07-14,85.2,83.6,1.6
6173,2020-07-14,55.1,53.3,1.8
6222,2020-07-14,12.95,12.51,0.43608
6451,2020-07-14,128.5,124.83,3.669145
6456,2020-07-14,117.5,114.0,3.5
6530,2020-07-14,22.95,21.95,1.0
6596,2020-07-14,49.65,49.31,0.33635
8477,2020-07-14,45.8,44.43,1.37
9802,2020-07-14,106.5,100.98,5.518897
9908,2020-07-14,31.65,30.55,1.1
1336,2020-07-15,16.55,15.35,1.2
1582,2020-07-15,82.8,78.3,4.5
1618,2020-07-15,8.76,8.46,0.3
1723,2020-07-15,105.0,100.0,5.0
1907,2020-07-15,14.3,13.6,0.7
2027,2020-07-15,25.8,24.31,1.486275
2031,2020-07-15,24.55,23.74,0.809114
2034,2020-07-15,25.5,24.0,1.5
2303,2020-07-15,16.8,15.99,0.803956
2356,2020-07-15,27.7,26.4,1.3
2376,2020-07-15,73.7,71.5,2.2
2501,2020-07-15,20.1,19.1,1.0
2520,2020-07-15,32.55,31.05,1.5
2546,2020-07-15,44.45,41.45,3.0
2903,2020-07-15,25.2,24.4,0.8
2928,2020-07-15,40.75,39.75,1.0
3037,2020-07-15,52.2,51.1,1.09186
3581,2020-07-15,15.45,14.75,0.7
3624,2020-07-15,25.75,25.05,0.7
3665,2020-07-15,217.5,208.5,9.0
4935,2020-07-15,118.0,116.5,1.5
4953,2020-07-15,85.9,82.67,3.231673
5403,2020-07-15,57.7,54.6,3.1
5546,2020-07-15,67.6,63.6,4.0
6194,2020-07-15,26.4,25.3,1.1
6285,2020-07-15,68.0,65.49,2.500051
6405,2020-07-15,15.4,14.9,0.5
6523,2020-07-15,73.1,69.24,3.86
6732,2020-07-15,879.0,726.21,152.785749
8415,2020-07-15,26.95,25.54,1.408492
8926,2020-07-15,41.35,39.65,1.7
8931,2020-07-15,28.9,27.8,1.1
00714,2020-07-16,18.19,18.04,0.15
00719B,2020-07-16,31.85,31.83,0.02
00720B,2020-07-16,47.91,47.48,0.43
00722B,2020-07-16,52.15,51.7,0.451
00723B,2020-07-16,48.62,48.26,0.357
00724B,2020-07-16,46.57,46.15,0.421
00772B,2020-07-16,50.05,49.94,0.109
00773B,2020-07-16,50.15,50.04,0.113
00788B,2020-07-16,46.62,46.28,0.34
00848B,2020-07-16,39.95,39.61,0.336
00849B,2020-07-16,38.87,38.7,0.173
00870B,2020-07-16,41.64,41.44,0.205
1104,2020-07-16,18.4,17.4,1.0
1109,2020-07-16,18.1,17.0,1.1
1227,2020-07-16,67.6,64.95,2.65
1234,2020-07-16,34.1,32.4,1.7
1325,2020-07-16,153.5,153.2,0.3
1535,2020-07-16,33.0,31.8,1.2
1591,2020-07-16,22.2,21.7,0.5
1609,2020-07-16,11.25,10.94,0.302798
1614,2020-07-16,38.0,37.16,0.83287
1725,2020-07-16,14.75,13.94,0.81
2029,2020-07-16,17.8,17.65,0.15
2397,2020-07-16,84.8,79.8,5.0
2402,2020-07-16,13.85,13.35,0.5
2419,2020-07-16,22.6,21.8,0.8
2481,2020-07-16,28.65,27.59,1.052213
2504,2020-07-16,18.0,17.7,0.3
2614,2020-07-16,17.2,16.2,1.0
2707,2020-07-16,147.0,143.07,3.9206
2823,2020-07-16,22.45,21.85,0.6
2915,2020-07-16,71.4,66.4,5.0
2937,2020-07-16,32.0,30.45,1.55
3015,2020-07-16,24.3,22.75,1.54005
3026,2020-07-16,128.0,121.0,7.0
3032,2020-07-16,31.05,29.01,2.036291
3227,2020-07-16,218.0,212.87,5.126632
3454,2020-07-16,74.6,72.1,2.5
3491,2020-07-16,85.2,81.2,3.995991
3530,2020-07-16,86.0,84.0,2.0
3611,2020-07-16,191.5,181.5,10.0
3709,2020-07-16,20.95,19.95,1.0
4133,2020-07-16,110.5,110.4,0.1
4139,2020-07-16,54.7,52.7,1.99783
4205,2020-07-16,90.7,87.7,3.0
4506,2020-07-16,59.0,56.3,2.7
4561,2020-07-16,26.05,25.8,0.25
4580,2020-07-16,113.0,108.0,5.0
4745,2020-07-16,43.1,39.9,3.195238
5220,2020-07-16,41.0,39.6,1.4
5371,2020-07-16,34.75,32.75,2.0
5425,2020-07-16,40.3,38.8,1.5
5438,2020-07-16,12.0,11.56,0.44
5439,2020-07-16,49.0,46.7,2.3
5465,2020-07-16,18.55,17.55,1.0
5471,2020-07-16,58.2,56.1,2.1
5512,2020-07-16,10.1,9.5,0.6
5514,2020-07-16,20.4,18.55,1.854545
5876,2020-07-16,47.75,45.7,2.05
6121,2020-07-16,369.5,355.0,14.5
6128,2020-07-16,30.5,28.1,2.4
6188,2020-07-16,35.35,33.35,2.0
6196,2020-07-16,107.5,104.9,2.596178
6206,2020-07-16,72.9,68.4,4.5
6217,2020-07-16,35.7,34.67,1.028482
6218,2020-07-16,20.95,19.55,1.4
6278,2020-07-16,138.5,135.7,2.8
6432,2020-07-16,30.5,29.2,1.3
6469,2020-07-16,91.8,90.82,0.982631
6488,2020-07-16,426.0,401.0,25.0
6548,2020-07-16,31.7,30.8,0.9
6662,2020-07-16,42.5,40.6,1.9
8032,2020-07-16,22.6,21.47,1.13
8066,2020-07-16,67.5,61.4,6.103231
8070,2020-07-16,165.5,157.0,8.5
8464,2020-07-16,342.0,332.0,10.0
8921,2020-07-16,13.6,13.0,0.6
8942,2020-07-16,55.7,51.7,4.0
9939,2020-07-16,58.0,54.94,3.053091
9945,2020-07-16,53.8,52.8,1.0
00749B,2020-07-17,47.06,46.65,0.406
00750B,2020-07-17,49.83,49.41,0.42
1310,2020-07-17,16.75,15.75,1.0
2103,2020-07-17,17.4,16.9,0.5
2323,2020-07-17,7.64,7.44,0.2
2324,2020-07-17,20.0,18.8,1.2
2596,2020-07-17,22.75,21.75,1.0
2906,2020-07-17,14.2,13.9,0.3
3045,2020-07-17,114.0,109.25,4.75
3413,2020-07-17,200.0,196.0,3.99882
3481,2020-07-17,8.4,8.3,0.1
3596,2020-07-17,84.0,79.29,4.700112
3652,2020-07-17,22.0,21.86,0.14005
4105,2020-07-17,80.3,76.3,4.0
4439,2020-07-17,147.0,138.96,8.038533
4706,2020-07-17,16.75,16.15,0.6
4999,2020-07-17,45.55,43.05,2.5
6446,2020-07-17,132.0,129.49,2.507569
6588,2020-07-17,128.5,127.19,1.30759
6591,2020-07-17,67.8,66.33,1.464063
6616,2020-07-17,30.3,28.1,2.2
8069,2020-07-17,43.25,41.25,2.0
8215,2020-07-17,19.15,18.65,0.5
8462,2020-07-17,196.5,182.01,14.488953
00687B,2020-07-20,52.5,52.33,0.17
00702,2020-07-20,16.49,16.28,0.21
00725B,2020-07-20,46.07,45.67,0.4
00726B,2020-07-20,44.55,44.14,0.41
00727B,2020-07-20,39.23,38.74,0.49
00734B,2020-07-20,21.49,21.31,0.18
00744B,2020-07-20,40.66,39.99,0.67
00761B,2020-07-20,52.45,52.11,0.34
00782B,2020-07-20,48.65,48.31,0.34
00842B,2020-07-20,45.23,44.88,0.35
00843B,2020-07-20,38.31,37.65,0.66
00858,2020-07-20,21.56,21.49,0.072
00868B,2020-07-20,39.78,39.38,0.4
00869B,2020-07-20,42.25,41.51,0.74
1436,2020-07-20,39.9,37.4,2.5
1463,2020-07-20,12.25,11.65,0.6
1589,2020-07-20,82.9,82.4,0.5
1615,2020-07-20,24.15,21.04,3.104546
2641,2020-07-20,6.69,6.52,0.165248
3021,2020-07-20,13.9,13.49,0.407799
3545,2020-07-20,35.45,34.94,0.50291
3672,2020-07-20,15.35,15.14,0.205233
4190,2020-07-20,81.0,77.0,4.0
4207,2020-07-20,11.2,10.83,0.373402
4716,2020-07-20,14.45,13.94,0.509522
4915,2020-07-20,46.3,43.89,2.40032
5386,2020-07-20,29.2,27.33,1.866668
6180,2020-07-20,73.3,70.16,3.140098
6186,2020-07-20,34.4,31.4,3.0
6223,2020-07-20,122.0,119.51,2.489562
6556,2020-07-20,49.1,47.3,1.8
6603,2020-07-20,9.36,9.26,0.099294
6674,2020-07-20,32.3,30.9,1.4
6680,2020-07-20,68.0,64.12,3.880646
9919,2020-07-20,37.5,37.3,0.2
9930,2020-07-20,46.5,44.5,2.0
0050,2020-07-21,97.05,96.35,0.7
006203,2020-07-21,45.7,45.42,0.28
006208,2020-07-21,55.5,55.01,0.481
00692,2020-07-21,24.98,24.74,0.231
00694B,2020-07-21,39.98,39.81,0.175
00695B,2020-07-21,41.92,41.75,0.168
00696B,2020-07-21,52.65,52.47,0.18
00717,2020-07-21,16.45,16.28,0.167
00740B,2020-07-21,50.8,50.41,0.392
00741B,2020-07-21,38.34,37.9,0.438
00746B,2020-07-21,50.3,49.89,0.415
00784B,2020-07-21,40.6,40.24,0.359
00785B,2020-07-21,48.15,47.79,0.356
00789B,2020-07-21,75.3,74.78,0.52
00790B,2020-07-21,70.4,69.9,0.5
00791B,2020-07-21,59.85,59.23,0.621
00833B,2020-07-21,49.43,49.27,0.165
00834B,2020-07-21,47.54,47.16,0.38
1201,2020-07-21,22.45,21.11,1.3339
1626,2020-07-21,28.45,27.1,1.342157
1809,2020-07-21,9.71,9.51,0.2
2013,2020-07-21,26.45,25.64,0.81
2206,2020-07-21,21.65,20.63,1.010088
2427,2020-07-21,10.95,10.6,0.35
3178,2020-07-21,52.9,52.2,0.7
3257,2020-07-21,85.3,79.02,6.274979
3260,2020-07-21,60.0,58.59,1.410806
3466,2020-07-21,13.95,13.45,0.5
3526,2020-07-21,94.7,89.35,5.347943
3548,2020-07-21,67.0,64.5,2.5
3605,2020-07-21,26.15,25.4,0.75
4549,2020-07-21,70.9,66.9,4.0
4554,2020-07-21,18.2,18.1,0.1
4720,2020-07-21,13.5,13.2,0.299295
5291,2020-07-21,23.2,21.99,1.20694
5410,2020-07-21,23.7,22.2,1.5
5515,2020-07-21,11.15,10.63,0.519421
6411,2020-07-21,94.0,89.2,4.7985
6415,2020-07-21,1740.0,1732.52,7.475263
6486,2020-07-21,78.9,72.9,6.0
6640,2020-07-21,45.4,42.4,3.0
6671,2020-07-21,41.5,38.5,3.0
8044,2020-07-21,132.5,131.8,0.7
8937,2020-07-21,16.0,15.81,0.19
9902,2020-07-21,10.85,10.45,0.4
1540,2020-07-22,16.45,15.45,1.0
2033,2020-07-22,9.25,9.05,0.2
2392,2020-07-22,43.5,41.0,2.5
2834,2020-07-22,11.15,10.42,0.721429
3055,2020-07-22,31.45,31.05,0.4
3131,2020-07-22,377.0,369.0,8.0
3406,2020-07-22,779.0,770.0,8.991
3543,2020-07-22,18.25,17.45,0.8
3550,2020-07-22,12.95,12.45,0.5
3689,2020-07-22,29.3,28.8,0.5
4560,2020-07-22,47.95,43.95,3.990367
6026,2020-07-22,10.05,9.35,0.699459
6561,2020-07-22,351.5,343.5,8.0
6664,2020-07-22,69.0,64.8,4.2
8390,2020-07-22,29.4,28.16,1.243001
8444,2020-07-22,73.1,63.57,9.534783
9918,2020-07-22,36.8,35.45,1.35
1102,2020-07-23,46.3,43.3,3.0
1103,2020-07-23,18.0,16.99,1.001862
1304,2020-07-23,12.55,12.05,0.5
1305,2020-07-23,19.2,17.8,1.390477
1308,2020-07-23,19.6,18.09,1.504762
1309,2020-07-23,16.2,15.43,0.763107
1423,2020-07-23,13.5,13.38,0.12
1522,2020-07-23,25.3,23.9,1.4
1529,2020-07-23,17.2,16.7,0.5
1701,2020-07-23,24.5,23.7,0.8
1734,2020-07-23,38.8,38.6,0.2
1762,2020-07-23,54.7,53.9,0.8
1777,2020-07-23,86.5,83.0,3.5
1789,2020-07-23,33.5,33.23,0.27
2030,2020-07-23,10.7,10.18,0.510694
2105,2020-07-23,35.65,34.65,1.0
2317,2020-07-23,85.9,81.7,4.2
2345,2020-07-23,247.0,240.8,6.1903
2352,2020-07-23,18.55,17.8,0.75
2354,2020-07-23,58.0,55.5,2.5
2414,2020-07-23,29.4,27.9,1.5
2496,2020-07-23,68.5,60.83,7.662748
2727,2020-07-23,79.5,75.05,4.443687
2838,2020-07-23,11.5,10.65,0.845795
3323,2020-07-23,34.45,33.41,1.037357
3402,2020-07-23,30.0,28.47,1.531704
3515,2020-07-23,172.0,168.0,4.0
3567,2020-07-23,27.3,25.59,1.708662
3625,2020-07-23,15.35,14.85,0.5
3691,2020-07-23,109.5,107.5,2.0
4161,2020-07-23,30.5,29.9,0.6
4543,2020-07-23,15.0,14.29,0.711541
4581,2020-07-23,41.95,38.95,3.0
4714,2020-07-23,17.45,17.35,0.097138
4737,2020-07-23,74.0,72.0,1.992511
4760,2020-07-23,73.9,70.29,3.611538
4767,2020-07-23,22.25,21.25,1.0
5206,2020-07-23,17.9,16.33,1.566667
5306,2020-07-23,165.5,161.0,4.5
5469,2020-07-23,45.4,43.72,1.673968
5483,2020-07-23,108.0,103.0,5.0
5522,2020-07-23,48.95,45.33,3.610441
5706,2020-07-23,33.15,29.97,3.179417
6147,2020-07-23,65.4,61.2,4.2
6189,2020-07-23,35.1,32.82,2.28
6191,2020-07-23,16.45,15.94,0.500631
6226,2020-07-23,8.7,8.29,0.4039
6435,2020-07-23,94.3,90.0,4.3
6504,2020-07-23,253.0,248.5,4.5
6558,2020-07-23,40.1,39.1,1.0
6609,2020-07-23,25.4,24.4,1.0
8099,2020-07-23,24.55,23.5,1.05
8443,2020-07-23,10.2,10.05,0.15
8480,2020-07-23,134.0,127.8,6.2
9905,2020-07-23,22.15,21.15,1.0
9917,2020-07-23,89.4,85.4,4.0
2002,2020-07-24,20.7,20.2,0.5
2002A,2020-07-24,54.6,53.2,1.4
2337,2020-07-24,32.55,31.36,1.189402
2360,2020-07-24,185.5,182.49,3.006547
3114,2020-07-24,23.4,21.23,2.167773
3546,2020-07-24,93.0,81.57,11.428465
4968,2020-07-24,265.0,263.09,1.901901
5209,2020-07-24,65.4,62.43,2.969903
5263,2020-07-24,116.0,110.4,5.6
5443,2020-07-24,22.4,20.84,1.556555
6186,2020-07-24,31.55,29.92,1.626493
6582,2020-07-24,144.0,139.55,4.449474
6593,2020-07-24,26.75,26.25,0.5
6803,2020-07-24,226.0,215.17,10.83
8103,2020-07-24,33.75,32.71,1.03098
9933,2020-07-24,38.4,36.4,1.999965
1110,2020-07-27,16.5,16.4,0.1
1402,2020-07-27,29.2,27.7,1.5
1503,2020-07-27,48.5,46.9,1.6
1531,2020-07-27,11.25,11.04,0.201524
2235,2020-07-27,48.3,45.3,3.0
2374,2020-07-27,12.7,12.4,0.3
2852,2020-07-27,14.2,13.24,0.96
3209,2020-07-27,20.4,19.12,1.278706
3232,2020-07-27,17.15,16.85,0.3
3537,2020-07-27,39.5,34.55,4.954545
3556,2020-07-27,64.4,61.1,3.3
3617,2020-07-27,87.4,82.05,5.35
4129,2020-07-27,35.0,34.18,0.820539
4129A,2020-07-27,48.8,48.32,0.480822
4526,2020-07-27,12.65,12.45,0.2
4555,2020-07-27,48.0,46.8,1.2
5392,2020-07-27,24.75,23.77,0.981293
6170,2020-07-27,20.1,19.2,0.9
6257,2020-07-27,46.4,44.2,2.197239
6277,2020-07-27,90.0,84.7,5.3
6532,2020-07-27,72.6,71.0,1.597195
6629,2020-07-27,57.6,54.5,3.1
8021,2020-07-27,23.85,22.65,1.2
8404,2020-07-27,29.35,28.75,0.6
1220,2020-07-28,11.9,11.3,0.6
1231,2020-07-28,44.8,41.14,3.657143
2069,2020-07-28,15.55,15.05,0.5
2355,2020-07-28,27.2,26.2,1.0
2365,2020-07-28,8.82,8.4,0.417832
2478,2020-07-28,78.0,76.2,1.8
2495,2020-07-28,13.45,12.84,0.606001
2534,2020-07-28,17.65,17.15,0.5
2849,2020-07-28,15.1,14.37,0.73
2884,2020-07-28,28.95,26.08,2.869512
3047,2020-07-28,10.9,10.75,0.15
3265,2020-07-28,25.5,24.0,1.5
3531,2020-07-28,24.25,22.45,1.8
3708,2020-07-28,101.0,96.99,4.00187
4162,2020-07-28,71.2,70.7,0.50024
4754,2020-07-28,53.5,45.22,8.282608
4909,2020-07-28,16.25,15.95,0.3
4989,2020-07-28,18.5,17.9,0.6
5398,2020-07-28,24.05,23.75,0.3
5530,2020-07-28,59.1,56.1,3.0
6141,2020-07-28,19.05,18.64,0.403257
6177,2020-07-28,32.0,27.27,4.725422
6195,2020-07-28,33.9,32.1,1.8
6284,2020-07-28,32.75,32.25,0.5
6292,2020-07-28,37.2,33.68,3.522532
6624,2020-07-28,38.5,36.5,2.0
6715,2020-07-28,148.0,146.2,1.8
8299,2020-07-28,313.0,300.0,13.0
8467,2020-07-28,53.0,51.0,2.0
8917,2020-07-28,70.6,63.27,7.327273
9942,2020-07-28,68.4,64.2,4.2
1446,2020-07-29,27.6,27.3,0.3
1813,2020-07-29,21.6,20.6,1.0
3306,2020-07-29,18.85,18.15,0.7
3380,2020-07-29,23.95,23.5,0.440539
3577,2020-07-29,32.15,31.45,0.7
4533,2020-07-29,11.5,11.25,0.25
4556,2020-07-29,36.3,35.6,0.697627
4744,2020-07-29,32.5,30.86,1.635323
4933,2020-07-29,25.0,23.91,1.085386
5284,2020-07-29,39.2,37.3,1.9
6148,2020-07-29,10.35,10.03,0.315763
6163,2020-07-29,16.55,16.14,0.414638
6416,2020-07-29,144.0,141.17,2.823716
6449,2020-07-29,36.7,35.7,1.0
8427,2020-07-29,43.9,43.53,0.37
8473,2020-07-29,49.4,47.4,2.0
8996,2020-07-29,66.4,64.4,2.0
9904,2020-07-29,26.5,25.25,1.25
9937,2020-07-29,47.25,45.25,2.0
1470,2020-07-30,19.15,18.35,0.8
1519,2020-07-30,34.75,33.75,1.0
1525,2020-07-30,48.45,46.45,2.0
1617,2020-07-30,11.9,11.6,0.3
1720,2020-07-30,42.85,41.35,1.5
2351,2020-07-30,47.0,45.2,1.8
2511,2020-07-30,10.2,9.7,0.5
2535,2020-07-30,23.3,21.9,1.392289
2729,2020-07-30,236.0,226.0,10.0
2850,2020-07-30,36.2,34.4,1.8
3023,2020-07-30,180.0,174.7,5.3
3042,2020-07-30,74.5,72.0,2.5
3128,2020-07-30,13.15,12.63,0.52
3332,2020-07-30,30.5,29.7,0.8
3533,2020-07-30,466.0,455.5,10.5
3551,2020-07-30,52.1,50.4,1.7
4104,2020-07-30,59.7,56.4,3.3
4106,2020-07-30,32.05,31.6,0.45
4305,2020-07-30,34.95,32.85,2.1
4433,2020-07-30,40.1,39.11,0.992463
4536,2020-07-30,161.5,155.5,6.0
4538,2020-07-30,15.4,14.34,1.060377
4566,2020-07-30,38.05,36.4,1.644151
4971,2020-07-30,48.0,46.99,1.014664
6138,2020-07-30,85.2,80.87,4.331117
6175,2020-07-30,22.55,22.05,0.500679
6230,2020-07-30,258.5,253.63,4.87
6239,2020-07-30,103.5,99.0,4.5
6269,2020-07-30,150.0,145.02,4.974806
6270,2020-07-30,20.55,19.25,1.3
6290,2020-07-30,55.8,52.25,3.55136
6574,2020-07-30,57.6,56.37,1.23
6670,2020-07-30,175.5,167.5,8.0
8016,2020-07-30,147.0,140.5,6.5
8155,2020-07-30,132.0,128.4,3.6
8437,2020-07-30,181.5,174.0,7.5
2395,2020-07-31,345.5,307.04,38.452086
2530,2020-07-31,16.2,16.1,0.1
2630,2020-07-31,16.45,16.37,0.08
2897,2020-07-31,7.31,6.9,0.400953
2897A,2020-07-31,10.45,10.02,0.425
3221,2020-07-31,27.8,27.6,0.199666
3501,2020-07-31,48.25,45.25,3.0
3702,2020-07-31,43.5,41.1,2.4
3702A,2020-07-31,51.1,50.52,0.575342
4306,2020-07-31,11.75,11.44,0.305107
4905,2020-07-31,48.75,47.23,1.520648
5243,2020-07-31,36.0,34.2,1.8
6171,2020-07-31,23.85,23.55,0.3
1442,2020-08-03,17.8,16.81,0.986897
2228,2020-08-03,88.0,83.0,5.0
2382,2020-08-03,81.8,78.1,3.7
2545,2020-08-03,37.5,36.3,1.2
2636,2020-08-03,29.1,27.78,1.317706
3088,2020-08-03,57.4,53.42,3.975174
4126,2020-08-03,91.1,79.2,11.899927
4138,2020-08-03,51.3,47.95,3.35
4173,2020-08-03,23.4,22.8,0.597717
4303,2020-08-03,22.0,20.8,1.2
4550,2020-08-03,25.1,23.14,1.962745
4927,2020-08-03,80.4,77.4,2.999922
5264,2020-08-03,69.5,68.48,1.010211
5493,2020-08-03,43.65,41.12,2.534063
6020,2020-08-03,14.55,14.23,0.324745
6462,2020-08-03,195.0,186.0,9.00065
6477,2020-08-03,40.6,39.64,0.956669
8929,2020-08-03,24.3,23.8,0.5
9938,2020-08-03,64.5,61.5,3.0
1530,2020-08-04,31.55,30.05,1.5
2393,2020-08-04,35.65,34.25,1.399577
2476,2020-08-04,20.65,19.35,1.3
2607,2020-08-04,13.35,13.05,0.3
2855,2020-08-04,16.25,14.95,1.29902
3703,2020-08-04,13.45,12.95,0.5
4160,2020-08-04,29.35,28.67,0.679384
4766,2020-08-04,138.0,132.0,6.0
5285,2020-08-04,44.95,42.49,2.46
5312,2020-08-04,66.9,62.9,4.0
6201,2020-08-04,35.45,32.95,2.5
6207,2020-08-04,23.95,22.75,1.201159
6442,2020-08-04,36.2,34.84,1.36
8383,2020-08-04,39.7,37.2,2.5
9925,2020-08-04,37.55,35.29,2.25297
2471,2020-08-05,23.0,21.57,1.424556
2888,2020-08-05,8.49,8.1,0.388124
2888A,2020-08-05,45.15,44.7,0.449753
2905,2020-08-05,30.0,26.36,3.636364
2912,2020-08-05,279.0,270.0,9.0
3058,2020-08-05,6.97,6.86,0.101915
3062,2020-08-05,15.15,15.0,0.15
3164,2020-08-05,22.8,21.99,0.809889
3541,2020-08-05,79.4,70.78,8.615727
4564,2020-08-05,36.8,34.6,2.2
4576,2020-08-05,80.5,79.98,0.519881
5299,2020-08-05,120.0,114.5,5.5
5903,2020-08-05,257.0,250.5,6.5
6569,2020-08-05,179.5,138.8,40.700003
8466,2020-08-05,72.5,68.4,4.1
1216,2020-08-06,70.7,68.2,2.5
1419,2020-08-06,43.55,42.55,1.0
1440,2020-08-06,11.25,11.05,0.2
1783,2020-08-06,27.65,26.87,0.78
2221,2020-08-06,26.1,24.6,1.5
2492,2020-08-06,184.5,179.0,5.5
3152,2020-08-06,420.0,411.57,8.43
3217,2020-08-06,122.0,119.34,2.663583
3272,2020-08-06,31.1,30.3,0.8
3564,2020-08-06,27.05,26.45,0.6
4123,2020-08-06,77.6,72.72,4.884529
5607,2020-08-06,25.95,24.95,1.0
6114,2020-08-06,26.5,25.3,1.2
6210,2020-08-06,45.7,42.7,3.0
6263,2020-08-06,69.7,65.2,4.5
8050,2020-08-06,43.0,40.99,2.008146
8107,2020-08-06,15.95,14.95,1.0
8183,2020-08-06,18.6,18.15,0.45
2892,2020-08-07,23.9,22.18,1.715534
6560,2020-08-07,44.5,42.5,2.0
8406,2020-08-07,140.0,130.48,9.52381
3022,2020-08-10,49.85,48.84,1.003918
4736,2020-08-10,243.5,237.07,6.432384
1314,2020-08-11,8.6,8.3,0.3
1473,2020-08-11,18.45,17.95,0.5
2739,2020-08-11,26.75,25.75,1.0
2801,2020-08-11,19.4,18.26,1.13077
2887,2020-08-11,13.85,12.98,0.865902
3008,2020-08-11,4000.0,3921.0,79.0
4919,2020-08-11,47.3,46.1,1.2
5223,2020-08-11,61.2,60.0,1.200611
5460,2020-08-11,11.55,11.0,0.55
6016,2020-08-11,10.5,10.1,0.400695
6143,2020-08-11,41.6,38.75,2.849711
6202,2020-08-11,72.7,68.65,4.05
6509,2020-08-11,23.05,22.34,0.711837
6531,2020-08-11,436.5,435.5,0.997427
6668,2020-08-11,61.7,60.89,0.800159
8171,2020-08-11,24.65,24.4,0.25
9802,2020-08-11,114.0,111.88,2.110276
1101,2020-08-12,46.5,41.9,4.596667
1101B,2020-08-12,54.9,53.15,1.75
1225,2020-08-12,35.9,34.6,1.3
1229,2020-08-12,47.15,39.26,7.882759
1532,2020-08-12,27.55,26.62,0.921846
1537,2020-08-12,150.0,140.0,10.0
2049,2020-08-12,313.0,302.13,10.864075
2227,2020-08-12,281.0,259.73,21.27
2889,2020-08-12,11.9,11.7,0.199608
3094,2020-08-12,21.4,20.57,0.823984
3171,2020-08-12,23.1,21.52,1.583121
3360,2020-08-12,15.65,15.05,0.601
5203,2020-08-12,113.5,109.86,3.638426
5880,2020-08-12,21.85,20.38,1.461651
1583,2020-08-13,60.8,57.8,3.0
1785,2020-08-13,41.7,40.7,1.0
2880,2020-08-13,20.15,18.55,1.599675
2886,2020-08-13,32.35,30.65,1.7
3711,2020-08-13,69.9,67.9,1.998029
5489,2020-08-13,30.25,28.72,1.529109
6005,2020-08-13,11.8,11.0,0.8
6153,2020-08-13,30.1,29.46,0.639216
9914,2020-08-13,252.5,248.3,4.2
1730,2020-08-14,74.5,70.74,3.76
8049,2020-08-14,23.0,21.2,1.8
8928,2020-08-14,29.25,27.25,2.0
9931,2020-08-14,42.0,38.88,3.111112
2885,2020-08-17,19.1,18.36,0.734616
3390,2020-08-17,15.4,14.9,0.5
3628,2020-08-17,35.65,34.65,1.0
5820,2020-08-17,10.55,10.01,0.544588
6245,2020-08-17,58.3,55.5,2.801014
8091,2020-08-17,76.6,75.15,1.452211
8176,2020-08-17,8.92,8.77,0.15
8411,2020-08-17,12.8,12.68,0.12
00679B,2020-08-18,49.14,48.97,0.17
00718B,2020-08-18,19.45,19.13,0.321
00721B,2020-08-18,44.54,43.87,0.67
00754B,2020-08-18,50.85,50.47,0.377
00755B,2020-08-18,49.2,48.82,0.377
00756B,2020-08-18,51.9,51.44,0.458
00772B,2020-08-18,49.34,49.24,0.1
00773B,2020-08-18,50.05,49.94,0.107
00780B,2020-08-18,44.1,43.93,0.17
00786B,2020-08-18,46.39,46.03,0.36
00794B,2020-08-18,39.17,38.8,0.37
00795B,2020-08-18,49.58,49.43,0.146
00796B,2020-08-18,39.11,38.46,0.653
00799B,2020-08-18,47.0,46.71,0.29
00845B,2020-08-18,39.77,39.42,0.352
00846B,2020-08-18,40.87,40.54,0.33
00847B,2020-08-18,39.42,39.18,0.239
00855B,2020-08-18,39.47,39.3,0.172
00860B,2020-08-18,39.65,39.45,0.197
2505,2020-08-18,31.3,29.65,1.65
3141,2020-08-18,25.85,24.83,1.022017
6158,2020-08-18,30.55,30.25,0.3
6706,2020-08-18,153.5,149.52,3.974217
9910,2020-08-18,199.0,162.5,36.5
00748B,2020-08-19,41.16,40.56,0.605
00758B,2020-08-19,63.85,63.27,0.585
00759B,2020-08-19,78.85,78.28,0.575
00760B,2020-08-19,70.3,69.55,0.75
00839B,2020-08-19,46.4,46.08,0.325
00840B,2020-08-19,44.56,44.26,0.3
00841B,2020-08-19,44.83,44.54,0.29
2539,2020-08-19,37.2,30.47,6.721722
2745,2020-08-19,15.1,14.8,0.3
5288,2020-08-19,105.0,99.5,5.5
6220,2020-08-19,24.5,23.65,0.85
6417,2020-08-19,62.6,61.5,1.1
9945,2020-08-19,54.7,36.46,18.233334
00775B,2020-08-20,46.9,46.56,0.34
00844B,2020-08-20,44.35,44.08,0.274
00867B,2020-08-20,43.3,43.08,0.219
2239,2020-08-20,83.0,80.5,2.5
3049,2020-08-20,9.88,9.53,0.35
3434,2020-08-20,12.45,12.15,0.3
3653,2020-08-20,325.5,320.5,5.0
3661,2020-08-20,643.0,639.54,3.4509
3680,2020-08-20,247.0,245.92,1.075504
4111,2020-08-20,27.0,26.0,1.0
5013,2020-08-20,25.8,25.3,0.5
6139,2020-08-20,33.0,31.5,1.5
6156,2020-08-20,19.85,19.65,0.202482
6690,2020-08-20,175.0,168.63,6.372549
8076,2020-08-20,30.15,27.81,2.337978
9958,2020-08-20,105.5,104.5,0.992652
9960,2020-08-20,27.5,26.7,0.8
00771,2020-08-21,19.43,19.26,0.17
1445,2020-08-21,8.72,8.51,0.203062
1454,2020-08-21,8.2,7.94,0.25862
2233,2020-08-21,67.1,63.8,3.3
2367,2020-08-21,21.7,20.9,0.8
2536,2020-08-21,24.5,23.3,1.2
2643,2020-08-21,49.3,47.3,2.0
3163,2020-08-21,60.9,59.74,1.159462
3189,2020-08-21,69.8,68.79,1.000374
4908,2020-08-21,32.35,31.25,1.1
5289,2020-08-21,168.0,157.35,10.647059
6015,2020-08-21,7.91,7.75,0.156522
6492,2020-08-21,142.0,138.32,3.682291
8436,2020-08-21,289.0,280.12,8.882501
9921,2020-08-21,300.0,295.4,4.6
1268,2020-08-24,138.0,131.0,7.0
1324,2020-08-24,10.25,9.95,0.3
1597,2020-08-24,73.0,72.0,1.0
2377,2020-08-24,149.0,144.8,4.2
3025,2020-08-24,18.4,17.82,0.58
3036,2020-08-24,41.65,39.56,2.088556
3293,2020-08-24,837.0,812.0,25.0
3588,2020-08-24,36.3,35.29,1.00017
4438,2020-08-24,129.0,121.5,7.5
4966,2020-08-24,1080.0,1064.93,15.069504
5201,2020-08-24,32.2,31.9,0.3
6204,2020-08-24,41.45,39.45,2.0
6237,2020-08-24,32.5,32.25,0.25296
6279,2020-08-24,75.4,70.63,4.765853
6411,2020-08-24,84.3,82.94,1.364267
6441,2020-08-24,148.0,142.98,5.019518
8497,2020-08-24,68.8,65.3,3.5
8906,2020-08-24,16.15,15.94,0.211674
8927,2020-08-24,15.4,15.2,0.2
1709,2020-08-25,14.45,13.95,0.5
1726,2020-08-25,72.0,68.8,3.2
1737,2020-08-25,32.3,30.8,1.5
2115,2020-08-25,46.6,42.28,4.314286
3002,2020-08-25,11.25,10.78,0.47
3226,2020-08-25,54.8,51.8,3.0
3317,2020-08-25,36.5,35.5,1.0
3535,2020-08-25,17.65,17.15,0.5
3646,2020-08-25,17.5,16.65,0.850001
4130,2020-08-25,35.25,34.1,1.147059
4426,2020-08-25,32.45,29.82,2.627239
4907,2020-08-25,29.15,27.95,1.2
4961,2020-08-25,32.2,31.19,1.00079
5269,2020-08-25,1765.0,1753.03,11.968914
5452,2020-08-25,8.89,8.67,0.22
5457,2020-08-25,121.0,120.5,0.500251
6172,2020-08-25,24.7,24.5,0.2
6183,2020-08-25,48.6,46.85,1.75
6199,2020-08-25,12.0,11.8,0.2
6552,2020-08-25,50.2,48.2,2.0
6683,2020-08-25,287.0,283.0,4.0
7402,2020-08-25,29.5,27.12,2.37716
8043,2020-08-25,24.05,23.55,0.5
8096,2020-08-25,12.45,12.01,0.440196
8446,2020-08-25,104.5,101.0,3.5
9927,2020-08-25,29.9,27.9,2.0
9941,2020-08-25,113.5,99.09,14.409091
9941A,2020-08-25,53.8,51.8,2.0
1339,2020-08-26,43.0,41.0,2.0
1453,2020-08-26,8.25,8.08,0.161765
1457,2020-08-26,14.0,13.5,0.5
1526,2020-08-26,43.0,42.2,0.8
2101,2020-08-26,48.2,47.85,0.35
2441,2020-08-26,52.9,50.6,2.3
2468,2020-08-26,14.2,13.7,0.5
2640,2020-08-26,90.0,85.71,4.285714
2752,2020-08-26,171.0,166.02,4.980583
2812,2020-08-26,12.1,11.23,0.864259
2901,2020-08-26,24.3,23.89,0.404258
3426,2020-08-26,38.8,36.8,2.0
3490,2020-08-26,24.55,24.05,0.5
3663,2020-08-26,19.35,18.35,1.0
4107,2020-08-26,143.0,139.0,4.0
4430,2020-08-26,26.3,24.8,1.5
4721,2020-08-26,62.5,60.06,2.44
5905,2020-08-26,9.62,9.42,0.2
6203,2020-08-26,69.7,67.2,2.5
6216,2020-08-26,27.45,25.58,1.868528
6227,2020-08-26,29.7,28.7,1.0
6261,2020-08-26,61.2,58.2,3.0
6276,2020-08-26,28.0,27.36,0.63512
6464,2020-08-26,122.0,115.66,6.336509
6625,2020-08-26,36.85,35.0,1.845224
1108,2020-08-27,10.45,10.3,0.15
1240,2020-08-27,58.9,55.24,3.657282
1307,2020-08-27,21.85,21.05,0.8
1439,2020-08-27,39.85,34.85,5.0
1514,2020-08-27,30.5,28.38,2.119048
1533,2020-08-27,30.3,29.8,0.5
2059,2020-08-27,322.5,314.5,8.0
2066,2020-08-27,50.7,48.38,2.322449
2428,2020-08-27,117.5,113.3,4.2
2439,2020-08-27,165.0,157.29,7.704899
2472,2020-08-27,56.4,54.89,1.500116
2509,2020-08-27,21.45,19.31,2.131819
2527,2020-08-27,21.55,19.75,1.8
2615,2020-08-27,22.1,21.3,0.8
3206,2020-08-27,30.1,28.1,2.0
3236,2020-08-27,22.15,21.65,0.5
3285,2020-08-27,16.5,16.3,0.2
3312,2020-08-27,15.55,14.1,1.446227
3484,2020-08-27,37.45,36.05,1.4
3597,2020-08-27,17.3,16.45,0.849657
4707,2020-08-27,11.45,10.71,0.7391
4728,2020-08-27,70.6,69.1,1.5
4942,2020-08-27,41.45,38.95,2.5
4991,2020-08-27,47.45,46.94,0.506813
5525,2020-08-27,22.45,20.32,2.125926
6234,2020-08-27,27.15,24.75,2.395143
6508,2020-08-27,32.7,30.9,1.8
6516,2020-08-27,95.0,86.3,8.7
6538,2020-08-27,276.5,222.76,53.735772
8071,2020-08-27,13.3,12.8,0.5
8410,2020-08-27,48.05,46.55,1.5
8429,2020-08-27,7.79,7.77,0.02
8941,2020-08-27,39.7,36.09,3.60909
9935,2020-08-27,35.95,35.35,0.6
1210,2020-08-28,48.95,46.75,2.2
1527,2020-08-28,39.7,38.5,1.2
1722,2020-08-28,56.9,54.7,2.2
2484,2020-08-28,23.65,22.7,0.95
3144,2020-08-28,26.2,25.3,0.9
3147,2020-08-28,34.9,32.8,2.1
3622,2020-08-28,24.35,23.55,0.8
4163,2020-08-28,121.5,101.25,20.249997
4401,2020-08-28,27.05,25.85,1.2
5478,2020-08-28,99.9,95.88,4.017681
5534,2020-08-28,90.9,84.6,6.3
01010T,2020-08-31,10.36,10.16,0.196892
1603,2020-08-31,28.9,28.4,0.5
2104,2020-08-31,20.45,20.25,0.2
2328,2020-08-31,18.85,17.85,1.0
3078,2020-08-31,44.6,43.3,1.3
3092,2020-08-31,42.55,37.08,5.466667
3492,2020-08-31,15.75,14.95,0.8
4943,2020-08-31,102.5,88.69,13.804135
8908,2020-08-31,56.4,50.81,5.589189
9105,2020-08-31,4.44,4.42,0.018748
1409,2020-09-01,12.2,11.65,0.55
1516,2020-09-01,17.05,16.45,0.593355
1569,2020-09-01,32.75,32.46,0.29296
1599,2020-09-01,34.85,32.64,2.210306
2329,2020-09-01,10.85,10.7,0.15
2701,2020-09-01,12.2,11.8,0.4
2845,2020-09-01,11.2,10.44,0.755232
3297,2020-09-01,11.8,11.3,0.5
5498,2020-09-01,11.5,11.17,0.331548
8488,2020-09-01,13.85,13.35,0.5
8489,2020-09-01,51.1,49.51,1.591155
1539,2020-09-02,20.8,20.0,0.8
1786,2020-09-02,68.5,63.93,4.561048
2106,2020-09-02,31.8,30.19,1.607786
3052,2020-09-02,12.4,11.89,0.505581
4420,2020-09-02,24.05,23.05,1.0
5281,2020-09-02,26.25,25.75,0.5
5508,2020-09-02,37.65,35.85,1.801
5907,2020-09-02,25.0,22.8,2.2
1203,2020-09-03,32.3,31.3,1.0
1517,2020-09-03,11.3,11.09,0.202136
1565,2020-09-03,293.0,275.0,18.0
1590,2020-09-03,694.0,689.26,4.7347
1776,2020-09-03,16.55,15.7,0.845639
2474,2020-09-03,204.0,194.0,10.0
2618,2020-09-03,11.45,11.2,0.25
4541,2020-09-03,19.7,18.98,0.719164
4763,2020-09-03,128.0,123.24,4.753681
5283,2020-09-03,108.5,104.33,4.164382
9951,2020-09-03,94.0,90.5,3.5
2743,2020-09-04,15.2,14.4,0.8
8403,2020-09-04,39.45,37.59,1.856643
1465,2020-09-07,15.6,14.1,1.5
2383,2020-09-07,169.0,163.23,5.761919
4416,2020-09-07,80.2,79.2,1.0
4568,2020-09-07,81.6,78.37,3.228362
5519,2020-09-07,17.1,15.75,1.35
6221,2020-09-07,51.9,45.02,6.877778
6426,2020-09-07,126.0,124.0,2.0
2379,2020-09-08,381.5,370.5,11.0
2923,2020-09-08,26.7,24.47,2.23
3527,2020-09-08,92.5,88.35,4.14563
4137,2020-09-08,210.5,197.45,13.046775
5464,2020-09-08,11.6,11.1,0.5
6248,2020-09-08,29.0,26.8,2.2
6485,2020-09-08,24.85,24.35,0.5
4714,2020-09-09,15.05,13.85,1.201991
6122,2020-09-09,13.7,12.82,0.884466
6414,2020-09-09,288.0,258.63,29.365647
6469,2020-09-09,111.5,94.79,16.709963
8234,2020-09-09,24.2,23.4,0.8
8916,2020-09-09,43.7,40.71,2.99187
8916A,2020-09-09,52.3,49.8,2.5
9103,2020-09-09,69.0,68.74,0.251013
1513,2020-09-10,49.75,48.55,1.196554
2816,2020-09-10,19.75,18.8,0.940477
8042,2020-09-10,35.3,34.27,1.028156
2027,2020-09-11,22.9,21.71,1.181816
2420,2020-09-11,34.85,32.85,2.0
2706,2020-09-11,13.85,13.4,0.45
3483,2020-09-11,88.4,80.32,8.084034
5278,2020-09-11,117.5,114.95,2.549175
6154,2020-09-14,13.9,13.3,0.6
2748,2020-09-15,46.0,39.13,6.869566
3289,2020-09-15,63.0,61.0,2.0
910861,2020-09-15,17.75,17.68,0.067608
00697B,2020-09-16,44.03,43.93,0.1
00751B,2020-09-16,49.53,49.16,0.375
00764B,2020-09-16,51.9,51.66,0.243
00765B,2020-09-16,39.27,38.95,0.317
00772B,2020-09-16,48.88,48.77,0.106
00773B,2020-09-16,49.39,49.28,0.113
00781B,2020-09-16,48.42,48.1,0.32
00787B,2020-09-16,46.85,46.51,0.345
00792B,2020-09-16,47.1,46.75,0.346
00793B,2020-09-16,47.05,46.73,0.324
00854B,2020-09-16,42.55,41.99,0.564
00859B,2020-09-16,38.05,37.95,0.096
00862B,2020-09-16,42.04,41.73,0.312
00863B,2020-09-16,42.8,42.57,0.231
01009T,2020-09-16,9.86,9.7,0.151272
1736,2020-09-16,69.8,68.39,1.401785
2358,2020-09-16,15.3,15.09,0.20408
3059,2020-09-16,26.95,26.42,0.520562
6409,2020-09-16,957.0,889.31,67.688333
6591,2020-09-16,60.9,60.0,0.898654
6672,2020-09-16,85.5,80.5,5.0
00710B,2020-09-17,18.97,18.71,0.26
00711B,2020-09-17,22.71,22.48,0.23
00712,2020-09-17,11.32,11.04,0.273
00777B,2020-09-17,48.1,47.78,0.32
00778B,2020-09-17,49.1,48.8,0.3
00779B,2020-09-17,52.25,52.05,0.2
00872B,2020-09-17,39.51,39.48,0.03
00873B,2020-09-17,39.09,38.88,0.21
00874B,2020-09-17,39.3,38.92,0.38
2330,2020-09-17,458.0,455.5,2.5
2387,2020-09-17,70.3,69.3,1.0
3290,2020-09-17,15.05,14.55,0.5
6133,2020-09-17,8.34,8.09,0.25
8114,2020-09-17,84.0,79.5,4.5
8261,2020-09-17,28.8,28.3,0.5
00831B,2020-09-18,38.68,38.49,0.19
00832B,2020-09-18,50.25,50.01,0.24
00836B,2020-09-18,44.29,43.94,0.352
00856B,2020-09-18,38.34,38.24,0.097
00857B,2020-09-18,43.32,43.1,0.219
2062,2020-09-18,26.25,26.15,0.1
2065,2020-09-21,59.2,47.54,11.664549
00853B,2020-09-22,38.87,38.6,0.27
1589,2020-09-22,94.0,93.36,0.632812
8423,2020-09-22,18.3,17.02,1.280769
2363,2020-09-23,12.95,11.06,1.883108
2488,2020-09-23,31.9,29.6,2.3
2515,2020-09-23,8.09,7.88,0.201
3017,2020-09-23,68.7,67.4,1.3
3432,2020-09-23,12.8,12.5,0.3
01004T,2020-09-24,16.44,16.24,0.195313
1586,2020-09-24,43.4,41.32,2.083382
1808,2020-09-24,74.0,60.0,14.0
2542,2020-09-24,46.15,41.04,5.104546
4967,2020-09-24,35.9,34.97,0.928295
6547,2020-09-24,102.5,99.94,2.558045
8105,2020-09-24,10.35,10.25,0.1
1528,2020-09-25,8.08,7.97,0.104181
2897,2020-09-25,6.63,6.6,0.029598
2897A,2020-09-25,10.15,10.12,0.023641
3594,2020-09-25,26.1,25.51,0.589669
4552,2020-09-29,38.15,36.45,1.7
4764,2020-10-06,61.0,59.77,1.221765
6667,2020-10-07,58.8,57.55,1.245887
3455,2020-10-08,52.0,49.0,3.0
6023,2020-10-12,54.1,52.91,1.186304
4551,2020-10-14,173.5,171.63,1.868757
00687B,2020-10-21,49.18,49.0,0.18
00694B,2020-10-21,38.76,38.62,0.143
00695B,2020-10-21,40.28,40.14,0.143
00696B,2020-10-21,49.31,49.06,0.253
00714,2020-10-21,18.09,17.98,0.102
00717,2020-10-21,16.76,16.59,0.168
00719B,2020-10-21,31.0,30.98,0.02
00720B,2020-10-21,45.83,45.4,0.43
00722B,2020-10-21,49.31,48.9,0.414
00723B,2020-10-21,46.15,45.82,0.334
00724B,2020-10-21,44.48,44.11,0.372
00725B,2020-10-21,44.4,43.98,0.42
00726B,2020-10-21,44.65,44.26,0.39
00727B,2020-10-21,38.44,37.95,0.49
00730,2020-10-21,17.4,16.55,0.843
00733,2020-10-21,24.28,23.92,0.358
00740B,2020-10-21,48.53,48.13,0.403
00741B,2020-10-21,37.73,37.27,0.464
00746B,2020-10-21,47.54,47.17,0.375
00749B,2020-10-21,47.24,46.81,0.43
00750B,2020-10-21,47.5,47.18,0.32
00761B,2020-10-21,49.34,49.01,0.33
00772B,2020-10-21,47.65,47.54,0.106
00773B,2020-10-21,48.05,47.94,0.113
00782B,2020-10-21,45.5,45.17,0.33
00784B,2020-10-21,39.56,39.25,0.306
00785B,2020-10-21,45.73,45.37,0.363
00788B,2020-10-21,44.39,44.05,0.343
00848B,2020-10-21,39.85,39.55,0.305
00849B,2020-10-21,38.14,38.01,0.13
00870B,2020-10-21,42.44,42.12,0.32
3171,2020-10-21,25.7,25.01,0.693571
5522,2020-10-21,46.35,45.35,1.0
00747B,2020-10-22,50.75,49.92,0.828
00789B,2020-10-22,69.5,69.0,0.498
00790B,2020-10-22,66.95,66.46,0.494
00791B,2020-10-22,58.3,57.69,0.615
4502,2020-10-22,50.4,49.22,1.184313
8905,2020-10-22,16.7,15.7,1.0
006204,2020-10-23,64.6,63.84,0.76
00734B,2020-10-23,21.09,20.91,0.18
00774B,2020-10-23,39.1,38.3,0.8
00774C,2020-10-23,8.99,8.8,0.187
00833B,2020-10-23,45.48,45.32,0.16
00834B,2020-10-23,44.63,44.29,0.34
00842B,2020-10-23,42.37,42.03,0.34
00851,2020-10-23,27.88,27.6,0.28
00868B,2020-10-23,38.47,38.31,0.16
00869B,2020-10-23,39.92,39.55,0.37
6625,2020-10-23,38.45,37.39,1.05051
4121,2020-10-26,17.65,17.49,0.155074
6629,2020-10-26,66.1,65.31,0.793695
8011,2020-10-26,16.5,16.16,0.334351
5351,2020-10-27,18.95,18.14,0.812454
0056,2020-10-28,29.69,28.09,1.6
00660,2020-10-28,22.28,21.92,0.36
00739,2020-10-28,25.51,25.01,0.5
4919,2020-10-28,43.85,42.61,1.236586
6111,2020-10-28,87.8,74.23,13.568458
3563,2020-10-29,290.0,287.0,3.0
4755,2020-10-29,69.4,67.34,2.055489
6177,2020-10-29,29.8,29.48,0.315537
8478,2020-10-29,58.9,58.39,0.505956
2601,2020-10-30,9.88,8.69,1.182753
2823,2020-10-30,20.15,19.0,1.140566
8936,2020-11-02,21.6,21.37,0.231062
2812,2020-11-03,10.9,10.85,0.042152
4803,2020-11-03,58.9,38.87,20.033334
1593,2020-11-05,61.3,60.63,0.665715
1909,2020-11-05,16.35,16.27,0.072788
2049,2020-11-05,265.0,262.46,2.53879
2630,2020-11-06,16.55,15.15,1.394323
6472,2020-11-09,233.5,179.62,53.884616
8354,2020-11-10,18.1,17.4,0.7
6443,2020-11-11,36.5,34.89,1.602852
2867,2020-11-12,8.82,8.75,0.065988
1432,2020-11-16,21.55,17.55,4.0
006208,2020-11-17,64.5,63.36,1.139
00679B,2020-11-17,46.11,45.91,0.2
00692,2020-11-17,28.75,28.14,0.608
00754B,2020-11-17,48.92,48.59,0.332
00755B,2020-11-17,46.92,46.59,0.334
00756B,2020-11-17,49.63,49.22,0.406
00772B,2020-11-17,47.31,47.19,0.121
00773B,2020-11-17,48.17,48.05,0.123
00780B,2020-11-17,42.7,42.51,0.19
00786B,2020-11-17,44.5,44.16,0.345
00794B,2020-11-17,39.44,39.09,0.35
00795B,2020-11-17,46.31,46.08,0.228
00799B,2020-11-17,44.3,43.99,0.31
00839B,2020-11-17,44.06,43.71,0.352
00840B,2020-11-17,42.65,42.37,0.285
00841B,2020-11-17,43.0,42.73,0.272
00845B,2020-11-17,38.73,38.38,0.355
00846B,2020-11-17,39.43,39.11,0.321
00847B,2020-11-17,37.47,37.17,0.302
00860B,2020-11-17,38.39,38.23,0.156
00871B,2020-11-17,39.72,39.16,0.56
00878,2020-11-17,15.1,15.05,0.05
8411,2020-11-17,13.8,13.63,0.17
00731,2020-11-18,48.91,46.82,2.09
00758B,2020-11-18,61.0,60.47,0.53
00759B,2020-11-18,74.45,73.89,0.56
00760B,2020-11-18,68.6,67.95,0.65
00775B,2020-11-19,45.38,45.05,0.33
00844B,2020-11-19,43.3,43.03,0.268
00867B,2020-11-19,42.17,41.92,0.25
01007T,2020-11-19,19.19,18.96,0.229207
2530,2020-11-19,15.05,13.85,1.195386
6277,2020-11-19,84.9,82.4,2.5
9946,2020-11-19,19.05,16.7,2.347498
0051,2020-11-20,41.42,40.32,1.1
0053,2020-11-20,54.05,52.75,1.3
0054,2020-11-20,26.8,26.05,0.75
0055,2020-11-20,18.57,17.92,0.65
006201,2020-11-20,16.35,15.97,0.38
00713,2020-11-20,35.38,33.68,1.7
00771,2020-11-20,19.31,19.13,0.18
00850,2020-11-20,28.23,27.33,0.9
8455,2020-11-23,19.5,19.34,0.16127
2236,2020-11-24,18.15,17.46,0.681075
3321,2020-11-24,15.6,14.81,0.787731
5516,2020-11-24,14.65,14.35,0.3
6541,2020-11-25,43.0,41.94,1.056052
00690,2020-11-27,27.8,26.96,0.84
1315,2020-11-27,77.1,73.1,4.0
2636,2020-11-27,37.0,36.43,0.563424
3541,2020-11-27,60.6,59.22,1.384227
6576,2020-11-27,103.0,101.08,1.924761
4735,2020-11-30,138.0,132.0,6.0
8442,2020-11-30,45.6,45.3,0.3
2929,2020-12-01,31.5,27.14,4.350325
5209,2020-12-01,68.5,67.72,0.780953
2472,2020-12-03,59.2,58.47,0.721455
3325,2020-12-03,29.15,28.66,0.490343
2065,2020-12-04,46.55,45.58,0.966158
5278,2020-12-07,131.5,128.83,2.665871
3680,2020-12-09,292.5,287.36,5.141342
5546,2020-12-09,80.4,79.8,0.593815
2034,2020-12-10,25.9,25.49,0.404914
6111,2020-12-10,71.0,65.45,5.549074
6431,2020-12-10,30.85,30.75,0.099916
1536,2020-12-14,114.5,112.3,2.191276
5536,2020-12-14,193.5,192.06,1.442642
1235,2020-12-15,26.55,24.64,1.905451
3666,2020-12-15,82.3,80.2,2.098847
00697B,2020-12-16,41.63,41.53,0.1
00751B,2020-12-16,48.31,47.96,0.355
00764B,2020-12-16,47.97,47.75,0.22
00765B,2020-12-16,39.49,39.19,0.304
00772B,2020-12-16,48.0,47.88,0.122
00773B,2020-12-16,48.03,47.9,0.127
00777B,2020-12-16,47.1,46.74,0.365
00778B,2020-12-16,48.08,47.7,0.38
00779B,2020-12-16,48.48,48.25,0.23
00781B,2020-12-16,46.75,46.44,0.31
00787B,2020-12-16,45.3,44.97,0.335
00792B,2020-12-16,45.85,45.51,0.343
00793B,2020-12-16,45.33,45.01,0.322
00859B,2020-12-16,36.49,36.44,0.048
00862B,2020-12-16,41.57,41.25,0.318
00863B,2020-12-16,41.84,41.45,0.39
00872B,2020-12-16,38.0,37.85,0.155
00873B,2020-12-16,37.7,37.52,0.18
00874B,2020-12-16,39.4,39.04,0.36
00710B,2020-12-17,18.59,18.35,0.24
00711B,2020-12-17,21.99,21.81,0.18
00712,2020-12-17,12.68,12.5,0.173
2330,2020-12-17,512.0,509.5,2.5
2718,2020-12-17,24.0,21.11,2.893519
6123,2020-12-17,40.95,39.95,1.0
6548,2020-12-17,55.2,54.8,0.4
8070,2020-12-17,30.9,30.64,0.26
00831B,2020-12-18,37.19,37.04,0.155
00832B,2020-12-18,46.5,46.27,0.23
00836B,2020-12-18,43.16,42.82,0.341
00838B,2020-12-18,38.87,38.13,0.741
00856B,2020-12-18,36.99,36.88,0.108
00857B,2020-12-18,40.36,40.14,0.224
00880B,2020-12-18,38.64,38.28,0.358
4912,2020-12-18,109.5,108.57,0.929154
00853B,2020-12-21,38.22,37.97,0.25
3557,2020-12-21,108.0,105.65,2.35
5011,2020-12-29,39.8,37.77,2.026783
00742,2020-12-30,21.78,20.78,1.0
4739,2020-12-30,69.8,67.77,2.020599
1785,2021-01-05,45.2,43.75,1.453209
4108,2021-01-05,25.2,24.28,0.916328
4726,2021-01-12,30.5,30.5,0.0
2836,2021-01-13,10.6,10.0,0.6
6224,2021-01-13,103.0,101.05,1.942107
00687B,2021-01-19,45.59,45.4,0.19
00694B,2021-01-19,37.76,37.64,0.118
00695B,2021-01-19,38.51,38.37,0.139
00696B,2021-01-19,45.6,45.31,0.293
00701,2021-01-19,21.92,21.19,0.73
00702,2021-01-19,17.91,17.73,0.18
00714,2021-01-19,18.39,18.26,0.121
00717,2021-01-19,16.76,16.61,0.148
00719B,2021-01-19,30.23,30.21,0.02
00720B,2021-01-19,45.58,45.17,0.41
00722B,2021-01-19,47.86,47.45,0.411
00723B,2021-01-19,44.49,44.15,0.337
00724B,2021-01-19,43.82,43.43,0.386
00725B,2021-01-19,44.95,44.53,0.42
00726B,2021-01-19,43.8,43.43,0.37
00727B,2021-01-19,38.29,37.78,0.51
00735,2021-01-19,33.77,32.74,1.03
00736,2021-01-19,23.58,23.33,0.25
00740B,2021-01-19,48.82,48.31,0.506
00741B,2021-01-19,37.75,37.27,0.479
00744B,2021-01-19,41.65,40.9,0.75
00746B,2021-01-19,46.1,45.72,0.38
00749B,2021-01-19,45.73,45.31,0.42
00750B,2021-01-19,45.77,45.45,0.325
00761B,2021-01-19,47.89,47.57,0.32
00770,2021-01-19,31.76,31.38,0.38
00772B,2021-01-19,46.39,46.26,0.128
00773B,2021-01-19,46.8,46.66,0.138
00782B,2021-01-19,44.2,43.88,0.32
00784B,2021-01-19,38.14,37.84,0.297
00785B,2021-01-19,44.68,44.24,0.443
00788B,2021-01-19,42.55,42.22,0.335
00830,2021-01-19,26.55,26.23,0.32
00848B,2021-01-19,38.75,38.4,0.353
00849B,2021-01-19,37.16,36.88,0.281
00870B,2021-01-19,40.11,39.75,0.36
00789B,2021-01-20,68.3,67.82,0.483
00790B,2021-01-20,66.0,65.5,0.497
00791B,2021-01-20,57.2,56.6,0.601
00728,2021-01-21,30.82,28.92,1.9
00734B,2021-01-21,20.68,20.51,0.17
00842B,2021-01-21,42.28,41.97,0.31
00843B,2021-01-21,39.27,38.63,0.64
00868B,2021-01-21,37.7,37.56,0.14
00869B,2021-01-21,39.8,39.45,0.35
6488,2021-01-21,654.0,646.0,8.0
0050,2021-01-22,143.0,139.95,3.05
006203,2021-01-22,65.95,64.8,1.15
00834B,2021-01-22,44.52,44.12,0.4
00858,2021-01-22,25.15,25.03,0.123
1477,2021-01-25,200.5,194.63,5.867114
5483,2021-01-26,170.5,167.0,3.5
3289,2021-01-27,54.7,53.2,1.5
5468,2021-01-27,13.6,12.56,1.035118
5215,2021-02-01,135.0,132.66,2.331456
3346,2021-02-02,42.55,42.27,0.270164
6706,2021-02-03,153.5,151.59,1.905015
00718B,2021-02-23,19.66,19.34,0.321
00845B,2021-02-23,37.89,37.55,0.337
00846B,2021-02-23,38.39,38.08,0.315
00679B,2021-02-25,40.51,40.3,0.21
00721B,2021-02-25,44.93,44.21,0.72
00748B,2021-02-25,41.57,40.87,0.7
00754B,2021-02-25,44.31,44.0,0.311
00755B,2021-02-25,43.12,42.8,0.316
00756B,2021-02-25,44.6,44.21,0.393
00772B,2021-02-25,43.59,43.46,0.127
00773B,2021-02-25,44.57,44.44,0.134
00780B,2021-02-25,41.0,40.82,0.18
00786B,2021-02-25,41.12,40.79,0.33
00794B,2021-02-25,39.61,39.25,0.356
00795B,2021-02-25,41.04,40.76,0.279
00796B,2021-02-25,39.37,38.64,0.731
00799B,2021-02-25,41.06,40.77,0.29
00839B,2021-02-25,41.02,40.71,0.315
00840B,2021-02-25,38.85,38.57,0.285
00841B,2021-02-25,38.85,38.55,0.3
00847B,2021-02-25,35.06,34.79,0.271
00860B,2021-02-25,37.49,37.36,0.13
00878,2021-02-25,17.37,17.22,0.15
2208,2021-02-26,26.5,22.11,4.387602
00758B,2021-03-02,59.3,58.77,0.53
00759B,2021-03-02,67.9,67.37,0.53
00760B,2021-03-02,64.15,63.49,0.66
00775B,2021-03-02,40.77,40.47,0.295
00844B,2021-03-02,39.09,38.66,0.43
00867B,2021-03-02,37.78,37.46,0.325
00771,2021-03-03,18.68,18.51,0.17
9802,2021-03-04,114.5,112.4,2.1
4966,2021-03-05,1205.0,1195.88,9.121112
5278,2021-03-05,151.5,149.28,2.221534
3680,2021-03-11,313.0,311.64,1.36148
2613,2021-03-12,18.4,18.2,0.2
01010T,2021-03-16,11.0,10.76,0.230045
00697B,2021-03-17,39.64,39.5,0.14
00751B,2021-03-17,42.6,42.24,0.36
00764B,2021-03-17,41.23,41.0,0.226
00765B,2021-03-17,39.8,39.49,0.308
00772B,2021-03-17,42.6,42.47,0.126
00773B,2021-03-17,43.28,43.15,0.135
00777B,2021-03-17,41.8,41.47,0.33
00778B,2021-03-17,43.17,42.79,0.382
00779B,2021-03-17,41.37,41.13,0.24
00781B,2021-03-17,41.21,40.9,0.31
00787B,2021-03-17,41.54,41.17,0.37
00792B,2021-03-17,40.85,40.53,0.321
00793B,2021-03-17,40.52,40.22,0.303
00859B,2021-03-17,36.53,36.44,0.09
00862B,2021-03-17,37.68,37.38,0.302
00863B,2021-03-17,37.8,37.49,0.31
00872B,2021-03-17,38.01,37.89,0.12
2330,2021-03-17,613.0,610.5,2.5
00710B,2021-03-18,18.66,18.42,0.24
00711B,2021-03-18,20.19,20.01,0.18
00712,2021-03-18,14.33,14.15,0.173
01009T,2021-03-18,9.64,9.49,0.140193
00831B,2021-03-19,37.21,37.1,0.11
00832B,2021-03-19,40.15,39.77,0.385
00836B,2021-03-19,38.17,37.83,0.341
00856B,2021-03-19,37.03,36.94,0.091
00857B,2021-03-19,35.1,34.89,0.215
00880B,2021-03-19,34.25,33.86,0.386
00853B,2021-03-22,33.94,33.72,0.22
5283,2021-03-22,139.5,135.5,4.0
9105,2021-03-22,4.2,3.86,0.331176
2752,2021-03-25,188.5,179.5,9.0
3706,2021-03-25,29.3,28.3,1.0
5009,2021-03-25,16.95,16.55,0.4
6208,2021-03-25,43.15,41.16,1.989999
6581,2021-03-25,77.2,74.2,3.0
2012,2021-03-26,20.3,19.7,0.6
6590,2021-03-26,61.6,58.1,3.5
6104,2021-03-29,71.0,68.0,3.0
01004T,2021-03-31,18.1,17.89,0.20456
2063,2021-03-31,35.65,33.65,2.0
2483,2021-03-31,20.9,20.2,0.7
3004,2021-03-31,65.1,64.6,0.5
3005,2021-03-31,66.8,63.21,3.587088
4735,2021-03-31,99.3,96.3,3.0
8109,2021-03-31,74.2,70.7,3.5
8401,2021-03-31,15.3,14.63,0.666204
8930,2021-03-31,14.1,13.6,0.5
8932,2021-03-31,18.0,18.0,0.0
6523,2021-04-01,88.5,84.5,4.0
6148,2021-04-06,17.65,16.84,0.810448
8933,2021-04-06,13.0,12.52,0.477362
2108,2021-04-07,122.0,118.0,4.0
8908,2021-04-07,56.9,56.5,0.4
1313,2021-04-08,21.65,20.65,1.0
1524,2021-04-08,11.5,11.29,0.21
1712,2021-04-08,23.8,22.5,1.3
2726,2021-04-08,80.9,80.4,0.5
3003,2021-04-08,67.2,66.0,1.2
6224,2021-04-08,134.5,130.25,4.25
6412,2021-04-08,84.8,80.8,4.0
8027,2021-04-08,94.8,93.61,1.188768
2385,2021-04-09,106.0,100.5,5.5
3289,2021-04-09,57.1,56.1,1.0
6756,2021-04-09,319.0,314.5,4.5
8996,2021-04-09,56.9,55.2,1.7
4973,2021-04-13,27.4,26.4,1.0
6589,2021-04-13,160.0,150.07,9.931231
1475,2021-04-15,47.15,44.06,3.082551
3218,2021-04-15,295.5,291.3,4.2
3596,2021-04-15,122.0,115.5,6.498506
6629,2021-04-15,75.3,70.81,4.489524
1477,2021-04-16,251.0,243.0,8.0
2614,2021-04-16,17.9,17.1,0.8
3631,2021-04-16,56.9,56.74,0.160228
4930,2021-04-16,35.0,31.5,3.5
0052,2021-04-20,128.25,127.21,1.032
00687B,2021-04-20,42.14,41.9,0.24
00694B,2021-04-20,37.97,37.86,0.115
00695B,2021-04-20,37.38,37.26,0.123
00696B,2021-04-20,42.1,41.83,0.272
00714,2021-04-20,20.91,20.79,0.12
00717,2021-04-20,17.29,17.12,0.162
00719B,2021-04-20,30.45,30.43,0.02
00720B,2021-04-20,43.45,43.03,0.42
00722B,2021-04-20,45.82,45.41,0.406
00723B,2021-04-20,41.76,41.42,0.337
00724B,2021-04-20,41.15,40.77,0.384
00725B,2021-04-20,43.5,43.14,0.36
00726B,2021-04-20,42.3,41.91,0.39
00727B,2021-04-20,39.31,38.85,0.46
00740B,2021-04-20,46.83,46.39,0.443
00741B,2021-04-20,38.36,37.91,0.447
00746B,2021-04-20,43.9,43.51,0.388
00749B,2021-04-20,43.04,42.63,0.414
00750B,2021-04-20,42.83,42.49,0.341
00761B,2021-04-20,45.32,44.97,0.35
00772B,2021-04-20,44.1,43.97,0.13
00773B,2021-04-20,44.12,43.98,0.139
00782B,2021-04-20,42.27,41.93,0.34
00784B,2021-04-20,37.65,37.36,0.292
00785B,2021-04-20,42.01,41.63,0.385
00788B,2021-04-20,40.85,40.5,0.35
00848B,2021-04-20,37.92,37.51,0.411
00849B,2021-04-20,37.27,36.99,0.276
00870B,2021-04-20,38.19,37.84,0.35
8171,2021-04-20,67.0,64.0,2.99711
00747B,2021-04-21,51.2,50.37,0.829
00789B,2021-04-21,63.65,63.18,0.473
00790B,2021-04-21,62.4,61.91,0.494
00791B,2021-04-21,56.7,56.12,0.579
2064,2021-04-21,17.95,17.45,0.5
4420,2021-04-21,30.75,28.75,2.0
00734B,2021-04-22,19.74,19.55,0.19
00774B,2021-04-22,39.25,38.71,0.54
00774C,2021-04-22,9.08,8.95,0.1237
00834B,2021-04-22,41.14,40.74,0.4
00842B,2021-04-22,39.75,39.4,0.35
00868B,2021-04-22,36.63,36.48,0.15
00869B,2021-04-22,37.23,36.9,0.33
1229,2021-04-22,53.0,51.3,1.7
2910,2021-04-22,33.5,33.0,0.5
6192,2021-04-22,78.7,75.3,3.4
6235,2021-04-22,23.35,22.75,0.598094
6274,2021-04-22,124.0,119.2,4.801389
8112,2021-04-22,48.5,43.92,4.575276
8446,2021-04-22,109.0,105.5,3.5
2324,2021-04-23,27.4,25.8,1.6
2358,2021-04-23,19.15,17.76,1.381147
5278,2021-04-23,171.0,167.54,3.463017
3557,2021-04-26,91.8,88.15,3.65
1457,2021-04-28,21.0,20.0,1.0
5460,2021-04-28,12.95,12.85,0.1
6026,2021-04-28,21.2,20.25,0.948117
01001T,2021-05-03,18.88,18.49,0.389346
01003T,2021-05-07,19.32,18.92,0.397097
911608,2021-05-10,4.44,4.38,0.052987
2101,2021-05-12,41.35,40.75,0.6
9103,2021-05-12,24.25,23.08,1.168686
2430,2021-05-17,29.4,27.85,1.55
00679B,2021-05-18,39.18,38.96,0.22
00754B,2021-05-18,44.42,44.1,0.319
00755B,2021-05-18,42.62,42.27,0.349
00756B,2021-05-18,44.05,43.64,0.412
00772B,2021-05-18,42.73,42.6,0.127
00773B,2021-05-18,43.6,43.48,0.123
00780B,2021-05-18,40.58,40.36,0.22
00786B,2021-05-18,40.57,40.24,0.335
00794B,2021-05-18,39.91,39.56,0.348
00795B,2021-05-18,39.45,39.21,0.244
00799B,2021-05-18,40.2,39.89,0.31
00839B,2021-05-18,40.41,40.1,0.313
00840B,2021-05-18,38.5,38.22,0.285
00841B,2021-05-18,38.53,38.25,0.283
00845B,2021-05-18,37.1,36.92,0.176
00846B,2021-05-18,37.48,37.15,0.332
00847B,2021-05-18,34.15,33.9,0.254
00860B,2021-05-18,37.7,37.57,0.13
00878,2021-05-18,17.48,17.23,0.25
00758B,2021-05-19,60.2,59.68,0.52
00759B,2021-05-19,67.25,66.71,0.54
00760B,2021-05-19,64.2,63.56,0.64
8440,2021-05-19,17.5,17.2,0.3
9136,2021-05-19,9.2,8.84,0.3562
00775B,2021-05-20,40.63,40.36,0.27
00844B,2021-05-20,38.43,38.01,0.425
00867B,2021-05-20,38.26,37.94,0.325
01002T,2021-05-20,18.95,18.61,0.337949
01007T,2021-05-20,20.54,20.31,0.221328
00771,2021-05-21,19.08,18.9,0.18
4763,2021-05-21,127.5,110.86,16.630435
8074,2021-05-25,21.5,20.5,1.0
2461,2021-05-28,21.7,20.74,0.96
6456,2021-05-28,100.0,96.0,4.0
8210,2021-05-31,78.7,74.69,4.001654
1702,2021-06-01,56.9,54.9,2.0
4747,2021-06-01,39.0,37.08,1.92
6204,2021-06-02,119.5,109.5,10.0
1342,2021-06-03,54.6,52.1,2.5
2722,2021-06-03,29.1,28.6,0.5
2809,2021-06-03,41.65,39.85,1.8
3443,2021-06-03,350.0,345.0,5.0
5434,2021-06-03,133.0,125.0,8.0
1597,2021-06-07,101.5,100.0,1.5
6024,2021-06-07,44.0,41.13,2.87
6654,2021-06-07,68.3,66.8,1.5
8342,2021-06-07,57.4,53.4,4.0
2347,2021-06-08,59.5,56.2,3.3
1504,2021-06-09,33.0,31.85,1.15
1907,2021-06-09,49.1,47.6,1.5
2548,2021-06-09,92.9,85.9,7.0
3167,2021-06-09,68.1,65.1,3.0
5864,2021-06-09,22.6,20.75,1.845283
6219,2021-06-09,24.05,22.05,2.0
6661,2021-06-09,27.9,26.8,1.1018
910322,2021-06-09,26.65,25.09,1.550092
1515,2021-06-10,79.6,76.0,3.6
2020,2021-06-10,34.7,33.0,1.7
4571,2021-06-10,137.5,133.9,3.6
4977,2021-06-10,99.9,94.0,5.9
4995,2021-06-10,35.05,33.25,1.799355
6491,2021-06-10,556.0,551.0,5.0
9940,2021-06-10,31.4,29.7,1.7
5533,2021-06-11,16.0,15.4,0.6
6123,2021-06-11,51.7,48.72,2.977079
6425,2021-06-11,25.65,25.15,0.5
6470,2021-06-11,52.0,48.5,3.5
6523,2021-06-11,79.3,75.3,4.0
6533,2021-06-11,452.0,451.25,0.741546
4760,2021-06-15,118.0,114.83,3.173787
5609,2021-06-15,131.0,125.8,5.2
6548,2021-06-15,64.3,63.38,0.92
1590,2021-06-16,983.0,973.83,9.1623
1711,2021-06-16,19.55,19.25,0.3
4972,2021-06-16,35.15,32.75,2.4
6015,2021-06-16,25.9,25.4,0.5
6185,2021-06-16,13.2,13.0,0.2
6596,2021-06-16,54.3,49.8,4.5
8033,2021-06-16,15.3,14.83,0.467467
00697B,2021-06-17,39.11,38.96,0.15
00751B,2021-06-17,43.7,43.34,0.36
00764B,2021-06-17,41.4,41.19,0.211
00765B,2021-06-17,39.9,39.58,0.318
00772B,2021-06-17,43.48,43.36,0.125
00773B,2021-06-17,43.88,43.76,0.12
00777B,2021-06-17,42.6,42.31,0.293
00778B,2021-06-17,44.15,43.85,0.3
00779B,2021-06-17,41.64,41.4,0.24
00781B,2021-06-17,41.62,41.3,0.32
00787B,2021-06-17,41.88,41.56,0.32
00792B,2021-06-17,41.72,41.38,0.336
00793B,2021-06-17,41.32,41.02,0.304
00859B,2021-06-17,35.77,35.68,0.089
00862B,2021-06-17,38.7,38.5,0.203
00863B,2021-06-17,38.96,38.62,0.343
00872B,2021-06-17,37.1,36.98,0.12
00883B,2021-06-17,38.66,38.28,0.383
2330,2021-06-17,605.0,602.5,2.5
4171,2021-06-17,133.5,131.44,2.057841
4961,2021-06-17,320.0,317.49,2.500294
5522,2021-06-17,57.7,54.2,3.5
9911,2021-06-17,72.5,69.3,3.2
2404,2021-06-18,237.5,220.5,17.0
2832,2021-06-18,21.7,20.6,1.1
2926,2021-06-18,61.4,60.56,0.84
3679,2021-06-18,144.0,134.0,10.0
5274,2021-06-18,2190.0,2164.0,26.0
5520,2021-06-18,54.1,50.55,3.55
6269,2021-06-18,122.5,117.38,5.116621
6672,2021-06-18,149.5,146.3,3.2
9944,2021-06-18,21.8,21.4,0.4
00831B,2021-06-21,36.34,36.23,0.11
00832B,2021-06-21,41.56,41.34,0.22
00836B,2021-06-21,39.95,39.62,0.334
00838B,2021-06-21,38.87,38.17,0.7
00856B,2021-06-21,36.29,36.17,0.117
00857B,2021-06-21,36.2,35.98,0.218
00880B,2021-06-21,37.03,36.58,0.45
6275,2021-06-21,31.85,30.35,1.5
00710B,2021-06-22,18.52,18.28,0.24
00711B,2021-06-22,20.6,20.42,0.18
00712,2021-06-22,14.63,14.41,0.218
00853B,2021-06-22,36.58,36.38,0.2
2312,2021-06-22,13.0,12.7,0.291261
8422,2021-06-22,173.5,163.5,10.0
8924,2021-06-22,157.5,152.5,5.0
2360,2021-06-23,193.0,188.5,4.499605
2450,2021-06-23,34.0,32.5,1.5
2916,2021-06-23,22.9,21.4,1.5
6288,2021-06-23,28.2,27.5,0.7
8027,2021-06-23,68.0,67.8,0.200854
1615,2021-06-24,41.0,39.8,1.2
1760,2021-06-24,108.5,107.8,0.7
2340,2021-06-24,26.45,25.05,1.392711
2409,2021-06-24,24.2,23.9,0.3
2480,2021-06-24,71.5,67.2,4.3
3402,2021-06-24,43.2,40.5,2.7
5201,2021-06-24,34.25,31.45,2.8
6179,2021-06-24,33.45,31.57,1.879701
6515,2021-06-24,279.0,266.01,12.983501
1598,2021-06-25,105.0,97.53,7.468379
2006,2021-06-25,47.95,46.45,1.5
3363,2021-06-25,26.55,25.55,1.0
3557,2021-06-25,86.5,85.45,1.046072
4564,2021-06-25,48.1,46.8,1.3
4976,2021-06-25,84.3,80.9,3.399351
8477,2021-06-25,38.25,36.31,1.935714
1215,2021-06-28,86.0,81.5,4.5
1319,2021-06-28,35.55,34.75,0.8
2359,2021-06-28,17.7,17.2,0.5
3479,2021-06-28,53.5,50.92,2.584353
3583,2021-06-28,65.1,63.25,1.85
3707,2021-06-28,85.0,84.6,0.395707
4116,2021-06-28,33.5,32.5,1.0
6282,2021-06-28,27.7,26.5,1.2
6613,2021-06-28,144.0,136.0,8.0
1437,2021-06-29,25.65,24.95,0.7
2301,2021-06-29,63.7,60.3,3.4
2506,2021-06-29,10.7,10.3,0.4
3015,2021-06-29,48.2,45.2,3.0
3666,2021-06-29,41.3,39.3,2.0
5102,2021-06-29,19.0,18.3,0.7
5215,2021-06-29,127.0,119.0,8.0
6197,2021-06-29,41.0,38.1,2.9
6241,2021-06-29,20.5,19.17,1.334627
8213,2021-06-29,50.9,47.4,3.5
2353,2021-06-30,30.7,29.2,1.5
3515,2021-06-30,205.0,197.0,8.0
3570,2021-06-30,79.9,74.7,5.2
4938,2021-06-30,73.7,69.21,4.488777
4958,2021-06-30,108.5,104.0,4.5
8409,2021-06-30,18.2,17.74,0.4625
1315,2021-07-01,76.9,72.9,4.0
1909,2021-07-01,29.1,28.5,0.6
3021,2021-07-01,20.95,20.25,0.7
3357,2021-07-01,153.0,148.9,4.1
3528,2021-07-01,50.0,47.1,2.9
3703,2021-07-01,27.3,25.9,1.4
4999,2021-07-01,50.6,47.6,3.0
5315,2021-07-01,19.25,18.43,0.820828
6698,2021-07-01,42.2,41.7,0.5
8097,2021-07-01,34.4,30.8,3.599289
8942,2021-07-01,73.2,70.2,3.0
3031,2021-07-02,19.55,18.75,0.8
6170,2021-07-02,39.25,37.85,1.4
2451,2021-07-05,73.3,70.25,3.05
2867,2021-07-05,9.28,9.23,0.048405
2908,2021-07-05,26.3,25.23,1.07
3092,2021-07-05,67.6,66.22,1.376447
5493,2021-07-05,42.6,40.6,2.0
5536,2021-07-05,199.5,187.5,12.0
6477,2021-07-05,48.55,47.41,1.138177
8083,2021-07-05,194.5,184.5,10.0
8341,2021-07-05,212.0,203.8,8.2
8454,2021-07-05,2005.0,1534.61,470.384616
8481,2021-07-05,89.8,82.8,7.0
1612,2021-07-06,27.2,26.0,1.2
2454,2021-07-06,957.0,920.0,37.0
2641,2021-07-06,33.3,32.29,1.011472
3617,2021-07-06,87.2,81.8,5.4
3680,2021-07-06,274.5,271.0,3.5
3687,2021-07-06,135.5,134.9,0.597847
4148,2021-07-06,34.95,33.95,1.0
4735,2021-07-06,76.7,75.2,1.5
8255,2021-07-06,201.0,198.7,2.300654
1795,2021-07-07,107.0,106.65,0.35
2459,2021-07-07,57.5,54.2,3.3
3105,2021-07-07,376.0,366.0,10.0
3303,2021-07-07,23.0,21.6,1.4
5356,2021-07-07,30.95,28.75,2.2
8929,2021-07-07,23.2,22.7,0.5
910861,2021-07-07,9.04,8.86,0.1785
1614,2021-07-08,34.4,33.45,0.949277
1725,2021-07-08,21.9,20.94,0.96
1906,2021-07-08,23.35,22.95,0.4
2313,2021-07-08,42.3,40.8,1.5
2376,2021-07-08,113.0,108.0,5.0
2395,2021-07-08,347.0,339.9,7.092796
2493,2021-07-08,39.65,37.15,2.5
2612,2021-07-08,74.5,72.9,1.6
3028,2021-07-08,30.0,28.09,1.900153
3665,2021-07-08,272.0,263.97,8.024863
4190,2021-07-08,77.9,75.9,2.0
4912,2021-07-08,182.5,178.5,3.99531
5511,2021-07-08,31.2,29.2,2.0
6126,2021-07-08,25.55,24.15,1.4
6457,2021-07-08,162.0,155.68,6.323943
6732,2021-07-08,693.0,670.5,22.5
6754,2021-07-08,47.5,44.7,2.8
8182,2021-07-08,52.2,50.7,1.5
9939,2021-07-08,77.2,73.6,3.6
1323,2021-07-09,35.9,34.3,1.6
2010,2021-07-09,33.8,33.2,0.6
2207,2021-07-09,602.0,585.0,17.0
2885,2021-07-09,27.15,25.95,1.2
3444,2021-07-09,38.95,37.15,1.8
8109,2021-07-09,73.3,72.3,1.003484
1532,2021-07-12,33.2,32.17,1.03
1568,2021-07-12,28.5,28.2,0.3
2535,2021-07-12,34.8,32.29,2.508269
2732,2021-07-12,119.5,116.52,2.984096
4155,2021-07-12,25.95,24.56,1.38886
6223,2021-07-12,131.0,126.53,4.470064
6438,2021-07-12,114.5,110.35,4.144609
6615,2021-07-12,50.6,49.2,1.4
9188,2021-07-12,3.28,3.15,0.12621
1236,2021-07-13,15.7,15.5,0.2
2344,2021-07-13,35.0,34.8,0.2
3016,2021-07-13,82.5,82.25,0.249557
3044,2021-07-13,137.5,130.15,7.35
6496,2021-07-13,29.1,28.1,1.0
2029,2021-07-14,51.6,51.1,0.5
3038,2021-07-14,22.3,21.1,1.2
4961,2021-07-14,290.0,286.24,3.759623
9904,2021-07-14,38.15,37.65,0.5
1325,2021-07-15,89.1,77.1,12.0
1410,2021-07-15,34.0,33.1,0.9
1529,2021-07-15,18.65,16.51,2.132738
2356,2021-07-15,27.15,25.3,1.85
2426,2021-07-15,27.4,26.65,0.75
3227,2021-07-15,208.5,200.02,8.483135
4741,2021-07-15,24.8,24.2,0.6
5523,2021-07-15,29.75,29.25,0.5
6023,2021-07-15,51.8,49.0,2.8
6214,2021-07-15,89.9,84.9,5.0
6488,2021-07-15,915.0,905.0,10.0
6506,2021-07-15,17.65,16.85,0.8
6762,2021-07-15,300.5,281.25,19.250008
8016,2021-07-15,300.0,292.5,7.5
8349,2021-07-15,67.4,65.32,2.078214
8349A,2021-07-15,46.4,44.75,1.645629
8463,2021-07-15,38.8,38.03,0.77
8467,2021-07-15,39.0,38.5,0.5
006208,2021-07-16,81.25,80.93,0.314
00687B,2021-07-16,43.84,43.6,0.24
00692,2021-07-16,36.46,36.28,0.172
00694B,2021-07-16,37.36,37.25,0.111
00695B,2021-07-16,37.48,37.36,0.122
00696B,2021-07-16,43.65,43.4,0.248
00702,2021-07-16,20.33,20.05,0.28
00714,2021-07-16,22.59,22.2,0.382
00717,2021-07-16,17.15,16.98,0.163
00719B,2021-07-16,30.14,30.11,0.03
00720B,2021-07-16,44.92,44.51,0.41
00722B,2021-07-16,48.16,47.76,0.396
00723B,2021-07-16,43.45,43.13,0.322
00724B,2021-07-16,42.78,42.41,0.366
00725B,2021-07-16,45.2,44.79,0.41
00726B,2021-07-16,42.52,42.13,0.39
00727B,2021-07-16,38.74,38.31,0.43
00735,2021-07-16,34.56,34.35,0.21
00736,2021-07-16,23.62,23.47,0.15
00740B,2021-07-16,48.56,48.14,0.419
00741B,2021-07-16,37.9,37.48,0.417
00744B,2021-07-16,42.19,41.46,0.73
00746B,2021-07-16,44.95,44.59,0.36
00749B,2021-07-16,43.54,43.13,0.41
00750B,2021-07-16,44.48,44.13,0.35
00761B,2021-07-16,46.67,46.32,0.35
00772B,2021-07-16,44.96,44.84,0.125
00773B,2021-07-16,45.69,45.57,0.121
00782B,2021-07-16,43.15,42.81,0.34
00784B,2021-07-16,37.62,37.33,0.293
00785B,2021-07-16,43.66,43.29,0.372
00788B,2021-07-16,41.48,41.13,0.35
00848B,2021-07-16,38.18,37.84,0.341
00849B,2021-07-16,36.7,36.43,0.267
00870B,2021-07-16,38.45,38.09,0.36
00882,2021-07-16,15.59,14.91,0.68
00884B,2021-07-16,39.35,38.89,0.464
2496,2021-07-16,58.8,54.27,4.520428
3029,2021-07-16,49.8,46.79,3.000667
3171,2021-07-16,25.45,23.6,1.85
3211,2021-07-16,116.5,110.0,6.5
3529,2021-07-16,1475.0,1466.0,8.999
5388,2021-07-16,69.2,66.6,2.599999
5878,2021-07-16,49.8,46.6,3.2
6612,2021-07-16,62.2,62.1,0.1
6679,2021-07-16,379.0,374.01,4.994495
6751,2021-07-16,64.4,62.3,2.1
8086,2021-07-16,186.0,183.2,2.8
8941,2021-07-16,39.2,36.7,2.5
1414,2021-07-19,16.65,16.4,0.246
1416,2021-07-19,11.0,10.5,0.5
1802,2021-07-19,46.0,45.5,0.5
2637,2021-07-19,88.0,86.5,1.5
3581,2021-07-19,26.75,25.85,0.9
4711,2021-07-19,18.65,17.85,0.8
4745,2021-07-19,28.25,27.05,1.2
4927,2021-07-19,63.6,60.6,3.0
6184,2021-07-19,46.5,43.5,3.0
6213,2021-07-19,160.0,151.73,8.264073
6292,2021-07-19,42.0,39.3,2.7
6591,2021-07-19,63.8,61.07,2.727855
6640,2021-07-19,127.5,124.5,3.0
6655,2021-07-19,77.1,69.1,8.0
6776,2021-07-19,44.4,42.4,2.0
8464,2021-07-19,429.0,419.0,10.0
8482,2021-07-19,79.4,74.6,4.8
00734B,2021-07-20,19.93,19.75,0.18
00789B,2021-07-20,66.95,66.51,0.44
00790B,2021-07-20,65.1,64.61,0.495
00791B,2021-07-20,56.55,55.99,0.559
00842B,2021-07-20,41.75,41.43,0.32
00843B,2021-07-20,39.72,39.13,0.59
00858,2021-07-20,27.97,27.75,0.222
00869B,2021-07-20,37.72,37.35,0.37
1341,2021-07-20,86.3,79.89,6.402778
2032,2021-07-20,41.3,40.77,0.53
2308,2021-07-20,308.0,302.5,5.5
2362,2021-07-20,30.0,29.4,0.6
2392,2021-07-20,45.0,42.5,2.5
2597,2021-07-20,171.5,165.0,6.5
3388,2021-07-20,79.6,75.3,4.3
3537,2021-07-20,39.2,36.7,2.5
3563,2021-07-20,262.5,253.5,9.0
3669,2021-07-20,82.6,77.6,5.0
4528,2021-07-20,47.45,45.65,1.8
4739,2021-07-20,124.0,122.8,1.2
6415,2021-07-20,3990.0,3979.53,10.46497
6532,2021-07-20,45.2,43.2,2.0
8435,2021-07-20,58.5,55.0,3.5
0050,2021-07-21,137.2,136.85,0.35
006203,2021-07-21,65.7,65.51,0.19
00834B,2021-07-21,43.47,43.07,0.4
2421,2021-07-21,46.5,44.1,2.4
2605,2021-07-21,41.35,40.85,0.5
2939,2021-07-21,34.55,32.55,2.0
3231,2021-07-21,31.2,29.0,2.2
3548,2021-07-21,75.1,72.6,2.5
4183,2021-07-21,20.65,19.45,1.2
4755,2021-07-21,64.8,61.8,3.0
5212,2021-07-21,58.1,55.25,2.85
5234,2021-07-21,92.7,87.7,5.0
6147,2021-07-21,74.3,70.5,3.8
6281,2021-07-21,85.3,80.3,5.0
8044,2021-07-21,147.5,146.19,1.313663
8466,2021-07-21,57.3,54.3,3.0
9924,2021-07-21,45.8,43.2,2.6
1310,2021-07-22,20.0,19.5,0.5
1507,2021-07-22,62.1,60.2,1.9
1591,2021-07-22,16.55,16.05,0.5
1762,2021-07-22,63.0,61.5,1.5
1796,2021-07-22,33.85,33.77,0.083061
2204,2021-07-22,71.0,64.0,7.0
2303,2021-07-22,50.8,49.2,1.599888
2317,2021-07-22,112.5,108.5,4.0
2352,2021-07-22,30.35,28.85,1.5
2354,2021-07-22,63.0,61.2,1.8
2397,2021-07-22,67.2,64.2,3.0
2423,2021-07-22,25.35,24.15,1.2
2458,2021-07-22,193.0,184.0,9.0
2906,2021-07-22,15.8,15.5,0.3
3026,2021-07-22,139.5,131.5,8.0
3030,2021-07-22,59.0,55.7,3.3
3416,2021-07-22,78.0,74.0,3.999558
3564,2021-07-22,23.75,23.15,0.6
4133,2021-07-22,55.8,55.2,0.6
4163,2021-07-22,88.2,84.7,3.5
4433,2021-07-22,37.45,35.45,2.0
5483,2021-07-22,213.0,207.5,5.5
6206,2021-07-22,69.6,65.6,4.0
6277,2021-07-22,85.2,82.2,3.0
6435,2021-07-22,143.0,138.0,5.0
6451,2021-07-22,114.0,109.9,4.096334
6469,2021-07-22,219.0,218.01,0.990178
8215,2021-07-22,32.25,31.55,0.7
8443,2021-07-22,11.4,11.25,0.15
1595,2021-07-23,36.25,35.75,0.5
1701,2021-07-23,25.15,24.15,1.0
2387,2021-07-23,57.5,55.5,2.0
2417,2021-07-23,39.2,37.2,2.0
2436,2021-07-23,91.0,89.4,1.6
2616,2021-07-23,38.3,36.1,2.2
3147,2021-07-23,56.1,54.0,2.1
3530,2021-07-23,222.0,219.2,2.799818
3709,2021-07-23,29.9,26.93,2.966082
4306,2021-07-23,19.0,18.4,0.597315
4721,2021-07-23,92.8,91.41,1.39
4904,2021-07-23,65.1,61.85,3.25
6176,2021-07-23,124.5,116.5,8.0
6505,2021-07-23,100.5,99.91,0.59
6530,2021-07-23,19.95,18.95,1.0
6669,2021-07-23,976.0,944.0,32.0
1227,2021-07-26,54.7,52.2,2.5
2382,2021-07-26,89.4,84.2,5.2
2504,2021-07-26,25.5,24.0,1.5
2881,2021-07-26,85.0,82.0,3.0
2881A,2021-07-26,63.0,60.54,2.46
2881B,2021-07-26,63.2,61.04,2.16
2882,2021-07-26,60.3,57.8,2.5
2882A,2021-07-26,62.5,60.22,2.28
2882B,2021-07-26,63.2,61.07,2.13
2897,2021-07-26,7.27,7.07,0.2
2897A,2021-07-26,10.25,9.82,0.425
3033,2021-07-26,24.65,23.31,1.333412
3118,2021-07-26,31.75,30.15,1.6
3673,2021-07-26,44.8,43.8,1.0
4737,2021-07-26,69.9,67.83,2.062376
4767,2021-07-26,30.75,29.55,1.2
5465,2021-07-26,17.8,16.65,1.15
6128,2021-07-26,25.8,24.8,1.0
6494,2021-07-26,156.5,153.0,3.5
6514,2021-07-26,48.4,44.9,3.5
6556,2021-07-26,47.5,45.5,2.0
6579,2021-07-26,70.2,67.2,3.0
6667,2021-07-26,72.4,70.74,1.66
8069,2021-07-26,87.2,84.51,2.685695
9945,2021-07-26,66.4,65.4,1.0
1304,2021-07-27,34.25,33.25,1.0
1326,2021-07-27,83.2,80.7,2.5
1717,2021-07-27,40.5,39.0,1.5
1810,2021-07-27,11.95,11.75,0.2
2338,2021-07-27,111.5,110.0,1.5
2617,2021-07-27,48.0,47.1,0.9
2723,2021-07-27,157.5,153.5,4.0
2889,2021-07-27,17.45,16.8,0.65
3035,2021-07-27,121.5,120.5,1.0
3230,2021-07-27,17.5,17.08,0.42247
3356,2021-07-27,41.6,40.59,1.000869
3481,2021-07-27,19.55,19.15,0.398838
3491,2021-07-27,68.7,66.2,2.5
3567,2021-07-27,36.85,34.85,2.0
5443,2021-07-27,42.8,41.8,1.0
6020,2021-07-27,22.2,21.48,0.722524
6212,2021-07-27,59.8,56.8,3.0
6227,2021-07-27,31.2,29.7,1.5
6642,2021-07-27,111.5,109.7,1.8
6664,2021-07-27,73.8,69.5,4.3
6680,2021-07-27,54.2,52.2,2.0
8437,2021-07-27,179.0,176.0,3.0
9917,2021-07-27,97.4,92.4,5.0
1303,2021-07-28,86.0,83.6,2.4
1560,2021-07-28,69.4,66.6,2.798338
2486,2021-07-28,55.5,54.37,1.126337
2640,2021-07-28,85.8,81.9,3.9
2850,2021-07-28,43.1,41.15,1.95
2903,2021-07-28,23.8,22.7,1.1
3310,2021-07-28,29.4,27.9,1.49895
3597,2021-07-28,29.65,27.79,1.86052
3689,2021-07-28,30.1,28.8,1.3
4164,2021-07-28,37.05,35.04,2.006608
4551,2021-07-28,177.5,173.5,4.0
5015,2021-07-28,35.15,33.25,1.9
5213,2021-07-28,23.0,21.0,1.995597
5245,2021-07-28,44.85,43.85,1.0
5876,2021-07-28,44.8,43.1,1.7
6173,2021-07-28,73.4,71.39,2.009346
6703,2021-07-28,105.0,97.75,7.25
8054,2021-07-28,67.2,66.7,0.5
8072,2021-07-28,25.55,25.35,0.2
8383,2021-07-28,42.0,39.5,2.5
8420,2021-07-28,33.2,32.4,0.8
8938,2021-07-28,78.5,75.8,2.7
1460,2021-07-29,12.15,11.22,0.928534
1470,2021-07-29,16.2,15.78,0.42
1540,2021-07-29,16.6,16.1,0.5
1720,2021-07-29,39.8,38.0,1.8
2332,2021-07-29,19.35,19.05,0.3
2402,2021-07-29,19.35,18.85,0.5
2478,2021-07-29,71.2,68.2,3.0
2606,2021-07-29,62.3,61.1,1.2
2888,2021-07-29,9.67,9.19,0.474866
2888A,2021-07-29,42.35,40.58,1.765755
2888B,2021-07-29,40.8,40.14,0.655755
3094,2021-07-29,35.3,34.5,0.8
3131,2021-07-29,407.0,396.0,11.0
3265,2021-07-29,29.75,28.52,1.229384
3323,2021-07-29,49.25,46.75,2.5
3354,2021-07-29,16.3,16.0,0.3
3406,2021-07-29,528.0,518.0,9.9907
3532,2021-07-29,189.5,187.35,2.15
4104,2021-07-29,58.8,55.3,3.5
4137,2021-07-29,211.5,203.0,8.5
4207,2021-07-29,13.95,13.3,0.65
4305,2021-07-29,33.3,31.5,1.8
4566,2021-07-29,48.1,46.91,1.187485
4722,2021-07-29,38.65,36.65,2.0
4971,2021-07-29,56.7,55.7,1.00005
4974,2021-07-29,59.2,55.7,3.5
5306,2021-07-29,239.0,231.8,7.2
6112,2021-07-29,42.25,39.75,2.5
6195,2021-07-29,56.1,52.16,3.938253
6558,2021-07-29,39.05,38.75,0.3
8155,2021-07-29,122.0,115.0,7.0
9931,2021-07-29,39.2,37.9,1.3
1301,2021-07-30,102.0,99.6,2.4
1402,2021-07-30,31.15,29.8,1.35
1519,2021-07-30,44.55,43.25,1.3
2348,2021-07-30,106.5,90.45,16.045455
3147,2021-07-30,61.0,59.21,1.794591
3217,2021-07-30,110.5,104.9,5.6
3257,2021-07-30,92.0,80.9,11.090909
3376,2021-07-30,117.5,110.51,6.983307
5371,2021-07-30,60.8,56.8,4.0
6005,2021-07-30,17.2,16.1,1.1
6217,2021-07-30,41.9,40.85,1.049269
6239,2021-07-30,115.0,110.0,5.0
6285,2021-07-30,76.0,73.49,2.501226
6462,2021-07-30,164.0,149.0,15.0
8050,2021-07-30,40.8,38.97,1.831977
8271,2021-07-30,48.6,46.58,2.02
8404,2021-07-30,41.85,40.85,1.0
1231,2021-08-02,75.1,73.5,1.6
1436,2021-08-02,40.9,38.9,2.0
1605,2021-08-02,28.5,27.6,0.9
1707,2021-08-02,170.5,164.1,6.4
1784,2021-08-02,45.4,45.22,0.184714
1788,2021-08-02,140.0,133.23,6.770779
2327,2021-08-02,560.0,549.91,10.081314
2357,2021-08-02,351.0,325.0,26.0
2365,2021-08-02,11.85,11.54,0.304062
2373,2021-08-02,93.8,87.8,6.0
2851,2021-08-02,30.05,28.75,1.3
3036,2021-08-02,62.1,58.89,3.202701
3036A,2021-08-02,48.35,47.92,0.426229
3213,2021-08-02,62.8,58.3,4.5
3221,2021-08-02,36.05,35.85,0.200274
3338,2021-08-02,50.3,48.5,1.799098
3438,2021-08-02,97.6,96.1,1.5
3501,2021-08-02,50.8,48.3,2.5
3543,2021-08-02,28.7,27.5,1.2
3684,2021-08-02,38.4,36.9,1.5
4138,2021-08-02,54.1,50.6,3.5
4173,2021-08-02,21.6,21.04,0.560236
4538,2021-08-02,19.85,19.05,0.8
4545,2021-08-02,28.0,27.45,0.55
5299,2021-08-02,242.0,235.5,6.496775
5706,2021-08-02,43.5,43.2,0.3
6138,2021-08-02,179.0,173.8,5.200993
6161,2021-08-02,28.5,26.9,1.6
6188,2021-08-02,37.85,36.85,1.0
6271,2021-08-02,244.0,238.5,5.5
6411,2021-08-02,149.0,143.97,5.0271
8416,2021-08-02,126.5,119.5,7.0
9919,2021-08-02,33.85,30.85,3.0
1109,2021-08-03,25.25,23.75,1.5
1338,2021-08-03,67.1,63.6,3.5
1434,2021-08-03,32.4,31.4,1.0
1593,2021-08-03,112.0,108.42,3.58392
1731,2021-08-03,19.9,18.9,1.0
2201,2021-08-03,40.3,39.3,1.0
2467,2021-08-03,58.8,55.17,3.620933
2476,2021-08-03,57.3,56.1,1.2
2820,2021-08-03,17.0,16.13,0.87
2849,2021-08-03,16.8,16.07,0.73
2915,2021-08-03,98.0,96.0,2.0
3058,2021-08-03,17.6,17.45,0.15
3088,2021-08-03,54.6,52.03,2.570134
3541,2021-08-03,51.8,49.78,2.015546
4933,2021-08-03,40.15,37.96,2.187501
5285,2021-08-03,115.5,113.08,2.411562
5538,2021-08-03,47.9,44.6,3.29472
6115,2021-08-03,45.15,42.35,2.8
6151,2021-08-03,40.5,38.7,1.8
6248,2021-08-03,25.15,22.33,2.823361
6668,2021-08-03,65.5,63.52,1.979133
6747,2021-08-03,264.0,258.63,5.374344
8131,2021-08-03,41.9,39.6,2.3
8921,2021-08-03,16.85,16.43,0.418
9910,2021-08-03,234.0,230.3,3.7
9938,2021-08-03,89.7,86.7,3.0
1536,2021-08-04,97.7,96.6,1.1
1618,2021-08-04,15.75,15.45,0.3
2062,2021-08-04,32.0,30.79,1.201886
2069,2021-08-04,41.3,40.75,0.55
2415,2021-08-04,49.35,48.85,0.5
3006,2021-08-04,185.5,183.5,2.0
3019,2021-08-04,88.0,87.0,1.0
3490,2021-08-04,28.5,27.8,0.7
4557,2021-08-04,67.0,63.5,3.5
4906,2021-08-04,32.85,30.89,1.95568
5903,2021-08-04,271.5,264.0,7.5
6179,2021-08-04,30.25,29.97,0.277946
6201,2021-08-04,49.3,46.3,3.0
6290,2021-08-04,65.5,62.0,3.5
6294,2021-08-04,156.0,140.0,16.000003
6641,2021-08-04,68.8,64.3,4.5
6716,2021-08-04,265.0,237.27,27.727273
8046,2021-08-04,405.5,402.1,3.4
9926,2021-08-04,48.35,46.55,1.8
1102,2021-08-05,51.9,48.43,3.462837
1256,2021-08-05,497.5,485.5,12.0
1417,2021-08-05,15.0,14.7,0.3
1419,2021-08-05,41.15,40.15,1.0
1440,2021-08-05,24.75,24.4,0.35
1452,2021-08-05,26.05,25.35,0.7
1721,2021-08-05,10.1,9.6,0.5
2070,2021-08-05,27.7,26.7,1.0
2227,2021-08-05,276.5,257.97,18.53
2250,2021-08-05,168.0,165.0,3.0
2368,2021-08-05,72.9,71.4,1.5
2408,2021-08-05,75.5,74.2,1.296602
2456,2021-08-05,107.0,105.0,1.995452
2481,2021-08-05,113.0,111.5,1.5
2537,2021-08-05,10.05,9.65,0.4
2608,2021-08-05,56.2,54.52,1.68
2643,2021-08-05,91.0,87.0,4.0
3062,2021-08-05,19.6,19.45,0.15
3712,2021-08-05,36.75,35.75,1.0
4716,2021-08-05,15.1,14.86,0.244869
4766,2021-08-05,152.5,145.5,7.0
5289,2021-08-05,244.0,237.3,6.695603
5353,2021-08-05,17.75,16.9,0.85
5871,2021-08-05,236.0,220.0,15.999998
5871A,2021-08-05,100.5,99.29,1.207671
6190,2021-08-05,26.6,25.59,1.007734
6210,2021-08-05,43.3,40.3,3.0
6251,2021-08-05,23.0,22.6,0.4
6263,2021-08-05,67.8,63.8,4.0
6284,2021-08-05,68.1,67.1,1.0
6417,2021-08-05,75.0,73.7,1.3
6509,2021-08-05,54.3,53.3,1.0
6570,2021-08-05,31.75,30.75,1.0
8081,2021-08-05,279.5,270.0,9.5
8249,2021-08-05,29.05,27.75,1.3
8367,2021-08-05,65.7,64.2,1.5
9914,2021-08-05,339.0,332.0,7.0
1760,2021-08-06,84.3,82.79,1.501067
2433,2021-08-06,54.6,51.0,3.6
2462,2021-08-06,29.1,28.3,0.8
2534,2021-08-06,20.75,19.75,1.0
3040,2021-08-06,51.5,45.8,5.7
5474,2021-08-06,177.5,169.5,8.0
6203,2021-08-06,104.5,99.5,5.0
6229,2021-08-06,53.0,51.98,1.02
6276,2021-08-06,37.4,34.4,3.0
6405,2021-08-06,32.2,31.6,0.6
8150,2021-08-06,59.2,57.0,2.2
1730,2021-08-09,68.5,64.64,3.86
2027,2021-08-09,51.0,50.2,0.8
2345,2021-08-09,332.5,326.0,6.4956
2520,2021-08-09,43.8,37.63,6.163637
2546,2021-08-09,48.0,44.4,3.6
2838A,2021-08-09,53.5,51.1,2.4
2887E,2021-08-09,53.5,51.12,2.375
2887F,2021-08-09,52.3,50.4,1.9
3090,2021-08-09,56.9,53.8,3.1
3162,2021-08-09,59.3,53.49,5.814774
3260,2021-08-09,117.5,114.32,3.184285
3705,2021-08-09,44.25,42.25,2.0
4754,2021-08-09,41.6,35.43,6.168965
4915,2021-08-09,59.2,56.19,3.000797
4939,2021-08-09,25.45,24.2,1.25
5284,2021-08-09,44.75,42.65,2.1
5403,2021-08-09,73.2,63.82,9.381818
5546,2021-08-09,75.0,69.16,5.83134
6026,2021-08-09,17.85,16.77,1.077268
6150,2021-08-09,157.0,156.5,0.5
6182,2021-08-09,69.3,68.2,1.1
6231,2021-08-09,93.5,90.0,3.5
6577,2021-08-09,68.3,63.3,5.0
6592,2021-08-09,86.8,83.3,3.5
8021,2021-08-09,44.5,42.92,1.58
8042,2021-08-09,50.1,49.4,0.7
8070,2021-08-09,36.3,35.28,1.017321
8374,2021-08-09,35.45,34.85,0.6
8415,2021-08-09,39.4,38.0,1.4
2031,2021-08-10,75.8,73.88,1.919732
2115,2021-08-10,50.2,44.27,5.927272
2206,2021-08-10,28.75,27.44,1.308862
2477,2021-08-10,32.7,31.25,1.45
2883,2021-08-10,14.15,13.6,0.549737
3008,2021-08-10,2820.0,2728.5,91.5
3289,2021-08-10,50.3,49.67,0.63387
3526,2021-08-10,195.0,185.87,9.134004
3708,2021-08-10,99.5,96.0,3.5
4417,2021-08-10,37.75,35.25,2.5
4945,2021-08-10,71.0,69.4,1.600173
6202,2021-08-10,131.5,126.94,4.56
6525,2021-08-10,115.5,111.0,4.5
6594,2021-08-10,54.0,45.51,8.488342
6651,2021-08-10,130.0,127.0,3.0
8299,2021-08-10,496.5,473.5,23.0
8433,2021-08-10,41.85,39.85,2.0
8462,2021-08-10,153.0,141.07,11.921513
1336,2021-08-11,23.8,22.3,1.5
1455,2021-08-11,20.25,19.95,0.3
1615,2021-08-11,37.95,33.88,4.066072
1735,2021-08-11,18.0,17.5,0.5
2509,2021-08-11,20.7,19.2,1.5
2607,2021-08-11,32.75,32.45,0.3
3032,2021-08-11,41.45,38.35,3.1
3702,2021-08-11,55.1,52.0,3.1
3702A,2021-08-11,50.3,48.3,2.0
4535,2021-08-11,34.5,33.8,0.7
4952,2021-08-11,75.7,73.3,2.4
4994,2021-08-11,58.6,55.6,3.0
5230,2021-08-11,29.5,28.9,0.6
5439,2021-08-11,70.5,67.02,3.47875
5471,2021-08-11,106.0,100.3,5.7
5880,2021-08-11,22.15,21.3,0.85
6143,2021-08-11,52.1,50.1,2.0
6781,2021-08-11,781.0,775.7,5.3
8111,2021-08-11,21.75,20.85,0.9
1101,2021-08-12,51.1,47.73,3.368119
1101B,2021-08-12,53.8,52.05,1.75
1264,2021-08-12,340.0,298.18,41.818182
1451,2021-08-12,21.4,20.8,0.6
1537,2021-08-12,151.5,141.5,10.0
1583,2021-08-12,67.4,64.4,3.0
1713,2021-08-12,23.35,22.69,0.66
1809,2021-08-12,13.3,13.1,0.2
2049,2021-08-12,344.0,342.0,2.0
2419,2021-08-12,19.6,18.6,1.0
2886,2021-08-12,33.05,31.47,1.58
2890,2021-08-12,14.2,13.5,0.7
3305,2021-08-12,49.4,48.03,1.364731
3390,2021-08-12,19.2,19.0,0.2
4572,2021-08-12,107.5,102.5,5.0
4916,2021-08-12,23.6,23.1,0.5
4953,2021-08-12,96.0,91.02,4.983872
5203,2021-08-12,77.3,75.03,2.262128
5469,2021-08-12,46.75,44.55,2.2
5904,2021-08-12,581.0,562.3,18.7
6136,2021-08-12,17.95,16.85,1.1
6187,2021-08-12,133.5,130.5,3.0
6220,2021-08-12,24.0,23.0,1.000209
6270,2021-08-12,21.75,20.55,1.2
6582,2021-08-12,246.0,236.0,10.0
6670,2021-08-12,208.5,201.9,6.6
8110,2021-08-12,20.8,20.6,0.2
8114,2021-08-12,76.4,74.9,1.5
8183,2021-08-12,47.95,47.15,0.8
8928,2021-08-12,36.9,35.3,1.6
8931,2021-08-12,30.65,29.25,1.4
1446,2021-08-13,31.1,30.8,0.3
1464,2021-08-13,17.2,16.9,0.3
1476,2021-08-13,567.0,556.0,11.0
1773,2021-08-13,154.5,135.91,18.59
2425,2021-08-13,27.75,27.25,0.5
2455,2021-08-13,126.0,123.41,2.59
2823,2021-08-13,26.9,26.5,0.4
3591,2021-08-13,24.5,24.18,0.31947
3624,2021-08-13,45.3,44.5,0.8
4536,2021-08-13,148.0,143.0,5.0
6121,2021-08-13,352.0,332.9,19.1
6153,2021-08-13,28.3,27.8,0.5
6510,2021-08-13,604.0,592.0,12.0
8039,2021-08-13,52.8,50.3,2.5
8066,2021-08-13,45.1,42.1,3.0
9929,2021-08-13,10.9,10.5,0.4
9942,2021-08-13,96.0,91.8,4.2
1104,2021-08-16,22.65,21.55,1.1
1219,2021-08-16,21.55,20.55,1.0
1516,2021-08-16,20.5,19.39,1.10206
1570,2021-08-16,18.1,17.3,0.8
2301,2021-08-16,61.3,59.3,2.0
2464,2021-08-16,43.2,41.2,2.0
2633,2021-08-16,30.0,28.95,1.05
2891,2021-08-16,22.8,21.75,1.05
2891B,2021-08-16,63.7,61.45,2.25
2891C,2021-08-16,62.3,60.38,1.92
2905,2021-08-16,23.2,22.2,1.0
2923,2021-08-16,26.0,24.8,1.2
3013,2021-08-16,13.0,12.7,0.3
3081,2021-08-16,223.5,218.5,5.0
3114,2021-08-16,37.5,36.3,1.2
3130,2021-08-16,174.0,166.2,7.8
3138,2021-08-16,183.0,181.39,1.603433
3611,2021-08-16,223.0,213.0,10.0
4919,2021-08-16,130.5,129.74,0.758042
5515,2021-08-16,14.1,13.3,0.8
5543,2021-08-16,62.3,62.13,0.173387
5604,2021-08-16,89.5,81.55,7.95
5607,2021-08-16,39.1,37.9,1.2
6016,2021-08-16,15.15,13.93,1.22
6191,2021-08-16,33.95,33.14,0.803115
6257,2021-08-16,65.5,62.63,2.865627
6266,2021-08-16,21.75,20.02,1.725834
6531,2021-08-16,634.0,629.0,4.99946
8089,2021-08-16,27.45,25.46,1.990984
8499,2021-08-16,135.0,127.0,7.998455
00679B,2021-08-17,42.29,42.07,0.22
00701,2021-08-17,24.64,24.39,0.25
00718B,2021-08-17,19.73,19.42,0.315
00721B,2021-08-17,45.18,44.48,0.7
00748B,2021-08-17,41.92,41.15,0.77
00754B,2021-08-17,46.82,46.49,0.329
00755B,2021-08-17,44.8,44.45,0.35
00756B,2021-08-17,45.0,44.59,0.413
00772B,2021-08-17,44.75,44.63,0.125
00773B,2021-08-17,45.66,45.54,0.123
00780B,2021-08-17,41.28,41.07,0.21
00786B,2021-08-17,42.25,41.92,0.335
00794B,2021-08-17,39.84,39.5,0.338
00795B,2021-08-17,42.44,42.18,0.265
00796B,2021-08-17,39.86,39.25,0.612
00799B,2021-08-17,43.1,42.78,0.32
00840B,2021-08-17,40.44,40.17,0.27
00841B,2021-08-17,40.7,40.4,0.3
00845B,2021-08-17,37.22,37.01,0.209
00846B,2021-08-17,37.89,37.59,0.304
00847B,2021-08-17,36.04,35.78,0.258
00860B,2021-08-17,37.26,37.14,0.12
00878,2021-08-17,18.2,17.9,0.3
00881,2021-08-17,17.58,17.04,0.54
00891,2021-08-17,15.52,15.27,0.25
1324,2021-08-17,11.1,10.8,0.3
1582,2021-08-17,75.4,70.4,5.0
1733,2021-08-17,23.9,22.8,1.093693
1904,2021-08-17,39.65,37.85,1.8
2399,2021-08-17,22.25,21.85,0.4
2401,2021-08-17,37.5,36.97,0.5255
2501,2021-08-17,20.0,19.0,1.0
2538,2021-08-17,12.1,11.6,0.5
3034,2021-08-17,506.0,490.4,15.6
3324,2021-08-17,152.0,146.4,5.600042
3325,2021-08-17,23.0,20.5,2.5
3450,2021-08-17,53.6,52.2,1.4
3645,2021-08-17,42.25,40.75,1.499355
4533,2021-08-17,11.35,11.15,0.2
5410,2021-08-17,23.45,21.76,1.692292
5489,2021-08-17,33.6,32.58,1.020327
6244,2021-08-17,28.25,28.05,0.2
6278,2021-08-17,109.5,106.2,3.3
6697,2021-08-17,40.0,38.0,2.0
6768,2021-08-17,68.0,65.0,2.999999
8088,2021-08-17,24.35,23.15,1.2
8255,2021-08-17,200.5,199.8,0.700199
00758B,2021-08-18,62.95,62.44,0.51
00759B,2021-08-18,71.15,70.62,0.53
00760B,2021-08-18,65.65,65.03,0.62
1312,2021-08-18,29.2,29.1,0.1
1312A,2021-08-18,36.3,35.6,0.7
2603,2021-08-18,126.5,124.01,2.486602
3296,2021-08-18,21.0,20.77,0.23
3373,2021-08-18,64.6,54.6,10.0
4102,2021-08-18,19.35,19.25,0.1
8091,2021-08-18,61.5,58.92,2.580434
00775B,2021-08-19,43.13,42.81,0.32
00844B,2021-08-19,40.7,40.38,0.32
00867B,2021-08-19,40.8,40.47,0.335
1521,2021-08-19,43.1,41.8,1.3
1522,2021-08-19,20.15,19.55,0.6
1723,2021-08-19,108.0,105.2,2.8
1783,2021-08-19,65.2,64.46,0.730742
2233,2021-08-19,114.5,110.75,3.744339
2388,2021-08-19,49.05,48.25,0.8
2393,2021-08-19,55.5,53.25,2.25
2449,2021-08-19,45.0,43.0,2.0
2468,2021-08-19,13.1,12.7,0.4
2816,2021-08-19,20.5,19.7,0.8
3049,2021-08-19,12.15,11.76,0.39
3071,2021-08-19,25.0,23.4,1.597374
3189,2021-08-19,172.5,171.49,1.000007
3268,2021-08-19,31.9,31.4,0.5
3512,2021-08-19,33.0,31.0,2.0
5288,2021-08-19,147.5,143.5,4.0
6146,2021-08-19,248.0,230.19,17.809522
6155,2021-08-19,24.9,24.15,0.75
6442,2021-08-19,34.2,33.2,1.0
6568,2021-08-19,242.0,197.06,44.944292
6690,2021-08-19,109.0,103.63,5.37255
6728,2021-08-19,83.7,79.5,4.2
6752,2021-08-19,63.9,61.7,2.2
8472,2021-08-19,60.4,57.9,2.5
8473,2021-08-19,38.85,37.85,1.0
8916,2021-08-19,43.0,40.0,2.998709
8916A,2021-08-19,50.7,48.2,2.5
9925,2021-08-19,39.4,37.4,2.0
9934,2021-08-19,16.4,15.9,0.5
00771,2021-08-20,19.19,19.01,0.18
1231,2021-08-20,73.0,66.36,6.636364
1423,2021-08-20,20.8,19.0,1.8
1558,2021-08-20,159.0,149.5,9.5
2015,2021-08-20,75.0,71.5,3.5
2241,2021-08-20,55.0,54.4,0.5997
3023,2021-08-20,214.0,207.71,6.288125
3042,2021-08-20,111.5,107.7,3.8
3691,2021-08-20,167.0,165.27,1.733807
4111,2021-08-20,22.8,21.8,1.0
4430,2021-08-20,23.95,23.45,0.5
4576,2021-08-20,99.0,98.7,0.3
4942,2021-08-20,50.1,47.6,2.5
5209,2021-08-20,68.8,64.83,3.965525
5223,2021-08-20,54.6,51.19,3.414598
5347,2021-08-20,136.0,132.5,3.5
5474,2021-08-20,140.0,116.67,23.333332
6409,2021-08-20,1295.0,1271.49,23.504301
9933,2021-08-20,37.85,35.85,1.998694
1210,2021-08-23,56.1,51.84,4.25534
1817,2021-08-23,37.25,35.25,2.0
2377,2021-08-23,122.5,116.4,6.1
2471,2021-08-23,24.9,23.4,1.5
2527,2021-08-23,27.0,25.6,1.4
2545,2021-08-23,43.65,39.15,4.5
2727,2021-08-23,130.5,126.13,4.364799
3045,2021-08-23,101.5,97.2,4.29953
3188,2021-08-23,14.2,13.9,0.3
3293,2021-08-23,709.0,667.0,42.0
4119,2021-08-23,92.4,76.58,15.816667
4560,2021-08-23,41.75,40.75,1.0
4966,2021-08-23,1620.0,1607.38,12.619814
5016,2021-08-23,39.7,37.7,2.0
5490,2021-08-23,27.7,25.7,2.000316
5704,2021-08-23,33.0,30.8,2.2
6116,2021-08-23,17.35,16.85,0.5
6182,2021-08-23,62.0,61.45,0.554633
6189,2021-08-23,40.6,37.92,2.671231
6215,2021-08-23,30.7,30.2,0.5
6237,2021-08-23,108.5,107.5,0.999559
6499,2021-08-23,73.8,67.09,6.70909
6578,2021-08-23,18.7,16.82,1.881921
6609,2021-08-23,30.8,30.0,0.8
6643,2021-08-23,309.0,301.0,8.0
6662,2021-08-23,33.1,31.1,2.0
6803,2021-08-23,234.0,223.05,10.948803
8163,2021-08-23,43.4,40.9,2.5
8240,2021-08-23,31.0,29.4,1.6
8926,2021-08-23,37.85,35.95,1.9
9902,2021-08-23,12.3,12.0,0.3
9921,2021-08-23,306.0,298.0,8.0
1220,2021-08-24,16.75,15.75,1.0
1232,2021-08-24,162.0,156.0,6.0
1234,2021-08-24,35.4,33.6,1.8
1752,2021-08-24,37.9,36.3,1.6
2107,2021-08-24,23.95,22.45,1.5
2511,2021-08-24,12.8,12.4,0.4
2536,2021-08-24,21.6,20.4,1.2
3017,2021-08-24,72.4,69.6,2.8
3022,2021-08-24,47.1,45.1,2.0
3024,2021-08-24,12.55,12.45,0.1
3226,2021-08-24,68.0,64.5,3.5
3294,2021-08-24,18.0,17.5,0.5
3317,2021-08-24,77.1,76.1,1.0
3441,2021-08-24,35.4,34.9,0.5
3454,2021-08-24,76.9,74.9,2.0
3546,2021-08-24,91.3,82.49,8.805312
4568,2021-08-24,68.5,64.5,4.0008
5438,2021-08-24,22.25,22.15,0.1
6177,2021-08-24,29.6,29.01,0.580393
6441,2021-08-24,54.5,49.55,4.954545
6486,2021-08-24,77.9,71.9,6.0
6569,2021-08-24,133.0,115.91,17.090908
6605,2021-08-24,56.5,55.1,1.4
8049,2021-08-24,25.0,23.35,1.65
9941,2021-08-24,181.5,153.73,27.760869
9941A,2021-08-24,51.7,49.7,2.0
1709,2021-08-25,20.6,19.4,1.2
1726,2021-08-25,76.0,72.5,3.5
1776,2021-08-25,20.45,19.44,1.000166
2033,2021-08-25,21.7,21.4,0.3
2038,2021-08-25,42.9,42.4,0.5
2065,2021-08-25,53.1,47.47,5.633754
2103,2021-08-25,31.5,31.14,0.36
2412,2021-08-25,115.5,111.19,4.306
2439,2021-08-25,103.5,98.43,5.068069
2495,2021-08-25,15.85,15.55,0.3
2547,2021-08-25,10.95,10.33,0.62
3093,2021-08-25,78.1,73.9,4.2
3413,2021-08-25,215.5,208.51,6.983033
3489,2021-08-25,10.8,10.5,0.3
4506,2021-08-25,63.6,60.6,3.0
4527,2021-08-25,28.45,26.45,2.0
4744,2021-08-25,26.85,25.65,1.2
5013,2021-08-25,35.7,35.2,0.5
5243,2021-08-25,58.6,56.9,1.7
5425,2021-08-25,76.8,75.3,1.5
5452,2021-08-25,22.6,22.0,0.6
5514,2021-08-25,22.45,21.95,0.5
6108,2021-08-25,22.0,21.5,0.5
6183,2021-08-25,51.0,49.19,1.81
6245,2021-08-25,53.1,49.77,3.328278
6279,2021-08-25,121.0,117.0,4.0
6418,2021-08-25,12.65,12.45,0.2
6683,2021-08-25,350.0,344.5,5.5
6715,2021-08-25,116.5,114.0,2.5
8043,2021-08-25,26.45,26.25,0.201961
8147,2021-08-25,50.1,49.6,0.498368
8358,2021-08-25,70.0,68.0,2.0
8410,2021-08-25,34.2,31.7,2.5
8431,2021-08-25,63.0,62.2,0.8
9927,2021-08-25,34.8,33.8,1.0
1108,2021-08-26,12.75,12.05,0.7
1225,2021-08-26,43.95,42.55,1.4
1307,2021-08-26,21.7,21.2,0.5
1321,2021-08-26,34.8,33.8,1.0
1528,2021-08-26,10.75,10.65,0.1
1785,2021-08-26,47.95,46.75,1.2
1789,2021-08-26,24.6,24.1,0.5
2014,2021-08-26,44.1,43.8,0.3
2059,2021-08-26,365.0,358.88,6.12
2106,2021-08-26,33.05,32.05,1.0
2114,2021-08-26,157.5,138.63,18.863636
2383,2021-08-26,234.0,227.0,7.0
2428,2021-08-26,212.5,207.0,5.5
2441,2021-08-26,91.0,87.9,3.1
2596,2021-08-26,23.6,22.4,1.2
2636,2021-08-26,185.0,181.82,3.172696
2855,2021-08-26,26.15,23.7,2.448077
2892,2021-08-26,23.05,21.93,1.119307
3014,2021-08-26,122.0,116.0,6.0
3047,2021-08-26,10.0,9.71,0.28986
3056,2021-08-26,42.2,37.8,4.4
3164,2021-08-26,23.75,23.05,0.699756
3169,2021-08-26,142.5,140.0,2.5
3290,2021-08-26,12.75,12.55,0.2
3312,2021-08-26,23.8,21.63,2.163637
3419,2021-08-26,16.65,16.15,0.5
3426,2021-08-26,39.85,37.85,2.0
3531,2021-08-26,22.55,21.55,1.0
3533,2021-08-26,541.0,525.44,15.557546
3556,2021-08-26,93.3,87.52,5.775728
3605,2021-08-26,54.2,53.5,0.7
3704,2021-08-26,26.1,25.6,0.498544
4139,2021-08-26,52.1,50.5,1.6
4540,2021-08-26,50.2,49.4,0.8
4541,2021-08-26,23.05,22.85,0.2
4550,2021-08-26,24.4,22.72,1.68
4580,2021-08-26,90.3,85.19,5.11
4905,2021-08-26,53.2,52.2,1.0
5269,2021-08-26,1955.0,1930.99,24.000915
5324,2021-08-26,9.59,9.55,0.035781
5457,2021-08-26,79.0,76.9,2.100608
5481,2021-08-26,12.9,12.5,0.4
5530,2021-08-26,47.6,46.4,1.2
6156,2021-08-26,16.2,15.7,0.5
6180,2021-08-26,62.9,58.9,4.0
6205,2021-08-26,31.55,30.05,1.499709
6464,2021-08-26,109.0,101.77,7.229666
6508,2021-08-26,30.75,29.16,1.593031
7402,2021-08-26,42.3,39.62,2.680952
7556,2021-08-26,120.0,114.47,5.533981
8489,2021-08-26,34.15,33.45,0.7
9907,2021-08-26,13.9,13.37,0.53
9908,2021-08-26,33.7,32.6,1.1
9930,2021-08-26,46.35,44.35,2.0
1589,2021-08-27,66.5,65.0,1.5
1708,2021-08-27,37.35,33.44,3.909634
2221,2021-08-27,46.2,45.2,1.0
2230,2021-08-27,15.0,14.8,0.2
2355,2021-08-27,30.65,30.15,0.5
2427,2021-08-27,10.65,10.35,0.3
2453,2021-08-27,24.7,23.2,1.5
2642,2021-08-27,80.8,79.0,1.8
3037,2021-08-27,139.5,138.1,1.392933
3052,2021-08-27,11.9,11.1,0.8
3128,2021-08-27,18.25,17.7,0.55
3339,2021-08-27,20.85,19.98,0.871836
3380,2021-08-27,26.95,25.95,1.0
3609,2021-08-27,45.7,44.2,1.5
4549,2021-08-27,89.6,81.55,8.052365
5478,2021-08-27,101.5,95.5,6.0
5601,2021-08-27,30.2,29.95,0.25
5609,2021-08-27,120.5,111.57,8.925926
6168,2021-08-27,27.75,27.05,0.7
6194,2021-08-27,28.95,27.45,1.5
6216,2021-08-27,26.1,24.61,1.485876
6538,2021-08-27,97.0,90.0,7.0
6552,2021-08-27,63.8,62.3,1.5
6560,2021-08-27,105.5,89.59,15.90852
6588,2021-08-27,42.6,41.1,1.5
8032,2021-08-27,26.05,25.05,1.0
8071,2021-08-27,11.7,11.5,0.2
9105,2021-08-27,4.44,4.42,0.01743
9937,2021-08-27,49.35,47.05,2.3
1268,2021-08-30,132.0,125.0,7.0
1514,2021-08-30,26.3,24.38,1.919048
1565,2021-08-30,349.5,337.5,12.0
1603,2021-08-30,27.25,26.75,0.5
1714,2021-08-30,11.35,10.65,0.7
1722,2021-08-30,57.8,55.5,2.3
2013,2021-08-30,73.4,70.6,2.8
2066,2021-08-30,52.2,50.5,1.7
2105,2021-08-30,38.15,36.95,1.2
2211,2021-08-30,53.5,51.4,2.091574
2316,2021-08-30,29.3,27.8,1.5
2328,2021-08-30,39.7,39.05,0.65
2484,2021-08-30,35.65,34.65,1.0
2492,2021-08-30,189.0,182.98,6.012384
2712,2021-08-30,38.1,37.4,0.7
3078,2021-08-30,46.9,43.75,3.15
3236,2021-08-30,25.55,24.9,0.65
3285,2021-08-30,21.0,20.65,0.35
3455,2021-08-30,62.3,58.3,4.0
3551,2021-08-30,66.2,64.0,2.2
3685,2021-08-30,23.5,23.3,0.2
4121,2021-08-30,23.25,22.12,1.129044
4303,2021-08-30,16.35,16.05,0.3
4401,2021-08-30,38.65,37.65,1.0
4909,2021-08-30,22.8,22.5,0.3
5206,2021-08-30,18.05,16.75,1.3
5398,2021-08-30,19.75,19.5,0.25
5519,2021-08-30,22.5,20.7,1.8
6114,2021-08-30,22.5,21.8,0.7
6230,2021-08-30,175.5,174.14,1.36
6261,2021-08-30,90.5,86.5,4.0
6469,2021-08-30,316.5,244.01,72.48538
6593,2021-08-30,27.6,27.1,0.5
8047,2021-08-30,12.5,12.35,0.15
8406,2021-08-30,209.0,203.0,6.0
1240,2021-08-31,57.2,52.57,4.628571
1315,2021-08-31,65.5,63.5,2.0
1339,2021-08-31,37.9,35.9,2.0
1409,2021-08-31,20.8,19.7,1.1
1525,2021-08-31,65.3,63.1,2.2
1580,2021-08-31,109.5,102.71,6.79
1734,2021-08-31,38.0,37.8,0.2
2002,2021-08-31,37.5,37.2,0.3
2002A,2021-08-31,51.9,50.5,1.4
2363,2021-08-31,27.8,25.0,2.8
2474,2021-08-31,179.0,167.0,12.0
2597,2021-08-31,149.0,108.75,40.240876
2801,2021-08-31,17.0,16.47,0.524753
2812,2021-08-31,12.2,11.44,0.755024
2884,2021-08-31,27.85,25.67,2.178817
3002,2021-08-31,11.75,11.64,0.102
3206,2021-08-31,34.6,31.66,2.942009
3272,2021-08-31,40.5,38.7,1.8
3374,2021-08-31,143.5,141.0,2.5
3492,2021-08-31,21.5,21.22,0.28
3527,2021-08-31,245.5,243.5,2.0
3558,2021-08-31,96.3,92.3,4.0
3653,2021-08-31,315.0,308.99,6.000834
3672,2021-08-31,14.3,14.05,0.25
4107,2021-08-31,106.0,102.0,4.0
4581,2021-08-31,37.6,35.6,2.0
6207,2021-08-31,32.0,30.5,1.5
8103,2021-08-31,42.9,41.5,1.4
8424,2021-08-31,63.0,59.0,4.0
9958,2021-08-31,112.0,109.01,2.983279
1465,2021-09-01,12.95,12.65,0.3
2104,2021-09-01,23.4,23.3,0.1
2375,2021-09-01,101.0,99.0,2.0
2472,2021-09-01,71.8,68.86,2.937721
2640,2021-09-01,74.3,70.76,3.538096
2838,2021-09-01,12.25,11.52,0.727096
3163,2021-09-01,44.25,41.75,2.5
4764,2021-09-01,61.0,56.72,4.271028
5291,2021-09-01,42.35,41.28,1.071217
5312,2021-09-01,63.3,59.3,4.0
6196,2021-09-01,116.0,112.5,3.497403
6209,2021-09-01,30.95,30.51,0.438998
1203,2021-09-02,33.6,32.5,1.1
1305,2021-09-02,39.4,35.8,3.590476
1308,2021-09-02,37.0,35.09,1.901961
1309,2021-09-02,44.95,39.04,5.904546
1454,2021-09-02,10.5,10.3,0.2
1587,2021-09-02,28.65,25.85,2.792858
2017,2021-09-02,26.4,26.1,0.3
2754,2021-09-02,74.9,74.4,0.499367
3010,2021-09-02,89.3,83.23,6.064706
3050,2021-09-02,15.7,15.1,0.6
3224,2021-09-02,43.35,42.78,0.566043
3232,2021-09-02,20.85,20.55,0.3
3306,2021-09-02,27.55,27.05,0.5
3588,2021-09-02,146.5,132.64,13.85367
3622,2021-09-02,29.2,28.2,1.0
4167,2021-09-02,23.8,22.47,1.328434
4542,2021-09-02,25.95,24.95,1.0
4807,2021-09-02,27.6,27.1,0.5
5283,2021-09-02,118.5,114.5,4.0
5386,2021-09-02,47.0,44.48,2.523811
5514,2021-09-02,22.65,21.17,1.481776
6139,2021-09-02,29.95,28.95,1.0
6234,2021-09-02,20.95,20.35,0.6
6242,2021-09-02,44.65,41.85,2.8
6432,2021-09-02,39.55,37.98,1.570315
6561,2021-09-02,285.0,276.2,8.8
8028,2021-09-02,56.4,52.64,3.758491
8905,2021-09-02,22.3,22.0,0.3
8908,2021-09-02,61.8,55.18,6.621429
1445,2021-09-03,11.9,11.7,0.2
1530,2021-09-03,39.2,36.7,2.5
2030,2021-09-03,36.35,35.85,0.5
2461,2021-09-03,23.85,23.31,0.54
2634,2021-09-03,28.9,28.7,0.2
2636,2021-09-03,177.0,173.98,3.015652
3209,2021-09-03,31.4,28.3,3.098113
4706,2021-09-03,19.25,18.45,0.8
6527,2021-09-03,49.75,48.35,1.4
6642,2021-09-03,94.5,89.29,5.213951
6671,2021-09-03,51.9,48.9,3.0
8927,2021-09-03,35.45,34.98,0.467594
1233,2021-09-06,34.9,34.1,0.8
2323,2021-09-06,10.05,9.35,0.7
2881,2021-09-06,84.8,76.33,8.464387
2881A,2021-09-06,61.9,61.23,0.664447
2881B,2021-09-06,62.0,61.33,0.664447
2904,2021-09-06,29.5,27.5,2.0
3511,2021-09-06,45.0,44.5,0.5
3711,2021-09-06,128.5,124.3,4.191499
4129,2021-09-06,30.7,29.86,0.836882
4129A,2021-09-06,48.25,45.91,2.34
4306,2021-09-06,17.55,16.56,0.983403
4439,2021-09-06,147.5,141.0,6.5
4912,2021-09-06,177.0,153.94,23.055563
8279,2021-09-06,90.5,87.0,3.5
1201,2021-09-07,21.0,20.47,0.53
1513,2021-09-07,47.85,45.65,2.2
2027,2021-09-07,49.2,48.11,1.080427
2374,2021-09-07,15.45,14.95,0.490688
2615,2021-09-07,211.0,190.9,20.090908
2887,2021-09-07,19.35,17.97,1.371892
2912,2021-09-07,279.5,270.5,9.0
3048,2021-09-07,37.2,32.09,5.109091
3675,2021-09-07,172.0,170.0,2.0
4554,2021-09-07,26.95,26.81,0.14
5508,2021-09-07,54.9,51.56,3.3406
5521,2021-09-07,10.0,8.97,1.027273
6472,2021-09-07,303.0,241.48,61.524192
6541,2021-09-07,46.65,46.12,0.527773
8432,2021-09-07,40.5,38.7,1.8
9951,2021-09-07,88.0,83.3,4.7
01010T,2021-09-08,10.8,10.62,0.175061
1103,2021-09-08,22.1,20.7,1.395961
2337,2021-09-08,41.5,40.29,1.200109
2379,2021-09-08,546.0,532.0,14.0
2834,2021-09-08,9.82,9.4,0.419614
2836,2021-09-08,11.95,11.31,0.639321
3465,2021-09-08,171.5,167.5,4.0
4161,2021-09-08,26.9,26.6,0.3
5498,2021-09-08,16.55,15.64,0.910314
5880,2021-09-08,22.4,21.96,0.439216
6141,2021-09-08,25.25,24.75,0.5
6416,2021-09-08,99.2,95.55,3.643961
6417,2021-09-08,73.9,71.71,2.189857
1216,2021-09-09,70.9,68.2,2.7
1442,2021-09-09,19.5,19.0,0.5
1463,2021-09-09,13.55,13.25,0.3
1608,2021-09-09,23.5,22.8,0.7
2024,2021-09-09,22.75,22.5,0.25
3152,2021-09-09,363.5,352.7,10.8
3577,2021-09-09,54.5,53.8,0.7
3661,2021-09-09,781.0,774.31,6.689396
3663,2021-09-09,42.5,41.7,0.8
4113,2021-09-09,13.9,13.6,0.3
4555,2021-09-09,53.7,52.2,1.497478
4720,2021-09-09,13.8,13.16,0.638736
5392,2021-09-09,23.85,23.55,0.301784
6158,2021-09-09,32.95,32.45,0.500037
6166,2021-09-09,63.7,62.7,1.0
6616,2021-09-09,24.5,22.5,2.0
8064,2021-09-09,22.2,22.0,0.2
2228,2021-09-10,69.2,68.15,1.05
2247,2021-09-10,228.5,217.5,11.0
2331,2021-09-10,23.4,22.39,1.001466
3144,2021-09-10,39.45,37.85,1.6
4130,2021-09-10,24.35,23.47,0.879412
4532,2021-09-10,19.3,18.6,0.7
4934,2021-09-10,33.05,32.61,0.438889
5220,2021-09-10,40.0,37.0,3.0
5905,2021-09-10,14.7,14.5,0.2
6449,2021-09-10,52.0,50.1,1.9
6485,2021-09-10,144.5,144.01,0.486895
8261,2021-09-10,98.7,97.7,1.0
8390,2021-09-10,38.2,36.6,1.6
8423,2021-09-10,18.8,17.52,1.27619
1467,2021-09-13,15.05,14.35,0.7
2235,2021-09-13,40.75,38.75,2.0
2236,2021-09-13,27.55,25.68,1.866183
2414,2021-09-13,34.75,32.95,1.8
2505,2021-09-13,27.5,26.5,1.0
2852,2021-09-13,13.5,13.15,0.35
3552,2021-09-13,184.0,182.5,1.5
3652,2021-09-13,26.85,26.7,0.153049
4123,2021-09-13,71.6,63.75,7.852463
4162,2021-09-13,59.9,57.37,2.53482
4908,2021-09-13,28.4,27.3,1.1
4943,2021-09-13,64.6,64.49,0.100006
5512,2021-09-13,9.25,8.92,0.33
6125,2021-09-13,26.9,25.4,1.5
6154,2021-09-13,19.25,18.7,0.55
6218,2021-09-13,19.8,18.8,1.0
6641,2021-09-13,60.0,59.17,0.821918
8436,2021-09-13,250.5,241.66,8.841852
1110,2021-09-14,19.8,19.7,0.1
1259,2021-09-14,70.6,67.61,2.989163
1527,2021-09-14,46.7,44.35,2.35
1535,2021-09-14,39.95,38.6,1.35
2009,2021-09-14,55.0,54.2,0.8
2431,2021-09-14,11.75,11.5,0.25
2755,2021-09-14,58.7,56.7,2.0
3055,2021-09-14,27.75,27.55,0.199791
3550,2021-09-14,18.95,18.45,0.5
4105,2021-09-14,79.5,75.5,4.0
4106,2021-09-14,30.1,29.55,0.55
4120,2021-09-14,40.5,39.0,1.5
4142,2021-09-14,54.8,54.3,0.5
5007,2021-09-14,59.4,57.4,2.0
8048,2021-09-14,38.4,35.34,3.060194
8099,2021-09-14,41.4,40.05,1.35
8104,2021-09-14,52.2,49.2,2.994759
8289,2021-09-14,30.9,30.78,0.12
910861,2021-09-14,8.44,8.4,0.03523
9960,2021-09-14,27.3,26.3,1.0
1531,2021-09-15,15.65,15.44,0.201647
1604,2021-09-15,31.15,28.65,2.5
1611,2021-09-15,10.3,10.0,0.3
1626,2021-09-15,24.1,22.6,1.499989
3360,2021-09-15,15.55,14.55,1.0
3545,2021-09-15,176.5,173.26,3.231545
3587,2021-09-15,154.0,149.5,4.5
4935,2021-09-15,83.3,77.8,5.5
5278,2021-09-15,182.0,179.21,2.786229
5287,2021-09-15,263.0,251.0,12.000419
5907,2021-09-15,19.95,18.95,1.0
6516,2021-09-15,123.5,112.15,11.345452
6674,2021-09-15,28.15,27.15,1.0
6743,2021-09-15,89.9,71.78,18.114667
00764B,2021-09-16,44.35,44.13,0.221
00765B,2021-09-16,39.86,39.57,0.292
00772B,2021-09-16,44.87,44.75,0.124
00773B,2021-09-16,45.75,45.64,0.107
00777B,2021-09-16,44.62,44.3,0.32
00778B,2021-09-16,46.36,46.03,0.329
00779B,2021-09-16,44.62,44.37,0.25
00781B,2021-09-16,43.51,43.21,0.3
00792B,2021-09-16,43.61,43.29,0.325
00793B,2021-09-16,43.33,42.68,0.647
00859B,2021-09-16,35.7,35.61,0.09
00862B,2021-09-16,40.59,40.29,0.302
00863B,2021-09-16,40.6,40.26,0.336
00883B,2021-09-16,40.05,39.77,0.283
01009T,2021-09-16,9.08,8.92,0.151651
1503,2021-09-16,51.8,50.2,1.6
1617,2021-09-16,17.95,17.35,0.6
1732,2021-09-16,28.0,27.5,0.5
1777,2021-09-16,73.3,69.3,4.0
2049,2021-09-16,332.5,322.81,9.684467
2330,2021-09-16,607.0,604.25,2.75
2351,2021-09-16,129.5,127.7,1.8
2748,2021-09-16,41.0,40.0,1.0
2880,2021-09-16,21.1,20.29,0.800897
3264,2021-09-16,64.3,62.3,2.000089
3628,2021-09-16,35.3,34.3,1.0
4438,2021-09-16,112.5,109.3,3.2
4736,2021-09-16,205.5,194.08,11.420908
6172,2021-09-16,43.55,43.35,0.2
6504,2021-09-16,136.5,124.5,12.0
6666,2021-09-16,72.0,70.0,2.0
8403,2021-09-16,29.65,27.76,1.888095
8917,2021-09-16,90.0,80.45,9.545455
8923,2021-09-16,16.85,16.0,0.85
9905,2021-09-16,27.7,26.2,1.5
9943,2021-09-16,60.8,56.8,4.0
00697B,2021-09-17,39.58,39.44,0.14
00710B,2021-09-17,18.28,18.04,0.24
00711B,2021-09-17,20.69,20.51,0.18
00712,2021-09-17,14.08,13.89,0.188
00751B,2021-09-17,45.61,45.26,0.35
00787B,2021-09-17,43.78,43.45,0.33
1517,2021-09-17,27.5,27.15,0.35
1599,2021-09-17,41.55,39.51,2.04108
2491,2021-09-17,23.6,23.2,0.4
2845,2021-09-17,11.1,10.57,0.527927
3484,2021-09-17,73.7,70.5,3.2
4987,2021-09-17,61.8,52.0,9.8
5525,2021-09-17,25.3,24.8,0.5
6122,2021-09-17,11.0,10.7,0.3
6426,2021-09-17,60.3,57.8,2.499415
8284,2021-09-17,47.25,44.89,2.35704
8480,2021-09-17,111.5,105.5,6.0
00831B,2021-09-22,36.21,36.12,0.09
00836B,2021-09-22,40.73,40.39,0.339
00856B,2021-09-22,36.1,35.98,0.117
00857B,2021-09-22,36.73,36.5,0.228
1218,2021-09-22,29.45,28.05,1.4
2109,2021-09-22,17.2,16.7,0.5
2488,2021-09-22,29.6,28.1,1.5
2515,2021-09-22,9.08,8.84,0.233
2539,2021-09-22,34.25,29.88,4.368827
2701,2021-09-22,11.9,11.65,0.25
3516,2021-09-22,15.5,15.3,0.2
3540,2021-09-22,55.6,47.38,8.218997
4205,2021-09-22,154.0,138.18,15.818182
4728,2021-09-22,82.9,80.9,2.0
5281,2021-09-22,21.75,20.95,0.8
5487,2021-09-22,37.7,36.61,1.088898
8076,2021-09-22,30.2,29.7,0.5
8096,2021-09-22,13.25,12.79,0.455882
00880B,2021-09-23,36.53,36.14,0.394
1590,2021-09-23,971.0,957.11,13.883375
2707,2021-09-23,142.5,138.11,4.389076
3178,2021-09-23,63.9,62.7,1.2
3483,2021-09-23,75.2,69.06,6.135229
3580,2021-09-23,49.5,48.2,1.3
4114,2021-09-23,25.5,22.48,3.020026
4735,2021-09-23,69.9,67.4,2.5
4763,2021-09-23,104.0,99.21,4.782608
4968,2021-09-23,391.5,276.78,114.714274
5906,2021-09-23,35.5,32.68,2.814815
8107,2021-09-23,18.1,18.03,0.067441
8444,2021-09-23,84.4,84.04,0.358315
9945,2021-09-23,82.3,58.78,23.514286
00853B,2021-09-24,36.82,36.56,0.26
01004T,2021-09-24,15.88,15.68,0.193987
1229,2021-09-24,60.0,54.54,5.454545
1808,2021-09-24,59.8,56.22,3.573614
2239,2021-09-24,66.8,64.95,1.85
2542,2021-09-24,46.8,44.79,2.004708
2734,2021-09-24,21.3,20.12,1.183583
2069,2021-09-27,36.1,35.85,0.24843
4576,2021-09-27,101.5,100.49,1.004951
6727,2021-09-27,74.9,72.4,2.5
2062,2021-09-28,27.3,27.21,0.081509
2439,2021-09-28,93.8,93.19,0.603404
2466,2021-09-28,42.7,41.45,1.240244
4128,2021-09-28,59.6,54.27,5.329525
4931,2021-09-28,20.2,19.31,0.890229
5603,2021-09-28,31.95,30.05,1.901457
5904,2021-09-28,490.0,475.73,14.27184
8234,2021-09-28,23.7,22.9,0.8
1526,2021-09-29,51.6,49.8,1.8
1586,2021-09-29,40.0,38.43,1.569968
2231,2021-09-29,145.5,144.3,1.2
2358,2021-09-29,26.25,26.17,0.074407
3059,2021-09-29,36.15,35.65,0.496728
3646,2021-09-29,27.95,27.03,0.923248
3693,2021-09-29,44.6,43.9,0.7
4552,2021-09-29,29.85,28.74,1.11
4556,2021-09-29,32.0,31.55,0.45
4561,2021-09-29,28.4,27.5,0.9
4907,2021-09-29,25.85,24.65,1.2
4967,2021-09-29,49.55,48.68,0.861545
6190,2021-09-29,24.2,23.98,0.222936
6574,2021-09-29,49.35,47.97,1.38
6668,2021-09-29,51.2,50.19,1.00366
6706,2021-09-29,176.5,172.5,4.0
9946,2021-09-29,16.7,15.61,1.080953
3141,2021-09-30,152.0,151.38,0.623427
3332,2021-09-30,38.0,37.0,1.0
3379,2021-09-30,13.2,12.9,0.3
4912,2021-09-30,163.5,162.63,0.869742
6457,2021-09-30,173.5,170.45,3.045068
8473,2021-09-30,35.85,33.5,2.345328
1473,2021-10-01,17.75,17.55,0.2
2342,2021-10-01,47.25,46.75,0.5
8354,2021-10-01,14.85,14.55,0.3
9918,2021-10-01,46.95,45.35,1.6
1569,2021-10-04,25.95,24.45,1.498487
1736,2021-10-04,64.2,63.08,1.12
1786,2021-10-04,54.3,49.16,5.13857
2915,2021-10-04,124.0,95.38,28.615384
2937,2021-10-04,43.9,38.3,5.604036
5608,2021-10-04,53.0,51.93,1.062967
6414,2021-10-04,185.5,180.5,5.0
2034,2021-10-05,34.2,32.72,1.475017
4175,2021-10-05,80.4,72.79,7.610507
6175,2021-10-05,42.25,41.2,1.050273
1474,2021-10-06,14.9,14.5,0.4
1724,2021-10-06,15.9,15.61,0.289328
2706,2021-10-06,14.2,14.05,0.15
2889,2021-10-06,15.9,15.36,0.537682
3432,2021-10-06,12.75,12.5,0.25
4126,2021-10-06,72.0,67.8,4.2
6186,2021-10-06,29.85,27.24,2.611905
8488,2021-10-06,15.8,15.5,0.3
9935,2021-10-06,19.9,19.02,0.88
4171,2021-10-07,85.5,79.61,5.887798
5534,2021-10-07,79.3,74.3,5.0
1541,2021-10-08,49.1,46.1,3.0
2630,2021-10-08,18.0,17.86,0.13613
3576,2021-10-08,20.4,20.11,0.280116
6752,2021-10-08,60.6,57.17,3.430189
8042,2021-10-08,47.4,46.02,1.380583
2867,2021-10-12,9.33,9.19,0.131168
6603,2021-10-12,16.8,16.67,0.133333
9802,2021-10-12,99.2,97.5,1.7
1609,2021-10-13,25.3,23.96,1.337998
8906,2021-10-13,14.2,14.1,0.1
5522,2021-10-14,62.8,61.8,1.0
6171,2021-10-18,31.0,26.09,4.913044
8478,2021-10-18,77.5,76.47,1.022734
006204,2021-10-19,91.15,85.85,5.3
00687B,2021-10-19,43.0,42.78,0.22
00694B,2021-10-19,37.31,37.23,0.082
00695B,2021-10-19,36.84,36.74,0.102
00696B,2021-10-19,42.93,42.72,0.207
00714,2021-10-19,22.64,22.26,0.376
00717,2021-10-19,17.0,16.86,0.135
00719B,2021-10-19,30.03,30.0,0.03
00720B,2021-10-19,44.33,43.92,0.41
00722B,2021-10-19,47.0,46.61,0.391
00723B,2021-10-19,42.39,42.07,0.319
00724B,2021-10-19,42.08,41.72,0.364
00725B,2021-10-19,44.38,43.99,0.39
00726B,2021-10-19,41.89,41.52,0.37
00727B,2021-10-19,38.46,38.02,0.44
00730,2021-10-19,21.15,20.02,1.127
00733,2021-10-19,40.14,38.05,2.09
00740B,2021-10-19,48.04,47.65,0.391
00741B,2021-10-19,37.48,37.07,0.409
00746B,2021-10-19,44.28,43.96,0.325
00749B,2021-10-19,42.17,41.76,0.41
00750B,2021-10-19,43.45,43.12,0.33
00761B,2021-10-19,45.84,45.51,0.33
00772B,2021-10-19,44.29,44.17,0.124
00773B,2021-10-19,44.77,44.66,0.109
00782B,2021-10-19,42.06,41.74,0.32
00784B,2021-10-19,36.74,36.46,0.281
00785B,2021-10-19,43.12,42.75,0.372
00788B,2021-10-19,40.92,40.59,0.33
00848B,2021-10-19,37.29,36.95,0.338
00849B,2021-10-19,36.55,36.27,0.28
00870B,2021-10-19,37.65,37.27,0.38
00884B,2021-10-19,37.91,37.57,0.337
00888,2021-10-19,15.9,15.47,0.432
2420,2021-10-19,42.95,40.4,2.55
00747B,2021-10-20,51.95,51.14,0.811
00789B,2021-10-20,65.85,65.4,0.45
00790B,2021-10-20,63.5,63.01,0.492
00791B,2021-10-20,56.05,55.51,0.543
1737,2021-10-20,34.3,32.95,1.35
00734B,2021-10-21,19.4,19.22,0.18
00774B,2021-10-21,39.78,39.26,0.52
00774C,2021-10-21,9.26,9.13,0.1202
00834B,2021-10-21,42.36,41.66,0.7
00842B,2021-10-21,40.12,39.8,0.32
00851,2021-10-21,35.83,35.5,0.33
4739,2021-10-21,124.0,122.66,1.330194
0056,2021-10-22,32.4,30.6,1.8
3346,2021-10-22,39.7,39.54,0.152829
6130,2021-10-22,26.8,25.14,1.664002
6535,2021-10-22,32.45,32.28,0.165365
2729,2021-10-25,242.5,228.0,14.49978
2823,2021-10-25,30.05,28.89,1.155769
2540,2021-10-26,90.0,80.9,9.09091
2901,2021-10-26,25.2,25.02,0.175496
1718,2021-10-27,11.0,10.48,0.519231
3594,2021-10-27,21.85,21.55,0.304353
4707,2021-10-27,13.65,12.44,1.207604
6111,2021-10-27,64.5,61.83,2.673077
3259,2021-10-29,32.5,31.79,0.709622
3652,2021-10-29,27.2,24.89,2.311662
01010T,2021-11-01,10.65,10.41,0.2352
6204,2021-11-01,91.9,76.9,15.0
4571,2021-11-02,95.0,93.28,1.711027
5516,2021-11-02,15.6,14.26,1.340741
6523,2021-11-02,90.0,86.0,4.0
6655,2021-11-02,89.6,81.6,8.0
8936,2021-11-02,21.3,21.05,0.25
1438,2021-11-04,33.15,31.14,2.008265
2812,2021-11-04,12.0,11.96,0.037458
5820,2021-11-05,12.95,12.36,0.589112
910322,2021-11-05,27.5,26.54,0.95632
2442,2021-11-08,11.8,11.46,0.333294
2102,2021-11-09,26.9,26.88,0.02
3289,2021-11-09,52.6,51.47,1.126392
6277,2021-11-09,84.2,81.9,2.3
6461,2021-11-09,21.2,21.04,0.155594
6221,2021-11-10,70.5,50.36,20.142857
8476,2021-11-10,68.0,65.45,2.552817
1268,2021-11-11,122.5,119.84,2.664379
4153,2021-11-12,26.15,25.89,0.26
4542,2021-11-15,26.8,26.66,0.136285
006208,2021-11-16,80.9,79.25,1.641
00679B,2021-11-16,41.71,41.49,0.22
00692,2021-11-16,36.75,34.95,1.798
00754B,2021-11-16,46.42,46.11,0.308
00755B,2021-11-16,44.2,43.87,0.328
00756B,2021-11-16,43.92,43.51,0.413
00772B,2021-11-16,44.28,44.16,0.123
00773B,2021-11-16,44.99,44.87,0.116
00780B,2021-11-16,40.11,39.88,0.23
00786B,2021-11-16,41.54,41.21,0.335
00794B,2021-11-16,40.55,40.21,0.342
00795B,2021-11-16,41.79,41.55,0.238
00799B,2021-11-16,42.47,42.17,0.3
00840B,2021-11-16,39.99,39.71,0.28
00841B,2021-11-16,40.35,40.23,0.12
00845B,2021-11-16,36.56,36.24,0.318
00846B,2021-11-16,36.94,36.59,0.348
00847B,2021-11-16,35.68,35.42,0.263
00860B,2021-11-16,36.75,36.62,0.126
00878,2021-11-16,18.85,18.57,0.28
00889B,2021-11-16,40.71,39.96,0.75
00890B,2021-11-16,42.17,42.06,0.11
00891,2021-11-16,16.97,16.67,0.3
00892,2021-11-16,17.05,16.47,0.58
00894,2021-11-16,15.73,15.67,0.06
1777,2021-11-16,71.4,68.55,2.845763
6616,2021-11-16,22.55,21.45,1.100437
00731,2021-11-17,64.75,60.45,4.3
00758B,2021-11-17,62.2,61.69,0.51
00759B,2021-11-17,69.25,68.72,0.53
00760B,2021-11-17,63.8,63.18,0.62
2748,2021-11-17,43.1,41.59,1.508579
00775B,2021-11-18,41.76,41.46,0.3
00844B,2021-11-18,39.4,39.09,0.31
00867B,2021-11-18,39.43,39.16,0.27
4714,2021-11-18,14.85,14.27,0.579194
0051,2021-11-19,62.0,60.25,1.75
0053,2021-11-19,69.95,68.25,1.7
0054,2021-11-19,32.0,31.3,0.7
0055,2021-11-19,25.26,24.51,0.75
006201,2021-11-19,23.49,22.89,0.6
00713,2021-11-19,46.25,43.1,3.15
00771,2021-11-19,19.05,18.86,0.19
00850,2021-11-19,36.3,35.25,1.05
2489,2021-11-19,18.05,17.91,0.14
3605,2021-11-19,49.7,48.83,0.866098
3025,2021-11-22,26.0,25.0,1.0
5543,2021-11-22,69.3,68.34,0.958886
01007T,2021-11-23,19.98,19.75,0.22469
1432,2021-11-23,13.05,12.7,0.348486
3520,2021-11-23,15.25,14.54,0.711725
3557,2021-11-23,78.6,75.6,3.0
4735,2021-11-23,58.7,57.5,1.2
5258,2021-11-23,34.6,34.0,0.6
8927,2021-11-23,36.4,34.55,1.851869
2505,2021-11-24,25.25,24.25,1.0
1314,2021-11-25,13.65,13.39,0.251001
2736,2021-11-25,15.6,15.4,0.2
00690,2021-11-26,33.87,33.03,0.84
2012,2021-11-26,30.8,30.3,0.5
2302,2021-11-30,17.05,16.74,0.30065
2630,2021-11-30,18.95,18.22,0.727679
3029,2021-11-30,44.55,43.79,0.750149
6578,2021-12-01,18.8,18.36,0.444932
4989,2021-12-02,49.35,48.68,0.666666
6414,2021-12-02,241.5,239.2,2.298407
6523,2021-12-02,151.0,145.78,5.22
8942,2021-12-03,67.8,66.3,1.5
5278,2021-12-07,229.5,225.48,4.01773
4562,2021-12-08,17.1,16.62,0.479748
4912,2021-12-08,165.5,164.5,1.0
2063,2021-12-09,37.2,36.2,1.0
5306,2021-12-09,201.0,196.5,4.5
6548,2021-12-09,99.2,98.52,0.678438
8070,2021-12-09,34.15,33.77,0.38
5608,2021-12-10,51.0,48.23,2.763714
1235,2021-12-13,43.8,42.3,1.5
00697B,2021-12-16,39.17,39.02,0.15
00751B,2021-12-16,44.95,44.6,0.35
00764B,2021-12-16,44.87,44.66,0.213
00765B,2021-12-16,40.65,40.04,0.609
00772B,2021-12-16,44.16,44.04,0.124
00773B,2021-12-16,45.05,44.93,0.117
00777B,2021-12-16,43.72,43.43,0.29
00778B,2021-12-16,45.39,45.05,0.344
00779B,2021-12-16,44.92,44.7,0.22
00781B,2021-12-16,42.74,42.44,0.3
00787B,2021-12-16,43.07,42.73,0.34
00792B,2021-12-16,42.69,42.37,0.319
00793B,2021-12-16,42.11,41.48,0.633
00836B,2021-12-16,40.23,39.93,0.305
00838B,2021-12-16,40.26,39.59,0.67
00856B,2021-12-16,35.94,35.85,0.09
00857B,2021-12-16,36.87,36.67,0.205
00859B,2021-12-16,35.75,35.66,0.089
00862B,2021-12-16,40.24,39.97,0.266
00863B,2021-12-16,39.92,39.62,0.297
00883B,2021-12-16,39.43,39.15,0.279
2330,2021-12-16,600.0,597.25,2.75
2753,2021-12-16,130.5,128.22,2.272881
6123,2021-12-16,49.8,48.6,1.2
00831B,2021-12-20,36.05,35.96,0.09
3563,2021-12-20,236.0,234.0,2.0
6649,2021-12-20,26.0,24.97,1.028571
00710B,2021-12-21,18.06,17.82,0.24
00711B,2021-12-21,20.5,20.32,0.18
00712,2021-12-21,13.31,13.12,0.187
00853B,2021-12-21,36.08,35.77,0.31
8299,2021-12-21,466.0,456.0,10.0
5014,2021-12-22,22.45,22.08,0.372303
2065,2021-12-23,48.2,47.06,1.136775
6629,2021-12-23,64.8,62.6,2.2
00742,2021-12-30,23.97,22.87,1.1
3680,2022-01-03,324.0,323.2,0.804294
5287,2022-01-04,275.5,232.86,42.635969
6488,2022-01-06,879.0,871.0,8.0
2406,2022-01-12,28.15,27.56,0.583491
3008,2022-01-12,2470.0,2438.84,31.156082
3138,2022-01-13,207.0,206.71,0.287347
5483,2022-01-13,231.0,227.5,3.5
00687B,2022-01-18,41.43,41.21,0.22
00694B,2022-01-18,36.36,36.29,0.07
00695B,2022-01-18,35.52,35.43,0.089
00696B,2022-01-18,41.31,41.08,0.228
00701,2022-01-18,28.38,26.73,1.65
00702,2022-01-18,21.0,20.73,0.27
00714,2022-01-18,22.87,22.45,0.419
00717,2022-01-18,16.49,16.35,0.139
00719B,2022-01-18,29.29,29.23,0.06
00720B,2022-01-18,42.0,41.59,0.41
00722B,2022-01-18,44.61,44.22,0.395
00723B,2022-01-18,39.67,39.35,0.321
00724B,2022-01-18,39.63,39.27,0.362
00725B,2022-01-18,42.14,41.75,0.39
00726B,2022-01-18,39.81,39.44,0.37
00727B,2022-01-18,37.53,37.06,0.47
00735,2022-01-18,33.18,32.13,1.05
00736,2022-01-18,22.28,22.0,0.28
00740B,2022-01-18,45.38,44.92,0.46
00741B,2022-01-18,36.67,36.22,0.446
00744B,2022-01-18,43.05,42.35,0.7
00746B,2022-01-18,41.82,41.48,0.34
00749B,2022-01-18,39.77,39.38,0.39
00750B,2022-01-18,40.73,40.41,0.32
00761B,2022-01-18,43.2,42.87,0.33
00770,2022-01-18,38.09,36.14,1.95
00772B,2022-01-18,41.66,41.54,0.121
00773B,2022-01-18,42.28,42.17,0.114
00782B,2022-01-18,39.86,39.54,0.32
00784B,2022-01-18,35.96,35.73,0.229
00785B,2022-01-18,40.64,40.29,0.349
00788B,2022-01-18,38.94,38.59,0.35
00830,2022-01-18,34.61,31.81,2.8
00848B,2022-01-18,35.76,35.42,0.337
00849B,2022-01-18,35.27,34.99,0.277
00858,2022-01-18,29.0,28.88,0.12
00870B,2022-01-18,36.12,35.73,0.39
00881,2022-01-18,19.06,18.47,0.59
00882,2022-01-18,14.13,13.77,0.36
00884B,2022-01-18,35.97,35.64,0.327
00888,2022-01-18,16.55,16.51,0.039
00789B,2022-01-19,61.8,61.37,0.435
00790B,2022-01-19,59.95,59.46,0.49
00791B,2022-01-19,53.6,53.06,0.545
00728,2022-01-20,33.51,31.52,1.99
00734B,2022-01-20,18.19,18.01,0.18
00842B,2022-01-20,37.98,37.66,0.32
00843B,2022-01-20,40.6,39.98,0.62
0050,2022-01-21,149.1,145.9,3.2
006203,2022-01-21,70.35,68.95,1.4
00834B,2022-01-21,39.42,39.07,0.35
3289,2022-01-25,50.4,49.96,0.444124
6715,2022-01-25,119.0,117.61,1.38843
8367,2022-02-07,46.85,46.52,0.327247
2314,2022-02-10,67.1,66.46,0.634379
6569,2022-02-10,109.0,107.11,1.894093
6751,2022-02-10,49.8,48.13,1.6728
5484,2022-02-14,16.75,16.19,0.551639
4174,2022-02-18,116.5,115.0,1.504715
00679B,2022-02-22,38.83,38.6,0.23
00718B,2022-02-22,20.43,20.11,0.322
00721B,2022-02-22,46.87,46.21,0.66
00748B,2022-02-22,43.08,42.31,0.77
00754B,2022-02-22,41.37,41.06,0.306
00755B,2022-02-22,39.35,39.02,0.332
00756B,2022-02-22,39.84,39.43,0.409
00772B,2022-02-22,39.51,39.39,0.122
00773B,2022-02-22,40.05,39.94,0.114
00780B,2022-02-22,38.07,37.8,0.27
00786B,2022-02-22,37.46,37.1,0.36
00794B,2022-02-22,41.48,40.86,0.624
00795B,2022-02-22,39.16,38.92,0.238
00796B,2022-02-22,41.44,40.79,0.649
00799B,2022-02-22,38.41,38.09,0.32
00840B,2022-02-22,35.7,35.56,0.14
00841B,2022-02-22,36.17,35.92,0.25
00845B,2022-02-22,34.04,33.76,0.285
00846B,2022-02-22,34.72,34.47,0.251
00847B,2022-02-22,32.63,32.34,0.288
00860B,2022-02-22,35.92,35.76,0.156
00878,2022-02-22,19.75,19.45,0.3
00889B,2022-02-22,36.02,35.65,0.37
00890B,2022-02-22,37.48,37.13,0.35
00891,2022-02-22,16.41,16.12,0.29
00894,2022-02-22,15.81,15.46,0.35
00758B,2022-02-23,56.85,56.36,0.49
00759B,2022-02-23,62.9,62.39,0.51
00760B,2022-02-23,59.45,58.83,0.62
2867,2022-02-23,9.38,9.21,0.163704
00775B,2022-02-24,38.42,38.11,0.31
00844B,2022-02-24,35.9,35.59,0.31
00867B,2022-02-24,35.98,35.67,0.31
6770,2022-02-24,57.1,55.91,1.182228
00771,2022-02-25,17.59,17.41,0.18
4966,2022-03-03,1930.0,1915.75,14.25347
5278,2022-03-07,265.0,261.0,4.0
4580,2022-03-10,93.0,92.17,0.834647
6186,2022-03-10,26.55,26.37,0.183834
2613,2022-03-11,42.0,40.35,1.65
3346,2022-03-14,38.15,37.66,0.48282
3008,2022-03-15,2015.0,1976.0,39.0
6208,2022-03-15,55.7,53.5,2.2
9802,2022-03-15,109.0,107.77,1.23
00697B,2022-03-16,38.03,37.85,0.18
00751B,2022-03-16,38.64,38.27,0.37
00764B,2022-03-16,40.18,39.97,0.208
00765B,2022-03-16,41.73,41.11,0.618
00772B,2022-03-16,38.42,38.3,0.124
00773B,2022-03-16,38.62,38.5,0.118
00777B,2022-03-16,37.87,37.58,0.294
00778B,2022-03-16,38.7,38.32,0.378
00779B,2022-03-16,40.13,39.91,0.22
00781B,2022-03-16,36.61,36.29,0.32
00787B,2022-03-16,38.0,37.62,0.38
00792B,2022-03-16,36.8,36.48,0.325
00793B,2022-03-16,36.63,36.27,0.363
00836B,2022-03-16,34.07,33.75,0.325
00856B,2022-03-16,36.27,36.18,0.089
00857B,2022-03-16,33.2,32.99,0.206
00859B,2022-03-16,36.59,36.5,0.09
00862B,2022-03-16,34.27,34.02,0.249
00863B,2022-03-16,35.12,34.84,0.28
00883B,2022-03-16,34.14,33.87,0.275
00896,2022-03-16,14.46,14.44,0.015
1259,2022-03-16,68.3,66.0,2.3
2330,2022-03-16,558.0,555.25,2.75
2430,2022-03-16,44.5,40.96,3.54
3029,2022-03-16,48.8,45.19,3.603432
3625,2022-03-16,21.0,20.86,0.140189
5009,2022-03-16,25.85,24.45,1.4
00710B,2022-03-17,17.62,17.38,0.24
00711B,2022-03-17,17.34,17.18,0.16
00712,2022-03-17,12.63,12.44,0.184
01009T,2022-03-17,9.13,8.99,0.137174
01010T,2022-03-17,10.28,10.15,0.124654
5283,2022-03-17,120.0,116.0,4.0
5306,2022-03-17,188.5,186.25,2.25
6661,2022-03-17,20.9,20.42,0.484353
9105,2022-03-17,4.64,4.27,0.364149
00831B,2022-03-18,36.06,35.97,0.09
2301,2022-03-18,71.0,68.5,2.5
00853B,2022-03-21,32.03,31.78,0.25
5225,2022-03-22,23.8,23.2,0.6
1313,2022-03-24,20.0,19.0,1.0
2108,2022-03-24,72.7,65.7,7.0
2756,2022-03-24,124.0,122.0,2.0
5227,2022-03-24,86.1,82.37,3.728571
6204,2022-03-24,72.6,67.4,5.2
6581,2022-03-24,89.0,85.0,4.0
6590,2022-03-24,69.2,65.4,3.8
8401,2022-03-24,20.25,18.52,1.73213
2006,2022-03-25,81.0,74.6,6.4
2752,2022-03-25,161.0,156.5,4.5
3005,2022-03-25,56.6,53.01,3.589793
6415,2022-03-25,3360.0,3342.01,17.980273
2012,2022-03-28,32.75,31.75,1.0
6104,2022-03-28,292.5,288.0,4.5
4930,2022-03-30,38.0,33.2,4.8
6523,2022-03-30,95.1,93.1,2.0
6674,2022-03-30,30.3,29.3,1.0
01004T,2022-03-31,16.1,15.89,0.204541
2063,2022-03-31,38.2,36.2,2.0
2483,2022-03-31,24.4,23.4,1.0
3557,2022-03-31,77.0,74.0,3.0
3706,2022-03-31,31.75,29.75,2.0
4770,2022-03-31,255.0,247.0,8.0
5201,2022-03-31,32.05,30.55,1.5
6276,2022-03-31,20.65,19.65,1.0
8271,2022-03-31,47.75,44.86,2.89
8930,2022-03-31,18.35,17.55,0.8
3465,2022-04-01,150.0,145.5,4.5
5222,2022-04-01,162.0,158.5,3.5
3211,2022-04-06,113.0,97.97,15.02545
8435,2022-04-06,66.9,63.1,3.8
1712,2022-04-07,34.45,32.65,1.8
2015,2022-04-07,95.9,90.9,5.0
2065,2022-04-07,53.8,49.8,4.0
2070,2022-04-07,35.85,34.35,1.5
2313,2022-04-07,49.15,47.35,1.8
2388,2022-04-07,63.9,62.9,0.99979
2732,2022-04-07,110.5,108.16,2.341546
5388,2022-04-07,81.0,78.6,2.4
6148,2022-04-07,16.05,15.05,1.001013
6412,2022-04-07,80.9,75.7,5.2
6612,2022-04-07,91.0,90.5,0.5
6756,2022-04-07,413.0,402.01,10.986345
8908,2022-04-07,81.5,81.1,0.4
2535,2022-04-08,34.55,32.05,2.5
2832,2022-04-08,20.85,20.1,0.75
3003,2022-04-08,85.1,83.1,2.0
4568,2022-04-11,73.5,69.5,4.000798
2614,2022-04-13,30.3,29.3,1.0
1477,2022-04-14,192.0,182.5,9.5
1524,2022-04-14,11.1,10.8,0.3
1617,2022-04-14,18.2,17.92,0.273881
2109,2022-04-14,16.0,15.5,0.5
2528,2022-04-14,20.05,19.58,0.467509
2630,2022-04-14,19.0,18.75,0.24998
2910,2022-04-14,31.2,30.7,0.5
3587,2022-04-14,144.5,139.5,5.0
4207,2022-04-14,15.5,15.1,0.4
4735,2022-04-14,50.0,49.0,1.0
4973,2022-04-14,24.25,23.25,1.0
5287,2022-04-14,224.0,212.7,11.3
5520,2022-04-14,61.5,57.6,3.9
6020,2022-04-14,24.45,22.07,2.378206
6274,2022-04-14,74.8,69.8,5.004774
6294,2022-04-14,134.0,124.5,9.5
6806,2022-04-14,99.5,96.57,2.926209
8109,2022-04-14,77.0,73.0,4.0
1210,2022-04-15,54.9,53.4,1.5
1315,2022-04-15,81.3,78.8,2.5
3707,2022-04-15,130.5,130.27,0.234451
4528,2022-04-15,40.05,39.55,0.5
01003T,2022-04-18,19.98,19.62,0.357837
0052,2022-04-20,120.45,110.26,10.19
00687B,2022-04-20,37.34,37.08,0.26
00694B,2022-04-20,37.62,37.51,0.107
00695B,2022-04-20,34.65,34.57,0.083
00696B,2022-04-20,37.31,37.06,0.253
00714,2022-04-20,23.14,22.77,0.364
00717,2022-04-20,15.45,15.29,0.153
00719B,2022-04-20,30.38,30.21,0.17
00720B,2022-04-20,37.04,36.61,0.43
00722B,2022-04-20,40.18,39.77,0.409
00723B,2022-04-20,35.45,35.12,0.331
00724B,2022-04-20,35.55,35.18,0.373
00725B,2022-04-20,37.89,37.49,0.4
00726B,2022-04-20,34.96,34.56,0.4
00727B,2022-04-20,37.78,37.2,0.58
00733,2022-04-20,38.01,37.77,0.238
00740B,2022-04-20,40.78,40.33,0.454
00741B,2022-04-20,37.09,36.64,0.454
00746B,2022-04-20,38.0,37.73,0.268
00749B,2022-04-20,33.58,33.17,0.41
00750B,2022-04-20,36.58,36.18,0.4
00761B,2022-04-20,39.13,38.75,0.38
00772B,2022-04-20,37.62,37.49,0.128
00773B,2022-04-20,37.64,37.52,0.124
00782B,2022-04-20,36.16,35.79,0.37
00784B,2022-04-20,36.12,35.87,0.246
00785B,2022-04-20,36.3,36.02,0.276
00788B,2022-04-20,35.01,34.62,0.39
00848B,2022-04-20,34.38,34.04,0.339
00849B,2022-04-20,34.38,34.11,0.27
00870B,2022-04-20,32.34,31.96,0.38
00884B,2022-04-20,32.08,31.74,0.338
00888,2022-04-20,14.71,14.68,0.031
00747B,2022-04-21,55.55,54.73,0.82
00789B,2022-04-21,55.1,54.67,0.435
00790B,2022-04-21,54.45,53.95,0.503
00791B,2022-04-21,51.15,50.61,0.543
1229,2022-04-21,65.9,64.1,1.8
2010,2022-04-21,24.65,23.35,1.3
3016,2022-04-21,106.5,106.21,0.280714
3218,2022-04-21,268.0,263.0,5.0
4190,2022-04-21,71.4,67.9,3.5
4420,2022-04-21,34.1,32.1,2.0
5011,2022-04-21,39.4,38.45,0.95
5478,2022-04-21,92.2,87.0,5.2
6192,2022-04-21,74.6,70.6,4.0
6224,2022-04-21,98.4,94.15,4.25
6235,2022-04-21,40.4,40.1,0.299688
6282,2022-04-21,32.3,31.3,1.0
6732,2022-04-21,407.0,377.0,30.0
8446,2022-04-21,87.6,83.1,4.5
00734B,2022-04-22,16.62,16.43,0.19
00774B,2022-04-22,42.3,41.77,0.53
00774C,2022-04-22,9.39,9.27,0.117
00842B,2022-04-22,34.47,34.09,0.38
2324,2022-04-22,25.4,23.4,2.0
3149,2022-04-22,24.9,24.52,0.372885
6259,2022-04-22,34.5,34.31,0.194414
00834B,2022-04-25,35.09,34.76,0.33
3138,2022-04-27,158.0,158.08,0.0
4912,2022-04-28,109.0,108.0,1.0
6547,2022-04-28,256.5,255.34,1.158843
6655,2022-04-28,115.5,111.5,4.0
01001T,2022-05-03,18.09,17.6,0.480506
5481,2022-05-04,13.45,12.85,0.6
911608,2022-05-13,3.23,3.17,0.053412
9136,2022-05-17,6.36,6.05,0.30112
00679B,2022-05-18,34.79,34.52,0.27
00754B,2022-05-18,38.08,37.75,0.332
00755B,2022-05-18,35.71,35.35,0.356
00756B,2022-05-18,33.67,33.23,0.444
00771,2022-05-18,16.93,16.75,0.18
00772B,2022-05-18,36.41,36.28,0.128
00773B,2022-05-18,36.9,36.76,0.136
00780B,2022-05-18,36.78,36.39,0.39
00786B,2022-05-18,34.52,34.09,0.43
00794B,2022-05-18,40.68,40.06,0.622
00795B,2022-05-18,35.07,34.87,0.197
00799B,2022-05-18,34.88,34.5,0.38
00840B,2022-05-18,32.67,32.45,0.22
00841B,2022-05-18,32.76,32.49,0.27
00845B,2022-05-18,30.96,30.63,0.328
00846B,2022-05-18,32.92,32.69,0.227
00847B,2022-05-18,29.21,28.95,0.264
00860B,2022-05-18,37.02,36.78,0.243
00878,2022-05-18,17.89,17.57,0.32
00889B,2022-05-18,32.78,32.41,0.37
00890B,2022-05-18,33.86,33.49,0.37
01002T,2022-05-18,18.71,18.33,0.370393
01007T,2022-05-18,19.41,19.17,0.232917
00758B,2022-05-19,52.2,51.67,0.53
00759B,2022-05-19,57.4,56.84,0.56
00760B,2022-05-19,53.15,52.52,0.63
6712,2022-05-19,200.0,177.27,22.727273
00775B,2022-05-20,34.6,34.39,0.21
00844B,2022-05-20,32.9,32.71,0.188
00867B,2022-05-20,33.16,32.9,0.26
2809,2022-05-24,38.35,36.25,2.1
3207,2022-05-24,29.85,28.39,1.459913
8074,2022-05-25,21.6,20.6,1.0
8440,2022-05-25,71.8,71.2,0.6
4560,2022-05-26,41.95,40.15,1.8
8261,2022-05-26,118.0,112.0,6.0
8942,2022-05-26,67.0,64.5,2.5
3257,2022-05-27,72.2,67.2,5.0
6690,2022-05-27,107.5,102.05,5.453374
6456,2022-05-31,92.5,87.5,5.0
4995,2022-06-01,41.35,38.85,2.496778
6269,2022-06-01,101.5,96.5,5.0
1702,2022-06-02,47.7,45.5,2.2
2486,2022-06-02,38.6,38.1,0.5
3443,2022-06-02,566.0,559.0,7.0
4939,2022-06-02,22.8,21.4,1.4
6438,2022-06-02,114.5,108.19,6.302123
1342,2022-06-06,73.7,70.7,3.0
5213,2022-06-06,24.05,23.99,0.061897
8422,2022-06-06,192.0,182.0,10.0
2419,2022-06-08,19.8,19.3,0.5
2637,2022-06-08,104.5,99.0,5.5
6411,2022-06-08,141.0,139.51,1.490656
6679,2022-06-08,307.0,299.87,7.1333
9940,2022-06-08,34.8,32.0,2.8
1515,2022-06-09,40.1,37.1,3.0
1568,2022-06-09,25.95,25.65,0.3
2347,2022-06-09,70.1,65.1,5.0
4571,2022-06-09,84.7,80.2,4.5
5434,2022-06-09,166.0,157.2,8.8
5533,2022-06-09,21.25,20.25,1.0
6023,2022-06-09,49.0,46.7,2.3
6248,2022-06-09,22.35,20.87,1.48413
6470,2022-06-09,67.5,64.81,2.691659
6491,2022-06-09,422.5,414.0,8.5
8438,2022-06-09,38.1,36.1,2.0
2636,2022-06-10,133.0,120.0,13.0
3030,2022-06-10,66.8,63.5,3.3
4440,2022-06-10,46.75,42.75,4.0
6123,2022-06-10,56.0,52.7,3.3
8424,2022-06-10,73.0,68.5,4.5
6174,2022-06-13,32.0,30.4,1.6
8432,2022-06-13,42.9,41.4,1.5
1584,2022-06-14,21.2,21.0,0.2
1597,2022-06-14,82.3,80.8,1.5
1727,2022-06-14,43.55,43.03,0.52
2850,2022-06-14,53.4,50.2,3.2
3543,2022-06-14,21.35,20.15,1.2
3563,2022-06-14,183.0,173.0,10.0
4527,2022-06-14,28.1,26.3,1.8
4535,2022-06-14,36.9,35.3,1.6
4538,2022-06-14,20.45,19.95,0.5
4945,2022-06-14,79.0,75.8,3.2
5878,2022-06-14,49.5,46.5,3.0
5902,2022-06-14,29.0,27.8,1.2
6185,2022-06-14,12.65,12.45,0.2
6588,2022-06-14,39.5,38.75,0.75
8034,2022-06-14,16.75,15.75,1.0
9103,2022-06-14,9.17,8.99,0.17703
1504,2022-06-15,29.75,28.4,1.35
1707,2022-06-15,143.5,137.4,6.1
2908,2022-06-15,22.6,21.32,1.28
3374,2022-06-15,145.0,142.0,3.0
3679,2022-06-15,90.3,81.3,9.0
4972,2022-06-15,32.45,30.35,2.1
5212,2022-06-15,47.7,45.2,2.5
6585,2022-06-15,79.8,76.79,3.000023
6752,2022-06-15,57.1,54.9,2.2
910322,2022-06-15,25.6,24.05,1.54389
1456,2022-06-16,18.75,17.25,1.5
1711,2022-06-16,22.4,21.9,0.5
1733,2022-06-16,26.95,25.65,1.3
2020,2022-06-16,31.0,28.0,3.0
2330,2022-06-16,509.0,506.25,2.75
2344,2022-06-16,26.85,25.85,1.0
2385,2022-06-16,84.7,78.6,6.1
2642,2022-06-16,67.6,65.5,2.1
2707,2022-06-16,173.5,161.1,12.3925
2851,2022-06-16,28.9,27.1,1.8
3264,2022-06-16,49.75,46.95,2.8
3388,2022-06-16,84.6,78.6,6.0
3680,2022-06-16,243.0,241.0,1.997137
3714,2022-06-16,56.5,54.5,2.0
4133,2022-06-16,41.1,40.64,0.46
4735,2022-06-16,38.85,38.35,0.5
5522,2022-06-16,66.1,61.6,4.5
5609,2022-06-16,101.0,90.8,10.2
6116,2022-06-16,13.05,12.05,0.99553
6151,2022-06-16,30.3,27.3,3.0
6642,2022-06-16,63.3,59.7,3.6
6643,2022-06-16,283.5,277.2,6.300602
6735,2022-06-16,85.0,81.8,3.2
8240,2022-06-16,31.55,29.05,2.5
8279,2022-06-16,128.5,124.5,4.0
8341,2022-06-16,211.0,203.0,8.0
8416,2022-06-16,131.0,123.0,8.0
9924,2022-06-16,41.35,38.95,2.4
00697B,2022-06-17,35.9,35.66,0.24
00751B,2022-06-17,35.63,35.21,0.42
00764B,2022-06-17,34.87,34.64,0.227
00765B,2022-06-17,40.88,40.28,0.602
00772B,2022-06-17,35.67,35.54,0.13
00773B,2022-06-17,35.85,35.72,0.134
00777B,2022-06-17,35.35,35.01,0.34
00778B,2022-06-17,35.74,35.37,0.375
00779B,2022-06-17,34.95,34.73,0.225
00781B,2022-06-17,33.97,33.6,0.37
00787B,2022-06-17,34.73,34.31,0.42
00792B,2022-06-17,34.05,33.7,0.353
00793B,2022-06-17,33.63,33.25,0.381
00836B,2022-06-17,31.05,30.76,0.29
00856B,2022-06-17,37.0,36.83,0.172
00857B,2022-06-17,28.83,28.62,0.215
00859B,2022-06-17,37.85,37.73,0.124
00862B,2022-06-17,31.82,31.45,0.372
00863B,2022-06-17,32.86,32.56,0.305
00883B,2022-06-17,31.63,31.34,0.288
1416,2022-06-17,10.95,10.45,0.5
2616,2022-06-17,36.8,34.3,2.5
3118,2022-06-17,30.25,28.35,1.9
5864,2022-06-17,14.25,12.88,1.372641
6494,2022-06-17,117.5,109.5,8.0
6548,2022-06-17,88.0,86.28,1.72
6669,2022-06-17,806.0,781.0,25.0
8070,2022-06-17,36.85,35.23,1.62
8924,2022-06-17,138.0,124.3,13.7
9911,2022-06-17,65.4,61.8,3.6
2545,2022-06-20,53.7,47.4,6.3
2641,2022-06-20,24.5,23.7,0.8
2723,2022-06-20,105.0,100.0,5.0
2838A,2022-06-20,53.4,51.0,2.4
3036,2022-06-20,77.3,72.28,5.014866
3036A,2022-06-20,49.65,47.65,2.0
3338,2022-06-20,41.2,39.7,1.5
4958,2022-06-20,111.0,106.0,5.0
6266,2022-06-20,25.1,22.83,2.265575
00710B,2022-06-21,17.15,16.91,0.24
00711B,2022-06-21,16.02,15.82,0.2
00712,2022-06-21,10.42,10.21,0.205
00831B,2022-06-21,36.7,36.51,0.195
1605,2022-06-21,40.6,38.51,2.082402
3276,2022-06-21,16.4,16.0,0.4
4974,2022-06-21,55.7,51.4,4.3
5272,2022-06-21,36.0,35.14,0.860674
6443,2022-06-21,29.85,29.63,0.21452
6505,2022-06-21,94.5,90.7,3.8
6531,2022-06-21,235.0,229.0,5.996284
6672,2022-06-21,81.4,74.8,6.6
8027,2022-06-21,67.0,65.41,1.594069
8054,2022-06-21,37.6,35.95,1.65
9944,2022-06-21,20.1,19.1,1.0
2231,2022-06-22,140.0,139.0,1.0
2303,2022-06-22,49.3,46.3,3.0
2423,2022-06-22,28.1,26.6,1.5
2548,2022-06-22,93.6,86.1,7.5
2836A,2022-06-22,23.9,23.14,0.751643
4747,2022-06-22,33.0,31.55,1.45
4952,2022-06-22,72.6,67.2,5.4
5871,2022-06-22,224.5,208.09,16.40476
5871A,2022-06-22,102.0,98.2,3.8
6179,2022-06-22,29.55,28.02,1.534824
6533,2022-06-22,277.0,274.15,2.848871
6570,2022-06-22,41.5,38.0,3.498698
8938,2022-06-22,80.6,75.1,5.5
9917,2022-06-22,105.5,100.5,5.0
00853B,2022-06-23,29.01,28.87,0.14
1218,2022-06-23,29.55,28.55,1.0
1319,2022-06-23,44.5,43.65,0.85
1323,2022-06-23,34.15,32.55,1.6
1439,2022-06-23,19.75,19.55,0.2
1796,2022-06-23,41.2,40.2,1.0
2104,2022-06-23,19.5,19.3,0.2
2367,2022-06-23,17.6,17.33,0.268895
2450,2022-06-23,33.0,31.0,2.0
2454,2022-06-23,807.0,733.99,73.00106
2455,2022-06-23,81.6,77.6,4.0
2461,2022-06-23,20.05,18.85,1.191803
2480,2022-06-23,89.1,83.48,5.62
2504,2022-06-23,25.25,23.45,1.8
2722,2022-06-23,32.05,31.85,0.2
2916,2022-06-23,22.85,20.65,2.2
3056,2022-06-23,31.8,30.3,1.5
3217,2022-06-23,74.3,68.7,5.6
3402,2022-06-23,44.0,41.0,3.0
3518,2022-06-23,19.65,18.65,1.0
3528,2022-06-23,51.3,47.5,3.8
3583,2022-06-23,78.6,76.1,2.5
3669,2022-06-23,47.5,43.7,3.8
3705,2022-06-23,42.3,40.6,1.7
4148,2022-06-23,51.3,49.8,1.5
4168,2022-06-23,28.05,27.83,0.223808
4745,2022-06-23,27.5,26.0,1.5
4915,2022-06-23,58.8,55.69,3.10171
5230,2022-06-23,24.0,23.2,0.8
5493,2022-06-23,49.6,46.5,3.1
5604,2022-06-23,69.7,63.6,6.1
5905,2022-06-23,12.4,12.02,0.38427
6155,2022-06-23,22.85,22.0,0.85
6214,2022-06-23,75.2,70.2,5.0
6477,2022-06-23,44.5,43.98,0.510292
6523,2022-06-23,81.5,79.5,2.0
6762,2022-06-23,259.0,213.33,45.66667
6768,2022-06-23,79.0,75.5,3.5
8210,2022-06-23,65.5,62.49,3.001025
8213,2022-06-23,46.35,41.35,5.0
2362,2022-06-24,32.75,30.65,2.1
2496,2022-06-24,47.9,44.9,3.0
3031,2022-06-24,18.2,17.2,1.0
3164,2022-06-24,25.2,24.1,1.1
3363,2022-06-24,24.95,23.35,1.6
4116,2022-06-24,87.3,86.8,0.5
4175,2022-06-24,71.4,69.8,1.598843
4739,2022-06-24,124.5,121.5,3.0
5016,2022-06-24,36.9,33.6,3.3
5244,2022-06-24,35.5,32.5,3.0
5601,2022-06-24,36.65,36.39,0.26
6176,2022-06-24,97.6,89.6,8.0
6288,2022-06-24,23.2,22.8,0.4
6530,2022-06-24,20.95,19.85,1.1
6579,2022-06-24,79.4,76.3,3.097519
8420,2022-06-24,51.6,49.1,2.5
9962,2022-06-24,14.05,12.95,1.1
1232,2022-06-27,163.5,157.5,6.0
1314,2022-06-27,10.05,9.65,0.4
1437,2022-06-27,24.9,24.0,0.9
1580,2022-06-27,98.2,91.2,7.0
1598,2022-06-27,37.8,35.28,2.514572
1760,2022-06-27,109.5,108.0,1.5
2368,2022-06-27,83.0,80.8,2.2
2606,2022-06-27,44.45,41.45,3.0
2609,2022-06-27,98.3,78.3,20.0
3010,2022-06-27,94.5,87.7,6.8
3015,2022-06-27,40.05,36.75,3.3
3213,2022-06-27,47.75,44.05,3.7
3416,2022-06-27,77.6,73.1,4.495135
3479,2022-06-27,56.0,53.42,2.580571
3580,2022-06-27,55.3,53.2,2.1
4557,2022-06-27,81.4,76.9,4.5
6161,2022-06-27,29.2,26.2,3.0
6546,2022-06-27,132.0,126.54,5.456958
6680,2022-06-27,50.8,48.16,2.64466
8111,2022-06-27,21.5,19.4,2.1
8342,2022-06-27,52.9,49.5,3.4
1326,2022-06-28,81.5,76.7,4.8
1536,2022-06-28,67.2,65.83,1.365
1731,2022-06-28,19.05,17.88,1.17
1802,2022-06-28,21.1,19.28,1.82
1904,2022-06-28,29.95,28.05,1.9
2404,2022-06-28,169.5,156.37,13.125296
2421,2022-06-28,36.3,35.1,1.2
2885,2022-06-28,23.3,21.8,1.5
2888,2022-06-28,9.23,8.82,0.400319
2888A,2022-06-28,41.95,40.24,1.71
2888B,2022-06-28,42.1,40.3,1.8
3413,2022-06-28,192.5,183.8,8.691594
3684,2022-06-28,49.25,46.25,3.0
4549,2022-06-28,88.5,84.4,4.1
4722,2022-06-28,39.05,36.85,2.2
4923,2022-06-28,65.3,60.79,4.507103
5211,2022-06-28,17.5,16.8,0.7
5274,2022-06-28,2365.0,2118.18,246.818171
6146,2022-06-28,184.5,175.5,9.0
6486,2022-06-28,72.6,66.23,6.366142
6591,2022-06-28,58.8,54.8,4.0
6751,2022-06-28,41.3,39.2,2.1
8299,2022-06-28,301.0,288.0,13.0
8921,2022-06-28,15.65,15.2,0.453
1264,2022-06-29,269.0,257.0,12.0
1752,2022-06-29,37.05,35.25,1.8
1773,2022-06-29,208.0,164.0,44.0
2032,2022-06-29,22.1,20.92,1.18
2064,2022-06-29,16.75,15.75,1.0
2308,2022-06-29,236.0,230.5,5.5
2375,2022-06-29,56.2,54.2,2.0
2603,2022-06-29,108.5,90.5,17.999996
2889,2022-06-29,15.75,15.1,0.65
3056,2022-06-29,29.5,28.73,0.766326
3294,2022-06-29,19.95,19.7,0.253846
3541,2022-06-29,61.1,58.07,3.033267
3711,2022-06-29,91.0,84.0,6.995982
5906,2022-06-29,32.4,30.7,1.7
6469,2022-06-29,302.5,299.93,2.57
6569,2022-06-29,101.5,97.5,4.0
8046,2022-06-29,289.5,279.5,10.0
8066,2022-06-29,27.1,26.1,1.0
8081,2022-06-29,174.5,158.5,16.0
8150,2022-06-29,44.8,40.5,4.3
1570,2022-06-30,18.2,17.2,1.0
1817,2022-06-30,34.85,32.85,2.0
2353,2022-06-30,25.3,23.02,2.28
2408,2022-06-30,57.1,53.39,3.702813
2412,2022-06-30,130.5,125.89,4.608
2478,2022-06-30,49.6,45.6,4.0
3093,2022-06-30,122.5,116.2,6.3
3163,2022-06-30,48.6,47.6,1.0
3324,2022-06-30,168.5,162.5,6.0
3438,2022-06-30,53.8,50.2,3.6
3529,2022-06-30,1160.0,1146.0,13.9998
3555,2022-06-30,35.55,35.35,0.2
3570,2022-06-30,90.5,84.5,6.0
3652,2022-06-30,21.2,20.79,0.414902
3703,2022-06-30,28.65,26.97,1.68
3710,2022-06-30,13.5,13.06,0.441829
4542,2022-06-30,25.9,24.9,1.0
4550,2022-06-30,21.65,20.5,1.15
4938,2022-06-30,66.8,61.79,5.001375
5236,2022-06-30,103.0,93.0,10.0
5536,2022-06-30,188.5,173.5,15.0
6213,2022-06-30,80.5,75.5,5.0
6243,2022-06-30,39.0,37.82,1.173523
6506,2022-06-30,21.2,19.2,2.0
6561,2022-06-30,286.0,276.7,9.3
6577,2022-06-30,61.6,57.75,3.85
6590,2022-06-30,55.6,54.81,0.789057
6613,2022-06-30,160.5,148.5,12.0
8284,2022-06-30,50.8,47.8,3.0
8454,2022-06-30,763.0,625.0,138.0
8482,2022-06-30,75.1,69.23,5.87
9907,2022-06-30,15.65,14.65,1.0
1710,2022-07-01,18.7,18.0,0.7
2107,2022-07-01,21.1,19.9,1.2
2425,2022-07-01,28.5,27.9,0.6
2497,2022-07-01,74.4,73.93,0.469062
3006,2022-07-01,88.8,80.8,8.0
3373,2022-07-01,22.2,20.7,1.5
4714,2022-07-01,12.95,12.55,0.4
5209,2022-07-01,72.4,63.61,8.792156
5306,2022-07-01,165.5,163.25,2.25
5315,2022-07-01,17.05,15.75,1.3
5353,2022-07-01,22.25,21.35,0.9
6514,2022-07-01,62.9,59.7,3.2
6515,2022-07-01,363.0,352.02,10.979133
6527,2022-07-01,45.0,43.06,1.94
6654,2022-07-01,53.9,49.4,4.5
6716,2022-07-01,122.0,104.09,17.909091
6803,2022-07-01,249.0,237.06,11.943339
8040,2022-07-01,40.6,40.0,0.6
8114,2022-07-01,133.0,128.5,4.5
8462,2022-07-01,130.0,128.7,1.291458
9933,2022-07-01,44.9,42.63,2.26028
1231,2022-07-04,87.4,77.38,10.012612
1452,2022-07-04,21.2,19.2,2.0
1595,2022-07-04,36.85,34.85,2.0
2317,2022-07-04,106.0,100.8,5.2
2327,2022-07-04,282.0,271.89,10.102813
2354,2022-07-04,47.0,45.3,1.7
2409,2022-07-04,15.05,14.05,1.0
2417,2022-07-04,19.7,19.55,0.146103
2451,2022-07-04,68.5,62.5,6.0
2464,2022-07-04,38.35,36.15,2.2
2820,2022-07-04,16.7,15.8,0.9
2882,2022-07-04,49.7,46.2,3.5
2882A,2022-07-04,62.5,60.22,2.28
2882B,2022-07-04,62.6,60.47,2.13
3090,2022-07-04,48.6,44.6,4.0
3511,2022-07-04,27.6,26.6,1.0
3540,2022-07-04,23.9,22.3,1.6
3592,2022-07-04,339.0,294.0,45.0
3596,2022-07-04,108.0,101.29,6.709021
4153,2022-07-04,25.6,25.23,0.37
4532,2022-07-04,16.55,15.85,0.699859
4541,2022-07-04,25.05,24.65,0.4
4906,2022-07-04,27.1,25.56,1.53929
4968,2022-07-04,142.5,139.0,3.5
5007,2022-07-04,56.0,53.0,3.0
5213,2022-07-04,22.45,21.56,0.88746
5234,2022-07-04,83.3,78.0,5.3
5347,2022-07-04,73.3,68.8,4.5
5474,2022-07-04,69.9,64.9,5.0
5490,2022-07-04,24.2,22.95,1.25
5820,2022-07-04,12.2,11.5,0.7
6136,2022-07-04,18.2,16.95,1.25
6242,2022-07-04,49.3,45.52,3.77619
6271,2022-07-04,188.0,178.99,9.000378
6281,2022-07-04,84.8,79.8,5.0
6747,2022-07-04,220.0,211.32,8.681632
6790,2022-07-04,40.15,37.15,3.0
8024,2022-07-04,19.45,18.05,1.4
8481,2022-07-04,66.9,60.4,6.5
9931,2022-07-04,41.1,39.7,1.4
9943,2022-07-04,53.1,52.6,0.5
1215,2022-07-05,80.4,77.4,3.0
1301,2022-07-05,107.5,99.3,8.2
1464,2022-07-05,13.15,12.9,0.25
1476,2022-07-05,410.0,398.0,12.0
1604,2022-07-05,29.2,26.5,2.7
1723,2022-07-05,116.0,112.0,4.0
1909,2022-07-05,16.05,14.85,1.2
2028,2022-07-05,24.55,22.05,2.5
2247,2022-07-05,207.0,195.0,12.0
2481,2022-07-05,56.9,53.9,3.0
2538,2022-07-05,13.1,12.6,0.5
2753,2022-07-05,160.0,155.77,4.227118
2887E,2022-07-05,53.5,51.12,2.375
2887F,2022-07-05,51.5,49.6,1.9
3491,2022-07-05,138.0,134.0,4.0
4102,2022-07-05,16.7,16.6,0.1
4755,2022-07-05,146.5,141.5,5.0
6128,2022-07-05,29.0,27.0,2.0
6219,2022-07-05,12.15,11.9,0.25
6237,2022-07-05,47.0,46.0,0.999871
6516,2022-07-05,80.0,71.93,8.072727
6568,2022-07-05,125.0,119.98,5.015354
6641,2022-07-05,62.4,57.9,4.5
6667,2022-07-05,61.4,58.46,2.94
8048,2022-07-05,32.7,30.5,2.2
8083,2022-07-05,176.5,166.3,10.2
8088,2022-07-05,18.15,17.15,1.0
8996,2022-07-05,56.7,55.2,1.5
9910,2022-07-05,176.0,171.9,4.1
1219,2022-07-06,21.35,20.25,1.1
1303,2022-07-06,80.6,73.1,7.5
1521,2022-07-06,34.5,33.9,0.6
1587,2022-07-06,24.15,23.15,1.0
2031,2022-07-06,39.3,35.3,4.0
2115,2022-07-06,33.45,31.45,2.0
2373,2022-07-06,90.0,84.0,6.0
2433,2022-07-06,51.2,47.7,3.5
2459,2022-07-06,49.9,46.4,3.5
2608,2022-07-06,39.9,38.25,1.65
2610,2022-07-06,23.35,22.51,0.831457
2633,2022-07-06,28.05,27.29,0.758
2838,2022-07-06,15.7,14.28,1.414286
2883,2022-07-06,14.25,13.24,1.000077
2883B,2022-07-06,8.28,8.27,0.001945
3040,2022-07-06,30.35,28.35,2.0
3231,2022-07-06,26.25,24.04,2.200116
3527,2022-07-06,118.0,110.0,8.0
4126,2022-07-06,70.0,65.5,4.5
4155,2022-07-06,23.25,22.25,1.0
4545,2022-07-06,27.25,26.55,0.7
5258,2022-07-06,57.6,56.32,1.275671
5508,2022-07-06,65.3,57.29,8.0061
6114,2022-07-06,23.15,22.65,0.5
6235,2022-07-06,42.65,41.68,0.966753
6594,2022-07-06,31.9,30.9,1.0
6615,2022-07-06,44.8,42.8,2.0
6776,2022-07-06,40.55,37.35,3.2
8064,2022-07-06,16.45,15.2,1.25
8086,2022-07-06,70.7,67.9,2.8
8255,2022-07-06,140.0,136.0,4.0
8923,2022-07-06,21.05,20.15,0.9
9939,2022-07-06,73.9,69.6,4.3
1307,2022-07-07,19.8,19.3,0.5
1341,2022-07-07,73.9,67.9,6.0
1608,2022-07-07,15.45,13.95,1.5
1614,2022-07-07,37.0,35.76,1.233023
1789,2022-07-07,25.6,25.12,0.48
1906,2022-07-07,19.55,18.95,0.6
2236,2022-07-07,25.8,22.8,3.0
2359,2022-07-07,24.4,23.5,0.9
2395,2022-07-07,328.5,320.51,7.980396
2458,2022-07-07,120.0,106.18,13.811657
2467,2022-07-07,42.3,38.15,4.14466
2947,2022-07-07,105.0,101.2,3.8
3019,2022-07-07,56.0,52.3,3.7
3049,2022-07-07,9.55,9.2,0.35
3105,2022-07-07,161.5,153.5,8.000679
3141,2022-07-07,108.0,104.0,4.001463
3303,2022-07-07,27.65,26.2,1.45
3305,2022-07-07,50.1,47.6,2.498242
3357,2022-07-07,85.8,78.8,7.0
3516,2022-07-07,15.7,15.5,0.2
3709,2022-07-07,28.1,26.5,1.6
4577,2022-07-07,28.9,27.37,1.53083
4711,2022-07-07,15.7,14.7,1.0
4760,2022-07-07,56.8,52.22,4.577667
5015,2022-07-07,40.8,37.3,3.5
5511,2022-07-07,30.0,28.0,2.0
5525,2022-07-07,23.9,23.6,0.3
5876,2022-07-07,51.1,49.3,1.8
6115,2022-07-07,42.45,39.65,2.8
6180,2022-07-07,59.9,54.9,5.0
6184,2022-07-07,48.6,45.6,3.0
6472,2022-07-07,246.0,242.5,3.5
6510,2022-07-07,378.0,364.4,13.6
6560,2022-07-07,50.0,36.0,14.0
6754,2022-07-07,44.9,41.4,3.5
6792,2022-07-07,82.5,77.0,5.5
6796,2022-07-07,70.8,69.19,1.602892
8042,2022-07-07,36.0,35.0,1.0
8163,2022-07-07,38.6,35.6,3.0
910861,2022-07-07,7.28,7.03,0.241735
1582,2022-07-08,65.0,59.7,5.3
1612,2022-07-08,20.9,18.1,2.8
2207,2022-07-08,618.0,598.0,20.0
3028,2022-07-08,32.4,28.96,3.438395
3045,2022-07-08,108.0,103.7,4.3
3060,2022-07-08,18.05,17.05,1.0
3441,2022-07-08,33.1,32.6,0.5
3708,2022-07-08,117.5,116.07,1.429273
4741,2022-07-08,23.9,23.1,0.8
4999,2022-07-08,34.6,32.6,2.0
5398,2022-07-08,18.55,18.41,0.135614
5538,2022-07-08,46.8,43.6,3.2
8464,2022-07-08,282.0,271.0,11.0
1451,2022-07-11,21.85,20.85,1.0
1457,2022-07-11,17.75,16.75,1.0
2390,2022-07-11,15.95,14.95,1.0
2477,2022-07-11,21.25,19.75,1.5
3050,2022-07-11,15.8,15.2,0.6
3221,2022-07-11,35.55,33.45,2.095823
3434,2022-07-11,26.45,24.76,1.685849
3481,2022-07-11,12.25,11.19,1.054995
4114,2022-07-11,32.1,28.69,3.414333
4163,2022-07-11,84.1,81.6,2.5
4721,2022-07-11,116.5,112.7,3.8
4927,2022-07-11,65.8,61.8,4.0
5438,2022-07-11,14.95,14.54,0.41
6024,2022-07-11,35.9,34.3,1.6
6112,2022-07-11,35.9,33.4,2.5
6187,2022-07-11,78.5,74.0,4.5
6195,2022-07-11,49.2,44.8,4.4
6215,2022-07-11,22.8,21.0,1.8
6220,2022-07-11,23.25,22.95,0.296654
6449,2022-07-11,44.65,42.65,2.0
6605,2022-07-11,75.9,72.9,3.0
6804,2022-07-11,52.0,51.41,0.593667
8072,2022-07-11,23.0,22.65,0.35
8415,2022-07-11,36.0,34.2,1.8
8431,2022-07-11,55.0,53.2,1.8
9904,2022-07-11,28.7,27.2,1.5
1217,2022-07-12,10.85,10.55,0.3
1233,2022-07-12,34.0,33.2,0.8
1414,2022-07-12,16.75,16.21,0.538
1423,2022-07-12,19.45,18.7,0.75
1618,2022-07-12,12.15,11.65,0.5
2049,2022-07-12,229.5,222.61,6.888407
2061,2022-07-12,18.85,17.85,1.0
2069,2022-07-12,22.45,20.25,2.2
2114,2022-07-12,111.0,104.0,7.0
2221,2022-07-12,34.5,31.5,3.0
2316,2022-07-12,27.55,26.55,1.0
2493,2022-07-12,43.5,40.75,2.75
2597,2022-07-12,94.0,85.0,9.0
2634,2022-07-12,34.35,34.0,0.35
2855,2022-07-12,17.5,15.61,1.89
3034,2022-07-12,300.5,249.0,51.5
3122,2022-07-12,34.9,32.75,2.15251
3171,2022-07-12,17.95,16.38,1.57
3265,2022-07-12,45.7,43.4,2.3
3310,2022-07-12,38.2,36.03,2.165919
3354,2022-07-12,16.15,15.85,0.3
3360,2022-07-12,14.45,12.88,1.568803
4183,2022-07-12,17.9,17.2,0.7
4433,2022-07-12,26.25,25.48,0.765391
4439,2022-07-12,146.0,117.91,28.083334
4994,2022-07-12,40.8,39.3,1.5
5285,2022-07-12,78.0,74.0,4.0
5487,2022-07-12,29.8,28.45,1.352539
6016,2022-07-12,11.25,9.7,1.55
6125,2022-07-12,28.1,26.49,1.613061
6134,2022-07-12,22.6,22.5,0.1
6166,2022-07-12,55.4,55.1,0.3
6173,2022-07-12,38.65,36.64,2.009346
6194,2022-07-12,21.65,21.4,0.25
6196,2022-07-12,107.0,102.55,4.447807
6231,2022-07-12,72.4,67.2,5.2
6251,2022-07-12,19.5,18.8,0.699945
6292,2022-07-12,46.5,42.9,3.6
6488,2022-07-12,435.5,427.5,8.0
6592,2022-07-12,102.0,97.8,4.2
6691,2022-07-12,169.0,155.0,14.0
6788,2022-07-12,109.0,104.0,5.0
8433,2022-07-12,55.7,53.2,2.5
8905,2022-07-12,22.7,20.8,1.9
9902,2022-07-12,11.1,10.6,0.5
1526,2022-07-13,41.9,39.3,2.6
2337,2022-07-13,29.3,27.49,1.800089
2612,2022-07-13,39.6,36.92,2.68
3038,2022-07-13,19.75,18.55,1.2
3048,2022-07-13,30.65,27.25,3.4
3492,2022-07-13,16.4,16.1,0.3
3512,2022-07-13,32.1,29.1,3.0
3532,2022-07-13,153.0,150.78,2.22
3607,2022-07-13,12.85,11.85,1.0
3687,2022-07-13,95.4,94.2,1.2
4104,2022-07-13,65.7,62.2,3.5
4138,2022-07-13,56.8,53.1,3.7
4164,2022-07-13,36.9,34.89,2.005008
4173,2022-07-13,16.85,16.35,0.5
4728,2022-07-13,126.5,122.1,4.4
5245,2022-07-13,55.7,51.22,4.482275
5386,2022-07-13,32.15,29.4,2.751852
6121,2022-07-13,258.0,232.0,26.0
6141,2022-07-13,22.7,21.68,1.013203
6150,2022-07-13,69.6,58.6,11.0
6229,2022-07-13,26.7,24.2,2.5
6285,2022-07-13,67.2,65.09,2.100104
6781,2022-07-13,1035.0,1020.0,15.0
8349,2022-07-13,51.0,49.8,1.2
8349A,2022-07-13,46.05,44.15,1.9
8926,2022-07-13,37.5,35.75,1.75
1312,2022-07-14,20.6,18.6,2.0
1312A,2022-07-14,32.05,29.45,2.6
1338,2022-07-14,57.5,55.0,2.5
1440,2022-07-14,17.85,17.05,0.8
1454,2022-07-14,13.2,12.7,0.5
1522,2022-07-14,27.95,27.45,0.5
1522A,2022-07-14,44.8,44.01,0.789041
1532,2022-07-14,30.45,28.34,2.11
1560,2022-07-14,128.5,125.7,2.796693
1905,2022-07-14,16.65,16.24,0.405867
2009,2022-07-14,26.75,25.75,1.0
2017,2022-07-14,13.45,12.12,1.327359
2029,2022-07-14,25.3,22.75,2.55
2356,2022-07-14,24.0,22.6,1.4
2401,2022-07-14,27.7,25.7,2.0
2453,2022-07-14,26.5,24.6,1.9
2462,2022-07-14,24.7,24.1,0.6
2501,2022-07-14,16.75,16.15,0.6
2617,2022-07-14,27.95,25.95,2.0
2891,2022-07-14,23.45,22.2,1.25
2891B,2022-07-14,63.3,61.05,2.25
2891C,2022-07-14,61.4,59.48,1.92
2903,2022-07-14,19.55,18.65,0.9
3014,2022-07-14,74.7,65.7,9.0
3022,2022-07-14,47.2,44.2,3.0
3024,2022-07-14,11.9,11.6,0.3
3032,2022-07-14,27.75,25.75,2.0
3035,2022-07-14,146.5,143.2,3.3
3044,2022-07-14,107.0,100.0,7.0
3130,2022-07-14,193.5,182.33,11.160835
3376,2022-07-14,77.5,72.5,5.0
3390,2022-07-14,21.35,20.97,0.38
3515,2022-07-14,107.0,94.0,13.0
3530,2022-07-14,81.3,77.8,3.499274
3548,2022-07-14,55.0,53.0,2.0
3597,2022-07-14,23.9,22.2,1.7
3615,2022-07-14,18.15,17.78,0.368306
3653,2022-07-14,293.5,287.5,5.997191
3665,2022-07-14,315.5,306.05,9.449601
4558,2022-07-14,38.8,35.8,3.0
4572,2022-07-14,139.0,134.0,5.0
4904,2022-07-14,83.0,79.75,3.25
4977,2022-07-14,76.9,73.68,3.219592
5220,2022-07-14,30.15,27.95,2.2
5356,2022-07-14,23.05,21.75,1.3
5465,2022-07-14,15.6,14.45,1.15
6005,2022-07-14,12.65,11.0,1.65
6170,2022-07-14,25.6,24.0,1.6
6223,2022-07-14,79.6,75.6,4.0
6257,2022-07-14,50.6,46.47,4.129839
6278,2022-07-14,81.7,75.7,6.0
6462,2022-07-14,85.9,75.9,10.0
6532,2022-07-14,43.5,41.7,1.8
6556,2022-07-14,59.8,56.6,3.2
6609,2022-07-14,30.45,28.95,1.5
6629,2022-07-14,52.1,51.1,1.0
6697,2022-07-14,37.2,35.2,2.0
6715,2022-07-14,154.5,152.7,1.8
6761,2022-07-14,83.3,77.5,5.8
6789,2022-07-14,265.0,263.13,1.864602
8016,2022-07-14,170.0,138.0,32.0
8050,2022-07-14,64.0,61.84,2.164549
8089,2022-07-14,22.0,21.01,0.991671
8112,2022-07-14,38.7,34.7,4.0
8249,2022-07-14,21.95,20.66,1.2885
8367,2022-07-14,37.2,34.4,2.8
8941,2022-07-14,44.2,41.2,3.0
9930,2022-07-14,47.55,45.05,2.5
1446,2022-07-15,32.3,32.0,0.3
1907,2022-07-15,24.2,22.7,1.5
2945,2022-07-15,50.0,47.4,2.593379
3016,2022-07-15,79.9,78.71,1.184839
3037,2022-07-15,153.5,150.1,3.4
3042,2022-07-15,90.9,83.4,7.5
3490,2022-07-15,23.15,21.95,1.2
3546,2022-07-15,70.6,65.6,5.0
3707,2022-07-15,88.0,87.65,0.347335
4205,2022-07-15,103.0,100.0,3.0
4306,2022-07-15,14.85,13.85,0.999933
4960,2022-07-15,9.69,9.18,0.500332
5215,2022-07-15,49.4,44.4,5.0
6197,2022-07-15,36.25,33.25,3.0
6205,2022-07-15,63.1,61.1,1.998453
6405,2022-07-15,21.7,19.7,2.0
6425,2022-07-15,22.2,21.7,0.5
7556,2022-07-15,115.0,108.27,6.730768
8215,2022-07-15,29.6,28.1,1.5
0050,2022-07-18,115.5,113.7,1.8
006203,2022-07-18,56.15,55.32,0.83
006208,2022-07-18,66.8,65.55,1.248
00687B,2022-07-18,36.66,36.36,0.3
00692,2022-07-18,29.73,28.24,1.483
00694B,2022-07-18,38.19,37.94,0.253
00695B,2022-07-18,35.27,35.19,0.081
00696B,2022-07-18,36.65,36.41,0.245
00702,2022-07-18,21.05,20.74,0.31
00714,2022-07-18,19.66,19.53,0.125
00717,2022-07-18,15.07,14.92,0.147
00722B,2022-07-18,39.66,39.24,0.423
00723B,2022-07-18,34.98,34.64,0.344
00724B,2022-07-18,34.26,33.87,0.386
00725B,2022-07-18,36.82,36.4,0.42
00726B,2022-07-18,32.48,32.01,0.47
00727B,2022-07-18,36.61,35.76,0.85
00735,2022-07-18,24.86,24.61,0.25
00736,2022-07-18,18.96,18.78,0.18
00740B,2022-07-18,39.09,38.66,0.432
00741B,2022-07-18,35.68,35.01,0.671
00744B,2022-07-18,43.68,43.01,0.67
00746B,2022-07-18,37.42,37.06,0.357
00749B,2022-07-18,30.64,30.19,0.453
00750B,2022-07-18,35.82,35.37,0.45
00761B,2022-07-18,38.56,38.13,0.43
00772B,2022-07-18,37.0,36.87,0.131
00773B,2022-07-18,36.65,36.51,0.14
00782B,2022-07-18,34.83,34.42,0.41
00784B,2022-07-18,36.24,35.97,0.275
00785B,2022-07-18,35.03,34.66,0.37
00848B,2022-07-18,32.7,32.34,0.358
00849B,2022-07-18,35.07,34.78,0.291
00858,2022-07-18,25.05,23.92,1.128
00882,2022-07-18,13.0,12.15,0.85
00884B,2022-07-18,30.3,29.95,0.354
00888,2022-07-18,12.8,12.63,0.168
00892,2022-07-18,10.8,10.58,0.219
1325,2022-07-18,27.6,25.6,2.0
1410,2022-07-18,34.15,32.85,1.3
1786,2022-07-18,40.0,38.58,1.417565
1806,2022-07-18,10.95,9.95,1.0
2374,2022-07-18,25.0,24.0,1.0
3026,2022-07-18,101.0,92.0,9.0
3227,2022-07-18,94.5,85.5,8.997565
3312,2022-07-18,20.0,17.84,2.153728
3380,2022-07-18,29.4,28.6,0.8
3444,2022-07-18,53.8,51.5,2.3
3450,2022-07-18,41.55,39.75,1.8
3689,2022-07-18,37.7,35.41,2.291651
4120,2022-07-18,34.15,33.3,0.85
4128,2022-07-18,55.0,50.15,4.854015
4706,2022-07-18,17.9,17.0,0.9
6807,2022-07-18,29.75,27.38,2.37
8091,2022-07-18,72.1,68.19,3.909438
8358,2022-07-18,46.25,42.05,4.2
8374,2022-07-18,30.75,29.85,0.9
00719B,2022-07-19,30.76,30.52,0.24
00720B,2022-07-19,36.34,35.85,0.49
00788B,2022-07-19,33.86,33.42,0.44
00789B,2022-07-19,55.05,54.57,0.48
00790B,2022-07-19,53.65,53.12,0.533
00791B,2022-07-19,51.25,50.72,0.528
00870B,2022-07-19,29.8,29.43,0.37
1220,2022-07-19,16.5,15.5,1.0
1236,2022-07-19,26.3,25.8,0.5
1465,2022-07-19,12.55,12.25,0.3
1535,2022-07-19,42.05,39.45,2.6
1615,2022-07-19,32.85,30.85,2.0
1788,2022-07-19,158.5,151.5,7.0
2034,2022-07-19,27.4,25.9,1.497601
2103,2022-07-19,28.1,25.7,2.4
2392,2022-07-19,32.65,31.15,1.5
2397,2022-07-19,59.5,55.9,3.6
2491,2022-07-19,12.75,12.65,0.1
2812,2022-07-19,13.7,12.8,0.890477
2849,2022-07-19,15.1,14.37,0.73
2897,2022-07-19,8.22,7.92,0.299891
2897A,2022-07-19,10.3,9.87,0.425
3147,2022-07-19,46.95,42.95,4.0
3537,2022-07-19,36.35,32.85,3.5
3550,2022-07-19,14.55,14.25,0.3
3564,2022-07-19,28.95,28.35,0.6
3702,2022-07-19,52.8,49.3,3.5
3702A,2022-07-19,49.85,47.85,2.0
4105,2022-07-19,72.5,69.5,3.0
4561,2022-07-19,24.9,24.0,0.9
4953,2022-07-19,77.9,73.31,4.587399
5439,2022-07-19,43.15,39.55,3.6
5483,2022-07-19,144.5,140.0,4.5
5523,2022-07-19,27.8,26.0,1.8
6182,2022-07-19,48.2,46.85,1.35
6189,2022-07-19,40.5,36.82,3.677625
6525,2022-07-19,81.9,76.4,5.5
6727,2022-07-19,67.9,64.9,3.0
8131,2022-07-19,38.25,35.75,2.5
8182,2022-07-19,38.65,35.65,3.0
8472,2022-07-19,43.55,42.05,1.5
9919,2022-07-19,17.15,16.85,0.3
00734B,2022-07-20,15.48,15.26,0.22
00842B,2022-07-20,32.9,32.46,0.44
1503,2022-07-20,63.7,61.9,1.8
2027,2022-07-20,36.05,33.91,2.139109
2206,2022-07-20,36.7,35.39,1.300244
2615,2022-07-20,131.0,104.78,26.217391
2904,2022-07-20,20.8,20.0,0.8
2906,2022-07-20,19.3,18.9,0.4
3617,2022-07-20,70.0,69.0,1.0
4121,2022-07-20,20.0,18.91,1.092146
4130,2022-07-20,25.4,25.05,0.35
4576,2022-07-20,90.0,89.0,1.0
4763,2022-07-20,104.0,103.8,0.197851
4764,2022-07-20,56.0,52.45,3.54717
5608,2022-07-20,33.3,31.3,2.0
5904,2022-07-20,375.0,360.4,14.603958
6126,2022-07-20,20.55,19.22,1.332564
6147,2022-07-20,59.9,53.9,6.0
6206,2022-07-20,92.5,88.5,4.0
6670,2022-07-20,193.0,181.0,12.0
6684,2022-07-20,74.0,63.16,10.838324
6741,2022-07-20,114.0,113.51,0.490163
8039,2022-07-20,43.2,40.7,2.5
8104,2022-07-20,42.05,40.04,2.005315
8467,2022-07-20,77.7,75.7,2.0
00834B,2022-07-21,33.98,33.65,0.33
1101,2022-07-21,41.6,36.91,4.687849
1101B,2022-07-21,52.1,50.35,1.75
1110,2022-07-21,18.25,18.05,0.2
1227,2022-07-21,44.0,42.1,1.9
1417,2022-07-21,10.35,10.0,0.35
1611,2022-07-21,19.9,19.1,0.8
1708,2022-07-21,46.5,44.5,2.0
1734,2022-07-21,28.5,28.3,0.2
1777,2022-07-21,66.5,64.57,1.93148
2013,2022-07-21,53.6,51.6,2.0
2030,2022-07-21,24.05,22.05,2.0
2204,2022-07-21,59.2,53.7,5.5
2239,2022-07-21,60.2,57.7,2.5
2302,2022-07-21,16.65,16.04,0.601312
2329,2022-07-21,16.5,15.5,1.0
2340,2022-07-21,44.4,41.39,3.00028
2449,2022-07-21,40.6,37.6,3.0
2471,2022-07-21,28.0,25.75,2.243811
2607,2022-07-21,29.55,29.15,0.4
3055,2022-07-21,25.65,25.45,0.199916
3209,2022-07-21,38.75,33.65,5.092593
3260,2022-07-21,62.8,57.37,5.433932
3611,2022-07-21,181.0,170.0,11.0
3673,2022-07-21,34.55,33.05,1.5
4506,2022-07-21,72.3,69.1,3.2
4581,2022-07-21,31.85,30.35,1.5
4737,2022-07-21,73.8,71.8,1.999181
4767,2022-07-21,28.8,27.3,1.5
5291,2022-07-21,38.05,36.04,2.013185
5471,2022-07-21,68.0,61.0,7.0
6160,2022-07-21,17.5,17.15,0.35
6640,2022-07-21,93.0,88.0,5.0
6662,2022-07-21,29.5,27.9,1.6
6763,2022-07-21,437.0,408.57,28.428589
8021,2022-07-21,30.1,27.8,2.3
8028,2022-07-21,67.7,63.11,4.586793
8436,2022-07-21,149.0,140.08,8.918921
8931,2022-07-21,29.95,28.45,1.5
9905,2022-07-21,26.15,24.65,1.5
9918,2022-07-21,44.55,42.85,1.7
1234,2022-07-22,34.65,32.95,1.7
1256,2022-07-22,283.0,270.0,13.0
1459,2022-07-22,9.37,9.17,0.2
1762,2022-07-22,57.0,55.7,1.3
2033,2022-07-22,14.9,14.7,0.2
3323,2022-07-22,34.2,32.2,2.0
3426,2022-07-22,38.7,36.7,2.0
3483,2022-07-22,63.0,60.0,2.998365
3645,2022-07-22,40.7,39.5,1.193141
5284,2022-07-22,46.4,44.1,2.3
5546,2022-07-22,56.1,51.1,5.0
5704,2022-07-22,36.7,35.32,1.38
6217,2022-07-22,64.2,58.3,5.895563
6693,2022-07-22,86.8,84.58,2.222222
8068,2022-07-22,30.65,29.75,0.902687
1513,2022-07-25,54.8,52.0,2.8
1701,2022-07-25,22.0,21.1,0.9
1725,2022-07-25,23.5,22.27,1.23
2105,2022-07-25,35.6,34.4,1.2
2360,2022-07-25,161.0,154.01,6.980892
2414,2022-07-25,34.1,31.3,2.8
2605,2022-07-25,25.5,24.5,1.0
2852,2022-07-25,15.8,14.59,1.21
3033,2022-07-25,28.85,25.84,3.007259
3081,2022-07-25,129.5,126.0,3.500019
3526,2022-07-25,154.0,142.92,11.076039
3551,2022-07-25,59.0,55.5,3.5
4564,2022-07-25,29.05,27.75,1.3
4912,2022-07-25,113.5,112.49,1.005273
6188,2022-07-25,42.25,39.45,2.8
6417,2022-07-25,73.9,72.4,1.5
6435,2022-07-25,123.5,116.3,7.2
8069,2022-07-25,188.0,184.8,3.2
1104,2022-07-26,22.35,21.35,1.0
1201,2022-07-26,20.6,20.09,0.501
1434,2022-07-26,26.5,25.5,1.0
1436,2022-07-26,61.9,57.74,4.154166
1809,2022-07-26,11.95,11.7,0.25
2002,2022-07-26,31.3,28.2,3.1
2002A,2022-07-26,50.9,47.8,3.1
2014,2022-07-26,28.7,25.9,2.8
2235,2022-07-26,40.6,39.1,1.5
2355,2022-07-26,28.85,28.35,0.5
4305,2022-07-26,30.75,28.95,1.8
4935,2022-07-26,60.3,55.3,5.0
4968,2022-07-26,141.0,140.32,0.678727
5443,2022-07-26,26.9,25.4,1.5
6593,2022-07-26,33.7,33.0,0.7
8044,2022-07-26,67.0,66.49,0.507556
8085,2022-07-26,20.0,19.8,0.2
8411,2022-07-26,16.2,15.8,0.4
9925,2022-07-26,40.6,38.6,2.0
9926,2022-07-26,53.3,51.3,2.0
9937,2022-07-26,49.65,47.55,2.1
9941,2022-07-26,214.0,175.9,38.091289
9941A,2022-07-26,52.9,48.75,4.148725
1785,2022-07-27,39.0,37.51,1.490564
1810,2022-07-27,11.4,11.2,0.2
2332,2022-07-27,16.3,16.0,0.3
2881,2022-07-27,59.2,55.7,3.5
2881A,2022-07-27,63.3,60.84,2.46
2881B,2022-07-27,61.9,59.74,2.16
2881C,2022-07-27,59.1,58.76,0.33041
3094,2022-07-27,27.7,26.71,0.98925
3293,2022-07-27,782.0,366.0,416.0
3406,2022-07-27,406.5,398.5,7.9943
3531,2022-07-27,23.15,21.95,1.2
3567,2022-07-27,30.85,28.25,2.6
4137,2022-07-27,195.5,183.5,12.0
4746,2022-07-27,48.4,46.4,2.0
5011,2022-07-27,27.85,27.35,0.50089
5371,2022-07-27,56.5,52.5,4.0
6177,2022-07-27,30.85,27.85,3.0
6442,2022-07-27,45.9,44.7,1.2
6451,2022-07-27,69.9,67.34,2.56
6464,2022-07-27,88.8,83.46,5.334654
6721,2022-07-27,52.5,48.94,3.555556
6829,2022-07-27,72.6,68.96,3.636364
8383,2022-07-27,38.4,35.79,2.612786
1102,2022-07-28,44.45,41.05,3.399659
1304,2022-07-28,24.8,22.6,2.2
1305,2022-07-28,27.85,25.35,2.5
1308,2022-07-28,29.05,26.05,3.0
1309,2022-07-28,27.95,24.71,3.235715
1402,2022-07-28,31.75,30.25,1.5
1470,2022-07-28,19.45,18.65,0.8
1473,2022-07-28,20.6,20.5,0.1
1525,2022-07-28,59.5,57.4,2.1
1558,2022-07-28,139.0,130.5,8.5
1617,2022-07-28,16.0,15.17,0.822971
1717,2022-07-28,33.3,31.8,1.5
1720,2022-07-28,46.9,44.4,2.5
1730,2022-07-28,59.0,56.0,3.0
2228,2022-07-28,62.6,60.6,2.0
2250,2022-07-28,84.3,81.07,3.222222
2352,2022-07-28,30.6,28.1,2.5
2431,2022-07-28,10.5,10.05,0.45
2511,2022-07-28,11.85,11.35,0.5
2640,2022-07-28,80.0,76.5,3.5
2836,2022-07-28,14.3,13.49,0.804855
2884,2022-07-28,29.35,26.86,2.480784
2937,2022-07-28,39.15,36.9,2.246023
3131,2022-07-28,244.5,227.5,17.0
3189,2022-07-28,149.0,144.5,4.5
3219,2022-07-28,83.0,80.5,2.5
3454,2022-07-28,81.0,79.6,1.4
3545,2022-07-28,96.7,80.86,15.836297
3556,2022-07-28,68.2,60.77,7.430769
3631,2022-07-28,45.15,44.65,0.5
4417,2022-07-28,34.9,32.8,2.1
4551,2022-07-28,164.0,159.0,5.0
4566,2022-07-28,49.25,48.06,1.184763
4971,2022-07-28,69.7,68.2,1.500074
4989,2022-07-28,28.5,27.0,1.5
5014,2022-07-28,17.75,16.55,1.2
5425,2022-07-28,80.5,78.0,2.5
5468,2022-07-28,20.8,20.17,0.625298
5530,2022-07-28,41.1,39.9,1.2
6015,2022-07-28,13.8,11.32,2.479245
6138,2022-07-28,136.5,127.48,9.020368
6175,2022-07-28,32.55,31.05,1.5
6244,2022-07-28,27.55,26.95,0.60099
6263,2022-07-28,78.4,73.7,4.7
6270,2022-07-28,23.7,21.7,2.0
6290,2022-07-28,53.6,51.6,2.0
6664,2022-07-28,82.7,77.8,4.9
6706,2022-07-28,126.0,116.0,10.0
8155,2022-07-28,125.0,119.0,6.0
8390,2022-07-28,29.6,27.8,1.8
1519,2022-07-29,37.75,36.75,1.0
2233,2022-07-29,116.0,110.6,5.4
2357,2022-07-29,319.0,277.0,42.0
2402,2022-07-29,14.9,14.4,0.5
3311,2022-07-29,33.1,32.63,0.47
3432,2022-07-29,15.0,14.5,0.5
3588,2022-07-29,78.8,70.55,8.24319
5276,2022-07-29,14.85,14.74,0.1095
5289,2022-07-29,176.5,160.24,16.259021
5706,2022-07-29,69.0,61.81,7.181818
6239,2022-07-29,90.4,83.6,6.8
6277,2022-07-29,77.3,74.4,2.9
6414,2022-07-29,218.5,211.5,7.0
9908,2022-07-29,33.85,32.75,1.1
1463,2022-08-01,14.0,13.6,0.4
1474,2022-08-01,12.1,11.6,0.5
2382,2022-08-01,84.6,78.0,6.6
2427,2022-08-01,12.75,12.4,0.35
2495,2022-08-01,15.0,14.6,0.4
2520,2022-08-01,30.0,27.5,2.5
2546,2022-08-01,55.7,48.27,7.427273
2596,2022-08-01,19.45,17.95,1.5
2889,2022-08-01,14.1,13.42,0.671429
3501,2022-08-01,44.9,42.9,2.0
4526,2022-08-01,13.9,13.7,0.2
4536,2022-08-01,147.0,141.0,6.0
4720,2022-08-01,13.8,13.6,0.2
4919,2022-08-01,119.5,114.5,5.0
5213,2022-08-01,22.9,21.03,1.866628
5299,2022-08-01,148.0,136.41,11.585634
5515,2022-08-01,13.65,12.62,1.021587
6190,2022-08-01,35.95,34.56,1.393477
8478,2022-08-01,200.0,195.0,5.0
1336,2022-08-02,20.8,20.4,0.4
1442,2022-08-02,22.85,21.65,1.2
1540,2022-08-02,14.3,14.0,0.3
2312,2022-08-02,12.85,12.65,0.198382
2348,2022-08-02,94.6,79.63,14.963636
2348A,2022-08-02,36.95,36.5,0.442739
2472,2022-08-02,57.7,54.5,3.197918
2537,2022-08-02,9.07,8.17,0.9
2834,2022-08-02,12.5,11.95,0.542431
3062,2022-08-02,30.6,30.55,0.05
3167,2022-08-02,56.6,52.6,4.0
3672,2022-08-02,36.3,36.2,0.1
4106,2022-08-02,25.85,25.3,0.55
4533,2022-08-02,10.8,10.45,0.35
5312,2022-08-02,63.5,59.2,4.3
6207,2022-08-02,27.6,26.1,1.5
6469,2022-08-02,319.0,253.78,65.221161
6671,2022-08-02,44.0,41.0,3.0
6799,2022-08-02,129.5,126.77,2.728482
8110,2022-08-02,12.7,12.57,0.13
8404,2022-08-02,31.4,28.9,2.5
8916,2022-08-02,45.05,42.05,2.997333
8916A,2022-08-02,50.5,48.0,2.5
9935,2022-08-02,18.3,17.79,0.51
1240,2022-08-03,46.95,44.95,2.0
1813,2022-08-03,19.5,19.0,0.5
2351,2022-08-03,118.0,115.0,3.0
2393,2022-08-03,40.95,37.45,3.5
2912,2022-08-03,284.5,275.5,9.0
3128,2022-08-03,19.45,18.75,0.7
3533,2022-08-03,651.0,635.07,15.923491
4933,2022-08-03,36.8,33.48,3.317444
5903,2022-08-03,188.5,183.8,4.7
6209,2022-08-03,29.75,29.25,0.5
6426,2022-08-03,58.0,56.0,2.0
6547,2022-08-03,188.0,126.79,61.213331
6743,2022-08-03,35.5,35.0,0.5
9938,2022-08-03,59.2,55.7,3.5
1103,2022-08-04,17.9,17.25,0.65
1109,2022-08-04,19.85,18.34,1.503513
1216,2022-08-04,68.5,65.8,2.7
1530,2022-08-04,30.8,29.3,1.5
1589,2022-08-04,55.0,54.4,0.6
1713,2022-08-04,24.25,23.4,0.85
1714,2022-08-04,9.32,8.9,0.42
1795,2022-08-04,133.5,131.56,1.931215
2342,2022-08-04,37.2,36.7,0.5
2345,2022-08-04,253.0,247.0,5.9987
2369,2022-08-04,16.6,15.31,1.289126
2376,2022-08-04,92.3,80.3,12.0
2611,2022-08-04,21.15,18.31,2.831819
2618,2022-08-04,30.75,30.15,0.591694
2643,2022-08-04,75.5,70.5,5.0
2816,2022-08-04,16.9,15.9,1.0
2892,2022-08-04,26.95,25.44,1.508824
3306,2022-08-04,24.95,24.15,0.8
3332,2022-08-04,47.5,46.5,1.0
3489,2022-08-04,10.3,9.8,0.5
3712,2022-08-04,28.45,26.95,1.5
4736,2022-08-04,196.5,181.56,14.944795
4766,2022-08-04,135.5,129.5,6.0
4961,2022-08-04,130.5,113.5,17.0
5410,2022-08-04,25.5,23.65,1.845477
5450,2022-08-04,17.6,17.0,0.6
5457,2022-08-04,51.1,48.6,2.500264
6158,2022-08-04,28.85,27.85,1.0
6201,2022-08-04,42.2,39.2,3.0
6284,2022-08-04,47.05,45.85,1.2
6457,2022-08-04,84.8,73.91,10.89
6538,2022-08-04,70.0,67.5,2.5
8437,2022-08-04,114.0,110.0,4.0
8928,2022-08-04,43.75,41.25,2.5
3252,2022-08-05,21.8,21.3,0.5
5543,2022-08-05,61.4,59.4,2.0
6275,2022-08-05,31.45,29.25,2.195034
8103,2022-08-05,36.45,34.45,2.0
2534,2022-08-08,24.6,23.4,1.2
4580,2022-08-08,90.4,85.18,5.216753
4987,2022-08-08,59.9,51.73,8.172727
5519,2022-08-08,22.65,20.65,2.0
5607,2022-08-08,49.75,48.15,1.6
6703,2022-08-08,103.0,85.66,17.343626
8480,2022-08-08,66.6,63.4,3.2
1455,2022-08-09,11.3,10.5,0.8
1815,2022-08-09,13.1,12.14,0.96398
2023,2022-08-09,15.9,15.4,0.5
2358,2022-08-09,15.15,15.13,0.013176
2547,2022-08-09,9.24,9.04,0.2
2915,2022-08-09,64.5,59.5,5.0
3152,2022-08-09,177.5,169.5,8.0
4416,2022-08-09,81.2,76.24,4.962922
5469,2022-08-09,31.8,29.6,2.2
6191,2022-08-09,28.9,27.14,1.751075
6202,2022-08-09,82.0,73.87,8.1229
8099,2022-08-09,41.75,39.95,1.8
8171,2022-08-09,41.95,40.52,1.432784
8183,2022-08-09,58.5,57.24,1.255219
9942,2022-08-09,89.9,84.9,5.0
2492,2022-08-10,93.9,89.39,4.509282
2890,2022-08-10,17.7,16.73,0.967327
3138,2022-08-10,125.5,122.5,3.0
3581,2022-08-10,21.55,20.55,1.0
5278,2022-08-10,268.5,180.63,87.867214
5880,2022-08-10,28.5,26.69,1.800971
1419,2022-08-11,40.7,39.7,1.0
1444,2022-08-11,10.35,10.05,0.3
1569,2022-08-11,27.4,25.8,1.6
1583,2022-08-11,62.0,59.5,2.5
2365,2022-08-11,11.05,10.85,0.2
2387,2022-08-11,41.1,38.1,3.0
2476,2022-08-11,53.8,51.72,2.0784
2641,2022-08-11,22.25,21.42,0.831811
2801,2022-08-11,18.2,17.52,0.675248
2880,2022-08-11,24.35,22.79,1.555029
2886,2022-08-11,37.2,34.92,2.273171
3268,2022-08-11,20.3,19.7,0.6
3558,2022-08-11,232.0,229.0,3.0
4161,2022-08-11,24.1,23.8,0.3
4528,2022-08-11,35.4,32.18,3.218182
5203,2022-08-11,90.4,88.68,1.714498
5223,2022-08-11,48.5,45.8,2.7
6143,2022-08-11,53.1,50.6,2.5
6210,2022-08-11,41.6,38.6,3.0
8473,2022-08-11,30.1,29.25,0.85
8917,2022-08-11,97.0,87.18,9.818182
9914,2022-08-11,233.0,225.0,8.0
9960,2022-08-11,27.1,25.4,1.7
2885,2022-08-12,21.2,20.58,0.617476
3071,2022-08-12,28.6,27.0,1.6
3088,2022-08-12,59.7,56.66,3.043286
9945,2022-08-12,64.5,62.5,2.0
3114,2022-08-15,28.6,26.13,2.467925
4162,2022-08-15,87.5,84.8,2.7
4744,2022-08-15,28.05,26.85,1.199117
6411,2022-08-15,112.0,104.84,7.15912
6416,2022-08-15,96.5,94.5,2.0
00679B,2022-08-16,35.01,34.72,0.29
00701,2022-08-16,25.23,24.98,0.25
00718B,2022-08-16,20.59,20.17,0.418
00721B,2022-08-16,46.87,46.01,0.86
00748B,2022-08-16,43.82,43.02,0.8
00754B,2022-08-16,40.03,39.68,0.349
00755B,2022-08-16,37.27,36.9,0.374
00756B,2022-08-16,34.88,34.47,0.413
00771,2022-08-16,17.9,17.74,0.16
00772B,2022-08-16,37.93,37.79,0.138
00773B,2022-08-16,38.15,38.0,0.148
00780B,2022-08-16,37.42,36.99,0.43
00786B,2022-08-16,35.77,35.31,0.46
00794B,2022-08-16,40.85,40.23,0.618
00795B,2022-08-16,35.4,35.11,0.289
00799B,2022-08-16,36.1,35.69,0.41
00840B,2022-08-16,34.14,33.85,0.29
00841B,2022-08-16,34.01,33.69,0.32
00845B,2022-08-16,31.76,31.45,0.313
00846B,2022-08-16,33.01,32.75,0.263
00847B,2022-08-16,29.57,29.29,0.276
00860B,2022-08-16,37.04,36.78,0.258
00878,2022-08-16,17.33,17.05,0.28
00881,2022-08-16,15.22,14.96,0.26
00890B,2022-08-16,35.12,34.7,0.42
00891,2022-08-16,12.33,12.07,0.26
00894,2022-08-16,12.35,12.16,0.19
00900,2022-08-16,12.5,11.3,1.2
2301,2022-08-16,68.3,66.8,1.5
3552,2022-08-16,161.5,159.0,2.5
3605,2022-08-16,39.35,37.85,1.499756
3624,2022-08-16,53.9,51.7,2.2
6234,2022-08-16,19.4,18.65,0.75
6666,2022-08-16,56.9,55.4,1.5
8043,2022-08-16,26.75,25.75,1.0
00758B,2022-08-17,54.6,54.05,0.55
00759B,2022-08-17,59.9,59.35,0.55
00760B,2022-08-17,55.65,55.02,0.63
1537,2022-08-17,145.5,138.5,7.0
2338,2022-08-17,78.0,76.0,2.0
2377,2022-08-17,127.5,117.0,10.5
3178,2022-08-17,65.0,64.0,1.0
3232,2022-08-17,28.2,27.7,0.5
3550,2022-08-17,15.15,14.7,0.441263
4113,2022-08-17,12.25,11.85,0.4
4916,2022-08-17,26.25,25.75,0.5
6432,2022-08-17,33.5,31.9,1.6
6667,2022-08-17,75.4,72.34,3.059478
8049,2022-08-17,27.15,25.05,2.1
00775B,2022-08-18,36.09,35.77,0.32
00844B,2022-08-18,33.95,33.61,0.34
00867B,2022-08-18,34.05,33.7,0.355
1339,2022-08-18,45.85,43.85,2.0
2024,2022-08-18,22.2,21.0,1.2
2399,2022-08-18,16.3,15.1,1.2
2426,2022-08-18,19.95,18.95,1.0
2729,2022-08-18,235.0,175.67,59.3346
2754,2022-08-18,90.8,90.35,0.449747
3008,2022-08-18,2075.0,2035.5,39.5
3169,2022-08-18,136.0,131.0,5.0
3628,2022-08-18,41.7,40.45,1.25
6591,2022-08-18,47.85,47.15,0.695057
1324,2022-08-19,11.4,11.2,0.2
1584,2022-08-19,22.3,21.45,0.846065
3023,2022-08-19,285.5,278.54,6.958319
3691,2022-08-19,169.5,160.01,9.490287
4754,2022-08-19,40.4,35.82,4.581818
4908,2022-08-19,40.9,39.1,1.8
5489,2022-08-19,35.1,34.1,1.0
9921,2022-08-19,265.0,255.0,10.0
1565,2022-08-22,278.0,263.0,15.0
2527,2022-08-22,26.9,23.9,3.0
2755,2022-08-22,85.5,75.91,9.590909
3646,2022-08-22,26.9,25.22,1.677231
3663,2022-08-22,31.45,30.55,0.9
4111,2022-08-22,24.65,23.65,1.0
4568,2022-08-22,68.9,65.6,3.297022
6183,2022-08-22,63.7,61.65,2.05
6226,2022-08-22,13.3,13.18,0.12
6499,2022-08-22,72.7,59.75,12.95
6603,2022-08-22,18.85,18.19,0.663726
8466,2022-08-22,42.6,41.9,0.7
1240,2022-08-23,46.3,44.1,2.204762
1737,2022-08-23,34.3,32.8,1.5
2901,2022-08-23,23.55,23.48,0.065343
2904,2022-08-23,21.3,20.81,0.486161
3317,2022-08-23,64.2,63.0,1.2
3535,2022-08-23,26.8,26.3,0.5
4554,2022-08-23,32.7,31.8,0.9
4907,2022-08-23,25.3,24.0,1.3
4966,2022-08-23,928.0,909.77,18.227948
5228,2022-08-23,21.35,20.91,0.441179
6167,2022-08-23,15.4,15.21,0.19
6651,2022-08-23,84.1,76.28,7.816509
6683,2022-08-23,200.0,192.24,7.757026
6770,2022-08-23,35.05,34.32,0.729037
8096,2022-08-23,13.8,13.22,0.580488
1466,2022-08-24,13.0,12.0,1.0
1527,2022-08-24,43.85,41.45,2.4
1709,2022-08-24,26.1,24.4,1.7
1726,2022-08-24,73.8,70.3,3.5
2066,2022-08-24,72.8,70.8,2.0
2363,2022-08-24,23.7,20.81,2.881818
2428,2022-08-24,143.0,136.7,6.3
2702,2022-08-24,33.0,23.7,9.296297
2887,2022-08-24,17.35,15.95,1.394784
3226,2022-08-24,63.2,60.7,2.5
3591,2022-08-24,18.0,16.85,1.148598
4549,2022-08-24,92.0,82.88,9.117116
4956,2022-08-24,17.15,16.75,0.4
5452,2022-08-24,15.9,15.1,0.8
6261,2022-08-24,71.7,66.7,5.0
6409,2022-08-24,1800.0,1776.44,23.553022
6728,2022-08-24,159.5,150.5,9.0
6823,2022-08-24,99.7,92.42,7.277912
8410,2022-08-24,33.85,33.25,0.6
9105,2022-08-24,3.8,3.78,0.01629
1215,2022-08-25,83.9,76.27,7.627273
1321,2022-08-25,37.5,36.8,0.7
1528,2022-08-25,10.9,10.8,0.1
1541,2022-08-25,41.4,38.9,2.5
2201,2022-08-25,40.7,39.2,1.5
2227,2022-08-25,213.5,204.44,9.06
2383,2022-08-25,173.0,163.0,10.0
2439,2022-08-25,83.4,79.42,3.970826
2441,2022-08-25,65.3,60.3,5.0
2460,2022-08-25,17.45,17.15,0.3
2748,2022-08-25,44.9,44.4,0.5
3017,2022-08-25,117.0,112.7,4.3
3021,2022-08-25,22.4,21.45,0.94369
3078,2022-08-25,35.2,31.95,3.25
3206,2022-08-25,28.9,27.1,1.8
3704,2022-08-25,28.45,27.94,0.508739
4430,2022-08-25,22.55,22.05,0.5
4438,2022-08-25,129.5,125.3,4.2
4768,2022-08-25,171.5,164.85,6.645628
4905,2022-08-25,52.1,50.87,1.231538
4942,2022-08-25,40.5,37.5,3.0
5269,2022-08-25,960.0,933.99,26.001016
5514,2022-08-25,19.5,18.75,0.75
6108,2022-08-25,17.65,16.6,1.05
6109,2022-08-25,15.3,14.7,0.596382
6118,2022-08-25,41.95,41.65,0.3
6227,2022-08-25,41.05,37.7,3.35
6230,2022-08-25,108.5,107.89,0.61
6582,2022-08-25,90.9,75.9,15.0
6752,2022-08-25,67.0,63.21,3.792453
8047,2022-08-25,12.75,12.5,0.25
8234,2022-08-25,33.8,32.8,1.0
8489,2022-08-25,27.9,27.7,0.2
1108,2022-08-26,11.8,11.2,0.6
1225,2022-08-26,55.0,53.4,1.6
1591,2022-08-26,20.2,19.7,0.5
1722,2022-08-26,65.9,63.1,2.8
1776,2022-08-26,20.15,18.65,1.5
2038,2022-08-26,24.35,22.85,1.5
3218,2022-08-26,355.5,338.57,16.928571
3236,2022-08-26,23.9,23.3,0.6
3693,2022-08-26,64.6,63.1,1.5
4401,2022-08-26,29.3,27.45,1.84902
5243,2022-08-26,69.0,67.6,1.4
5464,2022-08-26,26.8,24.8,2.0
5534,2022-08-26,77.9,73.49,4.409577
6168,2022-08-26,21.2,19.7,1.5
6171,2022-08-26,30.5,25.13,5.370134
6221,2022-08-26,63.7,54.53,9.173808
6279,2022-08-26,162.0,157.0,5.0
6482,2022-08-26,45.5,41.36,4.136364
6509,2022-08-26,44.55,43.3,1.25
6806,2022-08-26,85.5,76.81,8.681819
8032,2022-08-26,34.15,32.35,1.8
8289,2022-08-26,41.35,39.25,2.1
1453,2022-08-29,24.1,23.39,0.701942
1514,2022-08-29,36.2,33.76,2.438095
1531,2022-08-29,15.1,14.4,0.7
1539,2022-08-29,48.95,48.15,0.8
1597,2022-08-29,80.0,72.72,7.272728
1603,2022-08-29,26.7,26.2,0.5
1609,2022-08-29,23.35,21.69,1.651887
2211,2022-08-29,64.2,61.2,3.0
2420,2022-08-29,43.95,40.95,3.0
2442,2022-08-29,13.1,12.26,0.831212
3162,2022-08-29,49.85,48.64,1.212062
3188,2022-08-29,15.5,12.91,2.594475
5013,2022-08-29,35.1,33.1,2.0
5202,2022-08-29,18.0,17.32,0.679
5392,2022-08-29,21.7,21.4,0.301784
5603,2022-08-29,46.8,32.92,13.876923
6216,2022-08-29,32.5,30.83,1.666821
6245,2022-08-29,71.3,68.3,3.000023
1210,2022-08-30,50.7,48.28,2.414286
1229,2022-08-30,58.8,56.0,2.8
1235,2022-08-30,71.2,54.84,16.35625
1268,2022-08-30,112.0,109.0,3.0
1409,2022-08-30,19.3,17.9,1.4
2023,2022-08-30,15.95,15.19,0.759524
2059,2022-08-30,463.0,452.12,10.88
2328,2022-08-30,35.15,34.15,1.0
2484,2022-08-30,41.3,39.8,1.5
2506,2022-08-30,10.0,9.9,0.1
2630,2022-08-30,17.85,16.6,1.244155
3086,2022-08-30,86.8,73.74,13.06087
3349,2022-08-30,17.2,15.77,1.430769
4104,2022-08-30,68.5,65.23,3.261905
4207,2022-08-30,14.8,13.64,1.159447
4707,2022-08-30,13.3,12.23,1.067442
5206,2022-08-30,14.15,13.67,0.48
6472,2022-08-30,346.5,314.88,31.622926
6719,2022-08-30,300.0,292.5,7.494971
8071,2022-08-30,20.55,19.35,1.2
8076,2022-08-30,33.25,30.79,2.455608
8403,2022-08-30,37.9,35.62,2.280952
8488,2022-08-30,16.6,16.3,0.3
2415,2022-08-31,33.8,29.28,4.511112
2539,2022-08-31,35.1,30.63,4.461592
2732,2022-08-31,102.5,100.5,1.999191
4107,2022-08-31,115.5,111.0,4.5
4555,2022-08-31,57.1,55.32,1.776545
01003T,2022-09-01,19.89,19.68,0.203386
1203,2022-09-01,33.25,32.15,1.1
1586,2022-09-01,38.75,38.09,0.658771
2436,2022-09-01,56.5,53.5,3.0
2465,2022-09-01,38.35,33.95,4.395455
2489,2022-09-01,12.8,11.47,1.32381
3455,2022-09-01,92.2,86.7,5.5
3653,2022-09-01,400.0,363.64,36.351405
5288,2022-09-01,168.0,163.5,4.5
6140,2022-09-01,18.6,16.91,1.690909
3577,2022-09-02,86.6,77.36,9.236363
5283,2022-09-02,112.0,108.0,4.0
01010T,2022-09-05,10.3,10.11,0.186944
1315,2022-09-05,70.7,68.2,2.5
1533,2022-09-05,62.0,61.7,0.3
1784,2022-09-05,43.05,42.56,0.485798
2106,2022-09-05,34.25,33.25,1.0
2474,2022-09-05,181.0,170.78,10.213949
3484,2022-09-05,62.1,58.0,4.1
4160,2022-09-05,25.1,24.81,0.29097
4540,2022-09-05,46.55,45.25,1.3
4807,2022-09-05,23.6,21.94,1.65971
5328,2022-09-05,10.15,10.0,0.15
7402,2022-09-05,51.5,48.11,3.394164
1732,2022-09-06,37.7,37.35,0.35
2364,2022-09-06,121.5,120.5,1.0
2468,2022-09-06,19.7,19.3,0.4
2706,2022-09-06,14.2,14.06,0.14
2752,2022-09-06,198.0,176.79,21.214285
2845,2022-09-06,12.3,11.43,0.868393
3025,2022-09-06,21.25,20.85,0.4
3622,2022-09-06,29.6,28.4,1.2
6139,2022-09-06,32.2,30.7,1.5
6552,2022-09-06,41.3,39.3,2.0
9927,2022-09-06,41.8,37.3,4.5
1529,2022-09-07,18.65,17.24,1.40701
1590,2022-09-07,787.0,773.69,13.305
1736,2022-09-07,59.3,58.8,0.5
3372,2022-09-07,14.3,13.3,0.998
3675,2022-09-07,218.0,213.0,5.0
4735,2022-09-07,38.3,37.8,0.5
5512,2022-09-07,9.09,8.79,0.3
6203,2022-09-07,57.0,52.0,5.0
8107,2022-09-07,20.75,20.6,0.15
8147,2022-09-07,51.5,50.46,1.040224
8908,2022-09-07,84.0,73.04,10.956522
9906,2022-09-07,49.1,48.44,0.658309
9951,2022-09-07,66.2,62.9,3.3
2012,2022-09-08,24.35,23.19,1.159524
2461,2022-09-08,18.0,17.7,0.3
2905,2022-09-08,17.2,16.03,1.160396
2915,2022-09-08,55.2,53.45,1.742251
3346,2022-09-08,39.25,38.63,0.62
4123,2022-09-08,60.6,50.76,9.841877
4556,2022-09-08,30.45,30.1,0.35
6235,2022-09-08,41.85,40.59,1.25102
8349,2022-09-08,69.6,63.27,6.327273
2379,2022-09-12,331.5,304.5,27.0
2923,2022-09-12,22.5,21.3,1.2
6163,2022-09-12,15.6,15.29,0.309859
6485,2022-09-12,76.7,71.72,4.982163
8444,2022-09-12,45.4,45.1,0.3
1591,2022-09-13,17.95,17.1,0.854762
1593,2022-09-13,70.8,67.2,3.59585
3322,2022-09-13,23.0,22.4,0.597905
4171,2022-09-13,83.1,71.0,12.1
6111,2022-09-13,79.2,58.62,20.584616
6504,2022-09-13,83.0,81.8,1.2
8423,2022-09-13,19.15,18.3,0.849029
1310,2022-09-14,14.5,14.35,0.15
1615,2022-09-14,31.2,28.88,2.311111
2701,2022-09-14,12.3,12.13,0.165
3437,2022-09-14,19.25,18.8,0.45
5351,2022-09-14,46.15,43.2,2.952897
5516,2022-09-14,19.55,17.32,2.231818
6154,2022-09-14,18.05,16.85,1.2
8927,2022-09-14,40.05,36.36,3.694271
01009T,2022-09-15,9.05,8.89,0.154461
2109,2022-09-15,15.25,14.75,0.5
2330,2022-09-15,480.0,477.25,2.75
910861,2022-09-15,6.91,6.86,0.044298
9802,2022-09-15,201.5,198.55,2.940763
2236,2022-09-16,21.8,21.62,0.18
3272,2022-09-16,33.85,32.83,1.018748
3661,2022-09-16,944.0,932.64,11.353974
5403,2022-09-16,74.3,66.94,7.355131
6026,2022-09-16,15.8,12.1,3.7
00713,2022-09-19,39.98,38.53,1.45
00764B,2022-09-19,35.7,35.46,0.237
00765B,2022-09-19,41.12,40.51,0.61
00772B,2022-09-19,36.57,36.42,0.15
00773B,2022-09-19,36.5,36.34,0.156
00777B,2022-09-19,36.12,35.77,0.35
00778B,2022-09-19,35.95,35.56,0.395
00779B,2022-09-19,35.78,35.58,0.2
00781B,2022-09-19,34.55,34.15,0.4
00792B,2022-09-19,34.71,34.35,0.365
00793B,2022-09-19,34.74,34.33,0.41
00836B,2022-09-19,31.96,31.62,0.344
00856B,2022-09-19,38.68,38.39,0.293
00857B,2022-09-19,29.75,29.5,0.249
00859B,2022-09-19,39.81,39.69,0.12
00862B,2022-09-19,32.4,32.04,0.364
00863B,2022-09-19,33.4,33.05,0.349
00883B,2022-09-19,32.44,32.14,0.297
00896,2022-09-19,13.48,13.24,0.24
2540,2022-09-19,150.0,88.78,61.212122
3232,2022-09-19,34.1,31.29,2.813099
4716,2022-09-19,15.75,13.33,2.421837
5306,2022-09-19,169.5,167.25,2.25
6574,2022-09-19,51.1,49.96,1.14
00697B,2022-09-20,37.51,37.24,0.27
00710B,2022-09-20,18.2,17.94,0.26
00711B,2022-09-20,16.4,16.22,0.18
00712,2022-09-20,11.85,11.62,0.225
00751B,2022-09-20,36.26,35.82,0.44
00787B,2022-09-20,35.66,35.21,0.45
1517,2022-09-20,25.15,24.35,0.8
1599,2022-09-20,50.6,47.6,3.0
2743,2022-09-20,72.7,70.18,2.521403
4303,2022-09-20,19.65,18.55,1.1
6218,2022-09-20,19.75,18.75,1.0
9958,2022-09-20,80.8,77.81,2.989051
00831B,2022-09-21,38.3,38.1,0.2
00853B,2022-09-21,29.82,29.52,0.3
2358,2022-09-21,14.45,14.36,0.083446
2488,2022-09-21,30.6,29.4,1.2
3059,2022-09-21,36.65,35.96,0.687886
4554,2022-09-21,34.35,31.51,2.836239
5321,2022-09-21,89.2,77.13,12.069565
9946,2022-09-21,13.65,12.97,0.68
2515,2022-09-22,9.0,8.46,0.534
2881,2022-09-22,56.5,53.8,2.690476
6204,2022-09-22,53.5,51.5,2.0
8354,2022-09-22,15.0,14.2,0.8
01004T,2022-09-26,16.0,15.81,0.189242
1808,2022-09-26,72.0,60.86,11.130435
2542,2022-09-26,47.8,39.8,7.993623
6446,2022-09-26,580.0,570.47,9.5254
6523,2022-09-26,99.7,97.7,2.0
1516,2022-09-27,24.0,22.44,1.552144
2756,2022-09-27,114.0,93.33,20.666667
6508,2022-09-27,45.4,42.41,2.986371
3052,2022-09-29,10.05,9.79,0.25223
3290,2022-09-29,19.6,19.1,0.5
3465,2022-09-29,94.2,92.2,2.0
4763,2022-09-29,124.5,119.63,4.869526
3356,2022-10-04,30.9,29.7,1.2
3379,2022-10-04,11.6,11.35,0.25
5278,2022-10-04,173.0,171.04,1.964365
6122,2022-10-04,15.5,15.1,0.4
8906,2022-10-06,19.4,19.3,0.1
3594,2022-10-07,27.3,27.21,0.094884
2231,2022-10-11,164.0,149.09,14.90909
2947,2022-10-11,97.5,96.3,1.2
1742,2022-10-13,18.95,16.32,2.628512
8121,2022-10-13,26.85,26.03,0.823968
8411,2022-10-13,13.9,13.62,0.275644
6123,2022-10-14,54.9,54.47,0.427609
4912,2022-10-17,70.5,70.0,0.5
5522,2022-10-18,55.2,53.2,2.0
6156,2022-10-18,16.35,15.83,0.516065
0056,2022-10-19,25.84,23.74,2.1
006204,2022-10-19,68.15,65.47,2.677
00687B,2022-10-19,33.25,32.9,0.35
00694B,2022-10-19,39.84,39.72,0.123
00695B,2022-10-19,34.83,34.75,0.079
00696B,2022-10-19,33.27,33.02,0.252
00714,2022-10-19,18.37,18.18,0.187
00717,2022-10-19,15.0,14.83,0.167
00719B,2022-10-19,32.09,31.76,0.33
00720B,2022-10-19,33.04,32.53,0.51
00722B,2022-10-19,36.05,35.56,0.486
00723B,2022-10-19,31.89,31.49,0.398
00724B,2022-10-19,31.49,31.05,0.444
00725B,2022-10-19,34.45,33.99,0.46
00726B,2022-10-19,32.08,31.53,0.55
00727B,2022-10-19,38.12,37.56,0.56
00730,2022-10-19,16.2,15.12,1.077
00733,2022-10-19,31.11,30.12,0.984
00739,2022-10-19,23.23,23.04,0.19
00740B,2022-10-19,37.09,36.58,0.512
00741B,2022-10-19,37.44,36.62,0.821
00746B,2022-10-19,34.83,34.44,0.389
00749B,2022-10-19,29.36,28.92,0.445
00750B,2022-10-19,33.09,32.65,0.44
00761B,2022-10-19,35.4,34.97,0.43
00772B,2022-10-19,34.14,33.99,0.153
00773B,2022-10-19,33.54,33.38,0.165
00782B,2022-10-19,32.14,31.67,0.47
00784B,2022-10-19,36.95,36.56,0.387
00785B,2022-10-19,32.12,31.7,0.42
00788B,2022-10-19,31.16,30.68,0.48
00848B,2022-10-19,31.99,31.58,0.414
00849B,2022-10-19,36.79,36.42,0.375
00870B,2022-10-19,28.2,27.8,0.4
00884B,2022-10-19,28.54,28.23,0.307
00888,2022-10-19,11.62,11.41,0.208
00907,2022-10-19,13.45,13.3,0.141
00908,2022-10-19,13.04,12.81,0.225
00912,2022-10-19,12.43,12.23,0.2
00747B,2022-10-20,53.75,53.0,0.749
00789B,2022-10-20,50.8,50.29,0.51
00790B,2022-10-20,49.81,49.25,0.559
00791B,2022-10-20,53.6,53.07,0.534
2867,2022-10-20,5.75,5.61,0.134163
00734B,2022-10-21,14.95,14.71,0.24
00774B,2022-10-21,42.0,41.2,0.8
00774C,2022-10-21,9.33,9.15,0.1776
00834B,2022-10-21,31.04,30.71,0.33
00842B,2022-10-21,29.8,29.31,0.49
00904,2022-10-21,9.34,9.13,0.21
5258,2022-10-21,57.4,56.86,0.539253
1558,2022-10-25,109.0,107.28,1.713368
6186,2022-10-25,28.3,25.3,3.0
9945,2022-10-27,58.0,38.66,19.333334
5876,2022-10-31,45.55,44.78,0.761285
2812,2022-11-01,12.55,12.51,0.039877
5608,2022-11-01,22.95,22.63,0.319552
8936,2022-11-02,19.4,18.9,0.5
9921,2022-11-02,208.0,206.0,1.99457
5287,2022-11-03,181.0,176.5,4.5
6266,2022-11-03,23.35,22.74,0.606858
910322,2022-11-04,25.05,23.98,1.0608
2851,2022-11-07,18.25,17.6,0.642813
8499,2022-11-08,109.0,101.0,7.999747
2743,2022-11-09,53.9,51.69,2.210393
2889,2022-11-10,11.45,11.32,0.126183
1783,2022-11-11,41.5,37.72,3.772727
4552,2022-11-15,30.3,29.3,1.0
0051,2022-11-16,54.35,51.95,2.4
0053,2022-11-16,56.6,54.89,1.71
0055,2022-11-16,22.38,21.51,0.87
006201,2022-11-16,16.3,15.68,0.62
006208,2022-11-16,65.8,64.77,1.03
00679B,2022-11-16,30.62,30.29,0.33
00692,2022-11-16,28.33,27.78,0.55
00754B,2022-11-16,35.49,35.08,0.414
00755B,2022-11-16,33.01,32.57,0.44
00756B,2022-11-16,31.69,31.23,0.464
00771,2022-11-16,16.59,16.4,0.19
00772B,2022-11-16,34.14,33.98,0.16
00773B,2022-11-16,34.14,33.97,0.174
00780B,2022-11-16,35.69,35.16,0.53
00786B,2022-11-16,32.22,31.72,0.5
00794B,2022-11-16,40.48,39.86,0.618
00795B,2022-11-16,31.09,30.75,0.338
00799B,2022-11-16,32.38,31.92,0.46
00840B,2022-11-16,30.51,30.2,0.31
00841B,2022-11-16,30.3,30.05,0.25
00845B,2022-11-16,30.0,29.64,0.359
00846B,2022-11-16,31.11,30.83,0.285
00847B,2022-11-16,26.48,26.19,0.289
00850,2022-11-16,30.53,29.05,1.48
00860B,2022-11-16,37.0,36.6,0.405
00878,2022-11-16,16.77,16.49,0.28
00890B,2022-11-16,31.96,31.5,0.46
00891,2022-11-16,11.86,11.76,0.1
00892,2022-11-16,10.89,10.54,0.35
00894,2022-11-16,12.03,11.93,0.1
00900,2022-11-16,10.75,10.6,0.15
00901,2022-11-16,12.61,12.06,0.543
00731,2022-11-17,55.9,53.1,2.8
00758B,2022-11-17,50.75,50.16,0.59
00759B,2022-11-17,55.8,55.19,0.61
00760B,2022-11-17,51.6,50.96,0.64
2062,2022-11-17,21.95,21.45,0.5
2506,2022-11-17,9.42,9.32,0.1
6277,2022-11-17,78.3,75.9,2.4
00775B,2022-11-18,33.3,33.0,0.3
00844B,2022-11-18,31.1,30.82,0.285
00867B,2022-11-18,31.6,31.22,0.385
1526,2022-11-21,46.5,44.7,1.8
2358,2022-11-22,15.75,15.47,0.273648
3563,2022-11-22,133.5,131.5,2.0
6122,2022-11-22,15.85,15.54,0.310784
01007T,2022-11-23,18.56,18.32,0.237067
6523,2022-11-25,94.9,92.9,2.0
00690,2022-11-28,28.91,26.51,2.4
3557,2022-11-28,52.8,49.8,3.0
5278,2022-11-28,166.5,163.51,2.987822
8942,2022-12-01,63.4,61.4,2.0
1341,2022-12-02,71.6,68.46,3.131017
4744,2022-12-02,26.6,26.05,0.545726
1909,2022-12-05,16.3,16.23,0.067892
2734,2022-12-05,27.2,26.23,0.97019
2882,2022-12-05,44.0,43.16,0.833205
2882A,2022-12-05,57.3,56.63,0.666009
2882B,2022-12-05,56.1,55.43,0.666009
4735,2022-12-06,36.2,35.7,0.500272
8442,2022-12-06,79.3,78.3,1.0
2012,2022-12-07,23.55,23.05,0.5
2466,2022-12-07,37.0,35.57,1.423077
2380,2022-12-08,13.15,12.85,0.295468
3680,2022-12-12,270.0,266.0,4.0
4977,2022-12-12,109.5,107.4,2.09684
8097,2022-12-13,68.4,63.92,4.475933
8299,2022-12-13,319.0,308.72,10.277466
2063,2022-12-15,39.85,38.35,1.5
2330,2022-12-15,480.5,477.75,2.75
2753,2022-12-15,211.5,209.01,2.489408
6548,2022-12-15,31.95,31.25,0.7
8070,2022-12-15,31.95,31.22,0.73
8121,2022-12-15,27.95,26.83,1.119751
00697B,2022-12-16,36.46,36.14,0.32
00713,2022-12-16,39.04,37.59,1.45
00751B,2022-12-16,36.65,36.19,0.46
00764B,2022-12-16,34.81,34.56,0.255
00765B,2022-12-16,39.75,39.16,0.589
00772B,2022-12-16,36.82,36.67,0.15
00773B,2022-12-16,36.54,36.38,0.16
00777B,2022-12-16,36.48,36.08,0.4
00778B,2022-12-16,36.21,35.8,0.41
00779B,2022-12-16,34.79,34.54,0.25
00781B,2022-12-16,34.7,34.27,0.43
00787B,2022-12-16,36.26,35.79,0.47
00792B,2022-12-16,35.03,34.64,0.392
00793B,2022-12-16,34.72,34.36,0.365
00836B,2022-12-16,32.24,31.89,0.351
00856B,2022-12-16,37.48,37.09,0.395
00857B,2022-12-16,29.08,28.78,0.302
00859B,2022-12-16,39.01,38.84,0.169
00862B,2022-12-16,32.97,32.64,0.33
00863B,2022-12-16,33.67,33.3,0.367
00883B,2022-12-16,32.63,32.31,0.32
00896,2022-12-16,13.47,13.32,0.15
00907,2022-12-16,14.6,14.45,0.141
00853B,2022-12-19,30.3,30.03,0.27
4763,2022-12-19,176.5,172.54,3.955087
5306,2022-12-19,144.0,141.75,2.25
00831B,2022-12-20,37.5,37.31,0.195
2065,2022-12-20,52.8,51.3,1.5
6123,2022-12-20,55.8,54.55,1.252157
00710B,2022-12-21,18.15,17.89,0.26
00711B,2022-12-21,16.45,16.26,0.19
00712,2022-12-21,10.21,9.98,0.23
6121,2022-12-21,291.0,277.9,13.1
6733,2022-12-21,22.15,21.8,0.349378
8431,2022-12-21,50.2,50.0,0.201692
8467,2022-12-22,63.6,60.6,3.0
8476,2022-12-22,55.1,54.7,0.399946
2028,2022-12-26,29.2,28.34,0.853311
4912,2022-12-28,81.0,80.5,0.5
2636,2023-01-04,76.3,71.12,5.177933
6488,2023-01-05,443.0,436.5,6.5
6763,2023-01-05,396.5,391.5,5.0
6411,2023-01-06,85.5,84.35,1.148491
2745,2023-01-11,40.15,38.8,1.350991
6629,2023-01-11,48.0,47.0,1.0
5483,2023-01-12,161.5,158.3,3.2
00772B,2023-01-17,36.49,36.34,0.15
00773B,2023-01-17,36.35,36.19,0.16
00848B,2023-01-17,33.42,32.99,0.429
00849B,2023-01-17,35.33,34.98,0.353
00882,2023-01-17,12.85,12.55,0.3
00884B,2023-01-17,30.55,30.2,0.355
00912,2023-01-17,14.36,14.16,0.2
0050,2023-01-30,118.1,115.5,2.6
006203,2023-01-30,57.0,55.77,1.23
00687B,2023-01-30,33.8,33.42,0.38
00701,2023-01-30,22.65,21.99,0.66
00702,2023-01-30,22.19,21.9,0.29
00714,2023-01-30,19.43,19.31,0.117
00722B,2023-01-30,38.62,38.14,0.477
00723B,2023-01-30,34.36,33.97,0.39
00724B,2023-01-30,34.12,33.69,0.434
00725B,2023-01-30,37.12,36.71,0.41
00726B,2023-01-30,33.81,33.28,0.53
00727B,2023-01-30,37.59,37.04,0.55
00735,2023-01-30,25.83,25.51,0.32
00736,2023-01-30,20.37,20.18,0.19
00744B,2023-01-30,43.79,43.13,0.66
00749B,2023-01-30,31.68,31.21,0.475
00750B,2023-01-30,35.54,35.12,0.422
00761B,2023-01-30,37.83,37.47,0.36
00770,2023-01-30,30.01,27.21,2.8
00782B,2023-01-30,34.28,33.77,0.51
00830,2023-01-30,24.6,24.48,0.12
00858,2023-01-30,26.37,25.24,1.128
00881,2023-01-30,14.41,14.06,0.35
00888,2023-01-30,13.12,12.91,0.208
2243,2023-01-30,15.4,14.97,0.424427
2731,2023-01-30,104.5,102.35,2.145772
6613,2023-01-30,90.3,88.3,2.0
00694B,2023-01-31,38.0,37.82,0.179
00695B,2023-01-31,34.46,34.36,0.103
00696B,2023-01-31,34.18,33.93,0.253
00717,2023-01-31,15.38,15.22,0.154
00719B,2023-01-31,30.55,30.22,0.33
00720B,2023-01-31,35.86,35.37,0.49
00740B,2023-01-31,39.84,39.33,0.509
00741B,2023-01-31,36.7,36.1,0.596
00746B,2023-01-31,37.27,36.9,0.366
00784B,2023-01-31,36.31,35.8,0.514
00785B,2023-01-31,35.41,35.05,0.363
00788B,2023-01-31,33.13,32.67,0.465
00789B,2023-01-31,53.5,52.95,0.549
00790B,2023-01-31,53.4,52.82,0.581
00791B,2023-01-31,52.6,52.07,0.534
00870B,2023-01-31,30.11,29.73,0.38
00908,2023-01-31,14.09,13.95,0.138
00728,2023-02-01,23.79,22.86,0.93
00734B,2023-02-01,15.73,15.51,0.22
00842B,2023-02-01,33.26,32.8,0.46
00904,2023-02-01,11.85,11.75,0.095
00905,2023-02-01,9.2,8.93,0.27
00834B,2023-02-02,34.98,34.63,0.35
2342,2023-02-02,41.7,40.7,1.0
2890,2023-02-07,17.35,17.2,0.145137
5536,2023-02-07,114.0,110.58,3.424162
3444,2023-02-09,70.8,68.44,2.357497
6026,2023-02-10,10.65,10.59,0.059067
4564,2023-02-13,24.55,24.1,0.448744
6470,2023-02-13,59.9,57.92,1.976437
1788,2023-02-15,146.5,144.57,1.931674
00679B,2023-02-16,31.76,31.45,0.31
00718B,2023-02-16,20.18,19.87,0.307
00721B,2023-02-16,46.29,45.61,0.68
00754B,2023-02-16,36.61,36.22,0.386
00755B,2023-02-16,34.85,34.44,0.41
00756B,2023-02-16,32.6,32.17,0.428
00771,2023-02-16,17.27,17.09,0.18
00772B,2023-02-16,35.25,35.1,0.15
00773B,2023-02-16,36.02,35.86,0.16
00780B,2023-02-16,35.82,35.32,0.5
00786B,2023-02-16,33.89,33.43,0.46
00794B,2023-02-16,40.36,39.76,0.605
00795B,2023-02-16,32.23,31.93,0.296
00799B,2023-02-16,33.7,33.24,0.46
00840B,2023-02-16,31.92,31.59,0.33
00841B,2023-02-16,31.84,31.54,0.3
00845B,2023-02-16,31.3,30.96,0.341
00846B,2023-02-16,32.85,32.55,0.298
00847B,2023-02-16,28.13,27.84,0.287
00860B,2023-02-16,36.45,36.08,0.368
00878,2023-02-16,17.16,16.89,0.27
00890B,2023-02-16,33.24,32.64,0.6
00891,2023-02-16,12.71,12.6,0.11
00894,2023-02-16,12.99,12.89,0.1
00900,2023-02-16,11.21,11.09,0.12
00907,2023-02-16,14.88,14.73,0.141
2540,2023-02-16,77.8,77.32,0.47987
3017,2023-02-17,117.5,115.73,1.760976
00775B,2023-02-20,33.19,32.8,0.39
00844B,2023-02-20,31.5,31.33,0.17
00867B,2023-02-20,31.23,30.86,0.37
00913,2023-02-21,16.4,16.3,0.1
3484,2023-02-22,48.5,47.62,0.883016
00758B,2023-02-23,50.3,49.73,0.57
00759B,2023-02-23,54.9,54.33,0.57
00760B,2023-02-23,51.95,51.24,0.71
5604,2023-02-23,55.9,53.9,2.0
3092,2023-02-24,39.0,37.75,1.240058
9934,2023-02-24,13.3,13.11,0.189759
2867,2023-03-01,5.39,5.35,0.036961
8033,2023-03-06,56.7,55.24,1.45131
5278,2023-03-07,188.5,186.35,2.154437
01003T,2023-03-09,20.22,20.01,0.208768
4966,2023-03-09,978.0,956.21,21.791154
8038,2023-03-09,44.2,43.68,0.515595
3533,2023-03-10,817.0,812.06,4.935784
2613,2023-03-13,24.9,23.85,1.05
6770,2023-03-13,34.45,34.15,0.3
01010T,2023-03-14,10.24,10.02,0.214145
5306,2023-03-15,149.0,146.75,2.25
6208,2023-03-15,55.3,52.6,2.7
6762,2023-03-15,244.0,243.0,1.0
00697B,2023-03-16,35.83,35.51,0.32
00751B,2023-03-16,34.42,33.97,0.45
00764B,2023-03-16,33.33,33.08,0.251
00765B,2023-03-16,39.78,39.19,0.589
00772B,2023-03-16,34.87,34.72,0.15
00773B,2023-03-16,34.96,34.8,0.16
00777B,2023-03-16,34.6,34.31,0.295
00778B,2023-03-16,34.64,34.3,0.345
00779B,2023-03-16,33.48,33.31,0.175
00781B,2023-03-16,32.75,32.34,0.41
00787B,2023-03-16,34.51,34.04,0.47
00792B,2023-03-16,33.13,32.75,0.382
00793B,2023-03-16,32.78,32.42,0.363
00836B,2023-03-16,30.38,30.09,0.295
00856B,2023-03-16,37.41,37.01,0.403
00857B,2023-03-16,27.94,27.63,0.315
00859B,2023-03-16,39.3,39.13,0.173
00862B,2023-03-16,31.24,30.87,0.372
00863B,2023-03-16,32.15,31.78,0.368
00883B,2023-03-16,31.08,30.72,0.359
00896,2023-03-16,14.32,14.17,0.15
00915,2023-03-16,16.39,16.17,0.22
01009T,2023-03-16,8.64,8.48,0.153971
1259,2023-03-16,77.8,75.2,2.6
1342,2023-03-16,153.5,148.13,5.368536
1712,2023-03-16,40.45,37.65,2.8
2301,2023-03-16,74.1,71.1,3.0
2330,2023-03-16,511.0,508.25,2.74982
3008,2023-03-16,2315.0,2269.0,46.0
5283,2023-03-16,112.0,108.0,4.0
6661,2023-03-16,22.5,22.32,0.181439
9802,2023-03-16,130.0,128.8,1.198001
00713,2023-03-17,39.3,38.62,0.68
00853B,2023-03-17,29.11,28.76,0.35
3029,2023-03-17,54.5,50.9,3.598354
9105,2023-03-17,4.01,3.69,0.316428
00831B,2023-03-20,37.5,37.35,0.155
00710B,2023-03-21,17.73,17.47,0.26
00711B,2023-03-21,16.07,15.88,0.19
00712,2023-03-21,9.92,9.68,0.24
1313,2023-03-23,14.55,14.35,0.2
2630,2023-03-23,19.5,19.14,0.36
2947,2023-03-23,92.0,91.0,1.0
3004,2023-03-23,86.7,85.68,1.019767
4972,2023-03-23,30.55,28.93,1.62
6590,2023-03-23,80.0,76.2,3.8
2430,2023-03-24,49.15,45.15,4.0
4583,2023-03-24,219.5,209.5,10.0
4770,2023-03-24,306.0,294.0,12.0
5225,2023-03-24,42.8,39.75,3.045204
6235,2023-03-24,68.7,68.0,0.698588
6415,2023-03-24,512.0,507.5,4.49431
8908,2023-03-24,72.9,72.1,0.8
01004T,2023-03-27,14.65,14.44,0.202228
6541,2023-03-27,94.1,91.81,2.286307
5007,2023-03-28,53.9,50.9,3.0
6523,2023-03-28,109.0,107.0,2.0
1717,2023-03-29,32.45,31.25,1.2
2063,2023-03-29,44.7,43.2,1.5
3005,2023-03-29,55.6,51.81,3.783626
3706,2023-03-29,28.5,27.2,1.3
4420,2023-03-29,30.55,28.55,2.0
6412,2023-03-29,83.0,77.1,5.9
6697,2023-03-29,42.3,40.7,1.6
8401,2023-03-29,24.25,22.25,1.998612
8938,2023-03-29,107.0,98.03,8.974812
1477,2023-03-30,235.5,221.0,14.5
2006,2023-03-30,60.6,57.1,3.5
2015,2023-03-30,72.5,68.5,4.0
2108,2023-03-30,41.8,39.8,2.0
2331,2023-03-30,23.3,22.5,0.8
2458,2023-03-30,102.5,99.43,3.069257
2483,2023-03-30,26.25,25.25,1.0
2530,2023-03-30,18.35,17.93,0.410761
2641,2023-03-30,20.8,19.3,1.496611
2732,2023-03-30,180.5,176.22,4.282221
2752,2023-03-30,268.5,258.5,10.0
2756,2023-03-30,149.0,146.5,2.5
4105,2023-03-30,79.7,76.3,3.4
4930,2023-03-30,29.1,27.1,2.0
5222,2023-03-30,187.5,184.5,3.0
6270,2023-03-30,25.35,23.25,2.1
6281,2023-03-30,87.8,82.8,5.0
6581,2023-03-30,100.5,94.0,6.5
6612,2023-03-30,126.0,125.0,1.0
6752,2023-03-30,133.0,130.4,2.6
8420,2023-03-30,92.7,86.73,5.972919
8930,2023-03-30,18.1,17.1,1.0
6276,2023-03-31,22.5,21.8,0.7
2065,2023-04-06,63.5,59.5,3.997866
4735,2023-04-06,38.55,38.05,0.5
5543,2023-04-06,51.0,50.69,0.305309
6865,2023-04-06,100.0,97.2,2.8
8109,2023-04-06,91.3,87.31,3.994731
1217,2023-04-07,11.8,11.4,0.4
2884,2023-04-07,25.45,25.16,0.289219
3003,2023-04-07,71.3,69.3,2.0
3211,2023-04-07,82.2,76.16,6.04184
6148,2023-04-07,21.2,20.45,0.751012
8435,2023-04-07,64.7,60.9,3.8
2070,2023-04-12,38.1,36.6,1.5
1524,2023-04-13,26.55,25.55,1.0
2064,2023-04-13,19.5,18.5,1.0
2313,2023-04-13,46.35,43.65,2.7
2368,2023-04-13,102.5,99.0,3.5
2528,2023-04-13,24.9,24.4,0.5
3289,2023-04-13,88.0,87.0,1.0
4532,2023-04-13,18.9,18.0,0.9
5201,2023-04-13,26.85,26.4,0.45
5287,2023-04-13,210.0,205.5,4.5
5388,2023-04-13,94.3,89.8,4.5
6104,2023-04-13,130.0,127.5,2.5
6274,2023-04-13,71.1,67.1,4.000003
6732,2023-04-13,391.5,376.5,15.0
6747,2023-04-13,262.0,252.9,9.095043
8996,2023-04-13,244.5,243.0,1.5
9962,2023-04-13,23.0,21.2,1.8
1315,2023-04-14,73.9,70.4,3.5
2109,2023-04-14,14.6,14.2,0.4
2382,2023-04-14,89.3,83.3,6.0
2496,2023-04-14,54.0,50.7,3.3
4528,2023-04-14,34.4,33.1,1.3
4973,2023-04-14,29.2,27.2,2.0
5520,2023-04-14,61.1,57.15,3.95
6294,2023-04-14,119.5,110.7,8.8
6756,2023-04-14,235.0,227.51,7.488695
5212,2023-04-19,55.0,52.4,2.6
8926,2023-04-19,50.4,47.48,2.915615
2324,2023-04-20,25.65,24.45,1.2
2535,2023-04-20,33.75,31.25,2.5
3665,2023-04-20,273.0,271.66,1.330757
4207,2023-04-20,15.25,14.9,0.35
4568,2023-04-20,65.5,61.7,3.8
5278,2023-04-20,178.5,175.71,2.789669
6224,2023-04-20,67.5,66.0,1.5
6470,2023-04-20,74.1,70.1,3.998498
8027,2023-04-20,54.5,52.5,2.003012
8446,2023-04-20,93.7,88.7,5.0
0052,2023-04-21,106.15,102.15,4.0
00687B,2023-04-21,33.42,33.07,0.35
00694B,2023-04-21,38.79,38.62,0.174
00695B,2023-04-21,34.93,34.8,0.129
00696B,2023-04-21,33.76,33.52,0.239
00714,2023-04-21,18.41,18.27,0.133
00717,2023-04-21,14.74,14.59,0.144
00719B,2023-04-21,30.82,30.5,0.32
00720B,2023-04-21,34.84,34.34,0.5
00722B,2023-04-21,37.92,37.42,0.504
00723B,2023-04-21,33.81,33.43,0.385
00724B,2023-04-21,33.44,33.01,0.426
00725B,2023-04-21,36.7,36.26,0.44
00726B,2023-04-21,33.8,33.3,0.5
00727B,2023-04-21,37.53,36.97,0.56
00733,2023-04-21,37.24,37.12,0.114
00740B,2023-04-21,39.24,38.74,0.503
00741B,2023-04-21,36.25,35.71,0.543
00746B,2023-04-21,36.75,36.37,0.38
00749B,2023-04-21,31.93,31.51,0.425
00750B,2023-04-21,34.9,34.53,0.37
00761B,2023-04-21,37.26,36.87,0.39
00772B,2023-04-21,35.72,35.58,0.14
00773B,2023-04-21,35.8,35.65,0.155
00782B,2023-04-21,33.54,33.08,0.46
00784B,2023-04-21,36.29,35.97,0.324
00785B,2023-04-21,34.68,34.26,0.423
00788B,2023-04-21,32.54,32.08,0.46
00848B,2023-04-21,34.01,33.62,0.39
00849B,2023-04-21,35.86,35.53,0.333
00870B,2023-04-21,29.89,29.53,0.36
00884B,2023-04-21,30.53,30.19,0.344
00888,2023-04-21,13.58,13.37,0.208
00907,2023-04-21,14.6,14.45,0.141
00908,2023-04-21,12.19,12.07,0.113
00909,2023-04-21,16.98,16.75,0.225
00912,2023-04-21,14.81,14.52,0.29
00734B,2023-04-25,15.85,15.63,0.22
00834B,2023-04-25,33.97,33.62,0.35
00842B,2023-04-25,32.61,32.16,0.45
00904,2023-04-25,12.0,11.89,0.105
00789B,2023-04-26,53.6,53.06,0.536
00790B,2023-04-26,53.0,52.43,0.569
00791B,2023-04-26,53.15,52.64,0.509
3257,2023-04-26,54.1,53.1,1.0
5478,2023-04-26,99.5,92.5,7.0
01001T,2023-04-27,15.4,15.0,0.399976
1604,2023-04-27,27.9,26.4,1.5
2477,2023-04-27,21.35,20.55,0.8
3138,2023-04-27,154.5,151.0,3.5
4190,2023-04-27,95.5,94.5,0.991333
4566,2023-04-27,64.2,62.1,2.09962
4912,2023-04-27,70.9,70.4,0.5
6192,2023-04-27,75.1,71.1,4.0
6441,2023-04-27,53.3,51.74,1.556685
6674,2023-04-27,28.35,27.85,0.5
6727,2023-04-27,70.7,66.73,3.970868
4923,2023-05-03,59.9,56.9,3.0
6204,2023-05-16,56.4,55.0,1.4
00679B,2023-05-17,32.69,32.4,0.29
00754B,2023-05-17,36.87,36.47,0.396
00755B,2023-05-17,34.35,33.94,0.414
00756B,2023-05-17,33.15,32.68,0.466
00771,2023-05-17,15.7,15.52,0.18
00772B,2023-05-17,35.22,35.12,0.105
00773B,2023-05-17,35.22,35.1,0.12
00780B,2023-05-17,35.75,35.45,0.3
00786B,2023-05-17,33.22,32.76,0.46
00794B,2023-05-17,40.53,39.93,0.605
00795B,2023-05-17,32.44,32.19,0.25
00799B,2023-05-17,33.55,33.14,0.41
00840B,2023-05-17,31.65,31.34,0.31
00841B,2023-05-17,31.84,31.53,0.31
00845B,2023-05-17,31.76,31.42,0.344
00846B,2023-05-17,33.31,33.01,0.304
00847B,2023-05-17,28.15,27.88,0.268
00860B,2023-05-17,37.43,36.94,0.486
00878,2023-05-17,17.97,17.7,0.27
00890B,2023-05-17,32.92,32.47,0.455
00891,2023-05-17,12.53,12.4,0.13
00894,2023-05-17,13.31,13.21,0.1
00900,2023-05-17,11.27,11.25,0.017
01002T,2023-05-17,17.96,17.56,0.398017
01007T,2023-05-17,17.41,17.17,0.235521
911608,2023-05-17,3.21,3.15,0.057402
00758B,2023-05-18,50.7,50.14,0.56
00759B,2023-05-18,56.15,55.59,0.56
00760B,2023-05-18,53.0,52.33,0.67
6679,2023-05-18,282.5,273.5,9.0
00775B,2023-05-19,33.41,33.09,0.32
00844B,2023-05-19,31.51,31.16,0.35
00867B,2023-05-19,31.47,31.13,0.34
8440,2023-05-19,43.55,43.15,0.4
00690,2023-05-22,28.38,26.88,1.5
6841,2023-05-22,95.1,93.1,2.0
9136,2023-05-22,6.41,6.21,0.19375
3207,2023-05-24,82.2,79.64,2.557168
8924,2023-05-24,114.5,101.65,12.85
2548,2023-05-25,97.5,90.0,7.5
8074,2023-05-25,21.6,20.1,1.5
1598,2023-05-26,40.6,38.92,1.678187
4114,2023-05-26,45.2,44.69,0.511158
2636,2023-05-29,76.4,71.4,5.0
5493,2023-05-29,53.9,51.1,2.8
6712,2023-05-29,205.0,184.61,20.389264
1568,2023-05-30,25.6,24.5,1.1
2637,2023-05-30,60.3,53.8,6.5
6456,2023-05-30,75.4,71.9,3.5
4995,2023-05-31,52.3,48.1,4.198599
6438,2023-05-31,117.0,111.0,6.0
8249,2023-05-31,31.85,29.97,1.877926
1702,2023-06-01,50.7,48.7,2.0
2105,2023-06-01,39.0,37.6,1.4
4923,2023-06-01,51.4,42.83,8.566667
5523,2023-06-01,26.5,25.0,1.5
6269,2023-06-01,98.7,93.69,5.000238
6576,2023-06-01,83.7,82.58,1.121372
6654,2023-06-01,49.7,48.7,1.0
6690,2023-06-01,178.0,173.5,4.5
8171,2023-06-01,56.9,54.97,1.928789
1587,2023-06-02,22.9,21.9,1.0
3443,2023-06-02,1535.0,1521.0,14.0
4958,2023-06-05,114.5,108.5,6.0
8454,2023-06-05,710.0,695.0,15.0
1605,2023-06-06,46.95,45.15,1.8
2201,2023-06-06,90.6,89.12,1.478505
6855,2023-06-06,88.5,84.0,4.5
9940,2023-06-06,30.0,28.8,1.2
2347,2023-06-07,63.4,59.9,3.5
2467,2023-06-07,52.6,49.0,3.6
2642,2023-06-07,45.85,44.35,1.5
2809,2023-06-07,36.25,35.15,1.1
3563,2023-06-07,215.5,207.5,8.0
4440,2023-06-07,34.4,31.4,3.0
6248,2023-06-07,29.35,27.53,1.81912
910322,2023-06-07,25.25,24.23,1.011955
3541,2023-06-08,60.3,55.3,5.0
4735,2023-06-08,38.6,38.1,0.5
5434,2023-06-08,201.0,189.47,11.520937
6188,2023-06-08,72.7,69.5,3.2
6491,2023-06-08,382.0,372.0,10.0
6548,2023-06-08,43.5,42.69,0.81
8028,2023-06-08,61.7,59.9,1.8
8424,2023-06-08,71.9,67.2,4.7
4939,2023-06-09,17.25,16.77,0.48
6023,2023-06-09,54.0,51.5,2.5
6174,2023-06-09,31.0,28.3,2.7
6861,2023-06-09,109.5,108.2,1.3
2850,2023-06-12,53.4,50.86,2.54
3543,2023-06-12,22.0,21.0,1.0
3675,2023-06-12,301.5,296.1,5.4
4571,2023-06-12,79.7,76.1,3.6
4722,2023-06-12,36.95,35.05,1.9
4747,2023-06-12,86.4,75.3,11.095736
4945,2023-06-12,63.6,60.9,2.7
5244,2023-06-12,32.3,30.8,1.5
1584,2023-06-13,37.15,36.45,0.7
2020,2023-06-13,24.6,23.6,1.0
3684,2023-06-13,61.5,59.2,2.3
6185,2023-06-13,23.65,23.35,0.3
6505,2023-06-13,88.2,87.1,1.1
6804,2023-06-13,72.0,69.4,2.6
9924,2023-06-13,45.2,42.3,2.9
1326,2023-06-14,68.6,67.65,0.95
1414,2023-06-14,17.8,17.48,0.32
2486,2023-06-14,43.5,43.1,0.4
4760,2023-06-14,79.1,76.9,2.198524
4906,2023-06-14,31.5,30.0,1.5
6123,2023-06-14,72.4,68.65,3.75
6669,2023-06-14,1170.0,1120.0,50.0
8341,2023-06-14,156.5,144.87,11.626924
1476,2023-06-15,487.5,470.5,17.0
1504,2023-06-15,53.4,51.9,1.5
1591,2023-06-15,33.45,32.95,0.5
1711,2023-06-15,20.8,20.45,0.35
1733,2023-06-15,29.0,27.6,1.4
2330,2023-06-15,590.0,587.25,2.74982
2480,2023-06-15,124.5,118.24,6.26
2630,2023-06-15,63.2,58.04,5.153157
2908,2023-06-15,21.3,20.02,1.279999
3030,2023-06-15,64.0,59.5,4.5
3035,2023-06-15,186.0,181.0,5.0
3118,2023-06-15,31.9,30.2,1.7
4133,2023-06-15,35.5,34.7,0.8
4527,2023-06-15,34.9,32.9,2.0
5274,2023-06-15,2675.0,2630.0,45.0
5522,2023-06-15,62.9,59.9,3.0
5864,2023-06-15,25.55,24.85,0.697059
5878,2023-06-15,49.75,47.05,2.7
6109,2023-06-15,17.0,16.45,0.548553
6243,2023-06-15,52.9,51.7,1.2
6585,2023-06-15,64.7,61.7,3.0
6667,2023-06-15,84.5,80.26,4.24
8046,2023-06-15,293.5,275.5,18.0
8070,2023-06-15,36.85,35.05,1.8
8416,2023-06-15,140.0,132.0,8.0
8432,2023-06-15,45.9,44.3,1.6
00697B,2023-06-16,35.52,35.19,0.33
00713,2023-06-16,46.82,46.14,0.68
00751B,2023-06-16,34.48,34.04,0.44
00764B,2023-06-16,32.68,32.39,0.29
00772B,2023-06-16,34.91,34.8,0.115
00773B,2023-06-16,35.01,34.88,0.13
00777B,2023-06-16,34.75,34.4,0.35
00778B,2023-06-16,34.77,34.37,0.4
00779B,2023-06-16,32.99,32.72,0.27
00781B,2023-06-16,32.82,32.39,0.43
00787B,2023-06-16,34.43,33.99,0.44
00792B,2023-06-16,33.18,32.85,0.334
00793B,2023-06-16,33.01,32.62,0.394
00836B,2023-06-16,30.4,30.1,0.298
00856B,2023-06-16,37.25,36.85,0.4
00857B,2023-06-16,27.38,27.08,0.305
00859B,2023-06-16,39.68,39.49,0.188
00862B,2023-06-16,31.52,31.15,0.371
00863B,2023-06-16,32.23,31.87,0.358
00883B,2023-06-16,31.02,30.7,0.32
00896,2023-06-16,16.42,16.27,0.15
00907,2023-06-16,15.02,14.94,0.074
00915,2023-06-16,18.9,18.58,0.32
00916,2023-06-16,17.79,17.62,0.17
00918,2023-06-16,19.73,19.53,0.2
00919,2023-06-16,20.32,19.78,0.54
1416,2023-06-16,12.05,11.55,0.5
2247,2023-06-16,352.5,337.5,15.0
2385,2023-06-16,105.0,97.5,7.5
2388,2023-06-16,81.9,81.75,0.15
2723,2023-06-16,154.0,151.5,2.5
3679,2023-06-16,94.7,84.7,10.0
3680,2023-06-16,406.0,402.06,3.943705
4128,2023-06-16,61.3,55.89,5.405839
4743,2023-06-16,230.5,202.51,27.994224
4974,2023-06-16,71.4,65.6,5.8
4994,2023-06-16,45.7,45.2,0.5
5403,2023-06-16,108.0,103.0,5.000942
5438,2023-06-16,20.55,20.04,0.51
6147,2023-06-16,69.6,64.1,5.5
6151,2023-06-16,29.9,27.9,2.0
1323,2023-06-19,32.5,31.4,1.1
1457,2023-06-19,18.8,17.8,1.0
1526,2023-06-19,41.4,39.8,1.6
1611,2023-06-19,19.3,19.0,0.3
2643,2023-06-19,79.2,72.2,7.0
3094,2023-06-19,34.1,33.1,1.0
3583,2023-06-19,161.5,157.9,3.6
4121,2023-06-19,28.65,27.45,1.2
4413,2023-06-19,15.9,15.4,0.5
6834,2023-06-19,27.0,25.9,1.1
8066,2023-06-19,30.35,29.35,1.0
00710B,2023-06-20,18.06,17.8,0.26
00711B,2023-06-20,16.16,15.97,0.19
00712,2023-06-20,9.94,9.67,0.27
00831B,2023-06-20,37.6,37.41,0.195
00853B,2023-06-20,29.11,28.8,0.31
1707,2023-06-20,177.0,170.1,6.9
1752,2023-06-20,64.1,61.8,2.3
1776,2023-06-20,18.25,17.65,0.6
2337,2023-06-20,34.9,33.1,1.8
2362,2023-06-20,34.6,33.1,1.5
2423,2023-06-20,38.9,36.9,2.0
2436,2023-06-20,55.0,53.8,1.2
2450,2023-06-20,36.9,34.7,2.2
2454,2023-06-20,785.0,708.99,76.006606
2461,2023-06-20,24.15,22.67,1.478549
2504,2023-06-20,28.8,26.8,2.0
2707,2023-06-20,306.0,296.99,9.0073
2855,2023-06-20,17.75,17.36,0.39
3014,2023-06-20,121.0,115.0,6.0
3264,2023-06-20,65.5,62.0,3.5
3357,2023-06-20,103.5,97.5,6.0
3360,2023-06-20,14.85,14.05,0.8
3374,2023-06-20,129.0,126.0,3.0
3515,2023-06-20,224.0,215.99,8.00055
3705,2023-06-20,45.9,43.6,2.3
4116,2023-06-20,60.6,58.5,2.1
4535,2023-06-20,40.25,38.25,2.0
4729,2023-06-20,17.8,17.3,0.5
5443,2023-06-20,34.05,32.25,1.8
6024,2023-06-20,44.9,41.88,3.02
6184,2023-06-20,53.1,50.1,3.0
6266,2023-06-20,44.75,38.88,5.866071
6525,2023-06-20,79.4,73.9,5.5
6531,2023-06-20,332.5,325.5,6.996605
6584,2023-06-20,70.3,69.23,1.069241
6642,2023-06-20,53.8,50.2,3.6
9917,2023-06-20,118.5,113.5,5.0
9931,2023-06-20,41.65,41.35,0.3
9944,2023-06-20,23.05,22.0,1.05
00921,2023-06-21,17.89,17.52,0.37
2916,2023-06-21,50.0,47.0,3.0
4766,2023-06-21,176.5,166.5,10.0
5213,2023-06-21,27.1,26.77,0.326247
6214,2023-06-21,116.0,111.0,5.0
6288,2023-06-21,34.35,34.16,0.18084
6425,2023-06-21,21.75,20.75,1.0
6672,2023-06-21,86.7,83.1,3.6
6830,2023-06-21,184.0,178.5,5.5
8210,2023-06-21,151.5,147.49,4.000829
9911,2023-06-21,67.0,63.3,3.7
1319,2023-06-26,56.3,53.8,2.5
2455,2023-06-26,126.0,123.7,2.3
2545,2023-06-26,45.55,40.95,4.6
3015,2023-06-26,52.5,48.7,3.8
3450,2023-06-26,37.5,37.0,0.5
3498,2023-06-26,48.4,46.4,2.0
3557,2023-06-26,71.3,66.3,5.0
4433,2023-06-26,34.3,32.8,1.496332
5272,2023-06-26,28.1,27.39,0.705509
6282,2023-06-26,48.8,45.93,2.869515
6438,2023-06-26,112.5,111.5,0.997255
6640,2023-06-26,94.7,88.7,6.0
8042,2023-06-26,37.9,36.4,1.5
8438,2023-06-26,26.85,25.85,1.0
1232,2023-06-27,152.0,146.0,6.0
1301,2023-06-27,92.0,87.8,4.2
1437,2023-06-27,28.95,28.15,0.8
1731,2023-06-27,24.45,23.35,1.1
1904,2023-06-27,34.75,33.65,1.1
2012,2023-06-27,28.25,27.25,1.0
2303,2023-06-27,53.3,49.69,3.600463
3260,2023-06-27,86.9,84.9,2.0
3276,2023-06-27,14.65,14.15,0.5
3338,2023-06-27,48.3,46.3,2.0
3373,2023-06-27,22.0,21.5,0.5
3479,2023-06-27,118.5,113.56,4.940178
3669,2023-06-27,41.25,39.82,1.43
4557,2023-06-27,117.0,110.0,7.0
4577,2023-06-27,30.7,29.07,1.628067
4961,2023-06-27,150.0,141.5,8.5
5009,2023-06-27,58.1,55.73,2.36943
5601,2023-06-27,39.35,38.87,0.48
6164,2023-06-27,13.4,12.85,0.55
6176,2023-06-27,123.0,113.0,10.0
6532,2023-06-27,65.5,62.81,2.692735
6533,2023-06-27,488.0,486.5,1.5
6546,2023-06-27,90.3,83.8,6.5
8213,2023-06-27,41.5,39.0,2.5
8931,2023-06-27,64.6,62.1,2.5
8942,2023-06-27,74.0,65.91,8.090909
1817,2023-06-28,39.4,37.1,2.3
2115,2023-06-28,34.45,33.15,1.3
2312,2023-06-28,14.7,14.4,0.29981
2408,2023-06-28,70.8,68.66,2.130363
2640,2023-06-28,121.5,116.5,5.0
2882,2023-06-28,44.15,43.25,0.9
2882A,2023-06-28,59.4,57.12,2.28
2882B,2023-06-28,59.9,57.77,2.13
3163,2023-06-28,61.2,57.0,4.2
3164,2023-06-28,25.8,25.1,0.7
3363,2023-06-28,40.65,40.15,0.5
3708,2023-06-28,93.6,88.6,4.999945
5538,2023-06-28,40.0,38.0,2.0
6418,2023-06-28,18.5,17.95,0.55
6426,2023-06-28,59.8,57.8,2.0
6768,2023-06-28,71.9,66.9,5.0
1303,2023-06-29,76.1,73.1,3.0
1570,2023-06-29,19.5,18.5,1.0
1796,2023-06-29,107.0,105.5,1.5
2013,2023-06-29,57.8,56.1,1.7
2103,2023-06-29,26.7,25.62,1.08
2104,2023-06-29,21.6,21.5,0.1
2329,2023-06-29,22.8,21.95,0.85
2353,2023-06-29,33.55,32.05,1.5
2412,2023-06-29,121.5,116.79,4.702
2474,2023-06-29,190.0,180.0,10.0
2506,2023-06-29,9.38,9.18,0.2
2605,2023-06-29,20.55,20.05,0.5
2722,2023-06-29,103.5,97.07,6.424528
2748,2023-06-29,93.2,91.93,1.26599
2753,2023-06-29,184.5,179.48,5.010591
2885,2023-06-29,24.1,23.3,0.8
3010,2023-06-29,87.5,81.4,6.1
3040,2023-06-29,33.1,31.1,2.0
3071,2023-06-29,34.5,32.84,1.664
3388,2023-06-29,73.8,69.39,4.409919
3430,2023-06-29,50.1,47.1,3.0
3511,2023-06-29,36.25,33.75,2.5
3528,2023-06-29,60.7,56.6,4.1
3529,2023-06-29,2095.0,2074.5,20.49944
3540,2023-06-29,48.55,48.25,0.29812
3580,2023-06-29,56.2,51.7,4.5
3592,2023-06-29,359.5,318.5,41.0
5015,2023-06-29,53.2,47.6,5.6
5016,2023-06-29,29.9,28.5,1.4
5306,2023-06-29,145.0,142.75,2.25
5533,2023-06-29,19.35,18.15,1.2
6171,2023-06-29,22.2,21.2,1.0
6195,2023-06-29,47.3,43.9,3.4
6443,2023-06-29,34.8,34.7,0.1
6523,2023-06-29,127.5,125.5,2.0
6570,2023-06-29,71.4,67.47,3.933746
6579,2023-06-29,122.0,117.34,4.658089
6606,2023-06-29,29.15,27.15,2.0
6613,2023-06-29,106.5,100.01,6.493001
6789,2023-06-29,258.5,256.5,1.998188
8150,2023-06-29,38.95,36.65,2.3
8271,2023-06-29,61.1,57.8,3.3
8279,2023-06-29,174.0,169.0,5.0
8342,2023-06-29,58.0,53.5,4.5
1445,2023-06-30,20.55,20.45,0.1
2308,2023-06-30,349.5,339.66,9.84
2603,2023-06-30,155.0,85.0,70.0
3019,2023-06-30,66.3,64.4,1.9
3045,2023-06-30,100.5,96.2,4.3
3416,2023-06-30,115.0,110.23,4.763854
3518,2023-06-30,34.85,34.35,0.5
3570,2023-06-30,137.0,129.5,7.5
3703,2023-06-30,30.85,28.35,2.5
3711,2023-06-30,122.5,113.7,8.793169
4137,2023-06-30,208.5,201.5,7.0
4542,2023-06-30,26.8,26.3,0.5
4550,2023-06-30,30.75,28.85,1.9
4916,2023-06-30,42.75,42.37,0.376284
4952,2023-06-30,57.3,52.3,5.0
6242,2023-06-30,79.3,67.22,12.082609
8111,2023-06-30,21.15,19.95,1.2
1307,2023-07-03,26.0,25.2,0.8
1451,2023-07-03,21.95,19.95,2.0
1536,2023-07-03,71.9,70.3,1.6
1788,2023-07-03,147.0,140.0,7.0
2415,2023-07-03,24.3,23.65,0.65
2464,2023-07-03,38.05,36.25,1.8
2615,2023-07-03,59.0,54.0,5.0
3324,2023-07-03,297.0,290.5,6.5
3413,2023-07-03,202.0,188.21,13.787728
3545,2023-07-03,78.4,77.89,0.503156
3587,2023-07-03,232.0,220.95,11.052677
3597,2023-07-03,25.65,23.95,1.699839
4417,2023-07-03,43.05,40.15,2.9
4510,2023-07-03,17.8,17.4,0.4
5209,2023-07-03,196.0,188.52,7.483726
5609,2023-07-03,92.3,77.7,14.60002
6577,2023-07-03,115.0,110.55,4.45
6591,2023-07-03,54.0,50.06,3.938548
6751,2023-07-03,102.0,99.0,3.0
6788,2023-07-03,146.5,138.5,8.0
6803,2023-07-03,319.0,305.49,13.506092
6835,2023-07-03,46.4,44.4,2.0
8040,2023-07-03,46.7,45.5,1.2
8476,2023-07-03,70.7,64.37,6.333803
910861,2023-07-03,6.15,6.06,0.087435
1218,2023-07-04,28.1,27.53,0.569856
1410,2023-07-04,37.85,37.05,0.8
1710,2023-07-04,22.25,22.05,0.2
1773,2023-07-04,130.0,126.4,3.6
1909,2023-07-04,17.25,17.0,0.25
2317,2023-07-04,115.0,109.7,5.3
2354,2023-07-04,56.0,54.4,1.6
2357,2023-07-04,312.5,297.5,15.0
2395,2023-07-04,430.0,381.87,48.128002
2417,2023-07-04,21.85,21.64,0.200215
2538,2023-07-04,12.9,12.4,0.5
2609,2023-07-04,69.3,49.3,20.0
2755,2023-07-04,201.5,145.91,55.587591
2838A,2023-07-04,52.7,50.3,2.4
3006,2023-07-04,81.5,79.7,1.8
3042,2023-07-04,96.2,89.2,7.0
3093,2023-07-04,38.45,35.45,3.0
3105,2023-07-04,164.0,161.5,2.5
3169,2023-07-04,129.0,123.5,5.5
3564,2023-07-04,52.5,51.7,0.8
4102,2023-07-04,31.65,30.85,0.8
4153,2023-07-04,41.9,40.9,1.0
4541,2023-07-04,44.6,43.2,1.4
4915,2023-07-04,65.9,61.99,3.900556
4938,2023-07-04,76.0,71.99,4.003416
4953,2023-07-04,116.0,109.55,6.448004
5236,2023-07-04,107.5,100.5,7.00018
5285,2023-07-04,76.7,73.2,3.5
5315,2023-07-04,22.5,20.7,1.8
5902,2023-07-04,41.3,39.8,1.5
6146,2023-07-04,261.0,238.1,22.904762
6215,2023-07-04,30.6,28.8,1.8
6271,2023-07-04,185.0,177.22,7.770079
6494,2023-07-04,69.2,62.7,6.5
6516,2023-07-04,106.5,95.69,10.809092
6569,2023-07-04,141.5,136.5,4.995945
6719,2023-07-04,298.0,288.03,9.961125
8081,2023-07-04,198.0,184.0,14.0
8261,2023-07-04,106.5,101.52,4.976673
8299,2023-07-04,417.5,413.05,4.450908
9939,2023-07-04,106.0,101.2,4.8
1595,2023-07-05,40.4,38.37,2.026
1795,2023-07-05,297.0,293.54,3.459921
2030,2023-07-05,23.45,21.95,1.5
2107,2023-07-05,22.3,21.1,1.2
2327,2023-07-05,497.5,487.5,9.993836
2421,2023-07-05,108.0,105.4,2.6
2425,2023-07-05,42.2,41.4,0.8
2820,2023-07-05,15.55,15.05,0.5
2832,2023-07-05,23.0,22.0,1.0
2887E,2023-07-05,51.4,49.02,2.375
2887F,2023-07-05,48.5,46.6,1.9
2887Z1,2023-07-05,17.0,16.7,0.293425
3021,2023-07-05,22.65,21.95,0.7
3231,2023-07-05,105.0,102.4,2.59872
4439,2023-07-05,139.0,132.0,7.0
4526,2023-07-05,19.8,19.6,0.2
4904,2023-07-05,76.7,73.45,3.25
4951,2023-07-05,78.1,74.6,3.5
5234,2023-07-05,119.5,116.2,3.3
5347,2023-07-05,88.3,83.8,4.5
5353,2023-07-05,43.3,42.1,1.2
5508,2023-07-05,74.1,67.75,6.3454
6469,2023-07-05,392.5,387.8,4.697735
6530,2023-07-05,27.4,25.9,1.5
6568,2023-07-05,157.0,152.98,4.022764
6624,2023-07-05,47.7,45.9,1.8
8024,2023-07-05,26.85,24.85,2.0
8054,2023-07-05,37.3,36.8,0.5
8083,2023-07-05,160.5,150.3,10.2
8089,2023-07-05,21.7,21.0,0.7
8481,2023-07-05,59.0,55.2,3.8
1341,2023-07-06,71.4,68.41,2.987504
1442,2023-07-06,33.15,31.55,1.6
1455,2023-07-06,10.55,10.45,0.1
1708,2023-07-06,39.6,36.6,3.0
1789,2023-07-06,29.4,29.04,0.36
1906,2023-07-06,16.65,16.15,0.5
2031,2023-07-06,46.5,45.5,1.0
2049,2023-07-06,230.0,224.5,5.5
2397,2023-07-06,81.0,77.0,4.0
2419,2023-07-06,37.0,35.5,1.5
2433,2023-07-06,52.9,49.3,3.6
2451,2023-07-06,78.7,73.1,5.6
2478,2023-07-06,50.2,48.2,2.0
2606,2023-07-06,49.75,46.75,3.0
2845,2023-07-06,11.8,11.39,0.4089
2904,2023-07-06,20.55,19.9,0.65
3016,2023-07-06,65.2,63.2,2.0
3090,2023-07-06,59.3,53.8,5.5
3213,2023-07-06,59.7,56.1,3.6
3303,2023-07-06,27.8,25.8,2.0
3305,2023-07-06,54.4,52.4,1.991081
3556,2023-07-06,67.2,62.5,4.7
4130,2023-07-06,30.85,30.68,0.175
4167,2023-07-06,18.2,18.1,0.1032
4183,2023-07-06,20.85,19.87,0.98
4305,2023-07-06,34.1,32.1,2.0
4549,2023-07-06,117.0,113.0,4.0
4745,2023-07-06,29.1,27.5,1.6
4755,2023-07-06,148.0,142.1,5.9
5220,2023-07-06,30.0,28.2,1.8
5452,2023-07-06,23.1,22.6,0.5
5511,2023-07-06,74.3,71.9,2.4
5536,2023-07-06,153.5,145.24,8.257002
5876,2023-07-06,46.05,44.25,1.8
6121,2023-07-06,334.5,320.0,14.5
6125,2023-07-06,81.3,79.68,1.62
6128,2023-07-06,35.6,33.4,2.2
6233,2023-07-06,27.9,27.42,0.48391
6237,2023-07-06,41.15,40.9,0.249981
6472,2023-07-06,845.0,837.0,8.0
6506,2023-07-06,19.6,18.4,1.2
6510,2023-07-06,601.0,589.25,11.75
6641,2023-07-06,54.3,50.8,3.5
6776,2023-07-06,63.2,59.7,3.5
6799,2023-07-06,147.0,143.99,3.003377
6811,2023-07-06,249.0,241.5,7.5
8048,2023-07-06,81.2,76.7,4.500971
8085,2023-07-06,50.7,50.6,0.1
8112,2023-07-06,48.35,43.95,4.4
8112A,2023-07-06,42.0,40.3,1.692123
8114,2023-07-06,121.5,114.5,6.993517
8240,2023-07-06,33.8,32.3,1.5
8255,2023-07-06,176.5,172.5,4.0
8422,2023-07-06,208.5,198.51,9.985112
8482,2023-07-06,77.2,70.98,6.22
9907,2023-07-06,19.9,18.42,1.48
9933,2023-07-06,42.15,40.25,1.896
1580,2023-07-07,128.0,122.0,6.0
2360,2023-07-07,264.0,255.99,8.000613
2363,2023-07-07,18.55,17.55,1.0
2373,2023-07-07,80.5,75.8,4.7
3290,2023-07-07,26.95,26.38,0.568805
3441,2023-07-07,44.6,43.1,1.5
4711,2023-07-07,17.5,17.0,0.5
5291,2023-07-07,33.9,31.2,2.7
5465,2023-07-07,57.0,55.5,1.5
5904,2023-07-07,583.0,553.56,29.435641
6115,2023-07-07,47.0,43.8,3.2
6136,2023-07-07,20.1,18.95,1.15
6615,2023-07-07,39.85,38.85,1.0
6804,2023-07-07,75.6,72.37,3.228571
6829,2023-07-07,134.5,129.1,5.4
6840,2023-07-07,68.2,65.47,2.72846
8039,2023-07-07,44.1,41.6,2.5
8109,2023-07-07,94.3,92.32,1.983478
8358,2023-07-07,62.4,59.9,2.5
8462,2023-07-07,159.0,157.44,1.552919
1234,2023-07-10,40.85,39.05,1.8
1336,2023-07-10,23.95,23.54,0.41
1452,2023-07-10,17.7,16.9,0.8
1612,2023-07-10,26.6,25.1,1.5
2359,2023-07-10,37.3,35.8,1.5
2597,2023-07-10,119.0,109.0,10.0
2610,2023-07-10,26.25,25.78,0.460219
2645,2023-07-10,114.0,110.0,4.0
3038,2023-07-10,39.4,37.8,1.6
3390,2023-07-10,17.95,17.27,0.68
3489,2023-07-10,11.35,11.05,0.3
3591,2023-07-10,26.2,25.9,0.291145
4148,2023-07-10,62.0,59.5,2.5
4163,2023-07-10,138.0,134.0,4.0
4807,2023-07-10,19.45,19.0,0.449999
4987,2023-07-10,64.2,59.7,4.5
5215,2023-07-10,46.3,44.3,2.0
5263,2023-07-10,132.0,130.55,1.453129
5284,2023-07-10,136.0,133.2,2.8
5432,2023-07-10,33.6,32.6,1.0
6190,2023-07-10,36.3,34.3,1.999964
6196,2023-07-10,141.0,135.36,5.638302
6213,2023-07-10,69.3,66.3,3.0
6220,2023-07-10,28.75,25.75,3.0
6596,2023-07-10,56.7,56.2,0.5
6763,2023-07-10,518.0,507.9,10.1
6791,2023-07-10,110.5,107.32,3.180863
6796,2023-07-10,102.0,100.2,1.796593
7556,2023-07-10,118.5,110.0,8.499999
8034,2023-07-10,19.2,18.6,0.6
8064,2023-07-10,20.1,18.6,1.5
8463,2023-07-10,25.7,25.47,0.23
8923,2023-07-10,21.15,20.15,1.0
9935,2023-07-10,19.8,19.15,0.65
1101,2023-07-11,36.85,36.35,0.499719
1101B,2023-07-11,49.15,47.4,1.75
1210,2023-07-11,52.5,51.0,1.5
1219,2023-07-11,21.55,20.43,1.113107
1220,2023-07-11,14.85,14.65,0.2
1618,2023-07-11,23.4,22.8,0.6
2069,2023-07-11,19.7,18.7,1.0
2302,2023-07-11,20.65,19.85,0.8
2387,2023-07-11,44.95,41.45,3.5
2401,2023-07-11,28.55,27.95,0.6
2493,2023-07-11,64.5,60.5,4.0
2633,2023-07-11,31.2,30.53,0.67
2634,2023-07-11,58.3,57.22,1.08
3028,2023-07-11,34.45,31.53,2.914092
3031,2023-07-11,20.7,19.85,0.85
3034,2023-07-11,430.5,393.5,37.0
3055,2023-07-11,37.85,36.85,0.999248
3234,2023-07-11,29.25,26.92,2.332218
3310,2023-07-11,94.9,91.88,3.022206
3532,2023-07-11,160.5,153.2,7.3
3567,2023-07-11,31.75,29.65,2.1
4104,2023-07-11,102.0,98.35,3.65
4138,2023-07-11,127.0,123.85,3.15
4173,2023-07-11,24.45,23.8,0.65
4931,2023-07-11,43.8,41.61,2.188777
6129,2023-07-11,31.9,31.25,0.65
6514,2023-07-11,56.8,53.3,3.5
6515,2023-07-11,842.0,820.0,22.0
6751,2023-07-11,101.5,100.36,1.13964
6792,2023-07-11,89.3,84.3,5.0
8163,2023-07-11,46.0,43.0,3.0
8367,2023-07-11,46.2,43.7,2.499943
1608,2023-07-12,22.9,22.5,0.4
2024,2023-07-12,17.6,17.25,0.35
2316,2023-07-12,27.6,27.1,0.5
2332,2023-07-12,21.95,21.72,0.2246
2356,2023-07-12,47.25,45.75,1.5
2459,2023-07-12,59.3,55.5,3.8
3050,2023-07-12,15.9,15.4,0.5
3122,2023-07-12,26.1,25.86,0.237243
3171,2023-07-12,18.9,17.9,1.0
3265,2023-07-12,78.9,73.9,5.0
3465,2023-07-12,89.6,86.49,3.112373
4126,2023-07-12,89.1,84.9,4.2
4164,2023-07-12,67.7,65.73,1.968402
6166,2023-07-12,73.4,70.9,2.5
6194,2023-07-12,31.0,30.7,0.3
6197,2023-07-12,70.8,67.6,3.2
6231,2023-07-12,118.5,112.2,6.3
6285,2023-07-12,121.0,116.15,4.841425
6292,2023-07-12,45.5,42.5,3.0
6443,2023-07-12,34.45,33.95,0.498013
6605,2023-07-12,121.0,116.0,5.0
6781,2023-07-12,791.0,772.0,19.0
8072,2023-07-12,28.7,27.7,1.0
8131,2023-07-12,43.7,40.4,3.3
8284,2023-07-12,64.7,60.7,4.0
8383,2023-07-12,41.7,39.2,2.5
9904,2023-07-12,31.1,29.8,1.3
1109,2023-07-13,18.05,17.25,0.8
1231,2023-07-13,99.8,89.27,10.527272
1233,2023-07-13,37.75,36.9,0.85
1236,2023-07-13,23.8,22.8,1.0
1423,2023-07-13,23.8,23.6,0.2
1440,2023-07-13,16.0,15.65,0.35
1560,2023-07-13,122.5,118.5,3.99875
1614,2023-07-13,38.35,37.35,0.992585
1723,2023-07-13,113.5,108.5,5.0
1734,2023-07-13,33.75,32.75,1.0
1907,2023-07-13,36.3,35.4,0.9
2029,2023-07-13,25.3,24.27,1.03
2032,2023-07-13,17.35,17.15,0.2
2073,2023-07-13,31.9,30.08,1.818036
2114,2023-07-13,108.0,103.0,5.0
2204,2023-07-13,93.5,89.5,4.0
2235,2023-07-13,46.0,42.0,4.0
2404,2023-07-13,219.5,204.5,15.0
2449,2023-07-13,62.2,58.7,3.5
2453,2023-07-13,67.1,64.9,2.2
2501,2023-07-13,16.2,15.7,0.5
2607,2023-07-13,28.2,26.95,1.25
2608,2023-07-13,38.5,36.85,1.65
2612,2023-07-13,40.9,38.72,2.18
3013,2023-07-13,40.65,40.35,0.3
3037,2023-07-13,171.0,163.0,7.992986
3044,2023-07-13,123.0,115.55,7.45
3130,2023-07-13,215.0,201.58,13.415188
3189,2023-07-13,113.5,107.02,6.475636
3217,2023-07-13,135.5,130.15,5.35
3354,2023-07-13,14.55,14.35,0.2
3402,2023-07-13,52.5,48.3,4.2
3438,2023-07-13,71.0,69.6,1.4
3490,2023-07-13,26.1,24.8,1.3
3581,2023-07-13,24.5,23.7,0.8
3588,2023-07-13,50.0,47.65,2.348233
3596,2023-07-13,132.0,125.5,6.5
3652,2023-07-13,33.4,32.72,0.670372
3672,2023-07-13,26.65,26.55,0.1
3701,2023-07-13,66.1,64.92,1.17838
3715,2023-07-13,30.6,29.8,0.799818
4536,2023-07-13,184.5,173.5,11.0
4979,2023-07-13,149.0,148.94,0.059308
5011,2023-07-13,26.55,24.56,1.993004
5206,2023-07-13,20.55,20.05,0.5
5230,2023-07-13,24.4,23.6,0.8
5356,2023-07-13,30.4,28.9,1.5
5371,2023-07-13,75.7,71.2,4.5
5519,2023-07-13,25.05,22.95,2.1
6005,2023-07-13,14.5,14.11,0.39
6223,2023-07-13,175.0,168.0,7.0
6278,2023-07-13,99.5,92.5,7.0
6556,2023-07-13,111.5,106.5,5.0
6592,2023-07-13,156.5,139.09,17.409091
6592A,2023-07-13,97.0,95.82,1.173698
6643,2023-07-13,1075.0,969.99,105.006023
6754,2023-07-13,55.3,51.6,3.7
8016,2023-07-13,246.5,224.5,22.0
8088,2023-07-13,36.25,33.85,2.4
8099,2023-07-13,56.1,54.35,1.75
8374,2023-07-13,31.1,30.6,0.5
8941,2023-07-13,61.8,55.8,6.0
1446,2023-07-14,37.6,37.4,0.2
1513,2023-07-14,134.0,130.68,3.313659
2106,2023-07-14,31.25,29.28,1.964577
2618,2023-07-14,39.75,38.95,0.79907
3032,2023-07-14,69.4,67.38,2.017811
3624,2023-07-14,59.1,56.5,2.6
3684,2023-07-14,61.5,50.41,11.090164
3709,2023-07-14,24.2,23.2,1.0
4551,2023-07-14,149.5,143.5,6.0
4706,2023-07-14,19.25,18.65,0.6
4741,2023-07-14,36.8,35.4,1.4
4999,2023-07-14,37.05,35.3,1.75
5474,2023-07-14,129.5,125.7,3.8
5706,2023-07-14,89.5,89.2,0.3
6207,2023-07-14,31.75,30.25,1.5
6409,2023-07-14,1875.0,1831.49,43.508924
6629,2023-07-14,47.6,46.33,1.27
1264,2023-07-17,298.5,286.5,12.0
1338,2023-07-17,43.0,41.0,2.0
1402,2023-07-17,32.3,30.95,1.35
1439,2023-07-17,22.7,22.4,0.3
1503,2023-07-17,162.5,160.5,2.0
1532,2023-07-17,36.25,35.05,1.19999
2945,2023-07-17,41.6,40.87,0.73
3221,2023-07-17,30.55,28.05,2.501014
3293,2023-07-17,652.0,617.0,35.0
3380,2023-07-17,48.1,46.41,1.69
3707,2023-07-17,87.7,86.7,0.999963
4205,2023-07-17,106.5,103.5,3.0
4721,2023-07-17,96.0,91.4,4.6
4768,2023-07-17,226.0,210.95,15.047614
4935,2023-07-17,57.0,53.0,4.0
4960,2023-07-17,12.2,11.89,0.300266
6205,2023-07-17,67.1,64.1,2.999548
6405,2023-07-17,23.5,23.4,0.1
6416,2023-07-17,98.0,94.4,3.6
6432,2023-07-17,35.35,33.85,1.5
6462,2023-07-17,111.5,108.7,2.798039
6486,2023-07-17,78.2,73.07,5.13218
6491,2023-07-17,370.0,363.84,6.153846
6689,2023-07-17,133.0,130.2,2.8
6691,2023-07-17,400.0,291.98,108.010233
6741,2023-07-17,128.5,127.8,0.7
6790,2023-07-17,40.6,38.3,2.3
6873,2023-07-17,115.0,111.0,4.0
8421,2023-07-17,14.9,13.89,1.01047
8478,2023-07-17,589.0,579.0,10.0
8905,2023-07-17,29.6,28.6,1.0
9918,2023-07-17,42.7,41.7,1.0
9926,2023-07-17,55.3,53.3,2.0
0050,2023-07-18,132.0,130.1,1.9
0056,2023-07-18,35.94,34.94,1.0
006203,2023-07-18,64.55,63.65,0.9
006208,2023-07-18,76.45,75.09,1.352
00687B,2023-07-18,32.87,32.62,0.25
00692,2023-07-18,33.33,32.59,0.732
00694B,2023-07-18,39.06,38.88,0.178
00695B,2023-07-18,34.83,34.69,0.145
00696B,2023-07-18,33.32,33.09,0.231
00702,2023-07-18,21.1,20.8,0.3
00714,2023-07-18,19.34,19.22,0.12
00717,2023-07-18,14.68,14.52,0.156
00719B,2023-07-18,30.85,30.48,0.37
00720B,2023-07-18,34.94,34.46,0.48
00722B,2023-07-18,37.58,37.07,0.507
00723B,2023-07-18,33.95,33.56,0.393
00724B,2023-07-18,33.55,33.12,0.434
00725B,2023-07-18,36.85,36.43,0.42
00726B,2023-07-18,34.06,33.55,0.51
00727B,2023-07-18,37.97,37.49,0.48
00735,2023-07-18,31.31,30.11,1.2
00736,2023-07-18,20.66,20.53,0.13
00740B,2023-07-18,39.41,38.95,0.457
00741B,2023-07-18,36.8,36.32,0.477
00744B,2023-07-18,43.07,41.8,1.27
00746B,2023-07-18,36.66,36.26,0.396
00749B,2023-07-18,32.49,32.08,0.41
00750B,2023-07-18,35.08,34.69,0.39
00761B,2023-07-18,37.12,36.75,0.37
00772B,2023-07-18,35.67,35.54,0.13
00773B,2023-07-18,35.77,35.63,0.14
00782B,2023-07-18,32.94,32.44,0.5
00784B,2023-07-18,36.37,36.2,0.173
00785B,2023-07-18,34.66,34.26,0.397
00788B,2023-07-18,32.0,31.55,0.45
00848B,2023-07-18,34.38,34.01,0.373
00849B,2023-07-18,35.99,35.69,0.296
00858,2023-07-18,28.52,27.08,1.445
00870B,2023-07-18,30.18,29.83,0.35
00882,2023-07-18,11.58,11.18,0.4
00884B,2023-07-18,31.18,30.83,0.348
00888,2023-07-18,14.47,14.26,0.208
00892,2023-07-18,12.93,12.64,0.281
00905,2023-07-18,10.24,10.06,0.18
00908,2023-07-18,12.58,12.4,0.175
00912,2023-07-18,15.69,15.51,0.18
00927,2023-07-18,15.52,15.3,0.22
1201,2023-07-18,19.8,19.56,0.238
1434,2023-07-18,27.7,26.2,1.5
1582,2023-07-18,59.6,56.6,2.99996
1760,2023-07-18,132.0,130.0,2.0
2010,2023-07-18,18.15,17.55,0.6
2211,2023-07-18,64.0,59.0,5.0
2340,2023-07-18,57.3,56.3,1.0
2348,2023-07-18,71.1,66.1,5.0
2348A,2023-07-18,35.7,34.1,1.6
2427,2023-07-18,30.6,30.25,0.35
2482,2023-07-18,69.6,68.1,1.497716
2712,2023-07-18,38.7,38.61,0.088851
2812,2023-07-18,15.75,14.82,0.922745
2849,2023-07-18,15.45,15.05,0.4
2903,2023-07-18,23.8,22.7,1.1
2906,2023-07-18,18.7,18.1,0.6
3048,2023-07-18,27.6,25.6,2.0
3227,2023-07-18,117.0,111.0,6.001474
3311,2023-07-18,34.8,34.2,0.6
3362,2023-07-18,150.5,149.5,1.0
3512,2023-07-18,32.85,29.85,2.999893
4306,2023-07-18,15.65,14.67,0.97891
4728,2023-07-18,237.0,227.5,9.5
5410,2023-07-18,34.7,32.21,2.493238
5515,2023-07-18,14.45,13.45,1.0
5608,2023-07-18,22.45,20.79,1.651567
6170,2023-07-18,45.0,42.9,2.1
6244,2023-07-18,33.05,32.6,0.45
6715,2023-07-18,134.0,129.52,4.470748
8091,2023-07-18,101.5,94.5,7.0
8097,2023-07-18,52.1,50.09,2.011685
8215,2023-07-18,43.3,41.3,2.0
8415,2023-07-18,35.45,33.65,1.8
8917,2023-07-18,67.8,65.8,2.0
00789B,2023-07-19,52.6,52.04,0.562
00790B,2023-07-19,52.5,51.93,0.574
00791B,2023-07-19,53.45,52.93,0.522
00929,2023-07-19,16.57,16.46,0.11
1256,2023-07-19,318.0,311.5,6.5
1525,2023-07-19,102.0,99.9,2.1
1535,2023-07-19,62.0,59.0,3.0
1584,2023-07-19,37.0,35.55,1.454768
1615,2023-07-19,39.9,38.4,1.5
1735,2023-07-19,17.0,16.5,0.5
1785,2023-07-19,38.2,36.7,1.500616
2009,2023-07-19,31.2,30.8,0.4
2374,2023-07-19,20.85,20.4,0.45
2704,2023-07-19,52.4,51.9,0.5
3022,2023-07-19,88.3,84.8,3.5
3024,2023-07-19,16.15,15.93,0.22
3046,2023-07-19,74.7,72.73,1.964002
4543,2023-07-19,54.9,53.7,1.2
4576,2023-07-19,70.9,69.9,1.0
5469,2023-07-19,50.2,47.8,2.4
5471,2023-07-19,51.0,48.5,2.5
6112,2023-07-19,67.9,65.9,2.0
6182,2023-07-19,48.6,46.1,2.495617
6191,2023-07-19,50.8,48.17,2.620837
6206,2023-07-19,71.8,66.3,5.5
6229,2023-07-19,29.3,27.7,1.6
6442,2023-07-19,77.6,75.5,2.1
6449,2023-07-19,55.6,53.3,2.3
6485,2023-07-19,100.5,96.5,4.0
6488,2023-07-19,542.0,532.5,9.5
6538,2023-07-19,154.5,151.2,3.300778
6843,2023-07-19,73.9,71.4,2.5
8044,2023-07-19,47.5,46.66,0.837685
8182,2023-07-19,30.7,29.7,1.0
8349,2023-07-19,64.7,62.71,1.992213
8349A,2023-07-19,45.5,43.6,1.9
8464,2023-07-19,343.0,332.0,11.0
8499,2023-07-19,102.5,100.5,2.0
9919,2023-07-19,18.75,18.6,0.15
9930,2023-07-19,54.0,51.5,2.5
9943,2023-07-19,90.3,87.0,3.3
00734B,2023-07-20,15.98,15.76,0.22
00842B,2023-07-20,32.63,32.17,0.46
00904,2023-07-20,13.3,13.19,0.11
1102,2023-07-20,44.8,42.5,2.299587
1227,2023-07-20,40.8,39.51,1.29
1473,2023-07-20,24.6,23.6,1.0
1522,2023-07-20,34.35,32.55,1.8
1522A,2023-07-20,46.55,44.55,2.0
1905,2023-07-20,26.95,26.65,0.3
2034,2023-07-20,29.05,27.55,1.495908
2338,2023-07-20,79.3,76.8,2.5
2352,2023-07-20,59.7,57.7,2.0
2471,2023-07-20,56.0,53.16,2.834648
2515,2023-07-20,11.1,10.57,0.526
2534,2023-07-20,21.95,20.2,1.75
2617,2023-07-20,30.55,28.35,2.2
2836A,2023-07-20,21.95,21.17,0.775
2881,2023-07-20,64.8,63.3,1.5
2881A,2023-07-20,62.2,59.74,2.46
2881B,2023-07-20,59.8,57.64,2.16
2881C,2023-07-20,57.5,55.7,1.8
3026,2023-07-20,106.5,96.66,9.833334
3607,2023-07-20,16.85,15.85,1.0
3611,2023-07-20,292.5,279.53,12.972543
3687,2023-07-20,109.0,107.5,1.5
4175,2023-07-20,129.0,115.16,13.837821
4555,2023-07-20,53.3,51.77,1.522945
5386,2023-07-20,63.7,59.25,4.447664
6120,2023-07-20,19.2,19.04,0.15321
6173,2023-07-20,42.2,40.99,1.205607
6217,2023-07-20,49.1,47.6,1.5
6508,2023-07-20,37.6,34.91,2.685096
6582,2023-07-20,55.0,53.5,1.5
6609,2023-07-20,37.8,34.8,3.0
6616,2023-07-20,14.35,13.57,0.778572
6693,2023-07-20,63.3,61.3,2.0
6782,2023-07-20,203.0,197.5,5.5
8050,2023-07-20,103.0,97.42,5.58445
8110,2023-07-20,13.75,13.6,0.15
8431,2023-07-20,63.3,63.2,0.1
00834B,2023-07-21,34.23,33.8,0.43
1104,2023-07-21,31.2,28.83,2.365049
1558,2023-07-21,111.5,106.0,5.5
1721,2023-07-21,14.75,14.65,0.1
1777,2023-07-21,88.0,85.0,3.0
2937,2023-07-21,33.2,31.92,1.28143
3527,2023-07-21,101.0,97.0,4.0
4506,2023-07-21,83.5,80.1,3.4
4764,2023-07-21,47.0,46.5,0.5
5439,2023-07-21,111.5,108.2,3.3
5704,2023-07-21,70.5,68.28,2.22
6259,2023-07-21,22.65,20.93,1.718311
6419,2023-07-21,47.5,42.2,5.3
6477,2023-07-21,47.75,46.03,1.718577
6670,2023-07-21,223.0,201.0,21.999074
8921,2023-07-21,14.95,14.45,0.504
8926,2023-07-21,53.7,49.82,3.878959
1463,2023-07-24,14.75,14.35,0.4
1762,2023-07-24,78.6,77.3,1.3
2852,2023-07-24,16.6,15.88,0.72
3051,2023-07-24,24.8,23.6,1.2
3268,2023-07-24,22.95,22.25,0.7
3272,2023-07-24,44.95,38.62,6.333928
3323,2023-07-24,33.35,31.85,1.5
3444,2023-07-24,87.7,83.9,3.8
3526,2023-07-24,166.0,156.6,9.4
3550,2023-07-24,16.05,15.55,0.5
3551,2023-07-24,71.8,68.6,3.2
3576,2023-07-24,18.6,18.5,0.099999
4129,2023-07-24,75.6,73.32,2.275293
4129A,2023-07-24,75.0,72.66,2.34
4737,2023-07-24,76.7,74.6,2.099834
5607,2023-07-24,73.7,65.9,7.79091
6203,2023-07-24,98.5,93.57,4.93299
6290,2023-07-24,63.1,60.99,2.11
6664,2023-07-24,135.0,128.17,6.827812
6716,2023-07-24,103.5,90.0,13.5
6823,2023-07-24,82.8,76.48,6.32381
8069,2023-07-24,215.0,210.5,4.5
1436,2023-07-25,68.6,63.46,5.139352
1701,2023-07-25,25.25,24.45,0.8
2008,2023-07-25,19.75,19.22,0.526198
2062,2023-07-25,23.2,22.2,1.0
2206,2023-07-25,77.1,75.3,1.8
2221,2023-07-25,43.4,39.4,4.0
2239,2023-07-25,67.7,67.23,0.462968
2355,2023-07-25,34.9,34.05,0.85
2405,2023-07-25,15.35,15.15,0.2
2414,2023-07-25,37.25,34.75,2.5
3081,2023-07-25,107.0,103.5,3.500229
3491,2023-07-25,153.5,149.54,3.957149
3501,2023-07-25,55.1,51.1,4.0
3665,2023-07-25,309.5,296.74,12.758678
3673,2023-07-25,39.4,38.9,0.5
3702,2023-07-25,56.8,52.95,3.85
3702A,2023-07-25,48.6,46.6,2.0
3712,2023-07-25,35.9,33.9,2.0
4561,2023-07-25,26.0,25.3,0.7
4581,2023-07-25,71.5,69.0,2.5
5245,2023-07-25,44.95,42.45,2.5
5457,2023-07-25,52.1,50.26,1.838134
5483,2023-07-25,180.5,174.7,5.8
6187,2023-07-25,130.5,127.44,3.061989
6411,2023-07-25,114.0,110.73,3.26978
6527,2023-07-25,114.5,106.76,7.738095
6651,2023-07-25,80.4,74.4,6.0
6680,2023-07-25,98.8,88.02,10.776324
6684,2023-07-25,48.85,47.87,0.977211
9941,2023-07-25,212.5,188.09,24.40909
9941A,2023-07-25,50.0,48.0,2.0
1110,2023-07-26,19.7,19.6,0.1
1229,2023-07-26,69.3,63.55,5.748598
1444,2023-07-26,10.95,10.52,0.421154
1465,2023-07-26,14.5,13.65,0.85
1540,2023-07-26,17.9,17.3,0.6
1786,2023-07-26,95.3,93.31,1.98011
2002,2023-07-26,29.35,28.35,1.0
2002A,2023-07-26,45.5,44.1,1.4
2014,2023-07-26,24.7,24.35,0.35
2023,2023-07-26,15.1,14.79,0.301529
2228,2023-07-26,104.0,100.0,4.0
2392,2023-07-26,43.3,41.1,2.2
2838,2023-07-26,16.3,15.42,0.871429
2887,2023-07-26,19.3,18.03,1.267371
3219,2023-07-26,61.2,60.17,1.029854
3266,2023-07-26,13.95,13.45,0.5
3535,2023-07-26,19.7,18.7,1.0
4545,2023-07-26,31.6,30.1,1.5
5213,2023-07-26,24.85,24.2,0.651923
5426,2023-07-26,15.85,15.65,0.2
6464,2023-07-26,93.8,88.8,5.0
6517,2023-07-26,90.5,89.3,1.2
6721,2023-07-26,52.9,50.5,2.4
8404,2023-07-26,21.95,20.71,1.235715
9925,2023-07-26,41.9,39.9,2.0
9937,2023-07-26,68.0,65.9,2.1
1103,2023-07-27,21.35,20.63,0.712746
1304,2023-07-27,22.9,22.2,0.7
1305,2023-07-27,22.25,21.95,0.3
1308,2023-07-27,26.6,25.4,1.2
1309,2023-07-27,19.75,19.25,0.5
1312,2023-07-27,18.35,17.85,0.5
1312A,2023-07-27,27.65,26.55,1.1
1325,2023-07-27,22.7,22.2,0.5
1417,2023-07-27,13.4,13.03,0.37
1470,2023-07-27,20.2,19.75,0.45
1519,2023-07-27,212.0,209.5,2.5
1521,2023-07-27,36.15,35.45,0.7
1529,2023-07-27,40.1,38.5,1.597585
1530,2023-07-27,32.7,31.1,1.6
1617,2023-07-27,16.35,16.05,0.299989
1736,2023-07-27,79.6,79.0,0.6
1810,2023-07-27,21.0,20.8,0.2
2365,2023-07-27,11.8,11.6,0.2
2511,2023-07-27,11.95,11.45,0.5
2520,2023-07-27,29.95,28.19,1.753163
2546,2023-07-27,75.4,68.84,6.559421
2884,2023-07-27,26.95,25.78,1.166007
2897,2023-07-27,10.25,9.87,0.38
2897A,2023-07-27,10.55,10.12,0.425
3131,2023-07-27,649.0,631.0,18.0
3376,2023-07-27,90.7,84.7,6.0
3406,2023-07-27,395.0,383.0,12.0
3426,2023-07-27,40.4,38.1,2.3
3483,2023-07-27,145.0,141.02,3.98322
3531,2023-07-27,30.5,28.5,2.0
3537,2023-07-27,39.8,37.3,2.5
3546,2023-07-27,86.8,77.43,9.371429
3548,2023-07-27,69.6,66.6,2.999928
4119,2023-07-27,115.0,102.0,13.0
4763,2023-07-27,898.0,878.38,19.619062
4942,2023-07-27,41.0,38.5,2.5
4971,2023-07-27,56.8,54.8,1.997689
5299,2023-07-27,128.5,120.1,8.396794
5425,2023-07-27,93.6,89.6,4.0
6160,2023-07-27,28.4,27.8,0.6
6161,2023-07-27,45.0,42.5,2.5
6257,2023-07-27,57.0,52.8,4.2
6263,2023-07-27,141.5,135.1,6.4
6277,2023-07-27,87.9,84.6,3.3
6284,2023-07-27,51.4,49.7,1.7
6451,2023-07-27,108.0,106.83,1.169612
6578,2023-07-27,17.85,17.18,0.66505
6706,2023-07-27,71.0,67.5,3.5
6863,2023-07-27,156.5,154.52,1.98
6869,2023-07-27,90.9,88.9,2.0
7402,2023-07-27,76.8,72.06,4.743588
8155,2023-07-27,171.0,163.7,7.301425
8183,2023-07-27,52.9,51.0,1.9
8390,2023-07-27,50.8,48.92,1.88
8433,2023-07-27,87.6,82.6,4.999627
8436,2023-07-27,174.0,168.98,5.022594
9905,2023-07-27,25.75,24.55,1.2
9908,2023-07-27,33.55,32.45,1.1
2027,2023-07-28,49.9,39.58,10.316667
2481,2023-07-28,77.8,74.8,3.0
2492,2023-07-28,95.9,93.49,2.40495
3454,2023-07-28,194.5,189.0,5.5
3520,2023-07-28,17.75,17.45,0.3
4171,2023-07-28,52.6,40.88,11.72
5014,2023-07-28,15.4,14.6,0.8
6114,2023-07-28,28.9,28.4,0.5
6138,2023-07-28,156.5,147.5,9.000122
6671,2023-07-28,42.45,40.45,2.0
6761,2023-07-28,98.4,88.86,9.542473
1609,2023-07-31,38.05,37.21,0.838
2369,2023-07-31,20.05,19.75,0.3
2431,2023-07-31,11.65,11.55,0.1
2495,2023-07-31,25.15,24.55,0.6
3447,2023-07-31,50.5,48.2,2.3
3645,2023-07-31,49.55,48.95,0.599918
4767,2023-07-31,28.3,27.0,1.3
4919,2023-07-31,142.0,135.0,7.0
6180,2023-07-31,76.8,71.0,5.8
8171,2023-07-31,43.0,42.35,0.651622
8227,2023-07-31,180.0,178.5,1.5
3114,2023-08-01,30.5,28.08,2.423077
3611,2023-08-01,285.0,259.14,25.859334
3689,2023-08-01,65.6,63.33,2.270435
4106,2023-08-01,30.9,30.05,0.85
4401,2023-08-01,24.5,23.8,0.7
4739,2023-08-01,84.2,81.2,3.0
4933,2023-08-01,38.2,35.29,2.91129
4989,2023-08-01,33.8,33.3,0.5
5211,2023-08-01,24.4,23.65,0.75
5269,2023-08-01,983.0,962.99,20.000362
5312,2023-08-01,88.7,84.4,4.3
5871,2023-08-01,208.0,197.64,10.35294
5871A,2023-08-01,100.5,96.7,3.8
6239,2023-08-01,110.5,103.5,7.0
8437,2023-08-01,99.4,96.75,2.65
9942,2023-08-01,148.5,142.9,5.6
1725,2023-08-02,22.3,21.3,1.0
2345,2023-08-02,394.5,387.0,7.4998
2393,2023-08-02,51.2,48.7,2.5
2497,2023-08-02,69.7,69.0,0.7
2596,2023-08-02,22.45,21.45,1.0
2616,2023-08-02,32.95,31.35,1.6
2836,2023-08-02,12.9,12.52,0.375729
3033,2023-08-02,33.65,30.58,3.067216
3060,2023-08-02,20.15,19.85,0.3
4533,2023-08-02,30.65,30.33,0.32
4927,2023-08-02,61.4,59.4,2.0
4977,2023-08-02,91.3,88.8,2.5
5903,2023-08-02,216.0,209.5,6.5
1216,2023-08-03,76.2,73.05,3.15
1720,2023-08-03,63.4,60.9,2.5
1727,2023-08-03,37.6,36.86,0.731022
1730,2023-08-03,60.9,57.9,3.0
1809,2023-08-03,15.55,15.3,0.25
1813,2023-08-03,19.6,19.1,0.5
2207,2023-08-03,738.0,721.56,16.431373
2233,2023-08-03,111.0,105.0,6.0
2342,2023-08-03,39.8,38.8,1.0
2351,2023-08-03,103.5,100.3,3.2
2376,2023-08-03,297.0,290.8,6.2
2912,2023-08-03,280.5,271.5,9.0
3128,2023-08-03,38.55,37.35,1.2
3209,2023-08-03,39.35,35.77,3.578376
3306,2023-08-03,47.55,47.05,0.5
3533,2023-08-03,736.0,710.81,25.182608
4432,2023-08-03,23.85,23.55,0.3
4720,2023-08-03,14.7,14.5,0.2
6158,2023-08-03,33.15,32.05,1.100344
6201,2023-08-03,49.05,46.05,3.0
6414,2023-08-03,294.0,281.25,12.740273
6417,2023-08-03,123.5,121.3,2.2
6743,2023-08-03,55.9,55.4,0.5
6807,2023-08-03,28.6,26.71,1.89
9910,2023-08-03,212.0,182.41,29.589286
9938,2023-08-03,56.3,53.8,2.5
2420,2023-08-04,50.6,47.1,3.5
2891,2023-08-04,26.15,25.14,1.000025
8021,2023-08-04,33.85,31.85,2.0
2028,2023-08-07,25.65,25.2,0.45
2375,2023-08-07,62.8,61.3,1.5
2458,2023-08-07,122.5,119.43,3.069257
3332,2023-08-07,51.2,48.7,2.5
4556,2023-08-07,30.05,29.53,0.52
6703,2023-08-07,299.5,255.52,43.977156
3092,2023-08-08,43.3,41.55,1.746602
3141,2023-08-08,99.4,96.73,2.667628
3516,2023-08-08,17.5,17.3,0.2
4114,2023-08-08,44.45,40.16,4.288437
4560,2023-08-08,38.75,36.55,2.2
5223,2023-08-08,42.0,40.0,2.0
5546,2023-08-08,38.3,36.8,1.5
8103,2023-08-08,40.25,38.25,2.0
8104,2023-08-08,39.95,38.45,1.5
8255,2023-08-08,174.0,172.13,1.872899
2890,2023-08-09,18.7,17.74,0.954902
3289,2023-08-09,114.5,113.51,0.990361
5880,2023-08-09,29.35,27.47,1.87381
6155,2023-08-09,27.8,26.3,1.5
6209,2023-08-09,28.7,28.0,0.69975
6271,2023-08-09,164.5,126.53,37.961539
6649,2023-08-09,34.2,34.0,0.2
9960,2023-08-09,30.4,28.2,2.2
1583,2023-08-10,69.7,66.7,3.0
1593,2023-08-10,76.4,69.66,6.737346
1713,2023-08-10,33.95,32.95,1.0
2017,2023-08-10,17.1,15.37,1.724912
2230,2023-08-10,96.0,85.02,10.984605
2409,2023-08-10,20.4,19.6,0.8
2476,2023-08-10,49.95,47.65,2.3
2641,2023-08-10,16.25,16.11,0.138873
2801,2023-08-10,18.75,17.75,0.993903
2886,2023-08-10,39.95,38.4,1.547222
2915,2023-08-10,61.8,59.8,2.0
3552,2023-08-10,135.0,131.5,3.5
5450,2023-08-10,18.8,18.15,0.65
6143,2023-08-10,75.9,72.9,3.0
6156,2023-08-10,22.05,21.25,0.8
6179,2023-08-10,30.5,30.05,0.446322
6210,2023-08-10,33.6,31.6,2.0
6457,2023-08-10,48.35,47.35,1.0
6472,2023-08-10,939.0,722.92,216.082557
8928,2023-08-10,36.5,33.9,2.6
9914,2023-08-10,213.5,206.5,7.0
2885,2023-08-11,25.3,24.92,0.373892
2892,2023-08-11,29.25,27.62,1.628641
3152,2023-08-11,192.5,188.91,3.59
5203,2023-08-11,104.0,101.7,2.3
5276,2023-08-11,16.7,16.1,0.6
5288,2023-08-11,181.5,174.44,7.055131
6189,2023-08-11,45.75,42.31,3.430223
6469,2023-08-11,427.0,347.7,79.304086
2729,2023-08-14,336.0,289.13,46.869567
6291,2023-08-14,178.0,176.5,1.5
6509,2023-08-14,38.4,37.02,1.38
1714,2023-08-15,8.63,8.53,0.1
1726,2023-08-15,76.0,72.5,3.5
3188,2023-08-15,14.4,14.1,0.3
4162,2023-08-15,81.3,79.3,2.0
4538,2023-08-15,22.4,21.09,1.311903
4580,2023-08-15,95.3,90.05,5.249865
5489,2023-08-15,37.8,36.28,1.524866
8112,2023-08-15,49.95,48.35,1.591567
8112A,2023-08-15,41.6,40.32,1.272217
8442,2023-08-15,82.9,77.95,4.948604
8454,2023-08-15,596.0,541.81,54.181819
8916,2023-08-15,55.1,51.31,3.786096
00679B,2023-08-16,30.97,30.69,0.28
00701,2023-08-16,26.28,26.08,0.2
00718B,2023-08-16,20.18,19.87,0.307
00721B,2023-08-16,45.81,45.25,0.56
00754B,2023-08-16,36.46,36.05,0.414
00755B,2023-08-16,33.82,33.38,0.436
00756B,2023-08-16,33.29,32.81,0.481
00771,2023-08-16,16.56,16.37,0.19
00772B,2023-08-16,35.04,34.91,0.13
00773B,2023-08-16,35.74,35.6,0.14
00780B,2023-08-16,36.12,35.82,0.3
00786B,2023-08-16,33.51,33.03,0.48
00794B,2023-08-16,39.92,39.32,0.601
00795B,2023-08-16,30.92,30.65,0.273
00799B,2023-08-16,33.04,32.61,0.43
00840B,2023-08-16,31.55,31.23,0.32
00841B,2023-08-16,31.37,31.09,0.28
00845B,2023-08-16,32.39,32.02,0.373
00846B,2023-08-16,34.07,33.71,0.362
00847B,2023-08-16,27.69,27.41,0.283
00850,2023-08-16,34.0,33.32,0.68
00860B,2023-08-16,38.24,37.71,0.531
00878,2023-08-16,21.43,21.08,0.35
00881,2023-08-16,17.25,16.79,0.46
00890B,2023-08-16,32.81,32.44,0.37
00891,2023-08-16,13.18,12.96,0.22
00894,2023-08-16,13.82,13.56,0.26
00900,2023-08-16,13.16,12.55,0.61
00907,2023-08-16,14.53,14.22,0.308
00923,2023-08-16,16.06,15.49,0.561
2301,2023-08-16,143.5,141.5,2.0
3323,2023-08-16,31.75,31.27,0.484679
3617,2023-08-16,252.0,235.23,16.761903
5227,2023-08-16,58.0,55.65,2.349398
6202,2023-08-16,66.2,62.2,4.0
6662,2023-08-16,32.6,31.1,1.5
8043,2023-08-16,26.8,25.72,1.08
8049,2023-08-16,40.55,37.55,3.0
00731,2023-08-17,68.4,67.18,1.22
00758B,2023-08-17,51.05,50.47,0.58
00759B,2023-08-17,55.75,55.16,0.59
00760B,2023-08-17,53.3,52.59,0.71
00929,2023-08-17,16.43,16.32,0.11
2472,2023-08-17,58.3,54.81,3.489479
2754,2023-08-17,154.0,152.5,1.499936
2880,2023-08-17,21.6,21.01,0.59
3008,2023-08-17,2040.0,2013.5,26.5
3228,2023-08-17,110.0,106.7,3.300984
3232,2023-08-17,23.85,23.35,0.5
3605,2023-08-17,27.5,26.95,0.55
6561,2023-08-17,412.5,366.82,45.681822
6728,2023-08-17,142.5,132.5,10.0
00775B,2023-08-18,33.02,32.72,0.3
00844B,2023-08-18,31.55,31.22,0.33
00867B,2023-08-18,30.88,30.52,0.36
1565,2023-08-18,208.5,195.0,13.5
3036,2023-08-18,71.4,67.1,4.297871
3036A,2023-08-18,47.55,45.55,2.0
3056,2023-08-18,48.0,31.13,16.865249
4744,2023-08-18,31.05,30.12,0.933146
5228,2023-08-18,23.1,22.8,0.3
6175,2023-08-18,36.35,34.6,1.75
00913,2023-08-21,16.6,15.9,0.7
1475,2023-08-21,52.2,51.7,0.5
1569,2023-08-21,24.4,22.4,2.0
1597,2023-08-21,66.8,64.8,2.0
3027,2023-08-21,45.35,45.09,0.2582
3646,2023-08-21,29.7,27.63,2.069628
5289,2023-08-21,264.0,245.32,18.681863
6284,2023-08-21,49.9,49.61,0.289434
1316,2023-08-22,12.05,11.6,0.440769
1516,2023-08-22,19.4,17.48,1.913379
3002,2023-08-22,13.5,13.35,0.15
3226,2023-08-22,61.0,58.5,2.5
4111,2023-08-22,27.45,26.25,1.2
6183,2023-08-22,68.6,66.1,2.5
6275,2023-08-22,48.5,46.39,2.108321
6683,2023-08-22,197.0,189.5,7.502204
6735,2023-08-22,52.3,47.52,4.77619
6796,2023-08-22,115.5,114.39,1.102384
8096,2023-08-22,10.6,10.54,0.061615
9951,2023-08-22,78.2,74.9,3.3
1537,2023-08-23,141.5,131.5,10.0
1737,2023-08-23,34.85,33.35,1.5
3284,2023-08-23,16.05,15.79,0.257921
3653,2023-08-23,594.0,582.33,11.660364
3663,2023-08-23,32.7,31.7,0.999956
4907,2023-08-23,37.2,36.0,1.2
5222,2023-08-23,171.5,155.9,15.590908
6142,2023-08-23,11.4,11.18,0.22
6177,2023-08-23,32.05,29.57,2.478572
6279,2023-08-23,146.5,140.9,5.6
6499,2023-08-23,51.2,48.29,2.91389
6806,2023-08-23,93.4,92.9,0.5
9931,2023-08-23,42.0,38.53,3.46789
1419,2023-08-24,43.2,41.7,1.5
1454,2023-08-24,17.8,17.55,0.25
1464,2023-08-24,14.45,13.25,1.195283
1527,2023-08-24,40.85,38.45,2.4
1541,2023-08-24,31.7,30.7,1.0
1709,2023-08-24,23.9,22.1,1.8
2066,2023-08-24,84.4,79.98,4.41897
2201,2023-08-24,74.7,73.76,0.934579
2383,2023-08-24,442.0,433.59,8.40683
2402,2023-08-24,37.5,36.5,0.991548
2428,2023-08-24,158.0,152.6,5.4
2527,2023-08-24,23.2,22.2,1.0
2539,2023-08-24,48.05,41.27,6.770154
2702,2023-08-24,22.35,21.09,1.254762
2732,2023-08-24,126.5,123.5,2.999737
2756,2023-08-24,121.0,99.17,21.833333
3147,2023-08-24,74.9,70.4,4.5
3206,2023-08-24,49.2,47.0,2.2
3312,2023-08-24,21.2,19.2,2.0
3317,2023-08-24,52.9,45.26,7.641379
3419,2023-08-24,18.5,18.3,0.2
3434,2023-08-24,30.55,26.84,3.711931
4430,2023-08-24,22.55,22.05,0.5
4572,2023-08-24,197.0,178.9,18.097435
4746,2023-08-24,86.8,85.8,1.0
4966,2023-08-24,790.0,781.02,8.981209
6108,2023-08-24,20.05,19.55,0.5
6167,2023-08-24,18.9,18.2,0.7
6204,2023-08-24,70.5,53.93,16.57
6221,2023-08-24,75.0,61.68,13.321918
6227,2023-08-24,46.35,42.05,4.3
6230,2023-08-24,149.0,147.93,1.07
6512,2023-08-24,20.8,20.69,0.112762
6574,2023-08-24,56.1,52.6,3.5
6666,2023-08-24,70.5,69.4,1.1
6752,2023-08-24,120.0,111.11,8.88889
8410,2023-08-24,55.1,54.49,0.61
1324,2023-08-25,11.75,11.55,0.2
1528,2023-08-25,12.45,12.35,0.1
1615,2023-08-25,40.0,36.36,3.636364
1722,2023-08-25,62.7,60.2,2.5
1815,2023-08-25,13.4,13.04,0.360778
2328,2023-08-25,39.1,37.7,1.4
3017,2023-08-25,387.0,382.0,4.9958
3218,2023-08-25,359.0,333.02,25.981132
3492,2023-08-25,19.0,18.0,1.0
3693,2023-08-25,554.0,548.0,6.0
3704,2023-08-25,48.8,47.56,1.238091
4754,2023-08-25,48.8,43.64,5.163635
4908,2023-08-25,54.1,51.1,3.0
5013,2023-08-25,36.35,34.75,1.6
5525,2023-08-25,26.5,23.58,2.915095
6153,2023-08-25,21.7,21.45,0.240866
6261,2023-08-25,62.4,57.4,5.0
8071,2023-08-25,15.7,15.2,0.5
8105,2023-08-25,13.75,13.55,0.2
8289,2023-08-25,37.45,33.95,3.5
9921,2023-08-25,203.0,195.2,7.8
9946,2023-08-25,14.1,13.67,0.42773
1108,2023-08-28,16.3,15.5,0.8
1225,2023-08-28,56.4,52.28,4.114286
1453,2023-08-28,13.65,13.25,0.397573
1514,2023-08-28,54.1,51.55,2.546602
1539,2023-08-28,28.25,25.75,2.5
1603,2023-08-28,36.2,35.7,0.5
2038,2023-08-28,18.8,17.9,0.895238
2377,2023-08-28,171.5,164.9,6.6
2442,2023-08-28,18.85,18.57,0.273983
2462,2023-08-28,38.5,37.08,1.412622
3025,2023-08-28,42.55,41.55,1.0
3052,2023-08-28,12.4,11.76,0.635295
3086,2023-08-28,68.0,63.58,4.415095
3628,2023-08-28,44.9,42.9,2.0
4104,2023-08-28,91.4,87.04,4.352381
4138,2023-08-28,113.5,103.18,10.318182
4161,2023-08-28,35.2,33.52,1.67619
4905,2023-08-28,72.0,70.8,1.2
5321,2023-08-28,86.6,69.84,16.762602
5464,2023-08-28,30.15,28.15,2.0
5534,2023-08-28,76.8,71.3,5.5
5603,2023-08-28,20.75,19.75,1.0
6111,2023-08-28,80.9,66.4,14.495317
6154,2023-08-28,16.85,15.95,0.9
6435,2023-08-28,98.9,87.18,11.718182
6560,2023-08-28,30.0,29.0,1.0
8032,2023-08-28,31.8,29.6,2.2
2059,2023-08-29,892.0,872.0,20.0
2227,2023-08-29,191.5,184.28,7.22
2441,2023-08-29,59.5,55.8,3.7
2905,2023-08-29,13.65,13.44,0.204901
4438,2023-08-29,119.5,112.7,6.8
4549,2023-08-29,98.0,88.29,9.711711
4554,2023-08-29,27.0,26.0,1.0
4739,2023-08-29,74.3,73.65,0.646537
5243,2023-08-29,64.8,63.2,1.6
5287,2023-08-29,218.0,193.09,24.909221
5392,2023-08-29,25.5,25.2,0.301784
6122,2023-08-29,41.2,39.13,2.073786
6168,2023-08-29,26.0,24.49,1.5022
8076,2023-08-29,32.2,30.58,1.617476
8403,2023-08-29,35.05,32.9,2.145238
9105,2023-08-29,3.93,3.89,0.036636
1235,2023-08-30,85.0,75.0,10.0
1240,2023-08-30,46.95,45.05,1.900981
2250,2023-08-30,70.1,67.1,2.990441
2484,2023-08-30,34.05,31.85,2.2
2736,2023-08-30,31.8,31.18,0.623529
3088,2023-08-30,97.7,86.61,11.08646
3207,2023-08-30,78.4,77.07,1.327218
4107,2023-08-30,111.5,107.0,4.5
4207,2023-08-30,19.85,18.64,1.211502
4564,2023-08-30,25.25,25.05,0.2
4707,2023-08-30,13.35,12.28,1.07093
6216,2023-08-30,30.2,28.53,1.667026
6246,2023-08-30,13.0,12.65,0.352945
6859,2023-08-30,137.0,122.73,14.272727
1203,2023-08-31,41.65,40.55,1.1
1315,2023-08-31,72.9,70.4,2.5
1409,2023-08-31,16.55,15.55,1.0
1531,2023-08-31,14.15,13.35,0.8
1784,2023-08-31,64.3,63.6,0.696495
2439,2023-08-31,90.1,85.62,4.473261
2536,2023-08-31,25.75,25.25,0.5
2834,2023-08-31,13.9,13.47,0.423438
3023,2023-08-31,318.0,309.53,8.461325
3078,2023-08-31,81.7,79.35,2.35
3455,2023-08-31,79.1,70.6,8.5
4735,2023-08-31,37.7,37.2,0.5
5283,2023-08-31,114.5,110.5,4.0
6140,2023-08-31,20.85,18.95,1.895455
6753,2023-08-31,102.5,101.5,1.0
8466,2023-08-31,41.1,39.6,1.5
9958,2023-08-31,157.5,157.0,0.494246
2367,2023-09-01,18.25,17.95,0.3
3260,2023-09-01,86.8,84.26,2.535222
4584,2023-09-01,46.15,44.15,2.0
5351,2023-09-01,41.35,40.76,0.589506
2881,2023-09-04,64.8,61.71,3.085714
2923,2023-09-04,23.1,22.5,0.6
4736,2023-09-04,172.5,152.52,19.981707
5543,2023-09-04,47.15,46.39,0.759292
6234,2023-09-04,34.9,34.0,0.9
8927,2023-09-04,65.0,58.78,6.221136
9906,2023-09-04,59.8,55.22,4.572276
01010T,2023-09-05,10.25,10.04,0.208977
2901,2023-09-05,25.75,25.53,0.211324
3322,2023-09-05,21.8,21.2,0.6
3346,2023-09-05,46.8,46.51,0.282143
3484,2023-09-05,42.85,40.35,2.5
6139,2023-09-05,91.8,88.3,3.5
1339,2023-09-06,48.0,45.0,3.0
1626,2023-09-06,17.95,16.61,1.330953
2231,2023-09-06,153.0,143.52,9.470272
2468,2023-09-06,28.9,28.3,0.6
3167,2023-09-06,47.95,44.61,3.33835
4155,2023-09-06,33.05,28.33,4.717907
6603,2023-09-06,16.2,15.44,0.763107
6708,2023-09-06,48.15,47.25,0.9
6874,2023-09-06,123.5,119.7,3.8
8147,2023-09-06,70.9,68.24,2.656951
8349,2023-09-06,61.9,56.29,5.607123
1474,2023-09-07,11.9,11.5,0.4
1783,2023-09-07,58.6,55.33,3.266666
2727,2023-09-07,282.0,252.97,29.023514
3372,2023-09-07,13.9,13.4,0.5002
3661,2023-09-07,2500.0,2486.93,13.063308
4416,2023-09-07,79.1,77.1,2.0
4540,2023-09-07,33.3,31.81,1.484539
5906,2023-09-07,77.4,73.68,3.71068
6245,2023-09-07,109.5,99.53,9.972137
6552,2023-09-07,35.95,35.5,0.45
8107,2023-09-07,16.4,16.13,0.27
1268,2023-09-08,149.0,146.0,3.0
3516,2023-09-08,18.55,17.84,0.713462
3622,2023-09-08,45.05,43.55,1.5
4123,2023-09-08,51.5,45.95,5.548603
6163,2023-09-08,18.25,17.95,0.29971
8423,2023-09-08,23.7,22.1,1.604762
9935,2023-09-08,17.85,17.41,0.435366
1438,2023-09-11,30.55,29.55,1.0
2379,2023-09-11,445.5,418.5,27.0
6021,2023-09-11,15.3,15.0,0.3
6482,2023-09-11,43.8,37.22,6.582608
2457,2023-09-12,63.4,61.63,1.7662
2701,2023-09-12,12.65,12.4,0.25
3047,2023-09-12,15.45,14.47,0.977098
3178,2023-09-12,100.0,97.5,2.5
3558,2023-09-12,266.0,261.0,5.0
5498,2023-09-12,11.55,11.32,0.229994
6133,2023-09-12,14.95,14.45,0.5
6504,2023-09-12,77.4,76.4,1.0
1517,2023-09-13,15.95,15.05,0.9
1599,2023-09-13,37.5,36.0,1.5
2466,2023-09-13,36.6,35.69,0.903922
2488,2023-09-13,38.7,36.2,2.5
2540,2023-09-13,98.0,71.48,26.518519
2643,2023-09-13,70.1,68.66,1.442857
01009T,2023-09-14,8.4,8.24,0.152731
1215,2023-09-14,100.5,97.0,3.5
2109,2023-09-14,14.6,14.2,0.4
2330,2023-09-14,541.0,538.0,3.0
3594,2023-09-14,47.85,47.05,0.8
4160,2023-09-14,42.0,39.63,2.370063
5278,2023-09-14,187.0,184.15,2.854767
5306,2023-09-14,142.5,141.34,1.16
8908,2023-09-14,70.9,64.45,6.445454
8941,2023-09-14,60.0,58.0,2.0
910861,2023-09-14,5.51,5.48,0.020145
9802,2023-09-14,139.5,133.5,5.991818
5516,2023-09-15,32.3,28.91,3.390909
00697B,2023-09-18,35.71,35.37,0.34
00713,2023-09-18,48.78,47.94,0.84
00751B,2023-09-18,34.27,33.82,0.45
00764B,2023-09-18,31.16,30.9,0.261
00772B,2023-09-18,34.94,34.81,0.129
00773B,2023-09-18,35.39,35.25,0.139
00777B,2023-09-18,34.65,34.28,0.37
00778B,2023-09-18,35.07,34.62,0.45
00779B,2023-09-18,31.51,31.26,0.25
00781B,2023-09-18,32.54,32.16,0.38
00787B,2023-09-18,34.51,34.04,0.47
00792B,2023-09-18,33.24,32.83,0.411
00793B,2023-09-18,32.86,32.47,0.394
00836B,2023-09-18,30.37,30.1,0.274
00856B,2023-09-18,38.54,38.08,0.46
00857B,2023-09-18,26.18,25.84,0.34
00859B,2023-09-18,41.49,41.13,0.362
00862B,2023-09-18,31.68,31.32,0.356
00863B,2023-09-18,32.16,31.79,0.366
00883B,2023-09-18,31.39,31.06,0.331
00896,2023-09-18,16.19,15.86,0.33
00915,2023-09-18,21.65,20.95,0.7
00918,2023-09-18,21.65,20.9,0.75
00919,2023-09-18,21.89,21.35,0.54
2236,2023-09-18,78.1,76.86,1.236677
00710B,2023-09-19,18.81,18.55,0.26
00711B,2023-09-19,16.02,15.83,0.19
00712,2023-09-19,10.46,10.27,0.19
00929,2023-09-19,18.2,18.09,0.11
3059,2023-09-19,34.85,33.84,1.000065
00831B,2023-09-20,38.99,38.76,0.23
00853B,2023-09-20,29.02,28.6,0.42
2344,2023-09-20,27.85,26.85,1.0
2706,2023-09-20,15.65,15.3,0.35
5213,2023-09-20,26.65,25.08,1.567957
00921,2023-09-21,17.77,17.37,0.4
01004T,2023-09-21,13.85,13.65,0.199161
3577,2023-09-21,82.8,73.91,8.890909
6126,2023-09-21,30.35,29.15,1.2
6548,2023-09-21,34.6,34.2,0.397693
3236,2023-09-25,27.65,24.26,3.393363
6616,2023-09-25,14.15,13.89,0.261653
8234,2023-09-25,50.7,47.7,3.0
1590,2023-09-26,981.0,967.88,13.11805
1808,2023-09-26,92.7,92.1,0.6
2542,2023-09-26,43.05,38.68,4.368182
6186,2023-09-26,51.7,49.5,2.200003
6461,2023-09-26,29.2,28.29,0.905648
9927,2023-09-26,59.4,55.4,4.0
3675,2023-09-27,294.5,260.62,33.880534
4558,2023-09-27,28.55,27.55,1.0
4967,2023-09-27,67.0,66.0,1.0
8028,2023-09-27,53.0,52.07,0.926849
4912,2023-09-28,84.8,84.73,0.064
1586,2023-10-02,33.7,33.33,0.366667
4768,2023-10-02,205.0,197.51,7.487291
4763,2023-10-03,1165.0,1016.89,148.108908
020035,2023-10-04,6.73,6.41,0.321
3356,2023-10-04,47.5,46.1,1.4
6523,2023-10-04,145.5,143.5,2.0
1310,2023-10-05,15.95,15.75,0.2
4192,2023-10-05,40.05,39.29,0.760454
2458,2023-10-06,141.5,139.45,2.046171
2947,2023-10-06,87.2,86.7,0.5
9105,2023-10-06,4.09,2.91,1.175291
5864,2023-10-11,17.0,16.52,0.482461
2543,2023-10-12,15.3,15.0,0.3
2891B,2023-10-12,60.3,58.05,2.25
2891C,2023-10-12,59.9,57.98,1.92
8354,2023-10-12,14.5,14.2,0.3
8935,2023-10-12,11.95,11.64,0.308399
4119,2023-10-13,98.7,96.82,1.877689
8011,2023-10-13,18.4,18.15,0.245727
2344,2023-10-16,28.35,28.04,0.303828
2364,2023-10-16,155.5,124.4,31.1
3363,2023-10-17,78.8,76.16,2.635832
8906,2023-10-17,19.35,18.08,1.26897
3680,2023-10-18,383.0,377.89,5.105134
5258,2023-10-18,124.0,117.33,6.666667
6198,2023-10-18,31.8,29.07,2.727104
6596,2023-10-18,50.4,49.45,0.945455
0056,2023-10-19,34.9,33.7,1.2
006204,2023-10-19,86.4,82.44,3.959
00687B,2023-10-19,28.87,28.66,0.21
00694B,2023-10-19,40.59,40.35,0.239
00695B,2023-10-19,33.82,33.66,0.165
00696B,2023-10-19,29.25,29.01,0.24
00714,2023-10-19,17.86,17.74,0.112
00717,2023-10-19,14.49,14.31,0.176
00719B,2023-10-19,31.82,31.41,0.41
00720B,2023-10-19,32.22,31.73,0.49
00722B,2023-10-19,34.42,33.95,0.475
00723B,2023-10-19,31.26,30.85,0.412
00724B,2023-10-19,31.31,30.86,0.45
00725B,2023-10-19,34.62,34.14,0.48
00726B,2023-10-19,32.57,32.03,0.54
00727B,2023-10-19,38.71,38.18,0.53
00730,2023-10-19,19.52,18.38,1.136
00733,2023-10-19,52.85,51.65,1.2
00740B,2023-10-19,37.0,36.48,0.518
00741B,2023-10-19,37.3,36.78,0.518
00746B,2023-10-19,34.11,33.71,0.396
00749B,2023-10-19,29.75,29.33,0.42
00750B,2023-10-19,32.58,32.19,0.395
00761B,2023-10-19,34.24,33.83,0.41
00772B,2023-10-19,32.79,32.66,0.129
00773B,2023-10-19,33.2,33.06,0.139
00782B,2023-10-19,30.06,29.79,0.27
00784B,2023-10-19,37.31,37.1,0.211
00785B,2023-10-19,32.6,32.2,0.4
00788B,2023-10-19,29.69,29.22,0.47
00848B,2023-10-19,33.17,32.75,0.418
00849B,2023-10-19,37.01,36.69,0.318
00870B,2023-10-19,27.34,26.99,0.35
00884B,2023-10-19,28.31,27.95,0.359
00888,2023-10-19,13.64,13.43,0.208
00905,2023-10-19,9.83,9.66,0.17
00907,2023-10-19,14.12,13.97,0.141
00908,2023-10-19,11.7,11.55,0.147
00912,2023-10-19,14.84,14.64,0.2
00922,2023-10-19,16.1,15.53,0.57
00927,2023-10-19,15.73,15.51,0.22
1316,2023-10-19,10.8,10.25,0.549453
6593,2023-10-19,70.6,70.1,0.5
6612,2023-10-19,136.5,134.39,2.10672
00931B,2023-10-20,13.43,13.34,0.09
00734B,2023-10-23,14.98,14.73,0.25
00834B,2023-10-23,30.91,30.51,0.4
00842B,2023-10-23,29.62,29.13,0.49
00904,2023-10-23,13.56,13.43,0.13
00789B,2023-10-24,46.84,46.25,0.586
00790B,2023-10-24,48.9,48.31,0.587
00791B,2023-10-24,55.05,54.52,0.529
00929,2023-10-24,17.24,17.13,0.11
5607,2023-10-25,49.2,48.24,0.95726
4552,2023-10-26,39.0,37.7,1.3
1449,2023-10-31,14.05,13.64,0.40076
5522,2023-10-31,60.6,59.6,1.0
6655,2023-11-01,127.0,121.0,6.0
8936,2023-11-01,35.6,34.6,1.0
1805,2023-11-02,13.7,12.89,0.808498
020036,2023-11-03,5.34,5.19,0.141
3289,2023-11-07,90.3,89.31,0.9896
6285,2023-11-08,138.0,135.29,2.703907
8442,2023-11-09,89.3,88.52,0.774516
2867,2023-11-10,5.05,5.04,0.004903
0051,2023-11-16,71.1,68.6,2.5
0053,2023-11-16,69.9,68.0,1.9
0055,2023-11-16,23.92,23.32,0.6
006201,2023-11-16,19.46,18.81,0.65
006208,2023-11-16,75.3,74.43,0.861
00679B,2023-11-16,29.04,28.75,0.29
00692,2023-11-16,32.55,31.48,1.062
00754B,2023-11-16,35.53,35.1,0.428
00755B,2023-11-16,32.8,32.35,0.448
00756B,2023-11-16,31.81,31.3,0.513
00761B,2023-11-16,35.56,35.42,0.14
00771,2023-11-16,16.34,16.16,0.18
00772B,2023-11-16,34.33,34.2,0.13
00773B,2023-11-16,35.01,34.87,0.139
00780B,2023-11-16,35.7,35.36,0.34
00786B,2023-11-16,32.71,32.23,0.48
00794B,2023-11-16,39.88,39.48,0.405
00795B,2023-11-16,29.38,29.1,0.28
00799B,2023-11-16,31.88,31.42,0.46
00840B,2023-11-16,30.84,30.51,0.33
00841B,2023-11-16,30.6,30.33,0.27
00845B,2023-11-16,31.45,31.06,0.386
00846B,2023-11-16,33.73,33.33,0.401
00847B,2023-11-16,26.67,26.39,0.279
00850,2023-11-16,34.48,33.78,0.7
00860B,2023-11-16,38.8,38.2,0.599
00878,2023-11-16,20.69,20.34,0.35
00890B,2023-11-16,32.4,32.01,0.395
00891,2023-11-16,15.44,15.17,0.27
00892,2023-11-16,13.37,13.17,0.198
00894,2023-11-16,15.03,14.94,0.09
00900,2023-11-16,13.07,12.84,0.224
00901,2023-11-16,15.17,14.54,0.628
2413,2023-11-17,27.0,26.5,0.5
4979,2023-11-17,170.0,168.13,1.87092
00775B,2023-11-20,32.75,32.4,0.35
00844B,2023-11-20,31.26,30.89,0.375
00867B,2023-11-20,31.11,30.72,0.395
2241,2023-11-20,34.8,33.89,0.903422
3563,2023-11-20,198.5,197.5,1.0
00690,2023-11-21,29.18,28.18,1.0
00731,2023-11-21,66.95,65.85,1.1
00758B,2023-11-21,50.75,50.16,0.59
00759B,2023-11-21,54.65,54.05,0.6
00760B,2023-11-21,51.2,50.49,0.71
00929,2023-11-21,18.05,17.94,0.11
3036,2023-11-21,116.5,113.99,2.506995
3036A,2023-11-21,47.2,45.32,1.879949
6179,2023-11-21,29.85,29.4,0.450504
6219,2023-11-21,22.95,21.73,1.218321
01007T,2023-11-22,16.73,16.48,0.246576
2314,2023-11-23,37.45,36.95,0.497167
2427,2023-11-23,28.2,27.86,0.330261
2506,2023-11-23,9.34,9.24,0.1
2636,2023-11-23,79.2,76.2,3.0
8455,2023-11-27,21.3,21.18,0.116769
1312,2023-11-28,16.55,16.13,0.417177
1312A,2023-11-28,26.2,25.86,0.333255
3321,2023-11-28,16.0,14.45,1.543849
4763,2023-11-28,848.0,843.64,4.356271
5278,2023-11-28,216.0,213.59,2.40788
1526,2023-11-29,34.35,33.75,0.6
6523,2023-11-29,160.0,156.0,4.0
3465,2023-11-30,68.5,66.5,2.0
8404,2023-12-01,22.3,21.55,0.741867
020038,2023-12-05,5.96,5.78,0.179
8444,2023-12-05,34.55,34.38,0.170551
6438,2023-12-06,109.0,106.15,2.846576
2474,2023-12-07,192.5,187.5,5.0
6277,2023-12-07,81.2,79.1,2.1
2886,2023-12-08,39.0,38.83,0.162116
3138,2023-12-08,161.0,158.14,2.852862
5529,2023-12-08,20.05,18.73,1.316252
3522,2023-12-11,21.45,20.25,1.199636
2236,2023-12-12,73.4,73.3,0.091886
8942,2023-12-13,74.9,72.9,2.0
2063,2023-12-14,60.0,57.0,3.0
2330,2023-12-14,577.0,574.0,3.0
2208,2023-12-15,21.8,20.96,0.835122
00687B,2023-12-18,32.21,31.86,0.35
00697B,2023-12-18,35.81,35.48,0.33
00713,2023-12-18,51.15,50.31,0.84
00751B,2023-12-18,36.3,35.85,0.45
00764B,2023-12-18,32.18,31.93,0.251
00772B,2023-12-18,36.9,36.76,0.138
00773B,2023-12-18,37.57,37.43,0.14
00777B,2023-12-18,36.73,36.34,0.39
00778B,2023-12-18,37.31,36.89,0.425
00779B,2023-12-18,32.74,32.49,0.255
00781B,2023-12-18,34.44,33.99,0.45
00787B,2023-12-18,36.05,35.59,0.46
00792B,2023-12-18,35.23,34.85,0.382
00793B,2023-12-18,34.36,33.99,0.372
00836B,2023-12-18,32.32,31.97,0.346
00856B,2023-12-18,38.01,37.55,0.46
00857B,2023-12-18,26.82,26.5,0.325
00859B,2023-12-18,40.73,40.37,0.358
00862B,2023-12-18,34.05,33.65,0.396
00863B,2023-12-18,34.48,34.1,0.381
00883B,2023-12-18,33.62,33.25,0.375
00896,2023-12-18,16.05,15.75,0.3
00907,2023-12-18,14.88,14.73,0.141
00915,2023-12-18,23.14,22.69,0.45
00918,2023-12-18,22.55,21.88,0.67
00919,2023-12-18,22.85,22.3,0.55
00926,2023-12-18,16.79,16.56,0.23
5306,2023-12-18,130.0,128.96,1.04
00853B,2023-12-19,30.77,30.52,0.25
00929,2023-12-19,19.35,19.24,0.11
00710B,2023-12-20,18.93,18.67,0.26
00711B,2023-12-20,16.54,16.35,0.19
00712,2023-12-20,10.24,10.04,0.2
00831B,2023-12-20,38.96,38.68,0.285
6153,2023-12-20,22.45,22.15,0.299574
8488,2023-12-20,16.5,16.41,0.081633
00921,2023-12-21,18.17,17.97,0.2
2065,2023-12-21,62.3,60.82,1.483423
2753,2023-12-21,171.0,169.0,1.995488
3680,2023-12-21,373.5,369.49,4.007362
6121,2023-12-21,425.5,415.5,10.0
6548,2023-12-21,32.7,32.3,0.4
8070,2023-12-21,34.3,33.75,0.54042
8299,2023-12-21,511.0,506.58,4.424845
6123,2023-12-25,68.2,67.1,1.1
2028,2023-12-26,27.45,26.94,0.500492
4912,2023-12-26,81.4,80.57,0.828
5364,2023-12-26,24.3,22.54,1.760493
6242,2023-12-27,60.4,57.98,2.420889
6629,2024-01-03,55.0,53.5,1.5
2454,2024-01-04,953.0,928.4,24.6
6613,2024-01-08,140.5,137.07,3.429363
1799,2024-01-10,39.25,38.72,0.528412
6442,2024-01-10,67.2,65.94,1.254762
6763,2024-01-11,459.5,450.4,9.1
5536,2024-01-15,179.0,174.5,4.5
00734B,2024-01-16,15.77,15.55,0.22
00842B,2024-01-16,33.56,33.11,0.45
8087,2024-01-16,52.0,49.21,2.791494
0050,2024-01-17,131.65,128.65,3.0
0056,2024-01-17,36.37,35.67,0.7
006203,2024-01-17,64.5,62.7,1.8
00694B,2024-01-17,40.38,40.3,0.078
00695B,2024-01-17,35.3,35.13,0.174
00696B,2024-01-17,32.11,31.9,0.214
00701,2024-01-17,25.8,25.01,0.79
00702,2024-01-17,21.7,21.4,0.3
00714,2024-01-17,19.8,19.67,0.123
00717,2024-01-17,15.34,15.18,0.159
00719B,2024-01-17,31.31,30.97,0.34
00720B,2024-01-17,36.22,35.74,0.48
00722B,2024-01-17,39.24,38.83,0.409
00723B,2024-01-17,34.99,34.59,0.396
00724B,2024-01-17,34.9,34.49,0.409
00725B,2024-01-17,38.57,37.9,0.67
00726B,2024-01-17,34.25,33.67,0.58
00727B,2024-01-17,39.25,38.72,0.53
00735,2024-01-17,29.94,28.84,1.1
00736,2024-01-17,20.04,19.94,0.1
00740B,2024-01-17,41.26,40.76,0.505
00741B,2024-01-17,37.93,37.45,0.483
00746B,2024-01-17,37.64,37.26,0.379
00749B,2024-01-17,32.25,31.83,0.425
00750B,2024-01-17,36.38,35.98,0.4
00770,2024-01-17,42.1,38.1,4.0
00772B,2024-01-17,36.5,36.37,0.13
00773B,2024-01-17,37.23,37.09,0.14
00782B,2024-01-17,33.31,32.86,0.45
00784B,2024-01-17,37.45,37.25,0.2
00785B,2024-01-17,36.22,35.84,0.385
00788B,2024-01-17,32.41,31.98,0.43
00830,2024-01-17,37.07,35.56,1.51
00848B,2024-01-17,35.02,34.62,0.4
00849B,2024-01-17,36.41,36.24,0.169
00858,2024-01-17,29.21,27.71,1.5
00870B,2024-01-17,30.22,29.86,0.36
00881,2024-01-17,17.94,17.19,0.75
00882,2024-01-17,10.27,10.01,0.26
00884B,2024-01-17,30.83,30.47,0.359
00888,2024-01-17,14.12,13.91,0.208
00908,2024-01-17,12.77,12.64,0.122
00912,2024-01-17,15.32,15.08,0.24
00917,2024-01-17,17.27,16.98,0.29
00920,2024-01-17,14.44,14.4,0.04
00927,2024-01-17,16.94,16.58,0.36
00928,2024-01-17,16.37,15.77,0.6
00930,2024-01-17,17.96,17.75,0.208
6761,2024-01-17,74.6,70.93,3.670494
00789B,2024-01-18,53.55,52.95,0.605
00790B,2024-01-18,54.65,54.05,0.6
00791B,2024-01-18,55.15,54.6,0.55
00929,2024-01-18,18.48,18.35,0.13
00728,2024-01-19,26.91,25.61,1.3
00904,2024-01-19,15.5,15.15,0.35
00931B,2024-01-19,14.85,14.74,0.11
6488,2024-01-19,580.0,572.0,8.0
00834B,2024-01-22,34.97,34.53,0.44
00911,2024-01-22,24.05,23.05,1.0
2250,2024-01-23,84.8,83.35,1.443317
6139,2024-01-24,160.0,158.64,1.354601
3289,2024-01-25,98.0,96.98,1.020118
5483,2024-01-25,203.5,200.0,3.5
2476,2024-01-29,71.5,70.51,0.983754
6624,2024-01-29,44.6,43.28,1.324138
8423,2024-01-29,23.0,20.73,2.268571
2547,2024-01-30,9.65,9.57,0.0746
2836,2024-01-30,12.45,11.95,0.493153
2836A,2024-01-30,21.3,20.9,0.392373
3058,2024-02-02,20.8,19.75,1.040967
2540,2024-02-15,90.2,89.58,0.612089
5604,2024-02-22,50.0,48.0,2.0
00907,2024-02-26,14.75,14.6,0.141
6715,2024-02-26,176.0,173.89,2.102314
00679B,2024-02-27,29.95,29.64,0.31
00718B,2024-02-27,20.3,19.99,0.308
00721B,2024-02-27,45.89,45.35,0.54
00754B,2024-02-27,36.72,36.3,0.418
00755B,2024-02-27,34.56,34.13,0.434
00756B,2024-02-27,32.99,32.51,0.479
00761B,2024-02-27,37.18,36.7,0.48
00771,2024-02-27,17.51,17.31,0.2
00772B,2024-02-27,35.6,35.47,0.13
00773B,2024-02-27,36.8,36.66,0.14
00780B,2024-02-27,36.81,36.53,0.28
00786B,2024-02-27,34.34,33.82,0.52
00794B,2024-02-27,40.2,39.8,0.402
00795B,2024-02-27,30.31,29.96,0.35
00799B,2024-02-27,33.08,32.65,0.43
00840B,2024-02-27,31.97,31.64,0.33
00841B,2024-02-27,31.83,31.49,0.34
00845B,2024-02-27,32.79,32.43,0.36
00846B,2024-02-27,34.99,34.6,0.395
00847B,2024-02-27,27.7,27.42,0.283
00850,2024-02-27,37.22,36.79,0.43
00860B,2024-02-27,38.25,37.76,0.488
00878,2024-02-27,22.41,22.01,0.4
00890B,2024-02-27,34.17,33.77,0.4
00891,2024-02-27,17.77,17.45,0.32
00894,2024-02-27,17.8,17.7,0.1
00900,2024-02-27,14.44,14.32,0.12
00923,2024-02-27,18.54,18.31,0.23
00933B,2024-02-27,16.92,16.69,0.23
00937B,2024-02-27,15.94,15.86,0.084
4147,2024-02-27,108.0,106.1,1.904429
00731,2024-02-29,69.6,68.39,1.21
00758B,2024-02-29,53.45,52.86,0.59
00759B,2024-02-29,57.0,56.4,0.6
00760B,2024-02-29,54.0,53.29,0.71
00929,2024-02-29,19.66,19.53,0.13
00775B,2024-03-01,33.95,33.8,0.145
00844B,2024-03-01,32.92,32.56,0.36
00867B,2024-03-01,33.0,32.68,0.32
00690,2024-03-04,31.35,30.6,0.75
00913,2024-03-04,19.42,18.96,0.46
4966,2024-03-07,1085.0,1080.11,4.889812
3363,2024-03-11,120.5,120.0,0.5
5278,2024-03-11,230.0,226.99,3.011919
3035,2024-03-12,363.0,360.55,2.440988
01010T,2024-03-13,10.25,10.05,0.196599
01009T,2024-03-14,8.13,7.99,0.13501
1712,2024-03-14,42.0,39.2,2.8
2613,2024-03-14,22.6,22.0,0.6
6548,2024-03-14,33.9,33.5,0.4
00687B,2024-03-18,30.88,30.54,0.34
00697B,2024-03-18,35.35,35.07,0.28
00713,2024-03-18,54.35,53.47,0.88
00751B,2024-03-18,34.63,34.19,0.44
00764B,2024-03-18,30.67,30.46,0.209
00772B,2024-03-18,35.51,35.38,0.13
00773B,2024-03-18,36.65,36.51,0.136
00777B,2024-03-18,35.05,34.66,0.395
00778B,2024-03-18,36.3,35.9,0.405
00779B,2024-03-18,30.87,30.62,0.25
00781B,2024-03-18,33.13,32.71,0.42
00787B,2024-03-18,34.94,34.42,0.52
00792B,2024-03-18,33.89,33.49,0.399
00793B,2024-03-18,32.91,32.58,0.331
00859B,2024-03-18,41.4,41.04,0.362
00862B,2024-03-18,32.9,32.57,0.326
00863B,2024-03-18,33.7,33.34,0.36
00883B,2024-03-18,32.33,31.98,0.346
00896,2024-03-18,17.13,16.79,0.34
00915,2024-03-18,25.64,24.92,0.72
00918,2024-03-18,23.56,22.86,0.7
00919,2024-03-18,25.83,25.17,0.66
00922,2024-03-18,18.91,18.53,0.38
00933B,2024-03-18,16.55,16.48,0.07
00937B,2024-03-18,15.86,15.78,0.084
2330,2024-03-18,753.0,749.5,3.499789
9802,2024-03-18,124.5,122.5,2.0
00710B,2024-03-19,18.99,18.76,0.23
00711B,2024-03-19,16.2,16.0,0.2
00712,2024-03-19,9.65,9.47,0.18
00853B,2024-03-19,29.4,29.06,0.34
00929,2024-03-19,21.03,20.9,0.13
5283,2024-03-19,117.0,113.0,4.0
5306,2024-03-19,143.5,142.75,0.749995
9105,2024-03-19,3.72,3.65,0.067155
00831B,2024-03-20,39.25,38.95,0.3
5520,2024-03-20,90.0,85.4,4.6
00836B,2024-03-21,31.18,30.8,0.385
00856B,2024-03-21,38.46,38.04,0.419
00857B,2024-03-21,25.9,25.55,0.351
00921,2024-03-21,18.4,18.1,0.3
00930,2024-03-21,21.29,21.04,0.246
1342,2024-03-21,140.0,135.0,5.0
2430,2024-03-21,40.7,38.5,2.2
3004,2024-03-21,98.7,96.21,2.48363
3008,2024-03-21,2570.0,2529.0,41.0
3029,2024-03-21,78.4,74.4,3.999948
6534,2024-03-21,90.6,87.51,3.09
6541,2024-03-21,51.2,50.61,0.585499
6590,2024-03-21,102.0,97.0,5.0
6642,2024-03-21,51.7,50.2,1.5
6821,2024-03-21,43.8,42.24,1.559698
1313,2024-03-22,13.5,13.3,0.2
2006,2024-03-22,77.7,73.5,4.2
2065,2024-03-22,65.7,62.84,2.862035
4583,2024-03-22,260.5,250.5,10.0
5225,2024-03-22,123.0,116.42,6.572182
5478,2024-03-22,166.5,157.5,9.0
6281,2024-03-22,88.4,83.9,4.5
6895,2024-03-22,103.5,101.3,2.2
2630,2024-03-25,35.6,35.07,0.53
5007,2024-03-26,59.3,56.3,3.0
6276,2024-03-26,72.0,69.73,2.268294
2301,2024-03-27,120.5,117.99,2.506049
2756,2024-03-27,86.8,84.3,2.5
5222,2024-03-27,179.0,175.0,4.0
6015,2024-03-27,12.45,12.2,0.25
6151,2024-03-27,28.6,27.1,1.5
8401,2024-03-27,25.0,24.2,0.8
8938,2024-03-27,70.1,68.5,1.6
01004T,2024-03-28,13.06,12.86,0.199378
1457,2024-03-28,20.55,19.55,1.0
1477,2024-03-28,397.0,380.6,16.4
2108,2024-03-28,34.2,33.2,1.0
2458,2024-03-28,164.5,161.44,3.052417
2752,2024-03-28,289.5,276.2,13.3
2947,2024-03-28,80.2,79.4,0.8
3005,2024-03-28,149.5,144.5,4.99409
3558,2024-03-28,220.0,211.2,8.804474
3706,2024-03-28,56.7,55.4,1.3
4105,2024-03-28,81.5,78.0,3.5
4207,2024-03-28,18.4,18.0,0.4
4420,2024-03-28,70.7,50.7,20.0
4770,2024-03-28,451.0,439.0,12.0
4930,2024-03-28,36.1,33.8,2.3
4972,2024-03-28,28.4,27.7,0.7
6021,2024-03-28,17.0,16.7,0.3
6235,2024-03-28,103.5,101.82,1.678969
6415,2024-03-28,336.5,334.53,1.960119
6581,2024-03-28,93.2,88.9,4.3
6596,2024-03-28,78.7,73.4,5.3
6697,2024-03-28,55.6,53.4,2.2
6752,2024-03-28,137.5,134.5,3.0
6865,2024-03-28,60.1,58.5,1.6
8109,2024-03-28,104.5,98.5,6.0
8908,2024-03-28,58.1,57.3,0.8
8930,2024-03-28,41.75,39.25,2.5
2324,2024-03-29,38.3,37.1,1.2
2483,2024-03-29,23.95,23.65,0.3
3357,2024-03-29,121.0,116.5,4.5
5388,2024-03-29,144.0,139.0,4.99991
6125,2024-03-29,84.5,82.8,1.7
6275,2024-03-29,65.6,62.63,2.974344
6859,2024-03-29,139.0,137.0,2.0
4912,2024-04-01,123.5,122.72,0.773
5201,2024-04-01,37.35,35.85,1.5
2070,2024-04-02,39.5,38.0,1.5
2528,2024-04-02,46.9,46.4,0.495693
2732,2024-04-02,131.5,128.0,3.496814
3003,2024-04-02,70.7,69.2,1.5
3188,2024-04-02,28.9,27.3,1.6
3257,2024-04-02,72.8,69.8,3.0
6148,2024-04-02,33.0,31.8,1.2
6523,2024-04-02,170.0,168.0,2.0
8027,2024-04-02,96.0,95.5,0.500851
6188,2024-04-03,98.4,95.2,3.2
6873,2024-04-03,159.5,155.47,4.025753
8435,2024-04-03,79.0,75.0,4.0
1414,2024-04-08,19.45,19.2,0.25
5212,2024-04-10,63.9,60.9,3.0
8349,2024-04-10,67.5,66.0,1.498112
8349A,2024-04-10,45.0,43.1,1.9
1315,2024-04-11,73.7,71.2,2.5
1476,2024-04-11,554.0,540.5,13.5
1524,2024-04-11,37.1,35.8,1.3
1604,2024-04-11,30.3,28.8,1.5
2015,2024-04-11,72.8,69.3,3.5
2496,2024-04-11,77.1,72.42,4.68
2535,2024-04-11,58.2,55.2,3.0
3211,2024-04-11,91.8,86.27,5.52904
4173,2024-04-11,22.9,21.98,0.919676
4532,2024-04-11,25.75,24.75,1.0
5287,2024-04-11,209.0,204.6,4.4
6104,2024-04-11,108.0,106.2,1.8
6224,2024-04-11,57.8,56.3,1.5
6294,2024-04-11,127.0,119.0,8.0
2382,2024-04-12,284.5,275.5,9.0
3289,2024-04-12,127.0,125.98,1.020529
912000,2024-04-12,3.33,3.0,0.32648
00734B,2024-04-17,15.73,15.55,0.18
00842B,2024-04-17,33.07,32.62,0.45
00936,2024-04-17,17.63,17.52,0.11
8091,2024-04-17,129.5,123.5,6.0
0052,2024-04-18,160.75,154.32,6.43
0056,2024-04-18,38.94,38.15,0.79
00694B,2024-04-18,41.31,41.07,0.243
00695B,2024-04-18,34.68,34.48,0.205
00696B,2024-04-18,30.59,30.37,0.22
00714,2024-04-18,18.66,18.53,0.123
00717,2024-04-18,15.63,15.46,0.166
00719B,2024-04-18,31.89,31.52,0.37
00720B,2024-04-18,34.46,33.95,0.51
00722B,2024-04-18,37.62,37.14,0.477
00723B,2024-04-18,33.2,32.79,0.413
00724B,2024-04-18,34.07,33.62,0.451
00725B,2024-04-18,36.89,36.33,0.56
00726B,2024-04-18,33.98,33.47,0.51
00727B,2024-04-18,39.89,39.41,0.48
00733,2024-04-18,65.6,60.44,5.153
00740B,2024-04-18,39.65,39.17,0.482
00741B,2024-04-18,38.62,38.16,0.459
00746B,2024-04-18,36.07,35.66,0.406
00749B,2024-04-18,31.53,31.1,0.435
00750B,2024-04-18,34.6,34.17,0.435
00772B,2024-04-18,34.72,34.59,0.135
00773B,2024-04-18,35.87,35.73,0.142
00782B,2024-04-18,32.13,31.76,0.37
00784B,2024-04-18,38.31,38.1,0.209
00785B,2024-04-18,35.01,34.54,0.47
00788B,2024-04-18,31.31,30.83,0.48
00848B,2024-04-18,34.71,34.31,0.4
00849B,2024-04-18,37.45,37.0,0.45
00870B,2024-04-18,29.09,28.69,0.4
00884B,2024-04-18,29.92,29.74,0.18
00905,2024-04-18,12.57,12.36,0.21
00908,2024-04-18,11.83,11.68,0.144
00909,2024-04-18,26.42,24.61,1.81
00912,2024-04-18,17.11,16.88,0.23
00927,2024-04-18,19.3,18.9,0.4
00933B,2024-04-18,16.22,16.15,0.07
00937B,2024-04-18,15.56,15.48,0.084
2109,2024-04-18,17.75,16.95,0.8
3218,2024-04-18,260.0,253.0,7.0
4138,2024-04-18,134.5,127.75,6.75
4568,2024-04-18,55.5,53.0,2.5
6020,2024-04-18,19.65,18.75,0.899163
6128,2024-04-18,41.85,39.35,2.5
6274,2024-04-18,168.0,163.99,4.00752
6732,2024-04-18,377.0,364.5,12.5
6756,2024-04-18,206.5,204.5,1.998016
8996,2024-04-18,335.0,331.01,3.981422
9911,2024-04-18,86.6,82.72,3.88
9962,2024-04-18,18.55,17.45,1.1
00931B,2024-04-19,14.37,14.23,0.14
1217,2024-04-19,12.15,11.92,0.23
4104,2024-04-19,94.6,90.8,3.8
4528,2024-04-19,30.2,29.6,0.6
4973,2024-04-19,39.8,37.8,2.0
6791,2024-04-19,87.1,83.63,3.469401
8433,2024-04-19,105.0,99.06,5.940987
00834B,2024-04-22,34.81,34.41,0.4
00888,2024-04-22,14.81,14.62,0.188
00904,2024-04-22,15.83,15.78,0.05
00907,2024-04-22,14.86,14.71,0.141
3675,2024-04-22,303.5,299.01,4.491451
00789B,2024-04-23,51.4,50.8,0.605
00790B,2024-04-23,54.6,54.01,0.588
00791B,2024-04-23,56.45,55.91,0.544
00929,2024-04-23,19.55,19.35,0.2
1717,2024-04-25,31.25,30.45,0.8
2477,2024-04-25,21.6,21.1,0.5
2530,2024-04-25,52.2,51.66,0.54
4137,2024-04-25,189.0,187.79,1.200112
4566,2024-04-25,51.2,49.76,1.434713
6192,2024-04-25,112.0,107.0,5.0
8104,2024-04-25,35.25,34.26,0.984538
8446,2024-04-25,108.0,102.0,6.0
01001T,2024-05-02,14.75,14.34,0.408547
4923,2024-05-07,50.1,48.1,2.0
3663,2024-05-08,44.7,44.11,0.586973
6679,2024-05-15,382.5,377.0,5.5
00690,2024-05-16,32.93,32.03,0.9
00932,2024-05-16,18.01,17.49,0.52
00936,2024-05-16,18.16,18.0,0.16
01002T,2024-05-16,17.2,16.8,0.3954
01007T,2024-05-16,16.9,16.66,0.234915
00679B,2024-05-17,29.63,29.3,0.335
00754B,2024-05-17,36.79,36.37,0.425
00755B,2024-05-17,34.73,34.28,0.452
00756B,2024-05-17,33.35,32.84,0.507
00761B,2024-05-17,37.21,36.73,0.48
00771,2024-05-17,17.64,17.43,0.21
00772B,2024-05-17,35.71,35.57,0.136
00773B,2024-05-17,37.11,36.97,0.145
00780B,2024-05-17,37.37,36.99,0.38
00786B,2024-05-17,34.53,34.03,0.5
00794B,2024-05-17,40.88,40.48,0.397
00795B,2024-05-17,30.22,29.84,0.38
00799B,2024-05-17,33.14,32.71,0.43
00840B,2024-05-17,32.15,31.82,0.33
00841B,2024-05-17,31.93,31.61,0.32
00845B,2024-05-17,33.2,32.82,0.382
00846B,2024-05-17,36.08,35.67,0.411
00847B,2024-05-17,27.92,27.64,0.285
00850,2024-05-17,42.47,41.93,0.54
00860B,2024-05-17,38.88,38.32,0.556
00878,2024-05-17,23.57,23.06,0.51
00890B,2024-05-17,34.48,34.05,0.435
00891,2024-05-17,18.11,17.71,0.4
00894,2024-05-17,19.3,19.2,0.1
00900,2024-05-17,16.22,16.12,0.1
00933B,2024-05-17,16.79,16.72,0.07
00937B,2024-05-17,15.9,15.82,0.084
1733,2024-05-17,35.45,34.35,1.1
6658,2024-05-17,44.0,42.8,1.2
8440,2024-05-17,42.3,42.13,0.167
911608,2024-05-17,3.53,3.44,0.083436
00731,2024-05-21,77.45,74.07,3.38
00775B,2024-05-21,34.38,34.06,0.32
00844B,2024-05-21,33.4,33.08,0.32
00867B,2024-05-21,33.21,32.89,0.32
00929,2024-05-21,20.42,20.22,0.2
00758B,2024-05-22,53.4,52.81,0.59
00759B,2024-05-22,57.2,56.59,0.61
00760B,2024-05-22,55.55,54.84,0.71
00930,2024-05-23,20.8,20.44,0.36
6147,2024-05-23,79.5,75.75,3.75
6248,2024-05-23,34.65,32.65,2.0
8074,2024-05-23,23.45,22.45,1.0
1568,2024-05-27,31.8,30.46,1.34
6846,2024-05-27,80.0,76.5,3.495948
2736,2024-05-28,27.9,26.58,1.317276
3149,2024-05-28,26.1,24.69,1.402823
2332,2024-05-29,18.85,18.31,0.5355
6570,2024-05-29,56.2,53.6,2.6
6712,2024-05-29,202.0,178.18,23.818182
2467,2024-05-30,141.0,138.0,3.0
2543,2024-05-30,59.5,48.42,11.076155
3483,2024-05-30,198.0,195.26,2.736474
6204,2024-05-30,146.5,145.64,0.86
6269,2024-05-30,97.3,92.3,5.0
6525,2024-05-30,71.7,68.2,3.5
1587,2024-05-31,68.7,68.19,0.501828
1702,2024-05-31,62.0,59.5,2.5
1708,2024-05-31,34.5,33.0,1.5
2114,2024-05-31,111.0,106.0,5.0
2486,2024-05-31,97.1,95.19,1.904069
2916,2024-05-31,67.9,60.51,7.388683
8933,2024-05-31,10.5,10.37,0.130079
2313,2024-06-03,73.2,71.7,1.5
3443,2024-06-03,1455.0,1441.0,14.0
6412,2024-06-04,155.5,149.5,6.0
6788,2024-06-04,146.5,140.5,6.0
8487,2024-06-04,83.3,78.8,4.5
1259,2024-06-05,73.6,71.8,1.8
2105,2024-06-05,61.5,59.5,2.0
5878,2024-06-05,49.9,47.4,2.5
6185,2024-06-05,16.3,15.78,0.52
6785,2024-06-05,273.5,272.0,1.5
6894,2024-06-05,229.5,223.0,6.5
4133,2024-06-06,33.2,32.48,0.72
4440,2024-06-06,25.8,24.8,1.0
4722,2024-06-06,41.9,40.9,1.0
4958,2024-06-06,118.5,115.22,3.275
5523,2024-06-06,31.45,29.95,1.5
5609,2024-06-06,101.0,95.0,6.0
6690,2024-06-06,178.5,173.3,5.201176
8924,2024-06-06,92.6,88.3,4.3
1323,2024-06-07,31.3,30.3,1.0
1611,2024-06-07,17.65,17.15,0.5
4995,2024-06-07,61.5,58.3,3.199696
6143,2024-06-07,137.0,133.0,4.0
6841,2024-06-07,92.0,91.0,1.0
9940,2024-06-07,33.55,31.95,1.6
2636,2024-06-11,112.5,109.0,3.5
2762,2024-06-11,100.0,94.14,5.855855
4760,2024-06-11,143.5,140.8,2.7
4939,2024-06-11,22.55,22.05,0.5
5309,2024-06-11,34.95,34.25,0.699989
6669,2024-06-11,2630.0,2588.0,42.0
8028,2024-06-11,64.2,62.4,1.8
8438,2024-06-11,41.2,40.3,0.9
2020,2024-06-12,39.9,37.9,2.0
2360,2024-06-12,295.5,288.89,6.600074
2850,2024-06-12,95.2,90.21,4.99
4121,2024-06-12,22.95,22.45,0.5
6861,2024-06-12,73.4,72.3,1.1
8424,2024-06-12,73.8,69.8,4.0
9924,2024-06-12,56.7,53.7,3.0
1472,2024-06-13,72.2,70.2,2.0
1515,2024-06-13,46.15,44.95,1.2
1760,2024-06-13,98.5,97.0,1.5
1773,2024-06-13,159.5,156.3,3.2
1776,2024-06-13,17.9,17.4,0.5
2330,2024-06-13,909.0,905.5,3.499789
2615,2024-06-13,83.0,81.5,1.5
2642,2024-06-13,37.85,37.05,0.8
2851,2024-06-13,27.45,26.05,1.4
2908,2024-06-13,21.75,21.16,0.583165
3557,2024-06-13,75.8,72.8,3.0
4535,2024-06-13,34.5,32.9,1.6
4729,2024-06-13,17.55,17.05,0.5
6123,2024-06-13,71.7,68.8,2.9
6146,2024-06-13,241.0,230.5,10.5
6243,2024-06-13,63.3,62.1,1.2
6546,2024-06-13,162.0,158.5,3.5
1788,2024-06-14,146.5,139.5,7.0
2506,2024-06-14,12.25,12.05,0.2
3030,2024-06-14,181.0,177.7,3.3
3679,2024-06-14,142.0,134.5,7.5
6425,2024-06-14,74.1,73.6,0.5
1584,2024-06-17,35.0,33.5,1.5
1593,2024-06-17,42.55,40.95,1.6
2106,2024-06-17,33.95,32.95,1.0
3164,2024-06-17,24.5,24.0,0.5
3563,2024-06-17,413.5,407.5,6.0
4945,2024-06-17,99.6,97.6,2.0
5403,2024-06-17,125.0,119.0,6.000787
5902,2024-06-17,35.6,34.1,1.5
6291,2024-06-17,161.5,153.5,8.0
6538,2024-06-17,183.5,176.49,7.005508
8432,2024-06-17,63.5,62.22,1.28
00936,2024-06-18,19.86,19.61,0.25
00942B,2024-06-18,15.81,15.71,0.1
1416,2024-06-18,12.95,12.45,0.5
1445,2024-06-18,23.5,21.0,2.5
1504,2024-06-18,57.6,55.4,2.2
2231,2024-06-18,129.0,126.0,3.0
2308,2024-06-18,352.0,345.57,6.43
2385,2024-06-18,194.0,186.2,7.8
2432,2024-06-18,39.35,37.7,1.65
2608,2024-06-18,45.4,42.8,2.6
2723,2024-06-18,91.7,88.2,3.5
2832,2024-06-18,28.45,27.15,1.3
3118,2024-06-18,36.1,34.4,1.7
4527,2024-06-18,46.95,44.55,2.4
4974,2024-06-18,73.6,69.4,4.2
4994,2024-06-18,129.0,125.0,4.0
5244,2024-06-18,47.1,45.9,1.2
5519,2024-06-18,49.2,47.0,2.2
5522,2024-06-18,87.2,84.7,2.5
6024,2024-06-18,60.9,57.46,3.44
6125,2024-06-18,110.5,109.71,0.791472
6154,2024-06-18,17.1,16.38,0.72
6494,2024-06-18,72.0,70.38,1.62
6530,2024-06-18,48.7,47.5,1.2
6568,2024-06-18,147.0,145.18,1.817287
8416,2024-06-18,185.0,177.0,8.0
00713,2024-06-19,59.4,57.9,1.5
00896,2024-06-19,18.76,18.31,0.45
00915,2024-06-19,28.28,27.56,0.72
00918,2024-06-19,26.12,25.32,0.8
00921,2024-06-19,19.86,19.28,0.58
2362,2024-06-19,55.2,53.6,1.6
3094,2024-06-19,31.5,30.89,0.61
3515,2024-06-19,239.5,232.59,6.900085
3518,2024-06-19,32.0,31.12,0.874616
4153,2024-06-19,43.1,41.85,1.25
4433,2024-06-19,29.7,28.7,1.0
4571,2024-06-19,136.5,133.4,3.1
6491,2024-06-19,491.5,481.5,10.0
8066,2024-06-19,30.05,29.05,1.0
00687B,2024-06-20,31.9,31.56,0.34
00697B,2024-06-20,36.38,36.1,0.28
00710B,2024-06-20,19.62,19.36,0.26
00711B,2024-06-20,16.67,16.48,0.19
00712,2024-06-20,9.81,9.59,0.22
00751B,2024-06-20,35.32,34.85,0.47
00772B,2024-06-20,36.27,36.13,0.137
00773B,2024-06-20,37.56,37.42,0.139
00777B,2024-06-20,35.94,35.55,0.395
00778B,2024-06-20,37.26,36.85,0.415
00779B,2024-06-20,32.09,31.81,0.285
00781B,2024-06-20,33.34,32.92,0.42
00787B,2024-06-20,35.59,35.04,0.55
00862B,2024-06-20,33.94,33.51,0.428
00863B,2024-06-20,34.8,34.4,0.4
00883B,2024-06-20,33.15,32.77,0.383
00916,2024-06-20,22.54,22.32,0.22
00929,2024-06-20,21.52,21.32,0.2
00933B,2024-06-20,17.05,16.98,0.072
1319,2024-06-20,122.5,118.5,4.0
1605,2024-06-20,36.85,35.75,1.1
1626,2024-06-20,16.1,15.8,0.3
1707,2024-06-20,160.5,153.6,6.9
1711,2024-06-20,18.9,18.75,0.15
2207,2024-06-20,640.0,620.0,20.0
2353,2024-06-20,49.5,47.9,1.6
2388,2024-06-20,124.5,124.4,0.1
2423,2024-06-20,43.15,40.95,2.2
2450,2024-06-20,40.2,38.2,2.0
2480,2024-06-20,127.0,120.36,6.64
2707,2024-06-20,224.5,213.11,11.3821
2753,2024-06-20,166.0,160.99,5.004511
3015,2024-06-20,66.5,63.3,3.2
3019,2024-06-20,70.9,69.1,1.8
3042,2024-06-20,115.5,111.0,4.499859
3338,2024-06-20,83.0,81.0,2.0
3543,2024-06-20,23.5,22.5,1.0
3680,2024-06-20,420.0,416.5,3.5
4413,2024-06-20,18.5,18.1,0.4
4766,2024-06-20,386.5,371.5,15.0
4915,2024-06-20,110.0,106.0,4.0
5443,2024-06-20,64.0,62.8,1.2
6184,2024-06-20,55.6,52.6,3.0
6205,2024-06-20,74.2,72.7,1.5
6242,2024-06-20,52.0,49.5,2.5
6266,2024-06-20,35.8,32.73,3.073594
6292,2024-06-20,80.9,76.7,4.2
6531,2024-06-20,382.5,375.5,6.997658
6606,2024-06-20,28.25,26.75,1.5
6804,2024-06-20,48.6,46.0,2.6
00853B,2024-06-21,29.95,29.62,0.33
2548,2024-06-21,189.5,165.45,24.045454
4747,2024-06-21,73.8,72.3,1.498397
5904,2024-06-21,526.0,500.0,25.999997
6023,2024-06-21,93.4,88.4,5.0
6167,2024-06-21,16.2,15.7,0.5
6207,2024-06-21,76.0,74.5,1.5
9910,2024-06-21,165.0,160.7,4.3
00764B,2024-06-24,31.61,31.34,0.266
00792B,2024-06-24,34.42,33.97,0.448
00793B,2024-06-24,33.43,33.0,0.427
00859B,2024-06-24,42.53,42.16,0.375
00919,2024-06-24,26.94,26.24,0.7
00937B,2024-06-24,15.97,15.89,0.084
1904,2024-06-24,29.1,28.6,0.5
2247,2024-06-24,324.0,306.0,18.0
2337,2024-06-24,27.45,26.95,0.5
2347,2024-06-24,84.3,81.3,3.0
2455,2024-06-24,172.5,170.3,2.2
2643,2024-06-24,87.6,82.6,5.0
3026,2024-06-24,99.7,94.7,5.0
3169,2024-06-24,134.0,130.5,3.5
3374,2024-06-24,179.0,177.0,2.0
3705,2024-06-24,54.4,52.1,2.3
3709,2024-06-24,27.95,27.15,0.8
4183,2024-06-24,26.9,26.1,0.8
4739,2024-06-24,67.4,66.6,0.8
5434,2024-06-24,275.5,265.5,9.996583
5601,2024-06-24,36.3,35.92,0.385
6176,2024-06-24,207.0,197.0,10.0
6548,2024-06-24,40.0,39.59,0.41
6651,2024-06-24,76.4,72.4,4.0
6870,2024-06-24,193.5,190.2,3.3
8016,2024-06-24,278.5,266.5,12.0
8070,2024-06-24,47.8,45.83,1.96046
9917,2024-06-24,135.5,130.3,5.2
00836B,2024-06-25,31.44,31.1,0.34
00856B,2024-06-25,39.01,38.56,0.45
00857B,2024-06-25,26.22,26.01,0.21
00907,2024-06-25,16.86,16.53,0.33
2504,2024-06-25,46.55,44.45,2.1
2641,2024-06-25,21.7,21.22,0.481559
3231,2024-06-25,110.0,107.4,2.599053
3413,2024-06-25,324.5,313.2,11.299914
3556,2024-06-25,53.2,52.3,0.9
4538,2024-06-25,20.85,20.05,0.798166
4952,2024-06-25,64.4,63.1,1.3
5864,2024-06-25,23.3,20.73,2.572727
6111,2024-06-25,75.7,75.19,0.512948
6165,2024-06-25,40.45,40.05,0.4
6214,2024-06-25,132.0,126.8,5.2
6243,2024-06-25,62.5,61.97,0.52889
6438,2024-06-25,113.5,111.0,2.5
6449,2024-06-25,157.0,154.7,2.3
6640,2024-06-25,590.0,585.0,5.0
6643,2024-06-25,1245.0,1030.81,214.192281
8087,2024-06-25,52.8,52.31,0.492568
8210,2024-06-25,292.0,287.0,4.999969
9944,2024-06-25,22.65,22.05,0.6
1215,2024-06-26,114.0,108.5,5.5
1449,2024-06-26,19.35,18.58,0.768817
1464,2024-06-26,14.2,13.95,0.25
2329,2024-06-26,61.1,59.91,1.189291
2809,2024-06-26,66.5,63.5,3.0
3035,2024-06-26,314.0,309.7,4.292746
3168,2024-06-26,64.7,61.14,3.554415
3714,2024-06-26,43.85,42.93,0.918294
4557,2024-06-26,119.0,113.0,6.0
4906,2024-06-26,37.9,36.41,1.480715
4951,2024-06-26,83.7,81.2,2.5
5009,2024-06-26,52.4,49.9,2.5
5213,2024-06-26,42.15,40.53,1.623855
5274,2024-06-26,4770.0,4750.0,20.0
5312,2024-06-26,108.5,102.5,6.0
8227,2024-06-26,250.0,247.7,2.3
1219,2024-06-27,19.15,18.65,0.5
1437,2024-06-27,37.9,36.77,1.13
1473,2024-06-27,48.7,47.5,1.2
1525,2024-06-27,77.3,74.0,3.3
2022,2024-06-27,11.35,11.15,0.2
2063,2024-06-27,51.5,50.0,1.5
2327,2024-06-27,763.0,743.02,19.972383
2368,2024-06-27,201.0,197.5,3.499996
2436,2024-06-27,62.3,61.09,1.206814
2478,2024-06-27,54.3,52.8,1.5
2530,2024-06-27,48.0,47.8,0.2
2603,2024-06-27,200.0,190.03,9.96505
2606,2024-06-27,58.1,55.7,2.4
2885,2024-06-27,33.8,32.7,1.1
3040,2024-06-27,35.5,34.5,1.0
3090,2024-06-27,68.3,64.9,3.4
3163,2024-06-27,136.0,132.4,3.6
3260,2024-06-27,108.5,105.5,3.0
3580,2024-06-27,79.8,77.78,2.02
3583,2024-06-27,354.0,350.0,4.0
3591,2024-06-27,29.6,29.1,0.5
3684,2024-06-27,47.9,47.1,0.8
4116,2024-06-27,58.3,56.3,2.0
4175,2024-06-27,73.5,71.9,1.5987
4545,2024-06-27,57.4,56.4,1.0
4555,2024-06-27,63.0,62.5,0.497749
4745,2024-06-27,23.5,23.1,0.4
4938,2024-06-27,114.5,110.49,4.000584
4961,2024-06-27,278.0,267.36,10.64
5209,2024-06-27,199.5,188.99,10.511634
5438,2024-06-27,18.1,17.6,0.5
6195,2024-06-27,42.5,40.5,2.0
6257,2024-06-27,78.4,75.8,2.598433
6271,2024-06-27,152.5,150.1,2.4
6477,2024-06-27,39.3,38.5,0.8
6523,2024-06-27,173.5,171.5,2.0
6532,2024-06-27,68.6,66.2,2.4
6613,2024-06-27,195.0,188.04,6.961233
6667,2024-06-27,188.5,182.04,6.46
6768,2024-06-27,97.3,93.5,3.8
6856,2024-06-27,65.8,61.98,3.815086
8034,2024-06-27,24.4,23.2,1.2
8042,2024-06-27,36.9,35.7,1.2
8064,2024-06-27,47.45,46.75,0.7
8150,2024-06-27,45.0,43.2,1.8
8240,2024-06-27,37.2,35.7,1.5
8279,2024-06-27,160.0,155.0,5.0
8342,2024-06-27,84.8,81.0,3.8
8431,2024-06-27,56.1,55.8,0.3
8921,2024-06-27,18.75,18.42,0.333
9904,2024-06-27,36.75,35.65,1.1
9931,2024-06-27,37.05,36.05,1.0
1341,2024-06-28,71.3,66.89,4.400231
1472,2024-06-28,70.0,66.38,3.61987
1731,2024-06-28,26.2,25.05,1.15
2012,2024-06-28,25.05,24.14,0.91
2069,2024-06-28,16.45,15.95,0.5
2605,2024-06-28,31.45,30.7,0.75
2637,2024-06-28,71.0,68.25,2.75
3264,2024-06-28,73.1,69.8,3.3
3388,2024-06-28,77.4,74.3,3.1
3416,2024-06-28,155.5,150.39,5.107109
3455,2024-06-28,107.0,102.0,5.0
3489,2024-06-28,27.65,27.25,0.4
3669,2024-06-28,51.3,49.96,1.34
5236,2024-06-28,160.5,153.5,7.0
5306,2024-06-28,140.0,139.41,0.582583
6212,2024-06-28,77.2,73.7,3.5
6585,2024-06-28,206.5,202.59,3.904934
8091,2024-06-28,162.0,157.72,4.275957
8112,2024-06-28,81.7,77.66,4.035254
8112A,2024-06-28,43.45,41.42,2.025
8341,2024-06-28,99.1,95.3,3.8
8422,2024-06-28,191.0,181.0,10.0
8942,2024-06-28,74.4,66.33,8.069724
1101,2024-07-01,34.2,33.2,1.0
1101B,2024-07-01,48.4,46.63,1.763623
1234,2024-07-01,44.65,42.75,1.9
1513,2024-07-01,188.0,184.4,3.6
1521,2024-07-01,38.95,38.25,0.7
1536,2024-07-01,55.3,54.3,1.0
2107,2024-07-01,26.95,25.65,1.3
2363,2024-07-01,56.5,56.2,0.3
2597,2024-07-01,182.5,177.1,5.4
2882,2024-07-01,59.0,57.0,2.0
2882A,2024-07-01,61.1,58.8,2.296175
2882B,2024-07-01,59.1,56.97,2.13
2883,2024-07-01,15.1,14.59,0.500626
2883B,2024-07-01,7.6,7.24,0.355
3373,2024-07-01,27.0,26.0,1.0
3592,2024-07-01,411.0,395.8,15.2
3708,2024-07-01,138.0,132.44,5.550945
3711,2024-07-01,168.5,163.29,5.202282
4119,2024-07-01,90.4,89.15,1.25
4188,2024-07-01,27.6,26.87,0.726487
4550,2024-07-01,39.4,37.3,2.1
5230,2024-07-01,42.35,41.83,0.516822
5315,2024-07-01,19.05,18.25,0.8
5353,2024-07-01,35.75,34.33,1.42
6109,2024-07-01,13.9,13.6,0.3
6561,2024-07-01,361.0,350.4,10.6
6655,2024-07-01,123.5,120.5,3.0
6903,2024-07-01,192.5,183.23,9.270502
8155,2024-07-01,144.0,140.4,3.6
8440,2024-07-01,57.0,49.57,7.434783
8463,2024-07-01,29.7,29.05,0.65
8481,2024-07-01,52.4,50.4,2.0
8926,2024-07-01,47.9,45.97,1.93
9934,2024-07-01,19.3,18.1,1.2
1456,2024-07-02,19.95,19.75,0.2
1612,2024-07-02,39.05,37.05,2.0
1710,2024-07-02,17.2,17.0,0.2
2303,2024-07-02,56.9,53.89,3.000117
2317,2024-07-02,216.0,210.6,5.4
2344,2024-07-02,25.5,25.32,0.177778
2354,2024-07-02,70.4,68.9,1.5
2429,2024-07-02,38.9,29.15,9.743493
2611,2024-07-02,33.0,30.7,2.3
2755,2024-07-02,98.4,94.8,3.6
2820,2024-07-02,15.6,14.87,0.73
2887E,2024-07-02,52.8,50.42,2.375671
2887F,2024-07-02,47.35,45.45,1.9
2887Z1,2024-07-02,16.7,16.04,0.65305
3038,2024-07-02,32.3,30.7,1.6
3512,2024-07-02,43.65,40.44,3.205691
4711,2024-07-02,17.15,16.65,0.5
5016,2024-07-02,28.4,27.7,0.7
6263,2024-07-02,178.5,171.1,7.4
6285,2024-07-02,157.0,151.0,5.996172
6542,2024-07-02,60.1,59.1,1.0
6593,2024-07-02,102.5,101.5,1.0
6598,2024-07-02,31.0,28.95,2.043248
6672,2024-07-02,84.4,81.05,3.35
6693,2024-07-02,75.4,74.4,1.0
6789,2024-07-02,348.0,347.0,0.999066
6952,2024-07-02,50.9,49.9,1.0
7402,2024-07-02,107.5,106.01,1.485198
8054,2024-07-02,154.5,154.0,0.499707
8081,2024-07-02,300.5,286.5,14.0
8083,2024-07-02,177.0,170.0,7.0
8111,2024-07-02,23.7,22.9,0.8
8271,2024-07-02,67.3,64.15,3.15
910861,2024-07-02,7.05,6.92,0.12345
9902,2024-07-02,16.5,16.2,0.3
1219,2024-07-03,18.9,18.34,0.550486
1452,2024-07-03,16.8,16.5,0.3
1817,2024-07-03,39.75,37.95,1.8
2031,2024-07-03,64.1,61.1,3.0
2357,2024-07-03,490.0,473.0,17.0
2402,2024-07-03,38.25,37.06,1.186164
2421,2024-07-03,111.5,108.0,3.5
2464,2024-07-03,70.2,69.7,0.5
2941,2024-07-03,90.0,86.82,3.181611
3276,2024-07-03,17.8,17.6,0.2
4126,2024-07-03,93.2,88.4,4.8
4442,2024-07-03,29.7,28.9,0.8
4510,2024-07-03,16.9,16.2,0.7
4542,2024-07-03,77.0,75.5,1.5
4706,2024-07-03,30.0,29.8,0.2
6155,2024-07-03,29.4,28.55,0.85
6615,2024-07-03,71.7,71.5,0.2
6624,2024-07-03,40.4,39.4,1.0
6716,2024-07-03,123.5,121.5,2.001315
8482,2024-07-03,65.1,62.8,2.3
8923,2024-07-03,20.8,20.0,0.8
1336,2024-07-04,20.75,20.34,0.41
1451,2024-07-04,20.35,19.84,0.501556
1570,2024-07-04,31.85,30.85,1.0
1580,2024-07-04,160.0,151.0,9.0
1752,2024-07-04,53.8,51.8,2.0
1789,2024-07-04,28.9,28.6,0.3
1906,2024-07-04,16.0,15.85,0.15
2010,2024-07-04,20.4,19.4,1.0
2013,2024-07-04,59.0,57.1,1.9
2030,2024-07-04,17.8,17.3,0.5
2103,2024-07-04,23.65,23.09,0.56
2312,2024-07-04,18.25,17.95,0.299777
2412,2024-07-04,125.5,120.74,4.758
2425,2024-07-04,37.65,37.2,0.45
2433,2024-07-04,53.0,50.0,3.0
2454,2024-07-04,1405.0,1374.59,30.405308
2474,2024-07-04,233.5,228.5,5.0
2727,2024-07-04,239.5,224.55,14.943694
3006,2024-07-04,103.0,102.4,0.6
3016,2024-07-04,67.3,66.8,0.499995
3046,2024-07-04,64.5,62.5,2.0
3093,2024-07-04,31.85,30.05,1.8
3189,2024-07-04,95.1,94.09,1.000107
3213,2024-07-04,111.0,105.6,5.4
3217,2024-07-04,171.0,164.6,6.4
3303,2024-07-04,46.3,44.55,1.75
3479,2024-07-04,116.0,110.01,5.988682
3529,2024-07-04,2560.0,2542.5,17.49899
3540,2024-07-04,48.45,47.55,0.896266
3570,2024-07-04,169.5,161.5,8.0
3703,2024-07-04,37.25,35.75,1.5
4102,2024-07-04,37.1,36.3,0.8
5234,2024-07-04,147.0,142.9,4.1
5347,2024-07-04,131.0,126.5,4.5
5452,2024-07-04,35.85,35.7,0.15
5474,2024-07-04,191.0,187.5,3.5
5515,2024-07-04,24.35,23.35,1.0
5536,2024-07-04,258.5,252.5,6.0
6121,2024-07-04,414.0,402.3,11.7
6197,2024-07-04,188.0,183.8,4.2
6270,2024-07-04,32.2,31.2,1.0
6470,2024-07-04,58.4,55.6,2.8
6641,2024-07-04,41.4,40.4,1.0
6751,2024-07-04,72.2,70.2,2.0
6776,2024-07-04,63.7,60.2,3.5
6781,2024-07-04,620.0,608.4,11.6
6792,2024-07-04,80.7,77.1,3.6
6803,2024-07-04,314.0,299.51,14.486197
6811,2024-07-04,288.0,279.5,8.5
6844,2024-07-04,161.0,154.9,6.096825
6922,2024-07-04,172.5,168.93,3.57
8021,2024-07-04,30.9,30.1,0.8
8162,2024-07-04,38.85,38.35,0.5
8163,2024-07-04,69.3,65.3,4.0
8213,2024-07-04,39.6,38.6,1.0
8367,2024-07-04,50.4,47.9,2.49994
8454,2024-07-04,427.0,412.2,14.8
8499,2024-07-04,124.5,120.5,4.0
8917,2024-07-04,61.7,59.5,2.2
9939,2024-07-04,171.0,165.65,5.35
9943,2024-07-04,90.1,84.9,5.2
1410,2024-07-05,36.85,36.55,0.3
1713,2024-07-05,59.9,58.5,1.4
2373,2024-07-05,77.0,72.9,4.1
2417,2024-07-05,53.2,53.04,0.150409
2838A,2024-07-05,53.8,51.24,2.559226
3055,2024-07-05,92.6,91.58,1.01137
3564,2024-07-05,102.0,101.65,0.35
3704,2024-07-05,41.2,39.7,1.495236
5015,2024-07-05,48.5,45.5,3.0
5706,2024-07-05,78.1,69.18,8.918182
6115,2024-07-05,59.4,56.4,3.0
6591,2024-07-05,62.0,59.27,2.721345
8099,2024-07-05,114.0,112.15,1.85
8249,2024-07-05,30.15,29.05,1.09198
8462,2024-07-05,118.0,115.88,2.112493
2316,2024-07-08,56.0,55.5,0.5
2451,2024-07-08,119.5,114.5,4.990625
2534,2024-07-08,26.85,25.85,1.0
2618,2024-07-08,37.35,35.55,1.8
3045,2024-07-08,116.0,111.7,4.3
3290,2024-07-08,29.0,28.0,0.995251
3310,2024-07-08,106.0,101.7,4.299707
4163,2024-07-08,124.5,121.0,3.5
5533,2024-07-08,24.3,23.1,1.2
5538,2024-07-08,31.25,30.25,1.0
6136,2024-07-08,24.3,23.1,1.2
6233,2024-07-08,37.55,37.34,0.209163
6506,2024-07-08,18.3,17.9,0.4
6612,2024-07-08,172.0,156.18,15.818182
6807,2024-07-08,60.5,57.9,2.6
6835,2024-07-08,52.4,50.4,2.0
7556,2024-07-08,144.0,134.76,9.238091
1595,2024-07-09,42.25,41.25,0.998136
1614,2024-07-09,45.2,44.12,1.073005
2028,2024-07-09,25.9,25.6,0.3
2387,2024-07-09,59.7,56.7,3.0
2397,2024-07-09,91.0,88.0,3.0
2493,2024-07-09,97.1,92.1,5.0
2607,2024-07-09,31.6,30.5,1.1
2609,2024-07-09,67.5,65.5,2.0
2612,2024-07-09,45.6,44.6,1.0
2836A,2024-07-09,21.6,20.82,0.775
3021,2024-07-09,26.5,26.2,0.3
3130,2024-07-09,243.0,229.39,13.605149
3227,2024-07-09,184.5,179.98,4.515351
3430,2024-07-09,59.3,57.3,2.0
4305,2024-07-09,47.7,45.2,2.5
4417,2024-07-09,39.3,37.3,2.0
4533,2024-07-09,47.0,45.84,1.164798
4755,2024-07-09,153.0,149.5,3.5
4953,2024-07-09,135.0,130.04,4.957414
5215,2024-07-09,54.9,53.4,1.5
5220,2024-07-09,27.0,26.1,0.9
5285,2024-07-09,69.3,67.3,2.0
5469,2024-07-09,54.6,52.99,1.609135
5511,2024-07-09,71.4,66.4,5.0
6180,2024-07-09,80.1,76.82,3.28
6190,2024-07-09,42.5,41.34,1.16267
6191,2024-07-09,72.1,68.8,3.3
6215,2024-07-09,64.6,63.6,1.0
6237,2024-07-09,55.0,54.75,0.25
6469,2024-07-09,242.0,238.4,3.597512
6505,2024-07-09,65.7,63.7,2.0
6508,2024-07-09,33.15,32.15,1.0
6510,2024-07-09,489.5,489.0,0.5
6526,2024-07-09,738.0,733.04,4.955707
6667,2024-07-09,211.5,209.0,2.501143
6728,2024-07-09,135.5,129.08,6.416667
6904,2024-07-09,164.5,160.4,4.1
8255,2024-07-09,216.5,211.5,5.0
8299,2024-07-09,613.0,604.34,8.659304
8358,2024-07-09,70.3,68.8,1.5
8426,2024-07-09,52.7,50.2,2.5
8464,2024-07-09,405.0,393.0,12.0
8476,2024-07-09,64.4,60.98,3.419608
1233,2024-07-10,34.35,33.45,0.9
1325,2024-07-10,32.1,31.5,0.6
1326,2024-07-10,48.5,47.25,1.25
1475,2024-07-10,65.2,63.2,2.0
1608,2024-07-10,40.5,39.5,1.0
1796,2024-07-10,64.0,62.0,2.0
2049,2024-07-10,211.5,209.0,2.5
2239,2024-07-10,52.0,51.34,0.66
2359,2024-07-10,163.0,161.3,1.7
2492,2024-07-10,118.0,115.84,2.154432
2616,2024-07-10,24.35,23.92,0.43
2634,2024-07-10,52.3,50.88,1.42
2910,2024-07-10,27.0,26.65,0.340295
3014,2024-07-10,177.0,169.0,8.0
3024,2024-07-10,22.25,22.15,0.1
3034,2024-07-10,604.0,572.0,32.0
3044,2024-07-10,212.0,204.5,7.5
3171,2024-07-10,30.4,28.4,2.0
3265,2024-07-10,138.0,133.2,4.8
3311,2024-07-10,39.8,38.6,1.2
3653,2024-07-10,1275.0,1265.14,9.854728
4164,2024-07-10,52.1,50.09,2.00487
4584,2024-07-10,76.3,75.1,1.2
4721,2024-07-10,82.5,81.4,1.1
4771,2024-07-10,272.0,268.76,3.234996
4904,2024-07-10,86.5,83.25,3.25
5284,2024-07-10,130.5,125.5,5.0
5356,2024-07-10,39.45,37.15,2.3
5432,2024-07-10,293.0,292.0,1.0
5508,2024-07-10,224.0,212.71,11.2912
5603,2024-07-10,26.9,25.7,1.2
6173,2024-07-10,52.4,51.19,1.205607
6235,2024-07-10,93.1,92.31,0.786698
6418,2024-07-10,24.4,23.3,1.1
8088,2024-07-10,43.7,41.1,2.6
8147,2024-07-10,128.0,125.67,2.327031
8478,2024-07-10,397.0,381.8,15.192431
00940,2024-07-11,10.32,10.27,0.05
1419,2024-07-11,48.7,47.5,1.2
1423,2024-07-11,45.35,44.75,0.6
1560,2024-07-11,354.5,350.5,3.996486
1723,2024-07-11,106.0,102.0,4.0
1907,2024-07-11,31.4,30.5,0.9
2235,2024-07-11,51.8,49.3,2.5
2340,2024-07-11,43.1,42.6,0.5
2356,2024-07-11,57.0,55.5,1.5
2419,2024-07-11,32.75,32.45,0.3
2453,2024-07-11,68.2,65.8,2.4
2645,2024-07-11,111.0,106.5,4.5
2888,2024-07-11,11.85,11.51,0.339652
2888A,2024-07-11,31.6,31.34,0.254712
2888B,2024-07-11,31.85,31.59,0.254712
2904,2024-07-11,19.05,18.45,0.6
3037,2024-07-11,175.5,172.49,3.000001
3060,2024-07-11,33.6,33.35,0.25
3167,2024-07-11,70.2,69.7,0.5
3305,2024-07-11,77.9,75.9,2.0
3322,2024-07-11,23.95,23.53,0.417857
3354,2024-07-11,23.0,22.8,0.2
3441,2024-07-11,39.5,39.0,0.5
3545,2024-07-11,85.6,84.6,0.995639
3567,2024-07-11,43.25,40.55,2.7
3577,2024-07-11,54.8,53.8,1.0
3581,2024-07-11,52.0,51.5,0.5
3588,2024-07-11,90.2,88.04,2.158729
3597,2024-07-11,26.8,26.5,0.3
3652,2024-07-11,48.4,48.05,0.345877
3715,2024-07-11,62.5,61.0,1.5
4148,2024-07-11,48.4,47.4,1.0
4588,2024-07-11,127.0,124.0,3.0
5292,2024-07-11,182.0,161.36,20.636364
5371,2024-07-11,86.0,83.0,3.0
5465,2024-07-11,38.05,36.55,1.5
6130,2024-07-11,35.6,35.1,0.5
6166,2024-07-11,80.7,79.7,1.0
6213,2024-07-11,115.5,114.0,1.5
6223,2024-07-11,600.0,592.5,7.5
6231,2024-07-11,523.0,433.75,89.250004
6278,2024-07-11,131.0,126.0,5.0
6527,2024-07-11,88.3,86.24,2.063629
6556,2024-07-11,104.0,101.0,3.0
6629,2024-07-11,117.0,115.0,2.0
6683,2024-07-11,413.5,406.99,6.509224
6735,2024-07-11,90.8,86.19,4.609524
6754,2024-07-11,65.8,62.3,3.5
6830,2024-07-11,144.0,139.5,4.5
8110,2024-07-11,21.4,21.19,0.2039
8114,2024-07-11,191.5,186.8,4.697203
8183,2024-07-11,43.45,41.65,1.8
8374,2024-07-11,115.5,115.2,0.3
8905,2024-07-11,31.9,30.1,1.8
8941,2024-07-11,77.1,75.1,2.0
9905,2024-07-11,24.6,23.5,1.1
2008,2024-07-12,25.95,24.95,1.0
2302,2024-07-12,18.7,18.39,0.31
2404,2024-07-12,373.0,352.0,21.0
2459,2024-07-12,77.2,73.2,4.0
3380,2024-07-12,36.0,34.99,1.01
3587,2024-07-12,290.0,281.07,8.926586
3624,2024-07-12,56.0,54.8,1.2
4167,2024-07-12,23.15,23.06,0.0851
4999,2024-07-12,35.25,34.25,1.0
6605,2024-07-12,252.5,246.0,6.5
6790,2024-07-12,55.7,52.7,3.0
6899,2024-07-12,64.4,61.22,3.183173
8072,2024-07-12,30.4,29.65,0.75
8222,2024-07-12,42.95,42.65,0.3
9907,2024-07-12,15.55,15.25,0.3
9933,2024-07-12,52.8,50.75,2.048627
00936,2024-07-15,18.43,18.27,0.16
1220,2024-07-15,15.8,15.4,0.4
1470,2024-07-15,20.7,20.12,0.58
2889,2024-07-15,17.05,15.92,1.121833
2891,2024-07-15,40.2,38.39,1.800136
2891B,2024-07-15,61.2,58.95,2.25
2891C,2024-07-15,58.7,56.78,1.92
3490,2024-07-15,43.3,42.1,1.2
3596,2024-07-15,162.0,155.0,7.0
3611,2024-07-15,223.5,210.5,12.997932
4536,2024-07-15,195.5,187.0,8.5
5289,2024-07-15,327.0,310.59,16.411765
6170,2024-07-15,59.5,56.77,2.73
6763,2024-07-15,436.0,426.9,9.1
9926,2024-07-15,55.1,53.1,2.0
0050,2024-07-16,196.7,195.7,1.0
0056,2024-07-16,42.37,41.3,1.07
006203,2024-07-16,92.95,92.05,0.9
006208,2024-07-16,115.4,114.61,0.783
00692,2024-07-16,46.28,45.86,0.415
00694B,2024-07-16,42.04,41.75,0.288
00695B,2024-07-16,36.25,36.0,0.251
00696B,2024-07-16,32.36,32.05,0.313
00702,2024-07-16,24.01,23.35,0.66
00717,2024-07-16,16.22,16.04,0.173
00719B,2024-07-16,32.26,31.87,0.39
00720B,2024-07-16,36.2,35.68,0.52
00725B,2024-07-16,38.59,37.93,0.658
00726B,2024-07-16,35.16,34.57,0.59
00727B,2024-07-16,40.95,40.38,0.57
00734B,2024-07-16,16.08,15.92,0.16
00735,2024-07-16,42.47,39.74,2.73
00736,2024-07-16,23.65,23.52,0.13
00740B,2024-07-16,41.66,41.1,0.556
00741B,2024-07-16,39.55,39.07,0.476
00746B,2024-07-16,37.83,37.39,0.445
00749B,2024-07-16,33.02,32.59,0.435
00750B,2024-07-16,36.38,36.0,0.38
00772B,2024-07-16,36.37,36.23,0.14
00773B,2024-07-16,37.89,37.74,0.15
00782B,2024-07-16,33.34,32.93,0.41
00784B,2024-07-16,39.06,38.83,0.228
00785B,2024-07-16,36.97,36.54,0.426
00788B,2024-07-16,32.52,32.03,0.49
00842B,2024-07-16,34.11,33.66,0.45
00848B,2024-07-16,36.2,35.75,0.45
00849B,2024-07-16,37.92,37.59,0.33
00870B,2024-07-16,30.73,30.33,0.4
00882,2024-07-16,11.87,11.47,0.4
00884B,2024-07-16,31.72,31.42,0.3
00892,2024-07-16,18.34,18.19,0.145
00905,2024-07-16,15.55,15.18,0.37
00908,2024-07-16,13.11,12.86,0.245
00912,2024-07-16,20.5,20.25,0.25
00928,2024-07-16,19.06,17.95,1.11
00933B,2024-07-16,17.14,17.07,0.072
00934,2024-07-16,20.82,20.49,0.33
00942B,2024-07-16,15.8,15.73,0.07
00944,2024-07-16,15.52,15.46,0.058
00945B,2024-07-16,15.4,15.29,0.102
1104,2024-07-16,35.75,33.28,2.465686
1110,2024-07-16,22.45,22.25,0.2
1264,2024-07-16,320.0,306.0,14.0
1446,2024-07-16,53.3,52.6,0.7
2029,2024-07-16,27.9,26.65,1.25
2115,2024-07-16,33.8,31.23,2.561905
2211,2024-07-16,140.5,134.0,6.5
2449,2024-07-16,128.5,125.3,3.2
2501,2024-07-16,31.4,30.4,1.0
2536,2024-07-16,34.6,34.1,0.5
2633,2024-07-16,30.65,29.63,1.02
2722,2024-07-16,55.0,53.41,1.585366
2729,2024-07-16,244.0,212.73,31.272731
2903,2024-07-16,32.85,31.25,1.6
2906,2024-07-16,22.05,21.45,0.599984
3114,2024-07-16,29.5,28.3,1.2
3138,2024-07-16,134.5,131.9,2.6
4161,2024-07-16,34.95,34.25,0.7
4526,2024-07-16,32.1,31.9,0.2
4554,2024-07-16,30.95,29.95,1.0
4741,2024-07-16,39.75,37.95,1.8
4744,2024-07-16,23.95,23.85,0.1
5351,2024-07-16,47.25,46.26,0.994331
5471,2024-07-16,52.7,51.5,1.2
6005,2024-07-16,24.85,23.52,1.33
6026,2024-07-16,15.95,14.67,1.28
6129,2024-07-16,26.75,26.5,0.25
6244,2024-07-16,32.0,31.68,0.32
6405,2024-07-16,26.7,26.6,0.1
6592,2024-07-16,120.5,106.81,13.681819
6592A,2024-07-16,99.0,94.8,4.2
6592B,2024-07-16,96.0,94.45,1.541095
6645,2024-07-16,37.0,35.23,1.761905
6670,2024-07-16,292.0,279.69,12.309845
6741,2024-07-16,95.5,94.55,0.95
6829,2024-07-16,125.5,122.5,3.0
6843,2024-07-16,54.1,51.6,2.5
6881,2024-07-16,237.5,228.5,9.0
6937,2024-07-16,316.0,314.0,2.0
8046,2024-07-16,187.5,182.0,5.5
9930,2024-07-16,67.8,64.8,3.0
9945,2024-07-16,46.4,44.9,1.5
00789B,2024-07-17,53.65,53.02,0.626
00790B,2024-07-17,56.8,56.21,0.59
00791B,2024-07-17,57.4,56.84,0.556
00911,2024-07-17,32.41,31.21,1.2
00929,2024-07-17,20.8,20.62,0.18
1232,2024-07-17,147.5,140.9,6.6
1256,2024-07-17,196.0,189.4,6.6
1303,2024-07-17,48.9,48.2,0.7
1338,2024-07-17,33.25,32.75,0.5
1342,2024-07-17,115.5,105.0,10.499882
1726,2024-07-17,83.2,79.7,3.5
2221,2024-07-17,31.8,30.5,1.3
2228,2024-07-17,108.0,103.0,5.0
2462,2024-07-17,35.6,34.45,1.15
2704,2024-07-17,71.5,70.5,1.0
2945,2024-07-17,43.8,42.6,1.2
3031,2024-07-17,23.3,22.5,0.8
3206,2024-07-17,50.1,47.6,2.5
4205,2024-07-17,94.4,91.4,3.0
4576,2024-07-17,80.3,80.2,0.1
4728,2024-07-17,305.5,294.5,11.0
5291,2024-07-17,28.75,27.95,0.8
5876,2024-07-17,45.1,43.3,1.8
6112,2024-07-17,70.3,67.55,2.75
6187,2024-07-17,260.0,256.19,3.813726
6189,2024-07-17,97.3,93.84,3.456374
6194,2024-07-17,38.45,36.65,1.8
6196,2024-07-17,170.0,164.0,6.0
6485,2024-07-17,78.3,77.1,1.2
6486,2024-07-17,99.7,94.01,5.693301
6574,2024-07-17,52.4,48.9,3.5
6890,2024-07-17,291.5,287.08,4.410585
8182,2024-07-17,37.3,36.1,1.2
8261,2024-07-17,87.8,85.31,2.488334
8383,2024-07-17,46.8,45.3,1.5
9918,2024-07-17,41.7,40.2,1.5
00904,2024-07-18,19.84,19.74,0.1
00931B,2024-07-18,15.23,15.1,0.135
1102,2024-07-18,44.2,42.1,2.1
1103,2024-07-18,18.6,18.1,0.5
1109,2024-07-18,19.95,18.75,1.2
1227,2024-07-18,40.75,39.5,1.25
1236,2024-07-18,25.45,24.8,0.65
1402,2024-07-18,37.3,35.95,1.35
1522,2024-07-18,72.0,70.0,2.0
1522A,2024-07-18,46.05,44.05,2.0
1563,2024-07-18,71.9,70.09,1.802098
1598,2024-07-18,31.9,30.38,1.519048
1785,2024-07-18,71.5,70.3,1.200134
2204,2024-07-18,129.0,123.0,6.0
2374,2024-07-18,54.7,53.79,0.900099
2392,2024-07-18,83.6,81.6,2.0
2395,2024-07-18,374.5,365.05,9.448066
2461,2024-07-18,24.25,23.59,0.654612
2482,2024-07-18,40.8,39.8,1.0
2610,2024-07-18,23.5,22.8,0.690145
3022,2024-07-18,96.2,92.7,3.5
3071,2024-07-18,37.9,36.87,1.03
3221,2024-07-18,31.6,30.9,0.700274
3362,2024-07-18,273.0,272.0,1.0
3406,2024-07-18,605.0,593.0,12.0
3607,2024-07-18,22.45,21.75,0.7
3615,2024-07-18,30.5,29.8,0.7
3687,2024-07-18,100.5,98.93,1.574241
3701,2024-07-18,49.8,49.1,0.7
4129,2024-07-18,102.0,98.0,4.002661
4306,2024-07-18,22.05,21.06,0.980708
4549,2024-07-18,148.0,144.0,4.0
5011,2024-07-18,24.85,23.85,1.0
5525,2024-07-18,41.0,39.8,1.2
5871,2024-07-18,162.0,152.45,9.549019
5871A,2024-07-18,97.9,94.1,3.8
6101,2024-07-18,45.95,45.78,0.168
6120,2024-07-18,15.95,15.85,0.1
6161,2024-07-18,61.1,59.1,2.0
6217,2024-07-18,49.5,49.2,0.3
6218,2024-07-18,33.25,32.75,0.5
6220,2024-07-18,23.7,22.9,0.8
6229,2024-07-18,42.4,41.9,0.5
6284,2024-07-18,100.0,98.0,2.0
6488,2024-07-18,576.0,565.0,11.0
6609,2024-07-18,49.5,48.6,0.9
6625,2024-07-18,99.9,87.63,12.263636
6671,2024-07-18,48.0,45.5,2.5
6719,2024-07-18,296.5,294.5,1.992161
6727,2024-07-18,67.0,65.0,2.0
6747,2024-07-18,179.0,154.41,24.594449
6933,2024-07-18,309.5,306.52,2.972343
8215,2024-07-18,35.0,33.8,1.2
8284,2024-07-18,67.5,64.0,3.5
9919,2024-07-18,22.2,21.9,0.3
9935,2024-07-18,27.05,26.55,0.5
00714,2024-07-19,21.1,20.97,0.123
00722B,2024-07-19,40.05,39.53,0.521
00723B,2024-07-19,35.15,34.71,0.44
00724B,2024-07-19,36.22,35.74,0.476
00834B,2024-07-19,36.21,35.81,0.398
00927,2024-07-19,21.05,20.41,0.64
00937B,2024-07-19,16.25,16.17,0.084
1535,2024-07-19,70.6,67.3,3.3
1582,2024-07-19,114.5,110.46,4.030182
1777,2024-07-19,104.0,100.5,3.5
2427,2024-07-19,32.35,31.45,0.899983
2617,2024-07-19,36.45,34.85,1.6
2640,2024-07-19,123.5,117.5,6.0
2881,2024-07-19,89.9,87.4,2.5
2881A,2024-07-19,63.8,61.13,2.660938
2881B,2024-07-19,59.5,57.34,2.16
2881C,2024-07-19,53.0,51.2,1.8
3675,2024-07-19,351.0,346.0,5.0
4120,2024-07-19,50.0,49.0,1.0
4935,2024-07-19,61.9,60.4,1.5
6419,2024-07-19,173.0,169.2,3.8
6796,2024-07-19,100.0,98.2,1.796415
6928,2024-07-19,79.9,78.9,1.0
1618,2024-07-22,56.4,55.4,1.0
2405,2024-07-22,23.85,23.68,0.17
2731,2024-07-22,162.0,154.0,8.0
3081,2024-07-22,148.0,147.5,0.499973
3390,2024-07-22,32.5,31.8,0.7
3402,2024-07-22,112.5,108.0,4.5
3465,2024-07-22,68.0,67.0,1.0
3491,2024-07-22,300.0,296.65,3.351011
3551,2024-07-22,97.8,95.0,2.8
3712,2024-07-22,61.4,59.4,2.0
4506,2024-07-22,108.0,104.0,4.0
5546,2024-07-22,32.15,30.15,2.0
6409,2024-07-22,1770.0,1732.49,37.503591
6515,2024-07-22,979.0,968.0,11.0
6691,2024-07-22,414.5,332.08,82.416664
6840,2024-07-22,83.1,75.55,7.554545
1301,2024-07-23,60.2,59.2,1.0
1725,2024-07-23,45.0,44.15,0.85
1783,2024-07-23,46.5,45.5,0.998731
2062,2024-07-23,27.85,27.05,0.8
2712,2024-07-23,29.6,29.18,0.418097
2812,2024-07-23,19.55,18.13,1.415531
2849,2024-07-23,14.9,14.52,0.38
2855,2024-07-23,28.65,27.33,1.32
2949,2024-07-23,92.6,90.6,2.0
3032,2024-07-23,67.0,63.5,3.5
3444,2024-07-23,113.5,109.02,4.48039
3501,2024-07-23,71.5,68.5,3.0
3528,2024-07-23,47.2,45.7,1.5
3546,2024-07-23,89.0,80.95,8.04762
3617,2024-07-23,258.5,250.57,7.924553
3665,2024-07-23,388.0,379.21,8.780735
4931,2024-07-23,28.6,27.8,0.8
6182,2024-07-23,37.9,37.25,0.65
6206,2024-07-23,88.6,84.6,4.0
6411,2024-07-23,95.5,93.04,2.45758
6906,2024-07-23,146.5,143.5,3.0
8039,2024-07-23,58.6,55.14,3.455354
8411,2024-07-23,14.35,14.27,0.08
8436,2024-07-23,151.5,144.5,7.0
1201,2024-07-24,18.5,18.23,0.266
1503,2024-07-24,291.5,288.5,3.0
1762,2024-07-24,52.2,51.4,0.8
1786,2024-07-24,114.5,112.09,2.407562
2023,2024-07-24,15.35,15.15,0.2
2073,2024-07-24,30.65,30.05,0.6
2206,2024-07-24,78.2,75.2,3.0
2838,2024-07-24,16.5,15.23,1.266355
2897,2024-07-24,10.75,10.3,0.441237
2897A,2024-07-24,10.7,10.27,0.425
3010,2024-07-24,146.5,141.54,4.950375
3266,2024-07-24,24.6,23.85,0.75
3293,2024-07-24,1465.0,715.0,750.0
3532,2024-07-24,165.5,160.5,5.0
3645,2024-07-24,42.85,42.55,0.3
4561,2024-07-24,51.4,50.4,1.0
5607,2024-07-24,60.4,55.09,5.307407
6179,2024-07-24,31.7,30.91,0.790565
6290,2024-07-24,87.3,84.33,2.973209
6721,2024-07-24,53.8,51.2,2.6
6761,2024-07-24,96.5,92.51,3.993616
6869,2024-07-24,297.0,291.69,5.307673
00858,2024-07-25,33.73,32.03,1.7
00888,2024-07-25,17.17,17.04,0.133
00930,2024-07-25,20.5,20.14,0.36
1304,2024-07-25,16.45,16.1,0.35
1305,2024-07-25,18.35,18.0,0.35
1308,2024-07-25,19.7,19.25,0.45
1309,2024-07-25,19.15,18.85,0.3
1417,2024-07-25,11.4,11.2,0.2
1519,2024-07-25,940.0,849.09,90.909091
1529,2024-07-25,37.4,36.01,1.380583
1701,2024-07-25,22.55,22.04,0.500026
2002,2024-07-25,23.15,22.8,0.35
2002A,2024-07-25,43.85,42.45,1.4
2014,2024-07-25,21.35,21.25,0.1
2352,2024-07-25,37.8,36.6,1.2
2365,2024-07-25,64.3,64.0,0.3
2414,2024-07-25,40.3,38.1,2.2
2471,2024-07-25,60.4,57.11,3.287156
2495,2024-07-25,31.7,31.0,0.7
2511,2024-07-25,12.7,12.34,0.36
2852,2024-07-25,24.45,23.32,1.13
2884,2024-07-25,29.8,28.03,1.761697
3013,2024-07-25,115.0,114.61,0.385586
3219,2024-07-25,55.5,55.14,0.364667
3526,2024-07-25,231.5,220.11,11.392772
3552,2024-07-25,104.0,102.0,2.0
3702,2024-07-25,92.8,89.3,3.5
3702A,2024-07-25,49.15,47.15,2.0
4439,2024-07-25,106.5,102.5,4.0
4572,2024-07-25,161.0,156.0,5.0
4581,2024-07-25,63.0,59.4,3.6
4720,2024-07-25,23.25,22.71,0.53586
4743,2024-07-25,185.0,176.2,8.80407
4912,2024-07-25,105.0,104.74,0.255
5299,2024-07-25,112.5,108.39,4.11
5483,2024-07-25,215.5,210.2,5.3
5704,2024-07-25,43.6,42.1,1.5
6442,2024-07-25,433.5,431.4,2.1
6451,2024-07-25,230.0,227.54,2.46
6464,2024-07-25,85.1,80.73,4.368464
6509,2024-07-25,42.7,40.87,1.829978
6517,2024-07-25,71.2,69.7,1.5
6662,2024-07-25,39.0,37.35,1.65
6664,2024-07-25,291.0,283.18,7.821323
6666,2024-07-25,63.5,62.2,1.3
6782,2024-07-25,264.0,261.6,2.4
6863,2024-07-25,227.5,224.5,3.0
6914,2024-07-25,151.5,146.95,4.547458
8069,2024-07-25,254.5,250.01,4.489644
8390,2024-07-25,71.0,68.8,2.2
8931,2024-07-25,52.9,50.8,2.1
9925,2024-07-25,42.5,40.5,2.0
9937,2024-07-25,66.0,63.9,2.1
1229,2024-07-26,70.6,64.16,6.433333
1436,2024-07-26,183.5,162.62,20.876562
2034,2024-07-26,25.3,24.3,1.0
3033,2024-07-26,37.7,35.8,1.894892
4551,2024-07-26,91.5,89.0,2.5
5439,2024-07-26,100.5,96.4,4.1
6514,2024-07-26,53.4,50.56,2.842632
8916,2024-07-26,61.5,57.92,3.583616
1527,2024-07-29,43.7,41.7,2.0
1727,2024-07-29,31.35,31.06,0.286747
1810,2024-07-29,18.0,17.8,0.2
2331,2024-07-29,30.45,29.45,1.0
2355,2024-07-29,45.5,44.25,1.25
2520,2024-07-29,64.9,63.1,1.8
2546,2024-07-29,99.3,93.43,5.868628
2915,2024-07-29,80.6,78.1,2.5
2937,2024-07-29,35.6,33.6,2.0
4737,2024-07-29,67.9,65.9,1.999436
4767,2024-07-29,31.85,30.35,1.5
4916,2024-07-29,32.5,32.1,0.4
4919,2024-07-29,115.5,112.5,3.0
5425,2024-07-29,67.3,65.3,2.0
6277,2024-07-29,80.4,78.2,2.2
6416,2024-07-29,131.5,128.7,2.8
9908,2024-07-29,32.7,31.5,1.2
1540,2024-07-30,31.15,30.05,1.1
1617,2024-07-30,22.75,22.46,0.281657
1736,2024-07-30,117.0,116.0,0.998753
2020,2024-07-30,36.5,30.41,6.083334
2348,2024-07-30,369.5,279.42,90.071334
2348A,2024-07-30,34.3,32.7,1.6
2497,2024-07-30,56.1,55.1,1.0
2596,2024-07-30,53.9,52.9,1.0
2867,2024-07-30,7.73,7.67,0.051672
3048,2024-07-30,43.1,42.1,1.0
3131,2024-07-30,1465.0,1449.0,16.0
3324,2024-07-30,657.0,650.65,6.347975
3376,2024-07-30,226.0,219.87,6.125178
3454,2024-07-30,134.5,130.7,3.8
3520,2024-07-30,20.55,20.45,0.1
3548,2024-07-30,167.0,162.5,4.5
4107,2024-07-30,131.0,126.5,4.5
4190,2024-07-30,47.75,46.74,1.005338
4560,2024-07-30,36.8,35.8,1.0
6177,2024-07-30,71.0,64.76,6.238096
6288,2024-07-30,27.15,26.95,0.191108
6578,2024-07-30,24.35,23.84,0.509263
6689,2024-07-30,108.0,106.0,2.0
6692,2024-07-30,51.1,45.45,5.653572
8131,2024-07-30,37.45,36.55,0.9
1434,2024-07-31,22.7,22.2,0.5
1809,2024-07-31,24.3,24.1,0.2
2233,2024-07-31,131.5,126.2,5.3
2345,2024-07-31,510.0,500.0,9.9956
2748,2024-07-31,64.9,62.9,2.0
3141,2024-07-31,88.1,87.59,0.506859
3287,2024-07-31,39.15,38.31,0.843929
4106,2024-07-31,28.0,27.2,0.8
4942,2024-07-31,45.6,43.3,2.3
6414,2024-07-31,306.5,295.14,11.35226
6877,2024-07-31,63.6,57.79,5.812823
00939,2024-08-01,14.39,14.32,0.063
1210,2024-08-01,57.5,55.27,2.222353
1216,2024-08-01,83.9,80.9,3.0
1531,2024-08-01,14.4,14.2,0.2
1558,2024-08-01,101.5,97.7,3.8
1720,2024-08-01,74.4,71.7,2.7
1730,2024-08-01,56.7,53.9,2.8
1813,2024-08-01,20.65,20.15,0.5
2351,2024-08-01,119.0,116.4,2.6
2369,2024-08-01,20.8,20.5,0.3
2393,2024-08-01,78.0,74.8,3.2
2912,2024-08-01,277.5,268.5,9.0
3088,2024-08-01,93.5,89.21,4.292797
3128,2024-08-01,32.9,32.1,0.8
3209,2024-08-01,36.45,34.35,2.098284
3379,2024-08-01,43.3,43.1,0.2
3426,2024-08-01,44.1,42.1,2.0
3438,2024-08-01,78.7,78.2,0.5
3527,2024-08-01,88.0,86.0,2.0
3531,2024-08-01,32.9,31.2,1.7
3689,2024-08-01,73.2,70.75,2.445829
4303,2024-08-01,48.35,47.19,1.164417
4933,2024-08-01,72.8,69.82,2.977099
5206,2024-08-01,55.3,54.0,1.3
5269,2024-08-01,1665.0,1646.41,18.580614
5276,2024-08-01,19.35,18.75,0.6
5410,2024-08-01,38.8,36.74,2.061464
5457,2024-08-01,50.8,50.48,0.319445
5903,2024-08-01,189.5,183.7,5.8
6138,2024-08-01,179.5,173.53,5.969651
6158,2024-08-01,30.1,29.1,1.000646
6201,2024-08-01,64.5,60.6,3.9
6239,2024-08-01,163.5,156.5,7.0
6435,2024-08-01,99.8,97.0,2.8
6516,2024-08-01,78.3,70.31,7.990911
6569,2024-08-01,269.0,229.59,39.412287
6577,2024-08-01,180.0,114.01,65.987259
6855,2024-08-01,132.5,117.27,15.227275
6873,2024-08-01,264.5,258.08,6.414955
6929,2024-08-01,65.8,65.53,0.271
8415,2024-08-01,35.3,33.8,1.5
8437,2024-08-01,32.25,31.25,1.0
2481,2024-08-02,56.9,55.7,1.2
4123,2024-08-02,50.3,48.87,1.43061
4401,2024-08-02,24.15,23.65,0.5
6703,2024-08-02,282.0,255.86,26.142813
9938,2024-08-02,67.2,66.2,1.0
1231,2024-08-05,117.5,105.36,12.136363
1795,2024-08-05,260.0,255.35,4.647452
2027,2024-08-05,38.2,37.0,1.2
2376,2024-08-05,262.5,256.14,6.357943
2409,2024-08-05,17.75,16.85,0.9
3051,2024-08-05,31.45,30.45,1.0
3289,2024-08-05,132.0,131.3,0.696914
3306,2024-08-05,56.5,55.2,1.3
3332,2024-08-05,42.55,40.95,1.6
3694,2024-08-05,42.6,41.59,1.00028
6743,2024-08-05,63.5,63.0,0.5
2375,2024-08-06,61.2,60.4,0.8
2887,2024-08-06,18.8,17.5,1.3
3537,2024-08-06,61.5,56.67,4.833333
4430,2024-08-06,21.75,21.25,0.5
6175,2024-08-06,37.45,36.4,1.045821
6680,2024-08-06,80.2,71.79,8.40963
00946,2024-08-07,9.4,9.33,0.067
1439,2024-08-07,29.1,28.8,0.3
2545,2024-08-07,54.0,51.7,2.3
3483,2024-08-07,138.5,133.45,5.049759
6715,2024-08-07,147.5,144.19,3.303018
8103,2024-08-07,56.1,54.86,1.231168
00940,2024-08-08,9.38,9.33,0.05
1530,2024-08-08,31.25,29.75,1.5
2834,2024-08-08,17.95,15.91,2.030718
2886,2024-08-08,41.55,38.88,2.666505
2892,2024-08-08,28.25,26.6,1.648058
2948,2024-08-08,63.3,56.65,6.646667
3050,2024-08-08,22.3,21.8,0.5
4754,2024-08-08,40.0,38.2,1.8
6762,2024-08-08,284.0,240.51,43.491529
6830,2024-08-08,126.0,125.42,0.579362
6840,2024-08-08,73.3,72.2,1.09715
8050,2024-08-08,75.4,71.22,4.17967
8466,2024-08-08,58.0,57.7,0.295119
8928,2024-08-08,31.8,31.1,0.7
9914,2024-08-08,244.0,238.0,6.0
9942,2024-08-08,126.0,119.0,7.0
3152,2024-08-09,166.5,162.82,3.68
4114,2024-08-09,40.4,36.18,4.218182
5278,2024-08-09,242.0,178.72,63.281556
6417,2024-08-09,96.0,94.0,2.0
2515,2024-08-12,14.4,13.88,0.52
2885,2024-08-12,32.6,31.96,0.639216
4162,2024-08-12,85.4,83.9,1.5
5203,2024-08-12,96.1,93.3,2.8
6469,2024-08-12,222.0,189.77,32.234957
6472,2024-08-12,783.0,771.0,12.0
1440,2024-08-13,16.3,15.95,0.35
2476,2024-08-13,104.0,101.52,2.476659
2880,2024-08-13,27.45,25.99,1.459901
3207,2024-08-13,137.0,136.1,0.898654
3516,2024-08-13,24.5,24.48,0.02
4746,2024-08-13,95.7,93.7,2.0
4977,2024-08-13,68.8,66.6,2.2
6788,2024-08-13,219.5,210.26,9.24117
9960,2024-08-13,28.3,26.6,1.7
2597,2024-08-14,202.0,144.28,57.714286
2754,2024-08-14,104.0,102.5,1.5
2836,2024-08-14,12.55,11.89,0.656797
4580,2024-08-14,105.0,100.2,4.798309
5880,2024-08-14,26.45,24.92,1.522464
6156,2024-08-14,26.95,26.15,0.798693
6202,2024-08-14,49.0,48.55,0.45
6805,2024-08-14,743.0,737.5,5.5
00936,2024-08-15,16.93,16.77,0.16
1583,2024-08-15,69.3,65.3,4.0
1714,2024-08-15,9.22,8.92,0.3
2327,2024-08-15,745.0,623.51,121.483723
2539,2024-08-15,83.2,71.37,11.82069
2547,2024-08-15,10.8,10.55,0.25
2745,2024-08-15,95.1,91.6,3.5
2801,2024-08-15,18.45,17.34,1.105039
3008,2024-08-15,2840.0,2800.0,40.0
3017,2024-08-15,597.0,590.04,6.957345
3056,2024-08-15,36.6,34.79,1.801923
3628,2024-08-15,44.2,42.2,2.0
4113,2024-08-15,52.7,50.9,1.79979
4137,2024-08-15,148.5,138.38,10.118146
4432,2024-08-15,24.0,23.31,0.69
5014,2024-08-15,17.15,16.15,1.0
5288,2024-08-15,214.0,206.26,7.737647
5450,2024-08-15,19.95,19.7,0.249978
5489,2024-08-15,43.5,42.48,1.020287
8049,2024-08-15,39.9,37.2,2.7
8227,2024-08-15,201.0,198.16,2.837417
00679B,2024-08-16,31.7,31.36,0.345
00690,2024-08-16,34.48,33.48,1.0
00701,2024-08-16,28.92,28.62,0.3
00718B,2024-08-16,21.15,20.78,0.371
00721B,2024-08-16,48.1,47.64,0.46
00740B,2024-08-16,41.84,41.61,0.229
00741B,2024-08-16,39.2,38.92,0.277
00761B,2024-08-16,38.6,38.12,0.48
00771,2024-08-16,17.81,17.59,0.22
00772B,2024-08-16,37.08,36.94,0.143
00773B,2024-08-16,38.62,38.47,0.153
00780B,2024-08-16,38.83,38.46,0.37
00786B,2024-08-16,35.82,35.31,0.515
00795B,2024-08-16,32.09,31.69,0.4
00799B,2024-08-16,34.47,34.02,0.45
00840B,2024-08-16,33.48,33.13,0.355
00841B,2024-08-16,33.22,32.88,0.34
00845B,2024-08-16,34.47,34.09,0.385
00846B,2024-08-16,37.13,36.67,0.463
00847B,2024-08-16,29.2,28.91,0.292
00850,2024-08-16,44.11,43.49,0.62
00878,2024-08-16,23.13,22.58,0.55
00881,2024-08-16,23.92,22.92,1.0
00883B,2024-08-16,33.72,33.55,0.175
00890B,2024-08-16,35.8,35.35,0.455
00891,2024-08-16,18.26,17.85,0.41
00894,2024-08-16,20.56,19.86,0.7
00900,2024-08-16,15.79,14.99,0.792
00913,2024-08-16,21.22,20.56,0.66
00932,2024-08-16,17.27,16.62,0.65
00933B,2024-08-16,17.44,17.37,0.072
00934,2024-08-16,19.49,19.35,0.14
00942B,2024-08-16,16.09,16.02,0.07
00944,2024-08-16,14.87,14.81,0.058
00945B,2024-08-16,15.28,15.17,0.102
00948B,2024-08-16,10.37,10.32,0.055
1609,2024-08-16,56.8,52.95,3.847619
3023,2024-08-16,302.0,292.4,9.598566
4908,2024-08-16,82.5,80.1,2.4
6799,2024-08-16,117.0,114.03,2.969445
8043,2024-08-16,45.1,44.9,0.2
8048,2024-08-16,64.1,59.32,4.779612
1442,2024-08-19,71.0,67.5,3.5
1569,2024-08-19,27.15,26.15,1.0
2301,2024-08-19,108.0,106.0,2.0
3552,2024-08-19,92.7,84.27,8.427273
4569,2024-08-19,105.5,101.0,4.5
6443,2024-08-19,24.4,24.0,0.4
8454,2024-08-19,411.0,391.42,19.571425
00731,2024-08-20,77.55,74.17,3.38
00758B,2024-08-20,55.3,54.7,0.6
00759B,2024-08-20,59.55,58.91,0.64
00760B,2024-08-20,56.8,56.09,0.71
00775B,2024-08-20,35.73,35.3,0.43
00844B,2024-08-20,34.68,34.18,0.5
00867B,2024-08-20,34.6,34.17,0.43
00929,2024-08-20,19.82,19.64,0.18
1737,2024-08-20,34.3,33.1,1.2
2472,2024-08-20,82.3,79.5,2.8
3147,2024-08-20,137.5,132.5,5.0
3317,2024-08-20,55.1,47.98,7.118107
3563,2024-08-20,355.0,354.0,1.0
4513,2024-08-20,80.8,75.42,5.379439
4911,2024-08-20,56.5,52.76,3.736496
6122,2024-08-20,60.5,54.57,5.928571
6806,2024-08-20,136.5,135.05,1.443302
00754B,2024-08-21,38.17,37.72,0.454
00755B,2024-08-21,35.95,35.48,0.468
00756B,2024-08-21,34.39,33.89,0.505
00794B,2024-08-21,41.7,41.32,0.38
00860B,2024-08-21,38.98,38.48,0.505
00923,2024-08-21,22.22,21.29,0.923
00937B,2024-08-21,16.31,16.23,0.082
1339,2024-08-21,62.4,59.4,3.0
1537,2024-08-21,146.0,139.0,7.0
3028,2024-08-21,34.25,32.28,1.967384
3226,2024-08-21,54.6,54.1,0.5
4130,2024-08-21,23.4,22.57,0.827185
5222,2024-08-21,167.0,151.81,15.181819
6174,2024-08-21,19.75,19.61,0.14
9951,2024-08-21,69.1,65.7,3.4
1597,2024-08-22,101.0,100.2,0.8
2201,2024-08-22,55.0,53.6,1.4
2890,2024-08-22,26.7,25.31,1.382927
3036,2024-08-22,110.0,108.2,1.799247
3036A,2024-08-22,47.5,45.5,2.0
3232,2024-08-22,28.85,28.35,0.5
4543,2024-08-22,53.4,49.9,3.495238
4563,2024-08-22,78.3,77.77,0.534
4966,2024-08-22,778.0,770.12,7.877115
5386,2024-08-22,84.1,76.79,7.31101
5514,2024-08-22,22.9,21.81,1.090476
5534,2024-08-22,126.0,120.5,5.5
6227,2024-08-22,76.7,74.2,2.5
6230,2024-08-22,234.5,233.44,1.053
6742,2024-08-22,54.3,53.1,1.2
8401,2024-08-22,28.35,25.77,2.577273
9958,2024-08-22,209.0,206.08,2.911949
00907,2024-08-23,16.17,15.84,0.33
1307,2024-08-23,32.65,31.15,1.5
1321,2024-08-23,39.05,38.65,0.4
2756,2024-08-23,78.4,77.2,1.2
3052,2024-08-23,13.35,12.69,0.653922
3693,2024-08-23,397.0,381.03,15.966408
4111,2024-08-23,27.3,26.3,1.0
4584,2024-08-23,69.0,63.89,5.111111
4907,2024-08-23,83.9,82.6,1.3
4987,2024-08-23,69.2,65.7,3.5
6113,2024-08-23,30.3,28.38,1.919048
6534,2024-08-23,77.4,76.9,0.5
6916,2024-08-23,24.6,23.55,1.05
9921,2024-08-23,239.0,234.0,5.0
1324,2024-08-26,13.2,13.0,0.2
1528,2024-08-26,13.55,13.45,0.1
1539,2024-08-26,24.25,23.65,0.6
1615,2024-08-26,73.0,62.55,10.447552
2377,2024-08-26,175.0,169.6,5.4
2426,2024-08-26,19.05,18.85,0.2
2428,2024-08-26,172.5,167.3,5.2
2484,2024-08-26,30.5,29.0,1.5
2527,2024-08-26,38.6,37.1,1.5
2538,2024-08-26,20.6,19.9,0.7
3002,2024-08-26,14.9,14.58,0.319519
3027,2024-08-26,37.7,37.33,0.369776
3284,2024-08-26,58.8,56.35,2.453847
3434,2024-08-26,30.5,29.32,1.176329
4104,2024-08-26,91.6,87.23,4.361905
4109,2024-08-26,31.95,31.45,0.5
4138,2024-08-26,103.0,93.64,9.363636
4768,2024-08-26,229.5,215.24,14.261903
4909,2024-08-26,121.0,120.5,0.5
6168,2024-08-26,22.0,21.5,0.5
6432,2024-08-26,35.25,34.01,1.243116
6753,2024-08-26,137.5,129.9,7.595239
1409,2024-08-27,16.9,16.35,0.55
1454,2024-08-27,19.65,19.4,0.25
1541,2024-08-27,31.8,31.3,0.5
1565,2024-08-27,181.5,174.5,7.0
1587,2024-08-27,55.6,52.94,2.656838
1709,2024-08-27,24.0,23.4,0.6
1722,2024-08-27,63.0,60.4,2.6
2227,2024-08-27,122.5,119.02,3.48
2413,2024-08-27,22.15,21.95,0.2
2441,2024-08-27,62.8,60.3,2.5
2845,2024-08-27,15.95,14.7,1.249829
2905,2024-08-27,20.25,20.05,0.2
3025,2024-08-27,66.9,63.7,3.2
3236,2024-08-27,20.2,19.98,0.22
3646,2024-08-27,30.7,29.2,1.5
4127,2024-08-27,35.0,34.5,0.5
4438,2024-08-27,113.0,107.8,5.2
6183,2024-08-27,77.0,74.25,2.75
6584,2024-08-27,186.0,185.0,1.000152
6752,2024-08-27,124.0,114.81,9.189597
6870,2024-08-27,223.0,212.38,10.619048
8086,2024-08-27,103.5,102.5,1.0
8289,2024-08-27,29.3,28.3,1.0
8403,2024-08-27,32.15,30.53,1.621154
9941,2024-08-27,150.5,144.4,6.1
9941A,2024-08-27,51.7,49.62,2.070664
1108,2024-08-28,16.25,15.25,1.0
1225,2024-08-28,161.0,159.6,1.4
1240,2024-08-28,56.5,51.71,4.785714
1453,2024-08-28,21.3,20.67,0.620389
1457,2024-08-28,21.4,20.38,1.019048
1603,2024-08-28,41.6,40.3,1.3
1616,2024-08-28,20.6,20.23,0.37
1735,2024-08-28,18.6,18.1,0.5
2023,2024-08-28,15.2,14.9,0.29804
2070,2024-08-28,84.5,83.5,1.0
2420,2024-08-28,67.4,64.4,3.0
3492,2024-08-28,30.65,30.32,0.33
3533,2024-08-28,1510.0,1484.24,25.754503
3622,2024-08-28,60.7,58.7,2.0
4207,2024-08-28,18.05,17.03,1.021698
4556,2024-08-28,34.55,33.96,0.589604
4707,2024-08-28,17.05,15.77,1.275352
5013,2024-08-28,34.0,33.1,0.9
5464,2024-08-28,31.85,31.05,0.8
5525,2024-08-28,41.2,38.86,2.332076
6216,2024-08-28,44.85,43.19,1.654117
6261,2024-08-28,75.2,71.2,4.0
6426,2024-08-28,59.5,59.0,0.5
6579,2024-08-28,173.0,158.63,14.361465
8032,2024-08-28,28.5,27.7,0.8
8941,2024-08-28,80.0,66.96,13.043477
9105,2024-08-28,5.92,5.85,0.061859
1235,2024-08-29,130.5,123.8,6.690476
1315,2024-08-29,72.3,69.8,2.5
1463,2024-08-29,26.0,25.5,0.5
1532,2024-08-29,40.3,38.86,1.434131
2059,2024-08-29,1260.0,1245.81,14.19
2364,2024-08-29,124.5,95.76,28.73077
2383,2024-08-29,451.5,441.52,9.979206
2468,2024-08-29,25.05,24.25,0.8
2505,2024-08-29,27.05,26.65,0.4
2530,2024-08-29,47.25,46.69,0.56
2743,2024-08-29,117.5,114.5,3.0
3078,2024-08-29,71.0,66.2,4.8
3285,2024-08-29,29.05,28.05,1.0
4128,2024-08-29,45.05,42.9,2.145238
4905,2024-08-29,93.0,91.5,1.5
5202,2024-08-29,25.05,24.35,0.7
5278,2024-08-29,231.5,231.28,0.217644
5283,2024-08-29,108.5,104.5,4.0
5287,2024-08-29,200.0,181.44,18.559639
6108,2024-08-29,20.15,19.65,0.5
6171,2024-08-29,49.25,47.75,1.5
6209,2024-08-29,26.9,26.4,0.499875
6234,2024-08-29,27.15,26.5,0.65
6245,2024-08-29,97.9,93.65,4.25
8076,2024-08-29,35.05,34.25,0.8
8410,2024-08-29,88.2,85.7,2.5
2328,2024-08-30,36.15,34.85,1.3
2439,2024-08-30,136.5,131.61,4.885382
3558,2024-08-30,162.5,158.5,4.0
6016,2024-08-30,15.4,14.05,1.352381
6708,2024-08-30,40.75,40.35,0.4
2338,2024-09-02,64.6,63.1,1.5
2442,2024-09-02,34.5,33.63,0.864153
5243,2024-09-02,60.7,59.1,1.6
5548,2024-09-02,39.5,37.32,2.182927
6140,2024-09-02,29.6,27.53,2.065117
6282,2024-09-02,35.0,34.49,0.500341
6482,2024-09-02,55.9,50.36,5.536362
6637,2024-09-02,104.5,101.85,2.647059
9906,2024-09-02,202.0,196.64,5.356782
00939,2024-09-03,14.67,14.6,0.063
2230,2024-09-03,167.5,166.56,0.938611
2949,2024-09-03,89.8,85.52,4.27619
5314,2024-09-03,165.5,163.7,1.8
6139,2024-09-03,242.0,233.01,8.982075
6259,2024-09-03,22.9,20.66,2.242889
1734,2024-09-04,37.2,33.51,3.681482
2250,2024-09-04,101.0,97.81,3.187104
2323,2024-09-04,12.9,12.22,0.68
2701,2024-09-04,13.1,12.82,0.28
2732,2024-09-04,106.5,104.0,2.499781
2901,2024-09-04,27.85,27.48,0.360531
3346,2024-09-04,40.1,38.6,1.497743
3594,2024-09-04,42.25,41.65,0.6
4416,2024-09-04,106.5,90.17,16.332108
5512,2024-09-04,12.05,11.47,0.583981
6279,2024-09-04,162.5,153.66,8.841463
6874,2024-09-04,104.0,100.2,3.8
8442,2024-09-04,124.0,118.74,5.257006
00940,2024-09-05,9.49,9.44,0.05
1203,2024-09-05,50.8,49.7,1.1
2379,2024-09-05,510.0,494.5,15.5
2718,2024-09-05,118.0,115.0,3.0
3312,2024-09-05,77.4,76.2,1.2
3484,2024-09-05,60.2,59.0,1.199895
4155,2024-09-05,24.25,23.95,0.3
5871,2024-09-05,143.0,142.69,0.305275
5871A,2024-09-05,95.1,94.87,0.228895
5906,2024-09-05,63.2,58.76,4.438096
6163,2024-09-05,23.8,23.5,0.3
6186,2024-09-05,112.0,95.65,16.348132
8349,2024-09-05,72.4,65.9,6.50068
8354,2024-09-05,17.3,17.0,0.3
8908,2024-09-05,53.8,49.81,3.985185
9946,2024-09-05,35.55,34.85,0.7
00946,2024-09-06,9.84,9.78,0.054
2923,2024-09-06,29.6,29.4,0.2
4979,2024-09-06,106.0,104.57,1.430004
6552,2024-09-06,48.0,47.7,0.3
8927,2024-09-06,64.5,56.47,8.030908
01010T,2024-09-09,10.19,10.0,0.184625
1268,2024-09-09,158.5,151.5,7.0
1514,2024-09-09,122.5,118.57,3.923361
2881,2024-09-09,92.5,88.09,4.404762
3322,2024-09-09,20.8,20.57,0.225548
4736,2024-09-09,165.0,155.0,10.0
5493,2024-09-09,99.6,92.38,7.219046
6603,2024-09-09,19.75,19.6,0.145067
6728,2024-09-09,117.5,112.52,4.983333
8423,2024-09-09,24.15,22.62,1.530953
1465,2024-09-10,15.35,14.85,0.5
3516,2024-09-10,24.9,24.46,0.440275
5321,2024-09-10,71.0,65.81,5.186046
9906,2024-09-10,187.0,183.19,3.806738
01009T,2024-09-12,7.66,7.51,0.141706
1477,2024-09-12,379.0,364.7,14.294118
2330,2024-09-12,901.0,896.99,4.000138
2540,2024-09-12,192.0,127.0,65.0
3661,2024-09-12,2285.0,2262.57,22.420249
4763,2024-09-12,959.0,828.42,130.573913
5263,2024-09-12,170.0,169.5,0.5
5392,2024-09-12,31.6,31.3,0.3
6504,2024-09-12,69.0,67.9,1.1
6629,2024-09-12,144.5,142.09,2.408905
1517,2024-09-13,15.35,15.15,0.2
2461,2024-09-13,22.15,21.95,0.199636
5213,2024-09-13,37.45,37.45,0.0
9802,2024-09-13,117.0,114.0,3.0
00936,2024-09-16,16.3,16.22,0.08
2228,2024-09-16,115.5,114.2,1.296676
2464,2024-09-16,80.2,79.44,0.756853
4420,2024-09-16,69.1,53.1,16.0
5306,2024-09-16,149.0,148.27,0.723035
5328,2024-09-16,15.6,15.25,0.35
6126,2024-09-16,30.8,29.72,1.080978
00687B,2024-09-18,33.43,33.01,0.42
00697B,2024-09-18,37.52,37.3,0.22
00713,2024-09-18,58.25,56.75,1.5
00740B,2024-09-18,42.28,42.05,0.229
00741B,2024-09-18,39.06,38.78,0.277
00751B,2024-09-18,36.65,36.19,0.46
00772B,2024-09-18,37.62,37.48,0.143
00773B,2024-09-18,39.13,38.99,0.145
00781B,2024-09-18,34.32,33.9,0.42
00787B,2024-09-18,36.61,36.11,0.5
00862B,2024-09-18,35.12,34.62,0.5
00863B,2024-09-18,35.95,35.53,0.42
00883B,2024-09-18,34.15,34.0,0.15
00896,2024-09-18,17.38,17.11,0.27
00921,2024-09-18,18.81,18.21,0.6
00933B,2024-09-18,17.62,17.55,0.075
00934,2024-09-18,19.11,18.96,0.142
00935,2024-09-18,21.47,20.87,0.6
00942B,2024-09-18,16.33,16.26,0.07
00943,2024-09-18,14.67,14.52,0.15
00944,2024-09-18,14.94,14.88,0.058
00948B,2024-09-18,10.49,10.44,0.053
00710B,2024-09-19,19.69,19.45,0.24
00711B,2024-09-19,17.42,17.22,0.2
00712,2024-09-19,10.22,10.02,0.2
00777B,2024-09-19,37.62,37.2,0.425
00778B,2024-09-19,39.22,38.76,0.46
00779B,2024-09-19,33.89,33.61,0.283
00915,2024-09-19,27.23,26.41,0.82
00918,2024-09-19,24.29,23.51,0.78
00929,2024-09-19,18.95,18.79,0.16
00945B,2024-09-19,15.2,15.09,0.102
1449,2024-09-19,19.4,18.84,0.553698
1784,2024-09-19,116.5,108.12,8.377681
2109,2024-09-19,19.55,18.85,0.7
2706,2024-09-19,15.15,14.8,0.35
3059,2024-09-19,35.2,34.5,0.7
4160,2024-09-19,102.5,97.08,5.41801
6548,2024-09-19,38.3,37.89,0.41
910861,2024-09-19,6.48,6.45,0.02035
00836B,2024-09-20,32.83,32.45,0.38
00853B,2024-09-20,31.28,30.95,0.33
00856B,2024-09-20,38.96,38.53,0.43
00857B,2024-09-20,27.57,27.27,0.3
00930,2024-09-20,19.06,18.63,0.43
6535,2024-09-20,255.0,254.29,0.710493
00764B,2024-09-23,33.11,32.75,0.362
00792B,2024-09-23,36.15,35.71,0.437
00793B,2024-09-23,35.15,34.71,0.436
00859B,2024-09-23,42.2,41.83,0.369
00919,2024-09-23,24.18,23.46,0.72
00937B,2024-09-23,16.67,16.59,0.082
2488,2024-09-24,51.5,48.7,2.8
3086,2024-09-24,289.0,262.27,26.727274
3178,2024-09-24,88.8,86.55,2.25
3558,2024-09-24,180.0,170.69,9.312425
4912,2024-09-24,104.0,103.28,0.712
5258,2024-09-24,138.0,130.28,7.714285
6182,2024-09-24,31.5,31.24,0.261916
6655,2024-09-24,145.0,136.0,9.0
8105,2024-09-24,17.75,17.65,0.1
2236,2024-09-25,109.5,106.72,2.770097
2458,2024-09-25,148.0,143.93,4.06989
8234,2024-09-25,52.8,51.6,1.2
1590,2024-09-26,874.0,856.31,17.68314
1808,2024-09-26,119.5,52.95,66.545455
2542,2024-09-26,50.3,45.27,5.027273
5516,2024-09-26,20.1,19.32,0.779612
9927,2024-09-26,76.8,71.65,5.15
01004T,2024-10-01,12.19,11.99,0.195709
1589,2024-10-01,44.8,44.25,0.540801
5347,2024-10-01,103.5,101.81,1.685715
00939,2024-10-02,14.77,14.7,0.063
2722,2024-10-02,43.05,41.04,2.005313
4967,2024-10-02,106.0,104.34,1.65127
6021,2024-10-02,26.0,25.4,0.6
020035,2024-10-03,7.56,7.28,0.285
2066,2024-10-03,107.0,103.22,3.777512
6523,2024-10-03,153.5,151.5,2.0
6248,2024-10-04,32.05,30.53,1.515665
2538,2024-10-07,17.4,17.14,0.257143
5864,2024-10-07,19.8,18.64,1.161992
6203,2024-10-07,78.8,73.8,4.99708
9939,2024-10-07,162.5,161.7,0.797875
00946,2024-10-08,9.66,9.6,0.054
2947,2024-10-08,87.2,86.2,1.0
3516,2024-10-08,26.3,25.77,0.533908
00940,2024-10-09,9.58,9.53,0.05
4927,2024-10-11,56.9,55.46,1.432222
2034,2024-10-14,23.5,23.06,0.432505
4174,2024-10-15,67.8,67.31,0.487921
6221,2024-10-15,83.8,67.08,16.721701
9935,2024-10-15,34.15,33.99,0.154507
00936,2024-10-16,16.25,16.17,0.08
0056,2024-10-17,39.02,37.95,1.07
00694B,2024-10-17,41.91,41.64,0.268
00695B,2024-10-17,36.34,36.1,0.238
00696B,2024-10-17,32.59,32.32,0.274
00717,2024-10-17,16.79,16.62,0.167
00719B,2024-10-17,31.96,31.61,0.35
00720B,2024-10-17,36.82,36.31,0.51
00725B,2024-10-17,39.02,38.34,0.685
00726B,2024-10-17,35.46,34.84,0.62
00727B,2024-10-17,40.94,40.37,0.57
00730,2024-10-17,24.01,22.71,1.3
00733,2024-10-17,55.8,54.47,1.321
00739,2024-10-17,22.78,22.28,0.5
00740B,2024-10-17,41.76,41.53,0.229
00741B,2024-10-17,39.33,39.05,0.277
00746B,2024-10-17,38.44,38.02,0.422
00772B,2024-10-17,36.99,36.85,0.143
00773B,2024-10-17,38.7,38.57,0.135
00782B,2024-10-17,34.42,33.92,0.5
00784B,2024-10-17,39.0,38.74,0.26
00785B,2024-10-17,37.77,37.33,0.44
00788B,2024-10-17,33.3,32.85,0.45
00848B,2024-10-17,36.57,36.12,0.45
00849B,2024-10-17,37.85,37.52,0.33
00870B,2024-10-17,30.73,30.35,0.38
00883B,2024-10-17,33.65,33.51,0.145
00884B,2024-10-17,32.01,31.71,0.3
00908,2024-10-17,13.78,13.64,0.133
00912,2024-10-17,20.45,19.79,0.66
00922,2024-10-17,22.62,21.62,1.0
00933B,2024-10-17,17.46,17.38,0.08
00934,2024-10-17,19.42,19.28,0.139
00943,2024-10-17,15.17,15.02,0.15
00944,2024-10-17,14.92,14.86,0.058
00948B,2024-10-17,10.33,10.28,0.053
00931B,2024-10-18,15.22,15.08,0.14
2489,2024-10-18,21.95,21.36,0.59
6235,2024-10-18,70.6,70.0,0.597985
00734B,2024-10-21,16.2,16.04,0.16
00749B,2024-10-21,33.12,32.69,0.435
00750B,2024-10-21,36.5,36.13,0.37
00842B,2024-10-21,34.67,34.23,0.44
00904,2024-10-21,18.57,18.42,0.15
00942B,2024-10-21,15.81,15.74,0.068
00945B,2024-10-21,15.26,15.15,0.102
00714,2024-10-22,22.47,22.34,0.123
00722B,2024-10-22,39.69,39.16,0.53
00723B,2024-10-22,34.62,34.18,0.442
00724B,2024-10-22,36.19,35.72,0.473
00789B,2024-10-22,53.55,52.95,0.6
00790B,2024-10-22,57.4,56.79,0.61
00791B,2024-10-22,57.0,56.44,0.562
00834B,2024-10-22,36.36,35.95,0.407
00905,2024-10-22,14.44,14.12,0.32
00927,2024-10-22,19.49,19.01,0.48
00929,2024-10-22,19.17,19.03,0.14
00937B,2024-10-22,16.16,16.08,0.082
2543,2024-10-22,96.9,76.06,20.837008
1815,2024-10-23,23.0,22.56,0.436234
4552,2024-10-23,28.0,26.9,1.1
006204,2024-10-24,117.55,116.85,0.7
00888,2024-10-24,17.43,17.24,0.188
00907,2024-10-24,16.09,15.81,0.28
1584,2024-10-24,35.1,34.57,0.533401
2367,2024-10-24,32.7,32.32,0.377781
4549,2024-10-24,170.5,167.16,3.343136
6425,2024-10-24,83.5,81.91,1.594585
6706,2024-10-28,172.0,169.45,2.545279
8932,2024-10-28,98.1,96.83,1.27087
9928,2024-10-28,20.3,19.55,0.749386
2061,2024-10-29,20.95,20.54,0.409564
6596,2024-10-30,73.8,73.3,0.5
00939,2024-10-31,14.48,14.41,0.063
00950B,2024-10-31,15.06,14.98,0.082
00959B,2024-10-31,9.9,9.85,0.055
5522,2024-10-31,67.5,66.5,1.0
6690,2024-10-31,230.5,222.4,8.102215
1516,2024-11-01,20.3,19.69,0.602813
8473,2024-11-04,41.5,40.21,1.287121
020036,2024-11-05,6.84,6.59,0.242
8936,2024-11-05,62.3,60.8,1.5
1587,2024-11-06,39.35,38.41,0.93435
00940,2024-11-07,9.5,9.46,0.04
00946,2024-11-07,9.33,9.27,0.054
00953B,2024-11-07,10.18,10.11,0.07
3289,2024-11-07,169.0,168.0,0.995462
6576,2024-11-07,76.2,76.18,0.023258
1586,2024-11-11,32.65,32.45,0.19786
9802,2024-11-11,120.0,117.8,2.196378
6550,2024-11-13,50.5,50.45,0.046741
5284,2024-11-14,163.5,160.52,2.974738
00936,2024-11-15,15.67,15.62,0.05
00942B,2024-11-15,15.37,15.3,0.07
5548,2024-11-15,35.4,32.9,2.497321
0051,2024-11-18,80.3,77.84,2.46
0053,2024-11-18,103.0,101.0,2.0
0055,2024-11-18,29.1,27.92,1.18
006201,2024-11-18,23.15,22.4,0.75
006208,2024-11-18,112.3,111.4,0.9
00679B,2024-11-18,29.12,28.78,0.34
00692,2024-11-18,45.0,44.4,0.6
00740B,2024-11-18,40.81,40.6,0.213
00741B,2024-11-18,39.75,39.47,0.277
00761B,2024-11-18,37.02,36.52,0.5
00771,2024-11-18,18.22,18.0,0.22
00772B,2024-11-18,35.7,35.57,0.135
00773B,2024-11-18,37.53,37.39,0.138
00780B,2024-11-18,38.31,37.92,0.39
00786B,2024-11-18,34.56,34.14,0.42
00795B,2024-11-18,29.65,29.25,0.4
00799B,2024-11-18,32.97,32.47,0.5
00840B,2024-11-18,32.41,32.09,0.325
00841B,2024-11-18,31.93,31.59,0.34
00845B,2024-11-18,34.07,33.7,0.371
00846B,2024-11-18,36.71,36.26,0.449
00847B,2024-11-18,27.89,27.61,0.28
00850,2024-11-18,45.85,45.2,0.65
00878,2024-11-18,22.73,22.18,0.55
00883B,2024-11-18,32.9,32.76,0.145
00890B,2024-11-18,34.99,34.56,0.43
00891,2024-11-18,18.06,17.57,0.49
00892,2024-11-18,17.22,16.98,0.24
00894,2024-11-18,21.04,20.44,0.6
00900,2024-11-18,14.31,14.21,0.1
00933B,2024-11-18,16.95,16.87,0.082
00934,2024-11-18,18.34,18.22,0.115
00944,2024-11-18,14.52,14.46,0.058
00945B,2024-11-18,15.41,15.3,0.102
00948B,2024-11-18,10.13,10.08,0.052
00690,2024-11-19,34.37,33.57,0.8
00731,2024-11-19,71.45,69.07,2.38
00758B,2024-11-19,53.8,53.2,0.6
00759B,2024-11-19,57.6,56.98,0.62
00760B,2024-11-19,56.05,55.34,0.71
00929,2024-11-19,17.98,17.87,0.11
00932,2024-11-19,16.31,15.79,0.52
00943,2024-11-19,14.82,14.67,0.15
5381,2024-11-19,25.8,25.58,0.22156
00775B,2024-11-20,34.44,33.87,0.57
00844B,2024-11-20,33.74,33.17,0.57
00867B,2024-11-20,33.63,33.2,0.43
00754B,2024-11-21,36.8,36.35,0.45
00755B,2024-11-21,35.26,34.8,0.46
00756B,2024-11-21,32.85,32.35,0.498
00794B,2024-11-21,41.68,41.33,0.35
00860B,2024-11-21,39.46,38.98,0.479
00937B,2024-11-21,15.99,15.91,0.082
01007T,2024-11-21,15.8,15.58,0.217621
2636,2024-11-25,87.2,84.2,3.0
5213,2024-11-25,32.0,30.46,1.539726
00901,2024-11-26,21.46,20.56,0.9
00930,2024-11-26,18.85,18.42,0.43
00958B,2024-11-26,9.69,9.65,0.042
2734,2024-11-27,31.8,29.63,2.174302
6127,2024-11-27,28.8,28.4,0.4
2530,2024-11-28,42.7,42.12,0.575849
2762,2024-11-28,97.1,94.84,2.250777
2867,2024-11-28,6.65,6.63,0.018423
4735,2024-11-28,38.9,38.45,0.45
6523,2024-11-28,158.0,153.0,5.0
00939,2024-12-03,14.4,14.33,0.063
00950B,2024-12-03,15.47,15.39,0.08
00959B,2024-12-04,10.2,10.15,0.052
020038,2024-12-04,7.84,7.5,0.334
3059,2024-12-04,32.2,31.71,0.480064
6645,2024-12-04,27.2,26.71,0.483044
3346,2024-12-05,39.1,38.74,0.351604
6438,2024-12-05,209.0,207.05,1.943497
00946,2024-12-06,9.22,9.17,0.041
00953B,2024-12-06,10.36,10.29,0.07
1438,2024-12-06,59.9,58.11,1.780484
4503,2024-12-09,53.7,51.22,2.482336
4912,2024-12-09,129.5,128.75,0.741
2474,2024-12-10,196.0,188.5,7.5
6277,2024-12-10,77.9,76.2,1.7
8942,2024-12-10,57.4,55.4,2.0
00940,2024-12-11,9.52,9.48,0.04
2330,2024-12-12,1045.0,1041.0,3.999637
3259,2024-12-12,22.6,22.47,0.131568
6657,2024-12-12,52.2,51.63,0.569531
8444,2024-12-12,30.75,30.95,0.0
6859,2024-12-13,185.5,183.21,2.290813
00936,2024-12-16,15.46,15.41,0.05
00942B,2024-12-16,15.57,15.5,0.07
00687B,2024-12-17,30.55,30.17,0.38
00697B,2024-12-17,36.35,36.05,0.3
00713,2024-12-17,55.65,54.25,1.4
00730,2024-12-17,22.16,22.07,0.086
00740B,2024-12-17,41.06,40.86,0.2
00741B,2024-12-17,39.61,39.41,0.201
00751B,2024-12-17,34.71,34.25,0.46
00772B,2024-12-17,35.9,35.76,0.145
00773B,2024-12-17,37.73,37.59,0.145
00777B,2024-12-17,35.54,35.11,0.43
00778B,2024-12-17,37.26,36.83,0.435
00779B,2024-12-17,30.78,30.5,0.285
00781B,2024-12-17,32.44,31.94,0.5
00787B,2024-12-17,34.79,34.29,0.5
00840B,2024-12-17,32.3,32.18,0.12
00853B,2024-12-17,29.65,29.32,0.33
00862B,2024-12-17,33.97,33.56,0.41
00863B,2024-12-17,34.68,34.23,0.45
00883B,2024-12-17,32.99,32.84,0.148
00890B,2024-12-17,34.77,34.6,0.17
00896,2024-12-17,17.47,17.02,0.45
00900,2024-12-17,14.05,13.95,0.1
00915,2024-12-17,25.75,25.0,0.75
00921,2024-12-17,17.93,17.61,0.32
00926,2024-12-17,24.26,22.76,1.5
00933B,2024-12-17,17.04,16.96,0.082
00934,2024-12-17,17.96,17.93,0.023
00943,2024-12-17,14.51,14.48,0.025
00944,2024-12-17,14.59,14.53,0.058
00945B,2024-12-17,15.43,15.32,0.102
00948B,2024-12-17,10.16,10.11,0.052
3073,2024-12-17,58.3,57.59,0.714294
6588,2024-12-17,42.25,40.0,2.247785
00710B,2024-12-18,20.0,19.74,0.26
00711B,2024-12-18,16.5,16.31,0.19
00712,2024-12-18,9.83,9.64,0.185
00929,2024-12-18,17.89,17.84,0.05
4763,2024-12-18,942.0,919.41,22.580124
6629,2024-12-18,121.5,116.5,5.0
00728,2024-12-19,33.03,32.25,0.771
00918,2024-12-19,24.1,23.26,0.84
2753,2024-12-19,150.0,148.0,1.995498
3680,2024-12-19,507.0,503.2,3.796146
5306,2024-12-19,126.0,124.75,1.247508
6548,2024-12-19,33.95,33.54,0.41
8070,2024-12-19,46.2,45.5,0.7
00764B,2024-12-20,30.38,30.02,0.362
00792B,2024-12-20,33.94,33.5,0.441
00793B,2024-12-20,32.72,32.29,0.429
00859B,2024-12-20,43.25,42.88,0.373
00919,2024-12-20,23.97,23.25,0.72
00937B,2024-12-20,15.95,15.87,0.082
00836B,2024-12-24,30.56,30.13,0.43
00856B,2024-12-24,39.43,39.01,0.42
00857B,2024-12-24,25.02,24.71,0.31
00907,2024-12-24,16.01,15.79,0.22
00958B,2024-12-24,9.52,9.48,0.042
2065,2024-12-24,53.3,52.8,0.496197
6121,2024-12-25,387.5,378.4,9.1
6123,2024-12-25,56.8,55.8,1.0
1805,2024-12-26,18.0,17.11,0.889084
2028,2024-12-26,21.2,20.9,0.3
5543,2024-12-26,21.4,20.72,0.67849
5278,2024-12-30,39.0,38.8,0.201214
6153,2024-12-30,16.3,16.14,0.151845
00939,2024-12-31,14.22,14.17,0.05
00940,2025-01-02,9.41,9.38,0.03
00950B,2025-01-02,14.98,14.9,0.08
2454,2025-01-02,1415.0,1386.0,29.0
4109,2025-01-02,22.3,21.58,0.724292
5536,2025-01-02,371.5,366.5,5.0
00959B,2025-01-03,9.86,9.81,0.052
6217,2025-01-03,40.35,38.66,1.693115
6658,2025-01-06,76.8,75.66,1.135552
6763,2025-01-06,60.7,59.8,0.9
00946,2025-01-08,9.4,9.35,0.041
00953B,2025-01-08,10.32,10.25,0.07
8299,2025-01-08,510.0,496.88,13.123563
1316,2025-01-09,14.7,14.22,0.479488
6488,2025-01-10,369.0,364.0,5.0
2543,2025-01-14,67.2,66.5,0.699956
00734B,2025-01-16,15.54,15.38,0.16
00789B,2025-01-16,50.65,50.03,0.62
00790B,2025-01-16,55.35,54.74,0.61
00791B,2025-01-16,58.5,57.93,0.572
00842B,2025-01-16,32.81,32.31,0.5
00929,2025-01-16,17.92,17.87,0.05
00936,2025-01-16,14.8,14.75,0.05
00942B,2025-01-16,14.83,14.76,0.07
0050,2025-01-17,198.05,195.35,2.7
0056,2025-01-17,36.39,35.32,1.07
006203,2025-01-17,93.1,91.2,1.9
00694B,2025-01-17,42.85,42.56,0.293
00695B,2025-01-17,35.7,35.4,0.299
00696B,2025-01-17,30.61,30.34,0.267
00701,2025-01-17,29.16,27.11,2.05
00702,2025-01-17,25.04,24.34,0.7
00717,2025-01-17,16.26,16.1,0.157
00719B,2025-01-17,32.54,32.19,0.35
00720B,2025-01-17,35.07,34.57,0.5
00725B,2025-01-17,37.43,36.77,0.662
00726B,2025-01-17,33.98,33.38,0.6
00727B,2025-01-17,41.98,41.41,0.57
00730,2025-01-17,22.99,22.9,0.086
00735,2025-01-17,33.05,32.88,0.17
00736,2025-01-17,22.99,22.72,0.27
00740B,2025-01-17,40.23,40.03,0.196
00741B,2025-01-17,40.09,39.87,0.217
00746B,2025-01-17,36.81,36.39,0.425
00749B,2025-01-17,31.32,30.88,0.44
00750B,2025-01-17,35.08,34.69,0.395
00770,2025-01-17,52.1,48.1,4.0
00772B,2025-01-17,35.01,34.88,0.13
00773B,2025-01-17,36.75,36.61,0.138
00777B,2025-01-17,34.49,34.35,0.145
00778B,2025-01-17,35.94,35.8,0.145
00782B,2025-01-17,32.68,32.18,0.5
00784B,2025-01-17,39.53,39.19,0.345
00785B,2025-01-17,36.09,35.64,0.454
00788B,2025-01-17,31.65,31.19,0.46
00830,2025-01-17,47.78,43.82,3.96
00840B,2025-01-17,31.56,31.43,0.13
00848B,2025-01-17,35.26,34.81,0.45
00849B,2025-01-17,38.48,38.15,0.33
00870B,2025-01-17,29.1,28.7,0.4
00881,2025-01-17,24.61,23.86,0.75
00882,2025-01-17,12.78,12.25,0.53
00883B,2025-01-17,32.21,32.04,0.17
00884B,2025-01-17,30.2,29.73,0.475
00890B,2025-01-17,34.02,33.85,0.17
00900,2025-01-17,13.81,13.71,0.1
00908,2025-01-17,12.35,12.21,0.138
00912,2025-01-17,19.31,18.92,0.39
00917,2025-01-17,24.23,22.23,2.0
00920,2025-01-17,12.68,12.47,0.206
00928,2025-01-17,16.3,15.92,0.38
00931B,2025-01-17,14.24,14.09,0.15
00933B,2025-01-17,16.65,16.57,0.082
00934,2025-01-17,17.94,17.91,0.026
00943,2025-01-17,14.22,14.2,0.018
00944,2025-01-17,14.45,14.39,0.058
00945B,2025-01-17,15.65,15.55,0.1
00948B,2025-01-17,9.9,9.86,0.042
00956,2025-01-17,9.62,9.51,0.11
00957B,2025-01-17,14.36,14.29,0.072
00960,2025-01-17,14.26,14.08,0.18
5483,2025-01-20,121.0,118.0,3.0
00904,2025-01-21,18.71,18.56,0.15
1707,2025-01-21,148.5,145.8,2.7
00714,2025-01-22,21.19,21.06,0.123
00722B,2025-01-22,38.44,37.89,0.55
00723B,2025-01-22,33.51,33.05,0.46
00724B,2025-01-22,35.22,34.72,0.499
00834B,2025-01-22,35.28,34.91,0.371
00858,2025-01-22,35.35,33.45,1.9
00888,2025-01-22,16.82,16.6,0.22
00927,2025-01-22,18.35,17.98,0.37
00930,2025-01-22,17.96,17.8,0.16
00937B,2025-01-22,15.74,15.66,0.082
00958B,2025-01-22,9.51,9.47,0.042
4114,2025-02-03,33.4,33.16,0.244359
2540,2025-02-05,90.8,90.22,0.577855
3260,2025-02-05,76.4,74.98,1.423068
3289,2025-02-05,131.5,130.2,1.298472
00940,2025-02-06,9.3,9.27,0.03
2547,2025-02-07,11.05,10.99,0.057966
00939,2025-02-11,14.1,14.05,0.05
00950B,2025-02-11,14.94,14.86,0.079
00959B,2025-02-12,9.92,9.87,0.05
4735,2025-02-12,38.8,38.59,0.207092
6438,2025-02-12,223.5,221.62,1.8791
00946,2025-02-13,9.16,9.13,0.025
00953B,2025-02-13,10.37,10.3,0.07
3313,2025-02-13,15.2,14.45,0.753723
6024,2025-02-13,57.5,56.75,0.742786
6806,2025-02-13,121.5,113.94,7.555266
4557,2025-02-14,139.0,134.12,4.877862
00936,2025-02-17,15.25,15.22,0.03
4564,2025-02-17,24.0,23.35,0.644363
00690,2025-02-18,36.37,35.67,0.7
00754B,2025-02-18,36.37,35.92,0.453
00755B,2025-02-18,34.76,34.29,0.472
00756B,2025-02-18,32.67,32.16,0.508
00772B,2025-02-18,35.45,35.31,0.137
00773B,2025-02-18,37.3,37.16,0.143
00777B,2025-02-18,34.85,34.71,0.145
00778B,2025-02-18,36.47,36.33,0.145
00794B,2025-02-18,43.29,42.99,0.3
00795B,2025-02-18,29.32,28.94,0.38
00840B,2025-02-18,31.82,31.69,0.13
00841B,2025-02-18,31.49,31.14,0.35
00847B,2025-02-18,27.73,27.38,0.35
00860B,2025-02-18,39.69,39.21,0.484
00883B,2025-02-18,32.66,32.5,0.16
00890B,2025-02-18,34.41,34.24,0.17
00891,2025-02-18,18.83,18.42,0.41
00894,2025-02-18,21.23,20.68,0.55
00913,2025-02-18,21.16,20.66,0.5
00923,2025-02-18,22.55,21.78,0.77
00932,2025-02-18,15.83,15.73,0.1
00934,2025-02-18,18.67,18.64,0.026
00937B,2025-02-18,15.86,15.78,0.082
00942B,2025-02-18,15.21,15.14,0.07
00944,2025-02-18,14.87,14.81,0.058
00945B,2025-02-18,15.59,15.49,0.1
00948B,2025-02-18,10.03,9.99,0.045
00957B,2025-02-18,14.56,14.49,0.074
3512,2025-02-18,33.0,32.01,0.990516
3709,2025-02-18,29.55,28.45,1.104966
6023,2025-02-18,89.5,88.05,1.453233
8033,2025-02-18,66.7,65.59,1.107255
00718B,2025-02-19,21.19,20.73,0.463
00730,2025-02-19,23.66,23.56,0.1
00731,2025-02-19,68.4,67.8,0.593
00740B,2025-02-19,40.69,40.49,0.196
00741B,2025-02-19,39.99,39.74,0.249
00758B,2025-02-19,53.45,52.83,0.62
00759B,2025-02-19,57.4,56.74,0.66
00760B,2025-02-19,55.95,55.24,0.71
00845B,2025-02-19,33.98,33.66,0.317
00846B,2025-02-19,37.02,36.57,0.451
00900,2025-02-19,14.19,14.09,0.1
00929,2025-02-19,18.67,18.62,0.05
6625,2025-02-19,81.1,79.06,2.033724
8932,2025-02-19,100.0,99.76,0.242161
00761B,2025-02-20,36.62,36.12,0.5
00775B,2025-02-20,33.78,33.37,0.41
00780B,2025-02-20,38.41,38.01,0.4
00799B,2025-02-20,32.56,32.01,0.55
00844B,2025-02-20,33.15,32.7,0.45
00867B,2025-02-20,33.26,32.83,0.43
00878,2025-02-20,22.96,22.46,0.5
00933B,2025-02-20,16.81,16.73,0.082
5604,2025-02-20,45.35,43.05,2.3
6823,2025-02-20,69.3,65.07,4.227643
8349,2025-02-20,62.8,61.82,0.981899
8349A,2025-02-20,51.2,50.41,0.785689
00679B,2025-02-21,28.74,28.44,0.3
00771,2025-02-21,17.83,17.61,0.22
00786B,2025-02-21,34.27,33.85,0.42
00850,2025-02-21,46.56,45.9,0.66
00967B,2025-02-21,9.68,9.64,0.037
00968B,2025-02-21,9.79,9.74,0.051
6613,2025-02-21,243.0,240.1,2.901732
00907,2025-02-24,16.19,16.06,0.13
00958B,2025-02-24,9.65,9.61,0.038
6177,2025-02-25,47.05,46.55,0.492367
8054,2025-02-25,121.5,119.12,2.384404
8155,2025-02-25,122.5,120.49,2.009627
8466,2025-02-25,41.3,40.97,0.327268
6854,2025-03-03,235.5,231.26,4.238238
3390,2025-03-04,28.6,27.76,0.835885
4966,2025-03-04,662.0,654.81,7.188062
00939,2025-03-05,14.4,14.35,0.05
3466,2025-03-05,60.2,58.05,2.147587
00946,2025-03-06,9.63,9.6,0.025
00953B,2025-03-06,10.35,10.28,0.07
00966B,2025-03-06,15.14,15.0,0.14
1598,2025-03-06,30.9,30.63,0.268478
00950B,2025-03-07,15.04,14.96,0.079
00959B,2025-03-07,10.0,9.95,0.05
5278,2025-03-10,36.3,36.12,0.176532
00940,2025-03-11,9.54,9.51,0.03
00970B,2025-03-11,10.12,10.07,0.053
8071,2025-03-12,21.45,20.95,0.499956
01009T,2025-03-13,7.0,6.86,0.138076
1712,2025-03-13,45.45,42.95,2.5
2528,2025-03-13,45.25,43.25,2.0
2613,2025-03-13,33.5,32.5,1.0
6423,2025-03-13,93.4,92.41,0.99
6548,2025-03-13,34.5,34.05,0.450024
00936,2025-03-17,15.51,15.48,0.03
00942B,2025-03-17,15.25,15.18,0.068
00980B,2025-03-17,10.09,10.04,0.053
2630,2025-03-17,34.95,34.32,0.62056
00687B,2025-03-18,30.82,30.47,0.35
00730,2025-03-18,22.98,22.88,0.1
00740B,2025-03-18,40.82,40.64,0.179
00741B,2025-03-18,39.44,39.24,0.203
00764B,2025-03-18,30.93,30.57,0.362
00772B,2025-03-18,35.74,35.6,0.142
00773B,2025-03-18,37.34,37.19,0.15
00777B,2025-03-18,35.07,34.92,0.15
00778B,2025-03-18,36.35,36.2,0.148
00779B,2025-03-18,31.13,30.85,0.28
00781B,2025-03-18,32.15,31.6,0.55
00792B,2025-03-18,33.94,33.5,0.444
00793B,2025-03-18,33.05,32.65,0.397
00840B,2025-03-18,31.98,31.85,0.135
00853B,2025-03-18,29.51,29.16,0.35
00859B,2025-03-18,43.75,43.37,0.377
00862B,2025-03-18,33.71,33.37,0.345
00863B,2025-03-18,34.41,33.96,0.45
00883B,2025-03-18,32.74,32.59,0.15
00890B,2025-03-18,34.4,34.25,0.155
00896,2025-03-18,16.66,16.21,0.45
00900,2025-03-18,13.99,13.89,0.1
00919,2025-03-18,23.74,23.02,0.72
00921,2025-03-18,17.23,17.15,0.08
00922,2025-03-18,21.11,20.48,0.63
00933B,2025-03-18,16.87,16.79,0.082
00934,2025-03-18,18.25,18.22,0.026
00935,2025-03-18,21.43,20.83,0.6
00937B,2025-03-18,15.89,15.81,0.08
00944,2025-03-18,14.85,14.79,0.058
00945B,2025-03-18,15.4,15.29,0.102
00948B,2025-03-18,10.06,10.01,0.048
00957B,2025-03-18,14.59,14.52,0.075
00963,2025-03-18,10.79,10.73,0.055
00964,2025-03-18,10.28,10.24,0.04
2330,2025-03-18,970.0,965.49,4.50002
5306,2025-03-18,125.0,123.47,1.525165
9802,2025-03-18,136.5,134.59,1.900147
00710B,2025-03-19,20.27,19.95,0.32
00711B,2025-03-19,16.65,16.46,0.19
00712,2025-03-19,10.19,10.0,0.183
00915,2025-03-19,24.5,24.0,0.5
00929,2025-03-19,18.45,18.4,0.05
6462,2025-03-19,129.0,126.33,2.666647
6697,2025-03-19,50.7,48.6,2.1
6895,2025-03-19,155.5,153.2,2.3
9105,2025-03-19,7.54,7.42,0.118755
00728,2025-03-20,31.15,30.37,0.771
00836B,2025-03-20,31.09,30.66,0.43
00856B,2025-03-20,39.93,39.5,0.43
00857B,2025-03-20,25.79,25.47,0.32
00918,2025-03-20,23.14,22.44,0.7
00930,2025-03-20,18.17,17.92,0.25
00958B,2025-03-20,9.7,9.65,0.046
1342,2025-03-20,105.0,100.2,4.792902
2006,2025-03-20,76.6,72.6,4.0
2101,2025-03-20,42.4,41.9,0.5
2301,2025-03-20,105.5,102.99,2.506595
2430,2025-03-20,31.95,30.45,1.5
3008,2025-03-20,2525.0,2467.5,57.5
3029,2025-03-20,147.0,142.0,5.0
3149,2025-03-20,36.75,35.55,1.193457
6015,2025-03-20,10.85,10.35,0.5
6534,2025-03-20,83.3,79.7,3.6
6590,2025-03-20,83.8,81.0,2.8
6821,2025-03-20,40.5,39.51,0.994787
6953,2025-03-20,206.0,200.0,6.0
7714,2025-03-20,90.3,87.8,2.5
00697B,2025-03-21,37.45,37.17,0.28
00713,2025-03-21,55.1,53.7,1.4
00751B,2025-03-21,34.9,34.45,0.45
00787B,2025-03-21,35.13,34.65,0.48
00967B,2025-03-21,10.01,9.97,0.037
00968B,2025-03-21,9.95,9.9,0.051
01010T,2025-03-21,10.12,9.92,0.199935
3357,2025-03-21,124.5,119.5,5.0
4583,2025-03-21,777.0,765.0,12.0
4972,2025-03-21,24.0,23.2,0.8
6235,2025-03-21,58.6,57.38,1.219664
6281,2025-03-21,81.0,77.0,4.0
5222,2025-03-24,136.5,132.5,4.0
5478,2025-03-24,128.5,121.0,7.5
4163,2025-03-25,107.0,103.5,3.5
5007,2025-03-25,56.0,53.0,3.0
1611,2025-03-26,16.4,15.6,0.8
2108,2025-03-26,32.35,31.35,1.0
3218,2025-03-26,228.0,220.5,7.5
6846,2025-03-26,85.4,81.8,3.598666
8930,2025-03-26,42.05,39.25,2.8
01004T,2025-03-27,11.83,11.62,0.204597
1341,2025-03-27,74.7,69.5,5.2
1445,2025-03-27,16.85,16.35,0.5
1477,2025-03-27,343.5,333.4,10.1
2015,2025-03-27,72.0,68.5,3.5
2324,2025-03-27,36.5,35.1,1.4
2458,2025-03-27,157.0,153.23,3.763396
2483,2025-03-27,21.75,21.45,0.3
2496,2025-03-27,89.0,83.32,5.68
2752,2025-03-27,250.5,236.5,14.0
2756,2025-03-27,80.1,78.8,1.3
2947,2025-03-27,88.3,87.2,1.1
3038,2025-03-27,28.8,27.3,1.5
3164,2025-03-27,22.5,21.7,0.8
3188,2025-03-27,32.8,31.0,1.8
4105,2025-03-27,78.5,74.3,4.2
4420,2025-03-27,68.0,62.5,5.5
4770,2025-03-27,331.0,319.0,12.0
4949,2025-03-27,40.9,39.8,1.099565
5201,2025-03-27,38.5,37.15,1.35
5225,2025-03-27,137.5,127.1,10.394332
5388,2025-03-27,129.5,124.9,4.6
5520,2025-03-27,88.1,82.6,5.5
6020,2025-03-27,19.0,18.49,0.508944
6188,2025-03-27,99.4,97.4,2.0
6415,2025-03-27,437.5,435.09,2.401105
6523,2025-03-27,148.5,146.5,2.0
6581,2025-03-27,120.0,114.0,6.0
6642,2025-03-27,66.3,63.8,2.5
6651,2025-03-27,108.0,101.0,7.0
6752,2025-03-27,145.0,141.3,3.7
6865,2025-03-27,78.1,77.1,1.0
6955,2025-03-27,165.5,164.0,1.5
6967,2025-03-27,58.6,55.8,2.8
7732,2025-03-27,44.0,42.0,2.0
8109,2025-03-27,91.1,86.6,4.5
8401,2025-03-27,33.95,32.45,1.5
8938,2025-03-27,80.0,75.91,4.088677
6606,2025-03-28,30.85,27.85,3.0
6835,2025-03-28,50.5,48.5,2.0
2910,2025-03-31,24.95,24.0,0.95
7631,2025-03-31,116.0,115.4,0.593939
8431,2025-03-31,64.9,64.8,0.1
8908,2025-03-31,45.5,44.2,1.3
00939,2025-04-01,13.78,13.73,0.05
00966B,2025-04-01,14.92,14.85,0.068
2063,2025-04-01,36.45,34.45,2.0
2065,2025-04-01,49.65,47.11,2.53581
2070,2025-04-01,53.6,53.1,0.5
2535,2025-04-01,58.6,54.85,3.75
2732,2025-04-01,90.5,88.0,2.5
2751,2025-04-01,68.7,64.2,4.5
3004,2025-04-01,97.2,94.18,3.0104
3257,2025-04-01,53.0,51.0,2.0
3294,2025-04-01,30.1,29.72,0.38
4440,2025-04-01,25.3,23.7,1.6
4930,2025-04-01,30.0,28.4,1.6
6148,2025-04-01,47.3,45.92,1.38
6291,2025-04-01,100.5,94.7,5.8
6596,2025-04-01,95.1,88.1,7.0
6873,2025-04-01,200.5,195.24,5.259402
8464,2025-04-01,394.0,379.5,14.5
00946,2025-04-02,9.29,9.26,0.025
00950B,2025-04-02,15.13,15.05,0.079
00953B,2025-04-02,10.3,10.23,0.07
00959B,2025-04-02,9.98,9.94,0.043
1414,2025-04-07,20.45,20.22,0.23
4207,2025-04-07,17.1,16.1,1.0
00970B,2025-04-08,9.83,9.78,0.053
4542,2025-04-09,62.3,61.3,0.998895
5212,2025-04-09,59.1,55.6,3.5
00940,2025-04-10,7.36,7.33,0.03
1315,2025-04-10,65.7,63.2,2.5
1457,2025-04-10,17.7,16.7,1.0
1536,2025-04-10,47.25,46.45,0.8
3003,2025-04-10,46.0,44.0,2.0
4532,2025-04-10,25.15,23.64,1.500469
4735,2025-04-10,28.0,27.2,0.8
6104,2025-04-10,117.0,114.0,2.997292
6224,2025-04-10,37.7,35.95,1.75
6703,2025-04-10,137.0,130.0,7.0
6846,2025-04-10,63.3,63.4,0.0
6859,2025-04-10,130.5,128.0,2.5
1604,2025-04-11,27.8,26.3,1.5
2109,2025-04-11,18.6,17.8,0.8
3289,2025-04-11,91.4,90.4,0.999197
3526,2025-04-11,239.0,222.54,16.461228
6143,2025-04-11,108.5,101.5,7.0
8042,2025-04-11,30.8,29.3,1.5
8091,2025-04-16,117.5,109.5,8.0
00734B,2025-04-17,15.41,15.25,0.16
00842B,2025-04-17,31.82,31.27,0.55
00936,2025-04-17,13.52,13.49,0.03
00942B,2025-04-17,14.61,14.54,0.068
00947,2025-04-17,11.82,11.74,0.08
00980B,2025-04-17,9.58,9.53,0.055
1451,2025-04-17,18.5,17.5,1.0
1524,2025-04-17,36.6,34.3,2.3
2010,2025-04-17,18.75,17.45,1.3
2707,2025-04-17,211.0,196.63,14.3612
2937,2025-04-17,46.5,44.5,2.0
4173,2025-04-17,23.1,21.91,1.188202
4566,2025-04-17,57.4,55.89,1.502599
4973,2025-04-17,24.55,23.55,1.0
5287,2025-04-17,181.0,175.7,5.3
6021,2025-04-17,23.35,21.51,1.84
6128,2025-04-17,35.5,33.0,2.5
6274,2025-04-17,139.5,133.0,6.503978
6732,2025-04-17,189.5,179.5,10.0
6747,2025-04-17,143.0,133.81,9.191176
8446,2025-04-17,109.0,101.0,8.0
9911,2025-04-17,88.5,83.8,4.7
9962,2025-04-17,13.7,13.2,0.5
00772B,2025-04-18,34.51,34.37,0.145
00773B,2025-04-18,35.94,35.79,0.15
00848B,2025-04-18,34.41,33.96,0.45
00849B,2025-04-18,38.3,37.97,0.33
00883B,2025-04-18,31.23,31.08,0.15
00884B,2025-04-18,29.2,28.73,0.475
00905,2025-04-18,11.61,11.56,0.05
00912,2025-04-18,16.31,16.11,0.2
00927,2025-04-18,15.77,15.4,0.37
00931B,2025-04-18,14.29,14.14,0.152
00934,2025-04-18,16.22,16.19,0.026
00944,2025-04-18,13.37,13.31,0.058
00948B,2025-04-18,9.54,9.49,0.048
00956,2025-04-18,9.81,9.7,0.11
00957B,2025-04-18,13.93,13.86,0.075
00960,2025-04-18,13.05,12.87,0.18
00963,2025-04-18,10.18,10.12,0.055
00964,2025-04-18,9.52,9.48,0.04
4138,2025-04-18,87.5,83.35,4.15
4528,2025-04-18,18.35,18.15,0.2
4729,2025-04-18,20.6,20.1,0.5
6756,2025-04-18,92.5,90.7,1.799562
6791,2025-04-18,114.5,111.02,3.48142
00714,2025-04-21,20.51,20.38,0.123
00722B,2025-04-21,37.49,36.94,0.553
00723B,2025-04-21,32.48,32.02,0.463
00724B,2025-04-21,34.09,33.59,0.502
00725B,2025-04-21,36.1,35.46,0.636
00726B,2025-04-21,33.46,32.88,0.58
00727B,2025-04-21,40.46,39.89,0.57
00749B,2025-04-21,30.64,30.2,0.44
00750B,2025-04-21,34.34,33.91,0.435
00777B,2025-04-21,33.73,33.57,0.16
00778B,2025-04-21,34.75,34.6,0.152
00782B,2025-04-21,31.83,31.33,0.5
00840B,2025-04-21,30.8,30.67,0.13
00890B,2025-04-21,32.65,32.5,0.155
00933B,2025-04-21,16.19,16.11,0.082
00937B,2025-04-21,15.11,15.03,0.08
00945B,2025-04-21,14.82,14.71,0.102
00789B,2025-04-22,49.55,48.93,0.62
00791B,2025-04-22,58.05,57.46,0.586
00904,2025-04-22,15.25,15.1,0.15
00929,2025-04-22,16.49,16.44,0.05
0052,2025-04-23,153.0,149.77,3.23
0056,2025-04-23,31.98,30.91,1.07
00694B,2025-04-23,42.68,42.38,0.304
00695B,2025-04-23,35.86,35.6,0.263
00696B,2025-04-23,29.9,29.58,0.322
00717,2025-04-23,14.86,14.68,0.173
00719B,2025-04-23,32.26,31.91,0.35
00720B,2025-04-23,33.03,32.53,0.5
00730,2025-04-23,20.41,20.31,0.1
00733,2025-04-23,36.91,36.83,0.073
00740B,2025-04-23,38.15,37.95,0.198
00741B,2025-04-23,38.14,37.9,0.245
00746B,2025-04-23,35.55,35.08,0.471
00785B,2025-04-23,34.62,34.15,0.467
00788B,2025-04-23,30.11,29.65,0.46
00834B,2025-04-23,33.58,33.19,0.395
00870B,2025-04-23,27.86,27.46,0.4
00888,2025-04-23,13.73,13.51,0.22
00900,2025-04-23,12.04,11.94,0.1
00907,2025-04-23,13.92,13.82,0.095
00908,2025-04-23,13.21,13.06,0.148
00958B,2025-04-23,9.04,8.99,0.046
00967B,2025-04-23,9.41,9.37,0.037
00968B,2025-04-23,9.21,9.16,0.051
4442,2025-04-23,47.1,44.63,2.474396
1217,2025-04-24,11.7,11.33,0.37
1717,2025-04-24,26.6,25.4,1.2
2477,2025-04-24,23.2,21.9,1.3
2530,2025-04-24,34.15,33.73,0.419231
4104,2025-04-24,88.2,84.4,3.8
4568,2025-04-24,44.75,42.75,2.002901
5278,2025-04-24,27.65,27.45,0.203627
6192,2025-04-24,96.7,91.2,5.5
6996,2025-04-24,179.0,166.35,12.650577
1786,2025-04-25,95.1,91.86,3.239594
6637,2025-04-25,73.0,71.4,1.603879
8433,2025-04-25,84.6,78.13,6.465408
6712,2025-04-30,173.0,167.88,5.119127
00939,2025-05-02,13.25,13.2,0.05
00950B,2025-05-05,14.05,13.97,0.076
00959B,2025-05-05,9.22,9.17,0.048
00966B,2025-05-05,13.66,13.6,0.065
00946,2025-05-06,8.53,8.5,0.025
00953B,2025-05-06,9.08,9.01,0.07
00970B,2025-05-06,8.63,8.58,0.053
00940,2025-05-08,8.72,8.69,0.03
6243,2025-05-13,43.6,42.4,1.2
01001T,2025-05-15,13.2,12.79,0.405615
01002T,2025-05-15,15.33,14.88,0.442644
01007T,2025-05-15,15.2,14.98,0.218215
00936,2025-05-16,14.61,14.58,0.03
00942B,2025-05-16,13.41,13.34,0.068
00980B,2025-05-16,8.89,8.84,0.053
00690,2025-05-19,33.24,32.93,0.31
00730,2025-05-19,22.64,22.53,0.11
00740B,2025-05-19,36.23,36.06,0.169
00741B,2025-05-19,36.08,35.87,0.215
00754B,2025-05-19,32.69,32.25,0.44
00755B,2025-05-19,30.89,30.43,0.456
00756B,2025-05-19,29.36,28.86,0.502
00761B,2025-05-19,32.87,32.38,0.49
00772B,2025-05-19,31.76,31.62,0.145
00773B,2025-05-19,33.55,33.4,0.15
00777B,2025-05-19,31.06,30.91,0.15
00778B,2025-05-19,32.5,32.35,0.15
00780B,2025-05-19,35.54,35.14,0.4
00794B,2025-05-19,39.73,39.45,0.28
00795B,2025-05-19,26.24,25.86,0.38
00799B,2025-05-19,28.79,28.24,0.55
00840B,2025-05-19,28.39,28.27,0.122
00841B,2025-05-19,28.22,27.87,0.35
00845B,2025-05-19,31.12,30.75,0.369
00846B,2025-05-19,34.05,33.57,0.476
00847B,2025-05-19,24.57,24.22,0.35
00860B,2025-05-19,36.68,36.2,0.48
00878,2025-05-19,21.26,20.79,0.47
00883B,2025-05-19,28.92,28.79,0.135
00890B,2025-05-19,30.31,30.16,0.155
00891,2025-05-19,16.91,16.5,0.41
00894,2025-05-19,18.93,18.53,0.4
00900,2025-05-19,13.52,13.42,0.1
00932,2025-05-19,14.5,14.4,0.1
00933B,2025-05-19,15.13,15.05,0.082
00934,2025-05-19,18.16,18.13,0.026
00937B,2025-05-19,14.0,13.92,0.077
00944,2025-05-19,14.43,14.37,0.058
00945B,2025-05-19,13.86,13.75,0.102
00948B,2025-05-19,8.85,8.8,0.048
00957B,2025-05-19,12.84,12.77,0.072
00963,2025-05-19,10.07,10.01,0.055
00964,2025-05-19,9.79,9.75,0.04
00731,2025-05-20,66.9,66.3,0.593
00929,2025-05-20,17.6,17.53,0.07
8440,2025-05-20,39.4,39.23,0.168
911608,2025-05-20,3.07,3.0,0.061665
00758B,2025-05-21,47.52,46.91,0.61
00759B,2025-05-21,51.0,50.38,0.62
00760B,2025-05-21,50.6,49.89,0.71
00775B,2025-05-21,30.29,29.91,0.38
00844B,2025-05-21,29.75,29.33,0.42
00867B,2025-05-21,29.93,29.45,0.48
00981B,2025-05-21,9.13,9.06,0.072
6841,2025-05-21,75.1,74.08,1.021944
00679B,2025-05-22,25.49,25.17,0.32
00771,2025-05-22,15.66,15.44,0.22
00786B,2025-05-22,30.4,29.98,0.42
00850,2025-05-22,42.92,42.32,0.6
00967B,2025-05-22,8.67,8.63,0.037
00968B,2025-05-22,8.69,8.64,0.051
3481,2025-05-22,14.1,13.1,1.0
6461,2025-05-22,20.0,19.6,0.399571
6658,2025-05-22,82.5,81.41,1.08452
00930,2025-05-27,17.02,16.95,0.07
00958B,2025-05-27,8.41,8.36,0.046
2332,2025-05-27,16.4,16.3,0.1
2426,2025-05-27,17.0,16.9,0.1
3715,2025-05-27,44.9,43.4,1.5
5234,2025-05-27,208.0,203.0,5.0
6151,2025-05-27,31.4,29.9,1.5
6525,2025-05-27,71.8,67.6,4.2
6570,2025-05-27,42.55,41.05,1.5
8074,2025-05-27,21.45,20.45,1.0
8435,2025-05-27,74.0,69.5,4.5
1215,2025-05-28,113.0,108.5,4.5
1568,2025-05-28,25.5,24.3,1.2
1708,2025-05-28,36.7,34.7,2.0
2467,2025-05-28,157.5,152.5,5.0
2612,2025-05-28,47.45,45.35,2.1
4527,2025-05-28,49.15,45.95,3.2
4995,2025-05-28,59.8,55.8,3.998488
5403,2025-05-28,129.0,122.5,6.502843
6568,2025-05-29,106.5,104.46,2.037314
1598,2025-06-02,22.7,22.2,0.5
3543,2025-06-02,20.5,20.0,0.5
3596,2025-06-02,214.0,206.5,7.5
6788,2025-06-02,225.0,215.0,10.0
00939,2025-06-03,13.65,13.61,0.04
00950B,2025-06-03,13.25,13.18,0.074
1702,2025-06-03,46.35,43.85,2.5
2313,2025-06-03,60.5,58.1,2.4
3231,2025-06-03,115.0,111.2,3.799274
3443,2025-06-03,1095.0,1079.0,16.0
6712,2025-06-03,174.5,158.64,15.863636
7713,2025-06-03,61.1,57.73,3.368
8487,2025-06-03,81.9,76.7,5.2
8924,2025-06-03,67.4,63.1,4.3
00946,2025-06-04,8.71,8.68,0.025
00953B,2025-06-04,9.3,9.23,0.07
00959B,2025-06-04,8.8,8.75,0.048
00966B,2025-06-04,13.01,12.97,0.04
1605,2025-06-04,20.9,20.36,0.536107
2642,2025-06-04,26.55,26.05,0.5
5309,2025-06-04,33.95,33.25,0.70073
6716,2025-06-04,58.0,54.62,3.381744
00970B,2025-06-05,8.84,8.79,0.053
1323,2025-06-05,21.2,20.3,0.9
5878,2025-06-05,44.75,42.45,2.3
6146,2025-06-05,188.0,177.9,10.1
6861,2025-06-05,53.0,51.2,1.799978
1587,2025-06-06,31.75,31.25,0.5
5609,2025-06-06,83.3,78.1,5.2
3441,2025-06-09,32.95,32.2,0.75
6023,2025-06-09,84.8,80.0,4.8
6951,2025-06-09,73.0,69.2,3.8
7704,2025-06-09,57.9,55.64,2.256256
00940,2025-06-10,8.94,8.91,0.03
1416,2025-06-10,12.75,12.19,0.56
2636,2025-06-10,76.0,73.0,3.0
2762,2025-06-10,82.3,78.61,3.685155
3211,2025-06-10,193.5,181.0,12.49778
4722,2025-06-10,69.2,67.8,1.396245
4735,2025-06-10,37.25,36.85,0.4
4939,2025-06-10,19.6,19.1,0.5
6263,2025-06-10,154.0,146.1,7.9
6412,2025-06-10,122.5,116.5,6.0
6597,2025-06-10,73.4,70.77,2.63052
6741,2025-06-10,80.2,78.46,1.742689
6785,2025-06-10,148.0,147.75,0.25
6881,2025-06-10,240.0,225.0,15.0
6894,2025-06-10,172.5,165.7,6.8
8422,2025-06-10,191.0,181.05,9.943974
9940,2025-06-10,28.0,26.2,1.8
1219,2025-06-11,15.2,14.7,0.5
1232,2025-06-11,163.5,156.5,7.0
1473,2025-06-11,29.85,27.85,2.0
1733,2025-06-11,30.95,29.75,1.2
2020,2025-06-11,28.05,25.85,2.2
2597,2025-06-11,183.5,175.8,7.7
3015,2025-06-11,62.1,59.1,3.0
5523,2025-06-11,30.45,29.95,0.5
6516,2025-06-11,82.2,79.99,2.209611
8463,2025-06-11,25.5,24.4,1.1
910322,2025-06-11,24.55,23.17,1.373653
9924,2025-06-11,49.45,46.35,3.1
01010T,2025-06-12,10.07,9.97,0.099582
1515,2025-06-12,29.85,28.85,1.0
1584,2025-06-12,25.8,25.1,0.7
1760,2025-06-12,78.2,76.4,1.8
2105,2025-06-12,47.1,44.7,2.4
2330,2025-06-12,1065.0,1060.49,4.50002
3118,2025-06-12,34.0,32.2,1.8
3679,2025-06-12,144.5,134.5,10.0
4951,2025-06-12,68.8,65.6,3.2
4958,2025-06-12,107.0,102.2,4.8
6208,2025-06-12,47.0,45.0,2.0
6423,2025-06-12,89.8,88.01,1.783844
6491,2025-06-12,332.5,321.5,11.0
6532,2025-06-12,62.5,59.9,2.6
6965,2025-06-12,101.5,95.5,6.0
6982,2025-06-12,54.3,52.2,2.1
8438,2025-06-12,31.65,30.35,1.3
8454,2025-06-12,299.0,286.2,12.8
1773,2025-06-13,151.0,123.75,27.25
1776,2025-06-13,17.85,17.05,0.8
2327,2025-06-13,487.0,467.0,19.995014
2607,2025-06-13,33.3,32.0,1.3
2608,2025-06-13,36.5,34.85,1.65
2637,2025-06-13,65.5,60.5,5.0
3030,2025-06-13,132.0,127.0,5.0
3105,2025-06-13,88.0,87.0,1.0
3556,2025-06-13,39.8,37.72,2.08
4153,2025-06-13,43.5,41.5,2.0
4538,2025-06-13,17.95,17.55,0.4
4760,2025-06-13,105.0,101.3,3.7
4994,2025-06-13,98.2,93.2,5.0
5274,2025-06-13,4545.0,4493.0,52.0
6026,2025-06-13,12.7,11.6,1.098624
6271,2025-06-13,108.5,105.5,3.0
6418,2025-06-13,18.95,17.85,1.1
6739,2025-06-13,274.0,269.0,5.0
6804,2025-06-13,24.8,23.8,1.0
6834,2025-06-13,32.25,31.75,0.5
6952,2025-06-13,49.7,47.7,2.0
8424,2025-06-13,76.2,71.8,4.4
8467,2025-06-13,180.5,178.44,2.057887
00936,2025-06-16,14.8,14.77,0.03
00942B,2025-06-16,13.58,13.52,0.064
00980B,2025-06-16,9.03,8.98,0.053
1582,2025-06-16,77.0,71.5,5.5
2107,2025-06-16,26.2,24.8,1.4
2421,2025-06-16,104.0,100.28,3.712272
2832,2025-06-16,33.85,31.85,2.0
2908,2025-06-16,20.9,20.0,0.9
3042,2025-06-16,98.0,92.8,5.2
3324,2025-06-16,705.0,695.0,9.998651
3563,2025-06-16,576.0,571.0,5.0
4133,2025-06-16,29.25,28.35,0.9
4550,2025-06-16,28.1,26.1,2.0
4557,2025-06-16,110.5,104.0,6.5
4935,2025-06-16,41.9,39.7,2.2
6123,2025-06-16,54.0,50.95,3.05
6242,2025-06-16,43.1,41.1,2.0
6538,2025-06-16,108.0,101.0,7.003308
6680,2025-06-16,81.0,77.95,3.048806
8016,2025-06-16,211.5,199.5,12.0
8432,2025-06-16,50.7,48.58,2.12
9910,2025-06-16,121.5,116.4,5.1
00687B,2025-06-17,26.29,25.98,0.31
00730,2025-06-17,21.66,21.55,0.11
00740B,2025-06-17,36.04,35.89,0.154
00741B,2025-06-17,35.37,35.19,0.184
00764B,2025-06-17,26.38,26.07,0.309
00772B,2025-06-17,31.38,31.24,0.137
00773B,2025-06-17,33.03,32.89,0.139
00777B,2025-06-17,30.59,30.44,0.15
00778B,2025-06-17,31.95,31.81,0.145
00779B,2025-06-17,26.62,26.34,0.28
00781B,2025-06-17,27.93,27.43,0.5
00792B,2025-06-17,29.73,29.3,0.427
00793B,2025-06-17,28.74,28.38,0.356
00840B,2025-06-17,27.99,27.87,0.12
00853B,2025-06-17,25.91,25.64,0.27
00859B,2025-06-17,39.15,38.8,0.35
00862B,2025-06-17,29.77,29.4,0.37
00863B,2025-06-17,30.27,29.82,0.45
00883B,2025-06-17,28.72,28.6,0.125
00890B,2025-06-17,30.34,30.2,0.14
00896,2025-06-17,15.74,15.34,0.4
00900,2025-06-17,13.18,13.08,0.1
00915,2025-06-17,22.84,22.63,0.21
00916,2025-06-17,22.81,22.56,0.25
00919,2025-06-17,22.49,21.77,0.72
00921,2025-06-17,16.89,16.77,0.12
00933B,2025-06-17,14.91,14.83,0.082
00934,2025-06-17,17.97,17.94,0.028
00937B,2025-06-17,13.94,13.86,0.077
00945B,2025-06-17,13.56,13.46,0.1
00948B,2025-06-17,8.85,8.8,0.046
00952,2025-06-17,9.41,9.39,0.02
00957B,2025-06-17,12.77,12.7,0.067
00963,2025-06-17,10.03,9.97,0.055
00964,2025-06-17,10.04,9.99,0.043
00972,2025-06-17,14.72,14.67,0.05
1423,2025-06-17,38.3,37.5,0.8
1593,2025-06-17,29.55,27.95,1.6
2106,2025-06-17,23.95,22.85,1.1
2115,2025-06-17,29.2,27.7,1.5
2302,2025-06-17,16.45,15.87,0.58
2308,2025-06-17,400.5,393.5,7.0
2385,2025-06-17,153.0,143.0,10.0
2545,2025-06-17,51.7,46.0,5.691358
2816,2025-06-17,26.4,24.9,1.5
2926,2025-06-17,46.0,45.8,0.2
3035,2025-06-17,179.5,176.5,3.0
3680,2025-06-17,359.5,354.4,5.099985
4938,2025-06-17,83.0,78.49,4.502825
4945,2025-06-17,80.0,77.2,2.8
4974,2025-06-17,91.8,86.35,5.45
5519,2025-06-17,34.25,31.25,3.0
5902,2025-06-17,46.75,45.1,1.65
6005,2025-06-17,22.1,20.6,1.5
6147,2025-06-17,61.0,57.25,3.750212
6154,2025-06-17,15.15,14.55,0.6
6561,2025-06-17,434.5,422.0,12.5
6640,2025-06-17,594.0,579.0,15.0
8011,2025-06-17,22.0,20.6,1.4
8416,2025-06-17,170.0,162.0,8.0
00710B,2025-06-18,18.07,17.75,0.32
00711B,2025-06-18,14.6,14.41,0.19
00712,2025-06-18,8.41,8.18,0.23
00929,2025-06-18,17.67,17.6,0.07
2459,2025-06-18,64.9,60.9,4.0
2480,2025-06-18,156.5,149.07,7.422
2606,2025-06-18,58.3,55.1,3.2
3168,2025-06-18,50.1,47.06,3.03891
5340,2025-06-18,43.0,42.8,0.2
6024,2025-06-18,50.3,47.47,2.83
6530,2025-06-18,52.6,51.05,1.55
6531,2025-06-18,310.5,303.5,6.993645
6762,2025-06-18,270.0,234.52,35.478262
8028,2025-06-18,148.0,145.8,2.2
8162,2025-06-18,38.8,37.8,1.0
00728,2025-06-19,31.03,30.25,0.771
00918,2025-06-19,22.59,21.89,0.7
00981B,2025-06-19,8.9,8.83,0.072
1504,2025-06-19,52.6,50.4,2.2
1711,2025-06-19,16.7,16.4,0.3
1735,2025-06-19,17.0,16.2,0.8
1904,2025-06-19,17.5,17.05,0.45
2031,2025-06-19,41.75,39.25,2.5
2353,2025-06-19,35.2,33.5,1.7
2423,2025-06-19,44.2,42.2,2.0
2450,2025-06-19,31.2,29.55,1.649999
2506,2025-06-19,10.4,10.0,0.4
2603,2025-06-19,246.5,214.0,32.5
3094,2025-06-19,25.9,25.73,0.17
3150,2025-06-19,23.15,22.15,1.0
3311,2025-06-19,38.0,35.28,2.72
3597,2025-06-19,25.6,24.75,0.85
4766,2025-06-19,338.0,319.0,19.0
4915,2025-06-19,79.0,74.79,4.201375
5443,2025-06-19,85.7,83.7,2.0
6204,2025-06-19,63.7,63.4,0.3
6266,2025-06-19,34.35,30.74,3.613804
6438,2025-06-19,169.0,166.16,2.831858
6494,2025-06-19,39.6,37.24,2.36
6498,2025-06-19,127.0,124.36,2.640587
6548,2025-06-19,32.25,31.79,0.458167
6625,2025-06-19,91.7,87.7,4.0
8070,2025-06-19,42.35,40.35,2.0
8996,2025-06-19,267.5,263.47,4.021688
00697B,2025-06-20,33.41,33.11,0.3
00713,2025-06-20,51.65,50.55,1.1
00751B,2025-06-20,30.15,29.74,0.41
00787B,2025-06-20,30.29,29.87,0.42
00967B,2025-06-20,8.62,8.58,0.037
00968B,2025-06-20,8.7,8.65,0.051
1319,2025-06-20,109.0,103.7,5.3
2069,2025-06-20,15.75,14.85,0.9
2360,2025-06-20,362.0,353.0,9.0
2388,2025-06-20,62.8,62.6,0.2
2455,2025-06-20,121.0,117.78,3.21761
2643,2025-06-20,75.4,70.9,4.5
3413,2025-06-20,302.5,288.07,14.424921
5601,2025-06-20,38.05,37.7,0.35
6167,2025-06-20,13.9,13.7,0.2
6176,2025-06-20,150.0,139.39,10.609188
6472,2025-06-20,796.0,782.0,14.0
6792,2025-06-20,55.5,53.0,2.5
6903,2025-06-20,117.0,109.0,8.0
7703,2025-06-20,140.0,134.5,5.5
8111,2025-06-20,52.4,51.5,0.9
8163,2025-06-20,37.2,35.2,2.0
1259,2025-06-23,55.2,54.0,1.2
1707,2025-06-23,128.0,123.8,4.2
1788,2025-06-23,143.5,136.5,7.0
2347,2025-06-23,71.1,67.1,4.0
2723,2025-06-23,85.1,82.1,3.0
2753,2025-06-23,177.5,171.49,6.004501
3010,2025-06-23,98.6,93.3,5.3
3026,2025-06-23,83.7,78.2,5.5
3388,2025-06-23,64.4,60.9,3.5
3450,2025-06-23,214.5,214.0,0.5
5213,2025-06-23,30.8,29.53,1.27
6449,2025-06-23,106.0,102.51,3.481832
6679,2025-06-23,205.5,196.33,9.167376
6768,2025-06-23,106.0,99.82,6.175462
7715,2025-06-23,43.05,40.06,2.985759
8049,2025-06-23,29.0,27.0,2.0
9931,2025-06-23,36.0,34.2,1.8
9934,2025-06-23,9.95,9.6,0.35
00836B,2025-06-24,27.15,26.85,0.3
00856B,2025-06-24,35.76,35.33,0.43
00857B,2025-06-24,22.05,21.77,0.28
00907,2025-06-24,14.6,14.58,0.011
00958B,2025-06-24,8.58,8.54,0.04
2114,2025-06-24,92.3,87.3,5.0
2303,2025-06-24,47.0,44.14,2.850164
2362,2025-06-24,46.0,43.47,2.529815
2368,2025-06-24,269.5,263.5,6.0
2387,2025-06-24,50.4,46.4,4.0
2504,2025-06-24,43.85,41.05,2.8
2615,2025-06-24,97.3,93.8,3.5
2903,2025-06-24,22.25,20.9,1.35
3019,2025-06-24,135.0,131.0,4.0
3138,2025-06-24,83.6,81.04,2.558482
3163,2025-06-24,178.0,175.0,3.0
3169,2025-06-24,82.6,79.6,3.0
3264,2025-06-24,76.1,72.1,4.0
3374,2025-06-24,139.0,136.5,2.5
3447,2025-06-24,45.3,44.5,0.8
3705,2025-06-24,62.0,59.0,3.0
3709,2025-06-24,35.95,34.95,1.0
4535,2025-06-24,30.65,29.05,1.6
4545,2025-06-24,32.5,30.85,1.65
4571,2025-06-24,168.5,163.32,5.179604
6184,2025-06-24,53.8,50.6,3.19358
6214,2025-06-24,109.0,103.8,5.2
6558,2025-06-24,45.0,44.7,0.3
6577,2025-06-24,88.6,82.6,6.0
6669,2025-06-24,2550.0,2476.0,74.0
6693,2025-06-24,58.6,56.6,2.000525
9917,2025-06-24,118.5,113.3,5.2
1104,2025-06-25,29.65,27.95,1.7
2397,2025-06-25,66.0,62.6,3.4
3349,2025-06-25,15.2,15.11,0.091162
3455,2025-06-25,93.5,89.0,4.5
3714,2025-06-25,36.4,35.5,0.9
4175,2025-06-25,63.5,61.9,1.6
4739,2025-06-25,45.15,44.2,0.95
4952,2025-06-25,42.0,39.75,2.25
6125,2025-06-25,67.9,67.2,0.7
6205,2025-06-25,46.9,45.27,1.629726
6425,2025-06-25,45.6,44.6,1.002
6505,2025-06-25,36.75,35.95,0.8
6546,2025-06-25,89.2,85.7,3.5
8112,2025-06-25,51.2,47.84,3.350618
8112A,2025-06-25,44.15,42.12,2.025
8227,2025-06-25,150.0,148.4,1.6
8341,2025-06-25,76.3,72.5,3.8
9944,2025-06-25,16.85,16.55,0.3
1213,2025-06-26,13.0,12.65,0.35
1218,2025-06-26,21.65,20.3,1.35
1313,2025-06-26,7.78,7.63,0.149968
1525,2025-06-26,64.0,60.9,3.1
2329,2025-06-26,41.95,40.95,1.0
2357,2025-06-26,700.0,666.0,34.0
2436,2025-06-26,50.4,48.9,1.5
2478,2025-06-26,43.15,41.33,1.81808
2486,2025-06-26,80.3,79.79,0.504311
2941,2025-06-26,56.8,53.6,3.2
2949,2025-06-26,84.5,83.5,1.0
3005,2025-06-26,120.5,114.51,5.985975
3515,2025-06-26,244.0,238.69,5.300763
3529,2025-06-26,2430.0,2408.0,21.99712
3557,2025-06-26,50.9,46.09,4.804762
4164,2025-06-26,47.3,45.94,1.356758
4747,2025-06-26,63.4,61.65,1.75
5016,2025-06-26,26.7,25.5,1.2
5209,2025-06-26,125.5,114.17,11.33032
5312,2025-06-26,150.5,143.0,7.5
5522,2025-06-26,64.8,62.7,2.1
5533,2025-06-26,17.75,16.75,1.0
6134,2025-06-26,19.8,19.6,0.2
6195,2025-06-26,29.6,28.1,1.5
6288,2025-06-26,19.95,19.65,0.3
6579,2025-06-26,127.0,121.85,5.15
6592,2025-06-26,71.5,68.5,3.0
6592A,2025-06-26,96.8,92.6,4.2
6592B,2025-06-26,97.9,93.4,4.5
6771,2025-06-26,59.9,56.4,3.5
6890,2025-06-26,300.0,291.0,9.0
6924,2025-06-26,73.8,68.3,5.5
7709,2025-06-26,42.7,40.4,2.3
7728,2025-06-26,278.5,271.47,7.031704
8155,2025-06-26,124.0,120.2,3.8
8210,2025-06-26,505.0,497.5,7.494377
8279,2025-06-26,133.5,128.5,5.0
8415,2025-06-26,34.1,32.6,1.5
1521,2025-06-27,26.15,25.15,1.0
2032,2025-06-27,14.15,13.77,0.375
2328,2025-06-27,41.3,40.2,1.1
2641,2025-06-27,19.95,19.46,0.490644
2850,2025-06-27,103.0,95.85,7.15
2851,2025-06-27,25.3,23.4,1.9
2916,2025-06-27,49.5,45.9,3.6
3040,2025-06-27,63.5,62.5,1.0
3213,2025-06-27,104.5,98.5,6.0
3580,2025-06-27,71.0,68.0,3.0
3669,2025-06-27,33.9,32.2,1.7
4555,2025-06-27,36.0,35.5,0.5
4755,2025-06-27,115.5,112.0,3.5
5009,2025-06-27,38.8,36.2,2.6
6414,2025-06-27,304.5,292.3,12.2
6477,2025-06-27,29.55,29.25,0.3
6613,2025-06-27,169.0,160.0,9.0
6615,2025-06-27,34.15,33.85,0.3
6667,2025-06-27,221.5,212.95,8.55
6672,2025-06-27,74.7,71.35,3.35
6789,2025-06-27,230.0,227.0,2.997015
7631,2025-06-27,119.5,118.3,1.2
8088,2025-06-27,34.8,34.3,0.5
8114,2025-06-27,296.0,288.23,7.763896
8150,2025-06-27,27.9,26.67,1.229962
8240,2025-06-27,31.55,29.95,1.6
8349,2025-06-27,53.1,51.1,1.997399
8349A,2025-06-27,49.0,47.1,1.9
1234,2025-06-30,42.1,40.2,1.9
1731,2025-06-30,23.2,22.0,1.2
1817,2025-06-30,42.7,40.3,2.4
2382,2025-06-30,285.5,272.5,13.0
2820,2025-06-30,15.6,14.82,0.78
2882,2025-06-30,67.9,64.4,3.5
2882A,2025-06-30,62.4,59.87,2.526
2882B,2025-06-30,61.2,59.07,2.13
2883,2025-06-30,16.1,15.24,0.850016
2883B,2025-06-30,7.75,7.39,0.355
3036,2025-06-30,133.5,127.5,5.998
3036A,2025-06-30,51.4,49.4,2.0
3265,2025-06-30,100.5,95.9,4.6
3416,2025-06-30,138.5,133.0,5.5
3583,2025-06-30,354.0,349.5,4.5
3684,2025-06-30,42.95,40.65,2.3
4116,2025-06-30,41.75,40.1,1.65
5306,2025-06-30,94.4,93.53,0.868843
6585,2025-06-30,120.0,112.07,7.92426
6655,2025-06-30,127.0,124.0,3.0
6761,2025-06-30,97.0,91.37,5.627028
7718,2025-06-30,50.1,46.6,3.5
7736,2025-06-30,103.5,99.98,3.519682
8034,2025-06-30,19.0,18.2,0.8
8081,2025-06-30,237.0,221.0,16.0
8342,2025-06-30,81.5,76.5,5.0
8462,2025-06-30,129.5,125.29,4.204721
8476,2025-06-30,22.45,21.42,1.020473
00939,2025-07-01,13.74,13.67,0.068
1326,2025-07-01,22.9,22.4,0.5
1725,2025-07-01,30.25,29.0,1.25
2030,2025-07-01,15.0,14.28,0.711566
2103,2025-07-01,17.95,17.32,0.63
2230,2025-07-01,124.0,102.5,21.499999
2312,2025-07-01,20.25,19.65,0.599917
2881,2025-07-01,87.3,83.05,4.25
2881A,2025-07-01,64.5,61.75,2.74875
2881B,2025-07-01,62.6,60.44,2.16
2881C,2025-07-01,53.0,51.2,1.8
2885,2025-07-01,34.15,32.6,1.55
4119,2025-07-01,64.7,63.2,1.5
4961,2025-07-01,218.5,205.63,12.87
5230,2025-07-01,20.8,20.29,0.512487
5285,2025-07-01,48.05,46.05,2.0
5315,2025-07-01,22.65,21.15,1.5
5434,2025-07-01,274.5,262.51,11.985567
5474,2025-07-01,165.5,161.5,4.0
5876,2025-07-01,46.4,44.6,1.8
6292,2025-07-01,52.8,48.8,4.0
6469,2025-07-01,150.5,147.2,3.297414
6643,2025-07-01,525.0,523.0,2.000407
6754,2025-07-01,63.0,59.0,4.0
6856,2025-07-01,56.1,52.7,3.4
6913,2025-07-01,135.0,126.62,8.375688
8048,2025-07-01,40.6,38.4,2.2
8299,2025-07-01,503.0,491.04,11.958999
8926,2025-07-01,44.65,42.55,2.1
8941,2025-07-01,57.5,56.0,1.5
00950B,2025-07-02,13.29,13.22,0.072
00966B,2025-07-02,13.16,13.1,0.065
1101,2025-07-02,26.15,25.15,1.0
1101B,2025-07-02,48.4,46.37,2.02625
1530,2025-07-02,30.45,28.91,1.531714
1810,2025-07-02,14.95,14.76,0.19
2207,2025-07-02,584.0,564.0,20.0
2317,2025-07-02,165.5,159.7,5.799983
2354,2025-07-02,65.0,63.6,1.4
2611,2025-07-02,20.1,18.46,1.64
3093,2025-07-02,27.65,26.57,1.08
3338,2025-07-02,52.7,50.68,2.014557
3711,2025-07-02,145.5,140.2,5.29612
4706,2025-07-02,28.15,27.45,0.7
4977,2025-07-02,90.8,88.54,2.252528
5356,2025-07-02,29.3,27.0,2.3
6121,2025-07-02,374.5,363.1,11.4
6174,2025-07-02,19.65,19.25,0.4
6285,2025-07-02,119.0,114.19,4.800518
6542,2025-07-02,55.8,53.97,1.83
6807,2025-07-02,72.9,68.4,4.5
6862,2025-07-02,141.5,135.5,6.0
6870,2025-07-02,233.0,228.7,4.3
6988,2025-07-02,18.0,17.55,0.45
8440,2025-07-02,35.9,31.22,4.682609
8482,2025-07-02,63.0,58.64,4.36
8917,2025-07-02,61.9,59.7,2.2
8921,2025-07-02,17.95,17.73,0.22
9935,2025-07-02,23.75,21.95,1.8
9939,2025-07-02,157.5,151.3,6.199987
00946,2025-07-03,9.11,9.08,0.025
00953B,2025-07-03,9.09,9.02,0.065
00959B,2025-07-03,8.82,8.77,0.048
1452,2025-07-03,11.7,11.2,0.5
1475,2025-07-03,44.45,40.85,3.6
1730,2025-07-03,56.8,53.8,3.0
1752,2025-07-03,36.65,35.05,1.6
1789,2025-07-03,17.3,16.95,0.35
1806,2025-07-03,11.9,10.9,1.0
1906,2025-07-03,12.25,12.15,0.1
2405,2025-07-03,15.8,15.63,0.17
2412,2025-07-03,134.5,129.5,5.0
2415,2025-07-03,24.05,22.85,1.2
2432,2025-07-03,29.3,27.6,1.7
2433,2025-07-03,51.0,48.0,3.0
2454,2025-07-03,1295.0,1269.99,25.000217
2464,2025-07-03,58.1,57.75,0.35
2474,2025-07-03,216.5,208.17,8.326788
2534,2025-07-03,25.05,24.05,1.0
2727,2025-07-03,243.5,228.9,14.592578
3046,2025-07-03,49.35,46.65,2.7
3090,2025-07-03,79.4,75.2,4.2
3189,2025-07-03,84.0,82.99,1.000171
3217,2025-07-03,161.0,152.19,8.813009
3311,2025-07-03,31.45,31.15,0.3
3479,2025-07-03,99.7,94.5,5.2
3490,2025-07-03,21.15,20.15,1.0
3570,2025-07-03,214.0,205.0,9.0
3591,2025-07-03,18.2,17.46,0.738867
3592,2025-07-03,367.0,344.8,22.2
3708,2025-07-03,72.7,70.35,2.345495
4126,2025-07-03,95.6,90.6,5.0
4137,2025-07-03,121.5,111.5,10.0
4413,2025-07-03,19.55,19.35,0.2
4417,2025-07-03,47.4,44.6,2.8
4906,2025-07-03,26.1,24.59,1.500515
5213,2025-07-03,29.25,29.14,0.114475
5236,2025-07-03,137.0,125.91,11.094672
5353,2025-07-03,26.8,25.5,1.3
5490,2025-07-03,26.85,26.5,0.35
5515,2025-07-03,27.3,25.15,2.15
6185,2025-07-03,15.25,14.95,0.3
6213,2025-07-03,87.8,86.0,1.8
6219,2025-07-03,22.25,21.55,0.7
6270,2025-07-03,22.3,21.3,1.0
6470,2025-07-03,50.1,47.6,2.5
6523,2025-07-03,134.0,132.0,2.0
6526,2025-07-03,548.0,535.5,12.5
6569,2025-07-03,118.5,114.54,3.96063
6690,2025-07-03,179.0,173.0,6.0
6751,2025-07-03,43.45,42.45,1.0
6776,2025-07-03,61.1,58.1,3.0
6803,2025-07-03,300.5,285.26,15.243981
6811,2025-07-03,246.0,236.5,9.5
6844,2025-07-03,100.5,95.4,5.1
6957,2025-07-03,179.5,166.33,13.162177
7556,2025-07-03,174.0,162.67,11.333333
8021,2025-07-03,46.75,45.54,1.206858
8045,2025-07-03,66.9,64.93,1.96783
8046,2025-07-03,114.0,113.0,1.0
8064,2025-07-03,39.3,38.7,0.6
8284,2025-07-03,70.0,66.0,4.0
910861,2025-07-03,5.78,5.66,0.11355
9904,2025-07-03,35.05,33.35,1.7
00970B,2025-07-04,8.77,8.72,0.05
2231,2025-07-04,70.6,68.52,2.073573
2947,2025-07-04,98.1,89.18,8.918182
3704,2025-07-04,27.8,27.5,0.299237
4102,2025-07-04,23.3,22.15,1.15
4155,2025-07-04,16.85,16.55,0.3
4772,2025-07-04,224.5,222.5,2.0
5015,2025-07-04,36.65,34.35,2.3
5347,2025-07-04,103.5,99.0,4.498203
5536,2025-07-04,414.5,404.5,10.0
5864,2025-07-04,13.35,11.99,1.359259
6113,2025-07-04,25.9,25.4,0.5
6115,2025-07-04,53.0,49.8,3.2
6136,2025-07-04,24.35,23.2,1.15
8072,2025-07-04,47.7,46.7,1.0
2373,2025-07-07,61.0,57.3,3.7
2417,2025-07-07,36.6,36.39,0.200196
2904,2025-07-07,18.6,17.6,1.0
3310,2025-07-07,81.0,78.11,2.887156
3512,2025-07-07,25.15,23.95,1.2
3551,2025-07-07,163.5,160.1,3.4
4120,2025-07-07,56.4,55.4,1.0
5706,2025-07-07,63.1,57.47,5.623809
6233,2025-07-07,20.8,20.44,0.35947
6237,2025-07-07,38.9,38.65,0.25
6515,2025-07-07,1305.0,1280.0,24.999679
6641,2025-07-07,22.9,21.9,1.0
6670,2025-07-07,309.5,289.85,19.649161
6683,2025-07-07,338.5,328.5,10.004018
7402,2025-07-07,82.8,81.0,1.8
8443,2025-07-07,12.05,11.85,0.2
8481,2025-07-07,45.05,42.5,2.55
9943,2025-07-07,79.0,74.2,4.8
1325,2025-07-08,29.85,29.55,0.3
1583,2025-07-08,55.2,52.17,3.027422
2228,2025-07-08,95.3,86.3,9.0
2365,2025-07-08,34.55,33.95,0.6
2371,2025-07-08,39.85,36.74,3.105263
2425,2025-07-08,34.3,34.15,0.15
2451,2025-07-08,111.0,104.91,6.087933
2461,2025-07-08,16.75,15.93,0.813673
2482,2025-07-08,19.05,18.44,0.61
2855,2025-07-08,22.6,19.54,3.054546
2887E,2025-07-08,50.4,47.96,2.43625
2887F,2025-07-08,45.8,43.9,1.9
2887Z1,2025-07-08,15.7,15.04,0.65305
2888A,2025-07-08,37.25,35.54,1.71
2888B,2025-07-08,37.4,35.6,1.8
3014,2025-07-08,137.0,128.0,9.0
3354,2025-07-08,16.55,16.35,0.2
3532,2025-07-08,77.3,75.5,1.8
4541,2025-07-08,43.65,42.9,0.75
5511,2025-07-08,61.7,57.9,3.8
5538,2025-07-08,30.3,28.8,1.5
6196,2025-07-08,185.5,179.59,5.904742
6215,2025-07-08,94.2,92.7,1.5
6257,2025-07-08,79.8,75.75,4.042867
6578,2025-07-08,19.7,19.3,0.4
6629,2025-07-08,87.0,82.8,4.2
6840,2025-07-08,45.6,45.3,0.3
8261,2025-07-08,78.8,75.6,3.19059
8923,2025-07-08,22.0,21.15,0.85
1338,2025-07-09,23.75,22.97,0.775109
1472,2025-07-09,96.5,93.5,3.0
1612,2025-07-09,36.25,34.15,2.1
1616,2025-07-09,34.6,32.79,1.8036
2073,2025-07-09,28.85,28.15,0.7
2492,2025-07-09,80.3,77.89,2.40495
2609,2025-07-09,72.1,64.6,7.5
2614,2025-07-09,17.4,15.73,1.666055
2618,2025-07-09,40.15,37.75,2.4
2634,2025-07-09,43.0,41.62,1.38
2645,2025-07-09,104.5,100.0,4.5
2739,2025-07-09,40.0,39.0,1.0
2836A,2025-07-09,22.75,21.97,0.775
2945,2025-07-09,39.95,38.45,1.5
3006,2025-07-09,50.3,49.3,1.0
3016,2025-07-09,31.5,31.0,0.5
3034,2025-07-09,534.0,506.0,28.0
3045,2025-07-09,113.0,108.5,4.5
3227,2025-07-09,217.0,207.0,10.001795
3303,2025-07-09,48.55,45.78,2.766288
3430,2025-07-09,50.6,48.1,2.5
4510,2025-07-09,45.1,44.31,0.793623
4533,2025-07-09,25.1,23.9,1.2
4720,2025-07-09,16.05,15.05,1.0
4744,2025-07-09,22.0,21.6,0.4
4904,2025-07-09,87.7,84.14,3.56
5220,2025-07-09,19.35,18.85,0.5
5452,2025-07-09,24.35,24.1,0.251692
5469,2025-07-09,59.6,57.07,2.524719
6190,2025-07-09,38.3,36.4,1.898148
6508,2025-07-09,27.2,26.2,1.0
6510,2025-07-09,836.0,828.2,7.8
6667,2025-07-09,220.0,215.79,4.214788
6829,2025-07-09,114.0,109.0,5.0
6830,2025-07-09,117.0,116.0,1.0
6937,2025-07-09,208.0,205.89,2.102523
8103,2025-07-09,45.6,42.73,2.86203
8271,2025-07-09,51.8,49.58,2.210302
8367,2025-07-09,47.55,44.75,2.8
8426,2025-07-09,31.25,28.75,2.5
9902,2025-07-09,17.9,17.6,0.3
9945,2025-07-09,31.35,30.25,1.1
00940,2025-07-10,9.06,9.02,0.04
1110,2025-07-10,18.7,18.4,0.3
1236,2025-07-10,21.9,21.3,0.6
1307,2025-07-10,36.45,33.75,2.7
1336,2025-07-10,19.7,18.76,0.945
1476,2025-07-10,417.5,400.5,17.0
1595,2025-07-10,30.7,30.2,0.501004
1723,2025-07-10,91.2,86.7,4.5
2316,2025-07-10,55.0,54.5,0.5
2356,2025-07-10,44.0,42.3,1.7
2359,2025-07-10,132.5,131.5,1.0
2449,2025-07-10,106.0,102.0,4.0
2453,2025-07-10,58.5,55.9,2.6
2481,2025-07-10,47.0,45.6,1.4
2501,2025-07-10,19.35,18.35,1.0
2616,2025-07-10,14.9,14.6,0.3
2897,2025-07-10,9.35,8.85,0.5
2897B,2025-07-10,12.0,11.85,0.14459
3028,2025-07-10,33.9,31.8,2.1
3037,2025-07-10,122.5,120.99,1.500045
3044,2025-07-10,252.5,242.2,10.3
3130,2025-07-10,234.0,219.85,14.141208
3171,2025-07-10,42.8,39.8,3.0
3567,2025-07-10,27.85,26.05,1.8
3577,2025-07-10,92.8,91.3,1.5
3588,2025-07-10,44.8,42.74,2.050865
3628,2025-07-10,43.55,41.55,2.0
3652,2025-07-10,27.65,27.05,0.6
4558,2025-07-10,25.75,25.25,0.5
4588,2025-07-10,71.3,68.3,3.0
4771,2025-07-10,179.0,173.47,5.522426
4953,2025-07-10,101.5,97.51,3.990057
4999,2025-07-10,24.5,23.5,1.0
5292,2025-07-10,156.0,137.72,18.272728
5432,2025-07-10,109.0,108.0,1.0
5465,2025-07-10,38.5,36.7,1.8
6164,2025-07-10,10.9,10.4,0.5
6166,2025-07-10,62.2,61.26,0.932779
6170,2025-07-10,51.4,48.29,3.11
6173,2025-07-10,37.15,35.74,1.406542
6175,2025-07-10,33.55,31.8,1.75
6197,2025-07-10,159.0,152.0,7.0
6223,2025-07-10,1065.0,1048.99,16.013595
6278,2025-07-10,115.0,109.5,5.5
6409,2025-07-10,1290.0,1246.99,43.00451
6605,2025-07-10,193.0,184.0,9.0
6692,2025-07-10,37.35,36.85,0.498618
6781,2025-07-10,1040.0,1027.5,12.5
6865,2025-07-10,63.9,59.72,4.180374
6899,2025-07-10,51.0,48.57,2.428641
8083,2025-07-10,162.0,152.0,10.0
8147,2025-07-10,108.5,106.51,1.991481
8222,2025-07-10,48.05,47.35,0.7
8905,2025-07-10,30.8,29.8,1.0
8942,2025-07-10,46.0,44.5,1.5
9905,2025-07-10,23.15,21.95,1.2
1734,2025-07-11,32.55,31.55,1.0
1907,2025-07-11,23.5,22.7,0.8
2008,2025-07-11,24.35,23.85,0.5
2027,2025-07-11,33.4,32.22,1.175457
2605,2025-07-11,22.25,20.95,1.3
2731,2025-07-11,160.0,152.5,7.5
2838A,2025-07-11,55.6,52.96,2.630625
3055,2025-07-11,65.6,64.6,1.0
3114,2025-07-11,24.1,22.9,1.2
3221,2025-07-11,18.7,17.8,0.900385
3467,2025-07-11,60.5,59.68,0.816095
3581,2025-07-11,36.35,35.85,0.5
4114,2025-07-11,36.8,32.91,3.885553
5244,2025-07-11,47.7,46.2,1.499904
5371,2025-07-11,55.4,53.9,1.5
6944,2025-07-11,486.0,472.0,14.0
7584,2025-07-11,69.1,65.1,4.0
8499,2025-07-11,227.0,218.93,8.062187
1531,2025-07-14,12.6,12.2,0.4
1609,2025-07-14,38.0,36.69,1.300493
2013,2025-07-14,44.0,42.0,2.0
2355,2025-07-14,32.5,30.65,1.85
2891,2025-07-14,43.85,41.54,2.30041
2891B,2025-07-14,64.3,62.03,2.260442
2891C,2025-07-14,60.5,58.58,1.92
3013,2025-07-14,123.5,122.9,0.6
3081,2025-07-14,345.0,344.5,0.500022
3260,2025-07-14,94.7,89.58,5.122488
3305,2025-07-14,58.5,56.24,2.250918
3564,2025-07-14,64.7,63.81,0.89
3607,2025-07-14,14.85,14.15,0.7
3645,2025-07-14,57.9,56.7,1.194923
3673,2025-07-14,30.9,30.1,0.8
4167,2025-07-14,19.0,18.59,0.408961
4556,2025-07-14,25.7,25.4,0.3
5215,2025-07-14,38.65,36.15,2.5
6624,2025-07-14,35.15,34.6,0.55
6735,2025-07-14,49.8,45.71,4.085715
6763,2025-07-14,62.3,61.6,0.7
6790,2025-07-14,43.6,41.05,2.55
6843,2025-07-14,60.3,58.3,2.0
8183,2025-07-14,26.7,25.4,1.3
8442,2025-07-14,83.6,77.19,6.407391
00734B,2025-07-15,14.3,14.14,0.16
00842B,2025-07-15,29.32,28.77,0.55
00936,2025-07-15,14.82,14.79,0.03
00942B,2025-07-15,13.22,13.16,0.06
00947,2025-07-15,13.63,13.55,0.08
00962,2025-07-15,9.44,9.41,0.025
00980B,2025-07-15,8.82,8.77,0.053
1264,2025-07-15,324.5,310.0,14.5
1294,2025-07-15,73.5,70.37,3.13
1301,2025-07-15,35.7,35.2,0.5
1402,2025-07-15,32.35,30.75,1.6
1470,2025-07-15,21.5,20.49,1.01
1540,2025-07-15,29.9,28.3,1.6
1608,2025-07-15,26.85,25.85,1.0
1614,2025-07-15,39.1,38.51,0.582463
2029,2025-07-15,24.15,22.9,1.25
2034,2025-07-15,21.3,20.3,1.0
2235,2025-07-15,45.3,42.3,3.0
2348,2025-07-15,103.5,94.5,9.0
2348A,2025-07-15,36.8,35.2,1.6
2547,2025-07-15,12.3,11.72,0.579657
2633,2025-07-15,28.5,27.45,1.05
2849,2025-07-15,13.8,13.42,0.38
2852,2025-07-15,28.3,26.2,2.1
2906,2025-07-15,15.45,14.85,0.6
4711,2025-07-15,15.05,14.55,0.5
4754,2025-07-15,41.45,39.45,2.0
4763,2025-07-15,82.9,80.4,2.5
5904,2025-07-15,509.0,481.19,27.81188
6486,2025-07-15,79.2,73.33,5.87
6556,2025-07-15,73.1,68.9,4.2
6906,2025-07-15,131.0,127.67,3.329042
6928,2025-07-15,48.1,47.6,0.5
8110,2025-07-15,12.9,12.7,0.2
8374,2025-07-15,91.2,90.75,0.45
8383,2025-07-15,42.2,39.7,2.5
006208,2025-07-16,117.0,116.01,0.989
00692,2025-07-16,45.91,45.28,0.628
00694B,2025-07-16,38.54,38.28,0.257
00695B,2025-07-16,32.55,32.29,0.263
00696B,2025-07-16,26.91,26.63,0.278
00702,2025-07-16,22.35,21.73,0.62
00714,2025-07-16,19.2,19.07,0.123
00717,2025-07-16,14.11,13.96,0.141
00722B,2025-07-16,33.96,33.5,0.463
00723B,2025-07-16,29.42,29.04,0.38
00724B,2025-07-16,31.38,30.94,0.438
00725B,2025-07-16,32.95,32.38,0.566
00727B,2025-07-16,37.39,36.82,0.57
00730,2025-07-16,22.67,22.56,0.11
00735,2025-07-16,35.01,34.76,0.25
00736,2025-07-16,23.7,23.5,0.2
00740B,2025-07-16,35.81,35.66,0.154
00741B,2025-07-16,35.29,35.11,0.184
00746B,2025-07-16,32.92,32.54,0.384
00749B,2025-07-16,28.66,28.26,0.405
00750B,2025-07-16,31.32,30.92,0.4
00772B,2025-07-16,31.15,31.02,0.13
00773B,2025-07-16,32.96,32.83,0.134
00777B,2025-07-16,30.38,30.24,0.14
00778B,2025-07-16,31.92,31.78,0.145
00782B,2025-07-16,28.75,28.25,0.5
00785B,2025-07-16,32.33,31.92,0.412
00840B,2025-07-16,27.83,27.72,0.11
00848B,2025-07-16,31.84,31.44,0.4
00849B,2025-07-16,34.7,34.37,0.33
00882,2025-07-16,13.52,12.97,0.55
00883B,2025-07-16,28.46,28.34,0.125
00884B,2025-07-16,27.23,26.76,0.475
00890B,2025-07-16,30.13,30.0,0.135
00892,2025-07-16,17.67,17.48,0.188
00900,2025-07-16,13.17,13.07,0.1
00905,2025-07-16,13.95,13.85,0.1
00908,2025-07-16,12.7,12.48,0.211
00911,2025-07-16,25.84,25.14,0.7
00912,2025-07-16,18.61,18.45,0.16
00927,2025-07-16,17.55,17.33,0.22
00928,2025-07-16,15.15,14.99,0.16
00933B,2025-07-16,14.88,14.8,0.082
00934,2025-07-16,18.43,18.35,0.077
00937B,2025-07-16,13.81,13.74,0.072
00943,2025-07-16,13.81,13.75,0.052
00944,2025-07-16,14.07,14.01,0.054
00945B,2025-07-16,13.52,13.44,0.079
00948B,2025-07-16,8.79,8.75,0.044
00952,2025-07-16,9.63,9.61,0.02
00956,2025-07-16,9.18,9.11,0.065
00957B,2025-07-16,12.63,12.56,0.069
00960,2025-07-16,13.72,13.52,0.2
00961,2025-07-16,9.33,9.21,0.115
00963,2025-07-16,10.13,10.07,0.059
00964,2025-07-16,10.51,10.46,0.05
009804,2025-07-16,12.03,11.65,0.38
00982B,2025-07-16,9.14,9.09,0.052
1220,2025-07-16,14.05,13.35,0.7
1233,2025-07-16,31.2,30.25,0.95
1256,2025-07-16,120.5,115.8,4.7
1440,2025-07-16,13.15,12.85,0.3
1726,2025-07-16,78.5,74.9,3.6
2221,2025-07-16,28.25,26.95,1.3
2536,2025-07-16,29.1,28.6,0.5
2610,2025-07-16,21.85,21.05,0.79587
3024,2025-07-16,13.35,12.95,0.4
3060,2025-07-16,20.45,20.1,0.35
3406,2025-07-16,414.0,396.0,18.0
3492,2025-07-16,23.5,22.5,1.0
3617,2025-07-16,279.0,264.0,15.0
3624,2025-07-16,32.2,30.97,1.23
4536,2025-07-16,188.0,177.0,11.0
4721,2025-07-16,70.5,68.14,2.36
5471,2025-07-16,31.65,30.65,1.0
5508,2025-07-16,126.5,112.0,14.5
6405,2025-07-16,24.95,24.85,0.1
6485,2025-07-16,52.1,51.6,0.499989
6488,2025-07-16,310.0,304.0,6.0
6904,2025-07-16,126.0,117.0,9.0
6933,2025-07-16,171.5,169.5,1.999209
6936,2025-07-16,38.85,37.16,1.686762
8182,2025-07-16,28.4,26.4,2.0
8255,2025-07-16,119.5,115.31,4.185724
9930,2025-07-16,74.1,70.1,4.0
00789B,2025-07-17,45.17,44.59,0.58
00791B,2025-07-17,52.4,51.85,0.55
00929,2025-07-17,17.62,17.55,0.07
00931B,2025-07-17,12.47,12.37,0.105
1102,2025-07-17,40.0,37.8,2.2
1109,2025-07-17,16.65,15.75,0.9
1227,2025-07-17,32.7,31.3,1.4
1522,2025-07-17,45.1,42.1,3.0
1522A,2025-07-17,50.0,48.0,2.0
2049,2025-07-17,206.0,203.6,2.4
2204,2025-07-17,57.6,53.4,4.2
2211,2025-07-17,82.0,77.0,5.0
2248,2025-07-17,47.5,44.76,2.73247
2395,2025-07-17,337.5,329.1,8.392371
2404,2025-07-17,725.0,697.0,28.0
2704,2025-07-17,42.65,42.15,0.5
2722,2025-07-17,30.25,30.1,0.15
2915,2025-07-17,53.2,50.7,2.5
3022,2025-07-17,80.1,75.6,4.5
3031,2025-07-17,18.3,17.3,1.0
3071,2025-07-17,18.5,17.69,0.81
3293,2025-07-17,817.0,788.0,29.0
3323,2025-07-17,33.5,33.0,0.499984
3380,2025-07-17,27.85,26.85,1.0
3426,2025-07-17,43.5,41.0,2.5
3438,2025-07-17,47.75,46.25,1.5
3489,2025-07-17,21.0,20.5,0.5
3653,2025-07-17,1485.0,1470.5,14.5
3665,2025-07-17,882.0,862.96,19.034686
3687,2025-07-17,78.8,77.24,1.562995
4190,2025-07-17,35.8,35.3,0.5
4543,2025-07-17,27.7,26.7,1.0
4576,2025-07-17,111.5,111.3,0.2
4749,2025-07-17,614.0,608.01,5.988968
4931,2025-07-17,98.4,96.4,2.001936
5514,2025-07-17,18.5,17.79,0.711539
6112,2025-07-17,56.0,55.4,0.6
6120,2025-07-17,10.55,10.3,0.25
6155,2025-07-17,22.95,21.95,1.0
6180,2025-07-17,73.2,67.2,6.0
6194,2025-07-17,36.35,34.25,2.1
6212,2025-07-17,47.65,44.15,3.5
6229,2025-07-17,24.6,23.6,1.0
6284,2025-07-17,70.2,67.5,2.7
6442,2025-07-17,452.0,443.37,8.622691
6719,2025-07-17,206.5,204.8,1.696934
6727,2025-07-17,72.0,69.0,3.0
6914,2025-07-17,144.5,138.5,6.0
7705,2025-07-17,54.4,50.6,3.8
8039,2025-07-17,49.25,46.75,2.495238
8215,2025-07-17,22.9,22.28,0.62
9919,2025-07-17,17.35,17.15,0.2
00904,2025-07-18,18.56,18.08,0.48
00981B,2025-07-18,8.94,8.87,0.072
1809,2025-07-18,16.0,15.75,0.25
2392,2025-07-18,58.0,55.5,2.5
3465,2025-07-18,51.2,50.2,1.0
3703,2025-07-18,23.6,22.55,1.05
3713,2025-07-18,20.5,20.44,0.05676
5014,2025-07-18,11.25,10.95,0.303385
5284,2025-07-18,209.0,207.51,1.484165
6191,2025-07-18,91.9,88.19,3.707792
6541,2025-07-18,53.5,52.95,0.540275
6671,2025-07-18,42.6,40.0,2.6
6887,2025-07-18,79.0,75.03,3.963114
8050,2025-07-18,58.4,55.22,3.183934
9907,2025-07-18,19.0,18.03,0.97
0050,2025-07-21,51.45,51.09,0.36
0056,2025-07-21,35.6,34.73,0.866
006203,2025-07-21,94.1,93.55,0.55
00719B,2025-07-21,29.12,28.81,0.31
00720B,2025-07-21,31.07,30.62,0.45
00788B,2025-07-21,27.77,27.37,0.4
00834B,2025-07-21,31.64,31.27,0.372
00870B,2025-07-21,26.38,26.02,0.36
00967B,2025-07-21,8.48,8.45,0.033
00968B,2025-07-21,8.64,8.6,0.043
1436,2025-07-21,116.0,81.6,34.394775
1446,2025-07-21,23.05,21.05,2.0
1535,2025-07-21,57.5,54.5,3.0
1560,2025-07-21,363.0,359.01,3.986633
1777,2025-07-21,85.4,80.1,5.3
1785,2025-07-21,54.4,52.4,2.000164
2617,2025-07-21,28.35,26.85,1.5
2640,2025-07-21,136.0,129.0,7.0
3284,2025-07-21,26.5,26.17,0.333692
3491,2025-07-21,360.0,353.51,6.488543
3552,2025-07-21,60.6,59.8,0.8
3675,2025-07-21,153.0,147.85,5.15
4909,2025-07-21,72.4,66.4,6.0
5276,2025-07-21,15.0,14.4,0.6
5386,2025-07-21,77.2,67.33,9.868343
5546,2025-07-21,30.45,28.45,2.0
6419,2025-07-21,60.8,58.1,2.7
6782,2025-07-21,174.5,169.4,5.1
6923,2025-07-21,90.5,86.48,4.017488
6968,2025-07-21,68.7,66.37,2.327451
8358,2025-07-21,83.6,82.1,1.50101
9926,2025-07-21,52.2,50.2,2.0
1303,2025-07-22,29.8,29.1,0.7
1454,2025-07-22,15.0,14.75,0.25
1532,2025-07-22,26.6,24.86,1.733726
2009,2025-07-22,34.25,33.75,0.5
2206,2025-07-22,64.0,60.97,3.027814
2471,2025-07-22,56.5,53.44,3.059248
2884,2025-07-22,34.2,32.67,1.527222
3611,2025-07-22,197.0,187.02,9.980753
4506,2025-07-22,113.0,108.5,4.5
4933,2025-07-22,77.6,71.61,5.989901
5548,2025-07-22,26.1,24.1,2.003131
6187,2025-07-22,413.0,402.81,10.186571
6206,2025-07-22,135.0,129.0,6.0
6231,2025-07-22,243.5,237.0,6.5
8131,2025-07-22,28.35,26.9,1.45
8411,2025-07-22,13.2,13.15,0.05
1201,2025-07-23,16.0,15.5,0.5
2530,2025-07-23,30.0,29.6,0.4
2838,2025-07-23,18.1,16.58,1.511215
3266,2025-07-23,15.45,14.7,0.75
3587,2025-07-23,203.0,196.06,6.939073
3694,2025-07-23,60.0,58.52,1.47663
4129,2025-07-23,104.5,100.5,4.0
4433,2025-07-23,28.65,27.65,1.0
4442,2025-07-23,45.85,45.37,0.480407
4551,2025-07-23,125.0,120.8,4.2
4584,2025-07-23,55.0,52.8,2.2
4912,2025-07-23,79.0,78.55,0.45
4987,2025-07-23,84.9,79.7,5.2
5269,2025-07-23,1880.0,1849.99,30.000078
5483,2025-07-23,110.5,107.0,3.5
6219,2025-07-23,20.6,19.62,0.980952
6244,2025-07-23,18.25,17.89,0.36
6506,2025-07-23,16.1,15.3,0.8
6691,2025-07-23,469.5,394.34,75.152174
6721,2025-07-23,61.0,58.0,3.0
8473,2025-07-23,31.55,30.82,0.725
9918,2025-07-23,41.4,39.8,1.6
00858,2025-07-24,30.69,29.29,1.4
00888,2025-07-24,16.64,16.42,0.22
00930,2025-07-24,17.44,17.26,0.18
00958B,2025-07-24,8.59,8.56,0.035
1103,2025-07-24,14.65,14.09,0.551097
1108,2025-07-24,14.85,14.1,0.75
1229,2025-07-24,48.6,45.04,3.552381
1304,2025-07-24,10.8,10.6,0.2
1305,2025-07-24,11.6,11.45,0.15
1308,2025-07-24,12.45,12.2,0.25
1309,2025-07-24,11.65,11.45,0.2
1419,2025-07-24,57.6,56.1,1.5
1434,2025-07-24,16.95,16.15,0.8
1503,2025-07-24,182.0,177.5,4.5
1617,2025-07-24,15.75,15.25,0.5
1762,2025-07-24,28.45,28.25,0.191585
2002,2025-07-24,20.0,19.67,0.33
2002A,2025-07-24,40.35,38.95,1.4
2352,2025-07-24,26.7,25.59,1.11
2414,2025-07-24,44.35,41.85,2.5
2511,2025-07-24,9.61,9.31,0.3
2836,2025-07-24,12.3,11.65,0.649515
2937,2025-07-24,46.0,41.82,4.181818
3206,2025-07-24,37.8,35.3,2.5
3219,2025-07-24,45.45,45.18,0.26547
3276,2025-07-24,12.85,12.83,0.02
3285,2025-07-24,25.15,24.15,1.0
3362,2025-07-24,121.5,120.5,0.998917
3402,2025-07-24,99.1,94.1,5.0
3444,2025-07-24,53.3,51.3,2.0
3546,2025-07-24,105.5,92.18,13.318182
3615,2025-07-24,22.0,21.7,0.3
3702,2025-07-24,72.4,69.2,3.2
3712,2025-07-24,52.9,49.9,3.0
3716,2025-07-24,35.15,34.13,1.016996
4438,2025-07-24,79.0,75.77,3.2235
4561,2025-07-24,44.55,43.35,1.2
4979,2025-07-24,185.0,183.46,1.544633
5299,2025-07-24,79.0,74.85,4.15
6158,2025-07-24,23.7,22.69,1.014766
6179,2025-07-24,27.8,27.3,0.5
6290,2025-07-24,105.0,100.0,4.998366
6527,2025-07-24,88.6,86.35,2.25
6609,2025-07-24,42.25,41.48,0.77
6742,2025-07-24,54.5,54.19,0.303247
6863,2025-07-24,160.0,154.5,5.5
7747,2025-07-24,137.5,134.05,3.445781
8069,2025-07-24,216.0,211.01,4.990139
8404,2025-07-24,21.3,20.14,1.157143
8927,2025-07-24,49.9,42.39,7.506775
9925,2025-07-24,41.85,39.85,2.0
1519,2025-07-25,659.0,590.9,68.09091
1558,2025-07-25,104.0,98.0,6.0
2495,2025-07-25,23.45,22.15,1.3
2548,2025-07-25,108.5,98.09,10.404761
5439,2025-07-25,248.5,246.3,2.2
6165,2025-07-25,52.6,52.0,0.591006
6189,2025-07-25,79.0,62.5,16.49908
6277,2025-07-25,60.4,58.3,2.1
6451,2025-07-25,145.0,144.64,0.36
6517,2025-07-25,70.7,69.2,1.5
6664,2025-07-25,233.0,223.07,9.926055
6958,2025-07-25,22.85,20.97,1.877778
8249,2025-07-25,53.5,51.48,2.01652
8390,2025-07-25,64.6,62.1,2.5
9937,2025-07-25,66.9,64.8,2.1
00726B,2025-07-28,31.02,30.44,0.58
2247,2025-07-28,338.5,320.0,18.5
2462,2025-07-28,24.4,23.59,0.806559
3306,2025-07-28,40.95,38.85,2.1
4107,2025-07-28,118.0,113.0,5.0
4572,2025-07-28,168.0,159.17,8.824999
4916,2025-07-28,47.15,46.77,0.37557
4919,2025-07-28,70.2,69.8,0.4
5425,2025-07-28,49.6,47.58,2.023034
6873,2025-07-28,219.5,192.19,27.307603
6909,2025-07-28,45.9,44.9,0.99997
1410,2025-07-29,35.15,34.64,0.508064
1449,2025-07-29,13.35,12.93,0.414318
2729,2025-07-29,210.0,201.92,8.084089
2889,2025-07-29,15.85,15.11,0.733834
3131,2025-07-29,1510.0,1488.0,22.0
3527,2025-07-29,66.9,64.9,2.0
3537,2025-07-29,45.6,43.3,2.3
4549,2025-07-29,135.0,130.9,4.1
4580,2025-07-29,82.0,77.0,5.001717
4911,2025-07-29,52.6,48.0,4.597138
5426,2025-07-29,25.05,24.55,0.5
6411,2025-07-29,69.6,66.42,3.18437
6931,2025-07-29,50.4,49.92,0.48
6962,2025-07-29,51.6,49.6,2.0
7734,2025-07-29,1360.0,1065.08,294.919243
8916,2025-07-29,51.8,48.21,3.592254
1570,2025-07-30,23.9,22.6,1.3
2233,2025-07-30,179.0,172.0,7.0
2345,2025-07-30,852.0,841.0,11.0
2363,2025-07-30,55.6,55.1,0.5
2376,2025-07-30,282.5,272.5,10.0
2497,2025-07-30,41.0,39.0,2.0
2528,2025-07-30,28.8,27.42,1.371429
2596,2025-07-30,31.05,30.05,1.0
3312,2025-07-30,47.1,45.7,1.4
3454,2025-07-30,106.5,104.2,2.3
3531,2025-07-30,23.55,22.75,0.8
4205,2025-07-30,97.6,86.91,10.690909
4305,2025-07-30,48.75,45.55,3.2
4401,2025-07-30,16.15,15.45,0.7
4439,2025-07-30,92.0,90.0,2.0
4560,2025-07-30,35.2,34.0,1.2
5410,2025-07-30,28.75,27.25,1.49763
5457,2025-07-30,43.3,42.0,1.300327
5607,2025-07-30,45.2,43.23,1.964706
5871,2025-07-30,126.5,118.03,8.460784
5871A,2025-07-30,102.0,98.2,3.8
6114,2025-07-30,36.25,35.75,0.5
6171,2025-07-30,35.6,33.1,2.5
6416,2025-07-30,87.3,84.4,2.9
6591,2025-07-30,67.1,64.75,2.348543
6689,2025-07-30,81.1,79.1,2.0
6728,2025-07-30,161.0,153.0,8.0
8931,2025-07-30,52.8,50.8,2.0
9908,2025-07-30,31.25,30.05,1.2
00939,2025-07-31,13.8,13.73,0.068
00950B,2025-07-31,13.46,13.39,0.068
00959B,2025-07-31,8.98,8.94,0.044
00966B,2025-07-31,13.29,13.23,0.065
1216,2025-07-31,82.7,79.7,3.0
1294,2025-07-31,81.9,74.4,7.501121
1437,2025-07-31,32.6,31.25,1.35
1736,2025-07-31,155.5,151.5,4.0
2342,2025-07-31,21.55,21.25,0.299609
2351,2025-07-31,78.8,76.3,2.5
2393,2025-07-31,77.0,71.69,5.31
2538,2025-07-31,13.55,12.85,0.7
2755,2025-07-31,141.5,138.53,2.969883
2801,2025-07-31,19.95,18.52,1.426191
2912,2025-07-31,262.5,253.5,9.0
3088,2025-07-31,90.1,85.77,4.332107
3390,2025-07-31,21.3,20.3,1.0
3501,2025-07-31,58.8,54.8,4.0
3533,2025-07-31,1470.0,1428.27,41.722823
3672,2025-07-31,16.9,16.15,0.750177
4106,2025-07-31,22.6,21.8,0.8
4581,2025-07-31,55.5,52.3,3.2
4767,2025-07-31,32.6,30.8,1.8
4942,2025-07-31,38.85,36.85,2.0
5450,2025-07-31,14.35,13.85,0.5
6138,2025-07-31,179.0,170.4,8.600749
6161,2025-07-31,44.05,41.05,3.0
6239,2025-07-31,139.0,132.0,7.0
6294,2025-07-31,53.5,47.45,6.047171
6715,2025-07-31,114.5,110.58,3.919523
7708,2025-07-31,98.1,93.6,4.5
8213,2025-07-31,33.65,32.27,1.38
8272,2025-07-31,81.0,78.6,2.4
9942,2025-07-31,117.0,110.0,7.0
2402,2025-08-01,41.1,39.12,1.97422
2597,2025-08-01,186.0,155.0,31.0
3520,2025-08-01,14.05,13.95,0.1
3689,2025-08-01,98.4,95.48,2.92191
5438,2025-08-01,22.95,22.3,0.65
00946,2025-08-04,9.48,9.45,0.025
00953B,2025-08-04,9.34,9.27,0.061
00970B,2025-08-04,8.95,8.91,0.045
1439,2025-08-04,29.85,29.55,0.3
1527,2025-08-04,39.25,37.05,2.2
2369,2025-08-04,14.85,14.55,0.3
4728,2025-08-04,420.0,408.4,11.6
4768,2025-08-04,125.5,115.71,9.785712
4912,2025-08-04,81.1,77.23,3.861906
6016,2025-08-04,11.75,10.48,1.272727
6201,2025-08-04,63.5,59.5,4.0
6472,2025-08-04,827.0,689.28,137.713605
6743,2025-08-04,31.25,29.75,1.5
9938,2025-08-04,52.9,49.9,3.0
1464,2025-08-05,13.55,12.5,1.05
1727,2025-08-05,32.7,32.2,0.5
2331,2025-08-05,18.25,18.03,0.210466
2409,2025-08-05,12.0,11.69,0.304801
2427,2025-08-05,30.5,29.8,0.697483
2520,2025-08-05,50.7,43.27,7.427273
2546,2025-08-05,84.5,76.69,7.801887
2834,2025-08-05,16.25,15.14,1.108491
3051,2025-08-05,26.15,24.63,1.518181
3289,2025-08-05,127.0,126.0,1.001474
6177,2025-08-05,46.8,41.23,5.561905
6275,2025-08-05,44.4,42.14,2.260887
1720,2025-08-06,58.2,55.4,2.8
2375,2025-08-06,60.0,58.5,1.5
3376,2025-08-06,230.0,224.0,6.0
5263,2025-08-06,92.9,91.96,0.939966
5903,2025-08-06,211.0,199.5,11.5
6220,2025-08-06,21.7,21.0,0.7
6997,2025-08-06,106.5,101.5,5.0
8478,2025-08-06,208.5,203.5,5.0
00940,2025-08-07,9.21,9.17,0.04
1713,2025-08-07,55.1,47.6,7.5
2033,2025-08-07,16.0,15.8,0.2
2886,2025-08-07,43.0,41.4,1.6
2892,2025-08-07,30.75,29.07,1.676829
3056,2025-08-07,33.25,23.14,10.101852
3152,2025-08-07,122.5,116.91,5.59
3287,2025-08-07,36.45,34.95,1.5
3516,2025-08-07,20.55,20.3,0.25
3663,2025-08-07,60.5,60.1,0.4
4569,2025-08-07,158.0,152.28,5.711277
5206,2025-08-07,37.1,33.27,3.827273
5258,2025-08-07,73.2,70.68,2.517932
5288,2025-08-07,140.0,131.48,8.511761
5525,2025-08-07,31.5,30.7,0.8
6417,2025-08-07,98.3,96.1,2.2
6435,2025-08-07,100.5,96.2,4.301722
6662,2025-08-07,33.8,32.3,1.5
6855,2025-08-07,140.0,134.0,6.0
6869,2025-08-07,140.0,134.99,5.005433
6874,2025-08-07,87.7,83.66,4.040033
8466,2025-08-07,28.45,27.25,1.2
8928,2025-08-07,29.65,27.95,1.7
9914,2025-08-07,117.0,113.0,4.0
9951,2025-08-07,59.6,57.28,2.316703
1210,2025-08-08,61.1,58.27,2.828449
2948,2025-08-08,43.1,39.95,3.151613
3230,2025-08-08,51.1,50.75,0.352047
5603,2025-08-08,21.75,20.75,1.0
9958,2025-08-08,193.0,188.83,4.162011
1795,2025-08-11,221.5,215.72,5.778591
2729,2025-08-11,208.0,188.91,19.089608
3033,2025-08-11,35.4,33.31,2.08421
4905,2025-08-11,65.5,64.0,1.5
6446,2025-08-11,510.0,508.9,1.098385
1563,2025-08-12,51.4,49.13,2.269307
2885,2025-08-12,33.2,32.23,0.966991
2887,2025-08-12,16.55,15.65,0.9
3032,2025-08-12,114.5,111.77,2.725725
3209,2025-08-12,35.7,33.21,2.484538
3379,2025-08-12,74.9,74.1,0.8
6122,2025-08-12,50.2,46.93,3.265143
2748,2025-08-13,49.75,47.75,2.0
2812,2025-08-13,23.4,21.44,1.955453
2880,2025-08-13,29.35,27.82,1.528218
4162,2025-08-13,78.0,72.0,6.0
4432,2025-08-13,19.1,18.1,1.0
5880,2025-08-13,25.95,24.51,1.435437
6464,2025-08-13,81.1,77.78,3.315838
6574,2025-08-13,73.7,71.5,2.2
6805,2025-08-13,1050.0,1042.0,8.0
8437,2025-08-13,19.1,18.08,1.017803
1580,2025-08-14,148.0,138.84,9.162528
2476,2025-08-14,88.7,85.2,3.497377
2754,2025-08-14,89.1,88.3,0.799898
3008,2025-08-14,2420.0,2392.0,28.0
3050,2025-08-14,14.3,13.8,0.5
3162,2025-08-14,50.3,49.8,0.500904
3232,2025-08-14,25.65,25.15,0.5
4148,2025-08-14,45.9,43.23,2.661905
5203,2025-08-14,97.7,93.8,3.899014
5489,2025-08-14,43.65,41.83,1.817812
6156,2025-08-14,25.15,24.15,1.0
6432,2025-08-14,28.15,26.75,1.4
8032,2025-08-14,49.0,47.9,1.1
9960,2025-08-14,25.05,23.35,1.700405
00936,2025-08-15,15.48,15.44,0.04
00942B,2025-08-15,13.95,13.89,0.06
00962,2025-08-15,10.18,10.15,0.025
00980B,2025-08-15,9.24,9.19,0.05
1477,2025-08-15,269.0,263.0,6.0
1615,2025-08-15,54.3,49.8,4.490476
3535,2025-08-15,55.1,54.6,0.5
5222,2025-08-15,138.5,125.9,12.590908
6117,2025-08-15,95.8,93.62,2.171708
8043,2025-08-15,27.6,26.8,0.8
9933,2025-08-15,32.25,28.4,3.847482
00690,2025-08-18,38.83,38.08,0.75
00701,2025-08-18,29.78,27.98,1.8
00730,2025-08-18,24.23,24.12,0.11
00740B,2025-08-18,37.54,37.36,0.181
00741B,2025-08-18,36.36,36.16,0.203
00754B,2025-08-18,33.43,33.01,0.422
00755B,2025-08-18,32.04,31.61,0.435
00756B,2025-08-18,30.62,30.16,0.463
00761B,2025-08-18,33.74,33.31,0.43
00772B,2025-08-18,32.7,32.58,0.125
00773B,2025-08-18,34.7,34.57,0.13
00777B,2025-08-18,32.0,31.86,0.14
00778B,2025-08-18,33.72,33.58,0.14
00780B,2025-08-18,36.31,35.91,0.4
00795B,2025-08-18,26.3,25.94,0.36
00799B,2025-08-18,29.55,29.0,0.55
00840B,2025-08-18,29.3,29.19,0.11
00841B,2025-08-18,28.88,28.53,0.35
00845B,2025-08-18,32.26,31.9,0.361
00846B,2025-08-18,34.85,34.42,0.435
00847B,2025-08-18,25.04,24.69,0.35
00860B,2025-08-18,36.69,36.21,0.48
00864B,2025-08-18,44.59,44.03,0.56
00878,2025-08-18,21.16,20.76,0.4
00881,2025-08-18,27.59,27.04,0.55
00883B,2025-08-18,29.86,29.74,0.12
00890B,2025-08-18,31.62,31.49,0.135
00891,2025-08-18,17.85,17.44,0.41
00894,2025-08-18,22.8,22.4,0.4
00900,2025-08-18,13.31,13.21,0.1
00913,2025-08-18,20.8,19.9,0.9
00923,2025-08-18,22.65,21.72,0.923
00932,2025-08-18,14.48,14.3,0.18
00933B,2025-08-18,15.61,15.54,0.072
00934,2025-08-18,19.58,19.5,0.077
00937B,2025-08-18,14.51,14.44,0.072
00938,2025-08-18,15.28,15.18,0.1
00943,2025-08-18,14.13,14.07,0.06
00944,2025-08-18,14.32,14.26,0.054
00945B,2025-08-18,13.88,13.79,0.081
00948B,2025-08-18,9.2,9.16,0.036
00952,2025-08-18,10.48,10.46,0.02
00957B,2025-08-18,13.28,13.21,0.068
00961,2025-08-18,9.28,9.2,0.077
00963,2025-08-18,10.55,10.49,0.059
00964,2025-08-18,10.8,10.75,0.05
00982A,2025-08-18,12.79,12.55,0.236
00982B,2025-08-18,9.6,9.55,0.048
1618,2025-08-18,47.9,46.4,1.5
6188,2025-08-18,101.5,100.0,1.5
6282,2025-08-18,29.5,28.99,0.500093
6509,2025-08-18,34.4,33.08,1.319492
6799,2025-08-18,92.3,90.31,1.987902
7556,2025-08-18,181.0,179.86,1.142035
00731,2025-08-19,67.65,66.99,0.652
00758B,2025-08-19,48.73,48.16,0.57
00759B,2025-08-19,52.7,52.1,0.6
00760B,2025-08-19,52.7,51.99,0.71
00768B,2025-08-19,50.35,49.11,1.24
00929,2025-08-19,17.71,17.63,0.08
1474,2025-08-19,12.95,12.55,0.4
1537,2025-08-19,145.0,134.5,10.5
2301,2025-08-19,134.0,132.0,2.0
3017,2025-08-19,1145.0,1135.06,9.930369
3147,2025-08-19,222.0,193.75,28.250001
4907,2025-08-19,40.7,38.9,1.8
6796,2025-08-19,80.6,72.81,7.781817
00775B,2025-08-20,31.03,30.68,0.35
00844B,2025-08-20,30.6,30.22,0.38
00867B,2025-08-20,30.59,30.2,0.39
00981B,2025-08-20,9.1,9.03,0.072
1737,2025-08-20,33.45,32.15,1.3
2070,2025-08-20,43.8,43.3,0.5
3226,2025-08-20,47.0,46.5,0.5
4130,2025-08-20,18.9,18.43,0.468628
4161,2025-08-20,31.35,27.48,3.873095
4760,2025-08-20,147.5,140.48,7.023812
6666,2025-08-20,52.0,50.0,2.0
00679B,2025-08-21,25.95,25.67,0.28
00771,2025-08-21,15.94,15.73,0.21
00786B,2025-08-21,31.66,31.27,0.39
00850,2025-08-21,46.99,46.39,0.6
00967B,2025-08-21,8.81,8.78,0.033
00968B,2025-08-21,9.04,9.0,0.043
1231,2025-08-21,149.5,134.45,15.045455
1442,2025-08-21,64.7,60.2,4.5
1465,2025-08-21,13.5,12.9,0.6
1597,2025-08-21,85.0,84.3,0.7
1714,2025-08-21,8.06,7.85,0.205041
2201,2025-08-21,34.05,32.75,1.3
2472,2025-08-21,81.3,78.2,3.1
2890,2025-08-21,25.85,24.11,1.730078
3023,2025-08-21,238.0,227.75,10.25
3141,2025-08-21,49.9,49.39,0.513269
3284,2025-08-21,24.85,21.47,3.376786
3373,2025-08-21,20.3,18.45,1.845455
4430,2025-08-21,19.85,19.35,0.5
4746,2025-08-21,66.0,63.0,3.0
4908,2025-08-21,88.5,86.75,1.75
4966,2025-08-21,775.0,765.72,9.282874
6259,2025-08-21,17.15,16.32,0.83292
6534,2025-08-21,106.5,106.0,0.5
6806,2025-08-21,60.8,59.57,1.226918
6922,2025-08-21,193.0,179.27,13.72583
6994,2025-08-21,90.9,89.94,0.954914
8077,2025-08-21,46.0,44.0,2.0
8454,2025-08-21,272.0,259.04,12.952379
1321,2025-08-22,37.9,37.52,0.38
2428,2025-08-22,154.0,147.9,6.1
3128,2025-08-22,41.4,37.55,3.852276
3552,2025-08-22,67.3,64.71,2.588462
6230,2025-08-22,145.5,145.27,0.222
6469,2025-08-22,164.0,145.15,18.850063
6612,2025-08-22,108.0,97.91,10.090909
1539,2025-08-25,18.85,18.0,0.85
1565,2025-08-25,158.5,149.0,9.5
2250,2025-08-25,105.5,97.49,8.007039
2377,2025-08-25,139.0,134.0,5.0
2484,2025-08-25,22.2,21.5,0.7
2527,2025-08-25,27.6,25.6,2.0
4563,2025-08-25,57.1,54.1,3.0
4927,2025-08-25,28.9,27.38,1.511675
6877,2025-08-25,95.4,86.64,8.763636
6955,2025-08-25,193.5,168.26,25.239131
7714,2025-08-25,116.0,114.0,2.0
8089,2025-08-25,44.75,38.67,6.083333
00907,2025-08-26,15.39,15.26,0.13
00958B,2025-08-26,9.11,9.06,0.049
1409,2025-08-26,15.8,15.2,0.6
1529,2025-08-26,26.4,26.2,0.2
2012,2025-08-26,18.85,17.85,1.0
2420,2025-08-26,58.8,55.3,3.5
2901,2025-08-26,26.05,25.67,0.371054
3236,2025-08-26,17.5,17.15,0.35
3317,2025-08-26,48.0,42.84,5.16
3622,2025-08-26,58.6,55.6,3.0
3646,2025-08-26,29.4,27.75,1.65
4111,2025-08-26,33.7,31.14,2.557143
4554,2025-08-26,36.95,32.39,4.560619
4741,2025-08-26,26.65,24.01,2.640566
6103,2025-08-26,42.0,41.81,0.188
6183,2025-08-26,100.5,97.3,3.2
6248,2025-08-26,24.75,22.95,1.8
6752,2025-08-26,158.5,150.95,7.548635
8096,2025-08-26,41.75,41.25,0.5
8289,2025-08-26,20.0,19.7,0.3
8403,2025-08-26,27.4,25.62,1.780952
9921,2025-08-26,105.5,103.3,2.199995
9927,2025-08-26,65.7,59.7,6.0
1541,2025-08-27,25.9,25.4,0.5
1709,2025-08-27,18.35,17.55,0.8
2227,2025-08-27,60.2,56.3,3.9
2496,2025-08-27,68.0,66.5,1.5
6216,2025-08-27,32.2,29.66,2.530496
8086,2025-08-27,115.0,113.81,1.19
8401,2025-08-27,28.7,26.82,1.87757
1240,2025-08-28,65.8,58.97,6.828038
1324,2025-08-28,10.9,10.7,0.2
1453,2025-08-28,13.0,12.62,0.378641
1513,2025-08-28,168.0,163.4,4.6
1603,2025-08-28,40.5,39.0,1.5
2038,2025-08-28,15.55,15.24,0.304902
2059,2025-08-28,2940.0,2907.8,32.2
2062,2025-08-28,25.65,23.85,1.8
2364,2025-08-28,99.3,76.38,22.915385
2383,2025-08-28,1280.0,1263.42,16.57544
2439,2025-08-28,117.0,109.7,7.290055
2441,2025-08-28,60.5,57.5,3.0
2468,2025-08-28,60.7,59.8,0.9
2539,2025-08-28,60.5,50.0,10.5
2718,2025-08-28,59.1,56.09,3.013039
2751,2025-08-28,71.5,70.01,1.491977
3025,2025-08-28,51.7,48.4,3.3
3086,2025-08-28,161.0,153.19,7.809527
3167,2025-08-28,210.5,209.5,0.998766
3693,2025-08-28,280.5,269.5,11.0
3706,2025-08-28,100.5,90.45,10.045455
4113,2025-08-28,21.55,20.7,0.85
4183,2025-08-28,19.6,18.93,0.67
4735,2025-08-28,34.95,34.55,0.4
4968,2025-08-28,145.0,143.9,1.09646
5013,2025-08-28,28.75,27.95,0.8
5202,2025-08-28,21.75,21.25,0.5
5287,2025-08-28,182.0,177.0,5.0
5289,2025-08-28,297.5,282.49,15.013292
5464,2025-08-28,25.8,24.8,1.0
5468,2025-08-28,17.65,15.83,1.822975
5525,2025-08-28,31.3,29.25,2.047664
5534,2025-08-28,80.0,74.5,5.5
6108,2025-08-28,15.7,14.7,1.0
6227,2025-08-28,93.9,90.1,3.8
6261,2025-08-28,62.5,58.5,4.0
6582,2025-08-28,33.5,32.5,1.0
6637,2025-08-28,89.2,85.57,3.627005
6916,2025-08-28,19.8,19.52,0.28
8410,2025-08-28,46.2,43.2,3.0
9105,2025-08-28,6.09,6.02,0.064372
9946,2025-08-28,19.65,18.6,1.041182
1732,2025-08-29,29.25,28.75,0.5
2367,2025-08-29,31.45,30.74,0.703126
2883,2025-08-29,15.55,15.39,0.153964
3052,2025-08-29,12.25,11.75,0.5
4303,2025-08-29,83.1,68.42,14.683333
5392,2025-08-29,43.8,41.72,2.077512
8076,2025-08-29,27.6,26.5,1.1
1315,2025-09-01,66.5,64.5,2.0
3528,2025-09-01,73.9,70.9,3.0
4138,2025-09-01,76.8,69.82,6.981818
4306,2025-09-01,15.8,14.5,1.290196
6140,2025-09-01,41.75,37.95,3.795455
6234,2025-09-01,27.4,26.95,0.45
6591,2025-09-01,100.5,98.34,2.153324
7753,2025-09-01,54.8,53.47,1.326
00939,2025-09-02,13.73,13.66,0.068
00946,2025-09-02,10.18,10.12,0.058
00950B,2025-09-02,13.81,13.74,0.068
00953B,2025-09-02,9.57,9.5,0.061
1722,2025-09-02,53.2,51.2,2.0
1734,2025-09-02,32.55,31.0,1.55
2543,2025-09-02,85.2,72.56,12.635897
2845,2025-09-02,13.6,12.6,0.990314
2867,2025-09-02,6.11,6.08,0.029156
2949,2025-09-02,82.3,68.02,14.283471
3047,2025-09-02,21.8,21.5,0.299387
3661,2025-09-02,3915.0,3878.52,36.478962
4549,2025-09-02,140.5,137.75,2.754902
4707,2025-09-02,10.05,9.8,0.25
5243,2025-09-02,77.1,75.6,1.5
6163,2025-09-02,21.95,21.5,0.450019
6245,2025-09-02,86.0,82.0,4.0
6482,2025-09-02,61.7,50.58,11.116666
6703,2025-09-02,137.0,121.82,15.18182
8087,2025-09-02,34.3,33.3,0.999693
8354,2025-09-02,14.9,14.3,0.6
9941,2025-09-02,104.0,94.87,9.123809
9941A,2025-09-02,52.0,49.66,2.339375
00959B,2025-09-03,9.23,9.19,0.045
00966B,2025-09-03,13.62,13.56,0.065
2701,2025-09-03,11.4,11.12,0.28
3078,2025-09-03,88.2,84.2,4.0
3346,2025-09-03,24.3,23.09,1.206779
3434,2025-09-03,43.2,39.44,3.763115
3558,2025-09-03,167.5,164.5,3.0
4416,2025-09-03,59.2,58.2,1.0
4438,2025-09-03,72.3,71.47,0.825409
6186,2025-09-03,70.8,61.31,9.490265
6279,2025-09-03,148.5,135.71,12.785714
6426,2025-09-03,76.4,75.9,0.5
6753,2025-09-03,145.5,144.25,1.25
00970B,2025-09-04,9.11,9.07,0.04
1203,2025-09-04,40.5,39.3,1.2
1339,2025-09-04,47.15,44.15,3.0
2323,2025-09-04,8.76,8.46,0.3
2493,2025-09-04,159.5,140.34,19.15704
2755,2025-09-04,156.0,130.28,25.715565
3059,2025-09-04,54.2,53.2,1.0
3594,2025-09-04,42.55,41.75,0.799103
3605,2025-09-04,73.2,72.47,0.720879
4736,2025-09-04,141.5,131.5,10.0
6139,2025-09-04,370.5,356.61,13.885191
6720,2025-09-04,141.5,118.72,22.779071
6870,2025-09-04,208.0,203.92,4.078431
7722,2025-09-04,600.0,598.5,1.5
9906,2025-09-04,70.5,64.0,6.5
01010T,2025-09-05,10.1,10.0,0.097652
1783,2025-09-05,44.1,43.27,0.829962
2732,2025-09-05,75.7,74.2,1.5
3548,2025-09-05,115.5,110.73,4.768293
6552,2025-09-05,28.45,28.25,0.2
8436,2025-09-05,135.0,125.0,10.0
2530,2025-09-08,32.65,31.55,1.1
2923,2025-09-08,22.6,22.36,0.24
3484,2025-09-08,54.2,51.76,2.444178
3545,2025-09-08,67.7,65.96,1.736056
4737,2025-09-08,78.3,71.19,7.108891
8234,2025-09-08,94.4,93.8,0.6
8932,2025-09-08,241.5,222.5,19.003109
00940,2025-09-09,9.38,9.34,0.04
1514,2025-09-09,107.0,103.23,3.763594
2442,2025-09-09,26.8,26.3,0.495391
3073,2025-09-09,42.1,39.53,2.569484
3483,2025-09-09,133.5,113.04,20.456521
3551,2025-09-09,173.5,169.27,4.231668
4104,2025-09-09,88.4,84.19,4.209524
5328,2025-09-09,14.1,13.5,0.6
6133,2025-09-09,17.85,17.55,0.3
6203,2025-09-09,69.5,66.0,3.500212
6207,2025-09-09,62.2,60.7,1.5
8908,2025-09-09,42.4,41.16,1.237628
8937,2025-09-09,169.0,168.9,0.1
2379,2025-09-10,540.0,514.5,25.5
2762,2025-09-10,78.8,77.89,0.907395
2905,2025-09-10,13.1,12.79,0.303275
6584,2025-09-10,250.0,248.5,1.501003
7712,2025-09-10,159.5,155.5,4.0
8423,2025-09-10,19.65,18.5,1.154854
1268,2025-09-11,164.0,156.5,7.5
2745,2025-09-11,121.0,114.5,6.5
5906,2025-09-11,50.5,48.72,1.77451
6126,2025-09-11,27.55,26.79,0.757287
6446,2025-09-11,538.0,484.8,53.197797
6504,2025-09-11,50.2,49.2,1.0
1517,2025-09-12,10.65,10.45,0.2
5278,2025-09-12,36.1,35.93,0.166667
00936,2025-09-15,15.75,15.69,0.055
00942B,2025-09-15,14.46,14.4,0.06
00980B,2025-09-15,9.56,9.51,0.047
01009T,2025-09-15,7.11,6.96,0.145607
5493,2025-09-15,93.3,90.7,2.6
6603,2025-09-15,17.7,17.4,0.296736
9802,2025-09-15,105.0,101.9,3.099972
00687B,2025-09-16,28.12,27.82,0.3
00730,2025-09-16,24.88,24.77,0.11
00740B,2025-09-16,38.83,38.67,0.164
00741B,2025-09-16,36.73,36.53,0.199
00764B,2025-09-16,28.15,27.83,0.324
00772B,2025-09-16,33.88,33.75,0.129
00773B,2025-09-16,35.82,35.69,0.134
00777B,2025-09-16,33.13,33.0,0.135
00778B,2025-09-16,34.79,34.65,0.14
00779B,2025-09-16,28.45,28.17,0.283
00781B,2025-09-16,29.97,29.52,0.45
00792B,2025-09-16,32.17,31.75,0.425
00793B,2025-09-16,31.06,30.68,0.378
00840B,2025-09-16,30.34,30.23,0.11
00859B,2025-09-16,40.3,39.69,0.608
00862B,2025-09-16,32.25,31.83,0.42
00863B,2025-09-16,32.62,32.17,0.45
00883B,2025-09-16,30.97,30.85,0.12
00890B,2025-09-16,32.72,32.58,0.14
00896,2025-09-16,18.47,18.07,0.4
00900,2025-09-16,13.57,13.47,0.1
00915,2025-09-16,22.72,22.43,0.29
00919,2025-09-16,21.79,21.25,0.54
00921,2025-09-16,17.74,17.54,0.195
00933B,2025-09-16,16.1,16.03,0.072
00934,2025-09-16,20.04,19.95,0.088
00935,2025-09-16,26.49,25.74,0.75
00937B,2025-09-16,15.04,14.97,0.072
00943,2025-09-16,14.32,14.25,0.068
00944,2025-09-16,14.4,14.34,0.054
00945B,2025-09-16,14.08,14.0,0.08
00948B,2025-09-16,9.54,9.5,0.042
00952,2025-09-16,10.95,10.92,0.03
00957B,2025-09-16,13.77,13.7,0.07
00961,2025-09-16,9.22,9.17,0.048
00962,2025-09-16,10.6,10.57,0.025
00963,2025-09-16,10.73,10.67,0.059
00964,2025-09-16,11.0,10.93,0.063
00972,2025-09-16,16.84,16.77,0.07
009802,2025-09-16,10.78,10.67,0.106
009803,2025-09-16,11.83,11.64,0.19
00982B,2025-09-16,9.98,9.93,0.048
2330,2025-09-16,1255.0,1249.99,5.000017
5306,2025-09-16,88.8,87.78,1.01489
6931,2025-09-16,51.0,50.88,0.12
8104,2025-09-16,40.1,38.69,1.409467
00710B,2025-09-17,18.67,18.35,0.32
00711B,2025-09-17,15.9,15.71,0.19
00712,2025-09-17,9.18,8.99,0.19
00853B,2025-09-17,28.08,27.74,0.337
00929,2025-09-17,18.39,18.31,0.08
2374,2025-09-17,107.0,95.01,11.98181
2488,2025-09-17,49.6,46.4,3.2
3002,2025-09-17,17.1,16.4,0.697816
8349,2025-09-17,50.4,45.82,4.576401
00728,2025-09-18,33.62,33.29,0.324
00918,2025-09-18,22.93,22.41,0.52
00981B,2025-09-18,9.18,9.11,0.069
2706,2025-09-18,13.75,13.4,0.35
2743,2025-09-18,114.0,86.15,27.846154
4716,2025-09-18,15.15,14.17,0.979384
5498,2025-09-18,18.8,18.65,0.149352
6757,2025-09-18,87.7,81.65,6.05
8107,2025-09-18,17.0,16.0,1.0
00697B,2025-09-19,34.95,34.66,0.29
00713,2025-09-19,51.85,51.07,0.78
00751B,2025-09-19,32.34,31.93,0.41
00787B,2025-09-19,32.32,31.9,0.42
00967B,2025-09-19,9.09,9.06,0.033
00968B,2025-09-19,9.31,9.27,0.043
1528,2025-09-19,16.2,16.1,0.1
5512,2025-09-19,8.87,8.69,0.18
00836B,2025-09-22,28.99,28.55,0.443
00856B,2025-09-22,36.55,36.05,0.5
00857B,2025-09-22,23.08,22.82,0.26
00930,2025-09-22,17.65,17.53,0.118
00958B,2025-09-22,9.2,9.15,0.049
8099,2025-09-22,83.5,73.19,10.314159
1590,2025-09-23,782.0,762.45,19.54836
1599,2025-09-23,30.15,29.64,0.506942
3178,2025-09-23,61.0,60.5,0.5
4912,2025-09-23,78.7,78.52,0.177
1225,2025-09-24,31.65,29.86,1.782702
4109,2025-09-24,16.9,16.4,0.5
4168,2025-09-24,24.95,24.87,0.076652
5213,2025-09-24,26.05,25.45,0.604476
1808,2025-09-25,30.85,28.85,2.0
2109,2025-09-25,16.35,15.85,0.5
2458,2025-09-25,131.0,128.35,2.644548
2542,2025-09-25,44.75,40.71,4.035715
2881,2025-09-25,89.0,86.82,2.170731
6593,2025-09-25,47.65,47.2,0.447417
8906,2025-09-25,35.05,34.95,0.1
3021,2025-09-26,18.45,18.14,0.303161
4441,2025-09-26,276.0,266.85,9.149
7631,2025-09-26,144.0,143.35,0.65
2540,2025-09-30,79.5,56.07,23.428572
3312,2025-09-30,42.1,41.84,0.25188
3289,2025-10-01,120.0,117.22,2.776256
00939,2025-10-02,14.1,14.02,0.072
00950B,2025-10-02,14.07,14.01,0.065
00959B,2025-10-02,9.48,9.44,0.045
00966B,2025-10-02,14.02,13.96,0.065
01004T,2025-10-02,11.43,11.22,0.207121
3332,2025-10-02,54.7,53.6,1.1
4967,2025-10-02,89.0,86.0,3.0
6523,2025-10-02,124.5,122.5,2.0
020035,2025-10-03,8.83,8.5,0.333
1784,2025-10-03,82.7,81.28,1.416294
3356,2025-10-03,52.8,48.8,4.0
4123,2025-10-03,38.5,35.92,2.581219
4160,2025-10-03,56.5,54.65,1.847334
5201,2025-10-03,53.5,49.05,4.447363
00946,2025-10-07,10.26,10.2,0.058
00953B,2025-10-07,9.53,9.46,0.061
00970B,2025-10-07,9.46,9.42,0.042
1256,2025-10-07,174.0,172.43,1.564625
3004,2025-10-07,140.0,134.37,5.627845
3701,2025-10-07,39.6,39.4,0.2
6533,2025-10-07,299.0,295.76,3.234449
6776,2025-10-07,52.5,51.89,0.600559
00940,2025-10-08,9.54,9.5,0.04
1235,2025-10-08,67.6,55.91,11.683333
1586,2025-10-09,27.05,26.75,0.3
1449,2025-10-13,12.5,12.1,0.395378
6590,2025-10-14,83.8,72.87,10.93131
01010T,2025-10-16,10.01,10.0,0.002817
1463,2025-10-16,21.75,19.65,2.1
00734B,2025-10-17,15.73,15.57,0.16
00842B,2025-10-17,32.38,31.78,0.6
00851,2025-10-17,56.0,54.3,1.7
00936,2025-10-17,15.74,15.68,0.055
00942B,2025-10-17,14.68,14.63,0.054
00947,2025-10-17,16.09,16.01,0.08
00962,2025-10-17,11.06,11.03,0.025
00980B,2025-10-17,9.68,9.63,0.047
2236,2025-10-17,92.0,91.59,0.402985
00694B,2025-10-20,40.74,40.48,0.256
00695B,2025-10-20,35.34,35.08,0.262
00696B,2025-10-20,30.18,29.9,0.277
00714,2025-10-20,20.05,19.92,0.123
00717,2025-10-20,14.84,14.69,0.141
00722B,2025-10-20,37.58,37.07,0.515
00723B,2025-10-20,32.65,32.22,0.433
00724B,2025-10-20,34.67,34.21,0.461
00725B,2025-10-20,36.34,35.81,0.534
00727B,2025-10-20,39.29,38.72,0.57
00730,2025-10-20,23.81,23.7,0.11
00733,2025-10-20,48.3,47.23,1.063
00740B,2025-10-20,39.6,39.43,0.175
00741B,2025-10-20,36.97,36.77,0.199
00746B,2025-10-20,36.4,35.98,0.42
00749B,2025-10-20,32.0,31.6,0.4
00750B,2025-10-20,34.64,34.26,0.38
00772B,2025-10-20,34.56,34.43,0.132
00773B,2025-10-20,36.55,36.41,0.138
00777B,2025-10-20,33.75,33.62,0.135
00778B,2025-10-20,35.5,35.36,0.14
00782B,2025-10-20,31.84,31.34,0.5
00785B,2025-10-20,35.74,35.33,0.415
00840B,2025-10-20,31.05,30.94,0.11
00848B,2025-10-20,34.7,34.3,0.4
00849B,2025-10-20,36.52,36.22,0.3
00883B,2025-10-20,31.62,31.5,0.12
00884B,2025-10-20,30.41,30.01,0.4
00890B,2025-10-20,33.36,33.22,0.14
00900,2025-10-20,13.63,13.53,0.1
00905,2025-10-20,16.74,16.49,0.25
00908,2025-10-20,13.49,13.36,0.121
00912,2025-10-20,20.92,20.62,0.3
00922,2025-10-20,25.94,24.69,1.25
00927,2025-10-20,20.47,20.25,0.22
00933B,2025-10-20,16.39,16.32,0.072
00934,2025-10-20,20.22,20.12,0.098
00937B,2025-10-20,15.35,15.28,0.072
00943,2025-10-20,14.85,14.78,0.069
00944,2025-10-20,14.23,14.17,0.054
00945B,2025-10-20,14.2,14.11,0.082
00948B,2025-10-20,9.71,9.67,0.042
00952,2025-10-20,11.37,11.34,0.03
00956,2025-10-20,10.32,10.16,0.16
00957B,2025-10-20,14.05,13.98,0.072
00960,2025-10-20,13.68,13.47,0.205
00961,2025-10-20,9.48,9.44,0.031
00963,2025-10-20,10.6,10.54,0.059
00964,2025-10-20,10.94,10.87,0.065
00982B,2025-10-20,10.14,10.09,0.048
00984A,2025-10-20,10.6,10.39,0.21
2465,2025-10-20,75.3,72.07,3.225256
00789B,2025-10-21,50.0,49.41,0.59
00791B,2025-10-21,55.6,55.03,0.57
00929,2025-10-21,18.62,18.54,0.08
00931B,2025-10-21,13.89,13.75,0.143
00980D,2025-10-21,20.86,20.75,0.114
6655,2025-10-21,116.5,115.3,1.2
00904,2025-10-22,21.9,21.25,0.65
00981B,2025-10-22,9.22,9.15,0.069
1589,2025-10-22,22.35,21.78,0.568123
6499,2025-10-22,122.5,120.92,1.575637
8936,2025-10-22,56.6,54.6,2.0
0056,2025-10-23,37.75,36.88,0.866
006204,2025-10-23,142.1,138.84,3.259
00719B,2025-10-23,30.57,30.28,0.29
00720B,2025-10-23,34.47,34.01,0.46
00739,2025-10-23,26.22,25.32,0.9
00788B,2025-10-23,30.8,30.42,0.38
00834B,2025-10-23,35.0,34.62,0.381
00870B,2025-10-23,29.55,29.19,0.36
00888,2025-10-23,20.21,19.71,0.5
00907,2025-10-23,15.74,15.6,0.136
00958B,2025-10-23,9.5,9.48,0.021
00967B,2025-10-23,9.39,9.36,0.033
00968B,2025-10-23,9.51,9.47,0.043
2543,2025-10-23,71.7,71.2,0.5
2489,2025-10-27,15.6,15.1,0.5
3550,2025-10-27,14.9,14.36,0.539285
2812,2025-10-28,21.9,21.85,0.049821
4552,2025-10-28,23.2,22.2,1.0
5314,2025-10-28,124.5,124.23,0.274366
00726B,2025-10-29,33.51,33.01,0.5
2756,2025-10-30,91.9,90.6,1.3
2947,2025-10-31,86.5,85.5,1.0
5283,2025-10-31,73.9,61.16,12.733334
6221,2025-10-31,50.5,37.41,13.092593
00939,2025-11-03,14.58,14.5,0.072
00950B,2025-11-03,14.26,14.19,0.066
00959B,2025-11-03,9.54,9.5,0.045
00966B,2025-11-03,14.15,14.09,0.065
2066,2025-11-03,66.3,63.28,3.017067
3563,2025-11-04,543.0,492.72,50.272732
00946,2025-11-05,10.43,10.37,0.058
00953B,2025-11-05,9.59,9.52,0.061
00970B,2025-11-05,9.41,9.37,0.042
00985B,2025-11-05,10.14,10.09,0.048
020036,2025-11-05,7.24,6.91,0.328
00940,2025-11-06,9.61,9.57,0.04
3289,2025-11-06,111.0,109.97,1.033255
2515,2025-11-10,17.0,16.18,0.814149
5011,2025-11-10,11.05,10.85,0.199992
3037,2025-11-14,178.5,176.67,1.824702
00936,2025-11-17,15.82,15.76,0.055
00942B,2025-11-17,14.5,14.44,0.056
00951,2025-11-17,11.04,10.88,0.16
00962,2025-11-17,11.02,10.99,0.025
00980B,2025-11-17,9.55,9.5,0.047
6464,2025-11-17,75.1,72.9,2.19757
006208,2025-11-18,144.8,141.35,3.448
00690,2025-11-18,43.06,42.17,0.89
00692,2025-11-18,55.85,54.59,1.252
00730,2025-11-18,22.21,22.1,0.11
00740B,2025-11-18,38.81,38.64,0.167
00741B,2025-11-18,37.26,37.06,0.199
00754B,2025-11-18,34.38,33.97,0.412
00755B,2025-11-18,33.11,32.67,0.442
00756B,2025-11-18,32.43,31.96,0.468
00761B,2025-11-18,34.95,34.54,0.408
00772B,2025-11-18,33.9,33.77,0.132
00773B,2025-11-18,36.27,36.13,0.138
00777B,2025-11-18,33.02,32.89,0.135
00778B,2025-11-18,35.0,34.86,0.14
00780B,2025-11-18,37.79,37.32,0.47
00795B,2025-11-18,27.61,27.29,0.32
00799B,2025-11-18,30.52,29.97,0.55
00840B,2025-11-18,30.35,30.23,0.12
00841B,2025-11-18,29.89,29.55,0.34
00845B,2025-11-18,33.82,33.45,0.373
00846B,2025-11-18,36.26,35.82,0.442
00847B,2025-11-18,26.23,25.88,0.35
00860B,2025-11-18,37.95,37.53,0.422
00864B,2025-11-18,45.96,45.4,0.56
00878,2025-11-18,21.11,20.71,0.4
00883B,2025-11-18,30.69,30.57,0.12
00890B,2025-11-18,32.46,32.32,0.14
00891,2025-11-18,19.1,18.5,0.6
00892,2025-11-18,20.65,20.37,0.276
00894,2025-11-18,26.59,26.19,0.4
00900,2025-11-18,13.43,13.33,0.1
00932,2025-11-18,14.33,14.13,0.2
00933B,2025-11-18,16.24,16.17,0.072
00934,2025-11-18,20.63,20.5,0.13
00937B,2025-11-18,14.94,14.87,0.072
00938,2025-11-18,16.57,16.39,0.18
00943,2025-11-18,14.51,14.44,0.07
00944,2025-11-18,14.06,14.0,0.054
00945B,2025-11-18,14.35,14.26,0.083
00948B,2025-11-18,9.48,9.44,0.042
00952,2025-11-18,11.72,11.69,0.03
00957B,2025-11-18,13.74,13.67,0.072
00961,2025-11-18,9.66,9.64,0.02
00963,2025-11-18,11.01,10.97,0.04
00964,2025-11-18,11.65,11.57,0.08
00980A,2025-11-18,14.62,14.29,0.328
00982A,2025-11-18,14.09,13.75,0.334
00982B,2025-11-18,9.9,9.85,0.048
00731,2025-11-19,66.2,65.54,0.652
00758B,2025-11-19,51.45,50.87,0.58
00759B,2025-11-19,55.4,54.8,0.6
00760B,2025-11-19,55.7,54.99,0.71
00768B,2025-11-19,53.25,52.01,1.24
00929,2025-11-19,17.53,17.44,0.09
00980D,2025-11-19,20.85,20.74,0.114
00775B,2025-11-20,32.59,32.22,0.37
00844B,2025-11-20,32.24,31.92,0.32
00867B,2025-11-20,31.7,31.33,0.37
009808,2025-11-20,18.59,18.18,0.41
00981B,2025-11-20,9.24,9.17,0.069
01007T,2025-11-20,13.67,13.44,0.22601
0051,2025-11-21,91.1,88.1,3.0
0053,2025-11-21,136.55,133.55,3.0
0055,2025-11-21,30.63,29.38,1.25
006201,2025-11-21,23.89,23.12,0.77
00679B,2025-11-21,27.51,27.23,0.28
00771,2025-11-21,16.19,15.98,0.21
00786B,2025-11-21,33.09,32.71,0.38
00850,2025-11-21,53.45,52.75,0.7
00967B,2025-11-21,9.28,9.25,0.033
00968B,2025-11-21,9.34,9.3,0.043
7780,2025-11-24,181.0,180.15,0.847863
00901,2025-11-25,26.26,23.66,2.6
00930,2025-11-25,16.92,16.79,0.129
00958B,2025-11-25,9.52,9.47,0.046
5263,2025-11-25,92.0,91.67,0.326004
2726,2025-11-26,16.95,15.96,0.994964
1815,2025-11-27,77.1,75.96,1.139852
2762,2025-11-27,80.6,79.66,0.932591
00939,2025-12-02,13.91,13.83,0.072
4735,2025-12-02,34.3,33.6,0.7
00946,2025-12-03,9.85,9.79,0.058
00950B,2025-12-03,14.47,14.41,0.063
00953B,2025-12-03,9.76,9.69,0.061
00966B,2025-12-03,14.28,14.22,0.065
00985B,2025-12-03,10.32,10.27,0.048
020038,2025-12-03,7.88,7.35,0.523
2718,2025-12-03,57.2,55.7,1.5
3135,2025-12-03,59.0,57.67,1.322667
4714,2025-12-03,16.5,16.3,0.19955
00959B,2025-12-04,9.6,9.56,0.045
3004,2025-12-04,100.5,97.94,2.552496
6523,2025-12-04,126.0,122.0,4.0
8431,2025-12-04,48.45,43.95,4.497754
00970B,2025-12-05,9.56,9.52,0.042
3321,2025-12-05,23.0,18.97,4.023747
2530,2025-12-09,28.55,27.8,0.748869
3715,2025-12-09,117.0,116.75,0.24967
6277,2025-12-09,64.9,63.9,1.0
00940,2025-12-10,9.26,9.21,0.045
2236,2025-12-10,116.0,112.21,3.788172
6949,2025-12-10,352.0,348.11,3.889036
2330,2025-12-11,1505.0,1499.99,5.000011
3680,2025-12-11,342.0,340.1,1.9
6438,2025-12-11,142.0,139.0,3.0
00936,2025-12-15,15.89,15.83,0.055
00942B,2025-12-15,14.55,14.49,0.056
00962,2025-12-15,10.82,10.79,0.025
00980B,2025-12-15,9.6,9.55,0.047
00687B,2025-12-16,28.31,28.03,0.28
00730,2025-12-16,23.24,23.13,0.11
00740B,2025-12-16,38.99,38.82,0.167
00741B,2025-12-16,37.54,37.34,0.199
00764B,2025-12-16,28.34,28.02,0.324
00772B,2025-12-16,34.04,33.91,0.132
00773B,2025-12-16,36.55,36.41,0.138
00777B,2025-12-16,33.09,32.96,0.135
00778B,2025-12-16,35.27,35.13,0.14
00779B,2025-12-16,28.67,28.38,0.291
00781B,2025-12-16,29.65,29.2,0.45
00792B,2025-12-16,32.32,31.89,0.434
00793B,2025-12-16,31.26,30.86,0.401
00840B,2025-12-16,30.45,30.33,0.12
00853B,2025-12-16,28.19,27.84,0.347
00859B,2025-12-16,41.33,40.71,0.622
00862B,2025-12-16,32.1,31.68,0.42
00863B,2025-12-16,32.55,32.17,0.38
00883B,2025-12-16,30.91,30.79,0.12
00890B,2025-12-16,32.61,32.47,0.14
00896,2025-12-16,19.33,18.73,0.6
00900,2025-12-16,13.48,13.4,0.075
00915,2025-12-16,22.59,22.24,0.35
00919,2025-12-16,22.19,21.65,0.54
00921,2025-12-16,17.77,17.58,0.19
00926,2025-12-16,24.52,23.05,1.47
00933B,2025-12-16,16.37,16.3,0.072
00934,2025-12-16,20.56,20.42,0.132
00937B,2025-12-16,15.01,14.94,0.072
00943,2025-12-16,14.38,14.31,0.066
00944,2025-12-16,14.47,14.41,0.054
00945B,2025-12-16,14.45,14.36,0.086
00948B,2025-12-16,9.53,9.49,0.042
00952,2025-12-16,11.59,11.56,0.03
00957B,2025-12-16,13.71,13.64,0.072
00961,2025-12-16,9.32,9.3,0.02
00963,2025-12-16,11.29,11.25,0.04
00964,2025-12-16,11.33,11.24,0.085
00971,2025-12-16,16.9,15.9,1.0
00972,2025-12-16,18.27,18.0,0.27
009802,2025-12-16,11.02,10.92,0.092
00980D,2025-12-16,20.87,20.76,0.114
00981D,2025-12-16,10.55,10.47,0.08
00982B,2025-12-16,9.95,9.9,0.048
01010T,2025-12-16,10.05,9.98,0.067533
8299,2025-12-16,1125.0,1118.77,6.228316
00710B,2025-12-17,19.3,18.99,0.31
00711B,2025-12-17,16.51,16.32,0.19
00712,2025-12-17,9.25,9.06,0.19
00929,2025-12-17,17.61,17.52,0.09
009803,2025-12-17,12.58,12.36,0.22
3543,2025-12-17,43.9,42.18,1.71055
6121,2025-12-17,361.5,352.0,9.5
00728,2025-12-18,35.87,35.5,0.367
00918,2025-12-18,22.99,22.42,0.565
00981B,2025-12-18,9.41,9.34,0.069
4739,2025-12-18,67.2,66.75,0.445249
6548,2025-12-18,41.0,40.55,0.45
6804,2025-12-18,18.8,18.27,0.526316
8070,2025-12-18,44.6,43.89,0.71
00697B,2025-12-19,36.46,36.15,0.31
00713,2025-12-19,51.15,50.37,0.78
00751B,2025-12-19,32.6,32.19,0.41
00787B,2025-12-19,33.43,33.01,0.42
00967B,2025-12-19,9.34,9.31,0.033
00968B,2025-12-19,9.43,9.39,0.043
8467,2025-12-19,155.5,153.5,2.0
4991,2025-12-22,192.5,189.42,3.078687
5306,2025-12-22,88.5,87.63,0.86182
6931,2025-12-22,64.7,64.58,0.12
00836B,2025-12-23,29.62,29.2,0.42
00856B,2025-12-23,38.01,37.64,0.37
00857B,2025-12-23,23.75,23.57,0.185
00907,2025-12-23,15.51,15.37,0.136
00958B,2025-12-23,9.5,9.46,0.045
2474,2025-12-23,197.0,193.84,3.159582
3325,2025-12-23,18.6,17.58,1.016624
4912,2025-12-23,83.8,83.49,0.303
2753,2025-12-24,197.0,193.0,4.0
6123,2025-12-24,49.85,48.85,1.0
6796,2025-12-29,104.5,102.64,1.854155
5278,2025-12-30,30.2,30.03,0.166667
7631,2025-12-30,128.0,127.26,0.737265
6488,2025-12-31,413.0,411.0,2.0
6561,2025-12-31,392.5,385.9,6.6
00939,2026-01-02,14.7,14.62,0.072
00950B,2026-01-02,14.34,14.29,0.054
00959B,2026-01-02,9.56,9.52,0.045
00966B,2026-01-02,14.19,14.13,0.065
00983B,2026-01-02,16.18,16.09,0.094
00984B,2026-01-02,16.91,16.78,0.126
5704,2026-01-05,29.4,26.89,2.51437
00946,2026-01-06,9.6,9.54,0.058
00953B,2026-01-06,9.76,9.69,0.061
00970B,2026-01-06,9.45,9.41,0.042
00985B,2026-01-06,10.32,10.27,0.048
2442,2026-01-06,24.8,24.12,0.671598
2454,2026-01-06,1525.0,1496.0,29.0
00940,2026-01-08,9.43,9.38,0.045
1707,2026-01-08,127.0,124.8,2.2
2247,2026-01-08,281.5,275.0,6.5
4104,2026-01-08,79.1,77.39,1.703479
4737,2026-01-08,55.0,54.35,0.646954
5483,2026-01-08,124.0,123.0,1.0
6629,2026-01-08,124.0,122.0,1.997131
3522,2026-01-12,17.9,17.44,0.461112
6613,2026-01-12,198.5,195.5,3.0
6763,2026-01-12,57.9,56.95,0.95
8021,2026-01-13,218.0,216.11,1.882207
4130,2026-01-14,36.8,35.32,1.480067
5457,2026-01-15,40.05,39.26,0.789492
5536,2026-01-15,804.0,798.5,5.5
00734B,2026-01-16,16.02,15.86,0.16
00842B,2026-01-16,32.66,31.96,0.7
00904,2026-01-16,26.08,25.32,0.76
00936,2026-01-16,17.46,17.4,0.06
00942B,2026-01-16,14.79,14.74,0.053
00947,2026-01-16,21.36,21.24,0.12
00962,2026-01-16,11.26,11.23,0.03
00980B,2026-01-16,9.72,9.67,0.047
00980D,2026-01-16,21.05,20.94,0.114
00772B,2026-01-19,34.67,34.54,0.132
00773B,2026-01-19,37.04,36.9,0.138
00848B,2026-01-19,35.16,34.78,0.38
00849B,2026-01-19,37.53,37.2,0.33
00882,2026-01-19,15.46,15.01,0.45
00883B,2026-01-19,31.55,31.43,0.12
00884B,2026-01-19,30.44,30.08,0.36
00905,2026-01-19,18.72,18.47,0.25
00911,2026-01-19,37.2,36.2,1.0
00912,2026-01-19,23.13,22.48,0.65
00917,2026-01-19,31.8,28.3,3.5
00927,2026-01-19,25.0,24.09,0.91
00928,2026-01-19,21.21,20.71,0.5
00934,2026-01-19,22.37,22.23,0.132
00943,2026-01-19,14.96,14.89,0.065
00944,2026-01-19,15.22,15.16,0.054
00948B,2026-01-19,9.72,9.68,0.042
00952,2026-01-19,12.49,12.44,0.05
00956,2026-01-19,12.28,12.02,0.26
00957B,2026-01-19,13.96,13.89,0.072
00960,2026-01-19,15.13,14.9,0.225
00961,2026-01-19,10.23,10.21,0.02
00963,2026-01-19,11.84,11.79,0.045
00964,2026-01-19,12.47,12.38,0.088
00981D,2026-01-19,10.65,10.57,0.08
00984A,2026-01-19,12.01,11.84,0.168
00694B,2026-01-20,41.76,41.5,0.256
00695B,2026-01-20,35.62,35.36,0.262
00696B,2026-01-20,29.58,29.31,0.273
00701,2026-01-20,29.96,29.26,0.7
00702,2026-01-20,23.98,23.33,0.65
00714,2026-01-20,20.79,20.66,0.123
00717,2026-01-20,15.43,15.28,0.141
00722B,2026-01-20,37.07,36.55,0.525
00723B,2026-01-20,31.67,31.23,0.445
00724B,2026-01-20,34.79,34.31,0.483
00725B,2026-01-20,35.86,35.37,0.49
00727B,2026-01-20,40.42,39.85,0.57
00730,2026-01-20,23.83,23.72,0.11
00735,2026-01-20,60.3,59.3,1.0
00736,2026-01-20,29.21,28.91,0.3
00740B,2026-01-20,39.33,39.16,0.175
00741B,2026-01-20,37.95,37.75,0.199
00746B,2026-01-20,36.33,35.9,0.426
00749B,2026-01-20,32.13,31.72,0.41
00750B,2026-01-20,33.9,33.5,0.4
00770,2026-01-20,57.95,53.75,4.2
00777B,2026-01-20,33.29,33.16,0.135
00778B,2026-01-20,35.37,35.23,0.138
00782B,2026-01-20,31.5,31.0,0.5
00785B,2026-01-20,35.89,35.47,0.424
00789B,2026-01-20,49.64,49.02,0.62
00791B,2026-01-20,57.1,56.51,0.59
00830,2026-01-20,64.9,55.9,9.0
00840B,2026-01-20,30.7,30.58,0.12
00858,2026-01-20,34.14,32.74,1.4
00881,2026-01-20,35.87,33.22,2.65
00888,2026-01-20,22.69,22.18,0.51
00890B,2026-01-20,32.87,32.73,0.145
00900,2026-01-20,14.59,14.51,0.075
00908,2026-01-20,14.29,14.16,0.121
00929,2026-01-20,19.64,19.54,0.1
00930,2026-01-20,18.26,18.11,0.141
00931B,2026-01-20,13.76,13.62,0.142
00933B,2026-01-20,16.45,16.38,0.072
00937B,2026-01-20,15.14,15.07,0.072
00945B,2026-01-20,14.63,14.54,0.088
00958B,2026-01-20,9.54,9.5,0.043
00981T,2026-01-20,11.03,10.97,0.054
00982B,2026-01-20,10.09,10.04,0.048
00982D,2026-01-20,10.17,10.11,0.052
00983D,2026-01-20,10.31,10.25,0.06
3363,2026-01-20,402.5,394.89,7.611718
0050,2026-01-22,71.85,70.85,1.0
0056,2026-01-22,38.21,37.34,0.866
006203,2026-01-22,129.75,127.95,1.8
00719B,2026-01-22,31.35,31.08,0.27
00720B,2026-01-22,33.79,33.35,0.44
00788B,2026-01-22,30.66,30.29,0.37
00834B,2026-01-22,35.1,34.71,0.386
00870B,2026-01-22,29.18,28.82,0.36
00967B,2026-01-22,9.27,9.24,0.033
00968B,2026-01-22,9.42,9.38,0.043
00981B,2026-01-22,9.52,9.46,0.062
1437,2026-01-22,32.8,32.31,0.483566
2070,2026-01-26,46.8,45.11,1.694477
3189,2026-01-26,214.0,204.83,9.166415
00726B,2026-01-27,33.77,33.27,0.5
3289,2026-01-27,124.5,123.47,1.030885
6733,2026-01-28,37.95,37.8,0.14518
00939,2026-02-02,15.6,15.52,0.072
00940,2026-02-02,9.7,9.65,0.045
00950B,2026-02-02,14.25,14.19,0.063
00986B,2026-02-02,10.14,10.09,0.048
00946,2026-02-03,10.06,10.0,0.058
00953B,2026-02-03,9.8,9.73,0.061
00959B,2026-02-03,9.64,9.6,0.045
00966B,2026-02-03,14.24,14.18,0.065
00983B,2026-02-03,16.2,16.09,0.109
00984B,2026-02-03,16.99,16.86,0.129
00985B,2026-02-03,10.4,10.35,0.048
2374,2026-02-04,79.6,79.11,0.484892
3162,2026-02-04,61.3,59.73,1.570004
6969,2026-02-04,31.15,30.73,0.410424
8066,2026-02-04,20.45,20.36,0.085966
5534,2026-02-05,79.7,78.13,1.561876
2338,2026-02-09,35.5,34.96,0.535115
5604,2026-02-23,39.15,37.15,2.0
6179,2026-02-23,26.9,25.66,1.240662
2421,2026-02-24,147.0,145.96,1.038318
00730,2026-02-25,23.26,23.15,0.11
00740B,2026-02-25,39.73,39.56,0.175
00741B,2026-02-25,37.65,37.45,0.199
00775B,2026-02-25,33.41,33.06,0.35
00844B,2026-02-25,32.89,32.56,0.33
00845B,2026-02-25,34.22,33.84,0.379
00846B,2026-02-25,37.01,36.56,0.447
00867B,2026-02-25,32.3,31.93,0.37
00900,2026-02-25,14.93,14.85,0.075
00907,2026-02-25,15.88,15.72,0.16
00936,2026-02-25,17.94,17.84,0.1
00942B,2026-02-25,14.72,14.66,0.062
00958B,2026-02-25,9.64,9.6,0.045
00962,2026-02-25,11.4,11.37,0.03
00970B,2026-02-25,9.63,9.58,0.048
00980B,2026-02-25,9.74,9.69,0.047
00982D,2026-02-25,10.27,10.21,0.052
00983D,2026-02-25,10.34,10.28,0.06
6109,2026-02-25,12.5,12.0,0.500994
00679B,2026-02-26,27.84,27.56,0.28
00690,2026-02-26,55.85,54.8,1.05
00754B,2026-02-26,34.66,34.26,0.403
00755B,2026-02-26,33.8,33.38,0.421
00756B,2026-02-26,32.68,32.2,0.485
00761B,2026-02-26,35.51,35.1,0.41
00771,2026-02-26,16.4,16.19,0.21
00772B,2026-02-26,34.54,34.4,0.137
00773B,2026-02-26,36.9,36.76,0.142
00777B,2026-02-26,33.48,33.35,0.135
00778B,2026-02-26,35.52,35.38,0.14
00780B,2026-02-26,38.26,37.79,0.47
00786B,2026-02-26,33.79,33.41,0.38
00795B,2026-02-26,28.06,27.8,0.26
00799B,2026-02-26,30.88,30.33,0.55
00840B,2026-02-26,30.86,30.74,0.12
00841B,2026-02-26,30.21,29.87,0.34
00847B,2026-02-26,26.69,26.34,0.35
00850,2026-02-26,67.2,66.4,0.8
00860B,2026-02-26,38.35,37.93,0.42
00864B,2026-02-26,46.3,45.74,0.56
00878,2026-02-26,24.0,23.58,0.42
00883B,2026-02-26,31.45,31.33,0.12
00890B,2026-02-26,33.04,32.9,0.145
00891,2026-02-26,25.92,25.17,0.75
00894,2026-02-26,34.18,33.78,0.4
00913,2026-02-26,33.0,31.4,1.6
00923,2026-02-26,32.49,30.78,1.71
00932,2026-02-26,15.18,14.96,0.22
00933B,2026-02-26,16.5,16.43,0.072
00934,2026-02-26,22.66,22.52,0.14
00937B,2026-02-26,15.23,15.16,0.072
00938,2026-02-26,19.7,19.5,0.2
00943,2026-02-26,15.27,15.2,0.07
00944,2026-02-26,15.49,15.43,0.054
00945B,2026-02-26,14.47,14.38,0.088
00948B,2026-02-26,9.67,9.63,0.04
00952,2026-02-26,13.22,13.17,0.05
00957B,2026-02-26,13.86,13.79,0.072
00961,2026-02-26,10.42,10.36,0.06
00963,2026-02-26,12.48,12.43,0.045
00964,2026-02-26,14.0,13.91,0.089
00967B,2026-02-26,9.42,9.39,0.033
00968B,2026-02-26,9.46,9.42,0.043
009808,2026-02-26,24.03,23.54,0.481
00980A,2026-02-26,17.9,17.53,0.368
00980D,2026-02-26,20.89,20.78,0.114
00981D,2026-02-26,10.48,10.4,0.08
00981T,2026-02-26,11.54,11.48,0.056
00982A,2026-02-26,16.76,16.38,0.377
00982B,2026-02-26,10.08,10.03,0.048
00731,2026-03-03,75.0,74.24,0.752
00758B,2026-03-03,52.75,52.16,0.59
00759B,2026-03-03,56.2,55.57,0.63
00760B,2026-03-03,55.65,54.94,0.71
00768B,2026-03-03,53.8,52.94,0.86
00929,2026-03-03,19.96,19.86,0.1
00981B,2026-03-03,9.34,9.28,0.062
3605,2026-03-04,63.4,63.06,0.339785
4807,2026-03-05,18.15,17.29,0.854559
00939,2026-03-11,15.51,15.43,0.072
00940,2026-03-11,9.53,9.48,0.045
00966B,2026-03-11,14.32,14.25,0.068
00986B,2026-03-11,10.22,10.17,0.048
3322,2026-03-11,14.85,14.55,0.29655
00946,2026-03-12,10.08,10.02,0.058
00950B,2026-03-12,14.37,14.31,0.065
00953B,2026-03-12,9.71,9.64,0.061
00959B,2026-03-12,9.57,9.53,0.045
00983B,2026-03-12,16.38,16.26,0.125
00984B,2026-03-12,16.84,16.7,0.145
00985B,2026-03-12,10.36,10.31,0.048
1342,2026-03-12,95.9,89.9,6.0
2762,2026-03-12,79.4,75.28,4.111195
01009T,2026-03-13,5.99,5.85,0.130164
00936,2026-03-16,17.6,17.5,0.1
00942B,2026-03-16,14.34,14.28,0.062
00962,2026-03-16,11.0,10.95,0.05
00970B,2026-03-16,9.38,9.33,0.052
00980B,2026-03-16,9.48,9.43,0.047
01010T,2026-03-16,10.06,9.97,0.089115
9802,2026-03-16,85.8,83.8,2.0
00687B,2026-03-17,28.78,28.5,0.28
00730,2026-03-17,22.82,22.71,0.11
00740B,2026-03-17,38.81,38.62,0.195
00741B,2026-03-17,37.85,37.65,0.199
00764B,2026-03-17,28.8,28.48,0.32
00772B,2026-03-17,33.88,33.74,0.14
00773B,2026-03-17,36.05,35.91,0.145
00777B,2026-03-17,32.89,32.76,0.135
00778B,2026-03-17,34.5,34.37,0.135
00779B,2026-03-17,29.19,28.89,0.299
00781B,2026-03-17,29.14,28.69,0.45
00792B,2026-03-17,32.06,31.64,0.425
00793B,2026-03-17,31.16,30.77,0.395
00840B,2026-03-17,30.17,30.06,0.115
00853B,2026-03-17,28.03,27.68,0.347
00859B,2026-03-17,42.02,41.41,0.614
00862B,2026-03-17,31.96,31.54,0.42
00863B,2026-03-17,32.53,32.15,0.38
00890B,2026-03-17,32.42,32.28,0.14
00896,2026-03-17,21.85,21.15,0.7
00900,2026-03-17,14.34,14.26,0.075
00915,2026-03-17,23.66,23.28,0.38
00919,2026-03-17,23.91,23.13,0.78
00921,2026-03-17,19.01,18.74,0.27
00922,2026-03-17,30.81,28.81,2.0
00933B,2026-03-17,16.14,16.07,0.072
00934,2026-03-17,21.94,21.8,0.14
00935,2026-03-17,38.06,36.86,1.2
00937B,2026-03-17,14.87,14.8,0.072
00943,2026-03-17,15.08,15.0,0.072
00944,2026-03-17,15.3,15.24,0.054
00945B,2026-03-17,14.55,14.46,0.087
00948B,2026-03-17,9.47,9.43,0.042
00952,2026-03-17,12.94,12.89,0.05
00957B,2026-03-17,13.59,13.52,0.072
00961,2026-03-17,10.38,10.25,0.122
00963,2026-03-17,12.32,12.27,0.045
00964,2026-03-17,13.87,13.77,0.093
00972,2026-03-17,18.92,18.65,0.27
009802,2026-03-17,12.88,12.78,0.092
009803,2026-03-17,15.53,15.28,0.25
00980D,2026-03-17,20.57,20.46,0.114
00981A,2026-03-17,20.27,19.86,0.41
00981D,2026-03-17,10.46,10.38,0.08
00981T,2026-03-17,11.1,11.04,0.057
00982B,2026-03-17,9.86,9.82,0.042
00982D,2026-03-17,10.08,10.02,0.052
00983D,2026-03-17,10.28,10.22,0.06
2330,2026-03-17,1845.0,1838.99,6.000035
00710B,2026-03-18,19.03,18.73,0.3
00711B,2026-03-18,16.28,16.08,0.2
00712,2026-03-18,8.99,8.8,0.19
00929,2026-03-18,19.93,19.82,0.11
1712,2026-03-18,47.0,44.5,2.5
3587,2026-03-18,187.0,186.27,0.734608
00728,2026-03-19,46.13,45.61,0.52
00918,2026-03-19,23.68,23.06,0.62
00981B,2026-03-19,9.33,9.27,0.061
2301,2026-03-19,170.0,167.0,3.0
2430,2026-03-19,22.75,21.95,0.8
2613,2026-03-19,26.1,25.1,1.0
3008,2026-03-19,2440.0,2388.0,52.0
3029,2026-03-19,118.0,112.5,5.5
3038,2026-03-19,23.5,22.3,1.2
4440,2026-03-19,18.35,17.35,1.0
5306,2026-03-19,89.2,88.16,1.034104
6720,2026-03-19,173.0,169.5,3.5
6955,2026-03-19,167.0,165.5,1.5
9105,2026-03-19,5.93,5.84,0.087264
00697B,2026-03-20,36.55,36.24,0.31
00713,2026-03-20,52.5,51.72,0.78
00751B,2026-03-20,32.14,31.73,0.41
00787B,2026-03-20,33.05,32.64,0.41
00967B,2026-03-20,9.36,9.33,0.033
00968B,2026-03-20,9.33,9.29,0.043
2006,2026-03-20,75.0,70.7,4.3
2630,2026-03-20,51.1,50.2,0.9
3260,2026-03-20,525.0,508.0,17.0
5234,2026-03-20,392.0,385.5,6.5
6235,2026-03-20,49.1,47.9,1.2
6548,2026-03-20,46.8,46.35,0.450012
6910,2026-03-20,32.3,30.55,1.75
00836B,2026-03-23,29.36,28.99,0.375
00856B,2026-03-23,38.3,37.97,0.335
00857B,2026-03-23,24.03,23.78,0.25
00930,2026-03-23,17.77,17.62,0.15
00958B,2026-03-23,9.38,9.34,0.044
4163,2026-03-23,108.0,104.5,3.5
1623,2026-03-24,200.0,192.0,8.0
5478,2026-03-24,110.0,102.5,7.5
3005,2026-03-25,127.0,120.21,6.789056
4949,2026-03-25,61.0,59.6,1.4
6281,2026-03-25,60.5,57.2,3.3
6894,2026-03-25,374.5,366.0,8.5
8464,2026-03-25,383.0,367.0,16.0
1477,2026-03-26,268.0,259.0,9.0
1611,2026-03-26,13.3,12.5,0.8
2015,2026-03-26,68.1,64.8,3.3
2101,2026-03-26,35.2,34.5,0.7
2108,2026-03-26,25.35,24.35,1.0
2109,2026-03-26,15.15,14.65,0.5
2458,2026-03-26,135.0,130.57,4.424533
2528,2026-03-26,26.95,25.45,1.5
2947,2026-03-26,80.0,78.9,1.1
3188,2026-03-26,32.3,29.1,3.195515
3218,2026-03-26,138.5,130.75,7.75
3596,2026-03-26,177.5,168.5,9.0
4105,2026-03-26,80.0,75.5,4.5
4420,2026-03-26,48.4,45.4,3.0
4930,2026-03-26,20.0,19.4,0.6
5403,2026-03-26,107.0,100.5,6.5
5520,2026-03-26,88.1,81.1,7.0
6020,2026-03-26,19.3,19.03,0.272666
6151,2026-03-26,31.15,29.65,1.5
6188,2026-03-26,94.9,93.2,1.7
6415,2026-03-26,293.5,290.94,2.55261
6423,2026-03-26,89.8,88.8,1.0
6523,2026-03-26,118.5,116.5,2.0
6534,2026-03-26,93.4,89.1,4.3
6596,2026-03-26,144.0,125.3,18.7
6642,2026-03-26,55.2,53.4,1.8
6703,2026-03-26,120.5,115.7,4.8
6761,2026-03-26,189.0,183.0,6.0
6865,2026-03-26,34.55,33.15,1.402462
6953,2026-03-26,227.5,221.5,6.0
7732,2026-03-26,36.7,35.2,1.5
7736,2026-03-26,82.9,79.1,3.8
8109,2026-03-26,101.0,96.5,4.5
8367,2026-03-26,46.0,43.15,2.85
8908,2026-03-26,42.4,40.9,1.5
9949,2026-03-26,27.2,25.0,2.2
1295,2026-03-27,69.0,66.0,3.0
1457,2026-03-27,16.3,15.3,1.0
2324,2026-03-27,31.5,30.4,1.1
2344,2026-03-27,96.0,95.5,0.5
2387,2026-03-27,44.6,40.6,4.0
2483,2026-03-27,21.15,20.85,0.3
2496,2026-03-27,69.6,66.6,3.0
2941,2026-03-27,41.75,39.47,2.28
4583,2026-03-27,679.0,669.0,10.0
5225,2026-03-27,90.0,82.79,7.209998
5283,2026-03-27,56.0,55.8,0.2
6581,2026-03-27,111.5,106.2,5.3
6651,2026-03-27,90.9,86.9,4.0
6697,2026-03-27,45.05,42.45,2.6
6752,2026-03-27,118.5,114.0,4.5
6918,2026-03-27,85.0,80.0,5.0
6967,2026-03-27,68.8,65.1,3.7
7631,2026-03-27,116.5,115.75,0.75
7713,2026-03-27,73.5,69.4,4.1
8401,2026-03-27,26.6,25.4,1.2
8926,2026-03-27,46.6,44.92,1.670517
8930,2026-03-27,32.1,29.9,2.2
8938,2026-03-27,65.3,61.3,4.0
8996,2026-03-27,845.0,840.44,4.555207
2910,2026-03-30,23.05,22.01,1.04
2937,2026-03-30,48.65,46.55,2.1
3158,2026-03-30,99.5,93.0,6.5
5222,2026-03-30,135.0,132.5,2.5
00939,2026-03-31,15.32,15.24,0.072
00966B,2026-03-31,13.9,13.83,0.068
00986B,2026-03-31,9.9,9.86,0.043
1414,2026-03-31,17.45,17.25,0.2
4728,2026-03-31,394.0,381.9,12.1
7751,2026-03-31,1500.0,1482.0,18.0
00950B,2026-04-01,14.24,14.18,0.065
00959B,2026-04-01,9.43,9.38,0.048
00983B,2026-04-01,16.15,16.09,0.064
00984B,2026-04-01,16.51,16.43,0.081
01004T,2026-04-01,11.11,10.89,0.216117
1445,2026-04-01,13.4,12.9,0.5
2065,2026-04-01,31.75,30.25,1.5
2611,2026-04-01,14.35,13.83,0.52
4760,2026-04-01,196.5,192.0,4.5
4770,2026-04-01,216.5,210.5,6.0
5007,2026-04-01,58.2,55.2,3.0
5278,2026-04-01,24.9,24.73,0.166667
6148,2026-04-01,34.45,33.22,1.23
6291,2026-04-01,344.0,338.0,6.0
6590,2026-04-01,72.0,69.2,2.8
7750,2026-04-01,1265.0,1249.0,16.0
9911,2026-04-01,88.0,83.0,5.0
00946,2026-04-02,10.11,10.05,0.058
00953B,2026-04-02,9.69,9.62,0.061
00985B,2026-04-02,10.35,10.3,0.048
4966,2026-04-02,482.0,473.09,8.909385
6831,2026-04-02,407.0,404.0,3.0
8102,2026-04-07,56.8,55.8,1.0
3164,2026-04-08,18.7,17.9,0.8
4207,2026-04-08,19.7,18.5,1.2
5212,2026-04-08,57.7,53.5,4.2
00940,2026-04-09,9.82,9.77,0.045
2070,2026-04-09,38.6,37.6,1.0
2535,2026-04-09,72.0,67.4,4.6
2732,2026-04-09,67.4,65.4,2.0
2751,2026-04-09,61.2,58.7,2.499368
2752,2026-04-09,212.0,198.5,13.5
2756,2026-04-09,70.4,68.4,2.0
3004,2026-04-09,112.0,109.45,2.547551
4542,2026-04-09,172.0,171.07,0.934569
4566,2026-04-09,58.1,57.41,0.682748
5388,2026-04-09,81.6,79.1,2.5
6028,2026-04-09,90.2,84.2,6.0
6104,2026-04-09,92.2,87.7,4.5
6649,2026-04-09,43.3,42.3,1.0
6830,2026-04-09,662.0,661.0,1.0
2072,2026-04-10,190.0,182.91,7.083333
3289,2026-04-10,150.5,149.3,1.195912
4532,2026-04-10,25.95,24.45,1.5
4735,2026-04-10,31.5,31.0,0.5
6143,2026-04-10,99.9,93.9,6.0
6895,2026-04-10,178.5,175.6,2.9
1475,2026-04-15,30.45,28.95,1.5
1451,2026-04-16,18.65,17.65,1.0
1524,2026-04-16,30.6,29.2,1.4
1604,2026-04-16,25.35,23.85,1.5
2020,2026-04-16,25.15,23.35,1.8
2032,2026-04-16,17.0,16.5,0.5
2481,2026-04-16,100.0,98.2,1.8
2707,2026-04-16,191.5,180.75,10.7496
3021,2026-04-16,16.9,16.3,0.6
3526,2026-04-16,291.5,274.66,16.841127
4173,2026-04-16,20.5,19.46,1.04
4528,2026-04-16,17.2,17.0,0.2
4973,2026-04-16,78.1,77.1,1.0
5287,2026-04-16,166.5,161.25,5.25
6015,2026-04-16,13.6,13.05,0.549821
6021,2026-04-16,31.0,29.0,2.001025
6128,2026-04-16,20.9,20.4,0.5
6182,2026-04-16,36.65,36.35,0.298181
6224,2026-04-16,57.7,56.45,1.25
6274,2026-04-16,946.0,938.49,7.506577
6294,2026-04-16,41.9,38.9,3.0
6625,2026-04-16,81.6,76.6,5.0
6672,2026-04-16,155.5,152.15,3.35
6712,2026-04-16,143.5,140.0,3.5
6756,2026-04-16,74.6,73.7,0.899935
6791,2026-04-16,123.5,120.0,3.502244
6807,2026-04-16,40.7,38.2,2.5
8433,2026-04-16,61.3,57.1,4.2
8446,2026-04-16,99.1,91.1,8.0
00734B,2026-04-17,15.99,15.83,0.16
00842B,2026-04-17,31.95,31.15,0.8
00904,2026-04-17,32.68,32.0,0.68
00936,2026-04-17,18.4,18.3,0.1
00942B,2026-04-17,14.52,14.46,0.062
00947,2026-04-17,26.7,26.58,0.12
00962,2026-04-17,11.94,11.89,0.05
00970B,2026-04-17,9.48,9.43,0.052
00980B,2026-04-17,9.6,9.55,0.047
0052,2026-04-20,50.05,48.85,1.199
00694B,2026-04-20,41.81,41.55,0.256
00695B,2026-04-20,35.54,35.28,0.262
00696B,2026-04-20,29.3,29.03,0.275
00714,2026-04-20,21.38,21.25,0.123
00717,2026-04-20,15.17,15.02,0.141
00722B,2026-04-20,36.48,35.96,0.525
00723B,2026-04-20,31.17,30.73,0.44
00724B,2026-04-20,34.08,33.59,0.49
00725B,2026-04-20,35.47,34.98,0.49
00727B,2026-04-20,40.2,39.35,0.85
00730,2026-04-20,24.78,24.67,0.11
00733,2026-04-20,62.4,61.82,0.578
00740B,2026-04-20,38.83,38.64,0.195
00741B,2026-04-20,37.67,37.47,0.199
00746B,2026-04-20,35.98,35.55,0.426
00749B,2026-04-20,32.1,31.68,0.42
00750B,2026-04-20,33.46,33.06,0.4
00772B,2026-04-20,33.97,33.83,0.14
00773B,2026-04-20,35.95,35.81,0.145
00777B,2026-04-20,32.9,32.76,0.14
00778B,2026-04-20,34.45,34.31,0.138
00782B,2026-04-20,30.93,30.43,0.5
00785B,2026-04-20,35.2,34.77,0.434
00840B,2026-04-20,30.23,30.11,0.12
00848B,2026-04-20,34.75,34.38,0.37
00849B,2026-04-20,37.45,37.12,0.33
00884B,2026-04-20,30.15,29.79,0.36
00890B,2026-04-20,32.47,32.32,0.15
00900,2026-04-20,15.07,14.99,0.075
00905,2026-04-20,22.21,21.61,0.6
00908,2026-04-20,14.18,14.05,0.121
00909,2026-04-20,44.31,41.56,2.75
00912,2026-04-20,27.6,26.85,0.75
00927,2026-04-20,28.22,27.28,0.94
00931B,2026-04-20,13.62,13.48,0.141
00933B,2026-04-20,16.08,16.01,0.072
00934,2026-04-20,22.93,22.78,0.143
00937B,2026-04-20,14.92,14.85,0.072
00943,2026-04-20,17.19,17.11,0.071
00944,2026-04-20,17.0,16.94,0.054
00945B,2026-04-20,14.55,14.46,0.087
00948B,2026-04-20,9.5,9.46,0.042
00952,2026-04-20,15.29,15.24,0.05
00956,2026-04-20,12.34,12.14,0.2
00957B,2026-04-20,13.55,13.49,0.063
00960,2026-04-20,17.61,17.38,0.225
00961,2026-04-20,10.31,10.26,0.049
00963,2026-04-20,12.95,12.9,0.045
00964,2026-04-20,13.91,13.81,0.1
009804,2026-04-20,18.92,18.04,0.876
00980D,2026-04-20,20.56,20.45,0.114
00981D,2026-04-20,10.43,10.36,0.07
00981T,2026-04-20,11.45,11.39,0.057
00982B,2026-04-20,9.91,9.87,0.042
00982D,2026-04-20,10.04,9.98,0.052
00983D,2026-04-20,10.22,10.16,0.06
00984A,2026-04-20,14.14,13.87,0.268
00789B,2026-04-21,49.16,48.51,0.65
00791B,2026-04-21,57.15,56.55,0.6
00929,2026-04-21,21.78,21.65,0.13
00834B,2026-04-22,34.61,34.24,0.372
00981B,2026-04-22,9.34,9.28,0.063
0056,2026-04-23,42.61,41.61,1.0
00719B,2026-04-23,31.16,30.89,0.27
00720B,2026-04-23,33.51,33.03,0.48
00788B,2026-04-23,30.4,30.03,0.37
00870B,2026-04-23,28.96,28.58,0.38
00888,2026-04-23,27.29,26.24,1.05
00907,2026-04-23,14.91,14.71,0.2
00958B,2026-04-23,9.33,9.29,0.044
00967B,2026-04-23,9.23,9.2,0.033
00968B,2026-04-23,9.33,9.29,0.043
3605,2026-04-23,73.9,72.89,1.000721
4104,2026-04-23,78.6,74.3,4.3
4138,2026-04-23,65.5,61.3,4.2
4764,2026-04-23,222.0,221.0,1.0
6192,2026-04-23,127.0,121.2,5.8
6931,2026-04-23,50.3,50.06,0.24
6996,2026-04-23,191.5,181.5,10.001786
7795,2026-04-23,421.0,418.85,2.15
1217,2026-04-24,10.3,10.05,0.25
1315,2026-04-24,65.7,63.2,2.5
1717,2026-04-24,78.8,77.8,1.0
2477,2026-04-24,24.5,23.1,1.4
6821,2026-04-24,64.4,63.31,1.085779
7782,2026-04-24,30.8,28.79,2.011264
00726B,2026-04-28,33.29,32.79,0.5
1786,2026-04-29,60.6,58.69,1.90885
3362,2026-04-29,108.0,107.46,0.542573
00939,2026-05-04,16.84,16.76,0.072
00950B,2026-05-04,14.1,14.04,0.065
00959B,2026-05-04,9.37,9.32,0.048
00966B,2026-05-04,13.89,13.82,0.068
00983B,2026-05-04,15.69,15.63,0.064
00984B,2026-05-04,16.35,16.27,0.082
00984D,2026-05-04,10.16,10.07,0.085
00986B,2026-05-04,9.94,9.9,0.043
00946,2026-05-06,12.09,12.03,0.058
00953B,2026-05-06,9.67,9.6,0.061
00985B,2026-05-06,10.23,10.18,0.048
8074,2026-05-06,92.7,88.73,3.969808
00940,2026-05-07,10.85,10.8,0.045
01001T,2026-05-08,12.4,11.96,0.430233
01002T,2026-05-14,14.68,14.22,0.457505
01007T,2026-05-14,13.21,12.99,0.216853
6712,2026-05-14,139.0,132.38,6.619047
8033,2026-05-14,140.0,137.66,2.332507
00775B,2026-05-18,32.29,31.94,0.35
00844B,2026-05-18,31.56,31.15,0.41
00867B,2026-05-18,31.15,30.74,0.41
00936,2026-05-18,19.22,19.12,0.1
00942B,2026-05-18,14.22,14.16,0.062
00962,2026-05-18,13.41,13.36,0.05
00970B,2026-05-18,9.33,9.28,0.05
00980B,2026-05-18,9.41,9.36,0.047
00988B,2026-05-18,19.8,19.65,0.153
00690,2026-05-19,72.0,70.6,1.4
00730,2026-05-19,26.19,26.08,0.11
00740B,2026-05-19,38.24,38.05,0.195
00741B,2026-05-19,37.33,37.13,0.199
00754B,2026-05-19,33.17,32.81,0.365
00755B,2026-05-19,32.5,32.06,0.443
00756B,2026-05-19,31.04,30.55,0.49
00761B,2026-05-19,34.19,33.79,0.4
00772B,2026-05-19,33.24,33.1,0.14
00773B,2026-05-19,35.43,35.29,0.145
00777B,2026-05-19,32.11,31.97,0.14
00778B,2026-05-19,34.06,33.92,0.14
00780B,2026-05-19,37.19,36.71,0.48
00795B,2026-05-19,26.43,26.1,0.33
00799B,2026-05-19,29.43,28.98,0.45
00840B,2026-05-19,29.6,29.48,0.12
00841B,2026-05-19,28.72,28.38,0.34
00845B,2026-05-19,33.27,32.88,0.394
00846B,2026-05-19,35.92,35.48,0.437
00847B,2026-05-19,25.34,24.99,0.35
00860B,2026-05-19,38.19,37.77,0.42
00864B,2026-05-19,46.49,45.93,0.56
00878,2026-05-19,27.8,27.14,0.66
00890B,2026-05-19,31.98,31.84,0.145
00891,2026-05-19,33.9,32.65,1.25
00894,2026-05-19,46.01,45.41,0.6
00900,2026-05-19,16.69,16.61,0.075
00932,2026-05-19,16.3,16.08,0.22
00933B,2026-05-19,15.84,15.77,0.072
00934,2026-05-19,25.1,24.85,0.25
00937B,2026-05-19,14.69,14.62,0.072
00938,2026-05-19,20.83,20.61,0.22
00943,2026-05-19,19.75,19.66,0.09
00944,2026-05-19,18.44,18.38,0.054
00945B,2026-05-19,14.44,14.35,0.087
00948B,2026-05-19,9.36,9.32,0.042
00952,2026-05-19,17.16,17.06,0.1
00957B,2026-05-19,13.26,13.2,0.06
00961,2026-05-19,11.12,11.01,0.108
00963,2026-05-19,12.61,12.52,0.086
00964,2026-05-19,14.1,14.0,0.1
009808,2026-05-19,28.2,27.63,0.57
00980A,2026-05-19,22.82,22.34,0.48
00980D,2026-05-19,20.26,20.15,0.114
00981D,2026-05-19,10.34,10.27,0.07
00981T,2026-05-19,11.78,11.71,0.065
00982A,2026-05-19,22.52,21.88,0.64
00982B,2026-05-19,9.74,9.7,0.042
00982D,2026-05-19,9.88,9.82,0.052
00983D,2026-05-19,10.08,10.02,0.06
6841,2026-05-19,60.4,59.4,1.0
7714,2026-05-19,126.0,123.0,3.0
00731,2026-05-20,75.15,74.39,0.752
00758B,2026-05-20,51.25,50.66,0.59
00759B,2026-05-20,54.05,53.44,0.61
00760B,2026-05-20,53.5,52.79,0.71
00768B,2026-05-20,49.59,48.74,0.85
00929,2026-05-20,25.23,25.1,0.13
6597,2026-05-20,72.9,71.9,1.0
00981B,2026-05-21,9.19,9.13,0.063
00679B,2026-05-22,26.22,25.94,0.28
00771,2026-05-22,16.1,15.89,0.21
00786B,2026-05-22,32.45,32.07,0.38
00850,2026-05-22,82.1,81.25,0.85
00967B,2026-05-22,8.98,8.95,0.033
00968B,2026-05-22,9.19,9.15,0.043
3257,2026-05-22,56.5,53.7,2.8
2426,2026-05-25,83.2,83.1,0.1
2486,2026-05-25,271.0,270.5,0.49846
7715,2026-05-25,31.4,29.6,1.8
00930,2026-05-26,23.3,22.99,0.31
00958B,2026-05-26,9.25,9.21,0.044
1215,2026-05-27,142.5,135.5,7.0
1568,2026-05-27,35.1,34.1,1.0
3413,2026-05-27,346.0,335.01,10.983792
3680,2026-05-27,589.0,584.0,4.99734
4995,2026-05-27,47.65,45.66,1.992863
6679,2026-05-27,343.0,336.5,6.5
1459,2026-05-28,11.6,11.4,0.2
1702,2026-05-28,32.9,31.3,1.6
1708,2026-05-28,38.45,36.85,1.6
2916,2026-05-28,47.45,43.85,3.6
3717,2026-05-28,22.0,21.7,0.29156
4538,2026-05-28,18.7,17.7,1.0
4585,2026-05-28,349.5,348.5,1.0
5529,2026-05-28,22.8,21.95,0.847567
6570,2026-05-28,59.2,58.1,1.1
6732,2026-05-28,183.0,177.5,5.5
6568,2026-05-29,230.0,228.0,2.0
2612,2026-06-01,57.7,55.5,2.2
3709,2026-06-01,88.8,86.35,2.445568
4527,2026-06-01,45.95,42.95,3.0
6176,2026-06-01,106.5,103.0,3.5
6909,2026-06-01,53.5,52.49,1.000142
8924,2026-06-01,64.5,60.2,4.3
00939,2026-06-02,20.5,20.42,0.072
00946,2026-06-02,15.32,15.26,0.058
00950B,2026-06-02,14.05,13.99,0.065
00953B,2026-06-02,9.58,9.51,0.061
00984D,2026-06-02,10.1,10.01,0.085
00985B,2026-06-02,10.15,10.1,0.048
00986B,2026-06-02,9.9,9.86,0.042
1323,2026-06-02,20.95,20.05,0.9
2313,2026-06-02,282.0,279.2,2.8
2548,2026-06-02,122.5,114.5,8.0
4555,2026-06-02,57.1,56.6,0.5
4912,2026-06-02,113.5,112.5,1.0
6716,2026-06-02,104.5,102.9,1.601481
6788,2026-06-02,425.5,410.5,15.0
7744,2026-06-02,504.0,497.0,7.0
8487,2026-06-02,82.0,77.19,4.806
00959B,2026-06-03,9.46,9.41,0.048
00966B,2026-06-03,14.1,14.03,0.068
00983B,2026-06-03,15.66,15.6,0.061
00984B,2026-06-03,16.52,16.44,0.08
2642,2026-06-03,20.95,20.45,0.5
5236,2026-06-03,181.0,172.0,9.0
5309,2026-06-03,78.6,78.1,0.498904
3356,2026-06-04,61.7,58.2,3.5
4939,2026-06-04,53.4,53.15,0.25
5878,2026-06-04,41.7,39.3,2.4
7828,2026-06-04,1625.0,1620.47,4.529806
4951,2026-06-05,119.5,115.0,4.5
6263,2026-06-05,181.5,173.7,7.8
6525,2026-06-05,119.5,114.5,5.0
01010T,2026-06-08,10.0,9.9,0.098474
1219,2026-06-08,13.0,12.5,0.5
3036,2026-06-08,281.0,273.2,7.795026
3310,2026-06-08,72.2,68.7,3.5
3406,2026-06-08,682.0,665.0,17.0
3443,2026-06-08,4410.0,4390.0,20.0
4958,2026-06-08,504.0,500.57,3.421698
5213,2026-06-08,26.8,24.0,2.8
6658,2026-06-08,188.0,186.8,1.2
00940,2026-06-09,11.99,11.94,0.05
1416,2026-06-09,11.65,11.08,0.57
1733,2026-06-09,29.9,28.6,1.3
2114,2026-06-09,93.4,88.4,5.0
2731,2026-06-09,172.0,159.2,12.8
3441,2026-06-09,54.6,53.75,0.85
3531,2026-06-09,23.55,23.05,0.5
4994,2026-06-09,90.0,87.0,3.0
6412,2026-06-09,94.0,90.3,3.7
6516,2026-06-09,60.3,57.96,2.34
6936,2026-06-09,34.3,32.79,1.51
7704,2026-06-09,60.2,58.4,1.8
7757,2026-06-09,110.5,102.75,7.75
7791,2026-06-09,67.5,63.69,3.81
8042,2026-06-09,132.0,130.8,1.19592
9924,2026-06-09,42.8,40.3,2.5
9940,2026-06-09,19.3,18.7,0.6
1473,2026-06-10,20.9,20.4,0.5
1515,2026-06-10,23.85,23.25,0.6
2421,2026-06-10,160.0,154.75,5.24042
2637,2026-06-10,80.9,77.4,3.5
3118,2026-06-10,33.7,31.5,2.2
3540,2026-06-10,27.2,26.32,0.880906
5340,2026-06-10,92.0,91.4,0.6
6271,2026-06-10,240.0,237.0,3.0
6913,2026-06-10,136.0,133.5,2.5
7718,2026-06-10,48.85,46.35,2.5
910322,2026-06-10,24.1,22.25,1.840312
1312,2026-06-11,13.2,13.4,0.0
1312A,2026-06-11,22.2,22.37,0.0
1605,2026-06-11,34.8,34.3,0.5
1760,2026-06-11,61.5,59.5,2.0
2030,2026-06-11,18.65,18.15,0.5
2329,2026-06-11,52.7,51.69,1.000042
2330,2026-06-11,2255.0,2248.99,6.000035
3030,2026-06-11,323.0,316.0,7.0
3105,2026-06-11,478.0,476.0,2.0
3481,2026-06-11,44.3,43.3,1.0
4749,2026-06-11,925.0,915.12,9.878968
6146,2026-06-11,214.0,202.0,12.0
6266,2026-06-11,27.4,25.62,1.78
6834,2026-06-11,70.0,69.6,0.4
6925,2026-06-11,70.0,68.0,2.0
6951,2026-06-11,83.0,79.0,4.0
6961,2026-06-11,61.4,56.4,5.0
8111,2026-06-11,56.4,55.8,0.6
8424,2026-06-11,73.1,68.1,5.0
8454,2026-06-11,449.5,439.5,10.0
1218,2026-06-12,19.2,17.88,1.32
1776,2026-06-12,17.85,17.25,0.6
1810,2026-06-12,20.7,20.5,0.2
2207,2026-06-12,489.5,469.5,20.0
2327,2026-06-12,842.0,836.0,5.998525
3679,2026-06-12,123.5,114.5,9.0
4153,2026-06-12,32.35,30.35,2.0
6418,2026-06-12,31.85,31.47,0.38
6739,2026-06-12,1100.0,1087.0,13.0
8028,2026-06-12,304.0,301.29,2.701988
8432,2026-06-12,53.1,50.49,2.61
00936,2026-06-15,20.55,20.43,0.12
00942B,2026-06-15,14.46,14.4,0.062
00962,2026-06-15,14.67,14.59,0.08
00970B,2026-06-15,9.5,9.45,0.05
009803,2026-06-15,21.59,21.09,0.5
00980B,2026-06-15,9.57,9.52,0.047
00988B,2026-06-15,19.89,19.74,0.153
1232,2026-06-15,150.5,143.3,7.2
2031,2026-06-15,41.75,39.25,2.5
2107,2026-06-15,26.45,25.05,1.4
2385,2026-06-15,141.0,133.8,7.2
2608,2026-06-15,30.2,28.55,1.65
2832,2026-06-15,54.9,51.4,3.5
3556,2026-06-15,69.6,67.65,1.95
4735,2026-06-15,32.6,31.6,1.0
4938,2026-06-15,93.1,89.09,4.009436
6272,2026-06-15,35.25,33.23,2.015579
6532,2026-06-15,88.9,85.9,3.0
6741,2026-06-15,62.6,60.55,2.054663
6861,2026-06-15,304.0,302.0,2.0
7703,2026-06-15,203.5,196.5,7.0
7722,2026-06-15,333.5,332.0,1.5
8016,2026-06-15,289.5,278.0,11.5
8435,2026-06-15,56.8,53.6,3.2
9910,2026-06-15,91.9,87.8,4.1
00687B,2026-06-16,28.15,27.89,0.262
00730,2026-06-16,29.52,29.41,0.11
00740B,2026-06-16,39.06,38.89,0.175
00741B,2026-06-16,37.28,37.08,0.199
00764B,2026-06-16,28.1,27.79,0.312
00772B,2026-06-16,34.0,33.86,0.14
00773B,2026-06-16,36.16,36.02,0.145
00777B,2026-06-16,32.99,32.85,0.14
00778B,2026-06-16,34.88,34.74,0.14
00779B,2026-06-16,28.48,28.12,0.36
00781B,2026-06-16,29.03,28.48,0.55
00792B,2026-06-16,32.28,31.83,0.453
00793B,2026-06-16,31.24,30.83,0.41
00840B,2026-06-16,30.38,30.26,0.123
00853B,2026-06-16,28.16,27.81,0.347
00859B,2026-06-16,41.06,40.45,0.611
00862B,2026-06-16,32.33,31.91,0.42
00863B,2026-06-16,32.62,32.24,0.38
00890B,2026-06-16,32.75,32.61,0.145
00896,2026-06-16,29.0,27.75,1.25
00900,2026-06-16,19.51,19.43,0.075
00915,2026-06-16,31.46,31.01,0.45
00916,2026-06-16,27.9,25.98,1.92
00919,2026-06-16,30.69,29.69,1.0
00921,2026-06-16,23.12,22.8,0.32
00933B,2026-06-16,16.15,16.08,0.073
00934,2026-06-16,28.77,28.52,0.25
00937B,2026-06-16,15.04,14.97,0.072
00943,2026-06-16,22.3,22.18,0.12
00944,2026-06-16,21.36,21.3,0.054
00945B,2026-06-16,14.5,14.41,0.087
00948B,2026-06-16,9.59,9.55,0.042
00952,2026-06-16,18.53,18.41,0.12
00957B,2026-06-16,13.65,13.59,0.058
00961,2026-06-16,12.94,12.79,0.15
00963,2026-06-16,12.88,12.79,0.09
00964,2026-06-16,14.78,14.67,0.106
00972,2026-06-16,19.84,19.62,0.22
009802,2026-06-16,19.92,19.72,0.198
009809,2026-06-16,17.41,17.31,0.1
00980D,2026-06-16,20.51,20.4,0.114
00981A,2026-06-16,31.47,30.84,0.63
00981D,2026-06-16,10.4,10.33,0.07
00981T,2026-06-16,12.22,12.14,0.071
00982B,2026-06-16,9.98,9.94,0.042
00982D,2026-06-16,10.02,9.96,0.052
00983D,2026-06-16,10.16,10.1,0.06
00985D,2026-06-16,10.3,10.24,0.0592
1582,2026-06-16,91.7,88.7,3.0
1788,2026-06-16,136.0,129.0,7.0
2069,2026-06-16,20.15,19.15,1.0
2459,2026-06-16,68.6,64.4,4.2
2480,2026-06-16,156.5,148.7,7.8
2606,2026-06-16,67.2,64.4,2.8
2816,2026-06-16,33.8,32.3,1.5
2850,2026-06-16,148.0,140.73,7.27
2908,2026-06-16,21.5,20.95,0.55
3015,2026-06-16,60.6,58.4,2.2
3035,2026-06-16,202.0,200.2,1.8
3042,2026-06-16,243.5,238.7,4.8
4133,2026-06-16,20.8,20.68,0.112
4550,2026-06-16,25.95,24.73,1.22
4974,2026-06-16,76.4,72.5,3.9
5278,2026-06-16,25.55,24.83,0.722893
6123,2026-06-16,45.8,43.2,2.6
6242,2026-06-16,38.15,36.15,2.0
6414,2026-06-16,381.5,367.71,13.784207
6465,2026-06-16,66.9,66.7,0.2
6722,2026-06-16,39.2,37.2,2.0
7642,2026-06-16,73.6,70.6,3.0
7820,2026-06-16,120.0,118.5,1.5
8091,2026-06-16,251.0,246.78,4.215132
8289,2026-06-16,69.4,69.25,0.15
00710B,2026-06-17,19.03,18.72,0.31
00711B,2026-06-17,16.22,16.02,0.2
00712,2026-06-17,8.84,8.6,0.235
00929,2026-06-17,30.63,30.37,0.26
00986D,2026-06-17,14.83,14.74,0.09
00998A,2026-06-17,17.26,16.86,0.404
1476,2026-06-17,343.5,328.5,15.0
1504,2026-06-17,71.8,69.8,2.0
1593,2026-06-17,32.25,30.25,2.0
1707,2026-06-17,103.0,99.2,3.8
1773,2026-06-17,177.5,173.5,4.0
2105,2026-06-17,33.95,32.15,1.8
2115,2026-06-17,22.4,20.9,1.5
2308,2026-06-17,2230.0,2218.4,11.6
2353,2026-06-17,38.9,37.6,1.3
2360,2026-06-17,2325.0,2305.5,19.5
2450,2026-06-17,31.0,29.45,1.55
2504,2026-06-17,36.25,33.65,2.6
2603,2026-06-17,220.5,204.5,16.0
2852,2026-06-17,27.85,26.19,1.66
2926,2026-06-17,35.1,34.64,0.46
3028,2026-06-17,74.8,71.8,3.0
3168,2026-06-17,48.65,45.65,3.0
3324,2026-06-17,1050.0,1038.1,11.903306
3450,2026-06-17,499.5,498.5,1.0
3543,2026-06-17,31.6,31.0,0.6
4714,2026-06-17,13.3,12.85,0.453596
5201,2026-06-17,28.25,27.75,0.5
5371,2026-06-17,67.8,67.3,0.5
5443,2026-06-17,104.0,101.8,2.2
5609,2026-06-17,82.4,76.8,5.6
5902,2026-06-17,36.5,34.85,1.65
6147,2026-06-17,227.5,224.7,2.8
6154,2026-06-17,14.2,13.69,0.51
6438,2026-06-17,149.0,147.0,2.0
6494,2026-06-17,68.8,67.8,1.0
6548,2026-06-17,91.9,91.45,0.45
6577,2026-06-17,79.3,74.3,5.0
6579,2026-06-17,165.0,161.25,3.75
6606,2026-06-17,25.8,24.77,1.03
6640,2026-06-17,1115.0,1100.0,15.0
6792,2026-06-17,68.5,66.0,2.5
6923,2026-06-17,80.0,76.96,3.034796
7709,2026-06-17,118.0,116.5,1.5
7792,2026-06-17,259.5,251.5,8.0
8011,2026-06-17,18.4,17.7,0.7
8070,2026-06-17,55.8,53.8,1.999999
8162,2026-06-17,70.0,68.5,1.5
8163,2026-06-17,43.6,43.1,0.5
8416,2026-06-17,180.0,171.5,8.5
8440,2026-06-17,22.25,22.05,0.2
00728,2026-06-18,63.65,62.99,0.66
00918,2026-06-18,32.66,31.4,1.26
00981B,2026-06-18,9.24,9.18,0.062
00994A,2026-06-18,18.3,17.83,0.462
1423,2026-06-18,44.9,41.3,3.6
1586,2026-06-18,21.4,20.57,0.831384
2467,2026-06-18,585.0,579.5,5.5
2597,2026-06-18,183.5,173.83,9.67
4754,2026-06-18,39.35,37.05,2.3
6721,2026-06-18,58.8,55.05,3.74898
6881,2026-06-18,268.5,250.0,18.5
7765,2026-06-18,250.0,240.33,9.666295
7819,2026-06-18,45.2,43.46,1.738754
8462,2026-06-18,144.5,137.22,7.277777
8463,2026-06-18,22.1,21.3,0.8
00697B,2026-06-22,35.63,35.32,0.31
00713,2026-06-22,61.7,60.7,1.0
00751B,2026-06-22,32.26,31.83,0.43
00787B,2026-06-22,33.15,32.74,0.41
00967B,2026-06-22,9.23,9.2,0.033
00968B,2026-06-22,9.39,9.35,0.043
1313,2026-06-22,11.6,11.5,0.1
1319,2026-06-22,99.2,94.2,5.0
1584,2026-06-22,19.65,19.39,0.258355
1735,2026-06-22,23.15,22.5,0.65
1904,2026-06-22,23.1,22.65,0.45
2106,2026-06-22,17.85,17.2,0.65
2313,2026-06-22,259.5,257.64,1.855213
2388,2026-06-22,81.4,81.35,0.05
2498,2026-06-22,46.4,45.9,0.5
3026,2026-06-22,902.0,896.2,5.8
3094,2026-06-22,38.25,38.0,0.25
3447,2026-06-22,40.2,39.1,1.1
4739,2026-06-22,123.5,122.5,0.999983
4741,2026-06-22,64.6,64.3,0.3
4906,2026-06-22,43.8,43.32,0.473163
5601,2026-06-22,32.75,32.37,0.38
6120,2026-06-22,15.05,14.8,0.25
6531,2026-06-22,1025.0,1018.01,6.985647
6669,2026-06-22,5130.0,4985.6,144.391544
6965,2026-06-22,82.0,77.0,5.0
7780,2026-06-22,19.2,18.3,0.893401
9907,2026-06-22,16.7,15.52,1.18
1341,2026-06-23,61.9,57.9,4.0
1432,2026-06-23,18.0,16.0,2.0
1609,2026-06-23,38.65,37.95,0.7
2312,2026-06-23,35.85,35.25,0.599867
2368,2026-06-23,1395.0,1385.19,9.803012
2534,2026-06-23,18.3,16.8,1.5
2641,2026-06-23,18.7,18.2,0.5
2855,2026-06-23,52.0,49.89,2.11
3010,2026-06-23,131.5,126.2,5.3
3388,2026-06-23,92.2,88.86,3.337405
3597,2026-06-23,26.4,26.0,0.4
3684,2026-06-23,59.8,57.03,2.773662
4442,2026-06-23,56.0,52.6,3.402679
4766,2026-06-23,372.0,354.0,18.0
6214,2026-06-23,141.0,135.0,6.0
6292,2026-06-23,68.0,66.2,1.8
6449,2026-06-23,428.5,424.29,4.200947
6505,2026-06-23,54.0,52.8,1.2
6530,2026-06-23,99.7,97.7,2.0
6667,2026-06-23,292.0,280.29,11.705169
6903,2026-06-23,390.5,382.0,8.5
7760,2026-06-23,34.0,32.0,2.0
00836B,2026-06-24,29.2,28.82,0.382
00856B,2026-06-24,37.63,37.3,0.335
00857B,2026-06-24,23.47,23.22,0.25
00907,2026-06-24,16.61,16.4,0.205
00958B,2026-06-24,9.35,9.31,0.041
1104,2026-06-24,28.95,27.1,1.85
1326,2026-06-24,53.1,52.5,0.6
2103,2026-06-24,21.15,20.88,0.27
2423,2026-06-24,80.0,77.5,2.5
3019,2026-06-24,157.0,152.4,4.6
3169,2026-06-24,114.5,111.3,3.2
3374,2026-06-24,303.5,301.0,2.5
3530,2026-06-24,73.6,72.8,0.8
3705,2026-06-24,57.0,54.0,3.0
4557,2026-06-24,49.55,47.55,2.0
4571,2026-06-24,179.0,173.72,5.271732
4952,2026-06-24,58.0,57.0,1.0
5230,2026-06-24,20.5,20.0,0.5
5291,2026-06-24,62.7,62.24,0.463111
6184,2026-06-24,46.95,43.95,3.0
6196,2026-06-24,541.0,534.55,6.448786
6538,2026-06-24,138.0,136.47,1.532656
6629,2026-06-24,114.5,110.3,4.199087
6670,2026-06-24,287.0,271.0,16.0
6982,2026-06-24,58.6,57.0,1.595945
8249,2026-06-24,51.4,49.32,2.078778
9917,2026-06-24,116.0,110.3,5.7
9930,2026-06-24,70.1,66.1,4.0
9934,2026-06-24,10.2,10.1,0.1
1259,2026-06-25,57.6,56.4,1.2
1525,2026-06-25,65.8,63.0,2.8
2362,2026-06-25,46.1,44.1,2.0
2432,2026-06-25,31.95,30.25,1.7
2451,2026-06-25,294.0,282.21,11.782382
2489,2026-06-25,47.1,45.9,1.2
3046,2026-06-25,56.0,53.0,3.0
3338,2026-06-25,74.8,73.5,1.3
3529,2026-06-25,3170.0,3149.5,20.5
4935,2026-06-25,38.75,37.75,1.0
5227,2026-06-25,39.2,35.5,3.704167
5285,2026-06-25,110.0,108.5,1.5
5312,2026-06-25,96.6,90.1,6.5
5515,2026-06-25,41.55,38.25,3.3
5521,2026-06-25,10.4,10.25,0.15
5522,2026-06-25,71.5,66.0,5.5
6189,2026-06-25,53.4,50.7,2.699525
6205,2026-06-25,80.7,79.2,1.5
6208,2026-06-25,105.0,103.0,2.0
6585,2026-06-25,142.0,137.5,4.5
6690,2026-06-25,173.5,164.5,9.0
6751,2026-06-25,49.5,46.5,3.0
6771,2026-06-25,41.95,38.75,3.2
6776,2026-06-25,57.8,54.8,3.0
6811,2026-06-25,225.0,214.5,10.5
6846,2026-06-25,67.0,63.06,3.944481
6884,2026-06-25,34.0,32.5,1.5
6908,2026-06-25,38.5,37.26,1.24
7728,2026-06-25,700.0,695.0,5.000003
7767,2026-06-25,44.15,41.15,3.0
7777,2026-06-25,41.3,40.37,0.933252
8046,2026-06-25,955.0,953.0,2.0
8114,2026-06-25,208.5,197.03,11.467
8210,2026-06-25,1325.0,1311.0,14.0
8227,2026-06-25,189.0,187.3,1.7
8279,2026-06-25,95.0,90.0,5.0
8342,2026-06-25,90.9,85.9,5.0
9944,2026-06-25,17.85,17.55,0.3
1570,2026-06-26,40.2,39.2,1.0
2455,2026-06-26,388.5,385.87,2.620556
2643,2026-06-26,68.5,64.0,4.5
3054,2026-06-26,65.6,64.8,0.8
3669,2026-06-26,35.4,34.4,1.0
3708,2026-06-26,115.0,108.5,6.49582
5244,2026-06-26,37.1,36.7,0.4
5274,2026-06-26,17425.0,17345.0,80.0
6768,2026-06-26,86.0,80.84,5.155125
6789,2026-06-26,537.0,534.0,3.0
8349,2026-06-26,40.6,39.06,1.535998
8349A,2026-06-26,47.35,44.95,2.396726
1234,2026-06-29,34.95,33.3,1.65
1295,2026-06-29,47.2,47.02,0.182847
1472,2026-06-29,90.5,84.5,6.0
1717,2026-06-29,69.5,69.3,0.197595
2851,2026-06-29,37.15,34.95,2.2
3016,2026-06-29,124.5,124.0,0.496874
3213,2026-06-29,121.5,114.5,7.0
3357,2026-06-29,300.5,295.42,5.08481
3563,2026-06-29,675.0,663.0,12.0
3580,2026-06-29,91.8,90.6,1.2
4164,2026-06-29,29.6,28.49,1.107736
4915,2026-06-29,73.5,68.93,4.569244
4989,2026-06-29,82.4,77.86,4.537655
5009,2026-06-29,33.2,32.0,1.2
5016,2026-06-29,25.25,24.25,1.0
5306,2026-06-29,84.7,83.86,0.834859
5438,2026-06-29,18.95,18.2,0.75
5706,2026-06-29,51.5,46.96,4.538839
6195,2026-06-29,24.65,23.65,1.0
6465,2026-06-29,65.5,61.68,3.818959
6498,2026-06-29,95.0,90.5,4.5
6613,2026-06-29,344.0,337.0,7.0
6859,2026-06-29,125.0,123.0,2.0
7631,2026-06-29,164.0,162.4,1.6
8034,2026-06-29,22.8,21.6,1.2
8045,2026-06-29,58.8,57.8,0.999821
8064,2026-06-29,134.0,133.02,0.980964
8150,2026-06-29,97.5,96.27,1.23
8272,2026-06-29,69.5,66.7,2.8
8341,2026-06-29,78.1,74.1,4.0
8422,2026-06-29,28.25,27.05,1.198132
1301,2026-06-30,53.2,52.7,0.5
1410,2026-06-30,25.5,25.3,0.2
1521,2026-06-30,25.95,25.2,0.75
1598,2026-06-30,19.35,18.85,0.5
1727,2026-06-30,88.0,87.85,0.15
1731,2026-06-30,21.8,20.58,1.22
1817,2026-06-30,40.15,37.95,2.2
2328,2026-06-30,48.75,47.85,0.9
2397,2026-06-30,57.6,55.15,2.45
2436,2026-06-30,71.5,69.54,1.956716
2605,2026-06-30,29.9,28.9,1.0
2882,2026-06-30,101.5,98.0,3.5
2882A,2026-06-30,61.9,59.37,2.526
2882B,2026-06-30,60.8,58.51,2.280657
2883,2026-06-30,29.65,28.65,1.0
2883B,2026-06-30,8.27,7.91,0.355
3264,2026-06-30,215.5,211.3,4.2
3372,2026-06-30,20.65,19.67,0.981625
3416,2026-06-30,166.5,161.4,5.095945
3714,2026-06-30,62.4,61.5,0.9
4541,2026-06-30,48.65,47.25,1.4
4722,2026-06-30,306.5,305.31,1.184076
4953,2026-06-30,125.0,119.86,5.140554
6026,2026-06-30,16.5,15.14,1.36414
6569,2026-06-30,106.0,101.69,4.313616
6592,2026-06-30,64.0,59.22,4.7767
6592A,2026-06-30,98.0,93.8,4.2
6592B,2026-06-30,98.1,93.6,4.5
6835,2026-06-30,35.15,34.14,1.006755
7711,2026-06-30,324.0,315.01,8.987093
8039,2026-06-30,137.5,135.5,1.993351
8299,2026-06-30,2340.0,2323.04,16.964257
9931,2026-06-30,35.1,33.3,1.8
1101,2026-07-01,24.05,23.25,0.8
1101B,2026-07-01,45.6,43.57,2.02625
1470,2026-07-01,21.3,20.65,0.65
1725,2026-07-01,34.75,33.68,1.07
2230,2026-07-01,25.55,24.94,0.608951
2302,2026-07-01,47.85,47.5,0.35
2357,2026-07-01,700.0,658.0,42.0
2881,2026-07-01,129.5,125.25,4.25
2881A,2026-07-01,63.6,60.85,2.74875
2881B,2026-07-01,62.9,60.32,2.572356
2881C,2026-07-01,51.7,49.9,1.8
2884,2026-07-01,34.45,33.05,1.4
2887E,2026-07-01,51.1,48.66,2.43625
2887F,2026-07-01,47.4,45.46,1.933601
2887G,2026-07-01,43.55,41.84,1.71
2887H,2026-07-01,41.5,39.7,1.8
2887I,2026-07-01,9.51,9.43,0.073442
2887Z1,2026-07-01,18.35,17.69,0.65305
2903,2026-07-01,23.0,21.75,1.25
3515,2026-07-01,234.0,222.99,11.001795
3607,2026-07-01,16.8,16.0,0.8
4116,2026-07-01,38.5,36.5,2.0
4119,2026-07-01,44.8,44.05,0.75
4305,2026-07-01,45.95,42.85,3.1
4523,2026-07-01,30.1,27.46,2.64194
4755,2026-07-01,139.5,135.8,3.7
4961,2026-07-01,165.0,157.28,7.72
5474,2026-07-01,168.0,164.0,4.0
6174,2026-07-01,49.8,49.46,0.34
6285,2026-07-01,259.5,255.19,4.301769
6425,2026-07-01,73.2,72.21,0.989158
6523,2026-07-01,98.0,96.0,2.0
6542,2026-07-01,45.6,45.58,0.020488
6655,2026-07-01,123.0,118.2,4.8
8088,2026-07-01,64.7,63.2,1.5
8240,2026-07-01,53.2,51.9,1.3
8271,2026-07-01,194.5,190.05,4.448443
8482,2026-07-01,50.0,48.04,1.96
00939,2026-07-02,21.27,21.14,0.125
00950B,2026-07-02,14.26,14.2,0.063
00959B,2026-07-02,9.51,9.46,0.048
00966B,2026-07-02,14.16,14.09,0.068
00983B,2026-07-02,15.86,15.8,0.063
00984B,2026-07-02,16.54,16.46,0.082
00984D,2026-07-02,10.18,10.09,0.085
00986B,2026-07-02,10.02,9.98,0.042
1452,2026-07-02,10.9,10.7,0.2
1612,2026-07-02,37.1,34.6,2.5
1752,2026-07-02,33.2,31.6,1.6
1789,2026-07-02,20.8,20.51,0.29
2010,2026-07-02,23.7,21.7,2.0
2317,2026-07-02,248.0,240.82,7.171792
2354,2026-07-02,55.0,53.5,1.5
2433,2026-07-02,44.8,42.1,2.7
2462,2026-07-02,23.35,23.15,0.2
2607,2026-07-02,48.65,45.95,2.7
2753,2026-07-02,188.5,181.0,7.5
2820,2026-07-02,17.75,16.85,0.9
3006,2026-07-02,213.0,212.0,1.0
3090,2026-07-02,316.0,311.2,4.8
3093,2026-07-02,75.0,73.85,1.15
3189,2026-07-02,888.0,886.48,1.517564
3211,2026-07-02,408.0,396.53,11.46554
3311,2026-07-02,38.05,37.45,0.6
3570,2026-07-02,176.0,166.3,9.7
3592,2026-07-02,281.5,266.9,14.6
3703,2026-07-02,21.45,20.4,1.05
3715,2026-07-02,172.0,170.92,1.08
4137,2026-07-02,110.5,100.5,10.0
4535,2026-07-02,27.3,26.5,0.8
4931,2026-07-02,236.0,233.5,2.5
5220,2026-07-02,20.95,20.65,0.3
5353,2026-07-02,31.8,30.8,0.999129
5490,2026-07-02,28.85,27.35,1.5
6136,2026-07-02,25.2,24.04,1.16
6185,2026-07-02,14.2,13.81,0.39262
6197,2026-07-02,348.0,341.07,6.923259
6213,2026-07-02,360.0,357.0,2.998927
6270,2026-07-02,39.35,38.35,1.0
6715,2026-07-02,443.5,441.55,1.943104
6844,2026-07-02,65.4,61.4,4.0
6907,2026-07-02,142.0,141.01,0.994384
8032,2026-07-02,42.7,41.5,1.2
8081,2026-07-02,309.0,293.0,16.0
8415,2026-07-02,35.3,33.8,1.5
8917,2026-07-02,54.0,51.9,2.1
8926,2026-07-02,74.3,72.18,2.119737
8941,2026-07-02,44.15,43.15,1.0
9904,2026-07-02,25.0,23.7,1.3
9939,2026-07-02,127.5,121.3,6.2
1294,2026-07-03,79.5,63.75,15.749999
1455,2026-07-03,10.2,10.04,0.16
1730,2026-07-03,53.3,50.3,3.0
2013,2026-07-03,44.0,41.6,2.4
2425,2026-07-03,42.15,42.05,0.1
2838A,2026-07-03,54.6,51.96,2.630625
2945,2026-07-03,42.45,40.95,1.5
3265,2026-07-03,188.5,184.4,4.1
3479,2026-07-03,146.5,141.88,4.623053
3711,2026-07-03,727.0,720.41,6.584838
5209,2026-07-03,172.0,159.05,12.945792
5315,2026-07-03,23.0,21.4,1.6
5864,2026-07-03,46.15,41.13,5.023874
6803,2026-07-03,291.0,275.22,15.784633
7839,2026-07-03,47.3,45.26,2.035292
8255,2026-07-03,195.0,191.5,3.495125
8921,2026-07-03,18.25,17.98,0.2659
910861,2026-07-03,4.44,4.36,0.072018
00946,2026-07-06,15.7,15.64,0.058
00953B,2026-07-06,9.74,9.67,0.061
00985B,2026-07-06,10.33,10.28,0.048
00997A,2026-07-06,13.63,13.26,0.37
1307,2026-07-06,35.8,33.6,2.2
2373,2026-07-06,57.3,53.6,3.7
2474,2026-07-06,207.0,199.88,7.113868
2615,2026-07-06,82.8,79.8,3.0
2904,2026-07-06,14.4,13.7,0.7
2947,2026-07-06,79.5,72.27,7.227273
3037,2026-07-06,969.0,967.01,1.980153
3071,2026-07-06,32.85,32.05,0.8
3557,2026-07-06,26.4,26.1,0.3
3704,2026-07-06,46.95,46.55,0.4
4702,2026-07-06,10.25,9.75,0.5
4747,2026-07-06,50.2,49.15,1.05
5347,2026-07-06,193.5,189.03,4.473773
5536,2026-07-06,1430.0,1415.5,14.5
5538,2026-07-06,33.9,32.4,1.5
6155,2026-07-06,87.0,86.2,0.8
6620,2026-07-06,102.5,100.43,2.073848
6730,2026-07-06,38.2,36.7,1.5
6754,2026-07-06,46.3,42.8,3.5
6856,2026-07-06,45.6,42.6,3.0
6922,2026-07-06,186.0,181.17,4.83
7705,2026-07-06,32.9,31.3,1.6
7716,2026-07-06,26.8,25.1,1.7
7734,2026-07-06,3190.0,3170.15,19.850633
8072,2026-07-06,30.25,29.25,1.0
8083,2026-07-06,172.0,162.0,10.0
8112,2026-07-06,92.9,87.53,5.36055
8112A,2026-07-06,47.4,44.12,3.272454
8476,2026-07-06,24.45,24.25,0.2
9935,2026-07-06,20.5,19.3,1.2
9943,2026-07-06,56.5,53.0,3.5
2408,2026-07-07,420.5,419.15,1.347149
2417,2026-07-07,47.45,47.19,0.250119
2454,2026-07-07,4125.0,4100.49,24.500215
2536,2026-07-07,21.6,19.6,2.0
3048,2026-07-07,64.6,63.6,1.0
3290,2026-07-07,70.4,68.9,1.5
3546,2026-07-07,83.5,77.62,5.880953
4175,2026-07-07,53.5,50.5,3.0
4772,2026-07-07,283.0,280.0,3.0
5015,2026-07-07,22.45,21.95,0.5
5274,2026-07-07,16270.0,14790.91,1479.090731
5547,2026-07-07,23.2,20.0,3.20224
6257,2026-07-07,273.0,268.75,4.249688
6526,2026-07-07,686.0,672.5,13.5
6546,2026-07-07,73.6,71.1,2.5
6591,2026-07-07,55.8,51.8,4.0
6683,2026-07-07,1780.0,1771.0,9.00147
6804,2026-07-07,16.3,15.8,0.5
6840,2026-07-07,65.0,64.0,0.999159
6862,2026-07-07,195.0,190.0,5.0
8923,2026-07-07,20.0,19.1,0.9
9945,2026-07-07,26.5,25.4,1.1
1229,2026-07-08,42.7,40.09,2.603622
1303,2026-07-08,166.5,165.7,0.8
2028,2026-07-08,16.1,15.9,0.2
2049,2026-07-08,344.5,342.5,2.0
2303,2026-07-08,155.0,152.39,2.608082
2405,2026-07-08,17.2,17.1,0.1
2545,2026-07-08,37.5,34.7,2.8
2618,2026-07-08,42.4,40.4,2.0
2634,2026-07-08,58.4,57.62,0.778
3221,2026-07-08,57.1,56.82,0.276994
3231,2026-07-08,155.5,149.99,5.500622
3293,2026-07-08,770.0,734.0,36.0
3624,2026-07-08,133.5,132.4,1.1
4148,2026-07-08,30.45,29.45,1.0
4576,2026-07-08,223.0,222.2,0.8
4904,2026-07-08,103.0,99.19,3.809281
5356,2026-07-08,27.85,25.85,2.0
6170,2026-07-08,52.3,48.3,4.0
6233,2026-07-08,25.25,24.5,0.750475
6561,2026-07-08,337.0,329.3,7.698755
6641,2026-07-08,19.1,18.7,0.4
6693,2026-07-08,249.0,248.4,0.6
6829,2026-07-08,208.5,205.0,3.5
6924,2026-07-08,123.5,118.5,5.0
6937,2026-07-08,264.0,262.6,1.4
8155,2026-07-08,350.0,344.84,5.15772
8284,2026-07-08,63.3,59.3,4.002875
8426,2026-07-08,20.85,20.05,0.8
00400A,2026-07-09,14.29,14.17,0.12
00940,2026-07-09,12.59,12.54,0.05
1110,2026-07-09,15.95,15.65,0.3
1236,2026-07-09,26.3,24.65,1.65
1256,2026-07-09,199.5,192.9,6.6
1338,2026-07-09,17.35,17.03,0.311445
1446,2026-07-09,17.2,15.7,1.5
1513,2026-07-09,171.5,165.5,6.0
1616,2026-07-09,23.25,21.89,1.3584
1723,2026-07-09,82.6,80.75,1.85
2412,2026-07-09,139.5,134.3,5.2
2453,2026-07-09,56.7,53.9,2.8
2478,2026-07-09,181.0,179.0,2.0
2488,2026-07-09,53.7,50.7,3.0
2492,2026-07-09,474.0,471.49,2.503091
2493,2026-07-09,270.0,266.0,4.0
2739,2026-07-09,37.1,34.52,2.58
3014,2026-07-09,153.5,144.99,8.50169
3024,2026-07-09,12.45,12.23,0.22
3044,2026-07-09,472.0,459.3,12.7
3045,2026-07-09,113.0,108.25,4.74428
3060,2026-07-09,35.8,35.6,0.2
3162,2026-07-09,83.6,82.73,0.865103
3167,2026-07-09,810.0,806.08,3.914761
3171,2026-07-09,69.9,65.26,4.640344
3284,2026-07-09,29.0,28.5,0.5
3430,2026-07-09,129.5,127.9,1.6
3438,2026-07-09,70.5,69.0,1.5
3588,2026-07-09,68.0,67.5,0.498574
4433,2026-07-09,21.2,20.2,1.0
4556,2026-07-09,92.7,92.1,0.6
4590,2026-07-09,91.5,89.2,2.3
4720,2026-07-09,23.85,23.45,0.4
5215,2026-07-09,44.1,42.1,2.0
5284,2026-07-09,343.0,334.81,8.182653
5292,2026-07-09,223.5,198.18,25.318182
5452,2026-07-09,32.15,31.9,0.25
5469,2026-07-09,83.5,80.97,2.521177
5511,2026-07-09,79.7,63.48,16.223647
5533,2026-07-09,14.1,13.5,0.6
6115,2026-07-09,48.2,45.4,2.8
6166,2026-07-09,135.5,134.3,1.198986
6173,2026-07-09,273.0,271.2,1.8
6191,2026-07-09,105.5,102.9,2.6
6220,2026-07-09,34.7,34.0,0.7
6223,2026-07-09,6460.0,6438.0,22.0
6278,2026-07-09,200.0,194.43,5.564956
6284,2026-07-09,100.0,98.11,1.8896
6446,2026-07-09,1530.0,1377.93,152.067614
6510,2026-07-09,2840.0,2824.77,15.234897
6605,2026-07-09,134.0,127.5,6.5
6692,2026-07-09,25.8,25.6,0.203027
6781,2026-07-09,1165.0,1145.9,19.1
6899,2026-07-09,58.2,55.4,2.8
7556,2026-07-09,282.0,264.9,17.10122
8110,2026-07-09,51.3,49.8,1.494171
8147,2026-07-09,154.0,151.0,2.997503
8183,2026-07-09,33.8,33.0,0.8
8261,2026-07-09,348.0,343.0,5.0
8374,2026-07-09,85.7,85.5,0.2
8499,2026-07-09,306.5,298.5,8.0
9905,2026-07-09,21.3,20.2,1.1
2008,2026-07-10,29.85,28.85,1.0
2610,2026-07-10,21.4,20.58,0.814457
2891,2026-07-10,69.9,67.39,2.500239
2891B,2026-07-10,64.9,62.1,2.796
2891C,2026-07-10,63.0,61.08,1.92
3034,2026-07-10,542.0,519.0,23.0
3055,2026-07-10,158.0,157.5,0.5
3217,2026-07-10,173.5,163.5,10.0
3303,2026-07-10,59.2,56.2,3.0
3467,2026-07-10,58.8,58.3,0.5
3489,2026-07-10,24.2,21.2,3.0
3564,2026-07-10,54.1,53.83,0.27
4711,2026-07-10,17.35,16.85,0.5
4968,2026-07-10,111.5,109.9,1.6
5519,2026-07-10,34.45,29.66,4.783334
6477,2026-07-10,39.85,39.5,0.35
6762,2026-07-10,176.5,167.62,8.880956
7747,2026-07-10,129.0,114.55,14.454545
7811,2026-07-10,80.5,74.83,5.669956
1907,2026-07-13,27.75,26.75,1.0
2008,2026-07-13,29.85,28.85,1.0
2248,2026-07-13,59.0,55.89,3.1055
2316,2026-07-13,208.0,206.0,2.0
2347,2026-07-13,88.5,84.3,4.2
2359,2026-07-13,139.0,138.0,1.0
2610,2026-07-13,21.4,20.58,0.814457
2645,2026-07-13,240.0,235.0,5.0
2891,2026-07-13,69.9,67.39,2.500239
2891B,2026-07-13,64.9,62.1,2.796
2891C,2026-07-13,63.0,61.08,1.92
3034,2026-07-13,542.0,519.0,23.0
3055,2026-07-13,158.0,157.5,0.5
3217,2026-07-13,173.5,163.5,10.0
3227,2026-07-13,221.5,211.49,10.007005
3303,2026-07-13,59.2,56.2,3.0
3467,2026-07-13,58.8,58.3,0.5
3489,2026-07-13,24.2,21.2,3.0
3564,2026-07-13,54.1,53.83,0.27
4306,2026-07-13,15.5,14.8,0.7
4417,2026-07-13,48.05,44.55,3.5
4711,2026-07-13,17.35,16.85,0.5
4968,2026-07-13,111.5,109.9,1.6
4999,2026-07-13,20.05,19.8,0.25
5432,2026-07-13,141.0,139.5,1.5
5493,2026-07-13,88.8,86.1,2.7
5519,2026-07-13,34.45,29.66,4.783334
6121,2026-07-13,420.5,408.2,12.3
6477,2026-07-13,39.85,39.5,0.35
6762,2026-07-13,176.5,167.62,8.880956
6763,2026-07-13,45.9,43.85,2.05
6790,2026-07-13,40.6,37.95,2.65
6843,2026-07-13,40.15,38.15,2.0
6890,2026-07-13,206.0,197.03,8.967789
6951,2026-07-13,78.7,69.61,9.08077
7610,2026-07-13,2650.0,2181.01,468.983979
7747,2026-07-13,129.0,114.55,14.454545
7772,2026-07-13,121.5,120.0,1.5
7811,2026-07-13,80.5,74.83,5.669956
8103,2026-07-13,92.0,89.2,2.8
1402,2026-07-14,26.85,25.6,1.25
1580,2026-07-14,123.5,115.0,8.5
1603,2026-07-14,31.85,29.85,2.0
1796,2026-07-14,33.0,32.3,0.7
2027,2026-07-14,39.5,38.0,1.5
2029,2026-07-14,20.95,20.35,0.6
2501,2026-07-14,23.5,22.3,1.2
2609,2026-07-14,50.1,48.1,2.0
2633,2026-07-14,26.45,25.3,1.15
2836A,2026-07-14,24.85,24.07,0.775
2849,2026-07-14,14.65,14.14,0.51
3013,2026-07-14,99.5,99.1,0.4
3130,2026-07-14,221.0,206.29,14.70435
3150,2026-07-14,18.05,17.55,0.5
3465,2026-07-14,34.85,34.05,0.802034
3490,2026-07-14,31.4,30.9,0.5
3512,2026-07-14,21.45,19.65,1.8
3532,2026-07-14,465.5,464.5,1.0
3567,2026-07-14,29.8,28.8,1.0
3577,2026-07-14,132.5,130.5,2.0
3581,2026-07-14,134.0,133.4,0.6
3645,2026-07-14,79.5,78.3,1.2
3717,2026-07-14,25.4,25.2,0.197058
4588,2026-07-14,58.7,55.7,3.0
4979,2026-07-14,419.0,416.85,2.15335
5299,2026-07-14,115.5,111.84,3.66
5465,2026-07-14,24.85,23.65,1.2
5471,2026-07-14,65.0,64.2,0.8
6156,2026-07-14,28.35,28.15,0.2
6237,2026-07-14,41.3,41.2,0.1
6556,2026-07-14,69.3,65.8,3.5
6698,2026-07-14,39.9,39.4,0.5
6906,2026-07-14,80.3,78.5,1.8
7402,2026-07-14,144.0,143.5,0.499361
7770,2026-07-14,43.2,41.2,2.0
00734B,2026-07-15,16.15,15.99,0.16
00842B,2026-07-15,31.13,30.33,0.8
00904,2026-07-15,41.0,40.32,0.68
00936,2026-07-15,20.43,20.31,0.12
00942B,2026-07-15,14.21,14.15,0.062
00947,2026-07-15,35.15,34.85,0.3
00962,2026-07-15,14.49,14.41,0.08
00970B,2026-07-15,9.35,9.3,0.05
009805,2026-07-15,16.44,16.34,0.1
00980B,2026-07-15,9.47,9.42,0.047
00989B,2026-07-15,10.3,10.22,0.082
1240,2026-07-15,58.1,55.1,3.0
1264,2026-07-15,271.5,256.5,15.0
1336,2026-07-15,15.95,15.69,0.26
1563,2026-07-15,64.5,62.5,2.0
2221,2026-07-15,49.85,48.35,1.5
2228,2026-07-15,83.7,79.2,4.5
2235,2026-07-15,28.5,27.0,1.5
2356,2026-07-15,63.7,61.7,2.0
2617,2026-07-15,30.0,28.5,1.5
2636,2026-07-15,68.6,63.6,5.0
2838,2026-07-15,22.95,21.21,1.733019
3081,2026-07-15,1925.0,1747.27,177.727261
3305,2026-07-15,119.5,117.21,2.283304
3652,2026-07-15,32.05,30.85,1.195417
3665,2026-07-15,1775.0,1759.81,15.184938
4126,2026-07-15,81.3,76.8,4.5
4721,2026-07-15,78.7,76.4,2.3
6215,2026-07-15,105.0,104.0,1.0
6442,2026-07-15,1315.0,1303.74,11.258666
6486,2026-07-15,84.9,78.9,6.0
6614,2026-07-15,39.75,38.1,1.65
6933,2026-07-15,163.0,160.5,2.498033
7717,2026-07-15,498.0,494.71,3.292848
8021,2026-07-15,487.5,485.52,1.972185
8131,2026-07-15,74.9,73.9,1.0
8182,2026-07-15,45.5,45.25,0.25
8383,2026-07-15,84.2,81.7,2.5
8438,2026-07-15,90.8,89.5,1.3
9908,2026-07-15,29.9,28.7,1.2
006208,2026-07-16,246.6,241.85,4.75
00692,2026-07-16,92.0,90.08,1.92
00694B,2026-07-16,42.45,42.13,0.317
00695B,2026-07-16,35.61,35.27,0.339
00696B,2026-07-16,29.12,28.82,0.297
00702,2026-07-16,25.33,24.65,0.68
00714,2026-07-16,22.2,22.07,0.123
00717,2026-07-16,14.97,14.82,0.141
00722B,2026-07-16,35.65,35.13,0.52
00723B,2026-07-16,30.47,30.03,0.44
00724B,2026-07-16,33.87,33.39,0.483
00725B,2026-07-16,35.19,34.7,0.49
00727B,2026-07-16,40.26,39.41,0.85
00730,2026-07-16,28.5,28.39,0.11
00735,2026-07-16,106.9,103.9,3.0
00736,2026-07-16,31.78,31.53,0.25
00740B,2026-07-16,38.5,38.33,0.175
00741B,2026-07-16,37.79,37.59,0.199
00746B,2026-07-16,35.62,35.19,0.433
00749B,2026-07-16,32.02,31.59,0.43
00750B,2026-07-16,32.9,32.49,0.41
00772B,2026-07-16,33.51,33.37,0.14
00773B,2026-07-16,35.78,35.64,0.145
00777B,2026-07-16,32.34,32.2,0.14
00778B,2026-07-16,34.15,34.01,0.14
00782B,2026-07-16,30.69,30.19,0.5
00785B,2026-07-16,35.1,34.65,0.453
00840B,2026-07-16,29.78,29.66,0.123
00848B,2026-07-16,34.5,34.13,0.37
00849B,2026-07-16,37.99,37.66,0.33
00882,2026-07-16,15.16,14.61,0.55
00884B,2026-07-16,29.84,29.48,0.36
00890B,2026-07-16,32.18,32.04,0.145
00892,2026-07-16,43.18,40.72,2.46
00900,2026-07-16,19.0,18.92,0.075
00905,2026-07-16,27.56,26.5,1.058
00908,2026-07-16,15.44,15.29,0.142
00911,2026-07-16,62.6,59.1,3.5
00912,2026-07-16,34.16,33.16,1.0
00927,2026-07-16,41.29,39.41,1.88
00928,2026-07-16,35.61,32.86,2.75
00933B,2026-07-16,16.0,15.93,0.073
00934,2026-07-16,27.89,27.59,0.3
00937B,2026-07-16,14.8,14.73,0.072
00943,2026-07-16,22.42,22.3,0.12
00944,2026-07-16,21.7,21.59,0.109
00945B,2026-07-16,14.67,14.58,0.09
00948B,2026-07-16,9.43,9.39,0.042
00952,2026-07-16,18.48,18.36,0.12
00956,2026-07-16,12.75,12.45,0.3
00957B,2026-07-16,13.4,13.34,0.06
00960,2026-07-16,18.14,17.91,0.225
00961,2026-07-16,12.75,12.56,0.19
00963,2026-07-16,12.99,12.89,0.095
00964,2026-07-16,14.21,14.09,0.12
009804,2026-07-16,23.77,22.24,1.53
00980D,2026-07-16,20.51,20.4,0.114
009814,2026-07-16,11.32,11.28,0.042
00981D,2026-07-16,10.52,10.45,0.07
00981T,2026-07-16,12.22,12.13,0.082
00982B,2026-07-16,9.79,9.75,0.045
00982D,2026-07-16,9.93,9.87,0.052
00983D,2026-07-16,10.15,10.09,0.06
00984A,2026-07-16,16.3,15.88,0.415
00988B,2026-07-16,20.09,19.93,0.157
00992A,2026-07-16,17.49,17.02,0.47
1102,2026-07-16,34.8,32.5,2.3
1108,2026-07-16,13.7,12.7,1.0
1109,2026-07-16,14.65,13.75,0.9
1220,2026-07-16,11.4,11.2,0.2
1434,2026-07-16,19.55,19.05,0.5
1440,2026-07-16,13.45,13.15,0.3
1522,2026-07-16,30.1,28.9,1.2
1522A,2026-07-16,50.1,48.1,2.0
1560,2026-07-16,742.0,737.05,4.942056
1614,2026-07-16,32.4,31.43,0.967772
1777,2026-07-16,75.3,71.3,4.0
1785,2026-07-16,121.0,119.0,2.000099
2034,2026-07-16,20.75,19.75,1.0
2247,2026-07-16,230.0,222.0,7.999782
2365,2026-07-16,32.7,32.4,0.3
2382,2026-07-16,381.0,365.4,15.6
2404,2026-07-16,1285.0,1245.0,40.0
2506,2026-07-16,8.95,8.75,0.2
2515,2026-07-16,13.9,13.23,0.663166
2727,2026-07-16,233.5,217.38,16.117149
2755,2026-07-16,137.5,107.54,29.955703
3380,2026-07-16,32.9,32.4,0.5
3551,2026-07-16,225.0,220.2,4.8
3615,2026-07-16,44.25,43.55,0.7
3628,2026-07-16,73.2,69.95,3.25
3673,2026-07-16,74.2,72.4,1.8
3687,2026-07-16,76.5,74.5,2.002839
4161,2026-07-16,23.1,22.4,0.7
4413,2026-07-16,14.9,14.6,0.3
4439,2026-07-16,107.5,103.44,4.052853
4536,2026-07-16,171.0,163.0,8.0
4568,2026-07-16,40.35,38.37,1.980271
4572,2026-07-16,153.0,148.0,4.997666
5206,2026-07-16,22.6,20.57,2.028571
5434,2026-07-16,556.0,542.58,13.418095
5904,2026-07-16,677.0,651.5,25.5
6112,2026-07-16,43.65,42.0,1.65
6150,2026-07-16,62.3,61.7,0.6
6161,2026-07-16,55.0,52.8,2.2
6190,2026-07-16,78.1,76.17,1.933038
6229,2026-07-16,26.35,25.75,0.6
6488,2026-07-16,1480.0,1474.3,5.7
6508,2026-07-16,26.0,25.5,0.5
6703,2026-07-16,117.0,106.36,10.636365
6727,2026-07-16,417.5,413.0,4.5
7721,2026-07-16,68.0,67.0,1.0
7749,2026-07-16,401.0,392.0,9.0
8222,2026-07-16,41.95,41.6,0.35
9937,2026-07-16,56.9,54.7,2.2
00931B,2026-07-17,13.58,13.44,0.141
00985D,2026-07-17,10.22,10.16,0.061
2395,2026-07-17,530.0,518.84,11.158556
2547,2026-07-17,11.1,10.3,0.8
2915,2026-07-17,52.8,50.9,1.9
3028,2026-07-17,73.1,71.72,1.372721
3083,2026-07-17,26.7,26.37,0.33
3149,2026-07-17,93.5,86.68,6.812618
4114,2026-07-17,33.25,30.01,3.244281
4205,2026-07-17,74.7,71.2,3.5
6023,2026-07-17,106.0,88.7,17.304348
6194,2026-07-17,31.4,29.9,1.5
6207,2026-07-17,140.5,139.9,0.602759
6464,2026-07-17,78.4,74.1,4.294231
6515,2026-07-17,6735.0,6685.56,49.43752
8358,2026-07-17,439.0,437.0,2.0
8390,2026-07-17,102.5,98.7,3.8
1464,2026-07-20,10.6,10.35,0.25
2211,2026-07-20,94.2,87.7,6.5
2392,2026-07-20,35.55,34.55,1.0
2640,2026-07-20,161.0,153.0,8.0
3031,2026-07-20,26.2,25.2,1.0
3276,2026-07-20,16.0,15.94,0.06
3611,2026-07-20,192.5,182.5,10.0
4120,2026-07-20,48.0,44.0,4.0
4169,2026-07-20,252.0,251.68,0.31999
4560,2026-07-20,33.8,31.8,2.0
5386,2026-07-20,378.0,251.0,127.000002
6277,2026-07-20,80.5,78.0,2.5
6877,2026-07-20,125.0,124.5,0.5
6887,2026-07-20,39.45,37.02,2.420931
8069,2026-07-20,181.5,175.61,5.888207
8213,2026-07-20,32.8,31.66,1.14
8481,2026-07-20,41.6,38.85,2.75
0050,2026-07-21,99.2,98.6,0.6
0056,2026-07-21,49.95,48.6,1.35
006203,2026-07-21,181.0,179.75,1.25
00719B,2026-07-21,31.75,31.48,0.27
00720B,2026-07-21,33.36,32.89,0.47
00788B,2026-07-21,30.49,30.12,0.37
00789B,2026-07-21,48.51,47.86,0.65
00791B,2026-07-21,58.25,57.65,0.6
00834B,2026-07-21,34.56,34.15,0.406
00870B,2026-07-21,28.7,28.32,0.38
00929,2026-07-21,27.94,27.56,0.38
00967B,2026-07-21,9.25,9.22,0.033
00968B,2026-07-21,9.32,9.28,0.043
00981B,2026-07-21,9.38,9.32,0.063
00986D,2026-07-21,14.9,14.81,0.09
00991A,2026-07-21,16.5,15.73,0.77
1233,2026-07-21,29.0,28.8,0.2
1529,2026-07-21,20.4,18.17,2.22699
1535,2026-07-21,50.3,47.3,3.0
1615,2026-07-21,46.55,43.61,2.936139
1726,2026-07-21,80.2,76.5,3.7
2355,2026-07-21,42.55,41.54,1.000377
2704,2026-07-21,45.3,44.8,0.5
2885,2026-07-21,62.9,61.1,1.8
2887,2026-07-21,35.15,33.81,1.338119
5269,2026-07-21,1470.0,1424.62,45.376699
5276,2026-07-21,19.2,18.4,0.8
5548,2026-07-21,24.05,21.18,2.872459
6527,2026-07-21,70.4,67.5,2.9
6719,2026-07-21,218.0,213.4,4.598343
6735,2026-07-21,66.8,66.1,0.7
6870,2026-07-21,319.5,264.09,55.405384
6967,2026-07-21,75.5,71.73,3.770338
8215,2026-07-21,24.45,24.15,0.3
9926,2026-07-21,50.8,48.7,2.1
1608,2026-07-22,31.8,29.8,2.0
2206,2026-07-22,63.9,60.84,3.058256
2471,2026-07-22,52.0,48.68,3.311836
2548,2026-07-22,102.0,97.14,4.857142
2906,2026-07-22,14.1,13.5,0.6
3138,2026-07-22,101.5,99.95,1.546282
3266,2026-07-22,13.95,13.45,0.5
3402,2026-07-22,144.0,138.0,6.0
3617,2026-07-22,211.5,201.56,9.937105
3653,2026-07-22,3520.0,3498.27,21.720712
4506,2026-07-22,125.0,119.7,5.3
4977,2026-07-22,134.0,131.81,2.181974
5439,2026-07-22,256.5,249.3,7.199923
5508,2026-07-22,53.4,50.62,2.77637
6206,2026-07-22,120.5,115.0,5.5
6231,2026-07-22,238.0,232.3,5.7
6244,2026-07-22,25.85,25.71,0.14
6275,2026-07-22,44.7,42.71,1.992014
6782,2026-07-22,194.5,186.1,8.4
6904,2026-07-22,127.0,122.0,5.0
8411,2026-07-22,12.7,12.6,0.1
1103,2026-07-23,13.55,13.02,0.521797
1201,2026-07-23,12.65,12.44,0.21
1227,2026-07-23,29.95,28.61,1.34
1304,2026-07-23,13.35,13.2,0.15
1305,2026-07-23,12.7,12.6,0.1
1308,2026-07-23,14.6,14.4,0.2
1309,2026-07-23,14.8,14.65,0.15
1417,2026-07-23,8.8,8.55,0.25
1436,2026-07-23,45.3,40.25,5.047596
1503,2026-07-23,211.5,206.5,5.0
1558,2026-07-23,93.6,88.6,5.0
1590,2026-07-23,1430.0,1400.89,29.1078
1720,2026-07-23,63.5,55.9,7.59091
1806,2026-07-23,8.38,8.23,0.15
1809,2026-07-23,40.0,39.75,0.25
2204,2026-07-23,55.5,51.9,3.6
2352,2026-07-23,30.4,29.4,1.0
2414,2026-07-23,57.3,54.3,3.0
2745,2026-07-23,103.0,95.5,7.5
2890,2026-07-23,40.4,38.52,1.870589
2897,2026-07-23,10.5,9.98,0.52
2897B,2026-07-23,11.95,11.41,0.54
3056,2026-07-23,14.85,14.23,0.616413
3088,2026-07-23,147.5,144.57,2.930445
3206,2026-07-23,35.4,33.9,1.5
3219,2026-07-23,66.1,64.74,1.359535
3444,2026-07-23,77.3,75.5,1.8
3491,2026-07-23,1300.0,1293.2,6.8
3716,2026-07-23,34.65,33.64,1.00373
4129,2026-07-23,91.7,87.2,4.5
4545,2026-07-23,34.5,34.37,0.13
4933,2026-07-23,58.3,55.41,2.887441
5483,2026-07-23,234.0,231.5,2.5
6290,2026-07-23,250.0,243.81,6.192344
6409,2026-07-23,998.0,961.22,36.770247
6506,2026-07-23,18.4,17.4,1.0
6671,2026-07-23,24.0,22.8,1.2
6944,2026-07-23,1030.0,779.23,250.769231
7722,2026-07-23,312.5,297.61,14.880953
7768,2026-07-23,296.0,292.49,3.50049
8048,2026-07-23,57.0,53.4,3.601941
8942,2026-07-23,38.85,37.85,1.0
9918,2026-07-23,43.5,42.0,1.5
9958,2026-07-23,115.5,111.0,4.5
1617,2026-07-24,19.25,18.65,0.6
1734,2026-07-24,32.55,31.55,1.0
2002,2026-07-24,19.1,18.95,0.15
2002A,2026-07-24,38.85,37.45,1.4
2073,2026-07-24,28.15,27.85,0.3
2495,2026-07-24,38.8,38.0,0.8
3694,2026-07-24,64.1,61.79,2.300571
4561,2026-07-24,36.8,36.6,0.2
4764,2026-07-24,309.5,304.28,5.21072
4771,2026-07-24,194.5,187.52,6.972245
5263,2026-07-24,97.7,96.92,0.783545
5488,2026-07-24,14.55,14.49,0.06
6435,2026-07-24,293.0,285.5,7.5
6796,2026-07-24,60.0,59.75,0.25
6863,2026-07-24,109.5,108.0,1.5
7740,2026-07-24,157.0,137.38,19.610999
7788,2026-07-24,230.0,228.0,2.0
8050,2026-07-24,63.0,60.85,2.147657
9925,2026-07-24,41.4,39.4,2.0
00858,2026-07-27,36.53,35.13,1.4
00888,2026-07-27,34.25,32.5,1.753
00930,2026-07-27,24.03,23.78,0.25
00958B,2026-07-27,9.27,9.23,0.041
1530,2026-07-27,31.1,28.44,2.659634
3002,2026-07-27,17.95,17.62,0.329867
3285,2026-07-27,39.85,39.35,0.5
3379,2026-07-27,31.15,29.95,1.2
3552,2026-07-27,47.8,47.3,0.5
3587,2026-07-27,258.0,253.79,4.208319
4767,2026-07-27,27.5,26.4,1.1
4971,2026-07-27,402.0,401.15,0.847412
5425,2026-07-27,85.0,82.98,2.02155
5546,2026-07-27,15.85,14.85,1.0
6016,2026-07-27,24.45,21.6,2.854444
6259,2026-07-27,32.05,31.7,0.348752
6451,2026-07-27,437.5,437.28,0.217665
6643,2026-07-27,425.0,423.81,1.191674
6931,2026-07-27,39.25,39.13,0.12
00726B,2026-07-28,33.33,32.83,0.5
2449,2026-07-28,276.0,261.9,14.095236
2497,2026-07-28,52.8,50.8,2.0
2528,2026-07-28,22.0,19.13,2.869566
3163,2026-07-28,743.0,630.85,112.148932
3548,2026-07-28,76.0,75.0,1.0
4107,2026-07-28,119.5,114.0,5.5
4167,2026-07-28,20.4,18.35,2.052213
4911,2026-07-28,35.15,31.47,3.683396
5876,2026-07-28,47.0,44.75,2.247525
6175,2026-07-28,81.7,80.2,1.5
6416,2026-07-28,102.0,99.2,2.8
6492,2026-07-28,40.6,39.81,0.78819
6517,2026-07-28,67.3,65.8,1.5
6664,2026-07-28,371.0,360.86,10.142498
6757,2026-07-28,55.5,53.07,2.42027
7786,2026-07-28,128.0,122.4,5.6
1540,2026-07-29,20.75,19.75,1.0
2009,2026-07-29,36.75,36.35,0.4
2402,2026-07-29,55.0,53.0,2.0
2482,2026-07-29,17.25,17.15,0.1
2836,2026-07-29,13.0,12.47,0.524753
3131,2026-07-29,2550.0,2503.92,46.084461
3527,2026-07-29,52.5,51.5,1.0
3537,2026-07-29,51.2,49.2,2.0
3540,2026-07-29,20.6,20.34,0.257376
4549,2026-07-29,92.5,89.5,3.0
4942,2026-07-29,36.65,34.65,2.0
5871,2026-07-29,120.0,111.96,8.039215
5871A,2026-07-29,103.0,98.82,4.179463
6114,2026-07-29,26.85,26.35,0.5
6411,2026-07-29,75.6,73.38,2.21608
6689,2026-07-29,59.1,57.1,2.0
6715,2026-07-29,360.0,355.94,4.055467
7753,2026-07-29,39.4,37.9,1.5
1216,2026-07-30,78.2,75.2,3.0
1231,2026-07-30,90.3,80.72,9.572727
1514,2026-07-30,98.7,94.8,3.896078
2233,2026-07-30,185.5,181.5,3.999946
2345,2026-07-30,1910.0,1895.0,15.0
2409,2026-07-30,23.65,23.25,0.4
2511,2026-07-30,8.43,8.13,0.3
2538,2026-07-30,10.0,9.5,0.5
2596,2026-07-30,30.9,29.4,1.5
2748,2026-07-30,39.8,38.05,1.75
2912,2026-07-30,241.0,232.0,9.0
2949,2026-07-30,59.0,56.97,2.030996
3485,2026-07-30,192.0,187.5,4.5
3583,2026-07-30,624.0,618.25,5.747619
4106,2026-07-30,24.5,23.5,1.0
4401,2026-07-30,14.1,13.5,0.6
4526,2026-07-30,27.55,26.55,1.0
4551,2026-07-30,160.5,156.3,4.2
4584,2026-07-30,39.7,37.7,2.0
4916,2026-07-30,90.2,89.7,0.498505
5410,2026-07-30,35.2,33.13,2.074697
5457,2026-07-30,28.65,27.15,1.500203
5607,2026-07-30,49.1,47.3,1.8
6180,2026-07-30,41.8,40.77,1.025244
6239,2026-07-30,233.0,228.5,4.5
6509,2026-07-30,42.5,41.11,1.393682
6962,2026-07-30,30.15,29.15,1.0
7708,2026-07-30,94.0,88.5,5.5
7769,2026-07-30,5175.0,5110.0,64.990246
7810,2026-07-30,176.5,171.5,5.0
8054,2026-07-30,79.0,78.95,0.04618
8931,2026-07-30,42.2,40.6,1.6
9942,2026-07-30,120.0,113.0,7.0
9955,2026-07-30,22.85,22.49,0.357967
00406A,2026-07-31,8.06,7.93,0.128
00939,2026-07-31,21.41,21.28,0.125
00950B,2026-07-31,13.96,13.9,0.063
00959B,2026-07-31,9.28,9.23,0.048
00966B,2026-07-31,13.71,13.64,0.068
00983B,2026-07-31,15.48,15.42,0.063
00984B,2026-07-31,16.08,16.0,0.081
00984D,2026-07-31,10.21,10.12,0.085
00986B,2026-07-31,9.68,9.64,0.042
1532,2026-07-31,22.55,21.75,0.8
2616,2026-07-31,13.6,13.3,0.3
6024,2026-07-31,62.9,56.32,6.573852
6138,2026-07-31,257.5,246.55,10.948006
6470,2026-07-31,43.35,40.85,2.5
6472,2026-07-31,384.0,374.0,10.0
8467,2026-07-31,99.7,96.7,3.0
8905,2026-07-31,28.4,27.69,0.71
1465,2026-08-03,12.7,12.4,0.3
1527,2026-08-03,33.75,32.25,1.5
2367,2026-08-03,36.3,36.1,0.2
2376,2026-08-03,336.5,324.5,12.0
3051,2026-08-03,22.15,21.65,0.5
3306,2026-08-03,43.75,42.05,1.7
3501,2026-08-03,39.95,37.95,2.0
3689,2026-08-03,105.0,101.35,3.648399
5014,2026-08-03,10.95,10.45,0.5
6122,2026-08-03,50.3,46.9,3.4
6187,2026-08-03,929.0,917.34,11.660591
6957,2026-08-03,226.0,216.89,9.104411
00946,2026-08-04,14.56,14.5,0.058
00953B,2026-08-04,9.83,9.76,0.061
00985B,2026-08-04,10.41,10.35,0.053
1474,2026-08-04,10.25,10.0,0.25
1736,2026-08-04,130.0,125.5,4.5
2348,2026-08-04,74.4,66.09,8.304762
2348A,2026-08-04,38.1,36.5,1.6
2351,2026-08-04,156.5,155.47,1.028839
2393,2026-08-04,61.5,57.0,4.5
2543,2026-08-04,37.45,36.42,1.027678
2812,2026-08-04,20.65,18.98,1.662184
2834,2026-08-04,18.2,16.72,1.471029
3332,2026-08-04,63.9,61.9,2.0
3483,2026-08-04,76.4,73.4,3.0
3533,2026-08-04,2005.0,1970.06,34.93436
3545,2026-08-04,50.1,49.28,0.81494
4190,2026-08-04,25.5,25.0,0.499953
5450,2026-08-04,14.25,14.0,0.25
6203,2026-08-04,64.3,60.3,4.0
6209,2026-08-04,69.8,69.3,0.495687
6417,2026-08-04,114.0,111.6,2.4
6469,2026-08-04,77.4,70.04,7.357072
6728,2026-08-04,109.5,103.0,6.5
6743,2026-08-04,30.3,27.3,3.0
8404,2026-08-04,16.65,16.15,0.5
9938,2026-08-04,45.9,42.9,3.0
00400A,2026-08-05,13.57,13.45,0.12
1437,2026-08-05,30.85,30.36,0.481191
1519,2026-08-05,713.0,638.18,74.818182
2427,2026-08-05,23.05,22.35,0.7
2801,2026-08-05,25.2,23.8,1.395122
3289,2026-08-05,145.0,143.8,1.198413
5903,2026-08-05,189.0,182.5,6.5
6134,2026-08-05,26.3,26.1,0.2
6201,2026-08-05,49.15,46.05,3.1
6725,2026-08-05,256.0,249.0,7.0
6997,2026-08-05,76.6,72.0,4.6
8354,2026-08-05,15.8,15.69,0.11
1419,2026-08-06,65.6,63.8,1.8
1439,2026-08-06,29.1,28.6,0.5
1713,2026-08-06,46.95,43.85,3.1
2375,2026-08-06,123.5,122.3,1.2
2762,2026-08-06,85.4,81.76,3.636991
3003,2026-08-06,59.5,58.5,1.0
3033,2026-08-06,47.8,45.88,1.919856
3152,2026-08-06,232.0,224.89,7.111024
3376,2026-08-06,185.0,181.0,3.999665
3516,2026-08-06,27.05,26.85,0.2
5288,2026-08-06,191.5,184.99,6.502918
5525,2026-08-06,23.25,22.05,1.2
6125,2026-08-06,49.1,48.6,0.5
6186,2026-08-06,42.45,37.44,5.007933
6855,2026-08-06,119.5,114.0,5.5
9914,2026-08-06,78.3,75.5,2.8
9960,2026-08-06,32.9,31.35,1.550369
1210,2026-08-07,55.2,52.2,3.0
6491,2026-08-07,379.0,368.99,10.00513
6662,2026-08-07,30.2,28.65,1.55
2520,2026-08-10,34.7,33.08,1.615933
2540,2026-08-10,54.9,48.9,6.0
2546,2026-08-10,99.1,84.19,14.903572
2948,2026-08-10,38.65,35.57,3.076192
3023,2026-08-10,318.0,308.0,10.0
3709,2026-08-10,79.4,77.24,2.156521
6680,2026-08-10,57.8,56.12,1.68029
6869,2026-08-10,68.0,66.0,2.0
7743,2026-08-10,21.2,20.7,0.5
8421,2026-08-10,15.3,14.68,0.618733
8478,2026-08-10,151.5,145.0,6.5
8927,2026-08-10,21.05,20.74,0.306248
00940,2026-08-11,12.44,12.39,0.05
2892,2026-08-11,34.95,33.65,1.3
3390,2026-08-11,22.85,22.65,0.199064
4580,2026-08-11,82.4,78.4,4.0
4744,2026-08-11,28.75,27.75,1.0
5880,2026-08-11,26.1,24.68,1.417074
6005,2026-08-11,33.8,29.53,4.268612
6958,2026-08-11,18.65,17.75,0.89231
3605,2026-08-12,111.0,109.42,1.572032
4569,2026-08-12,167.0,163.75,3.25
4581,2026-08-12,51.5,48.5,3.0
5203,2026-08-12,65.8,62.1,3.693092
6023,2026-08-12,87.0,84.59,2.410861
8916,2026-08-12,43.25,40.22,3.033984
2476,2026-08-13,128.0,125.02,2.973128
2754,2026-08-13,72.6,71.6,1.0
2880,2026-08-13,43.2,41.43,1.764357
2886,2026-08-13,48.7,46.95,1.75
3008,2026-08-13,4585.0,4543.5,41.5
3050,2026-08-13,11.55,11.3,0.25
3232,2026-08-13,19.9,19.4,0.5
6117,2026-08-13,66.8,64.8,1.999441
6202,2026-08-13,63.8,63.12,0.68
6485,2026-08-13,66.6,66.12,0.478255
7712,2026-08-13,151.0,147.0,4.0
00401A,2026-08-14,13.81,13.68,0.121
5314,2026-08-14,61.3,14.75,46.553893
6179,2026-08-14,27.85,27.35,0.5
6188,2026-08-14,72.2,71.4,0.8
00775B,2026-08-17,31.46,31.11,0.35
00844B,2026-08-17,31.34,30.93,0.41
00867B,2026-08-17,30.26,29.85,0.41
00936,2026-08-17,21.47,21.35,0.12
00942B,2026-08-17,13.92,13.86,0.062
00962,2026-08-17,15.65,15.49,0.16
00970B,2026-08-17,9.18,9.13,0.05
00980B,2026-08-17,9.29,9.24,0.047
00989B,2026-08-17,10.28,10.19,0.088
1477,2026-08-17,218.0,212.0,6.0
1618,2026-08-17,41.7,40.0,1.7
2231,2026-08-17,102.0,101.5,0.5
4123,2026-08-17,34.3,31.01,3.294062
4162,2026-08-17,62.1,60.1,2.0
4432,2026-08-17,16.55,16.15,0.4
4967,2026-08-17,275.0,266.38,8.619904
6282,2026-08-17,47.8,47.0,0.799933
6698,2026-08-17,31.45,31.02,0.420271
8049,2026-08-17,26.45,25.05,1.4
00690,2026-08-18,80.2,78.01,2.19
00701,2026-08-18,38.75,37.15,1.6
00730,2026-08-18,29.3,29.19,0.11
00740B,2026-08-18,37.56,37.38,0.185
00741B,2026-08-18,37.6,37.4,0.199
00754B,2026-08-18,31.95,31.48,0.475
00755B,2026-08-18,32.01,31.54,0.47
00756B,2026-08-18,31.18,30.67,0.506
00761B,2026-08-18,33.55,33.1,0.45
00772B,2026-08-18,32.68,32.54,0.14
00773B,2026-08-18,35.07,34.93,0.145
00777B,2026-08-18,31.4,31.26,0.14
00778B,2026-08-18,33.42,33.28,0.142
00780B,2026-08-18,37.05,36.55,0.5
00795B,2026-08-18,26.23,25.9,0.33
00799B,2026-08-18,28.94,28.54,0.4
00840B,2026-08-18,28.9,28.77,0.127
00841B,2026-08-18,27.77,27.43,0.34
00845B,2026-08-18,33.21,32.79,0.417
00846B,2026-08-18,35.95,35.49,0.465
00847B,2026-08-18,24.9,24.55,0.35
00860B,2026-08-18,38.46,38.04,0.42
00864B,2026-08-18,46.68,46.12,0.56
00878,2026-08-18,33.75,32.74,1.01
00881,2026-08-18,55.15,50.55,4.6
00890B,2026-08-18,31.37,31.23,0.145
00891,2026-08-18,36.23,34.68,1.55
00894,2026-08-18,49.9,47.85,2.05
00900,2026-08-18,18.74,18.66,0.075
00913,2026-08-18,49.36,47.58,1.78
00923,2026-08-18,42.89,39.84,3.05
00932,2026-08-18,17.67,17.44,0.23
00933B,2026-08-18,15.75,15.68,0.073
00934,2026-08-18,29.15,28.85,0.3
00937B,2026-08-18,14.41,14.34,0.072
00938,2026-08-18,25.09,24.77,0.32
00943,2026-08-18,21.63,21.51,0.12
00944,2026-08-18,20.87,20.76,0.109
00945B,2026-08-18,14.57,14.48,0.09
00948B,2026-08-18,9.19,9.15,0.042
00952,2026-08-18,18.17,18.05,0.12
00957B,2026-08-18,13.02,12.96,0.062
00961,2026-08-18,13.3,13.11,0.19
00963,2026-08-18,13.23,13.13,0.1
00964,2026-08-18,14.6,14.48,0.12
009801,2026-08-18,12.57,11.57,1.0
009808,2026-08-18,31.12,30.55,0.57
00980A,2026-08-18,25.62,24.98,0.638
00980D,2026-08-18,20.3,20.19,0.114
00981D,2026-08-18,10.45,10.38,0.07
00981T,2026-08-18,11.94,11.85,0.082
00982A,2026-08-18,23.45,22.81,0.64
00982B,2026-08-18,9.54,9.5,0.045
00982D,2026-08-18,9.79,9.73,0.052
00983D,2026-08-18,10.0,9.94,0.06
00985D,2026-08-18,9.9,9.84,0.061
00987B,2026-08-18,16.12,15.92,0.202
00988B,2026-08-18,19.86,19.71,0.153
2885,2026-08-18,68.3,65.67,2.626924
3022,2026-08-18,96.5,93.0,3.5
6225,2026-08-18,44.4,30.04,14.355834
6432,2026-08-18,71.5,70.5,0.99906
6799,2026-08-18,84.1,81.59,2.501141
6986,2026-08-18,43.0,42.81,0.194115
7714,2026-08-18,166.0,164.0,2.0
8928,2026-08-18,23.85,23.05,0.8
00731,2026-08-19,91.75,90.29,1.458
00758B,2026-08-19,50.1,49.5,0.6
00759B,2026-08-19,52.7,52.07,0.63
00760B,2026-08-19,53.2,52.49,0.71
00768B,2026-08-19,48.31,47.46,0.85
00929,2026-08-19,28.87,28.49,0.38
00986D,2026-08-19,14.49,14.4,0.09
1537,2026-08-19,127.5,120.3,7.2
2301,2026-08-19,273.5,271.0,2.5
2363,2026-08-19,51.3,50.69,0.605882
2374,2026-08-19,69.3,67.3,1.991664
2496,2026-08-19,59.4,55.14,4.257143
3017,2026-08-19,3035.0,3014.11,20.881604
5489,2026-08-19,44.4,42.88,1.515233
6574,2026-08-19,126.0,123.0,3.0
8043,2026-08-19,138.5,137.6,0.9
00981B,2026-08-20,9.25,9.19,0.064
1597,2026-08-20,135.0,134.3,0.7
1714,2026-08-20,16.75,16.57,0.18
2377,2026-08-20,146.5,142.3,4.2
2472,2026-08-20,234.0,230.5,3.5
2505,2026-08-20,18.2,17.2,1.0
2539,2026-08-20,41.25,33.31,7.930328
4441,2026-08-20,196.5,185.7,10.8
4764,2026-08-20,203.0,200.77,2.228484
4908,2026-08-20,152.5,151.5,1.0
4966,2026-08-20,582.0,573.12,8.881773
5206,2026-08-20,23.0,22.69,0.313287
5222,2026-08-20,117.5,106.82,10.678579
6177,2026-08-20,48.4,45.4,3.0
6666,2026-08-20,43.5,41.5,2.0
6691,2026-08-20,706.0,622.72,83.272728
6805,2026-08-20,1800.0,1787.5,12.5
8077,2026-08-20,44.9,42.9,2.0
00679B,2026-08-21,26.36,26.08,0.28
00771,2026-08-21,15.65,15.44,0.21
00786B,2026-08-21,32.46,32.08,0.38
00850,2026-08-21,89.2,88.35,0.85
00967B,2026-08-21,9.02,8.99,0.033
00968B,2026-08-21,9.09,9.05,0.043
2066,2026-08-21,58.0,55.85,2.15
2458,2026-08-21,146.0,141.57,4.426
3147,2026-08-21,224.0,217.5,6.5
4430,2026-08-21,19.0,18.5,0.5
7547,2026-08-21,54.4,52.62,1.778005
1454,2026-08-24,12.4,12.3,0.1
1737,2026-08-24,32.5,31.1,1.4
2070,2026-08-24,68.8,68.3,0.5
2413,2026-08-24,43.8,43.3,0.5
2468,2026-08-24,35.05,34.05,1.0
2484,2026-08-24,76.5,75.8,0.7
2527,2026-08-24,44.4,42.9,1.5
3434,2026-08-24,31.1,29.9,1.2
3646,2026-08-24,23.95,23.05,0.9
4746,2026-08-24,53.9,50.9,3.0
6968,2026-08-24,44.0,41.86,2.137254
7805,2026-08-24,678.0,533.33,144.666677
9958,2026-08-24,102.0,100.57,1.423772
00907,2026-08-25,17.47,17.23,0.24
00958B,2026-08-25,9.09,9.05,0.041
1722,2026-08-25,46.2,44.2,2.0
2012,2026-08-25,14.95,14.65,0.3
2201,2026-08-25,29.1,28.54,0.56
2729,2026-08-25,162.5,155.57,6.930038
3317,2026-08-25,65.0,64.5,0.5
3594,2026-08-25,51.1,50.7,0.397632
4111,2026-08-25,30.1,28.8,1.3
4543,2026-08-25,32.75,31.0,1.75
4554,2026-08-25,32.75,28.04,4.706522
4768,2026-08-25,315.0,309.51,5.492607
4907,2026-08-25,48.7,47.2,1.5
5284,2026-08-25,318.5,315.7,2.795022
5534,2026-08-25,80.2,75.13,5.063943
5603,2026-08-25,15.2,14.7,0.5
6248,2026-08-25,18.3,17.08,1.21654
6482,2026-08-25,29.0,27.0,2.0
6667,2026-08-25,218.5,214.3,4.201659
6752,2026-08-25,99.8,96.89,2.906795
6785,2026-08-25,98.8,98.7,0.1
6873,2026-08-25,68.6,66.06,2.537729
7777,2026-08-25,37.9,37.18,0.718635
8403,2026-08-25,19.55,18.95,0.6
9921,2026-08-25,104.0,102.18,1.818553
1583,2026-08-26,51.3,46.97,4.327523
2227,2026-08-26,48.0,47.16,0.84
2420,2026-08-26,56.5,53.5,3.0
2753,2026-08-26,188.5,179.52,8.976191
3128,2026-08-26,22.95,21.27,1.676415
3234,2026-08-26,182.5,173.9,8.598558
3287,2026-08-26,39.0,37.5,1.5
4582,2026-08-26,23.35,22.55,0.794117
6186,2026-08-26,33.65,32.92,0.726287
6216,2026-08-26,22.0,20.96,1.03002
6612,2026-08-26,73.5,66.5,7.003185
6914,2026-08-26,148.5,118.75,29.75
6955,2026-08-26,120.0,97.95,22.040811
7818,2026-08-26,63.0,60.96,2.036375
8084,2026-08-26,46.9,46.12,0.782883
8410,2026-08-26,32.0,30.4,1.6
8442,2026-08-26,49.6,46.6,3.0
1315,2026-08-27,66.3,64.3,2.0
1339,2026-08-27,46.3,43.8,2.5
1409,2026-08-27,24.85,23.95,0.9
1734,2026-08-27,32.5,30.66,1.839623
2059,2026-08-27,14510.0,14459.0,51.0
2415,2026-08-27,30.8,27.28,3.512
2428,2026-08-27,252.0,246.1,5.9
2439,2026-08-27,82.1,78.01,4.084236
2441,2026-08-27,118.0,114.99,3.009077
2718,2026-08-27,49.35,45.28,4.070014
2901,2026-08-27,23.55,23.17,0.37317
3016,2026-08-27,102.0,101.8,0.197359
3025,2026-08-27,57.2,54.0,3.2
3236,2026-08-27,43.9,43.4,0.5
3528,2026-08-27,83.4,82.02,1.38
3558,2026-08-27,130.0,127.0,3.0
3702,2026-08-27,108.0,104.35,3.643236
4303,2026-08-27,54.6,38.29,16.314286
4706,2026-08-27,32.6,32.3,0.3
4707,2026-08-27,34.65,33.56,1.089024
4736,2026-08-27,139.0,121.59,17.403104
5202,2026-08-27,12.05,11.85,0.2
5287,2026-08-27,154.0,135.64,18.357892
5289,2026-08-27,1500.0,1454.19,45.806767
6221,2026-08-27,23.05,21.85,1.199851
6227,2026-08-27,118.5,114.0,4.5
6261,2026-08-27,82.4,79.9,2.5
6624,2026-08-27,42.0,41.71,0.287591
6637,2026-08-27,62.7,58.2,4.5
6770,2026-08-27,70.2,69.97,0.23
7728,2026-08-27,633.0,626.73,6.267336
8941,2026-08-27,44.5,43.0,1.5
9946,2026-08-27,19.1,17.71,1.383888
1453,2026-08-28,11.7,11.35,0.340777
1709,2026-08-28,34.15,33.15,1.0
2072,2026-08-28,149.5,143.5,6.0
2101,2026-08-28,32.9,32.3,0.6
2250,2026-08-28,62.3,59.3,3.0
2364,2026-08-28,76.8,68.0,8.8
2383,2026-08-28,5500.0,5475.0,25.0
3373,2026-08-28,16.65,16.55,0.1
3492,2026-08-28,21.55,20.45,1.1
3693,2026-08-28,556.0,548.0,8.0
5283,2026-08-28,61.1,52.5,8.6
6183,2026-08-28,94.6,91.05,3.55
6474,2026-08-28,40.35,37.85,2.5
7730,2026-08-28,185.0,175.23,9.761907
7822,2026-08-28,957.0,950.61,6.385436
8932,2026-08-28,105.0,87.47,17.529107
1531,2026-08-31,13.7,12.7,1.0
1795,2026-08-31,193.0,187.98,5.010442
2751,2026-08-31,55.5,53.5,1.996649
2905,2026-08-31,17.45,17.15,0.3
2937,2026-08-31,48.65,44.23,4.422728
3209,2026-08-31,51.9,47.52,4.376191
4735,2026-08-31,38.9,37.4,1.5
4905,2026-08-31,90.1,88.6,1.5
5013,2026-08-31,29.8,29.1,0.7
5392,2026-08-31,48.3,47.16,1.143137
7584,2026-08-31,27.1,26.1,1.003852
9105,2026-08-31,8.35,8.28,0.067011
9917,2026-08-31,111.0,105.71,5.285715
00939,2026-09-01,23.17,23.04,0.125
00966B,2026-09-01,13.54,13.47,0.068
00984D,2026-09-01,10.01,9.92,0.085
00986B,2026-09-01,9.55,9.51,0.042
1732,2026-09-01,26.45,25.85,0.6
1783,2026-09-01,41.35,39.35,1.999598
2701,2026-09-01,10.65,10.37,0.28
2889,2026-09-01,15.95,15.31,0.636293
3052,2026-09-01,11.15,10.55,0.6
3078,2026-09-01,51.9,47.9,4.0
3135,2026-09-01,182.5,171.08,11.416952
3416,2026-09-01,182.0,173.37,8.627321
3455,2026-09-01,260.5,257.0,3.5
4760,2026-09-01,261.0,255.9,5.100626
4977,2026-09-01,175.0,168.61,6.385328
6245,2026-09-01,81.8,78.0,3.8
6534,2026-09-01,92.0,90.99,1.008501
8086,2026-09-01,118.0,116.32,1.68
8436,2026-09-01,126.0,119.99,6.013434
9941,2026-09-01,86.9,80.9,5.99804
9941A,2026-09-01,51.4,49.06,2.339375
00406A,2026-09-02,9.96,9.82,0.138
00946,2026-09-02,15.74,15.68,0.058
00950B,2026-09-02,13.58,13.52,0.063
00953B,2026-09-02,9.63,9.56,0.067
00959B,2026-09-02,9.09,9.04,0.048
00983B,2026-09-02,15.03,14.97,0.06
00984B,2026-09-02,15.74,15.66,0.079
00985B,2026-09-02,10.16,10.1,0.053
1240,2026-09-02,58.0,55.24,2.761905
2464,2026-09-02,184.5,182.3,2.192145
2845,2026-09-02,13.65,12.98,0.669122
2923,2026-09-02,24.75,24.63,0.12
3013,2026-09-02,92.4,88.84,3.553847
3346,2026-09-02,19.6,19.49,0.11
4438,2026-09-02,60.8,58.5,2.3
6139,2026-09-02,770.0,747.0,22.996187
6426,2026-09-02,270.0,269.5,0.5
6669,2026-09-02,7800.0,2614.99,5185.002642
6753,2026-09-02,142.5,141.25,1.249351
8076,2026-09-02,23.3,22.6,0.7
1203,2026-09-03,44.35,43.35,1.0
2732,2026-09-03,65.3,63.3,2.0
2756,2026-09-03,64.0,62.5,1.5
3114,2026-09-03,34.65,32.36,2.294231
3484,2026-09-03,51.0,48.5,2.5
3661,2026-09-03,4200.0,4167.44,32.551656
6126,2026-09-03,30.2,29.6,0.597917
6146,2026-09-03,192.5,187.0,5.5
6234,2026-09-03,35.55,35.3,0.25
6279,2026-09-03,127.0,121.5,5.5
6874,2026-09-03,83.6,73.27,10.327273
7780,2026-09-03,17.05,16.93,0.116588
8466,2026-09-03,15.65,15.34,0.301938
8908,2026-09-03,41.4,40.18,1.222757
9951,2026-09-03,54.3,51.05,3.253214
00400A,2026-09-07,15.17,15.05,0.12
01010T,2026-09-07,10.0,9.9,0.09872
1268,2026-09-07,182.0,174.0,8.0
1466,2026-09-07,15.95,15.75,0.2
6533,2026-09-07,264.0,255.83,8.166973
7738,2026-09-07,175.0,165.0,10.0
8099,2026-09-07,61.2,59.1,2.1
00940,2026-09-08,12.99,12.93,0.055
2379,2026-09-08,729.0,704.0,25.0
2442,2026-09-08,19.45,16.26,3.188314
2706,2026-09-08,12.55,12.2,0.35
2743,2026-09-08,59.3,56.1,3.2
3312,2026-09-08,52.6,51.3,1.3
3622,2026-09-08,53.5,50.3,3.2
4549,2026-09-08,103.5,101.47,2.02941
6584,2026-09-08,619.0,616.56,2.440707
6590,2026-09-08,67.0,58.26,8.740959
8473,2026-09-08,45.5,40.43,5.065544
9933,2026-09-08,40.3,38.79,1.503161
1438,2026-09-09,23.3,21.38,1.911112
1815,2026-09-09,135.0,128.1,6.904987
3059,2026-09-09,38.5,37.5,0.998614
3706,2026-09-09,91.3,80.27,11.027273
4160,2026-09-09,39.8,37.92,1.880196
6133,2026-09-09,24.5,23.5,1.0
6163,2026-09-09,40.65,40.07,0.577664
6603,2026-09-09,24.95,24.55,0.401354
6971,2026-09-09,26.65,25.15,1.5
8096,2026-09-09,101.0,100.5,0.5
2062,2026-09-10,19.55,18.55,1.0
4541,2026-09-10,60.0,59.31,0.688259
4912,2026-09-10,97.5,96.69,0.800477
5328,2026-09-10,58.8,58.45,0.35
5906,2026-09-10,41.55,39.38,2.169048
6504,2026-09-10,37.9,36.9,1.0
8234,2026-09-10,65.6,65.2,0.4
9802,2026-09-10,71.2,68.1,3.1
9906,2026-09-10,41.4,41.05,0.348374
3141,2026-09-11,92.1,91.74,0.357788
00401A,2026-09-14,14.07,13.94,0.125
2530,2026-09-14,20.1,19.64,0.46
5243,2026-09-14,89.6,87.4,2.2
5278,2026-09-14,23.9,23.63,0.266182
6204,2026-09-14,88.8,88.3,0.5
8423,2026-09-14,18.35,17.65,0.7
00936,2026-09-15,21.28,21.12,0.16
00942B,2026-09-15,13.52,13.46,0.062
00962,2026-09-15,15.0,14.75,0.25
00970B,2026-09-15,8.92,8.87,0.05
009803,2026-09-15,21.64,20.74,0.9
00980B,2026-09-15,9.03,8.98,0.047
00988B,2026-09-15,19.41,19.27,0.141
00989B,2026-09-15,10.02,9.93,0.088
01009T,2026-09-15,5.67,5.53,0.130476
3675,2026-09-15,284.5,280.5,4.0
5426,2026-09-15,27.75,27.45,0.3
6924,2026-09-15,142.5,139.0,3.5
00404A,2026-09-16,9.72,9.36,0.36
00687B,2026-09-16,26.66,26.33,0.335
00730,2026-09-16,28.19,28.08,0.11
00740B,2026-09-16,36.85,36.67,0.185
00741B,2026-09-16,37.06,36.86,0.199
00764B,2026-09-16,26.58,26.28,0.304
00770,2026-09-16,67.75,61.75,6.0
00772B,2026-09-16,31.92,31.78,0.14
00773B,2026-09-16,34.15,34.01,0.145
00777B,2026-09-16,30.77,30.63,0.14
00778B,2026-09-16,32.66,32.52,0.145
00779B,2026-09-16,26.92,26.56,0.36
00781B,2026-09-16,26.77,26.22,0.55
00792B,2026-09-16,30.28,29.83,0.447
00840B,2026-09-16,28.35,28.22,0.127
00859B,2026-09-16,41.17,40.61,0.563
00862B,2026-09-16,30.34,29.89,0.45
00863B,2026-09-16,30.48,30.06,0.42
00890B,2026-09-16,30.8,30.66,0.145
00896,2026-09-16,27.69,26.24,1.45
00900,2026-09-16,19.52,19.44,0.075
00915,2026-09-16,32.89,32.29,0.6
00919,2026-09-16,32.74,31.64,1.1
00921,2026-09-16,24.04,23.04,1.0
00933B,2026-09-16,15.3,15.23,0.073
00934,2026-09-16,29.56,29.23,0.33
00935,2026-09-16,57.4,55.57,1.83
00937B,2026-09-16,14.13,14.06,0.072
00943,2026-09-16,20.78,20.53,0.25
00944,2026-09-16,21.42,21.31,0.109
00945B,2026-09-16,14.41,14.31,0.097
00948B,2026-09-16,9.03,8.99,0.045
00952,2026-09-16,17.66,17.54,0.12
00957B,2026-09-16,12.79,12.73,0.063
00961,2026-09-16,13.33,13.14,0.19
00963,2026-09-16,13.11,13.01,0.1
00964,2026-09-16,14.85,14.65,0.2
00972,2026-09-16,22.15,21.93,0.22
009802,2026-09-16,19.7,19.51,0.189
009809,2026-09-16,17.95,17.73,0.215
00980D,2026-09-16,19.87,19.76,0.114
00981A,2026-09-16,28.86,28.23,0.63
00981D,2026-09-16,10.26,10.19,0.07
00981T,2026-09-16,11.72,11.63,0.082
00982B,2026-09-16,9.34,9.3,0.045
00982D,2026-09-16,9.51,9.45,0.052
00982T,2026-09-16,15.78,14.78,1.0
00983D,2026-09-16,9.77,9.7,0.061
00999A,2026-09-16,11.18,10.89,0.29
1517,2026-09-16,10.5,10.3,0.2
1599,2026-09-16,23.45,22.95,0.5
2330,2026-09-16,2385.0,2377.99,7.000001
4763,2026-09-16,48.1,45.05,3.05
6830,2026-09-16,532.0,528.83,3.161725
00710B,2026-09-17,19.06,18.67,0.39
00711B,2026-09-17,15.34,15.14,0.2
00712,2026-09-17,8.21,8.01,0.2
00853B,2026-09-17,26.5,26.15,0.347
00929,2026-09-17,28.84,28.46,0.38
00985D,2026-09-17,9.72,9.66,0.061
00986D,2026-09-17,14.22,14.13,0.09
00998A,2026-09-17,17.78,17.36,0.424
4420,2026-09-17,38.5,36.5,2.0
4533,2026-09-17,24.9,24.72,0.177595
5306,2026-09-17,89.7,88.62,1.074628
5498,2026-09-17,50.8,50.55,0.25
00728,2026-09-18,68.5,67.73,0.77
00918,2026-09-18,36.25,34.5,1.75
00994A,2026-09-18,16.37,16.11,0.257
00697B,2026-09-21,34.82,34.51,0.31
00713,2026-09-21,65.1,63.85,1.25
00751B,2026-09-21,30.47,30.04,0.43
00787B,2026-09-21,31.74,31.33,0.41
00967B,2026-09-21,8.84,8.81,0.033
00968B,2026-09-21,8.98,8.94,0.043
00981B,2026-09-21,9.14,9.08,0.063
3260,2026-09-21,396.5,373.35,23.145117
5314,2026-09-21,30.5,30.45,0.048527
8042,2026-09-22,113.5,112.52,0.976512
00836B,2026-09-23,27.81,27.43,0.382
00856B,2026-09-23,37.21,36.88,0.335
00857B,2026-09-23,22.38,22.13,0.255
00930,2026-09-23,24.81,23.99,0.815
00958B,2026-09-23,8.97,8.93,0.041
00990B,2026-09-23,9.96,9.88,0.08
1442,2026-09-23,31.15,28.75,2.4
1595,2026-09-23,74.6,74.13,0.467447
1808,2026-09-23,35.0,33.5,1.5
2542,2026-09-23,45.45,41.45,4.0
4109,2026-09-23,11.1,10.9,0.2
5258,2026-09-23,42.4,41.39,1.007326
1235,2026-09-24,41.15,38.71,2.435714
2109,2026-09-29,15.0,14.5,0.5
7631,2026-09-29,138.5,137.7,0.8
01004T,2026-09-30,10.17,9.94,0.221074
8440,2026-09-30,20.95,20.6,0.35
1784,2026-10-01,61.2,60.32,0.880964
6523,2026-10-01,91.0,89.0,2.0
9927,2026-10-01,70.1,65.1,5.0
6171,2026-10-02,27.35,25.35,2.0
6834,2026-10-02,119.5,115.48,4.01133
00406A,2026-10-05,10.13,9.99,0.138
00939,2026-10-05,24.0,23.87,0.125
00950B,2026-10-05,13.12,13.06,0.063
00959B,2026-10-05,8.72,8.67,0.048
00966B,2026-10-05,12.96,12.89,0.068
00983B,2026-10-05,14.41,14.35,0.06
00984B,2026-10-05,15.13,15.05,0.079
00984D,2026-10-05,9.74,9.65,0.085
00986B,2026-10-05,9.19,9.15,0.042
020035,2026-10-05,14.04,13.69,0.348
5512,2026-10-05,7.69,7.59,0.1
