ticker,date,whale1000,retail100,whale1000_prev,retail100_prev,prev_date,whale_delta,retail_delta
0050,20260924,24.27,65.21,23.82,65.62,20260918,0.45,-0.41
0051,20260924,0.0,79.85,0.0,79.99,20260918,0.0,-0.14
0052,20260924,18.71,72.31,17.96,73.01,20260918,0.75,-0.7
0053,20260924,45.33,39.57,45.36,39.22,20260918,-0.03,0.35
0055,20260924,30.71,51.55,31.07,50.39,20260918,-0.36,1.16
0056,20260924,9.06,76.19,9.14,76.16,20260918,-0.08,0.03
0057,20260924,0.0,61.12,0.0,61.65,20260918,0.0,-0.53
0061,20260924,22.85,48.15,22.64,48.29,20260918,0.21,-0.14
1101,20260924,51.11,35.67,50.74,35.87,20260918,0.37,-0.2
1102,20260924,79.79,13.82,79.61,13.99,20260918,0.18,-0.17
1103,20260924,76.76,14.1,76.64,14.09,20260918,0.12,0.01
1104,20260924,67.45,19.73,67.79,19.6,20260918,-0.34,0.13
1107,20260924,99.7,0.29,99.7,0.29,20260918,0.0,0.0
1108,20260924,74.77,15.38,74.79,15.42,20260918,-0.02,-0.04
1109,20260924,72.97,14.05,72.96,14.05,20260918,0.01,0.0
1110,20260924,91.42,3.25,91.42,3.24,20260918,0.0,0.01
1201,20260924,58.53,28.54,59.24,28.1,20260918,-0.71,0.44
1203,20260924,86.76,5.78,86.76,5.75,20260918,0.0,0.03
1204,20260924,31.8,46.69,31.8,46.69,20260918,0.0,0.0
1207,20260924,75.31,18.66,75.31,18.66,20260918,0.0,0.0
1210,20260924,61.14,29.11,60.94,29.23,20260918,0.2,-0.12
1212,20260924,35.63,40.46,35.63,40.46,20260918,0.0,0.0
1213,20260924,77.03,14.34,77.04,14.34,20260918,-0.01,0.0
1215,20260924,52.11,38.89,52.79,38.51,20260918,-0.68,0.38
1216,20260924,86.12,7.96,86.19,7.91,20260918,-0.07,0.05
1217,20260924,54.02,30.39,54.12,30.39,20260918,-0.1,0.0
1218,20260924,62.85,25.46,63.3,25.45,20260918,-0.45,0.01
1219,20260924,59.11,27.9,59.11,27.94,20260918,0.0,-0.04
1220,20260924,60.48,22.47,60.48,22.5,20260918,0.0,-0.03
1221,20260924,25.9,51.63,25.87,51.57,20260918,0.03,0.06
1224,20260924,82.38,7.55,82.38,7.55,20260918,0.0,0.0
1225,20260924,86.77,7.09,86.76,7.1,20260918,0.01,-0.01
1227,20260924,64.36,27.84,64.33,27.88,20260918,0.03,-0.04
1228,20260924,12.2,44.74,12.2,44.74,20260918,0.0,0.0
1229,20260924,63.02,27.02,63.08,26.99,20260918,-0.06,0.03
1231,20260924,63.66,30.82,63.62,30.92,20260918,0.04,-0.1
1232,20260924,72.04,22.18,72.04,22.15,20260918,0.0,0.03
1233,20260924,68.5,12.81,68.44,12.85,20260918,0.06,-0.04
1234,20260924,74.28,11.04,74.29,11.04,20260918,-0.01,0.0
1235,20260924,95.42,2.3,95.42,2.27,20260918,0.0,0.03
1236,20260924,78.84,11.71,78.77,11.72,20260918,0.07,-0.01
1238,20260924,8.57,70.49,8.57,70.5,20260918,0.0,-0.01
1240,20260924,49.15,17.84,49.16,18.62,20260918,-0.01,-0.78
1256,20260924,47.11,28.77,47.11,28.74,20260918,0.0,0.03
1259,20260924,71.46,15.64,71.16,15.17,20260918,0.3,0.47
1260,20260924,70.59,11.42,70.59,11.43,20260918,0.0,-0.01
1264,20260924,24.84,36.84,24.84,36.86,20260918,0.0,-0.02
1268,20260924,72.16,16.66,72.16,16.67,20260918,0.0,-0.01
1269,20260924,72.54,10.38,72.54,10.39,20260918,0.0,-0.01
1271,20260924,64.43,15.93,64.42,15.97,20260918,0.01,-0.04
1293,20260924,42.39,11.5,42.39,11.5,20260918,0.0,0.0
1294,20260924,44.0,24.85,44.0,24.85,20260918,0.0,0.0
1295,20260924,44.94,30.93,44.91,30.97,20260918,0.03,-0.04
1301,20260924,72.55,20.19,72.59,20.17,20260918,-0.04,0.02
1303,20260924,83.28,10.78,83.84,10.3,20260918,-0.56,0.48
1304,20260924,57.98,31.82,57.82,31.79,20260918,0.16,0.03
1305,20260924,48.7,39.23,48.61,39.22,20260918,0.09,0.01
1306,20260924,19.41,62.47,19.41,62.47,20260918,0.0,0.0
1307,20260924,77.28,14.78,77.3,14.78,20260918,-0.02,0.0
1308,20260924,49.93,38.32,49.95,38.37,20260918,-0.02,-0.05
1309,20260924,43.92,45.68,43.94,45.55,20260918,-0.02,0.13
1310,20260924,24.87,56.78,24.82,57.02,20260918,0.05,-0.24
1312,20260924,56.67,31.3,56.14,31.59,20260918,0.53,-0.29
1313,20260924,64.02,23.83,63.93,23.9,20260918,0.09,-0.07
1314,20260924,34.12,42.96,34.43,42.85,20260918,-0.31,0.11
1315,20260924,70.44,12.07,71.05,12.14,20260918,-0.61,-0.07
1316,20260924,33.37,44.74,33.34,44.59,20260918,0.03,0.15
1319,20260924,75.94,16.5,76.04,16.43,20260918,-0.1,0.07
1321,20260924,53.64,11.77,53.63,11.83,20260918,0.01,-0.06
1323,20260924,61.23,21.57,61.23,21.59,20260918,0.0,-0.02
1324,20260924,60.81,29.16,60.81,29.13,20260918,0.0,0.03
1325,20260924,44.85,45.03,44.85,45.23,20260918,0.0,-0.2
1326,20260924,80.19,13.44,80.42,13.23,20260918,-0.23,0.21
1333,20260924,43.03,31.05,43.03,31.05,20260918,0.0,0.0
1336,20260924,38.52,32.1,38.52,32.18,20260918,0.0,-0.08
1337,20260924,39.13,40.9,39.1,40.88,20260918,0.03,0.02
1338,20260924,34.24,43.43,34.27,43.83,20260918,-0.03,-0.4
1339,20260924,72.45,21.3,72.42,21.38,20260918,0.03,-0.08
1340,20260924,28.15,51.8,28.15,51.83,20260918,0.0,-0.03
1341,20260924,75.97,8.49,75.97,8.5,20260918,0.0,-0.01
1342,20260924,51.25,33.25,51.25,32.57,20260918,0.0,0.68
1343,20260924,42.18,18.59,42.18,18.59,20260918,0.0,0.0
1402,20260924,86.96,7.93,87.04,7.91,20260918,-0.08,0.02
1407,20260924,28.88,53.08,28.87,53.08,20260918,0.01,0.0
1408,20260924,12.54,63.44,12.54,63.46,20260918,0.0,-0.02
1409,20260924,57.4,32.04,57.87,31.8,20260918,-0.47,0.24
1410,20260924,68.4,13.5,68.39,13.52,20260918,0.01,-0.02
1413,20260924,69.55,15.36,69.55,15.34,20260918,0.0,0.02
1414,20260924,82.86,8.5,82.85,8.48,20260918,0.01,0.02
1416,20260924,50.33,30.95,50.65,31.03,20260918,-0.32,-0.08
1417,20260924,48.26,30.88,48.25,30.92,20260918,0.01,-0.04
1418,20260924,58.96,16.11,58.96,15.91,20260918,0.0,0.2
1419,20260924,85.56,5.31,85.53,5.33,20260918,0.03,-0.02
1423,20260924,74.46,10.72,74.48,10.73,20260918,-0.02,-0.01
1432,20260924,53.3,41.03,53.3,41.17,20260918,0.0,-0.14
1434,20260924,68.84,21.24,68.61,21.26,20260918,0.23,-0.02
1435,20260924,93.04,4.1,93.05,4.11,20260918,-0.01,-0.01
1436,20260924,72.05,18.9,72.04,18.86,20260918,0.01,0.04
1437,20260924,67.41,12.32,67.32,12.46,20260918,0.09,-0.14
1438,20260924,76.81,11.74,76.79,11.64,20260918,0.02,0.1
1439,20260924,77.19,10.28,77.15,10.29,20260918,0.04,-0.01
1440,20260924,73.49,15.67,73.51,15.68,20260918,-0.02,-0.01
1441,20260924,100.0,0.0,58.35,30.18,20260918,41.65,-30.18
1442,20260924,78.59,7.76,79.25,7.28,20260918,-0.66,0.48
1443,20260924,82.7,6.59,82.69,6.6,20260918,0.01,-0.01
1444,20260924,59.95,28.4,59.93,28.39,20260918,0.02,0.01
1445,20260924,59.26,18.29,59.26,18.44,20260918,0.0,-0.15
1446,20260924,62.71,23.68,62.65,24.01,20260918,0.06,-0.33
1447,20260924,65.98,23.16,65.97,23.25,20260918,0.01,-0.09
1449,20260924,32.28,48.93,32.57,49.47,20260918,-0.29,-0.54
1450,20260924,21.04,58.64,21.04,58.64,20260918,0.0,0.0
1451,20260924,56.67,25.7,56.67,25.69,20260918,0.0,0.01
1452,20260924,38.86,36.53,38.8,36.6,20260918,0.06,-0.07
1453,20260924,74.47,20.27,73.7,20.75,20260918,0.77,-0.48
1454,20260924,77.24,11.87,77.26,11.88,20260918,-0.02,-0.01
1455,20260924,63.06,26.37,63.09,26.38,20260918,-0.03,-0.01
1456,20260924,80.66,8.11,80.69,8.12,20260918,-0.03,-0.01
1457,20260924,68.3,17.41,68.29,17.44,20260918,0.01,-0.03
1458,20260924,51.07,29.45,51.07,29.45,20260918,0.0,0.0
1459,20260924,78.4,9.43,78.33,9.55,20260918,0.07,-0.12
1460,20260924,65.23,18.95,65.23,18.99,20260918,0.0,-0.04
1462,20260924,34.47,38.66,34.47,38.66,20260918,0.0,0.0
1463,20260924,75.22,12.61,75.17,12.57,20260918,0.05,0.04
1464,20260924,54.38,27.56,54.35,27.6,20260918,0.03,-0.04
1465,20260924,62.34,20.17,62.34,20.22,20260918,0.0,-0.05
1466,20260924,62.13,21.25,62.1,21.26,20260918,0.03,-0.01
1467,20260924,59.75,23.33,59.72,23.35,20260918,0.03,-0.02
1468,20260924,96.81,1.4,96.81,1.4,20260918,0.0,0.0
1469,20260924,87.63,1.03,87.63,1.03,20260918,0.0,0.0
1470,20260924,70.27,5.08,70.27,5.08,20260918,0.0,0.0
1471,20260924,17.0,65.23,16.98,65.27,20260918,0.02,-0.04
1472,20260924,69.47,8.48,69.47,8.48,20260918,0.0,0.0
1473,20260924,69.35,19.88,69.45,19.88,20260918,-0.1,0.0
1474,20260924,53.34,29.44,53.32,29.42,20260918,0.02,0.02
1475,20260924,69.0,11.24,69.0,11.22,20260918,0.0,0.02
1476,20260924,71.01,15.39,71.59,14.83,20260918,-0.58,0.56
1477,20260924,50.58,29.76,50.64,29.46,20260918,-0.06,0.3
1480,20260924,94.48,0.82,94.48,0.82,20260918,0.0,0.0
1491,20260924,46.3,20.43,46.3,20.43,20260918,0.0,0.0
1498,20260924,0.0,12.45,0.0,12.45,20260918,0.0,0.0
1503,20260924,70.62,21.78,70.81,21.71,20260918,-0.19,0.07
1504,20260924,67.7,25.21,67.85,24.99,20260918,-0.15,0.22
1506,20260924,71.35,13.98,71.35,13.94,20260918,0.0,0.04
1507,20260924,100.0,0.0,100.0,0.0,20260918,0.0,0.0
1512,20260924,47.96,32.7,47.97,32.75,20260918,-0.01,-0.05
1513,20260924,41.49,48.56,41.08,48.65,20260918,0.41,-0.09
1514,20260924,34.75,51.42,33.36,51.96,20260918,1.39,-0.54
1515,20260924,40.33,42.73,40.33,42.95,20260918,0.0,-0.22
1516,20260924,58.33,27.32,58.33,26.78,20260918,0.0,0.54
1517,20260924,44.11,43.08,44.1,43.18,20260918,0.01,-0.1
1519,20260924,68.87,19.66,68.6,19.8,20260918,0.27,-0.14
1521,20260924,66.44,26.94,66.44,27.08,20260918,0.0,-0.14
1522,20260924,52.55,36.39,52.55,36.4,20260918,0.0,-0.01
1524,20260924,35.53,52.06,35.53,52.1,20260918,0.0,-0.04
1525,20260924,86.5,9.22,86.5,9.22,20260918,0.0,0.0
1526,20260924,29.94,50.56,29.94,50.59,20260918,0.0,-0.03
1527,20260924,29.23,56.33,29.15,56.51,20260918,0.08,-0.18
1528,20260924,28.3,63.13,27.74,63.81,20260918,0.56,-0.68
1529,20260924,44.81,43.41,45.0,43.51,20260918,-0.19,-0.1
1530,20260924,70.06,20.39,70.06,20.4,20260918,0.0,-0.01
1531,20260924,53.76,22.29,54.14,22.27,20260918,-0.38,0.02
1532,20260924,58.78,23.05,58.67,23.07,20260918,0.11,-0.02
1533,20260924,52.11,30.83,52.11,30.68,20260918,0.0,0.15
1534,20260924,35.44,40.53,35.44,40.53,20260918,0.0,0.0
1535,20260924,75.4,21.02,75.37,20.95,20260918,0.03,0.07
1536,20260924,27.65,57.46,27.6,57.38,20260918,0.05,0.08
1537,20260924,43.04,41.67,43.01,41.68,20260918,0.03,-0.01
1538,20260924,70.77,14.58,70.77,14.58,20260918,0.0,0.0
1539,20260924,60.51,31.01,60.51,30.84,20260918,0.0,0.17
1540,20260924,23.21,56.21,23.21,56.29,20260918,0.0,-0.08
1541,20260924,79.46,11.18,79.46,11.18,20260918,0.0,0.0
1553,20260924,0.0,99.96,0.0,99.96,20260918,0.0,0.0
1557,20260924,0.0,69.39,0.0,69.39,20260918,0.0,0.0
1558,20260924,16.89,44.08,16.74,44.14,20260918,0.15,-0.06
1560,20260924,48.91,20.32,50.31,20.41,20260918,-1.4,-0.09
1563,20260924,36.5,36.09,36.51,36.02,20260918,-0.01,0.07
1565,20260924,8.4,69.22,8.4,68.69,20260918,0.0,0.53
1568,20260924,56.15,26.85,57.23,26.68,20260918,-1.08,0.17
1569,20260924,46.68,31.71,42.66,34.71,20260918,4.02,-3.0
1570,20260924,44.49,30.53,44.49,30.71,20260918,0.0,-0.18
1571,20260924,0.0,7.29,0.0,7.29,20260918,0.0,0.0
1573,20260924,0.0,13.92,0.0,13.92,20260918,0.0,0.0
1575,20260924,0.0,99.99,0.0,99.99,20260918,0.0,0.0
1577,20260924,0.0,99.99,0.0,99.99,20260918,0.0,0.0
1580,20260924,29.88,52.36,29.88,52.12,20260918,0.0,0.24
1582,20260924,25.75,58.18,25.78,58.11,20260918,-0.03,0.07
1583,20260924,89.51,6.83,89.51,6.71,20260918,0.0,0.12
1584,20260924,36.55,47.87,36.68,47.83,20260918,-0.13,0.04
1585,20260924,46.04,17.55,46.04,17.55,20260918,0.0,0.0
1586,20260924,61.39,19.85,61.2,19.9,20260918,0.19,-0.05
1587,20260924,37.91,41.85,37.91,41.99,20260918,0.0,-0.14
1589,20260924,21.0,57.93,21.0,57.94,20260918,0.0,-0.01
1590,20260924,52.95,10.65,53.39,10.65,20260918,-0.44,0.0
1591,20260924,8.04,60.5,8.04,60.76,20260918,0.0,-0.26
1592,20260924,18.1,55.84,18.1,55.84,20260918,0.0,0.0
1593,20260924,35.43,35.98,35.43,35.72,20260918,0.0,0.26
1594,20260924,75.4,10.2,75.4,10.21,20260918,0.0,-0.01
1595,20260924,36.3,35.38,36.44,35.74,20260918,-0.14,-0.36
1597,20260924,36.92,40.69,37.11,40.34,20260918,-0.19,0.35
1598,20260924,52.73,29.25,52.73,29.35,20260918,0.0,-0.1
1599,20260924,56.89,27.6,56.85,27.65,20260918,0.04,-0.05
1601,20260924,6.33,67.68,6.31,67.7,20260918,0.02,-0.02
1602,20260924,9.57,82.34,9.57,82.34,20260918,0.0,0.0
1603,20260924,68.94,21.85,69.49,21.9,20260918,-0.55,-0.05
1604,20260924,52.93,32.23,52.6,32.25,20260918,0.33,-0.02
1605,20260924,72.7,20.56,72.8,20.46,20260918,-0.1,0.1
1606,20260924,9.56,67.71,9.55,67.72,20260918,0.01,-0.01
1608,20260924,63.22,28.37,63.28,28.39,20260918,-0.06,-0.02
1609,20260924,28.94,59.33,28.49,59.42,20260918,0.45,-0.09
1611,20260924,43.26,39.94,43.93,39.33,20260918,-0.67,0.61
1612,20260924,55.3,31.78,55.51,31.91,20260918,-0.21,-0.13
1613,20260924,47.38,29.44,47.38,29.44,20260918,0.0,0.0
1614,20260924,75.52,7.84,75.52,7.82,20260918,0.0,0.02
1615,20260924,76.81,14.71,76.85,14.74,20260918,-0.04,-0.03
1616,20260924,56.62,32.71,56.52,32.73,20260918,0.1,-0.02
1617,20260924,69.13,18.7,69.13,18.99,20260918,0.0,-0.29
1618,20260924,53.43,35.99,53.37,36.16,20260918,0.06,-0.17
1623,20260924,73.47,17.75,73.47,17.74,20260918,0.0,0.01
1626,20260924,60.15,18.65,60.15,18.69,20260918,0.0,-0.04
1702,20260924,54.96,36.61,54.85,36.73,20260918,0.11,-0.12
1707,20260924,40.57,38.4,40.62,38.2,20260918,-0.05,0.2
1708,20260924,34.9,53.53,33.94,53.68,20260918,0.96,-0.15
1709,20260924,62.12,20.55,64.24,18.9,20260918,-2.12,1.65
1710,20260924,57.28,28.97,57.41,28.95,20260918,-0.13,0.02
1711,20260924,39.5,46.51,39.45,46.4,20260918,0.05,0.11
1712,20260924,47.59,32.54,47.63,32.57,20260918,-0.04,-0.03
1713,20260924,68.48,16.52,67.7,16.47,20260918,0.78,0.05
1714,20260924,46.68,37.53,46.81,37.7,20260918,-0.13,-0.17
1717,20260924,60.73,26.66,60.9,26.52,20260918,-0.17,0.14
1718,20260924,47.87,38.59,47.8,38.7,20260918,0.07,-0.11
1720,20260924,61.49,28.08,61.5,28.13,20260918,-0.01,-0.05
1721,20260924,32.69,52.2,31.59,53.52,20260918,1.1,-1.32
1722,20260924,57.62,27.89,58.23,27.71,20260918,-0.61,0.18
1723,20260924,46.48,41.32,46.93,41.2,20260918,-0.45,0.12
1725,20260924,93.1,4.44,93.1,4.47,20260918,0.0,-0.03
1726,20260924,83.56,10.94,83.56,10.93,20260918,0.0,0.01
1727,20260924,62.27,24.66,57.82,27.34,20260918,4.45,-2.68
1729,20260924,85.84,6.78,85.84,6.78,20260918,0.0,0.0
1730,20260924,53.73,38.68,53.73,38.67,20260918,0.0,0.01
1731,20260924,51.75,34.06,51.75,34.12,20260918,0.0,-0.06
1732,20260924,44.13,45.58,44.13,45.82,20260918,0.0,-0.24
1733,20260924,31.9,43.89,31.9,43.8,20260918,0.0,0.09
1734,20260924,41.7,37.6,41.5,37.82,20260918,0.2,-0.22
1735,20260924,77.83,17.43,77.82,17.36,20260918,0.01,0.07
1736,20260924,83.2,7.16,83.16,7.01,20260918,0.04,0.15
1737,20260924,58.24,30.77,59.3,30.46,20260918,-1.06,0.31
1742,20260924,72.73,11.04,72.77,11.05,20260918,-0.04,-0.01
1748,20260924,36.48,48.25,36.48,48.25,20260918,0.0,0.0
1752,20260924,58.31,29.2,58.31,29.32,20260918,0.0,-0.12
1760,20260924,33.89,45.5,33.89,45.23,20260918,0.0,0.27
1762,20260924,36.1,43.28,36.1,43.4,20260918,0.0,-0.12
1763,20260924,100.0,0.0,100.0,0.0,20260918,0.0,0.0
1764,20260924,100.0,0.0,100.0,0.0,20260918,0.0,0.0
1765,20260924,100.0,0.0,100.0,0.0,20260918,0.0,0.0
1766,20260924,100.0,0.0,100.0,0.0,20260918,0.0,0.0
1773,20260924,67.99,19.0,68.31,18.81,20260918,-0.32,0.19
1775,20260924,100.0,0.0,100.0,0.0,20260918,0.0,0.0
1776,20260924,44.14,22.76,44.14,22.6,20260918,0.0,0.16
1777,20260924,54.22,31.76,54.22,31.79,20260918,0.0,-0.03
1780,20260924,63.22,14.35,63.16,14.42,20260918,0.06,-0.07
1781,20260924,23.54,44.56,23.54,44.53,20260918,0.0,0.03
1783,20260924,56.1,25.28,56.1,25.32,20260918,0.0,-0.04
1784,20260924,18.13,51.15,18.13,51.24,20260918,0.0,-0.09
1785,20260924,36.61,49.06,36.49,48.76,20260918,0.12,0.3
1786,20260924,44.51,37.19,44.39,37.27,20260918,0.12,-0.08
1788,20260924,40.09,37.2,40.09,37.21,20260918,0.0,-0.01
1789,20260924,74.49,16.45,74.61,16.49,20260918,-0.12,-0.04
1794,20260924,0.0,62.59,0.0,62.59,20260918,0.0,0.0
1795,20260924,52.25,37.55,52.28,37.43,20260918,-0.03,0.12
1796,20260924,45.18,26.6,45.18,26.58,20260918,0.0,0.02
1799,20260924,64.07,24.98,64.07,24.95,20260918,0.0,0.03
1802,20260924,74.37,21.08,74.53,20.91,20260918,-0.16,0.17
1805,20260924,70.4,12.63,70.4,12.88,20260918,0.0,-0.25
1806,20260924,70.9,20.59,70.92,20.67,20260918,-0.02,-0.08
1807,20260924,38.24,38.06,38.24,38.06,20260918,0.0,0.0
1808,20260924,78.61,14.88,78.85,14.74,20260918,-0.24,0.14
1809,20260924,43.63,46.5,43.48,46.82,20260918,0.15,-0.32
1810,20260924,56.47,31.92,56.33,32.26,20260918,0.14,-0.34
1813,20260924,33.67,38.75,33.67,38.74,20260918,0.0,0.01
1814,20260924,53.7,10.41,53.7,10.41,20260918,0.0,0.0
1815,20260924,48.41,41.81,47.66,42.76,20260918,0.75,-0.95
1816,20260924,91.94,3.57,91.94,3.57,20260918,0.0,0.0
1817,20260924,58.35,22.96,58.35,22.82,20260918,0.0,0.14
1818,20260924,63.87,8.26,63.87,8.26,20260918,0.0,0.0
1819,20260924,65.69,4.19,65.69,4.19,20260918,0.0,0.0
1903,20260924,74.9,10.94,74.91,10.88,20260918,-0.01,0.06
1904,20260924,64.03,24.76,64.11,24.83,20260918,-0.08,-0.07
1905,20260924,68.97,24.95,69.05,24.92,20260918,-0.08,0.03
1906,20260924,70.09,19.56,70.13,19.47,20260918,-0.04,0.09
1907,20260924,82.24,10.07,82.2,10.09,20260918,0.04,-0.02
1909,20260924,63.71,23.49,63.79,23.43,20260918,-0.08,0.06
1918,20260924,17.85,66.3,17.85,66.3,20260918,0.0,0.0
2002,20260924,49.13,37.62,49.26,37.55,20260918,-0.13,0.07
2006,20260924,75.3,13.41,75.03,13.69,20260918,0.27,-0.28
2007,20260924,75.66,19.17,75.66,19.18,20260918,0.0,-0.01
2008,20260924,91.27,4.96,91.25,4.98,20260918,0.02,-0.02
2009,20260924,56.17,37.71,56.14,38.14,20260918,0.03,-0.43
2010,20260924,65.06,23.09,65.01,23.07,20260918,0.05,0.02
2012,20260924,74.58,10.52,74.58,10.53,20260918,0.0,-0.01
2013,20260924,77.34,17.56,77.32,17.55,20260918,0.02,0.01
2014,20260924,47.83,42.19,47.56,42.3,20260918,0.27,-0.11
2015,20260924,82.15,6.09,82.1,6.07,20260918,0.05,0.02
2017,20260924,57.01,29.94,56.96,29.99,20260918,0.05,-0.05
2020,20260924,44.6,39.95,44.19,40.0,20260918,0.41,-0.05
2022,20260924,37.13,47.95,37.14,47.97,20260918,-0.01,-0.02
2023,20260924,77.61,16.9,77.79,16.88,20260918,-0.18,0.02
2024,20260924,80.78,13.22,80.78,13.21,20260918,0.0,0.01
2025,20260924,59.38,27.09,59.38,27.09,20260918,0.0,0.0
2027,20260924,73.69,16.62,73.74,16.58,20260918,-0.05,0.04
2028,20260924,81.3,12.96,81.29,12.9,20260918,0.01,0.06
2029,20260924,67.78,21.8,67.77,21.77,20260918,0.01,0.03
2030,20260924,48.61,36.38,48.4,38.22,20260918,0.21,-1.84
2031,20260924,53.89,32.47,53.63,32.8,20260918,0.26,-0.33
2032,20260924,49.74,33.5,49.58,33.76,20260918,0.16,-0.26
2033,20260924,77.4,10.5,66.76,14.36,20260918,10.64,-3.86
2034,20260924,44.57,38.47,44.3,38.89,20260918,0.27,-0.42
2035,20260924,96.12,2.58,96.11,2.59,20260918,0.01,-0.01
2038,20260924,49.52,38.54,49.46,38.51,20260918,0.06,0.03
2049,20260924,59.82,21.88,60.33,21.47,20260918,-0.51,0.41
2056,20260924,85.71,2.63,85.71,2.63,20260918,0.0,0.0
2058,20260924,18.55,53.39,18.54,53.4,20260918,0.01,-0.01
2059,20260924,54.62,18.64,54.18,18.75,20260918,0.44,-0.11
2060,20260924,87.22,5.25,87.22,5.25,20260918,0.0,0.0
2061,20260924,30.74,36.99,30.52,37.75,20260918,0.22,-0.76
2062,20260924,55.43,29.39,55.43,29.37,20260918,0.0,0.02
2063,20260924,37.5,30.48,37.55,30.32,20260918,-0.05,0.16
2064,20260924,72.44,8.95,72.44,8.95,20260918,0.0,0.0
2065,20260924,43.8,40.81,44.41,40.83,20260918,-0.61,-0.02
2066,20260924,53.56,25.56,53.56,25.32,20260918,0.0,0.24
2067,20260924,49.07,30.99,49.07,30.98,20260918,0.0,0.01
2068,20260924,100.0,0.0,100.0,0.0,20260918,0.0,0.0
2069,20260924,54.19,26.43,53.44,26.43,20260918,0.75,0.0
2070,20260924,47.35,31.48,47.35,31.45,20260918,0.0,0.03
2071,20260924,73.66,9.34,73.64,9.35,20260918,0.02,-0.01
2072,20260924,71.39,18.02,71.39,17.87,20260918,0.0,0.15
2073,20260924,51.62,10.33,51.61,10.35,20260918,0.01,-0.02
2101,20260924,58.33,24.64,58.47,24.48,20260918,-0.14,0.16
2102,20260924,76.87,13.11,78.03,12.74,20260918,-1.16,0.37
2103,20260924,54.98,30.0,54.78,30.14,20260918,0.2,-0.14
2104,20260924,38.37,38.88,37.59,39.3,20260918,0.78,-0.42
2105,20260924,77.31,15.23,77.36,15.18,20260918,-0.05,0.05
2106,20260924,74.66,14.86,74.7,14.78,20260918,-0.04,0.08
2107,20260924,58.92,27.78,58.83,27.91,20260918,0.09,-0.13
2108,20260924,65.18,23.56,65.39,23.58,20260918,-0.21,-0.02
2109,20260924,66.68,16.58,66.68,16.59,20260918,0.0,-0.01
2113,20260924,0.0,99.97,0.0,99.97,20260918,0.0,0.0
2114,20260924,59.28,23.8,59.19,23.72,20260918,0.09,0.08
2115,20260924,58.78,18.32,58.78,18.39,20260918,0.0,-0.07
2201,20260924,60.0,28.92,60.06,28.47,20260918,-0.06,0.45
2204,20260924,70.63,21.78,70.97,21.73,20260918,-0.34,0.05
2206,20260924,81.62,10.88,81.7,10.93,20260918,-0.08,-0.05
2207,20260924,83.3,4.68,83.23,4.69,20260918,0.07,-0.01
2208,20260924,50.09,35.58,49.73,35.92,20260918,0.36,-0.34
2211,20260924,77.2,15.35,77.19,15.23,20260918,0.01,0.12
2221,20260924,64.24,28.06,66.93,24.06,20260918,-2.69,4.0
2226,20260924,100.0,0.0,100.0,0.0,20260918,0.0,0.0
2227,20260924,93.25,5.77,93.27,5.75,20260918,-0.02,0.02
2228,20260924,53.88,34.67,53.88,34.6,20260918,0.0,0.07
2229,20260924,0.0,28.14,0.0,28.14,20260918,0.0,0.0
2230,20260924,34.01,37.62,33.58,37.4,20260918,0.43,0.22
2231,20260924,61.0,27.43,60.99,27.64,20260918,0.01,-0.21
2233,20260924,34.33,45.48,34.51,45.21,20260918,-0.18,0.27
2235,20260924,76.08,15.33,76.08,15.34,20260918,0.0,-0.01
2236,20260924,66.7,16.8,66.58,17.02,20260918,0.12,-0.22
2237,20260924,70.63,13.9,70.63,13.84,20260918,0.0,0.06
2239,20260924,78.22,12.6,78.12,12.58,20260918,0.1,0.02
2241,20260924,29.76,38.45,32.38,37.96,20260918,-2.62,0.49
2243,20260924,53.8,19.43,53.78,19.28,20260918,0.02,0.15
2245,20260924,66.91,11.44,66.91,11.45,20260918,0.0,-0.01
2246,20260924,65.07,22.51,65.07,22.51,20260918,0.0,0.0
2247,20260924,72.7,18.17,72.7,18.28,20260918,0.0,-0.11
2248,20260924,67.58,13.0,67.58,13.04,20260918,0.0,-0.04
2249,20260924,54.22,21.32,54.24,21.32,20260918,-0.02,0.0
2250,20260924,48.97,41.53,48.97,41.47,20260918,0.0,0.06
2252,20260924,76.08,10.69,76.03,10.79,20260918,0.05,-0.1
2254,20260924,87.07,3.77,89.33,3.53,20260918,-2.26,0.24
2255,20260924,71.25,13.29,71.28,13.47,20260918,-0.03,-0.18
2256,20260924,42.55,26.27,41.47,27.14,20260918,1.08,-0.87
2258,20260924,92.84,4.11,92.82,4.12,20260918,0.02,-0.01
2301,20260924,74.91,14.77,75.22,14.56,20260918,-0.31,0.21
2302,20260924,56.69,32.69,57.35,32.42,20260918,-0.66,0.27
2303,20260924,72.86,20.75,72.08,21.44,20260918,0.78,-0.69
2305,20260924,63.3,26.71,62.22,26.36,20260918,1.08,0.35
2308,20260924,73.56,12.89,73.59,13.29,20260918,-0.03,-0.4
2312,20260924,44.22,44.39,44.18,44.41,20260918,0.04,-0.02
2313,20260924,53.47,36.6,54.07,36.46,20260918,-0.6,0.14
2314,20260924,5.51,77.32,5.51,77.4,20260918,0.0,-0.08
2316,20260924,56.43,30.24,56.42,30.27,20260918,0.01,-0.03
2317,20260924,66.85,25.74,66.76,25.83,20260918,0.09,-0.09
2318,20260924,22.81,58.69,22.81,58.69,20260918,0.0,0.0
2321,20260924,67.91,27.12,100.0,0.0,20260918,-32.09,27.12
2323,20260924,39.33,41.17,39.21,41.33,20260918,0.12,-0.16
2324,20260924,59.16,31.19,59.68,30.68,20260918,-0.52,0.51
2326,20260924,6.52,72.78,6.51,72.78,20260918,0.01,0.0
2327,20260924,63.34,26.7,62.66,27.51,20260918,0.68,-0.81
2328,20260924,37.85,50.93,37.26,51.3,20260918,0.59,-0.37
2329,20260924,46.8,43.34,46.67,43.56,20260918,0.13,-0.22
2330,20260924,84.77,9.87,84.7,9.93,20260918,0.07,-0.06
2331,20260924,54.47,34.36,54.27,34.35,20260918,0.2,0.01
2332,20260924,28.06,52.96,29.05,52.52,20260918,-0.99,0.44
2333,20260924,20.38,59.33,20.37,59.33,20260918,0.01,0.0
2335,20260924,25.39,48.36,25.39,48.36,20260918,0.0,0.0
2337,20260924,35.74,51.94,35.87,52.11,20260918,-0.13,-0.17
2338,20260924,40.15,48.87,39.9,48.67,20260918,0.25,0.2
2340,20260924,33.73,52.03,33.18,52.47,20260918,0.55,-0.44
2341,20260924,86.94,11.14,86.94,11.14,20260918,0.0,0.0
2342,20260924,35.55,53.32,32.65,56.7,20260918,2.9,-3.38
2344,20260924,64.3,27.62,64.01,27.89,20260918,0.29,-0.27
2345,20260924,56.42,15.59,56.34,15.33,20260918,0.08,0.26
2347,20260924,85.03,8.03,84.9,8.19,20260918,0.13,-0.16
2348,20260924,65.26,25.3,65.24,24.85,20260918,0.02,0.45
2349,20260924,21.56,58.36,21.72,58.28,20260918,-0.16,0.08
2351,20260924,67.96,16.55,68.67,16.01,20260918,-0.71,0.54
2352,20260924,43.53,42.34,43.47,42.42,20260918,0.06,-0.08
2353,20260924,33.86,52.46,33.85,52.36,20260918,0.01,0.1
2354,20260924,46.89,44.58,46.98,44.42,20260918,-0.09,0.16
2355,20260924,33.61,50.21,33.55,50.2,20260918,0.06,0.01
2356,20260924,70.51,22.63,70.74,22.5,20260918,-0.23,0.13
2357,20260924,65.13,17.13,65.92,16.95,20260918,-0.79,0.18
2358,20260924,24.25,61.58,24.24,61.59,20260918,0.01,-0.01
2359,20260924,38.95,48.36,39.2,47.71,20260918,-0.25,0.65
2360,20260924,52.66,13.45,53.01,13.56,20260918,-0.35,-0.11
2361,20260924,47.24,37.87,47.24,37.87,20260918,0.0,0.0
2362,20260924,77.03,14.89,77.15,14.92,20260918,-0.12,-0.03
2363,20260924,31.47,56.49,30.96,56.97,20260918,0.51,-0.48
2364,20260924,51.35,36.4,51.35,36.89,20260918,0.0,-0.49
2365,20260924,19.75,70.24,19.65,70.11,20260918,0.1,0.13
2367,20260924,25.49,64.95,25.15,65.22,20260918,0.34,-0.27
2368,20260924,68.91,14.54,68.12,15.31,20260918,0.79,-0.77
2369,20260924,24.58,63.73,26.31,62.65,20260918,-1.73,1.08
2371,20260924,43.98,42.37,43.82,42.49,20260918,0.16,-0.12
2373,20260924,86.24,10.87,86.21,10.83,20260918,0.03,0.04
2374,20260924,21.32,66.62,21.55,66.39,20260918,-0.23,0.23
2375,20260924,15.2,69.36,15.31,69.11,20260918,-0.11,0.25
2376,20260924,66.03,20.5,65.14,21.22,20260918,0.89,-0.72
2377,20260924,61.61,26.28,62.1,26.41,20260918,-0.49,-0.13
2378,20260924,26.97,50.17,26.97,50.17,20260918,0.0,0.0
2379,20260924,59.03,13.58,59.29,13.83,20260918,-0.26,-0.25
2380,20260924,32.78,53.56,32.78,53.67,20260918,0.0,-0.11
2381,20260924,0.0,99.98,0.0,99.98,20260918,0.0,0.0
2382,20260924,81.66,11.92,81.7,11.81,20260918,-0.04,0.11
2383,20260924,55.74,18.0,55.54,17.86,20260918,0.2,0.14
2384,20260924,20.93,56.05,20.93,56.05,20260918,0.0,0.0
2385,20260924,68.4,19.87,68.14,19.69,20260918,0.26,0.18
2387,20260924,52.59,33.69,52.6,33.9,20260918,-0.01,-0.21
2388,20260924,67.81,24.39,67.96,24.03,20260918,-0.15,0.36
2390,20260924,33.91,52.36,33.81,52.3,20260918,0.1,0.06
2392,20260924,45.69,43.07,46.12,42.76,20260918,-0.43,0.31
2393,20260924,59.27,25.55,59.61,25.44,20260918,-0.34,0.11
2395,20260924,77.26,7.31,77.11,7.37,20260918,0.15,-0.06
2396,20260924,37.15,38.13,37.15,38.13,20260918,0.0,0.0
2397,20260924,65.46,25.48,65.42,25.59,20260918,0.04,-0.11
2398,20260924,32.8,51.13,32.8,51.13,20260918,0.0,0.0
2399,20260924,24.37,58.48,23.78,58.32,20260918,0.59,0.16
2401,20260924,35.73,48.38,35.75,48.41,20260918,-0.02,-0.03
2402,20260924,33.36,54.23,32.92,54.25,20260918,0.44,-0.02
2404,20260924,40.82,30.47,39.17,32.43,20260918,1.65,-1.96
2405,20260924,19.44,63.52,19.47,63.66,20260918,-0.03,-0.14
2406,20260924,16.92,67.36,17.28,66.25,20260918,-0.36,1.11
2407,20260924,27.91,43.88,27.9,43.89,20260918,0.01,-0.01
2408,20260924,81.0,12.87,80.0,13.88,20260918,1.0,-1.01
2409,20260924,51.7,34.92,45.71,39.9,20260918,5.99,-4.98
2410,20260924,23.71,40.98,23.71,40.98,20260918,0.0,0.0
2412,20260924,77.99,17.44,77.93,17.5,20260918,0.06,-0.06
2413,20260924,50.78,38.33,50.42,38.67,20260918,0.36,-0.34
2414,20260924,49.75,30.12,49.74,30.15,20260918,0.01,-0.03
2415,20260924,58.53,30.68,58.53,30.64,20260918,0.0,0.04
2417,20260924,39.63,50.85,39.0,51.13,20260918,0.63,-0.28
2418,20260924,42.17,40.42,42.17,40.44,20260918,0.0,-0.02
2419,20260924,62.97,30.53,62.61,30.67,20260918,0.36,-0.14
2420,20260924,39.3,43.28,39.27,43.39,20260918,0.03,-0.11
2421,20260924,52.32,24.75,52.55,25.03,20260918,-0.23,-0.28
2423,20260924,69.55,15.25,69.54,15.27,20260918,0.01,-0.02
2424,20260924,79.18,16.93,79.18,16.74,20260918,0.0,0.19
2425,20260924,38.92,44.85,38.88,44.84,20260918,0.04,0.01
2426,20260924,40.76,45.27,41.01,46.33,20260918,-0.25,-1.06
2427,20260924,49.83,39.05,50.19,39.3,20260918,-0.36,-0.25
2428,20260924,52.54,29.78,51.75,29.39,20260918,0.79,0.39
2429,20260924,42.61,46.64,42.61,46.76,20260918,0.0,-0.12
2430,20260924,57.03,28.95,57.0,28.99,20260918,0.03,-0.04
2431,20260924,36.0,48.17,36.0,48.34,20260918,0.0,-0.17
2432,20260924,72.93,12.57,72.93,12.56,20260918,0.0,0.01
2433,20260924,77.79,17.87,77.79,17.87,20260918,0.0,0.0
2434,20260924,74.38,19.14,74.38,19.1,20260918,0.0,0.04
2435,20260924,28.75,57.01,28.75,57.01,20260918,0.0,0.0
2436,20260924,18.03,64.67,18.14,64.67,20260918,-0.11,0.0
2438,20260924,49.42,30.36,49.52,30.19,20260918,-0.1,0.17
2439,20260924,21.82,60.61,22.12,60.51,20260918,-0.3,0.1
2440,20260924,67.57,22.84,67.57,22.85,20260918,0.0,-0.01
2441,20260924,64.42,25.06,63.61,25.85,20260918,0.81,-0.79
2442,20260924,48.76,34.62,48.73,34.66,20260918,0.03,-0.04
2443,20260924,45.97,33.36,45.97,33.36,20260918,0.0,0.0
2444,20260924,21.87,53.77,22.01,53.52,20260918,-0.14,0.25
2445,20260924,12.45,71.2,12.45,71.2,20260918,0.0,0.0
2449,20260924,58.92,28.75,54.88,32.83,20260918,4.04,-4.08
2450,20260924,75.97,20.24,75.97,20.27,20260918,0.0,-0.03
2451,20260924,65.47,21.7,64.76,21.87,20260918,0.71,-0.17
2453,20260924,41.48,45.66,41.48,45.69,20260918,0.0,-0.03
2454,20260924,63.85,14.79,63.49,15.19,20260918,0.36,-0.4
2455,20260924,38.49,29.98,40.71,28.43,20260918,-2.22,1.55
2457,20260924,24.93,61.2,24.51,61.32,20260918,0.42,-0.12
2458,20260924,48.08,34.62,48.77,34.57,20260918,-0.69,0.05
2459,20260924,41.95,33.11,41.95,33.05,20260918,0.0,0.06
2460,20260924,53.78,31.72,53.72,31.87,20260918,0.06,-0.15
2461,20260924,36.57,37.84,37.09,37.63,20260918,-0.52,0.21
2462,20260924,50.29,33.95,50.31,34.15,20260918,-0.02,-0.2
2464,20260924,39.9,43.22,40.78,43.27,20260918,-0.88,-0.05
2465,20260924,32.32,49.34,32.38,49.11,20260918,-0.06,0.23
2466,20260924,80.89,9.38,80.91,9.17,20260918,-0.02,0.21
2467,20260924,59.48,23.14,58.9,22.82,20260918,0.58,0.32
2468,20260924,50.02,43.28,50.02,42.72,20260918,0.0,0.56
2471,20260924,6.74,64.33,6.74,65.25,20260918,0.0,-0.92
2472,20260924,46.42,37.8,48.51,36.85,20260918,-2.09,0.95
2474,20260924,68.39,22.28,67.8,22.69,20260918,0.59,-0.41
2475,20260924,64.6,19.42,64.6,19.42,20260918,0.0,0.0
2476,20260924,60.67,23.94,59.95,24.54,20260918,0.72,-0.6
2477,20260924,66.99,20.87,66.99,21.18,20260918,0.0,-0.31
2478,20260924,46.84,33.5,46.82,34.05,20260918,0.02,-0.55
2479,20260924,25.73,58.09,25.7,58.13,20260918,0.03,-0.04
2480,20260924,18.21,53.27,18.11,53.83,20260918,0.1,-0.56
2481,20260924,51.86,36.31,51.46,37.93,20260918,0.4,-1.62
2482,20260924,35.02,52.95,35.02,53.12,20260918,0.0,-0.17
2483,20260924,56.27,27.96,56.11,28.35,20260918,0.16,-0.39
2484,20260924,16.62,69.88,16.57,70.77,20260918,0.05,-0.89
2485,20260924,20.75,70.53,20.45,70.84,20260918,0.3,-0.31
2486,20260924,29.11,52.37,29.19,51.78,20260918,-0.08,0.59
2488,20260924,44.68,34.27,44.68,33.98,20260918,0.0,0.29
2489,20260924,25.8,63.19,27.85,61.58,20260918,-2.05,1.61
2490,20260924,15.55,60.97,15.55,60.97,20260918,0.0,0.0
2491,20260924,67.25,19.79,67.16,19.42,20260918,0.09,0.37
2492,20260924,58.83,32.79,59.31,32.84,20260918,-0.48,-0.05
2493,20260924,39.27,41.41,42.59,40.31,20260918,-3.32,1.1
2494,20260924,73.06,16.0,73.06,16.0,20260918,0.0,0.0
2495,20260924,46.37,41.4,45.94,41.43,20260918,0.43,-0.03
2496,20260924,34.97,38.07,35.02,38.08,20260918,-0.05,-0.01
2497,20260924,57.58,27.24,57.65,27.22,20260918,-0.07,0.02
2498,20260924,33.46,51.59,33.45,51.04,20260918,0.01,0.55
2499,20260924,37.98,41.54,37.98,41.54,20260918,0.0,0.0
2501,20260924,72.02,16.91,72.46,16.73,20260918,-0.44,0.18
2504,20260924,70.07,18.0,69.97,18.01,20260918,0.1,-0.01
2505,20260924,75.3,14.59,75.62,14.52,20260918,-0.32,0.07
2506,20260924,72.2,16.63,72.37,16.51,20260918,-0.17,0.12
2509,20260924,63.89,21.47,63.89,21.49,20260918,0.0,-0.02
2511,20260924,75.38,12.18,75.47,12.2,20260918,-0.09,-0.02
2512,20260924,25.06,46.12,25.06,46.13,20260918,0.0,-0.01
2514,20260924,85.08,7.85,85.09,7.82,20260918,-0.01,0.03
2515,20260924,53.13,28.21,53.56,28.15,20260918,-0.43,0.06
2516,20260924,65.72,17.87,65.6,18.14,20260918,0.12,-0.27
2520,20260924,71.3,18.86,71.01,19.05,20260918,0.29,-0.19
2521,20260924,25.85,48.63,25.85,48.63,20260918,0.0,0.0
2523,20260924,36.05,38.23,36.04,38.24,20260918,0.01,-0.01
2524,20260924,91.61,5.05,91.59,5.03,20260918,0.02,0.02
2525,20260924,20.38,48.1,20.38,48.11,20260918,0.0,-0.01
2527,20260924,76.56,12.01,76.26,12.47,20260918,0.3,-0.46
2528,20260924,79.01,9.75,79.06,9.67,20260918,-0.05,0.08
2530,20260924,82.05,8.16,82.08,8.17,20260918,-0.03,-0.01
2533,20260924,26.18,47.34,26.11,47.24,20260918,0.07,0.1
2534,20260924,66.23,19.02,66.24,18.99,20260918,-0.01,0.03
2535,20260924,54.91,30.16,54.87,30.12,20260918,0.04,0.04
2536,20260924,69.77,12.74,69.9,12.68,20260918,-0.13,0.06
2537,20260924,53.04,28.74,53.35,28.61,20260918,-0.31,0.13
2538,20260924,65.75,16.27,65.86,16.17,20260918,-0.11,0.1
2539,20260924,85.08,8.21,84.29,8.85,20260918,0.79,-0.64
2540,20260924,89.27,6.26,89.21,6.22,20260918,0.06,0.04
2542,20260924,61.11,28.38,62.69,26.96,20260918,-1.58,1.42
2543,20260924,67.48,22.51,67.48,22.48,20260918,0.0,0.03
2545,20260924,73.9,18.13,73.91,18.19,20260918,-0.01,-0.06
2546,20260924,59.26,28.37,59.26,28.54,20260918,0.0,-0.17
2547,20260924,64.12,19.81,63.93,19.89,20260918,0.19,-0.08
2548,20260924,39.12,38.7,38.95,38.83,20260918,0.17,-0.13
2553,20260924,11.19,69.4,11.16,69.43,20260918,0.03,-0.03
2566,20260924,0.0,88.2,0.0,88.2,20260918,0.0,0.0
2569,20260924,74.73,8.16,74.73,8.16,20260918,0.0,0.0
2572,20260924,57.57,6.11,57.57,6.11,20260918,0.0,0.0
2591,20260924,0.0,85.92,0.0,85.92,20260918,0.0,0.0
2592,20260924,82.1,3.09,82.1,3.09,20260918,0.0,0.0
2596,20260924,61.72,16.84,61.73,16.68,20260918,-0.01,0.16
2597,20260924,78.07,12.86,78.08,12.81,20260918,-0.01,0.05
2599,20260924,51.87,13.62,51.78,13.72,20260918,0.09,-0.1
2601,20260924,26.17,55.99,26.55,55.6,20260918,-0.38,0.39
2603,20260924,70.47,19.78,70.35,19.89,20260918,0.12,-0.11
2605,20260924,49.41,36.19,49.18,36.5,20260918,0.23,-0.31
2606,20260924,75.17,16.8,75.36,16.79,20260918,-0.19,0.01
2607,20260924,71.63,15.74,71.58,15.76,20260918,0.05,-0.02
2608,20260924,71.31,18.84,71.3,18.94,20260918,0.01,-0.1
2609,20260924,60.33,33.14,60.59,33.01,20260918,-0.26,0.13
2610,20260924,70.24,21.78,70.15,21.86,20260918,0.09,-0.08
2611,20260924,44.15,44.15,44.1,44.13,20260918,0.05,0.02
2612,20260924,71.83,19.31,71.73,19.37,20260918,0.1,-0.06
2613,20260924,49.61,35.78,49.59,35.8,20260918,0.02,-0.02
2614,20260924,41.16,44.21,41.22,44.33,20260918,-0.06,-0.12
2615,20260924,86.75,8.02,86.89,7.91,20260918,-0.14,0.11
2616,20260924,41.0,47.19,41.0,47.14,20260918,0.0,0.05
2617,20260924,60.25,27.56,59.7,27.62,20260918,0.55,-0.06
2618,20260924,79.72,13.27,79.4,13.54,20260918,0.32,-0.27
2622,20260924,0.0,99.97,0.0,99.97,20260918,0.0,0.0
2626,20260924,0.0,91.46,0.0,91.46,20260918,0.0,0.0
2630,20260924,61.69,32.42,61.7,32.29,20260918,-0.01,0.13
2633,20260924,85.14,10.46,85.24,10.39,20260918,-0.1,0.07
2634,20260924,46.47,44.28,46.38,44.18,20260918,0.09,0.1
2636,20260924,37.78,46.89,37.76,46.88,20260918,0.02,0.01
2637,20260924,78.69,10.1,78.5,10.18,20260918,0.19,-0.08
2639,20260924,99.01,0.82,99.01,0.82,20260918,0.0,0.0
2640,20260924,58.17,14.17,58.2,14.06,20260918,-0.03,0.11
2641,20260924,22.76,58.55,22.66,58.5,20260918,0.1,0.05
2642,20260924,60.38,37.7,60.38,37.82,20260918,0.0,-0.12
2643,20260924,58.79,31.42,58.78,31.43,20260918,0.01,-0.01
2644,20260924,74.84,12.95,74.84,12.97,20260918,0.0,-0.02
2645,20260924,78.25,15.12,78.21,15.06,20260918,0.04,0.06
2646,20260924,63.6,30.27,63.6,30.27,20260918,0.0,0.0
2701,20260924,84.79,9.39,84.55,9.4,20260918,0.24,-0.01
2702,20260924,72.55,20.88,72.55,21.05,20260918,0.0,-0.17
2704,20260924,83.75,6.68,83.74,6.63,20260918,0.01,0.05
2705,20260924,60.58,26.12,60.56,26.25,20260918,0.02,-0.13
2706,20260924,81.55,9.4,81.57,9.45,20260918,-0.02,-0.05
2707,20260924,54.73,33.13,54.75,33.26,20260918,-0.02,-0.13
2712,20260924,86.86,6.02,86.86,6.02,20260918,0.0,0.0
2714,20260924,0.0,99.98,0.0,99.97,20260918,0.0,0.01
2717,20260924,0.0,1.88,0.0,1.88,20260918,0.0,0.0
2718,20260924,88.24,8.32,88.24,8.34,20260918,0.0,-0.02
2719,20260924,89.18,8.65,89.18,8.81,20260918,0.0,-0.16
2720,20260924,48.9,21.47,48.9,21.47,20260918,0.0,0.0
2722,20260924,82.28,9.86,82.09,9.83,20260918,0.19,0.03
2723,20260924,61.77,21.16,61.82,21.11,20260918,-0.05,0.05
2724,20260924,81.39,8.33,81.32,8.4,20260918,0.07,-0.07
2726,20260924,49.97,25.69,49.92,25.99,20260918,0.05,-0.3
2727,20260924,17.12,42.99,17.19,42.81,20260918,-0.07,0.18
2729,20260924,59.55,27.43,59.29,27.67,20260918,0.26,-0.24
2730,20260924,86.67,6.89,86.67,6.89,20260918,0.0,0.0
2731,20260924,34.93,47.33,33.76,47.67,20260918,1.17,-0.34
2732,20260924,54.15,35.29,54.13,35.4,20260918,0.02,-0.11
2733,20260924,75.36,16.21,75.36,16.22,20260918,0.0,-0.01
2734,20260924,31.34,52.37,31.34,52.36,20260918,0.0,0.01
2735,20260924,0.0,99.99,0.0,99.99,20260918,0.0,0.0
2736,20260924,46.33,30.97,46.33,31.21,20260918,0.0,-0.24
2738,20260924,94.86,0.37,94.86,0.37,20260918,0.0,0.0
2739,20260924,69.14,20.37,69.15,20.33,20260918,-0.01,0.04
2740,20260924,72.53,10.2,72.53,10.2,20260918,0.0,0.0
2741,20260924,48.86,24.37,48.86,24.39,20260918,0.0,-0.02
2743,20260924,50.27,42.25,50.27,42.23,20260918,0.0,0.02
2745,20260924,51.28,42.42,51.28,42.16,20260918,0.0,0.26
2748,20260924,59.44,31.27,59.44,31.39,20260918,0.0,-0.12
2749,20260924,33.27,9.29,33.27,9.29,20260918,0.0,0.0
2750,20260924,88.06,0.86,88.06,0.86,20260918,0.0,0.0
2751,20260924,60.31,25.18,60.32,25.18,20260918,-0.01,0.0
2752,20260924,40.59,20.54,40.59,20.56,20260918,0.0,-0.02
2753,20260924,43.84,34.02,43.81,33.95,20260918,0.03,0.07
2754,20260924,66.51,20.89,66.51,20.75,20260918,0.0,0.14
2755,20260924,58.23,22.4,58.35,22.32,20260918,-0.12,0.08
2756,20260924,53.58,16.48,53.58,16.51,20260918,0.0,-0.03
2758,20260924,46.27,17.08,46.27,17.1,20260918,0.0,-0.02
2759,20260924,100.0,0.0,100.0,0.0,20260918,0.0,0.0
2760,20260924,84.47,4.19,84.47,4.15,20260918,0.0,0.04
2761,20260924,46.07,23.42,46.07,23.41,20260918,0.0,0.01
2762,20260924,80.86,9.97,80.89,9.9,20260918,-0.03,0.07
2801,20260924,74.11,14.69,74.11,14.57,20260918,0.0,0.12
2807,20260924,0.0,95.22,0.0,95.22,20260918,0.0,0.0
2811,20260924,26.43,48.32,26.43,48.32,20260918,0.0,0.0
2812,20260924,54.03,27.99,54.24,27.98,20260918,-0.21,0.01
2816,20260924,75.21,11.22,75.68,11.24,20260918,-0.47,-0.02
2820,20260924,62.31,25.13,62.33,25.06,20260918,-0.02,0.07
2825,20260924,0.0,90.81,0.0,90.83,20260918,0.0,-0.02
2827,20260924,29.7,45.85,29.7,45.85,20260918,0.0,0.0
2831,20260924,57.24,26.36,57.23,26.37,20260918,0.01,-0.01
2832,20260924,63.31,21.0,63.34,20.9,20260918,-0.03,0.1
2834,20260924,54.93,26.83,55.38,26.57,20260918,-0.45,0.26
2836,20260924,82.7,9.89,82.72,9.86,20260918,-0.02,0.03
2838,20260924,88.75,6.73,88.8,6.74,20260918,-0.05,-0.01
2841,20260924,50.11,28.09,50.11,28.09,20260918,0.0,0.0
2845,20260924,71.26,15.61,71.36,15.58,20260918,-0.1,0.03
2849,20260924,97.98,0.99,97.98,1.01,20260918,0.0,-0.02
2850,20260924,57.82,22.98,57.79,22.93,20260918,0.03,0.05
2851,20260924,66.59,20.44,66.72,20.47,20260918,-0.13,-0.03
2852,20260924,53.79,21.82,54.07,21.78,20260918,-0.28,0.04
2855,20260924,72.93,14.81,72.23,15.38,20260918,0.7,-0.57
2880,20260924,79.63,12.85,79.74,12.79,20260918,-0.11,0.06
2881,20260924,84.6,10.21,84.58,10.22,20260918,0.02,-0.01
2882,20260924,83.51,10.87,83.53,10.87,20260918,-0.02,0.0
2883,20260924,65.47,22.86,65.55,22.79,20260918,-0.08,0.07
2884,20260924,70.33,18.85,70.43,18.78,20260918,-0.1,0.07
2885,20260924,80.42,13.11,80.26,13.26,20260918,0.16,-0.15
2886,20260924,81.94,13.66,81.93,13.61,20260918,0.01,0.05
2887,20260924,71.62,17.01,71.7,16.94,20260918,-0.08,0.07
2889,20260924,69.28,22.61,69.61,22.46,20260918,-0.33,0.15
2890,20260924,78.12,13.82,78.13,13.8,20260918,-0.01,0.02
2891,20260924,79.11,13.75,79.14,13.71,20260918,-0.03,0.04
2892,20260924,68.48,19.64,68.44,19.64,20260918,0.04,0.0
2897,20260924,82.56,8.56,82.54,8.54,20260918,0.02,0.02
2901,20260924,71.6,13.71,71.6,13.34,20260918,0.0,0.37
2902,20260924,36.81,38.69,36.81,38.69,20260918,0.0,0.0
2903,20260924,76.73,14.86,76.78,14.91,20260918,-0.05,-0.05
2904,20260924,50.17,37.95,50.17,38.12,20260918,0.0,-0.17
2905,20260924,81.04,10.44,81.23,10.41,20260918,-0.19,0.03
2906,20260924,59.26,25.99,59.24,26.09,20260918,0.02,-0.1
2908,20260924,90.13,5.36,90.12,5.37,20260918,0.01,-0.01
2910,20260924,92.95,1.12,92.95,1.13,20260918,0.0,-0.01
2911,20260924,40.98,44.97,40.99,44.95,20260918,-0.01,0.02
2912,20260924,79.67,12.37,79.62,12.08,20260918,0.05,0.29
2913,20260924,50.14,31.81,50.15,31.74,20260918,-0.01,0.07
2915,20260924,64.05,21.14,64.03,21.32,20260918,0.02,-0.18
2916,20260924,51.07,30.13,51.07,30.0,20260918,0.0,0.13
2920,20260924,35.79,55.53,35.79,55.53,20260918,0.0,0.0
2923,20260924,99.36,0.31,99.36,0.32,20260918,0.0,-0.01
2924,20260924,84.08,4.63,84.08,4.63,20260918,0.0,0.0
2926,20260924,65.2,14.89,65.19,14.9,20260918,0.01,-0.01
2929,20260924,24.98,51.52,24.94,51.45,20260918,0.04,0.07
2936,20260924,98.55,0.22,98.55,0.22,20260918,0.0,0.0
2937,20260924,71.58,5.7,71.58,5.7,20260918,0.0,0.0
2938,20260924,67.54,25.31,67.54,27.0,20260918,0.0,-1.69
2939,20260924,53.88,13.71,53.88,13.69,20260918,0.0,0.02
2940,20260924,16.94,6.3,16.94,6.31,20260918,0.0,-0.01
2941,20260924,20.62,15.73,20.62,15.73,20260918,0.0,0.0
2942,20260924,88.06,6.34,88.06,6.35,20260918,0.0,-0.01
2945,20260924,83.48,13.65,83.48,13.62,20260918,0.0,0.03
2947,20260924,54.68,17.29,54.68,17.27,20260918,0.0,0.02
2948,20260924,69.09,13.98,69.09,14.01,20260918,0.0,-0.03
2949,20260924,62.46,7.93,62.46,7.93,20260918,0.0,0.0
3001,20260924,10.82,62.59,10.82,62.6,20260918,0.0,-0.01
3002,20260924,59.19,28.02,59.19,27.45,20260918,0.0,0.57
3003,20260924,53.33,32.55,52.54,32.77,20260918,0.79,-0.22
3004,20260924,45.77,29.92,45.84,29.64,20260918,-0.07,0.28
3005,20260924,68.7,19.69,68.51,19.72,20260918,0.19,-0.03
3006,20260924,45.13,34.98,47.03,33.63,20260918,-1.9,1.35
3008,20260924,40.98,27.13,38.75,26.67,20260918,2.23,0.46
3010,20260924,51.7,26.89,51.67,26.9,20260918,0.03,-0.01
3011,20260924,27.2,49.84,27.18,49.74,20260918,0.02,0.1
3013,20260924,39.93,49.43,39.71,49.55,20260918,0.22,-0.12
3014,20260924,20.97,53.6,20.83,54.45,20260918,0.14,-0.85
3015,20260924,54.48,28.54,54.47,28.71,20260918,0.01,-0.17
3016,20260924,71.77,20.02,66.35,25.96,20260918,5.42,-5.94
3017,20260924,54.56,18.01,55.03,17.97,20260918,-0.47,0.04
3018,20260924,62.19,30.73,62.19,30.75,20260918,0.0,-0.02
3019,20260924,32.69,53.73,33.05,53.12,20260918,-0.36,0.61
3020,20260924,99.45,0.52,99.45,0.52,20260918,0.0,0.0
3021,20260924,65.36,24.3,65.36,24.35,20260918,0.0,-0.05
3022,20260924,60.35,26.52,59.69,27.25,20260918,0.66,-0.73
3023,20260924,56.74,16.64,56.27,16.48,20260918,0.47,0.16
3024,20260924,37.95,35.13,38.47,34.6,20260918,-0.52,0.53
3025,20260924,12.38,64.31,12.38,64.49,20260918,0.0,-0.18
3026,20260924,36.81,34.14,38.95,32.27,20260918,-2.14,1.87
3027,20260924,33.48,47.6,33.48,47.52,20260918,0.0,0.08
3028,20260924,37.68,49.27,38.47,49.2,20260918,-0.79,0.07
3029,20260924,35.21,47.25,35.27,48.01,20260918,-0.06,-0.76
3030,20260924,51.18,32.65,50.96,32.53,20260918,0.22,0.12
3031,20260924,57.42,35.37,58.01,34.61,20260918,-0.59,0.76
3032,20260924,44.39,35.22,44.3,36.51,20260918,0.09,-1.29
3033,20260924,32.11,49.45,32.9,49.09,20260918,-0.79,0.36
3034,20260924,60.15,17.15,60.45,17.36,20260918,-0.3,-0.21
3035,20260924,26.84,60.24,23.03,63.04,20260918,3.81,-2.8
3036,20260924,77.76,12.27,78.47,12.13,20260918,-0.71,0.14
3037,20260924,70.86,14.2,70.19,15.17,20260918,0.67,-0.97
3038,20260924,33.3,47.74,33.31,47.62,20260918,-0.01,0.12
3039,20260924,17.71,42.7,17.71,42.7,20260918,0.0,0.0
3040,20260924,64.61,25.03,64.84,24.61,20260918,-0.23,0.42
3041,20260924,23.07,65.09,22.09,65.21,20260918,0.98,-0.12
3042,20260924,49.18,34.21,47.29,37.13,20260918,1.89,-2.92
3043,20260924,14.4,60.85,14.4,60.96,20260918,0.0,-0.11
3044,20260924,69.23,11.03,69.01,11.67,20260918,0.22,-0.64
3045,20260924,90.43,5.13,90.36,5.1,20260918,0.07,0.03
3046,20260924,46.74,38.04,46.74,38.0,20260918,0.0,0.04
3047,20260924,14.98,70.05,15.07,70.16,20260918,-0.09,-0.11
3048,20260924,41.9,45.58,41.8,45.63,20260918,0.1,-0.05
3049,20260924,43.15,44.96,43.36,44.67,20260918,-0.21,0.29
3050,20260924,42.21,39.54,42.21,39.56,20260918,0.0,-0.02
3051,20260924,25.68,51.04,25.55,51.48,20260918,0.13,-0.44
3052,20260924,48.01,28.82,48.01,28.85,20260918,0.0,-0.03
3053,20260924,27.94,27.11,27.94,27.11,20260918,0.0,0.0
3054,20260924,85.16,8.17,85.16,8.31,20260918,0.0,-0.14
3055,20260924,56.01,25.13,56.05,27.9,20260918,-0.04,-2.77
3056,20260924,27.47,52.26,27.36,52.46,20260918,0.11,-0.2
3057,20260924,32.89,52.41,32.89,52.49,20260918,0.0,-0.08
3058,20260924,15.12,63.21,15.15,63.49,20260918,-0.03,-0.28
3059,20260924,19.33,66.16,19.19,66.24,20260918,0.14,-0.08
3060,20260924,12.43,64.16,12.43,64.02,20260918,0.0,0.14
3062,20260924,16.3,65.77,15.87,65.75,20260918,0.43,0.02
3064,20260924,60.15,26.67,60.15,26.67,20260918,0.0,0.0
3065,20260924,78.86,10.74,78.86,10.74,20260918,0.0,0.0
3066,20260924,67.25,18.2,68.99,17.82,20260918,-1.74,0.38
3067,20260924,63.62,16.13,63.62,16.12,20260918,0.0,0.01
3069,20260924,35.56,55.63,35.56,55.63,20260918,0.0,0.0
3070,20260924,18.25,20.62,18.25,20.62,20260918,0.0,0.0
3071,20260924,55.16,34.6,56.15,34.62,20260918,-0.99,-0.02
3072,20260924,0.0,49.25,0.0,49.25,20260918,0.0,0.0
3073,20260924,37.96,27.65,37.94,27.43,20260918,0.02,0.22
3075,20260924,70.68,21.68,70.68,21.68,20260918,0.0,0.0
3076,20260924,53.02,15.68,53.02,15.68,20260918,0.0,0.0
3077,20260924,0.0,64.41,0.0,64.41,20260918,0.0,0.0
3078,20260924,28.4,54.09,28.88,54.3,20260918,-0.48,-0.21
3079,20260924,19.24,52.32,19.24,52.32,20260918,0.0,0.0
3081,20260924,30.15,34.56,29.87,33.78,20260918,0.28,0.78
3082,20260924,0.0,58.5,0.0,58.5,20260918,0.0,0.0
3083,20260924,53.1,38.14,53.1,38.28,20260918,0.0,-0.14
3084,20260924,0.0,71.72,0.0,71.72,20260918,0.0,0.0
3085,20260924,87.92,6.03,87.92,6.05,20260918,0.0,-0.02
3086,20260924,83.02,10.94,83.02,10.93,20260918,0.0,0.01
3087,20260924,97.95,1.99,97.95,1.99,20260918,0.0,0.0
3088,20260924,37.29,39.77,38.23,39.74,20260918,-0.94,0.03
3090,20260924,54.81,33.86,54.48,34.25,20260918,0.33,-0.39
3091,20260924,0.0,99.97,0.0,99.97,20260918,0.0,0.0
3092,20260924,30.31,48.57,30.3,48.63,20260918,0.01,-0.06
3093,20260924,71.63,19.33,71.63,19.32,20260918,0.0,0.01
3094,20260924,24.76,58.22,14.98,63.46,20260918,9.78,-5.24
3095,20260924,41.42,34.51,41.42,34.41,20260918,0.0,0.1
3096,20260924,38.62,32.14,38.62,32.14,20260918,0.0,0.0
3097,20260924,81.35,5.9,81.35,5.86,20260918,0.0,0.04
3098,20260924,0.0,84.91,0.0,84.91,20260918,0.0,0.0
3099,20260924,23.21,40.5,23.21,40.5,20260918,0.0,0.0
3105,20260924,49.69,36.32,48.25,38.12,20260918,1.44,-1.8
3114,20260924,41.57,34.87,41.34,35.21,20260918,0.23,-0.34
3115,20260924,85.38,8.34,85.38,8.45,20260918,0.0,-0.11
3116,20260924,83.52,12.33,83.52,12.33,20260918,0.0,0.0
3117,20260924,42.7,28.7,42.7,28.57,20260918,0.0,0.13
3118,20260924,18.51,42.77,18.48,42.81,20260918,0.03,-0.04
3122,20260924,15.85,60.86,15.84,60.88,20260918,0.01,-0.02
3126,20260924,31.93,31.33,31.84,31.41,20260918,0.09,-0.08
3128,20260924,23.78,54.63,23.78,54.29,20260918,0.0,0.34
3130,20260924,49.3,36.84,49.3,36.25,20260918,0.0,0.59
3131,20260924,35.29,30.39,31.8,29.9,20260918,3.49,0.49
3133,20260924,46.91,18.88,46.91,18.88,20260918,0.0,0.0
3135,20260924,43.32,43.56,42.41,43.8,20260918,0.91,-0.24
3137,20260924,0.0,67.5,0.0,67.5,20260918,0.0,0.0
3138,20260924,18.98,63.7,18.98,62.41,20260918,0.0,1.29
3141,20260924,10.28,58.66,16.79,57.72,20260918,-6.51,0.94
3142,20260924,38.74,27.75,38.74,27.75,20260918,0.0,0.0
3146,20260924,0.0,7.45,0.0,7.45,20260918,0.0,0.0
3147,20260924,47.6,31.48,47.6,32.06,20260918,0.0,-0.58
3149,20260924,19.51,63.11,19.37,62.92,20260918,0.14,0.19
3150,20260924,46.29,30.13,46.28,30.34,20260918,0.01,-0.21
3151,20260924,26.17,50.2,26.17,50.2,20260918,0.0,0.0
3152,20260924,28.24,40.15,28.23,40.29,20260918,0.01,-0.14
3158,20260924,23.46,34.59,23.41,34.19,20260918,0.05,0.4
3159,20260924,20.39,48.05,20.39,48.05,20260918,0.0,0.0
3161,20260924,82.62,3.74,82.62,3.74,20260918,0.0,0.0
3162,20260924,55.63,30.25,55.83,30.94,20260918,-0.2,-0.69
3163,20260924,17.59,61.17,17.59,61.01,20260918,0.0,0.16
3164,20260924,40.03,32.78,40.03,32.82,20260918,0.0,-0.04
3166,20260924,94.66,2.09,94.66,2.09,20260918,0.0,0.0
3167,20260924,41.64,28.75,41.67,28.21,20260918,-0.03,0.54
3168,20260924,66.9,15.29,66.9,15.31,20260918,0.0,-0.02
3169,20260924,28.58,48.22,30.16,48.81,20260918,-1.58,-0.59
3171,20260924,71.98,17.32,71.98,17.31,20260918,0.0,0.01
3176,20260924,30.53,48.05,30.45,48.21,20260918,0.08,-0.16
3177,20260924,60.86,16.75,60.86,16.75,20260918,0.0,0.0
3178,20260924,61.31,25.81,61.31,25.55,20260918,0.0,0.26
3179,20260924,16.07,21.26,16.07,21.26,20260918,0.0,0.0
3184,20260924,47.66,32.81,47.66,32.92,20260918,0.0,-0.11
3185,20260924,0.0,28.03,0.0,28.03,20260918,0.0,0.0
3186,20260924,77.49,20.57,77.49,20.57,20260918,0.0,0.0
3188,20260924,68.4,15.83,68.44,15.8,20260918,-0.04,0.03
3189,20260924,68.03,19.48,65.38,22.03,20260918,2.65,-2.55
3190,20260924,71.03,5.99,71.03,5.99,20260918,0.0,0.0
3191,20260924,47.59,33.07,47.59,33.32,20260918,0.0,-0.25
3192,20260924,0.0,53.95,0.0,53.95,20260918,0.0,0.0
3193,20260924,0.0,99.98,0.0,99.98,20260918,0.0,0.0
3194,20260924,53.63,12.55,54.0,12.16,20260918,-0.37,0.39
3196,20260924,0.0,100.0,0.0,100.0,20260918,0.0,0.0
3202,20260924,19.46,62.55,19.46,62.55,20260918,0.0,0.0
3205,20260924,61.71,23.06,61.71,23.1,20260918,0.0,-0.04
3206,20260924,42.69,33.24,42.69,33.62,20260918,0.0,-0.38
3207,20260924,22.48,41.2,22.48,41.22,20260918,0.0,-0.02
3208,20260924,46.49,32.02,46.49,32.02,20260918,0.0,0.0
3209,20260924,34.32,47.09,34.05,47.24,20260918,0.27,-0.15
3211,20260924,39.19,44.02,39.18,45.14,20260918,0.01,-1.12
3212,20260924,0.0,69.12,0.0,69.12,20260918,0.0,0.0
3213,20260924,16.7,55.9,16.7,55.89,20260918,0.0,0.01
3216,20260924,0.0,99.99,0.0,99.99,20260918,0.0,0.0
3217,20260924,31.08,48.12,31.08,48.21,20260918,0.0,-0.09
3218,20260924,48.78,35.91,49.12,35.89,20260918,-0.34,0.02
3219,20260924,76.22,12.94,76.33,13.76,20260918,-0.11,-0.82
3221,20260924,10.12,61.55,9.12,63.16,20260918,1.0,-1.61
3222,20260924,0.0,99.99,0.0,99.99,20260918,0.0,0.0
3223,20260924,0.0,18.69,0.0,18.69,20260918,0.0,0.0
3224,20260924,63.52,20.55,63.53,20.35,20260918,-0.01,0.2
3226,20260924,71.15,5.44,71.01,5.38,20260918,0.14,0.06
3227,20260924,25.19,48.94,25.47,48.6,20260918,-0.28,0.34
3228,20260924,19.55,64.89,19.58,64.95,20260918,-0.03,-0.06
3229,20260924,67.46,26.09,67.46,23.93,20260918,0.0,2.16
3230,20260924,46.65,37.85,46.5,38.01,20260918,0.15,-0.16
3231,20260924,65.09,25.44,66.76,24.21,20260918,-1.67,1.23
3232,20260924,43.95,29.35,43.96,29.36,20260918,-0.01,-0.01
3233,20260924,0.0,99.97,0.0,99.97,20260918,0.0,0.0
3234,20260924,26.11,52.87,27.45,53.1,20260918,-1.34,-0.23
3236,20260924,26.49,60.59,26.46,60.86,20260918,0.03,-0.27
3237,20260924,0.0,87.73,0.0,87.73,20260918,0.0,0.0
3239,20260924,0.0,5.52,0.0,5.52,20260918,0.0,0.0
3240,20260924,99.94,0.04,99.94,0.04,20260918,0.0,0.0
3252,20260924,66.59,13.22,66.99,13.26,20260918,-0.4,-0.04
3257,20260924,37.1,47.3,37.1,47.4,20260918,0.0,-0.1
3258,20260924,7.58,79.53,7.58,79.53,20260918,0.0,0.0
3259,20260924,62.64,18.99,62.66,19.17,20260918,-0.02,-0.18
3260,20260924,28.41,56.4,30.28,55.23,20260918,-1.87,1.17
3264,20260924,65.14,20.36,66.8,19.56,20260918,-1.66,0.8
3265,20260924,59.63,24.71,59.57,26.71,20260918,0.06,-2.0
3266,20260924,89.14,5.51,89.14,5.49,20260918,0.0,0.02
3267,20260924,26.87,41.62,26.87,41.62,20260918,0.0,0.0
3268,20260924,28.51,49.72,28.67,49.07,20260918,-0.16,0.65
3272,20260924,45.51,43.17,45.52,43.16,20260918,-0.01,0.01
3274,20260924,0.0,11.17,0.0,11.17,20260918,0.0,0.0
3276,20260924,53.88,29.79,53.88,29.76,20260918,0.0,0.03
3278,20260924,0.0,99.98,0.0,99.98,20260918,0.0,0.0
3279,20260924,0.0,54.47,0.0,54.47,20260918,0.0,0.0
3280,20260924,100.0,0.0,100.0,0.0,20260918,0.0,0.0
3283,20260924,15.13,26.66,15.12,26.67,20260918,0.01,-0.01
3284,20260924,66.72,21.78,66.73,21.83,20260918,-0.01,-0.05
3285,20260924,51.74,18.93,51.72,18.99,20260918,0.02,-0.06
3286,20260924,0.0,99.98,0.0,99.98,20260918,0.0,0.0
3287,20260924,48.76,31.07,48.76,30.86,20260918,0.0,0.21
3288,20260924,36.75,33.58,36.75,33.6,20260918,0.0,-0.02
3289,20260924,13.05,62.42,13.07,62.93,20260918,-0.02,-0.51
3290,20260924,40.59,31.45,42.37,31.19,20260918,-1.78,0.26
3293,20260924,45.95,35.63,45.68,35.85,20260918,0.27,-0.22
3294,20260924,46.98,40.37,46.87,40.65,20260918,0.11,-0.28
3295,20260924,0.0,99.97,0.0,99.97,20260918,0.0,0.0
3296,20260924,70.72,15.31,70.59,15.35,20260918,0.13,-0.04
3297,20260924,36.6,40.6,36.6,40.4,20260918,0.0,0.2
3301,20260924,70.3,10.8,70.3,10.8,20260918,0.0,0.0
3302,20260924,0.0,1.84,0.0,1.84,20260918,0.0,0.0
3303,20260924,35.03,40.01,36.23,40.08,20260918,-1.2,-0.07
3304,20260924,9.88,37.98,9.88,37.98,20260918,0.0,0.0
3305,20260924,35.71,49.84,35.71,49.84,20260918,0.0,0.0
3306,20260924,43.14,45.03,43.14,45.02,20260918,0.0,0.01
3308,20260924,59.07,31.27,59.03,31.51,20260918,0.04,-0.24
3309,20260924,53.91,8.58,53.91,8.58,20260918,0.0,0.0
3310,20260924,70.43,8.99,70.43,8.98,20260918,0.0,0.01
3311,20260924,50.59,33.35,50.59,33.91,20260918,0.0,-0.56
3312,20260924,42.55,49.67,42.47,49.64,20260918,0.08,0.03
3313,20260924,74.35,18.66,74.35,18.6,20260918,0.0,0.06
3317,20260924,24.07,60.29,25.46,61.0,20260918,-1.39,-0.71
3318,20260924,41.84,19.21,41.84,19.21,20260918,0.0,0.0
3320,20260924,0.0,6.08,0.0,6.08,20260918,0.0,0.0
3321,20260924,37.66,38.82,37.66,39.0,20260918,0.0,-0.18
3322,20260924,29.32,49.68,29.38,49.67,20260918,-0.06,0.01
3323,20260924,15.5,71.79,15.57,71.66,20260918,-0.07,0.13
3324,20260924,36.37,28.29,37.22,29.92,20260918,-0.85,-1.63
3325,20260924,14.78,53.7,14.78,53.68,20260918,0.0,0.02
3328,20260924,0.0,25.13,0.0,25.13,20260918,0.0,0.0
3330,20260924,0.0,100.0,0.0,100.0,20260918,0.0,0.0
3332,20260924,77.98,7.62,77.98,7.61,20260918,0.0,0.01
3333,20260924,0.0,99.99,0.0,99.99,20260918,0.0,0.0
3334,20260924,89.35,4.46,89.35,4.46,20260918,0.0,0.0
3338,20260924,22.59,58.06,22.59,58.35,20260918,0.0,-0.29
3339,20260924,13.83,59.49,15.42,58.02,20260918,-1.59,1.47
3342,20260924,33.08,25.5,33.08,25.5,20260918,0.0,0.0
3343,20260924,39.29,28.54,39.29,28.54,20260918,0.0,0.0
3344,20260924,0.0,15.94,0.0,15.94,20260918,0.0,0.0
3345,20260924,93.93,1.49,93.93,1.49,20260918,0.0,0.0
3346,20260924,20.5,60.91,20.5,61.35,20260918,0.0,-0.44
3348,20260924,0.0,43.14,0.0,43.14,20260918,0.0,0.0
3349,20260924,26.89,23.98,26.9,24.23,20260918,-0.01,-0.25
3350,20260924,0.0,57.37,0.0,57.38,20260918,0.0,-0.01
3353,20260924,0.0,100.0,0.0,100.0,20260918,0.0,0.0
3354,20260924,70.56,25.6,70.56,25.32,20260918,0.0,0.28
3355,20260924,0.0,99.99,0.0,99.99,20260918,0.0,0.0
3356,20260924,27.84,54.03,100.0,0.0,20260918,-72.16,54.03
3357,20260924,41.44,29.81,41.62,29.57,20260918,-0.18,0.24
3360,20260924,16.99,61.73,16.99,61.88,20260918,0.0,-0.15
3361,20260924,68.18,8.94,68.18,8.94,20260918,0.0,0.0
3362,20260924,49.06,34.99,49.06,34.95,20260918,0.0,0.04
3363,20260924,28.06,46.31,29.21,45.34,20260918,-1.15,0.97
3364,20260924,0.0,58.92,0.0,58.92,20260918,0.0,0.0
3366,20260924,0.0,100.0,0.0,100.0,20260918,0.0,0.0
3369,20260924,54.42,33.88,54.42,33.89,20260918,0.0,-0.01
3370,20260924,0.0,70.1,0.0,70.1,20260918,0.0,0.0
3371,20260924,78.3,11.23,78.3,11.23,20260918,0.0,0.0
3372,20260924,50.98,38.82,50.98,38.62,20260918,0.0,0.2
3373,20260924,24.99,63.39,24.95,63.39,20260918,0.04,0.0
3374,20260924,64.17,26.18,64.67,26.36,20260918,-0.5,-0.18
3376,20260924,27.56,48.64,27.08,48.35,20260918,0.48,0.29
3377,20260924,35.71,14.17,35.71,14.17,20260918,0.0,0.0
3379,20260924,24.78,61.5,24.78,61.6,20260918,0.0,-0.1
3380,20260924,63.11,28.22,63.37,28.05,20260918,-0.26,0.17
3381,20260924,0.0,99.99,0.0,99.99,20260918,0.0,0.0
3383,20260924,38.5,40.31,38.5,40.31,20260918,0.0,0.0
3386,20260924,100.0,0.0,100.0,0.0,20260918,0.0,0.0
3388,20260924,29.65,48.68,29.65,48.85,20260918,0.0,-0.17
3390,20260924,17.95,51.52,17.95,51.39,20260918,0.0,0.13
3391,20260924,52.44,16.91,52.44,16.91,20260918,0.0,0.0
3394,20260924,0.0,76.36,0.0,76.36,20260918,0.0,0.0
3397,20260924,0.0,92.82,0.0,92.81,20260918,0.0,0.01
3401,20260924,0.0,42.01,0.0,42.01,20260918,0.0,0.0
3402,20260924,24.52,59.73,24.52,60.35,20260918,0.0,-0.62
3404,20260924,0.0,81.65,0.0,81.65,20260918,0.0,0.0
3406,20260924,39.78,23.03,40.43,21.78,20260918,-0.65,1.25
3408,20260924,0.0,99.99,0.0,99.99,20260918,0.0,0.0
3412,20260924,84.95,11.17,84.95,11.17,20260918,0.0,0.0
3413,20260924,41.98,43.43,41.65,43.43,20260918,0.33,0.0
3414,20260924,0.0,99.96,0.0,99.96,20260918,0.0,0.0
3416,20260924,51.58,32.15,51.66,31.84,20260918,-0.08,0.31
3419,20260924,24.06,54.1,24.96,53.78,20260918,-0.9,0.32
3430,20260924,33.52,53.22,33.47,54.1,20260918,0.05,-0.88
3431,20260924,46.69,37.18,46.69,37.18,20260918,0.0,0.0
3432,20260924,58.48,26.78,58.48,26.65,20260918,0.0,0.13
3434,20260924,33.02,40.0,33.02,40.14,20260918,0.0,-0.14
3437,20260924,19.88,66.15,20.73,65.43,20260918,-0.85,0.72
3438,20260924,43.53,48.72,43.53,48.73,20260918,0.0,-0.01
3441,20260924,11.45,62.35,11.49,62.09,20260918,-0.04,0.26
3443,20260924,51.28,20.25,51.95,20.54,20260918,-0.67,-0.29
3444,20260924,38.57,40.98,38.58,41.03,20260918,-0.01,-0.05
3447,20260924,51.2,31.46,51.2,31.37,20260918,0.0,0.09
3450,20260924,31.32,46.98,31.69,45.74,20260918,-0.37,1.24
3455,20260924,11.28,51.92,11.28,51.66,20260918,0.0,0.26
3462,20260924,100.0,0.0,100.0,0.0,20260918,0.0,0.0
3463,20260924,100.0,0.0,100.0,0.0,20260918,0.0,0.0
3465,20260924,58.2,19.03,58.2,19.1,20260918,0.0,-0.07
3466,20260924,33.76,39.55,33.77,39.48,20260918,-0.01,0.07
3467,20260924,55.4,25.83,55.59,24.59,20260918,-0.19,1.24
3469,20260924,42.15,11.91,42.15,11.91,20260918,0.0,0.0
3471,20260924,25.6,35.66,25.6,35.66,20260918,0.0,0.0
3472,20260924,43.84,25.37,43.84,25.37,20260918,0.0,0.0
3473,20260924,67.92,9.38,68.03,9.4,20260918,-0.11,-0.02
3475,20260924,0.0,99.96,0.0,99.96,20260918,0.0,0.0
3479,20260924,30.26,50.2,30.26,50.37,20260918,0.0,-0.17
3481,20260924,32.42,53.09,32.44,53.17,20260918,-0.02,-0.08
3482,20260924,16.87,48.56,16.87,48.56,20260918,0.0,0.0
3483,20260924,13.05,67.97,12.04,68.26,20260918,1.01,-0.29
3484,20260924,24.43,49.91,24.24,50.21,20260918,0.19,-0.3
3485,20260924,33.54,31.66,33.54,31.68,20260918,0.0,-0.02
3489,20260924,79.83,13.19,79.83,13.28,20260918,0.0,-0.09
3490,20260924,19.07,62.01,16.27,62.01,20260918,2.8,0.0
3491,20260924,22.66,42.03,21.91,43.44,20260918,0.75,-1.41
3492,20260924,41.95,36.05,41.95,36.01,20260918,0.0,0.04
3494,20260924,56.76,27.74,56.77,27.85,20260918,-0.01,-0.11
3496,20260924,70.66,10.66,70.66,10.66,20260918,0.0,0.0
3497,20260924,23.86,38.67,23.86,38.67,20260918,0.0,0.0
3498,20260924,48.11,33.97,48.02,35.31,20260918,0.09,-1.34
3499,20260924,41.85,48.17,41.84,48.17,20260918,0.01,0.0
3501,20260924,42.49,40.46,42.49,40.38,20260918,0.0,0.08
3502,20260924,12.4,39.01,12.4,39.01,20260918,0.0,0.0
3504,20260924,60.57,28.68,61.82,28.15,20260918,-1.25,0.53
3505,20260924,87.89,12.07,87.89,12.07,20260918,0.0,0.0
3506,20260924,0.0,59.32,0.0,59.32,20260918,0.0,0.0
3507,20260924,75.26,9.31,75.26,9.31,20260918,0.0,0.0
3508,20260924,37.53,44.3,37.44,44.2,20260918,0.09,0.1
3511,20260924,51.13,40.64,51.13,40.66,20260918,0.0,-0.02
3512,20260924,64.42,20.05,64.4,20.12,20260918,0.02,-0.07
3513,20260924,51.88,0.2,51.88,0.2,20260918,0.0,0.0
3515,20260924,61.8,21.71,61.8,21.74,20260918,0.0,-0.03
3516,20260924,67.72,13.15,67.72,13.22,20260918,0.0,-0.07
3517,20260924,0.0,63.86,0.0,63.86,20260918,0.0,0.0
3518,20260924,26.08,41.29,26.15,41.73,20260918,-0.07,-0.44
3519,20260924,46.45,40.55,46.45,40.56,20260918,0.0,-0.01
3520,20260924,28.63,44.39,28.63,44.35,20260918,0.0,0.04
3521,20260924,78.97,11.22,78.97,11.2,20260918,0.0,0.02
3522,20260924,50.31,28.95,50.3,28.92,20260918,0.01,0.03
3523,20260924,78.36,11.25,78.36,11.25,20260918,0.0,0.0
3524,20260924,39.39,17.13,39.39,17.13,20260918,0.0,0.0
3526,20260924,29.46,34.1,29.5,34.31,20260918,-0.04,-0.21
3527,20260924,20.06,55.27,20.06,55.28,20260918,0.0,-0.01
3528,20260924,62.6,25.03,62.56,24.87,20260918,0.04,0.16
3529,20260924,31.34,24.71,32.77,24.78,20260918,-1.43,-0.07
3530,20260924,53.68,36.57,53.68,36.78,20260918,0.0,-0.21
3531,20260924,60.81,11.79,60.81,11.8,20260918,0.0,-0.01
3532,20260924,87.97,7.1,88.16,7.21,20260918,-0.19,-0.11
3533,20260924,44.16,23.47,43.79,23.37,20260918,0.37,0.1
3535,20260924,24.14,61.55,24.19,61.53,20260918,-0.05,0.02
3536,20260924,65.12,25.22,65.12,25.22,20260918,0.0,0.0
3537,20260924,23.54,62.12,23.54,62.25,20260918,0.0,-0.13
3540,20260924,21.9,67.26,21.9,67.49,20260918,0.0,-0.23
3541,20260924,24.84,44.35,24.83,44.2,20260918,0.01,0.15
3542,20260924,0.0,27.19,0.0,27.19,20260918,0.0,0.0
3543,20260924,49.68,23.72,33.28,30.83,20260918,16.4,-7.11
3544,20260924,0.0,99.95,0.0,99.95,20260918,0.0,0.0
3545,20260924,19.26,65.11,19.05,65.37,20260918,0.21,-0.26
3546,20260924,23.07,52.39,23.07,52.97,20260918,0.0,-0.58
3548,20260924,24.21,56.74,24.26,56.38,20260918,-0.05,0.36
3549,20260924,0.0,69.39,0.0,69.39,20260918,0.0,0.0
3550,20260924,32.88,47.56,31.08,47.1,20260918,1.8,0.46
3551,20260924,34.23,42.52,34.23,41.31,20260918,0.0,1.21
3552,20260924,32.42,54.28,32.42,53.57,20260918,0.0,0.71
3554,20260924,87.29,8.24,87.29,8.24,20260918,0.0,0.0
3555,20260924,77.74,12.85,77.74,12.84,20260918,0.0,0.01
3556,20260924,13.67,73.53,13.67,73.64,20260918,0.0,-0.11
3557,20260924,53.32,31.08,53.32,30.92,20260918,0.0,0.16
3558,20260924,47.07,43.58,47.07,44.06,20260918,0.0,-0.48
3560,20260924,59.92,13.67,59.92,13.67,20260918,0.0,0.0
3563,20260924,39.11,38.5,39.46,39.51,20260918,-0.35,-1.01
3564,20260924,59.07,32.59,59.07,32.93,20260918,0.0,-0.34
3566,20260924,60.69,10.88,60.69,10.88,20260918,0.0,0.0
3567,20260924,7.93,64.32,7.93,63.95,20260918,0.0,0.37
3568,20260924,46.71,17.45,46.7,17.46,20260918,0.01,-0.01
3570,20260924,45.25,39.22,45.25,39.21,20260918,0.0,0.01
3571,20260924,0.0,89.39,0.0,89.39,20260918,0.0,0.0
3572,20260924,29.87,23.31,29.87,23.31,20260918,0.0,0.0
3574,20260924,0.0,22.34,0.0,22.34,20260918,0.0,0.0
3576,20260924,35.11,50.29,34.28,51.03,20260918,0.83,-0.74
3577,20260924,52.36,21.84,50.22,22.12,20260918,2.14,-0.28
3579,20260924,65.76,22.76,65.76,22.76,20260918,0.0,0.0
3580,20260924,7.21,62.71,7.21,65.45,20260918,0.0,-2.74
3581,20260924,48.54,32.0,48.53,32.25,20260918,0.01,-0.25
3583,20260924,46.74,30.75,49.15,30.94,20260918,-2.41,-0.19
3584,20260924,18.43,60.1,18.42,60.1,20260918,0.01,0.0
3585,20260924,34.96,51.12,34.96,51.5,20260918,0.0,-0.38
3586,20260924,0.0,36.46,0.0,36.46,20260918,0.0,0.0
3587,20260924,21.81,56.93,21.81,56.6,20260918,0.0,0.33
3588,20260924,18.58,61.1,20.2,61.2,20260918,-1.62,-0.1
3591,20260924,45.6,37.81,100.0,0.0,20260918,-54.4,37.81
3592,20260924,24.87,50.86,24.87,51.08,20260918,0.0,-0.22
3593,20260924,50.01,23.24,50.01,23.3,20260918,0.0,-0.06
3594,20260924,42.11,33.82,42.15,33.9,20260918,-0.04,-0.08
3595,20260924,28.89,52.54,28.89,51.76,20260918,0.0,0.78
3596,20260924,59.88,22.4,59.94,22.21,20260918,-0.06,0.19
3597,20260924,56.91,20.52,56.92,20.64,20260918,-0.01,-0.12
3601,20260924,40.76,24.29,40.76,24.16,20260918,0.0,0.13
3603,20260924,64.91,14.48,64.91,14.49,20260918,0.0,-0.01
3604,20260924,0.0,99.98,0.0,99.98,20260918,0.0,0.0
3605,20260924,61.62,24.09,59.98,26.53,20260918,1.64,-2.44
3606,20260924,43.23,5.47,43.23,5.47,20260918,0.0,0.0
3607,20260924,21.49,48.19,21.5,48.25,20260918,-0.01,-0.06
3609,20260924,34.35,28.65,34.43,28.54,20260918,-0.08,0.11
3610,20260924,76.71,17.6,76.71,17.6,20260918,0.0,0.0
3611,20260924,46.89,28.52,46.89,28.51,20260918,0.0,0.01
3613,20260924,50.87,18.04,50.87,18.04,20260918,0.0,0.0
3615,20260924,24.72,61.3,24.61,61.13,20260918,0.11,0.17
3616,20260924,25.84,33.96,25.84,34.04,20260918,0.0,-0.08
3617,20260924,52.68,19.27,52.68,19.26,20260918,0.0,0.01
3619,20260924,15.73,29.96,15.73,29.96,20260918,0.0,0.0
3622,20260924,55.33,32.83,55.31,32.77,20260918,0.02,0.06
3623,20260924,48.24,38.9,48.24,39.39,20260918,0.0,-0.49
3624,20260924,50.14,35.09,45.92,40.28,20260918,4.22,-5.19
3625,20260924,37.64,41.47,37.64,41.55,20260918,0.0,-0.08
3627,20260924,50.03,33.86,50.03,33.86,20260918,0.0,0.0
3628,20260924,56.02,30.62,56.02,30.89,20260918,0.0,-0.27
3629,20260924,84.01,8.48,84.01,8.47,20260918,0.0,0.01
3630,20260924,51.09,38.17,51.09,38.19,20260918,0.0,-0.02
3631,20260924,74.44,10.67,74.44,10.87,20260918,0.0,-0.2
3632,20260924,15.58,76.78,15.58,76.78,20260918,0.0,0.0
3633,20260924,46.15,26.41,46.15,26.41,20260918,0.0,0.0
3634,20260924,72.48,7.43,72.48,7.42,20260918,0.0,0.01
3635,20260924,0.0,67.95,0.0,67.95,20260918,0.0,0.0
3636,20260924,87.18,6.19,87.18,6.19,20260918,0.0,0.0
3637,20260924,71.3,13.86,71.3,13.86,20260918,0.0,0.0
3642,20260924,49.5,25.84,49.5,25.84,20260918,0.0,0.0
3643,20260924,97.95,2.01,97.95,2.01,20260918,0.0,0.0
3644,20260924,67.82,12.17,69.45,11.89,20260918,-1.63,0.28
3645,20260924,27.86,52.13,27.86,51.74,20260918,0.0,0.39
3646,20260924,19.97,26.21,19.97,26.18,20260918,0.0,0.03
3647,20260924,0.0,76.65,0.0,76.65,20260918,0.0,0.0
3649,20260924,0.0,32.59,0.0,32.59,20260918,0.0,0.0
3651,20260924,89.61,1.67,89.61,1.67,20260918,0.0,0.0
3652,20260924,67.94,19.16,67.94,19.3,20260918,0.0,-0.14
3653,20260924,64.26,15.05,64.05,14.88,20260918,0.21,0.17
3656,20260924,75.19,17.23,75.19,17.23,20260918,0.0,0.0
3657,20260924,86.89,2.69,86.89,2.69,20260918,0.0,0.0
3659,20260924,78.88,8.03,78.79,8.42,20260918,0.09,-0.39
3661,20260924,9.73,46.55,10.7,46.52,20260918,-0.97,0.03
3662,20260924,48.89,36.72,48.89,36.72,20260918,0.0,0.0
3663,20260924,61.98,30.63,61.98,30.59,20260918,0.0,0.04
3664,20260924,66.69,22.43,66.69,22.43,20260918,0.0,0.0
3665,20260924,45.03,20.2,44.37,20.99,20260918,0.66,-0.79
3666,20260924,80.26,12.73,80.24,12.75,20260918,0.02,-0.02
3669,20260924,54.68,33.95,54.68,33.9,20260918,0.0,0.05
3671,20260924,72.48,3.12,72.48,3.12,20260918,0.0,0.0
3672,20260924,40.16,22.46,40.16,22.61,20260918,0.0,-0.15
3673,20260924,35.99,48.98,36.19,48.93,20260918,-0.2,0.05
3674,20260924,65.86,20.49,65.86,20.49,20260918,0.0,0.0
3675,20260924,55.16,31.75,55.16,33.13,20260918,0.0,-1.38
3678,20260924,35.95,23.28,35.94,23.28,20260918,0.01,0.0
3679,20260924,54.01,23.43,54.01,23.53,20260918,0.0,-0.1
3680,20260924,43.9,31.83,43.98,31.99,20260918,-0.08,-0.16
3681,20260924,94.39,2.98,94.39,2.98,20260918,0.0,0.0
3683,20260924,100.0,0.0,100.0,0.0,20260918,0.0,0.0
3684,20260924,52.87,27.03,52.87,27.11,20260918,0.0,-0.08
3685,20260924,44.54,22.32,44.65,22.62,20260918,-0.11,-0.3
3686,20260924,16.77,63.5,16.77,63.53,20260918,0.0,-0.03
3687,20260924,32.52,54.45,32.52,54.79,20260918,0.0,-0.34
3689,20260924,14.12,61.07,14.21,61.39,20260918,-0.09,-0.32
3690,20260924,83.95,5.57,83.95,5.57,20260918,0.0,0.0
3691,20260924,54.18,31.42,53.99,32.8,20260918,0.19,-1.38
3693,20260924,41.76,34.17,41.57,35.43,20260918,0.19,-1.26
3694,20260924,53.65,33.3,53.61,33.34,20260918,0.04,-0.04
3701,20260924,70.63,23.63,71.06,23.85,20260918,-0.43,-0.22
3702,20260924,78.02,11.97,77.86,12.11,20260918,0.16,-0.14
3703,20260924,68.23,20.73,68.19,20.72,20260918,0.04,0.01
3704,20260924,57.96,28.15,58.68,28.0,20260918,-0.72,0.15
3705,20260924,62.56,22.19,62.34,22.27,20260918,0.22,-0.08
3706,20260924,52.45,39.78,52.71,39.5,20260918,-0.26,0.28
3707,20260924,41.78,50.47,42.37,50.11,20260918,-0.59,0.36
3708,20260924,38.35,41.08,38.01,41.21,20260918,0.34,-0.13
3709,20260924,66.31,20.48,66.31,20.58,20260918,0.0,-0.1
3710,20260924,16.67,54.98,100.0,0.0,20260918,-83.33,54.98
3711,20260924,81.51,8.9,81.04,9.49,20260918,0.47,-0.59
3712,20260924,55.03,35.28,54.68,35.27,20260918,0.35,0.01
3713,20260924,44.1,27.01,44.06,27.06,20260918,0.04,-0.05
3714,20260924,38.26,46.35,38.46,46.15,20260918,-0.2,0.2
3715,20260924,20.48,62.72,20.25,63.23,20260918,0.23,-0.51
3716,20260924,45.5,40.21,44.79,39.94,20260918,0.71,0.27
3717,20260924,31.64,47.09,27.95,48.97,20260918,3.69,-1.88
3718,20260924,35.52,51.94,35.66,52.03,20260918,-0.14,-0.09
4102,20260924,33.76,34.4,33.74,34.36,20260918,0.02,0.04
4104,20260924,40.06,46.65,40.06,46.64,20260918,0.0,0.01
4105,20260924,39.02,37.15,38.96,37.31,20260918,0.06,-0.16
4106,20260924,46.2,38.28,46.17,38.32,20260918,0.03,-0.04
4107,20260924,51.88,26.96,51.88,26.75,20260918,0.0,0.21
4108,20260924,23.57,54.99,23.57,54.99,20260918,0.0,0.0
4109,20260924,36.1,42.17,36.18,42.13,20260918,-0.08,0.04
4111,20260924,33.16,38.16,33.15,38.2,20260918,0.01,-0.04
4113,20260924,63.67,15.65,63.78,15.61,20260918,-0.11,0.04
4114,20260924,37.26,41.58,37.42,41.51,20260918,-0.16,0.07
4115,20260924,69.74,13.55,69.74,13.55,20260918,0.0,0.0
4116,20260924,54.95,33.97,54.95,34.44,20260918,0.0,-0.47
4117,20260924,37.83,34.83,37.83,35.32,20260918,0.0,-0.49
4119,20260924,45.06,40.24,45.06,40.2,20260918,0.0,0.04
4120,20260924,63.89,18.65,63.89,18.79,20260918,0.0,-0.14
4121,20260924,44.47,43.17,44.46,43.1,20260918,0.01,0.07
4123,20260924,52.71,30.62,52.66,30.68,20260918,0.05,-0.06
4125,20260924,0.0,86.4,0.0,86.4,20260918,0.0,0.0
4126,20260924,55.08,28.69,54.99,28.78,20260918,0.09,-0.09
4127,20260924,65.58,18.73,65.41,17.61,20260918,0.17,1.12
4128,20260924,39.55,44.51,39.34,44.5,20260918,0.21,0.01
4129,20260924,48.89,27.58,48.65,27.81,20260918,0.24,-0.23
4131,20260924,72.24,12.89,72.24,12.89,20260918,0.0,0.0
4132,20260924,38.33,38.83,38.33,38.83,20260918,0.0,0.0
4133,20260924,18.53,67.57,18.53,67.61,20260918,0.0,-0.04
4135,20260924,44.13,18.2,44.13,18.2,20260918,0.0,0.0
4136,20260924,97.87,0.66,97.87,0.66,20260918,0.0,0.0
4137,20260924,44.39,38.22,44.41,38.04,20260918,-0.02,0.18
4138,20260924,51.42,43.87,51.42,44.22,20260918,0.0,-0.35
4139,20260924,50.01,11.9,47.88,12.11,20260918,2.13,-0.21
4140,20260924,0.0,80.26,0.0,80.26,20260918,0.0,0.0
4142,20260924,33.52,46.43,33.42,46.54,20260918,0.1,-0.11
4147,20260924,43.61,34.18,43.11,34.21,20260918,0.5,-0.03
4148,20260924,77.76,14.98,77.76,14.9,20260918,0.0,0.08
4150,20260924,34.31,31.98,34.31,31.98,20260918,0.0,0.0
4151,20260924,71.12,11.83,71.12,11.83,20260918,0.0,0.0
4153,20260924,72.11,17.8,72.11,17.66,20260918,0.0,0.14
4154,20260924,67.1,10.84,67.1,10.71,20260918,0.0,0.13
4155,20260924,32.53,41.03,32.53,41.25,20260918,0.0,-0.22
4156,20260924,67.52,17.7,67.52,17.7,20260918,0.0,0.0
4157,20260924,52.43,26.93,52.55,26.9,20260918,-0.12,0.03
4160,20260924,25.36,54.18,25.36,54.24,20260918,0.0,-0.06
4161,20260924,26.97,32.73,26.96,32.79,20260918,0.01,-0.06
4162,20260924,39.42,43.56,38.96,43.57,20260918,0.46,-0.01
4163,20260924,61.63,16.53,58.66,16.48,20260918,2.97,0.05
4164,20260924,40.54,37.61,39.89,38.01,20260918,0.65,-0.4
4166,20260924,79.6,10.33,79.18,10.36,20260918,0.42,-0.03
4167,20260924,34.45,40.34,34.34,40.49,20260918,0.11,-0.15
4168,20260924,20.95,55.87,20.05,55.79,20260918,0.9,0.08
4169,20260924,47.55,28.23,47.47,28.27,20260918,0.08,-0.04
4170,20260924,45.21,26.55,45.21,26.31,20260918,0.0,0.24
4171,20260924,27.65,56.41,27.66,56.38,20260918,-0.01,0.03
4172,20260924,30.08,39.94,30.08,39.83,20260918,0.0,0.11
4173,20260924,40.0,46.19,40.0,46.35,20260918,0.0,-0.16
4174,20260924,36.42,48.71,34.47,49.38,20260918,1.95,-0.67
4175,20260924,54.98,34.43,54.98,34.47,20260918,0.0,-0.04
4177,20260924,48.19,26.52,48.19,26.52,20260918,0.0,0.0
4178,20260924,72.41,12.46,72.41,12.5,20260918,0.0,-0.04
4181,20260924,0.0,89.4,0.0,89.4,20260918,0.0,0.0
4183,20260924,43.43,21.36,43.25,21.46,20260918,0.18,-0.1
4184,20260924,92.03,5.96,92.03,5.96,20260918,0.0,0.0
4186,20260924,26.03,34.13,26.01,33.98,20260918,0.02,0.15
4188,20260924,47.92,32.48,47.92,32.36,20260918,0.0,0.12
4190,20260924,62.95,27.18,62.94,26.97,20260918,0.01,0.21
4191,20260924,48.78,20.34,48.78,20.34,20260918,0.0,0.0
4192,20260924,66.6,25.73,66.6,25.75,20260918,0.0,-0.02
4193,20260924,33.69,26.12,33.69,26.16,20260918,0.0,-0.04
4194,20260924,73.12,16.2,73.12,16.22,20260918,0.0,-0.02
4195,20260924,30.04,45.43,28.67,45.3,20260918,1.37,0.13
4197,20260924,40.26,19.7,40.26,19.31,20260918,0.0,0.39
4198,20260924,78.2,12.67,78.06,12.81,20260918,0.14,-0.14
4205,20260924,58.94,23.46,58.94,23.45,20260918,0.0,0.01
4207,20260924,64.14,15.44,64.03,15.37,20260918,0.11,0.07
4303,20260924,14.14,67.64,12.45,71.51,20260918,1.69,-3.87
4304,20260924,74.64,12.47,74.64,12.88,20260918,0.0,-0.41
4305,20260924,74.81,9.07,74.81,9.07,20260918,0.0,0.0
4306,20260924,51.69,30.84,52.2,30.75,20260918,-0.51,0.09
4401,20260924,47.07,27.14,47.0,27.2,20260918,0.07,-0.06
4402,20260924,60.94,23.05,60.92,23.12,20260918,0.02,-0.07
4404,20260924,26.98,47.67,26.98,47.67,20260918,0.0,0.0
4406,20260924,62.15,8.88,61.99,8.87,20260918,0.16,0.01
4408,20260924,30.41,46.58,30.4,46.59,20260918,0.01,-0.01
4413,20260924,52.61,17.2,52.61,17.11,20260918,0.0,0.09
4414,20260924,57.37,25.38,57.36,25.42,20260918,0.01,-0.04
4415,20260924,76.68,12.41,76.68,12.41,20260918,0.0,0.0
4416,20260924,49.85,22.72,53.6,22.99,20260918,-3.75,-0.27
4417,20260924,38.35,39.25,38.36,39.51,20260918,-0.01,-0.26
4419,20260924,95.07,2.03,95.07,2.02,20260918,0.0,0.01
4420,20260924,54.11,34.78,54.11,34.85,20260918,0.0,-0.07
4424,20260924,62.32,23.85,62.32,23.86,20260918,0.0,-0.01
4426,20260924,54.21,29.08,54.21,29.05,20260918,0.0,0.03
4427,20260924,78.71,5.46,78.71,5.46,20260918,0.0,0.0
4430,20260924,53.29,27.45,53.29,27.44,20260918,0.0,0.01
4431,20260924,64.19,25.45,64.16,25.45,20260918,0.03,0.0
4432,20260924,45.45,32.23,45.45,32.5,20260918,0.0,-0.27
4433,20260924,52.24,34.5,52.24,34.61,20260918,0.0,-0.11
4438,20260924,50.12,20.84,50.12,20.83,20260918,0.0,0.01
4439,20260924,69.43,15.06,69.43,15.08,20260918,0.0,-0.02
4440,20260924,28.87,31.86,28.87,32.02,20260918,0.0,-0.16
4441,20260924,55.42,14.26,56.91,14.34,20260918,-1.49,-0.08
4442,20260924,49.36,12.4,49.6,12.06,20260918,-0.24,0.34
4502,20260924,55.45,15.83,55.45,15.86,20260918,0.0,-0.03
4503,20260924,59.8,28.77,59.8,28.99,20260918,0.0,-0.22
4506,20260924,74.05,14.06,74.07,14.17,20260918,-0.02,-0.11
4510,20260924,29.65,57.51,29.65,57.41,20260918,0.0,0.1
4513,20260924,53.14,33.37,53.25,33.38,20260918,-0.11,-0.01
4522,20260924,100.0,0.0,100.0,0.0,20260918,0.0,0.0
4523,20260924,52.01,30.51,52.02,30.65,20260918,-0.01,-0.14
4526,20260924,41.04,45.75,40.53,46.2,20260918,0.51,-0.45
4527,20260924,61.93,21.9,61.92,21.9,20260918,0.01,0.0
4528,20260924,58.69,32.63,58.69,32.48,20260918,0.0,0.15
4529,20260924,53.99,30.7,53.99,30.73,20260918,0.0,-0.03
4530,20260924,64.46,19.38,64.46,19.62,20260918,0.0,-0.24
4532,20260924,64.87,21.72,65.12,21.76,20260918,-0.25,-0.04
4533,20260924,32.21,55.62,33.09,55.64,20260918,-0.88,-0.02
4534,20260924,29.58,47.06,29.58,47.57,20260918,0.0,-0.51
4535,20260924,69.7,12.65,69.7,12.65,20260918,0.0,0.0
4536,20260924,39.11,25.63,38.54,25.8,20260918,0.57,-0.17
4537,20260924,77.0,12.28,77.0,12.27,20260918,0.0,0.01
4538,20260924,71.91,10.46,71.86,10.51,20260918,0.05,-0.05
4540,20260924,25.53,62.89,25.53,63.3,20260918,0.0,-0.41
4541,20260924,26.78,50.34,27.11,50.67,20260918,-0.33,-0.33
4542,20260924,20.72,35.76,20.72,36.05,20260918,0.0,-0.29
4543,20260924,44.76,42.9,42.0,45.07,20260918,2.76,-2.17
4544,20260924,49.87,12.32,49.87,12.33,20260918,0.0,-0.01
4545,20260924,69.01,20.48,69.05,20.55,20260918,-0.04,-0.07
4546,20260924,60.44,16.43,60.44,16.43,20260918,0.0,0.0
4547,20260924,72.34,9.16,72.34,9.16,20260918,0.0,0.0
4548,20260924,100.0,0.0,100.0,0.0,20260918,0.0,0.0
4549,20260924,58.74,30.29,58.74,30.3,20260918,0.0,-0.01
4550,20260924,49.24,30.49,49.24,30.56,20260918,0.0,-0.07
4551,20260924,70.03,12.56,70.84,13.03,20260918,-0.81,-0.47
4552,20260924,44.28,33.94,44.28,33.68,20260918,0.0,0.26
4553,20260924,77.28,7.88,77.22,7.94,20260918,0.06,-0.06
4554,20260924,57.06,31.13,50.62,35.86,20260918,6.44,-4.73
4555,20260924,65.67,20.73,65.67,20.81,20260918,0.0,-0.08
4556,20260924,70.78,20.03,70.8,20.17,20260918,-0.02,-0.14
4557,20260924,27.07,34.84,27.21,34.93,20260918,-0.14,-0.09
4558,20260924,52.09,16.1,52.1,16.01,20260918,-0.01,0.09
4559,20260924,79.9,7.2,79.9,7.31,20260918,0.0,-0.11
4560,20260924,84.16,8.88,84.16,8.76,20260918,0.0,0.12
4561,20260924,52.18,37.84,52.18,38.07,20260918,0.0,-0.23
4562,20260924,49.92,42.38,49.92,42.59,20260918,0.0,-0.21
4563,20260924,49.6,36.74,49.6,37.5,20260918,0.0,-0.76
4564,20260924,33.6,46.41,33.14,46.67,20260918,0.46,-0.26
4565,20260924,66.05,9.31,66.01,9.37,20260918,0.04,-0.06
4566,20260924,48.17,39.14,49.09,39.76,20260918,-0.92,-0.62
4568,20260924,62.0,20.46,61.98,20.47,20260918,0.02,-0.01
4569,20260924,52.36,14.9,52.36,15.35,20260918,0.0,-0.45
4570,20260924,87.83,3.28,87.82,3.28,20260918,0.01,0.0
4571,20260924,55.7,27.19,55.7,27.13,20260918,0.0,0.06
4572,20260924,61.89,23.03,61.89,23.01,20260918,0.0,0.02
4573,20260924,28.7,41.23,28.7,42.15,20260918,0.0,-0.92
4575,20260924,53.88,13.12,53.88,13.14,20260918,0.0,-0.02
4576,20260924,59.43,25.87,60.39,25.53,20260918,-0.96,0.34
4577,20260924,55.74,33.92,55.74,33.74,20260918,0.0,0.18
4578,20260924,92.28,2.95,92.28,2.95,20260918,0.0,0.0
4580,20260924,37.68,40.01,37.67,40.05,20260918,0.01,-0.04
4581,20260924,46.14,25.3,46.15,25.3,20260918,-0.01,0.0
4582,20260924,43.96,26.13,43.96,26.12,20260918,0.0,0.01
4583,20260924,82.19,8.48,82.18,8.45,20260918,0.01,0.03
4584,20260924,69.25,13.06,69.25,13.05,20260918,0.0,0.01
4585,20260924,75.3,21.04,75.3,21.04,20260918,0.0,0.0
4587,20260924,88.23,8.33,88.23,8.33,20260918,0.0,0.0
4588,20260924,37.4,37.04,37.41,36.96,20260918,-0.01,0.08
4589,20260924,47.63,14.08,46.9,13.68,20260918,0.73,0.4
4590,20260924,35.34,37.53,35.3,37.75,20260918,0.04,-0.22
4609,20260924,64.61,12.12,64.61,12.16,20260918,0.0,-0.04
4702,20260924,46.49,40.5,46.49,40.47,20260918,0.0,0.03
4703,20260924,22.67,63.8,22.65,63.82,20260918,0.02,-0.02
4706,20260924,77.56,8.8,77.56,8.82,20260918,0.0,-0.02
4707,20260924,65.82,22.1,65.27,22.06,20260918,0.55,0.04
4711,20260924,53.42,29.3,53.42,29.28,20260918,0.0,0.02
4712,20260924,43.69,43.07,43.69,43.07,20260918,0.0,0.0
4714,20260924,22.32,56.15,21.71,56.65,20260918,0.61,-0.5
4716,20260924,24.12,49.72,25.27,49.47,20260918,-1.15,0.25
4717,20260924,0.0,99.99,0.0,99.99,20260918,0.0,0.0
4720,20260924,34.22,50.14,33.29,50.14,20260918,0.93,0.0
4721,20260924,28.05,57.57,29.5,57.94,20260918,-1.45,-0.37
4722,20260924,43.17,26.86,43.4,26.85,20260918,-0.23,0.01
4724,20260924,46.4,23.27,46.4,23.06,20260918,0.0,0.21
4726,20260924,50.33,31.13,50.32,31.18,20260918,0.01,-0.05
4727,20260924,0.0,25.3,0.0,25.3,20260918,0.0,0.0
4728,20260924,65.91,7.14,65.91,7.24,20260918,0.0,-0.1
4729,20260924,44.71,36.63,44.7,36.6,20260918,0.01,0.03
4730,20260924,57.91,18.38,57.91,18.38,20260918,0.0,0.0
4732,20260924,47.09,18.44,47.04,18.49,20260918,0.05,-0.05
4734,20260924,0.0,48.86,0.0,48.86,20260918,0.0,0.0
4735,20260924,42.94,38.54,42.94,38.69,20260918,0.0,-0.15
4736,20260924,44.38,38.34,44.46,38.52,20260918,-0.08,-0.18
4737,20260924,49.15,19.42,49.06,19.53,20260918,0.09,-0.11
4738,20260924,54.05,33.4,54.05,33.47,20260918,0.0,-0.07
4739,20260924,31.59,50.97,31.32,50.85,20260918,0.27,0.12
4741,20260924,40.07,34.07,40.07,33.66,20260918,0.0,0.41
4743,20260924,41.07,43.05,40.86,43.16,20260918,0.21,-0.11
4744,20260924,35.78,30.37,35.78,30.3,20260918,0.0,0.07
4745,20260924,53.06,24.26,53.06,24.13,20260918,0.0,0.13
4746,20260924,31.52,46.05,30.64,46.66,20260918,0.88,-0.61
4747,20260924,65.53,12.35,65.49,12.37,20260918,0.04,-0.02
4749,20260924,23.88,51.7,23.84,51.33,20260918,0.04,0.37
4752,20260924,87.17,8.27,87.17,8.27,20260918,0.0,0.0
4754,20260924,28.46,50.77,28.46,50.41,20260918,0.0,0.36
4755,20260924,64.96,21.8,64.95,21.94,20260918,0.01,-0.14
4758,20260924,84.81,6.03,84.81,6.03,20260918,0.0,0.0
4760,20260924,34.68,43.74,34.68,43.71,20260918,0.0,0.03
4762,20260924,97.29,0.3,97.29,0.3,20260918,0.0,0.0
4763,20260924,56.36,30.66,56.09,30.61,20260918,0.27,0.05
4764,20260924,66.96,17.78,66.32,17.6,20260918,0.64,0.18
4765,20260924,39.21,25.44,39.21,25.43,20260918,0.0,0.01
4766,20260924,63.04,18.97,63.05,19.01,20260918,-0.01,-0.04
4767,20260924,46.87,11.88,46.86,11.89,20260918,0.01,-0.01
4768,20260924,19.49,49.47,19.49,49.96,20260918,0.0,-0.49
4769,20260924,100.0,0.0,100.0,0.0,20260918,0.0,0.0
4770,20260924,59.7,21.03,59.7,23.24,20260918,0.0,-2.21
4771,20260924,44.45,22.19,44.58,22.34,20260918,-0.13,-0.15
4772,20260924,42.02,41.23,42.03,41.46,20260918,-0.01,-0.23
4773,20260924,92.29,1.22,92.29,1.22,20260918,0.0,0.0
4801,20260924,97.82,1.26,97.82,1.26,20260918,0.0,0.0
4802,20260924,85.36,9.95,85.36,9.95,20260918,0.0,0.0
4803,20260924,55.13,35.73,55.13,35.73,20260918,0.0,0.0
4804,20260924,54.88,24.88,54.88,24.88,20260918,0.0,0.0
4805,20260924,0.0,99.98,0.0,99.98,20260918,0.0,0.0
4806,20260924,85.88,6.04,85.88,6.1,20260918,0.0,-0.06
4807,20260924,63.32,18.98,63.32,19.3,20260918,0.0,-0.32
4903,20260924,37.77,48.87,37.88,49.23,20260918,-0.11,-0.36
4904,20260924,90.98,4.37,91.01,4.38,20260918,-0.03,-0.01
4905,20260924,63.81,11.24,63.8,11.27,20260918,0.01,-0.03
4906,20260924,20.7,60.75,20.4,61.16,20260918,0.3,-0.41
4907,20260924,83.76,9.39,83.76,9.36,20260918,0.0,0.03
4908,20260924,42.28,38.65,44.24,36.61,20260918,-1.96,2.04
4909,20260924,22.69,65.16,22.65,65.0,20260918,0.04,0.16
4911,20260924,48.05,26.48,48.05,26.46,20260918,0.0,0.02
4912,20260924,38.89,32.87,38.73,33.2,20260918,0.16,-0.33
4913,20260924,0.0,42.57,0.0,42.57,20260918,0.0,0.0
4914,20260924,61.66,19.66,61.66,19.66,20260918,0.0,0.0
4915,20260924,51.49,30.6,51.32,30.88,20260918,0.17,-0.28
4916,20260924,21.72,66.91,22.36,66.48,20260918,-0.64,0.43
4917,20260924,93.2,0.7,93.2,0.7,20260918,0.0,0.0
4919,20260924,58.06,34.26,59.48,32.82,20260918,-1.42,1.44
4920,20260924,86.74,2.54,86.74,2.54,20260918,0.0,0.0
4922,20260924,11.8,62.98,11.8,62.98,20260918,0.0,0.0
4923,20260924,20.33,42.14,23.32,44.46,20260918,-2.99,-2.32
4924,20260924,55.97,18.34,55.94,18.66,20260918,0.03,-0.32
4925,20260924,31.85,34.25,31.68,34.45,20260918,0.17,-0.2
4927,20260924,17.89,59.03,17.76,59.07,20260918,0.13,-0.04
4929,20260924,0.0,99.97,0.0,99.97,20260918,0.0,0.0
4930,20260924,58.55,29.23,58.55,29.24,20260918,0.0,-0.01
4931,20260924,12.37,64.95,11.7,62.77,20260918,0.67,2.18
4932,20260924,0.0,90.02,0.0,90.02,20260918,0.0,0.0
4933,20260924,59.88,25.26,59.88,25.32,20260918,0.0,-0.06
4934,20260924,29.25,54.24,29.43,54.12,20260918,-0.18,0.12
4935,20260924,57.74,28.61,57.74,28.56,20260918,0.0,0.05
4938,20260924,75.2,16.13,75.07,16.21,20260918,0.13,-0.08
4939,20260924,28.07,54.08,27.18,54.27,20260918,0.89,-0.19
4942,20260924,54.55,25.3,54.54,25.34,20260918,0.01,-0.04
4943,20260924,53.51,28.35,53.5,28.39,20260918,0.01,-0.04
4946,20260924,42.58,47.83,42.58,47.84,20260918,0.0,-0.01
4949,20260924,41.11,35.13,41.15,35.39,20260918,-0.04,-0.26
4950,20260924,68.13,19.86,68.13,19.88,20260918,0.0,-0.02
4951,20260924,4.48,62.9,4.48,62.29,20260918,0.0,0.61
4952,20260924,47.79,40.67,47.79,41.11,20260918,0.0,-0.44
4953,20260924,37.89,41.62,37.89,41.21,20260918,0.0,0.41
4956,20260924,35.73,50.64,34.03,51.76,20260918,1.7,-1.12
4958,20260924,64.94,23.73,65.72,22.51,20260918,-0.78,1.22
4960,20260924,56.45,31.79,57.69,30.92,20260918,-1.24,0.87
4961,20260924,38.44,40.16,36.73,40.53,20260918,1.71,-0.37
4962,20260924,99.89,0.09,99.89,0.09,20260918,0.0,0.0
4963,20260924,82.03,9.02,82.03,9.02,20260918,0.0,0.0
4965,20260924,100.0,0.0,100.0,0.0,20260918,0.0,0.0
4966,20260924,19.97,49.63,17.58,49.87,20260918,2.39,-0.24
4967,20260924,13.87,67.15,11.58,67.28,20260918,2.29,-0.13
4968,20260924,8.85,73.83,8.85,73.87,20260918,0.0,-0.04
4969,20260924,44.91,30.03,44.91,30.03,20260918,0.0,0.0
4971,20260924,22.04,44.04,22.03,42.89,20260918,0.01,1.15
4972,20260924,36.92,38.88,36.87,38.97,20260918,0.05,-0.09
4973,20260924,14.23,67.64,14.4,67.28,20260918,-0.17,0.36
4974,20260924,39.73,50.74,39.73,50.57,20260918,0.0,0.17
4975,20260924,95.92,2.82,95.92,2.82,20260918,0.0,0.0
4976,20260924,25.62,59.6,25.82,59.61,20260918,-0.2,-0.01
4977,20260924,8.43,71.24,8.43,70.8,20260918,0.0,0.44
4978,20260924,82.32,10.37,82.32,10.37,20260918,0.0,0.0
4979,20260924,27.93,43.16,26.77,45.22,20260918,1.16,-2.06
4980,20260924,50.4,26.3,50.4,26.54,20260918,0.0,-0.24
4985,20260924,100.0,0.0,100.0,0.0,20260918,0.0,0.0
4989,20260924,11.58,75.46,11.69,76.05,20260918,-0.11,-0.59
4990,20260924,43.97,28.54,43.97,28.54,20260918,0.0,0.0
4991,20260924,35.73,42.18,37.64,41.13,20260918,-1.91,1.05
4992,20260924,76.9,8.27,76.9,8.27,20260918,0.0,0.0
4994,20260924,80.62,7.85,80.57,7.88,20260918,0.05,-0.03
4995,20260924,52.68,21.03,52.59,20.62,20260918,0.09,0.41
4996,20260924,65.91,9.92,65.91,9.92,20260918,0.0,0.0
4997,20260924,17.41,25.48,17.41,25.48,20260918,0.0,0.0
4999,20260924,27.29,49.62,27.29,49.61,20260918,0.0,0.01
5006,20260924,8.28,72.02,8.25,72.04,20260918,0.03,-0.02
5007,20260924,84.23,6.11,84.24,6.17,20260918,-0.01,-0.06
5009,20260924,43.36,39.84,43.42,39.71,20260918,-0.06,0.13
5011,20260924,38.64,36.53,39.56,36.31,20260918,-0.92,0.22
5013,20260924,81.84,6.82,81.84,6.61,20260918,0.0,0.21
5014,20260924,26.84,46.89,26.84,46.88,20260918,0.0,0.01
5015,20260924,42.22,39.28,42.22,39.27,20260918,0.0,0.01
5016,20260924,59.94,23.14,59.94,23.16,20260918,0.0,-0.02
5017,20260924,0.0,99.99,0.0,99.99,20260918,0.0,0.0
5201,20260924,40.04,25.02,37.24,25.12,20260918,2.8,-0.1
5202,20260924,48.6,36.74,48.62,36.51,20260918,-0.02,0.23
5203,20260924,33.11,42.24,33.11,42.39,20260918,0.0,-0.15
5204,20260924,18.86,59.24,18.86,59.25,20260918,0.0,-0.01
5205,20260924,72.67,16.41,71.26,17.27,20260918,1.41,-0.86
5206,20260924,80.84,9.26,80.83,9.18,20260918,0.01,0.08
5207,20260924,14.82,35.02,14.82,35.02,20260918,0.0,0.0
5209,20260924,50.61,36.52,50.88,36.23,20260918,-0.27,0.29
5210,20260924,39.82,33.49,39.83,33.74,20260918,-0.01,-0.25
5211,20260924,40.88,41.99,40.88,42.0,20260918,0.0,-0.01
5212,20260924,66.94,14.18,66.95,14.17,20260918,-0.01,0.01
5213,20260924,85.02,9.89,85.01,9.87,20260918,0.01,0.02
5215,20260924,42.71,35.43,42.71,35.46,20260918,0.0,-0.03
5216,20260924,57.64,12.24,57.64,12.24,20260918,0.0,0.0
5220,20260924,19.67,40.33,19.65,40.36,20260918,0.02,-0.03
5221,20260924,0.0,68.88,0.0,68.88,20260918,0.0,0.0
5222,20260924,24.28,51.96,24.17,51.95,20260918,0.11,0.01
5223,20260924,54.18,28.39,54.18,28.63,20260918,0.0,-0.24
5225,20260924,37.93,44.68,37.93,44.82,20260918,0.0,-0.14
5226,20260924,31.51,27.99,31.51,27.99,20260918,0.0,0.0
5227,20260924,18.09,57.55,18.08,57.52,20260918,0.01,0.03
5228,20260924,44.94,32.05,44.94,32.17,20260918,0.0,-0.12
5229,20260924,89.3,1.64,89.3,1.64,20260918,0.0,0.0
5230,20260924,10.27,56.98,10.27,57.98,20260918,0.0,-1.0
5232,20260924,99.99,0.0,99.99,0.0,20260918,0.0,0.0
5233,20260924,82.42,9.5,82.42,9.5,20260918,0.0,0.0
5234,20260924,58.52,22.88,58.52,22.87,20260918,0.0,0.01
5236,20260924,60.89,30.52,60.89,30.56,20260918,0.0,-0.04
5238,20260924,78.62,9.02,78.62,9.02,20260918,0.0,0.0
5239,20260924,16.98,32.75,16.98,32.75,20260918,0.0,0.0
5240,20260924,30.32,14.12,30.32,14.17,20260918,0.0,-0.05
5242,20260924,58.63,12.97,58.6,13.01,20260918,0.03,-0.04
5243,20260924,50.27,35.19,49.66,34.99,20260918,0.61,0.2
5244,20260924,28.61,38.24,28.6,38.36,20260918,0.01,-0.12
5245,20260924,39.31,31.92,41.79,31.4,20260918,-2.48,0.52
5246,20260924,21.0,53.88,21.0,53.89,20260918,0.0,-0.01
5247,20260924,68.74,11.48,68.74,11.48,20260918,0.0,0.0
5248,20260924,56.84,30.66,56.84,30.67,20260918,0.0,-0.01
5250,20260924,97.08,2.86,97.08,2.86,20260918,0.0,0.0
5251,20260924,29.21,56.41,29.21,56.36,20260918,0.0,0.05
5253,20260924,58.2,5.15,58.2,5.15,20260918,0.0,0.0
5254,20260924,70.3,17.02,70.32,16.98,20260918,-0.02,0.04
5256,20260924,61.23,19.46,61.23,19.46,20260918,0.0,0.0
5257,20260924,73.71,9.36,73.71,9.36,20260918,0.0,0.0
5258,20260924,39.36,36.5,39.31,36.24,20260918,0.05,0.26
5259,20260924,74.45,12.45,74.45,12.46,20260918,0.0,-0.01
5262,20260924,31.97,23.07,31.97,23.06,20260918,0.0,0.01
5263,20260924,41.33,31.16,42.64,31.24,20260918,-1.31,-0.08
5265,20260924,0.0,65.69,0.0,65.69,20260918,0.0,0.0
5267,20260924,46.59,22.15,46.59,22.16,20260918,0.0,-0.01
5269,20260924,54.74,30.53,54.74,30.82,20260918,0.0,-0.29
5271,20260924,16.66,61.14,100.0,0.0,20260918,-83.34,61.14
5272,20260924,10.26,66.46,10.26,66.47,20260918,0.0,-0.01
5274,20260924,21.71,42.02,21.71,41.9,20260918,0.0,0.12
5275,20260924,0.0,27.52,0.0,27.52,20260918,0.0,0.0
5276,20260924,85.29,8.7,85.29,8.7,20260918,0.0,0.0
5278,20260924,77.88,9.51,77.89,9.53,20260918,-0.01,-0.02
5279,20260924,91.86,0.04,91.86,0.04,20260918,0.0,0.0
5282,20260924,59.25,5.19,59.25,5.19,20260918,0.0,0.0
5283,20260924,52.33,34.66,52.32,34.61,20260918,0.01,0.05
5284,20260924,48.49,31.61,49.63,30.96,20260918,-1.14,0.65
5285,20260924,51.96,27.99,53.59,28.11,20260918,-1.63,-0.12
5286,20260924,69.95,13.71,69.95,13.71,20260918,0.0,0.0
5287,20260924,45.59,35.09,45.75,34.82,20260918,-0.16,0.27
5288,20260924,59.24,19.58,59.24,19.3,20260918,0.0,0.28
5289,20260924,18.67,55.69,18.69,55.21,20260918,-0.02,0.48
5291,20260924,18.68,37.7,18.68,38.01,20260918,0.0,-0.31
5292,20260924,43.66,29.16,43.55,29.41,20260918,0.11,-0.25
5294,20260924,0.0,99.98,0.0,99.98,20260918,0.0,0.0
5295,20260924,70.39,6.98,70.39,6.98,20260918,0.0,0.0
5296,20260924,27.36,31.93,27.26,32.2,20260918,0.1,-0.27
5297,20260924,10.26,63.82,10.26,63.68,20260918,0.0,0.14
5299,20260924,44.69,42.95,44.69,43.62,20260918,0.0,-0.67
5301,20260924,74.11,11.65,74.03,11.79,20260918,0.08,-0.14
5302,20260924,45.87,39.79,45.86,39.87,20260918,0.01,-0.08
5304,20260924,86.33,10.02,86.33,10.02,20260918,0.0,0.0
5306,20260924,64.41,23.63,64.41,23.66,20260918,0.0,-0.03
5307,20260924,32.2,44.35,32.2,44.35,20260918,0.0,0.0
5309,20260924,26.96,56.66,27.33,56.69,20260918,-0.37,-0.03
5310,20260924,36.18,19.97,36.18,19.47,20260918,0.0,0.5
5312,20260924,50.64,29.62,50.64,29.45,20260918,0.0,0.17
5314,20260924,36.55,47.23,40.03,43.49,20260918,-3.48,3.74
5315,20260924,21.21,51.22,21.21,51.34,20260918,0.0,-0.12
5321,20260924,46.23,22.93,45.89,22.74,20260918,0.34,0.19
5324,20260924,75.25,12.87,75.22,12.77,20260918,0.03,0.1
5325,20260924,27.55,62.8,27.55,62.8,20260918,0.0,0.0
5328,20260924,35.46,55.73,35.46,55.88,20260918,0.0,-0.15
5336,20260924,0.0,94.28,0.0,94.28,20260918,0.0,0.0
5340,20260924,52.13,35.41,52.32,35.31,20260918,-0.19,0.1
5344,20260924,73.54,21.4,73.54,21.42,20260918,0.0,-0.02
5345,20260924,78.88,12.05,78.88,12.05,20260918,0.0,0.0
5346,20260924,28.36,44.75,28.35,44.75,20260918,0.01,0.0
5347,20260924,81.43,11.93,81.07,12.34,20260918,0.36,-0.41
5348,20260924,40.79,29.74,40.79,29.73,20260918,0.0,0.01
5351,20260924,29.4,52.65,30.98,51.61,20260918,-1.58,1.04
5353,20260924,37.82,28.79,37.82,28.75,20260918,0.0,0.04
5355,20260924,63.82,20.16,63.76,20.37,20260918,0.06,-0.21
5356,20260924,39.55,43.93,39.55,43.98,20260918,0.0,-0.05
5364,20260924,61.31,18.04,61.31,18.15,20260918,0.0,-0.11
5372,20260924,12.51,60.99,12.51,60.99,20260918,0.0,0.0
5376,20260924,28.33,47.38,28.33,47.38,20260918,0.0,0.0
5381,20260924,48.85,36.11,48.86,36.06,20260918,-0.01,0.05
5385,20260924,18.19,69.23,18.19,69.23,20260918,0.0,0.0
5386,20260924,32.37,55.81,32.37,55.73,20260918,0.0,0.08
5387,20260924,90.18,7.9,90.18,7.9,20260918,0.0,0.0
5388,20260924,35.02,44.18,34.87,43.8,20260918,0.15,0.38
5392,20260924,31.93,56.64,32.12,56.44,20260918,-0.19,0.2
5395,20260924,0.0,65.56,0.0,65.56,20260918,0.0,0.0
5398,20260924,44.19,25.5,44.19,25.65,20260918,0.0,-0.15
5403,20260924,31.26,38.84,31.25,38.85,20260918,0.01,-0.01
5410,20260924,26.6,57.76,26.98,57.6,20260918,-0.38,0.16
5414,20260924,48.11,28.16,48.11,28.16,20260918,0.0,0.0
5425,20260924,29.42,56.9,28.29,57.32,20260918,1.13,-0.42
5426,20260924,52.77,36.89,52.77,37.1,20260918,0.0,-0.21
5432,20260924,51.4,44.51,51.4,43.92,20260918,0.0,0.59
5434,20260924,38.4,30.75,38.97,31.0,20260918,-0.57,-0.25
5438,20260924,74.38,19.71,74.38,19.78,20260918,0.0,-0.07
5439,20260924,24.49,48.64,22.93,48.87,20260918,1.56,-0.23
5442,20260924,14.62,54.8,14.62,54.8,20260918,0.0,0.0
5443,20260924,33.43,53.25,33.61,53.27,20260918,-0.18,-0.02
5450,20260924,79.37,14.44,79.37,14.43,20260918,0.0,0.01
5452,20260924,38.53,49.37,38.51,49.76,20260918,0.02,-0.39
5455,20260924,89.0,3.31,89.0,3.31,20260918,0.0,0.0
5457,20260924,45.26,39.22,46.26,38.71,20260918,-1.0,0.51
5460,20260924,38.44,33.18,38.44,33.17,20260918,0.0,0.01
5464,20260924,58.58,18.09,58.83,17.9,20260918,-0.25,0.19
5465,20260924,68.79,22.78,68.79,22.93,20260918,0.0,-0.15
5467,20260924,82.8,9.09,82.8,9.09,20260918,0.0,0.0
5468,20260924,60.6,26.09,60.76,26.05,20260918,-0.16,0.04
5469,20260924,68.34,21.77,68.18,21.71,20260918,0.16,0.06
5471,20260924,18.44,61.64,18.53,61.7,20260918,-0.09,-0.06
5473,20260924,0.0,99.96,0.0,99.96,20260918,0.0,0.0
5474,20260924,48.5,36.83,48.5,37.34,20260918,0.0,-0.51
5475,20260924,19.08,69.98,17.93,69.11,20260918,1.15,0.87
5478,20260924,72.96,15.24,72.96,15.24,20260918,0.0,0.0
5481,20260924,56.03,20.81,56.07,20.98,20260918,-0.04,-0.17
5483,20260924,52.36,35.52,52.96,34.72,20260918,-0.6,0.8
5484,20260924,33.97,57.22,33.97,57.22,20260918,0.0,0.0
5487,20260924,47.96,17.75,47.88,17.77,20260918,0.08,-0.02
5488,20260924,34.18,37.11,34.18,37.3,20260918,0.0,-0.19
5489,20260924,82.62,10.14,82.62,10.09,20260918,0.0,0.05
5490,20260924,25.61,49.87,25.61,49.75,20260918,0.0,0.12
5492,20260924,98.67,1.3,98.66,1.31,20260918,0.01,-0.01
5493,20260924,25.01,39.53,25.01,39.88,20260918,0.0,-0.35
5497,20260924,15.67,49.85,15.67,49.85,20260918,0.0,0.0
5498,20260924,29.39,58.08,29.96,58.12,20260918,-0.57,-0.04
5501,20260924,24.3,48.78,24.3,48.78,20260918,0.0,0.0
5505,20260924,50.79,21.35,50.79,21.35,20260918,0.0,0.0
5506,20260924,58.45,19.96,58.45,19.96,20260918,0.0,0.0
5508,20260924,65.86,26.11,65.86,26.22,20260918,0.0,-0.11
5511,20260924,60.07,19.58,59.92,19.49,20260918,0.15,0.09
5512,20260924,54.9,27.16,54.74,27.16,20260918,0.16,0.0
5514,20260924,87.59,4.48,87.59,4.48,20260918,0.0,0.0
5515,20260924,63.24,19.12,63.26,19.09,20260918,-0.02,0.03
5516,20260924,60.51,15.67,60.51,15.55,20260918,0.0,0.12
5519,20260924,51.16,33.03,51.16,33.14,20260918,0.0,-0.11
5520,20260924,73.58,7.56,73.58,7.56,20260918,0.0,0.0
5521,20260924,52.64,29.34,52.84,29.37,20260918,-0.2,-0.03
5522,20260924,85.98,8.85,85.9,8.76,20260918,0.08,0.09
5523,20260924,89.27,4.08,89.24,4.1,20260918,0.03,-0.02
5524,20260924,11.6,46.4,11.6,46.4,20260918,0.0,0.0
5525,20260924,84.14,6.92,84.14,6.97,20260918,0.0,-0.05
5529,20260924,68.11,15.32,68.05,15.55,20260918,0.06,-0.23
5530,20260924,79.5,11.49,79.43,11.5,20260918,0.07,-0.01
5531,20260924,82.87,9.69,83.46,9.52,20260918,-0.59,0.17
5532,20260924,5.88,30.92,5.88,30.92,20260918,0.0,0.0
5533,20260924,71.25,11.02,71.24,11.01,20260918,0.01,0.01
5534,20260924,58.78,24.64,58.86,24.65,20260918,-0.08,-0.01
5536,20260924,35.69,27.47,35.82,26.74,20260918,-0.13,0.73
5538,20260924,92.45,3.44,92.45,3.44,20260918,0.0,0.0
5541,20260924,76.05,2.81,76.05,2.81,20260918,0.0,0.0
5543,20260924,50.36,11.36,50.34,11.4,20260918,0.02,-0.04
5546,20260924,76.12,7.71,76.1,7.58,20260918,0.02,0.13
5547,20260924,58.82,17.75,58.82,17.79,20260918,0.0,-0.04
5548,20260924,58.19,22.58,58.19,22.6,20260918,0.0,-0.02
5601,20260924,47.23,9.58,47.23,9.58,20260918,0.0,0.0
5603,20260924,49.76,36.6,49.79,36.58,20260918,-0.03,0.02
5604,20260924,52.84,18.24,52.82,18.22,20260918,0.02,0.02
5607,20260924,70.36,16.06,70.48,16.07,20260918,-0.12,-0.01
5608,20260924,25.6,59.88,24.73,60.55,20260918,0.87,-0.67
5609,20260924,46.35,38.76,46.28,38.62,20260918,0.07,0.14
5701,20260924,49.16,34.4,49.24,34.41,20260918,-0.08,-0.01
5702,20260924,0.0,91.14,0.0,91.14,20260918,0.0,0.0
5703,20260924,83.83,7.33,83.83,7.33,20260918,0.0,0.0
5704,20260924,79.45,14.14,79.45,14.2,20260918,0.0,-0.06
5706,20260924,34.27,53.63,34.27,53.79,20260918,0.0,-0.16
5810,20260924,69.02,20.56,69.02,20.56,20260918,0.0,0.0
5848,20260924,100.0,0.0,100.0,0.0,20260918,0.0,0.0
5859,20260924,96.13,1.69,96.13,1.7,20260918,0.0,-0.01
5863,20260924,77.08,12.16,77.08,12.21,20260918,0.0,-0.05
5864,20260924,60.25,20.17,60.77,20.27,20260918,-0.52,-0.1
5867,20260924,100.0,0.0,100.0,0.0,20260918,0.0,0.0
5871,20260924,64.22,22.92,64.84,22.36,20260918,-0.62,0.56
5876,20260924,83.33,4.64,83.38,4.66,20260918,-0.05,-0.02
5878,20260924,54.26,22.4,54.25,22.48,20260918,0.01,-0.08
5880,20260924,71.43,16.33,71.46,16.33,20260918,-0.03,0.0
5901,20260924,77.87,13.27,77.87,13.27,20260918,0.0,0.0
5902,20260924,81.6,9.78,81.34,9.6,20260918,0.26,0.18
5903,20260924,88.19,7.15,88.19,7.16,20260918,0.0,-0.01
5904,20260924,75.45,16.87,75.44,16.56,20260918,0.01,0.31
5905,20260924,40.55,40.86,40.56,40.88,20260918,-0.01,-0.02
5906,20260924,82.46,6.35,82.47,6.37,20260918,-0.01,-0.02
5907,20260924,63.56,20.27,64.12,20.3,20260918,-0.56,-0.03
6005,20260924,67.02,22.13,66.88,22.3,20260918,0.14,-0.17
6015,20260924,44.78,34.67,44.28,34.97,20260918,0.5,-0.3
6016,20260924,45.22,34.03,45.04,34.24,20260918,0.18,-0.21
6020,20260924,96.26,2.19,96.26,2.18,20260918,0.0,0.01
6021,20260924,87.24,5.25,86.97,5.32,20260918,0.27,-0.07
6023,20260924,81.06,11.5,80.96,11.55,20260918,0.1,-0.05
6024,20260924,65.27,23.93,65.6,23.97,20260918,-0.33,-0.04
6026,20260924,42.46,33.79,41.56,34.16,20260918,0.9,-0.37
6027,20260924,93.73,2.27,93.72,2.34,20260918,0.01,-0.07
6028,20260924,50.64,19.49,50.64,19.48,20260918,0.0,0.01
6030,20260924,100.0,0.0,100.0,0.0,20260918,0.0,0.0
6031,20260924,100.0,0.0,100.0,0.0,20260918,0.0,0.0
6035,20260924,83.85,3.94,83.85,3.79,20260918,0.0,0.15
6038,20260924,100.0,0.0,100.0,0.0,20260918,0.0,0.0
6039,20260924,100.0,0.0,100.0,0.0,20260918,0.0,0.0
6040,20260924,100.0,0.0,100.0,0.0,20260918,0.0,0.0
6101,20260924,78.82,8.1,78.64,8.04,20260918,0.18,0.06
6103,20260924,83.83,8.33,83.83,7.52,20260918,0.0,0.81
6104,20260924,10.97,69.59,12.26,69.23,20260918,-1.29,0.36
6107,20260924,34.7,43.33,34.7,43.33,20260918,0.0,0.0
6108,20260924,47.97,30.73,49.33,30.8,20260918,-1.36,-0.07
6109,20260924,36.6,33.65,36.59,33.72,20260918,0.01,-0.07
6110,20260924,7.19,51.7,7.19,51.71,20260918,0.0,-0.01
6111,20260924,40.61,46.09,40.57,46.49,20260918,0.04,-0.4
6112,20260924,55.64,35.69,55.63,36.01,20260918,0.01,-0.32
6113,20260924,52.17,36.49,52.17,36.42,20260918,0.0,0.07
6114,20260924,65.48,19.95,65.48,19.95,20260918,0.0,0.0
6115,20260924,56.04,32.61,56.05,32.7,20260918,-0.01,-0.09
6116,20260924,40.93,49.92,40.49,50.31,20260918,0.44,-0.39
6117,20260924,49.93,37.77,49.94,37.68,20260918,-0.01,0.09
6118,20260924,51.7,36.05,51.7,36.84,20260918,0.0,-0.79
6120,20260924,55.43,31.53,55.29,31.23,20260918,0.14,0.3
6121,20260924,48.41,20.77,48.33,20.42,20260918,0.08,0.35
6122,20260924,23.14,53.89,23.04,55.74,20260918,0.1,-1.85
6123,20260924,33.34,43.92,33.34,43.92,20260918,0.0,0.0
6124,20260924,92.35,5.9,92.35,5.93,20260918,0.0,-0.03
6125,20260924,30.69,58.8,30.62,58.9,20260918,0.07,-0.1
6126,20260924,32.56,52.18,32.47,52.6,20260918,0.09,-0.42
6127,20260924,17.76,70.24,16.65,71.04,20260918,1.11,-0.8
6128,20260924,54.75,28.18,54.75,28.17,20260918,0.0,0.01
6129,20260924,13.59,74.02,12.85,74.07,20260918,0.74,-0.05
6130,20260924,48.98,23.53,48.99,23.53,20260918,-0.01,0.0
6131,20260924,29.63,39.83,29.63,39.83,20260918,0.0,0.0
6132,20260924,15.68,42.27,15.68,42.27,20260918,0.0,0.0
6133,20260924,46.87,39.15,42.96,40.24,20260918,3.91,-1.09
6134,20260924,48.46,37.34,48.45,37.29,20260918,0.01,0.05
6135,20260924,34.32,45.72,34.27,45.77,20260918,0.05,-0.05
6136,20260924,34.75,40.99,34.69,41.17,20260918,0.06,-0.18
6137,20260924,26.71,43.34,26.71,43.34,20260918,0.0,0.0
6138,20260924,33.96,42.21,33.96,42.41,20260918,0.0,-0.2
6139,20260924,51.36,28.2,51.72,27.99,20260918,-0.36,0.21
6140,20260924,34.47,47.59,34.47,47.9,20260918,0.0,-0.31
6141,20260924,39.04,40.23,38.46,39.17,20260918,0.58,1.06
6142,20260924,51.54,29.44,51.55,29.62,20260918,-0.01,-0.18
6143,20260924,17.65,66.04,17.65,65.77,20260918,0.0,0.27
6144,20260924,89.54,9.18,89.54,9.16,20260918,0.0,0.02
6146,20260924,41.84,30.19,41.82,29.89,20260918,0.02,0.3
6147,20260924,60.65,30.5,60.64,30.09,20260918,0.01,0.41
6148,20260924,33.68,53.67,33.68,52.96,20260918,0.0,0.71
6149,20260924,35.09,46.94,35.09,46.94,20260918,0.0,0.0
6150,20260924,12.01,73.75,12.01,74.31,20260918,0.0,-0.56
6151,20260924,20.53,47.39,22.5,47.33,20260918,-1.97,0.06
6152,20260924,16.48,59.78,16.52,60.1,20260918,-0.04,-0.32
6153,20260924,40.83,42.15,40.76,42.11,20260918,0.07,0.04
6154,20260924,54.44,27.99,54.44,27.91,20260918,0.0,0.08
6155,20260924,48.63,40.4,48.65,40.82,20260918,-0.02,-0.42
6156,20260924,32.81,47.14,32.83,47.13,20260918,-0.02,0.01
6158,20260924,32.86,43.1,32.85,43.33,20260918,0.01,-0.23
6160,20260924,29.99,51.19,29.99,51.33,20260918,0.0,-0.14
6161,20260924,35.28,48.34,35.28,48.5,20260918,0.0,-0.16
6162,20260924,43.9,33.76,43.9,33.76,20260918,0.0,0.0
6163,20260924,35.16,46.42,35.21,46.53,20260918,-0.05,-0.11
6164,20260924,14.76,60.18,14.76,60.03,20260918,0.0,0.15
6165,20260924,38.06,34.77,38.38,35.42,20260918,-0.32,-0.65
6166,20260924,66.22,17.5,65.94,18.02,20260918,0.28,-0.52
6167,20260924,37.24,42.48,36.49,42.62,20260918,0.75,-0.14
6168,20260924,53.18,37.97,49.12,41.16,20260918,4.06,-3.19
6169,20260924,26.44,59.47,26.44,59.51,20260918,0.0,-0.04
6170,20260924,55.07,33.7,54.92,33.6,20260918,0.15,0.1
6171,20260924,78.37,8.85,78.37,8.73,20260918,0.0,0.12
6172,20260924,85.37,7.75,85.37,7.75,20260918,0.0,0.0
6173,20260924,58.4,30.28,58.98,30.26,20260918,-0.58,0.02
6174,20260924,56.73,31.83,56.73,32.45,20260918,0.0,-0.62
6175,20260924,57.95,34.3,57.4,34.43,20260918,0.55,-0.13
6176,20260924,33.52,45.47,34.02,45.45,20260918,-0.5,0.02
6177,20260924,67.84,15.42,67.61,15.44,20260918,0.23,-0.02
6179,20260924,33.99,42.47,40.35,37.21,20260918,-6.36,5.26
6180,20260924,46.55,43.77,46.53,43.93,20260918,0.02,-0.16
6181,20260924,7.17,64.41,7.17,64.41,20260918,0.0,0.0
6182,20260924,23.35,66.38,22.9,67.6,20260918,0.45,-1.22
6183,20260924,71.05,13.78,71.05,13.81,20260918,0.0,-0.03
6184,20260924,67.84,20.17,67.84,19.9,20260918,0.0,0.27
6185,20260924,37.53,35.61,37.53,35.53,20260918,0.0,0.08
6186,20260924,48.77,35.43,48.62,35.47,20260918,0.15,-0.04
6187,20260924,31.56,29.65,30.64,28.86,20260918,0.92,0.79
6188,20260924,36.58,49.89,36.84,49.88,20260918,-0.26,0.01
6189,20260924,24.87,55.54,24.45,55.92,20260918,0.42,-0.38
6190,20260924,26.3,55.91,26.9,55.7,20260918,-0.6,0.21
6191,20260924,53.54,35.77,53.4,35.87,20260918,0.14,-0.1
6192,20260924,45.52,28.81,45.52,28.86,20260918,0.0,-0.05
6193,20260924,56.69,31.6,56.69,31.6,20260918,0.0,0.0
6194,20260924,37.09,28.14,39.23,28.14,20260918,-2.14,0.0
6195,20260924,52.4,39.8,52.4,40.09,20260918,0.0,-0.29
6196,20260924,65.86,20.15,65.84,20.3,20260918,0.02,-0.15
6197,20260924,36.59,47.94,35.79,48.15,20260918,0.8,-0.21
6198,20260924,93.58,4.07,93.58,4.08,20260918,0.0,-0.01
6199,20260924,77.81,7.9,79.08,10.09,20260918,-1.27,-2.19
6201,20260924,61.43,24.91,61.43,24.89,20260918,0.0,0.02
6202,20260924,35.31,49.86,34.46,50.18,20260918,0.85,-0.32
6203,20260924,52.21,36.68,52.21,36.57,20260918,0.0,0.11
6204,20260924,25.64,66.77,25.64,66.53,20260918,0.0,0.24
6205,20260924,39.45,43.03,39.45,44.55,20260918,0.0,-1.52
6206,20260924,45.4,33.95,45.46,33.82,20260918,-0.06,0.13
6207,20260924,7.86,76.77,7.86,75.61,20260918,0.0,1.16
6208,20260924,52.1,29.39,52.09,29.31,20260918,0.01,0.08
6209,20260924,29.98,55.78,30.01,55.8,20260918,-0.03,-0.02
6210,20260924,36.44,33.81,36.44,33.84,20260918,0.0,-0.03
6212,20260924,86.12,3.68,86.12,3.71,20260918,0.0,-0.03
6213,20260924,58.33,25.48,55.69,27.74,20260918,2.64,-2.26
6214,20260924,60.32,25.07,60.27,25.85,20260918,0.05,-0.78
6215,20260924,26.4,60.33,26.4,60.57,20260918,0.0,-0.24
6216,20260924,29.95,52.22,29.96,52.23,20260918,-0.01,-0.01
6217,20260924,16.12,69.1,16.07,68.2,20260918,0.05,0.9
6218,20260924,40.77,34.97,42.17,34.53,20260918,-1.4,0.44
6219,20260924,67.29,20.57,67.28,20.5,20260918,0.01,0.07
6220,20260924,53.5,22.9,53.65,22.8,20260918,-0.15,0.1
6221,20260924,72.32,18.84,72.35,18.71,20260918,-0.03,0.13
6222,20260924,84.51,7.41,84.51,7.42,20260918,0.0,-0.01
6223,20260924,38.55,29.78,38.82,29.58,20260918,-0.27,0.2
6224,20260924,28.28,43.78,28.93,44.0,20260918,-0.65,-0.22
6225,20260924,35.44,24.01,62.15,19.75,20260918,-26.71,4.26
6226,20260924,24.96,59.26,24.98,56.92,20260918,-0.02,2.34
6227,20260924,67.6,21.66,67.6,21.35,20260918,0.0,0.31
6228,20260924,78.04,14.11,75.5,15.74,20260918,2.54,-1.63
6229,20260924,32.8,48.77,32.8,48.56,20260918,0.0,0.21
6230,20260924,87.81,10.92,87.81,11.05,20260918,0.0,-0.13
6231,20260924,25.49,54.03,25.31,54.58,20260918,0.18,-0.55
6232,20260924,13.47,63.71,13.45,63.73,20260918,0.02,-0.02
6233,20260924,18.73,62.0,18.73,62.11,20260918,0.0,-0.11
6234,20260924,51.28,39.63,50.22,39.89,20260918,1.06,-0.26
6235,20260924,35.51,51.21,35.47,51.65,20260918,0.04,-0.44
6236,20260924,87.98,5.52,87.98,5.52,20260918,0.0,0.0
6237,20260924,12.7,73.03,12.7,73.28,20260918,0.0,-0.25
6239,20260924,57.1,31.45,56.13,32.34,20260918,0.97,-0.89
6240,20260924,70.93,9.44,70.93,9.49,20260918,0.0,-0.05
6241,20260924,52.92,33.57,52.92,33.38,20260918,0.0,0.19
6242,20260924,55.47,26.02,55.47,26.03,20260918,0.0,-0.01
6243,20260924,17.67,72.5,17.67,73.27,20260918,0.0,-0.77
6244,20260924,25.62,57.55,26.23,57.3,20260918,-0.61,0.25
6245,20260924,42.0,40.19,41.6,40.6,20260918,0.4,-0.41
6246,20260924,53.99,27.92,53.99,27.96,20260918,0.0,-0.04
6248,20260924,43.6,40.24,43.62,40.34,20260918,-0.02,-0.1
6249,20260924,0.0,55.6,0.0,55.6,20260918,0.0,0.0
6250,20260924,67.95,21.1,67.95,21.11,20260918,0.0,-0.01
6252,20260924,0.0,41.67,0.0,41.67,20260918,0.0,0.0
6253,20260924,0.0,69.18,0.0,69.18,20260918,0.0,0.0
6254,20260924,36.43,22.16,36.43,22.16,20260918,0.0,0.0
6256,20260924,0.0,94.31,0.0,94.31,20260918,0.0,0.0
6257,20260924,42.8,37.6,37.89,42.39,20260918,4.91,-4.79
6258,20260924,0.0,99.98,0.0,99.98,20260918,0.0,0.0
6259,20260924,41.09,47.44,41.09,48.52,20260918,0.0,-1.08
6261,20260924,31.63,51.91,30.67,52.09,20260918,0.96,-0.18
6262,20260924,16.81,54.41,16.81,54.41,20260918,0.0,0.0
6263,20260924,40.96,45.16,40.96,45.24,20260918,0.0,-0.08
6264,20260924,67.51,16.41,67.49,16.47,20260918,0.02,-0.06
6265,20260924,36.7,46.83,37.61,46.16,20260918,-0.91,0.67
6266,20260924,31.6,47.66,31.6,47.67,20260918,0.0,-0.01
6267,20260924,0.0,99.98,0.0,99.98,20260918,0.0,0.0
6268,20260924,0.0,100.0,0.0,100.0,20260918,0.0,0.0
6269,20260924,24.18,58.39,25.29,57.6,20260918,-1.11,0.79
6270,20260924,36.56,50.09,36.56,50.26,20260918,0.0,-0.17
6271,20260924,40.8,40.89,40.38,41.43,20260918,0.42,-0.54
6272,20260924,34.8,36.19,34.8,36.29,20260918,0.0,-0.1
6274,20260924,53.4,27.21,53.87,27.45,20260918,-0.47,-0.24
6275,20260924,23.41,61.25,23.41,61.69,20260918,0.0,-0.44
6276,20260924,48.81,46.56,48.78,46.57,20260918,0.03,-0.01
6277,20260924,43.69,34.35,43.65,34.23,20260918,0.04,0.12
6278,20260924,54.04,27.49,52.11,29.37,20260918,1.93,-1.88
6279,20260924,38.75,40.92,38.66,40.89,20260918,0.09,0.03
6280,20260924,99.95,0.04,99.95,0.04,20260918,0.0,0.0
6281,20260924,43.58,33.45,43.58,33.55,20260918,0.0,-0.1
6282,20260924,36.81,53.04,36.9,52.77,20260918,-0.09,0.27
6283,20260924,57.39,28.21,57.4,28.1,20260918,-0.01,0.11
6284,20260924,45.61,44.4,45.62,44.53,20260918,-0.01,-0.13
6285,20260924,56.1,29.6,56.23,29.62,20260918,-0.13,-0.02
6287,20260924,93.08,4.62,93.08,4.62,20260918,0.0,0.0
6289,20260924,0.0,67.62,0.0,67.62,20260918,0.0,0.0
6290,20260924,29.92,50.42,28.95,51.79,20260918,0.97,-1.37
6291,20260924,62.85,26.36,62.85,25.02,20260918,0.0,1.34
6292,20260924,39.72,42.05,39.72,42.84,20260918,0.0,-0.79
6293,20260924,0.0,99.99,0.0,99.99,20260918,0.0,0.0
6294,20260924,33.46,54.08,33.46,54.07,20260918,0.0,0.01
6295,20260924,0.0,69.69,0.0,69.69,20260918,0.0,0.0
6296,20260924,0.0,99.98,0.0,99.98,20260918,0.0,0.0
6297,20260924,99.9,0.08,99.9,0.08,20260918,0.0,0.0
6299,20260924,98.35,1.61,98.35,1.61,20260918,0.0,0.0
6402,20260924,48.9,20.82,48.9,20.82,20260918,0.0,0.0
6403,20260924,41.54,40.82,41.54,40.82,20260918,0.0,0.0
6404,20260924,63.49,25.61,63.48,25.63,20260918,0.01,-0.02
6405,20260924,36.91,34.25,37.41,33.92,20260918,-0.5,0.33
6406,20260924,53.35,23.25,53.35,23.25,20260918,0.0,0.0
6407,20260924,30.2,44.18,30.16,44.26,20260918,0.04,-0.08
6409,20260924,53.34,19.96,53.3,20.3,20260918,0.04,-0.34
6411,20260924,21.78,51.73,21.8,51.83,20260918,-0.02,-0.1
6412,20260924,74.26,17.64,74.21,17.59,20260918,0.05,0.05
6414,20260924,48.06,24.87,48.28,24.74,20260918,-0.22,0.13
6415,20260924,65.02,10.14,65.12,10.33,20260918,-0.1,-0.19
6416,20260924,38.41,36.82,37.88,37.4,20260918,0.53,-0.58
6417,20260924,54.18,14.75,54.18,14.83,20260918,0.0,-0.08
6418,20260924,52.61,27.83,52.61,28.24,20260918,0.0,-0.41
6419,20260924,32.17,53.33,32.17,52.5,20260918,0.0,0.83
6423,20260924,23.06,41.14,23.04,41.63,20260918,0.02,-0.49
6425,20260924,34.27,48.78,34.27,48.37,20260918,0.0,0.41
6426,20260924,38.38,30.8,38.79,31.04,20260918,-0.41,-0.24
6427,20260924,100.0,0.0,100.0,0.0,20260918,0.0,0.0
6428,20260924,89.36,5.72,89.36,5.7,20260918,0.0,0.02
6429,20260924,11.88,38.16,11.88,38.16,20260918,0.0,0.0
6431,20260924,65.33,16.75,65.33,16.56,20260918,0.0,0.19
6432,20260924,16.63,60.33,16.62,59.32,20260918,0.01,1.01
6434,20260924,83.98,12.21,83.97,12.23,20260918,0.01,-0.02
6435,20260924,48.4,39.94,48.37,40.97,20260918,0.03,-1.03
6436,20260924,98.56,1.41,98.56,1.41,20260918,0.0,0.0
6437,20260924,40.87,18.17,40.87,18.18,20260918,0.0,-0.01
6438,20260924,21.79,54.16,21.78,54.54,20260918,0.01,-0.38
6441,20260924,41.86,46.52,41.86,46.52,20260918,0.0,0.0
6442,20260924,36.79,32.39,37.99,31.39,20260918,-1.2,1.0
6443,20260924,12.85,78.83,13.27,77.49,20260918,-0.42,1.34
6446,20260924,42.07,29.67,42.44,29.19,20260918,-0.37,0.48
6449,20260924,60.87,22.43,62.0,22.0,20260918,-1.13,0.43
6451,20260924,59.72,29.27,59.72,29.3,20260918,0.0,-0.03
6452,20260924,30.51,48.9,30.51,48.9,20260918,0.0,0.0
6453,20260924,0.0,90.7,0.0,90.7,20260918,0.0,0.0
6455,20260924,51.48,13.95,51.48,13.95,20260918,0.0,0.0
6456,20260924,50.32,37.76,45.79,41.94,20260918,4.53,-4.18
6458,20260924,63.74,24.64,63.74,24.64,20260918,0.0,0.0
6461,20260924,53.67,26.74,52.73,26.76,20260918,0.94,-0.02
6462,20260924,20.51,58.95,20.62,59.0,20260918,-0.11,-0.05
6464,20260924,79.71,6.72,79.66,6.75,20260918,0.05,-0.03
6465,20260924,55.17,23.95,55.17,23.63,20260918,0.0,0.32
6467,20260924,21.86,52.98,21.86,51.63,20260918,0.0,1.35
6468,20260924,98.55,1.42,98.55,1.42,20260918,0.0,0.0
6469,20260924,40.83,43.94,40.8,44.07,20260918,0.03,-0.13
6470,20260924,40.01,53.7,40.01,53.67,20260918,0.0,0.03
6471,20260924,0.0,99.96,0.0,99.96,20260918,0.0,0.0
6472,20260924,45.47,36.02,45.53,36.51,20260918,-0.06,-0.49
6473,20260924,64.64,10.84,64.55,10.75,20260918,0.09,0.09
6474,20260924,44.6,17.1,44.6,17.08,20260918,0.0,0.02
6475,20260924,56.66,17.26,56.66,17.26,20260918,0.0,0.0
6477,20260924,35.94,50.61,37.23,50.64,20260918,-1.29,-0.03
6479,20260924,79.32,6.66,79.32,6.66,20260918,0.0,0.0
6481,20260924,91.6,2.67,91.6,2.67,20260918,0.0,0.0
6482,20260924,65.78,27.74,65.78,27.73,20260918,0.0,0.01
6483,20260924,18.76,30.52,18.76,30.32,20260918,0.0,0.2
6484,20260924,100.0,0.0,100.0,0.0,20260918,0.0,0.0
6485,20260924,19.1,60.96,19.1,60.6,20260918,0.0,0.36
6486,20260924,40.53,46.66,40.5,46.79,20260918,0.03,-0.13
6488,20260924,71.08,15.59,69.14,15.97,20260918,1.94,-0.38
6489,20260924,36.92,15.71,36.92,15.71,20260918,0.0,0.0
6490,20260924,64.16,14.48,64.16,14.48,20260918,0.0,0.0
6491,20260924,52.41,23.75,52.2,24.43,20260918,0.21,-0.68
6492,20260924,33.06,46.55,34.02,46.47,20260918,-0.96,0.08
6493,20260924,80.37,13.67,80.37,13.83,20260918,0.0,-0.16
6494,20260924,5.22,65.6,5.22,66.18,20260918,0.0,-0.58
6495,20260924,43.12,30.64,43.12,30.64,20260918,0.0,0.0
6496,20260924,62.53,29.72,62.53,29.71,20260918,0.0,0.01
6497,20260924,96.46,2.47,96.46,2.47,20260918,0.0,0.0
6498,20260924,54.73,23.0,54.69,22.98,20260918,0.04,0.02
6499,20260924,36.07,41.25,36.27,41.69,20260918,-0.2,-0.44
6502,20260924,90.96,5.43,90.96,5.43,20260918,0.0,0.0
6503,20260924,80.41,8.81,80.41,8.81,20260918,0.0,0.0
6504,20260924,64.57,22.87,64.54,22.9,20260918,0.03,-0.03
6505,20260924,95.53,3.19,95.45,3.29,20260918,0.08,-0.1
6506,20260924,44.03,24.05,44.06,24.09,20260918,-0.03,-0.04
6508,20260924,61.05,33.33,59.77,33.99,20260918,1.28,-0.66
6509,20260924,28.97,50.08,28.52,50.49,20260918,0.45,-0.41
6510,20260924,42.44,29.15,43.97,27.65,20260918,-1.53,1.5
6511,20260924,57.36,15.84,57.36,15.84,20260918,0.0,0.0
6512,20260924,17.69,32.36,17.69,32.35,20260918,0.0,0.01
6515,20260924,35.84,32.33,36.3,30.81,20260918,-0.46,1.52
6516,20260924,43.18,31.21,43.18,31.3,20260918,0.0,-0.09
6517,20260924,17.96,65.67,17.96,65.78,20260918,0.0,-0.11
6518,20260924,74.1,10.63,74.1,10.67,20260918,0.0,-0.04
6523,20260924,61.69,32.3,61.69,32.34,20260918,0.0,-0.04
6525,20260924,58.82,24.25,59.06,24.44,20260918,-0.24,-0.19
6526,20260924,76.68,12.45,76.25,15.45,20260918,0.43,-3.0
6527,20260924,34.39,27.55,34.29,28.12,20260918,0.1,-0.57
6529,20260924,41.45,14.16,41.45,14.16,20260918,0.0,0.0
6530,20260924,8.93,69.24,8.93,69.25,20260918,0.0,-0.01
6531,20260924,53.35,21.74,51.81,22.35,20260918,1.54,-0.61
6532,20260924,18.46,47.37,18.46,48.28,20260918,0.0,-0.91
6533,20260924,15.55,65.63,15.87,68.18,20260918,-0.32,-2.55
6534,20260924,76.76,10.09,76.76,10.2,20260918,0.0,-0.11
6535,20260924,56.02,24.01,55.97,24.09,20260918,0.05,-0.08
6538,20260924,23.78,28.42,23.61,28.59,20260918,0.17,-0.17
6539,20260924,75.51,7.97,75.51,7.96,20260918,0.0,0.01
6540,20260924,98.57,0.53,98.57,0.53,20260918,0.0,0.0
6541,20260924,65.47,21.5,65.58,21.57,20260918,-0.11,-0.07
6542,20260924,77.61,10.94,77.61,11.19,20260918,0.0,-0.25
6543,20260924,49.8,12.14,49.8,12.15,20260918,0.0,-0.01
6545,20260924,37.79,43.97,37.79,43.97,20260918,0.0,0.0
6546,20260924,29.91,48.29,29.91,48.28,20260918,0.0,0.01
6547,20260924,28.51,46.21,28.74,46.58,20260918,-0.23,-0.37
6548,20260924,84.87,9.83,85.04,9.86,20260918,-0.17,-0.03
6549,20260924,16.14,43.6,16.14,43.7,20260918,0.0,-0.1
6550,20260924,100.0,0.0,73.07,17.48,20260918,26.93,-17.48
6551,20260924,79.32,12.2,79.32,12.2,20260918,0.0,0.0
6552,20260924,55.76,34.91,55.76,35.08,20260918,0.0,-0.17
6555,20260924,64.58,21.33,64.58,21.33,20260918,0.0,0.0
6556,20260924,63.68,14.81,63.65,14.85,20260918,0.03,-0.04
6558,20260924,38.61,52.19,38.61,52.22,20260918,0.0,-0.03
6559,20260924,31.62,36.95,31.62,36.95,20260918,0.0,0.0
6560,20260924,34.31,40.77,32.29,42.46,20260918,2.02,-1.69
6561,20260924,70.04,19.86,70.07,20.11,20260918,-0.03,-0.25
6562,20260924,50.33,36.38,50.33,36.38,20260918,0.0,0.0
6563,20260924,10.33,35.82,10.33,35.23,20260918,0.0,0.59
6564,20260924,60.98,27.04,59.59,27.09,20260918,1.39,-0.05
6565,20260924,28.73,28.85,28.73,29.1,20260918,0.0,-0.25
6566,20260924,79.36,8.85,79.36,8.85,20260918,0.0,0.0
6567,20260924,80.22,6.46,80.22,6.46,20260918,0.0,0.0
6568,20260924,29.94,42.24,29.94,42.25,20260918,0.0,-0.01
6569,20260924,60.79,24.15,60.79,24.08,20260918,0.0,0.07
6570,20260924,29.84,40.69,29.84,40.28,20260918,0.0,0.41
6572,20260924,64.99,22.87,64.99,22.99,20260918,0.0,-0.12
6573,20260924,59.22,30.61,59.23,30.64,20260918,-0.01,-0.03
6574,20260924,75.44,16.02,75.44,15.66,20260918,0.0,0.36
6575,20260924,51.06,31.22,51.06,31.22,20260918,0.0,0.0
6576,20260924,60.69,21.86,60.81,21.77,20260918,-0.12,0.09
6577,20260924,68.34,20.24,68.34,20.3,20260918,0.0,-0.06
6578,20260924,58.84,25.84,57.44,25.77,20260918,1.4,0.07
6579,20260924,82.48,11.68,82.48,11.74,20260918,0.0,-0.06
6580,20260924,44.48,26.74,44.53,26.5,20260918,-0.05,0.24
6581,20260924,86.88,6.4,86.88,6.48,20260918,0.0,-0.08
6582,20260924,71.21,20.0,71.21,20.06,20260918,0.0,-0.06
6583,20260924,53.46,8.48,53.46,8.48,20260918,0.0,0.0
6584,20260924,62.69,19.48,62.72,19.32,20260918,-0.03,0.16
6585,20260924,72.39,18.18,72.39,18.07,20260918,0.0,0.11
6586,20260924,56.11,27.26,56.11,27.23,20260918,0.0,0.03
6587,20260924,100.0,0.0,100.0,0.0,20260918,0.0,0.0
6588,20260924,18.13,62.41,18.13,60.72,20260918,0.0,1.69
6589,20260924,51.37,31.34,50.25,31.64,20260918,1.12,-0.3
6590,20260924,28.77,28.76,28.77,28.7,20260918,0.0,0.06
6591,20260924,20.08,64.02,20.08,63.8,20260918,0.0,0.22
6592,20260924,75.68,16.23,75.7,15.99,20260918,-0.02,0.24
6593,20260924,29.86,49.14,29.85,49.13,20260918,0.01,0.01
6595,20260924,57.3,7.56,57.3,7.58,20260918,0.0,-0.02
6596,20260924,22.73,63.91,22.73,63.96,20260918,0.0,-0.05
6597,20260924,72.45,10.92,72.45,11.01,20260918,0.0,-0.09
6598,20260924,37.25,29.38,37.26,29.41,20260918,-0.01,-0.03
6599,20260924,71.03,11.51,71.03,11.46,20260918,0.0,0.05
6601,20260924,84.46,6.94,84.46,6.94,20260918,0.0,0.0
6602,20260924,0.0,99.95,0.0,99.95,20260918,0.0,0.0
6603,20260924,38.26,33.42,39.04,33.02,20260918,-0.78,0.4
6604,20260924,78.32,10.81,78.45,10.62,20260918,-0.13,0.19
6605,20260924,58.43,23.83,58.37,23.99,20260918,0.06,-0.16
6606,20260924,61.07,16.81,61.06,16.68,20260918,0.01,0.13
6607,20260924,76.22,7.93,76.22,7.93,20260918,0.0,0.0
6608,20260924,93.72,3.17,93.72,3.17,20260918,0.0,0.0
6609,20260924,55.79,35.19,55.77,35.46,20260918,0.02,-0.27
6610,20260924,78.99,12.88,79.01,12.96,20260918,-0.02,-0.08
6611,20260924,91.68,8.3,91.68,8.3,20260918,0.0,0.0
6612,20260924,48.6,21.93,44.56,23.26,20260918,4.04,-1.33
6613,20260924,55.52,32.84,55.52,33.36,20260918,0.0,-0.52
6614,20260924,73.63,19.42,73.63,19.41,20260918,0.0,0.01
6615,20260924,35.88,41.54,35.88,41.53,20260918,0.0,0.01
6616,20260924,53.92,25.82,53.92,25.88,20260918,0.0,-0.06
6617,20260924,59.79,22.86,59.79,23.04,20260918,0.0,-0.18
6618,20260924,14.16,50.34,17.46,50.36,20260918,-3.3,-0.02
6620,20260924,50.58,24.86,50.19,24.46,20260918,0.39,0.4
6621,20260924,23.52,42.33,23.52,42.29,20260918,0.0,0.04
6622,20260924,53.38,14.46,53.34,14.16,20260918,0.04,0.3
6624,20260924,59.54,15.69,59.54,15.71,20260918,0.0,-0.02
6625,20260924,44.07,38.54,44.07,38.19,20260918,0.0,0.35
6626,20260924,59.56,15.3,59.56,15.3,20260918,0.0,0.0
6627,20260924,65.81,7.09,65.81,7.09,20260918,0.0,0.0
6629,20260924,80.01,7.83,79.95,7.93,20260918,0.06,-0.1
6633,20260924,95.66,4.32,95.66,4.32,20260918,0.0,0.0
6634,20260924,51.25,22.25,51.25,22.37,20260918,0.0,-0.12
6635,20260924,100.0,0.0,100.0,0.0,20260918,0.0,0.0
6637,20260924,53.8,34.3,53.8,34.31,20260918,0.0,-0.01
6638,20260924,56.74,20.9,56.74,20.94,20260918,0.0,-0.04
6639,20260924,58.98,13.24,59.55,12.64,20260918,-0.57,0.6
6640,20260924,63.77,27.07,63.77,26.2,20260918,0.0,0.87
6641,20260924,49.83,23.23,49.83,23.24,20260918,0.0,-0.01
6642,20260924,46.24,25.71,46.24,25.94,20260918,0.0,-0.23
6643,20260924,33.36,53.9,33.41,52.9,20260918,-0.05,1.0
6645,20260924,26.16,38.52,26.16,38.54,20260918,0.0,-0.02
6648,20260924,54.02,22.13,54.02,22.32,20260918,0.0,-0.19
6649,20260924,35.26,25.35,35.26,25.48,20260918,0.0,-0.13
6650,20260924,61.87,7.82,61.87,7.83,20260918,0.0,-0.01
6651,20260924,32.41,26.04,32.44,26.63,20260918,-0.03,-0.59
6652,20260924,69.5,10.53,69.5,10.53,20260918,0.0,0.0
6653,20260924,95.45,2.3,95.45,2.3,20260918,0.0,0.0
6654,20260924,71.17,11.13,71.17,11.17,20260918,0.0,-0.04
6655,20260924,76.45,6.84,76.44,6.84,20260918,0.01,0.0
6656,20260924,82.4,2.61,82.4,2.61,20260918,0.0,0.0
6657,20260924,21.76,44.24,21.76,44.36,20260918,0.0,-0.12
6658,20260924,31.5,44.17,31.49,44.24,20260918,0.01,-0.07
6659,20260924,70.68,9.67,70.62,9.72,20260918,0.06,-0.05
6660,20260924,100.0,0.0,100.0,0.0,20260918,0.0,0.0
6661,20260924,61.91,21.72,61.9,21.73,20260918,0.01,-0.01
6662,20260924,40.18,28.39,40.18,28.39,20260918,0.0,0.0
6664,20260924,36.54,35.54,36.54,35.65,20260918,0.0,-0.11
6665,20260924,59.37,24.64,59.37,24.66,20260918,0.0,-0.02
6666,20260924,77.96,16.17,77.96,16.18,20260918,0.0,-0.01
6667,20260924,44.14,43.15,50.43,40.11,20260918,-6.29,3.04
6668,20260924,51.39,36.17,52.32,36.34,20260918,-0.93,-0.17
6669,20260924,53.51,25.01,53.3,24.73,20260918,0.21,0.28
6670,20260924,65.64,11.76,65.51,11.78,20260918,0.13,-0.02
6671,20260924,56.6,13.82,56.6,13.84,20260918,0.0,-0.02
6672,20260924,20.72,56.61,17.61,58.86,20260918,3.11,-2.25
6673,20260924,25.42,61.87,25.42,61.9,20260918,0.0,-0.03
6674,20260924,78.37,13.19,81.38,12.06,20260918,-3.01,1.13
6676,20260924,55.07,22.9,55.07,22.81,20260918,0.0,0.09
6677,20260924,57.04,22.23,57.04,22.48,20260918,0.0,-0.25
6679,20260924,43.86,32.98,43.83,32.84,20260918,0.03,0.14
6680,20260924,63.64,13.92,63.64,13.94,20260918,0.0,-0.02
6681,20260924,0.0,100.0,0.0,100.0,20260918,0.0,0.0
6682,20260924,47.69,37.02,47.7,37.0,20260918,-0.01,0.02
6683,20260924,11.24,52.71,11.24,50.07,20260918,0.0,2.64
6684,20260924,31.51,55.03,31.51,55.62,20260918,0.0,-0.59
6688,20260924,49.8,13.3,49.8,13.3,20260918,0.0,0.0
6689,20260924,33.92,43.1,33.95,43.22,20260918,-0.03,-0.12
6690,20260924,59.71,35.51,59.73,35.44,20260918,-0.02,0.07
6691,20260924,57.07,20.75,54.27,21.56,20260918,2.8,-0.81
6692,20260924,61.92,17.45,61.91,17.47,20260918,0.01,-0.02
6693,20260924,31.39,36.23,31.39,38.18,20260918,0.0,-1.95
6695,20260924,45.33,38.32,45.07,39.08,20260918,0.26,-0.76
6696,20260924,52.22,20.84,52.27,20.85,20260918,-0.05,-0.01
6697,20260924,61.11,29.1,61.11,29.06,20260918,0.0,0.04
6698,20260924,31.07,47.3,31.08,47.47,20260918,-0.01,-0.17
6699,20260924,75.24,6.12,75.24,6.12,20260918,0.0,0.0
6701,20260924,97.98,1.61,97.98,1.61,20260918,0.0,0.0
6702,20260924,75.46,12.8,75.46,12.8,20260918,0.0,0.0
6703,20260924,38.72,40.88,38.72,41.15,20260918,0.0,-0.27
6704,20260924,32.36,32.95,32.39,33.04,20260918,-0.03,-0.09
6705,20260924,54.99,12.97,54.99,12.94,20260918,0.0,0.03
6706,20260924,15.36,60.67,15.35,60.92,20260918,0.01,-0.25
6707,20260924,71.73,14.3,71.73,14.33,20260918,0.0,-0.03
6708,20260924,42.81,34.21,42.81,34.24,20260918,0.0,-0.03
6709,20260924,53.13,20.25,53.12,20.27,20260918,0.01,-0.02
6712,20260924,31.09,44.88,31.11,45.27,20260918,-0.02,-0.39
6713,20260924,37.76,24.8,37.76,24.8,20260918,0.0,0.0
6715,20260924,65.62,13.21,65.47,13.81,20260918,0.15,-0.6
6716,20260924,22.18,33.79,22.24,33.45,20260918,-0.06,0.34
6717,20260924,56.28,14.58,56.28,14.58,20260918,0.0,0.0
6719,20260924,43.05,42.61,43.05,42.74,20260918,0.0,-0.13
6720,20260924,25.49,20.94,25.49,20.85,20260918,0.0,0.09
6721,20260924,37.77,28.44,37.77,28.43,20260918,0.0,0.01
6722,20260924,74.1,15.24,74.1,15.27,20260918,0.0,-0.03
6723,20260924,42.18,27.85,42.18,27.86,20260918,0.0,-0.01
6724,20260924,62.32,23.52,62.32,23.52,20260918,0.0,0.0
6725,20260924,58.66,27.75,58.66,27.73,20260918,0.0,0.02
6726,20260924,100.0,0.0,100.0,0.0,20260918,0.0,0.0
6727,20260924,4.47,50.41,4.8,47.2,20260918,-0.33,3.21
6728,20260924,59.01,27.27,59.01,27.34,20260918,0.0,-0.07
6729,20260924,31.19,28.89,31.19,28.95,20260918,0.0,-0.06
6730,20260924,60.56,14.4,60.56,14.42,20260918,0.0,-0.02
6731,20260924,99.44,0.54,99.44,0.54,20260918,0.0,0.0
6732,20260924,46.31,42.6,46.31,42.88,20260918,0.0,-0.28
6733,20260924,40.25,38.24,40.25,38.19,20260918,0.0,0.05
6734,20260924,46.05,28.51,46.05,28.59,20260918,0.0,-0.08
6735,20260924,35.59,34.2,35.59,34.36,20260918,0.0,-0.16
6736,20260924,93.39,6.59,93.39,6.59,20260918,0.0,0.0
6737,20260924,76.41,12.91,76.41,12.92,20260918,0.0,-0.01
6738,20260924,46.01,16.84,45.89,16.64,20260918,0.12,0.2
6739,20260924,48.11,32.97,48.11,32.94,20260918,0.0,0.03
6741,20260924,58.16,21.56,58.33,21.72,20260918,-0.17,-0.16
6742,20260924,25.94,49.69,25.94,49.23,20260918,0.0,0.46
6743,20260924,58.17,26.13,58.02,26.56,20260918,0.15,-0.43
6744,20260924,52.96,13.69,52.96,13.71,20260918,0.0,-0.02
6746,20260924,97.59,0.4,97.59,0.4,20260918,0.0,0.0
6748,20260924,26.79,47.36,26.77,47.62,20260918,0.02,-0.26
6749,20260924,100.0,0.0,100.0,0.0,20260918,0.0,0.0
6750,20260924,40.28,23.79,40.28,23.56,20260918,0.0,0.23
6751,20260924,56.93,29.45,56.93,29.51,20260918,0.0,-0.06
6752,20260924,21.07,29.21,21.07,29.19,20260918,0.0,0.02
6753,20260924,50.48,32.72,51.34,32.49,20260918,-0.86,0.23
6754,20260924,81.35,13.87,81.35,13.84,20260918,0.0,0.03
6755,20260924,40.99,21.17,40.99,21.06,20260918,0.0,0.11
6756,20260924,58.12,30.97,58.12,31.06,20260918,0.0,-0.09
6757,20260924,72.55,22.0,72.94,22.02,20260918,-0.39,-0.02
6758,20260924,74.89,9.22,74.89,9.23,20260918,0.0,-0.01
6760,20260924,100.0,0.0,100.0,0.0,20260918,0.0,0.0
6761,20260924,29.93,49.01,29.93,48.73,20260918,0.0,0.28
6762,20260924,61.86,11.07,61.86,11.08,20260918,0.0,-0.01
6763,20260924,57.3,34.04,57.3,34.09,20260918,0.0,-0.05
6764,20260924,98.27,1.69,98.27,1.69,20260918,0.0,0.0
6767,20260924,51.86,25.67,51.86,25.66,20260918,0.0,0.01
6768,20260924,76.25,13.8,76.18,13.75,20260918,0.07,0.05
6770,20260924,44.67,43.46,42.6,45.31,20260918,2.07,-1.85
6771,20260924,18.13,35.15,18.13,35.25,20260918,0.0,-0.1
6772,20260924,96.66,1.24,96.66,1.24,20260918,0.0,0.0
6775,20260924,56.44,22.7,56.44,22.51,20260918,0.0,0.19
6776,20260924,61.35,27.04,61.35,27.09,20260918,0.0,-0.05
6778,20260924,100.0,0.0,100.0,0.0,20260918,0.0,0.0
6779,20260924,100.0,0.0,100.0,0.0,20260918,0.0,0.0
6780,20260924,53.41,6.35,53.37,6.37,20260918,0.04,-0.02
6781,20260924,67.7,23.4,67.69,23.38,20260918,0.01,0.02
6782,20260924,35.39,24.88,35.54,25.11,20260918,-0.15,-0.23
6784,20260924,30.34,27.14,30.34,27.22,20260918,0.0,-0.08
6785,20260924,54.47,24.41,54.52,24.53,20260918,-0.05,-0.12
6786,20260924,0.0,70.28,0.0,70.33,20260918,0.0,-0.05
6787,20260924,9.84,55.76,9.83,55.82,20260918,0.01,-0.06
6788,20260924,14.22,62.67,14.22,62.11,20260918,0.0,0.56
6789,20260924,68.83,22.69,69.2,22.72,20260918,-0.37,-0.03
6790,20260924,75.33,16.45,75.33,16.41,20260918,0.0,0.04
6791,20260924,56.02,19.56,56.02,19.56,20260918,0.0,0.0
6792,20260924,48.08,33.66,48.08,33.68,20260918,0.0,-0.02
6793,20260924,22.4,39.78,22.4,40.12,20260918,0.0,-0.34
6794,20260924,67.16,10.45,67.21,10.39,20260918,-0.05,0.06
6796,20260924,33.96,33.62,33.96,33.84,20260918,0.0,-0.22
6797,20260924,29.99,43.09,29.99,42.77,20260918,0.0,0.32
6798,20260924,55.68,11.61,55.68,11.63,20260918,0.0,-0.02
6799,20260924,21.07,55.58,21.07,57.34,20260918,0.0,-1.76
6803,20260924,54.28,40.0,54.28,39.97,20260918,0.0,0.03
6804,20260924,47.17,24.06,47.17,24.01,20260918,0.0,0.05
6805,20260924,52.19,19.04,51.27,18.94,20260918,0.92,0.1
6806,20260924,58.45,34.75,58.45,34.75,20260918,0.0,0.0
6807,20260924,73.55,8.65,73.55,8.66,20260918,0.0,-0.01
6808,20260924,44.18,25.57,44.16,25.6,20260918,0.02,-0.03
6810,20260924,21.39,39.43,21.39,39.66,20260918,0.0,-0.23
6811,20260924,61.93,24.44,61.94,25.3,20260918,-0.01,-0.86
6812,20260924,26.29,43.04,26.29,43.05,20260918,0.0,-0.01
6813,20260924,48.86,23.93,48.86,23.93,20260918,0.0,0.0
6814,20260924,73.55,9.81,73.55,9.81,20260918,0.0,0.0
6815,20260924,49.84,19.01,49.84,19.29,20260918,0.0,-0.28
6816,20260924,61.98,21.15,61.98,21.16,20260918,0.0,-0.01
6817,20260924,54.89,30.04,54.89,30.06,20260918,0.0,-0.02
6818,20260924,55.9,23.6,55.91,23.59,20260918,-0.01,0.01
6819,20260924,40.84,23.37,41.13,23.18,20260918,-0.29,0.19
6820,20260924,71.82,17.91,71.9,17.86,20260918,-0.08,0.05
6821,20260924,39.68,36.54,39.67,36.97,20260918,0.01,-0.43
6822,20260924,100.0,0.0,100.0,0.0,20260918,0.0,0.0
6823,20260924,54.97,30.36,50.99,32.67,20260918,3.98,-2.31
6824,20260924,100.0,0.0,100.0,0.0,20260918,0.0,0.0
6825,20260924,65.89,11.46,61.71,13.03,20260918,4.18,-1.57
6826,20260924,68.07,19.34,68.07,19.34,20260918,0.0,0.0
6827,20260924,49.26,21.03,49.26,20.92,20260918,0.0,0.11
6829,20260924,63.0,26.94,63.0,26.2,20260918,0.0,0.74
6830,20260924,16.3,52.98,17.64,52.16,20260918,-1.34,0.82
6831,20260924,36.33,22.72,37.85,22.48,20260918,-1.52,0.24
6832,20260924,82.84,9.26,82.84,9.29,20260918,0.0,-0.03
6833,20260924,79.3,11.04,79.3,11.04,20260918,0.0,0.0
6834,20260924,48.6,30.07,47.8,30.85,20260918,0.8,-0.78
6835,20260924,68.83,14.69,68.85,14.71,20260918,-0.02,-0.02
6837,20260924,41.11,23.11,41.11,23.11,20260918,0.0,0.0
6838,20260924,54.11,25.82,54.11,25.85,20260918,0.0,-0.03
6839,20260924,74.33,6.7,74.27,6.79,20260918,0.06,-0.09
6840,20260924,37.34,28.27,37.6,29.47,20260918,-0.26,-1.2
6841,20260924,37.03,43.11,37.03,42.94,20260918,0.0,0.17
6842,20260924,31.73,40.63,27.41,40.85,20260918,4.32,-0.22
6843,20260924,55.9,18.23,55.9,18.22,20260918,0.0,0.01
6844,20260924,55.96,23.32,55.96,23.4,20260918,0.0,-0.08
6846,20260924,64.19,22.06,64.19,22.05,20260918,0.0,0.01
6847,20260924,19.67,29.19,19.67,29.24,20260918,0.0,-0.05
6848,20260924,29.84,24.65,29.84,24.69,20260918,0.0,-0.04
6849,20260924,37.37,37.24,37.37,37.03,20260918,0.0,0.21
6850,20260924,41.06,21.37,41.06,21.34,20260918,0.0,0.03
6851,20260924,100.0,0.0,100.0,0.0,20260918,0.0,0.0
6854,20260924,54.65,22.98,54.65,23.22,20260918,0.0,-0.24
6855,20260924,41.79,15.53,41.79,15.54,20260918,0.0,-0.01
6856,20260924,74.34,11.68,74.28,11.75,20260918,0.06,-0.07
6857,20260924,94.62,3.27,94.62,3.26,20260918,0.0,0.01
6858,20260924,82.2,6.98,82.2,6.96,20260918,0.0,0.02
6859,20260924,55.88,20.44,55.88,20.42,20260918,0.0,0.02
6861,20260924,48.55,41.24,48.55,40.86,20260918,0.0,0.38
6862,20260924,68.91,26.1,68.91,25.92,20260918,0.0,0.18
6863,20260924,72.27,17.72,72.27,17.44,20260918,0.0,0.28
6864,20260924,12.23,37.31,12.23,37.27,20260918,0.0,0.04
6865,20260924,36.26,36.49,36.26,36.57,20260918,0.0,-0.08
6866,20260924,99.73,0.0,99.73,0.0,20260918,0.0,0.0
6867,20260924,78.62,9.29,78.62,9.33,20260918,0.0,-0.04
6868,20260924,27.27,16.86,27.27,16.88,20260918,0.0,-0.02
6869,20260924,45.86,36.49,45.88,37.06,20260918,-0.02,-0.57
6870,20260924,59.79,15.76,60.15,15.78,20260918,-0.36,-0.02
6872,20260924,42.87,29.01,42.9,29.06,20260918,-0.03,-0.05
6873,20260924,53.94,28.7,53.86,28.77,20260918,0.08,-0.07
6874,20260924,39.58,34.36,39.58,34.35,20260918,0.0,0.01
6875,20260924,51.55,25.35,52.59,25.29,20260918,-1.04,0.06
6876,20260924,16.73,40.74,16.73,40.76,20260918,0.0,-0.02
6877,20260924,58.97,15.75,58.97,15.84,20260918,0.0,-0.09
6878,20260924,84.69,6.58,84.69,6.59,20260918,0.0,-0.01
6879,20260924,80.25,4.79,80.25,5.18,20260918,0.0,-0.39
6881,20260924,49.96,20.04,49.96,20.04,20260918,0.0,0.0
6882,20260924,31.49,25.87,31.49,25.52,20260918,0.0,0.35
6883,20260924,80.38,5.85,80.38,5.85,20260918,0.0,0.0
6884,20260924,69.21,19.41,69.21,19.44,20260918,0.0,-0.03
6885,20260924,23.3,45.72,22.46,44.22,20260918,0.84,1.5
6886,20260924,84.94,6.32,84.94,6.32,20260918,0.0,0.0
6887,20260924,82.02,5.64,82.02,5.62,20260918,0.0,0.02
6890,20260924,91.97,6.1,91.97,5.94,20260918,0.0,0.16
6891,20260924,73.7,16.79,73.74,16.81,20260918,-0.04,-0.02
6892,20260924,36.89,22.68,36.89,22.72,20260918,0.0,-0.04
6894,20260924,55.03,20.74,55.07,20.71,20260918,-0.04,0.03
6895,20260924,50.99,26.06,50.99,26.05,20260918,0.0,0.01
6897,20260924,100.0,0.0,100.0,0.0,20260918,0.0,0.0
6898,20260924,45.84,24.31,45.84,24.42,20260918,0.0,-0.11
6899,20260924,61.26,14.81,61.26,14.54,20260918,0.0,0.27
6901,20260924,80.64,13.51,80.53,13.55,20260918,0.11,-0.04
6902,20260924,57.16,16.33,58.93,15.38,20260918,-1.77,0.95
6903,20260924,65.51,25.89,65.51,25.83,20260918,0.0,0.06
6904,20260924,64.36,8.35,64.36,8.36,20260918,0.0,-0.01
6905,20260924,100.0,0.0,100.0,0.0,20260918,0.0,0.0
6906,20260924,47.82,32.99,47.8,33.37,20260918,0.02,-0.38
6907,20260924,62.26,28.23,62.26,28.15,20260918,0.0,0.08
6908,20260924,77.71,17.06,86.39,9.2,20260918,-8.68,7.86
6909,20260924,22.31,46.11,20.73,45.92,20260918,1.58,0.19
6910,20260924,49.59,27.0,49.55,27.04,20260918,0.04,-0.04
6911,20260924,44.33,20.84,44.33,20.86,20260918,0.0,-0.02
6912,20260924,73.07,11.44,69.43,12.95,20260918,3.64,-1.51
6913,20260924,42.24,24.6,42.24,24.19,20260918,0.0,0.41
6914,20260924,67.03,19.5,67.03,19.52,20260918,0.0,-0.02
6915,20260924,84.8,10.29,84.8,10.29,20260918,0.0,0.0
6916,20260924,72.7,14.31,72.7,14.28,20260918,0.0,0.03
6917,20260924,28.6,34.86,28.68,34.09,20260918,-0.08,0.77
6918,20260924,27.67,28.97,27.66,28.97,20260918,0.01,0.0
6919,20260924,66.67,18.61,66.99,18.37,20260918,-0.32,0.24
6920,20260924,56.84,27.25,57.0,27.35,20260918,-0.16,-0.1
6921,20260924,75.17,14.28,75.17,13.79,20260918,0.0,0.49
6922,20260924,56.68,22.15,56.68,23.04,20260918,0.0,-0.89
6923,20260924,55.29,17.69,55.25,17.87,20260918,0.04,-0.18
6924,20260924,73.08,11.05,73.08,10.99,20260918,0.0,0.06
6925,20260924,41.69,34.84,41.69,34.35,20260918,0.0,0.49
6926,20260924,60.92,7.77,60.92,7.77,20260918,0.0,0.0
6927,20260924,52.74,20.74,52.75,20.81,20260918,-0.01,-0.07
6928,20260924,76.07,16.89,76.07,16.82,20260918,0.0,0.07
6929,20260924,86.91,8.69,86.91,8.72,20260918,0.0,-0.03
6930,20260924,100.0,0.0,100.0,0.0,20260918,0.0,0.0
6931,20260924,49.74,17.66,49.75,17.59,20260918,-0.01,0.07
6932,20260924,74.51,11.42,74.55,11.42,20260918,-0.04,0.0
6933,20260924,62.75,22.58,60.09,22.24,20260918,2.66,0.34
6934,20260924,57.46,19.98,57.46,20.23,20260918,0.0,-0.25
6935,20260924,72.81,9.18,72.81,9.19,20260918,0.0,-0.01
6936,20260924,64.77,18.05,64.77,18.09,20260918,0.0,-0.04
6937,20260924,54.6,24.31,54.42,24.83,20260918,0.18,-0.52
6938,20260924,54.14,14.62,54.14,14.62,20260918,0.0,0.0
6939,20260924,56.07,18.27,56.07,18.29,20260918,0.0,-0.02
6940,20260924,39.87,26.3,39.84,26.45,20260918,0.03,-0.15
6942,20260924,100.0,0.0,100.0,0.0,20260918,0.0,0.0
6943,20260924,100.0,0.0,100.0,0.0,20260918,0.0,0.0
6944,20260924,36.3,26.67,36.28,26.52,20260918,0.02,0.15
6945,20260924,53.56,24.98,52.32,25.55,20260918,1.24,-0.57
6946,20260924,90.81,3.58,90.82,3.58,20260918,-0.01,0.0
6947,20260924,60.13,19.85,60.13,19.82,20260918,0.0,0.03
6949,20260924,89.33,3.73,89.42,3.51,20260918,-0.09,0.22
6950,20260924,89.68,2.24,89.71,2.19,20260918,-0.03,0.05
6951,20260924,63.9,24.36,63.9,24.32,20260918,0.0,0.04
6952,20260924,79.97,10.16,79.94,10.18,20260918,0.03,-0.02
6953,20260924,56.2,23.9,56.2,24.11,20260918,0.0,-0.21
6954,20260924,100.0,0.0,100.0,0.0,20260918,0.0,0.0
6955,20260924,49.64,12.97,49.64,12.99,20260918,0.0,-0.02
6957,20260924,53.48,12.79,54.12,12.57,20260918,-0.64,0.22
6958,20260924,93.51,3.93,93.04,3.99,20260918,0.47,-0.06
6959,20260924,33.17,39.34,33.17,39.21,20260918,0.0,0.13
6961,20260924,33.34,39.25,33.34,39.65,20260918,0.0,-0.4
6962,20260924,46.65,36.0,46.53,36.16,20260918,0.12,-0.16
6963,20260924,85.35,5.7,85.35,5.7,20260918,0.0,0.0
6965,20260924,91.02,5.11,91.01,5.12,20260918,0.01,-0.01
6967,20260924,39.25,23.97,39.25,24.46,20260918,0.0,-0.49
6968,20260924,44.13,28.27,44.13,28.14,20260918,0.0,0.13
6969,20260924,40.67,26.82,40.67,26.48,20260918,0.0,0.34
6971,20260924,61.37,20.97,61.37,21.01,20260918,0.0,-0.04
6972,20260924,63.73,6.67,63.73,6.68,20260918,0.0,-0.01
6973,20260924,41.45,15.65,41.45,15.73,20260918,0.0,-0.08
6976,20260924,73.84,11.86,73.74,11.89,20260918,0.1,-0.03
6977,20260924,15.91,34.9,15.91,34.91,20260918,0.0,-0.01
6978,20260924,98.31,1.65,98.31,1.65,20260918,0.0,0.0
6979,20260924,39.6,13.89,39.6,13.95,20260918,0.0,-0.06
6980,20260924,72.36,18.69,72.41,18.57,20260918,-0.05,0.12
6982,20260924,53.59,25.29,53.53,25.33,20260918,0.06,-0.04
6983,20260924,16.01,33.25,16.01,33.15,20260918,0.0,0.1
6984,20260924,27.71,14.07,27.71,14.07,20260918,0.0,0.0
6985,20260924,100.0,0.0,100.0,0.0,20260918,0.0,0.0
6986,20260924,36.71,26.64,36.71,26.71,20260918,0.0,-0.07
6987,20260924,87.03,5.03,86.94,5.06,20260918,0.09,-0.03
6988,20260924,64.93,11.06,64.86,11.02,20260918,0.07,0.04
6990,20260924,76.0,15.61,76.26,15.67,20260918,-0.26,-0.06
6991,20260924,100.0,0.0,100.0,0.0,20260918,0.0,0.0
6992,20260924,43.34,11.19,43.34,11.2,20260918,0.0,-0.01
6993,20260924,100.0,0.0,100.0,0.0,20260918,0.0,0.0
6994,20260924,37.01,41.91,36.98,41.81,20260918,0.03,0.1
6995,20260924,28.93,25.8,28.93,25.83,20260918,0.0,-0.03
6996,20260924,55.68,25.81,55.68,25.92,20260918,0.0,-0.11
6997,20260924,77.74,11.95,77.74,11.93,20260918,0.0,0.02
6999,20260924,57.3,8.84,57.3,8.83,20260918,0.0,0.01
7402,20260924,26.96,51.61,26.96,51.93,20260918,0.0,-0.32
7415,20260924,33.05,15.04,33.05,14.96,20260918,0.0,0.08
7418,20260924,85.31,0.76,85.31,0.76,20260918,0.0,0.0
7419,20260924,39.37,39.52,39.37,39.34,20260918,0.0,0.18
7421,20260924,0.0,99.96,0.0,99.96,20260918,0.0,0.0
7422,20260924,78.47,12.06,78.47,12.08,20260918,0.0,-0.02
7426,20260924,100.0,0.0,100.0,0.0,20260918,0.0,0.0
7427,20260924,19.64,52.85,19.64,52.6,20260918,0.0,0.25
7443,20260924,73.22,9.47,73.22,9.49,20260918,0.0,-0.02
7452,20260924,87.89,12.08,87.89,12.08,20260918,0.0,0.0
7455,20260924,73.87,7.87,73.87,7.86,20260918,0.0,0.01
7507,20260924,70.2,10.72,70.21,10.73,20260918,-0.01,-0.01
7516,20260924,14.79,44.89,14.79,44.92,20260918,0.0,-0.03
7530,20260924,45.99,35.62,45.99,35.47,20260918,0.0,0.15
7547,20260924,66.12,20.81,66.12,20.82,20260918,0.0,-0.01
7551,20260924,42.93,22.39,42.93,21.47,20260918,0.0,0.92
7555,20260924,86.14,7.48,86.14,7.48,20260918,0.0,0.0
7556,20260924,54.58,26.63,54.58,26.88,20260918,0.0,-0.25
7558,20260924,22.49,23.26,22.51,23.23,20260918,-0.02,0.03
7561,20260924,55.15,16.54,55.15,16.14,20260918,0.0,0.4
7562,20260924,63.04,10.24,63.04,10.22,20260918,0.0,0.02
7566,20260924,55.02,16.89,55.01,16.83,20260918,0.01,0.06
7570,20260924,100.0,0.0,100.0,0.0,20260918,0.0,0.0
7575,20260924,32.69,18.78,32.69,18.78,20260918,0.0,0.0
7578,20260924,44.44,20.36,44.44,20.32,20260918,0.0,0.04
7583,20260924,72.97,8.45,72.97,8.46,20260918,0.0,-0.01
7584,20260924,51.83,22.44,51.83,22.44,20260918,0.0,0.0
7590,20260924,77.3,12.61,77.3,12.6,20260918,0.0,0.01
7595,20260924,45.91,12.44,45.91,12.42,20260918,0.0,0.02
7607,20260924,62.37,12.91,62.37,12.94,20260918,0.0,-0.03
7610,20260924,37.24,40.07,39.66,39.31,20260918,-2.42,0.76
7631,20260924,52.59,20.34,52.83,19.69,20260918,-0.24,0.65
7642,20260924,78.35,15.89,78.35,15.74,20260918,0.0,0.15
7660,20260924,100.0,0.0,100.0,0.0,20260918,0.0,0.0
7669,20260924,4.94,35.9,4.94,35.82,20260918,0.0,0.08
7686,20260924,85.94,6.16,85.86,6.54,20260918,0.08,-0.38
7689,20260924,81.71,12.83,81.71,12.84,20260918,0.0,-0.01
7702,20260924,87.95,4.33,87.96,4.35,20260918,-0.01,-0.02
7703,20260924,46.66,30.86,46.66,31.09,20260918,0.0,-0.23
7704,20260924,42.11,21.1,42.11,20.76,20260918,0.0,0.34
7705,20260924,61.81,23.29,61.81,23.07,20260918,0.0,0.22
7706,20260924,91.29,5.31,91.29,5.31,20260918,0.0,0.0
7707,20260924,39.81,31.63,39.85,31.59,20260918,-0.04,0.04
7708,20260924,61.96,26.37,61.96,26.34,20260918,0.0,0.03
7709,20260924,77.39,16.74,77.39,16.47,20260918,0.0,0.27
7710,20260924,97.54,1.13,97.54,0.92,20260918,0.0,0.21
7711,20260924,52.68,25.78,52.68,25.32,20260918,0.0,0.46
7712,20260924,35.55,28.5,35.55,29.63,20260918,0.0,-1.13
7713,20260924,78.28,6.32,78.28,6.31,20260918,0.0,0.01
7714,20260924,47.95,26.93,47.95,26.49,20260918,0.0,0.44
7715,20260924,39.76,29.14,39.76,28.99,20260918,0.0,0.15
7716,20260924,66.13,10.3,66.12,10.33,20260918,0.01,-0.03
7717,20260924,35.38,37.11,35.38,36.34,20260918,0.0,0.77
7718,20260924,65.82,12.98,65.72,12.94,20260918,0.1,0.04
7719,20260924,11.32,63.12,11.31,63.49,20260918,0.01,-0.37
7720,20260924,100.0,0.0,100.0,0.0,20260918,0.0,0.0
7721,20260924,52.76,23.33,52.76,23.47,20260918,0.0,-0.14
7722,20260924,83.63,14.6,83.64,14.62,20260918,-0.01,-0.02
7723,20260924,47.21,31.86,47.21,31.86,20260918,0.0,0.0
7724,20260924,70.86,6.38,70.85,6.41,20260918,0.01,-0.03
7725,20260924,79.67,9.46,79.54,9.28,20260918,0.13,0.18
7726,20260924,80.37,5.83,80.37,5.83,20260918,0.0,0.0
7728,20260924,45.73,34.36,45.73,34.38,20260918,0.0,-0.02
7729,20260924,45.13,26.9,45.32,27.85,20260918,-0.19,-0.95
7730,20260924,60.77,15.02,60.72,14.9,20260918,0.05,0.12
7731,20260924,67.4,18.56,67.42,18.51,20260918,-0.02,0.05
7732,20260924,82.88,6.5,84.44,6.5,20260918,-1.56,0.0
7734,20260924,67.31,19.68,67.31,19.06,20260918,0.0,0.62
7735,20260924,87.5,3.8,87.5,3.79,20260918,0.0,0.01
7736,20260924,76.73,10.46,76.73,10.5,20260918,0.0,-0.04
7737,20260924,56.78,9.91,56.78,9.92,20260918,0.0,-0.01
7738,20260924,32.17,19.68,32.17,19.72,20260918,0.0,-0.04
7740,20260924,53.58,22.92,54.1,22.84,20260918,-0.52,0.08
7742,20260924,65.0,26.43,65.0,26.46,20260918,0.0,-0.03
7743,20260924,57.39,11.45,57.39,11.74,20260918,0.0,-0.29
7744,20260924,61.78,12.39,61.78,12.93,20260918,0.0,-0.54
7745,20260924,56.71,22.52,56.71,22.51,20260918,0.0,0.01
7746,20260924,92.41,2.03,92.41,2.03,20260918,0.0,0.0
7747,20260924,76.63,7.64,76.63,7.68,20260918,0.0,-0.04
7748,20260924,50.07,14.94,50.07,14.94,20260918,0.0,0.0
7749,20260924,28.12,33.47,28.99,33.89,20260918,-0.87,-0.42
7750,20260924,61.59,13.61,61.59,13.4,20260918,0.0,0.21
7751,20260924,36.95,27.74,36.95,27.49,20260918,0.0,0.25
7752,20260924,82.18,7.45,81.66,7.47,20260918,0.52,-0.02
7753,20260924,65.34,19.04,65.34,18.57,20260918,0.0,0.47
7754,20260924,56.27,14.87,56.35,14.52,20260918,-0.08,0.35
7756,20260924,59.42,5.39,59.42,5.39,20260918,0.0,0.0
7757,20260924,40.98,22.78,40.98,22.75,20260918,0.0,0.03
7758,20260924,80.08,9.61,80.09,9.61,20260918,-0.01,0.0
7759,20260924,73.27,10.84,73.5,10.34,20260918,-0.23,0.5
7760,20260924,50.08,13.63,49.88,13.77,20260918,0.2,-0.14
7761,20260924,34.25,24.38,34.23,24.46,20260918,0.02,-0.08
7762,20260924,39.54,20.46,39.54,20.52,20260918,0.0,-0.06
7763,20260924,76.51,11.02,76.51,10.93,20260918,0.0,0.09
7764,20260924,68.91,12.74,68.92,12.7,20260918,-0.01,0.04
7765,20260924,56.68,28.81,56.68,28.62,20260918,0.0,0.19
7767,20260924,55.72,16.54,55.7,16.58,20260918,0.02,-0.04
7768,20260924,55.54,22.17,55.54,22.15,20260918,0.0,0.02
7769,20260924,57.2,17.92,56.92,17.49,20260918,0.28,0.43
7770,20260924,62.44,13.71,62.44,13.79,20260918,0.0,-0.08
7771,20260924,75.7,11.34,75.7,11.31,20260918,0.0,0.03
7772,20260924,52.82,33.13,52.82,33.43,20260918,0.0,-0.3
7773,20260924,42.81,23.17,42.81,23.2,20260918,0.0,-0.03
7775,20260924,100.0,0.0,100.0,0.0,20260918,0.0,0.0
7776,20260924,63.72,15.14,63.72,15.5,20260918,0.0,-0.36
7777,20260924,59.53,29.98,59.53,29.35,20260918,0.0,0.63
7779,20260924,56.73,12.92,56.73,12.92,20260918,0.0,0.0
7780,20260924,73.53,21.05,73.52,21.05,20260918,0.01,0.0
7781,20260924,68.97,18.44,69.03,18.27,20260918,-0.06,0.17
7782,20260924,65.8,17.35,65.8,17.36,20260918,0.0,-0.01
7783,20260924,89.52,4.84,89.51,4.85,20260918,0.01,-0.01
7784,20260924,82.03,7.43,82.12,7.22,20260918,-0.09,0.21
7785,20260924,72.06,4.48,72.06,4.18,20260918,0.0,0.3
7786,20260924,77.81,13.95,77.76,14.0,20260918,0.05,-0.05
7788,20260924,56.11,16.12,55.71,15.99,20260918,0.4,0.13
7789,20260924,42.63,6.58,42.62,6.58,20260918,0.01,0.0
7790,20260924,32.02,14.03,32.02,14.02,20260918,0.0,0.01
7791,20260924,70.07,14.05,70.07,14.02,20260918,0.0,0.03
7792,20260924,61.93,19.46,62.01,21.68,20260918,-0.08,-2.22
7793,20260924,100.0,0.0,100.0,0.0,20260918,0.0,0.0
7794,20260924,71.58,13.52,71.58,13.37,20260918,0.0,0.15
7795,20260924,64.99,20.24,64.73,19.31,20260918,0.26,0.93
7796,20260924,45.47,32.97,45.59,32.68,20260918,-0.12,0.29
7797,20260924,62.68,12.79,62.68,12.76,20260918,0.0,0.03
7798,20260924,88.66,2.48,88.66,2.49,20260918,0.0,-0.01
7799,20260924,69.8,14.75,70.56,14.44,20260918,-0.76,0.31
7801,20260924,66.58,21.92,67.37,22.01,20260918,-0.79,-0.09
7803,20260924,70.37,15.07,70.37,15.2,20260918,0.0,-0.13
7805,20260924,68.01,21.1,68.65,21.41,20260918,-0.64,-0.31
7806,20260924,58.33,9.45,58.33,9.38,20260918,0.0,0.07
7808,20260924,76.94,14.55,76.94,14.51,20260918,0.0,0.04
7810,20260924,36.34,34.97,36.34,34.96,20260918,0.0,0.01
7811,20260924,65.17,13.33,65.17,13.41,20260918,0.0,-0.08
7812,20260924,50.04,29.0,53.06,27.73,20260918,-3.02,1.27
7813,20260924,27.14,34.39,27.41,34.04,20260918,-0.27,0.35
7814,20260924,71.66,18.22,71.66,18.23,20260918,0.0,-0.01
7815,20260924,50.32,25.89,50.32,25.88,20260918,0.0,0.01
7816,20260924,71.85,16.27,71.83,16.29,20260918,0.02,-0.02
7817,20260924,100.0,0.0,100.0,0.0,20260918,0.0,0.0
7818,20260924,89.0,7.09,89.0,7.19,20260918,0.0,-0.1
7819,20260924,55.4,33.94,55.4,33.93,20260918,0.0,0.01
7820,20260924,66.08,17.28,66.01,17.37,20260918,0.07,-0.09
7821,20260924,72.22,16.41,74.53,14.11,20260918,-2.31,2.3
7822,20260924,63.73,25.95,63.73,25.98,20260918,0.0,-0.03
7823,20260924,62.3,14.97,62.35,14.86,20260918,-0.05,0.11
7824,20260924,67.23,6.62,67.2,6.52,20260918,0.03,0.1
7825,20260924,24.81,46.17,24.81,45.74,20260918,0.0,0.43
7826,20260924,60.74,3.55,60.74,3.56,20260918,0.0,-0.01
7827,20260924,74.06,12.69,73.96,12.91,20260918,0.1,-0.22
7828,20260924,53.49,25.21,53.54,25.26,20260918,-0.05,-0.05
7829,20260924,70.79,8.48,70.79,8.44,20260918,0.0,0.04
7830,20260924,100.0,0.0,100.0,0.0,20260918,0.0,0.0
7831,20260924,56.06,2.07,56.06,2.07,20260918,0.0,0.0
7832,20260924,87.64,4.18,87.67,4.16,20260918,-0.03,0.02
7833,20260924,57.22,9.35,57.31,9.18,20260918,-0.09,0.17
7834,20260924,61.04,9.95,61.04,9.95,20260918,0.0,0.0
7835,20260924,55.34,9.69,55.34,9.4,20260918,0.0,0.29
7836,20260924,61.53,9.37,61.53,9.35,20260918,0.0,0.02
7837,20260924,67.76,12.66,67.76,12.66,20260918,0.0,0.0
7839,20260924,55.95,11.89,55.95,12.07,20260918,0.0,-0.18
7840,20260924,76.24,4.29,76.24,4.28,20260918,0.0,0.01
7841,20260924,66.55,9.52,66.53,9.5,20260918,0.02,0.02
7842,20260924,62.3,24.64,62.3,24.63,20260918,0.0,0.01
7843,20260924,61.47,15.54,61.47,15.5,20260918,0.0,0.04
7844,20260924,100.0,0.0,100.0,0.0,20260918,0.0,0.0
7846,20260924,75.12,10.09,75.12,9.99,20260918,0.0,0.1
7847,20260924,43.49,16.89,43.49,17.27,20260918,0.0,-0.38
7848,20260924,51.35,13.2,51.35,12.96,20260918,0.0,0.24
7849,20260924,95.78,1.81,95.78,1.8,20260918,0.0,0.01
7850,20260924,54.14,13.68,54.14,13.61,20260918,0.0,0.07
7851,20260924,74.19,7.5,74.31,7.35,20260918,-0.12,0.15
7853,20260924,19.13,59.93,19.13,59.54,20260918,0.0,0.39
7854,20260924,79.77,8.29,79.77,8.28,20260918,0.0,0.01
7855,20260924,73.39,19.8,73.39,19.77,20260918,0.0,0.03
7856,20260924,50.3,27.32,61.08,21.77,20260918,-10.78,5.55
7857,20260924,75.88,8.12,75.92,8.07,20260918,-0.04,0.05
7858,20260924,30.41,32.68,30.41,32.76,20260918,0.0,-0.08
7859,20260924,100.0,0.0,100.0,0.0,20260918,0.0,0.0
7860,20260924,89.35,3.64,89.34,3.64,20260918,0.01,0.0
7861,20260924,66.9,11.65,66.9,11.46,20260918,0.0,0.19
7862,20260924,84.22,7.71,84.22,7.72,20260918,0.0,-0.01
7863,20260924,96.02,0.78,96.02,0.76,20260918,0.0,0.02
7864,20260924,100.0,0.0,100.0,0.0,20260918,0.0,0.0
7865,20260924,35.32,19.08,35.32,19.07,20260918,0.0,0.01
7866,20260924,45.71,25.31,45.73,25.44,20260918,-0.02,-0.13
7867,20260924,83.91,2.84,83.91,2.84,20260918,0.0,0.0
7868,20260924,40.21,26.95,40.21,26.9,20260918,0.0,0.05
7869,20260924,86.3,5.33,86.5,5.14,20260918,-0.2,0.19
7870,20260924,49.15,7.23,49.14,7.12,20260918,0.01,0.11
7871,20260924,48.51,32.07,48.34,31.39,20260918,0.17,0.68
7872,20260924,61.32,20.43,61.32,20.42,20260918,0.0,0.01
7873,20260924,76.08,9.08,76.1,8.9,20260918,-0.02,0.18
7875,20260924,96.46,2.5,96.46,2.52,20260918,0.0,-0.02
7876,20260924,74.74,10.79,74.78,10.52,20260918,-0.04,0.27
7877,20260924,57.48,10.28,57.48,10.35,20260918,0.0,-0.07
7878,20260924,27.53,23.67,27.55,23.22,20260918,-0.02,0.45
7879,20260924,49.61,20.52,49.58,20.57,20260918,0.03,-0.05
7880,20260924,34.52,18.54,35.84,18.92,20260918,-1.32,-0.38
7881,20260924,82.23,6.7,82.39,6.66,20260918,-0.16,0.04
7882,20260924,78.0,8.46,78.01,8.36,20260918,-0.01,0.1
7883,20260924,58.53,14.47,58.49,14.3,20260918,0.04,0.17
7884,20260924,100.0,0.0,100.0,0.0,20260918,0.0,0.0
7885,20260924,57.39,12.6,57.39,12.6,20260918,0.0,0.0
7886,20260924,43.14,18.82,43.22,18.68,20260918,-0.08,0.14
7887,20260924,28.9,39.94,28.88,39.44,20260918,0.02,0.5
7888,20260924,61.89,6.53,62.01,6.32,20260918,-0.12,0.21
7889,20260924,45.61,5.97,45.61,5.96,20260918,0.0,0.01
7890,20260924,65.96,9.41,65.96,9.39,20260918,0.0,0.02
7891,20260924,53.57,16.6,53.57,16.58,20260918,0.0,0.02
7892,20260924,62.98,14.9,63.38,14.85,20260918,-0.4,0.05
7893,20260924,80.01,10.15,80.01,10.14,20260918,0.0,0.01
7894,20260924,38.97,13.49,38.97,13.32,20260918,0.0,0.17
7895,20260924,65.58,13.07,65.58,13.04,20260918,0.0,0.03
7896,20260924,80.82,4.19,80.82,4.2,20260918,0.0,-0.01
7897,20260924,98.36,0.47,98.36,0.47,20260918,0.0,0.0
7898,20260924,64.0,17.01,64.02,16.95,20260918,-0.02,0.06
7899,20260924,11.46,40.38,11.82,39.99,20260918,-0.36,0.39
7901,20260924,75.08,9.64,75.09,9.64,20260918,-0.01,0.0
7902,20260924,85.66,7.0,85.66,6.99,20260918,0.0,0.01
7904,20260924,85.92,5.26,85.92,5.98,20260918,0.0,-0.72
7906,20260924,100.0,0.0,100.0,0.0,20260918,0.0,0.0
7907,20260924,65.44,10.97,65.16,10.67,20260918,0.28,0.3
7909,20260924,77.54,10.52,76.12,10.72,20260918,1.42,-0.2
7911,20260924,48.59,20.84,49.09,20.44,20260918,-0.5,0.4
7912,20260924,72.28,10.42,72.33,10.3,20260918,-0.05,0.12
7913,20260924,86.43,7.76,86.43,7.73,20260918,0.0,0.03
7914,20260924,93.77,1.1,93.8,1.09,20260918,-0.03,0.01
7915,20260924,70.85,6.48,70.84,6.48,20260918,0.01,0.0
7916,20260924,100.0,0.0,100.0,0.0,20260918,0.0,0.0
7917,20260924,70.05,11.66,70.07,11.59,20260918,-0.02,0.07
7918,20260924,77.07,16.6,77.07,16.62,20260918,0.0,-0.02
7919,20260924,42.07,22.7,42.07,22.83,20260918,0.0,-0.13
7920,20260924,79.46,5.93,79.41,5.88,20260918,0.05,0.05
7921,20260924,75.79,6.6,75.71,6.64,20260918,0.08,-0.04
7922,20260924,94.08,3.18,94.07,3.19,20260918,0.01,-0.01
7924,20260924,74.55,10.2,74.77,9.77,20260918,-0.22,0.43
7925,20260924,72.3,3.76,72.32,3.77,20260918,-0.02,-0.01
7926,20260924,59.45,17.06,59.45,17.18,20260918,0.0,-0.12
7927,20260924,41.76,9.34,41.79,9.29,20260918,-0.03,0.05
7928,20260924,58.33,12.62,58.54,12.3,20260918,-0.21,0.32
7929,20260924,61.84,10.39,61.86,10.24,20260918,-0.02,0.15
7930,20260924,58.84,16.86,58.77,16.61,20260918,0.07,0.25
7931,20260924,84.9,1.02,84.9,1.02,20260918,0.0,0.0
7932,20260924,40.15,19.38,40.07,18.42,20260918,0.08,0.96
7933,20260924,72.02,7.02,72.02,6.98,20260918,0.0,0.04
7934,20260924,26.81,24.28,31.55,23.1,20260918,-4.74,1.18
7935,20260924,63.62,6.18,63.8,6.04,20260918,-0.18,0.14
7936,20260924,64.05,17.02,64.14,17.12,20260918,-0.09,-0.1
7939,20260924,71.08,17.94,71.08,17.93,20260918,0.0,0.01
7942,20260924,77.31,10.65,77.4,10.2,20260918,-0.09,0.45
7943,20260924,57.2,11.47,57.24,11.48,20260918,-0.04,-0.01
7944,20260924,72.44,5.08,72.44,5.05,20260918,0.0,0.03
7945,20260924,58.25,15.75,58.2,15.61,20260918,0.05,0.14
7947,20260924,74.59,10.32,74.67,9.81,20260918,-0.08,0.51
7949,20260924,97.4,2.12,97.49,0.0,20260918,-0.09,2.12
7952,20260924,100.0,0.0,100.0,0.0,20260918,0.0,0.0
8002,20260924,0.0,99.96,0.0,99.96,20260918,0.0,0.0
8009,20260924,0.0,72.06,0.0,72.06,20260918,0.0,0.0
8010,20260924,20.25,27.96,20.25,27.96,20260918,0.0,0.0
8011,20260924,24.99,58.51,25.0,58.52,20260918,-0.01,-0.01
8012,20260924,93.02,6.95,93.02,6.95,20260918,0.0,0.0
8014,20260924,37.88,43.04,37.88,43.04,20260918,0.0,0.0
8015,20260924,0.0,37.4,0.0,37.4,20260918,0.0,0.0
8016,20260924,29.23,35.16,29.44,35.36,20260918,-0.21,-0.2
8018,20260924,0.0,31.46,0.0,31.46,20260918,0.0,0.0
8019,20260924,90.33,2.36,90.33,2.36,20260918,0.0,0.0
8020,20260924,32.36,15.98,32.36,15.98,20260918,0.0,0.0
8021,20260924,38.38,42.04,37.25,42.83,20260918,1.13,-0.79
8022,20260924,70.18,15.84,70.18,15.84,20260918,0.0,0.0
8023,20260924,0.0,99.96,0.0,99.96,20260918,0.0,0.0
8024,20260924,18.86,53.9,18.86,53.88,20260918,0.0,0.02
8026,20260924,0.0,99.98,0.0,99.98,20260918,0.0,0.0
8027,20260924,16.73,61.31,14.72,61.39,20260918,2.01,-0.08
8028,20260924,35.77,42.58,36.8,42.43,20260918,-1.03,0.15
8029,20260924,62.69,11.59,62.69,11.59,20260918,0.0,0.0
8030,20260924,0.0,99.99,0.0,99.99,20260918,0.0,0.0
8031,20260924,25.57,49.96,25.57,49.96,20260918,0.0,0.0
8032,20260924,74.21,20.13,74.21,20.21,20260918,0.0,-0.08
8033,20260924,17.16,64.07,17.81,64.12,20260918,-0.65,-0.05
8034,20260924,8.72,63.07,8.72,63.1,20260918,0.0,-0.03
8035,20260924,17.91,41.16,17.91,41.16,20260918,0.0,0.0
8036,20260924,20.62,47.52,20.62,47.52,20260918,0.0,0.0
8037,20260924,0.0,34.21,0.0,34.21,20260918,0.0,0.0
8038,20260924,15.03,69.98,15.03,69.86,20260918,0.0,0.12
8039,20260924,50.03,35.1,49.39,35.05,20260918,0.64,0.05
8040,20260924,44.68,40.68,44.68,40.2,20260918,0.0,0.48
8042,20260924,57.22,32.64,57.24,32.17,20260918,-0.02,0.47
8043,20260924,37.54,54.67,37.54,54.83,20260918,0.0,-0.16
8044,20260924,56.03,30.49,56.96,30.67,20260918,-0.93,-0.18
8045,20260924,55.75,20.38,55.76,20.39,20260918,-0.01,-0.01
8046,20260924,80.2,10.16,79.63,10.82,20260918,0.57,-0.66
8047,20260924,74.69,11.68,74.65,11.71,20260918,0.04,-0.03
8048,20260924,28.07,45.14,28.28,45.6,20260918,-0.21,-0.46
8049,20260924,27.21,57.31,27.21,57.26,20260918,0.0,0.05
8050,20260924,36.73,47.92,36.19,48.21,20260918,0.54,-0.29
8051,20260924,0.0,100.0,0.0,100.0,20260918,0.0,0.0
8052,20260924,0.0,99.98,0.0,99.98,20260918,0.0,0.0
8053,20260924,80.37,8.22,80.37,8.22,20260918,0.0,0.0
8054,20260924,28.43,53.86,28.94,53.46,20260918,-0.51,0.4
8055,20260924,0.0,37.74,0.0,37.74,20260918,0.0,0.0
8056,20260924,53.99,25.73,53.98,25.74,20260918,0.01,-0.01
8057,20260924,67.07,19.33,67.07,19.33,20260918,0.0,0.0
8058,20260924,50.34,20.81,50.33,20.97,20260918,0.01,-0.16
8059,20260924,67.57,23.68,100.0,0.0,20260918,-32.43,23.68
8060,20260924,34.07,33.58,34.07,33.58,20260918,0.0,0.0
8061,20260924,0.0,50.18,0.0,50.18,20260918,0.0,0.0
8062,20260924,0.0,99.99,0.0,99.99,20260918,0.0,0.0
8064,20260924,40.94,46.22,39.65,46.37,20260918,1.29,-0.15
8065,20260924,0.0,33.47,0.0,33.47,20260918,0.0,0.0
8066,20260924,20.04,52.56,20.04,52.57,20260918,0.0,-0.01
8067,20260924,56.73,14.23,56.73,14.75,20260918,0.0,-0.52
8068,20260924,58.67,32.07,58.72,32.05,20260918,-0.05,0.02
8069,20260924,66.2,18.52,66.53,18.04,20260918,-0.33,0.48
8070,20260924,69.95,21.67,69.93,21.63,20260918,0.02,0.04
8071,20260924,22.86,57.21,22.86,57.19,20260918,0.0,0.02
8072,20260924,57.87,32.81,57.87,32.97,20260918,0.0,-0.16
8073,20260924,0.0,99.99,0.0,99.99,20260918,0.0,0.0
8074,20260924,29.43,52.08,29.42,52.27,20260918,0.01,-0.19
8076,20260924,25.19,52.02,25.54,51.99,20260918,-0.35,0.03
8077,20260924,76.8,9.48,76.8,9.49,20260918,0.0,-0.01
8080,20260924,82.53,11.55,82.53,11.53,20260918,0.0,0.02
8081,20260924,23.72,44.23,23.72,43.98,20260918,0.0,0.25
8082,20260924,62.9,17.18,62.9,17.18,20260918,0.0,0.0
8083,20260924,44.1,27.6,44.08,27.94,20260918,0.02,-0.34
8084,20260924,47.05,26.57,48.59,23.52,20260918,-1.54,3.05
8085,20260924,30.13,45.67,30.13,45.77,20260918,0.0,-0.1
8086,20260924,37.65,48.97,37.67,48.86,20260918,-0.02,0.11
8087,20260924,41.04,29.11,43.7,28.98,20260918,-2.66,0.13
8088,20260924,16.57,76.45,16.71,76.55,20260918,-0.14,-0.1
8089,20260924,37.95,47.74,37.95,47.85,20260918,0.0,-0.11
8091,20260924,31.82,38.87,32.0,38.93,20260918,-0.18,-0.06
8092,20260924,41.1,30.67,41.11,30.66,20260918,-0.01,0.01
8093,20260924,64.0,22.0,64.0,22.02,20260918,0.0,-0.02
8094,20260924,11.96,22.49,11.96,22.49,20260918,0.0,0.0
8095,20260924,18.1,20.05,18.1,20.05,20260918,0.0,0.0
8096,20260924,34.84,52.37,35.47,50.9,20260918,-0.63,1.47
8097,20260924,61.52,18.43,59.71,18.12,20260918,1.81,0.31
8098,20260924,33.14,21.11,33.15,20.7,20260918,-0.01,0.41
8099,20260924,76.66,13.68,76.7,13.82,20260918,-0.04,-0.14
8101,20260924,80.45,13.14,80.45,13.14,20260918,0.0,0.0
8102,20260924,24.43,23.55,24.43,23.56,20260918,0.0,-0.01
8103,20260924,27.56,41.63,33.79,37.22,20260918,-6.23,4.41
8104,20260924,30.38,54.52,30.38,54.6,20260918,0.0,-0.08
8105,20260924,60.46,29.28,60.24,29.26,20260918,0.22,0.02
8106,20260924,27.88,18.24,27.88,18.24,20260918,0.0,0.0
8107,20260924,44.42,35.78,44.42,35.74,20260918,0.0,0.04
8108,20260924,0.0,99.99,0.0,99.99,20260918,0.0,0.0
8109,20260924,34.87,31.42,34.87,31.34,20260918,0.0,0.08
8110,20260924,45.33,47.06,46.65,45.97,20260918,-1.32,1.09
8111,20260924,25.55,53.87,26.69,52.98,20260918,-1.14,0.89
8112,20260924,31.62,55.24,32.82,54.1,20260918,-1.2,1.14
8114,20260924,32.42,35.93,32.49,35.53,20260918,-0.07,0.4
8115,20260924,78.23,8.13,78.23,8.13,20260918,0.0,0.0
8119,20260924,27.56,34.26,27.54,34.3,20260918,0.02,-0.04
8121,20260924,54.31,30.33,54.34,30.39,20260918,-0.03,-0.06
8122,20260924,92.23,3.48,92.23,3.48,20260918,0.0,0.0
8127,20260924,0.0,62.67,0.0,62.67,20260918,0.0,0.0
8130,20260924,59.07,11.98,59.07,11.98,20260918,0.0,0.0
8131,20260924,68.04,24.63,68.07,24.54,20260918,-0.03,0.09
8143,20260924,0.0,35.49,0.0,35.49,20260918,0.0,0.0
8147,20260924,32.52,35.8,32.52,35.91,20260918,0.0,-0.11
8150,20260924,60.71,27.22,53.66,34.53,20260918,7.05,-7.31
8152,20260924,100.0,0.0,100.0,0.0,20260918,0.0,0.0
8155,20260924,35.59,43.82,35.6,44.31,20260918,-0.01,-0.49
8157,20260924,73.65,17.36,100.0,0.0,20260918,-26.35,17.36
8162,20260924,61.84,17.16,61.84,17.32,20260918,0.0,-0.16
8163,20260924,39.81,46.32,39.8,46.3,20260918,0.01,0.02
8171,20260924,52.33,29.31,52.35,29.36,20260918,-0.02,-0.05
8172,20260924,0.0,99.95,0.0,99.95,20260918,0.0,0.0
8176,20260924,22.19,47.69,22.18,47.71,20260918,0.01,-0.02
8182,20260924,63.78,28.71,63.78,28.61,20260918,0.0,0.1
8183,20260924,42.33,42.52,42.44,42.5,20260918,-0.11,0.02
8197,20260924,83.38,9.47,83.38,9.47,20260918,0.0,0.0
8201,20260924,45.88,34.79,45.88,34.69,20260918,0.0,0.1
8204,20260924,0.0,99.99,0.0,99.99,20260918,0.0,0.0
8210,20260924,57.32,27.73,58.11,27.23,20260918,-0.79,0.5
8213,20260924,39.79,38.29,39.33,38.4,20260918,0.46,-0.11
8215,20260924,50.67,39.4,50.26,39.79,20260918,0.41,-0.39
8218,20260924,0.0,75.46,0.0,75.46,20260918,0.0,0.0
8219,20260924,0.0,99.99,0.0,99.99,20260918,0.0,0.0
8221,20260924,0.0,99.99,0.0,99.99,20260918,0.0,0.0
8222,20260924,31.52,53.45,31.52,53.71,20260918,0.0,-0.26
8225,20260924,73.02,12.57,73.02,12.57,20260918,0.0,0.0
8227,20260924,22.17,48.16,21.08,46.85,20260918,1.09,1.31
8234,20260924,46.69,36.18,46.67,35.98,20260918,0.02,0.2
8240,20260924,48.06,36.43,48.06,36.36,20260918,0.0,0.07
8249,20260924,53.5,36.8,53.5,36.92,20260918,0.0,-0.12
8255,20260924,46.76,39.76,46.76,39.41,20260918,0.0,0.35
8259,20260924,0.0,99.97,0.0,99.97,20260918,0.0,0.0
8261,20260924,38.33,49.26,38.27,50.69,20260918,0.06,-1.43
8264,20260924,0.0,89.11,0.0,89.11,20260918,0.0,0.0
8271,20260924,34.99,51.24,35.6,50.3,20260918,-0.61,0.94
8272,20260924,25.15,28.54,25.15,28.53,20260918,0.0,0.01
8276,20260924,33.84,36.5,33.84,36.5,20260918,0.0,0.0
8277,20260924,13.48,71.27,100.0,0.0,20260918,-86.52,71.27
8279,20260924,52.51,25.7,52.51,25.7,20260918,0.0,0.0
8281,20260924,34.88,13.72,34.88,13.72,20260918,0.0,0.0
8284,20260924,48.12,17.82,48.12,17.81,20260918,0.0,0.01
8286,20260924,0.0,99.98,0.0,99.98,20260918,0.0,0.0
8287,20260924,70.24,27.54,70.24,27.54,20260918,0.0,0.0
8289,20260924,33.74,41.97,33.61,42.28,20260918,0.13,-0.31
8291,20260924,71.89,22.04,71.89,22.04,20260918,0.0,0.0
8297,20260924,92.95,5.09,92.95,5.09,20260918,0.0,0.0
8298,20260924,81.42,9.29,81.42,9.33,20260918,0.0,-0.04
8299,20260924,29.18,48.44,27.43,49.94,20260918,1.75,-1.5
8307,20260924,97.93,0.27,97.93,0.27,20260918,0.0,0.0
8325,20260924,0.0,93.03,0.0,93.03,20260918,0.0,0.0
8329,20260924,87.39,6.34,87.4,6.36,20260918,-0.01,-0.02
8341,20260924,46.58,42.31,46.58,42.16,20260918,0.0,0.15
8342,20260924,66.31,14.2,66.29,14.22,20260918,0.02,-0.02
8345,20260924,73.22,6.81,73.22,6.76,20260918,0.0,0.05
8349,20260924,67.35,19.45,67.26,19.47,20260918,0.09,-0.02
8351,20260924,70.91,15.39,70.91,15.39,20260918,0.0,0.0
8354,20260924,49.52,20.26,49.42,20.3,20260918,0.1,-0.04
8358,20260924,27.61,56.21,25.83,57.14,20260918,1.78,-0.93
8359,20260924,79.49,12.65,79.49,12.66,20260918,0.0,-0.01
8361,20260924,0.0,99.98,0.0,99.98,20260918,0.0,0.0
8367,20260924,61.38,17.85,61.38,17.87,20260918,0.0,-0.02
8374,20260924,68.36,25.05,68.36,24.99,20260918,0.0,0.06
8375,20260924,40.34,18.53,40.34,18.53,20260918,0.0,0.0
8380,20260924,0.0,69.74,0.0,69.81,20260918,0.0,-0.07
8382,20260924,56.95,22.21,56.95,22.21,20260918,0.0,0.0
8383,20260924,43.91,40.38,43.74,40.78,20260918,0.17,-0.4
8390,20260924,39.64,40.58,39.95,40.48,20260918,-0.31,0.1
8391,20260924,100.0,0.0,100.0,0.0,20260918,0.0,0.0
8401,20260924,54.53,24.5,54.53,24.36,20260918,0.0,0.14
8403,20260924,32.26,48.81,32.26,48.79,20260918,0.0,0.02
8404,20260924,73.21,13.97,73.47,13.95,20260918,-0.26,0.02
8409,20260924,38.73,34.51,38.72,34.52,20260918,0.01,-0.01
8410,20260924,50.7,30.22,50.7,30.06,20260918,0.0,0.16
8411,20260924,79.49,11.52,79.51,11.48,20260918,-0.02,0.04
8415,20260924,89.52,3.97,89.38,3.94,20260918,0.14,0.03
8416,20260924,77.13,17.02,77.13,17.03,20260918,0.0,-0.01
8419,20260924,40.55,39.03,40.55,39.03,20260918,0.0,0.0
8421,20260924,58.74,26.26,58.74,26.36,20260918,0.0,-0.1
8422,20260924,34.14,53.93,34.46,53.76,20260918,-0.32,0.17
8423,20260924,54.59,25.23,54.6,25.22,20260918,-0.01,0.01
8424,20260924,50.7,30.13,50.7,30.12,20260918,0.0,0.01
8426,20260924,70.26,18.28,70.26,18.28,20260918,0.0,0.0
8427,20260924,0.0,99.97,0.0,99.97,20260918,0.0,0.0
8429,20260924,38.11,45.2,38.12,45.27,20260918,-0.01,-0.07
8431,20260924,18.55,53.25,16.1,51.92,20260918,2.45,1.33
8432,20260924,56.47,29.98,56.47,30.03,20260918,0.0,-0.05
8433,20260924,60.43,23.89,60.43,23.85,20260918,0.0,0.04
8435,20260924,20.64,46.77,20.64,46.79,20260918,0.0,-0.02
8436,20260924,26.31,53.14,25.78,53.0,20260918,0.53,0.14
8437,20260924,28.08,35.64,28.08,35.84,20260918,0.0,-0.2
8438,20260924,67.17,13.79,65.15,13.63,20260918,2.02,0.16
8440,20260924,29.05,60.83,29.05,60.73,20260918,0.0,0.1
8442,20260924,61.44,15.25,61.43,15.24,20260918,0.01,0.01
8443,20260924,60.37,24.43,60.37,24.44,20260918,0.0,-0.01
8444,20260924,77.61,7.79,77.61,7.7,20260918,0.0,0.09
8446,20260924,42.94,42.94,42.94,43.11,20260918,0.0,-0.17
8450,20260924,56.66,34.88,56.66,34.91,20260918,0.0,-0.03
8452,20260924,100.0,0.0,100.0,0.0,20260918,0.0,0.0
8454,20260924,79.33,15.04,79.33,15.07,20260918,0.0,-0.03
8455,20260924,87.77,6.94,87.77,6.92,20260918,0.0,0.02
8458,20260924,48.85,9.93,48.85,9.94,20260918,0.0,-0.01
8462,20260924,58.99,23.45,58.99,23.25,20260918,0.0,0.2
8463,20260924,76.83,13.18,76.8,13.14,20260918,0.03,0.04
8464,20260924,77.8,4.26,77.77,4.34,20260918,0.03,-0.08
8465,20260924,41.56,16.38,41.56,16.38,20260918,0.0,0.0
8466,20260924,67.5,15.37,67.48,15.04,20260918,0.02,0.33
8467,20260924,73.86,10.01,73.86,9.78,20260918,0.0,0.23
8472,20260924,55.75,16.88,55.75,16.9,20260918,0.0,-0.02
8473,20260924,63.75,26.23,63.03,26.19,20260918,0.72,0.04
8475,20260924,100.0,0.0,100.0,0.0,20260918,0.0,0.0
8476,20260924,62.22,18.92,62.18,19.01,20260918,0.04,-0.09
8477,20260924,81.6,12.85,81.6,12.71,20260918,0.0,0.14
8478,20260924,75.66,19.64,75.66,19.83,20260918,0.0,-0.19
8479,20260924,41.51,18.14,41.51,18.14,20260918,0.0,0.0
8481,20260924,53.63,16.4,53.63,16.39,20260918,0.0,0.01
8482,20260924,90.26,3.09,90.26,2.98,20260918,0.0,0.11
8485,20260924,0.0,3.8,0.0,3.8,20260918,0.0,0.0
8487,20260924,46.05,24.81,46.05,24.82,20260918,0.0,-0.01
8488,20260924,80.22,7.42,80.29,7.54,20260918,-0.07,-0.12
8489,20260924,46.07,28.58,46.06,28.34,20260918,0.01,0.24
8490,20260924,29.07,21.46,29.07,21.46,20260918,0.0,0.0
8491,20260924,0.0,82.01,0.0,82.01,20260918,0.0,0.0
8492,20260924,88.34,4.8,88.34,4.8,20260918,0.0,0.0
8495,20260924,91.06,6.05,91.06,6.05,20260918,0.0,0.0
8496,20260924,84.71,7.45,84.71,7.45,20260918,0.0,0.0
8499,20260924,72.65,14.64,72.65,14.61,20260918,0.0,0.03
8707,20260924,0.0,73.73,0.0,73.73,20260918,0.0,0.0
8708,20260924,36.7,44.13,36.7,44.14,20260918,0.0,-0.01
8710,20260924,18.25,51.96,18.25,51.96,20260918,0.0,0.0
8712,20260924,63.8,11.02,63.8,11.02,20260918,0.0,0.0
8718,20260924,28.35,51.64,28.34,51.65,20260918,0.01,-0.01
8719,20260924,79.46,7.91,79.45,7.91,20260918,0.01,0.0
8720,20260924,47.39,33.91,47.39,33.91,20260918,0.0,0.0
8721,20260924,0.0,82.25,0.0,82.25,20260918,0.0,0.0
8722,20260924,56.92,28.58,56.92,28.58,20260918,0.0,0.0
8723,20260924,41.3,36.99,41.3,36.99,20260918,0.0,0.0
8724,20260924,33.65,53.09,33.65,53.09,20260918,0.0,0.0
8725,20260924,25.29,52.36,25.28,52.36,20260918,0.01,0.0
8905,20260924,89.63,5.11,89.63,5.12,20260918,0.0,-0.01
8906,20260924,49.92,30.33,49.92,30.26,20260918,0.0,0.07
8908,20260924,85.98,7.79,85.98,7.78,20260918,0.0,0.01
8916,20260924,59.26,23.63,59.75,23.33,20260918,-0.49,0.3
8917,20260924,66.25,6.17,66.25,6.16,20260918,0.0,0.01
8921,20260924,63.01,6.44,63.01,6.44,20260918,0.0,0.0
8923,20260924,74.55,8.33,74.55,8.0,20260918,0.0,0.33
8924,20260924,29.73,51.49,29.73,51.63,20260918,0.0,-0.14
8925,20260924,27.53,36.81,27.53,36.82,20260918,0.0,-0.01
8926,20260924,51.76,33.69,51.74,33.6,20260918,0.02,0.09
8927,20260924,74.84,10.02,74.84,10.09,20260918,0.0,-0.07
8928,20260924,35.67,35.23,35.67,35.17,20260918,0.0,0.06
8929,20260924,39.18,45.32,39.18,45.32,20260918,0.0,0.0
8930,20260924,58.05,22.6,56.81,22.69,20260918,1.24,-0.09
8931,20260924,78.19,10.61,78.36,10.65,20260918,-0.17,-0.04
8932,20260924,74.09,12.56,73.8,12.72,20260918,0.29,-0.16
8933,20260924,47.69,36.83,47.69,36.84,20260918,0.0,-0.01
8934,20260924,94.77,1.67,94.77,1.67,20260918,0.0,0.0
8935,20260924,42.46,32.73,42.46,32.79,20260918,0.0,-0.06
8936,20260924,23.53,57.15,23.3,57.29,20260918,0.23,-0.14
8937,20260924,88.25,5.36,88.11,5.4,20260918,0.14,-0.04
8938,20260924,46.02,30.22,46.09,30.25,20260918,-0.07,-0.03
8940,20260924,62.44,25.01,62.42,25.0,20260918,0.02,0.01
8941,20260924,44.31,14.91,43.32,14.92,20260918,0.99,-0.01
8942,20260924,41.67,35.32,41.5,35.37,20260918,0.17,-0.05
8945,20260924,0.0,100.0,0.0,100.0,20260918,0.0,0.0
8977,20260924,94.48,0.0,94.48,0.0,20260918,0.0,0.0
8996,20260924,27.2,25.71,25.13,27.81,20260918,2.07,-2.1
8999,20260924,18.91,10.11,18.91,10.1,20260918,0.0,0.01
9103,20260924,4.08,69.59,4.06,69.45,20260918,0.02,0.14
9105,20260924,16.49,54.03,16.46,54.18,20260918,0.03,-0.15
9110,20260924,21.58,32.0,21.54,32.07,20260918,0.04,-0.07
9136,20260924,61.0,23.34,60.82,23.19,20260918,0.18,0.15
9801,20260924,66.07,27.04,66.07,27.04,20260918,0.0,0.0
9802,20260924,54.24,26.03,54.78,25.93,20260918,-0.54,0.1
9902,20260924,51.32,33.5,51.31,33.57,20260918,0.01,-0.07
9904,20260924,62.93,23.1,62.69,23.26,20260918,0.24,-0.16
9905,20260924,71.92,20.72,71.92,20.67,20260918,0.0,0.05
9906,20260924,74.97,17.43,74.98,17.54,20260918,-0.01,-0.11
9907,20260924,70.46,18.23,70.56,18.19,20260918,-0.1,0.04
9908,20260924,74.71,12.87,74.71,12.87,20260918,0.0,0.0
9910,20260924,86.84,8.36,86.78,8.44,20260918,0.06,-0.08
9911,20260924,61.07,26.08,61.12,26.03,20260918,-0.05,0.05
9912,20260924,54.91,26.89,54.91,26.94,20260918,0.0,-0.05
9914,20260924,54.08,26.91,53.77,26.6,20260918,0.31,0.31
9917,20260924,70.45,17.03,70.48,17.05,20260918,-0.03,-0.02
9918,20260924,77.2,6.7,77.2,6.7,20260918,0.0,0.0
9919,20260924,42.41,47.82,42.41,47.87,20260918,0.0,-0.05
9921,20260924,59.99,22.12,59.13,22.13,20260918,0.86,-0.01
9922,20260924,59.04,21.06,59.04,21.06,20260918,0.0,0.0
9924,20260924,52.66,30.93,52.66,30.93,20260918,0.0,0.0
9925,20260924,61.4,24.11,61.47,24.08,20260918,-0.07,0.03
9926,20260924,73.65,7.87,73.65,7.73,20260918,0.0,0.14
9927,20260924,52.67,33.61,52.67,33.68,20260918,0.0,-0.07
9928,20260924,67.16,17.72,67.16,17.84,20260918,0.0,-0.12
9929,20260924,83.95,6.52,83.92,6.51,20260918,0.03,0.01
9930,20260924,76.44,18.08,76.43,18.01,20260918,0.01,0.07
9931,20260924,73.39,13.5,73.39,13.57,20260918,0.0,-0.07
9933,20260924,56.77,25.49,56.83,25.49,20260918,-0.06,0.0
9934,20260924,59.08,22.39,59.1,22.26,20260918,-0.02,0.13
9935,20260924,50.03,23.59,50.02,23.65,20260918,0.01,-0.06
9936,20260924,20.09,53.56,20.09,53.56,20260918,0.0,0.0
9937,20260924,82.15,5.19,82.15,5.16,20260918,0.0,0.03
9938,20260924,44.69,36.38,45.13,36.23,20260918,-0.44,0.15
9939,20260924,52.94,28.35,53.78,28.28,20260918,-0.84,0.07
9940,20260924,77.92,12.88,77.92,12.88,20260918,0.0,0.0
9941,20260924,67.11,25.43,66.83,25.46,20260918,0.28,-0.03
9942,20260924,39.07,34.9,39.13,34.8,20260918,-0.06,0.1
9943,20260924,69.48,26.07,69.48,26.07,20260918,0.0,0.0
9944,20260924,66.16,14.47,66.16,14.47,20260918,0.0,0.0
9945,20260924,62.1,24.76,62.09,24.84,20260918,0.01,-0.08
9946,20260924,78.4,12.92,78.44,13.01,20260918,-0.04,-0.09
9947,20260924,0.0,0.0,0.0,0.0,20260918,0.0,0.0
9948,20260924,0.0,99.97,0.0,99.97,20260918,0.0,0.0
9949,20260924,54.92,18.19,54.92,18.73,20260918,0.0,-0.54
9950,20260924,81.02,12.0,80.99,12.02,20260918,0.03,-0.02
9951,20260924,39.25,44.88,39.25,44.91,20260918,0.0,-0.03
9952,20260924,0.0,99.96,0.0,99.96,20260918,0.0,0.0
9953,20260924,0.0,72.49,0.0,72.49,20260918,0.0,0.0
9955,20260924,55.34,32.6,55.34,32.58,20260918,0.0,0.02
9956,20260924,0.0,99.97,0.0,99.97,20260918,0.0,0.0
9957,20260924,95.5,2.81,95.5,2.81,20260918,0.0,0.0
9958,20260924,41.54,42.61,41.23,42.65,20260918,0.31,-0.04
9959,20260924,0.0,99.97,0.0,99.97,20260918,0.0,0.0
9960,20260924,56.82,12.71,56.82,12.48,20260918,0.0,0.23
9961,20260924,89.73,3.71,89.73,3.71,20260918,0.0,0.0
9962,20260924,40.06,43.04,40.04,43.05,20260918,0.02,-0.01
9963,20260924,100.0,0.0,100.0,0.0,20260918,0.0,0.0
9964,20260924,100.0,0.0,100.0,0.0,20260918,0.0,0.0
9965,20260924,0.0,99.95,0.0,99.95,20260918,0.0,0.0
